Run ID,Event ID,Track ID,Particle Name,Start Energy [eV],Start X [m],Start Y [m],Start Z [m],Start Time [ns],Energy Deposited [eV],Track Weight,End X [m],End Y [m],End Z [m],Final Time [ns]
0,2825,3,phononTF,0.000838111,0.00174238,0.00020441,-0.000262498,332.553,0.000382,1,0.00100422,0.000995142,0.0002625,539.948
0,4629,5,phononTS,0.000425872,0.00298817,0.000987866,-0.000262498,185.005,0.000382,1,0.00299609,0.000999113,0.0002625,274.841
0,4629,3,phononTS,0.00284496,0.00253065,0.00142991,-1.85939e-05,52.8872,0.00148328,1,0.00253743,0.00159676,-0.0002625,166.918
0,8217,8,phononL,0.000558629,-0.000813799,0.00344818,-0.0002625,3239.02,0.000382,1,-0.000997126,0.00300078,0.0002625,4265.5
0,9409,1,phononL,0.01,0.0027272,0.00097222,-2.02561e-05,0,0.00191,1,0.00299752,0.00100481,0.0002625,558.742
0,9409,7,phononTS,0.000406985,0.00299752,0.00100481,0.000262498,558.742,0.000406985,1,0.0023056,0.000971838,-0.0002625,730.56
0,12335,6,phononTF,0.000450375,0.00156999,-0.000338735,-0.000262498,895.282,0.000382,1,0.000998653,-0.000999044,0.0002625,1072.6
0,12442,4,phononTF,0.00172386,0.000330114,-0.000312752,-0.0002625,1193.47,0.000382,1,0.00100444,-0.00100209,0.0002625,1571.91
0,12442,5,phononTS,0.00121578,0.00100444,-0.00100209,0.000262498,1571.91,0.00072617,1,0.000986943,-0.000971063,-0.0002625,1662.51
0,12990,7,phononTS,0.001792,0.00304983,0.00101836,-0.000262498,970.44,0.000764,1,0.00299518,0.000995461,0.0002625,1062.5
0,23480,2,phononL,0.000510196,0.00100081,0.000998181,0.0002625,842.549,0.000510196,1,-0.00183421,0.000559267,-0.0002625,2090.2
0,27277,26,phononTF,0.000478621,0.000659046,0.00148389,-0.0002625,2006.58,0.000382,1,0.000997577,0.00100258,0.0002625,5769.49
0,32427,10,phononTS,0.000441315,0.00103874,0.000952273,-0.000262498,4110.17,0.000382,1,0.00100184,0.00100158,0.0002625,4199.32
0,33896,3,phononTF,0.00109055,0.00171842,0.00215938,-0.0002625,511.773,0.000764,1,0.00200383,0.0019964,0.0002625,1443.8
0,34136,7,phononTS,0.00085769,-0.00100322,-0.000998879,0.0002625,2125.88,0.000254763,1,-0.00153845,-0.000945217,-0.0002625,3316.65
0,35793,10,phononTF,0.000456439,0.00286248,-0.000843441,-0.0002625,4803.61,0.000382,1,0.00200342,3.30066e-06,0.0002625,6611.18
0,37116,5,phononTS,0.00118536,0.00290884,0.00102797,-0.0002625,4.31582,0.000382,1,0.00299636,0.000997583,0.0002625,590.229
0,44751,5,phononTS,0.000649104,-0.000334994,-0.00233239,-0.000262498,5362.92,0.000382,1,-1.79968e-06,-0.00199677,0.0002625,5514.05
0,47391,2,phononTF,0.00460549,0.00305075,0.0010535,5.46266e-06,270.907,0.000764,1,0.00300002,0.000998307,0.0002625,347.448
0,47735,4,phononTF,0.000665913,0.00185501,0.00214864,-0.0002625,3087.28,0.000382,1,0.00199912,0.00199851,0.0002625,4351.5
0,48667,10,phononTF,0.000621641,0.002996,0.000997601,0.0002625,900.689,0.000621641,1,0.00291427,0.000919445,-0.0002625,1266.37
0,50343,3,phononTS,0.00110997,0.00145684,0.000998063,-0.0002625,274.943,0.000382,1,0.000997657,0.00100232,0.0002625,1020.75
0,53128,11,phononTS,0.00112373,0.00180594,0.000718783,-0.000262498,208.424,0.000382,1,0.000998849,-0.00100132,0.0002625,592.909
0,55637,6,phononTF,0.000694585,1.27953e-06,0.00199997,0.000262498,4754.74,0.000694585,1,0.00141759,0.00094351,-0.0002625,5077.16
0,56316,11,phononTS,0.000502679,0.000286994,0.00189589,-0.0002625,257.9,0.000382,1,-2.75679e-06,0.00199614,0.0002625,1136.06
0,57107,23,phononTS,0.000565017,0.00300266,0.000998669,0.000262498,7524.91,0.000565017,1,0.005,-0.00126767,7.4025e-06,8048.27
0,61736,1,phononTS,0.01,0.00297263,0.00100444,5.1944e-05,0,0.001146,1,0.00300104,0.000997367,0.0002625,394.664
0,65350,8,phononL,0.000645114,0.00200103,4.05689e-06,0.000262498,789.97,0.000645114,1,0.00225664,-9.8814e-05,-0.0002625,856.936
0,66050,2,phononL,0.00174117,0.00225418,0.000590376,-0.0002625,7.2074,0.000764,1,0.00199885,2.83243e-06,0.0002625,187.225
0,66669,7,phononTS,0.00040327,0.00206319,0.00121483,-0.000262498,147.93,0.000382,1,0.00200434,0.00199608,0.0002625,337.999
0,69929,3,phononTS,0.00190972,0.00287712,0.00104316,-0.0002625,5.93959,0.000764,1,0.00300233,0.000995199,0.0002625,407.461
0,69937,8,phononTS,0.00061425,-0.00389407,-0.00107333,-0.0002625,901.587,0.000382,1,-0.00300165,-0.000999286,0.0002625,5235.22
0,70891,2,phononTF,0.0013922,0.00235104,0.00034073,-0.0002625,84.3857,0.000382,1,0.00200365,3.22098e-07,0.0002625,527.558
0,74144,2,phononTS,0.00185085,0.00136608,0.00104611,-0.0002625,2.67875,0.001146,1,0.0010015,0.00100142,0.0002625,512.654
0,74199,9,phononTS,0.000596993,-0.000811522,-0.0016841,-0.000262498,4578.26,0.000382,1,4.93639e-06,-0.00199987,0.0002625,4789.44
0,74199,3,phononTS,0.000486387,0.00236995,0.00107572,0.000262498,39.9336,0.000486387,1,0.00490514,-0.00218007,-0.0002625,817.06
0,80707,12,phononTS,0.000410718,-0.00104091,0.00303797,-0.0002625,2040.84,0.000382,1,-0.000997192,0.00299553,0.0002625,2486.47
0,82119,4,phononTS,0.000538935,0.00201141,0.00056089,-0.0002625,289.673,0.000382,1,0.00200456,3.03922e-06,0.0002625,1525.1
0,82119,3,phononTF,0.0022111,0.00218052,0.00115974,0.000262498,289.673,0.000550521,1,0.00228135,0.00104269,-0.0002625,383.679
0,85207,3,phononTF,0.00220361,0.00269614,0.00128928,-0.000262498,309.632,0.000382,1,0.00299708,0.000999801,0.0002625,424.427
0,85207,24,phononTF,0.0011705,0.00299708,0.000999801,0.000262498,424.427,0.000490229,1,0.0027551,0.00122121,-0.0002625,531.157
0,85657,11,phononTS,0.000403738,-0.00308377,-0.000132787,-0.0002625,4625.94,0.000382,1,-0.0030049,-0.000996428,0.0002625,5978.92
0,87016,4,phononTF,0.000962926,0.00213414,-0.00213761,-0.0002625,324.962,0.000764,1,0.00200161,-0.00199781,0.0002625,2666.05
0,92509,5,phononTS,0.00260358,0.00135745,0.00104719,-0.0002625,24.3795,0.000382,1,0.000997994,0.00100356,0.0002625,531.768
0,95240,3,phononTS,0.000549502,0.00174307,0.000920046,-0.0002625,95.7966,0.000382,1,0.000996419,0.000996453,0.0002625,468.316
0,96287,1,phononL,0.01,0.00201651,0.00204942,0.00020924,0,0.001528,1,0.00199981,0.00199606,0.0002625,418.683
0,96955,12,phononTS,0.00046529,-0.000996033,0.00299984,0.000262498,8975.08,0.00046529,1,0.000195092,0.00106588,-0.0002625,9426.36
0,99220,15,phononTS,0.000778843,0.00199079,0.00199764,-0.000262498,434.815,0.000382,1,0.00199621,0.00199709,0.0002625,527.552
0,99220,2,phononTF,0.00299187,0.00238505,0.00106104,0.000262498,96.4612,0.000783326,1,0.00226469,0.0010887,-0.0002625,190.008
0,99548,8,phononTF,0.000459669,-0.00154673,0.000462489,-0.000262498,1041.39,0.000382,1,-0.00199584,-1.07679e-06,0.0002625,1183.75
0,101299,18,phononTF,0.000395441,-0.000116695,-0.00188209,-0.0002625,11498.4,0.000382,1,1.4105e-06,-0.0020013,0.0002625,11802.7
0,101463,6,phononTS,0.00106824,1.63237e-06,0.00200308,0.0002625,3427.55,0.000495729,1,-0.00194469,0.000686715,-0.0002625,4261.42
0,107448,18,phononTF,0.000388707,-0.00295163,-0.00104733,-0.000262498,26919.9,0.000382,1,-0.00200432,-0.00199508,0.0002625,27166.5
0,113145,19,phononTS,0.000626263,-0.00200238,-0.00200258,0.000262498,10801.2,0.000626263,1,-0.00140766,-0.00196092,-0.0002625,10960.5
0,115308,7,phononTS,0.000478227,0.00298488,0.000735539,-0.000262498,101.924,0.000382,1,0.00300187,0.00100202,0.0002625,219.733
0,115965,19,phononTS,0.000649323,0.00196841,0.0019898,-0.000262498,2501.26,0.000382,1,0.00200448,0.00199505,0.0002625,2592.27
0,119605,12,phononTS,0.000517568,-0.00334609,0.000280247,-0.0002625,8987.84,0.000382,1,-0.00300006,-0.00100148,0.0002625,9451.72
0,124092,17,phononTS,0.000680675,2.50717e-05,-4.98774e-05,-0.000262498,11613.1,0.000382,1,2.69693e-06,3.14971e-06,0.0002625,11705.2
0,127033,3,phononTF,0.000656544,0.00254581,0.00129956,-0.000262498,105.669,0.000382,1,0.00199935,0.00199713,0.0002625,286.851
0,136574,5,phononTS,0.00081622,0.00199857,4.52366e-06,0.0002625,1597.64,0.000152559,1,0.00199708,-5.13217e-05,-0.0002625,1779.12
0,137902,28,phononTS,0.000485697,-0.0010774,0.00167415,-0.0002625,4556.52,0.000382,1,-0.00200305,0.00199808,0.0002625,6703.66
0,139473,18,phononTF,0.00118138,0.00198238,-0.0023318,-0.0002625,2658.18,0.000382,1,0.0020013,-0.00200128,0.0002625,3137.84
0,143049,6,phononTS,0.00108576,0.000863637,0.000213874,-0.0002625,1311.58,0.000382,1,0.000998791,-0.00099626,0.0002625,1995.34
0,144089,8,phononTS,0.000788521,0.00275653,0.0010183,-0.000262498,318.906,0.000382,1,0.00299719,0.00099577,0.0002625,434.079
0,144090,1,phononL,0.01,0.00287218,0.000539353,-0.00019818,0,0.00350059,1,0.00277897,0.000466467,-0.0002625,545.002
0,145226,7,phononTF,0.000707743,-0.00100006,0.00299987,0.000262498,1492.89,0.000707743,1,-0.000937845,0.00283894,-0.0002625,1589.37
0,145719,21,phononL,0.000473493,-0.000688476,-0.0014147,-0.000262498,8766.13,0.000382,1,-0.00100182,-0.00100008,0.0002625,8846.94
0,146278,7,phononTS,0.000756906,0.00230503,0.00154316,-0.0002625,1557.44,0.000382,1,-0.0010032,-0.00100449,0.0002625,3352.05
0,147138,5,phononTS,0.000634792,0.00181843,-0.00175062,-0.000262498,2761.43,0.000382,1,0.00199559,-0.00200479,0.0002625,2888.98
0,147572,3,phononTF,0.00134843,0.00279821,0.00080441,-0.0002625,357.786,0.000382,1,0.00300026,0.000997718,0.0002625,561.372
0,147572,6,phononTF,0.000520575,0.00300026,0.000997718,0.000262498,561.372,0.000520575,1,0.00291924,0.000985885,-0.0002625,652.917
0,147795,5,phononTS,0.000826286,-0.00100486,0.00304924,-0.0002625,2241.86,0.000382,1,-0.00100287,0.00299644,0.0002625,2514.32
0,147847,15,phononTS,0.000424222,-0.00345906,0.00298475,-0.0002625,3868.48,0.000382,1,-0.00200204,0.00199938,0.0002625,4659.2
0,150420,2,phononTS,0.0019751,0.00289954,0.000176995,-0.0002625,3.27047,0.000764,1,0.00299595,0.000997412,0.0002625,1383.76
0,151361,5,phononTF,0.000862545,0.00256074,0.00140126,-0.000262498,128.044,0.000382,1,0.0030041,0.000995734,0.0002625,266.149
0,152710,18,phononTS,0.000529932,0.000997079,0.00103054,-0.0002625,2425.54,0.000382,1,0.00100111,0.00100116,0.0002625,2694.38
0,169702,8,phononTF,0.00052085,0.0023952,0.00161242,-0.0002625,628.766,0.000382,1,0.00199536,0.00199658,0.0002625,1020.63
0,169744,4,phononTS,0.00161608,0.00130147,0.00112754,-0.0002625,349.148,0.000382,1,0.000995187,0.00100029,0.0002625,1388.41
0,171695,5,phononTS,0.0011497,0.00194208,-0.000162519,-0.000262498,287.04,0.000382,1,0.00199915,-2.7214e-07,0.0002625,396.118
0,173494,16,phononL,0.00168149,0.00204817,0.00117836,0.000185376,1950.17,0.000536024,1,0.00246886,0.00145841,-0.0002625,2200.8
0,175671,26,phononTS,0.000534988,0.00101341,-0.00294578,-0.0002625,2042.02,0.000382,1,0.00100233,-0.00299531,0.0002625,2316.41
0,176888,4,phononTF,0.00158863,0.00283563,0.00112777,-0.0002625,143.948,0.000382,1,0.00299633,0.00100496,0.0002625,338.355
0,178377,9,phononTS,0.000578755,0.000188961,0.00190487,-0.0002625,1778.89,0.000382,1,-3.28061e-06,0.00199922,0.0002625,2765.18
0,179177,14,phononTS,0.000734646,0.00099678,0.00100068,0.000262498,1402.99,0.000734646,1,0.00117848,0.00104377,-0.0002625,1509.07
0,180184,5,phononTS,0.000766512,0.000427249,0.00241423,-0.0002625,243.306,0.000382,1,-0.000996465,0.00300405,0.0002625,1430.25
0,181098,8,phononTS,0.00112603,-1.77642e-05,0.00197076,-0.0002625,1864.24,0.000382,1,1.27755e-06,0.00199576,0.0002625,2150.95
0,183697,13,phononTS,0.000774814,0.00300476,0.00100189,0.000262498,2881.23,0.00032746,1,0.00294806,0.0010422,-0.0002625,2975.88
0,184986,4,phononL,0.0029942,-0.000124679,0.000969484,-0.0002625,78.3169,0.000764,1,-0.000999031,0.000995788,0.0002625,540.571
0,187516,4,phononTF,0.000596939,0.00157907,0.000418486,-0.0002625,4742.84,0.000382,1,0.000995838,0.000997837,0.0002625,6480.8
0,187516,2,phononTS,0.0012564,0.00248994,0.001184,0.000262498,14.955,0.000722891,1,0.00322428,0.00117178,-0.0002625,194.609
0,192922,3,phononTS,0.000968949,0.000331067,0.000244727,-0.0002625,420.075,0.000382,1,-1.46334e-07,-2.00811e-06,0.0002625,1130.52
0,195980,10,phononTF,0.000706854,0.00300447,0.0010015,0.000262498,592.673,0.000706854,1,0.00347103,0.0015012,-0.0002625,741.555
0,196424,11,phononTS,0.000802004,0.00200373,0.00200329,0.0002625,3973.56,0.000110497,1,0.00202086,0.00227646,-0.0002625,4761.11
0,196950,16,phononL,0.000482233,0.00250556,0.00020068,-0.0002625,1924.57,0.000382,1,0.00200206,-1.45292e-06,0.0002625,2334.33
0,198134,7,phononL,0.00062046,0.00100572,-0.00181308,-0.000262498,1983.52,0.000382,1,-1.23348e-06,-0.0020007,0.0002625,2108.09
0,199218,11,phononL,0.000466597,-0.00126839,0.00287785,-0.0002625,3895.64,0.000382,1,-0.00100385,0.003001,0.0002625,4682.35
0,199780,13,phononTF,0.000531235,0.0020314,-0.00175576,-0.000262498,13720,0.000382,1,0.00199642,-0.00200424,0.0002625,13824.5
0,202875,3,phononTS,0.00135405,0.00286527,0.00104627,-0.0002625,4.06607,0.000382,1,0.00300167,0.0010026,0.0002625,410.265
0,211982,13,phononTF,0.000711546,0.00113963,-0.00104625,-0.0002625,3179.05,0.000382,1,0.00100453,-0.000998156,0.0002625,4200.66
0,212186,3,phononTS,0.00194058,0.00303033,0.000956894,-0.000262498,658.201,0.000382,1,0.00299865,0.000998314,0.0002625,747.589
0,222631,4,phononTS,0.00271144,0.00152671,0.00105085,-0.0002625,456.06,0.001146,1,0.000995537,0.000999689,0.0002625,905.764
0,225205,12,phononTS,0.000853497,0.00214426,-0.000865775,-0.0002625,7295.27,0.000764,1,0.00199629,4.64472e-06,0.0002625,8128.35
0,226147,9,phononTF,0.00045317,-0.00199926,-0.00200147,0.000262498,4682.53,0.00045317,1,-0.00209951,-0.00201282,-0.0002625,4774.94
0,229176,5,phononTS,0.00141317,0.00298777,0.00116214,-0.0002625,1934.4,0.000764,1,0.00299573,0.00100163,0.0002625,2250.17
0,229215,9,phononTF,0.000919105,0.00129599,0.000867891,-0.0002625,6295.67,0.000382,1,0.000998917,0.000995496,0.0002625,7032.74
0,229215,2,phononTF,0.00143365,0.00250842,0.00130666,0.000262498,70.9099,0.000722537,1,0.00227443,0.00106099,-0.0002625,177.852
0,235548,7,phononTS,0.000598506,-0.000316471,-0.000742941,-0.000262498,5331.16,0.000382,1,-1.03277e-06,-1.31362e-06,0.0002625,5531.62
0,237643,14,phononTS,0.000612358,-0.00278499,-0.000637223,-0.0002625,1439.54,0.000382,1,-0.0030031,-0.000998366,0.0002625,1814.99
0,238060,4,phononTF,0.000473325,0.000274542,0.00191237,-0.0002625,126.855,0.000382,1,1.42508e-07,0.00199687,0.0002625,1096.35
0,241985,9,phononTS,0.000392765,0.0014931,0.00165904,-0.0002625,6679.33,0.000382,1,0.00199626,0.00200403,0.0002625,7327.43
0,246088,19,phononTF,0.000519819,-0.000863822,-0.00349753,-0.0002625,8977.38,0.000382,1,1.48152e-06,-0.00200064,0.0002625,15764.8
0,246216,5,phononTF,0.000815484,-0.00115433,-0.00103885,-0.000262498,1106.44,0.000382,1,-0.000999417,-0.000997842,0.0002625,1202.34
0,247621,14,phononTF,0.000459589,0.00213207,0.00185551,-0.0002625,313.386,0.000382,1,0.00199608,0.00200236,0.0002625,602.846
0,248313,7,phononTF,0.000475657,0.00116272,-0.00116537,-0.0002625,1104.33,0.000382,1,0.00100171,-0.00100282,0.0002625,1398.45
0,250419,7,phononTS,0.00232244,-0.000552295,0.00126367,-0.0002625,3803.28,0.000764,1,-0.001,0.000996026,0.0002625,4275.97
0,251277,4,phononTF,0.00263583,-0.00250887,-0.0013614,-0.0002625,10.0762,0.001146,1,-0.00200105,-0.00199791,0.0002625,3732.26
0,251524,21,phononTS,0.000840369,0.0047997,-0.00192723,-0.000262498,7840.97,0.000840369,1,0.005,-0.0021037,-0.00021409,7892.69
0,251893,3,phononTF,0.00151497,0.00216711,0.00184846,-0.0002625,790.674,0.000382,1,0.00200326,0.00200141,0.0002625,986.801
0,251893,4,phononTS,0.000744783,0.00200326,0.00200141,0.000262498,986.801,0.000319504,1,0.00201889,0.00194695,-0.0002625,1076.69
0,253285,2,phononTS,0.000672005,0.00125273,0.00123612,-0.0002625,360.375,0.000382,1,0.00100129,0.00099789,0.0002625,626.13
0,253457,4,phononTS,0.00448979,0.00314633,0.00103498,-0.000146238,167.76,0.001146,1,0.00299568,0.00100204,0.0002625,737.208
0,256316,7,phononTS,0.00063945,0.00296363,0.000965763,-0.0002625,739.191,0.000382,1,0.0029961,0.000995807,0.0002625,1189.09
0,257446,16,phononTF,0.00127919,0.00216991,0.000162278,-0.0002625,194.255,0.000382,1,0.00200414,4.97164e-06,0.0002625,754.791
0,259765,3,phononL,0.00492066,0.00296094,0.000886969,0.000189022,141.731,0.000382,1,0.00299936,0.00100256,0.0002625,157.232
0,259765,4,phononTS,0.00424465,0.00299936,0.00100256,0.000262498,157.232,0.000105554,1,0.00368079,0.000945387,-0.0002625,328.824
0,259931,2,phononTS,0.000923582,-0.000146573,0.000967388,-0.0002625,772.929,0.000382,1,-0.00100072,0.00100414,0.0002625,1577.73
0,262043,14,phononTF,0.000436033,-0.00400098,-0.005,-9.89867e-05,9211.44,0.000436033,1,-0.003907,-0.00490183,-0.0002625,16020.9
0,262891,5,phononTS,0.000683198,0.00127906,3.37689e-05,-0.000262498,651.068,0.000382,1,0.00100177,0.000999486,0.0002625,881.836
0,263479,17,phononTS,0.000676505,0.0010143,-0.00304629,-0.0002625,7077.9,0.000382,1,0.00100397,-0.00299812,0.0002625,9162.86
0,265923,11,phononTF,0.000585829,0.00312735,0.000766589,-0.0002625,3254.41,0.000382,1,0.00299654,0.00100408,0.0002625,3781.37
0,272534,2,phononTS,0.00167637,0.00300491,0.00100338,0.0002625,688.222,0.000237884,1,0.00301543,0.000948828,-0.0002625,895.226
0,274378,2,phononTF,0.000850405,0.000904463,-0.000710017,-0.0002625,828.673,0.000382,1,-4.36763e-07,-4.01927e-06,0.0002625,1721.4
0,274379,3,phononL,0.00285226,0.00280918,0.00117557,-0.000189456,230.29,0.000426248,1,0.00277509,0.00123487,-0.0002625,241.22
0,275417,2,phononTS,0.000884776,0.00174794,0.00110769,-0.0002625,17.9517,0.000382,1,0.00100255,0.000996118,0.0002625,377.207
0,275464,3,phononTF,0.00109336,0.00218772,0.000158428,-0.0002625,1201.55,0.000382,1,0.00199942,3.71232e-06,0.0002625,1601.61
0,278432,27,phononTF,0.00124582,-0.000382818,-0.00239487,-0.0002625,1085.03,0.000382,1,7.5959e-07,-0.00200496,0.0002625,5103.47
0,278432,28,phononTS,0.00065912,7.5959e-07,-0.00200496,0.000262498,5103.47,0.000338255,1,-0.000175147,-0.00202045,-0.0002625,5211.41
0,283408,2,phononL,0.0018865,-0.000372768,0.0027322,-0.0002625,480.9,0.000382,1,-0.00100426,0.00300496,0.0002625,1151.98
0,283408,8,phononTS,0.000960686,-0.00100426,0.00300496,0.000262498,1151.98,0.000405705,1,-0.00103845,0.00303328,-0.0002625,1241.5
0,284361,10,phononTS,0.00061648,0.00300249,0.00100033,0.000262498,1084.01,0.000267589,1,0.00150247,0.00207512,-0.0002625,1446.87
0,286356,3,phononTS,0.00300552,0.00235565,0.00130921,-0.0002625,106.34,0.001146,1,0.00199543,6.29063e-07,0.0002625,485.678
0,286398,4,phononTF,0.000396327,0.0013372,0.00132395,-0.000262498,691.68,0.000382,1,0.000997656,0.000996512,0.0002625,812.444
0,286399,1,phononTS,0.01,0.0032199,0.000652855,-0.000260886,0,0.00241188,1,0.00321756,0.000653336,-0.0002625,606.898
0,293219,16,phononTF,0.000879558,-0.005,-0.00124563,-2.12422e-06,2398.2,0.000382,1,0.00200468,-1.13762e-06,0.0002625,11492.7
0,294538,13,phononTF,0.00125301,0.00247615,0.000476716,-0.0002625,480.739,0.000382,1,0.00200152,-1.24597e-06,0.0002625,920.009
0,296095,33,phononTF,0.000427786,0.00125929,0.000970508,-0.0002625,15262,0.000382,1,0.000998115,0.000998319,0.0002625,15579.6
0,302508,2,phononTF,0.00123923,0.00276015,0.00109511,-0.0002625,11.9589,0.000382,1,0.00299768,0.000995108,0.0002625,219.55
0,303079,20,phononTS,0.000503825,0.000795592,-0.00349361,-0.000262498,1030.68,0.000382,1,-2.30411e-06,-0.00199698,0.0002625,1381.66
0,306392,13,phononTS,0.000734385,-0.00305526,-0.000994951,-0.000262498,1641.64,0.000382,1,-0.00300077,-0.000998431,0.0002625,1732.53
0,306556,8,phononTF,0.000757108,0.00407224,0.000166282,-0.0002625,1096.82,0.000382,1,-0.00100465,0.000997992,0.0002625,2837.7
0,307544,2,phononTS,0.00377401,0.00254888,0.00113155,-0.0002625,589.8,0.001146,1,-0.00199951,-0.0019961,0.0002625,2190.45
0,310659,20,phononTF,0.000684294,0.00161156,0.000406785,-0.0002625,1505.27,0.000382,1,0.00200134,-4.47339e-06,0.0002625,1771.68
0,311120,12,phononTS,0.0012152,0.00142089,0.00104412,-0.000262498,246.72,0.000382,1,0.00100256,0.000996476,0.0002625,384.854
0,315550,2,phononTF,0.00100197,0.00286851,0.00103302,-0.0002625,18.0844,0.000382,1,0.00299633,0.000996403,0.0002625,394.223
0,315592,5,phononTF,0.00107433,0.00100208,-0.00299681,0.000262498,2707.02,0.000649398,1,0.000926243,-0.00298797,-0.0002625,2798.36
0,316625,10,phononTS,0.000576208,-6.22805e-05,-0.00215493,-0.0002625,5798.56,0.000382,1,1.18527e-06,-0.00199694,0.0002625,6344.06
0,320377,5,phononTF,0.000458271,0.000873636,-0.000657754,-0.0002625,2225.81,0.000382,1,0.00100178,-0.0010045,0.0002625,2961.19
0,327375,4,phononTS,0.00104319,0.00200376,0.000776472,-0.0002625,174.518,0.000382,1,0.00200037,4.13555e-06,0.0002625,2118.61
0,329523,6,phononTS,0.00104946,-0.00199932,-0.00199822,0.000262498,2292.12,0.000390639,1,-0.00171342,-0.00225547,-0.0002625,2430.35
0,333430,4,phononTS,0.00185248,-0.000194249,-0.00110532,-0.0002625,210.584,0.000382,1,0.00100271,0.000998275,0.0002625,4185.59
0,338710,11,phononTF,0.000865043,0.0032222,0.000976127,-0.000262498,669.908,0.000382,1,0.00299933,0.00100403,0.0002625,771.708
0,339339,31,phononTS,0.0008126,-0.00123569,7.80759e-05,-0.0002625,623.789,0.000382,1,-0.00299625,-0.000996189,0.0002625,1848.06
0,340671,14,phononTF,0.000436144,0.00100442,0.000996747,0.0002625,2458.37,0.000436144,1,0.000653448,0.000845615,-0.0002625,4139.66
0,347073,11,phononTF,0.000540961,-0.000889879,0.00310818,-0.0002625,13971,0.000382,1,-0.00100073,0.00299615,0.0002625,14440.6
0,347073,5,phononTS,0.00105166,0.000139711,-0.005,0.000127848,7797.35,0.000248209,1,-0.0032418,-0.00166402,-0.0002625,9341.42
0,347582,8,phononTF,0.00045466,0.00296911,0.000936536,-0.0002625,1974.22,0.000382,1,0.00300402,0.000998619,0.0002625,3452.08
0,351109,8,phononTF,0.000801561,0.00266442,0.000354448,-0.0002625,396.859,0.000382,1,0.00199827,-4.41629e-06,0.0002625,734.093
0,351148,3,phononTF,0.000955931,0.00282048,0.00118398,-0.0002625,50.584,0.000382,1,0.00299822,0.00100302,0.0002625,250.348
0,352244,3,phononTS,0.00154137,0.00403944,0.0016359,-0.0002625,132.686,0.000382,1,0.00299624,0.00100446,0.0002625,1674.2
0,355475,26,phononTF,0.00053063,0.00242377,0.000472924,-0.000262498,174.987,0.000382,1,0.00199527,2.13906e-06,0.0002625,317.894
0,355986,10,phononTS,0.000478718,0.00110227,0.00183146,-0.0002625,2998.29,0.000382,1,0.00100193,0.0010045,0.0002625,3577.92
0,356013,4,phononTF,0.000502945,0.00327232,0.00126275,-0.0002625,208.76,0.000382,1,0.00300266,0.00100465,0.0002625,1106
0,357634,8,phononTF,0.00138704,0.00277284,0.00123642,-0.000262498,793.759,0.000382,1,0.00299883,0.00100178,0.0002625,899.519
0,358118,4,phononTS,0.00115528,0.00123901,0.00162458,-0.0002625,15.7846,0.000382,1,2.9926e-06,0.00199869,0.0002625,583.496
0,358118,3,phononTS,0.00165715,0.00247503,0.00125047,0.000262498,15.7846,7.88642e-05,1,0.00158119,0.00150582,-0.0002625,230.235
0,361815,3,phononTS,0.00170089,0.00136543,0.00159613,-0.0002625,198.879,0.000382,1,0.000997379,0.0010017,0.0002625,585.818
0,362678,15,phononTS,0.000429198,-0.00097813,0.0032072,-0.0002625,5186,0.000382,1,-0.0010032,0.00300306,0.0002625,5619.16
0,371015,11,phononTS,0.000658201,0.00103057,-0.00286208,-0.0002625,2908.97,0.000382,1,0.000995838,-0.00300396,0.0002625,3623.97
0,373204,3,phononTF,0.00119314,0.00271753,0.000852218,-0.0002625,338.765,0.000382,1,0.00299866,0.00100345,0.0002625,761.961
0,375481,6,phononTS,0.00196518,0.00302835,0.00095995,-0.0002625,1226.26,0.000382,1,0.00300393,0.000996192,0.0002625,1774.38
0,377852,1,phononTS,0.01,0.00298473,0.00102753,-3.3137e-05,0,0.000764,1,0.00300064,0.000999574,0.0002625,615.027
0,378119,27,phononTF,0.000394148,-0.0024655,0.00155192,-0.000262498,4610.32,0.000382,1,-0.00199903,0.00200208,0.0002625,4753.03
0,378908,6,phononTS,0.000874741,0.00337648,0.00104659,-0.0002625,781.353,0.000382,1,0.00299957,0.00100053,0.0002625,2122.12
0,379660,9,phononTS,0.000428476,0.00298565,0.00104406,-0.000262498,1546.85,0.000382,1,0.00300327,0.00100402,0.0002625,1638.76
0,379660,2,phononTF,0.00724406,0.00279672,0.000741247,0.00010683,285.269,0.00250297,1,0.00300807,0.000943153,-0.0002625,572.065
0,389271,13,phononL,0.000606229,1.49353e-06,0.00200103,0.000262498,15214,0.000606229,1,-0.000187216,0.00226899,-0.0002625,15283.1
0,389720,4,phononL,0.00306092,0.00231893,-1.83923e-05,0.000173968,132.874,0.001146,1,0.00200476,3.89877e-06,0.0002625,488.034
0,390988,15,phononTS,0.000452758,0.00265878,-0.00204287,-0.000262498,4253.76,0.000382,1,0.00199537,-0.00199778,0.0002625,4422
0,390988,2,phononTS,0.00356599,0.00223532,0.00127753,0.000171478,61.4941,0.000812327,1,0.00196602,0.000461708,-0.0002625,254.879
0,391315,11,phononTS,0.000627253,0.000961113,0.00124386,-0.000262498,7555.12,0.000382,1,0.00100046,0.000996157,0.0002625,7668.51
0,392774,22,phononTS,0.00203411,0.00198813,0.00194613,-0.0002625,908.723,0.000764,1,0.00199513,0.00200039,0.0002625,1181.98
0,396763,16,phononTF,0.000572098,0.00190891,8.24216e-05,-0.000262498,886.63,0.000382,1,0.0019955,-8.80769e-07,0.0002625,978.907
0,398715,9,phononTS,0.00150579,0.00282601,0.0010057,-0.0002625,121.487,0.000382,1,0.00299983,0.000999227,0.0002625,441.441
0,402916,2,phononL,0.00114594,0.00223418,0.000296093,-0.0002625,187.082,0.000382,1,0.00199743,3.11192e-06,0.0002625,473.205
0,402958,14,phononTF,0.000421788,0.00206276,-0.00188326,-0.0002625,5865.84,0.000382,1,0.00199935,-0.00199535,0.0002625,6145.69
0,410549,6,phononTS,0.00101403,-0.00206969,0.0021189,-0.0002625,6748.52,0.000382,1,-0.00199993,0.00200353,0.0002625,7277.04
0,413057,10,phononTS,0.00105548,-0.00086505,-0.00232525,-0.0002625,1469.64,0.000382,1,-0.0019997,-0.00200208,0.0002625,2249.16
0,413104,7,phononTF,0.000555106,0.00390989,0.00192356,-0.0002625,438.16,0.000382,1,0.00299541,0.00100081,0.0002625,4356.37
0,416563,22,phononTS,0.000416171,0.00396725,0.00113967,-0.0002625,1110.25,0.000382,1,0.00299564,0.00100058,0.0002625,1821.26
0,417822,13,phononTF,0.000532257,-0.00125301,0.000779892,-0.0002625,3938.62,0.000382,1,-0.000999864,0.00100262,0.0002625,4262.27
0,418729,4,phononTS,0.00167214,0.000871416,-0.000116242,-0.0002625,850.146,0.000382,1,0.000996728,-0.00100174,0.0002625,3293.54
0,421008,13,phononTF,0.000454822,0.00190651,0.00201187,-0.000262498,625.782,0.000382,1,0.00200439,0.00200111,0.0002625,718.078
0,423031,18,phononTS,0.000533051,0.00100105,-0.00300143,0.0002625,10240.3,0.000533051,1,0.00104556,-0.00296712,-0.0002625,11055.3
0,424061,9,phononTF,0.000385151,0.00184233,-4.6199e-05,-0.0002625,5515.55,0.000382,1,0.00199656,3.17837e-06,0.0002625,6982.31
0,424240,5,phononTS,0.00142771,0.000969507,0.00096932,-0.000262498,1212.31,0.000764,1,0.000995778,0.000999409,0.0002625,1301.83
0,424241,1,phononTS,0.01,0.00254187,0.00131441,-0.000261445,0,0.00348568,1,0.00254119,0.00131461,-0.0002625,165.743
0,424373,21,phononTS,0.000384232,0.00193323,-0.00224102,-0.0002625,11641.8,0.000382,1,0.00199745,-0.00199928,0.0002625,11967.5
0,425344,5,phononTS,0.00103771,0.00346382,-8.26742e-05,-0.0002625,1037.15,0.000382,1,0.00300385,0.000995885,0.0002625,4499.18
0,434349,5,phononTS,0.00245914,0.00288013,0.00100558,-0.0002625,752.655,0.000382,1,0.00299609,0.0010029,0.0002625,1618.79
0,435894,15,phononTS,0.000531747,0.00169928,0.00204839,-0.0002625,10932.2,0.000382,1,0.00200336,0.00200444,0.0002625,16319.2
0,436612,21,phononTS,0.00053967,0.000769726,-0.000822229,-0.000262498,7281.15,0.000382,1,0.000998312,-0.00100188,0.0002625,7406.3
0,438252,7,phononTS,0.000820085,0.00339627,0.00143259,-0.0002625,1532.53,0.000382,1,0.00299652,0.00100256,0.0002625,2479.25
0,439539,11,phononTS,0.000448063,-0.00259515,-0.00479403,-0.000262498,7209.59,0.000382,1,0.000997506,-0.000998269,0.0002625,8129.52
0,439811,26,phononTS,0.000446531,0.00283993,-0.00223809,-0.000262498,4645.11,0.000382,1,0.00199844,-0.00199568,0.0002625,4849.48
0,442061,10,phononTS,0.00107352,3.75905e-05,0.000309023,-0.0002625,154.012,0.000764,1,2.76154e-06,-1.89774e-06,0.0002625,1093.25
0,445011,13,phononTF,0.000494908,0.00158805,-0.00182134,-0.0002625,6576.35,0.000382,1,0.000997213,-0.000995361,0.0002625,7522.28
0,447605,15,phononTS,0.000443859,0.00209714,-0.00148451,-0.0002625,1009.88,0.000382,1,0.00199889,-0.00199881,0.0002625,1471.19
0,448125,5,phononTF,0.000465175,0.00200107,3.05997e-06,0.0002625,438.716,0.000465175,1,0.00229058,-0.000297159,-0.0002625,850.283
0,448313,1,phononTF,0.01,0.0030017,0.00100971,0.000258279,0,0.002674,1,0.00299675,0.00100482,0.0002625,205.711
0,449721,7,phononL,0.000382853,-0.00100379,-0.001001,0.000262498,2146.18,0.000382853,1,-0.00119701,-0.00158671,-0.0002625,2233.76
0,450293,7,phononL,0.000881834,0.00300294,0.00100243,0.000262498,644.262,0.000881834,1,0.00351908,0.00105074,-0.0002625,723.869
0,450760,5,phononTS,0.000958945,0.00205641,0.00233226,-0.0002625,40.9256,0.000382,1,0.00200099,0.00199719,0.0002625,3729.67
0,450760,6,phononTS,0.000446997,0.00200099,0.00199719,0.000262498,3729.67,0.000446997,1,0.00201757,0.00203797,-0.0002625,3819.94
0,451006,3,phononTF,0.00179272,0.00200322,4.64928e-07,0.0002625,802.069,0.00139904,1,0.00165249,-0.000348636,-0.0002625,1173.3
0,452538,2,phononTS,0.00194131,0.00211626,0.00176278,-0.0002625,49.319,0.000382,1,0.00200045,0.0019974,0.0002625,531.411
0,455277,5,phononTS,0.000578824,0.001412,0.000954151,-0.0002625,719.146,0.000382,1,0.000999179,0.000995567,0.0002625,1404.64
0,457495,8,phononTS,0.0029025,0.000644386,-0.00194791,-0.0002625,1172.18,0.000382,1,-3.63149e-06,-0.00200309,0.0002625,1672.23
0,457572,7,phononTF,0.000532429,-0.00126019,-0.000707863,-0.000262498,1350.48,0.000382,1,-0.00100362,-0.000996957,0.0002625,1463.31
0,465244,6,phononTS,0.000517789,0.00224692,0.000918274,-0.000262498,139.262,0.000382,1,0.0029962,0.000996347,0.0002625,320.839
0,470233,10,phononTS,0.00124064,0.00104033,0.000955456,-0.0002625,829.544,0.000382,1,0.000998152,0.00100017,0.0002625,1275.07
0,470583,10,phononL,0.000525434,-0.000996312,0.00100163,0.000262498,1471.12,0.000525434,1,-0.000321014,0.000801254,-0.0002625,1566.05
0,472974,7,phononTF,0.00052092,0.00108559,0.00133387,-0.000262498,954.064,0.000382,1,0.00100207,0.000997237,0.0002625,1069.55
0,491505,7,phononTS,0.000510544,-0.00432433,-0.00180372,-0.0002625,8012.19,0.000382,1,-0.00300448,-0.000995147,0.0002625,10624.7
0,498812,2,phononTS,0.000553198,-3.35857e-05,0.00204371,-0.0002625,179.252,0.000382,1,2.40526e-06,0.00199937,0.0002625,5237.07
0,499599,4,phononL,0.00283305,0.00168715,0.00195752,-0.0002625,142.22,0.000764,1,0.00199617,0.00200158,0.0002625,691.828
0,502475,6,phononTF,0.000438692,0.00080035,0.000801088,-0.0002625,1867.87,0.000382,1,3.79018e-06,-9.11976e-07,0.0002625,2935.49
0,503379,8,phononTF,0.000430231,-0.00187742,0.00212705,-0.0002625,2867.32,0.000382,1,-0.00200331,0.00199694,0.0002625,3464.26
0,503379,3,phononL,0.00106498,0.0024188,0.00143716,0.000262498,139.311,0.000579509,1,0.00240392,0.00178537,-0.0002625,209.161
0,504438,3,phononL,0.00754177,0.00267961,0.000513839,-9.24748e-06,479.42,0.001146,1,0.00299564,0.0010014,0.0002625,551.877
0,513038,8,phononTF,0.000687818,0.00179093,-0.000251725,-0.0002625,2062.87,0.000382,1,0.00200476,-1.9746e-06,0.0002625,2590.94
0,513039,1,phononTS,0.01,0.0019707,0.00135414,-0.00025896,0,0.000684221,1,0.0019719,0.00134843,-0.0002625,1192.86
0,516514,6,phononTF,0.000422898,0.000696818,0.0017587,-0.000262498,1216.67,0.000382,1,-3.39252e-06,0.00199979,0.0002625,1388.67
0,516514,2,phononTS,0.00183697,0.00226797,0.00110442,0.000262498,356.789,0.000107813,1,0.00223518,0.00073855,-0.0002625,484.58
0,519361,7,phononTS,0.000816423,-0.00268423,-0.00123277,-0.0002625,145.309,0.000382,1,-0.00299538,-0.000997397,0.0002625,1899.25
0,519361,2,phononTS,0.00049223,0.00254425,0.00129634,0.000262498,53.7749,0.00049223,1,0.00316863,-0.000696614,-0.0002625,497.257
0,520921,6,phononTS,0.000643731,0.00201454,0.00194697,-0.0002625,1560.02,0.000382,1,0.00200176,0.00199779,0.0002625,2031.95
0,521359,22,phononTF,0.000474741,-0.000809868,0.000815848,-0.000262498,9513.9,0.000382,1,-0.000999059,0.00100111,0.0002625,9614.62
0,522224,6,phononTF,0.000570971,-0.00100164,0.00300127,0.0002625,3394.7,0.000570971,1,-0.0018121,0.00217846,-0.0002625,3829.12
0,522784,2,phononTS,0.0017501,0.000828307,0.00178696,-0.0002625,207.316,0.000382,1,-1.06768e-06,0.00199505,0.0002625,902.85
0,528760,9,phononTF,0.000585428,-0.0020049,3.6555e-06,0.000262498,4740.9,0.000301861,1,-0.0027086,0.000706384,-0.0002625,4933.42
0,531228,9,phononTF,0.0004251,0.0014858,0.00250978,-0.0002625,1906.62,0.000382,1,0.00199889,0.00200046,0.0002625,4640.02
0,534403,3,phononTS,0.00209709,0.000612991,0.000290957,-0.0002625,19.375,0.001146,1,9.31628e-07,-1.48387e-06,0.0002625,742.521
0,537445,5,phononTF,0.000638616,-0.000411984,0.00376362,-0.0002625,1013.41,0.000382,1,-0.0010028,0.00299617,0.0002625,5078.71
0,539135,11,phononTF,0.00056851,0.00282195,0.00126234,-0.0002625,13844.3,0.000382,1,0.00299573,0.00100238,0.0002625,21133.5
0,545579,3,phononTS,0.00055813,0.00307769,0.00104216,-0.0002625,120.695,0.000382,1,0.00300167,0.000995954,0.0002625,600.474
0,546078,4,phononTS,0.000649352,0.00248249,0.00119101,-0.000262498,252.824,0.000382,1,0.00300237,0.00100455,0.0002625,413.082
0,547358,13,phononTF,0.000435114,0.00109025,0.000920737,-0.000262498,7409.3,0.000382,1,0.00100403,0.00100439,0.0002625,7501.51
0,547358,3,phononTS,0.00136374,0.005,0.00485148,1.31155e-06,987.712,0.000680524,1,0.0044479,0.00481297,-0.0002625,2175.57
0,548225,28,phononTS,0.00121724,-0.0013064,-0.00200475,-0.000262498,3250.48,0.000382,1,-0.00200212,-0.00200138,0.0002625,3426.1
0,548225,29,phononTF,0.00049726,-0.00200212,-0.00200138,0.000262499,3426.1,0.00049726,1,-0.00119829,-0.00151357,-0.0002625,3620.39
0,548723,3,phononTF,0.00150806,0.00223405,0.0017607,-0.0002625,110.292,0.000382,1,0.00200368,0.00200223,0.0002625,331.758
0,549959,16,phononL,0.00043745,-2.40207e-06,-4.62925e-06,0.000262498,1938.62,0.00043745,1,-0.000302241,-0.000208982,-0.0002625,2009.4
0,552726,13,phononTS,0.000614681,0.00200814,2.01165e-05,-0.000262498,3227.7,0.000382,1,0.00199645,-7.50792e-07,0.0002625,3319.99
0,554520,12,phononTS,0.000767333,0.00248209,0.000103315,-0.0002625,1755.26,0.000382,1,0.00199582,-1.05136e-06,0.0002625,2206.23
0,555522,13,phononTF,0.000489369,-0.00240051,-0.00240075,-0.0002625,8425.2,0.000382,1,-0.00200146,-0.00199758,0.0002625,9316.12
0,555756,8,phononTS,0.000614298,0.00279347,0.000965336,-0.000262498,378.176,0.000382,1,0.00299667,0.000996813,0.0002625,486.878
0,557003,10,phononTF,0.000717323,-0.00237343,-0.000365102,-0.0002625,3387.09,0.000382,1,-0.00200275,3.85992e-06,0.0002625,4450.31
0,557410,10,phononTS,0.00182432,0.00314766,0.000965622,-0.0002625,925.353,0.000764,1,0.00300343,0.000998592,0.0002625,1487.27
0,561034,8,phononTF,0.000583005,0.00316511,0.00116337,-0.000262498,264.038,0.000382,1,0.00299722,0.000996714,0.0002625,362.619
0,561804,3,phononTS,0.000484052,0.00302466,0.00109464,-0.000262498,453.152,0.000382,1,0.00300168,0.00100166,0.0002625,553.918
0,573935,3,phononTF,0.00117254,0.0027179,0.00127656,-0.0002625,333.745,0.000382,1,0.00300471,0.00099551,0.0002625,560.221
0,575274,10,phononTS,0.000384694,3.63573e-06,-1.60402e-05,-0.0002625,2896.41,0.000382,1,-9.39767e-07,1.79764e-07,0.0002625,3358.5
0,576183,16,phononL,0.00063793,-0.00152405,0.00216287,-0.000262498,2207.46,0.000382,1,-0.00200066,0.00199725,0.0002625,2286.53
0,582636,10,phononTS,0.000590369,0.00300112,0.000998872,0.0002625,497.514,0.000346813,1,0.00371766,0.000913741,-0.0002625,861.79
0,584825,21,phononTF,0.000605242,-0.00200047,-0.00200203,0.000262498,11295.1,0.000605242,1,-0.00246958,-0.00247899,-0.0002625,11440.7
0,586622,14,phononTS,0.0011252,0.00198499,-0.00197606,-0.0002625,9594.42,0.000764,1,0.0020006,-0.00200261,0.0002625,9863.33
0,586904,12,phononTF,0.000721549,0.000740732,-0.000740955,-0.0002625,3616.83,0.000382,1,-3.60552e-06,3.31113e-07,0.0002625,4623.13
0,591821,12,phononTF,0.000583042,-0.00116267,-0.000843671,-0.000262498,7095.31,0.000382,1,-0.00100375,-0.00100464,0.0002625,7193.17
0,591821,2,phononTS,0.000474438,0.00254568,0.00126862,0.000262498,175.291,0.000474438,1,0.00341116,0.00133705,-0.0002625,375.212
0,591822,1,phononTS,0.01,0.00252372,0.000998694,-0.000218047,0,0.00390345,1,0.0025675,0.00104711,-0.0002625,113.336
0,592233,4,phononTF,0.00206615,0.00149821,0.000682238,-0.0002625,224.97,0.000382,1,0.000998997,0.00100499,0.0002625,1656.19
0,593575,4,phononTF,0.00108231,0.00299779,0.00100437,0.000262498,444.722,0.000627414,1,0.00274705,0.000762935,-0.0002625,552.518
0,593765,3,phononL,0.00206532,0.00217402,0.00160132,-0.0002625,128.685,0.000382,1,0.00200121,0.00199802,0.0002625,277.719
0,596080,7,phononTS,0.000638287,0.00261238,0.00137966,-0.0002625,1596.09,0.000382,1,0.00200118,1.62831e-06,0.0002625,3316.5
0,596571,19,phononL,0.0006764,0.00186573,0.000589325,-0.0002625,2663.72,0.000382,1,0.00100136,0.000999955,0.0002625,3891.54
0,597222,5,phononTF,0.000653647,0.00130752,0.00131642,-0.0002625,774.789,0.000382,1,0.00100446,0.000997047,0.0002625,1128.93
0,597778,6,phononTS,0.000439794,-0.00124036,-0.000156431,-0.000262498,853.267,0.000382,1,-0.00100426,0.0010021,0.0002625,1112.1
0,601007,2,phononTS,0.000727103,0.00257124,0.00108285,-0.000262498,400.547,0.000382,1,0.00300268,0.00100412,0.0002625,542.086
0,601170,11,phononTF,0.0010005,-0.000849857,0.00317135,-0.0002625,3530.21,0.000382,1,-0.00100496,0.00300069,0.0002625,3826.07
0,601223,5,phononTF,0.000664369,0.00290011,0.000708913,-0.000262498,1393.98,0.000382,1,0.00299907,0.00100021,0.0002625,1503.83
0,604256,4,phononTS,0.00168065,0.00103606,0.00114837,-0.0002625,12.7837,0.000764,1,0.000999186,0.000995691,0.0002625,938.307
0,604694,17,phononTF,0.000429443,-0.00138744,0.000606483,-0.0002625,16077.9,0.000382,1,-0.0010036,0.00100179,0.0002625,16989.6
0,610265,2,phononTS,0.00618356,0.00205774,0.00197421,0.000208487,226.837,0.001528,1,0.0019962,0.00199764,0.0002625,350.632
0,611770,5,phononTS,0.00163629,0.00301937,0.000951574,-0.000262498,398.7,0.000382,1,0.00300063,0.00100176,0.0002625,488.556
0,616180,28,phononTF,0.00113238,0.00312013,0.00111716,-0.0002625,788.802,0.000382,1,0.00299756,0.000995033,0.0002625,1273.77
0,616512,3,phononTS,0.000824928,0.00296616,0.000999126,-0.0002625,142.439,0.000382,1,0.00300345,0.00100221,0.0002625,599.541
0,616655,5,phononTS,0.00179433,0.00203625,0.00195507,-0.0002625,906.464,0.000382,1,0.00200335,0.0020004,0.0002625,1263.72
0,618075,12,phononTS,0.000396746,-0.00099464,-0.0021565,-0.000262498,8334.41,0.000382,1,2.07282e-06,-0.00200378,0.0002625,8562.67
0,620783,3,phononTF,0.00158927,0.00189876,-3.31501e-05,-0.0002625,1777.3,0.000764,1,0.00200013,4.29027e-06,0.0002625,2503.05
0,623146,7,phononTS,0.000576226,0.00199755,1.76851e-06,0.000262498,1488.86,0.000576226,1,-0.0032741,0.000202299,-0.0002625,2621.34
0,625878,25,phononTF,0.000520604,0.00188045,-0.000361529,-0.0002625,8021.1,0.000382,1,0.0020014,-2.11003e-06,0.0002625,8476
0,628557,8,phononL,0.00210544,0.00255535,0.000809482,-0.000262498,2083.12,0.000764,1,0.00300014,0.0010031,0.0002625,2161.01
0,630154,11,phononTF,0.0018474,0.00199601,1.59709e-06,0.0002625,965.41,0.000544276,1,0.00141099,0.000577794,-0.0002625,1299.28
0,630168,11,phononTS,0.000409817,-0.00300455,-0.000950448,-0.0002625,941.949,0.000382,1,-0.00300224,-0.000997636,0.0002625,5664.9
0,630169,1,phononTS,0.01,0.0015789,0.00163722,-0.000227811,0,0.0027506,1,0.00133069,0.00150458,-0.0002625,743.215
0,633052,23,phononTF,0.00166855,0.00299976,0.000996721,0.000262498,850.467,0.000310953,1,0.0035522,0.00208513,-0.0002625,1091.89
0,634013,4,phononTF,0.00279179,-0.00159234,-0.00233008,-0.0002625,19.1771,0.000382,1,-0.00199883,-0.00200162,0.0002625,2812.55
0,634740,5,phononTS,0.000801138,0.000967289,-0.00113847,-0.0002625,4189.3,0.000382,1,0.000997444,-0.000998204,0.0002625,4701.15
0,635479,4,phononTS,0.00154789,0.00300267,0.000997746,0.0002625,194.558,0.00102164,1,0.00254809,0.00103633,-0.0002625,662.341
0,640284,9,phononL,0.000847272,0.00171744,0.00120457,-0.000262498,237.58,0.000764,1,0.00200217,0.00199746,0.0002625,345.837
0,640284,2,phononTS,0.00159987,0.00232694,0.00113142,0.000262498,71.7504,0.000731119,1,0.00229977,0.00117718,-0.0002625,161.37
0,642102,1,phononTS,0.01,0.00299708,0.00104028,0.00019772,0,0.001528,1,0.0030011,0.000996149,0.0002625,772.165
0,642533,15,phononTS,0.000791662,0.00293167,0.000958198,-0.0002625,2356.23,0.000382,1,0.00299999,0.00100251,0.0002625,4033.05
0,659630,7,phononTF,0.00040588,0.000441844,-0.00289911,-0.0002625,9341.58,0.000382,1,3.98687e-06,-0.00199569,0.0002625,11764.1
0,659630,2,phononTF,0.00218313,0.00244139,0.00117407,0.000262498,88.6312,0.000271165,1,-0.004925,0.00265136,-0.0002625,1403.41
0,664274,4,phononTS,0.00223816,0.00128726,0.000568983,-0.0002625,365.824,0.000382,1,4.43882e-06,-3.51171e-06,0.0002625,966.253
0,668708,4,phononTF,0.00143619,0.000997084,-0.000996648,0.000262498,609.354,0.00105417,1,0.00128433,-0.00142669,-0.0002625,740.986
0,668973,7,phononL,0.000742343,0.00182744,0.00256935,-0.0002625,12791,0.000382,1,0.00200109,0.00200446,0.0002625,13368.7
0,670774,6,phononTS,0.000836024,0.00199763,0.00200495,0.0002625,1345.99,0.000836024,1,0.00196903,0.00203559,-0.0002625,1779.79
0,670774,2,phononTS,0.000591229,0.00245516,0.00117356,0.000262498,6.73042,0.000591229,1,0.00328098,0.000954934,-0.0002625,207.581
0,670775,1,phononTS,0.01,0.00280518,0.00167674,-0.000194278,0,0.002462,1,0.00280848,0.00168093,-0.0002625,415.401
0,673304,6,phononTS,0.000597377,0.00184178,0.00122012,-0.000262498,1087.05,0.000382,1,3.00858e-06,0.00200056,0.0002625,1489.64
0,674152,21,phononTF,0.00043076,-0.00284973,-0.000975734,-0.0002625,9700.7,0.000382,1,-0.00299809,-0.00100054,0.0002625,10167
0,674153,1,phononTS,0.01,0.00246119,0.00151125,-0.000254427,0,0.00421417,1,0.00244412,0.00148564,-0.0002625,370.203
0,676887,6,phononTF,0.000909919,0.00115063,0.00114735,-0.0002625,767.734,0.000382,1,0.000995295,0.000999886,0.0002625,1058.84
0,677568,16,phononTS,0.00108603,0.00222381,0.00115137,-0.000262498,150.533,0.000382,1,0.00199669,2.65339e-06,0.0002625,407.331
0,679709,2,phononTF,0.00326227,0.0026943,0.00120304,-0.000262498,782.785,0.000382,1,0.00300416,0.00100477,0.0002625,896.398
0,680355,10,phononTF,0.000523206,0.00074111,0.00124497,-0.000262498,1413.42,0.000382,1,0.000998317,0.000999867,0.0002625,1521.87
0,682044,24,phononTF,0.000602837,-0.00177906,-0.00021103,-0.0002625,8278.32,0.000382,1,-0.00199682,1.03777e-06,0.0002625,8580.27
0,683026,3,phononTS,0.00245385,0.00195634,0.00169,-0.0002625,590.294,0.000382,1,0.00200106,0.00200069,0.0002625,1243.89
0,701219,8,phononTF,0.000745527,0.0014703,0.00271111,-0.000262499,1802.76,0.000382,1,0.00199943,0.00200425,0.0002625,1984.35
0,702583,9,phononTS,0.000526089,-0.00197863,-3.52632e-05,-0.000262498,8700.28,0.000382,1,-0.00199971,-4.31667e-06,0.0002625,8789.8
0,705725,15,phononTS,0.000400935,-0.00244137,-0.00205759,-0.000262498,3730.71,0.000382,1,-0.0030048,-0.00100412,0.0002625,3996.29
0,705800,10,phononTF,0.000609345,0.00151744,0.00208694,-0.000262498,13911.1,0.000382,1,0.00100494,0.00100466,0.0002625,14150
0,714593,17,phononTF,0.000428825,0.000751228,0.00124328,-0.0002625,2839.27,0.000382,1,0.00100053,0.00100489,0.0002625,3376.68
0,715449,1,phononTF,0.01,0.0029754,0.00101988,0.000152134,0,0.00191,1,0.00299869,0.000995773,0.0002625,241.127
0,715449,4,phononTF,0.000651919,0.00299869,0.000995773,0.000262498,241.127,0.000651919,1,0.00249184,0.000496172,-0.0002625,392.649
0,716289,11,phononTS,0.000826798,0.00196663,0.000628162,-0.0002625,6223.53,0.000382,1,0.00199642,-1.88296e-06,0.0002625,7354.8
0,716435,11,phononTF,0.000487591,0.00423242,0.00224536,-0.0002625,930.528,0.000487591,1,0.005,0.00302053,6.41034e-05,1438.89
0,722865,3,phononTS,0.00225858,-0.00138564,-0.00315727,-0.0002625,109.348,0.001146,1,-0.00199533,-0.00199791,0.0002625,3926.01
0,722934,13,phononTS,0.00040399,0.00220766,0.00094679,-0.000262498,192.257,0.000382,1,-4.56223e-06,1.78466e-06,0.0002625,689.585
0,732134,9,phononTS,0.000545396,0.00290802,-0.0020613,-0.000262498,1439.49,0.000382,1,0.000999376,-0.00300206,0.0002625,1865.13
0,732249,11,phononTF,0.000795705,-2.45645e-06,1.83151e-06,0.000262498,1284.96,0.000286899,1,-0.0012191,-0.00148059,-0.0002625,1630.02
0,736950,5,phononTS,0.000520048,-0.002357,-0.0010955,-0.0002625,3930.36,0.000382,1,-0.00200356,-0.00200374,0.0002625,4612.48
0,736950,2,phononTS,0.00115848,0.00224445,0.00144528,0.000262498,98.7676,0.00115848,1,0.00357855,0.00065483,-0.0002625,425.245
0,751213,5,phononTF,0.000383872,0.000725054,-0.000967426,-0.000262498,5347.29,0.000382,1,0.00100067,-0.000996523,0.0002625,5454.85
0,752941,10,phononTF,0.000765834,0.00215437,0.0018426,-0.0002625,308.388,0.000382,1,0.001997,0.00199872,0.0002625,601.463
0,754152,2,phononL,0.00185478,0.00281788,0.0011462,-0.0002625,198.713,0.000382,1,0.003003,0.000996413,0.0002625,330.238
0,757465,5,phononTS,0.000488336,0.00297202,0.00100159,-0.000262498,437.66,0.000382,1,0.00299948,0.000999628,0.0002625,532.19
0,759392,10,phononL,0.000826189,-0.00123498,-8.26998e-05,-0.000262498,8906.73,0.000382,1,-0.00200482,3.82241e-06,0.0002625,9007.02
0,759392,11,phononTF,0.000383426,-0.00200482,3.82241e-06,0.000262498,9007.02,0.000383426,1,-0.001796,-0.000212759,-0.0002625,9110.58
0,760047,19,phononTS,0.000670673,-0.000847113,-0.00241117,-0.0002625,8456.61,0.000382,1,-0.00199668,-4.31189e-07,0.0002625,13330.2
0,760288,15,phononTS,0.000948932,-0.000475371,-0.00110615,-0.0002625,813.681,0.000382,1,0.00100456,0.000997607,0.0002625,4618.44
0,762636,13,phononTS,0.000863191,-0.00336733,-0.00176746,-0.0002625,9568.78,0.000382,1,-0.0029998,-0.0010014,0.0002625,16084
0,764208,7,phononTS,0.0011583,0.00196395,4.36151e-05,-0.000262498,1052.1,0.000382,1,0.00199578,-1.1402e-06,0.0002625,1141.45
0,764696,5,phononTF,0.0024803,0.000780426,0.000779921,8.71788e-05,123.967,0.000382,1,0.00100041,0.00100474,0.0002625,413.515
0,766913,20,phononTF,0.000645477,0.00292366,0.0010728,-0.0002625,123.84,0.000382,1,0.00299925,0.00100201,0.0002625,765.655
0,768080,7,phononTS,0.000511159,0.00200455,0.00200107,0.000262498,943.754,0.000511159,1,0.00196935,0.00195325,-0.0002625,1032.97
0,769341,2,phononTF,0.00142868,0.00222247,0.00163413,-0.0002625,29.0538,0.000382,1,0.00200275,0.00200025,0.0002625,271.555
0,772577,3,phononTF,0.00175382,0.00226268,0.00175327,-0.000262498,226.349,0.001146,1,0.00299614,0.00100447,0.0002625,427.006
0,772737,9,phononTF,0.00131285,0.00244369,0.000464271,-0.000262498,606.474,0.000382,1,0.00199567,6.87564e-07,0.0002625,748.726
0,775389,5,phononTF,0.000841665,0.00181562,0.00184936,-0.000262498,444.04,0.000382,1,0.00199968,0.00200053,0.0002625,543.625
0,777388,2,phononTF,0.000509057,-0.000391472,0.0017633,-0.0002625,448.314,0.000382,1,0.00100164,0.000997722,0.0002625,1984.89
0,777633,7,phononTS,0.000459305,0.000227083,0.005,4.20197e-08,507.728,0.000382,1,-0.00100254,0.00300448,0.0002625,2656.26
0,779587,8,phononL,0.000592213,0.00131861,-0.00141335,-0.000262498,5157.37,0.000382,1,0.0010007,-0.000995247,0.0002625,5238.61
0,779834,2,phononTS,0.00140661,0.0028691,0.00104308,-0.0002625,3.71678,0.000764,1,0.00300422,0.000997303,0.0002625,409.191
0,780694,6,phononTF,0.000577039,0.00196051,0.00204205,-0.000262498,374.757,0.000382,1,0.00200495,0.00199519,0.0002625,465.31
0,786095,2,phononTS,0.00136978,-0.00203064,0.00197446,-0.0002625,2.84006,0.000764,1,-0.0020001,0.0019965,0.0002625,3990.96
0,786096,1,phononTS,0.01,0.00266481,0.0013237,-0.000201032,0,0.00501305,1,0.00274123,0.00129638,-0.0002625,327.633
0,788329,14,phononTF,0.00047025,0.0041621,0.0020474,-0.0002625,8684.06,0.000382,1,0.00199622,2.25323e-06,0.0002625,9692.07
0,789719,4,phononTF,0.00113714,-0.00181615,-0.000290345,-0.0002625,2845.59,0.000382,1,-0.00199546,-0.00200373,0.0002625,4122.64
0,791482,8,phononTF,0.000486228,0.00192463,-8.08231e-05,-0.0002625,1092.19,0.000382,1,0.0020037,2.1841e-06,0.0002625,2181.06
0,796300,7,phononTS,0.00118373,-0.00210078,0.00136378,-0.0002625,3188.98,0.000382,1,-0.000998939,0.00100125,0.0002625,3953.36
0,796447,1,phononTS,0.01,0.00294352,0.00107336,0.000180918,0,0.001528,1,0.00299986,0.00100002,0.0002625,213.502
0,801033,7,phononTF,0.000793229,-0.000314739,0.00232047,-0.0002625,5676.04,0.000382,1,-3.98698e-06,0.00199562,0.0002625,6318.37
0,802608,3,phononTF,0.0011246,0.00226612,0.00173884,-0.0002625,281.076,0.000382,1,0.00200181,0.00199613,0.0002625,500.719
0,802608,2,phononTF,0.00247137,0.00253042,0.00148156,0.000262498,281.076,0.00088457,1,0.00216898,0.00182823,-0.0002625,405.194
0,803186,15,phononTF,0.000391032,0.0015466,-0.000452686,-0.0002625,339.656,0.000382,1,0.000996323,-0.00100387,0.0002625,1143.66
0,804008,6,phononTF,0.000567021,0.00122179,0.00106299,-0.0002625,125.309,0.000382,1,0.000998617,0.000996199,0.0002625,839.505
0,808481,2,phononL,0.00261204,0.000230782,-0.000615285,-0.0002625,48.0417,0.001146,1,-8.2792e-07,-3.87261e-06,0.0002625,696.596
0,808581,9,phononTF,0.000443563,0.000996656,0.00100143,0.000262498,2515.29,0.000443563,1,0.00195804,2.58344e-05,-0.0002625,2766.41
0,812180,5,phononTS,0.000443845,0.000995883,-0.00129818,-0.000262498,1674.77,0.000382,1,0.0010011,-0.00099672,0.0002625,1794.67
0,822494,3,phononTF,0.00177749,0.00273027,0.00108681,-0.0002625,5.58172,0.000382,1,0.0030021,0.000998876,0.0002625,220.487
0,824310,9,phononTS,0.000851722,0.000829709,0.00102196,-0.0002625,2080.92,0.000382,1,0.000999341,0.000996881,0.0002625,3651.96
0,827884,5,phononTS,0.000390995,0.000276159,-0.00195277,-0.0002625,1324.87,0.000382,1,2.8514e-06,-0.00199554,0.0002625,2691.84
0,829220,8,phononTF,0.000701175,-0.00281238,-0.00140176,-0.0002625,2957.22,0.000382,1,-0.00299918,-0.00100104,0.0002625,3835.15
0,830753,6,phononTS,0.000592035,-1.66766e-05,5.00353e-05,-0.000262498,1743.91,0.000382,1,-2.95694e-06,-2.97339e-06,0.0002625,1835.43
0,834613,9,phononTS,0.000877796,0.00301274,0.00104488,-0.0002625,281.364,0.000382,1,0.00300169,0.000995253,0.0002625,464.281
0,834943,14,phononTS,0.000557545,0.00100092,0.000996771,0.000262498,1126.57,0.000557545,1,0.000997261,0.00103757,-0.0002625,1217.89
0,839521,16,phononTF,0.000806944,0.00148495,0.00252568,-0.000262498,750.065,0.000382,1,0.00200498,0.00200482,0.0002625,904.839
0,839828,10,phononTF,0.000928922,-0.00137014,0.00337923,-0.0002625,1137.36,0.000382,1,-0.000999207,0.00300322,0.0002625,2070.93
0,840598,18,phononTF,0.000465501,-0.00132243,-0.00130927,-0.0002625,14479.9,0.000382,1,-0.00100064,-0.00100105,0.0002625,15450.9
0,840905,8,phononL,0.000793406,0.00136481,0.00128556,-0.0002625,2952.65,0.000382,1,0.000997628,0.00100471,0.0002625,3182.73
0,842515,7,phononTF,0.000558668,0.00199565,0.00200129,0.000262498,287.502,0.000558668,1,0.00190163,0.00190334,-0.0002625,380.334
0,848832,4,phononTS,0.00190885,0.00300941,0.00101458,-0.0002625,544.967,0.000382,1,0.0030005,0.000999999,0.0002625,904.202
0,849567,12,phononTF,0.000631829,-0.00117971,0.000832168,-0.0002625,809.859,0.000382,1,-0.00199667,3.78471e-06,0.0002625,1989.56
0,850122,3,phononTF,0.00481381,0.00256158,0.00124907,-0.0002625,378.811,0.000382,1,0.00200472,0.00199739,0.0002625,919.681
0,858000,4,phononTS,0.000442868,0.00204647,0.000523648,-0.0002625,74.2497,0.000382,1,0.00200009,-2.09023e-06,0.0002625,982.733
0,858506,22,phononTF,0.000592278,0.00223959,0.00219317,-0.0002625,1459.59,0.000382,1,0.00199604,0.00200434,0.0002625,1846.8
0,863726,1,phononTS,0.01,0.00264996,0.00112653,-2.7335e-05,0,0.002292,1,0.00300102,0.00100406,0.0002625,190.001
0,863726,8,phononTS,0.000909847,0.00300102,0.00100406,0.000262498,190.001,0.000909847,1,0.002726,0.00106444,-0.0002625,311.184
0,864495,3,phononTS,0.000539388,0.00329765,0.000631611,-0.0002625,6.49711,0.000382,1,0.00200272,6.09577e-07,0.0002625,701.434
0,871875,5,phononL,0.000546353,0.000367047,-0.00125834,-0.0002625,2655.57,0.000382,1,-1.26423e-06,-0.00199525,0.0002625,3193.02
0,874134,6,phononL,0.000932539,0.00198205,0.00216231,-0.0002625,4397.72,0.000382,1,0.00199632,0.00200082,0.0002625,4873.41
0,874215,2,phononTS,0.000754132,0.00141095,0.000958687,-0.0002625,468.951,0.000382,1,0.00100297,0.00099731,0.0002625,1002.15
0,876197,6,phononTF,0.000441041,0.0014298,0.00152824,-0.000262498,832.882,0.000382,1,0.00099847,0.000996478,0.0002625,984.241
0,878773,4,phononTF,0.00116682,0.00218398,0.000165505,-0.0002625,2306.88,0.000382,1,0.00200448,3.14847e-07,0.0002625,5214.35
0,878959,4,phononTF,0.00133111,-0.00149396,0.00049551,1.36191e-05,2169.31,0.000382,1,-0.000995306,0.00100193,0.0002625,5995.03
0,881867,2,phononTF,0.00133861,-9.85324e-05,-0.00209385,-0.0002625,20.9448,0.000382,1,-1.93962e-06,-0.00199886,0.0002625,1062.66
0,885203,25,phononTS,0.000559991,0.00188067,0.00203756,-0.0002625,4246.45,0.000382,1,0.00200176,0.00199604,0.0002625,6500.15
0,885204,3,phononTS,0.00835369,0.00242404,0.00171942,-0.000131857,950.929,0.00068742,1,0.00241365,0.00173485,-0.0002625,1398.34
0,885473,15,phononTF,0.000561048,0.00189002,0.000110105,-0.0002625,2714.85,0.000382,1,0.00199656,-1.66036e-06,0.0002625,3186.25
0,888634,16,phononTF,0.000391623,-0.00151852,0.000459956,-0.0002625,501.214,0.000382,1,-0.000998763,0.000997271,0.0002625,2445.51
0,891014,9,phononTS,0.000434871,4.73882e-05,-1.81592e-05,-0.0002625,8489.97,0.000382,1,-8.48828e-07,-2.66064e-06,0.0002625,9645.58
0,891803,4,phononTF,0.00210538,0.000872295,0.00101686,-0.0002625,196.034,0.000764,1,3.82272e-06,0.00200327,0.0002625,763.588
0,891956,12,phononTF,0.000821821,0.00114399,0.00113647,-0.0002625,879.746,0.000382,1,0.00100375,0.000996444,0.0002625,1168.2
0,892482,2,phononTS,0.00162191,0.00304755,0.00100032,-0.0002625,602.25,0.000764,1,0.00300478,0.00100003,0.0002625,783.882
0,893296,9,phononTF,0.00217552,0.00213141,0.000134882,-0.0002625,762.034,0.000764,1,0.0019969,-3.28272e-06,0.0002625,1241.52
0,893870,5,phononL,0.000455553,0.00189986,-0.000609162,-0.0002625,513.297,0.000382,1,0.00200287,3.2229e-06,0.0002625,889.056
0,895690,13,phononTS,0.000529495,-0.00207919,0.000959015,-0.000262498,6381.14,0.000382,1,-0.00199664,0.00200152,0.0002625,6621.99
0,898562,6,phononTF,0.000583449,0.00172539,0.00184586,-0.000262498,298.169,0.000382,1,0.001997,0.00200093,0.0002625,406.452
0,898978,1,phononTS,0.01,0.00292899,0.00111761,0.000207062,0,0.001528,1,0.00300418,0.0010004,0.0002625,608.2
0,901122,1,phononTF,0.01,0.0028265,0.00117719,7.13184e-05,0,0.002674,1,0.00299901,0.000998648,0.0002625,441.043
0,901494,16,phononTS,0.000388887,3.8331e-05,-0.00128165,-0.0002625,7657.2,0.000382,1,-0.000997127,-0.00100421,0.0002625,9350.34
0,903486,9,phononTS,0.00191953,-0.00101936,0.000949135,-0.000262498,914.093,0.000382,1,-0.00100469,0.000999547,0.0002625,1004.13
0,912585,10,phononTS,0.000563062,-0.000847414,-0.000425142,-0.0002625,1624.01,0.000382,1,-0.00100415,-0.00100405,0.0002625,2122.78
0,922197,5,phononL,0.00103693,0.00180465,0.000512719,-0.000262498,867.882,0.000764,1,0.00199829,5.72461e-07,0.0002625,950.149
0,922476,4,phononTS,0.00106787,0.00195518,5.70872e-05,-0.000262498,594.236,0.000764,1,0.00199768,3.46226e-06,0.0002625,688.629
0,925335,14,phononTF,0.000469372,0.0022992,-0.00274506,-0.0002625,2661.96,0.000382,1,0.000997441,-0.00300066,0.0002625,4209.32
0,926267,6,phononTF,0.00054016,0.0039477,0.00395125,-0.0002625,1079.92,0.000382,1,0.000999727,0.000997952,0.0002625,2142.66
0,928443,9,phononTS,0.00131119,-2.16195e-05,-0.00214725,-0.0002625,4566.2,0.000382,1,4.23568e-06,-0.00200234,0.0002625,4882.72
0,929383,5,phononTF,0.000701737,0.00146368,0.00201572,-0.000262498,1790.65,0.000382,1,0.0010026,0.000996398,0.0002625,2017.77
0,930764,2,phononTS,0.000729094,0.00295845,0.000880013,-0.0002625,1503.57,0.000382,1,0.00300275,0.00100142,0.0002625,1810.36
0,933316,8,phononTF,0.00107995,0.00208933,0.00191777,-0.0002625,149.278,0.000382,1,0.00200172,0.0020038,0.0002625,979.997
0,934663,6,phononTS,0.000439196,0.00301342,0.000861162,-0.0002625,822.353,0.000382,1,0.00299718,0.000995398,0.0002625,1102.75
0,941351,8,phononTF,0.000586846,0.00200207,-3.68173e-06,0.000262498,1303.21,0.000586846,1,0.00181128,-0.000204363,-0.0002625,1404.77
0,948627,5,phononTF,0.00225484,-0.000146539,-0.0019194,-0.0002625,51.1588,0.000382,1,1.76955e-07,-0.00200003,0.0002625,1287.53
0,948627,6,phononTF,0.00151265,1.76955e-07,-0.00200003,0.000262498,1287.53,0.000431885,1,-0.000341119,-0.00232712,-0.0002625,1408.38
0,949648,4,phononTF,0.00304706,0.00235832,0.00043291,-0.0002625,470.69,0.001528,1,0.00200499,2.8104e-06,0.0002625,738.517
0,953027,8,phononTS,0.000751296,-0.000396195,-9.28182e-06,-0.0002625,4259.87,0.000382,1,-2.33229e-06,2.98163e-06,0.0002625,4659.67
0,955558,3,phononTF,0.00043818,0.00166002,0.00176989,-0.0002625,974.395,0.000382,1,0.00199832,0.00199917,0.0002625,1321.54
0,956181,2,phononTF,0.00235775,0.00173999,0.00169521,-0.0002625,67.1942,0.000764,1,0.00200056,0.0019967,0.0002625,354.03
0,956181,8,phononTF,0.000387352,0.00200056,0.0019967,0.000262498,354.03,0.000387352,1,0.000469478,0.000406029,-0.0002625,743.508
0,963035,13,phononTS,0.000513501,-2.32494e-05,-3.08656e-05,-0.0002625,6243.54,0.000382,1,-4.928e-06,-1.23807e-07,0.0002625,6691.24
0,964130,12,phononTF,0.000452272,0.0026075,0.00140065,-0.0002625,5480.3,0.000382,1,0.00199786,0.00200226,0.0002625,8125.38
0,964334,5,phononTF,0.000692476,0.00243175,0.000456887,-0.000262498,208.665,0.000382,1,0.0029961,0.00100471,0.0002625,370.47
0,967305,8,phononTS,0.000537559,0.00196649,-2.07437e-06,-0.000262498,1735.63,0.000382,1,0.00199522,-1.68004e-06,0.0002625,1825.26
0,969944,19,phononTS,0.000428866,-0.00199744,-0.00200221,0.000262498,4884.34,0.000428866,1,-0.00196908,-0.00201592,-0.0002625,4978.33
0,970953,10,phononTF,0.000479461,0.00211692,0.00012439,-0.0002625,896.704,0.000382,1,0.00199749,-7.55371e-07,0.0002625,1085.93
0,977064,7,phononL,0.00145886,0.00295014,0.00100692,0.000195181,2021.52,0.000764,1,0.00299929,0.00100222,0.0002625,2458.61
0,977617,14,phononTF,0.000428555,-0.00237363,0.00439414,-0.0002625,7363.8,0.000382,1,-0.000995669,0.00299605,0.0002625,8268.19
0,977618,1,phononTF,0.01,0.00290204,0.000817941,-3.97776e-05,0,0.00125143,1,0.00297321,0.000745533,-0.0002625,772.356
0,977885,5,phononTS,0.00160994,-0.000234401,0.00139361,-0.0002625,1637.4,0.000382,1,-3.59257e-06,0.00200406,0.0002625,4261.19
0,979493,1,phononTS,0.01,0.00303156,0.000999863,0.000200506,0,0.00191,1,0.00299842,0.000996,0.0002625,244.507
0,979493,7,phononTF,0.00130852,0.00299842,0.000996,0.000262498,244.507,0.00118501,1,0.00277476,0.00117136,-0.0002625,348.17
0,980031,21,phononL,0.000694596,0.00216914,0.00276505,-0.000262498,1116.99,0.000382,1,0.00200094,0.00199923,0.0002625,1218.67
0,980669,12,phononTS,0.000389291,-0.0020131,-0.00133893,-0.0002625,2728.03,0.000382,1,-0.00200498,-0.00200119,0.0002625,4291.41
0,981313,14,phononL,0.000577284,-0.00134879,0.0036627,-0.0002625,7962.05,0.000382,1,-0.00100407,0.00300497,0.0002625,8242.33
0,982506,20,phononTS,0.000386732,0.00103127,0.000967485,-0.000262498,15986.2,0.000382,1,0.00100181,0.00099529,0.0002625,16075.8
0,982945,5,phononTF,0.00259876,0.00277125,0.000963699,-0.000262498,882.037,0.000382,1,0.00300093,0.00100329,0.0002625,984.569
0,984071,6,phononTF,0.00055583,0.00131683,0.000803949,-0.0002625,235.769,0.000382,1,0.00100012,0.0010029,0.0002625,579.162
0,984811,12,phononTS,0.0011471,0.00199521,0.00200117,0.000262499,291.552,0.000318078,1,0.00202408,0.00197248,-0.0002625,381.095
0,984888,7,phononTF,0.00161138,0.00341661,0.00140741,-0.000262498,414.422,0.000382,1,0.00299696,0.00100311,0.0002625,548.607
0,984888,8,phononTS,0.000696772,0.00299696,0.00100311,0.000262498,548.607,0.000696772,1,0.00333215,0.00394108,-0.0002625,1185.44
0,985028,3,phononTF,0.000384383,0.0025129,0.00168298,-0.0002625,172.699,0.000382,1,0.00200032,0.0020043,0.0002625,424.31
0,985028,2,phononTS,0.000690445,0.00227614,0.00143694,0.000262498,172.699,0.000472778,1,0.0030926,-0.000336331,-0.0002625,567.514
0,985911,4,phononTF,0.00143129,0.00251016,0.000727855,-0.000262498,799.701,0.000382,1,0.00199657,8.3554e-07,0.0002625,983.503
0,988910,8,phononTF,0.00203646,0.00311386,0.000888433,-0.0002625,785.409,0.000382,1,0.00300389,0.000998641,0.0002625,1254.15
0,990753,6,phononTS,0.00102311,-0.000727888,0.0013302,-0.0002625,623.131,0.000382,1,-2.94848e-06,0.00199892,0.0002625,4474.7
0,991181,2,phononTF,0.00106652,0.000645845,0.000286874,-0.0002625,18.4196,0.000382,1,3.52595e-06,-2.67624e-06,0.0002625,672.146
0,991801,2,phononTS,0.00186483,0.000179531,-0.00313281,-0.000245252,198.79,0.000764,1,0.000998811,-0.00299704,0.0002625,3370.49
0,993506,1,phononL,0.01,0.00300364,0.000997872,0.000254386,0,0.00191,1,0.00299984,0.00100146,0.0002625,274.15
0,993506,5,phononTS,0.00222926,0.00299984,0.00100146,0.000262498,274.15,0.000920151,1,0.00304344,0.00100116,-0.0002625,364.957
0,994052,3,phononTS,0.00190031,0.00177863,0.00108953,-0.0002625,30.8784,0.000382,1,0.00100387,0.00100251,0.0002625,400.4
0,994052,8,phononL,0.00103568,0.00100387,0.00100251,0.000262498,400.4,0.000403838,1,0.00128193,0.000698961,-0.0002625,473.918
0,995840,11,phononTS,0.000515369,2.17934e-05,-0.000541472,-0.0002625,1252.09,0.000382,1,-1.1294e-06,3.17717e-06,0.0002625,2685.51
0,997370,4,phononTF,0.000382115,0.00194198,7.01539e-05,-0.000262498,1202.5,0.000382,1,0.00200046,-1.2211e-06,0.0002625,1293.9
0,997370,2,phononTS,0.00561054,0.00214521,0.000535131,-0.00021031,999.398,0.00120987,1,0.00158337,0.000974595,-0.0002625,1128.98
0,1001054,16,phononTS,0.000454885,0.0014871,0.000933123,-0.000262498,524.869,0.000382,1,0.000997268,0.000995682,0.0002625,673.348
0,1001953,6,phononTF,0.000491247,0.00100124,-0.00297749,-0.0002625,593.302,0.000382,1,-0.000996416,-0.000997312,0.0002625,3172.72
0,1002544,5,phononTS,0.00114539,0.00187347,-1.638e-05,-0.0002625,48.3624,0.000382,1,0.0020023,2.95096e-06,0.0002625,1177.17
0,1012067,1,phononTS,0.01,0.00299662,0.00100047,0.000260868,0,0.003056,1,0.00299666,0.00100063,0.0002625,1187.38
0,1015258,6,phononTF,0.000449074,0.00194012,-0.000284852,-0.000262498,1004.82,0.000382,1,0.00199933,-4.52475e-06,0.0002625,1113.06
0,1017813,16,phononTS,0.000587612,-0.000996837,-0.00100403,0.000262498,5757.5,0.00026538,1,-0.000974607,-0.000970513,-0.0002625,5853.81
0,1017879,6,phononTS,0.000823902,-0.00159313,-0.000772984,-0.000262498,8366.09,0.000382,1,3.89651e-06,0.00199796,0.0002625,8979.99
0,1020962,4,phononTF,0.00209443,0.00329349,0.00129887,-0.0002625,630.761,0.000382,1,0.00299709,0.000998041,0.0002625,1059.5
0,1020962,11,phononTF,0.000446569,0.00299709,0.000998041,0.000262498,1059.5,0.000446569,1,0.00322322,0.000774297,-0.0002625,1164.83
0,1021628,16,phononTS,0.00105318,0.00301324,0.00102316,-0.0002625,754.806,0.000382,1,0.00299528,0.00100253,0.0002625,1384.95
0,1022859,10,phononTS,0.000771567,0.00204468,0.0021089,-0.0002625,140.67,0.000382,1,0.00199645,0.00200144,0.0002625,778.36
0,1023620,9,phononTF,0.00102509,0.00224079,0.000262819,-0.000262498,743.514,0.000382,1,0.00299929,0.00100327,0.0002625,945.934
0,1031285,6,phononTF,0.00280342,-0.00369827,-0.000518094,-0.0002625,3066.21,0.000764,1,-0.0030022,-0.000999934,0.0002625,3811.96
0,1031285,7,phononTS,0.00166963,-0.0030022,-0.000999934,0.000262498,3811.96,0.00131957,1,-0.00070365,-0.00320865,-0.0002625,4424.11
0,1032867,3,phononTF,0.00295155,0.00306218,0.000735681,-0.0002625,16.7547,0.001146,1,0.00299544,0.000997445,0.0002625,624.464
0,1032867,5,phononTS,0.000536754,0.00299544,0.000997445,0.000262498,624.464,0.000536754,1,0.00304663,0.00102559,-0.0002625,713.863
0,1036938,13,phononTF,0.000825927,0.00211246,0.000133881,-0.0002625,175.158,0.000382,1,0.00200272,4.8679e-06,0.0002625,839.059
0,1040724,5,phononTS,0.00045227,0.000539613,0.00102778,-0.0002625,461.204,0.000382,1,0.0010045,0.00100037,0.0002625,1006.32
0,1042265,2,phononTF,0.000528427,0.000770753,0.00278185,-0.0002625,316.451,0.000382,1,-3.03126e-06,0.00200443,0.0002625,2216.86
0,1043979,16,phononL,0.000771811,-0.000976588,-0.0015889,-0.000262498,19679.8,0.000382,1,-0.000997887,-0.000995937,0.0002625,19764.8
0,1044920,8,phononTS,0.000411127,0.0009629,0.00112638,-0.0002625,1244.84,0.000382,1,0.00100309,0.00099676,0.0002625,1616.05
0,1045858,3,phononTF,0.000845624,0.0017127,0.000891469,-0.0002625,798.454,0.000382,1,-0.00099546,0.00299629,0.0002625,5905.75
0,1047119,8,phononTF,0.000445001,-0.00300467,-0.00100337,0.0002625,6404.53,0.000445001,1,-0.00306199,-0.00077494,-0.0002625,7755.93
0,1048656,22,phononTS,0.000854734,0.00229514,0.00121684,-0.000262498,522.848,0.000382,1,2.24784e-06,-3.69545e-06,0.0002625,1030.98
0,1049994,18,phononTF,0.000562762,-0.00230857,-0.00224004,-0.0002625,8472.54,0.000382,1,-0.0019994,-0.00199561,0.0002625,13358.1
0,1050341,2,phononTS,0.000578396,0.00287586,0.00104636,-0.0002625,46.7215,0.000382,1,0.00300109,0.000997638,0.0002625,448.181
0,1054110,4,phononTF,0.00107695,0.005,0.0024313,-0.000179373,620.553,0.000382,1,0.00299582,0.00100252,0.0002625,1631.55
0,1054620,6,phononTS,0.000634701,-0.000666784,-0.000701594,-0.000262498,2066.85,0.000382,1,-0.00199701,0.00199517,0.0002625,2675.89
0,1054713,8,phononTS,0.000638959,0.000749158,0.00211375,-0.0002625,3751.53,0.000382,1,0.00100036,0.00100089,0.0002625,4508.21
0,1059155,4,phononTS,0.000978294,0.00197316,-0.00119176,-0.000262498,1558.92,0.000382,1,0.000999334,-0.00100475,0.0002625,1787.39
0,1059155,2,phononTS,0.00122898,0.00232519,0.00137195,0.000262498,197.31,0.000565263,1,0.00158623,0.0017053,-0.0002625,398.81
0,1060027,20,phononTF,0.000451215,-0.00299932,-0.00100461,0.000262498,6867.12,0.000451215,1,-0.00300503,-0.00108839,-0.0002625,6958.78
0,1061094,6,phononTS,0.00105196,0.00095425,0.00103777,-0.0002625,553.816,0.000764,1,0.000999574,0.00099694,0.0002625,910.309
0,1064559,12,phononL,0.000579544,0.000784165,-0.00259768,-0.000262498,4522.8,0.000382,1,0.000997501,-0.00299864,0.0002625,4598.77
0,1065437,3,phononTS,0.00126528,0.000965614,0.000872914,-0.0002625,27.6198,0.000382,1,0.000998497,0.00100098,0.0002625,1093.9
0,1065437,13,phononL,0.000703225,0.000998497,0.00100098,0.000262498,1093.9,0.000439883,1,0.00130135,0.000660036,-0.0002625,1170.22
0,1067146,7,phononTS,0.000637241,-0.00294549,-0.000244387,-0.0002625,879.923,0.000382,1,-0.00300125,-0.00100197,0.0002625,1993.3
0,1067480,4,phononTS,0.000408849,-0.00028183,-0.00225248,-0.000262498,2111.14,0.000382,1,1.7141e-06,-0.002003,0.0002625,2248.38
0,1068233,2,phononTF,0.00325342,0.00220107,0.000216328,-0.000262498,580.037,0.001146,1,0.00300228,0.00100086,0.0002625,791.938
0,1070358,6,phononTF,0.000480882,0.00303911,0.000816267,-0.000262498,553.974,0.000382,1,0.00299671,0.000995638,0.0002625,651.816
0,1071934,6,phononTS,0.00193666,0.00284248,0.00108951,-0.0002625,295.323,0.000764,1,0.00299806,0.00100446,0.0002625,847.276
0,1072089,3,phononTF,0.00334145,0.00269677,0.00132766,-0.000262498,277.53,0.000382,1,0.00199785,0.00199866,0.0002625,467.171
0,1076861,2,phononTS,0.00282516,0.00302337,0.000975808,-0.0002625,819.944,0.000764,1,0.00299911,0.00100229,0.0002625,1006.7
0,1078577,8,phononTF,0.000494128,0.00227295,0.00173621,-0.000262498,2034.71,0.000382,1,0.00200329,0.00199636,0.0002625,2145.09
0,1080180,2,phononTS,0.0015368,0.00282733,0.0010228,-0.0002625,299.24,0.000382,1,0.00299803,0.000996264,0.0002625,764.456
0,1080916,3,phononTS,0.0010069,0.00297604,0.00103728,-0.0002625,23.3415,0.000382,1,0.00299749,0.000999811,0.0002625,992.894
0,1090765,2,phononTS,0.000472841,-0.00361511,-0.000706246,-0.0002625,1311.84,0.000382,1,-0.003001,-0.000995081,0.0002625,4890.73
0,1094265,7,phononTF,0.000512193,-0.00140444,-0.0028224,-0.000262498,2685.21,0.000382,1,-0.00199744,-0.00199992,0.0002625,2887.48
0,1095048,3,phononTS,0.00152185,0.00286714,0.00104459,-0.0002625,12.0335,0.000382,1,0.00299815,0.000996847,0.0002625,415.753
0,1102224,13,phononTF,0.000394907,0.00151132,0.00151444,-0.000262498,3968.09,0.000382,1,0.000998186,0.00100156,0.0002625,4121.71
0,1102951,4,phononTS,0.00179142,0.00189671,-9.95911e-06,-0.0002625,68.7064,0.000382,1,0.00199577,-4.75359e-07,0.0002625,458.886
0,1112292,8,phononTS,0.000833615,0.00196445,0.00201985,-0.000262498,1657.06,0.000382,1,0.00199584,0.00200499,0.0002625,1752.79
0,1122363,1,phononL,0.01,0.00300173,0.00100291,0.000252555,0,0.002674,1,0.00300406,0.00100073,0.0002625,339.404
0,1123005,7,phononTF,0.00122613,0.00200431,0.00200458,0.0002625,1625.76,0.000538026,1,0.00202433,0.00203412,-0.0002625,1806.02
0,1124429,3,phononTS,0.00130365,0.00201087,-0.00211562,-0.0002625,2.41008,0.000382,1,0.00200101,-0.00199723,0.0002625,995.292
0,1125915,12,phononTS,0.00105424,-0.005,0.0036476,-0.000211037,12277.1,0.000382,1,-3.46267e-06,0.0020033,0.0002625,15683.2
0,1128012,11,phononTS,0.00119689,0.000222952,0.00285259,-0.0002625,5583.75,0.000382,1,-4.41096e-06,0.00199598,0.0002625,6526.87
0,1129955,10,phononTS,0.00143931,0.00296345,0.00106706,-0.000262498,489.351,0.000764,1,0.00300424,0.00100478,0.0002625,584.606
0,1130709,7,phononTS,0.00174484,-0.00202573,0.00204893,-0.000262498,6254.35,0.000382,1,-0.001996,0.00199855,0.0002625,6343.7
0,1132223,18,phononTF,0.000566843,0.00226852,0.00026767,-0.0002625,184.601,0.000382,1,0.00199688,3.65907e-06,0.0002625,517.179
0,1132224,3,phononTF,0.00725677,0.00231092,0.00112456,0.000125662,49.5833,0.00136892,1,0.00222235,0.00103399,-0.0002625,125.23
0,1133053,27,phononL,0.000581829,-0.000502324,0.000626249,-0.0002625,654.181,0.000382,1,-0.0009996,0.000995415,0.0002625,1522.72
0,1134915,16,phononTS,0.000446003,0.00300164,0.000997747,0.000262498,4880.02,0.000446003,1,0.00301923,0.00104959,-0.0002625,4969.88
0,1141802,6,phononTF,0.000604931,0.00243149,0.000979549,-0.000262498,389.411,0.000382,1,0.0020013,0.00200102,0.0002625,615.943
0,1144984,5,phononTS,0.000559846,-0.00135556,0.0014127,-0.0002625,2438.98,0.000382,1,-0.00100496,0.000999887,0.0002625,7137.41
0,1147877,9,phononTF,0.00172915,0.00226966,0.00192295,-0.000262498,1240.81,0.000382,1,0.0019959,0.00199846,0.0002625,1348.38
0,1148446,9,phononTS,0.000472931,0.00253307,-0.000730818,-0.000262498,1568.44,0.000382,1,0.00199764,-0.00199673,0.0002625,1863.24
0,1150521,3,phononTS,0.000470198,0.00174341,-0.00265297,-0.0002625,28.3422,0.000382,1,0.00100138,-0.00300029,0.0002625,1909.74
0,1151623,3,phononTS,0.00290379,0.002953,0.00104445,-0.0002625,39.7863,0.000382,1,0.00299851,0.00100283,0.0002625,1232.18
0,1153269,15,phononL,0.00238924,0.00166351,0.00196925,-0.0002625,553.067,0.000764,1,0.0020019,0.0020009,0.0002625,761.473
0,1154018,8,phononTF,0.00161524,0.00300261,0.00099925,0.0002625,1109.65,0.000644217,1,0.00344785,0.00143191,-0.0002625,1551.22
0,1157139,21,phononTS,0.000384688,0.00198112,0.00195182,-0.0002625,2002.88,0.000382,1,0.00199601,0.00199953,0.0002625,3196.77
0,1157139,2,phononTS,0.00293278,0.00328544,0.00151417,-0.000237187,597.408,0.000781768,1,0.00328591,0.0015146,-0.0002625,601.74
0,1159057,12,phononTS,0.000620698,-0.00354672,0.005,0.000154143,13327.7,0.000382,1,0.00199528,8.65199e-07,0.0002625,14731.2
0,1163802,12,phononTS,0.000588704,0.00195832,3.55839e-05,-0.0002625,345.05,0.000382,1,0.00199838,4.31736e-06,0.0002625,702.693
0,1164768,19,phononL,0.000872766,-0.00328034,-0.00113385,-0.0002625,6015.3,0.000382,1,-0.00299928,-0.00100318,0.0002625,6675.4
0,1167546,6,phononTS,0.000642183,0.00299546,0.00100069,0.000262498,585.588,0.000642183,1,0.00302724,0.00103033,-0.0002625,682.253
0,1169394,12,phononTS,0.000773884,8.52437e-05,0.00140272,-0.000262498,1360.12,0.000382,1,-1.46108e-06,0.00200305,0.0002625,1515.95
0,1169394,2,phononTS,0.00474695,0.005,-0.00294827,-9.10453e-05,183.017,0.00249146,1,0.00499369,-0.00297078,-0.0002625,1130.68
0,1172480,6,phononTS,0.000476187,3.04e-06,0.00117985,-0.0002625,5657.91,0.000382,1,3.01121e-06,0.00199557,0.0002625,6239.61
0,1172982,7,phononTS,0.000700961,0.00233672,0.000973781,-0.000262498,291.286,0.000382,1,0.0029958,0.00100138,0.0002625,458.642
0,1174954,2,phononTF,0.0010258,0.00215979,0.000172875,-0.0002625,762.85,0.000382,1,0.00199851,4.7021e-06,0.0002625,1254.39
0,1175579,3,phononTF,0.00741786,0.00305356,0.000976217,0.00016185,354.87,0.001528,1,0.00299761,0.00100464,0.0002625,796.426
0,1175650,4,phononTS,0.00268531,0.00316647,0.00103487,-0.000262498,215.995,0.000382,1,0.00300204,0.000998452,0.0002625,323.987
0,1181684,15,phononTF,0.000477763,-0.00292709,-0.00269298,-0.000262498,7212.34,0.000382,1,-0.00199829,-0.00199736,0.0002625,7436.65
0,1184946,26,phononTS,0.000557179,-0.00101713,-0.00115065,-0.000262498,19092.4,0.000382,1,-0.000999433,-0.000996888,0.0002625,19198.3
0,1186693,15,phononTF,0.00051559,-0.00124717,-0.000752552,-0.0002625,3778.19,0.000382,1,-0.000996997,-0.00100078,0.0002625,4945.54
0,1187385,4,phononTS,0.00305918,0.000791766,-8.9849e-05,-0.0002625,40.7698,0.000382,1,1.03585e-07,1.24502e-06,0.0002625,1903.82
0,1187385,6,phononTF,0.000917421,1.03585e-07,1.24502e-06,0.000262498,1903.82,0.000389122,1,0.00054575,0.00054173,-0.0002625,2063.08
0,1187385,5,phononTS,0.00158639,1.03585e-07,1.24502e-06,0.000262498,1903.82,0.000566393,1,3.02027e-05,-2.9358e-05,-0.0002625,1993.33
0,1191860,15,phononTS,0.000950283,-0.00206061,-0.00199629,-0.0002625,10254.4,0.000382,1,-0.00200463,-0.0020025,0.0002625,10739.1
0,1192505,11,phononTS,0.000530357,-0.0029815,-0.000956774,-0.0002625,14858.9,0.000382,1,-0.00300336,-0.000996073,0.0002625,15275.7
0,1192505,2,phononTS,0.00119822,0.00225546,0.00112498,0.000262498,118.209,0.000876852,1,0.00132138,0.00129873,-0.0002625,338.762
0,1195637,15,phononTS,0.00040711,0.000717692,-0.00198097,-0.0002625,8888.54,0.000382,1,2.70475e-06,-0.00199741,0.0002625,9539.53
0,1195637,3,phononTS,0.00294614,0.00253305,0.00124307,0.000262498,88.4718,0.00192478,1,0.000912695,0.00316179,-0.0002625,560.205
0,1201262,4,phononTF,0.00141261,0.00111047,0.00088755,-0.0002625,52.3206,0.000764,1,0.000998178,0.00100431,0.0002625,453.02
0,1202499,3,phononL,0.00286053,0.00234565,-0.000297847,-0.0002625,80.4747,0.001528,1,0.00200341,-1.62735e-06,0.0002625,495.771
0,1204171,21,phononTS,0.000545979,0.00199505,-4.47199e-06,0.000262498,12075.9,0.000545979,1,0.00193286,1.13937e-05,-0.0002625,12171.1
0,1207277,11,phononTS,0.000854563,0.00299674,0.00100146,0.0002625,1065.14,0.000590256,1,0.00320529,0.000664184,-0.0002625,1343.83
0,1207277,2,phononTF,0.00162372,0.00250111,0.00140096,0.000262498,82.6841,0.00137638,1,0.00352864,0.00251607,-0.0002625,359.307
0,1213423,13,phononTF,0.00081133,-0.00143428,0.00257831,-0.0002625,5381.13,0.000382,1,-0.00200154,0.002001,0.0002625,5876.52
0,1215000,25,phononTF,0.00107037,-0.00299953,-0.00100171,0.000262498,4611.5,0.000387784,1,-0.00357901,-0.00158938,-0.0002625,4778.93
0,1217856,11,phononTS,0.000522217,0.00256279,0.00114262,-0.0002625,350.579,0.000382,1,0.00299569,0.00100498,0.0002625,786.908
0,1218532,9,phononTS,0.000587028,0.000991256,-0.00302942,-0.000262498,3668.56,0.000382,1,0.00100335,-0.00300322,0.0002625,3758.87
0,1221032,15,phononTS,0.000505641,-0.00200334,-0.00199794,0.000262498,1116.15,0.000505641,1,-0.00197079,-0.00204419,-0.0002625,1205.47
0,1228194,3,phononTS,0.000441789,0.00194912,0.00184845,-0.0002625,628.376,0.000382,1,0.00200424,0.00200394,0.0002625,844.985
0,1231604,2,phononTF,0.0020169,0.00115373,0.0015814,-0.0002625,110.955,0.000764,1,3.97648e-06,0.00199705,0.0002625,604.5
0,1234281,6,phononTS,0.00293698,0.0020443,0.00232839,-0.0002625,490.833,0.000764,1,0.00200217,0.00199862,0.0002625,869.302
0,1238646,2,phononTS,0.00160821,-4.12916e-05,-0.00198027,-0.0002625,410.986,0.001146,1,-2.78208e-07,-0.00200069,0.0002625,2996.14
0,1239490,20,phononTS,0.000819909,0.00106117,0.00184463,-0.000262498,1314.43,0.000382,1,2.51838e-06,0.00200037,0.0002625,1553.22
0,1242169,8,phononTS,0.000463728,0.000709041,-0.0013052,-0.000262498,6465.53,0.000382,1,0.00099902,-0.000996232,0.0002625,6609.42
0,1242351,6,phononTS,0.00185464,-2.51312e-05,0.0020555,-0.0002625,110.839,0.000764,1,3.87958e-06,0.00200226,0.0002625,1111.3
0,1243186,5,phononTS,0.00047535,0.00296657,0.000972294,-0.000262498,1218.65,0.000382,1,0.00300168,0.00100317,0.0002625,1308.11
0,1243186,2,phononTS,0.00134599,0.00250847,0.00114722,0.000262498,38.7581,0.000332817,1,0.00166811,0.00115973,-0.0002625,239.861
0,1247002,12,phononL,0.000605754,0.00164646,0.00257683,-0.0002625,1946.97,0.000382,1,0.00199517,0.00200325,0.0002625,2255.78
0,1252036,2,phononL,0.000702966,0.00263111,0.00111868,-0.0002625,233.361,0.000382,1,0.00299578,0.000997482,0.0002625,376.77
0,1255576,4,phononL,0.0020125,0.00226682,0.00169322,-0.0002625,53.5323,0.000382,1,0.00200458,0.00199946,0.0002625,199.557
0,1256086,3,phononL,0.000757583,0.00211239,0.00178126,-0.0002625,17.3609,0.000382,1,0.00199995,0.00199592,0.0002625,280.866
0,1256086,2,phononTF,0.0011584,0.0024497,0.00113731,0.000262498,17.3609,0.000417496,1,0.00251564,0.00107442,-0.0002625,108.578
0,1259069,15,phononTS,0.00112126,0.00300434,0.000998212,0.000262498,260.487,0.000868745,1,0.00269552,0.00102072,-0.0002625,381.642
0,1262221,5,phononTS,0.000830583,0.000135373,0.00187298,-0.0002625,1332.71,0.000382,1,1.93143e-06,0.00200196,0.0002625,1847.41
0,1263521,8,phononL,0.000936362,0.00200316,-3.46637e-06,0.000262498,13345.9,0.000516057,1,0.00234734,0.000442808,-0.0002625,13430.2
0,1264265,9,phononTF,0.000532836,1.11292e-05,0.00172477,-0.000262498,3032.34,0.000382,1,-0.00100274,0.00300184,0.0002625,3330.97
0,1264812,8,phononTS,0.000950684,0.00153047,-0.00125615,-0.000262499,6706.98,0.000382,1,0.00100014,-0.000995722,0.0002625,6874.33
0,1266427,6,phononTS,0.00102943,0.00247148,0.00334372,-0.000262498,841.876,0.000382,1,0.0019981,0.00199531,0.0002625,1144.32
0,1277357,2,phononTS,0.00266987,0.00297556,0.00102586,-0.0002625,295.588,0.001146,1,0.00299968,0.00100453,0.0002625,1035.31
0,1277997,13,phononTS,0.00109949,0.00253407,-0.005,-0.000188274,3044.04,0.000382,1,-0.000996362,-0.00099916,0.0002625,6081.38
0,1279651,9,phononTS,0.00056382,0.0019529,-0.00121055,-0.0002625,4016.57,0.000382,1,0.00200048,-0.00199816,0.0002625,4957.33
0,1284739,14,phononTF,0.000620564,-0.00300196,-0.00298364,-0.0002625,2632.73,0.000382,1,-0.00200224,-0.00199915,0.0002625,3401.82
0,1284901,4,phononTS,0.000815383,0.00204865,0.000398855,-0.0002625,435.747,0.000382,1,0.00200269,4.81097e-06,0.0002625,1066.06
0,1284928,3,phononTS,0.00203136,0.00212658,4.44925e-05,-0.0002625,156.102,0.000382,1,0.00200324,-1.81222e-06,0.0002625,4544.38
0,1285172,8,phononTF,0.000423175,0.00286822,0.00110042,-0.0002625,656.705,0.000382,1,0.00299736,0.000998424,0.0002625,1139.37
0,1294066,5,phononTS,0.000549409,0.00071916,0.000963303,-0.000262498,797.242,0.000382,1,0.000998394,0.00100154,0.0002625,914.338
0,1294822,5,phononTS,0.000769623,0.000458385,-0.00168986,-0.000262498,1808.28,0.000382,1,0.000997687,-0.00299836,0.0002625,2107.35
0,1297438,2,phononTS,0.0012577,0.00287138,0.00104591,-0.0002625,16.3954,0.000382,1,0.00299993,0.000999936,0.0002625,419.377
0,1299031,12,phononL,0.000670484,0.000565475,-0.000745069,-0.0002625,4248.45,0.000382,1,0.00100413,-0.00100006,0.0002625,4983.5
0,1301889,6,phononTF,0.000424805,0.00213667,0.00213302,-0.0002625,780.435,0.000382,1,0.00199582,0.00200232,0.0002625,6596.23
0,1304479,7,phononTS,0.000694735,0.00195461,0.000140817,-0.0002625,867.834,0.000382,1,0.00200235,1.23664e-06,0.0002625,1376.55
0,1306185,2,phononL,0.000849655,0.00149828,0.000467573,-0.0002625,8.17819,0.000382,1,0.0010025,0.00100182,0.0002625,965.429
0,1310851,28,phononTF,0.000889177,0.000217139,0.000159253,-0.0002625,4133.98,0.000382,1,-1.94967e-06,4.77812e-06,0.0002625,6229.47
0,1314645,5,phononTS,0.00210827,0.00167402,0.00105588,-0.0002625,249.482,0.000764,1,0.000997908,0.000995281,0.0002625,590.825
0,1317774,13,phononTS,0.000461852,-0.00194607,-0.000377514,-0.0002625,12560.4,0.000382,1,-0.00199548,4.467e-06,0.0002625,15005.5
0,1317774,2,phononTS,0.00182789,0.00226983,0.00121266,0.000262498,563.226,0.000648394,1,0.00193306,0.00178692,-0.0002625,742.852
0,1321811,5,phononTS,0.00119009,0.00141653,-5.35999e-05,-0.000262498,613.224,0.000382,1,0.00100042,-0.0010023,0.0002625,851.333
0,1323925,4,phononTS,0.00195376,0.00199769,-4.00948e-06,0.0002625,711.433,0.000942685,1,0.00195999,-4.99237e-05,-0.0002625,1020.89
0,1330812,11,phononTF,0.000425693,-0.00152933,0.00159828,-0.000262499,11918.7,0.000382,1,-0.00199821,0.0019997,0.0002625,12060
0,1331752,7,phononTS,0.00108104,0.00154739,1.35767e-05,-0.0002625,483.07,0.000382,1,0.00200178,-4.97061e-06,0.0002625,2178.93
0,1337644,16,phononL,0.000592198,-0.00435831,-0.00100783,-0.0002625,9803.49,0.000382,1,-0.00300203,-0.000998196,0.0002625,10072.2
0,1344369,8,phononTS,0.00223045,0.00204326,0.00163662,-0.0002625,1047.98,0.000382,1,0.00200074,0.0020049,0.0002625,2444.22
0,1347217,4,phononTS,0.00115386,0.0017577,0.0011327,-0.0002625,33.9485,0.000382,1,0.000998675,0.00100404,0.0002625,407.08
0,1347691,7,phononTF,0.00126722,0.00214109,0.00182524,-0.0002625,657.903,0.000764,1,0.00200433,0.00199762,0.0002625,854.604
0,1352475,12,phononTS,0.000620819,0.00203584,-0.00144713,-0.0002625,140.43,0.000382,1,0.00200033,-0.00200379,0.0002625,885.909
0,1352527,3,phononTS,0.00201848,0.00220317,0.000601909,-0.0002625,100.276,0.000764,1,0.00199724,3.48978e-06,0.0002625,444.857
0,1354770,16,phononTF,0.000488955,-0.000328265,0.000498666,-0.0002625,3029.03,0.000382,1,0.000998727,0.00100368,0.0002625,7372.28
0,1365826,7,phononTF,0.000615164,0.00196202,0.00218357,-0.000262498,261.914,0.000382,1,0.00199757,0.0019971,0.0002625,360.33
0,1367342,2,phononTS,0.000615772,0.00219693,0.00109348,-0.000262498,358.757,0.000382,1,0.00299877,0.00100301,0.0002625,547.898
0,1369671,2,phononTF,0.00257842,0.00276025,0.000764758,-0.000262498,568.994,0.000382,1,0.00300014,0.0010007,0.0002625,676.044
0,1369671,15,phononTF,0.0010026,0.00300014,0.0010007,0.000262498,676.044,0.000270797,1,0.00228787,0.00173189,-0.0002625,872.456
0,1372427,8,phononTS,0.000797329,0.000595255,2.06562e-06,-0.0002625,1043.5,0.000382,1,2.08339e-06,-4.13641e-06,0.0002625,1525.18
0,1373277,6,phononL,0.000439547,0.000535912,0.000205453,-0.000262498,566.255,0.000382,1,-2.20057e-06,4.56575e-06,0.0002625,650.578
0,1375427,22,phononTS,0.000772002,0.001893,-8.22913e-05,-0.0002625,1040.21,0.000382,1,0.00199684,-3.29993e-06,0.0002625,1356.46
0,1378019,2,phononTS,0.000808341,0.00321485,0.00213329,-0.0002625,14.6787,0.000382,1,0.00300126,0.00100082,0.0002625,704.921
0,1379311,5,phononTS,0.00223821,0.00196591,0.000185068,-0.0002625,1228.57,0.000382,1,0.00200389,3.35641e-06,0.0002625,2078.37
0,1380553,4,phononL,0.000989055,0.00273245,0.000309911,-0.0002625,26.7017,0.000382,1,0.00199994,-4.47579e-06,0.0002625,332.591
0,1380801,12,phononTS,0.000504335,0.00194698,0.00198564,-0.0002625,5376.26,0.000382,1,0.00200005,0.00199595,0.0002625,5663.84
0,1383299,7,phononTS,0.000423655,0.00104744,0.000990007,-0.000262498,1748.99,0.000382,1,0.000996149,0.00100486,0.0002625,1840.63
0,1383726,9,phononTF,0.00234691,0.00119042,0.00102894,-0.0002625,609.242,0.000382,1,0.00100268,0.00099995,0.0002625,904.75
0,1385351,14,phononTS,0.000539682,0.00341484,0.000648446,-0.0002625,10913.1,0.000382,1,0.00199573,0.00200059,0.0002625,12073.9
0,1386483,4,phononTS,0.00154444,0.00170921,0.00100443,-0.0002625,57.7971,0.000382,1,0.000996366,0.000995025,0.0002625,414.624
0,1386483,13,phononTF,0.000907802,0.000996366,0.000995025,0.000262498,414.624,0.000691466,1,0.00250364,-0.000496755,-0.0002625,788.628
0,1391982,8,phononL,0.000573889,-0.0023872,0.000232465,-0.0002625,4684.46,0.000382,1,-0.0020022,5.11395e-07,0.0002625,4911.65
0,1397691,7,phononTF,0.00119333,0.00405702,-0.005,-0.000148595,1468.23,0.000610365,1,0.00349514,-0.00425175,-0.0002625,2693.73
0,1401605,2,phononTS,0.000676192,0.00131867,0.00162473,-0.0002625,82.8728,0.000382,1,-4.31195e-06,0.00199682,0.0002625,668.618
0,1401654,2,phononTS,0.00107769,-0.000929753,-0.000515063,-0.0002625,48.2885,0.000382,1,-0.000995793,-0.00100091,0.0002625,3037.25
0,1403759,3,phononTF,0.00635437,0.00289221,0.000897695,-3.27037e-05,348.94,0.00191,1,0.00299522,0.00100435,0.0002625,405.498
0,1407947,5,phononTS,0.00169741,0.00333126,0.00103618,-0.000262498,738.935,0.000382,1,0.00299568,0.00100424,0.0002625,863.09
0,1408614,28,phononTF,0.000681775,-0.00120463,0.00321,-0.000262498,3497.28,0.000382,1,-0.00100437,0.00300097,0.0002625,3599.89
0,1408708,8,phononL,0.000407301,0.00165191,0.00179689,-0.0002625,1182.62,0.000382,1,0.00200067,0.00199729,0.0002625,2612.51
0,1415369,16,phononL,0.00046299,0.000941534,0.00105524,-0.000262498,1424.11,0.000382,1,0.00100136,0.00100076,0.0002625,1486.77
0,1415793,17,phononTF,0.000560278,-0.000600965,-0.000684774,-0.0002625,5598.99,0.000382,1,-0.000999953,-0.000996231,0.0002625,5983.52
0,1416447,8,phononTF,0.000503828,0.000995132,0.00100434,0.0002625,4043.8,0.000503828,1,0.00045356,0.00047957,-0.0002625,4358.22
0,1416448,1,phononTS,0.01,0.00220225,0.00114049,-0.000240053,0,0.00149118,1,0.00219939,0.00116946,-0.0002625,213.676
0,1418452,20,phononTF,0.000906585,0.00275867,0.000681525,-0.000262498,579.416,0.000764,1,0.00300223,0.00100326,0.0002625,695.6
0,1418452,2,phononTS,0.000904502,0.0020905,0.000567947,0.000262498,402.98,0.000671214,1,-0.00272479,0.00368858,-0.0002625,1466
0,1420973,22,phononTF,0.000547373,0.00200224,0.00199546,0.000262498,727.008,0.000547373,1,0.000320139,0.000330851,-0.0002625,1141.96
0,1427090,4,phononTF,0.00271095,0.00287574,0.000963693,-0.0002625,85.374,0.000764,1,0.00300439,0.000999731,0.0002625,461.709
0,1427728,13,phononTS,0.000442632,0.00195492,-0.00233112,-0.0002625,11125.7,0.000382,1,0.00199535,-0.00200382,0.0002625,11739.1
0,1429656,9,phononTF,0.000446722,0.00383064,0.00183963,-0.0002625,480.742,0.000382,1,0.00300295,0.000996683,0.0002625,1137.93
0,1432482,9,phononL,0.000484793,0.00353974,0.0011818,-0.0002625,1410.71,0.000382,1,0.00300295,0.000996655,0.0002625,1788.2
0,1432482,5,phononTS,0.00181951,-0.00274078,0.005,-0.000105001,169.076,0.00111561,1,-0.0015918,0.0038249,-0.0002625,1601.08
0,1432609,4,phononTF,0.000631867,0.000533329,0.002482,-0.0002625,2410.37,0.000382,1,2.95484e-06,0.00200247,0.0002625,2871.57
0,1442543,9,phononL,0.00039148,0.00299873,0.000996624,0.000262498,418.113,0.00039148,1,0.00252923,0.0010512,-0.0002625,494.731
0,1443640,7,phononTS,0.00177019,0.00100416,0.00100092,0.000262498,940.401,0.000461077,1,0.000996882,0.0012834,-0.0002625,1059.61
0,1444413,6,phononTS,0.000677303,-0.000173236,-0.00330535,-0.0002625,7156.68,0.000382,1,0.00100324,-0.00300172,0.0002625,8548.65
0,1450086,5,phononTS,0.000906937,-0.00142492,-0.00300435,-0.0002625,5317.63,0.000382,1,-0.00199539,-0.00199761,0.0002625,6358.01
0,1452801,3,phononTS,0.00159971,0.00207995,-0.00202383,-0.0002625,32.8912,0.000382,1,0.00199862,-0.00199557,0.0002625,1692.53
0,1454352,5,phononTF,0.000687035,0.00117403,-0.000812954,-0.0002625,612.384,0.000382,1,0.000995404,-0.000995866,0.0002625,1696.94
0,1454406,7,phononTF,0.000866589,0.00209966,0.00212282,-0.0002625,629.488,0.000382,1,0.00199891,0.00200189,0.0002625,1602.89
0,1454596,12,phononTF,0.000975743,0.00272313,0.000503215,-0.0002625,903.515,0.000382,1,0.00300167,0.000996165,0.0002625,1324.89
0,1454785,5,phononTS,0.00233948,0.00202497,-0.00198272,-0.000262498,975.49,0.000764,1,0.00199822,-0.00200023,0.0002625,1065.18
0,1458883,17,phononTF,0.000575516,0.00179123,0.00179186,-0.000262498,282.589,0.000382,1,0.0019963,0.0020028,0.0002625,385.6
0,1461612,14,phononTF,0.000557169,0.00199762,0.00199756,0.0002625,824.215,0.000557169,1,0.00184526,0.00183773,-0.0002625,2185.53
0,1462324,14,phononTF,0.000447365,0.00251643,-0.005,0.00013325,10833,0.000447365,1,0.00228903,-0.00476845,-0.0002625,13455.5
0,1464589,6,phononTS,0.000691787,0.00228861,0.000986927,-0.000262498,826.188,0.000382,1,0.00300175,0.000995238,0.0002625,1001.97
0,1465637,11,phononTS,0.000931627,0.0019781,0.00197577,-0.000262498,474.974,0.000382,1,0.00200092,0.00200213,0.0002625,564.657
0,1469121,11,phononTF,0.000640742,0.00245157,-0.000441921,-0.0002625,10600.1,0.000382,1,0.00199608,3.76727e-06,0.0002625,11722
0,1470226,8,phononTF,0.000566984,0.00146334,-0.00261102,-0.0002625,2470.96,0.000382,1,0.00100064,-0.00300221,0.0002625,3170.69
0,1470913,6,phononTF,0.000721915,-0.00185284,0.000168994,-0.0002625,3997.55,0.000382,1,-0.00100447,0.00099905,0.0002625,8899.19
0,1470913,3,phononTS,0.00100035,0.0025667,0.00123357,0.000262498,69.364,0.000749259,1,0.00249817,0.0013318,-0.0002625,173.555
0,1470913,2,phononTF,0.000751186,0.000665147,0.005,0.000191435,69.364,0.00030939,1,0.000223446,0.00454751,-0.0002625,927.35
0,1481871,6,phononTF,0.000739096,0.00124256,0.00125183,-0.000262498,792.437,0.000382,1,0.00100469,0.00100212,0.0002625,899.901
0,1487866,11,phononTS,0.000388024,0.00197964,4.01794e-05,-0.000262498,3957.26,0.000388024,1,0.005,-0.00300631,0.000160941,4753.48
0,1489480,5,phononTF,0.000673658,0.00212378,0.00188026,-0.0002625,133.289,0.000382,1,0.00200299,0.00199887,0.0002625,659.154
0,1491576,4,phononTF,0.00188935,0.00118013,-0.000725232,-0.0002625,1586.12,0.000764,1,0.00100043,-0.00100434,0.0002625,2462.89
0,1495431,8,phononTF,0.000997404,-0.000229962,0.00168467,-0.0002625,1336.46,0.000382,1,2.68698e-06,0.00199842,0.0002625,2322.91
0,1496005,4,phononTS,0.00141857,0.00112601,-0.000948794,-0.0002625,156.466,0.000382,1,0.000998216,-0.000995513,0.0002625,4291.57
0,1503107,4,phononTF,0.00104888,-0.0046926,0.00136646,-0.0002625,3672.71,0.000382,1,-0.00200321,0.00200073,0.0002625,4531.81
0,1509150,6,phononTS,0.00138613,0.00200125,0.00200489,0.000262498,491.676,0.000384477,1,0.00176683,0.00195014,-0.0002625,607.99
0,1510390,11,phononTS,0.0010053,0.00301224,0.000960956,-0.0002625,456.431,0.000382,1,0.00300284,0.00100014,0.0002625,768.782
0,1511009,8,phononL,0.00057125,0.00123707,0.000973999,-0.0002625,470.601,0.000382,1,0.000995806,0.000998391,0.0002625,668.138
0,1512230,11,phononTS,0.000388762,0.00255076,-0.000398965,-0.0002625,264.288,0.000382,1,0.00299713,0.00100328,0.0002625,1055.67
0,1513010,11,phononTS,0.000413774,-5.19985e-05,0.00198102,-0.000262498,9407.2,0.000382,1,-2.74969e-06,0.00200248,0.0002625,9496.89
0,1514711,9,phononTF,0.00110802,0.00099695,-0.00300226,0.000262498,4015.75,0.000683221,1,0.000809586,-0.00284808,-0.0002625,4115.68
0,1520302,10,phononTS,0.00126041,-0.00104678,0.000968566,-0.0002625,2723.46,0.000382,1,-0.00100201,0.00099925,0.0002625,3192.7
0,1520302,11,phononTF,0.000539948,-0.00100201,0.00099925,0.000262498,3192.7,0.000539948,1,-0.000931914,0.000925347,-0.0002625,3284.24
0,1524154,20,phononTS,0.000415905,0.00211509,-0.00195144,-0.0002625,10009.9,0.000382,1,0.00199708,-0.00199872,0.0002625,11395.9
0,1524352,2,phononTF,0.00096042,0.00288039,0.00113752,-0.0002625,554.307,0.000382,1,0.00300234,0.00100467,0.0002625,744.91
0,1531687,5,phononTS,0.00058597,0.00143974,-0.00103369,-0.0002625,762.938,0.000382,1,0.00100236,-0.000999195,0.0002625,1254.91
0,1531888,6,phononTS,0.000513783,0.00310763,0.0011044,-0.0002625,1423.38,0.000382,1,0.00299859,0.000995043,0.0002625,1964.43
0,1531888,3,phononL,0.00205861,0.00229619,0.000993734,0.000262498,264.431,0.000682935,1,0.00225905,0.0011982,-0.0002625,329.309
0,1533159,7,phononTS,0.000608789,0.00188721,0.00195621,-0.0002625,1111.05,0.000382,1,0.00200311,0.00199809,0.0002625,1618.85
0,1533616,9,phononL,0.000483855,-0.000327149,0.00135875,-0.0002625,3195.24,0.000382,1,-0.00100363,0.000999356,0.0002625,3909.26
0,1542553,5,phononTF,0.00176715,0.00100304,-0.00100279,0.000262498,1207.62,0.000236792,1,0.000818783,-0.00119672,-0.0002625,1308.44
0,1543334,22,phononTS,0.00110997,0.00100237,-0.00100233,0.0002625,1271.6,0.000757944,1,0.00100027,-0.0010448,-0.0002625,1994.33
0,1547729,4,phononTS,0.00242785,0.00112532,0.00098668,-0.0002625,113.293,0.000382,1,0.000998451,0.00100069,0.0002625,1351.44
0,1554889,3,phononTF,0.000422414,0.0021247,0.00257826,-0.0002625,925.395,0.000382,1,0.00100411,-0.000996961,0.0002625,3333.03
0,1556094,4,phononTS,0.00213698,0.00250212,0.00101185,-0.000262498,246.002,0.000764,1,0.00300056,0.00100449,0.0002625,392.591
0,1561845,26,phononL,0.000441512,-0.000553896,0.00133257,-0.000262498,5392.09,0.000382,1,-0.00100447,0.000997924,0.0002625,5476.17
0,1566014,3,phononTF,0.00126803,0.00271163,0.00129273,-0.000262498,813.373,0.000382,1,0.00300178,0.00100341,0.0002625,927.385
0,1566160,10,phononTF,0.000645161,-0.00183996,-0.000189961,-0.0002625,3535.75,0.000382,1,-0.00199633,-4.41886e-06,0.0002625,4460.66
0,1566574,5,phononL,0.000577534,0.000705211,-0.00400504,-0.0002625,297.543,0.000382,1,0.00100384,-0.00300017,0.0002625,1248.6
0,1566713,4,phononTS,0.000806458,-0.00206501,-0.00287606,-0.0002625,4338.72,0.000382,1,-0.00200447,-0.0020016,0.0002625,8492.42
0,1568971,7,phononTS,0.00100669,-8.16083e-05,0.0020467,-0.000262498,2416.63,0.000382,1,-8.38818e-07,0.00199571,0.0002625,2513.04
0,1568971,2,phononTF,0.00216689,0.00261046,0.00124729,0.000262498,32.9763,0.000486102,1,0.00295024,0.000915429,-0.0002625,154.234
0,1569734,7,phononTF,0.000693859,0.00375611,0.00176848,-0.000262498,1139.55,0.000382,1,0.0030022,0.0010019,0.0002625,1344.35
0,1571311,10,phononL,0.000977704,0.00201376,0.000214527,-0.0002625,130.608,0.000382,1,0.00200178,8.60057e-07,0.0002625,585.858
0,1572024,7,phononTF,0.000402652,0.00300311,0.000996925,0.000262498,1763.17,0.000402652,1,0.00199107,1.79387e-06,-0.0002625,2022.18
0,1574882,12,phononTF,0.000401875,-0.00283466,-0.00146962,-0.0002625,8835.79,0.000382,1,-0.00299975,-0.00100087,0.0002625,10196.5
0,1580642,6,phononTS,0.000544646,0.00066226,-6.90295e-05,-0.000262498,1037.64,0.000382,1,-2.82672e-06,-4.58697e-06,0.0002625,1206.74
0,1585316,12,phononTS,0.000514758,0.00204359,5.69734e-05,-0.0002625,13216.1,0.000382,1,0.00200484,3.92036e-06,0.0002625,14251.3
0,1586300,2,phononTS,0.00187548,0.00231925,0.000801861,-0.0002625,139.94,0.000764,1,0.00199938,-3.37688e-06,0.0002625,503.001
0,1587803,9,phononTS,0.000412071,-0.00159993,-0.000350026,-0.0002625,8693.73,0.000382,1,-0.00200127,-9.98487e-07,0.0002625,9173.46
0,1587948,6,phononTS,0.000512596,0.00304111,0.000960123,-0.000262498,385.485,0.000382,1,0.00300272,0.00100275,0.0002625,478.936
0,1589724,8,phononTF,0.000503762,-0.000803629,-0.0012961,-0.0002625,5239.44,0.000382,1,-2.0588e-06,-0.00199546,0.0002625,9908.89
0,1592130,8,phononTS,0.000611064,-0.00295404,-0.000958278,-0.0002625,717.336,0.000382,1,-0.00300176,-0.000997535,0.0002625,2032.31
0,1595263,14,phononTS,0.000868894,-0.00199831,2.75329e-06,0.000262498,1284.61,0.000868894,1,-0.00166729,4.63288e-05,-0.0002625,1407.88
0,1596082,2,phononTF,0.00104031,0.00223734,0.0016137,-0.0002625,14.3249,0.000382,1,0.00200446,0.00199558,0.0002625,261.621
0,1596558,7,phononTS,0.00050414,0.000507846,0.00176165,-0.0002625,1025.04,0.000382,1,2.05472e-06,0.00199771,0.0002625,1511.62
0,1597497,4,phononTS,0.00196155,-0.00045511,0.00279106,-0.0002625,484.337,0.000382,1,-0.00100285,0.00300269,0.0002625,2129.06
0,1599735,17,phononTS,0.000409743,-0.000665601,-0.00114069,-0.0002625,1818.3,0.000382,1,-0.001004,-0.00100028,0.0002625,2488.2
0,1600670,7,phononTS,0.000556269,0.00150596,0.0009116,-0.0002625,1018.63,0.000382,1,0.000999577,0.00100169,0.0002625,1412.98
0,1602887,2,phononTS,0.00464289,0.00231315,0.00172252,9.93568e-05,861.806,0.000382,1,0.00299988,0.00100085,0.0002625,1043.02
0,1602887,7,phononTS,0.00146168,0.00299988,0.00100085,0.000262498,1043.02,0.000406632,1,0.00297461,0.000977149,-0.0002625,1132.68
0,1603078,15,phononTF,0.000425375,0.000177177,-0.00254235,-0.000262498,9401.48,0.000382,1,3.02267e-06,-0.00200356,0.0002625,9547.58
0,1603078,2,phononTS,0.000543289,0.00263818,0.00115284,0.000262498,187.906,0.000543289,1,0.00276181,0.000593182,-0.0002625,349.428
0,1604748,18,phononTS,0.00050897,0.000999405,0.00100353,0.000262498,2208.46,0.00050897,1,0.00197635,0.000720825,-0.0002625,2441.29
0,1605595,13,phononTF,0.0015463,0.00200421,8.21925e-07,0.0002625,324.68,0.00151,1,0.001955,5.70823e-05,-0.0002625,506.391
0,1605949,2,phononTS,0.00284983,0.0019484,0.00198123,-0.0002625,181.89,0.001146,1,0.00200365,0.0020028,0.0002625,1734.69
0,1607535,8,phononTF,0.000633989,0.000997789,0.00100347,0.0002625,482.978,0.000633989,1,0.000677778,0.000821145,-0.0002625,712.065
0,1607994,15,phononTF,0.000418912,0.000397401,-0.000434334,-0.0002625,11420.7,0.000382,1,0.00100203,-0.000998959,0.0002625,13689.9
0,1610075,17,phononTS,0.000593028,-3.52687e-05,-0.00195227,-0.000262498,2553.16,0.000382,1,3.05052e-06,-0.00199693,0.0002625,2642.39
0,1610210,6,phononTF,0.00063644,0.00251955,0.00161875,-0.0002625,4273.42,0.000382,1,0.00200281,0.00199987,0.0002625,12539.9
0,1610210,2,phononTS,0.000698303,0.0027194,0.0010859,0.000262498,229.003,0.000147298,1,0.00282399,0.00106943,-0.0002625,327.802
0,1610374,10,phononTF,0.00052085,0.00157746,0.00040901,-0.0002625,1150.56,0.000382,1,0.000998542,0.00100479,0.0002625,2286.11
0,1617863,15,phononTF,0.000672979,0.00100311,-0.00300039,0.000262498,7854.34,0.000367796,1,0.00131942,-0.00269132,-0.0002625,7971.84
0,1622083,2,phononL,0.00204809,0.00194231,0.00246047,-0.0002625,157.048,0.001146,1,0.00200392,0.00200008,0.0002625,878.999
0,1622084,1,phononTS,0.01,0.00259988,0.00146807,-0.000163025,0,0.0015498,1,0.00259344,0.00133897,-0.0002625,949.868
0,1622718,14,phononTS,0.000450344,-0.00100079,-0.00103559,-0.0002625,1359.99,0.000382,1,-0.000998701,-0.00100249,0.0002625,4468.19
0,1622718,2,phononTS,0.00267894,0.00271862,0.00113185,0.000211679,515.769,0.000971505,1,0.002684,0.00115623,-0.0002625,753.961
0,1629023,2,phononTS,0.00130194,0.00302933,0.00144429,-0.0002625,90.8426,0.000764,1,0.00299804,0.000999095,0.0002625,429.348
0,1635088,6,phononL,0.000605784,0.00297539,0.000691555,-0.000262498,1207.24,0.000382,1,0.00299654,0.0010031,0.0002625,1275.54
0,1643147,15,phononTS,0.000764962,-0.00167755,-0.00112304,-0.0002625,5434.29,0.000382,1,-0.00200398,1.46855e-06,0.0002625,7700.77
0,1643602,6,phononTS,0.00174706,0.00306687,0.000956845,-0.0002625,1509.01,0.000764,1,0.00300157,0.0010023,0.0002625,1985.68
0,1646067,9,phononTS,0.000606155,0.0020247,2.78467e-05,-0.0002625,867.479,0.000382,1,0.00199877,4.86147e-06,0.0002625,1136.36
0,1646067,3,phononTF,0.000702675,0.00241789,0.00125429,0.000262498,16.3705,0.000702675,1,0.00257004,0.00109453,-0.0002625,113.832
0,1646067,2,phononTS,0.00070811,0.00241789,0.00125429,0.000262498,16.3705,0.00070811,1,0.00254713,0.00120653,-0.0002625,117.134
0,1651751,16,phononTS,0.000479461,0.00423362,-0.00375994,-0.0002625,1684.9,0.000382,1,0.00200414,-0.00200445,0.0002625,4841.26
0,1654232,8,phononL,0.000499216,0.00219102,0.00144364,-0.000262498,409.828,0.000382,1,0.00300208,0.00100464,0.0002625,527.615
0,1654790,20,phononTS,0.000493639,0.00100387,0.000995916,0.000262498,1079.16,0.000493639,1,0.000323071,0.000925312,-0.0002625,1255.29
0,1654809,2,phononL,0.000774196,8.04758e-05,0.000514072,-0.0002625,107.041,0.000382,1,4.56038e-06,-7.0565e-07,0.0002625,491.75
0,1655094,8,phononTS,0.000766116,0.00239204,0.00107123,-0.0002625,369.35,0.000382,1,0.00299829,0.00100481,0.0002625,840.776
0,1660191,6,phononTS,0.000429404,0.00104782,0.000506301,-0.000262498,6626.84,0.000382,1,0.000998592,0.000997171,0.0002625,6771.13
0,1662179,6,phononTF,0.00105907,0.00100571,0.0015064,-0.000262498,1502.68,0.000764,1,0.00200388,0.00200162,0.0002625,1727.61
0,1662453,4,phononTF,0.000456868,-0.000873753,-0.00138444,-0.0002625,1069.3,0.000382,1,-0.000999936,-0.000996047,0.0002625,4728.03
0,1663576,4,phononTS,0.00119392,0.00295481,0.00103456,-0.0002625,180.636,0.000382,1,0.00300433,0.000997638,0.0002625,358.922
0,1665024,5,phononTF,0.000990806,0.00294372,0.00105481,-0.000262498,521.678,0.000382,1,0.00299636,0.00100456,0.0002625,612.412
0,1669005,4,phononTS,0.001605,-0.00212153,8.38452e-05,-0.0002625,16.6013,0.000382,1,-0.00200058,1.70729e-06,0.0002625,1596.89
0,1670610,5,phononTS,0.00117292,0.00200189,0.00199741,0.0002625,610.106,0.000540423,1,0.00181632,0.00209834,-0.0002625,1416.19
0,1670673,12,phononTS,0.00157035,0.000999659,0.00100478,0.000262499,2224.86,0.000370215,1,0.00182904,0.000461431,-0.0002625,2457.46
0,1671645,7,phononTS,0.00115832,0.000407377,-0.00086472,-0.0002625,395.573,0.000382,1,1.63507e-06,-0.00199518,0.0002625,3331.87
0,1676743,2,phononTF,0.000395308,0.00239,0.00159482,-0.0002625,1676.01,0.000382,1,0.00200394,0.00199617,0.0002625,2118.78
0,1678370,6,phononTS,0.00117213,0.0019985,0.00199619,0.000262499,2023.43,0.000421681,1,0.00192874,0.00200585,-0.0002625,2120.58
0,1681362,7,phononTF,0.000741801,0.00317221,0.00083908,-0.000262498,203.647,0.000382,1,0.00299799,0.00100372,0.0002625,302.78
0,1681362,3,phononTF,0.00260383,0.0024859,0.00118352,0.000262498,8.49267,0.00108425,1,0.00201998,0.000734439,-0.0002625,151.04
0,1686707,10,phononTS,0.00253189,0.00299508,0.000997452,0.000262499,3561,0.00202562,1,0.00321285,0.000980734,-0.0002625,3671.16
0,1688206,2,phononTS,0.00490306,0.000444847,0.00193364,-0.000191261,333.376,0.000764,1,-2.77594e-06,0.00200113,0.0002625,900.072
0,1688560,3,phononTS,0.00085164,0.00171587,0.00100218,-0.0002625,126.467,0.000382,1,0.00100235,0.0010031,0.0002625,480.918
0,1690753,6,phononTF,0.000698617,0.005,-0.000303883,-4.84563e-05,415.728,0.000382,1,0.00299758,0.000999262,0.0002625,2339.3
0,1696915,12,phononTF,0.000572532,0.00288937,0.00110758,-0.0002625,120.991,0.000382,1,0.00299767,0.000996433,0.0002625,402.147
0,1698651,15,phononTS,0.00286219,-0.00105216,0.00187208,-0.0002625,1137.12,0.001528,1,-0.00100091,0.00100457,0.0002625,1678.54
0,1699302,5,phononTS,0.000770322,0.00216237,0.0012634,-0.000262498,195.322,0.000382,1,0.00200464,0.00199617,0.0002625,372.491
0,1703635,6,phononTS,0.000428747,0.00300966,0.00097271,-0.000262498,982.841,0.000382,1,0.00300311,0.000995878,0.0002625,1075.29
0,1710473,5,phononTS,0.000557486,0.00300253,0.00100163,0.000262499,2295.33,0.000557486,1,0.00340543,0.000977294,-0.0002625,2428.39
0,1710618,10,phononTF,0.000453273,-0.000497072,0.00037819,-0.0002625,3404.72,0.000382,1,-0.0010002,0.00099859,0.0002625,4367.36
0,1716945,5,phononTS,0.00304772,0.00214109,0.00199451,0.000130965,243.344,0.000764,1,0.00199665,0.00200454,0.0002625,304.058
0,1725913,10,phononTS,0.000449707,0.00364218,0.00103639,-0.0002625,954.148,0.000382,1,0.00299777,0.000996155,0.0002625,1481.63
0,1727738,13,phononTF,0.000670406,0.00217098,0.000384979,-0.0002625,779.502,0.000382,1,0.00199889,3.65873e-07,0.0002625,1148.34
0,1730011,4,phononTS,0.00213714,0.00277888,0.000929255,-0.0002625,787.365,0.000764,1,0.00300354,0.000997173,0.0002625,1251.75
0,1731582,5,phononTF,0.000426441,0.00371597,0.00190444,-0.000262498,3205.67,0.000382,1,0.00199857,3.08341e-06,0.0002625,3655.89
0,1736765,7,phononTF,0.000539145,-0.000100778,0.00388256,-0.0002625,793.521,0.000382,1,-0.00100213,0.00299788,0.0002625,1436.46
0,1736769,20,phononTF,0.000600195,-0.00120754,0.0027831,-0.000262498,5402.41,0.000382,1,-0.00099783,0.003003,0.0002625,5506.21
0,1737982,8,phononTS,0.000424586,0.00360904,0.000958256,-0.0002625,619.271,0.000382,1,0.00300096,0.00099784,0.0002625,1302.48
0,1737982,7,phononTS,0.000605012,0.005,0.00101403,-0.000240604,619.271,0.000555489,1,0.00499051,0.00100091,-0.0002625,642.8
0,1752726,6,phononTS,0.000535776,0.00222342,0.00313483,-0.0002625,182.915,0.000382,1,0.00200322,0.00199828,0.0002625,6707.34
0,1756875,3,phononTS,0.00109588,0.00300083,0.00100463,0.0002625,155.233,0.000287469,1,0.00329288,0.00069578,-0.0002625,539.407
0,1757616,5,phononTF,0.0019319,0.000560471,-0.00119192,-0.000262498,2236.33,0.000382,1,4.37471e-06,-0.00200461,0.0002625,2435.16
0,1758868,11,phononTS,0.00126659,0.000221807,0.00100316,-0.0002625,595.958,0.000382,1,-8.06979e-07,0.00200377,0.0002625,2620.58
0,1761491,4,phononTF,0.00116508,0.00212343,0.00179626,-0.0002625,6.82052,0.000382,1,0.00200119,0.0020049,0.0002625,411.728
0,1762323,16,phononTS,0.000402001,0.00239219,-0.000469465,-0.0002625,1843.24,0.000382,1,0.00200428,-1.96792e-06,0.0002625,2992.17
0,1762463,8,phononTF,0.000941166,-0.00197285,0.00155965,-0.000262498,2804.75,0.000382,1,-0.00200302,0.00200187,0.0002625,2935.31
0,1762831,3,phononTS,0.00670617,0.00295787,0.000987905,0.000122002,15.694,0.000382,1,0.00300237,0.000995799,0.0002625,163.599
0,1762831,6,phononTS,0.000902835,0.00300237,0.000995799,0.000262498,163.599,0.000902835,1,0.00302491,0.00104337,-0.0002625,253.263
0,1764100,15,phononTF,0.000462202,0.00359616,0.000416746,-0.000262498,3638.55,0.000382,1,0.00299943,0.000998782,0.0002625,3807.13
0,1764354,13,phononTS,0.000741205,0.00102951,-0.00097455,-0.000262498,2265.08,0.000382,1,0.000999874,-0.000995332,0.0002625,2354.64
0,1764354,2,phononTS,0.00173633,0.00230391,0.00118616,0.000262498,30.3898,0.000861208,1,0.00274113,0.00116585,-0.0002625,169.726
0,1764898,3,phononL,0.00192508,-0.000856764,-0.00141932,-0.0002625,176.342,0.001146,1,-0.000997209,-0.00100092,0.0002625,1176.52
0,1768591,9,phononTS,0.0024676,0.00246747,0.000937904,-0.000262498,381.051,0.001528,1,0.00200016,0.00200286,0.0002625,634.022
0,1768830,4,phononTF,0.000732169,0.0028121,0.000781869,-0.000262498,292.31,0.000382,1,0.00300192,0.00100152,0.0002625,395.964
0,1775618,3,phononTS,0.00202998,0.00295455,0.00102831,-0.0002625,10.1197,0.001146,1,0.00300399,0.00100437,0.0002625,413.454
0,1776631,16,phononL,0.000467215,0.000104405,0.000875567,-0.0002625,11454,0.000382,1,-1.18983e-06,3.99339e-06,0.0002625,11976.3
0,1782741,15,phononL,0.000645868,0.00299512,0.000999193,0.000262498,981.488,0.000645868,1,0.0032133,0.00124868,-0.0002625,1050.79
0,1785088,11,phononTS,0.00294006,0.00146025,0.00199964,-0.000262498,2079.03,0.000382,1,0.00200171,0.00199724,0.0002625,2232.02
0,1790574,15,phononTS,0.000565365,0.00206701,5.16063e-05,-0.0002625,12270.5,0.000382,1,0.00199703,3.414e-06,0.0002625,15453.8
0,1790818,14,phononL,0.000493685,0.00142346,-0.00287877,-0.0002625,1922.39,0.000382,1,0.000997459,-0.00300082,0.0002625,2586.42
0,1790818,2,phononTS,0.00067218,0.00246401,0.00105789,0.000262498,31.3422,0.00067218,1,-0.00119143,-0.0025979,-0.0002625,992.246
0,1792746,17,phononTS,0.000497745,-0.00318408,-0.00104222,-0.0002625,21459,0.000382,1,-0.00299823,-0.000996061,0.0002625,21991.1
0,1800035,3,phononTS,0.00293375,0.00199558,0.000920159,-0.0002625,1316.22,0.000764,1,0.00200228,3.60416e-06,0.0002625,1736.45
0,1801033,9,phononTS,0.000747512,0.00232014,0.00055259,-0.000262498,185.9,0.000382,1,0.00200102,-3.67317e-06,0.0002625,361.64
0,1801034,1,phononTS,0.01,0.002264,0.000819942,-0.00023289,0,0.000642664,1,0.0022662,0.000817079,-0.0002625,474.793
0,1801098,14,phononTS,0.000650263,0.000959494,-0.0012808,-0.0002625,3374.31,0.000382,1,0.00100389,-0.00100398,0.0002625,6426.92
0,1802132,9,phononTS,0.00114865,0.000967431,-0.00281487,-0.0002625,597.46,0.000382,1,0.00100407,-0.00299587,0.0002625,3892.57
0,1802175,3,phononTF,0.00242782,0.00312866,0.0011349,-0.0002625,33.7517,0.000382,1,0.00299786,0.000998044,0.0002625,1025.85
0,1806462,2,phononTS,0.00151214,-0.000835154,0.00283131,-0.0002625,53.3298,0.000382,1,-0.000997329,0.00300184,0.0002625,1276.26
0,1806587,10,phononTS,0.000519128,1.48386e-05,-0.0018398,-0.0002625,4269.47,0.000382,1,-6.59197e-07,-0.00200461,0.0002625,4583.13
0,1806917,8,phononTF,0.000574962,0.00116356,0.000831136,-0.0002625,170.339,0.000382,1,0.00100117,0.000999835,0.0002625,938.599
0,1808266,2,phononTS,0.000719066,0.00289912,0.00104645,-0.0002625,120.197,0.000382,1,0.00299743,0.000997228,0.0002625,511.94
0,1811150,6,phononTF,0.000798863,0.00131766,0.00127437,-0.0002625,1190.57,0.000764,1,0.000995452,0.000995822,0.0002625,1947
0,1816138,8,phononL,0.0010707,0.00368605,0.0010478,-0.0002625,603.976,0.000382,1,0.00300274,0.000996864,0.0002625,1918.58
0,1817408,16,phononTF,0.000693474,0.00282899,0.00115938,-0.000262498,1749.14,0.000382,1,0.00299577,0.00100109,0.0002625,1847.22
0,1817409,1,phononTS,0.01,0.00210467,0.00116916,-0.000234926,0,0.000964808,1,0.0020816,0.00122203,-0.0002625,330.449
0,1823581,5,phononTS,0.000461484,-0.000996726,0.000997466,0.0002625,1154.68,0.000461484,1,-0.000543257,0.00103764,-0.0002625,1794.26
0,1823581,2,phononTS,0.00626974,0.00178779,0.00112877,-0.000126598,527.773,0.000418617,1,0.00155778,0.00121483,-0.0002625,585.482
0,1826727,7,phononTS,0.000935954,0.005,-0.00104407,-1.6905e-05,3274.05,0.000382,1,0.00300448,0.00100274,0.0002625,6612.57
0,1832374,9,phononTF,0.000383829,-1.51806e-07,0.00200487,0.000262498,17095.5,0.000383829,1,-0.000301639,0.00231456,-0.0002625,17211.9
0,1832374,2,phononTS,0.000486526,0.00248077,0.00122611,0.000262498,159.479,0.000486526,1,0.00294102,0.00175775,-0.0002625,345.997
0,1832375,1,phononTS,0.01,0.00324055,0.00175315,-0.000255286,0,0.00248375,1,0.00324075,0.00175282,-0.0002625,1386.88
0,1833475,6,phononTF,0.00158587,0.00157716,0.000480192,-0.0002625,4411.66,0.000764,1,0.000999267,0.00100367,0.0002625,6700.09
0,1836219,26,phononTF,0.000948568,0.00200264,0.00190893,-0.0002625,691.949,0.000382,1,0.00200284,0.0019998,0.0002625,967.829
0,1841990,6,phononTF,0.000646492,0.00279108,0.0007819,-0.000262498,726.359,0.000382,1,0.0030025,0.00100416,0.0002625,830.391
0,1847149,5,phononTS,0.000579482,0.00297848,0.00106014,-0.000262498,205.907,0.000382,1,0.00300339,0.00100284,0.0002625,300.732
0,1847221,12,phononL,0.00131636,-0.00233897,-0.00179968,-0.000262498,4092.98,0.000764,1,-0.00199596,-0.00199586,0.0002625,4165.43
0,1848536,2,phononTS,0.000967719,-0.00204297,0.00200072,-0.0002625,244.004,0.000764,1,-0.00199741,0.0019963,0.0002625,1744.8
0,1849117,1,phononTS,0.01,0.00300406,0.000996927,0.000255231,0,0.000764,1,0.00300464,0.000997492,0.0002625,543.081
0,1849123,20,phononTS,0.00153422,0.00211236,0.000434266,-0.0002625,454.566,0.000764,1,0.00200363,-2.864e-06,0.0002625,886.835
0,1850860,3,phononTF,0.0029147,0.00276623,0.000750791,-0.0002625,213.766,0.000764,1,0.00300445,0.00100002,0.0002625,648.783
0,1851587,5,phononTF,0.000732755,0.00343132,0.000580863,-0.0002625,1330.61,0.000382,1,0.00300069,0.00100466,0.0002625,3880.81
0,1851587,3,phononTS,0.00183837,0.00141867,0.00108125,0.000262498,650.779,0.000445936,1,-0.000662375,-0.0024335,-0.0002625,1421.36
0,1856627,6,phononTS,0.000712773,-0.000167996,0.00128505,-0.0002625,1409.3,0.000382,1,-0.000997934,0.00300409,0.0002625,2571.59
0,1858155,3,phononTS,0.00180359,0.00195191,0.00199296,-0.0002625,957.508,0.000382,1,0.00199661,0.00200179,0.0002625,1438.89
0,1859406,2,phononTF,0.00159443,0.00217859,0.000393504,-0.0002625,205.028,0.000764,1,0.00200247,4.67707e-06,0.0002625,452.213
0,1859407,3,phononTS,0.00343555,0.00216614,0.00106381,-1.82047e-05,400.571,0.000538642,1,0.0039986,0.00271506,-0.0002625,849.793
0,1860302,14,phononTS,0.000557932,0.00206851,8.52237e-05,-0.000262498,12447.2,0.000382,1,0.00200244,3.97128e-06,0.0002625,12549.9
0,1863795,13,phononTF,0.000994377,-0.00279653,-0.000498211,-0.000262498,2509.31,0.000764,1,-0.00200276,-3.7454e-06,0.0002625,2702.33
0,1866756,10,phononTF,0.000576266,-0.00200276,3.9287e-07,0.000262498,8912.08,0.000576266,1,-0.0014541,-0.000565847,-0.0002625,9074.14
0,1866757,1,phononTS,0.01,0.00230848,0.00139493,-3.2519e-05,0,0.00346635,1,0.00226765,0.00146871,-0.0002625,160.736
0,1871997,5,phononTF,0.00262382,0.00285583,0.00104239,-0.0002625,13.6617,0.000382,1,0.00300179,0.000999952,0.0002625,394.72
0,1871997,7,phononTS,0.00127846,0.00300179,0.000999952,0.000262498,394.72,0.000178124,1,0.00307724,0.00143144,-0.0002625,536.08
0,1875805,21,phononL,0.000498956,0.00232527,0.0017179,-0.000262498,27543,0.000382,1,0.00200021,0.00200403,0.0002625,27617.9
0,1880857,5,phononTF,0.00179895,0.00254118,0.00251837,-0.000262498,462.974,0.000382,1,0.00199837,0.00200285,0.0002625,620.605
0,1883033,4,phononL,0.00118782,0.00338777,0.00117554,-0.0002625,125.951,0.000382,1,0.0029997,0.00100385,0.0002625,493.621
0,1886572,16,phononTS,0.000571828,-5.3471e-05,0.00203221,-0.0002625,1531.35,0.000382,1,-8.95597e-08,0.00200364,0.0002625,2721.6
0,1888332,7,phononTF,0.000578441,-0.00219396,-0.00218513,-0.000262498,7282.25,0.000382,1,-0.00200419,-0.0020049,0.0002625,7382.63
0,1888842,8,phononTS,0.000427898,-0.00194523,0.00196126,-0.000262498,4647.89,0.000382,1,-0.00199655,0.00199547,0.0002625,4737.08
0,1889886,18,phononTF,0.00112403,0.000180396,0.000185044,-0.0002625,1256.13,0.000764,1,-2.43507e-06,-1.24724e-06,0.0002625,1557.44
0,1894151,9,phononTS,0.000398731,0.000961724,0.00242875,-0.0002625,4738.02,0.000382,1,0.00200078,2.41196e-06,0.0002625,7738.45
0,1897045,10,phononTF,0.000460434,0.00216212,0.00183826,-0.000262498,1646.86,0.000382,1,0.00199725,0.00199664,0.0002625,1744.88
0,1897381,1,phononTS,0.01,0.00296212,0.000978631,0.000248604,0,0.00191,1,0.00299782,0.000996055,0.0002625,760.659
0,1899538,8,phononTS,0.00172034,0.000959844,0.000932576,-0.000262499,4122.59,0.000382,1,0.000995194,0.00100274,0.0002625,4218.35
0,1899538,9,phononTS,0.00128472,0.000995194,0.00100274,0.000262498,4218.35,0.00128472,1,0.00101592,0.00095167,-0.0002625,4308.09
0,1900587,7,phononTS,0.0010476,0.00238285,0.000133576,-0.0002625,954.997,0.000382,1,0.0029978,0.00100285,0.0002625,1851.53
0,1900587,15,phononTF,0.000475681,0.0029978,0.00100285,0.000262498,1851.53,0.000475681,1,0.00322411,0.000778545,-0.0002625,1956.79
0,1902559,12,phononTF,0.00067859,0.00237622,-0.00236199,-0.0002625,3018.6,0.000382,1,0.00200049,-0.00200101,0.0002625,3895.1
0,1908673,2,phononTS,0.000651009,-0.00205371,-0.000970111,-0.0002625,693.181,0.000382,1,-0.0020042,-0.00200208,0.0002625,3878.8
0,1909822,14,phononTS,0.000728006,-0.000601973,-1.7872e-05,-0.0002625,871.615,0.000382,1,-3.66268e-06,-1.08794e-06,0.0002625,1249.59
0,1912966,10,phononTF,0.00110069,-0.000855068,0.00286471,-0.0002625,6125.5,0.000382,1,-0.000998243,0.00300455,0.0002625,6414.05
0,1916282,17,phononL,0.000475842,-0.00199763,4.17351e-06,0.000262498,7645.29,0.000475842,1,-0.00207696,-0.000312568,-0.0002625,7714.22
0,1916282,2,phononTF,0.0021132,0.00242186,0.00137451,0.000262498,694.712,0.000732025,1,0.00219018,0.00116637,-0.0002625,800.027
0,1920347,17,phononTS,0.000395992,0.00128339,0.00102225,-0.000262498,13832.3,0.000382,1,0.000997545,0.000999885,0.0002625,13950.2
0,1922090,2,phononTS,0.00040273,0.00298554,0.000939624,-0.0002625,183.573,0.000382,1,0.00300217,0.000995251,0.0002625,457.102
0,1922828,2,phononTS,0.00171283,0.00258481,0.000993884,-0.000262498,210.009,0.000764,1,0.002998,0.00100144,0.0002625,344.08
0,1923050,8,phononTS,0.000531072,0.00243984,0.00104826,-0.0002625,733.168,0.000382,1,-0.000995176,-0.00100439,0.0002625,1674.78
0,1925789,3,phononTS,0.00513575,0.00247217,0.00115528,1.97316e-05,80.7578,0.000382,1,0.00299845,0.000998008,0.0002625,201.647
0,1926986,3,phononTF,0.00153754,0.000272955,-0.00162971,-0.0002625,559.877,0.000764,1,2.48862e-06,-0.00199592,0.0002625,1662.85
0,1927053,7,phononTF,0.00126986,0.00245004,-0.00039383,-0.0002625,1212.87,0.000382,1,0.00200383,-2.82945e-06,0.0002625,1626.1
0,1931478,5,phononTF,0.000638798,0.00257324,0.00143153,-0.000262498,310.638,0.000382,1,0.00299787,0.00099928,0.0002625,447.87
0,1931478,3,phononTF,0.000969204,0.00241916,0.0012222,0.000262498,24.0981,0.000529573,1,0.00247887,0.00116072,-0.0002625,115.2
0,1932361,9,phononTS,0.000505814,-0.000713355,0.00182382,-0.000262498,5718.59,0.000382,1,-0.00299906,-0.00100102,0.0002625,6408.99
0,1945010,15,phononTS,0.000936273,-0.00036645,0.000475611,-0.0002625,9013.3,0.000382,1,0.00100433,0.00100216,0.0002625,11382.1
0,1949604,10,phononTS,0.000453186,0.000832631,-0.000995123,-0.0002625,5004.57,0.000382,1,0.0010002,-0.000998334,0.0002625,5319.16
0,1952811,10,phononTS,0.000412108,0.00431695,0.00290483,-0.0002625,1838.9,0.000382,1,0.00200126,0.00200477,0.0002625,2913.26
0,1953327,22,phononTF,0.00059105,0.000254311,-0.00226781,-0.000262498,4020.52,0.000382,1,0.00100107,-0.00300288,0.0002625,4221.13
0,1958087,14,phononTF,0.000578689,0.00161583,0.00163314,-0.0002625,2902.47,0.000382,1,0.000995745,0.000996804,0.0002625,3899.29
0,1958088,3,phononTF,0.00650309,0.00246734,0.00160045,-0.000126716,1821.13,0.002406,1,0.00249436,0.00165332,-0.0002625,2081.99
0,1961067,5,phononTS,0.000485657,0.00289402,0.00101678,-0.0002625,450.378,0.000382,1,0.00299919,0.00099942,0.0002625,1873.85
0,1964859,20,phononTF,0.00125006,0.00290515,-0.00238354,-0.0002625,3149.51,0.000764,1,0.00200327,-0.00200083,0.0002625,5736.25
0,1964859,2,phononTS,0.00415899,0.00242393,0.00106267,-3.69723e-05,77.6139,0.000634278,1,0.00325119,-5.46791e-05,-0.0002625,344.188
0,1966225,3,phononTS,0.00191115,0.00300474,0.00111763,-0.0002625,159.344,0.000382,1,0.00300442,0.000995108,0.0002625,1005.88
0,1966784,20,phononTS,0.000511891,5.50429e-05,0.0022015,-0.0002625,6295.27,0.000382,1,-4.63916e-06,0.00200406,0.0002625,6982.74
0,1967336,10,phononTS,0.00144772,0.00198333,0.00142453,-0.000262498,383.415,0.000382,1,0.00199938,0.00199616,0.0002625,540.083
0,1967336,12,phononTF,0.000422528,0.00199938,0.00199616,0.000262498,540.083,0.000422528,1,0.00197163,0.00196833,-0.0002625,630.216
0,1974021,12,phononL,0.000606447,-0.00100349,0.00300079,0.0002625,5976.62,0.000586376,1,-0.000939396,0.00347643,-0.0002625,6130.81
0,1976004,5,phononTF,0.00087977,-0.000335869,0.000337339,-0.0002625,3032.21,0.000382,1,-0.00100232,0.00099576,0.0002625,3584.09
0,1977926,4,phononTF,0.00163027,0.00291373,0.00103456,-0.0002625,29.2812,0.000764,1,0.00299929,0.00100113,0.0002625,580.066
0,1978681,18,phononTF,0.00106075,0.00138926,-0.00137521,-0.0002625,7655.37,0.000764,1,0.000999338,-0.000997109,0.0002625,12300.9
0,1987293,13,phononTS,0.000629833,-0.000141118,0.00317409,-0.0002625,2687.78,0.000382,1,-0.000995105,0.00300145,0.0002625,3310.15
0,1989035,8,phononTF,0.000468804,0.000323829,0.00230393,-0.000262499,1958.82,0.000382,1,1.98781e-06,0.00199596,0.0002625,2076.6
0,1989325,5,phononTS,0.0018094,0.000323521,0.00213404,-0.0002625,212.197,0.000382,1,-2.83026e-06,0.00200441,0.0002625,3784.54
0,1994222,20,phononTS,0.000700171,0.00300146,0.00100191,0.0002625,13772,0.000597785,1,0.0034462,0.00198653,-0.0002625,14754.6
0,1996417,7,phononTF,0.000552884,0.00195139,-4.77674e-05,-0.000262498,3429.67,0.000382,1,0.00199595,-2.62393e-06,0.0002625,3520.2
0,1998196,4,phononTS,0.00210356,-0.00178741,6.78473e-06,-0.0002625,1051.3,0.000382,1,-0.00200448,2.81009e-06,0.0002625,5343.52
0,1998196,6,phononTF,0.000534705,-0.00200448,2.81009e-06,0.000262498,5343.52,0.000534705,1,-0.00182662,-0.000166605,-0.0002625,5442.71
0,2007967,2,phononTF,0.000783932,0.0026861,0.00111145,-0.0002625,39.1283,0.000382,1,0.00300276,0.00100077,0.0002625,265.359
0,2013661,2,phononTF,0.000982227,0.00205966,0.00205806,-0.000262498,861.229,0.000382,1,0.00200061,0.00200194,0.0002625,952.179
0,2021517,6,phononTS,0.00117225,0.00237321,0.00266484,-0.0002625,1047.38,0.000382,1,0.00199717,0.00199998,0.0002625,2797.3
0,2021775,2,phononTS,0.0027675,0.0029135,0.0010301,-0.0002625,6.41138,0.001146,1,0.00300172,0.00100223,0.0002625,593.272
0,2022151,4,phononTS,0.00042711,2.24463e-05,-0.00239608,-0.0002625,1863.82,0.000382,1,1.1985e-07,-0.00200239,0.0002625,2259.54
0,2023471,24,phononTS,0.000610885,-0.00199929,4.17458e-05,-0.000262498,4813.98,0.000382,1,-0.00199726,-3.04692e-06,0.0002625,4904.85
0,2023472,3,phononL,0.0056062,0.00135769,0.00081133,-1.09032e-05,82.6032,0.00148241,1,0.000785002,0.000727623,-0.0002625,414.046
0,2025473,4,phononTF,0.00293859,0.00278091,0.000707376,-0.0002625,634.294,0.000382,1,0.00299939,0.00100443,0.0002625,859.427
0,2025767,5,phononTS,0.000741574,0.00302049,0.000945896,-0.0002625,8.62412,0.000382,1,0.00299688,0.00100066,0.0002625,749.293
0,2025767,4,phononTS,0.00182693,0.00249865,0.00116076,0.000262498,8.62412,0.000265781,1,0.00251893,0.000999105,-0.0002625,113.456
0,2028829,5,phononTF,0.000468741,0.00200242,0.00200354,0.000262498,441.865,0.000468741,1,0.00231397,0.00230482,-0.0002625,558.966
0,2030864,2,phononL,0.00118555,0.00151897,-0.000728959,-0.0002625,372.613,0.000382,1,0.000998512,-0.00099688,0.0002625,2352.79
0,2031081,4,phononTS,0.00165242,0.00224741,0.000521371,-0.0002625,123.331,0.000382,1,0.00199945,-2.71797e-06,0.0002625,454.385
0,2031404,7,phononTF,0.00134467,0.00191275,0.000349336,-0.000262498,211.337,0.000764,1,0.00100472,0.000999478,0.0002625,429.746
0,2031429,10,phononTF,0.000557207,0.000999087,0.000998955,0.000262498,10412.1,0.000557207,1,0.000996456,0.00100147,-0.0002625,10502
0,2033235,4,phononTS,0.000388317,0.00273702,0.0010851,-0.0002625,3.12979,0.000382,1,0.00300311,0.00100228,0.0002625,246.329
0,2033432,5,phononTF,0.00110553,0.00282694,0.00135755,-0.0002625,895.643,0.000382,1,0.00299893,0.00100426,0.0002625,2561.28
0,2034308,18,phononL,0.000638063,0.00265045,0.00186862,-0.0002625,1767.7,0.000382,1,0.00200367,0.00199926,0.0002625,2031.67
0,2038794,5,phononTS,0.000945677,0.00195019,0.00202906,-0.0002625,605.245,0.000382,1,0.00200476,0.00200337,0.0002625,875.508
0,2042231,5,phononTF,0.00191159,0.00114133,0.00114618,-0.0002625,373.706,0.000764,1,0.000998179,0.000996443,0.0002625,856.73
0,2043050,16,phononTF,0.000530023,-2.62918e-06,0.00199574,0.000262498,4253.31,0.000530023,1,9.45874e-06,0.00196373,-0.0002625,4343.46
0,2045817,5,phononTS,0.00162713,0.000764435,-0.000955606,-0.000262498,1144.69,0.000382,1,0.00100118,-0.000999418,0.0002625,1256.72
0,2045817,6,phononTF,0.000391396,0.00100118,-0.000999418,0.000262498,1256.72,0.000391396,1,-5.74675e-05,-0.0018005,-0.0002625,1507.35
0,2051648,15,phononL,0.000547297,0.000285371,0.00123494,-0.0002625,7677.28,0.000382,1,-0.000998993,0.000998418,0.0002625,8559.9
0,2057584,1,phononTS,0.01,0.00300101,0.000999859,0.000257098,0,0.00382,1,0.00300051,0.00100118,0.0002625,117.604
0,2064094,3,phononTS,0.00192895,-0.00202225,-0.00214165,0.000182719,7.1657,0.000382,1,-0.00199644,-0.00200314,0.0002625,1986.99
0,2064094,5,phononTS,0.00092748,-0.00199644,-0.00200314,0.000262498,1986.99,0.000568491,1,-0.00175477,-0.00202812,-0.0002625,2100.16
0,2065934,6,phononTS,0.00195844,0.00302694,0.000687922,-0.000262498,169.953,0.000382,1,0.0030008,0.00100422,0.0002625,291.572
0,2067378,3,phononTS,0.00127353,0.00192516,0.000823038,-0.0002625,104.604,0.000764,1,0.00199814,-1.77334e-07,0.0002625,772.605
0,2068882,5,phononTS,0.000909405,0.000133195,0.00207685,-0.0002625,2050.74,0.000382,1,3.64734e-06,0.0019956,0.0002625,5419.71
0,2071374,8,phononTS,0.00157166,0.00283188,0.00171776,-0.000262498,1267.88,0.000382,1,0.00300093,0.00100226,0.0002625,1454.41
0,2072011,5,phononTS,0.00169616,0.00261823,0.000967595,-0.0002625,36.5245,0.000382,1,0.00300281,0.000997125,0.0002625,1018.52
0,2072052,2,phononTF,0.0015916,0.00111164,0.00133367,-0.0002625,10.6159,0.000764,1,0.00099835,0.00100157,0.0002625,1319.86
0,2072340,13,phononTS,0.000613018,0.00103235,-0.00103742,-0.0002625,1418.55,0.000382,1,0.000996972,-0.00100109,0.0002625,1846.27
0,2072464,7,phononTF,0.000513232,0.000896902,-0.00287506,-0.0002625,2609.25,0.000382,1,3.30276e-07,-0.00199677,0.0002625,3782.39
0,2081823,9,phononTF,0.000549871,-0.00477842,-0.005,-0.000115882,273.187,0.000382,1,3.75996e-06,-3.4531e-06,0.0002625,4325.9
0,2082615,10,phononTS,0.000700498,0.00204916,-0.00277099,-0.0002625,6311.98,0.000382,1,0.00200161,-0.00200296,0.0002625,10175.2
0,2082954,2,phononTS,0.00185675,0.00207789,0.0011313,-0.0002625,189.882,0.000382,1,0.00199927,0.00199737,0.0002625,697.325
0,2083875,9,phononTS,0.000944779,0.00129773,0.00136069,-0.0002625,6075.11,0.000382,1,0.000997682,0.00100165,0.0002625,6826.51
0,2085395,14,phononTS,0.000453611,0.000995736,-0.00100373,0.000262498,10934.2,0.000453611,1,0.00103082,-0.00180767,-0.0002625,11126.2
0,2085647,8,phononL,0.000537977,0.000186491,-0.00328283,-0.0002625,2993.03,0.000382,1,0.000997182,-0.00299924,0.0002625,3752.25
0,2085648,1,phononTF,0.01,0.00222724,0.0014441,-0.000229891,0,0.00308292,1,0.00223036,0.00144374,-0.0002625,533.988
0,2092260,30,phononL,0.000441712,0.00190674,0.00213253,-0.0002625,28038.7,0.000382,1,0.00199761,0.00200394,0.0002625,31407.5
0,2096205,6,phononTS,0.000549425,-0.000433073,-0.00287516,-0.0002625,947.133,0.000382,1,0.000996348,-0.001003,0.0002625,9046.71
0,2097164,30,phononTS,0.000496699,-0.00131864,0.00420809,-0.0002625,6812.08,0.000382,1,-0.000995739,0.00299653,0.0002625,8859.46
0,2097486,10,phononTF,0.00043259,0.000492946,0.000479797,-0.000262498,2455.27,0.000382,1,0.00099552,0.000998015,0.0002625,2608.01
0,2098213,3,phononTS,0.00205776,0.000804878,-0.000317786,-0.0002625,340.712,0.000764,1,-3.27385e-06,2.97999e-06,0.0002625,2509.56
0,2099875,5,phononTF,0.00258552,0.00247554,0.00150907,-0.000262498,174.307,0.000382,1,0.00299741,0.000996807,0.0002625,328.39
0,2099875,7,phononTF,0.000944602,0.00299741,0.000996807,0.000262498,328.39,0.000351247,1,0.00355159,0.00153572,-0.0002625,488.285
0,2101441,7,phononL,0.000418984,0.00280427,0.00116723,-0.000262498,178.047,0.000382,1,0.00300441,0.00100172,0.0002625,244.505
0,2108582,5,phononTF,0.00154872,0.00311995,0.00111533,-0.0002625,8.20197,0.000382,1,0.00300081,0.00100176,0.0002625,809.237
0,2111108,14,phononTS,0.000647944,0.00134551,0.00255744,-0.000262498,1943.8,0.000382,1,0.0020031,0.00199774,0.0002625,2156.09
0,2121547,6,phononTS,0.000852272,0.000541505,0.00335509,-0.0002625,4106.97,0.000382,1,2.25615e-06,0.00200087,0.0002625,4993.42
0,2121547,4,phononTS,0.000810865,0.00247977,0.00120633,0.000262498,6.24168,0.000303952,1,0.00244093,0.00141147,-0.0002625,118.487
0,2122810,6,phononTS,0.000858949,0.00199541,0.00199561,0.0002625,768.053,0.000572982,1,0.00165349,0.00273236,-0.0002625,1794.08
0,2125093,12,phononL,0.000532375,0.00180835,3.02157e-05,-0.0002625,842.524,0.000382,1,0.00199672,-4.12544e-06,0.0002625,1783.07
0,2127978,27,phononTF,0.000830729,-0.00188173,8.43007e-05,-0.0002625,6530,0.000382,1,-0.00199601,-4.17603e-06,0.0002625,7793.67
0,2139754,9,phononTF,0.000642448,0.000569236,-0.00144543,-0.0002625,13934.8,0.000382,1,2.17797e-06,-0.00199617,0.0002625,14353.4
0,2152133,5,phononTS,0.00106553,0.00302735,0.000977454,-0.000262498,601.164,0.000382,1,0.00299936,0.00100285,0.0002625,690.862
0,2153326,4,phononTS,0.00193035,0.00223817,0.000670414,-0.000262498,237.259,0.000764,1,0.00300089,0.00100455,0.0002625,442.163
0,2153326,19,phononTS,0.000826695,0.000203932,0.00081182,-0.000262498,11590.8,0.000382,1,-6.9213e-07,0.0019955,0.0002625,11861.1
0,2155715,7,phononTS,0.000494744,-0.00101034,-0.000797369,-0.000262498,1494.69,0.000382,1,-0.000996502,-0.00099889,0.0002625,1605.18
0,2161346,13,phononTS,0.00040552,0.00227831,0.0010173,-0.000262498,664.918,0.000382,1,0.00300156,0.000998915,0.0002625,843.97
0,2161348,6,phononTS,0.000696852,0.00173367,0.00203407,-0.0002625,662.247,0.000382,1,0.00199741,0.00200285,0.0002625,984.109
0,2162859,6,phononTS,0.00102003,0.00385359,0.000893091,-0.0002625,3737.96,0.000764,1,0.00299969,0.00100461,0.0002625,5965.13
0,2166709,2,phononTF,0.000809096,0.00289479,0.00104606,-0.0002625,151.472,0.000382,1,0.00299533,0.00100488,0.0002625,336.527
0,2166710,3,phononTS,0.00416113,0.00350658,0.00214769,0.000208131,12.3336,0.00416113,1,0.005,0.000767412,0.000231875,607.522
0,2166726,6,phononTS,0.000441364,-0.00162888,0.00300815,-0.0002625,7098.96,0.000382,1,-0.00200431,0.00199832,0.0002625,8818.62
0,2170273,7,phononTS,0.000532676,0.000685003,0.00251289,-0.000262498,1365.15,0.000382,1,0.00200161,0.00200075,0.0002625,1668.68
0,2170545,3,phononL,0.00158728,0.00225596,0.000605308,-0.0002625,60.3258,0.000764,1,0.00200126,3.25356e-07,0.0002625,242.976
0,2172396,9,phononTF,0.00122577,0.000390691,-0.00162781,-0.0002625,1320.21,0.000382,1,4.70473e-06,-0.00199849,0.0002625,3020.66
0,2179510,4,phononTS,0.00172294,-0.00101067,-0.00101002,-0.0002625,3934.51,0.000764,1,-0.00100476,-0.0010009,0.0002625,6991.38
0,2179695,14,phononTS,0.000398918,9.47225e-06,0.00203532,-0.000262498,11780.5,0.000382,1,-4.28918e-06,0.00200426,0.0002625,11870
0,2179695,2,phononTS,0.00345091,0.00288665,-0.000108256,0.000202646,214.279,0.00164286,1,0.00296384,-0.00225454,-0.0002625,926.141
0,2182615,3,phononTS,0.00263787,0.0029496,0.0010283,-0.0002625,183.387,0.000764,1,0.0030036,0.00100321,0.0002625,742.771
0,2182662,16,phononTS,0.000626769,0.00259865,0.000944764,-0.000262498,712.57,0.000382,1,0.0030027,0.000997843,0.0002625,849.13
0,2184816,35,phononTF,0.000453706,0.00199954,-0.00199593,0.000262499,2813.63,0.000453706,1,0.00166146,-0.00232648,-0.0002625,2934.56
0,2188948,10,phononTS,0.00125606,0.00279553,0.00150129,-0.000262498,536.016,0.000382,1,0.00200201,1.74031e-06,0.0002625,882.098
0,2194954,5,phononTS,0.00125321,0.00227468,0.000903284,-0.000262498,262.261,0.000382,1,0.00299957,0.00100472,0.0002625,442.206
0,2195048,6,phononTF,0.000889813,0.00420988,-0.000203398,-0.000262498,874.145,0.000382,1,0.00299782,0.000996494,0.0002625,1180.04
0,2195179,6,phononTF,0.00104926,-0.000115675,-0.000121367,-0.0002625,308.892,0.000382,1,4.99606e-06,2.61499e-06,0.0002625,1526.47
0,2204347,2,phononTF,0.000520409,0.00169992,0.00183307,-0.0002625,42.1823,0.000382,1,0.000995821,0.00100406,0.0002625,459.837
0,2207168,1,phononTS,0.01,0.00276494,0.00100094,-2.99529e-05,0,0.002674,1,0.00300001,0.00100391,0.0002625,472.086
0,2207189,3,phononTF,0.000723589,0.00289211,0.00110889,-0.0002625,689.742,0.000382,1,0.00300104,0.000999173,0.0002625,971.031
0,2209213,5,phononTS,0.00084294,0.00270587,0.00102521,-0.000262498,245.351,0.000382,1,0.00299793,0.00100044,0.0002625,366.531
0,2210009,8,phononTF,0.000435589,0.0026798,0.00140661,-0.000262498,118.222,0.000382,1,0.00299583,0.00100008,0.0002625,247.559
0,2215709,7,phononTS,0.000424458,0.00118227,0.00350228,-0.000262498,1522.67,0.000382,1,-0.00100177,0.00100165,0.0002625,2134.07
0,2215709,2,phononTF,0.00109041,0.00231708,0.00101402,0.000262498,113.146,0.000553455,1,0.00245787,0.000586482,-0.0002625,241.935
0,2220107,2,phononTF,0.000896253,0.00226312,0.00174061,-0.0002625,1766.39,0.000382,1,0.00199813,0.00200055,0.0002625,2096.89
0,2225948,5,phononTS,0.00096643,0.00214165,0.00194685,-0.0002625,4387.28,0.000382,1,0.00199817,0.00199584,0.0002625,4707.64
0,2230740,10,phononTS,0.00049789,-0.00105648,-0.00102415,-0.0002625,12198.7,0.000382,1,-0.00100402,-0.000999663,0.0002625,13005.1
0,2234606,5,phononTF,0.00194707,0.00176674,0.000223842,-0.0002625,612.887,0.000382,1,0.00200328,-3.43411e-06,0.0002625,1164.34
0,2234606,6,phononTF,0.00108222,0.00200328,-3.43411e-06,0.000262498,1164.34,0.00058426,1,0.0027698,-0.000538234,-0.0002625,1355.12
0,2234758,18,phononTS,0.000440916,0.000360619,-0.00103412,-0.0002625,7427.49,0.000382,1,0.000997399,-0.000995532,0.0002625,9876.85
0,2236593,5,phononTF,0.00202155,-0.00303592,-0.000971234,-0.0002625,592.472,0.000382,1,-0.00300386,-0.000997222,0.0002625,2972.43
0,2236726,6,phononTF,0.000556521,0.00100068,0.000997667,0.000262498,3287.37,0.000556521,1,0.000812203,0.000790178,-0.0002625,3389.88
0,2241662,4,phononTS,0.000609782,0.00268718,0.00207369,-0.0002625,358.847,0.000382,1,0.00200183,0.00200424,0.0002625,794.053
0,2243476,3,phononTS,0.000464542,0.000820786,0.000119723,-0.0002625,2057.23,0.000382,1,0.000997838,0.00100418,0.0002625,5486.13
0,2244340,3,phononL,0.000936069,0.00261852,0.000998288,-0.0002625,9.98968,0.000382,1,0.00300444,0.00100104,0.0002625,315.989
0,2247304,2,phononTF,0.00067083,0.000759341,-0.00121994,-0.0002625,155.317,0.000382,1,-4.06257e-06,-0.0019999,0.0002625,984.38
0,2247385,27,phononTS,0.000588785,-0.0029052,-0.00172134,-0.0002625,4413.37,0.000382,1,-0.00299641,-0.0010003,0.0002625,5225.32
0,2249388,7,phononTS,0.00101221,0.00105317,0.000969932,-0.0002625,623.411,0.000382,1,0.00100257,0.0010044,0.0002625,1477.08
0,2250457,23,phononTS,0.000910766,-0.000772848,0.00160165,-0.0002625,2534.85,0.000764,1,-0.00100342,0.00299966,0.0002625,3476.7
0,2251178,7,phononTF,0.000517309,0.00032312,0.00201719,-0.0002625,390.55,0.000382,1,-1.97403e-06,0.00199877,0.0002625,731.62
0,2251178,2,phononTF,0.000866438,0.00230134,0.00138242,0.000262498,154.254,0.000142545,1,1.41203e-05,-0.00434771,-0.0002625,1233.31
0,2251304,7,phononTF,0.0005138,0.00116033,-0.00137769,-0.0002625,3068.03,0.000382,1,-0.00100444,0.000998632,0.0002625,3815.74
0,2254854,18,phononTS,0.000671797,-0.00157083,-0.0009997,-0.0002625,4313.04,0.000382,1,-0.00199878,3.33539e-06,0.0002625,6003.23
0,2256614,10,phononTS,0.000957944,0.00375391,0.00107434,-0.0002625,753.619,0.000382,1,0.00300467,0.0010011,0.0002625,2163.44
0,2260407,4,phononL,0.00217914,0.000343933,-0.00142187,-0.0002625,23.6252,0.000382,1,-4.50743e-07,-0.00199871,0.0002625,547.54
0,2260652,15,phononTS,0.000984189,0.00102637,-0.000788328,-0.000262498,1503.51,0.000382,1,0.000995055,-0.00100027,0.0002625,1616.04
0,2263704,4,phononTF,0.00276696,0.000947577,-0.00306059,-0.0002625,114.851,0.001528,1,0.00100313,-0.00299529,0.0002625,2656.02
0,2267692,9,phononTS,0.000562588,0.00332492,0.00103834,-0.0002625,328.959,0.000382,1,0.00299945,0.000998539,0.0002625,1407.77
0,2268005,9,phononTF,0.000612492,0.00199852,0.00200141,0.000262498,662.475,0.000612492,1,0.00199911,0.00209656,-0.0002625,754.633
0,2273751,3,phononTS,0.000857616,0.0010449,0.00136801,-0.0002625,95.7819,0.000382,1,0.0010009,0.0010023,0.0002625,2806.69
0,2276688,2,phononTS,0.00158286,0.00202609,0.00137307,-0.0002625,479.247,0.000382,1,0.00199549,0.00200297,0.0002625,738.875
0,2278184,2,phononTS,0.00155499,0.0029761,0.000987445,-0.0002625,322.312,0.000764,1,0.00300083,0.000998461,0.0002625,885.638
0,2278184,7,phononTS,0.000448583,0.00300083,0.000998461,0.000262498,885.638,0.000448583,1,0.0030049,0.000761593,-0.0002625,999.106
0,2279279,17,phononTS,0.000578244,0.00208245,0.000964424,-0.000262498,644.89,0.000382,1,0.00299935,0.00099733,0.0002625,860.811
0,2281853,6,phononL,0.00151163,0.00234187,0.0018894,-0.0002625,181.518,0.000382,1,0.00199594,0.00200025,0.0002625,393.43
0,2292509,16,phononTS,0.000829637,-0.00243384,4.29885e-05,-0.0002625,3874.47,0.000382,1,-0.00199588,-3.05658e-06,0.0002625,4827.26
0,2293298,3,phononTF,0.0016694,0.00208413,0.000201449,-0.0002625,21.2723,0.000764,1,0.00199603,-1.05111e-06,0.0002625,816.313
0,2293298,5,phononTF,0.000522334,0.00199603,-1.05111e-06,0.000262498,816.313,0.000522334,1,0.00203074,-3.44714e-05,-0.0002625,906.57
0,2293865,28,phononTS,0.000410697,0.000536438,-0.000646732,-0.0002625,4871.57,0.000382,1,0.00199559,-0.00199579,0.0002625,6553.91
0,2293865,2,phononTF,0.00225501,0.00249678,0.00112505,0.000262498,22.8238,0.000280982,1,0.000980993,0.000562404,-0.0002625,333.251
0,2296287,10,phononTS,0.000538813,0.000908548,-0.0021541,-0.0002625,7602.91,0.000382,1,0.00200471,-0.00199744,0.0002625,10157.5
0,2296302,5,phononTF,0.000426416,0.000998908,0.00100497,0.0002625,234.141,0.000426416,1,0.000411537,0.00158495,-0.0002625,570.086
0,2306713,4,phononTS,0.00207722,0.00123276,0.000853318,-0.0002625,224.473,0.000382,1,0.00100297,0.000997122,0.0002625,713.355
0,2307557,2,phononTS,0.00121597,0.00338287,0.00104505,-0.0002625,9.896,0.000764,1,0.00300424,0.000999628,0.0002625,1562.27
0,2314737,18,phononTS,0.000392354,0.0029916,0.000995993,-0.000262498,716.926,0.000382,1,0.00299991,0.00099978,0.0002625,807.497
0,2319930,10,phononTS,0.00129065,0.00292275,0.000938313,-0.0002625,1858.94,0.000764,1,0.00300418,0.00100477,0.0002625,2372.51
0,2322684,6,phononTS,0.00075629,0.0029072,0.0012965,-0.000262498,643.607,0.000382,1,0.00300359,0.000996312,0.0002625,769.992
0,2324733,4,phononTS,0.00127361,0.00299704,0.001032,-0.0002625,915.744,0.000764,1,0.00299827,0.000999511,0.0002625,1098.48
0,2327236,1,phononTF,0.01,0.00299437,0.00100647,0.000257824,0,0.000382,1,0.00299812,0.00100284,0.0002625,418.097
0,2328564,14,phononTS,0.000753323,-0.00221049,-2.73846e-05,-0.000262498,9929.57,0.000382,1,-0.00200176,-1.78687e-06,0.0002625,10041.4
0,2329121,3,phononL,0.00662674,0.00291297,0.000994542,0.000171902,128.808,0.001146,1,0.00299728,0.00100333,0.0002625,142.234
0,2329524,4,phononTF,0.00192663,0.0022131,0.000321565,-0.0002625,1.64414,0.000382,1,0.00200276,-2.64323e-06,0.0002625,955.183
0,2329814,10,phononTF,0.000822041,0.00185538,0.00150525,-0.0002625,1400.42,0.000382,1,-2.85544e-06,0.00199713,0.0002625,2232.94
0,2331025,5,phononTS,0.000781957,-0.00102032,0.0029623,-0.0002625,839.869,0.000382,1,-0.00100188,0.00299921,0.0002625,4840.97
0,2333004,4,phononTS,0.00167865,2.42545e-05,0.00201174,-0.0002625,1363.29,0.000382,1,-2.85671e-06,0.00200061,0.0002625,2642.59
0,2333229,8,phononTF,0.00043398,-0.00035397,-0.00171741,-0.0002625,1149.71,0.000382,1,7.92329e-07,-0.0019961,0.0002625,3153.78
0,2337419,25,phononL,0.000384132,-0.000254843,0.00160121,-0.0002625,14083.1,0.000382,1,-0.00100442,0.000997175,0.0002625,14700
0,2338269,14,phononTF,0.000632389,0.00100408,-0.00300468,0.000262498,8598.69,0.00053255,1,0.0019687,-0.00168506,-0.0002625,8899.84
0,2342872,6,phononTF,0.000492394,0.00186625,0.0013978,-0.0002625,1681.77,0.000382,1,0.00100495,0.000995199,0.0002625,2282.65
0,2345329,4,phononL,0.00140896,0.00241095,0.00117466,-0.000262498,98.0383,0.000382,1,0.0029957,0.0010007,0.0002625,184.956
0,2347501,12,phononTS,0.000522754,-0.0009756,0.00294721,-0.0002625,2326.82,0.000382,1,-0.00100494,0.00300084,0.0002625,2614.4
0,2350454,7,phononTF,0.000754933,0.000153784,-0.00184533,-0.0002625,1561.19,0.000382,1,3.11171e-06,-0.00200351,0.0002625,1758.56
0,2350455,1,phononTF,0.01,0.00270645,0.00102004,-0.000249369,0,0.00257344,1,0.00269672,0.0010321,-0.0002625,302.869
0,2351616,3,phononTF,0.000805702,0.00265227,0.00150408,-0.000262498,710.912,0.000382,1,0.0020025,0.00200039,0.0002625,882.426
0,2351945,2,phononTF,0.00114086,-0.00268082,0.000751617,-0.0002625,61.4764,0.000382,1,-0.0020046,2.71418e-06,0.0002625,3655.94
0,2360605,5,phononTF,0.000857614,0.00077484,0.00176369,-0.000262498,1679.97,0.000382,1,-0.00100488,-0.000995989,0.0002625,2259.77
0,2360605,3,phononTF,0.00112926,0.00229741,0.000971536,0.000262498,87.3601,0.000664061,1,-0.00259005,-0.000793646,-0.0002625,1001.84
0,2361015,3,phononTF,0.00296555,-0.000578349,-0.0027803,-0.0002625,16.9031,0.000764,1,-2.14784e-06,-0.00199836,0.0002625,5050.51
0,2361015,5,phononTF,0.00063616,-2.14784e-06,-0.00199836,0.000262498,5050.51,0.00063616,1,-0.000760354,-0.00122758,-0.0002625,5256.29
0,2361196,8,phononL,0.000543871,0.00090426,0.0010853,-0.000262498,6432.68,0.000382,1,0.0010027,0.000996282,0.0002625,6496
0,2365415,31,phononTS,0.000470925,0.00170574,0.00130181,-0.0002625,15003.6,0.000382,1,0.00100062,0.00100339,0.0002625,16869.3
0,2366065,6,phononTF,0.00083518,-0.00200309,0.0020048,0.000262498,3399.46,0.00083518,1,-0.00249761,0.00152504,-0.0002625,3547.7
0,2366443,5,phononTF,0.000951527,0.00280619,0.000938306,-0.000262498,324.863,0.000382,1,0.00299881,0.000997904,0.0002625,423.95
0,2369887,11,phononTS,0.000768695,3.03451e-06,-0.00199581,0.0002625,3125.88,0.000768695,1,-0.0016642,-0.00232908,-0.0002625,3867.06
0,2374899,12,phononTF,0.00215235,0.00214561,0.00223094,-0.0002625,3430.65,0.000382,1,0.00199716,0.00200181,0.0002625,5318.62
0,2375805,6,phononTS,0.0011237,9.22096e-05,0.0013042,-0.000262498,1712.43,0.000382,1,-0.0010006,0.00300105,0.0002625,2110.77
0,2375805,7,phononTS,0.00053844,-0.0010006,0.00300105,0.000262498,2110.77,0.00053844,1,-0.00107269,0.00317986,-0.0002625,2222.46
0,2384406,14,phononTS,0.000504855,0.00143661,0.000748578,-0.000262498,9203.21,0.000382,1,0.000998194,0.00100379,0.0002625,9358.54
0,2387011,14,phononTS,0.000516396,-4.48964e-05,0.00233245,-0.0002625,2006.96,0.000382,1,-2.25614e-06,0.0019982,0.0002625,2805.43
0,2390781,2,phononTS,0.00500123,0.000984983,0.000952988,0.000230662,665.341,0.001146,1,0.000995083,0.00100301,0.0002625,812.309
0,2390781,10,phononTS,0.00219102,0.000995083,0.00100301,0.000262498,812.309,0.00117947,1,0.000498362,0.0010082,-0.0002625,957.678
0,2392106,12,phononTF,0.000682864,0.001757,0.00183953,-0.0002625,1588.9,0.000382,1,0.000999668,0.00100116,0.0002625,1993.87
0,2395177,10,phononTF,0.000557362,0.0021462,-0.005,0.000159322,1809.1,0.000382,1,0.00200045,-0.0019967,0.0002625,2664.31
0,2401325,17,phononTS,0.000525265,0.00250407,0.00212294,-0.0002625,745.393,0.000382,1,0.00199933,0.00200206,0.0002625,3317.52
0,2409033,13,phononTS,0.00059573,-0.00110152,0.000104537,-0.0002625,2721.17,0.000382,1,-4.56827e-06,-1.9142e-06,0.0002625,4837.62
0,2409034,1,phononTF,0.01,0.00218711,0.00103823,-0.000200453,0,0.00127335,1,0.00219085,0.0010624,-0.0002625,1181.4
0,2409622,6,phononTS,0.000534942,0.00110972,-0.00171804,-0.0002625,1803.55,0.000382,1,0.000995498,-0.00299844,0.0002625,2670.09
0,2409622,2,phononTS,0.000592923,0.00220645,0.00223364,0.000262498,779.046,0.000592923,1,0.00156808,0.00218894,-0.0002625,944.639
0,2410872,2,phononTS,0.000768427,0.000135599,-4.45255e-05,-0.0002625,45.5641,0.000382,1,-4.35122e-06,2.73997e-06,0.0002625,647.861
0,2410903,10,phononTS,0.00106202,0.00267989,0.000956091,-0.000262498,189.356,0.000382,1,0.00300347,0.00099945,0.0002625,315.287
0,2410903,2,phononTF,0.000932723,0.0025517,0.000914452,0.000262498,84.4276,0.000932723,1,0.00357341,0.000195091,-0.0002625,324.165
0,2412180,23,phononTS,0.000568178,0.00224555,0.0011535,-0.000262498,2402.53,0.000382,1,0.00200161,0.00199692,0.0002625,2607.3
0,2413773,4,phononTS,0.00201214,0.00302967,0.00134211,-0.000262498,561.205,0.000764,1,0.00300135,0.00100404,0.0002625,688.133
0,2413773,5,phononTS,0.000414994,0.00300135,0.00100404,0.000262498,688.133,0.000414994,1,0.00273745,2.76639e-05,-0.0002625,919.697
0,2413773,2,phononTS,0.00181069,0.00288308,0.00151374,0.000262498,462.708,0.00053133,1,0.00448837,0.000680013,-0.0002625,833.068
0,2415461,6,phononL,0.000848795,0.00197541,0.00166256,-0.000262498,694.805,0.000382,1,0.00200301,0.00200054,0.0002625,764.238
0,2416131,1,phononTS,0.01,0.00300941,0.000992531,0.000235038,0,0.000382,1,0.00300458,0.00100013,0.0002625,1363.63
0,2418605,13,phononTF,0.000802995,-0.00194419,0.00194321,-0.0002625,1002.69,0.000382,1,-0.00199701,0.00199563,0.0002625,3724.85
0,2425128,3,phononTF,0.00370152,0.00218331,0.00180596,5.8365e-05,86.1034,0.000382,1,0.00200062,0.00199634,0.0002625,2551.5
0,2425128,4,phononTF,0.00300456,0.00200062,0.00199634,0.000262498,2551.5,0.000925617,1,0.00231535,0.0026821,-0.0002625,2722.16
0,2425619,16,phononTS,0.000431586,2.22805e-06,0.00200423,0.0002625,1895.83,0.000431586,1,0.000170211,0.00273237,-0.0002625,3418.79
0,2426030,16,phononTS,0.000469697,0.00292666,0.00162802,-0.0002625,5425.99,0.000382,1,0.00299689,0.00100433,0.0002625,6045.66
0,2427437,10,phononTF,0.000825431,0.00200927,0.00219119,-0.000262498,1704.33,0.000382,1,0.00200099,0.0020018,0.0002625,1802.94
0,2427437,3,phononTS,0.000971922,0.00246051,0.00113831,0.000262498,14.1419,0.000680751,1,0.00231029,0.000952884,-0.0002625,132.517
0,2428671,8,phononTF,0.00116228,-0.000759768,0.00324333,-0.0002625,3412.97,0.000382,1,-0.00100244,0.00299678,0.0002625,4231.5
0,2428672,1,phononL,0.01,0.00247255,0.000274651,-0.000246572,0,0.00255924,1,0.00247496,0.000306731,-0.0002625,932.457
0,2431440,3,phononTF,0.00178619,0.00220304,0.000213991,-0.0002625,6.44336,0.000764,1,0.00200153,2.23834e-06,0.0002625,687.106
0,2432613,8,phononTS,0.000482774,-0.00202938,2.27841e-05,-0.0002625,2290.52,0.000382,1,-0.00199877,1.1777e-06,0.0002625,2581.27
0,2433137,11,phononTS,0.000547318,0.00176247,0.002299,-0.0002625,4134.66,0.000382,1,0.00199985,0.00200405,0.0002625,4598.64
0,2433950,8,phononTS,0.00062453,0.00207434,0.00287388,-0.0002625,7020.68,0.000382,1,0.00200124,0.00199883,0.0002625,8874.91
0,2437032,17,phononTF,0.000460929,-0.000618179,-0.00139279,-0.0002625,19813.6,0.000382,1,2.53746e-06,-0.00200452,0.0002625,20870.8
0,2437032,2,phononTS,0.00399652,0.00302654,0.000491426,0.000155478,236.709,0.00196365,1,0.0030663,7.32125e-05,-0.0002625,494.918
0,2438697,5,phononTS,0.000533176,0.00325319,0.00326531,-0.000262498,2842.56,0.000382,1,3.52436e-06,1.5474e-06,0.0002625,3704.03
0,2442789,2,phononTS,0.00305129,0.00295081,0.00126754,-0.0002625,48.7461,0.000382,1,0.00299556,0.000997077,0.0002625,1028.07
0,2444239,19,phononTS,0.000478535,-0.00100068,-0.00100188,0.000262498,9029.59,0.000478535,1,-0.0012702,2.31438e-05,-0.0002625,9269.02
0,2447334,2,phononL,0.00105059,0.00299522,0.000997213,0.0002625,534.953,0.00101144,1,0.00283218,0.00146826,-0.0002625,744.903
0,2450723,7,phononTF,0.00059686,-5.1834e-05,-0.000166202,-0.0002625,375.957,0.000382,1,1.0768e-06,9.36877e-07,0.0002625,1671.45
0,2452096,2,phononTF,0.00167651,0.0022961,0.00028824,-0.0002625,644.683,0.000382,1,0.0020037,-1.90437e-06,0.0002625,1101.64
0,2453051,5,phononTS,0.000781068,0.00228822,-4.92813e-05,-0.000262498,298.786,0.000382,1,0.00200158,-4.82951e-06,0.0002625,416.606
0,2455395,3,phononTF,0.000945711,0.00241563,0.000433523,-0.0002625,197.099,0.000382,1,0.00199756,2.69617e-06,0.0002625,471.529
0,2456784,1,phononTS,0.01,0.00299348,0.000995437,0.000211637,0,0.002292,1,0.00299536,0.000998026,0.0002625,696.725
0,2456784,6,phononTS,0.00291789,0.00299536,0.000998026,0.000262498,696.725,0.000715297,1,0.00297792,0.00106813,-0.0002625,795.351
0,2462006,26,phononTS,0.00068452,0.00127677,0.00125471,-0.0002625,6347,0.000382,1,0.00200279,-4.39112e-06,0.0002625,9229.37
0,2462745,2,phononTS,0.00253892,0.00270158,0.00103457,-0.0002625,52.2412,0.000764,1,0.00300384,0.000995744,0.0002625,291.81
0,2463750,11,phononTF,0.00153365,0.000302819,0.000306296,-3.7338e-05,546.052,0.000382,1,4.53991e-08,-3.47441e-07,0.0002625,1865.69
0,2463849,7,phononTS,0.000740994,-0.005,-0.00282312,-0.000155107,5343.48,0.000382,1,-0.0020034,-2.91353e-06,0.0002625,7014.36
0,2464722,11,phononTS,0.000729316,-0.00103335,0.000811987,-0.000262498,8092.63,0.000382,1,-0.000996459,0.00100131,0.0002625,8199.56
0,2470170,1,phononTF,0.01,0.00292378,0.00107623,0.00011876,0,0.000764,1,0.00300121,0.000995177,0.0002625,286.519
0,2470452,19,phononTS,0.000440925,-0.00196803,0.00194321,-0.000262498,6452.97,0.000382,1,-0.00199723,0.00199668,0.0002625,6542.3
0,2472143,1,phononL,0.01,0.00291813,0.00117361,5.31158e-06,0,0.001528,1,0.0030034,0.00100005,0.0002625,238.107
0,2472143,5,phononTF,0.00139515,0.0030034,0.00100005,0.000262498,238.107,0.000597527,1,0.00317,0.000917884,-0.0002625,335.209
0,2472186,18,phononTS,0.00054794,8.08524e-05,-0.000603861,-0.0002625,1620.53,0.000382,1,3.71918e-06,-2.62884e-06,0.0002625,2380.27
0,2472778,5,phononTS,0.000413675,0.00197819,0.000108981,-0.0002625,666.248,0.000382,1,0.00199581,-1.43213e-06,0.0002625,966.676
0,2474774,12,phononTF,0.000994087,-0.000176062,0.000259888,-0.0002625,1522.73,0.000382,1,-2.77222e-06,-2.36243e-06,0.0002625,3957.33
0,2476901,13,phononTS,0.00066207,0.00267888,0.000612001,-0.0002625,550.957,0.000382,1,0.00299907,0.000997297,0.0002625,891.772
0,2478612,4,phononTF,0.000751809,0.00277348,0.00112911,-0.0002625,61.3125,0.000382,1,0.00299947,0.0010013,0.0002625,267.28
0,2479426,7,phononTS,0.00122437,0.00341205,0.00429601,-0.000262498,15667.7,0.000382,1,0.00199689,0.0020003,0.0002625,16193.4
0,2479426,8,phononTF,0.000503372,0.00199689,0.0020003,0.000262498,16193.4,0.000503372,1,0.00192192,0.0017144,-0.0002625,16302.4
0,2480066,18,phononTS,0.000754367,0.00098941,0.000957639,-0.0002625,5896.2,0.000382,1,0.000996445,0.000997446,0.0002625,7918.08
0,2481737,12,phononTS,0.000474786,0.005,-0.00099779,-8.95625e-05,3327.83,0.000382,1,0.00299632,0.00100105,0.0002625,5821.02
0,2485004,3,phononTF,0.00264503,0.00299536,0.00100444,0.0002625,292.66,0.00102203,1,0.00306753,0.00108005,-0.0002625,567.573
0,2487734,9,phononTS,0.000547641,0.00129137,-0.00234508,-0.000262498,3392.5,0.000382,1,0.000996807,-0.00299802,0.0002625,3578.99
0,2487811,5,phononTS,0.00206086,0.00204674,-3.251e-05,-0.000262498,2007.44,0.000382,1,0.00199944,-4.22464e-06,0.0002625,2096.96
0,2491531,8,phononTS,0.00167185,0.00127335,0.00149805,-0.000262498,313.076,0.000764,1,0.00100274,0.00100076,0.0002625,477.051
0,2492377,12,phononTF,0.000626981,0.00247347,-0.00238641,-0.0002625,648.33,0.000382,1,0.00200182,-0.002,0.0002625,5425.64
0,2497966,10,phononTF,0.000469343,-0.005,0.00428527,-8.21854e-05,16618.4,0.000382,1,-0.00099885,0.00300461,0.0002625,17787.4
0,2497966,3,phononTF,0.000780646,0.00244542,0.005,5.62164e-06,15.0868,0.000398419,1,0.00309583,0.000432236,-0.0002625,1479.71
0,2499699,2,phononTF,0.00114749,0.00272696,0.00128039,-0.0002625,14.5322,0.000382,1,0.00200053,0.00199918,0.0002625,310.534
0,2505047,13,phononTF,0.000430794,-0.000700864,0.00129588,-0.000262498,5325.92,0.000382,1,-0.00100121,0.00100496,0.0002625,5441.35
0,2506536,4,phononTS,0.000798947,0.00203256,0.00161328,-0.0002625,470.797,0.000382,1,0.00199638,0.00200046,0.0002625,1000.72
0,2506811,17,phononTS,0.000588547,-0.000823731,0.00103147,-0.000262498,941.148,0.000382,1,-0.000997285,0.00100287,0.0002625,1046.85
0,2512438,19,phononTS,0.0006164,-0.000525433,0.000979012,-0.0002625,6910.15,0.000382,1,-0.00100078,0.000995338,0.0002625,8604.01
0,2513493,15,phononTF,0.000475088,-0.00304955,-0.000953827,-0.000262499,15333.9,0.000382,1,-0.00300412,-0.000999529,0.0002625,15424.5
0,2517407,3,phononTF,0.00105216,0.00192476,-7.79695e-05,-0.0002625,1438.91,0.000764,1,0.00200477,2.20884e-06,0.0002625,1622.87
0,2517799,6,phononTF,0.000982242,0.000889702,0.00115802,-0.0002625,1937.37,0.000382,1,0.00100277,0.0010021,0.0002625,2307.94
0,2522296,17,phononTS,0.000497971,0.003724,0.00182013,-0.000262498,487.462,0.000382,1,0.00299588,0.00100194,0.0002625,738.033
0,2526670,4,phononL,0.00128999,0.002107,0.00116249,-0.0002625,3.95891,0.000382,1,0.00299882,0.000997717,0.0002625,407.774
0,2528042,4,phononTS,0.00242525,0.00285952,0.0010049,-0.0002625,54.2188,0.001528,1,0.00299999,0.00100444,0.0002625,468.945
0,2528581,10,phononTS,0.000494708,-0.00166384,-0.00197629,-0.0002625,5746.85,0.000382,1,-0.0019989,-0.00199893,0.0002625,9293.32
0,2529122,5,phononTS,0.000736762,0.00295916,0.00102231,-0.000262498,288.311,0.000382,1,0.00299884,0.00100181,0.0002625,378.138
0,2530076,8,phononTS,0.00215137,0.00102046,0.00102492,-0.0002625,598.198,0.000382,1,0.000995353,0.000997529,0.0002625,1182.75
0,2530686,8,phononTS,0.000495656,0.00295268,0.000972393,-0.000262498,2176.52,0.000382,1,0.00299966,0.00099671,0.0002625,2271.29
0,2533412,7,phononTS,0.00126944,0.00114654,0.00102294,-0.0002625,550.121,0.000382,1,0.000995204,0.000997251,0.0002625,1929.5
0,2534938,14,phononTS,0.000495065,0.00201958,-0.00201509,-0.000262498,2746.41,0.000382,1,0.002004,-0.00199806,0.0002625,2836.18
0,2535583,4,phononTF,0.00204356,0.00116188,0.000844729,-0.0002625,338.332,0.000382,1,0.00100083,0.000998773,0.0002625,765.755
0,2536875,4,phononL,0.00181816,-0.000811626,0.00275102,-0.0002625,36.069,0.000764,1,-0.00100073,0.00300218,0.0002625,691.633
0,2536875,3,phononTS,0.00118017,0.0024786,0.00127629,0.000262498,36.069,0.000896612,1,0.00331495,0.000231711,-0.0002625,327.334
0,2540486,33,phononTF,0.000405755,0.00199649,-0.00200097,0.000262498,1043.73,0.000405755,1,0.00216593,-0.00183675,-0.0002625,1142.5
0,2546351,2,phononL,0.000646001,0.00225322,-0.00155976,-0.0002625,69.9663,0.000382,1,0.00199723,-0.00200458,0.0002625,2485.45
0,2549826,7,phononTS,0.000555718,0.00177175,0.000162183,-0.000262498,1827.26,0.000382,1,0.00200273,2.32142e-06,0.0002625,1950.94
0,2550235,18,phononTS,0.000392341,-2.77557e-05,0.00203053,-0.000262498,3236.68,0.000382,1,3.06614e-06,0.00200084,0.0002625,3330.11
0,2551579,12,phononTS,0.00119889,0.00253401,0.0010563,-0.000262498,222.459,0.000382,1,0.00299784,0.00100243,0.0002625,366.964
0,2553310,1,phononTS,0.01,0.00301491,0.00100365,0.000252834,0,0.000382,1,0.00299979,0.00100134,0.0002625,372.523
0,2553964,24,phononTF,0.000484205,-0.000125843,-0.0021291,-0.0002625,17999.6,0.000382,1,-6.16574e-08,-0.0020047,0.0002625,18735.2
0,2554024,9,phononTS,0.00040587,-0.00204293,2.85645e-05,-0.000262498,4287.66,0.000382,1,-0.00199777,6.96534e-07,0.0002625,4377.14
0,2555349,6,phononTF,0.000897933,0.00226935,0.00171706,-0.0002625,452.147,0.000382,1,0.00199983,0.00199828,0.0002625,789.589
0,2555501,3,phononTS,0.00285736,0.00154897,0.000950136,-0.0002625,12.4884,0.001146,1,0.00199915,0.00200177,0.0002625,486.975
0,2557788,5,phononTF,0.00246877,0.00300273,0.000997141,0.0002625,241.957,0.00122356,1,0.00343333,0.000556157,-0.0002625,659.609
0,2558029,7,phononTF,0.000482207,0.000587069,0.000604614,-0.0002625,2665.5,0.000382,1,0.000998812,0.00100037,0.0002625,3359.15
0,2563732,4,phononTS,0.00138775,0.0035285,0.000893852,-0.0002625,1056.08,0.000382,1,0.00299861,0.000999821,0.0002625,2182.03
0,2563913,4,phononTS,0.0020261,0.00190056,0.000900883,-0.000262498,141.446,0.000382,1,0.000995262,0.00100185,0.0002625,355.534
0,2568901,7,phononL,0.000750712,0.002499,0.00122364,-0.000262498,146.354,0.000382,1,0.00300419,0.000995924,0.0002625,229.316
0,2574750,6,phononTS,0.000799571,0.00120028,-0.00194189,-0.0002625,535.995,0.000382,1,0.000997818,-0.00299523,0.0002625,1584.5
0,2575869,7,phononTS,0.000579437,0.00199852,-6.87294e-07,0.000262498,864.95,0.000579437,1,0.00203044,3.98454e-06,-0.0002625,956.157
0,2580033,20,phononTF,0.00180412,0.00300457,0.00100318,0.000262498,570.024,0.000566184,1,0.00330148,0.000699111,-0.0002625,686.113
0,2580942,5,phononTF,0.000895538,0.00184354,0.00185868,-0.0002625,541.904,0.000382,1,0.00200458,0.00200093,0.0002625,1023.21
0,2583373,5,phononTS,0.00127148,0.00297194,0.00101318,-0.0002625,288.353,0.000764,1,0.002999,0.00100479,0.0002625,2426.36
0,2586108,18,phononTF,0.000518035,6.20132e-05,0.0019356,-0.000262498,17018.2,0.000382,1,-2.49107e-06,0.00200193,0.0002625,17109.5
0,2589758,7,phononL,0.000452119,0.00296447,0.000648451,-0.0002625,686.083,0.000382,1,0.0030013,0.00100345,0.0002625,1443.51
0,2589925,13,phononTF,0.000443648,-0.00193178,-0.00046442,-0.0002625,15580.4,0.000382,1,-0.00100099,-0.00100055,0.0002625,18038.9
0,2595998,7,phononTF,0.000396691,0.00308486,0.000920891,-0.000262498,11948.6,0.000382,1,0.00300393,0.00100183,0.0002625,12040.6
0,2595998,2,phononTF,0.00202096,0.00245428,0.0012056,0.000262498,5.37564,0.00132722,1,0.00223189,0.00103272,-0.0002625,108.859
0,2598932,8,phononTS,0.00101895,0.00256523,0.000182376,-0.000262498,9169.2,0.000382,1,0.00199599,4.85342e-06,0.0002625,9335.5
0,2611959,3,phononTS,0.00230906,0.00173816,0.00109133,-0.0002625,0.901819,0.000382,1,0.00100298,0.00100146,0.0002625,357.331
0,2612774,23,phononTF,0.000382016,0.000940341,0.000887768,-0.0002625,266.168,0.000382,1,0.000999668,0.00100478,0.0002625,933.301
0,2613536,4,phononL,0.000936734,-8.11024e-05,0.00268721,-0.0002625,13.9081,0.000382,1,4.85595e-06,0.00200259,0.0002625,481.031
0,2617214,11,phononTS,0.000694514,0.00194812,7.71773e-05,-0.000262498,2962.01,0.000382,1,0.00199969,2.41959e-06,0.0002625,3057.92
0,2621357,20,phononTS,0.000515171,0.00268352,0.00217621,-0.0002625,319.621,0.000382,1,0.00300005,0.000998721,0.0002625,1994.24
0,2621358,1,phononTF,0.01,0.00275832,0.00130523,-0.000217738,0,0.0026288,1,0.00277419,0.00132026,-0.0002625,509.388
0,2621545,6,phononTF,0.000618727,-0.000986911,-0.000985514,-0.0002625,3914.76,0.000382,1,-0.00100407,-0.000999333,0.0002625,7413.05
0,2626195,11,phononTF,0.000924933,0.00184908,-0.000145594,-0.0002625,5227.58,0.000382,1,0.00200472,2.05967e-06,0.0002625,5891.19
0,2626195,12,phononTS,0.000522138,0.00200472,2.05967e-06,0.000262498,5891.19,0.000522138,1,0.00204442,4.53752e-05,-0.0002625,5980.38
0,2626195,3,phononTS,0.00193079,0.00258662,0.00124383,0.000262498,24.2417,0.00131056,1,0.00241272,0.0017833,-0.0002625,186.241
0,2627520,8,phononTS,0.000448754,0.00297378,0.00102291,-0.0002625,328.194,0.000382,1,0.00300434,0.000998139,0.0002625,774.96
0,2632480,13,phononTS,0.00180336,0.0029806,0.00102558,-0.0002625,2305.39,0.000382,1,0.00299832,0.00100424,0.0002625,3317.94
0,2632642,10,phononTS,0.000403439,-0.00199904,5.11331e-07,0.000262498,4692.12,0.000403439,1,-0.00101522,0.00171635,-0.0002625,5092.14
0,2635227,1,phononTF,0.01,0.00300198,0.00100146,0.000252833,0,0.001528,1,0.0030035,0.000995999,0.0002625,945.559
0,2637466,7,phononTF,0.000975126,0.00266271,0.00067756,-0.000262498,340.594,0.000382,1,0.0029955,0.000997306,0.0002625,460.186
0,2637747,9,phononTS,0.0026461,0.00198231,0.000604226,-0.0002625,725.317,0.000382,1,0.00199871,-2.05656e-07,0.0002625,1093.22
0,2643847,11,phononTF,0.000439251,-0.00261669,0.00263972,-0.0002625,4917.84,0.000382,1,-0.00199856,0.00200202,0.0002625,15146.6
0,2644753,2,phononTS,0.00261185,0.00160382,-0.000470262,-0.0002625,1789.5,0.000764,1,0.000996622,-0.00100012,0.0002625,2181.71
0,2645328,6,phononTS,0.000483905,0.000811369,0.00182544,-0.0002625,424.943,0.000382,1,3.93118e-06,0.00199542,0.0002625,1013.51
0,2648871,7,phononTF,0.000482371,-0.00261557,0.000579161,-0.0002625,1781.22,0.000382,1,-0.00199541,-3.89459e-06,0.0002625,5972.53
0,2651273,2,phononTF,0.00146185,0.00276023,0.000738005,-0.0002625,108.65,0.000764,1,0.000999001,-0.00100253,0.0002625,686.516
0,2651305,6,phononTS,0.00153254,0.00119426,-0.00086771,-0.0002625,2968.99,0.000764,1,0.00200465,-1.90683e-06,0.0002625,3766.36
0,2652167,21,phononTS,0.000588473,0.00218259,4.55494e-05,-0.000262498,2093.24,0.000382,1,0.00100355,-0.000998069,0.0002625,2424.94
0,2652178,4,phononL,0.00130803,0.00170398,0.000962546,-0.0002625,259.23,0.000764,1,0.000996788,0.00100073,0.0002625,447.864
0,2654865,8,phononTS,0.00047416,-0.005,0.000922769,-1.72744e-05,5463.73,0.000382,1,-0.00300445,-0.000999573,0.0002625,5999.91
0,2657358,8,phononTS,0.000573643,0.005,-0.000661703,-0.000202899,948.277,0.000573643,1,0.00496881,-0.000668453,-0.0002625,1464.1
0,2658716,21,phononL,0.00164441,0.00300297,0.000995659,0.000262498,395.117,0.00044242,1,0.00256484,0.00094624,-0.0002625,469.8
0,2667211,6,phononTS,0.000449483,2.55097e-06,0.00199817,0.000262498,732.956,0.000449483,1,4.04737e-05,0.00215663,-0.0002625,840.462
0,2667625,13,phononTF,0.00215395,-0.00122966,0.00121015,-0.0002625,1736.35,0.000382,1,-0.00100482,0.000995167,0.0002625,3638.63
0,2669371,9,phononTF,0.000423503,0.00165845,0.00166706,-0.0002625,1880.21,0.000382,1,0.00200419,0.00200181,0.0002625,3280.92
0,2672507,12,phononTS,0.000614874,-0.00300232,-0.000997421,0.000262498,9176.89,0.000614874,1,-0.00296848,-0.00104232,-0.0002625,9266.27
0,2672907,12,phononL,0.000765058,-5.29527e-05,0.000709466,-0.000262498,1047.3,0.000382,1,-0.000999226,0.000999984,0.0002625,1169.73
0,2672966,15,phononTS,0.000485144,0.00326569,0.000757451,-0.000262498,7830.43,0.000382,1,0.00299968,0.00100466,0.0002625,7965.64
0,2672966,2,phononTS,0.00167846,0.00247144,0.00117404,0.000262498,2.84082,0.000789668,1,0.00476988,0.00270441,-0.0002625,541.232
0,2675335,5,phononTS,0.000740981,-0.00100406,0.00100287,0.0002625,1913.63,0.000740981,1,-0.00134254,0.00107786,-0.0002625,3209.25
0,2677863,7,phononTS,0.000809311,-0.000410926,0.00274425,-0.0002625,5583.95,0.000382,1,0.00099769,0.000996051,0.0002625,7671.01
0,2680594,10,phononTF,0.000702791,0.00210918,0.00184904,-0.0002625,418.951,0.000382,1,0.00199677,0.00199786,0.0002625,707.474
0,2680594,2,phononTS,0.00181488,0.0025617,0.00148518,0.000262498,102.386,0.00132231,1,0.00259196,0.00149651,-0.0002625,191.953
0,2682169,16,phononTF,0.000454093,0.00175229,-0.00170185,-0.0002625,26858.7,0.000382,1,0.00199893,-0.00199663,0.0002625,27402.9
0,2683668,9,phononTF,0.000678609,0.00257114,0.00142087,-0.000262498,340.056,0.000382,1,0.00299566,0.00100176,0.0002625,476.089
0,2691618,8,phononTS,0.000702155,0.00175157,-0.00351433,-0.000262498,4338.63,0.000382,1,0.00099992,-0.00299505,0.0002625,4558.6
0,2693214,15,phononTS,0.000622706,0.00159669,-0.003045,-0.000262498,3536.53,0.000382,1,0.00100277,-0.00300086,0.0002625,3698.75
0,2695331,8,phononTF,0.000528997,0.00299847,0.000996136,0.000262498,384.297,0.000528997,1,0.00299155,0.000927004,-0.0002625,475.389
0,2695332,1,phononTS,0.01,0.00305505,0.00183035,-0.000215946,0,0.00212626,1,0.00298049,0.00183985,-0.0002625,1190.33
0,2700370,5,phononTF,0.00255808,0.00197296,-2.71867e-05,-0.000262498,718.104,0.000382,1,0.00200156,-1.52827e-07,0.0002625,808.233
0,2702239,13,phononTF,0.000420699,0.00172753,-0.00224161,-0.000262498,1762.25,0.000382,1,0.00100165,-0.00299535,0.0002625,1963.62
0,2702593,7,phononTF,0.00039793,0.00349255,0.0014909,-0.000262498,1685.9,0.000382,1,0.00299959,0.000998709,0.0002625,1835.23
0,2702594,1,phononTS,0.01,0.00253778,0.00155189,-0.000259386,0,0.00388076,1,0.0025376,0.00155191,-0.0002625,579.133
0,2705164,7,phononTS,0.00108603,-0.005,0.00499947,-0.00023763,1391.51,0.000764,1,-0.00199624,0.00199983,0.0002625,8759.23
0,2705446,13,phononTS,0.000437118,-0.00241111,-0.000241576,-0.000262498,8219.72,0.000382,1,-1.61241e-06,0.00200242,0.0002625,8820.66
0,2705447,1,phononTS,0.01,0.00296832,0.000495793,-0.000252401,0,0.00242088,1,0.0029693,0.000505967,-0.0002625,545.163
0,2705667,4,phononTF,0.00184603,0.00210177,0.00177356,-0.0002625,63.1221,0.000382,1,0.00200239,0.00200202,0.0002625,474.566
0,2706017,10,phononTS,0.000450332,0.00194152,0.000962304,-0.000262498,171.334,0.000382,1,0.00199821,0.00199766,0.0002625,396.919
0,2707214,22,phononL,0.000389642,0.00240871,0.00196106,-0.0002625,9150.1,0.000382,1,0.00199576,0.00200188,0.0002625,9516.1
0,2707642,9,phononTS,0.000494659,-0.00155034,0.00233126,-0.0002625,4015.88,0.000382,1,0.00100249,0.00100304,0.0002625,4957.47
0,2709708,26,phononTS,0.000582368,-0.00283581,-0.0018389,-0.0002625,5872.09,0.000382,1,-0.00299681,-0.00100038,0.0002625,8849.13
0,2710577,13,phononTF,0.000762579,-0.00211949,0.00210297,-0.0002625,2620.38,0.000382,1,-0.000998133,0.000997898,0.0002625,6057.04
0,2710956,7,phononTF,0.000436597,0.00171715,0.00197377,-0.000262498,715.401,0.000382,1,0.001997,0.00199833,0.0002625,823.447
0,2710956,3,phononTS,0.000974382,0.00249014,0.00136455,0.000262498,319.874,0.000369951,1,0.00245898,0.0013249,-0.0002625,409.291
0,2712004,5,phononTS,0.000653374,0.00199535,6.49249e-07,0.0002625,191.23,0.000117346,1,0.00177155,-2.25188e-07,-0.0002625,415.567
0,2714547,8,phononTF,0.00055133,0.00421038,0.00108437,-0.0002625,4906.74,0.000382,1,0.00200472,-8.5849e-07,0.0002625,5990.91
0,2714779,4,phononL,0.00198366,0.00247531,0.00216066,-0.0002625,529.688,0.000382,1,0.00199775,0.00200462,0.0002625,776.402
0,2720466,17,phononTS,0.000784123,-0.00311791,-0.00034174,-0.0002625,6225.78,0.000382,1,-0.00200401,2.20683e-07,0.0002625,10742
0,2724446,16,phononTS,0.000418402,0.00329422,0.000956984,-0.0002625,9973.79,0.000382,1,0.00200018,0.00200188,0.0002625,14077
0,2727109,15,phononTS,0.000444094,0.00324046,0.000972318,-0.0002625,1401,0.000382,1,0.00300227,0.000995755,0.0002625,2025.01
0,2729977,3,phononTS,0.00132386,0.00124474,0.00157211,-0.0002625,9.19557,0.000382,1,2.42149e-06,0.00200375,0.0002625,573.668
0,2729977,4,phononTF,0.000708565,2.42149e-06,0.00200375,0.000262498,573.668,0.000708565,1,0.000296099,0.00170498,-0.0002625,688.644
0,2729985,4,phononTS,0.00229128,0.00172355,0.00103855,-0.0002625,31.7891,0.000764,1,0.000996126,0.00100266,0.0002625,390.197
0,2735602,5,phononTF,0.00150361,0.00292643,0.00112651,-0.0002625,137.538,0.000764,1,0.00300335,0.00100178,0.0002625,442.942
0,2739275,16,phononTF,0.00066724,0.0026815,-0.00132815,-0.000262498,5090.7,0.000382,1,0.00200108,-0.00199653,0.0002625,5277.11
0,2739275,3,phononTS,0.00226583,0.00248976,0.00117153,0.000262498,4.06365,0.000284193,1,0.00341025,0.0010048,-0.0002625,221.89
0,2746901,2,phononTS,0.00278319,0.00213565,0.000657094,-0.0002625,1819.25,0.000764,1,0.0019952,1.12059e-06,0.0002625,3539.6
0,2748470,11,phononL,0.000409678,0.00358917,0.00141671,-0.000262498,1872.37,0.000382,1,0.00299876,0.000996412,0.0002625,1971.07
0,2750464,3,phononTF,0.00106785,0.00299949,0.000995854,0.0002625,609.191,0.000544666,1,0.00317475,0.000821966,-0.0002625,822.291
0,2757395,4,phononTF,0.000483334,-0.00114208,-0.000883762,-0.0002625,316.659,0.000382,1,-0.00200395,-0.00200239,0.0002625,2418.57
0,2758065,19,phononTF,0.000569847,-0.000896143,0.00104104,-0.0002625,3539.34,0.000382,1,-0.00100077,0.000999833,0.0002625,4003.01
0,2762863,12,phononTS,0.00039027,0.000777819,-0.00302168,-0.000262498,3692.92,0.000382,1,0.00100276,-0.00299922,0.0002625,3804.31
0,2762864,3,phononL,0.00334299,0.00221608,0.00130314,0.000106613,161.69,0.00209987,1,0.0023252,0.00132029,-0.0002625,286.293
0,2763915,15,phononTS,0.000428212,0.000996935,0.000999397,0.000262499,4149.11,0.000428212,1,0.00117634,0.00125802,-0.0002625,4277.32
0,2765813,12,phononTS,0.000545317,0.00243532,0.00120485,-0.000262498,6258.3,0.000382,1,0.00300296,0.00100223,0.0002625,6426.15
0,2768761,6,phononL,0.00068401,0.00167053,-0.00160085,-0.0002625,538.743,0.000382,1,0.00199939,-0.00199671,0.0002625,780.194
0,2768859,11,phononTS,0.000557514,0.000800191,0.00161251,-0.0002625,5809.5,0.000382,1,0.00100055,0.0010007,0.0002625,6678.26
0,2773364,15,phononTS,0.000546316,0.000448452,0.00208329,-0.0002625,999.529,0.000382,1,1.93872e-06,0.00199745,0.0002625,1719.19
0,2774975,11,phononTS,0.000934022,-0.000403315,-0.00243647,-0.000262498,10663.9,0.000382,1,-3.1586e-06,-0.0020004,0.0002625,10833
0,2776646,23,phononTS,0.000490942,-0.00194831,-0.00214109,-0.0002625,6633.53,0.000382,1,-0.00199596,-0.00200357,0.0002625,9438.35
0,2780834,8,phononTF,0.00054931,-0.00313594,-0.00113663,-0.0002625,4386.85,0.000382,1,-0.0029989,-0.00099597,0.0002625,4692.93
0,2780834,2,phononTS,0.000903414,0.00202445,0.0011432,0.000262498,92.1928,0.000157348,1,0.00209255,0.00125653,-0.0002625,197.605
0,2781432,14,phononTS,0.000592989,-4.90468e-06,0.00200019,0.000262498,1177.79,0.000592989,1,5.70186e-07,0.00199248,-0.0002625,1271.53
0,2783537,4,phononTF,0.000684359,0.00219898,0.000195223,-0.0002625,681.188,0.000382,1,0.0019969,1.11794e-06,0.0002625,1192.3
0,2783537,2,phononTS,0.00166655,0.00250514,0.00101563,0.000262498,366.731,0.00091954,1,0.00282738,0.000997338,-0.0002625,489.129
0,2787122,5,phononTS,0.000610553,0.00272526,0.000945123,-0.000262498,474.301,0.000382,1,0.00300214,0.000995313,0.0002625,595.095
0,2787122,2,phononTF,0.00274994,0.00246955,0.00118727,0.000262498,4.80672,0.000330076,1,0.00393384,-0.000227974,-0.0002625,365.709
0,2787225,5,phononTS,0.00138054,0.00100793,0.000896493,-0.0002625,4681.81,0.000382,1,0.0010007,0.000997555,0.0002625,4981.24
0,2787225,6,phononTF,0.000627916,0.005,0.000123624,8.23678e-05,4981.24,0.000627916,1,0.00434043,-0.00109924,-0.0002625,5945.67
0,2788165,2,phononTS,0.00368993,0.00202724,0.00139625,-0.0002625,87.6053,0.000382,1,0.00300163,0.000996829,0.0002625,1017.57
0,2788543,7,phononTS,0.00252224,-0.00113426,0.00297297,-0.0002625,1074.27,0.000764,1,-0.0010018,0.00299695,0.0002625,3615.69
0,2788781,18,phononTS,0.000516361,-1.85399e-05,0.000196011,-0.000262499,1508.45,0.000382,1,-0.00100188,0.00100432,0.0002625,1788.73
0,2788782,3,phononTS,0.00644448,0.00246173,0.00118807,-0.000192335,100.407,0.0023813,1,0.00254766,0.00116733,-0.0002625,123.82
0,2790931,6,phononL,0.00171647,-0.00241375,-0.0016513,-0.0002625,1156.9,0.000764,1,-0.00200196,-0.00199734,0.0002625,3209.74
0,2790931,4,phononTF,0.000939819,0.0026506,0.00129592,0.000262498,757.647,0.00040825,1,0.0028045,0.00145953,-0.0002625,855.716
0,2792588,10,phononTS,0.000886207,0.00100646,0.000963206,-0.000262498,3480.52,0.000382,1,0.000996045,0.00100116,0.0002625,3572
0,2793161,4,phononL,0.00225523,0.00238744,0.0017582,-0.0002625,163.32,0.000382,1,0.00199863,0.0020024,0.0002625,316.094
0,2798022,20,phononTS,0.000619329,-0.00194282,-0.000863189,-0.0002625,3131.97,0.000382,1,-0.00199922,8.05277e-07,0.0002625,3731.77
0,2801503,6,phononTF,0.000704745,0.000689501,0.00470674,-0.0002625,553.511,0.000382,1,-0.00100067,0.00300395,0.0002625,3197.54
0,2803311,20,phononTF,0.000639762,-0.000257467,0.000803415,-0.000262498,5716.1,0.000382,1,-4.82998e-07,0.00199644,0.0002625,5967.4
0,2803675,10,phononTF,0.000541428,-0.00247468,-0.00150945,-0.000262498,2726.87,0.000382,1,-0.00200463,-0.00199511,0.0002625,2873.3
0,2803837,5,phononTS,0.00043664,0.000633525,-0.00102599,-0.0002625,939.499,0.000382,1,0.000998501,-0.000998099,0.0002625,1323.51
0,2811751,15,phononTS,0.000540157,-0.000423559,0.000997924,-0.0002625,4062.17,0.000382,1,-0.00100387,0.00100047,0.0002625,4522.17
0,2811751,2,phononTS,0.000515209,0.00259831,0.00154786,0.000262498,175.597,0.000515209,1,0.00256017,0.00168953,-0.0002625,281.532
0,2812057,6,phononTF,0.00175247,0.00335661,0.000799338,-0.0002625,2435.38,0.000382,1,0.00299982,0.00100178,0.0002625,3033.66
0,2813490,14,phononTF,0.0014942,0.00266757,0.00109686,-0.000262498,298.713,0.000382,1,0.00300397,0.00100096,0.0002625,414.26
0,2815793,14,phononTF,0.000532565,0.00245813,-0.00246224,-0.0002625,7451.55,0.000382,1,0.00200202,-0.00200029,0.0002625,11038.8
0,2817047,3,phononTS,0.00185641,0.00299682,0.000996737,0.0002625,47.3916,0.000757241,1,0.0030011,0.00102706,-0.0002625,548.63
0,2818044,10,phononTF,0.000989879,-0.000200077,-0.00135979,-0.0002625,1679.14,0.000382,1,0.0019996,0.00200386,0.0002625,2860.72
0,2818379,9,phononTS,0.000567573,-0.000941849,0.00210337,-0.0002625,2038.01,0.000382,1,0.00100216,0.00100293,0.0002625,4049.57
0,2819082,1,phononTS,0.01,0.00290184,0.00100377,0.000234477,0,0.001146,1,0.00300322,0.00100349,0.0002625,274.673
0,2822039,17,phononL,0.00118483,0.00177526,0.00223196,-0.000262498,1713.86,0.000382,1,0.00200298,0.00200194,0.0002625,1782.82
0,2822961,5,phononTF,0.00042237,-0.00163942,-0.00165734,-0.0002625,225.661,0.000382,1,-0.00199639,-0.00200011,0.0002625,1716.35
0,2822961,3,phononTF,0.00187035,0.00228692,0.0010213,0.000262498,70.064,0.000564382,1,0.00249114,0.000825558,-0.0002625,172.132
0,2828583,3,phononTF,0.00114818,0.00222964,-0.00158314,-0.0002625,730.173,0.000382,1,0.00199726,-0.00199971,0.0002625,1578.75
0,2830169,6,phononTF,0.000526089,0.00125736,-0.000615952,-0.0002625,367.069,0.000382,1,0.0010045,-0.000997057,0.0002625,987.173
0,2835977,4,phononL,0.00215459,0.00139523,0.0010044,-0.0002625,84.5516,0.000764,1,0.0010046,0.0010033,0.0002625,372.096
0,2836580,5,phononL,0.00224481,-0.00100258,0.00100228,0.0002625,1136.67,0.000387959,1,-0.00125857,0.00028703,-0.0002625,2028.95
0,2838718,11,phononL,0.000524619,0.00187321,0.000827789,-0.0002625,2894.74,0.000382,1,0.00199802,4.89889e-07,0.0002625,3673.31
0,2840851,2,phononTF,0.00502073,0.00236539,0.000355679,-0.0002625,523.823,0.000764,1,0.00199792,2.39307e-06,0.0002625,680.768
0,2841812,4,phononTS,0.00174092,-0.000211794,0.00198351,-0.000262498,1835.97,0.000382,1,-5.55643e-07,0.0020028,0.0002625,1947.77
0,2848229,21,phononTS,0.000785369,0.00297808,0.00097646,-0.0002625,480.14,0.000382,1,0.00299553,0.000998228,0.0002625,1311.08
0,2848867,13,phononTS,0.000646606,0.00299939,0.000999648,0.0002625,4185.38,0.000646606,1,0.00298798,0.000251085,-0.0002625,9374.6
0,2851674,3,phononTF,0.00206759,0.00289438,0.00103835,-0.0002625,36.1133,0.000382,1,0.00299526,0.00100045,0.0002625,591.283
0,2856733,6,phononTS,0.000443769,-3.61553e-06,-5.70524e-07,0.000262498,1089.43,0.000443769,1,-0.000476919,-0.000165406,-0.0002625,1241.99
0,2857798,28,phononTS,0.000517472,-0.00101652,-0.000629062,-0.0002625,16356.4,0.000382,1,-0.00100355,-0.000996926,0.0002625,17484.3
0,2858481,2,phononTS,0.00202632,0.00200341,0.00111728,-0.0002625,457.514,0.000382,1,0.00200276,0.0020034,0.0002625,1089.47
0,2862441,14,phononTF,0.000746611,-0.00172414,0.000811318,-0.0002625,2403.32,0.000382,1,-0.00199944,2.03748e-06,0.0002625,7292.01
0,2865215,20,phononTF,0.000535879,0.00280651,0.000800182,-0.000262498,21104.3,0.000382,1,0.00299553,0.00099845,0.0002625,21205.6
0,2865215,6,phononTF,0.000785754,0.00180684,0.00120974,0.000262499,515.583,0.000668232,1,0.00170208,0.00143602,-0.0002625,618.286
0,2869209,10,phononTS,0.000594285,0.00100362,-0.0010045,0.0002625,1989.05,0.000594285,1,0.000979261,-0.00192865,-0.0002625,2593.09
0,2870923,18,phononTS,0.000714769,-0.000619438,0.00367379,-0.0002625,733.462,0.000382,1,-0.0010045,0.00300428,0.0002625,2479.26
0,2874401,6,phononTF,0.000467888,0.00300136,0.00100284,0.0002625,556.618,0.000467888,1,0.00277968,0.00121431,-0.0002625,760.685
0,2881302,19,phononTF,0.000673539,0.000311544,-0.00202938,-0.0002625,1906.71,0.000382,1,-2.32095e-06,-0.00199724,0.0002625,2243.5
0,2885666,11,phononTF,0.000808423,-0.000112705,2.40365e-05,-0.0002625,3125.84,0.000382,1,4.2621e-07,-7.27619e-08,0.0002625,10174
0,2888917,3,phononTS,0.00107532,-0.00111736,0.00200595,-0.0002625,33.9153,0.000382,1,-0.00199539,0.00199874,0.0002625,1428.56
0,2890392,19,phononTS,0.00062681,-0.00349368,-0.00138057,-0.0002625,13036.6,0.000382,1,-0.00300465,-0.00100208,0.0002625,16669
0,2895652,15,phononTF,0.00100261,-0.00232849,0.00168533,-0.0002625,1645.64,0.000382,1,-0.00199765,0.00200462,0.0002625,2159.79
0,2902774,8,phononTF,0.000528304,0.00260398,0.000595072,-0.0002625,428.147,0.000382,1,0.00299719,0.00100386,0.0002625,1919.89
0,2904474,19,phononTF,0.000415192,-0.00211027,-4.70652e-05,-0.0002625,11094.2,0.000382,1,-0.0020042,-1.2085e-06,0.0002625,13288.8
0,2906779,10,phononTS,0.00091763,-0.00198175,-0.00176244,-0.0002625,2297.21,0.000382,1,-0.00200121,-0.00200129,0.0002625,7079.81
0,2907408,4,phononTF,0.000839386,0.00283789,0.000830647,-0.000262498,253.619,0.000382,1,0.00300383,0.00100016,0.0002625,352.24
0,2911093,10,phononTS,0.000482605,0.00296623,0.00136756,-0.0002625,3122.53,0.000382,1,0.00299539,0.0010032,0.0002625,3760.66
0,2917173,8,phononTF,0.00044887,0.00141237,-0.00258676,-0.0002625,4654.29,0.000382,1,0.00200486,-0.00199502,0.0002625,5162.86
0,2922319,11,phononTS,0.000562634,-0.00144805,-0.00377269,-0.0002625,2648.13,0.000382,1,-4.39949e-06,-0.00199842,0.0002625,4667.49
0,2922530,3,phononTS,0.00289987,-0.00100053,0.000966501,-0.0002625,10.2887,0.000764,1,-0.00100483,0.00100437,0.0002625,1218.16
0,2925079,20,phononTS,0.000397509,-0.000997465,0.000997596,0.000262498,9003.35,0.000397509,1,-0.000810314,0.00103369,-0.0002625,9110.2
0,2929615,8,phononTF,0.000460697,0.00015116,-0.00215314,-0.0002625,3738.49,0.000382,1,3.94654e-06,-0.00200054,0.0002625,4029.25
0,2932562,9,phononTS,0.000638523,-0.0032773,-0.00304063,-0.000262498,15954.7,0.000382,1,-0.00199797,-0.00200171,0.0002625,16298.8
0,2934994,13,phononTF,0.00110519,0.00100428,0.00100045,0.0002625,1236.78,0.00029939,1,0.000970676,0.000680506,-0.0002625,2309.27
0,2939912,12,phononL,0.000826831,-0.00332986,-0.000890786,-0.0002625,1166.07,0.000382,1,-0.00299501,-0.000999066,0.0002625,1452.5
0,2940639,9,phononTS,0.000512795,-4.54029e-05,9.13869e-05,-0.000262498,7955.43,0.000382,1,4.19461e-06,-2.97448e-06,0.0002625,8053.01
0,2940646,5,phononTS,0.000661297,0.00303436,0.00111119,-0.0002625,233.411,0.000382,1,0.00299755,0.00100265,0.0002625,1364.25
0,2943514,3,phononTF,0.00175194,0.00311476,0.000805441,-0.0002625,262.099,0.000764,1,0.00299751,0.0010014,0.0002625,1145.4
0,2943844,3,phononTS,0.00214615,0.00137227,0.00104311,-0.0002625,14.5824,0.000764,1,0.00099559,0.00100451,0.0002625,531.077
0,2947300,5,phononTS,0.000731646,0.00194187,0.00141461,-0.0002625,1199.74,0.000382,1,0.00199654,0.00199592,0.0002625,2045.34
0,2947300,3,phononL,0.00176572,0.00241146,0.00114504,0.000262498,19.2515,0.000659386,1,0.00329791,0.00100059,-0.0002625,131.275
0,2950178,11,phononL,0.000932808,0.00311624,0.000406522,-0.0002625,6498.97,0.000382,1,0.00300464,0.000998887,0.0002625,6963.56
0,2953460,18,phononTS,0.000452126,0.00384784,6.12711e-05,-0.0002625,679.068,0.000382,1,0.00300052,0.000995736,0.0002625,1747.91
0,2953530,5,phononTS,0.00111936,0.00237026,0.00186983,-0.0002625,783.661,0.000382,1,0.000997233,0.000998133,0.0002625,5769.95
0,2957049,11,phononTS,0.000568521,0.00114122,-0.0016645,-0.0002625,2773.85,0.000382,1,-5.63608e-07,-0.00199514,0.0002625,4295.42
0,2957049,4,phononTS,0.000866744,0.005,-0.00366283,6.37678e-05,819.185,0.000579401,1,0.00496046,-0.00369229,-0.0002625,1759.09
0,2962130,3,phononTS,0.00190179,0.00100106,0.00100364,0.0002625,362.147,0.000689251,1,0.000271352,0.00100553,-0.0002625,899.048
0,2966739,3,phononTS,0.00235113,0.00212689,0.00185539,-0.0002625,334.413,0.000382,1,0.00199857,0.00200204,0.0002625,560.359
0,2966739,4,phononL,0.00155169,0.00199857,0.00200204,0.000262498,560.359,0.00120417,1,0.00140618,0.00198083,-0.0002625,645.306
0,2974966,12,phononTF,0.000432949,0.00100226,-0.00299801,0.000262498,3642.42,0.000432949,1,0.000500113,-0.00148549,-0.0002625,3950.42
0,2975387,10,phononTF,0.000563955,0.00372337,0.00173211,-0.000262498,2225.41,0.000382,1,0.00299769,0.0010047,0.0002625,2423.19
0,2975550,23,phononTF,0.000879184,0.00182862,-0.00172886,-0.0002625,1855.66,0.000382,1,0.002003,-0.00199524,0.0002625,2179.83
0,2975550,24,phononTF,0.000449863,0.002003,-0.00199524,0.000262498,2179.83,0.000449863,1,0.00204448,-0.00493557,-0.0002625,2719.82
0,2978969,1,phononTS,0.01,0.00299242,0.00101726,0.000250202,0,0.000382,1,0.00299875,0.000996932,0.0002625,421.392
0,2980707,2,phononTS,0.000441515,0.00184213,0.0012502,-0.000262498,944.515,0.000382,1,0.00200426,0.00199548,0.0002625,1123.62
0,2989872,2,phononTF,0.00244502,0.00267765,0.00133028,-0.0002625,69.405,0.000382,1,0.00300091,0.0010023,0.0002625,280.175
0,2989872,14,phononL,0.00125731,0.00300091,0.0010023,0.000262498,280.175,0.000682508,1,0.00251528,0.000651406,-0.0002625,367.401
0,2993325,6,phononTF,0.00050473,0.00278615,0.000798396,-0.0002625,4314.58,0.000382,1,0.00300092,0.00100409,0.0002625,4833.03
0,2993925,10,phononTF,0.000611298,0.005,0.00146663,0.000243988,5113.6,0.000382,1,2.85758e-06,3.51085e-06,0.0002625,7210.29
0,2993925,3,phononTF,0.000457458,0.0026873,0.00157457,0.000262498,882.422,0.000457458,1,0.00255551,0.00143021,-0.0002625,978.653
0,2993925,2,phononTF,0.000816391,0.0026873,0.00157457,0.000262498,882.422,0.000156081,1,0.00324104,0.00219719,-0.0002625,1053.34
0,3002539,4,phononL,0.0011305,0.0026749,0.00128141,-0.0002625,517.434,0.000382,1,0.00299619,0.00100487,0.0002625,756.659
0,3003687,16,phononTF,0.000637863,0.000998976,0.0010008,0.000262498,5942.4,0.000637863,1,0.00148302,0.000565805,-0.0002625,6087.41
0,3004025,18,phononTS,0.000549981,-0.00212232,0.00191303,-0.0002625,12280.3,0.000382,1,-0.00200087,0.00199995,0.0002625,12782.7
0,3015341,19,phononTS,0.000453325,0.000120731,-0.00285102,-0.0002625,10021.6,0.000382,1,0.000998132,-0.00299632,0.0002625,10529.9
0,3016683,6,phononTS,0.000622663,0.00200438,4.49511e-07,0.000262498,363.526,0.000622663,1,0.00200995,-0.000422055,-0.0002625,500.274
0,3021151,7,phononTF,0.000505734,-0.00328091,-0.000842323,-0.0002625,5754.76,0.000382,1,-0.003003,-0.000997312,0.0002625,6673.7
0,3021466,2,phononTF,0.00123169,0.00280043,0.00120212,-0.0002625,88.0074,0.000382,1,0.00300053,0.000996736,0.0002625,292.801
0,3043667,4,phononTS,0.00269667,0.00288735,0.00104883,-0.0002625,57.5464,0.000382,1,0.00299625,0.0010029,0.0002625,453.363
0,3047442,9,phononTS,0.000422404,-0.00199637,0.00199539,0.000262498,3876.72,0.000422404,1,-0.00203002,0.00204609,-0.0002625,3965.95
0,3053665,7,phononTS,0.000706211,0.00300288,0.00100492,0.000262498,1125.31,0.000198648,1,0.00325725,0.00103097,-0.0002625,1239.54
0,3054464,3,phononL,0.00137196,0.000323805,-0.0016677,-0.0002625,585.617,0.000382,1,1.89665e-06,-0.00200453,0.0002625,1201.59
0,3055268,9,phononTF,0.000665715,0.00273561,0.00141398,-0.000262498,902.492,0.000382,1,0.00299984,0.00100218,0.0002625,1030.98
0,3055673,13,phononTS,0.00049386,0.00321495,-3.84684e-05,-0.0002625,746.207,0.000382,1,0.0029974,0.000995658,0.0002625,1781.05
0,3059032,1,phononTF,0.01,0.00290638,0.0010507,0.000145414,0,0.00191,1,0.00299736,0.000997545,0.0002625,202.36
0,3063921,7,phononTF,0.000476497,-0.000239463,0.00176396,-0.000262498,4679.99,0.000382,1,4.29136e-06,0.00199719,0.0002625,4786.77
0,3066882,3,phononTF,0.0027563,0.00237191,0.0012747,-0.0002625,60.4403,0.001146,1,0.0019965,0.00199556,0.0002625,330.228
0,3069294,5,phononTS,0.000410689,0.0019591,0.00130697,-0.000262498,812.295,0.000382,1,0.00200315,0.0019965,0.0002625,985.257
0,3073992,7,phononL,0.000692784,-0.00221754,0.00219782,-0.0002625,3721.99,0.000382,1,-0.00199744,0.00200293,0.0002625,3925.13
0,3075215,2,phononTS,0.000629375,0.00290755,0.0010445,-0.0002625,35.852,0.000382,1,0.00300341,0.00100309,0.0002625,427.68
0,3075216,3,phononTS,0.00698445,0.000664532,0.00292814,2.85636e-05,412.091,0.00178475,1,0.000664192,0.00300292,-0.0002625,1339.38
0,3075773,4,phononTF,0.000893694,0.00224502,6.08745e-05,-0.000262498,1886.22,0.000382,1,0.00199508,-3.2289e-06,0.0002625,1991.03
0,3076042,9,phononTF,0.000621715,0.00124426,-0.00124243,-0.000262498,984.872,0.000382,1,0.00100045,-0.00100264,0.0002625,1092.23
0,3077542,2,phononTS,0.00156813,0.00254989,0.00121094,-0.000262498,128.252,0.000382,1,0.00200161,0.00200278,0.0002625,356.363
0,3081922,3,phononTS,0.00272935,0.00137519,0.00103564,-0.0002625,6.19108,0.000764,1,0.00100036,0.000995119,0.0002625,521.638
0,3082354,2,phononTF,0.000398118,0.00227387,0.00160211,-0.0002625,16.9569,0.000382,1,0.0020024,0.00200271,0.0002625,271.24
0,3084553,9,phononTS,0.000722441,0.000774676,9.62815e-06,-0.000262499,7397.99,0.000382,1,0.000999465,-0.000995559,0.0002625,7631.74
0,3085995,8,phononTS,0.000480099,-0.00185803,-0.000318651,-0.0002625,2858.95,0.000382,1,-0.000999722,-0.000997697,0.0002625,3609.68
0,3085995,2,phononTF,0.000803584,0.0020288,0.000787118,0.000262498,223.05,0.00029117,1,0.00193431,0.000934428,-0.0002625,318.865
0,3087804,21,phononTS,0.000612525,0.00308004,-0.000664508,-0.000262498,1946.86,0.000382,1,0.000997754,-0.00300192,0.0002625,2523.18
0,3087804,2,phononTS,0.000835968,0.00246981,0.00116,0.000262498,101.254,0.000316857,1,0.00250166,0.00121266,-0.0002625,190.499
0,3089461,11,phononL,0.000498991,0.00200128,1.69149e-06,0.0002625,1277.63,0.000498991,1,0.0023384,0.000511232,-0.0002625,1453.9
0,3092253,18,phononTF,0.000954006,0.00183688,-0.000178157,-0.0002625,2114.84,0.000382,1,0.000996584,-0.00100318,0.0002625,2776.95
0,3100988,3,phononTS,0.00182283,0.005,0.00420791,0.000133017,326.511,0.000764,1,0.00100434,0.00100227,0.0002625,7292.18
0,3101906,21,phononL,0.000484815,0.00109559,0.00167857,-0.000262498,1865.69,0.000382,1,0.000995157,0.00100201,0.0002625,1958.19
0,3104120,12,phononTF,0.0012152,0.00218775,-0.000193787,-0.0002625,1939.08,0.000382,1,0.00200026,-6.99987e-07,0.0002625,2242.04
0,3104270,6,phononTS,0.000625097,0.000725515,0.00101474,-0.000262498,518.508,0.000382,1,0.0009975,0.00100495,0.0002625,636.606
0,3106898,2,phononTS,0.000388109,0.00345045,-0.000575491,-0.0002625,83.8871,0.000382,1,0.00199713,8.14607e-07,0.0002625,1541.37
0,3106899,1,phononTF,0.01,0.00259687,0.00105135,-0.000241038,0,0.0041004,1,0.00259499,0.00104941,-0.0002625,240.472
0,3108321,1,phononTF,0.01,0.00298767,0.00101068,0.000211708,0,0.002674,1,0.00299693,0.0010012,0.0002625,222.211
0,3110164,2,phononTS,0.000551296,0.00298987,0.0010296,-0.000262498,468.775,0.000382,1,0.00300442,0.000995014,0.0002625,560.541
0,3110385,5,phononTS,0.00138621,0.00196543,0.00133234,-0.000262498,165.499,0.000764,1,0.00200325,0.00200387,0.0002625,335.152
0,3113500,7,phononTS,0.00040376,0.00144724,-0.00216254,-0.0002625,14483.9,0.000382,1,0.0010004,-0.00100413,0.0002625,15134.2
0,3115034,5,phononTS,0.000533195,-3.97096e-05,0.00194187,-0.0002625,2283.47,0.000382,1,4.5087e-06,0.00199874,0.0002625,2757.12
0,3116266,8,phononTF,0.000403248,-0.00427788,-5.97621e-05,-0.0002625,4900.11,0.000382,1,-0.00300074,-0.000997832,0.0002625,7235.07
0,3118389,12,phononTS,0.00107,0.0010274,0.000782672,-0.0002625,1105.45,0.000382,1,0.000999573,0.000995476,0.0002625,2143.48
0,3118454,2,phononL,0.00195591,0.00271287,0.00105253,-0.0002625,32.149,0.001146,1,0.00300198,0.0010041,0.0002625,167.289
0,3118617,4,phononTS,0.00110061,0.0023685,0.0012443,-0.0002625,21.5108,0.000382,1,0.00199618,0.00200029,0.0002625,328.786
0,3120403,4,phononTS,0.00125195,-0.00298979,-0.00167988,-0.000262498,2979.11,0.000764,1,-0.0020032,-0.00199896,0.0002625,3211.97
0,3130420,7,phononTF,0.000455428,0.000580608,0.000584014,-0.0002625,2205.85,0.000382,1,0.00100477,0.00100499,0.0002625,2614.37
0,3130420,4,phononTS,0.00160194,0.00166149,0.00228908,0.000262498,599.238,0.00069695,1,0.00258646,0.00259768,-0.0002625,820.787
0,3130420,8,phononTS,0.000562043,0.00258646,0.00259768,-0.000262498,820.787,0.000562043,1,-0.000938923,0.005,0.000145576,1612.21
0,3130691,14,phononTF,0.000889016,-0.00118706,0.00119936,-0.000262498,3729.63,0.000382,1,-0.000999255,0.00100169,0.0002625,3830.86
0,3131218,7,phononTS,0.000393509,0.00266733,0.00127355,-0.000262498,454.256,0.000382,1,0.00199835,-4.82326e-06,0.0002625,755.862
0,3131414,13,phononTS,0.000459417,0.00199628,0.00200394,0.000262498,552.694,0.000459417,1,0.00198479,0.00205207,-0.0002625,644.226
0,3132941,6,phononTS,0.0010466,-0.0012333,0.00011733,-0.0002625,1665.59,0.000382,1,-0.00199605,3.36024e-06,0.0002625,2599.94
0,3132941,7,phononTS,0.000652566,0.000589186,-0.005,0.000101856,2599.94,0.000652566,1,0.005,-0.00129574,0.000127348,6142.68
0,3137698,6,phononTS,0.000395443,0.00283873,0.00102873,-0.0002625,196.848,0.000382,1,0.00299687,0.00100084,0.0002625,517.493
0,3137716,2,phononTF,0.00227163,0.00276935,0.00110768,-0.0002625,58.026,0.000382,1,0.0030017,0.000997305,0.0002625,264.797
0,3143732,8,phononL,0.000623378,-4.77012e-06,1.40105e-06,0.000262498,2124.05,0.000623378,1,-0.00032619,0.000156928,-0.0002625,2194.47
0,3143732,4,phononTF,0.000415264,0.00242277,0.0011963,0.000262498,74.7034,0.000415264,1,0.00195684,0.000739335,-0.0002625,218.163
0,3145034,9,phononTS,0.000913629,-0.00191185,-0.000541961,-0.000262498,4892.34,0.000382,1,-0.000997879,-0.00100045,0.0002625,5128.91
0,3146158,3,phononTS,0.00298012,0.00250313,0.00103824,-0.000200301,70.3166,0.001146,1,0.00300132,0.000995558,0.0002625,326.808
0,3146799,4,phononTF,0.000935712,0.000537727,0.000544262,-0.000262498,806.023,0.000764,1,0.00100496,0.00099589,0.0002625,948.956
0,3147133,10,phononL,0.000588362,0.000797138,-0.000700105,-0.000262498,2387.24,0.000382,1,0.000998465,-0.00100016,0.0002625,2457.94
0,3150630,4,phononTS,0.00197275,-0.000965879,-0.000973115,-0.0002625,80.9407,0.000764,1,-0.000995887,-0.00100428,0.0002625,2901.12
0,3153798,3,phononTS,0.00368006,0.00300557,0.001005,-6.61533e-05,959.854,0.000764,1,0.00300021,0.000999045,0.0002625,1016.1
0,3154780,5,phononTS,0.00304485,0.00225968,0.00162358,-0.0002625,28.8786,0.001528,1,0.00200177,0.00199727,0.0002625,307.872
0,3158430,16,phononL,0.000474987,0.00190539,-0.00350061,-0.000262498,7430.52,0.000382,1,0.00100216,-0.00300034,0.0002625,7560.01
0,3158555,18,phononTS,0.000413253,0.00112839,-0.00150825,-0.0002625,3512.9,0.000382,1,0.00199613,2.28077e-07,0.0002625,6851.48
0,3162884,5,phononTF,0.00162576,0.00305396,0.000952018,-0.0002625,917.582,0.000764,1,0.00299861,0.0010048,0.0002625,1372.13
0,3164351,3,phononTS,0.00123222,0.00213975,0.000288555,-0.0002625,43.0245,0.000382,1,0.00200235,3.73965e-06,0.0002625,553.459
0,3170622,13,phononTS,0.000389718,-0.000526117,0.00304285,-0.0002625,5019.89,0.000382,1,-0.000998545,0.00299627,0.0002625,5379.8
0,3172182,2,phononTF,0.00065075,0.00252769,0.00138182,-0.0002625,28.7506,0.000382,1,0.00300002,0.00100094,0.0002625,1341.24
0,3179465,23,phononL,0.000673456,-0.00244605,-0.00179439,-0.0002625,8625.69,0.000382,1,-0.00199815,-0.00199947,0.0002625,9654.38
0,3182311,10,phononTF,0.000506742,-2.95357e-06,0.00199805,0.000262498,4217.19,0.000506742,1,-0.000265698,0.00200755,-0.0002625,4323.22
0,3183378,12,phononTF,0.000849489,-0.002682,-0.000336881,-0.0002625,11142.4,0.000382,1,-0.00300101,-0.000998901,0.0002625,12479.4
0,3183670,20,phononTS,0.000523216,-2.46388e-05,0.00225887,-0.000262498,7079.77,0.000382,1,-3.82001e-06,0.00200044,0.0002625,7195
0,3186929,6,phononTF,0.00119953,0.00305542,0.00105203,-0.0002625,566.793,0.000382,1,0.00299611,0.000995693,0.0002625,839.667
0,3194409,3,phononTF,0.00261274,0.00312028,0.000815797,-0.0002625,1083.32,0.000382,1,0.0029988,0.00100212,0.0002625,1293.29
0,3194416,10,phononTF,0.0003828,0.00138243,0.000717186,-0.0002625,970.256,0.000382,1,0.000999692,0.000996679,0.0002625,1595.16
0,3194471,31,phononTF,0.000512912,-0.00151645,0.00188563,-0.0002625,11123.5,0.000382,1,-3.99622e-06,0.00199517,0.0002625,11846.6
0,3194546,20,phononTS,0.00157832,-4.11016e-05,0.00203044,-0.0002625,3465.29,0.000764,1,3.65494e-06,0.00199761,0.0002625,7686.62
0,3198641,2,phononTS,0.00076785,0.00108946,0.00105343,-0.000262498,1343.66,0.000382,1,0.000996857,0.00100409,0.0002625,1441.11
0,3198867,6,phononTF,0.00082375,0.00273047,0.000797345,-0.000262498,628.721,0.000382,1,0.00300333,0.00100296,0.0002625,738.213
0,3201902,13,phononL,0.000425254,0.000205169,-0.00354114,-0.0002625,2023.89,0.000382,1,0.000999538,-0.00299891,0.0002625,2546.14
0,3206019,6,phononTF,0.000549481,0.00100407,-0.00100437,0.000262498,1120.42,0.000549481,1,0.00109567,-0.00103134,-0.0002625,1212.46
0,3206449,6,phononTS,0.000780961,0.0022934,0.00190116,-0.000262498,1001.82,0.000382,1,0.00199982,0.00199525,0.0002625,1127.29
0,3208532,14,phononTF,0.000556121,-0.00154966,-0.000433363,-0.000262498,4003.61,0.000382,1,-0.00199585,-3.2318e-06,0.0002625,4142.57
0,3210535,6,phononTF,0.000948582,-0.000777473,-0.00124092,-0.0002625,3101.54,0.000382,1,-0.00100252,-0.00100452,0.0002625,3847.1
0,3222628,20,phononTF,0.000469995,0.000242171,0.000167888,-0.000262498,3111.74,0.000382,1,-0.00100194,0.000999375,0.0002625,3392.32
0,3223727,7,phononTF,0.000591571,-0.00240005,0.00240916,-0.000262499,6538.8,0.000382,1,-0.00199759,0.00199813,0.0002625,6672.1
0,3224332,11,phononTS,0.000918711,-1.66055e-06,-0.00200361,0.000262498,4172.04,0.000570733,1,-0.00152974,-0.00118565,-0.0002625,4524.46
0,3226890,1,phononTS,0.01,0.00305421,0.000998372,0.000140043,0,0.00191,1,0.00300278,0.00100119,0.0002625,568.362
0,3227404,16,phononTS,0.000586259,-0.000783576,0.00445515,-0.000262498,3815.96,0.000382,1,-0.000995702,0.00299711,0.0002625,4141.95
0,3231841,6,phononL,0.000857009,0.00237991,0.000952598,-0.0002625,372.654,0.000382,1,0.00300316,0.000999608,0.0002625,740.23
0,3235586,9,phononTF,0.000761509,-0.000622803,-0.000611043,-0.0002625,4020.68,0.000382,1,-2.20387e-06,-1.01099e-06,0.0002625,5238.39
0,3236774,11,phononTF,0.000438239,-0.00304915,0.00367348,-0.000262498,9060.2,0.000438239,1,-3.80284e-05,-0.005,-0.000257703,10634.3
0,3237999,7,phononTF,0.000526268,0.00230752,0.0016804,-0.000262498,338.381,0.000382,1,0.00199911,0.0019981,0.0002625,455.919
0,3239351,18,phononL,0.000549346,0.000597123,-0.00189829,-0.0002625,2783.15,0.000382,1,-1.00453e-06,-0.00200244,0.0002625,3019.37
0,3243383,3,phononTF,0.000607237,0.0021152,0.00031542,-0.0002625,28.765,0.000382,1,0.00199794,-2.00878e-06,0.0002625,481.894
0,3246036,5,phononTF,0.000819311,0.00231309,0.00170352,-0.000262498,314.421,0.000382,1,0.00200271,0.00200337,0.0002625,430.748
0,3246036,3,phononTS,0.000965746,0.00253444,0.0011686,0.000262498,20.5238,0.000263668,1,0.000805029,0.00231441,-0.0002625,427.854
0,3248931,6,phononL,0.000688644,0.000363996,0.00216673,-0.0002625,565.706,0.000382,1,-2.98195e-06,0.00199938,0.0002625,784.183
0,3249156,2,phononTF,0.00124587,0.00113023,0.00112416,-0.0002625,17.8265,0.000382,1,0.000997205,0.00100461,0.0002625,895.023
0,3249401,17,phononTS,0.000571305,0.00200253,-0.00200168,0.000262498,2576.58,0.000571305,1,0.00328245,-0.00432361,-0.0002625,3094.16
0,3256630,8,phononTF,0.000615564,0.0018477,0.000173252,-0.0002625,1554.26,0.000382,1,0.000999683,0.00100472,0.0002625,2221.01
0,3258504,11,phononTF,0.000544023,0.00256939,-0.001325,-0.0002625,460.04,0.000382,1,0.00200228,-0.00200006,0.0002625,997.475
0,3259912,10,phononTS,0.00051805,0.000308301,-0.00101335,-0.0002625,4374.28,0.000382,1,2.043e-06,-3.2355e-06,0.0002625,5065.56
0,3266300,3,phononTS,0.00267511,0.00286314,0.00102188,-0.0002625,25.419,0.000764,1,0.00300135,0.00100231,0.0002625,382.441
0,3271664,6,phononTF,0.00055029,0.0020613,0.000205178,-0.0002625,1203.61,0.000382,1,0.00200492,-2.36907e-06,0.0002625,1507.95
0,3273732,11,phononTF,0.000904458,0.00293958,0.000945464,-0.000262498,1974.52,0.000382,1,0.00299996,0.00100317,0.0002625,2065.53
0,3273733,1,phononTS,0.01,0.00294654,0.000975332,-0.000249169,0,0.00290751,1,0.00294682,0.000977827,-0.0002625,1884.56
0,3273754,19,phononTF,0.000990933,-1.72594e-06,-1.53684e-06,0.000262498,2426.88,0.000320767,1,-0.000150423,-4.9808e-06,-0.0002625,2522.23
0,3276581,15,phononTF,0.000506578,0.00171833,-0.00229689,-0.0002625,6116.86,0.000382,1,0.00199829,-0.00200467,0.0002625,7145.73
0,3281615,5,phononTF,0.000678966,5.17086e-05,0.00013286,-0.0002625,821.221,0.000382,1,-2.14506e-07,3.45645e-06,0.0002625,1343.97
0,3294897,8,phononTS,0.000442397,0.00113862,0.00239888,-0.0002625,4840.18,0.000382,1,-4.76638e-06,-1.9798e-07,0.0002625,6623.16
0,3296398,6,phononTF,0.00108601,0.0024637,0.00152933,-0.000262498,541.187,0.000382,1,0.00199542,0.00200001,0.0002625,686.468
0,3296679,4,phononTS,0.000972527,-0.00297877,-0.000957883,-0.0002625,449.839,0.000382,1,-0.00299901,-0.00100144,0.0002625,2691.34
0,3298937,19,phononTS,0.00246751,0.0029973,0.00121261,-0.000262498,371.323,0.000382,1,0.00299612,0.00100302,0.0002625,482.048
0,3299363,6,phononTF,0.000580091,-2.31579e-06,0.00199863,0.0002625,6613.5,0.000580091,1,9.63108e-05,0.00174658,-0.0002625,7245.51
0,3302243,2,phononTF,0.00278313,0.00211636,0.00176164,-0.0002625,37.24,0.000764,1,0.00199559,0.00200201,0.0002625,454.636
0,3307164,5,phononTS,0.000450263,0.00169876,0.000959327,-0.0002625,112.661,0.000382,1,0.00100183,0.00100059,0.0002625,823.388
0,3307164,3,phononTF,0.00106743,0.005,-0.000613007,-3.89751e-05,33.7839,0.000489722,1,0.00484637,-0.000462011,-0.0002625,646.708
0,3307839,18,phononTF,0.000557284,-0.00253351,0.00148492,-0.000262498,5010.67,0.000382,1,-0.00199946,0.00200146,0.0002625,5166.3
0,3314206,11,phononTF,0.00120669,0.00169562,8.45978e-05,-0.000262498,3294.64,0.000382,1,0.00199836,-9.72854e-07,0.0002625,3405.78
0,3314206,12,phononTF,0.00079919,0.00199836,-9.72854e-07,0.000262498,3405.78,0.000432902,1,0.00175277,-0.000233739,-0.0002625,3513.25
0,3321366,6,phononTF,0.00148273,0.00200451,2.05015e-06,0.000262498,7289.97,0.000289294,1,0.00249239,0.000505104,-0.0002625,7439.81
0,3321942,7,phononTS,0.000390488,-0.00100052,-0.00100057,0.0002625,1787.47,0.000390488,1,-0.00366686,-0.00309399,-0.0002625,3082.6
0,3327552,3,phononTS,0.00104734,0.00299887,0.000997039,0.0002625,87.6109,0.00043723,1,0.00317428,0.00100448,-0.0002625,407.912
0,3333639,6,phononL,0.000728943,0.00241363,0.00122803,-0.000262498,619.473,0.000382,1,0.00199974,-1.82517e-06,0.0002625,774.51
0,3334189,11,phononTF,0.000538116,0.00329837,0.0010515,-0.0002625,8184.06,0.000382,1,0.00299569,0.0010034,0.0002625,9045.66
0,3334591,6,phononTF,0.00101693,0.00300128,0.00100055,0.000262498,1392.05,0.000119281,1,0.00273949,0.00131126,-0.0002625,1507.5
0,3336193,22,phononL,0.000678816,2.23462e-06,0.00199882,0.000262498,4646.68,0.000434701,1,-0.000162751,0.00230142,-0.0002625,4716.53
0,3341847,7,phononTS,0.000882975,-0.00100252,-0.00131529,-0.0002625,1092.67,0.000382,1,-0.000998688,-0.00100307,0.0002625,1460.51
0,3342910,12,phononTS,0.000907265,0.00301791,0.00102829,-0.0002625,357.196,0.000382,1,0.00299909,0.00099746,0.0002625,1164.26
0,3342910,14,phononTS,0.000428281,-0.00199631,0.00369614,-0.000262498,2566.59,0.000428281,1,-0.005,4.68398e-05,-3.13784e-05,3371.13
0,3350421,7,phononTS,0.000383524,0.00147574,0.00183999,-0.0002625,1987.82,0.000382,1,0.00100125,0.000996104,0.0002625,4760.29
0,3350513,9,phononTS,0.000406404,0.00299966,0.000999585,0.0002625,344.135,0.000406404,1,0.00330007,0.00103945,-0.0002625,583.317
0,3354908,17,phononTS,0.000872178,-0.00109011,-1.87238e-06,-0.0002625,1043.48,0.000382,1,-0.000995549,-0.000997255,0.0002625,1690.9
0,3362205,3,phononTF,0.00268558,0.00224196,0.00160035,-0.0002625,10.6508,0.000382,1,0.00199728,0.00199911,0.0002625,263.077
0,3362527,12,phononL,0.00124093,-0.00211419,-0.000794585,-0.0002625,2061.95,0.000382,1,-0.00199746,-1.01249e-06,0.0002625,2576.56
0,3362800,11,phononTS,0.000845942,-0.00097564,0.00285565,-0.0002625,2149.48,0.000382,1,-0.000997829,0.00299764,0.0002625,2869.39
0,3370120,18,phononTF,0.000786118,0.00159612,0.000403676,-0.000262498,1398.34,0.000382,1,0.000998854,0.00099547,0.0002625,1568.48
0,3371578,10,phononTF,0.000778218,0.00112947,0.00218739,-0.0002625,1046.18,0.000382,1,-0.00100018,0.0010019,0.0002625,2311.87
0,3376949,17,phononTF,0.00175909,0.00299502,0.000995781,0.000262498,977.234,0.000523109,1,0.00197473,0.00223634,-0.0002625,1271.05
0,3377225,4,phononTS,0.000472779,-0.000999704,-0.00100277,0.000262498,3852.05,0.000472779,1,-0.00103073,-0.00105485,-0.0002625,3941.34
0,3377226,1,phononTS,0.01,0.00209753,0.000734489,-0.00025052,0,0.00188119,1,0.00209913,0.000748746,-0.0002625,396.568
0,3385691,4,phononL,0.000822135,0.00220907,0.00164351,-0.0002625,797.538,0.000382,1,0.00199996,0.00200488,0.0002625,1203.87
0,3390578,4,phononTF,0.0026275,0.000997662,-0.0027984,-0.0002625,316.939,0.001528,1,0.00100235,-0.00300378,0.0002625,3669.85
0,3391691,10,phononTF,0.000727899,0.00177044,0.00208261,-0.000262498,1065.52,0.000382,1,0.00199534,0.00200149,0.0002625,1167.84
0,3394060,2,phononTS,0.00210903,0.0030598,0.000980284,-0.0002625,1769.18,0.001146,1,0.00300457,0.00099609,0.0002625,2761.69
0,3394820,14,phononTS,0.000574168,0.00104813,0.000942042,-0.000262498,954.063,0.000382,1,0.00100304,0.000995563,0.0002625,1047.66
0,3400805,8,phononTS,0.000833722,-0.00172897,-0.000574687,-0.000262498,2119.75,0.000382,1,-0.00100103,0.000995284,0.0002625,2474.05
0,3403477,2,phononTS,0.00280521,0.003087,0.00102426,-0.000262498,1144.85,0.000382,1,0.00299966,0.000996586,0.0002625,1242.09
0,3406440,4,phononTS,0.0020526,0.00108457,0.00100814,-0.000262498,1979.13,0.000382,1,0.00100292,0.00100351,0.0002625,2077.94
0,3409122,8,phononTS,0.000400469,-0.00295753,-0.00103396,-0.000262498,3724.47,0.000382,1,-0.00300029,-0.00100448,0.0002625,3813.91
0,3409310,6,phononTF,0.000724602,0.00278531,0.000782001,-0.0002625,982.618,0.000382,1,0.00300432,0.00100485,0.0002625,1332.04
0,3414526,5,phononTS,0.000695728,0.00059692,-0.00301305,-0.0002625,3939.65,0.000382,1,0.000996355,-0.00299527,0.0002625,6018.1
0,3417319,3,phononTF,0.00081889,-0.0044457,-0.00087104,-0.0002625,427.461,0.000382,1,-0.00199937,4.77544e-06,0.0002625,3080.49
0,3417319,2,phononTF,0.00269873,0.00263759,0.00117535,0.000262498,427.461,0.00107507,1,0.00302104,0.000793725,-0.0002625,556.76
0,3423679,1,phononL,0.01,0.00298767,0.000954123,0.00024489,0,0.001528,1,0.00299781,0.000997378,0.0002625,1021.29
0,3425087,14,phononTF,0.000485679,0.00114317,-0.00133654,-0.0002625,8086.76,0.000382,1,0.00100319,-0.000995964,0.0002625,8436.4
0,3425488,5,phononTS,0.000799028,-2.31387e-06,4.90299e-06,0.000262498,1380.44,0.000799028,1,0.00175935,-0.000715454,-0.0002625,1766.44
0,3425488,3,phononTS,0.000945194,0.0026558,0.00125317,0.000262498,202.463,0.000293648,1,0.00290248,0.000536929,-0.0002625,394.194
0,3429924,11,phononTS,0.000511021,0.00297366,0.00105088,-0.0002625,976.906,0.000382,1,0.00300178,0.000998938,0.0002625,1614.58
0,3431627,11,phononTS,0.000476074,0.00170715,0.000246888,-0.000262498,785.617,0.000382,1,0.00200474,-1.49667e-06,0.0002625,924.224
0,3431872,4,phononTS,0.0011445,0.00294579,0.00103651,-0.0002625,55.1534,0.000764,1,0.002998,0.00100305,0.0002625,797.691
0,3432077,7,phononL,0.000844485,0.00346362,0.00108046,-0.000262498,1242.98,0.000382,1,0.00299971,0.00100352,0.0002625,1319.5
0,3433893,5,phononL,0.0010723,0.00257963,0.00094239,-0.000262498,142.766,0.000382,1,0.00299501,0.00099818,0.0002625,216.213
0,3433912,3,phononTF,0.00202319,0.00223877,0.000227216,-0.0002625,725.126,0.001146,1,0.000998128,-0.000998629,0.0002625,1173.44
0,3437023,15,phononTS,0.000615756,0.00111415,-0.00142949,-0.0002625,20312.7,0.000382,1,0.000997872,-0.00100095,0.0002625,20743.1
0,3437662,4,phononTS,0.00042448,0.00138182,-0.000864573,-0.0002625,388.613,0.000382,1,0.00100008,-0.000995313,0.0002625,2587.86
0,3438057,18,phononTS,0.000423342,-3.18257e-05,-0.00183918,-0.0002625,9343.4,0.000382,1,-4.84125e-06,-0.00200405,0.0002625,9847.41
0,3440506,10,phononTS,0.000810931,0.00282843,-0.00130858,-0.0002625,2585.12,0.000382,1,0.00199941,1.48707e-06,0.0002625,4197.81
0,3440639,2,phononTS,0.00111875,0.00245461,0.00120122,-0.0002625,6.08151,0.000382,1,0.000996719,-0.00099817,0.0002625,603.931
0,3456062,12,phononTS,0.000389028,-0.000804273,0.00188671,-0.0002625,4112.27,0.000382,1,-0.00200443,8.70744e-07,0.0002625,8738.05
0,3456063,1,phononTF,0.01,0.00278735,0.000876473,2.07382e-05,0,0.00284771,1,0.00271404,0.000843874,-0.0002625,591.373
0,3462590,3,phononTF,0.00141144,0.0030917,-0.00314431,-0.0002625,6.96803,0.000382,1,0.00199587,-0.00199703,0.0002625,2890.5
0,3465987,2,phononTF,0.000468135,0.00238726,0.00159081,-0.0002625,73.1361,0.000382,1,0.00299748,0.000998831,0.0002625,561.039
0,3466277,5,phononTS,0.00121571,0.00373986,0.002601,-0.0002625,387.345,0.000382,1,0.00299956,0.00100059,0.0002625,2351.47
0,3467726,8,phononTS,0.000601636,0.000979882,-0.000990672,-0.000262498,3235.72,0.000382,1,0.00099768,-0.00100286,0.0002625,3327.43
0,3471040,9,phononTS,0.000607632,-0.00199655,1.01919e-06,0.000262498,9893.86,0.000607632,1,-0.00184721,-0.00078127,-0.0002625,10089.2
0,3476135,4,phononTF,0.00273407,0.00220926,0.00159283,-0.0002625,15.7409,0.000764,1,0.00199581,0.00199656,0.0002625,268.287
0,3481600,11,phononTS,0.000574025,0.000512062,-0.005,0.000165847,9585.05,0.000574025,1,0.000526485,-0.00434611,-0.0002625,10615.6
0,3484514,9,phononTF,0.000393678,0.000632565,0.00147521,-0.0002625,8942.06,0.000382,1,0.00100422,0.00100448,0.0002625,12305.3
0,3485783,2,phononTS,0.000696537,0.00165967,-0.000316699,-0.0002625,388.017,0.000382,1,0.00100191,0.00100379,0.0002625,3935.86
0,3487994,10,phononTF,0.000926358,0.000995209,0.000995536,0.000262498,3178.01,0.000608609,1,0.00106326,0.000992177,-0.0002625,3269.07
0,3487995,1,phononTS,0.01,0.00265124,0.00131726,-0.00016744,0,0.000228535,1,0.00267083,0.0013197,-0.0002625,332.899
0,3490986,2,phononTF,0.000515877,0.00271531,0.000738106,-0.0002625,705.082,0.000382,1,0.00299957,0.00100413,0.0002625,930.399
0,3491100,15,phononTS,0.00148625,0.0009464,0.00228537,-0.0002625,1728.24,0.000382,1,-3.91544e-06,0.00200497,0.0002625,2405.6
0,3496023,3,phononTS,0.00227532,0.00172829,9.99484e-05,-0.0002625,6.91234,0.000764,1,0.00100324,-0.000998423,0.0002625,580.83
0,3496484,7,phononTS,0.000638289,0.000975604,0.000947574,-0.000262498,831.59,0.000382,1,0.00100311,0.000998315,0.0002625,921.018
0,3496567,22,phononTS,0.000443255,0.00177101,0.00100773,-0.000262498,121.646,0.000382,1,0.00100114,0.00100475,0.0002625,307.088
0,3496605,17,phononL,0.000396624,0.00231545,0.00130281,-0.000262498,372.781,0.000382,1,0.00200475,0.0020038,0.0002625,474.344
0,3500999,17,phononTS,0.000936716,-0.00215463,0.00145641,-0.000262498,4825.2,0.000382,1,-0.00199526,0.00200157,0.0002625,4986.98
0,3502309,25,phononTF,0.000404643,0.00276661,0.00124573,-0.0002625,513.069,0.000382,1,0.00300296,0.00100489,0.0002625,833.844
0,3505080,14,phononTS,0.000473082,-0.00165145,-0.000254519,-0.0002625,8486.93,0.000382,1,-0.00200065,3.40022e-06,0.0002625,8922.33
0,3505864,11,phononTF,0.000426416,-0.000841371,0.00116124,-0.000262499,14614,0.000382,1,-0.000995583,0.00099885,0.0002625,14711.7
0,3506193,13,phononTF,0.000391967,0.000836315,-0.00120066,-0.000262498,5818.05,0.000382,1,0.00099545,-0.00100279,0.0002625,5918.98
0,3512526,24,phononTS,0.000603979,0.00100199,0.000995437,0.000262498,2125.88,0.000603979,1,0.001151,0.000900971,-0.0002625,2236.37
0,3512526,5,phononTF,0.000456347,-0.00405162,-0.005,-5.71253e-05,1858.66,0.000456347,1,-0.000945705,0.005,-9.34726e-05,5523.01
0,3519241,14,phononTS,0.0022755,-0.0011605,-5.18963e-05,-0.0002625,2532.44,0.000382,1,-0.00199769,-2.88159e-06,0.0002625,4781.2
0,3520364,9,phononTS,0.000938184,0.0029451,0.000965772,-0.000262498,1728.24,0.000382,1,0.00299501,0.000997463,0.0002625,1817.53
0,3524996,9,phononTS,0.000430762,-0.00199986,3.72466e-06,0.0002625,1145.69,0.000430762,1,-0.00183571,-2.7738e-05,-0.0002625,4439.4
0,3526818,13,phononL,0.00109107,-1.78316e-06,0.001998,0.000262498,1089.74,0.000216078,1,-5.55699e-05,0.00268851,-0.0002625,1182.77
0,3528233,13,phononTF,0.000717203,-0.000625142,-0.000620124,-0.0002625,7919.06,0.000382,1,-0.00100323,-0.00100027,0.0002625,8832.11
0,3528233,2,phononTS,0.00282909,0.0024609,0.00119133,0.000193965,11.5241,0.000332037,1,0.0022258,0.000955124,-0.0002625,131.581
0,3528267,10,phononL,0.00104859,0.00351712,0.00106248,-0.0002625,798.435,0.000764,1,0.00299599,0.00100217,0.0002625,1038.61
0,3534217,2,phononTF,0.00219248,0.0033194,0.000851785,-0.0002625,12.2934,0.000382,1,0.00300185,0.00100298,0.0002625,6288.97
0,3537165,8,phononL,0.000384702,0.00156062,0.000254215,-0.0002625,4447.11,0.000382,1,0.00199908,-1.16552e-06,0.0002625,5469.6
0,3545480,7,phononTS,0.00114971,0.000383005,-0.00302806,-0.0002625,367.792,0.000382,1,0.000998988,-0.00300192,0.0002625,7109.55
0,3546620,3,phononTF,0.0024529,0.00231356,0.00168112,-0.0002625,98.3626,0.000382,1,0.00200378,0.00199561,0.0002625,334.008
0,3546620,9,phononTF,0.000749896,0.00200378,0.00199561,0.000262498,334.008,0.000455128,1,0.00222812,0.00177719,-0.0002625,438.64
0,3547445,11,phononTS,0.000428961,9.74554e-06,-0.0028559,-0.0002625,5108.86,0.000382,1,0.00100234,-0.00299798,0.0002625,7793.1
0,3550592,9,phononTS,0.000520098,3.14167e-05,0.00212064,-0.0002625,901.686,0.000382,1,-4.1861e-06,0.00200102,0.0002625,1402.94
0,3555084,6,phononTF,0.000534311,-0.00160068,-0.00229903,-0.0002625,1310.45,0.000382,1,-0.00199847,-0.00200038,0.0002625,8043.77
0,3556964,14,phononTF,0.000535922,0.0011083,-0.0033657,-0.0002625,1612.55,0.000382,1,0.00100185,-0.00300479,0.0002625,2496.85
0,3560208,4,phononTS,0.00067125,0.00205953,0.00164364,-0.0002625,329.24,0.000382,1,0.00200261,0.00200179,0.0002625,690.179
0,3566073,10,phononTS,0.000944293,0.00200141,0.00200383,0.000262498,631.043,0.000718159,1,0.00249899,0.000225173,-0.0002625,1027.58
0,3568053,1,phononTS,0.01,0.00298751,0.000916017,0.000211963,0,0.002292,1,0.00299809,0.00099632,0.0002625,254.885
0,3568053,8,phononTS,0.000431436,0.000988921,0.005,-0.00022402,656.968,0.000431436,1,0.00057985,0.00470079,-0.0002625,1892.83
0,3568652,16,phononTF,0.000576617,0.00136738,0.005,-1.86634e-06,6063.45,0.000576617,1,0.00101986,0.00465961,-0.0002625,7202.09
0,3572123,9,phononTS,0.00120554,-0.00322607,0.00191202,-0.0002625,3081.54,0.000764,1,-0.00199889,0.00200181,0.0002625,3845.97
0,3573384,2,phononTS,0.000843569,0.00288487,0.00103759,-0.0002625,40.8116,0.000382,1,0.00299935,0.000999223,0.0002625,454.881
0,3577558,2,phononTS,0.00177301,-0.000126341,0.0010279,-0.0002625,26.8243,0.000764,1,-0.00100023,0.00100397,0.0002625,836.279
0,3580045,2,phononTS,0.000400413,0.0030659,0.000726041,-0.000262498,509.287,0.000382,1,0.00200349,-0.00199999,0.0002625,1115.47
0,3581821,9,phononTS,0.000502993,-0.00165313,0.000846495,-0.000262498,8320.49,0.000382,1,9.49941e-07,3.41062e-06,0.0002625,8699.03
0,3581829,5,phononTF,0.00144604,-0.00268413,-0.00132462,-0.0002625,3186.63,0.000764,1,-0.00200205,-0.00200292,0.0002625,4483.49
0,3581949,5,phononTS,0.000880426,0.00327387,0.000955817,-0.000262498,1104.97,0.000382,1,0.00300212,0.000998932,0.0002625,1224.77
0,3582240,7,phononL,0.000936993,0.00119783,0.000488823,-0.000262498,1096.05,0.000382,1,0.00100038,0.000999398,0.0002625,1178.33
0,3584400,14,phononL,0.000696413,0.00199951,-0.00200044,0.000262498,14370.5,0.000589461,1,0.00196347,-0.00170107,-0.0002625,14438.4
0,3585832,4,phononTS,0.000921415,0.00243623,0.00147278,-0.000262498,379.77,0.000382,1,0.00299503,0.000996706,0.0002625,571.188
0,3588930,6,phononTS,0.00109918,0.00200174,0.000147195,-0.0002625,506.792,0.000764,1,0.00200294,1.73592e-06,0.0002625,819.499
0,3590677,4,phononTF,0.00201114,0.00288298,0.00111619,-0.0002625,438.589,0.000382,1,0.00300121,0.000996565,0.0002625,731.548
0,3590677,8,phononTF,0.000789769,0.00300121,0.000996565,0.000262498,731.548,0.000427892,1,0.00294366,0.00105669,-0.0002625,822.547
0,3591570,9,phononTS,0.000593032,0.000360986,0.00302151,-0.0002625,2041.21,0.000382,1,1.58567e-06,0.00200074,0.0002625,4151.34
0,3593508,12,phononTS,0.00055756,0.00168389,0.00272265,-0.0002625,860.573,0.000382,1,0.00299704,0.000997796,0.0002625,2597.89
0,3594853,12,phononTS,0.000459102,-0.000953745,-0.000962002,-0.0002625,17439.7,0.000382,1,-0.00100048,-0.000995312,0.0002625,17891.8
0,3598192,4,phononTS,0.000794246,0.00220958,0.00195659,-0.0002625,301.25,0.000382,1,0.00199693,0.00200195,0.0002625,2099.93
0,3598920,10,phononL,0.000399841,-0.00100085,0.00299767,0.000262498,4874.13,0.000399841,1,-0.000687935,0.00317256,-0.0002625,4944.66
0,3611513,4,phononTS,0.0010364,-0.00146612,-0.005,4.31432e-05,170.789,0.000281865,1,-0.000936068,-0.00399006,-0.0002625,6196.73
0,3611517,9,phononL,0.0018064,0.00316632,0.00119701,-0.000262498,736.161,0.000382,1,0.00300145,0.000998365,0.0002625,802.567
0,3621245,8,phononTS,0.00167723,0.00199941,3.4043e-06,0.000262498,1081.87,0.000349268,1,0.00201501,-5.90659e-06,-0.0002625,1175.27
0,3622644,13,phononTF,0.000973948,-0.00258259,-0.00246173,-0.0002625,1827.79,0.000382,1,-0.00200051,-0.00200284,0.0002625,6353.47
0,3624877,2,phononTF,0.000562498,0.00042538,0.00018676,-0.0002625,24.808,0.000382,1,-2.2277e-06,-1.17889e-06,0.0002625,800.591
0,3640088,9,phononTS,0.000519507,0.00204316,-6.92363e-05,-0.0002625,2366.12,0.000382,1,0.00199554,2.45471e-06,0.0002625,3740.41
0,3640123,15,phononTF,0.000411729,0.000349783,0.000142854,-0.0002625,2934,0.000382,1,0.000997268,0.000998048,0.0002625,3565.05
0,3640468,4,phononTS,0.002301,0.00230017,0.000940902,-0.000262498,432.094,0.000764,1,0.00299983,0.00100236,0.0002625,606.457
0,3640967,13,phononTF,0.000548921,0.000386678,-0.00237413,-0.0002625,13998.8,0.000382,1,7.06659e-08,-0.00200214,0.0002625,17332.1
0,3642039,4,phononTS,0.00127396,-0.00196605,-0.00274353,-0.0002625,5035.52,0.000382,1,-0.00200315,-0.00199502,0.0002625,9445.45
0,3642943,4,phononTF,0.00106637,-0.00223605,-0.00224393,-0.000262498,1355.64,0.000382,1,-0.00200159,-0.00199777,0.0002625,1462.64
0,3643745,7,phononTS,0.000392027,0.0032044,0.00469632,-0.000262498,3501.44,0.000382,1,-0.000995234,0.000998956,0.0002625,4537.46
0,3651706,10,phononTS,0.000614812,-0.00121912,0.00129331,-0.000262498,4085.35,0.000382,1,2.42688e-06,0.00200453,0.0002625,4378.09
0,3651929,14,phononTS,0.0008369,0.000999943,0.00100019,0.0002625,232.763,0.0008369,1,0.000674392,0.000982016,-0.0002625,734.643
0,3653729,20,phononTS,0.00108219,0.00204009,0.00161459,-0.0002625,673.485,0.000382,1,0.00199854,0.00199795,0.0002625,1323.45
0,3658446,7,phononL,0.00150115,-0.000221876,-0.00284717,-0.000262498,4778.44,0.000382,1,2.87703e-06,-0.00200496,0.0002625,4888.75
0,3659499,3,phononTS,0.00363156,0.00332557,0.000975923,-0.000152609,1240.21,0.000764,1,0.00300295,0.00100414,0.0002625,1523.01
0,3659499,4,phononTS,0.00240348,0.00300295,0.00100414,0.000262498,1523.01,0.000177863,1,0.00296797,0.00105258,-0.0002625,1612.22
0,3667577,3,phononTS,0.00201214,0.000748112,0.000997259,-0.0002625,291.459,0.000382,1,0.00100496,0.000999836,0.0002625,959.576
0,3670474,6,phononTS,0.000404879,0.00200159,-0.00199847,0.000262498,9768.68,0.000404879,1,0.00115652,-0.00169563,-0.0002625,9983.09
0,3670474,2,phononTS,0.00150319,-0.00355534,0.005,-0.000186903,11.7797,0.000947211,1,-0.00381166,0.0047104,-0.0002625,1451.94
0,3671062,10,phononTS,0.000539502,-0.00200395,-0.00199833,0.0002625,6570.66,0.000539502,1,-0.0042443,-0.00351844,-0.0002625,8529.43
0,3676496,10,phononTS,0.000624567,0.00223,-0.0020473,-0.000262498,3291.39,0.000382,1,0.00200364,-0.00200323,0.0002625,3402.25
0,3676924,7,phononTF,0.000931144,0.00299963,0.00100415,0.000262498,6030.57,0.000931144,1,0.00495931,-0.000815165,-0.0002625,6498.9
0,3676972,3,phononL,0.00132915,0.00280122,0.00105509,-0.0002625,116.683,0.000382,1,0.00300249,0.000998256,0.0002625,246.518
0,3682209,13,phononTF,0.000877932,0.000982952,-0.00298173,-0.0002625,3962.17,0.000382,1,0.00100158,-0.00299937,0.0002625,4772.03
0,3683015,19,phononTS,0.000424978,-0.00176457,0.00352174,-0.0002625,8296.26,0.000382,1,-0.000999842,0.00299549,0.0002625,9173.8
0,3684746,5,phononTS,0.00217619,0.00174686,0.00191523,-0.0002625,708.232,0.000764,1,0.00199957,0.0019962,0.0002625,1967.87
0,3684746,6,phononTF,0.000505431,0.00199957,0.0019962,0.000262498,1967.87,0.000505431,1,0.00178434,0.00175502,-0.0002625,2074.32
0,3687810,11,phononTS,0.000671086,0.000987757,0.000807985,-0.0002625,2145.97,0.000382,1,0.000995944,0.000998442,0.0002625,2687.35
0,3687914,7,phononTF,0.0018293,0.00236316,0.00183914,-0.0002625,761.522,0.001146,1,0.0030042,0.000999755,0.0002625,1637.15
0,3689903,20,phononTF,0.000574517,0.00117173,0.00114584,-0.0002625,1175.94,0.000382,1,0.00100201,0.000995056,0.0002625,1471.27
0,3693961,4,phononTS,0.0013929,-2.45233e-06,-1.77046e-06,0.000262498,1773.5,0.000579484,1,-4.62263e-05,-3.26705e-05,-0.0002625,1862.88
0,3704558,4,phononTS,0.00139355,0.00269942,0.00115542,-0.0002625,394.611,0.000382,1,0.000997908,0.00100204,0.0002625,1918.02
0,3705881,6,phononTS,0.00169014,0.00199923,3.03861e-06,0.000262498,1426.66,0.000659713,1,0.00227304,1.50677e-05,-0.0002625,1544.02
0,3713459,14,phononTF,0.000691812,-0.00200389,-0.00200069,0.000262498,2033.06,0.000297604,1,-0.00194255,-0.00194733,-0.0002625,2124.1
0,3714256,9,phononTF,0.000756808,0.00245452,0.00247237,-0.0002625,6457.53,0.000382,1,0.00199631,0.00199933,0.0002625,7702.28
0,3714256,2,phononTS,0.000734973,0.00245049,0.00126724,0.000262498,71.3428,0.000734973,1,0.00243717,0.0012144,-0.0002625,162.847
0,3715867,2,phononL,0.00116365,0.00219433,0.00163003,-0.0002625,220.495,0.000382,1,0.00200247,0.00200203,0.0002625,367.995
0,3715867,7,phononTS,0.000669441,0.00200247,0.00200203,0.000262498,367.995,0.000669441,1,0.00202531,0.00197347,-0.0002625,458.447
0,3722040,8,phononL,0.000966824,0.00171331,0.00192164,-0.000262499,1068.17,0.000382,1,0.00200255,0.00199516,0.0002625,1135.96
0,3723569,12,phononTS,0.000466105,-5.66724e-05,0.00195566,-0.0002625,9323.72,0.000382,1,-2.30544e-07,0.0019977,0.0002625,10438
0,3732089,3,phononTS,0.000510167,0.00180248,0.00120456,-0.000262498,1474.38,0.000382,1,0.000995358,0.00100281,0.0002625,1671.39
0,3736083,10,phononTS,0.001572,-0.00203548,2.99304e-05,-0.0002625,1225.79,0.000764,1,-0.00200325,2.7259e-06,0.0002625,3941.75
0,3738158,2,phononTF,0.000452249,0.000115761,-0.00187863,-0.0002625,800.781,0.000382,1,-1.03639e-06,-0.0020006,0.0002625,1807.03
0,3740637,9,phononTS,0.00164023,-0.000988688,0.000260184,-0.000262498,3473.68,0.000764,1,-0.00100017,0.000998875,0.0002625,3655.58
0,3745656,4,phononL,0.00243218,-0.000741539,0.00309181,-0.0002625,450.97,0.000382,1,-0.000997828,0.00299804,0.0002625,1255.67
0,3749194,6,phononTS,0.000898866,-0.00348666,-0.00125031,-0.000262498,4539.77,0.000382,1,-0.00100051,0.0010046,0.0002625,5181.48
0,3749194,2,phononTS,0.00392885,0.0015945,0.000135801,-0.000140328,1765.06,0.00115332,1,-0.00427269,-0.00445178,-0.0002625,3077.72
0,3751054,12,phononTF,0.00053911,0.00202082,-2.01978e-05,-0.0002625,1061.71,0.000382,1,0.00199916,1.65352e-06,0.0002625,1331.81
0,3752041,19,phononTS,0.000438209,-0.000365693,0.00102702,-0.0002625,619.757,0.000382,1,-0.00100427,0.0010027,0.0002625,2805.8
0,3753646,7,phononL,0.000758839,0.00142706,-0.000398569,-0.0002625,2768.64,0.000382,1,0.00199915,2.19119e-06,0.0002625,4139.43
0,3753827,13,phononTS,0.000864579,0.00300026,0.000997341,0.000262498,730.101,0.00032452,1,0.00276527,-0.000194262,-0.0002625,1002.36
0,3754395,2,phononTS,0.000621197,0.00205614,0.00183378,-0.0002625,149.101,0.000382,1,0.0020007,0.00199848,0.0002625,585.93
0,3756182,14,phononTF,0.000722166,-0.00107757,0.00325093,-0.0002625,501.916,0.000382,1,-0.0019997,0.0020033,0.0002625,2879.35
0,3757471,24,phononTS,0.000388253,-0.0017035,-3.87044e-05,-0.0002625,4709.06,0.000382,1,-0.00199584,4.19238e-06,0.0002625,5535.66
0,3766753,8,phononTF,0.00114693,0.00218235,0.00181067,-0.000262498,209.493,0.000382,1,0.00199521,0.00200216,0.0002625,310.375
0,3777163,14,phononL,0.000683274,0.00036307,-0.00141037,-0.0002625,7505.2,0.000382,1,-4.20589e-06,-0.00200216,0.0002625,7792.47
0,3779717,6,phononL,0.000476398,0.00220608,0.000362663,-0.0002625,5845.98,0.000382,1,0.00199504,-4.47474e-06,0.0002625,6920.83
0,3781856,7,phononL,0.000938279,0.00123517,-0.00103442,-0.000262498,13642.8,0.000764,1,0.00099796,-0.00100061,0.0002625,13708.6
0,3783398,4,phononTF,0.00252572,0.00287912,0.00114261,-0.0002625,386.69,0.000764,1,0.00299589,0.000995864,0.0002625,578.899
0,3787839,33,phononTS,0.00058466,-0.0018879,0.000331292,-0.0002625,16019.1,0.000382,1,-0.00200009,2.01751e-06,0.0002625,16529.1
0,3791772,10,phononTS,0.000404942,0.00291725,0.00095629,-0.000262498,632.797,0.000382,1,0.00299606,0.00100015,0.0002625,729.253
0,3795285,13,phononTF,0.000575693,-0.00206153,-0.000254492,-0.0002625,3421.48,0.000382,1,-0.00199725,-4.73727e-06,0.0002625,4095.87
0,3796741,24,phononTF,0.000398618,-0.000198345,0.005,0.000147334,21420,0.000382,1,0.00200196,0.00200049,0.0002625,23414.1
0,3798821,4,phononTS,0.00261286,-0.00300089,-0.000998688,0.000262498,4704.25,0.0017339,1,-0.00441752,-0.00359611,-0.0002625,5276
0,3798927,7,phononTF,0.000811328,-0.000941545,0.00105172,-0.000262498,3306.77,0.000382,1,-0.000999396,0.000995352,0.0002625,3397.71
0,3802281,14,phononTS,0.000647726,-0.00299795,-0.00100296,0.000262498,10760.5,0.000647726,1,-0.00297461,-0.000970807,-0.0002625,10856.8
0,3807282,9,phononTF,0.000584061,0.00201775,0.000260647,-0.0002625,140.175,0.000382,1,0.00199519,1.34521e-06,0.0002625,457.175
0,3808770,5,phononTS,0.00114299,0.00297456,0.00104513,-0.0002625,133.744,0.000382,1,0.00299581,0.0010045,0.0002625,1124.31
0,3808770,3,phononTF,0.00106681,0.00241012,0.00116851,0.000262498,12.6049,0.000716658,1,0.00256456,0.00100643,-0.0002625,110.284
0,3810235,11,phononL,0.000662003,0.00313506,-0.00298244,-0.0002625,2228.62,0.000382,1,0.00100302,-0.00299556,0.0002625,3104.86
0,3814501,6,phononTF,0.000561992,0.00274638,0.00126434,-0.000262498,430.422,0.000382,1,0.00300333,0.000995492,0.0002625,540.495
0,3819052,4,phononTF,0.00204934,-2.8618e-05,-0.001824,-0.0002625,518.984,0.000764,1,3.68364e-06,-0.00200173,0.0002625,1546.68
0,3821848,5,phononTS,0.00249176,0.00303891,0.000967471,-0.0002625,909.524,0.000382,1,0.00300254,0.000997594,0.0002625,1088.55
0,3823382,8,phononL,0.000571657,0.000626977,-0.00120828,-0.0002625,4834.47,0.000382,1,0.0010008,-0.000996612,0.0002625,5833.97
0,3827050,6,phononTS,0.00133754,0.000996344,0.00146671,-0.0002625,3841.67,0.000382,1,0.00100123,0.00100473,0.0002625,7954.19
0,3827536,13,phononTS,0.000656042,0.0030094,0.00104683,-0.000262498,2608.64,0.000382,1,0.00299973,0.00100095,0.0002625,2699.07
0,3830473,8,phononL,0.000384004,0.00300461,0.00100148,0.000262498,1938.72,0.000384004,1,0.00357573,0.000801914,-0.0002625,2025.41
0,3831330,1,phononTF,0.01,0.00303405,0.00103605,0.000189112,0,0.002674,1,0.00299544,0.000997306,0.0002625,731.179
0,3832769,1,phononTS,0.01,0.00294406,0.00099169,0.000226754,0,0.000764,1,0.00299997,0.000999121,0.0002625,496.027
0,3834502,6,phononTS,0.000828195,0.00307223,0.000993071,-0.000262498,614.099,0.000382,1,0.00300003,0.000995571,0.0002625,710.173
0,3836997,9,phononTF,0.00116186,0.00056626,-0.00342912,-0.0002625,332.499,0.000382,1,0.000997536,-0.00300498,0.0002625,2768.36
0,3838119,5,phononTS,0.000815341,0.00299698,0.00100088,0.0002625,262.212,0.000815341,1,0.00328005,0.00102203,-0.0002625,498.424
0,3838707,5,phononL,0.000837619,0.00123264,0.00171808,-0.000262498,1934.57,0.000382,1,0.000996886,0.00100343,0.0002625,2034.06
0,3840299,19,phononTS,0.000695365,-0.000549038,-0.000941486,-0.0002625,1192.78,0.000382,1,-0.00100267,-0.000995472,0.0002625,2813.33
0,3843627,11,phononTS,0.000584585,0.00213022,0.00063602,-0.0002625,6106.95,0.000382,1,0.00200302,1.00129e-06,0.0002625,10813.9
0,3844471,6,phononTF,0.000693488,-0.00132429,0.00139569,-0.0002625,3252.15,0.000382,1,-0.00199656,0.00199616,0.0002625,3794.82
0,3850149,15,phononTS,0.000393981,-0.00200223,0.00199983,0.000262498,3320.62,0.000393981,1,-0.00203548,0.0010519,-0.0002625,3542.6
0,3851960,8,phononTS,0.00117755,0.00104999,-0.000970002,-0.0002625,1280.16,0.000382,1,0.000999233,-0.000999194,0.0002625,1557.86
0,3856821,2,phononTF,0.0050617,0.00290868,0.000947212,2.23978e-05,620.573,0.000764,1,0.00300089,0.000999085,0.0002625,669.112
0,3856821,19,phononTF,0.00122368,0.00300089,0.000999085,0.000262498,669.112,0.000437254,1,0.00295653,0.000846177,-0.0002625,764.883
0,3857780,13,phononTS,0.000906943,-0.00200303,-3.59014e-06,0.000262498,8095.53,0.000407426,1,-0.00168756,-0.000575825,-0.0002625,8273.01
0,3863082,8,phononTS,0.000551735,-3.14397e-06,-0.00200128,0.000262498,4882.31,0.000551735,1,0.00202865,-0.0029522,-0.0002625,5328.03
0,3880666,6,phononTF,0.000684469,-0.00121344,0.00120704,-0.000262498,3162.04,0.000382,1,-0.00099561,0.000999162,0.0002625,3265.6
0,3882401,7,phononTS,0.00103404,-0.000135379,-0.00441155,-0.0002625,768.397,0.000382,1,0.00199587,-0.00200393,0.0002625,2576.39
0,3883892,22,phononTF,0.00164241,0.00299657,0.00100335,0.000262498,613.524,0.000314172,1,0.00375543,0.000349837,-0.0002625,810.23
0,3884553,15,phononTS,0.000537142,0.00102548,0.000830903,-0.0002625,2168.82,0.000382,1,0.00100481,0.00100331,0.0002625,2486.5
0,3887992,2,phononTS,0.000994068,0.00286511,0.00105259,-0.0002625,21.2289,0.000382,1,0.00299807,0.0010043,0.0002625,418.818
0,3888760,10,phononTF,0.00100094,0.00275348,0.00124127,-0.000262498,279.233,0.000382,1,0.00199834,0.0020036,0.0002625,484.175
0,3892640,6,phononTS,0.000860077,0.00317419,0.00156845,-0.0002625,854.392,0.000764,1,0.00200023,0.00200215,0.0002625,1314.45
0,3905586,8,phononTS,0.000487991,0.000997686,-0.000995436,0.0002625,1539.49,0.000487991,1,0.000502183,-0.0012554,-0.0002625,1865.19
0,3906214,2,phononTS,0.00186014,-0.00095859,0.00158923,-0.0002625,5.4996,0.000382,1,-0.000995815,0.0010038,0.0002625,4646.32
0,3906524,3,phononTF,0.00282184,0.00299582,0.00100038,0.0002625,514.904,0.00223152,1,0.00302525,0.000972441,-0.0002625,1007.41
0,3908165,5,phononTS,0.000481389,0.00297911,0.00115112,-0.000262498,150.616,0.000382,1,0.0029987,0.00100404,0.0002625,254.055
0,3910998,9,phononTS,0.000494696,-0.00300128,-0.00100095,0.000262498,6234.26,0.000494696,1,-0.00272832,-0.000936941,-0.0002625,6355.42
0,3918665,2,phononTS,0.00164079,-0.00251692,-0.00234158,-0.0002625,30.988,0.000764,1,-0.00299916,-0.00100398,0.0002625,2292.43
0,3923977,20,phononTF,0.000568596,0.00257077,0.000741064,-0.000262498,1513.54,0.000382,1,0.00299561,0.000998102,0.0002625,1643.67
0,3924942,8,phononTS,0.000472856,0.00199499,-0.0025088,-0.000262498,1858.67,0.000382,1,0.00199933,-0.00200162,0.0002625,2006.91
0,3924942,2,phononTF,0.000654639,0.00248986,0.0013278,0.000262498,123.907,0.000654639,1,0.0032577,-5.26988e-05,-0.0002625,421.786
0,3925354,4,phononTS,0.00147196,0.00104768,0.000958843,-0.000262498,551.514,0.000382,1,0.00100148,0.0010036,0.0002625,645.203
0,3931162,27,phononTS,0.000383859,0.00105058,-0.00345279,-0.0002625,7464.54,0.000382,1,0.00100347,-0.00300139,0.0002625,15559.3
0,3934751,4,phononTS,0.00187083,0.000972782,0.000874756,-0.0002625,107.688,0.000382,1,0.000996288,0.00100213,0.0002625,926.513
0,3941029,9,phononTS,0.00061578,-0.00299841,-0.000996462,0.000262498,2388.32,0.00061578,1,-0.00296776,-0.000959953,-0.0002625,2477.78
0,3942671,3,phononTS,0.00289443,0.00282858,0.000698836,-0.000199815,754.016,0.000382,1,0.00299942,0.00100171,0.0002625,978.815
0,3942671,5,phononTF,0.000907592,0.00299942,0.00100171,0.000262498,978.815,0.00028163,1,0.00268554,0.000795698,-0.0002625,1093.09
0,3948085,12,phononTF,0.000560498,-0.000520712,0.000541407,-0.0002625,1707.36,0.000382,1,4.94098e-07,4.95917e-06,0.0002625,2121.28
0,3952284,4,phononTF,0.00164511,-0.00266429,0.00275492,-0.0002625,631.086,0.000764,1,-0.00200441,0.00199953,0.0002625,4322.03
0,3952284,2,phononTF,0.00322216,0.00137649,-0.000324815,-4.7339e-05,9.89507,0.00106562,1,0.00172537,-0.000719218,-0.0002625,478.457
0,3965254,4,phononTS,0.00273366,0.000506171,-0.000948662,-0.0002625,170.006,0.001146,1,4.7668e-06,-0.002005,0.0002625,998.67
0,3971851,12,phononTF,0.000476645,-0.00229612,-0.000134077,-0.0002625,18121.6,0.000382,1,-0.00200124,2.45975e-06,0.0002625,18804
0,3973189,7,phononTS,0.00112505,0.00299778,0.000997094,0.0002625,1001.65,0.000215964,1,0.00295055,0.000957189,-0.0002625,1579.64
0,3974492,10,phononTS,0.000918783,0.00173044,-0.00120095,-0.000262498,1607.76,0.000382,1,0.00200183,-1.00083e-06,0.0002625,1875.12
0,3975251,14,phononTS,0.000449025,0.00299501,0.00099715,0.000262498,677.678,0.000449025,1,0.00299967,0.00100509,-0.0002625,770.002
0,3976379,4,phononTS,0.000788725,0.002783,0.00139372,-0.0002625,1356.74,0.000382,1,0.00299504,0.00100245,0.0002625,2077.53
0,3977508,11,phononTS,0.000423884,0.00167838,-0.000822027,-0.0002625,4569.49,0.000382,1,0.00100131,-0.000999742,0.0002625,7886.37
0,3978694,10,phononTS,0.000578519,0.00080745,0.000412233,-0.0002625,6634.32,0.000382,1,-1.08433e-07,0.00199813,0.0002625,8887.72
0,3979734,3,phononTS,0.00240403,0.000850129,0.00120838,-0.0002625,22.5626,0.001146,1,0.000998702,0.00100293,0.0002625,1123.93
0,3980243,4,phononTS,0.00241633,0.000401328,0.00394783,-0.0002625,135.947,0.000382,1,-0.000995665,0.00300434,0.0002625,1936.91
0,3980344,15,phononTS,0.000759862,0.00298183,0.000405739,-0.000262498,866.603,0.000382,1,0.00299866,0.000998757,0.0002625,1026.34
0,3982242,26,phononTS,0.00057455,-0.00112591,-0.000487814,-0.0002625,3798.68,0.000382,1,-0.000997938,-0.000996606,0.0002625,6630.7
0,3984060,12,phononTS,0.000642433,-0.00135125,-0.00283033,-0.0002625,5425.94,0.000382,1,-0.0030047,-0.000998885,0.0002625,7216.17
0,3985625,1,phononTF,0.01,0.00301283,0.000989813,0.000220583,0,0.001528,1,0.00300116,0.00100204,0.0002625,512.23
0,3989959,8,phononTF,0.00143243,-0.00300032,-0.000995688,0.0002625,874.184,0.000950256,1,-0.00368201,-0.000583929,-0.0002625,1564.76
0,3990293,6,phononTF,0.000743943,0.00300276,0.000999364,0.000262498,768.729,0.000222743,1,0.00316451,0.000968838,-0.0002625,865.101
0,3991214,10,phononTS,0.000489758,0.00202069,0.00208286,-0.000262498,7033.23,0.000382,1,0.00200127,0.00199875,0.0002625,7131.06
0,3991214,2,phononTF,0.00424069,0.0024531,0.0012981,-0.000116624,289.725,0.000496623,1,0.00275499,0.000996625,-0.0002625,366.971
0,3992789,6,phononTF,0.000649824,0.00273059,0.000738995,-0.000262498,539.706,0.000382,1,0.00300348,0.00100121,0.0002625,650.448
0,3995566,24,phononTS,0.000602292,0.00135741,-0.000254424,-0.0002625,3188.87,0.000382,1,0.000999758,0.000995727,0.0002625,7000.01
0,4003119,4,phononTF,0.000617504,0.00290995,0.00118255,-0.0002625,291.049,0.000382,1,0.00300274,0.00100279,0.0002625,582.782
0,4007921,9,phononTF,0.000523826,0.00322941,0.00235592,-0.0002625,5839.37,0.000382,1,0.00199948,0.00199833,0.0002625,7710.89
0,4007921,2,phononTS,0.00202172,0.00247272,0.00119865,0.000262498,10.8327,0.00068292,1,0.00273123,0.000730472,-0.0002625,170.116
0,4008644,13,phononTF,0.000492072,-0.000165269,-0.000141088,-0.0002625,900.34,0.000382,1,-0.00100336,-0.000998539,0.0002625,1572.31
0,4009594,17,phononTS,0.000674508,0.00300117,0.00100078,0.000262498,2472.21,0.000674508,1,0.00298364,0.0010509,-0.0002625,2562.12
0,4009621,5,phononTF,0.000651481,0.00180079,0.00219373,-0.000262498,882.998,0.000382,1,0.00200387,0.00199971,0.0002625,984.887
0,4009715,10,phononTS,0.000500776,0.00144242,-0.00107206,-0.0002625,9555.61,0.000382,1,0.00100331,-0.000998322,0.0002625,10836
0,4019603,23,phononL,0.000502227,-0.000399782,0.00379314,-0.0002625,5120.46,0.000382,1,-0.00100221,0.00300386,0.0002625,5770.57
0,4021395,12,phononTS,0.000450489,0.00409146,0.0013679,-0.0002625,902.272,0.000382,1,0.00300328,0.00100298,0.0002625,2041.1
0,4023314,9,phononTS,0.000632716,0.000854846,-0.00194388,-0.0002625,569.008,0.000382,1,0.00100336,-0.0030043,0.0002625,1750.58
0,4023953,5,phononTF,0.001645,0.0027442,0.00124499,-0.0002625,233.054,0.000382,1,0.00299978,0.00100146,0.0002625,449.523
0,4024949,17,phononTF,0.000390523,-0.00108489,0.00307897,-0.000262498,8396.62,0.000382,1,-0.00100256,0.00299779,0.0002625,8488.67
0,4030178,2,phononL,0.00183655,0.00216333,0.00170558,-0.0002625,85.1275,0.000764,1,0.00199831,0.00199585,0.0002625,2801.78
0,4033077,1,phononTS,0.01,0.00200551,0.00201048,0.000153189,0,0.002292,1,0.00200283,0.00199899,0.0002625,608.999
0,4034275,3,phononTS,0.000643504,0.00294919,0.0010356,-0.0002625,409.223,0.000382,1,0.00300271,0.000995686,0.0002625,754.349
0,4041065,2,phononTS,0.000992957,0.00122863,0.00155873,-0.0002625,56.5116,0.000382,1,-2.57585e-06,0.00199924,0.0002625,618.046
0,4044597,7,phononTF,0.000410697,0.00129671,0.00128557,-0.000262498,1845.93,0.000382,1,0.00100289,0.00100494,0.0002625,1959.5
0,4047003,25,phononTF,0.000437352,0.00270131,0.00131463,-0.0002625,17803.9,0.000382,1,0.00300375,0.00100286,0.0002625,18139.8
0,4048474,6,phononTS,0.000864002,0.005,0.000766307,-0.000212368,1572.22,0.000382,1,0.00200432,1.06973e-06,0.0002625,2438.58
0,4049791,7,phononTS,0.000385861,0.00299097,0.000944507,-0.000262498,1946.04,0.000382,1,0.00299927,0.000996994,0.0002625,2037.25
0,4050198,13,phononTS,0.000454741,-0.000360681,0.000958277,-0.0002625,914.207,0.000382,1,-0.000998534,0.000996479,0.0002625,3436
0,4051138,11,phononTF,0.000453432,0.0019335,-0.00011663,-0.0002625,2855.78,0.000382,1,0.00199562,-5.46676e-07,0.0002625,3965.03
0,4056625,3,phononTS,0.000932129,0.00204188,0.000136613,-0.0002625,245.948,0.000382,1,0.00199758,4.22253e-07,0.0002625,1464.1
0,4069433,7,phononL,0.00169038,-0.000812015,-0.00252879,-0.0002625,1303.81,0.000764,1,-0.00200213,-0.00199656,0.0002625,4166.13
0,4070464,8,phononTS,0.00106208,0.00199559,-0.00200091,0.000262498,2184.31,0.00106208,1,0.00195421,-0.00159105,-0.0002625,2317.79
0,4072460,5,phononTF,0.00211613,0.00236118,-0.00226658,-0.0002625,3049.36,0.000382,1,0.00200434,-0.00200302,0.0002625,3412.79
0,4074230,3,phononTF,0.00265248,0.00274505,0.00113319,-0.0002625,66.5545,0.001146,1,0.00299953,0.00100151,0.0002625,278.579
0,4076906,4,phononTF,0.000869077,0.00298791,0.00093503,-0.000262498,475.513,0.000382,1,0.00299919,0.00100187,0.0002625,566.532
0,4077153,3,phononTF,0.0020225,0.00289696,0.00109854,-0.0002625,64.6372,0.000382,1,0.00299706,0.000995729,0.0002625,251.016
0,4077153,6,phononTF,0.000681251,0.00299706,0.000995729,0.000262498,251.016,0.000681251,1,0.00281549,0.000810571,-0.0002625,351.321
0,4078718,8,phononTS,0.000567829,0.00199615,3.40395e-06,0.0002625,1057.82,0.000567829,1,0.000830232,-0.00103803,-0.0002625,4073.33
0,4082721,9,phononTF,0.00110814,-0.000398273,0.00270555,-0.0002625,383.773,0.000382,1,-0.000999859,0.00300263,0.0002625,2126.89
0,4082722,1,phononTF,0.01,0.00224244,0.00128229,-0.000223362,0,0.0021849,1,0.00227204,0.00131275,-0.0002625,256.561
0,4086966,14,phononTS,0.00048,-0.000971808,0.00302928,-0.000262498,4422.49,0.000382,1,-0.000996912,0.00299861,0.0002625,4512.01
0,4088884,4,phononTS,0.000416962,0.00094315,0.00111225,-0.0002625,588.369,0.000382,1,0.000998879,0.000995561,0.0002625,1112.58
0,4088884,2,phononTF,0.0025658,0.005,0.00131578,9.15419e-05,55.0997,0.00106246,1,0.00483618,0.00147467,-0.0002625,532.736
0,4088920,12,phononTF,0.000392494,0.000630109,0.000563003,-0.0002625,330.098,0.000382,1,4.55511e-06,3.8668e-06,0.0002625,1357.73
0,4094357,9,phononTS,0.000543067,0.00101589,-0.00302097,-0.000262498,2097.3,0.000382,1,0.000995953,-0.00300063,0.0002625,2187.26
0,4105605,11,phononTF,0.000725658,0.00252244,0.000513528,-0.0002625,2151.18,0.000382,1,0.0029981,0.000995688,0.0002625,5974.88
0,4107356,6,phononTS,0.000919219,-0.00117714,0.00264953,-0.0002625,1913.66,0.000382,1,-0.00199571,0.00199986,0.0002625,2536.72
0,4110078,11,phononTF,0.000495535,0.000701119,-0.00280795,-0.000262499,7526.64,0.000382,1,0.000997436,-0.00299734,0.0002625,7638.44
0,4110940,13,phononTF,0.000609719,0.00051482,0.000506519,-0.0002625,8402.46,0.000382,1,2.96429e-06,4.29643e-06,0.0002625,9471.57
0,4110997,9,phononTS,0.000434391,0.00300032,0.00100086,0.000262498,1369.18,0.000434391,1,0.00269796,0.000554327,-0.0002625,1529.75
0,4112350,15,phononTF,0.000558592,0.00168418,-0.00168452,-0.000262498,2146.53,0.000382,1,0.00199733,-0.00199576,0.0002625,2263.96
0,4117555,22,phononTF,0.000722832,-2.37431e-06,-1.56799e-06,0.0002625,10216.1,0.000594937,1,-0.000245149,-0.000233997,-0.0002625,10429.4
0,4119584,25,phononTF,0.00063847,-0.00169797,0.00368585,-0.0002625,11173.5,0.000382,1,-0.000997009,0.00300109,0.0002625,14275
0,4121020,7,phononTS,0.00124312,-0.00100119,0.00299621,0.0002625,824.313,0.000333776,1,0.000184937,0.00340991,-0.0002625,1213.1
0,4127717,4,phononTF,0.00104005,0.00281466,0.000824228,-0.0002625,27.1006,0.000764,1,0.00299609,0.000996468,0.0002625,243.433
0,4131358,8,phononTF,0.0025933,0.00198747,0.00213493,-0.0002625,1239.66,0.000764,1,0.00199938,0.00200432,0.0002625,1710.34
0,4132193,6,phononTS,0.00106375,0.00135897,-0.00043331,-0.0002625,589.603,0.000382,1,0.0010017,-0.00100358,0.0002625,1132.57
0,4133619,13,phononTS,0.00118206,-0.000996321,0.00299777,0.000262498,7735.87,0.00085552,1,-0.000228505,0.00302088,-0.0002625,7920.57
0,4136384,6,phononTS,0.000500307,0.00195303,3.41266e-05,-0.0002625,780.124,0.000382,1,0.00199966,-4.59723e-06,0.0002625,1620.19
0,4138757,8,phononTS,0.000440499,-0.000622742,-0.00138206,-0.0002625,7956.51,0.000382,1,-0.00200347,-0.00199994,0.0002625,10576.2
0,4141044,9,phononTF,0.000387783,0.000376823,0.000276348,-0.0002625,1908.3,0.000382,1,-1.64513e-06,4.08733e-06,0.0002625,2824.97
0,4142959,5,phononTS,0.00281869,-0.00123307,0.00414035,-0.0002625,728.775,0.001146,1,-0.00100227,0.00300247,0.0002625,2102.17
0,4145355,6,phononTS,0.000630058,0.0019717,0.00174617,-0.000262498,385.669,0.000382,1,0.00200464,0.00200263,0.0002625,500.256
0,4148251,2,phononTS,0.00041522,0.00178523,0.00148057,-0.0002625,88.3059,0.000382,1,0.00100471,0.00100163,0.0002625,656.549
0,4149408,15,phononTS,0.000714649,-0.0019543,-0.00212444,-0.0002625,7632.54,0.000382,1,-0.00200431,-0.00199524,0.0002625,8903.91
0,4149408,2,phononTF,0.00079469,0.00222724,0.00135953,0.000262498,762.312,0.000266438,1,0.00242408,0.00108564,-0.0002625,871.701
0,4153133,9,phononTF,0.000425695,-0.00230858,-0.00181705,-0.000262498,3371.17,0.000382,1,-0.0019956,-0.00200356,0.0002625,3484.92
0,4155308,4,phononL,0.00262317,0.0020034,-2.98682e-06,0.0002625,109.838,0.000286984,1,0.00176405,-0.000330214,-0.0002625,402.271
0,4159840,3,phononTS,0.000780133,0.00195958,0.00147841,-0.0002625,119.929,0.000382,1,0.00200421,0.00199661,0.0002625,1774.47
0,4160759,8,phononTS,0.000388431,5.95099e-05,0.00205262,-0.0002625,7084.33,0.000382,1,-4.22229e-06,0.00200164,0.0002625,8282.62
0,4160951,9,phononTS,0.000599113,-0.00242074,0.00204228,-0.000262498,7651.27,0.000382,1,-0.00200344,0.00199964,0.0002625,7785.71
0,4161349,12,phononTF,0.000673255,0.00136228,0.000621987,-0.0002625,408.488,0.000382,1,0.00199507,-3.27214e-06,0.0002625,793.352
0,4161349,2,phononL,0.000506286,0.00259707,0.00108945,0.000262498,44.4586,0.000506286,1,0.000682192,0.00220388,-0.0002625,307.326
0,4161423,2,phononTF,0.000665622,-0.000301458,-0.000338375,-0.0002625,139.863,0.000382,1,-2.56705e-06,-3.82628e-06,0.0002625,1440.56
0,4161424,1,phononTS,0.01,0.00257891,0.00119751,-0.00021662,0,0.00320973,1,0.00258049,0.00120221,-0.0002625,186.417
0,4162523,12,phononTS,0.000850075,-0.00200248,0.00200447,0.000262498,7136.3,0.000168142,1,-0.00282949,0.00190796,-0.0002625,7329.58
0,4162571,5,phononTS,0.00285535,0.00303295,0.00114092,0.000172919,618.714,0.001146,1,0.00300459,0.00100403,0.0002625,1014.68
0,4162571,6,phononTF,0.000484442,0.00300459,0.00100403,0.000262498,1014.68,0.000484442,1,0.00273411,0.00128588,-0.0002625,1126.66
0,4162758,5,phononTS,0.000963786,0.00114469,0.00159255,-0.0002625,567.802,0.000764,1,8.48341e-07,0.00199537,0.0002625,1100.6
0,4163550,10,phononTS,0.000462568,0.00441843,-1.28341e-05,-0.000262498,1014.41,0.000382,1,0.00300478,0.00100304,0.0002625,1374.21
0,4167651,8,phononTF,0.000393787,0.00214906,0.00184323,-0.0002625,1799.79,0.000382,1,0.00199843,0.00199535,0.0002625,2122.75
0,4171427,5,phononTS,0.000761533,0.00229176,0.00068156,-0.0002625,931.317,0.000382,1,0.00100291,-0.0010033,0.0002625,1715.02
0,4171427,3,phononTS,0.00178897,0.00260727,0.0014048,0.000262498,352.285,0.000551973,1,0.00256349,0.00143721,-0.0002625,441.63
0,4176935,15,phononTS,0.00119873,0.00292878,0.000971853,-0.0002625,2671.52,0.000382,1,0.00299634,0.00100409,0.0002625,10800.9
0,4176935,16,phononTS,0.000678819,0.00299634,0.00100409,0.000262498,10800.9,0.000678819,1,0.00304509,0.00096684,-0.0002625,10890.1
0,4179798,10,phononTS,0.000416462,0.0022316,-0.00196453,-0.0002625,6719.83,0.000382,1,0.00200082,-0.00199979,0.0002625,8288.86
0,4179853,5,phononTS,0.00131927,0.000991831,-0.00302703,-0.000262498,1094.13,0.000382,1,0.000998409,-0.00299977,0.0002625,1183.82
0,4180190,2,phononTS,0.00119025,0.00272925,0.00110025,-0.0002625,7.37674,0.000382,1,0.00300231,0.00100273,0.0002625,254.132
0,4180892,9,phononTS,0.000534892,-0.00112836,0.00213392,-0.0002625,687.134,0.000382,1,-0.00100197,0.00300428,0.0002625,2119.12
0,4182020,8,phononTF,0.000693016,-0.000551888,-0.000531517,-0.0002625,680.778,0.000382,1,-0.00100457,-0.000996077,0.0002625,1610.15
0,4182315,7,phononL,0.000716948,0.00199964,3.95741e-06,0.0002625,295.394,6.02788e-05,1,0.00175019,-0.0012142,-0.0002625,589.702
0,4188124,2,phononTS,0.00090718,0.00161595,0.000548949,-0.0002625,1238.23,0.000382,1,0.00100027,-0.00100139,0.0002625,3372.16
0,4188125,1,phononTF,0.01,0.0027423,0.000853272,-0.000158898,0,0.00108971,1,0.00271256,0.000819649,-0.0002625,377.789
0,4190013,21,phononTS,0.000578455,-0.0018391,0.000859988,-0.0002625,10128.5,0.000382,1,-0.00099532,0.00100033,0.0002625,12072.9
0,4198545,8,phononTS,0.00100356,0.00191775,-0.000484575,-0.000262498,10582.9,0.000382,1,0.000997524,0.000998538,0.0002625,10934.7
0,4200474,3,phononTF,0.00124807,0.00209606,0.00183274,-0.0002625,44.4913,0.000382,1,0.00200373,0.0019988,0.0002625,433.177
0,4202821,5,phononTS,0.00139767,-0.00111044,0.00104172,-0.0002625,1066.85,0.000382,1,-0.00100017,0.00100376,0.0002625,2680.63
0,4205839,14,phononTS,0.00040491,0.00241325,0.0021042,-0.0002625,5974.22,0.000382,1,0.00199834,0.00199851,0.0002625,6397.31
0,4205921,16,phononTF,0.000458065,0.00225604,0.00225046,-0.000262498,837.627,0.000382,1,0.00200187,0.00199737,0.0002625,946.661
0,4206228,4,phononTF,0.000833465,0.00353793,0.00154816,-0.000262498,1017.09,0.000382,1,0.00299611,0.00100475,0.0002625,1176.53
0,4211211,4,phononTS,0.00107357,0.00125395,0.00104062,-0.0002625,24.1361,0.000382,1,0.00100137,0.00100486,0.0002625,727.422
0,4216786,19,phononTS,0.000633989,0.00300451,0.00100204,0.0002625,13748,0.000369106,1,0.00242339,0.00183221,-0.0002625,15684.1
0,4218507,5,phononTF,0.000763337,0.00213025,-0.00158449,-0.0002625,1432.52,0.000382,1,-0.00100134,0.00100137,0.0002625,3696.36
0,4227778,2,phononTF,0.00134208,0.0031547,0.00116624,-0.0002625,1864.33,0.000764,1,0.00300126,0.00100452,0.0002625,2059.55
0,4227784,9,phononTF,0.000804247,-0.00212049,-0.00212696,-0.0002625,5841.14,0.000382,1,-0.00199548,-0.00199617,0.0002625,8194.49
0,4238495,2,phononTF,0.00183477,0.00283181,0.00125833,-0.0002625,803.261,0.000382,1,0.00299907,0.00100443,0.0002625,1016.38
0,4239757,7,phononTS,0.000393467,0.00265622,0.0010205,-0.000262498,1159.54,0.000382,1,0.00299571,0.00100344,0.0002625,1284.68
0,4247082,8,phononTF,0.000479322,0.00250225,0.00252638,-0.000262498,1202.1,0.000382,1,0.00199802,0.00199759,0.0002625,1357.15
0,4249875,25,phononTF,0.000798548,0.000638224,-0.00142309,-0.0002625,3229.58,0.000382,1,0.000997431,-0.00100419,0.0002625,6893.91
0,4250911,15,phononTS,0.000472468,0.00300233,0.00100435,0.000262498,751.847,0.000472468,1,0.00301793,0.000439889,-0.0002625,907.495
0,4253223,3,phononTS,0.00155446,0.0030105,0.00101121,-0.0002625,1785.85,0.000382,1,0.00300134,0.00100142,0.0002625,2250.31
0,4269054,3,phononTS,0.00278981,0.00138054,0.0010024,-0.0002625,109.922,0.000382,1,0.0010023,0.000999774,0.0002625,633.254
0,4273048,2,phononTS,0.00271925,0.00283163,0.000992379,-0.0002625,191.899,0.000764,1,0.00300244,0.000999337,0.0002625,484.889
0,4273048,12,phononTS,0.000712784,0.00300244,0.000999337,0.000262498,484.889,0.000712784,1,0.00298814,0.000999702,-0.0002625,575.916
0,4276844,16,phononTS,0.000664085,-0.00022009,0.00106004,-0.0002625,401.536,0.000382,1,-0.000996982,0.000996612,0.0002625,959.877
0,4278060,7,phononTS,0.0012264,0.00200489,-0.00199856,0.000262498,380.549,0.000282487,1,0.001966,-0.00184053,-0.0002625,484.344
0,4278591,7,phononTS,0.000673603,-0.00378284,-0.005,-0.000187514,5231.03,0.000382,1,-0.00200448,-0.00200473,0.0002625,5903.38
0,4278651,7,phononTF,0.000589224,0.0042132,0.00386571,-0.0002625,269.518,0.000382,1,0.00199762,-3.5811e-06,0.0002625,2074.55
0,4280824,1,phononL,0.01,0.00295236,0.00119082,0.000210703,0,0.00191,1,0.00300024,0.000996125,0.0002625,719.679
0,4281720,13,phononTF,0.000642939,0.00211849,-0.00179658,-0.0002625,17050.2,0.000382,1,0.00200043,-0.00200239,0.0002625,18229
0,4283145,2,phononTS,0.000515933,0.00274613,0.00110032,-0.0002625,51.0262,0.000382,1,0.00299633,0.00100095,0.0002625,292.997
0,4287454,2,phononTF,0.00354082,3.64903e-06,2.53349e-06,0.0002625,544.694,0.000550851,1,-0.00273539,-0.000449766,-0.0002625,1564.88
0,4291174,7,phononTS,0.000499884,0.00104405,-0.00103884,-0.0002625,1520.58,0.000382,1,0.00100447,-0.000997133,0.0002625,3030.02
0,4293264,3,phononTF,0.00240894,0.00303801,0.00104921,-0.0002625,233.61,0.000764,1,0.00299813,0.000997896,0.0002625,414.927
0,4293264,13,phononTF,0.000710743,0.00299813,0.000997896,0.000262498,414.927,0.000710743,1,0.00329278,0.000947844,-0.0002625,524.849
0,4293302,14,phononTS,0.000501757,-0.000856386,-0.000103833,-0.0002625,10454.1,0.000382,1,-1.26925e-06,2.41478e-06,0.0002625,12581.8
0,4293474,6,phononTS,0.000634675,0.00107852,-0.000216818,-0.0002625,3200.11,0.000382,1,2.86569e-06,-1.00629e-06,0.0002625,4490.06
0,4293533,2,phononTS,0.000997034,0.00178094,0.00112293,-0.0002625,27.2693,0.000382,1,0.000995445,0.0010004,0.0002625,416.019
0,4300001,1,phononTF,0.01,0.00299017,0.00101584,0.000222846,0,0.003438,1,0.00300093,0.00100104,0.0002625,303.321
0,4300001,7,phononTS,0.000516011,0.00300093,0.00100104,0.000262498,303.321,0.000516011,1,0.00304448,0.00102641,-0.0002625,397.114
0,4301535,5,phononL,0.000512,0.00344556,0.00065306,-0.000262498,616.672,0.000382,1,0.00300283,0.00100187,0.0002625,700.996
0,4303715,4,phononL,0.0028553,0.00223597,0.00160545,-0.0002625,28.7052,0.001146,1,0.00199794,0.0019957,0.0002625,181.18
0,4305087,22,phononL,0.00055543,0.00131859,0.000791814,-0.000262498,6583.57,0.000382,1,0.00200218,2.07652e-07,0.0002625,6716.11
0,4305792,4,phononTS,0.000828481,0.00452247,0.005,5.64206e-05,1894.72,0.000382,1,-0.00299504,-0.000998466,0.0002625,6364.24
0,4307540,6,phononTS,0.00103298,0.00241505,0.00201128,-0.000262498,854.069,0.000382,1,0.00199716,0.00199584,0.0002625,988.743
0,4309256,9,phononTF,0.000661796,2.70993e-05,0.000199563,-0.000262498,3110.18,0.000382,1,4.48184e-06,4.66463e-06,0.0002625,3209.3
0,4309644,5,phononTS,0.000424044,0.00165701,0.00314694,-0.0002625,224.139,0.000382,1,-0.00200447,-0.00199614,0.0002625,2571.82
0,4310153,4,phononTF,0.00125116,0.00204383,9.0315e-05,-0.0002625,411.311,0.000764,1,0.00199984,-4.31923e-07,0.0002625,1608.35
0,4310246,3,phononTF,0.00284462,0.000233253,0.00222727,-0.0002625,185.266,0.000764,1,-1.98936e-07,0.00199631,0.0002625,1317.09
0,4310246,11,phononTF,0.000827855,-1.98936e-07,0.00199631,0.000262498,1317.09,0.000412721,1,-0.000184839,0.00217509,-0.0002625,1417.43
0,4311622,3,phononTS,0.0012697,0.0026922,0.00101247,-0.0002625,43.3459,0.000382,1,0.00299983,0.000997068,0.0002625,285.879
0,4311771,9,phononTS,0.0018354,-0.00199668,-3.21449e-06,0.000262498,7095.45,0.0018354,1,-0.00194648,-3.54792e-05,-0.0002625,7184.73
0,4320841,9,phononL,0.000524238,0.000853393,-0.003917,-0.0002625,5294.1,0.000382,1,0.00100241,-0.00300223,0.0002625,5833.48
0,4325405,3,phononTS,0.00186832,0.00161747,3.55027e-05,-0.0002625,4.88027,0.001146,1,0.00199894,-9.65822e-07,0.0002625,1824.22
0,4326497,11,phononTF,0.000537096,0.0019265,-0.00193541,-0.000262498,10255.2,0.000382,1,0.00199667,-0.00200186,0.0002625,10346.6
0,4337098,13,phononTS,0.00092851,0.00200189,8.09354e-07,0.000262498,3574.15,0.000587895,1,0.00201714,-6.34535e-05,-0.0002625,3670.6
0,4338477,10,phononTF,0.000926727,0.000995105,0.00100107,0.0002625,155.139,9.97926e-05,1,0.000960046,0.000967461,-0.0002625,1279.62
0,4339406,4,phononTF,0.00234799,0.00284164,0.000994523,-0.0002625,179.785,0.000764,1,0.00300128,0.000996143,0.0002625,372.102
0,4346576,4,phononTF,0.00244326,0.00170129,0.000282606,-0.000262498,1599.72,0.000764,1,0.00199817,-1.04995e-06,0.0002625,1713.74
0,4349496,12,phononTS,0.000473506,0.0031933,0.00106237,-0.0002625,1140.04,0.000382,1,0.0029966,0.000998866,0.0002625,1474.45
0,4350354,8,phononTS,0.000705911,0.0010014,0.000996657,0.000262498,1073.53,0.000166047,1,0.000575113,0.00102928,-0.0002625,1209.22
0,4352895,3,phononTF,0.00105072,0.00197106,0.000309492,-0.0002625,994.915,0.000382,1,0.00100015,-0.00099777,0.0002625,1919.33
0,4356573,5,phononTS,0.00144485,-1.35629e-05,1.26607e-05,-0.000262498,924.704,0.000382,1,-1.06923e-06,-2.06854e-07,0.0002625,1014.52
0,4356761,24,phononTF,0.000647409,0.00199588,4.13035e-06,0.000262498,3889.87,0.000647409,1,0.00240671,-9.9755e-05,-0.0002625,4015.92
0,4356762,1,phononTF,0.01,0.00219752,0.00119442,-0.000239663,0,0.00398549,1,0.00218868,0.00118565,-0.0002625,137.991
0,4359789,22,phononTF,0.00159778,0.00274846,0.0011402,-0.0002625,386.889,0.000382,1,0.00300482,0.00100036,0.0002625,988.468
0,4359944,1,phononTS,0.01,0.00198058,0.0019951,0.000145672,0,0.00191,1,0.0020042,0.00199728,0.0002625,869.104
0,4359944,8,phononTS,0.00069992,0.0020042,0.00199728,0.000262498,869.104,0.000682049,1,0.00221797,0.00153082,-0.0002625,1024.48
0,4363733,14,phononTF,0.000828163,-0.000212364,0.00456819,-0.0002625,1984.85,0.000382,1,-0.00199521,0.00199862,0.0002625,5240.43
0,4364057,26,phononTS,0.000703722,0.00100405,0.0010036,0.0002625,1862.8,0.000703722,1,0.000977193,0.00102441,-0.0002625,2237.02
0,4364932,16,phononTF,0.000790963,-0.000569535,0.00120737,-0.0002625,12620,0.000382,1,-0.00200016,0.00200427,0.0002625,13349.5
0,4366969,6,phononTF,0.00148253,0.000791632,0.0011981,-0.000262498,1346.74,0.000764,1,0.000999463,0.000995705,0.0002625,1449.46
0,4367717,5,phononTF,0.000711703,-0.000794819,-0.000795935,-0.000262498,5895.61,0.000382,1,-0.00100476,-0.00100057,0.0002625,5998.54
0,4374360,11,phononTS,0.00115346,0.00200193,0.00199604,0.000262498,831.47,0.000717469,1,0.0020311,0.00204868,-0.0002625,920.81
0,4375801,5,phononTF,0.000514842,0.00304083,0.00104655,-0.0002625,194.201,0.000382,1,0.00299973,0.00100311,0.0002625,646.484
0,4379145,12,phononTF,0.00062439,0.000582259,0.000205444,-0.0002625,828.667,0.000382,1,0.000996162,-0.000997114,0.0002625,1782.24
0,4380181,13,phononTS,0.000459236,0.00419534,0.00083837,-0.000262499,5192.51,0.000382,1,0.00199547,0.00200457,0.0002625,5680.68
0,4381061,13,phononTF,0.00103918,0.00205324,-5.38464e-05,-0.0002625,2173.22,0.000382,1,0.00199856,7.11574e-07,0.0002625,2445.8
0,4381119,13,phononTF,0.000423744,-0.00106256,-0.0012253,-0.0002625,1978.53,0.000382,1,-0.000999161,-0.000997516,0.0002625,3663.71
0,4385000,8,phononTS,0.00137538,0.00300046,0.000999657,0.000262498,707.374,0.000771087,1,0.00307261,0.000980916,-0.0002625,804.278
0,4385017,13,phononTF,0.000513199,0.00196542,-0.0025806,-0.000262498,3187,0.000382,1,0.00100431,-0.00299513,0.0002625,3403.46
0,4387755,10,phononTF,0.00040885,-0.00154563,0.00232046,-0.000262498,6836.44,0.000382,1,-0.00300189,-0.000998455,0.0002625,7481.04
0,4391798,3,phononTS,0.00117296,0.00287513,0.000967004,-0.0002625,665.705,0.000764,1,0.00299782,0.00100432,0.0002625,866.648
0,4396426,22,phononTF,0.000609293,0.0002863,0.00167032,-0.000262498,2310.45,0.000382,1,1.94128e-06,0.00199881,0.0002625,2428.78
0,4397403,11,phononTS,0.001599,0.00165406,0.000156645,-0.000262498,483.53,0.000382,1,0.00300037,0.000999446,0.0002625,805.635
0,4397403,12,phononTF,0.00047885,0.00300037,0.000999446,0.000262498,805.635,0.00047885,1,0.00266234,0.00132854,-0.0002625,926.501
0,4398113,3,phononL,0.0040416,0.00314334,0.000992407,0.000215532,623.944,0.000382,1,0.00300378,0.00100195,0.0002625,829.406
0,4398113,5,phononTS,0.000747159,0.00300378,0.00100195,0.000262498,829.406,0.000355247,1,-0.00218993,-0.00421139,-0.0002625,2128.02
0,4398568,4,phononTS,0.000398559,0.000964054,0.00097303,-0.0002625,75.6047,0.000382,1,0.000995762,0.00100012,0.0002625,615.466
0,4409956,7,phononTF,0.000543612,6.83453e-05,0.0018134,-0.0002625,3351.37,0.000382,1,-1.38202e-06,0.00199769,0.0002625,7273.66
0,4414809,17,phononTF,0.000601147,0.00200444,-0.00200288,0.000262498,8734.23,0.000601147,1,0.00207918,-0.00207864,-0.0002625,8825.93
0,4417282,8,phononTS,0.000382941,-0.00305507,-0.00403587,-0.000262498,3595.34,0.000382,1,-0.00199628,-0.00200452,0.0002625,4049.6
0,4417780,11,phononL,0.000665817,0.000665169,0.000735946,-0.0002625,8272.56,0.000382,1,0.00100287,0.00100416,0.0002625,9215.13
0,4418372,10,phononTS,0.000613515,0.00241815,0.000306274,-0.000262498,540.065,0.000382,1,0.000998934,0.00100353,0.0002625,866.781
0,4422325,6,phononTS,0.000427699,0.000751939,0.00132015,-0.0002625,935.63,0.000382,1,0.00100382,0.000997232,0.0002625,1383.8
0,4423406,17,phononTS,0.00063288,-0.00196528,-0.005,9.51554e-05,4467.15,0.000480776,1,-0.000205768,-0.00223769,-0.0002625,6294.61
0,4424397,3,phononTS,0.000405758,0.00120105,0.000571409,-0.0002625,185.566,0.000382,1,1.09491e-06,8.25631e-08,0.0002625,760.917
0,4425394,5,phononTS,0.000405622,0.00214358,0.000651369,-0.0002625,235.483,0.000382,1,0.00199826,-1.6644e-06,0.0002625,1068.07
0,4428374,8,phononTS,0.000720031,-0.000925519,0.00175767,-0.000262498,4688.27,0.000382,1,-0.000996751,0.00100182,0.0002625,4870.98
0,4437796,13,phononTS,0.000724691,0.005,0.00198558,0.000216118,481.335,0.000382,1,4.34268e-06,-0.00200382,0.0002625,2274.8
0,4442878,4,phononTS,0.000677287,0.00217997,0.00215504,-0.0002625,31.9594,0.000382,1,0.00199529,0.00199914,0.0002625,1358.76
0,4447510,3,phononTS,0.00144009,0.00436589,0.0010626,-0.0002625,77.0835,0.000382,1,0.00199783,-0.00200265,0.0002625,1685.8
0,4456324,3,phononTS,0.000571505,0.00100338,0.000998688,0.0002625,3.09933,0.000571505,1,0.000264088,0.000914856,-0.0002625,735.498
0,4457270,8,phononTS,0.000437095,-0.00240198,0.0021128,-0.0002625,2472.81,0.000382,1,-0.00100144,0.00299515,0.0002625,4526.6
0,4458011,5,phononTS,0.000560407,-0.000213821,0.000851011,-0.0002625,533.25,0.000382,1,-0.000998484,0.00100077,0.0002625,1492.24
0,4462339,11,phononTF,0.0011902,-0.00256136,0.000563723,-0.0002625,4202.22,0.000382,1,-0.00200485,3.26759e-06,0.0002625,5015.05
0,4463206,23,phononTF,0.000430873,0.00182162,-0.000176718,-0.0002625,8029.93,0.000382,1,0.00199676,4.86516e-06,0.0002625,8329.02
0,4463416,9,phononTS,0.000383759,-0.000139928,-0.000145444,-0.0002625,889.944,0.000382,1,-0.00100439,-0.00100236,0.0002625,1703.18
0,4465547,8,phononTS,0.000843554,0.00261448,0.00294391,-0.0002625,325.733,0.000382,1,0.00199775,0.00200225,0.0002625,934.788
0,4470428,9,phononTS,0.000849732,0.00122648,-0.000943135,-0.000262498,1402.15,0.000382,1,0.000998965,-0.00100066,0.0002625,1517.89
0,4473144,13,phononTF,0.000564128,-0.00178425,0.000230928,-0.0002625,7232.86,0.000382,1,-0.00200086,3.26086e-06,0.0002625,7965.65
0,4473144,2,phononTS,0.00141349,0.00248632,0.00135389,0.000262498,111.155,0.000652325,1,0.00255913,0.00140177,-0.0002625,206.971
0,4477887,5,phononTS,0.000690155,0.00298818,0.0010538,-0.000262498,421.783,0.000382,1,0.00299505,0.00100316,0.0002625,512.154
0,4481359,11,phononTF,0.0006704,0.00210399,-0.000103821,-0.0002625,4924.68,0.000382,1,0.00199669,1.45713e-06,0.0002625,5205.22
0,4486614,3,phononTS,0.00117763,0.00121884,-0.000389904,-0.0002625,11.0148,0.000382,1,-2.65374e-06,-0.00199809,0.0002625,793.016
0,4487477,8,phononTF,0.0005802,0.00332168,0.000679464,-0.000262498,951.127,0.000382,1,0.00299838,0.000996944,0.0002625,1070.28
0,4487477,4,phononTF,0.00114109,0.00300364,0.00155412,0.000262498,255.647,0.00114109,1,0.00246758,0.0010292,-0.0002625,412.442
0,4503664,6,phononTS,0.000464824,-0.00202382,-4.52765e-05,-0.0002625,1207.01,0.000382,1,-0.00200495,-3.54768e-06,0.0002625,3361.01
0,4506247,6,phononTF,0.000382997,-0.000489887,0.00132365,-0.0002625,906.148,0.000382,1,-0.00100139,0.00100097,0.0002625,1895.51
0,4506659,25,phononTF,0.00043325,0.000998217,0.000995662,0.000262498,4714.09,0.00043325,1,0.00091866,0.000911794,-0.0002625,4806.11
0,4510550,5,phononTS,0.00194004,0.00103778,0.00103292,-0.0002625,27.2549,0.000382,1,0.000998107,0.00100485,0.0002625,2606.54
0,4516029,16,phononTF,0.000584893,0.00299562,0.000999901,0.0002625,759.476,0.000584893,1,0.00278008,0.00122647,-0.0002625,968.576
0,4520191,8,phononTF,0.00129838,0.00321108,0.000778273,-0.000262498,988.694,0.000382,1,0.00299913,0.000995961,0.0002625,1092.52
0,4521629,13,phononTS,0.000405159,0.0020456,0.00211112,-0.0002625,1805.86,0.000382,1,0.00199822,0.00199695,0.0002625,2449
0,4523353,6,phononTS,0.00209422,0.00104674,0.00143896,-0.000262498,314.54,0.000382,1,0.00100366,0.00100268,0.0002625,451.511
0,4525689,12,phononTS,0.000803792,0.0019447,1.19809e-05,-0.000262498,7261.95,0.000382,1,0.0020003,3.62472e-06,0.0002625,7353.09
0,4527235,6,phononTF,0.000877423,0.00199737,-1.83005e-06,0.000262498,4082.8,0.000672634,1,0.00209359,9.26114e-05,-0.0002625,4175.62
0,4530627,16,phononTS,0.000470802,-0.00103098,0.00302343,-0.000262498,13388.5,0.000382,1,-0.000995684,0.00300184,0.0002625,13481.1
0,4531987,1,phononTF,0.01,0.00296297,0.000957714,0.00019588,0,0.002674,1,0.00300101,0.00099581,0.0002625,270.402
0,4531987,6,phononTF,0.000676969,0.00300101,0.00099581,0.000262498,270.402,0.000676969,1,0.00297145,0.000965932,-0.0002625,360.571
0,4534546,10,phononTS,0.000460521,0.00109412,-0.00113659,-0.0002625,5539.91,0.000382,1,0.00100288,-0.00100054,0.0002625,5867.16
0,4536593,6,phononTS,0.000388402,0.000998655,0.000996424,0.000262498,556.836,0.000388402,1,0.000987829,0.00105149,-0.0002625,648.133
0,4544899,27,phononTS,0.000904801,-0.000997593,-0.00100003,0.000262498,6126.37,0.000689297,1,-0.000972796,-0.00102002,-0.0002625,6219.31
0,4545777,9,phononTS,0.000821227,0.00132306,-0.00307497,-0.0002625,8610.16,0.000382,1,0.000997372,-0.00299793,0.0002625,8994.59
0,4551975,11,phononTS,0.000766124,0.00292105,0.000910028,-0.0002625,86.2259,0.000382,1,0.00299886,0.000995425,0.0002625,397.801
0,4555352,1,phononTS,0.01,0.00318385,0.00107158,0.000194283,0,0.00191,1,0.00300224,0.000996416,0.0002625,410.215
0,4556478,2,phononTS,0.00263087,0.001782,0.00106768,-0.0002625,32.9746,0.000382,1,0.000995432,0.00100457,0.0002625,408.214
0,4558252,12,phononTS,0.000641072,-0.00199879,2.17317e-06,0.0002625,8195.22,0.000641072,1,-0.00197857,3.28244e-05,-0.0002625,8553.37
0,4559062,12,phononTS,0.000488741,0.00300343,0.000997473,0.000262498,1738.65,0.000488741,1,0.00316045,0.00102035,-0.0002625,1842.92
0,4559062,23,phononL,0.000695562,-0.000996273,0.00300446,0.000262498,13936.2,0.000695562,1,-0.00104491,0.00251466,-0.0002625,14014.1
0,4561987,11,phononL,0.00082234,0.00273465,0.0015901,-0.000262498,1124.62,0.000382,1,0.00299743,0.0010007,0.0002625,1215.08
0,4563603,9,phononL,0.00106661,0.00246017,0.000482433,-0.000262498,1241.65,0.000764,1,0.00199866,3.85049e-06,0.0002625,1334.98
0,4571573,8,phononTF,0.00141786,0.00257578,0.00145017,-0.0002625,375.585,0.000382,1,0.00199889,0.00199822,0.0002625,907.863
0,4571573,9,phononTF,0.000828386,0.00199889,0.00199822,0.000262498,907.863,0.000496408,1,0.00180178,0.00219345,-0.0002625,1009.52
0,4573460,7,phononTS,0.0017654,-0.000254273,0.00267753,-0.0002625,660.802,0.000382,1,-0.00100068,0.00299817,0.0002625,1265.41
0,4574164,19,phononL,0.00056567,0.00160486,0.000136226,-0.0002625,10028.4,0.000382,1,0.00200305,-8.50055e-07,0.0002625,10249.6
0,4574827,3,phononL,0.00245992,0.00151292,-0.00123793,-0.0002625,211.079,0.000764,1,0.00100446,-0.00100158,0.0002625,2767.16
0,4576286,2,phononTS,0.00221692,0.00225396,0.00156908,-0.0002625,26.3099,0.000382,1,0.00200095,0.00199871,0.0002625,334.455
0,4577295,10,phononTS,0.00123574,0.00266352,0.00065895,-0.000262498,329.732,0.000382,1,0.00299825,0.000999198,0.0002625,481.51
0,4577295,11,phononTS,0.000431121,0.00299825,0.000999198,0.000262498,481.51,0.000431121,1,0.00295625,0.000982848,-0.0002625,571.505
0,4577295,2,phononTF,0.000877376,-0.005,0.000420418,0.00012003,212.503,0.000877376,1,-0.00424925,0.00116114,-0.0002625,2931.42
0,4581974,15,phononTS,0.000436904,0.00199989,0.00199778,0.000262498,2035.92,0.000436904,1,0.00195827,0.0018399,-0.0002625,2139.62
0,4582508,8,phononTS,0.00050893,-0.000416221,0.00100696,-0.0002625,3571.23,0.000382,1,-0.00100293,0.000999423,0.0002625,9293.54
0,4583816,24,phononTF,0.000569657,0.00329325,0.00114317,-0.0002625,5129.83,0.000382,1,0.00300304,0.00100093,0.0002625,7134.77
0,4583817,1,phononTF,0.01,0.00348333,0.00105347,-0.00025725,0,0.00446239,1,0.0034749,0.00107101,-0.0002625,831.905
0,4587763,3,phononTS,0.00174907,0.00204934,-0.00158215,-0.0002625,41.6029,0.000382,1,0.0020048,-0.00200028,0.0002625,1117.65
0,4589566,7,phononTS,0.000627477,0.00155073,-0.000944737,-0.0002625,868.242,0.000382,1,0.000997246,-0.000996963,0.0002625,1327.44
0,4590053,8,phononTS,0.00178783,0.000969808,-0.00104898,-0.000262498,920.775,0.000382,1,0.00100363,-0.00100134,0.0002625,1010.04
0,4590580,3,phononL,0.00260753,0.00210051,0.00111272,-0.000246185,8.5522,0.000764,1,0.00200203,0.00200459,0.0002625,488.844
0,4590580,4,phononTS,0.00147602,0.00200203,0.00200459,0.000262499,488.844,0.000122004,1,0.00175215,0.00196343,-0.0002625,602.402
0,4591770,7,phononTS,0.000574843,-6.60784e-05,0.00137513,-0.0002625,2123.68,0.000382,1,4.09673e-06,0.00200198,0.0002625,3735.31
0,4592645,4,phononTF,0.001296,0.0027957,0.00103869,-0.0002625,30.8632,0.000382,1,0.00300027,0.00100403,0.0002625,230.958
0,4593368,26,phononTS,0.000440197,0.00100175,-0.00102586,-0.0002625,13639.8,0.000382,1,0.000996478,-0.00100173,0.0002625,15498.6
0,4593436,3,phononTS,0.00302837,0.000978312,0.00142383,-0.0002625,287.505,0.000382,1,0.00100277,0.000996647,0.0002625,1028.8
0,4593436,15,phononTS,0.00250714,0.00100277,0.000996647,0.000262498,1028.8,0.000651832,1,0.00105099,0.000928564,-0.0002625,1124.26
0,4593608,10,phononTS,0.00065917,0.00227636,-0.000705077,-0.000262498,3114.37,0.000382,1,0.000997344,-0.00299522,0.0002625,3627
0,4599645,6,phononTS,0.000956959,0.00243314,0.000967429,-0.000262498,381.005,0.000382,1,0.00300489,0.00100439,0.0002625,539.724
0,4600938,7,phononTS,0.000452681,0.00200606,2.12964e-05,-0.000262498,1731.11,0.000382,1,0.00199752,4.65193e-06,0.0002625,1820.9
0,4600980,9,phononTF,0.00083311,0.00323256,0.00122413,-0.0002625,4242.56,0.00083311,1,0.00406222,-0.005,0.000221263,5451.45
0,4602455,12,phononTS,0.00105708,0.00200283,0.00200409,0.000262498,3724.47,0.000268251,1,0.00305449,0.0024922,-0.0002625,3975.96
0,4604490,4,phononTS,0.00229893,0.00137438,0.00103396,-0.0002625,23.1886,0.001146,1,0.000999334,0.000998869,0.0002625,539.544
0,4607668,5,phononTF,0.00040808,0.00216351,0.0018432,-0.000262498,668.689,0.000382,1,0.00200176,0.00199786,0.0002625,766.371
0,4614389,14,phononTF,0.000512704,-8.15257e-07,-3.42791e-06,0.000262498,6409.65,0.000512704,1,0.000328905,0.000329652,-0.0002625,6530.12
0,4614389,3,phononTS,0.00159497,0.00247439,0.00164438,0.000262498,310.753,0.000386957,1,0.00249664,0.00165786,-0.0002625,405.818
0,4614526,3,phononTF,0.00167115,0.00274125,0.000734355,-0.000262498,198.178,0.000382,1,0.00299557,0.000997338,0.0002625,307.724
0,4614526,16,phononL,0.000724293,0.00299557,0.000997338,0.000262498,307.724,0.000213634,1,0.0025869,-0.000193437,-0.0002625,458.739
0,4617456,6,phononTS,0.000512076,0.00302812,0.000945802,-0.000262498,926.289,0.000382,1,0.00300187,0.00099567,0.0002625,1015.78
0,4618939,12,phononTS,0.000411014,-0.0019992,-0.00200073,0.0002625,7931.87,0.000411014,1,-0.00229565,-0.00194908,-0.0002625,8766.75
0,4619675,6,phononTF,0.0015222,0.00136021,0.00136828,-0.0002625,1398.32,0.000382,1,0.00100409,0.00099969,0.0002625,2026.13
0,4619675,8,phononTS,0.000422852,0.00100409,0.00099969,0.000262498,2026.13,0.000422852,1,0.000807052,0.000556924,-0.0002625,2177.18
0,4621023,11,phononTS,0.000570628,-0.0020072,-0.00191541,-0.000262498,2834.75,0.000382,1,-0.00200231,-0.00199725,0.0002625,2931.62
0,4623429,5,phononTS,0.0016908,-0.00268136,0.00423285,-0.0002625,224.911,0.000382,1,-0.00100392,0.00300175,0.0002625,2842.89
0,4624013,8,phononTF,0.000425464,-3.56379e-05,-2.31407e-05,-0.0002625,498.88,0.000382,1,-9.22224e-07,1.06268e-06,0.0002625,6458.21
0,4628956,8,phononTS,0.000540595,-0.00200166,-1.13528e-06,0.000262498,5057.79,0.000540595,1,-0.00203207,-2.98856e-05,-0.0002625,5147.3
0,4636004,7,phononTS,0.00222274,0.00299566,0.000999926,0.0002625,279.599,0.000800019,1,0.00371432,0.0010044,-0.0002625,637.843
0,4637296,7,phononTS,0.00114415,-0.00100021,0.00299993,0.000262498,6231.55,0.000725968,1,-0.000581537,0.00303472,-0.0002625,6366.37
0,4638759,3,phononTS,0.00132295,-0.000637639,-0.000768559,-0.0002625,79.3189,0.000382,1,-0.00100276,-0.0009957,0.0002625,1173.08
0,4639843,2,phononTS,0.000535927,0.0010007,-0.0029965,0.0002625,214.955,0.000535927,1,-0.00072037,-0.00422168,-0.0002625,2329.86
0,4639849,2,phononTS,0.000603506,0.00162512,0.00180407,-0.0002625,24.4483,0.000382,1,0.0020046,0.00199636,0.0002625,1124.13
0,4640413,10,phononTF,0.000959162,0.003277,0.0012911,-0.000262498,1129.02,0.000382,1,0.00299541,0.000995194,0.0002625,1243.56
0,4644851,6,phononTS,0.000993607,-0.0013273,-0.00096581,-0.0002625,588.828,0.000382,1,-0.00100235,-0.00100223,0.0002625,2119.52
0,4645866,7,phononTF,0.000797528,-0.00161918,0.0016035,-0.0002625,3915.63,0.000382,1,-0.00199607,0.0019959,0.0002625,10595
0,4648569,3,phononTS,0.00286297,0.00329573,0.000961493,9.16879e-05,344.752,0.000764,1,0.00300223,0.000995583,0.0002625,553.188
0,4648569,4,phononTF,0.00205934,0.00300223,0.000995583,0.000262498,553.188,0.000624207,1,0.00279254,0.0012159,-0.0002625,657
0,4648635,2,phononL,0.00418455,-0.000159295,-0.000262786,-0.00014972,9.22638,0.000382,1,-3.55517e-06,-6.19448e-07,0.0002625,650.565
0,4648635,12,phononTS,0.000718143,-3.55517e-06,-6.19448e-07,0.000262498,650.565,0.000718143,1,0.000724775,-0.000738984,-0.0002625,891.53
0,4649235,2,phononTS,0.000770216,0.00297299,0.000873646,-0.0002625,469.491,0.000382,1,0.00300386,0.000995651,0.0002625,670.048
0,4653309,21,phononTF,0.000674706,0.000545709,0.00257069,-0.0002625,2255.93,0.000382,1,4.3793e-06,0.00199896,0.0002625,5042.49
0,4653931,12,phononTS,0.000487486,0.00191495,-0.00204744,-0.0002625,6778.21,0.000382,1,0.0019985,-0.00200009,0.0002625,7743.77
0,4655271,18,phononTS,0.000772922,-0.000954732,0.00125126,-0.0002625,935.854,0.000382,1,-0.000998951,0.000997362,0.0002625,1803.67
0,4656497,8,phononTF,0.000700316,0.00305949,0.000927702,-0.0002625,1245.55,0.000382,1,0.00299648,0.000998024,0.0002625,1701.61
0,4660604,9,phononTS,0.000679028,-0.000517038,0.00295248,-0.0002625,3341.27,0.000382,1,-0.00100177,0.00299527,0.0002625,4605.24
0,4663580,19,phononL,0.000560935,-0.00130222,0.000744306,-0.000262498,14710.1,0.000382,1,-0.00100422,0.000996645,0.0002625,14782.4
0,4668822,49,phononTS,0.000424076,-0.00199756,-0.00200492,0.000262498,14803.6,0.000424076,1,-0.00176454,-0.00204955,-0.0002625,14915.2
0,4670728,13,phononTF,0.000767416,0.00233104,0.000117638,-0.0002625,491.405,0.000382,1,0.00199855,-6.43293e-07,0.0002625,869.107
0,4675377,6,phononTS,0.00112286,0.00274806,0.00100521,-0.0002625,434.906,0.000382,1,0.00300105,0.000997888,0.0002625,755.836
0,4675377,7,phononTS,0.000461094,0.00300105,0.000997888,0.000262498,755.836,0.000461094,1,0.00365864,0.000921793,-0.0002625,921.399
0,4676295,4,phononL,0.000428931,0.00250134,0.0011927,-0.000262498,126.972,0.000382,1,0.00300055,0.000995868,0.0002625,208.458
0,4677370,12,phononTS,0.000607505,-0.000605109,0.000127657,-0.0002625,1889.3,0.000382,1,2.26341e-07,-3.14079e-06,0.0002625,4697.17
0,4677370,2,phononTF,0.00193925,0.00252585,0.00116351,0.000262498,14.1699,0.000907573,1,0.00240478,0.0010443,-0.0002625,108.637
0,4681558,4,phononTS,0.00227368,0.00203531,0.00180272,-0.0002625,139.345,0.000764,1,0.0020001,0.00200157,0.0002625,571.807
0,4682364,16,phononTF,0.000629908,0.000241404,-0.00045035,-0.0002625,1546.67,0.000382,1,4.22177e-06,-4.98446e-06,0.0002625,2677.25
0,4682816,7,phononL,0.000648618,0.000797655,-0.000465134,-0.000262498,2520.22,0.000382,1,0.00199612,4.76814e-06,0.0002625,2675.09
0,4684490,9,phononTS,0.000449026,0.000995545,-0.000975047,-0.000262498,1314.79,0.000382,1,0.00100252,-0.000997413,0.0002625,1404.51
0,4694389,23,phononTF,0.000780784,0.000524057,0.000498319,-0.000262498,761.246,0.000382,1,0.00200144,0.00199538,0.0002625,1132.32
0,4696364,3,phononTS,0.00300621,0.00190046,-4.17052e-05,1.56474e-05,76.2984,0.001146,1,0.000998545,0.00100362,0.0002625,828.31
0,4699115,10,phononTS,0.0011895,0.00216027,0.0010158,-0.000262499,132.319,0.000382,1,0.00100215,0.00100341,0.0002625,396.052
0,4703095,8,phononTS,0.000462899,0.0027816,0.000464227,-0.000262498,833.616,0.000382,1,0.00299866,0.00099518,0.0002625,997.615
0,4705306,7,phononTF,0.000521546,0.00270918,0.000847031,-0.000262498,570.382,0.000382,1,0.00200478,-0.00200023,0.0002625,1104.57
0,4706893,3,phononL,0.00155668,0.00200379,-4.81375e-06,0.0002625,84.6716,0.000481217,1,0.00205267,-0.000308467,-0.0002625,461.16
0,4706894,21,phononTF,0.000545938,0.0031517,0.000869059,-0.0002625,8113.08,0.000382,1,0.002996,0.000998851,0.0002625,9444.29
0,4714296,9,phononL,0.000622767,0.000873668,-0.00145132,-0.0002625,1362.65,0.000382,1,0.00100391,-0.000998831,0.0002625,3099.72
0,4714297,1,phononTS,0.01,0.00276221,0.00120244,-0.000165624,0,0.000812507,1,0.00276083,0.00118538,-0.0002625,448.313
0,4720657,8,phononTS,0.000494811,0.00294825,0.00102001,-0.0002625,335.792,0.000382,1,0.00299844,0.00100299,0.0002625,605.602
0,4721279,11,phononTF,0.00079855,0.00317636,0.00116719,-0.0002625,2194.91,0.000382,1,0.00300395,0.00100383,0.0002625,2567.3
0,4722354,17,phononTF,0.000677094,0.00215837,0.000103482,-0.0002625,4221.5,0.000382,1,0.00199631,-2.20694e-06,0.0002625,4512.61
0,4727448,4,phononTS,0.00125047,-0.00162852,0.00204206,-0.0002625,50.7167,0.000764,1,-0.00200105,0.00199635,0.0002625,5535.53
0,4727448,3,phononL,0.00164256,0.00251331,0.00122091,0.000262498,50.7167,0.000469565,1,0.00243272,0.00199381,-0.0002625,151.192
0,4730517,10,phononTS,0.000888129,-0.00240873,-0.00334786,-0.000262498,13891,0.000382,1,-0.00200052,-0.00200247,0.0002625,14189.6
0,4731457,5,phononTF,0.00162316,0.0028454,0.000942823,-0.0002625,279.902,0.000764,1,0.00300099,0.000999726,0.0002625,567.654
0,4733879,16,phononTF,0.00110148,0.00288578,0.00111284,-0.0002625,589.092,0.000382,1,0.00299897,0.00099735,0.0002625,1059.3
0,4736357,1,phononL,0.01,0.00299695,0.00100007,0.000252181,0,0.00191,1,0.00299677,0.00100183,0.0002625,660.353
0,4740333,24,phononTF,0.000797664,0.00229985,-0.000292189,-0.000262498,6022.21,0.000382,1,0.00200494,4.66337e-06,0.0002625,6137.14
0,4741817,5,phononTS,0.00157543,-0.000572025,0.00354362,-0.000262498,1065.07,0.000764,1,-0.000997211,0.00299648,0.0002625,1249.8
0,4743955,10,phononTS,0.000478525,0.00300212,0.000997408,0.000262498,1677.87,0.000478525,1,0.00283354,0.000990006,-0.0002625,1783.95
0,4744386,13,phononTF,0.000676639,-0.000764184,0.00076333,-0.0002625,7270.95,0.000382,1,-0.00100327,0.000998276,0.0002625,7591.13
0,4744387,1,phononTF,0.01,0.00246486,0.00135146,-0.000207048,0,0.00224273,1,0.00243162,0.00132463,-0.0002625,562.357
0,4750161,6,phononTS,0.000583173,0.00292643,0.00136159,-0.0002625,280.907,0.000382,1,0.00300072,0.001002,0.0002625,677.246
0,4764921,13,phononTS,0.00080602,0.000517823,-0.00254186,-0.000262498,992.078,0.000382,1,0.00200429,-0.00199672,0.0002625,1321.74
0,4766311,14,phononTS,0.000871007,0.00296545,0.000371073,-0.0002625,1181.05,0.000382,1,0.00300096,0.00100486,0.0002625,1896.9
0,4770121,5,phononTS,0.00102202,0.000864291,-0.00246802,-0.0002625,425.395,0.000382,1,0.00200411,-0.00199536,0.0002625,4758.43
0,4770121,9,phononTS,0.000393056,0.00200411,-0.00199536,0.000262498,4758.43,0.000393056,1,0.00301422,-0.00156112,-0.0002625,5000.15
0,4772576,5,phononTS,0.00202788,-0.00195589,-0.00186357,-0.0002625,159.954,0.000764,1,-0.00200376,-0.0020027,0.0002625,5270.82
0,4782208,2,phononTS,0.00149725,0.00197974,0.00198334,-0.0002625,1124.22,0.000764,1,0.00199967,0.00200411,0.0002625,3322.16
0,4782244,4,phononTF,0.0014069,0.00302973,0.00130016,-0.0002625,1053.49,0.000382,1,0.00299901,0.000998967,0.0002625,1385.47
0,4788501,4,phononTS,0.000520684,0.00386616,0.000740147,-0.0002625,513.143,0.000382,1,0.00300044,0.000999387,0.0002625,1446.92
0,4790708,4,phononTS,0.00232159,0.00234941,0.00104827,-0.000262498,796.165,0.000382,1,0.00299724,0.00100159,0.0002625,961.635
0,4790708,8,phononTF,0.00131661,0.00299724,0.00100159,0.000262498,961.635,0.000760966,1,0.00332054,0.000672325,-0.0002625,1081.4
0,4791432,10,phononTS,0.00190878,0.00222654,-0.000460205,-0.000262498,608.175,0.000382,1,0.00199574,-3.58896e-06,0.0002625,763.681
0,4793578,2,phononTF,0.000991697,0.00275078,0.0010946,-0.0002625,12.1801,0.000382,1,0.00300024,0.00100078,0.0002625,222.189
0,4795169,18,phononTS,0.000500087,0.000997078,-0.00300134,0.0002625,4243.79,0.000500087,1,3.55003e-05,-0.00309817,-0.0002625,8360.11
0,4797295,19,phononL,0.000874565,4.97067e-07,-0.00200286,0.000262498,3026.68,0.000272265,1,0.000196382,-0.00198047,-0.0002625,3091.3
0,4802337,6,phononTF,0.000548399,-0.00180162,0.00162167,-0.0002625,2289.25,0.000382,1,-0.00200187,0.00200148,0.0002625,7538.87
0,4802921,8,phononTS,0.000837989,-0.000198822,-0.000738277,-0.000262498,4434.42,0.000382,1,-0.00100279,-0.00100359,0.0002625,4640.15
0,4804737,5,phononTS,0.000589341,0.00280807,0.00102667,-0.0002625,166.68,0.000382,1,0.00300209,0.00099635,0.0002625,489.157
0,4809455,4,phononTF,0.0014633,0.00300009,0.000998024,0.0002625,271.137,0.000890738,1,0.00319203,0.00118082,-0.0002625,473.213
0,4815631,3,phononTS,0.00165261,1.7038e-05,-0.005,-0.000196875,1227.46,0.00159836,1,-0.000254572,-0.00458705,-0.0002625,2756.92
0,4818029,6,phononTS,0.000606871,0.00143024,-0.00104896,-0.0002625,2877.45,0.000382,1,0.0010008,-0.00100302,0.0002625,3829.26
0,4818029,4,phononTS,0.00208234,0.00464299,-0.00196705,0.000262498,2698.02,0.000893186,1,0.00418792,-0.00149814,-0.0002625,2876.77
0,4820865,12,phononTS,0.000521663,-0.005,-0.00268296,8.62677e-05,11078.6,0.000382,1,-0.00299621,-0.00100471,0.0002625,11967.7
0,4822851,16,phononTS,0.00203043,-0.00018656,0.000840695,-0.0002625,1181.04,0.000382,1,0.00199522,-2.98716e-06,0.0002625,2078.01
0,4832843,14,phononTF,0.000525848,0.00275374,0.00125303,-0.000262498,879.594,0.000382,1,0.00300181,0.000997745,0.0002625,988.211
0,4836062,3,phononTF,0.0011786,0.00240348,-0.00161416,-0.0002625,64.261,0.000382,1,0.00199748,-0.00199722,0.0002625,1899.05
0,4838298,7,phononL,0.000667505,-0.00116988,0.00183346,-0.0002625,1181.3,0.000382,1,-0.00200093,0.0019969,0.0002625,1718.26
0,4840601,5,phononTS,0.00109589,-0.000364913,-0.00172698,-0.0002625,2458.68,0.000382,1,0.0029975,0.00099637,0.0002625,4190.6
0,4841738,15,phononTF,0.000453182,0.00273969,0.00130167,-0.000262498,1338.95,0.000382,1,0.00300366,0.00100135,0.0002625,1453.29
0,4842829,23,phononTS,0.000511069,2.1179e-05,0.00188043,-0.0002625,1233.12,0.000382,1,1.81328e-07,0.00199836,0.0002625,3375.32
0,4843251,3,phononTS,0.000849675,0.000750286,0.000160479,-0.0002625,812.848,0.000382,1,-0.00100073,-0.00100367,0.0002625,1637.29
0,4845388,3,phononTS,0.00256974,0.00204236,0.000122383,-0.0002625,27.2799,0.000764,1,0.00199906,-2.39827e-06,0.0002625,1074.6
0,4853827,2,phononTS,0.000867115,0.000896939,0.00102825,-0.0002625,33.9911,0.000382,1,0.000997459,0.00100193,0.0002625,987.766
0,4856540,20,phononTF,0.000487403,-0.00156521,0.000287388,-0.0002625,6924.41,0.000382,1,-0.000995004,0.00100246,0.0002625,7412.17
0,4856591,5,phononTF,0.000694133,0.00241912,0.00240876,-0.000262498,2189.63,0.000382,1,0.00199523,0.00200005,0.0002625,2324.6
0,4858825,13,phononTS,0.000406797,-0.00105324,0.00293887,-0.000262498,12001,0.000382,1,-0.00100492,0.00299513,0.0002625,12095.6
0,4859927,4,phononTS,0.00178772,0.00299878,0.00100479,0.0002625,323.062,0.000856935,1,0.00390827,0.000973288,-0.0002625,834.478
0,4861885,11,phononTF,0.00050904,0.00213881,-0.00209401,-0.0002625,2257.96,0.000382,1,0.00199709,-0.00199975,0.0002625,3381.31
0,4865606,9,phononTS,0.00118906,0.00205052,0.00193638,-0.000262498,1113.95,0.000382,1,0.00199838,0.00200092,0.0002625,1209.04
0,4868844,18,phononTS,0.000483381,-0.00261211,0.000931544,-0.0002625,9825.73,0.000382,1,-0.00200229,0.001996,0.0002625,10639.6
0,4870650,11,phononTF,0.000400662,-9.29246e-07,3.52782e-06,0.000262498,14951.6,0.000400662,1,0.000472619,0.000461081,-0.0002625,15095.7
0,4872873,3,phononL,0.00425903,0.0032243,0.00112556,-0.0002625,205.356,0.001146,1,0.00299742,0.000996754,0.0002625,621.409
0,4872873,4,phononTF,0.00202909,0.00299742,0.000996754,0.000262498,621.409,0.000521829,1,0.00225416,0.0020867,-0.0002625,872.955
0,4874669,2,phononTF,0.00229692,0.00168029,-0.00167396,-0.0002625,1054.45,0.000764,1,0.00200408,-0.00199745,0.0002625,4651.24
0,4874730,7,phononTF,0.000853169,0.00200178,0.00199863,0.000262498,1696.75,0.000307737,1,0.00170411,0.00174375,-0.0002625,1810.47
0,4876605,5,phononTS,0.000535595,0.0012715,0.000879884,-0.0002625,704.664,0.000382,1,0.00100269,0.000999486,0.0002625,1327.1
0,4877253,3,phononTS,0.000893159,0.00213946,0.000580814,-0.0002625,217.855,0.000382,1,0.00200411,-4.19166e-06,0.0002625,549.402
0,4878912,3,phononTF,0.00305242,0.00257402,0.00141806,-0.0002625,22.9005,0.000382,1,0.00300205,0.00100413,0.0002625,717.885
0,4879598,2,phononTS,0.00235647,0.0039528,0.00113417,-0.0002625,33.8108,0.001146,1,0.00200267,0.00200359,0.0002625,1281.98
0,4879598,6,phononTF,0.000658617,0.00200267,0.00200359,0.000262498,1281.98,0.000658617,1,0.00180362,0.00219379,-0.0002625,1383.43
0,4880864,13,phononTS,0.00041088,-0.00100046,-0.000996711,0.000262498,7483.42,0.00041088,1,-0.00146679,-0.00196816,-0.0002625,7728.9
0,4880865,1,phononL,0.01,0.00270155,0.00107627,-0.000133562,0,0.00166123,1,0.0025991,0.0010736,-0.0002625,261.718
0,4881634,2,phononTF,0.00192539,0.00246053,0.00183327,-0.0002625,453.285,0.001146,1,0.00299507,0.00100294,0.0002625,2940.7
0,4882724,6,phononTS,0.000428872,-0.000997555,-0.000999046,0.000262498,1595.22,0.000428872,1,-0.000962218,-0.00158535,-0.0002625,1753.1
0,4883261,6,phononTF,0.000494336,5.74746e-05,-0.00193872,-0.000262498,4937.46,0.000382,1,-4.25174e-07,-0.00199981,0.0002625,5028.48
0,4883261,2,phononTF,0.00165119,0.00246149,0.000990283,0.000262498,74.7863,0.000885454,1,0.00254923,0.00090404,-0.0002625,167.154
0,4885105,10,phononTS,0.0004562,-0.00222628,-0.00233392,-0.000262498,3377.36,0.000382,1,-0.00199729,-0.00199942,0.0002625,3518.19
0,4886046,8,phononTS,0.000401381,0.00204556,0.00199076,-0.000262498,1518.55,0.000382,1,0.00199516,0.00199604,0.0002625,1609.07
0,4889572,3,phononTS,0.00206982,0.00298414,0.00104053,-0.0002625,6.42623,0.000764,1,0.00300147,0.000996366,0.0002625,791.684
0,4897428,19,phononTS,0.00124382,0.00199703,0.00200143,0.000262498,319.454,0.00124382,1,0.000939653,0.00129136,-0.0002625,599.301
0,4897825,3,phononTS,0.000757359,0.000687822,-0.000398895,-0.0002625,36.8184,0.000382,1,0.00200132,0.00199898,0.0002625,2996.61
0,4897825,2,phononTS,0.0008255,0.00251401,0.00137505,0.000262498,36.8184,0.0008255,1,0.00249572,0.00132086,-0.0002625,132.38
0,4906723,7,phononTS,0.000390072,-0.0019997,0.00199661,0.000262498,3111.43,0.000390072,1,-0.00203276,0.00198829,-0.0002625,3201.9
0,4913861,4,phononTF,0.000419668,0.000751955,-0.000723474,-0.000262498,1732.63,0.000382,1,-3.73845e-06,3.31555e-06,0.0002625,1934.34
0,4921138,4,phononTS,0.00297646,-6.18861e-07,0.00200212,0.000262498,2256.71,0.00155882,1,-5.36297e-05,0.0020128,-0.0002625,2348.05
0,4925995,4,phononTF,0.000668184,0.00270624,0.00128492,-0.000262498,339.49,0.000382,1,0.00300025,0.00100418,0.0002625,453.077
0,4928750,15,phononTF,0.00088753,0.000596698,0.00143753,-0.000262498,4873.29,0.000382,1,4.06628e-06,-2.6661e-06,0.0002625,5172.55
0,4928750,16,phononTS,0.000435176,4.06628e-06,-2.6661e-06,0.000262498,5172.55,0.000435176,1,0.000262171,0.00028085,-0.0002625,5310.62
0,4930335,5,phononL,0.00146509,0.00199766,0.00200133,0.0002625,597.777,0.000723756,1,0.00177267,0.00256942,-0.0002625,923.182
0,4933049,7,phononTS,0.000520242,0.00197925,0.00194587,-0.0002625,2797.56,0.000382,1,0.00199881,0.00199623,0.0002625,4782.87
0,4934477,19,phononTF,0.000709739,0.00136023,-0.000689839,-0.0002625,5295.04,0.000382,1,0.000995327,-0.00100093,0.0002625,6144.78
0,4936016,5,phononTS,0.000578003,-0.00303521,-0.00103309,-0.0002625,619.534,0.000382,1,-0.00299784,-0.000997697,0.0002625,5163.51
0,4936177,4,phononTS,0.000917605,0.00395238,0.000947674,-0.000262498,793.442,0.000382,1,0.00300237,0.000999932,0.0002625,1010.47
0,4937048,7,phononTS,0.000562425,-0.00109154,-0.000630604,-0.0002625,1768.35,0.000382,1,-0.00199778,-0.00199821,0.0002625,4107.67
0,4939431,15,phononL,0.00144574,0.00160155,0.000976818,-0.0002625,242.343,0.000382,1,0.000997251,0.00100121,0.0002625,433.405
0,4941600,14,phononTF,0.000410479,0.000129529,0.000126647,-0.0002625,6811.58,0.000382,1,3.26607e-06,-1.87452e-06,0.0002625,8532.59
0,4942703,17,phononTS,0.000627866,-0.00199958,-3.19428e-06,0.0002625,13404.2,0.000627866,1,-0.00196332,-0.000657241,-0.0002625,13739.6
0,4944514,14,phononTS,0.000579766,0.000173641,0.00282941,-0.000262499,3799.75,0.000382,1,1.42033e-06,0.00199675,0.0002625,4000.9
0,4947097,6,phononTS,0.000705951,0.00100251,0.000998646,0.000262498,866.265,0.000471999,1,0.0018338,0.00122764,-0.0002625,1068.4
0,4951070,14,phononTF,0.000466582,0.000515473,-0.00226939,-0.0002625,5473.44,0.000382,1,-1.30462e-06,-0.00200297,0.0002625,5851.83
0,4951610,20,phononL,0.000568773,-0.000654456,0.00322573,-0.000262498,1504.03,0.000382,1,-0.000995814,0.00299589,0.0002625,1577.47
0,4951611,1,phononTF,0.01,0.00252314,0.000343401,-0.000190923,0,0.00267906,1,0.00253443,0.000331838,-0.0002625,937.463
0,4957027,3,phononTS,0.00170936,0.00270468,0.00111781,-0.0002625,22.7964,0.000764,1,0.00299558,0.00100155,0.0002625,276.216
0,4960487,7,phononTS,0.000558833,0.00334124,0.000723877,-0.000262498,940.902,0.000382,1,0.00200147,0.00199772,0.0002625,1319.78
0,4960487,2,phononL,0.00180307,0.00245366,0.00116826,0.000262498,10.2185,0.000342722,1,0.00224621,0.000423979,-0.0002625,111.232
0,4961302,1,phononTS,0.01,0.00298474,0.00100064,0.000140658,0,0.00191,1,0.00300185,0.00100356,0.0002625,212.517
0,4961733,4,phononTS,0.00209323,0.00211925,-0.00195525,-0.0002625,412.818,0.000382,1,0.0020018,-0.00199651,0.0002625,1320.85
0,4966590,3,phononTF,0.000824588,0.00206697,0.00193943,-0.0002625,502.326,0.000382,1,0.0019968,0.00199873,0.0002625,1459.74
0,4966966,4,phononTS,0.00257553,0.00193386,0.00151472,-0.0002625,1053.26,0.001528,1,0.00200301,0.00199831,0.0002625,1968.57
0,4975514,7,phononTF,0.00155222,0.00200119,0.0019979,0.000262498,978.686,0.00103681,1,0.00157387,0.00256147,-0.0002625,1134.38
0,4979145,21,phononTS,0.000528615,-0.00199759,-0.00200285,0.000262498,5101.9,0.000528615,1,-0.00143008,-0.0019583,-0.0002625,5260.36
0,4981100,15,phononTS,0.000489798,0.00082424,0.00100307,-0.000262498,1171.18,0.000382,1,0.00100082,0.000997921,0.0002625,1276.97
0,4981101,3,phononTF,0.00594374,0.00245542,0.00118524,-0.000236309,529.642,0.00128256,1,0.00244268,0.00118362,-0.0002625,569.299
0,4987044,7,phononTS,0.000512522,4.2348e-06,-0.00200156,0.0002625,4741.41,0.000512522,1,-9.45863e-06,-0.00119574,-0.0002625,9175.75
0,4987195,10,phononTS,0.000426442,-0.00203959,-2.25793e-05,-0.000262498,5448.85,0.000382,1,-0.00199837,2.23518e-07,0.0002625,5538.81
0,4990781,8,phononTS,0.00039017,0.00300135,0.00100125,0.000262498,931.517,0.00039017,1,0.00296002,0.00103258,-0.0002625,1020.91
0,4991530,14,phononTF,0.00051309,-0.000124599,-0.000551267,-0.0002625,6394.48,0.000382,1,-0.00100173,-0.00100403,0.0002625,6898.07
0,4992362,4,phononTS,0.00149327,0.00273107,0.00108575,-0.0002625,43.5516,0.000764,1,0.00300294,0.00100428,0.0002625,287.864
0,4992611,3,phononTS,0.00101092,0.0020412,9.84826e-05,-0.0002625,1.40398,0.000382,1,0.00200005,-1.05214e-06,0.0002625,3675.77
0,4993484,6,phononTF,0.0010878,0.00282107,0.00106801,-0.0002625,120.663,0.000382,1,0.00299832,0.000998634,0.0002625,414.191
0,4993484,7,phononTS,0.000657899,0.00299832,0.000998634,0.000262498,414.191,0.000657899,1,0.00297353,0.00074172,-0.0002625,528.725
0,4994025,6,phononTF,0.000434663,-0.000498961,0.00151132,-0.000262498,634.485,0.000382,1,1.67179e-06,0.00199914,0.0002625,784.087
0,4994987,8,phononTS,0.000444868,0.00302348,0.00104536,-0.000262498,2822.57,0.000382,1,0.00300317,0.00100165,0.0002625,2916.41
0,4997280,37,phononTF,0.000916253,0.00129307,-0.00125451,-0.0002625,2837.66,0.000382,1,0.0010009,-0.000999806,0.0002625,3403.17
0,4997862,4,phononTF,0.00118808,0.0029221,0.000923593,-0.0002625,420.432,0.000764,1,0.00299759,0.00100068,0.0002625,695.7
0,5001213,20,phononL,0.0011168,-0.00181464,0.00109156,-0.0002625,3406.86,0.000382,1,-0.00200103,0.00199874,0.0002625,4033.62
0,5005174,3,phononTS,0.000469808,0.00202143,-0.00350424,-0.0002625,141.708,0.000382,1,0.00200191,-0.00199926,0.0002625,3532.25
0,5007034,7,phononTS,0.00138062,-0.000952607,0.00113939,-0.0002625,4877.46,0.000764,1,-0.000997312,0.000996026,0.0002625,5812.77
0,5007148,4,phononTS,0.000580767,0.00297937,0.000967972,-0.000262498,1147.45,0.000382,1,0.00300026,0.00100038,0.0002625,1237.31
0,5007237,8,phononTF,0.00070234,0.00240614,0.00159114,-0.0002625,677.677,0.000382,1,0.00200263,0.00199633,0.0002625,1011.83
0,5008737,11,phononL,0.000465863,0.00202512,0.00271458,-0.000262498,12812,0.000382,1,0.00199873,0.00200315,0.0002625,12906.6
0,5010023,14,phononTS,0.000427363,0.00307331,0.000227711,-0.0002625,13323.2,0.000382,1,0.00199959,4.53272e-06,0.0002625,20533.2
0,5010023,2,phononL,0.00229026,0.00245934,0.00144281,0.000262498,83.4609,0.000585022,1,0.00253509,0.00116205,-0.0002625,150.961
0,5016834,9,phononTS,0.00045935,0.00294347,0.000989515,-0.000262498,4492.88,0.000382,1,0.00299929,0.000997926,0.0002625,4583.09
0,5017110,4,phononTS,0.00178583,0.00295712,0.0010327,-0.0002625,518.828,0.000764,1,0.00299984,0.00100142,0.0002625,965.762
0,5017991,14,phononL,0.000459254,-0.00282659,-0.00129449,-0.0002625,4938.82,0.000382,1,-0.00299896,-0.000998904,0.0002625,5543.06
0,5017992,1,phononTF,0.01,0.00268083,0.0015564,-0.000100808,0,0.00252529,1,0.0025936,0.00147104,-0.0002625,284.143
0,5020079,9,phononTF,0.0028245,0.00136281,-0.00072378,-0.0002625,345.52,0.000382,1,0.00100024,-0.000995331,0.0002625,1798.54
0,5023431,4,phononTF,0.00173094,0.00307153,0.000929597,0.000154915,6.17616,0.000764,1,0.00300022,0.000998522,0.0002625,603.232
0,5026080,6,phononL,0.000459451,0.000590161,-0.00110153,-0.0002625,237.7,0.000382,1,0.0010002,-0.000999207,0.0002625,1851.64
0,5026988,12,phononTF,0.000384955,-0.00290536,-0.00109222,-0.0002625,9039.17,0.000382,1,-0.00299753,-0.000998739,0.0002625,10586.3
0,5035432,3,phononTF,0.000836911,0.00274854,0.001152,-0.0002625,33.1678,0.000382,1,0.00299792,0.00100184,0.0002625,244.68
0,5039326,2,phononTF,0.00117097,0.00270884,0.00138904,-0.0002625,173.718,0.000382,1,0.00300159,0.000996539,0.0002625,492.572
0,5040662,31,phononTF,0.000442499,0.000467358,0.00155186,-0.0002625,2255.22,0.000382,1,0.00100452,0.000997526,0.0002625,3246.75
0,5040754,2,phononTF,0.000730347,0.00287975,0.00111441,-0.0002625,94.3636,0.000382,1,0.00300026,0.000995556,0.0002625,283.314
0,5044084,14,phononTF,0.000555909,0.00210438,0.000106171,-0.0002625,592.674,0.000382,1,0.00200075,-3.19957e-06,0.0002625,1060.11
0,5047857,7,phononTS,0.000569307,0.00213874,0.000731404,-0.0002625,1091.57,0.000382,1,0.00200022,1.02498e-06,0.0002625,4625.94
0,5049178,11,phononTF,0.000417379,-0.00297015,0.000992961,-0.0002625,5157.75,0.000382,1,-0.00199791,3.20067e-06,0.0002625,5762.52
0,5051213,11,phononL,0.000453241,0.00111998,-0.00228776,-0.0002625,1630.16,0.000382,1,0.00100082,-0.00300015,0.0002625,2301.18
0,5052576,11,phononL,0.000554701,-0.000138357,-0.00119902,-0.0002625,787.626,0.000382,1,-0.00100274,-0.000996177,0.0002625,1220.38
0,5053498,14,phononTS,0.000615229,-0.00300251,-0.000996923,0.000262498,8533.68,0.000615229,1,0.00132531,0.00171889,-0.0002625,9485.33
0,5054916,2,phononTS,0.00193685,0.00298023,0.00103669,-0.000262498,1192.85,0.000764,1,0.00299778,0.000995976,0.0002625,1283.07
0,5061600,6,phononL,0.00264373,-0.000130048,-0.00187016,-7.83558e-05,1614.33,0.000493242,1,3.25227e-05,-0.00184884,-0.0002625,1707.37
0,5063770,4,phononTS,0.00156096,0.000997759,-0.00099767,0.0002625,1325.17,0.000279395,1,0.000690657,-0.00104246,-0.0002625,1565.74
0,5064133,9,phononTF,0.00094393,0.00189059,0.00212592,-0.0002625,61.6848,0.000382,1,0.00200138,0.00200242,0.0002625,1032.16
0,5064138,1,phononTF,0.01,0.00296079,0.00104601,0.000240407,0,0.001146,1,0.0030049,0.00100178,0.0002625,173.702
0,5064138,6,phononTF,0.00092453,0.0030049,0.00100178,0.000262498,173.702,0.000541248,1,0.0032309,0.00123763,-0.0002625,279.509
0,5066106,2,phononTS,0.00089916,-0.000845913,-0.00198408,-0.0002625,83.2708,0.000382,1,1.17152e-07,-0.001999,0.0002625,3269.73
0,5066147,3,phononTF,0.00407948,0.00209593,0.00224525,-0.000262498,1071.15,0.000382,1,0.00199964,0.00200001,0.0002625,1175.72
0,5066147,6,phononTS,0.00073921,0.00199964,0.00200001,0.000262498,1175.72,0.00073921,1,0.00201699,0.00201973,-0.0002625,1265.45
0,5066312,7,phononTS,0.00160742,-0.00282288,-0.00126758,-0.0002625,3590.34,0.000382,1,-0.00299597,-0.00100349,0.0002625,3975.08
0,5071758,6,phononTS,0.000597571,0.00167432,0.0002548,-0.0002625,3543.49,0.000382,1,0.00300251,0.000999376,0.0002625,5860.52
0,5071878,4,phononTS,0.00216307,-0.00186267,-0.00392911,-0.0002625,233.394,0.000382,1,0.00299615,0.000999661,0.0002625,3051.21
0,5073352,13,phononL,0.00138892,-0.00148642,-0.00223547,-0.000262498,4395.46,0.000764,1,-0.00199632,-0.00200331,0.0002625,4478.91
0,5074506,23,phononTS,0.000730346,-0.00187511,0.00327207,-0.0002625,7761.61,0.000382,1,-0.00100031,0.00300123,0.0002625,9157.81
0,5075079,7,phononTS,0.0016947,1.76976e-05,-0.00204718,-0.000262498,3995.51,0.000382,1,-2.44589e-06,-0.00200386,0.0002625,4085.32
0,5075663,13,phononTS,0.000465281,0.00151181,-0.00150342,-0.000262498,852.59,0.000382,1,0.000999624,-0.00299658,0.0002625,1181.48
0,5075664,1,phononL,0.01,0.00302841,0.00120498,-0.000180697,0,0.00290078,1,0.00295757,0.00105394,-0.0002625,409.08
0,5081132,10,phononL,0.000723922,-0.000904533,-0.00107944,-0.000262498,6275.77,0.000382,1,-0.0010008,-0.000998698,0.0002625,6338.98
0,5085757,2,phononL,0.00200428,0.00274877,0.00107316,-0.0002625,64.936,0.000382,1,0.00300249,0.00099604,0.0002625,198.119
0,5087535,7,phononTS,0.000828827,0.00300376,0.00105312,-0.000262498,957.995,0.000382,1,0.00299988,0.00100268,0.0002625,1053.99
0,5098314,10,phononTS,0.000486525,-0.00313284,-0.00122968,-0.0002625,7596.47,0.000382,1,-0.00300361,-0.000997165,0.0002625,8931.2
0,5105019,4,phononTS,0.000575657,0.00201027,0.00223198,-0.000262498,355.389,0.000382,1,0.00200153,0.00200337,0.0002625,468.536
0,5105019,2,phononTS,0.000653964,0.00251332,0.00100052,0.000262498,92.9362,0.000155084,1,0.00279881,0.00108455,-0.0002625,216.808
0,5111650,23,phononTF,0.00058227,0.00281691,0.0011956,-0.000262499,5303.03,0.000382,1,0.00300158,0.00100128,0.0002625,5403.89
0,5114250,2,phononTF,0.00646858,0.00316961,0.000561712,-0.000177753,61.9037,0.000330532,1,0.00322809,0.000509446,-0.0002625,716.441
0,5115445,13,phononL,0.000486478,0.00143171,0.00087676,-0.0002625,2595.07,0.000382,1,0.00099598,0.000997562,0.0002625,3123.69
0,5116646,6,phononTF,0.00124963,0.00274491,0.00130674,-0.0002625,472.413,0.000382,1,0.00299726,0.00100047,0.0002625,701.66
0,5119027,14,phononTS,0.000390174,0.0019929,-3.38522e-05,-0.000262498,1120.94,0.000382,1,0.00199953,-2.69611e-06,0.0002625,1210.49
0,5119162,12,phononL,0.000495075,0.00212591,-0.000755158,-0.0002625,593.028,0.000382,1,0.00200034,7.07911e-07,0.0002625,1911.01
0,5120853,11,phononTS,0.000447058,0.00199753,-2.90611e-06,0.000262498,1437.77,0.000447058,1,0.00193751,-4.26875e-05,-0.0002625,1532.88
0,5121627,17,phononTF,0.000709711,-0.00178761,0.00222435,-0.000262498,4920.17,0.000382,1,-0.00200035,0.00200486,0.0002625,5024.15
0,5121628,1,phononTS,0.01,0.00272259,0.00125324,-0.000243143,0,0.000756232,1,0.00272677,0.00124041,-0.0002625,512.278
0,5123498,8,phononTS,0.000452522,0.005,0.000553975,-0.00012594,340.836,0.000382,1,3.49431e-06,4.84924e-07,0.0002625,1984.84
0,5124465,13,phononTS,0.000716377,0.00203036,-1.79618e-05,-0.0002625,1341.64,0.000382,1,0.00199697,1.52554e-06,0.0002625,1791.24
0,5124465,2,phononTF,0.00245218,0.00263524,0.00103065,0.000262498,45.8369,0.000503947,1,0.00258363,0.000966716,-0.0002625,136.937
0,5134869,13,phononTS,0.000393998,0.000997873,-0.000999649,0.000262498,11659.2,0.000393998,1,0.00148646,-0.00109262,-0.0002625,11809.1
0,5137668,10,phononL,0.000911595,-0.00199869,-0.00199716,0.000262498,9640.81,0.000628772,1,-0.00169064,-0.00168204,-0.0002625,9716.13
0,5137769,4,phononTF,0.00166415,0.00142576,0.000716231,-0.0002625,108.017,0.001146,1,0.00100149,0.00100183,0.0002625,644.471
0,5142457,16,phononTF,0.00124667,0.00281666,0.00103708,-0.000262498,1060.15,0.000764,1,0.00299555,0.000999513,0.0002625,1157.93
0,5143021,8,phononTF,0.000692133,-0.00200377,0.00200331,0.0002625,5128.16,0.000498379,1,-0.00180791,0.00178569,-0.0002625,5348.87
0,5144155,10,phononTF,0.00140008,0.00281328,0.00117869,-0.0002625,160.159,0.000382,1,0.00299584,0.00100466,0.0002625,485.998
0,5144225,14,phononTS,0.000719605,0.00112767,-0.00169055,-0.0002625,1845.83,0.000382,1,4.59251e-06,5.0578e-07,0.0002625,2431.8
0,5145419,7,phononTF,0.000690669,0.00284152,0.00116426,-0.000262498,606.463,0.000382,1,0.00299784,0.00100058,0.0002625,704.314
0,5149629,11,phononTS,0.000422806,-0.00283468,-0.000990885,-0.000262498,4840.93,0.000382,1,-0.00300239,-0.00100169,0.0002625,4946.77
0,5149795,6,phononTF,0.000529367,-0.00254087,-0.00289091,-0.0002625,6030.35,0.000382,1,-0.00199969,-0.00200068,0.0002625,7546.36
0,5153143,4,phononTS,0.00243888,0.00187324,0.000888632,-0.0002625,410.065,0.000764,1,0.00100129,0.00100096,0.0002625,810.203
0,5153143,11,phononTF,0.000448192,0.00100129,0.00100096,0.000262498,810.203,0.000448192,1,0.000673749,0.000663015,-0.0002625,930.862
0,5157310,2,phononTS,0.00105158,0.00305453,0.000965569,-0.000262498,148.502,0.000382,1,0.00300191,0.000995741,0.0002625,237.806
0,5158067,4,phononTF,0.00189096,0.000430428,-0.0036704,-0.0002625,21.5051,0.000382,1,-0.00199688,-0.00199648,0.0002625,1530.56
0,5161006,4,phononTF,0.002058,0.00236405,0.00163346,-0.0002625,159.976,0.000764,1,0.0019998,0.0019953,0.0002625,411.401
0,5162576,11,phononTF,0.000419019,-8.72971e-05,-0.00187553,-0.0002625,6256.9,0.000382,1,2.767e-06,-0.00199754,0.0002625,7407.7
0,5167471,13,phononTF,0.000582258,-0.000157874,-0.00184352,-0.000262498,3300.4,0.000382,1,3.24309e-06,-0.00200129,0.0002625,3398.21
0,5167472,1,phononTF,0.01,0.00301884,0.000987159,-0.000109395,0,0.00342178,1,0.0029501,0.00108993,-0.0002625,326.292
0,5183221,4,phononTS,0.000575186,0.000998605,-0.00100364,0.0002625,552.923,0.000575186,1,0.000962622,-0.00102109,-0.0002625,1122.69
0,5184282,36,phononTF,0.000507607,0.000784123,0.00101563,-0.0002625,11498.1,0.000382,1,0.00100288,0.00100074,0.0002625,11802.2
0,5184956,7,phononTS,0.00048088,-0.00199936,-3.18392e-06,0.000262498,1223.79,0.00048088,1,-0.00200516,-3.03725e-05,-0.0002625,1313.48
0,5186227,19,phononTS,0.000437227,1.74936e-05,4.02919e-05,-0.000262498,9454.88,0.000382,1,-4.05181e-06,-3.45947e-07,0.0002625,9551.62
0,5187136,6,phononTF,0.000534008,0.00207823,0.0019238,-0.000262498,1555.52,0.000382,1,0.00300492,0.00100456,0.0002625,1796.36
0,5187136,3,phononTS,0.00214305,0.0026814,0.00120682,0.000262498,64.1131,0.000298703,1,0.00272616,0.000919539,-0.0002625,182.004
0,5188807,22,phononTS,0.000511499,5.77654e-05,-0.000981621,-0.0002625,1291.52,0.000382,1,0.000997756,-0.00100441,0.0002625,5381.61
0,5191113,4,phononTF,0.002258,0.00300155,0.00100477,0.0002625,502.766,0.00106714,1,0.0031789,0.000994105,-0.0002625,795.497
0,5191290,8,phononTS,0.000433355,0.00199866,-0.000405793,-0.000262498,1586.93,0.000382,1,0.00199519,2.68871e-06,0.0002625,1720.38
0,5191290,2,phononTS,0.000858444,0.0026224,0.00130721,0.000262498,294.499,0.000263864,1,0.00259235,0.00134005,-0.0002625,383.992
0,5192633,14,phononTS,0.00059244,-0.00423696,-0.005,0.000146413,135.482,0.000382,1,-3.59882e-06,3.28615e-06,0.0002625,2894.28
0,5192633,2,phononTS,0.00186402,0.00247574,0.00121152,0.000262498,7.81186,0.00134067,1,0.00249427,0.00143081,-0.0002625,118.734
0,5198884,1,phononTF,0.01,0.00299872,0.000992962,0.000242814,0,0.001146,1,0.00299967,0.000996393,0.0002625,454.36
0,5200252,14,phononL,0.000406061,0.00105905,-0.00125926,-0.000262498,4323.01,0.000382,1,0.00099759,-0.000998298,0.0002625,4389.69
0,5209907,24,phononTS,0.00164156,0.000495298,0.00135175,-0.0002625,8706.12,0.000382,1,0.0020024,4.32013e-07,0.0002625,10739.7
0,5209907,25,phononTF,0.00112068,0.005,0.0027243,-0.000190441,10739.7,0.000896145,1,0.00491497,0.00265425,-0.0002625,11466.3
0,5209928,9,phononTS,0.000506061,0.001999,2.7684e-06,0.000262499,7524.31,0.000506061,1,0.000769437,-0.000436571,-0.0002625,7806.54
0,5212252,15,phononTF,0.000433842,0.000721305,-0.00070273,-0.000262498,5680.52,0.000382,1,0.00100168,-0.000996347,0.0002625,5794.05
0,5218217,2,phononTS,0.0016433,0.0019584,0.00135657,-0.0002625,102.007,0.000382,1,0.00200153,0.00199661,0.0002625,380.499
0,5219523,8,phononTS,0.000695104,2.30794e-05,-0.00322739,-0.0002625,4095.84,0.000382,1,0.00100274,-0.00299741,0.0002625,4786.85
0,5222070,4,phononTF,0.00117857,0.00222653,0.00176305,-0.0002625,281.09,0.000382,1,0.00200076,0.00199946,0.0002625,598.551
0,5222838,18,phononTF,0.000453253,0.0010007,0.00100311,0.0002625,13404.1,0.000453253,1,0.00107843,0.000928008,-0.0002625,13587.6
0,5222838,3,phononL,0.00105811,0.0022732,0.00117522,0.000262498,74.8949,0.000448146,1,0.00231981,0.00126881,-0.0002625,137.818
0,5224463,4,phononTF,0.0012007,0.00218693,0.00185675,-0.0002625,99.1733,0.000764,1,0.00199578,0.0020021,0.0002625,499.406
0,5224463,3,phononTF,0.00201009,0.00276038,0.0014207,0.000262498,99.1733,0.000326811,1,0.00258661,0.00151474,-0.0002625,196.975
0,5227342,14,phononTS,0.000561676,1.96843e-05,-0.000379336,-0.0002625,8694.26,0.000382,1,-2.36935e-06,-4.92996e-06,0.0002625,12971.5
0,5231001,38,phononTS,0.000592627,0.00199713,-0.00199578,0.000262498,1829.26,0.000592627,1,0.00124813,-0.00378258,-0.0002625,2221.29
0,5235064,4,phononTF,0.00241013,0.000894615,0.00110557,-0.0002625,412.152,0.000382,1,0.000998946,0.000996837,0.0002625,813.514
0,5235064,5,phononTS,0.00178737,0.000998946,0.000996837,0.000262498,813.514,0.000930104,1,0.00124892,0.000961392,-0.0002625,927.281
0,5236521,13,phononTF,0.000482361,-0.00142403,0.00143023,-0.0002625,9358.8,0.000382,1,-0.00099953,0.000995698,0.0002625,10320.7
0,5240851,10,phononTS,0.000863632,0.00202489,0.00205421,-0.0002625,406.457,0.000382,1,0.00199886,0.00200383,0.0002625,1408.37
0,5246832,4,phononTS,0.00135185,0.00248004,0.00095978,-0.000262498,1032.05,0.000764,1,0.00299728,0.000999667,0.0002625,1180.26
0,5250085,11,phononTF,0.000589858,0.00223553,0.00168205,-0.0002625,737.933,0.000382,1,0.00199709,0.0019999,0.0002625,1331.44
0,5250934,6,phononTS,0.000751554,-0.00352058,0.000637462,-0.0002625,2773.54,0.000382,1,0.00100154,-0.00300367,0.0002625,6812.42
0,5251852,13,phononTF,0.000523161,-0.00154681,-0.00155309,-0.0002625,9829.4,0.000382,1,-0.00100384,-0.000995481,0.0002625,10632.8
0,5254294,6,phononTS,0.00127498,-0.000995314,0.00299798,0.000262498,14314.7,0.000909879,1,0.00191844,-0.000237875,-0.0002625,15131.9
0,5254294,3,phononTS,0.00287293,0.00312798,0.000253693,0.000262498,1895.59,0.000690821,1,0.00369184,0.00143583,-0.0002625,2174.64
0,5260546,10,phononTS,0.000483425,0.00236643,0.00203998,-0.0002625,2647.97,0.000382,1,0.00200119,0.00200333,0.0002625,5216.2
0,5260546,7,phononTS,0.00229699,0.00387184,0.00180779,0.000262499,806.147,0.0005149,1,0.00382867,0.00157115,-0.0002625,918.165
0,5265490,4,phononTS,0.00245481,0.00188958,0.00199656,-0.0002625,322.872,0.000382,1,0.00200154,0.00199744,0.0002625,931.846
0,5268083,13,phononTF,0.000830147,0.000244588,0.00176315,-0.000262498,8299.62,0.000382,1,-3.62649e-06,0.00199998,0.0002625,8406.93
0,5273311,8,phononTF,0.00044799,-0.00016024,-0.00186142,-0.0002625,3564.81,0.000382,1,1.87328e-06,-0.00199508,0.0002625,4497.21
0,5274599,8,phononTF,0.00152577,0.00309486,0.00107225,-0.0002625,715.744,0.000382,1,0.00300398,0.000996519,0.0002625,992.822
0,5275461,10,phononTF,0.000511366,0.00194214,0.00176101,-0.000262498,2322.38,0.000382,1,0.00199524,0.0020017,0.0002625,2426.13
0,5277028,28,phononTF,0.000717234,0.00158657,0.00156445,-0.0002625,12015.7,0.000382,1,0.00200332,0.00199734,0.0002625,12425.1
0,5277275,22,phononTS,0.00122917,1.14409e-06,0.00199803,0.0002625,5959.09,0.00115601,1,3.21928e-05,0.00199196,-0.0002625,6574.44
0,5278660,12,phononTS,0.000671463,0.00101012,-0.000950121,-0.000262498,3302.94,0.000382,1,0.000995433,-0.00100137,0.0002625,3392.96
0,5278829,4,phononTF,0.000771453,0.00282935,0.00124221,-0.000262498,1402.34,0.000382,1,0.000997834,0.00100149,0.0002625,1758.14
0,5278980,22,phononTS,0.000425258,0.00304709,0.000972922,-0.000262498,1486.41,0.000382,1,0.00299515,0.00100029,0.0002625,1575.82
0,5279595,14,phononTS,0.000590563,-0.00316738,-0.005,-0.000158641,1726.8,0.000382,1,0.00100075,-0.000999454,0.0002625,5835.33
0,5279948,13,phononTS,0.000693337,0.00233129,-0.00295048,-0.000262498,5971.89,0.000382,1,0.00200138,-0.0019977,0.0002625,6199.47
0,5280097,22,phononTF,0.000700981,0.00200025,0.0019982,0.000262498,584.431,0.000700981,1,0.00158398,0.00156593,-0.0002625,720.831
0,5280406,2,phononTF,0.00363295,0.00244247,0.00112614,4.95291e-05,337.007,0.001528,1,0.00199633,0.00199804,0.0002625,514.645
0,5284510,4,phononTF,0.000672181,0.00190294,0.00190349,-0.000262498,374.124,0.000382,1,0.00199961,0.00200244,0.0002625,467.068
0,5284510,2,phononTF,0.00567818,0.00239556,0.00115013,0.000110083,131.211,0.00258313,1,0.0027503,0.000786143,-0.0002625,239.057
0,5285237,4,phononTF,0.00117707,0.00108883,-0.00108938,-0.0002625,856.485,0.000382,1,0.00100291,-0.00100141,0.0002625,1152.29
0,5287400,7,phononTS,0.000759079,0.00211202,-0.000858632,-0.0002625,2672.01,0.000382,1,0.00199787,-8.48314e-07,0.0002625,4471.33
0,5287993,11,phononTF,0.000600812,0.0017124,0.00239999,-0.0002625,1942.45,0.000382,1,0.00200421,0.00200393,0.0002625,2578.11
0,5287994,1,phononTF,0.01,0.0030161,0.00173778,-0.000219732,0,0.00355923,1,0.00296743,0.0017859,-0.0002625,755.586
0,5290531,9,phononTS,0.00069116,0.00300222,0.00100323,0.000262498,1194.56,0.000191176,1,0.00304929,0.0010539,-0.0002625,1288.35
0,5291143,2,phononTF,0.00088135,0.00260496,0.00137854,-0.0002625,261.636,0.000382,1,0.00300164,0.00099742,0.0002625,1323.15
0,5291144,1,phononTS,0.01,0.0026623,0.00109914,-0.000261559,0,0.00285625,1,0.00266312,0.00109879,-0.0002625,1112.05
0,5293575,17,phononTS,0.000397468,0.0021113,0.000810844,-0.0002625,757.381,0.000382,1,0.00199514,4.49197e-06,0.0002625,1333.31
0,5294053,13,phononTF,0.000863313,-0.00108534,-0.000916487,-0.0002625,2450.36,0.000382,1,-0.000999085,-0.00100316,0.0002625,2727.3
0,5299244,4,phononTS,0.00241818,0.00300462,0.000999738,0.0002625,9.88383,0.0014271,1,0.00396155,0.00134346,-0.0002625,642.796
0,5303301,7,phononTF,0.000937529,0.00273274,0.000598524,-0.000262498,278.56,0.000382,1,0.00300041,0.00099946,0.0002625,405.641
0,5304972,5,phononTS,0.00170094,0.00117621,-0.00179212,-0.000262498,2511.96,0.000382,1,0.000995494,-0.00100037,0.0002625,2705.68
0,5325109,17,phononTS,0.000604297,0.0019576,-0.00227317,-0.0002625,5649.52,0.000382,1,0.00200214,-0.00200469,0.0002625,6227.86
0,5327871,21,phononTS,0.000719006,0.000567338,0.00333634,-0.000262498,1955.39,0.000382,1,-2.66443e-06,0.00199713,0.0002625,2264.03
0,5330995,4,phononTS,0.00157157,0.00300432,0.00100172,0.0002625,98.5204,0.000733835,1,0.00303757,0.00096003,-0.0002625,546.067
0,5332258,4,phononTS,0.00217075,0.00195817,0.00165305,-0.0002625,13.0677,0.000764,1,0.00200243,0.0020027,0.0002625,559.996
0,5334550,7,phononTF,0.00118517,0.00170878,-0.00229441,-0.000262498,10829.6,0.000382,1,0.00200429,-0.00200216,0.0002625,10944.6
0,5334550,8,phononTS,0.000607587,0.00200429,-0.00200216,0.000262498,10944.6,0.000607587,1,0.00201644,-0.00208956,-0.0002625,11043
0,5336421,18,phononL,0.000393947,-0.00232883,-0.000130533,-0.0002625,23718.8,0.000382,1,-0.00199894,-3.74568e-06,0.0002625,24633.4
0,5344205,3,phononTF,0.00135051,0.00225019,0.00172683,-0.0002625,83.4606,0.000764,1,0.00199765,0.00199909,0.0002625,305.217
0,5344755,23,phononTS,0.000560052,0.00298426,0.000949574,-0.0002625,2715.47,0.000382,1,0.00299801,0.00100015,0.0002625,3165.6
0,5347680,5,phononTS,0.00123667,0.00300893,0.00104637,-0.0002625,206.598,0.000382,1,0.00300023,0.0010002,0.0002625,387.538
0,5350026,3,phononTS,0.00283865,0.00237368,0.00123167,-0.0002625,126.345,0.000764,1,0.00199877,-2.813e-06,0.0002625,711.151
0,5350326,5,phononTS,0.000752225,0.00256994,0.00105721,-0.000262498,567.767,0.000382,1,0.00299849,0.00100197,0.0002625,707.641
0,5352383,15,phononTS,0.000576499,0.00458734,0.000925218,-0.000262498,4259.89,0.000382,1,0.00100311,0.00100089,0.0002625,5032.49
0,5352405,8,phononTF,0.000396688,0.00125466,0.000382109,-0.0002625,216.17,0.000382,1,0.00199533,1.14237e-06,0.0002625,799.323
0,5355563,13,phononTS,0.00142357,0.00284942,6.36939e-05,-0.000262498,293.566,0.000382,1,0.00300054,0.0010004,0.0002625,503.51
0,5368912,7,phononTS,0.000427687,0.000928323,-0.000989653,-0.0002625,1779.07,0.000382,1,0.00100232,-0.00099736,0.0002625,2467.7
0,5368912,2,phononL,0.00488928,0.00338418,0.00123068,-0.000198989,245.93,0.00216988,1,0.00340804,0.00127489,-0.0002625,450.656
0,5373331,3,phononTS,0.00145369,0.000125271,0.00246814,-0.0002625,995.128,0.000382,1,-0.000998255,0.00300102,0.0002625,2492.69
0,5373343,7,phononTS,0.000514854,0.00306859,-0.00173183,-0.0002625,491.472,0.000382,1,0.00199672,-0.0019977,0.0002625,2296.61
0,5376145,2,phononTF,0.000655504,0.00299687,0.00100398,0.0002625,110.032,0.000655504,1,0.00308387,0.000917421,-0.0002625,805.042
0,5387839,4,phononTS,0.00183273,0.0030491,0.00101256,-0.000262498,1511.99,0.000382,1,0.0030018,0.00099833,0.0002625,1608.75
0,5387839,5,phononL,0.000688421,0.0030018,0.00099833,0.000262498,1608.75,0.000688421,1,0.00280795,0.00120166,-0.0002625,1675.97
0,5388422,17,phononTS,0.00108702,0.00200384,-7.9581e-07,0.0002625,5081.28,0.00108702,1,0.0019653,0.000233227,-0.0002625,5305
0,5388994,7,phononTS,0.000518012,0.00127053,0.000956065,-0.000262498,504.286,0.000382,1,0.00100201,0.00100011,0.0002625,619.964
0,5390247,3,phononTS,0.00495266,0.00198213,3.27466e-05,-0.000230345,1365.94,0.000764,1,0.00200426,3.46264e-07,0.0002625,1450.6
0,5392320,17,phononTS,0.000731478,0.000624748,0.00203547,-0.0002625,3037.5,0.000382,1,-1.94882e-06,0.00199687,0.0002625,5370.19
0,5393138,3,phononTS,0.00297516,0.00297248,0.00100244,-0.0002625,362.726,0.000764,1,0.0029964,0.000995599,0.0002625,762.841
0,5395766,3,phononTS,0.000938471,0.00138216,0.000988585,-0.0002625,108.084,0.000382,1,0.000999467,0.00100242,0.0002625,631.159
0,5396076,7,phononL,0.00282883,0.000789207,-0.000191121,-0.0002625,675.765,0.000382,1,0.00199827,3.465e-06,0.0002625,2012.17
0,5396338,18,phononTF,0.000496319,-0.00212212,-0.00187408,-0.0002625,20424.4,0.000382,1,-0.0020005,-0.00200236,0.0002625,20933.3
0,5396504,5,phononTF,0.00279202,0.00229712,0.00168833,-0.0002625,80.0296,0.000382,1,0.00199846,0.00199891,0.0002625,312.47
0,5401511,3,phononL,0.00168643,0.00265755,0.00114776,-0.0002625,63.9967,0.001146,1,0.00300296,0.00100365,0.0002625,206.484
0,5404420,6,phononTF,0.000619047,0.00285053,0.00108044,-0.0002625,324.845,0.000382,1,0.00299839,0.00100137,0.0002625,611.875
0,5404842,2,phononL,0.00281339,0.00225458,0.00177346,-0.0002625,1104.01,0.000382,1,0.00200286,0.00199608,0.0002625,1680.87
0,5405032,8,phononTF,0.00062109,0.00211312,0.00188213,-0.0002625,710.705,0.000382,1,0.00199877,0.00199935,0.0002625,1369.89
0,5405032,2,phononTF,0.00136345,0.00247948,0.00121951,0.000262498,12.6278,0.00119845,1,0.00305104,0.00202062,-0.0002625,210.526
0,5408083,13,phononTF,0.000566005,-0.00200337,-0.00199734,0.0002625,3258.7,0.000566005,1,-0.00144882,-0.00152901,-0.0002625,4082.01
0,5409533,13,phononTS,0.000442536,0.00300024,0.000995881,0.000262498,5697.59,0.000442536,1,0.00101176,0.00234046,-0.0002625,6166.85
0,5411758,4,phononTS,0.000545613,0.00199809,-1.45416e-06,0.0002625,346.873,0.000545613,1,0.00197738,-7.58675e-05,-0.0002625,539.283
0,5414852,2,phononTS,0.00233808,0.00205986,0.000796754,-0.000262498,534.403,0.000382,1,0.00200419,3.22624e-06,0.0002625,723.274
0,5416848,7,phononTF,0.000581918,0.000998535,-0.00299917,0.0002625,6789.19,0.000581918,1,0.000771521,-0.00318252,-0.0002625,7830.98
0,5417300,2,phononTS,0.000519779,0.00289021,0.00211849,-0.0002625,302.265,0.000382,1,0.00199917,0.00199594,0.0002625,678.677
0,5417977,8,phononTS,0.00234637,0.00274243,0.00222962,-0.000262498,1046.43,0.000382,1,0.00200111,0.00199735,0.0002625,1240.77
0,5422058,6,phononTS,0.00111533,0.00300308,0.000996305,0.000262498,504.319,0.000599573,1,0.00476021,0.00242336,-0.0002625,934.745
0,5431851,6,phononTS,0.00089275,-0.00381162,-0.000975792,-0.0002625,667.309,0.000382,1,2.8137e-06,-0.00200249,0.0002625,3373.82
0,5436112,9,phononTF,0.000472387,-0.00167827,-0.00244447,-0.0002625,4952.69,0.000382,1,-0.00199548,-0.00200113,0.0002625,5782.48
0,5436959,4,phononTF,0.00277835,0.00293581,0.00112041,-0.0002625,147.892,0.000764,1,0.00300149,0.00100398,0.0002625,481.77
0,5436959,5,phononTS,0.00133188,0.00300149,0.00100398,0.000262498,481.77,0.000486707,1,0.00294136,0.00170194,-0.0002625,656.192
0,5439811,16,phononTS,0.000389496,0.0032636,0.000968034,-0.000262498,2400.37,0.000382,1,0.00300263,0.00100476,0.0002625,2515.36
0,5440784,15,phononTS,0.000937705,0.000907306,-0.00338959,-0.0002625,2033.42,0.000764,1,0.000996282,-0.00299919,0.0002625,2444.01
0,5442976,4,phononTS,0.000662773,0.00302513,0.000786522,-0.000262498,354.808,0.000382,1,0.0030026,0.00099824,0.0002625,464.75
0,5448111,7,phononTS,0.000524233,0.00201832,-0.00200303,-0.0002625,2595.18,0.000382,1,0.00199797,-0.00200466,0.0002625,3050.56
0,5449461,7,phononTF,0.000593139,0.00100263,-0.00300403,0.000262498,12234.3,0.00020376,1,0.000735229,-0.00318577,-0.0002625,12342.7
0,5451473,2,phononTS,0.00615955,0.00215493,0.000987279,-0.0002625,584.974,0.001528,1,0.00299737,0.000999203,0.0002625,956.441
0,5454011,3,phononTF,0.00103624,0.0027979,0.00121414,-0.000262498,355.653,0.000764,1,0.00299613,0.000999191,0.0002625,459.12
0,5456091,6,phononTS,0.000491577,-0.00296352,0.005,-5.93314e-05,3848.39,0.000382,1,-0.000998636,0.00300214,0.0002625,6237.76
0,5456121,9,phononTS,0.00057029,-0.00198307,0.00199417,-0.0002625,3656,0.000382,1,-0.00199596,0.00200381,0.0002625,4307.69
0,5456121,3,phononL,0.00266386,0.00243563,0.00116022,0.000262498,9.99987,0.000643968,1,0.00198487,-0.000702269,-0.0002625,229.879
0,5457208,8,phononTS,0.000433042,0.00276195,0.000959262,-0.000262498,255.933,0.000382,1,0.00299813,0.000997864,0.0002625,371.488
0,5461692,3,phononTS,0.000659699,0.0027025,0.00143998,-0.000262498,168.066,0.000382,1,0.00299643,0.00100462,0.0002625,326.524
0,5462759,7,phononTS,0.00127029,4.96928e-06,0.00200493,0.0002625,9290.21,0.000507312,1,0.000553387,0.00201474,-0.0002625,10768.5
0,5464891,13,phononTS,0.000411271,0.000872551,0.00181321,-0.0002625,2791.83,0.000382,1,-3.05365e-06,0.00199961,0.0002625,5837.56
0,5473251,8,phononTS,0.00048045,-0.000462179,0.00327916,-0.000262498,1852.29,0.000382,1,-3.22063e-07,0.00200031,0.0002625,2143.77
0,5474539,12,phononTS,0.000738865,0.00104949,0.00096461,-0.0002625,2371.04,0.000382,1,0.000997333,0.000996616,0.0002625,2820.13
0,5475379,6,phononTS,0.000487667,0.00305602,0.000988104,-0.000262498,549.353,0.000382,1,0.00300181,0.00100428,0.0002625,639.213
0,5475571,3,phononTF,0.00255952,0.00160173,0.000417562,-0.0002625,13.5984,0.000382,1,0.0020047,4.03003e-06,0.0002625,977.541
0,5475571,4,phononTS,0.00206715,0.0020047,4.03003e-06,0.000262498,977.541,0.00126956,1,0.00195322,-3.24546e-05,-0.0002625,1070.58
0,5477590,10,phononTS,0.000489429,0.000958737,0.00067337,-0.000262498,5989.2,0.000382,1,0.00100373,0.00100114,0.0002625,6112.03
0,5477590,2,phononTS,0.00580087,-0.000819345,0.00370694,-0.000103393,80.3048,0.00140068,1,-0.000699606,0.00353155,-0.0002625,1727.13
0,5482938,12,phononTF,0.00113701,0.000115553,0.00211919,-0.0002625,2084.82,0.000382,1,4.55332e-07,0.00199994,0.0002625,2461.78
0,5487887,2,phononTF,0.00700582,0.0020585,0.00195023,3.18459e-05,652.975,0.000764,1,0.00200315,0.00200328,0.0002625,694.583
0,5490686,7,phononL,0.000697818,-0.000999421,-0.000996753,0.0002625,2267.64,0.000697818,1,-0.00174961,-0.00241781,-0.0002625,3037.71
0,5490686,3,phononTS,0.000545902,0.0023074,0.000524968,0.000262498,504.944,0.000545902,1,0.00143505,0.000441273,-0.0002625,705.281
0,5493487,17,phononL,0.000518073,-0.005,0.00480206,-0.000198054,2965.48,0.000518073,1,-0.00481996,0.00475318,-0.0002625,3535.42
0,5493845,7,phononL,0.00144565,0.00300008,0.000996185,0.0002625,454.575,0.000244116,1,0.00341952,0.000283248,-0.0002625,671.289
0,5494230,12,phononTS,0.000456269,0.000310313,-0.00197858,-0.0002625,9038.48,0.000382,1,-1.55578e-06,-0.00199506,0.0002625,9401.86
0,5494292,9,phononTF,0.000498694,0.0017948,0.00219319,-0.0002625,552.295,0.000382,1,0.00199737,0.00200056,0.0002625,1413.64
0,5499977,14,phononTF,0.000804817,0.00191271,-0.00356257,-0.000262499,2586.61,0.000764,1,0.00200268,-1.02452e-06,0.0002625,3231.57
0,5504944,19,phononTS,0.000434985,4.63495e-05,0.00208363,-0.000262498,3077.2,0.000382,1,2.14355e-06,0.00199502,0.0002625,3174.45
0,5504945,1,phononL,0.01,0.00262875,0.00149298,-0.000209391,0,0.00263801,1,0.00265198,0.00152287,-0.0002625,519.727
0,5506159,6,phononTS,0.000528783,0.00299985,0.00100381,0.0002625,1023.74,0.000528783,1,0.0031874,0.00177872,-0.0002625,1312.25
0,5506159,2,phononTS,0.00474433,0.00242852,0.00114088,0.000150519,29.5724,0.00146863,1,0.00227881,0.00117668,-0.0002625,113.678
0,5515396,23,phononTS,0.000679132,0.00087123,-0.00277552,-0.0002625,2344.6,0.000382,1,0.000999775,-0.00300417,0.0002625,3190.78
0,5515771,6,phononTF,0.000422952,1.62944e-05,-1.72029e-05,-0.0002625,1095.14,0.000382,1,-2.77045e-06,1.26505e-06,0.0002625,2246.24
0,5521484,14,phononTS,0.000457813,0.0026986,-0.000586764,-0.000262498,1105.48,0.000382,1,0.00199549,-0.00200043,0.0002625,1436.01
0,5523139,23,phononL,0.000397935,-0.000628619,-0.000808243,-0.0002625,1440.3,0.000382,1,-0.0010004,-0.000999504,0.0002625,2103.79
0,5525390,7,phononL,0.00109693,0.00214939,-0.000995967,-0.0002625,618.151,0.000382,1,0.00200134,-0.00200166,0.0002625,988.489
0,5527236,8,phononTS,0.000678105,0.00148422,-0.00331617,-0.000262498,2755.31,0.000382,1,0.000995261,-0.00299603,0.0002625,2922.69
0,5529795,13,phononTS,0.000490326,0.00303366,0.000971521,-0.000262498,5577.24,0.000382,1,0.00299628,0.000996312,0.0002625,5669.97
0,5532855,14,phononL,0.000860213,-0.000322874,-0.0029519,-0.000262498,10077.8,0.000382,1,0.00100077,-0.00300062,0.0002625,10231.6
0,5534958,9,phononTS,0.000387489,-0.00011056,0.00256376,-0.0002625,3960.27,0.000382,1,-1.95156e-06,0.00199593,0.0002625,7126.58
0,5538048,5,phononTS,0.000717625,0.00301029,0.00100864,-0.0002625,526.961,0.000382,1,0.00299808,0.000997687,0.0002625,976.111
0,5538451,4,phononTF,0.000548421,-0.00430715,-0.00378174,-0.0002625,325.413,0.000382,1,-0.00200147,-0.00200406,0.0002625,3916.36
0,5539465,7,phononTF,0.00157033,0.00129459,0.00100298,-0.0002625,577.066,0.000382,1,0.000999361,0.00100272,0.0002625,1126.46
0,5547080,16,phononTS,0.000615098,-2.33746e-06,3.11223e-06,0.000262499,12209.6,0.000615098,1,0.000161886,-0.00107456,-0.0002625,12451.8
0,5549428,10,phononTF,0.000822607,0.000277331,-0.00029025,-0.000262498,2138.66,0.000382,1,-2.60417e-06,-4.95831e-06,0.0002625,2251.61
0,5554938,6,phononL,0.000456041,-0.000664674,0.00327433,-0.0002625,1908.7,0.000382,1,-0.000995411,0.00299569,0.0002625,2915.28
0,5555603,6,phononTF,0.00244446,0.00124367,0.00098373,-0.000262498,394.539,0.000382,1,0.00100118,0.00100475,0.0002625,498.357
0,5557231,10,phononTS,0.00061745,-0.00238695,-0.00146652,-0.0002625,1271.89,0.000382,1,-0.00100283,-0.00100151,0.0002625,4974.51
0,5562247,6,phononTS,0.00181536,0.00213002,1.63516e-05,-0.0002625,538.01,0.000764,1,0.00199818,-7.43147e-07,0.0002625,1179.07
0,5562856,8,phononTS,0.000595304,0.00110295,0.000515336,-0.0002625,595.893,0.000382,1,-3.55903e-06,-6.14199e-07,0.0002625,1121.07
0,5568212,13,phononTS,0.000547114,-0.000537757,-0.000662399,-0.0002625,6206.43,0.000382,1,-0.000995387,-0.000997321,0.0002625,7031.44
0,5569499,3,phononTS,0.00111168,-4.53545e-05,0.00208739,-0.0002625,1030.98,0.000382,1,1.99801e-06,0.00200374,0.0002625,1751.52
0,5581067,4,phononL,0.000530835,-0.00161039,0.00143752,-0.0002625,7409.68,0.000382,1,-0.00200477,0.00199701,0.0002625,8009.97
0,5581067,2,phononTF,0.00304484,0.0029704,0.00116709,0.000262498,770.198,0.000885717,1,0.00334066,0.00184325,-0.0002625,940.679
0,5585763,10,phononTS,0.00072894,-0.00100454,0.0030038,0.000262498,1926.69,0.000310951,1,-0.000960121,0.00297097,-0.0002625,2016.02
0,5596632,4,phononTS,0.00239937,0.00270497,0.000873293,-0.0002625,140.47,0.000382,1,0.00299669,0.00100336,0.0002625,1415.49
0,5598004,6,phononTS,0.000595882,0.00244545,0.000681879,-0.000262498,173.806,0.000382,1,0.00100099,-0.00100325,0.0002625,616.785
0,5599964,2,phononTF,0.00416045,0.00270521,0.0012876,-0.0002625,126.809,0.000382,1,0.00300333,0.000998485,0.0002625,285.546
0,5601934,2,phononTS,0.00110622,0.00280271,0.00100575,-0.0002625,55.1348,0.000764,1,0.0030028,0.00100191,0.0002625,271.671
0,5602074,10,phononL,0.000531777,-0.00082266,0.00252705,-0.000262498,5753.55,0.000382,1,-0.000997821,0.00300408,0.0002625,5832.92
0,5604157,8,phononTS,0.000672759,-0.00297645,-0.000985017,-0.0002625,3363.48,0.000382,1,-0.00299869,-0.00100486,0.0002625,5671.97
0,5608591,22,phononTS,0.000817057,0.002211,0.0021939,-0.000262498,1990.39,0.000382,1,0.00100161,0.00100179,0.0002625,2343.36
0,5608721,10,phononTF,0.000457504,-0.00271356,-0.000690376,-0.000262498,4527.35,0.000382,1,-0.00200471,-7.18649e-07,0.0002625,4719.79
0,5612062,7,phononTF,0.00115084,-0.00200389,3.52293e-06,0.000262498,4034.53,0.000196855,1,-0.00190455,9.78429e-05,-0.0002625,4127.41
0,5614750,6,phononTS,0.00067532,0.00299854,0.000996156,0.000262498,1171.58,0.000302485,1,0.00328326,0.00131641,-0.0002625,1316.13
0,5615814,4,phononTS,0.00613738,0.00318239,0.00160591,-0.0002625,469.262,0.000764,1,0.00300088,0.000996325,0.0002625,738.672
0,5618319,1,phononTF,0.01,0.0030249,0.000977632,0.00020966,0,0.00191,1,0.00299833,0.000997878,0.0002625,298.803
0,5621127,6,phononTF,0.000706142,-0.00129083,0.000714162,-0.0002625,3211.12,0.000382,1,-0.000998115,0.000995605,0.0002625,5213.13
0,5621127,2,phononTS,0.000744364,0.00406739,0.00336062,-0.0002625,26.8722,0.000744364,1,0.005,0.00459703,5.0406e-05,816.084
0,5626149,10,phononL,0.000790603,-0.000508873,0.00206158,-0.0002625,1964.51,0.000382,1,4.48643e-06,0.00199597,0.0002625,2203.26
0,5626149,2,phononTS,0.00109405,0.00276612,0.00116119,0.000262498,159.056,0.000521692,1,-0.00159091,-0.00156348,-0.0002625,1116.22
0,5627817,6,phononL,0.000490117,-0.000569046,0.00282393,-0.000262498,1909.96,0.000382,1,-0.00100336,0.00299806,0.0002625,1986.64
0,5631859,12,phononTS,0.000383592,0.00215225,0.00189383,-0.0002625,7536.19,0.000382,1,0.00199821,0.00200036,0.0002625,8408.28
0,5631860,1,phononTS,0.01,0.001943,0.00124434,-0.000246808,0,0.00206649,1,0.00193537,0.00124568,-0.0002625,1092.57
0,5634908,11,phononTS,0.000718482,0.005,-0.00268643,-0.000242118,1642.39,0.000195841,1,0.00493099,-0.00279621,-0.0002625,2710.32
0,5636497,12,phononTF,0.00195041,0.000686278,-0.000718755,-0.000262498,1314.08,0.000764,1,0.00100153,-0.001003,0.0002625,1430.88
0,5636983,4,phononTF,0.001809,0.00192774,0.0020633,-6.47975e-05,120.249,0.000764,1,0.00199566,0.00199539,0.0002625,454.178
0,5638045,9,phononTS,0.000403248,0.0030208,0.00101156,-0.000262498,2787.44,0.000382,1,0.00300484,0.00100068,0.0002625,2879.04
0,5638527,12,phononL,0.000409732,-0.00213627,0.00190736,-0.0002625,4890.6,0.000382,1,-0.00200019,0.0020027,0.0002625,5210.27
0,5641960,6,phononTF,0.000567262,0.0019958,0.00199825,0.0002625,853.882,0.000567262,1,0.00170255,0.0016812,-0.0002625,3360.57
0,5642454,6,phononTF,0.00157102,0.00319288,0.000800659,-0.0002625,1441.01,0.000382,1,0.00299875,0.00100335,0.0002625,1786.33
0,5642593,5,phononTS,0.000635923,0.00300313,0.000997763,0.0002625,283.012,0.000635923,1,0.00299252,0.00151056,-0.0002625,578.197
0,5645807,15,phononTS,0.000754476,-4.25099e-06,-0.00200396,0.0002625,3628.36,0.000296436,1,-4.43333e-05,-0.00201902,-0.0002625,4201.71
0,5646214,21,phononTF,0.000688952,-0.00200356,2.06141e-06,0.0002625,5433.06,0.000688952,1,-0.00228778,0.000166041,-0.0002625,5652.83
0,5648995,17,phononTF,0.000425507,0.00183275,0.00182456,-0.0002625,5996.91,0.000382,1,0.00200463,0.00200119,0.0002625,6692.15
0,5653397,6,phononTS,0.000993039,0.00204576,-0.00204881,-0.0002625,855.018,0.000382,1,0.0019986,-0.00200257,0.0002625,1251.48
0,5653397,4,phononTS,0.00239613,0.00256246,0.00116801,0.000134143,26.2679,0.0003766,1,0.00256895,0.00117295,-0.0002625,95.9196
0,5653711,9,phononTS,0.000382501,5.2792e-05,-2.734e-05,-0.000262498,1240.6,0.000382,1,-1.7115e-06,-3.76235e-06,0.0002625,1332.7
0,5658906,8,phononTS,0.00138277,-0.00199572,9.94658e-07,0.000262498,2839.55,0.000725473,1,-0.00372927,-0.000848315,-0.0002625,3228.91
0,5661693,16,phononTS,0.000606043,0.00100419,-0.000996543,0.000262498,2921.92,0.000313125,1,0.000561099,-0.000762285,-0.0002625,3076.04
0,5661694,3,phononL,0.0073327,0.00264484,0.00113677,0.000146899,22.5974,0.0030232,1,0.00328998,0.00118912,-0.0002625,104.642
0,5662802,9,phononTS,0.000674595,0.00176576,0.00176037,-0.000262498,543.648,0.000382,1,0.00100366,0.00100385,0.0002625,790.717
0,5673388,7,phononTF,0.000905017,0.00170669,0.000240211,-0.0002625,8724.74,0.000382,1,0.00200227,-3.78529e-06,0.0002625,9293.39
0,5677989,3,phononTS,0.00185493,-0.000127957,0.00103847,-0.0002625,57.194,0.000382,1,-0.000997523,0.000995934,0.0002625,884.415
0,5681231,8,phononTS,0.000422077,0.00205949,0.00122248,-0.000262498,1566.4,0.000382,1,0.00200364,0.00200257,0.0002625,1752.78
0,5682930,14,phononTF,0.00121657,-0.00148807,0.00316564,-0.0002625,5726.97,0.000382,1,-0.00099758,0.00300134,0.0002625,6249.59
0,5683693,15,phononTS,0.001119,-2.43331e-05,2.5196e-05,-0.0002625,1173.97,0.000382,1,8.72468e-07,-2.30662e-06,0.0002625,2536.41
0,5686347,5,phononTF,0.000514708,0.000410038,-0.00163739,-0.0002625,434.718,0.000382,1,4.05754e-06,-0.00199905,0.0002625,1090.38
0,5687232,17,phononTS,0.00199007,0.00201287,0.00203422,-0.0002625,1377.52,0.000764,1,0.00200209,0.00200131,0.0002625,1829.22
0,5690863,10,phononTF,0.0014887,0.00151905,-0.00249504,-0.0002625,4566.1,0.000382,1,0.00199825,-0.00199944,0.0002625,5010.86
0,5691585,11,phononTF,0.000392271,-0.00200323,0.00200187,0.000262498,13602,0.000392271,1,-0.00200828,0.00201858,-0.0002625,13691.9
0,5695240,7,phononTF,0.000450027,0.00271862,-0.00253866,-0.0002625,772.26,0.000382,1,0.000998445,-0.00100044,0.0002625,3157.98
0,5695283,9,phononTF,0.000622531,0.000826342,-0.00317206,-0.000262498,6431.41,0.000382,1,0.00100062,-0.00299904,0.0002625,6530.73
0,5699874,20,phononTF,0.000426124,0.00299564,0.00100384,0.000262498,857.094,0.000426124,1,0.000166537,-0.00197643,-0.0002625,1567.61
0,5701290,1,phononTF,0.01,0.00307176,0.001069,0.000115806,0,0.001528,1,0.00299727,0.000997434,0.0002625,1637.7
0,5701332,6,phononTS,0.000750395,9.79714e-05,-0.00208708,-0.0002625,1402.22,0.000382,1,-1.30833e-06,-0.00200376,0.0002625,1826.35
0,5706472,13,phononL,0.000420681,0.00179518,0.00146838,-0.000262498,341.064,0.000382,1,0.00199764,0.00200117,0.0002625,425.062
0,5707900,12,phononTF,0.00109561,-0.00181277,0.00379279,-0.000262498,2466.53,0.000382,1,-0.00100439,0.00299516,0.0002625,2680.77
0,5712214,2,phononTS,0.0061723,0.00199078,0.00198822,0.000141932,1697.42,0.001146,1,0.00199708,0.00199769,0.0002625,1787.82
0,5712485,23,phononTS,0.000382599,-0.00375338,0.00402525,-0.000262498,11951.5,0.000382,1,-0.00199865,0.00199705,0.0002625,12451.6
0,5714670,4,phononTS,0.000756067,0.00225583,2.17984e-05,-0.000262498,492.135,0.000382,1,0.00200443,-1.09216e-06,0.0002625,608.527
0,5716499,16,phononL,0.000956519,-0.000829161,0.0034052,-0.000262498,3937.92,0.000382,1,-0.00099573,0.00299673,0.0002625,4012.92
0,5723407,3,phononTS,0.00127006,0.00340097,0.000967443,-0.0002625,6.95475,0.000764,1,0.00299926,0.00100013,0.0002625,1255.76
0,5723841,10,phononTF,0.000586243,0.00283288,0.00115531,-0.0002625,529.085,0.000382,1,0.00300094,0.000995696,0.0002625,1019.4
0,5727254,12,phononTS,0.000454714,-0.00100124,0.000997819,0.0002625,6779.63,0.000454714,1,-0.00104109,0.00115099,-0.0002625,7630.91
0,5727289,5,phononTS,0.00139835,-0.00204465,-0.000107594,-0.0002625,1506.06,0.000382,1,-0.00199754,-2.85935e-06,0.0002625,4324.6
0,5729014,11,phononTF,0.00069252,9.0307e-05,0.00179633,-0.000262498,1211.47,0.000382,1,1.85187e-06,0.001999,0.0002625,1311.72
0,5731069,2,phononTS,0.00150163,-0.00205525,0.000546347,-0.0002625,38.6326,0.000382,1,-0.00200203,-2.21895e-06,0.0002625,2093.73
0,5733518,6,phononTS,0.00135311,-0.005,-0.0025548,1.79094e-06,5383.85,0.000382,1,-0.00199953,1.89872e-07,0.0002625,6298
0,5733591,7,phononTS,0.00108327,0.00296504,0.000961531,-0.0002625,1217.54,0.000764,1,0.00299626,0.0010041,0.0002625,2755.61
0,5735480,3,phononTS,0.00263682,0.00203322,0.00204402,-0.0002625,8.20434,0.000764,1,0.00199588,0.00199543,0.0002625,460.342
0,5738184,5,phononTS,0.000516359,0.00300193,0.000940621,-0.000262498,226.671,0.000382,1,0.00299572,0.000996254,0.0002625,317
0,5741919,10,phononTS,0.000612189,7.92128e-05,4.51478e-05,-0.0002625,1346.23,0.000382,1,-1.37953e-06,-3.45446e-06,0.0002625,2106.06
0,5752457,13,phononTF,0.000589396,-0.000629505,-0.000547171,-0.0002625,11680.1,0.000382,1,-0.00100258,-0.000996389,0.0002625,13873.6
0,5760867,8,phononTS,0.000462711,-0.00169145,1.58713e-05,-0.000262498,6820.09,0.000382,1,-0.00199675,3.53311e-06,0.0002625,6940.44
0,5763118,4,phononTS,0.00242079,0.00194148,0.00107015,-0.000262498,305.69,0.001528,1,0.00199768,0.00199775,0.0002625,519.258
0,5763544,18,phononTS,0.000662022,0.00303234,0.000992922,-0.000262498,722.479,0.000382,1,0.00300421,0.000995522,0.0002625,817.298
0,5763966,11,phononTF,0.000884075,0.0031765,0.00117462,-0.0002625,608.227,0.000382,1,0.00300386,0.00100047,0.0002625,1155.92
0,5764176,1,phononTS,0.01,0.00283722,0.00105507,0.000181107,0,0.001146,1,0.00300128,0.000998938,0.0002625,289.699
0,5766070,7,phononTF,0.000566852,-0.00208423,-6.24815e-05,-0.0002625,4196.27,0.000382,1,-0.00200273,-1.06582e-06,0.0002625,4882.74
0,5769346,7,phononTS,0.000945359,0.00118357,-0.000332441,-0.000262498,1401.93,0.000382,1,0.000998666,-0.000999564,0.0002625,1582.45
0,5779154,5,phononTS,0.000575262,0.000698582,8.75761e-05,-0.0002625,1288.36,0.000382,1,2.09196e-06,6.41805e-07,0.0002625,2832.3
0,5780175,30,phononTS,0.000414649,-1.46749e-07,-0.00199815,0.000262498,37691.3,0.000414649,1,-0.000226718,-0.000922522,-0.0002625,37936.2
0,5789942,7,phononTF,0.00138179,-0.00252693,0.00145902,-0.0002625,72.3896,0.000382,1,-0.00200057,0.00200297,0.0002625,3416.21
0,5791025,1,phononL,0.01,0.00267374,0.000852222,-0.000172148,0,0.00376175,1,0.00268881,0.000790441,-0.0002625,569.118
0,5791626,12,phononTF,0.000558596,0.00100343,-0.00100006,0.000262498,1807.36,0.000558596,1,0.00105372,-0.00104273,-0.0002625,1898.01
0,5793256,3,phononTS,0.00282191,0.00207465,-2.31239e-05,-4.7703e-05,3.19375,0.000764,1,0.00199941,4.35191e-06,0.0002625,339.577
0,5795078,3,phononTS,0.00259883,0.00285286,0.000959457,-0.0002625,184.848,0.000382,1,0.00299771,0.00100394,0.0002625,389.521
0,5798676,11,phononTF,0.000680976,0.00163499,0.000198393,-0.0002625,547.11,0.000382,1,0.00200189,1.1514e-06,0.0002625,1738.36
0,5799756,4,phononTF,0.000526571,0.00180372,0.00201421,-0.0002625,876.522,0.000382,1,0.00199887,0.00200483,0.0002625,1660.63
0,5803187,2,phononTF,0.00076622,0.00205231,0.00204455,-0.000262498,1582.36,0.000382,1,0.00199885,0.001995,0.0002625,1673.15
0,5811214,13,phononTF,0.000598458,-0.00265474,-0.00133884,-0.000262498,5451.81,0.000382,1,-0.00200363,-0.00199596,0.0002625,5634.06
0,5815029,4,phononTS,0.000821479,0.00297941,0.00098248,-0.000262498,180.423,0.000382,1,0.00299509,0.00100315,0.0002625,270.584
0,5818396,9,phononTS,0.000387341,-0.0029944,-0.000912793,-0.0002625,10825.8,0.000382,1,-0.00300134,-0.00100015,0.0002625,11124
0,5819106,19,phononTS,0.000419598,-0.000852099,-0.00104751,-0.0002625,10975.4,0.000382,1,-0.00100487,-0.00100331,0.0002625,11490
0,5820567,7,phononTS,0.000684087,0.00359037,0.000544586,-0.000262498,865.64,0.000382,1,0.00300248,0.00100479,0.0002625,1058.91
0,5820817,13,phononTF,0.000437045,0.00240151,0.00158163,-0.000262498,1396.75,0.000382,1,0.00199562,0.0019999,0.0002625,1530.98
0,5822585,1,phononTF,0.01,0.00289609,0.00111677,-0.000104505,0,0.003056,1,0.00300286,0.0010045,0.0002625,272.44
0,5828893,5,phononTS,0.00223357,0.00197407,2.22528e-05,-0.0002625,454.953,0.000382,1,0.00199674,-6.17902e-07,0.0002625,5527.12
0,5829553,2,phononTS,0.00208977,0.00286259,0.00102798,-0.0002625,68.4876,0.001146,1,0.00300387,0.000998222,0.0002625,477.01
0,5830506,9,phononL,0.000657163,0.000419237,-0.000250028,-0.000262498,3504.51,0.000382,1,0.00100078,0.00100115,0.0002625,3670.67
0,5835585,3,phononTS,0.00120093,0.00287766,0.00107525,-0.0002625,72.9693,0.000382,1,0.00299665,0.00100365,0.0002625,497.559
0,5836513,5,phononTS,0.000963727,0.00100347,0.000999424,0.0002625,3222.21,0.000735807,1,0.00107994,0.000966021,-0.0002625,3603.8
0,5837931,15,phononTS,0.000712528,-0.00295603,-0.00146504,-0.0002625,7706.67,0.000382,1,-0.00299779,-0.00100113,0.0002625,8737.64
0,5842736,12,phononTS,0.00139789,0.00205214,2.29618e-05,-0.0002625,1054.46,0.000764,1,0.00200125,4.24474e-06,0.0002625,1330.02
0,5845731,13,phononTS,0.000548959,0.0020039,-0.00199834,0.000262498,11763.3,2.04327e-05,1,0.00226985,-0.00199796,-0.0002625,11879
0,5846419,2,phononTS,0.00196749,0.00172841,0.00108025,-0.0002625,6.91388,0.000764,1,0.0010029,0.00100355,0.0002625,362.883
0,5848063,26,phononTS,0.000539534,-0.0026649,-0.00193504,-0.0002625,13000.8,0.000382,1,-0.0019985,-0.00199803,0.0002625,15143.8
0,5852307,3,phononTS,0.00305877,0.00300324,0.00100014,0.0002625,21.1628,0.00108014,1,0.00304464,0.000990797,-0.0002625,1426.71
0,5852676,12,phononTF,0.000556091,0.0011916,-0.00318844,-0.000262498,7938.83,0.000382,1,0.00100019,-0.00299619,0.0002625,8040
0,5853292,8,phononTF,0.00079077,0.00161685,0.005,-3.64163e-05,1585.74,0.00079077,1,0.00191641,0.00470132,-0.0002625,4672.59
0,5854858,11,phononTF,0.00079929,-8.02634e-07,0.00200124,0.000262499,2085.69,0.000564806,1,0.00345152,0.00227712,-0.0002625,2713.34
0,5855497,14,phononTF,0.000447698,0.00196076,-0.00176374,-0.0002625,1413.49,0.000382,1,0.00200275,-0.00200424,0.0002625,1721.17
0,5855497,3,phononTS,0.00290027,0.00221757,0.00115644,0.000262498,380.571,0.000779844,1,0.00225838,0.00134268,-0.0002625,487.126
0,5855702,6,phononTS,0.000874827,0.00100108,0.00100286,0.000262498,558.967,0.000592431,1,0.00147844,0.000963303,-0.0002625,701.506
0,5861163,11,phononTF,0.000670207,-0.00338123,-0.000629682,-0.0002625,3763.59,0.000382,1,-0.00300326,-0.00100036,0.0002625,4497.59
0,5865310,4,phononTS,0.000856983,-3.29601e-05,2.91765e-05,-0.0002625,122.774,0.000382,1,2.2673e-06,-1.57651e-06,0.0002625,757.829
0,5868561,16,phononTF,0.000498304,-0.000704007,0.0032865,-0.0002625,619.117,0.000382,1,-0.00100291,0.00299908,0.0002625,2230.89
0,5868986,2,phononTF,0.000571598,0.00192978,-0.00188103,-0.0002625,101.981,0.000382,1,0.00199822,-0.00200293,0.0002625,1668.27
0,5868987,1,phononTF,0.01,0.00172249,0.000942228,-0.00020747,0,0.00184333,1,0.00168611,0.000907129,-0.0002625,463.933
0,5877507,5,phononTS,0.00127196,0.00204422,-0.00019016,-0.000262498,3451.39,0.000382,1,0.00199833,-4.04502e-06,0.0002625,3557.85
0,5879826,2,phononTS,0.00172215,-0.00297237,-0.000131841,-0.000258393,21.8667,0.000764,1,-0.000999132,0.000996257,0.0002625,2258.85
0,5879836,9,phononTS,0.000863038,0.00232373,0.00157683,-0.000262498,666.494,0.000382,1,0.00199896,0.00200184,0.0002625,826.676
0,5887311,13,phononTF,0.00090371,-0.00134023,-0.000729615,-0.0002625,2916.42,0.000382,1,-0.00199771,-8.55346e-07,0.0002625,4448.74
0,5889746,6,phononTS,0.00102114,0.00346018,0.000420029,-0.000262498,1169.8,0.000382,1,0.00199626,0.00199937,0.0002625,1601.41
0,5890593,4,phononTS,0.00114015,0.00200444,0.00199668,0.000262498,967.615,0.000864223,1,0.00196091,0.00231931,-0.0002625,1089.83
0,5890593,2,phononTF,0.00236269,0.00243179,0.00115977,0.000262498,49.9498,0.000670177,1,0.00274493,0.000846809,-0.0002625,167.782
0,5890786,12,phononTS,0.000393723,0.00289713,0.000145128,-0.0002625,6782.9,0.000382,1,0.00300267,0.0010001,0.0002625,8051.23
0,5891472,17,phononTS,0.00043231,-0.00121263,1.49926e-05,-0.000262498,10249.7,0.000382,1,-0.00199514,1.07937e-06,0.0002625,10438.9
0,5892687,10,phononTS,0.000510656,-0.000412651,-0.000938412,-0.000262498,2132.53,0.000382,1,-0.00100118,-0.000996011,0.0002625,2290.53
0,5893131,3,phononTS,0.00108107,0.00136927,0.00104547,-0.0002625,4.75726,0.000382,1,0.00100498,0.000999969,0.0002625,514.511
0,5893415,5,phononTS,0.000466836,0.00349435,-0.000263174,-0.0002625,2616.19,0.000382,1,0.00299639,0.00100223,0.0002625,3492.01
0,5898302,26,phononTS,0.000434792,-0.00262841,0.00208255,-0.0002625,4279.56,0.000382,1,-0.00199504,0.00200454,0.0002625,6713.02
0,5900716,8,phononTF,0.000951852,-0.000741756,0.00125572,-0.0002625,2085.37,0.000764,1,-0.000997406,0.00100241,0.0002625,2848.13
0,5901667,5,phononTS,0.00160308,0.00226589,0.00148173,-0.0002625,1899.35,0.000382,1,0.000998729,0.0010036,0.0002625,2765.81
0,5910313,4,phononTS,0.000893718,-0.00199967,0.00199521,0.000262498,1049.39,8.73669e-05,1,-0.0014687,0.00203215,-0.0002625,1199.62
0,5914657,8,phononTS,0.000434395,0.00148282,0.000821734,-0.0002625,1600.98,0.000382,1,3.6078e-06,0.00200413,0.0002625,2600.79
0,5916457,17,phononTS,0.000836288,0.00270937,0.00104671,-0.000262498,826.284,0.000382,1,0.00300328,0.000998326,0.0002625,948.953
0,5927567,10,phononL,0.000608297,0.00101801,-0.000811924,-0.0002625,516.694,0.000382,1,0.00100469,-0.000995593,0.0002625,709.615
0,5929816,9,phononTS,0.000728052,-0.000822013,0.000600627,-0.0002625,387.486,0.000382,1,-0.00199651,7.63386e-07,0.0002625,1224.55
0,5944590,11,phononTF,0.000419711,0.0030032,0.0009998,0.000262498,12210.9,0.000419711,1,0.002089,0.001919,-0.0002625,12450.3
0,5944590,2,phononTF,0.0026069,0.000783217,0.005,8.94193e-05,11.7891,0.00105724,1,0.000445904,0.00467987,-0.0002625,873.53
0,5948938,4,phononTF,0.00238865,0.0016614,0.000238724,-0.0002625,453.519,0.000764,1,0.00100394,-0.00100283,0.0002625,994.166
0,5959822,4,phononTF,0.00141333,0.00279643,0.000805189,-0.0002625,1413.26,0.000764,1,0.00299781,0.00100073,0.0002625,1810.59
0,5971068,2,phononTS,0.00176477,0.00302023,0.000655723,2.4492e-05,86.037,0.000382,1,0.00300474,0.0010015,0.0002625,303.012
0,5971068,11,phononL,0.000910208,0.00300474,0.0010015,0.000262498,303.012,0.000377111,1,0.00327322,0.00127167,-0.0002625,374.786
0,5971514,4,phononTS,0.00161488,-0.000566513,0.00204142,-0.000262498,1235.14,0.000382,1,3.20443e-07,0.00199998,0.0002625,1390.2
0,5973927,3,phononTF,0.00191222,0.00420212,0.000421511,-0.0002625,154.416,0.000382,1,0.00299597,0.00100172,0.0002625,1066.86
0,5977648,2,phononTS,0.00172523,0.00297667,0.0016132,-0.0002625,803.557,0.000764,1,0.0029974,0.000999471,0.0002625,1119.62
0,5978911,7,phononTS,0.000851492,-0.00190953,-1.33972e-05,-0.000262498,2514.09,0.000382,1,-0.00200362,4.30327e-07,0.0002625,2613
0,5978911,3,phononTF,0.000651476,0.00254604,0.00122965,0.000262498,36.6719,0.000651476,1,0.00219075,0.00159972,-0.0002625,162.24
0,5980835,3,phononTS,0.000463642,-0.000106717,-0.00199916,-0.0002625,62.1301,0.000382,1,-2.96617e-06,-0.00200459,0.0002625,2466.04
0,5982767,10,phononTS,0.000634383,0.000970316,8.47513e-05,-0.000262498,1333.98,0.000382,1,0.000995705,-0.00100116,0.0002625,1567.77
0,5983623,6,phononTS,0.000698302,0.00194574,0.00207205,-0.000262498,973.925,0.000382,1,0.0020028,0.00200446,0.0002625,1074.92
0,5985102,13,phononTF,0.00161529,-0.000742624,0.000736173,-0.0002625,4104.43,0.000764,1,-0.00100082,0.000998316,0.0002625,4434.66
0,5987379,2,phononTS,0.00542866,0.000200961,6.88509e-05,-0.0002625,169.34,0.000764,1,2.3103e-06,-8.79931e-07,0.0002625,734.738
0,5991376,10,phononTS,0.000678695,0.000111733,0.00183639,-0.0002625,1384.12,0.000382,1,4.99724e-06,0.00199888,0.0002625,3822.23
0,5992559,10,phononTS,0.000539189,0.000960625,0.000904743,-0.0002625,370.818,0.000382,1,0.00100492,0.000999822,0.0002625,859.804
0,5996527,4,phononTS,0.00050559,-0.00107593,-0.000951374,-0.0002625,3684.22,0.000382,1,-0.00099654,-0.00100172,0.0002625,4949.21
0,5997256,7,phononTS,0.000558475,0.00185703,-0.000970672,-0.0002625,3291.48,0.000382,1,0.00200424,4.18939e-06,0.0002625,3867.03
0,6006528,29,phononTS,0.000425562,0.00300327,0.0010024,0.000262498,345.354,0.000425562,1,0.00301322,0.000972541,-0.0002625,437.467
0,6007667,6,phononTS,0.000585263,0.00311042,0.000932078,-0.0002625,544.945,0.000382,1,0.00299761,0.000998794,0.0002625,1039.91
0,6009507,9,phononTF,0.00053029,0.00229205,0.000283574,-0.000262498,314.025,0.000382,1,0.00200485,9.72429e-07,0.0002625,427.689
0,6012825,17,phononTS,0.000469862,0.00199782,2.18868e-06,0.000262498,2584.01,0.000469862,1,0.00195944,0.000304349,-0.0002625,2703.79
0,6014393,6,phononTS,0.000634826,-0.000481121,-0.00104441,-0.000262498,4762.92,0.000382,1,-2.97403e-06,-2.64548e-06,0.0002625,5012.21
0,6015002,10,phononTF,0.000938923,0.00188417,0.000119357,-0.0002625,3228.62,0.000382,1,0.00200376,-2.49e-06,0.0002625,4089.2
0,6016545,2,phononTF,0.00175992,0.0023574,0.00266424,-0.0002625,28.5711,0.000382,1,0.00199741,4.20167e-06,0.0002625,3110.26
0,6016545,11,phononTF,0.000609407,-0.005,0.00270431,0.000253163,3110.26,0.000609407,1,-0.00391813,0.005,0.000182563,4833.01
0,6016857,14,phononTS,0.00245892,0.00157619,-0.00188163,-0.0002625,1098.56,0.000382,1,0.00100218,-0.00300286,0.0002625,2170.29
0,6023105,11,phononTS,0.00104618,0.00014381,-0.000347296,-0.0002625,438.453,0.000382,1,-0.00100205,-0.00100481,0.0002625,1300.15
0,6024346,11,phononTF,0.00043618,-0.000420136,-0.00136007,-0.0002625,1600.69,0.000382,1,-0.00100074,-0.000995271,0.0002625,2379.71
0,6027346,7,phononTS,0.000396282,-0.00200022,0.00200098,0.000262498,7234.07,0.000396282,1,-0.00202928,0.00194757,-0.0002625,7323.4
0,6027346,2,phononTF,0.000594846,0.00281719,0.00113682,0.000262498,262.951,0.000594846,1,0.00299274,0.000966188,-0.0002625,362.145
0,6027347,1,phononTS,0.01,0.0030573,0.00143462,-0.000199622,0,0.00262889,1,0.00297409,0.00145187,-0.0002625,379.042
0,6027423,3,phononTF,0.0018838,-0.000343515,0.00261485,-0.0002625,61.3511,0.001146,1,-3.1765e-06,0.00200234,0.0002625,2115.28
0,6029940,7,phononTF,0.00118166,0.00389506,0.00170549,-0.0002625,241.847,0.000382,1,0.00100438,-0.00299626,0.0002625,1764.9
0,6030445,4,phononTF,0.00245907,0.0021317,0.00176455,-0.0002625,180.763,0.000382,1,0.00200472,0.00200236,0.0002625,597.455
0,6030445,7,phononTF,0.000450278,0.00200472,0.00200236,0.000262498,597.455,0.000450278,1,0.00144789,0.00219078,-0.0002625,746.458
0,6030840,4,phononTF,0.000773968,0.00184958,0.00215764,-0.0002625,2096.51,0.000382,1,0.00199843,0.00200068,0.0002625,2574.76
0,6032722,19,phononTF,0.000393483,-0.00146319,-0.000662847,-0.0002625,16256,0.000382,1,-0.00100438,-0.000996639,0.0002625,16650.9
0,6043378,6,phononTF,0.000382543,-0.00067205,0.00274646,-0.0002625,1473.98,0.000382,1,-0.00100214,0.00300449,0.0002625,1826.88
0,6045633,21,phononTF,0.000749063,0.00163078,-0.00161715,-0.0002625,4763.65,0.000382,1,0.00100012,-0.000998178,0.0002625,7023.19
0,6046068,3,phononL,0.00158697,0.00132013,0.00122236,-0.0002625,259.227,0.000382,1,0.00100453,0.000999399,0.0002625,545.92
0,6048007,10,phononTF,0.000556225,-0.00109946,0.00310088,-0.0002625,5291.14,0.000382,1,-0.000999195,0.00299551,0.0002625,5943.9
0,6048241,9,phononTS,0.000690773,7.55656e-05,-0.00180789,-0.000262498,4170.35,0.000382,1,1.87349e-06,-0.00200483,0.0002625,4283.95
0,6052049,14,phononTF,0.000684809,-0.000706894,-0.00129154,-0.0002625,9863.01,0.000382,1,-0.000998232,-0.000999054,0.0002625,10434.7
0,6053164,11,phononTS,0.000553795,0.00195783,7.77069e-05,-0.000262498,7807.62,0.000382,1,0.00200153,4.9722e-06,0.0002625,7908.09
0,6053805,11,phononTF,0.000595667,-0.00215859,0.00215232,-0.000262498,11272.4,0.000382,1,-0.00200449,0.00199702,0.0002625,11369.9
0,6054047,8,phononTS,0.000477464,0.00348098,0.00148659,-0.000262498,1359.28,0.000382,1,0.00299774,0.00100331,0.0002625,1542.76
0,6054235,4,phononTF,0.000951726,0.00133684,-0.00133408,-0.0002625,1161.45,0.000764,1,0.00100165,-0.00100033,0.0002625,2394.23
0,6058987,8,phononTF,0.000939555,9.51717e-05,0.00190196,-0.000262498,1391.84,0.000382,1,-4.24458e-07,0.00200079,0.0002625,1484.75
0,6061014,4,phononTS,0.00180169,0.00212865,0.00164516,-0.0002625,138.918,0.000382,1,0.00199682,0.00199811,0.0002625,972.781
0,6061014,7,phononTF,0.00120174,0.00199682,0.00199811,0.000262498,972.781,0.000583049,1,0.00172976,0.00223944,-0.0002625,1082.72
0,6063019,9,phononTS,0.00041137,-0.0011514,-0.00206874,-0.000262498,10673.5,0.000382,1,-0.00200173,-0.00199545,0.0002625,10870.9
0,6066506,15,phononTS,0.000552068,0.00410188,0.000468583,-0.0002625,2757.95,0.000382,1,0.00200252,2.75763e-06,0.0002625,5757.52
0,6066507,1,phononTS,0.01,0.00275497,0.000866772,-4.31683e-05,0,0.00354657,1,0.00273651,0.000987762,-0.0002625,776.914
0,6066646,10,phononTF,0.000570729,0.00145147,0.000861359,-0.0002625,388.943,0.000382,1,0.000995192,0.00100286,0.0002625,1002.34
0,6072022,5,phononTS,0.00124239,0.00300297,0.00044176,-0.000262498,196.873,0.000382,1,0.00299999,0.000997006,0.0002625,345.882
0,6072777,3,phononTS,0.000382441,0.00190059,0.000352928,-0.0002625,210.498,0.000382,1,0.00199801,-4.46228e-06,0.0002625,610.324
0,6074471,4,phononTF,0.00160959,0.00234374,0.00165257,-0.0002625,49.4077,0.000764,1,0.00200177,0.00200007,0.0002625,294.967
0,6078200,9,phononL,0.000486031,0.00259868,0.000112143,-0.0002625,5206.75,0.000382,1,0.00199963,-3.24533e-06,0.0002625,5466.46
0,6078200,2,phononTS,0.00440388,0.0035521,0.00251498,-0.000208107,477.544,0.00244585,1,0.00347427,0.0026847,-0.0002625,986.129
0,6079632,16,phononTS,0.000468009,-0.00234647,-0.000996646,-0.0002625,4896.43,0.000382,1,-0.0020044,-0.00200086,0.0002625,5619.13
0,6080296,6,phononTS,0.000569112,0.0026384,0.00208463,-0.0002625,1453.6,0.000382,1,0.00300181,0.00100159,0.0002625,2733.7
0,6090102,4,phononTS,0.00250885,0.00204695,-3.83347e-05,-0.0002625,269.252,0.000382,1,0.00200396,-1.17765e-06,0.0002625,894.509
0,6092558,22,phononTF,0.000624029,0.00157849,0.00156758,-0.0002625,2638.22,0.000382,1,0.00100245,0.00100045,0.0002625,6017.43
0,6093006,11,phononTF,0.000703613,0.00219672,0.00180077,-0.0002625,562.633,0.000382,1,0.00199619,0.00200068,0.0002625,868.986
0,6099480,11,phononTS,0.000486989,0.00301134,0.00105162,-0.0002625,1477.65,0.000382,1,0.00300149,0.00100339,0.0002625,1929.38
0,6099480,2,phononTS,0.00218398,0.005,0.0026748,-0.000221142,6.04308,0.00102591,1,0.00491973,0.00271966,-0.0002625,590.815
0,6099480,12,phononTF,0.0010789,0.00491973,0.00271966,-0.000262498,590.815,0.0010789,1,0.005,0.00279719,-8.26572e-05,627.05
0,6100177,4,phononTF,0.000592522,0.00130761,0.00114991,-0.0002625,370.921,0.000382,1,0.000995569,0.00100089,0.0002625,709.909
0,6104569,16,phononTF,0.000658276,-0.000999097,-0.00100362,0.000262498,6203.07,0.000658276,1,-0.00154268,-0.0004488,-0.0002625,6364.18
0,6107166,4,phononTS,0.000956803,0.00218775,0.00132368,-0.0002625,173.143,0.000382,1,0.00200081,0.00200202,0.0002625,1634.72
0,6115585,12,phononTS,0.000516654,0.00195949,0.00103031,-0.000262498,1116.37,0.000382,1,2.22886e-06,4.43329e-06,0.0002625,1554.65
0,6117519,11,phononTS,0.000522327,0.000702911,-0.00327646,-0.0002625,13562.9,0.000382,1,1.19964e-06,-0.00199507,0.0002625,14458.7
0,6117519,3,phononL,0.00258218,0.00232864,0.00169581,-8.66771e-05,129.803,0.00104835,1,0.00249468,0.00176441,-0.0002625,247.534
0,6118708,5,phononTS,0.000468525,-0.000299472,0.00101849,-0.0002625,113.155,0.000382,1,-0.00100142,0.00100325,0.0002625,984.629
0,6119131,6,phononL,0.000484457,0.00193677,-0.00044598,-0.0002625,436.509,0.000382,1,0.00199681,3.59529e-06,0.0002625,1808.31
0,6120591,6,phononTS,0.000602686,0.00299101,0.000996806,-0.000262498,329.395,0.000382,1,0.00300274,0.00100411,0.0002625,419.786
0,6126366,3,phononTF,0.00159906,0.00294056,0.00103034,-0.000262498,517.679,0.000764,1,0.00299608,0.0010018,0.0002625,608.394
0,6127387,13,phononTS,0.00115678,0.00299723,0.000995212,0.000262498,333.772,0.000870097,1,0.00323582,0.000944148,-0.0002625,450.318
0,6128648,13,phononTS,0.000567672,0.000998918,0.00100361,0.000262498,18401.9,0.000567672,1,0.00103247,0.00105922,-0.0002625,18496.9
0,6128648,2,phononL,0.00090091,0.0024471,0.00115146,0.000262498,103.318,0.00030299,1,0.0021652,0.00240587,-0.0002625,255.18
0,6131029,5,phononTF,0.000955902,0.00247169,-0.00150131,-0.000262498,7357.78,0.000382,1,-6.37234e-07,-0.00200192,0.0002625,7824.27
0,6135296,4,phononTF,0.000583828,0.00255048,0.000721334,-0.000262498,599.61,0.000382,1,0.00199514,3.59408e-06,0.0002625,784.244
0,6135968,8,phononTS,0.000747556,0.00275891,0.00152537,-0.000262498,144.812,0.000382,1,0.00200143,2.11012e-06,0.0002625,496.377
0,6137872,2,phononL,0.000583754,0.00241959,0.0012289,-0.000262498,317.554,0.000382,1,0.00199758,0.00199552,0.0002625,430.55
0,6144309,16,phononL,0.000639943,0.00125433,-0.00280691,-0.0002625,11061.8,0.000382,1,0.0010029,-0.0030048,0.0002625,11268.2
0,6145963,8,phononTF,0.000420382,0.00268175,0.00130558,-0.0002625,403.116,0.000382,1,0.00299564,0.00100478,0.0002625,752.97
0,6146059,8,phononTF,0.000394316,0.0022736,0.000263837,-0.000262498,3195.29,0.000382,1,0.00200093,2.72441e-06,0.0002625,3305.93
0,6146630,3,phononTS,0.00451127,0.00254243,0.00131696,-0.000208306,126.076,0.001528,1,0.00299754,0.00100082,0.0002625,280.955
0,6146630,6,phononL,0.000572364,0.00299754,0.00100082,0.000262498,280.955,0.000572364,1,0.00300006,0.000651096,-0.0002625,350.858
0,6147370,24,phononTS,0.000605668,-0.005,-0.00300737,0.000197221,1750.26,0.000605668,1,-0.00103073,0.000493959,-0.0002625,5608.22
0,6147748,4,phononTF,0.00145733,0.0026549,0.00134483,-0.0002625,364.13,0.000382,1,0.00299524,0.000999149,0.0002625,731.216
0,6149437,7,phononTS,0.000488988,-0.00200225,0.00199769,0.000262498,9341.09,0.000488988,1,-0.000245038,-1.11471e-05,-0.0002625,9837.84
0,6149437,3,phononTF,0.00188135,0.00249298,0.00120139,0.000262498,4.92877,0.000474319,1,0.00227888,0.00119218,-0.0002625,105.826
0,6150869,21,phononTF,0.000731197,-0.00103434,0.000680829,-0.0002625,8581.39,0.000382,1,-0.000999208,0.000998935,0.0002625,9145.5
0,6151712,3,phononTF,0.00284879,0.00360457,0.00216743,-0.0002625,45.931,0.000382,1,-0.000998563,-0.000995046,0.0002625,1547.42
0,6152157,13,phononTS,0.000580374,-0.00198311,-5.74409e-07,-0.000262498,14108.6,0.000382,1,-0.00199768,2.33426e-06,0.0002625,14202.6
0,6152346,6,phononTF,0.000762464,0.00136578,-0.00263137,-0.0002625,1734.95,0.000382,1,0.001996,-0.00200018,0.0002625,4206.05
0,6157885,7,phononL,0.000981002,0.00243636,0.00181424,-0.0002625,948.169,0.000382,1,0.0020011,0.00200196,0.0002625,1179.58
0,6164905,5,phononTS,0.000765008,0.00100174,-0.00300495,-0.000262498,663.947,0.000382,1,0.00100451,-0.0029978,0.0002625,756.412
0,6165955,19,phononTS,0.00132421,-0.00199027,0.000448864,-0.0002625,5215.17,0.000382,1,-0.000995602,-0.00099983,0.0002625,7921.03
0,6170052,35,phononL,0.000428276,0.00117734,0.000510803,-0.000262498,10125.4,0.000382,1,0.000997696,0.000999631,0.0002625,10205.7
0,6172725,20,phononTS,0.000389968,0.000955992,-0.00102664,-0.0002625,8623.92,0.000382,1,0.000999627,-0.000996434,0.0002625,9070.72
0,6173211,9,phononL,0.000393472,0.00274833,0.000960357,-0.0002625,422.481,0.000382,1,0.00300031,0.000996002,0.0002625,617.806
0,6173635,4,phononTS,0.000840438,0.00287204,0.00103955,-0.0002625,509.231,0.000382,1,0.00300007,0.000995824,0.0002625,1707.97
0,6178559,11,phononTF,0.00147561,0.005,-0.000800277,0.000101384,2119.57,0.000764,1,0.00299784,0.00100393,0.0002625,3939.7
0,6181066,3,phononTS,0.000802795,0.00105322,0.0010042,-0.0002625,77.1983,0.000382,1,0.000999703,0.00100011,0.0002625,753.045
0,6181889,2,phononTF,0.000591769,0.000821963,-0.000827999,-0.0002625,40.7924,0.000382,1,0.00100454,-0.00100161,0.0002625,820.386
0,6183589,11,phononL,0.000418099,-0.00324372,-0.000573489,-0.0002625,5484.42,0.000382,1,-0.00299597,-0.00100248,0.0002625,5789.64
0,6187177,2,phononTS,0.000940415,0.000930035,-0.00175647,-0.0002625,158.725,0.000382,1,0.000995335,-0.00100381,0.0002625,7361.89
0,6187946,7,phononTS,0.000608677,0.00354006,0.00076596,-0.000262498,925.836,0.000382,1,0.000998703,-0.00100426,0.0002625,1523.33
0,6197693,3,phononTF,0.000412492,0.00125308,0.000595606,-0.0002625,10.1122,0.000382,1,3.79781e-06,-4.00058e-06,0.0002625,547.988
0,6197693,2,phononTS,0.00128158,0.00250236,0.00119521,0.000262498,10.1122,0.000253944,1,0.00246721,0.00124616,-0.0002625,104.726
0,6198017,8,phononTS,0.0021661,0.00104922,0.00102462,-0.000262499,683.251,0.000382,1,0.00100034,0.000996657,0.0002625,772.685
0,6198017,9,phononTS,0.00126011,0.00100034,0.000996657,0.000262498,772.685,0.00126011,1,0.00220371,0.00206516,-0.0002625,1110.33
0,6199219,3,phononTF,0.00281729,0.00210014,0.00168706,-0.0002625,498.611,0.001146,1,0.00199939,0.00200205,0.0002625,724.229
0,6200550,15,phononTS,0.000507635,0.00325911,0.000916898,-0.000262498,973.758,0.000382,1,0.00299972,0.00100434,0.0002625,1094.92
0,6200655,8,phononTF,0.00075849,0.00250062,0.00250589,-0.0002625,2380.99,0.000382,1,-2.08433e-06,-1.7124e-07,0.0002625,6413.89
0,6206790,3,phononTS,0.00182279,0.00251534,0.000833227,-0.000262498,288.13,0.001146,1,0.00100377,-0.00100245,0.0002625,737.923
0,6207217,15,phononTS,0.000570549,0.002321,0.00220349,-0.0002625,760.276,0.000382,1,0.00199711,0.00200023,0.0002625,1119.37
0,6209068,1,phononTF,0.01,0.0029898,0.00104914,0.000245524,0,0.003056,1,0.00299767,0.00099709,0.0002625,199.843
0,6212033,4,phononTS,0.00118334,-0.00204022,0.00196918,-0.0002625,579.093,0.000382,1,-0.00200009,0.00200474,0.0002625,3058.51
0,6214332,3,phononL,0.00288719,0.00200036,0.0022138,2.06227e-05,126.925,0.000764,1,0.00200211,0.00199938,0.0002625,418.768
0,6215135,7,phononTF,0.000814566,0.00140578,0.000970339,-0.000262498,1864.6,0.000382,1,0.0020004,3.99338e-06,0.0002625,2088.87
0,6216572,9,phononTS,0.0014066,0.000989896,0.000362699,-0.0002625,6723.78,0.000382,1,0.000998821,0.00100461,0.0002625,7225.28
0,6216964,11,phononTS,0.0013519,-0.00199686,0.00200233,0.0002625,4613.82,0.000876015,1,-0.00259946,0.00319821,-0.0002625,5912.59
0,6219026,8,phononTF,0.00109549,0.000707616,-0.00329137,-0.0002625,1955.53,0.000382,1,0.00100483,-0.00300068,0.0002625,2347.87
0,6224263,18,phononTS,0.00138347,0.00417459,-0.00195714,-0.000262498,3268.1,0.000382,1,0.000996762,0.00100364,0.0002625,4083.35
0,6225208,2,phononTF,0.000680855,0.00311513,0.000894474,-0.0002625,1124.28,0.000382,1,0.00300243,0.00100257,0.0002625,1405.56
0,6227778,4,phononTF,0.0018075,0.00290687,0.000920472,-0.0002625,723.57,0.000382,1,0.00299652,0.00100001,0.0002625,1119.8
0,6232590,12,phononL,0.000402085,-0.00180733,0.000597873,-0.0002625,5160.72,0.000382,1,-0.00199883,-3.86014e-06,0.0002625,5426.99
0,6232912,22,phononTF,0.000641876,0.000739655,0.00101406,-0.0002625,2507.02,0.000382,1,0.00100439,0.000997963,0.0002625,2825.83
0,6234809,16,phononTS,0.000522116,0.00296961,0.00104245,-0.000262498,9807.99,0.000382,1,0.00300333,0.000998632,0.0002625,9905.72
0,6236918,13,phononTF,0.000645793,-0.000737851,0.00273417,-0.0002625,7220.3,0.000382,1,-0.00099581,0.00300255,0.0002625,10606.2
0,6241625,15,phononTF,0.000468625,-0.00299648,-0.000998931,0.0002625,1505.27,0.000468625,1,-0.00248495,-0.00152282,-0.0002625,2496.28
0,6248092,11,phononL,0.000808657,0.00213291,-0.00131039,-0.0002625,313.343,0.000382,1,0.00200268,-0.00200466,0.0002625,786.158
0,6252074,7,phononTS,0.000467129,1.45106e-05,0.000896784,-0.0002625,1207.03,0.000382,1,-0.000998068,0.00100129,0.0002625,1894.46
0,6252085,15,phononTF,0.000574582,-0.00200056,0.00200207,0.000262498,13896.3,0.000574582,1,-0.00197549,0.00217905,-0.0002625,13993.9
0,6254411,4,phononTF,0.00154592,0.00212913,7.84205e-05,-0.0002625,52.9895,0.000764,1,0.00200207,4.45794e-06,0.0002625,860.383
0,6254411,5,phononTF,0.000456826,0.00200207,4.45794e-06,0.000262498,860.383,0.000456826,1,0.00232136,0.000336368,-0.0002625,979.872
0,6255275,4,phononTS,0.000676784,0.00197302,3.97693e-05,-0.0002625,741.453,0.000382,1,0.00200172,1.6696e-06,0.0002625,1237.7
0,6259524,4,phononTS,0.000448529,0.00294689,0.00103172,-0.0002625,9.58657,0.000382,1,0.00299875,0.000999025,0.0002625,417.511
0,6261066,11,phononTF,0.000551172,0.0012367,-0.00324419,-0.0002625,9101.01,0.000382,1,0.00100499,-0.00300406,0.0002625,9430.44
0,6261711,5,phononTS,0.000603977,0.00167696,0.00163411,-0.0002625,992.485,0.000382,1,0.00200492,0.00199785,0.0002625,1453.28
0,6263616,3,phononTS,0.00220221,0.00160122,0.000954542,-0.0002625,274.682,0.000382,1,0.000999907,0.00100457,0.0002625,594.534
0,6273734,4,phononTS,0.000479818,0.00288062,0.00103637,-0.0002625,14.4136,0.000382,1,0.00300085,0.000999693,0.0002625,430.073
0,6280944,6,phononTS,0.000490522,0.00297916,0.00102149,-0.0002625,237.739,0.000382,1,0.00299855,0.00100289,0.0002625,1047.7
0,6288978,6,phononTS,0.0010927,0.00200296,-0.00200268,0.000262498,2891.93,0.000239151,1,0.000935608,-0.0023365,-0.0002625,3139.49
0,6291996,4,phononTS,0.00154858,0.001205,-0.000123452,-0.0002625,1007.88,0.000764,1,0.000995276,-0.00100053,0.0002625,1525.42
0,6292798,5,phononTF,0.000436253,-0.000129792,-0.00188408,-0.0002625,207.17,0.000382,1,-4.22645e-06,-0.00200384,0.0002625,1118.24
0,6297861,5,phononTS,0.00138032,0.00100092,0.000999352,0.0002625,49.6358,0.00071369,1,0.000290133,0.000954311,-0.0002625,588.086
0,6299998,6,phononTS,0.000855961,0.00204177,0.00197351,-0.000262498,769.965,0.000382,1,0.00199998,0.0020023,0.0002625,862.796
0,6300018,3,phononTF,0.0027319,0.00282663,0.00108446,-0.0002625,199.928,0.000764,1,0.00300214,0.00100174,0.0002625,395.569
0,6302478,16,phononTF,0.000500438,0.00147826,0.0034811,-0.000262498,6581.43,0.000382,1,1.99318e-06,0.00200369,0.0002625,6950.11
0,6304458,8,phononTS,0.00120995,0.00204469,0.00196951,-0.000262498,741.803,0.000382,1,0.00199659,0.00200081,0.0002625,834.52
0,6306488,15,phononTF,0.000977249,-0.00199641,-1.99323e-06,0.0002625,3502.01,0.000359078,1,-0.00367957,-0.000990974,-0.0002625,4218.4
0,6306747,26,phononTS,0.00077841,-0.00201501,-0.00422655,-0.0002625,7163.1,0.000382,1,2.36664e-06,-0.00200252,0.0002625,8099.57
0,6310338,9,phononTS,0.000717225,0.000907906,-0.00137327,-0.0002625,3445.21,0.000382,1,1.87702e-06,2.95725e-06,0.0002625,5561.55
0,6311043,5,phononTF,0.00257117,-0.000551646,0.00234999,-0.00021913,1055.5,0.001146,1,-0.00100384,0.00299744,0.0002625,2904.83
0,6311738,8,phononTS,0.000499816,0.00251068,0.00300493,-0.0002625,900.513,0.000382,1,0.00200364,0.00200047,0.0002625,1671.82
0,6317641,3,phononTF,0.00223357,0.000127252,0.00187454,-0.0002625,1698.17,0.000382,1,-1.35053e-06,0.00199683,0.0002625,2143.74
0,6318767,2,phononTF,0.000852872,0.00199833,0.00200048,0.0002625,246.803,0.000328164,1,0.00142217,0.00254948,-0.0002625,856.543
0,6319935,10,phononTS,0.000869675,3.57381e-06,0.000145724,-0.0002625,3417.53,0.000382,1,3.20712e-06,-4.56835e-06,0.0002625,3919
0,6319935,11,phononTS,0.000456341,3.20712e-06,-4.56835e-06,0.000262498,3919,0.000456341,1,1.43207e-05,0.000661741,-0.0002625,4090.5
0,6324588,4,phononTS,0.000632314,0.00205263,0.00201452,-0.0002625,20.8374,0.000382,1,0.00200137,0.00200235,0.0002625,534.32
0,6325278,5,phononTF,0.000548647,0.00130022,-0.00259867,-0.000262498,6434.83,0.000382,1,-0.00299587,-0.00099991,0.0002625,7244.64
0,6325498,15,phononTS,0.000671832,-0.000995179,0.00299814,0.0002625,6609.76,7.84741e-05,1,-0.000974026,0.00302357,-0.0002625,6972.41
0,6331226,14,phononTS,0.00043458,-0.001215,0.000205059,-0.000262498,6684.38,0.000382,1,-0.000996093,0.00100446,0.0002625,6886.37
0,6331569,2,phononTS,0.000875372,0.00296587,0.001003,-0.0002625,227.363,0.000382,1,0.0029995,0.00100104,0.0002625,893.371
0,6331570,1,phononTS,0.01,0.00284583,0.000795049,-0.000204578,0,0.00369663,1,0.00284863,0.000788017,-0.0002625,476.242
0,6334381,1,phononTF,0.01,0.0020156,0.00201698,0.000217556,0,0.003056,1,0.00199622,0.00199665,0.0002625,436.732
0,6334774,2,phononTS,0.0017423,0.00105275,0.000486311,-0.0002625,238.078,0.000382,1,0.00100483,0.00100072,0.0002625,7144.69
0,6335928,8,phononTS,0.000752723,0.00275934,0.00128219,-0.0002625,793.796,0.000382,1,0.00300221,0.00100188,0.0002625,1408.88
0,6336441,4,phononTS,0.00109699,0.00299025,0.00103788,-0.0002625,100.361,0.000764,1,0.00300093,0.00099544,0.0002625,552.837
0,6337928,5,phononTS,0.000850184,0.005,-0.00127545,5.18492e-05,129.62,0.000382,1,0.00199746,-5.06545e-07,0.0002625,1784.12
0,6338498,4,phononL,0.00281392,0.00390669,-0.00196723,-0.0002625,516.392,0.001146,1,0.00199929,-0.00200047,0.0002625,1718.51
0,6338498,6,phononTF,0.000626525,0.00199929,-0.00200047,0.000262498,1718.51,0.000626525,1,0.00174003,-0.00170064,-0.0002625,1832.62
0,6338498,5,phononTF,0.00067835,0.00199929,-0.00200047,0.000262498,1718.51,0.00067835,1,0.00221165,-0.00177798,-0.0002625,1823.11
0,6339113,10,phononTF,0.000479523,0.000323483,-0.00368937,-0.000262498,11703.2,0.000382,1,0.000995067,-0.00300048,0.0002625,11890.7
0,6339113,2,phononTF,0.000668679,0.00247366,0.00120785,0.000262498,20.5007,0.000668679,1,0.00267471,0.00100752,-0.0002625,122.673
0,6348829,3,phononL,0.00299335,0.00197049,-0.00201751,0.000203834,246.014,0.000382,1,0.00199881,-0.00200445,0.0002625,1385.83
0,6351109,2,phononTS,0.00829905,0.00300046,0.000992682,0.000156192,589.958,0.001146,1,0.00299576,0.00100354,0.0002625,688.3
0,6351528,16,phononTS,0.00041567,-0.0013211,0.000961359,-0.000262498,3575.94,0.000382,1,-0.000998623,0.00100236,0.0002625,3698.2
0,6354766,3,phononTS,0.000618698,0.00295974,0.00101645,-0.0002625,70.0476,0.000382,1,0.0030041,0.000996036,0.0002625,1587.87
0,6357465,9,phononTF,0.000442009,0.00017941,0.00185558,-0.0002625,4870.44,0.000382,1,-2.07133e-06,0.00200445,0.0002625,5565.72
0,6359232,5,phononTS,0.00131804,0.00223184,0.00103953,-0.000262498,161.768,0.000382,1,0.00299527,0.00100187,0.0002625,346.435
0,6360436,6,phononTS,0.000490286,0.00278522,0.00101397,-0.0002625,2326.72,0.000382,1,0.00299544,0.000999343,0.0002625,2911.91
0,6360712,6,phononTS,0.00212506,0.00119509,-0.00102828,-0.0002625,1948.09,0.000382,1,0.0010037,-0.00100428,0.0002625,2278.02
0,6361865,11,phononTF,0.00265673,0.00130283,-0.000714094,-0.0002625,622.341,0.000382,1,0.00100213,-0.00100165,0.0002625,1195.33
0,6364216,6,phononTS,0.000670933,4.6048e-06,0.00199621,0.0002625,446.643,0.000670933,1,-0.00159525,0.00258919,-0.0002625,1742.57
0,6366391,4,phononL,0.00141981,0.000596592,-0.000917404,-0.000262498,769.776,0.000382,1,0.000998132,-0.000997482,0.0002625,842.73
0,6369515,4,phononL,0.00138548,0.00133099,-0.00296169,-0.000262498,1462.06,0.000382,1,0.00100156,-0.00300402,0.0002625,1531.2
0,6371416,17,phononL,0.000627218,0.00100098,0.00100245,0.000262498,2696.5,0.000627218,1,0.00122202,0.000535598,-0.0002625,2776.68
0,6371568,2,phononTS,0.00057059,0.000335607,0.00239365,-0.0002625,57.8356,0.000382,1,0.000999508,0.000999226,0.0002625,1923.44
0,6371569,1,phononTS,0.01,0.00258066,0.000925887,-0.000224198,0,0.0019344,1,0.00259012,0.000925109,-0.0002625,173.951
0,6372213,7,phononTS,0.00120171,-1.30253e-05,0.00280879,-0.0002625,2580.49,0.000382,1,4.0859e-07,0.00199898,0.0002625,9367.08
0,6374071,3,phononTF,0.00257,-0.00312534,-0.000862932,-0.0002625,9.7309,0.001146,1,-0.0029974,-0.00100243,0.0002625,3072.7
0,6375019,11,phononTF,0.000479689,0.00218486,0.00218884,-0.000262498,1845.11,0.000382,1,0.0020005,0.00200231,0.0002625,1945.76
0,6375303,5,phononTS,0.00198459,0.0027684,0.00110384,-0.0002625,23.0161,0.000764,1,0.00300294,0.000996267,0.0002625,262.813
0,6376985,16,phononTS,0.000574113,-0.000253599,-0.00195299,-0.000262498,5005.78,0.000382,1,-3.30345e-06,-0.00199757,0.0002625,5119.33
0,6382837,14,phononTS,0.00144168,0.00304534,0.00104072,-0.000262498,222.358,0.000764,1,0.00299633,0.00100316,0.0002625,311.493
0,6382838,1,phononL,0.01,0.00252725,0.000801549,-0.000258895,0,0.00303365,1,0.00253648,0.000800593,-0.0002625,260.041
0,6384025,31,phononTF,0.000388346,0.000215744,-0.000238133,-0.0002625,1078.59,0.000382,1,2.68689e-06,1.6317e-06,0.0002625,1903.16
0,6385362,4,phononTS,0.00103339,-0.000346179,0.005,6.33005e-06,501.086,0.000382,1,0.00199903,0.00199592,0.0002625,3509.53
0,6391704,17,phononTS,0.00042515,0.00214187,0.005,-0.000232526,1580.27,0.00042515,1,0.00217038,0.00499661,-0.0002625,2291.38
0,6392149,6,phononTS,0.00114128,0.00219594,0.000956275,-0.000262498,470.707,0.000382,1,0.000998189,0.00100329,0.0002625,742.5
0,6392149,7,phononTS,0.000575164,0.000998189,0.00100329,0.000262498,742.5,0.000575164,1,0.000736349,0.000183696,-0.0002625,950.291
0,6392228,18,phononTS,0.000523817,0.000706109,-0.000218,-0.000262498,6953.06,0.000382,1,0.00100155,0.00100403,0.0002625,7225.26
0,6392229,1,phononTS,0.01,0.0018227,0.000738636,-0.000235378,0,0.00488242,1,0.00182013,0.000736859,-0.0002625,853.015
0,6392947,2,phononTF,0.00688045,0.00276725,0.00119357,0.000182525,82.336,0.001528,1,0.00300207,0.00100343,0.0002625,136.611
0,6395437,15,phononTS,0.000450471,-0.00199559,-0.00199901,0.000262498,3998.37,0.000450471,1,-0.00196649,-0.0024337,-0.0002625,4135.5
0,6397978,4,phononTS,0.00115932,0.00278998,0.000829288,-0.000262499,402.935,0.000382,1,0.00300341,0.000999161,0.0002625,525.719
0,6405090,13,phononTF,0.000514022,0.00149656,0.00252224,-0.000262498,3054.15,0.000382,1,0.00200455,0.00199687,0.0002625,3208.09
0,6405303,2,phononTS,0.00130193,0.00209929,0.00119629,-0.0002625,161.917,0.000382,1,0.00200415,0.00200297,0.0002625,556.794
0,6411577,4,phononTS,0.00139572,0.000170205,-0.00192436,-0.0002625,1309.05,0.000382,1,1.62557e-07,-0.00200367,0.0002625,2254.2
0,6418428,9,phononTS,0.000789222,0.000997568,0.000999448,0.000262499,3673.67,0.000153872,1,-0.0011861,0.0041525,-0.0002625,4399.62
0,6437569,12,phononL,0.000383945,5.55505e-05,-0.000437934,-0.0002625,5156.33,0.000382,1,1.6826e-06,-0.00200124,0.0002625,6287.26
0,6439944,9,phononTF,0.00144652,0.00232695,-0.00175,-0.0002625,1399.47,0.000382,1,0.00200215,-0.0019962,0.0002625,2340.26
0,6440018,11,phononTF,0.000431633,0.000268194,-0.00224166,-0.000262498,1032.11,0.000382,1,1.68079e-06,-0.00199988,0.0002625,1142.01
0,6440090,10,phononTS,0.000536323,0.00199627,-0.00199956,0.000262498,2447.44,0.000536323,1,0.00194529,-0.00196927,-0.0002625,2536.77
0,6441519,12,phononTS,0.000524528,0.00259841,0.000937184,-0.0002625,795.406,0.000382,1,0.00299844,0.00100129,0.0002625,2909.17
0,6442617,11,phononTF,0.000576001,0.0019956,0.00199953,0.0002625,596.464,0.000576001,1,0.00216714,0.00216359,-0.0002625,793.694
0,6446988,15,phononTF,0.00105457,0.00200046,4.60308e-06,0.0002625,860.515,0.000396943,1,0.00151073,0.000491018,-0.0002625,1900.16
0,6449446,7,phononTF,0.00100925,0.00256999,0.000310283,-0.000262498,412.011,0.000382,1,0.00199758,-3.32681e-06,0.0002625,565.159
0,6453040,9,phononL,0.000967256,0.00316096,0.000439043,-0.000262498,2839.61,0.000382,1,0.00300428,0.000996522,0.0002625,2924.02
0,6459995,7,phononTS,0.000534965,0.00102053,0.000647678,-0.0002625,1242.57,0.000382,1,0.00099728,0.000995253,0.0002625,1588.18
0,6462839,12,phononTF,0.000730037,0.000313491,-0.00230331,-0.000262498,6251.74,0.000382,1,-1.74194e-06,-0.00199944,0.0002625,6368.71
0,6476219,10,phononTS,0.000557044,-0.00319666,-0.00103609,-0.0002625,6818.89,0.000382,1,-0.00299874,-0.000996061,0.0002625,9427.82
0,6478222,7,phononTS,0.00129272,0.00208833,0.00107567,-0.0002625,624.707,0.000382,1,0.00300096,0.000996292,0.0002625,1483.74
0,6479682,14,phononTS,0.000496367,-0.00200549,-0.00140131,-0.000262498,3006.89,0.000382,1,-0.00199999,-0.00200226,0.0002625,3168.16
0,6479683,3,phononTF,0.00366015,0.00211696,0.000878224,-5.97467e-05,488.086,0.000811133,1,0.00180095,0.000652202,-0.0002625,706.768
0,6480955,6,phononTS,0.000670087,0.00119248,3.67096e-05,-0.0002625,4849.92,0.000382,1,0.00199799,1.54051e-06,0.0002625,5780.66
0,6484841,11,phononTS,0.000541237,-0.00103619,-0.00112661,-0.0002625,9619.74,0.000382,1,-0.000995534,-0.0010027,0.0002625,10805.5
0,6489377,17,phononTS,0.000398996,-0.00195407,-0.000839931,-0.0002625,10656.8,0.000382,1,-0.000998351,-0.00100386,0.0002625,12293.4
0,6490033,3,phononTF,0.00126437,0.00137171,-0.00338159,-0.0002625,16.2106,0.000382,1,0.000995861,-0.00299764,0.0002625,1798.64
0,6491732,3,phononTS,0.0015827,0.00287216,0.0010485,-0.0002625,2.29935,0.000764,1,0.00300239,0.00100336,0.0002625,405.998
0,6493777,8,phononTS,0.000570703,0.00120374,0.00119192,-0.000262498,1028.18,0.000382,1,-0.000997456,-0.0010002,0.0002625,1626.12
0,6495441,29,phononTS,0.000829984,-0.00478543,0.00125806,-0.000262499,2173.45,0.000382,1,-0.00299926,-0.000996445,0.0002625,2714.15
0,6497457,8,phononL,0.000448387,0.000996787,0.00100098,0.0002625,1055.32,0.000448387,1,0.00128647,-0.000538893,-0.0002625,1337.69
0,6497458,1,phononTS,0.01,0.00264624,0.000975659,-0.000142345,0,0.00262616,1,0.00265924,0.000964761,-0.0002625,278.863
0,6499459,8,phononTF,0.00167768,0.00212535,0.0015349,-0.0002625,246.428,0.000764,1,0.00199619,0.00199553,0.0002625,660.351
0,6506506,18,phononTF,0.00078111,-0.00300035,-0.00100166,0.000262498,5284.6,0.00078111,1,-0.000223113,-0.00177981,-0.0002625,5809.53
0,6510384,23,phononTS,0.000519509,-0.00360711,-0.00113645,-0.0002625,1029.2,0.000382,1,-0.00199771,-0.0019977,0.0002625,4433.74
0,6511998,13,phononTF,0.000436259,-0.00100404,-0.000997707,0.0002625,2227.23,0.000436259,1,-0.000687429,-0.000670717,-0.0002625,2465.12
0,6512600,9,phononTS,0.000866637,-0.000996621,0.00299939,0.000262498,3075.12,0.000866637,1,-0.000409539,0.00301955,-0.0002625,3233.89
0,6515135,31,phononTS,0.00111713,-0.00470502,-0.00394674,-0.0002625,1437.47,0.000382,1,-0.00299621,-0.000996438,0.0002625,5468.03
0,6516512,7,phononTS,0.000395731,-0.000944959,-0.00249988,-0.000262498,3052.65,0.000382,1,3.05589e-06,3.32012e-06,0.0002625,3609.63
0,6519576,23,phononTS,0.000450707,-0.00100008,0.00100264,0.0002625,1167.32,0.000450707,1,-0.00102514,0.00103121,-0.0002625,1353.52
0,6520209,4,phononL,0.00121738,0.00275872,0.00150762,-0.000262498,751.971,0.000764,1,0.00300287,0.000996682,0.0002625,835.955
0,6520210,1,phononTF,0.01,0.00281507,0.00127137,-0.000253274,0,0.00272839,1,0.00280757,0.00126409,-0.0002625,507.056
0,6522503,6,phononTF,0.000735922,0.00294965,0.000947662,-0.0002625,833.023,0.000382,1,0.00299646,0.000995422,0.0002625,1473.3
0,6522879,7,phononTF,0.000603961,0.00321657,0.000798528,-0.000262498,1245.28,0.000382,1,0.00300437,0.00100292,0.0002625,1348.7
0,6524443,15,phononL,0.000464284,0.000534612,0.00173286,-0.0002625,403.311,0.000382,1,3.2513e-06,0.00199934,0.0002625,834.984
0,6524457,4,phononTS,0.000764031,0.00299839,0.000944032,-0.000262498,713.904,0.000382,1,0.003002,0.000996504,0.0002625,804.849
0,6524806,6,phononTS,0.000627991,6.06535e-05,-0.00169089,-0.000262498,2597.7,0.000382,1,4.85549e-06,-0.00199569,0.0002625,2722.08
0,6525939,4,phononTS,0.000889158,0.00297254,0.00105348,-0.0002625,91.3961,0.000382,1,0.00299633,0.000998846,0.0002625,628.054
0,6532289,5,phononTF,0.000739433,-0.00155747,0.00157884,-0.000262498,1318.1,0.000382,1,-0.00199952,0.00200474,0.0002625,1456.28
0,6533151,19,phononTF,0.000545868,-0.00300098,-0.00100027,0.000262498,8881.57,0.000545868,1,-0.00321136,-0.000787873,-0.0002625,8985.21
0,6542543,1,phononTS,0.01,0.00198591,0.00197768,0.000239448,0,0.001146,1,0.00200301,0.00199803,0.0002625,801.639
0,6544765,9,phononTS,0.00109157,0.00288496,0.000968735,-0.0002625,794.039,0.000382,1,0.00300309,0.00100366,0.0002625,1486.22
0,6547275,2,phononTF,0.000894739,-0.000218695,0.00211238,-0.0002625,146.602,0.000382,1,2.28608e-06,0.00200003,0.0002625,1700.65
0,6547580,2,phononTS,0.00147232,0.00285213,0.00103115,-0.0002625,23.7995,0.000382,1,0.0029993,0.000997118,0.0002625,435.365
0,6549819,4,phononTS,0.0019322,-0.00103475,-0.00151682,-0.000262498,1713.5,0.001146,1,-0.000996304,-0.00099682,0.0002625,1861.96
0,6549819,2,phononTS,0.00104307,0.00267737,0.00124793,0.000262498,142.14,0.000787061,1,0.00271026,0.000982803,-0.0002625,257.737
0,6551998,11,phononTF,0.000796863,-0.000919119,0.00118334,-0.0002625,4843,0.000382,1,-0.00100374,0.000996282,0.0002625,5350.44
0,6557722,6,phononTF,0.00106144,0.0020304,0.00187678,-0.0002625,261.372,0.000382,1,0.00199835,0.00199953,0.0002625,636.187
0,6559149,8,phononTS,0.000621071,-0.00066901,-0.000439402,-0.0002625,1728.56,0.000382,1,-0.000995647,-0.0010007,0.0002625,5780.6
0,6560413,8,phononL,0.000576872,7.55755e-05,-0.00240773,-0.000262498,3422.78,0.000382,1,4.19951e-06,-0.00199868,0.0002625,3496.04
0,6560413,2,phononTS,0.000485282,0.00251758,0.0011733,0.000262498,6.85435,0.000485282,1,-0.00276923,-0.005,-7.8682e-05,1398.02
0,6564439,2,phononTS,0.000451882,0.00296036,0.00101282,-0.0002625,11.2506,0.000382,1,0.00300304,0.000997351,0.0002625,1091.62
0,6566188,18,phononTF,0.000562732,-0.00100016,-0.00100489,0.000262498,9523.38,0.000562732,1,-0.00103217,-0.00122248,-0.0002625,9624.67
0,6566288,12,phononTF,0.000627989,0.00173091,-0.000280219,-0.000262498,558.077,0.000382,1,0.00200105,3.04504e-06,0.0002625,670.796
0,6567664,2,phononTS,0.00156618,-0.000244151,-0.000340368,-0.0002625,77.5143,0.000764,1,-0.00199718,-0.00200229,0.0002625,1485.98
0,6569357,9,phononTS,0.000688668,0.00199557,-4.34041e-06,0.000262498,2396.53,0.000340908,1,0.00202198,3.75691e-05,-0.0002625,2486.1
0,6569737,9,phononTF,0.00183297,0.00144035,0.00152052,-0.000262498,468.649,0.000382,1,0.000997622,0.000995314,0.0002625,619.659
0,6569737,13,phononTF,0.00121348,0.000997622,0.000995314,0.000262498,619.659,0.00045848,1,0.00145207,0.0004208,-0.0002625,778.196
0,6570816,10,phononL,0.00152061,0.00174639,0.000267543,-0.0002625,917.309,0.000764,1,0.0020016,2.2655e-06,0.0002625,1431.43
0,6573812,7,phononL,0.000986307,0.0018628,0.00156247,-0.0002625,1246.22,0.000382,1,0.00200396,0.00200434,0.0002625,1475.15
0,6583620,2,phononTF,0.00208738,0.00275208,0.000956032,-0.0002625,141.789,0.000764,1,0.00300432,0.000996459,0.0002625,351.658
0,6583620,14,phononTS,0.000434319,0.00300432,0.000996459,0.000262498,351.658,0.000434319,1,0.00301166,0.000995641,-0.0002625,442.281
0,6584302,9,phononTS,0.000495723,0.00104806,0.00173379,-0.000262498,1547.05,0.000382,1,0.00100363,0.00100391,0.0002625,1726.4
0,6585064,7,phononTF,0.000444426,-0.00199509,-4.6349e-06,0.000262498,2287.72,0.000444426,1,-0.00319368,0.00195268,-0.0002625,2702.2
0,6585064,4,phononTF,0.00120222,0.0024102,0.00132665,0.000262498,52.2187,0.000687686,1,0.000447148,-0.00028164,-0.0002625,500.722
0,6585440,2,phononTF,0.000892305,-0.00100358,0.00299953,0.0002625,349.583,0.000892305,1,-8.42036e-05,0.00231697,-0.0002625,4123.19
0,6588911,20,phononTF,0.000476223,-0.00100354,-0.00100064,0.000262498,11514.8,0.000476223,1,-0.0012675,-0.00125595,-0.0002625,11624.5
0,6589283,9,phononTF,0.000649307,0.000471627,-0.00113807,-0.0002625,1135.15,0.000382,1,-4.99082e-06,-0.00199709,0.0002625,1742.32
0,6591269,3,phononL,0.00246888,0.000641156,0.000202412,-0.0002625,125.26,0.000764,1,-7.16616e-07,6.88097e-07,0.0002625,494.27
0,6593017,12,phononTF,0.00100521,0.00301255,0.000921529,-0.0002625,2624.4,0.000382,1,0.00299932,0.00100134,0.0002625,3289.56
0,6595359,2,phononTF,0.00196503,0.00202735,0.00189645,-0.0002625,491.508,0.000382,1,0.00199778,0.00199995,0.0002625,1468.06
0,6601749,4,phononTS,0.00176592,0.00324634,0.00136954,-0.0002625,779.988,0.000382,1,0.00300487,0.00099912,0.0002625,1072.07
0,6602770,18,phononTS,0.000407706,0.00326435,-0.00266111,-0.0002625,3875.33,0.000382,1,0.00199583,-0.0020004,0.0002625,9257.2
0,6607050,4,phononTS,0.00122079,0.00311584,0.000977428,-0.0002625,22.6043,0.000382,1,0.00300371,0.00100095,0.0002625,779.123
0,6611375,4,phononTS,0.00145815,0.00234906,0.000163677,-0.0002625,167.097,0.000764,1,0.00199954,4.75586e-06,0.0002625,691.24
0,6611845,1,phononL,0.01,0.00207863,0.00205539,0.000156138,0,0.001528,1,0.00200026,0.00199691,0.0002625,622.223
0,6612430,6,phononTS,0.000606934,-0.000769051,0.00159057,-0.0002625,3149.55,0.000382,1,-0.00100385,0.000999292,0.0002625,3669.86
0,6612790,8,phononL,0.000626127,0.00300167,0.000997079,0.000262498,594.234,0.000626127,1,0.00375961,0.000901593,-0.0002625,693.608
0,6612877,9,phononTS,0.000390542,-0.00347535,-0.000882125,-0.0002625,9481.59,0.000382,1,-0.00300006,-0.0010027,0.0002625,9889.83
0,6629040,9,phononTS,0.000669878,9.12313e-07,-1.30984e-06,0.000262498,1729.85,0.00030733,1,0.00030676,-0.00109165,-0.0002625,1981.68
0,6635624,9,phononTS,0.000742926,0.00104673,-0.000967276,-0.000262498,2433.74,0.000382,1,0.00100135,-0.00100435,0.0002625,2522.95
0,6638161,3,phononTS,0.00234916,0.00199778,0.00200238,0.0002625,1412.06,0.000741826,1,0.0017615,0.00200548,-0.0002625,1763.27
0,6639199,9,phononTS,0.000535758,-0.00304703,-0.000990679,-0.000262498,7058.71,0.000382,1,-0.00300373,-0.00099616,0.0002625,7150.05
0,6640622,9,phononL,0.00041366,0.00105671,-0.00156209,-0.0002625,2362.14,0.000382,1,0.0010024,-0.000995049,0.0002625,2611.94
0,6640710,2,phononL,0.00141727,0.00138574,0.00109319,-0.0002625,93.5286,0.000764,1,0.00099602,0.0010004,0.0002625,383.538
0,6641996,8,phononTF,0.000438302,-0.00223613,-0.000235135,-0.0002625,4786.42,0.000382,1,-0.00200185,4.40892e-07,0.0002625,5577.2
0,6643074,8,phononTS,0.000607113,-0.00047891,-0.00340408,-0.0002625,12455.1,0.000382,1,-4.81458e-07,-0.00199655,0.0002625,16733.1
0,6645683,24,phononTS,0.000436267,0.00323211,0.00250799,-0.000262498,6233.85,0.000382,1,0.00300499,0.000997128,0.0002625,6570.85
0,6647338,18,phononTS,0.000385568,0.00191001,0.00104639,-0.000262498,10546.6,0.000382,1,-0.000996357,0.00299891,0.0002625,11224.2
0,6647339,1,phononTF,0.01,0.00178037,0.00184312,-0.000206719,0,0.00411053,1,0.00173793,0.00181285,-0.0002625,586.688
0,6648724,11,phononTF,0.000417531,0.00104626,-0.00104057,-0.000262498,980.185,0.000382,1,0.00100489,-0.000999026,0.0002625,1070.63
0,6649101,11,phononTF,0.000578508,-3.42896e-06,0.00199923,0.000262498,3331.39,0.000578508,1,0.000545799,0.00143711,-0.0002625,3493.13
0,6649974,8,phononTS,0.000903945,0.00131327,-5.13111e-05,-0.000262498,465.181,0.000382,1,0.00200358,-9.73047e-07,0.0002625,641.822
0,6650989,4,phononTF,0.00107626,0.00280275,0.00105367,-0.0002625,100.664,0.000382,1,0.00299999,0.000996707,0.0002625,399.122
0,6658810,2,phononTS,0.00110436,0.00284203,0.00110754,-0.0002625,231.349,0.000382,1,0.00300297,0.00099542,0.0002625,457.239
0,6660024,4,phononTS,0.000437423,0.00102392,0.00102221,-0.0002625,655.519,0.000382,1,0.000998118,0.000996962,0.0002625,935.213
0,6662370,8,phononTS,0.000616746,0.00164443,-0.000981212,-0.0002625,1474.65,0.000382,1,0.0010006,-0.000999591,0.0002625,1855.12
0,6664514,11,phononTF,0.000838585,0.0028306,0.000745742,-0.000262499,318.378,0.000382,1,0.00300209,0.000999902,0.0002625,425.051
0,6666598,11,phononTS,0.000610118,0.00196354,0.00185136,-0.0002625,2256.11,0.000382,1,0.00200445,0.00200042,0.0002625,2770.35
0,6669284,3,phononTS,0.00299868,0.00305659,0.000977145,-0.0002625,271.664,0.001146,1,0.00300158,0.000999925,0.0002625,450.77
0,6669649,4,phononTS,0.00192925,0.00199681,4.98222e-06,-0.0002625,737.031,0.000382,1,0.00200236,-6.86325e-08,0.0002625,1006.63
0,6669649,5,phononTF,0.00110107,0.00200236,-6.86325e-08,0.000262498,1006.63,0.000990487,1,0.00176947,0.00023127,-0.0002625,1112.78
0,6672380,14,phononTS,0.000497757,-0.00132255,0.0019179,-0.0002625,3120.42,0.000382,1,-0.00100011,0.000998986,0.0002625,4830.79
0,6676140,16,phononTS,0.00062682,1.47508e-06,0.00167001,-0.000262498,5857.31,0.000382,1,-1.68791e-06,0.00200016,0.0002625,5980.73
0,6682002,12,phononTF,0.000707243,-0.00227379,0.00498966,-0.0002625,2134.08,0.000382,1,0.0019958,0.00199984,0.0002625,5254
0,6682073,16,phononTS,0.00159671,0.000773636,-0.00111859,-0.0002625,670.989,0.000382,1,0.0010023,-0.00100029,0.0002625,1071.38
0,6683860,8,phononTS,0.000530067,-0.000884682,0.00214245,-0.0002625,5292.27,0.000382,1,-0.000998263,0.00300079,0.0002625,5886.1
0,6684573,6,phononTF,0.00077785,0.00329205,0.00109674,-0.000262498,1212.36,0.000382,1,0.00300487,0.000996388,0.0002625,1321.73
0,6685072,2,phononTS,0.00285266,0.0033006,0.000965876,-0.0002625,291.285,0.001146,1,0.00300042,0.00100265,0.0002625,1100.17
0,6685072,13,phononTS,0.00071074,0.000400695,-0.005,-0.000155448,1100.17,0.000219995,1,-0.000928388,-0.00374172,-0.0002625,4993.6
0,6688092,6,phononTS,0.00109637,0.00296309,0.000822647,-0.000262498,352.859,0.000382,1,0.00299837,0.000996218,0.0002625,458.164
0,6688279,3,phononTF,0.00129964,0.00212564,0.00186795,-0.0002625,63.136,0.000382,1,0.00199723,0.00199797,0.0002625,444.004
0,6690251,11,phononTS,0.000446717,0.00270553,-4.84655e-05,-0.000262498,2639.71,0.000382,1,0.00299609,0.00100383,0.0002625,2884.66
0,6690774,6,phononTF,0.00209848,-0.000689282,0.00132465,-0.0002625,697.728,0.000382,1,-0.00100315,0.00099693,0.0002625,5956.83
0,6697552,18,phononTF,0.00056426,0.00223315,-0.000293038,-0.000262498,2979.28,0.000382,1,0.00200177,-3.51983e-06,0.0002625,3091.34
0,6700388,7,phononL,0.00116455,0.00251718,0.000972431,-0.000262498,172.332,0.000764,1,0.00300499,0.00100432,0.0002625,249.951
0,6701558,5,phononTF,0.00049999,0.00241077,0.000596971,-0.000262498,178.864,0.000382,1,0.00299503,0.000997213,0.0002625,336.451
0,6702583,5,phononL,0.000651416,0.00299761,0.000999183,0.0002625,722.547,0.000158432,1,0.00293657,0.000707237,-0.0002625,858.091
0,6704291,11,phononTS,0.000699409,0.00204215,0.00016793,-0.0002625,242.427,0.000382,1,0.00199517,3.57492e-06,0.0002625,763.427
0,6708344,15,phononL,0.000600356,0.00280187,0.000405395,-0.0002625,926.572,0.000382,1,0.00299643,0.000997654,0.0002625,1190.95
0,6712345,6,phononTF,0.00144198,0.000333219,-0.000344453,-0.000262498,501.507,0.000764,1,-2.58742e-06,-1.09139e-06,0.0002625,623.388
0,6713446,9,phononTS,0.000581246,-0.000989997,0.00141562,-0.0002625,2924.05,0.000382,1,-0.00100138,0.00100226,0.0002625,4006.72
0,6718292,17,phononTF,0.00124988,0.00136391,-0.000633184,-0.0002625,1084.87,0.000382,1,0.00100445,-0.00100178,0.0002625,3074.62
0,6723686,6,phononTS,0.000681013,0.00204295,0.00171543,-0.000262498,164.954,0.000382,1,0.00199824,0.00200466,0.0002625,283.078
0,6725012,11,phononTS,0.000492255,0.00199806,-1.60491e-06,0.0002625,3308.94,0.000492255,1,0.00319389,0.0019387,-0.0002625,5457.49
0,6725012,3,phononTS,0.00175481,0.00257503,0.00118902,0.000262498,25.0039,0.000748449,1,0.00323369,0.00116505,-0.0002625,194.183
0,6725591,4,phononTS,0.000742927,-0.000125263,0.00105442,-0.0002625,1061.06,0.000382,1,-0.00100031,0.000995691,0.0002625,1892.83
0,6725591,3,phononTF,0.00258197,0.00249988,0.00123059,0.000262498,1061.06,0.00118421,1,0.00298289,0.000731486,-0.0002625,1210.02
0,6725681,10,phononTF,0.000488808,-0.00147529,-0.00136787,-0.0002625,4644.21,0.000382,1,-0.000998075,-0.00100373,0.0002625,8601
0,6728528,4,phononTF,0.00059802,0.00255558,0.00142579,-0.000262498,105.919,0.000382,1,0.0019991,0.00199993,0.0002625,269.57
0,6729540,27,phononTF,0.00102866,0.00206493,0.00185903,-0.0002625,313.848,0.000764,1,0.00200343,0.00200116,0.0002625,979.7
0,6729553,2,phononTF,0.002754,0.00289154,0.00112322,-0.0002625,499.966,0.000382,1,0.0030004,0.00100156,0.0002625,688.76
0,6731230,17,phononTF,0.000405345,-0.000914185,-0.000875451,-0.0002625,519.119,0.000382,1,-0.00100171,-0.00100351,0.0002625,1689.57
0,6731750,9,phononTS,0.000480968,0.00364858,0.005,-0.000189903,494.216,0.000382,1,-0.00100208,0.000998981,0.0002625,1923.49
0,6737463,28,phononTF,0.000548912,0.00151898,0.000507573,-0.000262498,4009.76,0.000382,1,0.0010043,0.00100314,0.0002625,4162.41
0,6738565,14,phononTF,0.000667031,-0.000604177,-0.00144439,-0.0002625,6097.14,0.000382,1,1.46093e-06,-0.00199581,0.0002625,6751.41
0,6747919,15,phononTS,0.000420261,0.00152327,5.3762e-06,-0.000262498,3954.76,0.000382,1,0.000999008,-0.000999061,0.0002625,4209.9
0,6748523,4,phononTS,0.000413722,0.00297348,0.00100185,-0.0002625,228.98,0.000382,1,0.00300317,0.001001,0.0002625,408.16
0,6748523,3,phononTF,0.00190322,0.00294379,0.0010027,0.000262498,228.98,0.00175774,1,0.00366039,0.00200152,-0.0002625,465.086
0,6755638,3,phononTF,0.00236202,0.00210066,0.00177962,-0.0002625,132.995,0.001146,1,0.00200351,0.00200428,0.0002625,542.805
0,6760448,19,phononTS,0.000396507,0.00051213,-0.00140619,-0.000262498,2767.76,0.000382,1,-3.29496e-07,-0.0019957,0.0002625,2966.73
0,6763799,12,phononTF,0.000527462,-0.00357337,-0.000426777,-0.0002625,9897.33,0.000382,1,-0.00299664,-0.00100488,0.0002625,10396.9
0,6764250,14,phononTS,0.000857612,0.00200196,-3.63719e-06,0.0002625,1922.95,0.000332939,1,0.00208534,0.000837087,-0.0002625,2324.91
0,6766741,17,phononTS,0.000606103,-0.00106282,0.000964987,-0.0002625,9819.13,0.000382,1,-0.00100219,0.00100285,0.0002625,10134.8
0,6773499,8,phononTS,0.000731492,0.0029514,0.000970213,-0.0002625,169.985,0.000382,1,0.00300255,0.000998699,0.0002625,451.916
0,6773973,2,phononTF,0.00120902,0.00212484,0.000148262,-0.0002625,214.814,0.000382,1,0.00200488,2.11676e-06,0.0002625,791.532
0,6773973,13,phononTS,0.000814268,0.00200488,2.11676e-06,0.000262498,791.532,0.000814268,1,0.002008,-4.00304e-05,-0.0002625,886.982
0,6781359,19,phononTF,0.000384556,0.00287981,0.000871336,-0.0002625,1203.18,0.000382,1,0.00300443,0.000997173,0.0002625,2844.37
0,6794462,17,phononTS,0.00056935,-0.00143789,-0.00177592,-0.0002625,5213.21,0.000382,1,-0.0030002,-0.000998994,0.0002625,6296.37
0,6795009,12,phononTS,0.000518062,-0.00099886,0.00300139,0.000262498,5947.63,0.000518062,1,-0.0010341,0.00268042,-0.0002625,6069.75
0,6799119,10,phononTF,0.000497058,0.00129425,0.000716233,-0.000262498,999.957,0.000382,1,0.000995172,0.00100229,0.0002625,1114.32
0,6807213,4,phononTS,0.00159889,0.00169768,0.00100905,-0.0002625,183.694,0.000764,1,0.000997356,0.00100492,0.0002625,531.349
0,6816342,10,phononTF,0.000693156,0.00204779,0.000350886,-0.0002625,945.441,0.000382,1,0.00199926,-1.74296e-06,0.0002625,1274.64
0,6818903,9,phononTS,0.000533119,0.00299691,0.00100194,0.000262498,1490.37,0.000533119,1,0.00304518,0.00055452,-0.0002625,1628.73
0,6821307,7,phononTS,0.000553448,0.00167063,-1.0533e-08,-0.0002625,1215.82,0.000382,1,0.00199784,3.18492e-06,0.0002625,1584.98
0,6826576,2,phononTF,0.000401634,0.00240001,0.00159402,-0.000262498,621.977,0.000382,1,0.00200214,0.00200247,0.0002625,754.624
0,6827898,14,phononTF,0.000406976,0.00200019,0.00200161,0.000262498,550.69,0.000406976,1,0.00143596,0.00256208,-0.0002625,713.828
0,6828416,20,phononTF,0.00075417,0.000268325,0.0023096,-0.000262498,3137.53,0.000382,1,1.42168e-06,0.00200072,0.0002625,3252.95
0,6831593,14,phononTF,0.000429393,-0.000461404,-0.000402704,-0.0002625,5241.43,0.000382,1,-0.00099801,-0.00100009,0.0002625,6073.18
0,6831816,3,phononTF,0.00140594,0.00306658,0.000943939,-0.0002625,93.606,0.000382,1,0.00299872,0.000998238,0.0002625,650.695
0,6832366,19,phononTF,0.000577502,0.00226786,-0.00227147,-0.0002625,5841.72,0.000382,1,0.00200327,-0.00199901,0.0002625,12947.8
0,6834644,17,phononTF,0.000624194,0.000424129,0.00241825,-0.0002625,2903.88,0.000382,1,-2.05076e-06,0.00199745,0.0002625,3313.39
0,6834749,8,phononTS,0.000530719,-0.00311724,-0.00108853,-0.0002625,6013.15,0.000382,1,-0.00299972,-0.00100051,0.0002625,6549.31
0,6836683,5,phononL,0.00100315,-0.000307882,0.00138028,-0.0002625,976.114,0.000382,1,-0.000999282,0.00100183,0.0002625,1415.17
0,6840263,6,phononL,0.000584468,0.00354671,0.00242386,-0.000262498,4260.53,0.000382,1,0.00200181,0.00199797,0.0002625,4447.19
0,6840838,4,phononTF,0.00203225,-0.000997206,0.00300406,0.0002625,116.345,0.000837892,1,-0.000669537,0.00266309,-0.0002625,4876.24
0,6841019,1,phononTS,0.01,0.00301017,0.000996501,0.000201139,0,0.000382,1,0.00300373,0.000997026,0.0002625,491.407
0,6849015,4,phononTS,0.0025116,0.0029933,0.000978675,-0.000262498,197.612,0.000382,1,0.00299735,0.00100164,0.0002625,289.238
0,6853141,5,phononL,0.00052585,0.005,0.00225821,-0.000185681,309.607,0.000382,1,0.00200434,0.00200381,0.0002625,829.564
0,6853141,3,phononTS,0.00218493,0.00245604,0.00117284,0.000262498,28.6778,0.000454279,1,0.00242818,0.00119773,-0.0002625,118.295
0,6855793,10,phononTS,0.000632556,0.00158623,1.38331e-05,-0.0002625,5631.83,0.000382,1,0.00199593,1.01887e-06,0.0002625,6037.9
0,6862336,17,phononTF,0.000705776,0.000368776,-0.000578283,-0.0002625,545.196,0.000382,1,-2.52084e-06,-2.03471e-06,0.0002625,1282.89
0,6863163,5,phononTF,0.00233191,0.00285056,0.000840351,-0.0002625,315.261,0.001528,1,0.00299766,0.000995155,0.0002625,703.253
0,6865087,11,phononTF,0.000484591,0.00187505,-0.0018344,-0.0002625,2665.21,0.000382,1,0.00200149,-0.00200199,0.0002625,3572.21
0,6865435,1,phononTS,0.01,0.00300305,0.000986146,0.000126284,0,0.002292,1,0.00300255,0.00100047,0.0002625,423.733
0,6865435,6,phononTS,0.00125068,0.00300255,0.00100047,0.000262498,423.733,9.93912e-05,1,0.00297764,0.00166358,-0.0002625,595.274
0,6865862,3,phononTS,0.00202374,0.00298219,0.0011203,-0.0002625,311.878,0.000382,1,0.00300094,0.000995773,0.0002625,714.321
0,6865862,5,phononTF,0.000391409,0.00300094,0.000995773,0.000262498,714.321,0.000391409,1,0.00183749,0.00272561,-0.0002625,1091.69
0,6867163,9,phononTS,0.000523242,0.00209845,0.000781691,-0.000262498,489.253,0.000382,1,0.00200264,-1.18773e-06,0.0002625,681.915
0,6867525,10,phononTS,0.000562349,0.00204853,-7.16619e-05,-0.0002625,4216.47,0.000382,1,0.001997,3.64649e-06,0.0002625,13256.8
0,6869159,3,phononL,0.00591027,0.00249076,0.00124435,-0.000105108,382.561,0.00191,1,0.00300377,0.000995817,0.0002625,457.083
0,6871668,10,phononTF,0.000564794,-0.0023246,0.005,0.000211185,5911.83,0.000382,1,-3.1489e-06,-0.00199887,0.0002625,8225.86
0,6873822,3,phononTF,0.000430133,0.00239339,0.00159583,-0.0002625,118.793,0.000382,1,0.00199732,0.00200271,0.0002625,383.591
0,6873822,2,phononTS,0.00141369,0.00278945,0.00118896,0.000262498,118.793,0.000566674,1,0.00297909,0.00102512,-0.0002625,238.753
0,6886395,6,phononL,0.000690126,-0.000188815,-0.00183601,-0.0002625,6657.28,0.000382,1,2.97959e-06,-0.00199599,0.0002625,9271.01
0,6888558,6,phononTS,0.00129073,0.00112947,0.0010733,-0.0002625,463.17,0.000764,1,0.000997919,0.000998213,0.0002625,1430.59
0,6889264,11,phononTS,0.000447428,0.00300308,0.00100419,0.000262498,7119.71,0.000447428,1,0.00284356,0.001051,-0.0002625,7223.42
0,6890071,17,phononTS,0.000476422,-0.00105055,0.00168621,-0.000262498,11422.8,0.000382,1,-0.00100341,0.00099796,0.0002625,11599
0,6891736,3,phononTS,0.00457046,0.00282746,0.00109108,9.47578e-05,84.9859,0.001146,1,0.00300472,0.000998289,0.0002625,140.276
0,6891893,8,phononTS,0.00102986,3.35949e-06,0.00199862,0.0002625,1788.54,0.00102986,1,0.00131269,-0.000489102,-0.0002625,6476.63
0,6896357,7,phononL,0.00080529,0.00179517,-0.00101453,-0.0002625,2958.63,0.000382,1,0.000998881,-0.00100302,0.0002625,4521.89
0,6898871,4,phononTS,0.00121397,0.00247673,0.00107754,-0.000262498,178.771,0.000382,1,0.00299541,0.00100286,0.0002625,331.842
0,6899150,20,phononL,0.000489865,-0.00143991,0.000442937,-0.000262498,1213.95,0.000382,1,-0.0019973,4.20726e-06,0.0002625,1311.34
0,6900095,18,phononTF,0.00108258,-0.000724349,0.005,0.0002222,389.245,0.000946906,1,-0.00356826,0.00216321,-0.0002625,1830.33
0,6900847,5,phononTS,0.000418524,-0.000208268,-0.00305385,-0.0002625,30.4911,0.000382,1,1.01543e-06,-0.00199725,0.0002625,2687.25
0,6901559,7,phononTF,0.00059633,0.00148934,-0.000495592,-0.0002625,3404.53,0.000382,1,0.00099799,-0.00100174,0.0002625,4035.67
0,6901559,3,phononTF,0.0008511,0.00254253,0.00122094,0.000262498,17.3536,0.000503749,1,0.002498,0.00117521,-0.0002625,107.896
0,6903650,6,phononTF,0.00112749,-1.8875e-07,0.00199721,0.0002625,1796.88,0.000871994,1,-0.000202198,0.00219701,-0.0002625,2001.27
0,6904830,3,phononTS,0.000817739,0.00286995,0.00098924,-0.0002625,23.7926,0.000382,1,0.00299874,0.000998058,0.0002625,1303.04
0,6904837,13,phononTS,0.000431954,-0.0010031,0.00300175,0.000262498,3168.67,0.000431954,1,-0.00104007,0.00296808,-0.0002625,3262.36
0,6905222,12,phononTS,0.000812829,0.000995059,-0.00300474,0.000262498,4825.96,0.000651967,1,0.000915636,-0.00304639,-0.0002625,4922.4
0,6914146,2,phononTF,0.00285391,-0.00158513,0.00207333,-0.000228689,74.3108,0.000382,1,-7.44882e-07,-6.82509e-07,0.0002625,2153.42
0,6914211,7,phononTS,0.000884003,0.00298181,0.000974216,-0.000262498,6813.83,0.000382,1,0.00299793,0.00100153,0.0002625,6903.45
0,6916878,3,phononL,0.00119033,0.00198014,0.000482758,-0.0002625,129.354,0.000382,1,0.00200099,4.31783e-06,0.0002625,441.193
0,6920748,7,phononTS,0.00125661,0.00299659,0.000996502,0.0002625,343.959,0.000644683,1,0.00341258,0.00101315,-0.0002625,616.669
0,6920987,6,phononTF,0.000954001,0.00126152,0.00124772,-0.000262498,708.901,0.000382,1,0.00100113,0.00100183,0.0002625,818.316
0,6921647,8,phononTS,0.000532148,0.000963421,-0.0030997,-0.000262498,2450.89,0.000382,1,0.000999267,-0.003,0.0002625,2549.37
0,6929943,5,phononTS,0.000532207,0.00299947,0.00100095,0.000262498,2070.24,0.000532207,1,0.00305744,0.000248749,-0.0002625,2252.4
0,6932171,26,phononTF,0.0006772,-0.00106727,0.0010623,-0.0002625,18619.5,0.000382,1,-0.0010022,0.00099801,0.0002625,18929.4
0,6932171,2,phononL,0.00251333,0.00290148,0.0019642,0.000262498,715.271,0.00115875,1,0.00308483,0.00129585,-0.0002625,809.088
0,6932948,7,phononL,0.00055613,0.000999339,0.00100354,0.0002625,294.633,0.00055613,1,-0.000431718,0.000824961,-0.0002625,628.168
0,6934207,9,phononTF,0.000469736,0.00284282,0.00116396,-0.0002625,471.333,0.000382,1,0.00300243,0.000997705,0.0002625,766.561
0,6935045,6,phononTS,0.000454162,0.00223393,-8.67085e-05,-0.0002625,1103.86,0.000382,1,0.00199994,4.743e-07,0.0002625,1459.03
0,6935976,2,phononL,0.000405813,0.005,0.00147149,-0.000240697,418.511,0.000382,1,0.0019972,0.0020044,0.0002625,1139.19
0,6937787,5,phononL,0.00169886,0.00248179,0.000772541,-0.000262498,330.573,0.000764,1,0.00299866,0.00100199,0.0002625,414.404
0,6940116,2,phononTF,0.00107064,-0.000494196,-0.005,-0.00021334,646.932,0.000382,1,2.8093e-06,-0.00199509,0.0002625,3601.07
0,6942413,4,phononTS,0.000821924,-0.000361604,-0.00121204,-0.0002625,229.997,0.000382,1,2.88181e-06,2.43303e-06,0.0002625,4083.05
0,6943805,5,phononTS,0.000478572,0.00198395,0.00194878,-0.0002625,969.967,0.000382,1,0.00199891,0.0020041,0.0002625,1244.59
0,6943805,3,phononTF,0.00246583,0.00157723,0.00153887,0.000262498,845.11,0.000660898,1,0.00184543,0.0018154,-0.0002625,956.603
0,6944805,4,phononTF,0.000705585,0.00210612,0.000110357,-0.0002625,694.331,0.000382,1,0.00199911,-1.17004e-06,0.0002625,1159.42
0,6944920,11,phononTF,0.000846525,-0.000801242,-0.000787439,-0.000262498,6992.44,0.000382,1,-0.00100335,-0.000997164,0.0002625,7095.57
0,6946646,22,phononTF,0.000574898,0.00293434,0.000908277,-0.0002625,925.825,0.000382,1,0.00299972,0.00100306,0.0002625,1387.96
0,6946788,8,phononTS,0.000919676,0.000166661,0.000527746,-0.000262498,15709.3,0.000382,1,0.000999876,0.000999583,0.0002625,15935.8
0,6947376,4,phononTS,0.00105598,2.24515e-05,-0.000142931,-0.0002625,849.351,0.000382,1,2.19952e-06,-5.95778e-07,0.0002625,1156.25
0,6947376,2,phononTF,0.00255204,0.00205116,0.00164493,0.000262498,179.177,0.000804873,1,0.00246442,0.00200374,-0.0002625,311.113
0,6948668,6,phononTS,0.000818539,-0.00182688,5.66023e-05,-0.0002625,850.56,0.000382,1,-0.00199737,2.10487e-06,0.0002625,1572.12
0,6948749,10,phononTF,0.000665812,0.00163663,0.0023816,-0.0002625,8454.24,0.000382,1,0.00200115,0.00200167,0.0002625,10583
0,6949727,3,phononTS,0.00285481,-0.00102095,0.000888006,-0.0002625,411.396,0.000764,1,-0.00100303,0.00100262,0.0002625,3883.84
0,6950174,9,phononTS,0.000703827,-0.00132641,-6.04718e-05,-0.000262498,4144.34,0.000382,1,-0.00200208,-2.91919e-07,0.0002625,4319.24
0,6950830,2,phononTF,0.00432414,0.00255208,0.00128136,-1.80229e-05,797.179,0.000764,1,0.00199617,2.95531e-06,0.0002625,1050.06
0,6950830,12,phononTF,0.00144497,0.00199617,2.95531e-06,0.000262498,1050.06,0.000325253,1,0.00230997,-0.000313017,-0.0002625,1167.92
0,6962191,6,phononTS,0.000497254,0.00284763,0.000984732,-0.000262498,768.354,0.000382,1,0.00300428,0.00100063,0.0002625,872.085
0,6964093,8,phononTF,0.000504345,0.00375891,0.000195085,-0.000262498,431.918,0.000382,1,0.00300477,0.00100214,0.0002625,642.822
0,6968297,12,phononTF,0.00115641,-0.000135095,-0.000142399,-0.0002625,695.715,0.000382,1,-2.5225e-06,-2.6999e-06,0.0002625,982.834
0,6973882,12,phononTF,0.000696037,0.00118227,0.000811322,-0.0002625,839.553,0.000382,1,0.00100217,0.00100094,0.0002625,1469.35
0,6976381,2,phononTF,0.001703,0.00314667,0.00099964,-0.0002625,256.978,0.000382,1,0.00300176,0.00100241,0.0002625,468.37
0,6977225,12,phononTF,0.000524292,0.0024169,0.00159962,-0.000262498,646.915,0.000382,1,0.00299912,0.00100336,0.0002625,815.509
0,6979917,11,phononTS,0.00072613,-0.00215736,0.00297398,-0.0002625,3178.01,0.000382,1,-0.000997525,0.000997933,0.0002625,4690.17
0,6982559,10,phononTS,0.00044734,-0.00104507,-0.00141739,-0.000262498,13889.6,0.000382,1,-0.000998926,-0.00100394,0.0002625,14023.4
0,6985464,3,phononTF,0.000845767,0.00284016,0.000954827,-0.0002625,459.72,0.000382,1,0.00299897,0.00100233,0.0002625,844.625
0,6987979,2,phononL,0.000543531,0.00131495,0.00119383,-0.0002625,1081.88,0.000382,1,0.000996519,0.00100167,0.0002625,1295.53
0,6987980,3,phononTS,0.004266,0.00138147,0.00496753,0.000251623,120.245,0.000496619,1,-0.00292232,0.000168683,-0.0002625,2108.23
0,6988021,10,phononTS,0.00138813,0.000578601,0.00352749,-0.0002625,556.283,0.000382,1,-0.000996328,0.00299903,0.0002625,2501.19
0,6995547,11,phononTS,0.000917494,0.00200248,8.58083e-07,0.000262498,665.085,0.000845405,1,0.00203807,1.09257e-05,-0.0002625,756.973
0,6995856,4,phononL,0.0006784,0.000995822,-0.00100061,0.0002625,177.492,0.0006784,1,0.000718335,-0.001332,-0.0002625,1864.23
0,6995857,1,phononL,0.01,0.00242474,0.00132252,-0.000134433,0,0.00237162,1,0.002291,0.00130264,-0.0002625,137.756
0,6999008,3,phononTS,0.00293629,0.000783508,0.0021467,-0.0002625,76.1273,0.001146,1,-6.81406e-07,0.00199856,0.0002625,1604.51
0,6999421,8,phononTS,0.00118668,-0.00153749,-0.000981839,-0.000262498,18019.7,0.000382,1,-0.00100244,-0.00100494,0.0002625,18170.4
0,7000691,6,phononTS,0.000733845,0.00422474,0.00188454,-0.0002625,314.1,0.000382,1,0.00300267,0.00100481,0.0002625,1861.43
0,7002484,9,phononTS,0.000633252,-0.000988099,0.00301995,-0.000262498,1792.88,0.000382,1,-0.000996983,0.00300121,0.0002625,1885.42
0,7006110,4,phononTS,0.00284676,0.000343337,0.00196269,-0.0002625,1442.73,0.001146,1,-3.3311e-06,0.00199774,0.0002625,3982.09
0,7006511,21,phononTS,0.000497432,0.00295142,0.00119756,-0.000262498,901.792,0.000382,1,0.00299746,0.00100163,0.0002625,1009.29
0,7006512,1,phononTF,0.01,0.00313677,0.00123749,-0.000202968,0,0.00202627,1,0.00316831,0.00127046,-0.0002625,459.123
0,7008333,4,phononTS,0.00110188,-0.00197235,5.35212e-06,-0.0002625,1602.45,0.000382,1,-0.00200219,1.16852e-06,0.0002625,4282.74
0,7009065,27,phononTF,0.000454484,0.00220318,-0.000204825,-0.000262498,3679.97,0.000382,1,0.00199926,-3.87209e-06,0.0002625,3782.34
0,7009894,2,phononTS,0.000890082,-0.00214235,0.00184678,-0.0002625,1096.18,0.000382,1,-0.00199512,0.00200049,0.0002625,3794.52
0,7010236,4,phononTS,0.000866243,-0.00285116,-0.00191218,-0.0002625,322.316,0.000382,1,-0.00200018,-0.00200396,0.0002625,3538.56
0,7012511,3,phononTS,0.000889219,0.00287169,0.00102911,-0.0002625,15.5672,0.000382,1,0.00300316,0.00100141,0.0002625,422.095
0,7016406,3,phononTS,0.000903598,-0.000112055,-0.0029902,-0.0002625,31.2396,0.000382,1,-0.00200278,-0.00199974,0.0002625,4441.25
0,7023150,3,phononTS,0.000843565,0.00299582,0.000998817,0.0002625,658.413,0.000313776,1,0.00326586,0.00104323,-0.0002625,1005.97
0,7026284,10,phononTF,0.000551964,-0.000298234,0.00230895,-0.0002625,828.511,0.000382,1,-1.83097e-06,0.00199708,0.0002625,1739.5
0,7028199,5,phononL,0.00115235,0.00219835,0.00176037,-0.000262499,1176.08,0.000382,1,0.0019968,0.00200446,0.0002625,1244.72
0,7028791,24,phononTS,0.000494139,-0.00105168,0.000963352,-0.000262498,5644.47,0.000382,1,-0.000999234,0.000995502,0.0002625,5733.71
0,7029121,36,phononTS,0.000395276,-0.000296087,-0.000967067,-0.000262499,8450.19,0.000382,1,-0.00100296,-0.000997218,0.0002625,8628.48
0,7032314,4,phononTS,0.000624527,0.00204058,0.00133665,-0.000262498,542.176,0.000382,1,0.00199964,0.00199547,0.0002625,710.901
0,7032532,7,phononTS,0.000452305,0.00186681,0.00158095,-0.0002625,179.007,0.000382,1,0.00200137,0.00200298,0.0002625,912.6
0,7032594,4,phononTS,0.00226648,0.00199795,0.0020032,0.0002625,763.794,0.000680431,1,0.00199814,0.00202118,-0.0002625,1224.23
0,7032680,7,phononTF,0.000819912,0.00114962,0.00106153,-0.0002625,360.241,0.000382,1,0.000998772,0.000998933,0.0002625,743.967
0,7034475,10,phononTF,0.000539234,0.0005834,-0.00426303,-0.0002625,3382.68,0.000382,1,0.00200292,-0.00200243,0.0002625,7488.77
0,7037075,31,phononTS,0.000461987,0.00165617,0.00279905,-0.000262498,7923.96,0.000382,1,2.77735e-06,0.00199762,0.0002625,8303.94
0,7040024,8,phononTF,0.000673661,0.00184101,0.000162661,-0.000262498,677.557,0.000382,1,0.00200282,3.21878e-06,0.0002625,775.485
0,7043581,4,phononTS,0.00109941,0.00154398,0.00207513,-0.0002625,888.932,0.000764,1,0.000995997,0.000997797,0.0002625,2249.32
0,7043581,2,phononL,0.0061807,0.0028175,0.000714467,-0.000215652,4.89328,0.00152466,1,0.0028335,0.000655287,-0.0002625,151.222
0,7043757,4,phononTS,0.00142181,0.00123202,0.000594153,-0.0002625,8.11852,0.000764,1,4.32588e-06,-2.57436e-06,0.0002625,586.167
0,7043938,5,phononTS,0.00116679,-0.00200201,0.0020046,0.0002625,1445.66,0.000661846,1,-0.00241712,0.00204703,-0.0002625,2832.5
0,7044836,8,phononTS,0.000525431,0.000984655,-0.00104692,-0.0002625,1806.39,0.000382,1,0.000996108,-0.00100035,0.0002625,3836.93
0,7045591,11,phononTS,0.000864106,0.00299955,0.00099668,0.000262498,1676.62,0.000864106,1,0.00299627,0.000941532,-0.0002625,1767.12
0,7046273,2,phononTS,0.000611813,0.00161955,0.000149338,-0.0002625,72.8676,0.000382,1,0.00100291,-0.000998443,0.0002625,640.576
0,7048811,4,phononTS,0.00206274,0.00257392,0.00105254,-0.000262498,280.032,0.000382,1,0.00300175,0.00100054,0.0002625,419.644
0,7052477,13,phononTS,0.000506449,-0.000954992,0.000970668,-0.0002625,332.715,0.000382,1,-0.00100066,0.000996757,0.0002625,2607.47
0,7054582,16,phononTS,0.000674353,0.00297464,0.00103384,-0.0002625,1045.32,0.000382,1,0.00299949,0.00100326,0.0002625,1313.89
0,7056637,3,phononTS,0.00240651,0.002954,0.00101123,-0.0002625,430.214,0.000764,1,0.00299953,0.000999834,0.0002625,1177.96
0,7058612,13,phononTS,0.000513666,-0.00194535,0.00203905,-0.0002625,11120,0.000382,1,-0.0020014,0.00200472,0.0002625,12183.9
0,7059149,7,phononTS,0.00118957,0.000997268,-0.00315997,-0.0002625,791.467,0.000382,1,0.00100046,-0.0030033,0.0002625,1318.53
0,7059149,8,phononL,0.000518604,0.00100046,-0.0030033,0.000262498,1318.53,0.000518604,1,0.000208327,-0.0030494,-0.0002625,1420.35
0,7060779,29,phononTS,0.00088803,0.00226848,-0.00194683,-0.000262498,7112.44,0.000382,1,0.00200034,-0.00200144,0.0002625,7232.49
0,7066106,18,phononL,0.00123235,0.00271089,0.00132561,-0.000262498,282.031,0.000764,1,0.00300469,0.000995929,0.0002625,357.402
0,7073148,2,phononTF,0.000693545,0.00247638,0.00119338,-0.000262498,95.7374,0.000382,1,0.00100218,-0.000995076,0.0002625,565.769
0,7075115,10,phononTF,0.00100412,0.00214938,0.000157472,-0.0002625,198.727,0.000764,1,0.00199868,8.48616e-07,0.0002625,685.089
0,7076064,2,phononTS,0.000584783,0.00124382,0.000400133,-0.0002625,189.565,0.000382,1,-4.99663e-06,6.84266e-08,0.0002625,754.889
0,7077543,5,phononTS,0.00198216,0.00353674,0.000712107,-0.000262498,349.108,0.000764,1,0.00200495,1.7435e-06,0.0002625,698.184
0,7077543,7,phononTS,0.00047322,0.00200495,1.7435e-06,0.000262498,698.184,0.00047322,1,0.00196822,0.000182875,-0.0002625,804.254
0,7082781,4,phononTS,0.000675918,0.00285825,0.00161878,-0.0002625,1210.05,0.000382,1,0.00200389,0.00199538,0.0002625,2312.18
0,7086415,5,phononTF,0.00135957,0.0012665,-0.00327726,-0.0002625,912.583,0.000382,1,0.00099522,-0.00300128,0.0002625,1660.06
0,7086415,6,phononTS,0.000515245,0.00099522,-0.00300128,0.000262498,1660.06,0.000515245,1,0.00209117,-0.00245293,-0.0002625,1922.24
0,7089196,9,phononTS,0.000505772,0.00297379,0.00136881,-0.0002625,6199.76,0.000382,1,0.00299957,0.000997066,0.0002625,11277.8
0,7091424,10,phononTS,0.000415091,3.53438e-05,0.000429755,-0.000262498,2051.43,0.000382,1,1.56365e-06,-4.72318e-06,0.0002625,2188.21
0,7091995,15,phononTF,0.000647032,0.00200037,0.00200299,0.0002625,19160.2,0.000647032,1,0.00180978,0.00182081,-0.0002625,19866.7
0,7098171,14,phononTS,0.000517424,-0.00199891,2.80132e-06,0.0002625,9064.73,0.000517424,1,-0.00172919,0.000476202,-0.0002625,10781.8
0,7102176,20,phononL,0.00239398,0.00156138,0.000778701,-0.0002625,488.315,0.001146,1,0.0010028,0.00100094,0.0002625,747.975
0,7102997,10,phononTF,0.000466805,0.00162399,0.00160781,-0.0002625,2511,0.000382,1,0.00100217,0.00100215,0.0002625,3685.8
0,7103964,7,phononTF,0.000382314,-0.00213881,-0.00212708,-0.0002625,12697.4,0.000382,1,-0.00200178,-0.00199632,0.0002625,13475
0,7104596,18,phononTS,0.000464947,0.00200149,-0.00164435,-0.0002625,2496.59,0.000382,1,0.0020023,-0.00199875,0.0002625,3128.92
0,7104597,3,phononL,0.00666055,0.00197344,0.000567955,0.000132762,578.827,0.00349636,1,0.000406036,0.00121383,-0.0002625,776.387
0,7105336,1,phononTS,0.01,0.0029747,0.0010364,0.000160688,0,0.003438,1,0.00299925,0.000998714,0.0002625,257.531
0,7107479,16,phononL,0.000653413,0.00328041,0.00197604,-0.000262498,1288.28,0.000382,1,0.00199794,0.00199995,0.0002625,1437.79
0,7108562,5,phononTS,0.000687089,0.00300289,0.000995056,0.0002625,177.361,0.000437783,1,0.0010531,-0.000585399,-0.0002625,8065.06
0,7109590,5,phononL,0.00130945,0.00259794,0.00192807,-0.0002625,5418.33,0.000764,1,0.00199946,0.00200214,0.0002625,5675.88
0,7110864,17,phononTS,0.000602037,-0.000559311,-0.00256943,-0.000262498,10371.7,0.000382,1,-1.50523e-06,-0.00199855,0.0002625,10573.4
0,7117415,4,phononTF,0.00274504,0.00225608,0.00173882,-0.0002625,625.93,0.000764,1,0.00199528,0.00200029,0.0002625,845.705
0,7117866,12,phononTS,0.000612614,-0.000197468,-0.000912175,-0.0002625,8428.3,0.000382,1,-0.000995663,-0.00100127,0.0002625,9195.13
0,7119068,13,phononTS,0.000501602,-2.8548e-06,0.00199676,0.000262498,6551.06,0.000501602,1,3.84681e-05,0.0027743,-0.0002625,6737.82
0,7119294,6,phononTF,0.000927523,0.000844655,-0.0011468,-0.0002625,1471.18,0.000382,1,-4.84392e-06,-0.00200367,0.0002625,4907
0,7125543,4,phononTF,0.00148985,0.0022116,0.000209162,-0.0002625,500.551,0.000764,1,0.00199991,-2.29044e-06,0.0002625,1017.8
0,7127748,22,phononTS,0.000401028,0.00195927,0.000308959,-0.0002625,2399.42,0.000382,1,0.00199697,-4.68509e-06,0.0002625,2938.27
0,7131258,10,phononTS,0.00048934,0.00104542,0.000970862,-0.000262498,1375.91,0.000382,1,0.00100137,0.00100123,0.0002625,1465.46
0,7135894,8,phononTF,0.00061582,0.00201145,0.00163561,-0.0002625,925.686,0.000382,1,0.00199756,0.00200011,0.0002625,1501.05
0,7136476,6,phononTF,0.000522259,-7.62207e-05,0.00276443,-0.0002625,6779.78,0.000382,1,-0.00100148,0.00300078,0.0002625,8891.69
0,7138387,5,phononL,0.00117919,-0.00129074,0.000122792,-0.0002625,750.583,0.000382,1,-0.00200041,0.00199946,0.0002625,2205.3
0,7138387,3,phononTS,0.00042739,0.00230423,0.000787311,0.000262498,278.258,0.00042739,1,0.00233952,0.000736448,-0.0002625,367.423
0,7138514,3,phononTS,0.000526054,0.00166958,7.13871e-05,-0.0002625,31.7933,0.000382,1,0.000997387,-0.00100409,0.0002625,589.113
0,7140364,11,phononTS,0.000526781,-0.000232328,0.00196287,-0.000262498,1165.21,0.000382,1,-4.49253e-06,0.00200342,0.0002625,1276.28
0,7140364,3,phononL,0.00302289,0.00249088,0.00116242,0.000262498,8.86402,0.00166872,1,0.00271586,0.000784546,-0.0002625,83.9731
0,7140364,12,phononTF,0.00115989,-0.005,-5.3238e-05,-0.000103756,83.9731,0.000383985,1,-0.00359634,0.000690366,-0.0002625,2488.52
0,7151540,1,phononTS,0.01,0.00300054,0.00100338,0.000259243,0,0.002292,1,0.00300202,0.0010031,0.0002625,521.028
0,7151540,5,phononTS,0.00209662,0.005,-0.000327949,-0.00017652,521.028,0.000922766,1,0.0037556,0.000725784,-0.0002625,1269.28
0,7153335,27,phononTS,0.000856888,0.00300253,0.00100429,0.000262498,19624.4,0.000407692,1,0.00302311,0.000710856,-0.0002625,19743.3
0,7155117,8,phononTS,0.00141261,-0.0030045,-0.00233989,-0.0002625,7401.17,0.000382,1,-0.00200462,-0.00199548,0.0002625,8793.01
0,7156371,4,phononTS,0.000661533,-0.005,-0.00491184,-9.1488e-05,868.482,0.000382,1,5.54106e-07,2.99119e-06,0.0002625,3936.03
0,7162419,10,phononTS,0.000419844,0.00200067,-3.86443e-07,0.000262498,1653.56,0.000419844,1,0.00200424,-3.1943e-05,-0.0002625,1748.66
0,7162419,2,phononTF,0.00134255,0.00248671,0.00114872,0.000262498,33.3069,0.000485482,1,0.0025026,0.00147068,-0.0002625,146.586
0,7165510,10,phononTS,0.000772755,0.00293081,0.000976972,-0.000262499,504.529,0.000382,1,0.0029957,0.00100426,0.0002625,600.499
0,7171758,6,phononTF,0.00100757,0.00109554,-0.00334131,-0.0002625,1416.51,0.000764,1,0.00200405,-0.00200217,0.0002625,3678.04
0,7172126,12,phononTS,0.000589154,0.00299033,0.000991231,-0.000262498,3941.52,0.000382,1,0.00299848,0.000999213,0.0002625,4031.37
0,7175464,5,phononTS,0.0019003,0.0029488,0.000399803,-0.0002625,573.511,0.000382,1,0.0030043,0.000997541,0.0002625,1827.89
0,7175464,10,phononTF,0.000625853,0.0030043,0.000997541,0.000262498,1827.89,0.000625853,1,0.00324178,0.000748263,-0.0002625,1935.3
0,7175581,32,phononTS,0.00043412,0.00105017,0.000617292,-0.0002625,2834.89,0.000382,1,0.00100415,0.00100184,0.0002625,3745.22
0,7179273,5,phononTS,0.000408451,0.00358827,0.00103122,-0.000262498,929.39,0.000382,1,2.06745e-06,-0.00199785,0.0002625,1785.83
0,7179273,3,phononTS,0.00171849,0.00238769,0.00102113,0.000262498,56.3709,0.000827642,1,0.00241619,0.000902306,-0.0002625,159.663
0,7180167,10,phononTS,0.000439433,0.00399701,0.005,-0.000119025,15321.4,0.000439433,1,0.00399944,0.00482239,-0.0002625,16699.2
0,7182064,6,phononTF,0.000822093,-0.0027911,0.00299228,-0.0002625,2336.32,0.000382,1,-0.00199505,0.0020016,0.0002625,8125.34
0,7183005,16,phononTF,0.000709359,-0.000452493,-0.000761036,-0.000262498,1367.24,0.000382,1,3.71956e-06,4.08338e-06,0.0002625,1554.31
0,7188924,3,phononTS,0.00268701,0.00240834,0.00200628,-0.000254795,865.759,0.000382,1,0.00199635,0.00200225,0.0002625,1298.39
0,7188924,19,phononL,0.00138577,0.00199635,0.00200225,0.000262498,1298.39,0.000476968,1,0.00215278,0.00247642,-0.0002625,1377.06
0,7191872,10,phononTS,0.000624116,0.00101313,0.00139284,-0.0002625,8341.68,0.000382,1,0.00100044,0.000997323,0.0002625,8678.81
0,7191872,2,phononTS,0.00111397,0.00191526,0.00154097,0.000262498,465.1,0.000353449,1,0.00196707,0.000556677,-0.0002625,694.289
0,7195182,3,phononTS,0.00136603,0.00276273,0.000863405,-0.0002625,119.969,0.000382,1,0.00299652,0.00100272,0.0002625,538.253
0,7197525,6,phononTS,0.00125324,0.00293961,0.005,-0.000139125,1430.24,0.000382,1,0.00200411,-5.99157e-07,0.0002625,3641.57
0,7199863,17,phononTF,0.000708344,0.0009983,-0.00300186,0.0002625,6426.28,0.000708344,1,0.000741103,-0.00319633,-0.0002625,6635.42
0,7204242,9,phononTF,0.00051909,0.00192063,0.00200289,-0.000262498,921.15,0.000382,1,0.00199556,0.00200451,0.0002625,1012.45
0,7207643,3,phononTS,0.00203737,0.00303257,0.00105766,-0.000262498,578.947,0.000764,1,0.00300347,0.00100395,0.0002625,668.272
0,7208096,2,phononTF,0.00295541,0.00213954,0.000139837,-0.0002625,678.63,0.000382,1,0.00200001,-4.64004e-06,0.0002625,967.871
0,7208096,15,phononTF,0.00105685,0.00200001,-4.64004e-06,0.000262498,967.871,0.000660721,1,0.00231661,0.000154604,-0.0002625,1081.6
0,7210114,8,phononTF,0.000605613,-0.000996051,0.000999021,0.000262498,7028.58,0.000605613,1,-0.000720603,0.000936386,-0.0002625,7136.26
0,7210114,2,phononTS,0.00596255,0.0017832,0.000889582,-2.69898e-05,730.214,0.00181031,1,0.00224178,0.00095277,-0.0002625,866.669
0,7215480,4,phononL,0.00123723,0.00222189,0.00164604,-0.0002625,216.591,0.000764,1,0.00200043,0.00199938,0.0002625,437.807
0,7221894,4,phononTF,0.00228832,0.00185839,0.00186668,-0.0002625,1108.57,0.000382,1,0.00199832,0.0020002,0.0002625,1519.65
0,7221894,5,phononTS,0.00146833,0.00199832,0.0020002,0.000262498,1519.65,0.000383816,1,0.00317639,0.000823629,-0.0002625,1866.91
0,7225846,4,phononTF,0.000985603,0.00304976,0.000974697,-0.0002625,1948.01,0.000764,1,0.00300463,0.00100297,0.0002625,2581.17
0,7226347,4,phononTF,0.000495378,0.00223005,0.000325529,-0.0002625,174.842,0.000382,1,0.00200003,-4.18614e-06,0.0002625,525.237
0,7226348,3,phononTS,0.00330732,0.002477,0.00118853,0.000237339,7.90429,0.00162157,1,0.00230338,0.00492144,-0.0002625,811.966
0,7226394,9,phononTS,0.000614066,0.0020532,2.03846e-05,-0.000262498,539.842,0.000382,1,0.00200141,-3.66633e-06,0.0002625,629.418
0,7227158,25,phononTF,0.000862512,0.00131908,0.00133756,-0.0002625,493.454,0.000382,1,0.00100448,0.000997591,0.0002625,1098.05
0,7227548,6,phononTS,0.000699853,0.00200086,0.0020045,0.000262498,466.844,0.000360403,1,0.00278877,0.00206271,-0.0002625,654.783
0,7227856,9,phononTS,0.00166127,0.00296763,0.000964575,-0.000262498,720.357,0.000764,1,0.00299681,0.000996647,0.0002625,809.885
0,7228738,17,phononTF,0.000400707,-0.00202601,2.03589e-05,-0.000262498,7873.9,0.000382,1,-0.00200368,-3.25944e-06,0.0002625,7963.95
0,7234450,10,phononTS,0.000391593,-0.000997703,-0.000998711,0.0002625,3729.75,0.000391593,1,-0.000986758,-0.00105378,-0.0002625,4335.75
0,7235853,2,phononTF,0.000479061,0.00242656,0.00235372,-0.0002625,811.253,0.000382,1,0.00200044,0.00200458,0.0002625,1274.53
0,7236616,12,phononTS,0.000445921,0.00205661,0.0019821,-0.0002625,557.485,0.000382,1,0.0020026,0.00199937,0.0002625,1070.55
0,7241930,7,phononTS,0.000504968,-0.005,-0.00414306,-0.00013085,720.051,0.000382,1,-0.00299608,-0.00100269,0.0002625,3477.95
0,7242217,6,phononTF,0.000843068,0.00181769,0.00225942,-0.0002625,568.11,0.000764,1,0.00199537,0.00200292,0.0002625,904.267
0,7245764,3,phononTF,0.00144302,0.0019796,8.67762e-05,-0.0002625,10.5386,0.000382,1,0.0020018,4.97721e-07,0.0002625,658.924
0,7245764,12,phononL,0.000484001,0.0020018,4.97721e-07,0.000262498,658.924,0.000484001,1,0.00240295,-0.000172293,-0.0002625,733.683
0,7248608,18,phononTF,0.000806689,0.00215819,0.00214921,-0.0002625,388.861,0.000382,1,0.00200245,0.00199989,0.0002625,680.339
0,7249417,6,phononTS,0.00118687,0.00197487,-1.65348e-05,-0.0002625,451.166,0.000382,1,0.00199916,9.16242e-07,0.0002625,1187.27
0,7251223,5,phononTS,0.00221212,0.00297469,0.000993728,-0.0002625,167.143,0.001146,1,0.00300112,0.00100098,0.0002625,436.104
0,7251684,7,phononTF,0.00137885,-0.0017821,-0.00018782,-0.000262498,672.783,0.000382,1,-0.00200184,4.79666e-06,0.0002625,776.522
0,7252454,43,phononTS,0.000891228,0.00222495,0.000699628,-0.0002625,2026.58,0.000382,1,0.00200272,-3.93479e-06,0.0002625,3748.69
0,7260594,4,phononTF,0.00117871,0.00290771,0.000973222,-0.0002625,101.84,0.000382,1,0.00300205,0.000999754,0.0002625,470.498
0,7262517,5,phononTS,0.000418967,0.00269639,0.000964716,-0.000262498,471.73,0.000382,1,0.00300062,0.000996287,0.0002625,594.708
0,7263494,7,phononTF,0.00136936,-0.000615884,-0.00119439,-0.0002625,2533.48,0.000382,1,-0.00100273,-0.00099704,0.0002625,4738.65
0,7263970,16,phononTS,0.000586331,-0.00169787,0.00240198,-0.0002625,7255.44,0.000382,1,-0.00200095,0.00199869,0.0002625,8608.62
0,7268600,30,phononTS,0.00153637,0.00196232,0.00179272,-0.000262498,461.901,0.000382,1,0.00200487,0.00199536,0.0002625,570.174
0,7268600,31,phononTS,0.000936211,0.00200487,0.00199536,0.000262498,570.174,0.00078825,1,0.000251669,0.000675112,-0.0002625,992.927
0,7270441,16,phononTS,0.00098,0.00204393,0.0020852,-0.0002625,808.669,0.000764,1,0.00199851,0.00199818,0.0002625,1875.94
0,7271103,10,phononTF,0.000636408,-0.0022188,-0.0003952,-0.0002625,1757.12,0.000382,1,-0.00199705,1.60885e-07,0.0002625,2479.25
0,7271103,2,phononTS,0.00111187,0.00270002,0.00121465,0.000262498,133.246,0.000671687,1,0.00144312,0.00180223,-0.0002625,430.757
0,7272243,10,phononTF,0.000387406,0.00261496,0.00137845,-0.0002625,343.766,0.000382,1,0.00299528,0.00100041,0.0002625,692.191
0,7272243,2,phononTS,0.00425963,0.00252347,0.00136548,4.18628e-05,27.0713,0.00235015,1,0.00253861,0.00132437,-0.0002625,227.747
0,7273731,4,phononTF,0.000942016,-0.000869324,0.00113159,-0.0002625,945.207,0.000382,1,-0.000999808,0.00100271,0.0002625,1611.64
0,7274646,5,phononL,0.000869566,0.00307527,0.000759878,-0.0002625,1365.53,0.000382,1,0.00300244,0.00100292,0.0002625,1564.17
0,7279784,6,phononTS,0.000780553,-0.00104042,0.000991692,-0.0002625,521.998,0.000382,1,-0.000996125,0.00100382,0.0002625,1522.69
0,7280257,9,phononTS,0.00128645,0.000469264,-0.000697639,-0.000262498,1800.64,0.000382,1,0.00100304,-0.000995312,0.0002625,1971.61
0,7291308,7,phononTF,0.000580846,0.00211132,-0.00170903,-0.0002625,2232.58,0.000382,1,0.00200162,-0.00199876,0.0002625,4137.93
0,7293023,4,phononTS,0.00326878,0.00268151,0.000695344,-0.000262498,1031.33,0.000382,1,0.00300384,0.00100018,0.0002625,1178.13
0,7293023,9,phononTS,0.00225805,0.00300384,0.00100018,0.000262498,1178.13,0.000538982,1,0.00367061,0.000960991,-0.0002625,1346.94
0,7293062,9,phononTF,0.000491762,-0.000114664,-0.00212877,-0.0002625,3441.89,0.000382,1,3.68964e-06,-0.00199556,0.0002625,4072.41
0,7294184,8,phononTF,0.000426219,-0.000802581,0.00285494,-0.0002625,1916.39,0.000382,1,-0.00100235,0.00300192,0.0002625,2420.61
0,7296489,5,phononTF,0.00174114,0.00319768,0.000804064,-0.000262498,229.542,0.000382,1,0.00300129,0.00100223,0.0002625,331.322
0,7302250,4,phononTS,0.00283198,0.00257698,0.00123024,0.000130885,9.42516,0.000382,1,0.00300421,0.000997687,0.0002625,145.39
0,7309864,15,phononTS,0.00173073,-0.000137442,-0.00081317,-0.0002625,2326.16,0.000382,1,-0.00100101,-0.000998691,0.0002625,2945.67
0,7311921,7,phononTS,0.000772798,0.00200164,0.00199802,0.0002625,180.802,0.000315283,1,0.00205193,0.00254695,-0.0002625,485.645
0,7317383,5,phononTF,0.00224339,0.00206724,0.00194245,-0.0002625,584.056,0.000382,1,0.00200458,0.00200192,0.0002625,766.22
0,7319704,8,phononTS,0.000578742,0.00304903,0.000973058,-0.000262498,854.286,0.000382,1,0.00299524,0.00100186,0.0002625,943.62
0,7321719,8,phononTS,0.000719439,-0.005,0.00264945,-0.000247279,2844.89,0.000382,1,-0.000999242,0.00300175,0.0002625,4249.18
0,7323142,13,phononTF,0.000848409,0.00247882,-0.000464223,-0.000262498,735.51,0.000382,1,0.00200176,8.59176e-07,0.0002625,880.726
0,7325654,8,phononTF,0.00052918,-0.00303468,-0.000923613,-0.0002625,3845.63,0.000382,1,-0.00299582,-0.00100361,0.0002625,6785.06
0,7326285,26,phononTF,0.000868829,0.00157843,-0.00243732,-0.000262498,2594.81,0.000382,1,0.00199514,-0.00199877,0.0002625,2732.91
0,7327357,5,phononTS,0.00179821,0.00297736,0.00105901,-0.0002625,701.08,0.000382,1,0.00299866,0.000999909,0.0002625,995.179
0,7329105,3,phononTS,0.00191887,0.00282222,0.00105017,-0.0002625,171.293,0.000382,1,0.0030008,0.00100378,0.0002625,382.626
0,7329105,4,phononTS,0.00124032,0.0030008,0.00100378,0.000262498,382.626,0.000351396,1,0.00280252,0.00102852,-0.0002625,491.046
0,7330820,7,phononTF,0.00045019,0.00117266,0.00256835,-0.000262498,1100.3,0.000382,1,4.68556e-06,0.00199624,0.0002625,1355.14
0,7332710,32,phononL,0.000509549,0.000253966,-0.00118515,-0.0002625,5168.4,0.000382,1,1.22105e-06,-0.00200302,0.0002625,5605.28
0,7334522,11,phononTF,0.000522633,0.00320165,0.00120462,-0.0002625,8818.64,0.000382,1,0.00300394,0.000998479,0.0002625,12918.4
0,7335207,6,phononL,0.000494023,0.00272671,0.00110157,-0.0002625,248.04,0.000382,1,0.00299645,0.00100482,0.0002625,450.119
0,7337537,6,phononTF,0.00117825,0.00247805,0.000565706,-0.000262498,544.07,0.000382,1,0.00299549,0.00100192,0.0002625,693.675
0,7341045,26,phononTS,0.000745431,0.00304833,0.00156306,-0.000262498,972.16,0.000382,1,0.00299522,0.000998731,0.0002625,1130.56
0,7341106,8,phononTS,0.0008998,0.000978512,0.000426609,-0.000262498,3885.9,0.000382,1,0.000995398,0.000995816,0.0002625,4041.41
0,7346909,8,phononTF,0.00044556,0.000986438,0.00113196,-0.0002625,749.964,0.000382,1,0.00100286,0.000995925,0.0002625,1222.44
0,7348768,8,phononTS,0.00100781,-0.000944124,-0.00106799,-0.000262498,11977.7,0.000382,1,-0.000996384,-0.00100476,0.0002625,12078
0,7352119,8,phononTS,0.000812668,-0.00172489,-0.00346283,-0.000262499,5468,0.000382,1,-0.00299786,-0.000998301,0.0002625,6007.27
0,7352950,4,phononTS,0.00219219,-0.00261294,-0.00099281,-0.0002625,1025.97,0.000764,1,-0.0030017,-0.000995136,0.0002625,5972.48
0,7355967,11,phononTS,0.000655436,0.00072592,0.00268878,-0.0002625,5355.92,0.000382,1,0.00199717,0.00200379,0.0002625,6258.66
0,7358058,7,phononTS,0.00239218,0.00264988,0.000433852,-0.0002625,1702.29,0.000764,1,0.00200495,1.57492e-06,0.0002625,2179.66
0,7359174,6,phononTS,0.000631759,0.00227299,0.0015759,-0.0002625,2416.81,0.000382,1,0.00199992,-1.16514e-06,0.0002625,3470.42
0,7366857,5,phononTS,0.00181611,0.00303818,0.00130278,-0.000262498,211.688,0.000764,1,0.00299745,0.00100327,0.0002625,331.114
0,7367141,2,phononTS,0.000932665,0.00277597,0.00106081,-0.000262498,280.406,0.000382,1,0.00199931,0.00200286,0.0002625,551.92
0,7368792,5,phononTF,0.000629618,0.00210083,0.00189556,-0.0002625,1422.29,0.000382,1,0.00199624,0.00200467,0.0002625,1702.85
0,7368792,2,phononTS,0.00530683,0.00221878,0.000207883,-0.000253281,264.362,0.00146423,1,0.00222017,0.000223308,-0.0002625,543.515
0,7370787,8,phononTS,0.000567927,0.00300447,0.000999563,0.000262498,8932.29,0.000567927,1,0.00270583,0.000291184,-0.0002625,9126.78
0,7376402,26,phononTF,0.000519942,0.00105314,-0.00104925,-0.000262499,3675.41,0.000382,1,0.00100216,-0.000996822,0.0002625,3766.18
0,7377819,7,phononTS,0.000904665,-0.00211491,0.000859532,-0.0002625,10353.5,0.000382,1,-0.00299512,-0.000996299,0.0002625,11471
0,7380342,6,phononTF,0.000697413,0.00149366,0.000414199,-0.000262498,2100.81,0.000382,1,0.00200447,-2.92892e-06,0.0002625,2248.56
0,7382310,5,phononL,0.00144127,-0.00236351,0.00205535,-0.0002625,4.32619,0.000382,1,-0.00200236,0.00200011,0.0002625,1663.57
0,7385638,11,phononTS,0.00038417,-0.00253033,-0.00110198,-0.0002625,2389.29,0.000382,1,-0.000997676,0.00100443,0.0002625,4817.83
0,7386113,2,phononTS,0.00170265,0.00288089,0.00106096,-0.0002625,83.539,0.000382,1,0.00299847,0.001001,0.0002625,504.373
0,7386443,8,phononTS,0.000653691,-0.00101306,-0.000102319,-0.0002625,6764.57,0.000382,1,-1.09294e-06,-4.22964e-06,0.0002625,7573.75
0,7386443,4,phononTF,0.00168311,0.00254687,0.00118778,0.000262498,19.3171,0.00105388,1,0.00201081,0.00170702,-0.0002625,175.434
0,7388706,2,phononTS,0.0010035,0.00177166,0.00109598,-0.0002625,37.4932,0.000382,1,0.00100448,0.00100058,0.0002625,413.696
0,7388706,13,phononTF,0.000480795,0.00100448,0.00100058,0.000262498,413.696,0.000480795,1,0.000917365,0.00108562,-0.0002625,505.957
0,7389478,4,phononTS,0.00225315,0.0022062,0.0018699,-0.0002625,557.865,0.000764,1,0.00200288,0.00199597,0.0002625,2211.51
0,7393098,2,phononTF,0.00251591,0.00190941,0.00186269,-0.0002625,1887.99,0.001146,1,0.00199736,0.00199682,0.0002625,3408.41
0,7393990,2,phononTF,0.00230841,0.00224562,0.00172091,-0.0002625,577.475,0.000382,1,0.0019968,0.00199501,0.0002625,799.349
0,7399983,3,phononTS,0.000547975,0.00287681,0.00157444,-0.0002625,33.0819,0.000382,1,0.0030037,0.000997841,0.0002625,1307.67
0,7399983,2,phononTS,0.000410608,0.00255212,0.00115969,0.000262498,33.0819,0.000410608,1,0.00231957,0.0012049,-0.0002625,144.607
0,7404655,23,phononTS,0.000834262,0.000695274,-0.000804938,-0.000262498,2545.52,0.000382,1,0.00199574,4.51884e-06,0.0002625,2857.63
0,7404656,1,phononTF,0.01,0.00217045,0.00073742,-6.78419e-05,0,0.0035297,1,0.00204249,0.000794094,-0.0002625,562.865
0,7404691,4,phononTF,0.00163592,0.00207383,0.000453483,-0.0002625,13.251,0.000382,1,0.00199755,-2.28493e-06,0.0002625,1032.28
0,7408896,7,phononTF,0.00163709,0.0019985,-1.62318e-06,0.000262498,1382.45,0.000153239,1,0.00176925,0.000209251,-0.0002625,1487.62
0,7412591,6,phononTF,0.00184151,0.00181519,-0.000204858,-0.0002625,2989.18,0.000382,1,0.000998927,-0.00100452,0.0002625,6529.13
0,7413194,12,phononTF,0.000422395,0.00020833,0.000203727,-0.000262499,8710.11,0.000382,1,3.0681e-06,-3.86946e-06,0.0002625,8812.95
0,7413614,17,phononTF,0.000926957,0.00207375,0.00192862,-0.000262498,3201.64,0.000382,1,0.001999,0.00199932,0.0002625,3293.22
0,7415254,5,phononTF,0.000584799,0.00324476,0.00124081,-0.0002625,1393.27,0.000382,1,0.00300079,0.00100441,0.0002625,4599.88
0,7415858,2,phononTF,0.000616576,0.00288625,0.00100792,-0.0002625,47.1277,0.000382,1,0.0029969,0.00100306,0.0002625,603.166
0,7425367,21,phononTS,0.000606471,-1.77757e-05,-0.00176408,-0.0002625,7431.99,0.000382,1,-3.35053e-06,-0.00200317,0.0002625,10429.7
0,7425697,22,phononTF,0.000733286,0.0020032,0.00199505,0.000262498,1105.79,0.00031338,1,0.00177295,0.00177031,-0.0002625,1211.25
0,7430288,14,phononTF,0.000387218,1.68564e-06,-4.38999e-06,0.0002625,13889.9,0.000387218,1,0.000500137,0.000311715,-0.0002625,14174.3
0,7438369,2,phononTS,0.00347369,0.00232254,0.00104551,-0.000262498,220.282,0.001146,1,0.00199697,0.00199506,0.0002625,446.84
0,7439972,14,phononTF,0.000421637,-0.00100299,-0.000996432,0.000262498,13267.1,0.000421637,1,-0.000905257,-0.00108935,-0.0002625,13359.9
0,7440221,5,phononTS,0.000846921,0.0030033,0.000997869,0.0002625,547.988,0.000846921,1,0.00374126,0.00103271,-0.0002625,914.336
0,7442322,4,phononTF,0.00183635,9.96222e-05,-0.00190907,-0.0002625,350.48,0.000382,1,7.33382e-07,-0.00200267,0.0002625,3849.29
0,7442419,11,phononTS,0.000833467,0.00300288,0.00100364,0.0002625,2385.68,0.000833467,1,0.0010572,0.00201189,-0.0002625,3259.44
0,7442507,19,phononTF,0.000471266,0.005,-0.00350894,2.48607e-05,12453.8,0.000382,1,0.000998505,-0.00100043,0.0002625,13514.3
0,7443175,11,phononL,0.000418424,0.00300159,0.00100175,0.000262498,6884.06,0.000418424,1,0.00292652,0.000581468,-0.0002625,6957.98
0,7445883,11,phononTF,0.000675098,0.000705826,-0.000626631,-0.0002625,6001.39,0.000382,1,0.000995666,-0.00100062,0.0002625,7986.76
0,7446432,4,phononTS,0.00125332,-0.000340297,-4.20746e-05,-0.0002625,25.9078,0.000382,1,-0.000996061,-0.000998496,0.0002625,1181.01
0,7447602,3,phononTF,0.000835061,0.00221697,0.00161632,-0.0002625,18.1458,0.000382,1,0.00200256,0.00199963,0.0002625,265.069
0,7448278,4,phononTS,0.000624565,-0.00376616,-0.00106874,-0.0002625,196.714,0.000382,1,-0.00299889,-0.00100162,0.0002625,3148.97
0,7449828,6,phononTS,0.000457824,0.000917521,0.001744,-0.0002625,2810.62,0.000382,1,0.000998596,0.00099874,0.0002625,3350.61
0,7454354,13,phononTS,0.000941788,0.00321555,0.00104213,-0.0002625,3465.98,0.000382,1,0.00299782,0.000997062,0.0002625,7511.44
0,7454967,6,phononTS,0.000686117,-0.00146707,-0.005,-7.15204e-05,4984.04,0.000382,1,0.00199524,-0.00200352,0.0002625,6107.78
0,7457014,7,phononTS,0.000473901,0.000995538,0.00100033,0.000262498,1237.95,0.000473901,1,0.00176296,0.00226608,-0.0002625,1541.57
0,7464162,17,phononTF,0.000564811,1.03016e-06,0.00200025,0.000262498,11502.5,0.000564811,1,0.00043541,0.00158173,-0.0002625,11639.3
0,7467566,6,phononTF,0.000494811,0.00189744,0.00210664,-0.0002625,1585.26,0.000382,1,0.00199671,0.00200258,0.0002625,2051.14
0,7470466,10,phononL,0.000501424,-0.000480228,-0.000912345,-0.0002625,2258.95,0.000382,1,-0.000997082,-0.000995543,0.0002625,2499.08
0,7478248,10,phononTS,0.00123637,0.0029475,0.000947202,-0.000262498,354.993,0.000764,1,0.00299716,0.000996403,0.0002625,448.988
0,7481754,3,phononTS,0.00134486,0.00217896,0.00162526,-0.0002625,46.2991,0.000382,1,0.00199644,0.00199874,0.0002625,329.097
0,7485278,3,phononTS,0.00201081,0.00297509,0.000963931,-0.000262498,239.339,0.000764,1,0.00299621,0.000996573,0.0002625,329.7
0,7485388,15,phononTS,0.000722039,-0.00412068,-0.005,-0.000241577,767.689,0.000722039,1,-0.00416441,-0.00495425,-0.0002625,2404.56
0,7486930,10,phononTF,0.000405596,-0.000694644,0.00123724,-0.000262498,3034.39,0.000382,1,-0.000996378,0.00100081,0.0002625,3148
0,7488500,3,phononTS,0.00243625,0.00258594,0.000965595,-0.0002625,324.72,0.000382,1,0.00300296,0.000999422,0.0002625,593.621
0,7490391,9,phononTF,0.00078095,0.00199531,2.38448e-06,0.000262498,953.588,0.000365329,1,0.00244735,0.00118123,-0.0002625,1206.01
0,7491873,4,phononTS,0.00150302,0.0012067,0.000692272,-0.0002625,62.1949,0.000382,1,3.72598e-06,-2.07852e-06,0.0002625,659.745
0,7497831,21,phononL,0.000933866,0.00291124,0.00104068,-0.000262498,1327.06,0.000382,1,0.00299726,0.00100054,0.0002625,1389.87
0,7503028,5,phononTS,0.00167002,0.00127985,0.00097998,-0.0002625,1695.28,0.000382,1,0.000995975,0.00100045,0.0002625,2701.35
0,7503721,6,phononL,0.000539499,0.00185064,0.000830459,-0.0002625,6384.57,0.000382,1,0.00199666,-2.47695e-06,0.0002625,6920.2
0,7504412,24,phononTS,0.00040688,-0.000355348,-0.00195465,-0.0002625,3890.17,0.000382,1,3.72133e-06,-0.00199757,0.0002625,4307.58
0,7505131,10,phononTS,0.000688021,-0.00103151,-0.00105497,-0.0002625,5355.16,0.000382,1,-0.00100118,-0.00100248,0.0002625,5623.07
0,7505856,2,phononTS,0.00386753,0.00209695,0.00107309,-0.0002625,411.271,0.000382,1,0.000999824,0.00100054,0.0002625,766.56
0,7510355,3,phononTF,0.00153619,0.00292131,0.000928035,-0.0002625,410.148,0.000764,1,0.0029957,0.000999797,0.0002625,883.074
0,7511193,7,phononTS,0.000561793,0.00203189,0.00199994,-0.0002625,88.0706,0.000382,1,0.00199954,0.00200295,0.0002625,812.197
0,7511392,13,phononTS,0.000412039,0.00194177,0.00129451,-0.0002625,6434.95,0.000382,1,4.86644e-06,-1.08403e-06,0.0002625,9930.34
0,7512489,8,phononTS,0.000387712,-0.000350817,0.0010691,-0.0002625,290.577,0.000382,1,-0.00100416,0.00100331,0.0002625,1127.35
0,7515829,1,phononTS,0.01,0.00307713,0.000998727,0.000202127,0,0.00382,1,0.00299752,0.000999485,0.0002625,282.849
0,7519457,13,phononTS,0.000398378,0.00102926,-0.00305618,-0.0002625,7636.4,0.000382,1,0.000995468,-0.00300444,0.0002625,8125.66
0,7520645,5,phononTS,0.000716228,-0.00105363,0.000346664,-0.0002625,285.456,0.000382,1,-0.00200345,-4.91738e-08,0.0002625,1423.08
0,7521027,7,phononTS,0.000596288,0.00278308,0.000951053,-0.0002625,389.266,0.000382,1,0.00300235,0.000996483,0.0002625,750.768
0,7522517,28,phononTS,0.000744535,-0.00104404,0.00322553,-0.0002625,6574.13,0.000382,1,-0.000998738,0.00299818,0.0002625,7254.27
0,7526525,15,phononTS,0.00109279,0.00200202,0.0020019,0.0002625,1282.25,0.000673812,1,0.00199673,0.00190037,-0.0002625,1682.04
0,7528200,11,phononTS,0.000576048,0.000520151,0.00305664,-0.000262498,7991.21,0.000382,1,0.00200266,0.00199732,0.0002625,8365.01
0,7529213,25,phononTS,0.000421162,-0.00113772,0.00103903,-0.0002625,5678.67,0.000382,1,-0.00100047,0.000996909,0.0002625,7391.72
0,7536095,2,phononTF,0.00650843,0.00334514,0.00121781,-5.02934e-05,727.815,0.00191,1,0.00300331,0.00100095,0.0002625,1571.4
0,7536507,14,phononL,0.00107003,0.00199996,0.00200036,0.000262498,1156.01,0.000738158,1,0.00193622,0.0017459,-0.0002625,1222.5
0,7538999,5,phononL,0.000653451,3.16154e-06,1.49007e-06,0.000262498,1519.76,0.000234952,1,0.00034314,-0.000755951,-0.0002625,1627.53
0,7539324,18,phononTS,0.000724583,0.000546845,0.000229701,-0.0002625,3937.12,0.000382,1,0.000999543,-0.00100331,0.0002625,5159.33
0,7539849,3,phononTS,0.0009294,0.00300267,0.000999903,0.0002625,182.392,0.000456167,1,0.00309243,0.000948066,-0.0002625,591.746
0,7540243,3,phononTS,0.00139294,0.00211527,0.000309667,-0.0002625,155.278,0.000382,1,0.00199538,4.44278e-06,0.0002625,694.736
0,7543732,4,phononTF,0.00238815,0.00213877,0.000152106,-0.0002625,307.16,0.000382,1,0.0019955,-9.0726e-07,0.0002625,889.565
0,7543732,11,phononTS,0.000896357,0.0019955,-9.0726e-07,0.000262498,889.565,0.000376632,1,0.00296371,-0.000583721,-0.0002625,1144.86
0,7549400,7,phononTS,0.00108074,0.000997949,0.000995069,0.000262498,3113.78,0.00108074,1,0.001038,0.000655245,-0.0002625,3238.24
0,7549594,16,phononTS,0.000554302,0.000965966,-0.00365458,-0.0002625,5317.66,0.000382,1,0.000999615,-0.00300119,0.0002625,8254.75
0,7551679,9,phononTS,0.000606436,4.15441e-06,0.00199953,0.0002625,1467.99,0.000606436,1,0.000484195,0.0019954,-0.0002625,1756.32
0,7557058,19,phononL,0.00102694,-0.00153445,0.000772011,-0.0002625,2582.25,0.000382,1,0.00100089,0.00100084,0.0002625,4774.5
0,7558760,5,phononTS,0.00108298,0.00254962,0.0010479,-0.000262498,225.883,0.000382,1,0.00299966,0.00100106,0.0002625,364.617
0,7560961,5,phononTS,0.00051731,0.00300161,0.00100247,0.000262498,460.262,0.00051731,1,0.0029525,0.00103934,-0.0002625,549.414
0,7563206,10,phononTS,0.00059569,-0.00100277,0.00100488,0.000262498,7243.36,0.00059569,1,-0.00105395,0.000954777,-0.0002625,7342.69
0,7576152,7,phononTS,0.000619621,0.000275991,0.0013533,-0.0002625,928.176,0.000382,1,2.97682e-06,0.00199796,0.0002625,1479.15
0,7576350,2,phononTS,0.00133496,0.0010029,-0.000998439,0.0002625,168.326,0.000214183,1,0.000962003,-0.000987662,-0.0002625,1009.16
0,7576905,4,phononTF,0.0030617,0.00286669,0.0011716,-0.0002625,58.8815,0.000382,1,0.00300017,0.000996783,0.0002625,627.396
0,7582223,4,phononTS,0.000425945,0.00218129,0.00103034,-0.000262498,296.697,0.000382,1,0.00299911,0.000998278,0.0002625,493.553
0,7582862,16,phononTF,0.000618401,0.00257074,-0.0024427,-0.000262498,5596.56,0.000382,1,0.00199501,-0.00199895,0.0002625,5754.76
0,7583076,22,phononTF,0.000735866,-0.000825011,0.000634909,-0.0002625,1378.03,0.000382,1,-0.00100483,0.00100241,0.0002625,2988.23
0,7586786,3,phononTF,0.0023053,-0.0014979,0.00395597,-0.0002625,136.047,0.000764,1,-0.00100445,0.00300006,0.0002625,2449.83
0,7586879,2,phononTS,0.00125562,0.00163377,-0.00292663,-0.0002625,240.632,0.000382,1,1.90625e-06,-0.00199563,0.0002625,4626.01
0,7586880,1,phononTF,0.01,0.002701,0.00101162,-0.000249544,0,0.00492649,1,0.00270544,0.00101588,-0.0002625,376.439
0,7587666,12,phononL,0.000892747,0.00295777,0.0013916,-0.0002625,867.629,0.000382,1,0.0030005,0.000998621,0.0002625,1228.37
0,7588329,10,phononTF,0.000551064,0.00175074,0.0013041,-0.0002625,3423.03,0.000382,1,0.00100271,0.00099552,0.0002625,4321.77
0,7594290,2,phononTF,0.000706131,0.00211384,0.000283357,-0.0002625,11.7478,0.000382,1,0.00200109,-3.53804e-06,0.0002625,449.607
0,7594468,5,phononTS,0.00083365,0.00221129,0.00127336,-0.000262498,202.733,0.000382,1,-0.000995224,-0.000995089,0.0002625,937.603
0,7602918,5,phononTS,0.000512378,-0.00202822,-3.88369e-05,-0.000262498,2865.11,0.000382,1,-0.00199676,3.54906e-07,0.0002625,2958.55
0,7603090,5,phononTS,0.00126938,0.00412726,0.00190198,-0.0002625,0.703601,0.000382,1,-0.000996384,0.000998575,0.0002625,1947.35
0,7604681,2,phononTF,0.000963556,0.00272461,0.00127543,-0.0002625,154.485,0.000382,1,0.00299913,0.00100376,0.0002625,377.947
0,7615018,4,phononTS,0.000401447,-0.00441948,-0.00196829,-0.0002625,645.484,0.000382,1,-0.00100086,0.00100471,0.0002625,4086
0,7615997,4,phononTS,0.00090513,0.00103168,-0.00329403,-0.0002625,510.129,0.000382,1,0.000995506,-0.00300265,0.0002625,2577
0,7616966,6,phononTS,0.000946477,0.00196616,4.4873e-05,-0.0002625,343.653,0.000382,1,0.00199977,-1.99629e-06,0.0002625,790.037
0,7616966,7,phononTF,0.000424573,0.00199977,-1.99629e-06,0.000262498,790.037,0.000424573,1,0.00174435,-0.000432139,-0.0002625,920.88
0,7618404,11,phononTS,0.000507062,-3.46659e-05,0.00203723,-0.0002625,1796.93,0.000382,1,-2.22748e-06,0.00199739,0.0002625,2447.17
0,7622277,2,phononTS,0.00427348,0.00199944,-1.95993e-06,0.0002625,9.41467,0.00112307,1,0.000171888,-0.00147007,-0.0002625,855.327
0,7622360,1,phononTF,0.01,0.00300069,0.000992311,0.000229706,0,0.001528,1,0.0029972,0.000995663,0.0002625,388.099
0,7623214,6,phononTS,0.000458015,-0.00100017,0.00100401,0.0002625,1740.15,0.000458015,1,-0.000985187,0.00103555,-0.0002625,2901.09
0,7625442,6,phononTF,0.00065089,0.000292026,0.00191887,-0.0002625,2523.97,0.000382,1,2.18052e-06,0.00199554,0.0002625,2884.68
0,7625935,4,phononTS,0.00263542,0.00293754,0.00113123,-0.0002625,715.679,0.000764,1,0.00300213,0.00100288,0.0002625,1141.54
0,7625935,5,phononTS,0.000964996,0.00300213,0.00100288,0.000262498,1141.54,0.000906232,1,0.00325649,0.00104575,-0.0002625,1255.59
0,7625935,3,phononTS,0.000788135,0.00274374,0.00151628,0.000262498,715.679,4.58457e-05,1,0.00282722,0.00154728,-0.0002625,812.972
0,7626658,8,phononTS,0.000712503,0.00254962,-0.00162042,-0.0002625,2158.44,0.000382,1,0.00199816,-0.00200302,0.0002625,5415.47
0,7631463,4,phononTS,0.00164732,0.00370033,0.00114963,-0.0002625,857.435,0.000764,1,0.00299708,0.000996081,0.0002625,2075.57
0,7632768,6,phononTS,0.00117963,0.00131271,0.000984969,-0.0002625,1410.21,0.000764,1,0.000997587,0.000995046,0.0002625,1754.82
0,7634123,9,phononL,0.000562783,0.00100218,0.000997818,0.000262498,8409.32,0.000562783,1,0.00069197,0.00133042,-0.0002625,8485.56
0,7635468,4,phononTS,0.00165076,0.00271866,0.00107514,-0.0002625,18.5311,0.000764,1,0.00299913,0.000999698,0.0002625,264.02
0,7637297,11,phononTS,0.00107916,0.00309936,0.0012189,-0.000262498,448.906,0.000382,1,0.00299985,0.00100333,0.0002625,566.236
0,7637636,3,phononTS,0.00293169,0.00196779,0.00201472,-0.0002625,8.83918,0.000764,1,0.00200217,0.00199841,0.0002625,705.348
0,7639047,2,phononTF,0.00102733,0.0013389,0.000681273,-0.0002625,16.5302,0.000382,1,0.000998158,0.000996563,0.0002625,665.4
0,7639047,11,phononTS,0.000480791,0.000998158,0.000996563,0.000262498,665.4,0.000480791,1,-0.000158292,0.00157418,-0.0002625,940.12
0,7641315,5,phononTF,0.000471749,0.00267041,0.00128759,-0.000262498,299.843,0.000382,1,0.00299803,0.000996976,0.0002625,418.319
0,7644650,10,phononTS,0.000519299,0.00254835,0.000804982,-0.000262498,697.403,0.000382,1,0.00200373,0.00199624,0.0002625,981.623
0,7645797,25,phononTF,0.00126862,0.00300492,0.00100208,0.000262498,304.472,0.000184293,1,0.00284377,0.00116131,-0.0002625,402.36
0,7646653,5,phononTS,0.000668153,0.00207054,0.0008239,-0.000262498,750.129,0.000382,1,0.00199934,-6.66128e-07,0.0002625,943.505
0,7653563,7,phononTS,0.000861032,0.00156669,-0.000786905,-0.000262498,1066.64,0.000382,1,0.00200186,-0.00199502,0.0002625,1345.27
0,7653563,8,phononTS,0.000387187,-0.00493099,0.00096006,-0.000262498,2017.65,0.000387187,1,-0.005,0.0010076,-0.000248438,2033.56
0,7661991,4,phononTS,0.00196043,0.00254775,0.00299849,-0.0002625,56.1283,0.000764,1,0.00200154,0.00200156,0.0002625,2880.42
0,7663517,13,phononTF,0.000464858,0.000827941,-0.00283531,-0.0002625,10998.9,0.000382,1,0.00100177,-0.00300037,0.0002625,11760.8
0,7663517,2,phononTS,0.006209,0.0031979,0.00111667,-0.000233493,305.961,0.000979485,1,0.00309957,0.00118602,-0.0002625,997.388
0,7667143,17,phononTF,0.000433203,-0.005,-0.00243794,-1.78504e-06,18038.2,0.000382,1,-0.00300233,-0.000995606,0.0002625,18843.5
0,7667143,2,phononTS,0.000797716,0.00263914,0.00130012,0.000262498,128.763,0.00064699,1,0.00259998,0.00159444,-0.0002625,247.58
0,7667860,5,phononTS,0.000424315,0.00200092,-6.35746e-08,0.0002625,588.963,0.000424315,1,0.00255944,-9.44491e-05,-0.0002625,1587.68
0,7668144,9,phononTS,0.00050816,-0.000996001,-0.000999457,0.0002625,4309.09,0.00050816,1,-0.000941423,-0.000440398,-0.0002625,4823.51
0,7668757,11,phononTF,0.000500867,0.00147673,0.000530356,-0.000262498,2642.39,0.000382,1,0.00199951,-3.07377e-06,0.0002625,2798.72
0,7671696,4,phononL,0.000464757,0.00197037,0.000198562,-0.0002625,1249.66,0.000382,1,0.00100182,0.00100289,0.0002625,2456.59
0,7675366,10,phononTS,0.000392854,0.00331628,-0.000146434,-0.0002625,1364.33,0.000382,1,0.00199683,-2.96589e-06,0.0002625,4857.16
0,7675366,2,phononTS,0.00257901,0.000987295,0.000301579,-0.0002577,984.155,0.000924703,1,0.000987008,0.000301945,-0.0002625,1324.87
0,7678636,8,phononTF,0.000814026,-0.000194172,-0.000185691,-0.000262498,1318.1,0.000382,1,-4.1649e-06,6.76487e-07,0.0002625,1418.93
0,7680192,11,phononTF,0.000624613,-0.00100175,0.00299869,0.000262498,2644.18,0.000624613,1,-0.00104291,0.00293583,-0.0002625,2735.18
0,7680353,8,phononTS,0.000801455,0.00200388,3.81805e-06,0.0002625,1392.52,0.000801455,1,0.00272967,-8.44503e-05,-0.0002625,1745.9
0,7681786,16,phononTS,0.000391675,0.000994946,-0.00313736,-0.0002625,7875.9,0.000382,1,0.000997291,-0.0030027,0.0002625,8356.1
0,7682753,6,phononTS,0.000551324,0.000661423,0.00115892,-0.000262498,2242.35,0.000382,1,0.00200343,0.00199605,0.0002625,2563.38
0,7690740,22,phononTF,0.000667521,0.000733801,-0.005,0.000135047,4551.3,0.000382,1,-0.00100235,-0.000995627,0.0002625,6661.19
0,7692615,4,phononTF,0.00183286,0.00272399,0.00127634,-0.0002625,106.891,0.000764,1,0.00299861,0.00099823,0.0002625,434.137
0,7694097,1,phononTS,0.01,0.0030801,0.00101561,0.000185686,0,0.001146,1,0.00299971,0.00100081,0.0002625,1839.5
0,7700671,24,phononTS,0.00063051,0.00225773,-0.0008255,-0.000262498,961.029,0.000382,1,0.0020029,-0.00199952,0.0002625,1223.32
0,7701832,5,phononTF,0.000801294,0.000550785,-0.000798335,-0.0002625,590.503,0.000382,1,0.000995135,-0.00100147,0.0002625,1667.05
0,7704258,6,phononTS,0.00091474,0.00205735,-0.00138619,-0.0002625,1481.55,0.000382,1,0.0020025,-0.00200471,0.0002625,2493.3
0,7704780,14,phononTF,0.000594616,0.00125439,-0.00286384,-0.0002625,2651.76,0.000382,1,0.000999684,-0.00299732,0.0002625,4972.93
0,7705547,4,phononTF,0.00286567,0.00212489,0.00179088,-0.0002625,5.64135,0.000382,1,0.00200279,0.00200176,0.0002625,411.38
0,7705937,15,phononTF,0.000469491,0.00113401,0.0031313,-0.0002625,11329.6,0.000382,1,-0.00199985,-2.26006e-06,0.0002625,16098.4
0,7706879,12,phononTF,0.000869778,0.00269274,0.00122068,-0.0002625,781.75,0.000382,1,0.00199702,0.00199551,0.0002625,1387.62
0,7708449,3,phononTF,0.00271744,0.00271353,0.00121331,-0.0002625,323.953,0.000764,1,0.00300181,0.0010013,0.0002625,546.725
0,7710783,7,phononTS,0.000516493,0.00119181,-0.00300833,-0.000262498,3857.81,0.000382,1,0.00100451,-0.0029964,0.0002625,3964.71
0,7713259,6,phononTS,0.000661279,0.00321684,0.00119438,-0.000262498,489.558,0.000382,1,0.00299827,0.000998375,0.0002625,615.195
0,7714988,16,phononTS,0.000530008,0.00100304,-0.00299996,0.000262499,4087.61,0.000530008,1,0.0024042,-0.00358532,-0.0002625,4406.95
0,7715327,12,phononTS,0.000691044,-0.00105571,0.000999602,-0.000262498,11996.4,0.000382,1,-0.00100212,0.00100229,0.0002625,12087.3
0,7715792,8,phononTS,0.000600676,0.00301617,0.00101517,-0.0002625,920.525,0.000382,1,0.0030049,0.000999308,0.0002625,1384.64
0,7716472,9,phononTF,0.000550916,0.00199667,0.00199879,0.0002625,299.272,0.000550916,1,0.00216836,0.00216655,-0.0002625,584.897
0,7717239,10,phononTF,0.000467702,0.00186269,0.00182378,-0.0002625,1595.43,0.000382,1,0.00200153,0.00199794,0.0002625,1891.03
0,7719156,17,phononTS,0.00102909,0.00100177,0.0010028,0.000262498,3821.54,0.000740158,1,-0.000998485,-0.000714998,-0.0002625,4337.2
0,7719856,16,phononTS,0.000831447,6.44779e-05,0.00197114,-0.0002625,13519.6,0.000382,1,-3.65553e-06,0.00199595,0.0002625,14019
0,7724389,16,phononTS,0.000538396,-0.00108293,0.00113644,-0.0002625,6130.92,0.000382,1,-0.00100337,0.00100228,0.0002625,7384.97
0,7726288,6,phononTS,0.00068061,-0.00109349,0.00174421,-0.0002625,8328.9,0.000382,1,-0.00200088,0.00199788,0.0002625,8978.31
0,7727671,6,phononTS,0.000894294,0.00300167,0.00111876,-0.0002625,1725.07,0.000382,1,0.00299987,0.00100345,0.0002625,2273.39
0,7727874,17,phononTF,0.00150934,0.00174107,0.00223104,-0.000262498,2344.08,0.000382,1,0.00200258,0.00200246,0.0002625,2453.01
0,7730771,3,phononTS,0.00245593,0.00193397,0.00134065,-0.000145042,105.127,0.000764,1,0.0020002,0.00199961,0.0002625,402.648
0,7730792,3,phononTS,0.00686971,0.00302224,0.000986872,0.000191897,87.6975,0.00191,1,0.00299753,0.00100082,0.0002625,288.53
0,7738495,5,phononTF,0.00128737,0.00175894,-0.00174986,-0.0002625,736.92,0.000382,1,0.0020023,-0.00200067,0.0002625,1276.64
0,7740103,9,phononTS,0.00143641,0.00232934,0.00139914,-0.0002625,477.131,0.000764,1,0.00100349,0.000999648,0.0002625,950.807
0,7741070,10,phononL,0.000508377,0.00194418,0.00157004,-0.000262498,226.19,0.000382,1,0.00199596,0.00199586,0.0002625,300.186
0,7741805,4,phononTF,0.00245811,0.000920623,0.00109187,-0.000262498,679.742,0.000382,1,1.05936e-06,0.0019964,0.0002625,918.106
0,7743276,10,phononL,0.00038239,-0.000148409,0.000412277,-0.0002625,5518.11,0.000382,1,-2.25038e-06,1.15085e-06,0.0002625,5943.31
0,7745704,8,phononTS,0.000494542,0.00212328,-3.48786e-05,-0.0002625,4432.56,0.000382,1,0.00199638,-3.72256e-06,0.0002625,5073.25
0,7747782,14,phononTS,0.000667866,0.000949017,0.00100592,-0.0002625,3020.16,0.000382,1,0.00100184,0.000995852,0.0002625,4437.12
0,7749303,9,phononTS,0.000489323,0.00200122,-0.00272278,-0.0002625,1349.96,0.000382,1,0.000999293,-0.00299999,0.0002625,2058.93
0,7753308,23,phononTS,0.000406811,0.00194779,0.0019607,-0.0002625,8557.57,0.000382,1,0.00200014,0.00200112,0.0002625,13880.4
0,7753366,18,phononL,0.00100249,-0.00114295,0.00167041,-0.0002625,2867.96,0.000382,1,-0.00199518,0.00200182,0.0002625,3214.95
0,7754901,35,phononTF,0.000523713,0.00189266,0.00208508,-0.0002625,3374.76,0.000382,1,0.00199525,0.00200274,0.0002625,4081.95
0,7759608,16,phononTS,0.000714052,0.000844323,-0.000244422,-0.000262498,1654.73,0.000382,1,0.000997694,-0.00100077,0.0002625,1835.74
0,7760868,16,phononTS,0.00046271,-0.0010034,0.000995845,0.000262498,9869.16,0.00046271,1,-0.00221679,0.00148138,-0.0002625,10151.6
0,7760868,2,phononTF,0.000655237,0.00246735,0.00119936,0.000262498,25.2696,0.000655237,1,0.00305262,-1.82131e-05,-0.0002625,288.561
0,7763953,2,phononL,0.00254455,0.00262379,-0.00255733,-0.0002625,83.5141,0.000764,1,0.0020001,-0.00200173,0.0002625,2172.09
0,7768129,4,phononL,0.00120303,0.00300219,0.000999352,0.0002625,78.9278,0.000781055,1,0.00330031,0.000704886,-0.0002625,377.929
0,7774348,6,phononTS,0.00109962,-0.0021885,-0.00204082,-0.0002625,1446.15,0.000382,1,-0.00099716,-0.000996942,0.0002625,4425.92
0,7776579,10,phononTF,0.00239695,-7.37404e-08,0.0020002,0.0002625,530.833,0.00208103,1,-1.41224e-05,0.00198359,-0.0002625,1175.32
0,7776580,1,phononTS,0.01,0.00254096,0.000552899,0.000162465,0,0.00284521,1,0.00251419,0.000593329,-0.0002625,478.774
0,7778527,4,phononTS,0.0026598,0.00238441,0.00102208,-0.0002625,57.522,0.001146,1,0.00300484,0.00100051,0.0002625,311.31
0,7782048,7,phononTF,0.00100638,-0.00134728,-0.000819421,-0.000262498,2023.03,0.000382,1,-0.00100201,-0.00100112,0.0002625,2140.8
0,7785181,2,phononTF,0.000688359,0.0018688,-9.51606e-05,-0.0002625,112.57,0.000382,1,0.00200486,1.6507e-06,0.0002625,643.946
0,7786411,10,phononTF,0.000648166,-0.00121441,0.000768104,-0.000262498,2160.57,0.000382,1,-0.000996689,0.0009969,0.0002625,2265.39
0,7787392,4,phononL,0.000986372,0.00274385,0.00112777,-0.0002625,11.8074,0.000382,1,0.00300203,0.00100271,0.0002625,146.6
0,7787392,9,phononTS,0.000426018,0.00300203,0.00100271,0.000262498,146.6,0.000426018,1,0.00332285,0.00103243,-0.0002625,268.989
0,7793416,3,phononL,0.00193799,0.00274257,0.0010917,-0.0002625,4.5995,0.000764,1,0.0030001,0.00100127,0.0002625,138.333
0,7794372,29,phononTS,0.00061527,0.000998978,0.00099983,0.000262498,1412.52,0.00061527,1,0.000544415,0.000569852,-0.0002625,1586.93
0,7794848,9,phononTS,0.000692735,-0.000338393,0.00298163,-0.0002625,4461.27,0.000382,1,0.00100181,-0.000996344,0.0002625,6132.13
0,7797885,3,phononTS,0.00171894,0.00287593,0.00108949,-0.0002625,68.6928,0.000382,1,0.00299639,0.00100044,0.0002625,498.942
0,7798569,12,phononL,0.00122458,0.00198943,0.000490208,-0.000262498,890.764,0.000382,1,0.00199526,7.69884e-07,0.0002625,968.406
0,7799182,5,phononTF,0.000432932,0.000730631,-0.00139078,-0.0002625,405.611,0.000382,1,0.000997741,-0.000995532,0.0002625,1404.8
0,7802060,8,phononTS,0.000831153,0.000997486,-0.000999131,0.000262498,1131.41,0.000831153,1,0.0030013,0.0024073,-0.0002625,1878.63
0,7805704,4,phononTS,0.0024544,0.00278401,0.00104277,-0.0002625,25.794,0.000764,1,0.00299716,0.00099997,0.0002625,244.615
0,7808909,4,phononTS,0.000536878,0.00105058,-0.000807635,-0.0002625,122.644,0.000382,1,0.00100449,-0.000998631,0.0002625,1521.15
0,7811413,8,phononTS,0.000505721,-0.000621462,0.00178541,-0.0002625,2845.65,0.000382,1,-0.00100483,0.000995299,0.0002625,3909.42
0,7813186,2,phononTS,0.00277145,0.00302443,0.00101377,-0.0002625,1948.7,0.000764,1,0.00300172,0.00100441,0.0002625,3806.84
0,7814987,4,phononTF,0.00234461,0.00136277,-0.000453492,-0.0002625,44.4527,0.000382,1,0.000996048,-0.000996348,0.0002625,645.582
0,7815362,26,phononL,0.000572659,-0.000970512,0.00169184,-0.0002625,5712.4,0.000382,1,-0.000997794,0.00100178,0.0002625,5990.81
0,7820898,7,phononTF,0.00129147,0.0017288,0.0017218,-0.000262498,1086.65,0.000382,1,0.00100072,0.000995824,0.0002625,1284.52
0,7832776,15,phononTS,0.000532434,3.67209e-05,-4.68818e-05,-0.0002625,12359.5,0.000382,1,-4.73761e-06,-1.36729e-06,0.0002625,13524.8
0,7838991,22,phononTS,0.000443262,-0.00110781,0.00279287,-0.0002625,8322.31,0.000382,1,-0.000997735,0.00299739,0.0002625,8907.28
0,7840113,16,phononTS,0.000471267,-0.00199383,0.0020429,-0.0002625,3274.06,0.000382,1,-0.00199788,0.00200223,0.0002625,4035.79
0,7844272,12,phononTF,0.0012961,0.00241235,0.00172924,-0.000262498,445.001,0.000382,1,0.00199668,0.00200096,0.0002625,574.213
0,7855600,10,phononL,0.000448348,-0.00199896,0.00200331,0.000262498,3125.46,0.000448348,1,-0.00183004,0.00143493,-0.0002625,3211.01
0,7856642,9,phononTS,0.000435784,-0.00247231,-0.000789197,-0.000262498,12121.2,0.000382,1,-0.000998071,0.00100427,0.0002625,12561.1
0,7858453,4,phononTF,0.00105696,0.00200323,0.00200465,0.0002625,237.636,0.000729898,1,0.00174406,0.00227639,-0.0002625,568.906
0,7858453,3,phononL,0.000855136,0.00252156,0.00146116,0.000262498,237.636,0.000529471,1,0.00231761,0.00100512,-0.0002625,316.55
0,7866058,10,phononTS,0.00076813,-0.000954264,0.00135946,-0.0002625,5505.7,0.000382,1,-0.000997619,0.00100388,0.0002625,9415.74
0,7867198,7,phononTF,0.000519956,0.0011669,0.000828362,-0.0002625,2827.33,0.000382,1,0.000996556,0.000996411,0.0002625,3123.64
0,7867198,3,phononTF,0.000770303,0.00239928,0.0011686,0.000262498,357.68,0.000385148,1,0.00216022,0.00155453,-0.0002625,482.017
0,7867820,3,phononTF,0.000981802,0.00213869,0.00185401,-0.0002625,639.686,0.000764,1,0.00200231,0.00200309,0.0002625,929.618
0,7870018,5,phononL,0.000809626,0.00174671,-0.0024888,-0.0002625,3438,0.000382,1,0.00199944,-0.00199825,0.0002625,3788.7
0,7870573,8,phononTS,0.000435596,-0.00180153,-0.00196055,-0.000262498,4010.48,0.000382,1,-0.00200441,-0.00200145,0.0002625,4118.81
0,7871280,2,phononTS,0.00243591,4.1387e-05,0.00163579,-0.0002625,204.19,0.000764,1,2.82716e-06,0.00200281,0.0002625,896.296
0,7872665,7,phononTF,0.000445925,0.00322562,0.00122369,-0.000262498,3215.29,0.000382,1,0.00299836,0.000996192,0.0002625,3320.87
0,7876099,1,phononTS,0.01,0.00302596,0.00103012,0.000217357,0,0.002292,1,0.00299732,0.000995471,0.0002625,768.187
0,7876954,5,phononTF,0.000427599,-0.000995515,0.00300367,0.0002625,7480.7,0.000427599,1,-0.000764387,0.00276464,-0.0002625,10212.7
0,7880432,10,phononTF,0.000695942,0.00272392,0.00129094,-0.000262498,315.183,0.000382,1,0.00200318,0.0020019,0.0002625,510.395
0,7882416,3,phononTS,0.00205134,0.00206071,0.00215141,-0.0002625,4.06853,0.000382,1,0.00200093,0.0020017,0.0002625,353.504
0,7883942,8,phononTS,0.000455181,-4.19957e-05,-0.00201153,-0.000262498,6973.17,0.000382,1,2.82711e-06,-0.00199706,0.0002625,7064.83
0,7884254,7,phononTS,0.000766663,0.00100403,0.00100005,0.000262498,1525.65,0.000766663,1,0.005,0.00451181,-0.000127752,2500.79
0,7884326,3,phononTS,0.00296488,0.00243794,0.00192159,-0.0002625,19.3435,0.001146,1,0.00200248,0.00199877,0.0002625,346.34
0,7889785,17,phononTS,0.000383629,0.00139595,-0.00106941,-0.0002625,8290.32,0.000382,1,0.00100389,-0.00100181,0.0002625,11099.4
0,7892261,5,phononTF,0.0028155,-0.000286439,-0.000321875,-0.0002625,185.382,0.000382,1,-0.00100062,-0.00100364,0.0002625,955.527
0,7893413,5,phononTS,0.0013168,0.0032818,0.000997688,-0.000262498,3192.29,0.000382,1,0.00300485,0.000995579,0.0002625,3309.25
0,7895999,25,phononTS,0.00104731,-0.000950075,0.000453814,-0.000262498,3285.89,0.000382,1,-0.00100263,0.000997855,0.0002625,3437.59
0,7897446,2,phononTF,0.00105611,-0.000880071,0.000860026,-0.0002625,650.573,0.000382,1,-0.00099752,0.000999142,0.0002625,1622.57
0,7900047,5,phononTF,0.000605111,0.000859455,0.00124286,-0.0002625,599.128,0.000382,1,0.00099815,0.000999502,0.0002625,913.918
0,7900233,9,phononTS,0.000614485,0.0025361,0.00074353,-0.000262498,1273.83,0.000382,1,0.00300049,0.000995518,0.0002625,1432.09
0,7902652,6,phononTF,0.000820764,0.00282056,0.00120056,-0.000262498,330.044,0.000382,1,0.00200409,0.00199915,0.0002625,545.155
0,7906526,3,phononTS,0.00301831,0.00212005,0.00150332,-0.0002625,207.013,0.001146,1,0.000995836,0.000995938,0.0002625,744.221
0,7913873,11,phononTF,0.000604583,0.00300127,0.00100385,0.0002625,346.616,0.000604583,1,0.00342029,0.000569064,-0.0002625,620.381
0,7913923,17,phononTF,0.000400488,0.00199902,0.00200211,0.000262498,7930.24,0.000400488,1,0.00221221,0.00177806,-0.0002625,8034.49
0,7913923,2,phononTS,0.000390419,0.00241592,0.00121104,0.000262498,34.0779,0.000390419,1,0.00223726,0.00123091,-0.0002625,140.642
0,7921125,9,phononTS,0.000573648,0.00200474,0.00200015,0.000262498,525.915,0.000573648,1,0.00254258,0.00205615,-0.0002625,680.709
0,7921254,3,phononL,0.00235193,0.00211227,0.00152333,-0.0002625,232.349,0.000382,1,0.00199735,0.00200101,0.0002625,388.301
0,7921254,5,phononTF,0.000880463,0.00199735,0.00200101,0.000262498,388.301,0.00070298,1,0.00206085,0.00190547,-0.0002625,480.745
0,7922234,13,phononTF,0.000457522,0.00203241,0.00203613,-0.000262498,1863.07,0.000382,1,0.00200072,0.00200447,0.0002625,1953.27
0,7925278,6,phononTF,0.00062282,-0.000130451,-0.000323885,-0.0002625,1574.74,0.000382,1,-1.12525e-06,3.02719e-06,0.0002625,2295.13
0,7925278,4,phononTS,0.000698954,0.00287976,0.00155711,0.000262498,481.451,0.000441931,1,0.00303693,0.00155923,-0.0002625,586.858
0,7926435,18,phononTF,0.000480302,0.0012186,-0.00122205,-0.0002625,9784.89,0.000382,1,0.00099704,-0.0010045,0.0002625,11809.2
0,7929664,1,phononTS,0.01,0.00296601,0.00100198,0.000247232,0,0.003438,1,0.00299684,0.00100498,0.0002625,185.029
0,7933079,15,phononTS,0.000610474,-0.000957925,0.0010635,-0.0002625,5799.23,0.000382,1,-0.00100348,0.00100101,0.0002625,8193.14
0,7938624,9,phononL,0.000628213,0.000974584,0.0017191,-0.0002625,612.047,0.000382,1,-1.2139e-06,0.00200356,0.0002625,986.87
0,7940557,23,phononTS,0.000585186,-0.00239579,-0.000946351,-0.0002625,7798.95,0.000382,1,-0.00300049,-0.000999454,0.0002625,10472.9
0,7941574,8,phononTF,0.00142163,-0.00200114,-4.38175e-06,0.0002625,10747.9,0.000520905,1,-0.00176016,-0.00025732,-0.0002625,11395.2
0,7944363,7,phononTS,0.000489656,0.00199727,0.00200228,0.000262498,5393.02,0.000489656,1,0.00205062,0.00198104,-0.0002625,5482.68
0,7944743,15,phononTF,0.00178466,0.000241488,0.000245068,-0.0002625,701.127,0.000382,1,-4.98461e-06,4.28156e-06,0.0002625,1023.83
0,7945412,5,phononTS,0.00282635,-2.66587e-05,0.000101304,-0.0002625,80.3965,0.000764,1,3.17605e-06,-3.47664e-06,0.0002625,1047.03
0,7954411,24,phononL,0.000474409,0.00199935,-6.64902e-07,0.000262498,2343.79,0.000474409,1,0.00125486,0.000212285,-0.0002625,2445.01
0,7954562,6,phononTF,0.00116412,0.0028076,0.00117787,-0.000262498,334.449,0.000382,1,0.00299879,0.000995559,0.0002625,435.023
0,7958025,25,phononTF,0.000516758,0.000470369,0.000536684,-0.0002625,4407.29,0.000382,1,0.000999467,0.00100135,0.0002625,5677.63
0,7968299,3,phononTS,0.00118569,0.00113695,0.00101622,-0.0002625,330.78,0.000764,1,0.000996496,0.000996552,0.0002625,1019.51
0,7969963,11,phononTF,0.000409769,-0.000821842,0.00107295,-0.0002625,1149.03,0.000382,1,-0.000997264,0.00100131,0.0002625,2604.18
0,7973549,23,phononTF,0.000654266,-0.00158753,0.00361711,-0.0002625,7839.63,0.000382,1,-0.00100359,0.00299898,0.0002625,12106.3
0,7976836,9,phononTF,0.000850832,-0.000654905,0.000901037,-0.0002625,1298.07,0.000382,1,-0.00200271,0.00199753,0.0002625,2244.79
0,7979284,15,phononTF,0.00148599,0.000546623,-0.00348582,-0.0002625,2256.13,0.000382,1,0.00100479,-0.00299586,0.0002625,10791.3
0,7980404,1,phononTF,0.01,0.00292801,0.000927916,0.000185613,0,0.000764,1,0.00299775,0.000999491,0.0002625,309.662
0,7980581,5,phononTS,0.000684424,-0.00200152,-0.00199532,0.0002625,4765.81,0.000684424,1,-0.000494278,-0.000692911,-0.0002625,6169.71
0,7980581,2,phononTF,0.00107238,0.00248394,0.00118108,0.000262498,2.04515,0.00054239,1,0.00207995,0.000838337,-0.0002625,132.084
0,7982205,5,phononTF,0.000644,0.00281212,0.00118346,-0.0002625,493.297,0.000382,1,0.00299786,0.000996091,0.0002625,795.592
0,7984577,8,phononL,0.000416136,0.00300237,0.0010042,0.0002625,2497.09,0.000416136,1,0.00331829,0.00069439,-0.0002625,2647.96
0,7985789,18,phononL,0.00044368,0.000470073,-0.00280813,-0.0002625,8427.68,0.000382,1,0.0010037,-0.00299687,0.0002625,8678.52
0,7988261,11,phononTF,0.000559433,0.00165406,0.00154536,-0.0002625,6551.1,0.000382,1,0.00100009,0.000997553,0.0002625,7203.25
0,7988349,3,phononL,0.000557825,0.00280315,0.000899094,-0.0002625,1283.22,0.000382,1,0.00299988,0.00100125,0.0002625,1413.76
0,7989470,7,phononTF,0.000519868,-0.000678862,0.00132611,-0.000262498,3079.95,0.000382,1,-0.00100001,0.00100425,0.0002625,3198.85
0,7989592,17,phononTF,0.000676122,-0.00199837,0.00199507,0.0002625,1650.24,0.000676122,1,-0.00225395,0.0019139,-0.0002625,2318.53
0,7991065,19,phononTS,0.000591747,0.00324627,0.000272605,-0.000262498,7118.73,0.000382,1,0.00299752,0.00100281,0.0002625,7312.61
0,7992436,2,phononTF,0.000507633,-0.000702524,0.0012944,-0.0002625,580.25,0.000382,1,-0.00199993,4.99308e-06,0.0002625,5021.6
0,7995106,7,phononTF,0.000596255,0.000331226,-0.0016782,-0.000262498,1258.79,0.000382,1,0.000996701,-0.000995407,0.0002625,1445.04
0,7996540,3,phononTF,0.00206239,0.00232066,0.00169478,-0.0002625,73.7946,0.000382,1,0.00199522,0.00200375,0.0002625,311.79
0,7996540,11,phononL,0.00107109,0.00199522,0.00200375,0.000262498,311.79,0.00057029,1,0.00249585,0.00224873,-0.0002625,395.1
0,7997086,2,phononTS,0.000651513,-0.000130048,0.00104109,-0.0002625,4.79118,0.000382,1,-0.00100419,0.000999879,0.0002625,812.582
0,7997249,14,phononTF,0.00050937,-0.00319519,-0.000726595,-0.000262498,7388.37,0.000382,1,-0.00299534,-0.00100277,0.0002625,7498.08
0,7999523,1,phononTS,0.01,0.00299832,0.000993801,0.000238437,0,0.00191,1,0.00299828,0.000995227,0.0002625,282.848
0,8003675,6,phononTS,0.000596332,0.00204613,0.00176451,-0.000262498,983.39,0.000382,1,0.00200295,0.00200313,0.0002625,1095.65
0,8004046,9,phononTS,0.000406931,-0.00199578,0.00200065,0.000262498,5499.52,0.000406931,1,-0.00202536,0.00222861,-0.0002625,5613.68
0,8006257,7,phononTF,0.000492008,-0.000662815,0.00333258,-0.000262498,3864.51,0.000382,1,-0.000998941,0.00299765,0.0002625,3985.89
0,8007012,9,phononTF,0.000639799,0.00200287,0.00199785,0.000262498,7874.99,0.000639799,1,0.00250067,0.00152741,-0.0002625,8023.85
0,8010102,5,phononTS,0.000769024,0.00305119,0.000964687,-0.000262498,378.633,0.000382,1,0.00300046,0.000996793,0.0002625,471.399
0,8012798,4,phononL,0.00203767,0.00169628,0.00106267,-0.0002625,62.5138,0.000382,1,0.00099924,0.00100092,0.0002625,249.839
0,8013651,27,phononTS,0.000407672,0.000213553,-3.05547e-05,-0.0002625,1129.4,0.000382,1,3.97075e-06,4.34426e-06,0.0002625,1991.77
0,8014371,13,phononTS,0.000706343,0.00054621,0.000969197,-0.000262498,958.644,0.000382,1,0.000996277,0.00100482,0.0002625,1100.4
0,8021158,7,phononTS,0.000597705,0.00315983,0.00101233,-0.000262498,97.1152,0.000382,1,0.00299986,0.000996095,0.0002625,201.95
0,8022400,3,phononTS,0.00141792,0.00270945,0.00111357,-0.0002625,755.328,0.000382,1,0.00300225,0.0010015,0.0002625,1008.58
0,8024821,6,phononTS,0.000706396,0.00114388,0.00229533,-0.0002625,656.855,0.000382,1,3.16869e-06,0.00200063,0.0002625,1892.26
0,8025230,3,phononTS,0.00174845,3.23224e-06,4.19094e-06,0.0002625,26.8846,0.00132385,1,-0.00058639,0.000337706,-0.0002625,3915.61
0,8029575,21,phononTS,0.000609772,0.000847872,0.00103536,-0.0002625,5957.16,0.000382,1,0.000998378,0.00100305,0.0002625,8093.57
0,8030057,6,phononTS,0.00047383,0.00104822,-0.00134232,-0.0002625,3795.38,0.000382,1,0.00100388,-0.00100075,0.0002625,4611.01
0,8031754,11,phononTS,0.000408932,-3.91419e-06,0.00199923,0.000262498,2121.34,0.000408932,1,-3.78293e-05,0.00202853,-0.0002625,2210.85
0,8038645,4,phononTS,0.0010241,0.00286574,0.00102665,-0.0002625,9.17823,0.000382,1,0.00300005,0.00100036,0.0002625,598.915
0,8038645,3,phononTS,0.00139951,0.00245512,0.00120634,0.000262498,9.17823,0.00139951,1,0.00250828,0.00117805,-0.0002625,98.542
0,8039985,4,phononL,0.00113955,0.00273291,0.00104606,-0.0002625,83.6806,0.000764,1,0.00300286,0.000999536,0.0002625,217.429
0,8039985,3,phononTS,0.0014788,0.00246296,0.00109259,0.000262498,83.6806,0.00077955,1,0.00374894,0.00158261,-0.0002625,378.23
0,8041150,16,phononL,0.00101741,-0.00099625,-0.000995466,0.0002625,2233.02,0.000997515,1,-0.000798115,-0.000820922,-0.0002625,3041.2
0,8043273,4,phononL,0.00157127,0.00239292,0.000961374,-0.0002625,27.6907,0.000382,1,0.00300457,0.00100458,0.0002625,178.531
0,8043622,5,phononTS,0.00133999,0.00303311,0.00105629,-0.000262498,321.123,0.000382,1,0.00300375,0.00100272,0.0002625,410.441
0,8043622,6,phononTF,0.000767648,0.00300375,0.00100272,0.000262498,410.441,0.000767648,1,0.0034482,0.0014608,-0.0002625,551.88
0,8046326,2,phononL,0.000992211,0.00146664,0.000938806,-0.0002625,180.454,0.000382,1,0.000998826,0.000998494,0.0002625,333.578
0,8047095,26,phononTS,0.000646245,0.00221524,0.00100447,-0.000262498,225.83,0.000382,1,0.00199642,0.00199969,0.0002625,457.688
0,8047330,14,phononTS,0.00139433,0.00101602,-0.00103423,-0.000262498,3090.84,0.000382,1,0.00100327,-0.000995303,0.0002625,3185.59
0,8047385,8,phononL,0.000867156,0.00313092,0.0016407,-0.0002625,3156.61,0.000382,1,0.00300368,0.000996921,0.0002625,5609.86
0,8050006,17,phononL,0.000665987,-0.00205039,-0.000864856,-0.0002625,9675.81,0.000382,1,-0.00200459,-1.7311e-06,0.0002625,11700
0,8050151,7,phononTF,0.000637818,-0.00199462,-0.00175011,-0.0002625,3693.42,0.000382,1,-0.00299897,-0.00100188,0.0002625,4410.37
0,8052882,5,phononTF,0.000804096,0.00210073,-0.000451315,-0.0002625,661.287,0.000764,1,0.00199999,6.40484e-07,0.0002625,1698.36
0,8053894,10,phononTS,0.000658146,-0.00382339,-0.000862376,-0.0002625,7159.41,0.000382,1,-0.00299943,-0.00100468,0.0002625,10296.3
0,8056696,4,phononTF,0.00231923,0.0026291,0.00135519,-0.0002625,18.8924,0.000382,1,0.00199945,0.00200329,0.0002625,293.212
0,8058010,4,phononTS,0.00206037,0.00201951,0.000620625,-0.0002625,422.995,0.000764,1,0.00199808,1.44152e-06,0.0002625,752.866
0,8061637,12,phononTF,0.000624982,0.0016417,-0.000188885,-0.0002625,531.003,0.000382,1,0.0010021,-0.0009955,0.0002625,1139.11
0,8063312,18,phononTF,0.00045233,0.0019952,0.00200385,0.000262498,1998.48,0.00045233,1,0.00231544,0.00170309,-0.0002625,2116.53
0,8071564,5,phononTS,0.00153277,0.00303317,0.00103579,-0.0002625,368.283,0.000382,1,0.00300401,0.00100232,0.0002625,994.882
0,8075093,10,phononTS,0.000833271,0.00205007,4.68823e-05,-0.0002625,389.031,0.000382,1,0.00199662,5.56278e-07,0.0002625,1238.69
0,8077214,11,phononTS,0.000392534,0.00324972,0.000478155,-0.000262498,243.675,0.000382,1,0.00199754,-1.24739e-06,0.0002625,532.231
0,8078803,3,phononTF,0.00263099,0.00218191,0.00180056,-0.0002625,247.902,0.000764,1,0.00199549,0.00199881,0.0002625,654.559
0,8078803,4,phononL,0.00152101,0.00199549,0.00199881,0.000262498,654.559,0.000971391,1,0.00172048,0.00159712,-0.0002625,732.896
0,8081224,2,phononL,0.00200253,0.00129267,-0.000886576,-0.0002625,14.9829,0.000764,1,0.00100311,-0.000998429,0.0002625,601.987
0,8082551,10,phononTS,0.000703078,-0.00200278,4.3558e-06,0.000262498,2161.33,0.000703078,1,-0.00199636,8.88218e-05,-0.0002625,2260.47
0,8083639,3,phononTS,0.00636428,0.00302839,0.00121949,-6.89257e-05,307.326,0.00191,1,0.00300006,0.000998745,0.0002625,524.975
0,8084046,5,phononTF,0.0021795,0.00341577,0.0014038,-0.000262498,1066.67,0.000764,1,0.00299915,0.00100273,0.0002625,1200.29
0,8088141,15,phononTS,0.000861999,0.000995345,-0.00300201,0.000262498,7584.66,0.000861999,1,0.000736994,-0.00298542,-0.0002625,7701.52
0,8088502,7,phononTS,0.000515418,4.98705e-05,3.81427e-05,-0.000262498,1322.12,0.000382,1,1.87758e-06,4.54219e-06,0.0002625,1411.38
0,8097350,8,phononTS,0.00116489,-0.00134644,-0.0019591,-0.0002625,764.445,0.000764,1,-0.00200022,-0.00200338,0.0002625,1983.63
0,8101587,14,phononTF,0.00151977,-0.000626554,-0.00138917,-0.0002625,10038.7,0.000382,1,-0.00100195,-0.00100012,0.0002625,13019.6
0,8101967,8,phononTS,0.000428149,0.000361525,0.00203201,-0.0002625,3739.73,0.000382,1,-2.31606e-06,0.00200336,0.0002625,4462.08
0,8103523,14,phononTF,0.000665028,0.000299753,0.00029984,-0.000262498,1518.63,0.000382,1,1.88278e-06,3.71323e-06,0.0002625,1633.93
0,8104738,7,phononTS,0.0010254,0.0024375,0.00131884,-0.000262498,508.941,0.000382,1,0.0020034,4.73555e-06,0.0002625,804.135
0,8104869,7,phononTF,0.000529914,0.00241581,0.000409455,-0.000262498,1153.95,0.000382,1,0.00199945,-3.84012e-06,0.0002625,1288.72
0,8108952,11,phononL,0.000543144,0.00300355,0.000995168,0.0002625,355.655,0.000543144,1,0.00330209,0.00101185,-0.0002625,491.215
0,8113754,16,phononL,0.000725661,0.00448751,0.000228794,-0.0002625,937.061,0.000382,1,0.00200148,1.33857e-06,0.0002625,1874.87
0,8114435,6,phononTS,0.00157442,0.00285677,-0.000107162,-0.0002625,194.467,0.000764,1,0.00200208,-3.07308e-06,0.0002625,1124.9
0,8114678,6,phononTS,0.000606387,-5.07503e-05,0.00199405,-0.0002625,4986.44,0.000382,1,-5.79788e-07,0.0019952,0.0002625,5275.16
0,8118111,9,phononTF,0.000951906,0.00264743,-0.00271084,-0.0002625,9213.15,0.000382,1,0.00100431,-0.00100405,0.0002625,10770.9
0,8124099,4,phononTF,0.000551736,0.00332963,0.00333071,-0.0002625,1179.48,0.000382,1,-4.26245e-06,-1.17946e-06,0.0002625,9441.58
0,8126208,8,phononTF,0.0015501,0.00233092,0.00121959,-0.0002625,2743.01,0.000382,1,0.000997188,0.00100277,0.0002625,3564.64
0,8128013,5,phononL,0.000509691,0.00259476,0.000925981,-0.000262498,332.43,0.000382,1,0.0029986,0.000996457,0.0002625,405.395
0,8128467,3,phononTS,0.00246223,0.00160636,0.00128838,-0.0002625,5.33243,0.000382,1,0.00100248,0.000999616,0.0002625,386.103
0,8129717,8,phononTS,0.00141171,0.00298052,0.00100386,-0.0002625,891.781,0.000382,1,0.00299787,0.000997115,0.0002625,1075.27
0,8131656,5,phononTS,0.000969912,-0.0033804,-0.000553835,-0.0002625,2362.25,0.000764,1,-0.00299671,-0.00100301,0.0002625,8072.69
0,8132949,3,phononTF,0.000914512,0.00325706,0.000784839,-0.0002625,90.4605,0.000382,1,0.00300362,0.00100491,0.0002625,1612.6
0,8134799,19,phononTF,0.000571637,0.000181579,-0.00181619,-0.0002625,4073.19,0.000382,1,-4.98629e-06,-0.00199573,0.0002625,4373.81
0,8135516,8,phononTF,0.000505061,-0.00200433,0.00199991,0.0002625,8194.09,0.000505061,1,-0.00155932,0.00217959,-0.0002625,8457.59
0,8137995,3,phononTS,0.00097988,0.00220876,0.0028891,-0.0002625,13.8091,0.000382,1,0.00300209,0.00100218,0.0002625,2040.4
0,8137995,8,phononTS,0.000422754,0.00300209,0.00100218,0.000262498,2040.4,0.000422754,1,0.00390646,0.00151575,-0.0002625,2280.44
0,8141193,10,phononTS,0.000550795,0.00382588,-0.00190731,-0.0002625,344.193,0.000550795,1,0.005,-0.00313372,7.57614e-05,1191.78
0,8144395,8,phononTF,0.00127143,0.000805854,-0.000823463,-0.0002625,1687.07,0.000382,1,5.08445e-07,-1.29374e-06,0.0002625,2810.71
0,8145110,7,phononTS,0.000428452,0.00110332,-0.00291694,-0.0002625,5473.75,0.000382,1,0.00100261,-0.00300309,0.0002625,5790.84
0,8155941,4,phononTS,0.00192655,0.0030038,0.00099932,0.0002625,4.26257,0.000774745,1,0.00295216,0.00192694,-0.0002625,975.782
0,8159056,7,phononTF,0.000976904,2.62272e-05,0.00196315,-0.0002625,5071.21,0.000382,1,8.8068e-07,0.00199871,0.0002625,6457.82
0,8160561,7,phononTS,0.000888264,0.00297118,0.00105825,-0.000262498,460.716,0.000764,1,0.00300431,0.00100042,0.0002625,559.389
0,8162492,14,phononTF,0.000387686,0.00285683,0.000735041,-0.0002625,445.464,0.000382,1,0.00200427,-1.5085e-06,0.0002625,853.712
0,8166038,12,phononTS,0.000444979,1.03919e-08,0.00199946,0.000262498,7659.08,0.000444979,1,0.00198245,0.00365768,-0.0002625,8144.74
0,8173687,3,phononTF,0.00044535,8.56817e-05,7.96525e-05,-0.0002625,283.698,0.000382,1,4.2768e-06,2.1585e-06,0.0002625,1897.52
0,8175056,3,phononTS,0.00281495,0.000595772,-0.00163854,-0.0002625,307.756,0.000764,1,0.000996785,-0.000999369,0.0002625,2788.71
0,8178725,19,phononL,0.000469792,-2.2426e-06,0.0020003,0.0002625,2729.53,0.000469792,1,0.000421919,0.00203215,-0.0002625,2877.07
0,8183956,11,phononTS,0.000677408,0.0032326,0.00100609,-0.000262498,648.167,0.000382,1,0.00300107,0.000997887,0.0002625,761.61
0,8185701,14,phononL,0.000544016,0.00300359,0.000999804,0.000262498,1592.93,0.000544016,1,0.00258841,0.00118515,-0.0002625,1668.82
0,8185849,13,phononTF,0.000440626,-0.00332337,0.00151322,-0.0002625,10942.3,0.000382,1,-0.00200321,0.00199867,0.0002625,11594.7
0,8186408,4,phononTF,0.000442113,0.00128914,0.000698944,-0.0002625,886.645,0.000382,1,0.000997702,0.000996525,0.0002625,2055.86
0,8186712,4,phononTF,0.000716979,0.00199537,-0.00200131,0.0002625,13.4296,0.000716979,1,0.00166873,-0.0016605,-0.0002625,5506.75
0,8189509,12,phononTF,0.00167541,0.00200484,-2.01792e-06,0.0002625,1031.12,0.00109617,1,0.0018207,0.000191856,-0.0002625,1434.37
0,8196041,28,phononTS,0.000403797,0.00172854,-0.00163372,-0.0002625,10743.6,0.000382,1,0.000996101,-0.00300325,0.0002625,12876.9
0,8198216,6,phononTF,0.00130106,0.00249917,0.00117208,-0.000262498,275.48,0.000382,1,0.00199957,0.00200338,0.0002625,474.501
0,8198303,1,phononTS,0.01,0.00199025,0.00200466,0.000182008,0,0.001146,1,0.00199671,0.00200289,0.0002625,528.84
0,8198381,12,phononTS,0.00041603,-0.00125471,-0.0032532,-0.0002625,15775.2,0.000382,1,-0.00200179,-0.00199854,0.0002625,17037.8
0,8198829,13,phononTS,0.000479075,0.00121735,-0.000918025,-0.0002625,7707.79,0.000382,1,0.000999914,-0.00100054,0.0002625,10293.9
0,8203970,5,phononTS,0.00126189,0.00300603,0.000968695,-0.000262498,732.028,0.000382,1,0.00299579,0.0010039,0.0002625,823.942
0,8205779,9,phononTS,0.000393306,-0.0009908,0.000948215,-0.0002625,2354.89,0.000382,1,-0.00100139,0.000999525,0.0002625,4062
0,8205779,2,phononTS,0.00111032,0.00213264,0.00109236,0.000262498,141.53,0.000784094,1,0.00227426,0.000997927,-0.0002625,251.345
0,8207906,28,phononTS,0.00058256,-0.00154684,0.00246479,-0.000262498,30239.8,0.000382,1,-0.00199703,-9.69023e-07,0.0002625,30778.4
0,8213762,17,phononTS,0.000418331,0.00107734,-0.0029097,-0.0002625,3138.76,0.000382,1,0.000995324,-0.00299576,0.0002625,3430.03
0,8214891,5,phononTS,0.0016285,0.00199763,0.00199878,0.000262498,2860.48,0.00084422,1,0.00199682,0.00199229,-0.0002625,2951.15
0,8214891,2,phononTS,0.00741949,0.00233529,0.0014621,-0.000215101,398.303,0.00399991,1,0.00233983,0.00146183,-0.0002625,406.823
0,8215955,5,phononTS,0.000692338,0.00308356,0.00100797,-0.000262498,525.76,0.000382,1,0.00299705,0.000999233,0.0002625,624.282
0,8220293,7,phononTS,0.00113814,0.00286326,0.00107458,-0.0002625,143.762,0.000764,1,0.00300366,0.00100271,0.0002625,467.913
0,8221038,15,phononTF,0.000716152,0.00230358,0.000286059,-0.0002625,1180.44,0.000382,1,0.0020029,-1.59647e-06,0.0002625,1753.47
0,8225476,8,phononTS,0.000893533,0.000989837,-0.00321468,-0.000262498,2074.18,0.000382,1,0.00100061,-0.0030012,0.0002625,2183.89
0,8227009,6,phononTS,0.000655757,-0.00104589,-0.00107747,-0.0002625,2879.22,0.000382,1,-0.00100307,-0.000997401,0.0002625,8959.67
0,8227009,2,phononTF,0.0018181,0.0025961,0.000938223,0.000262498,106.581,0.00141135,1,0.00177229,0.000200778,-0.0002625,318.527
0,8227527,13,phononTS,0.000592462,-0.00304095,0.000336878,-0.000262498,3760.83,0.000382,1,-0.00199912,1.35305e-06,0.0002625,4004.03
0,8231038,7,phononTS,0.00100006,0.00299326,0.0010124,-0.000262498,2567.63,0.000382,1,0.00300465,0.000996392,0.0002625,2657.42
0,8231717,5,phononL,0.000958448,0.000810561,0.000267375,-0.0002625,739.844,0.000382,1,0.000995809,0.000995079,0.0002625,1717.65
0,8232255,7,phononTF,0.000555423,-0.00126181,0.000728344,-0.000262498,3297.96,0.000382,1,-0.00100406,0.000995777,0.0002625,3408.01
0,8232511,3,phononTS,0.00136828,0.00294709,0.00107603,-0.000262498,753.501,0.000382,1,0.00299795,0.00100303,0.0002625,849.285
0,8232832,4,phononTF,0.00194569,0.00226104,0.0022734,-0.000262498,2695.24,0.000382,1,0.00200114,0.00200107,0.0002625,2805.76
0,8232832,5,phononTS,0.000654134,0.00200114,0.00200107,0.000262498,2805.76,0.000338066,1,0.00196444,0.00200334,-0.0002625,2897.16
0,8232832,2,phononTS,0.00163368,0.00240747,0.000921564,0.000262498,449.912,0.00050583,1,0.00465442,-0.000651067,-0.0002625,974.14
0,8233251,24,phononTF,0.000680114,0.00199748,-0.00200478,0.0002625,1065.15,0.000102098,1,0.00206412,-0.00179692,-0.0002625,2046.47
0,8241208,10,phononTS,0.000837536,0.00304513,0.00132354,-0.000262498,256.011,0.000382,1,0.00300436,0.00100362,0.0002625,377.966
0,8243987,9,phononTS,0.000446123,-0.000328018,0.00161718,-0.0002625,4111.87,0.000382,1,3.69395e-06,0.00199767,0.0002625,4891
0,8243987,2,phononTS,0.00239145,0.00250782,0.001013,0.000262498,66.5285,0.000814802,1,0.00247819,0.00190191,-0.0002625,271.145
0,8249487,3,phononTF,0.000851103,0.000219512,-0.000128962,-0.0002625,145.647,0.000382,1,-1.0783e-06,-2.15129e-06,0.0002625,1536.66
0,8250799,10,phononTS,0.000615258,-0.00215157,0.00201292,-0.000262498,4439.67,0.000382,1,-0.00200496,0.00199662,0.0002625,4543.2
0,8257595,3,phononTF,0.00137258,0.00266642,0.000661976,-0.000262498,800.047,0.000764,1,0.00299945,0.00099506,0.0002625,921.065
0,8257595,2,phononTS,0.0038966,0.00256746,0.000837758,1.2773e-05,800.047,0.000373614,1,-0.000346461,0.00274535,-0.0002625,1502.58
0,8266551,9,phononTF,0.000468313,0.00173989,0.0020153,-0.000262498,250.094,0.000382,1,0.00200361,0.0019995,0.0002625,356.249
0,8267463,15,phononL,0.000413337,0.000399484,-0.0016221,-0.0002625,640.757,0.000382,1,-3.77081e-06,-0.00200044,0.0002625,1391.67
0,8268601,5,phononTS,0.000430849,0.00335923,-0.000427206,-0.0002625,2292.34,0.000382,1,0.00200216,3.16831e-08,0.0002625,4408.62
0,8269580,5,phononTS,0.00135385,-0.000695616,0.00102181,-0.0002625,4357.83,0.000382,1,-0.00100344,0.000995281,0.0002625,4691.04
0,8269723,10,phononTS,0.00039174,0.00197648,-0.000140558,-0.0002625,2881.26,0.000382,1,0.00200228,-2.88742e-06,0.0002625,3186.7
0,8275644,10,phononTS,0.000523481,-0.00281458,0.00350231,-0.000262498,8889.91,0.000382,1,-0.00200032,0.00199916,0.0002625,9240.85
0,8280232,6,phononTF,0.000668744,0.00303361,-0.000982108,-0.0002625,1354.68,0.000382,1,0.00200278,-0.00199529,0.0002625,2129.02
0,8285790,2,phononTS,0.000741846,0.00295481,0.0010315,-0.0002625,956.012,0.000382,1,0.00299758,0.000999508,0.0002625,1313.48
0,8301423,2,phononTF,0.000529189,0.00287929,0.000879693,-0.0002625,150.48,0.000382,1,0.0030014,0.000996589,0.0002625,559.048
0,8301807,3,phononTF,0.000790888,0.00274881,0.00110933,-0.0002625,17.9426,0.000382,1,0.00299595,0.00100455,0.0002625,227.676
0,8303996,1,phononTS,0.01,0.00299596,0.00100723,0.000258055,0,0.000382,1,0.00299879,0.00100095,0.0002625,254.909
0,8303996,4,phononTS,0.000675437,0.00299879,0.00100095,0.000262498,254.909,0.000663252,1,0.00300151,0.000998259,-0.0002625,346.088
0,8306401,3,phononTF,0.000506598,-0.00140507,0.005,1.74395e-05,69.333,0.000382,1,-0.00199529,2.84082e-06,0.0002625,2278.29
0,8306655,11,phononTF,0.000382545,-0.000469663,0.00154418,-0.0002625,3621.05,0.000382,1,-0.00099587,0.00100123,0.0002625,5546.96
0,8321477,10,phononTS,0.000771926,0.00323506,0.00124928,-0.0002625,1199.57,0.000382,1,0.00300107,0.00100499,0.0002625,1829.94
0,8321904,24,phononTF,0.000585456,0.00318046,0.000859643,-0.0002625,1518.9,0.000382,1,0.00300085,0.00100181,0.0002625,1816
0,8328893,29,phononTF,0.000572132,0.00152506,0.00152925,-0.0002625,7175.29,0.000382,1,0.00199795,0.00199614,0.0002625,8193.56
0,8333657,2,phononTS,0.00197222,-0.000580161,0.000996017,-0.0002625,39.1388,0.000764,1,-0.00100207,0.000996032,0.0002625,1130.71
0,8336602,8,phononTS,0.000522744,0.0020086,3.25651e-05,-0.0002625,224.814,0.000382,1,0.00199689,-1.68514e-06,0.0002625,2031.52
0,8338095,6,phononTF,0.000934868,0.00069378,-0.00129563,-0.000262498,1148.11,0.000382,1,0.00100424,-0.000996913,0.0002625,1264.31
0,8339225,9,phononTS,0.000581886,-5.22909e-05,-0.000477211,-0.000262498,2207.87,0.000382,1,-4.42495e-06,-4.61965e-06,0.0002625,2349.68
0,8344232,9,phononTS,0.00064667,0.0029562,0.00102757,-0.0002625,1105.22,0.000382,1,0.00300387,0.00100088,0.0002625,1910.69
0,8344600,8,phononTS,0.00137533,0.0023546,-0.000383074,-0.0002625,719.514,0.000382,1,0.00100183,0.00100425,0.0002625,2339.6
0,8345789,14,phononTF,0.000434511,-0.000662034,0.00262545,-0.0002625,1338.31,0.000382,1,-0.00100266,0.00299724,0.0002625,6871.43
0,8346555,17,phononTS,0.000560967,-0.00100231,0.00300114,0.0002625,7037.85,0.000560967,1,-0.000919169,0.00241201,-0.0002625,7346.25
0,8348295,3,phononTF,0.00139752,0.000906516,-0.000138101,-0.0002625,32.9394,0.000382,1,0.00200215,-0.00199632,0.0002625,5340.87
0,8349063,2,phononTS,0.00251507,0.00293861,0.00113005,-0.0002625,50.0688,0.000764,1,0.00299897,0.000999838,0.0002625,707.378
0,8357317,11,phononL,0.000556745,0.0019986,-0.00200495,0.000262498,6055.41,0.000556745,1,0.00179661,-0.00176656,-0.0002625,6123.88
0,8359797,26,phononTF,0.00063447,-0.00057702,0.00141291,-0.0002625,3832.88,0.000382,1,-0.000999986,0.00100308,0.0002625,5358.37
0,8362178,11,phononTS,0.000613779,0.005,0.00276282,-0.000196526,2015.38,0.000382,1,0.00199526,0.00199799,0.0002625,3380.66
0,8368383,9,phononTF,0.000588359,0.00212203,-0.00187231,-0.0002625,1561.56,0.000382,1,0.00199997,-0.00199716,0.0002625,4293.4
0,8370551,21,phononTS,0.00104907,0.00297048,0.00112398,-0.0002625,539.543,0.000382,1,0.00299664,0.00100353,0.0002625,861.665
0,8373896,2,phononTS,0.0017171,0.00204051,0.00186651,-0.0002625,69.3209,0.000382,1,0.00199946,0.00200045,0.0002625,677.694
0,8379578,5,phononTS,0.00129669,0.00194236,-0.000539277,-0.0002625,210.32,0.000382,1,0.000998519,-0.000999542,0.0002625,2040.33
0,8383243,6,phononTS,0.000548578,0.005,-0.00360527,6.06827e-05,179.422,0.000382,1,0.00199987,-1.04959e-06,0.0002625,3274.37
0,8389310,19,phononTF,0.000799223,-0.000142934,-4.08592e-05,-0.0002625,5521.27,0.000382,1,-4.59177e-06,-1.91437e-06,0.0002625,7974.25
0,8395631,4,phononTS,0.00220999,0.00288594,0.00102968,-0.0002625,21.4569,0.000382,1,0.00299785,0.00100039,0.0002625,432.408
0,8396909,16,phononTF,0.000493972,0.00126727,-0.00315558,-0.0002625,21639.9,0.000382,1,0.00200133,-0.00199747,0.0002625,22975.6
0,8397186,2,phononTF,0.00152648,0.00226439,0.000613215,-0.0002625,65.7994,0.000382,1,0.0020038,3.32183e-06,0.0002625,381.716
0,8397320,5,phononTF,0.00304814,0.00194526,0.00194422,-0.0002625,877.805,0.000382,1,0.00199868,0.00199675,0.0002625,1150.17
0,8397902,15,phononTS,0.00081826,0.00161876,0.000459203,-0.0002625,3406.27,0.000382,1,0.00200322,2.27474e-06,0.0002625,4255.62
0,8404211,2,phononTS,0.000605837,0.00103934,-0.00360299,-0.0002625,60.7731,0.000382,1,0.00100427,-0.00299638,0.0002625,4500.19
0,8406030,13,phononTS,0.000537976,0.0032437,-0.00180632,-0.000262498,1938.81,0.000382,1,0.00200278,-0.0019985,0.0002625,2220.42
0,8411522,7,phononTS,0.000691426,0.00302709,0.00103757,-0.000262498,882.519,0.000382,1,0.00299933,0.00100488,0.0002625,972.061
0,8414174,6,phononTS,0.00160421,-0.00097227,0.000691111,-0.000262498,3740.16,0.001146,1,-0.00100471,0.000997449,0.0002625,3860.51
0,8416356,16,phononTS,0.000457759,0.000990658,-0.0010091,-0.000262498,10862.4,0.000382,1,0.00100188,-0.00100147,0.0002625,10954.4
0,8417857,2,phononTS,0.00302273,0.00183096,0.000908914,-0.0002625,109.545,0.001146,1,0.00100275,0.00100113,0.0002625,445.396
0,8418974,11,phononTF,0.000446296,0.00292156,0.00109646,-0.000262498,2588.12,0.000382,1,0.00300425,0.00100181,0.0002625,2680.74
0,8420028,30,phononTS,0.000415127,0.00300207,0.00102439,-0.0002625,1103.25,0.000382,1,0.00300174,0.000996117,0.0002625,1372.11
0,8422055,33,phononTF,0.00118467,0.00311472,0.000752763,-0.0002625,1780.65,0.000382,1,0.00300215,0.00100468,0.0002625,2411.97
0,8422220,8,phononTS,0.00079704,-0.000549215,0.00303584,-0.0002625,2777.48,0.000382,1,-0.00100191,0.0030022,0.0002625,3474.68
0,8424760,6,phononTF,0.00102367,0.00321367,0.000812007,-0.000262498,673.493,0.000382,1,0.00299765,0.00100395,0.0002625,776.871
0,8425303,6,phononTF,0.000470768,0.00199936,0.0020025,0.000262498,632.297,0.000470768,1,0.00173552,0.00172548,-0.0002625,744.109
0,8425655,4,phononTS,0.000657753,0.0010047,0.00100418,0.0002625,958.329,0.000434146,1,0.000973658,0.00100722,-0.0002625,2030.76
0,8430979,7,phononTF,0.000543178,-8.51866e-05,-0.0018527,-0.0002625,5056.71,0.000382,1,4.86143e-06,-0.00199576,0.0002625,5357.05
0,8432584,18,phononTS,0.000888707,1.68342e-06,0.00200361,0.000262498,1353.55,0.000744079,1,-0.000772894,0.00206915,-0.0002625,1539.26
0,8432718,3,phononTF,0.00261994,0.00209199,0.00191257,-0.0002625,65.2427,0.001146,1,0.00200217,0.00199777,0.0002625,325.378
0,8438455,15,phononTS,0.000422611,-0.00200146,0.00200355,-0.000262498,8096.43,0.000382,1,-0.00200056,0.00199561,0.0002625,8187.91
0,8440638,7,phononTS,0.000460306,-0.000997595,-9.87115e-05,-0.000262498,8505.26,0.000382,1,-0.00199833,-2.4284e-06,0.0002625,8732.17
0,8445894,19,phononL,0.000510684,0.00352765,8.52163e-05,-0.000262498,402.358,0.000382,1,0.00299907,0.00100168,0.0002625,534.772
0,8448328,8,phononTS,0.000693297,-1.21959e-05,-6.82472e-05,-0.0002625,702.965,0.000382,1,-4.95168e-07,2.78511e-07,0.0002625,1908.66
0,8449426,7,phononL,0.000612558,0.0015292,-0.00113654,-0.0002625,342.79,0.000382,1,0.00100232,-0.0010016,0.0002625,1228.89
0,8451042,2,phononTS,0.00247959,0.00279166,0.00116954,-0.0002625,334.304,0.001146,1,0.00299685,0.00100091,0.0002625,578.048
0,8454356,10,phononTS,0.000417536,0.00115817,0.00252314,-0.000262498,2656.25,0.000382,1,2.87039e-07,0.00200277,0.0002625,2933.56
0,8454359,10,phononTF,0.000784556,0.0026781,0.00122073,-0.000262498,360.585,0.000382,1,0.00300157,0.000999349,0.0002625,476.395
0,8454403,4,phononTS,0.00216804,0.00299526,0.00100018,0.0002625,101.915,0.000532169,1,0.00304454,0.00102811,-0.0002625,370.208
0,8459496,18,phononTF,0.000652103,0.00183689,0.000162762,-0.000262498,3382.9,0.000382,1,0.00200379,4.39131e-06,0.0002625,3480.99
0,8462353,9,phononTS,0.000439822,0.00223054,2.15736e-05,-0.0002625,1289.49,0.000382,1,0.0019971,-4.75547e-06,0.0002625,1626.08
0,8464906,4,phononL,0.000599213,0.0027229,0.00206463,-0.0002625,328.32,0.000382,1,0.00200469,0.00200025,0.0002625,519.305
0,8466721,12,phononTS,0.00107827,0.00251374,0.000981372,-0.000262498,2959.18,0.000382,1,0.00300164,0.000998831,0.0002625,3105.27
0,8467373,1,phononTS,0.01,0.00294747,0.000996633,0.000149298,0,0.001146,1,0.00299836,0.000996409,0.0002625,390.502
0,8468235,19,phononTF,0.00038962,-0.00177699,0.000231912,-0.0002625,4636.96,0.000382,1,-0.00199521,2.79211e-06,0.0002625,4951.59
0,8469918,2,phononTF,0.000630716,0.00284809,0.00104183,-0.0002625,52.257,0.000382,1,0.00299628,0.00100319,0.0002625,433.866
0,8474727,17,phononTF,0.000401716,0.000168289,0.000144918,-0.0002625,3605.94,0.000382,1,0.00100451,0.000997408,0.0002625,4891.14
0,8475003,9,phononTS,0.000876346,-0.000332559,-0.00168747,-0.0002625,3087.94,0.000382,1,-1.66888e-06,-0.00199872,0.0002625,3533
0,8478394,6,phononTF,0.000567312,0.00215536,0.00183822,-0.000262498,6595.15,0.000382,1,0.00200106,0.00199891,0.0002625,6692.76
0,8478394,3,phononL,0.00169105,0.00252199,0.00128311,0.000262498,39.8334,0.000590507,1,0.00283368,0.00216891,-0.0002625,157.61
0,8479298,9,phononTS,0.00056488,-0.00131962,0.000214186,-0.0002625,4383.52,0.000382,1,2.75496e-06,0.00199576,0.0002625,6312.21
0,8482943,20,phononTF,0.000666737,-0.00108782,0.0010816,-0.0002625,867.582,0.000382,1,-0.0019974,0.00199623,0.0002625,1301.41
0,8486738,5,phononTS,0.00228543,0.00269941,-7.77557e-05,-0.000262498,2400.44,0.000382,1,0.00200397,2.36682e-06,0.0002625,2574.79
0,8487673,25,phononTS,0.000528769,-0.0020024,0.00199588,0.0002625,8978.04,0.000528769,1,-0.00072625,0.00347172,-0.0002625,13752.2
0,8492605,9,phononTS,0.00165482,0.00205196,0.00071264,-0.000262498,384.376,0.000382,1,0.00199567,-1.33321e-06,0.0002625,561.019
0,8493113,10,phononTF,0.000805169,0.000998585,-0.00100196,0.0002625,4736.39,0.000805169,1,0.00105484,-0.000938111,-0.0002625,5824.91
0,8494002,5,phononL,0.00122591,0.00225144,0.00309911,-0.000262499,1607.9,0.000382,1,0.00199844,0.00199855,0.0002625,1743.6
0,8494002,6,phononTS,0.000472123,0.00199844,0.00199855,0.000262498,1743.6,0.000472123,1,0.00201432,0.00178762,-0.0002625,1853.73
0,8497981,14,phononTF,0.000574348,4.74833e-05,-0.00179442,-0.0002625,1672.45,0.000382,1,4.41942e-06,-0.00200386,0.0002625,2175.17
0,8499713,4,phononL,0.000552722,0.00265051,0.00099912,-0.000262498,715.591,0.000382,1,0.00300351,0.000995426,0.0002625,785.645
0,8501651,3,phononTS,0.000667485,0.00220916,0.0015841,-0.0002625,986.451,0.000382,1,0.00200408,0.00199545,0.0002625,1407.65
0,8502565,8,phononL,0.000469591,-0.000380333,0.00271977,-0.0002625,2433.43,0.000382,1,2.88772e-06,0.00200481,0.0002625,3132.1
0,8502565,3,phononTS,0.000565707,0.00253572,0.00135977,0.000262498,120.425,0.000565707,1,0.00217593,0.000482579,-0.0002625,343.739
0,8502565,2,phononL,0.00129731,0.00253572,0.00135977,0.000262498,120.425,0.000378324,1,0.00193793,0.00157415,-0.0002625,209.648
0,8505130,9,phononTS,0.000459644,0.00299518,0.001002,0.000262498,3965.65,0.000459644,1,0.00333526,0.00104703,-0.0002625,4090.02
0,8505399,15,phononTS,0.00106866,1.38837e-05,0.00199393,-0.0002625,760.259,0.000382,1,3.17537e-06,0.00199776,0.0002625,4617.54
0,8507366,9,phononTS,0.00095692,-0.00197169,3.2183e-05,-0.0002625,2245.17,0.000382,1,-0.00200241,1.33747e-06,0.0002625,2871.57
0,8508495,6,phononTS,0.000954617,-0.00201119,7.2173e-05,-0.000262498,1550.79,0.000382,1,-0.00199838,4.04112e-06,0.0002625,1646.52
0,8509128,9,phononTF,0.00111303,0.00228979,0.000301035,-0.0002625,1280.19,0.000764,1,0.00200105,-1.11342e-06,0.0002625,2485.48
0,8509327,3,phononTF,0.00263003,0.00288456,0.00111747,-0.0002625,345.598,0.000764,1,0.00300492,0.00100294,0.0002625,722.606
0,8510008,11,phononTS,0.000975183,0.0020114,6.85977e-05,-0.000262498,689.018,0.000382,1,0.00199908,-1.29311e-06,0.0002625,784.889
0,8514789,11,phononTS,0.000694535,0.00100117,0.00100143,0.000262498,7773.02,0.000694535,1,0.0010466,0.00103428,-0.0002625,7862.33
0,8522202,8,phononTF,0.000403131,0.00319784,0.00123533,-0.000262498,429.451,0.000382,1,0.0030011,0.000996262,0.0002625,535.16
0,8527329,3,phononTS,0.00284684,9.72937e-05,-0.00195411,0.000230283,379.105,0.000764,1,1.32781e-06,-0.00200293,0.0002625,1160.11
0,8529175,9,phononTF,0.000411085,0.00321344,0.000884255,-0.0002625,1801.71,0.000382,1,0.0030028,0.00099871,0.0002625,2355.02
0,8529773,15,phononTS,0.00137341,0.00263267,-0.00208069,-0.0002625,1758.23,0.000382,1,0.00200483,-0.00200219,0.0002625,2716.03
0,8529894,28,phononTS,0.000395617,0.00200144,0.0019994,0.000262498,4665.21,0.000395617,1,0.0020206,0.00241515,-0.0002625,4800.13
0,8529895,1,phononTF,0.01,0.00229707,0.000772201,-0.000259034,0,0.00308797,1,0.00229952,0.000774764,-0.0002625,925.011
0,8531015,1,phononTF,0.01,0.00275328,0.0010071,0.000229751,0,0.00191,1,0.0029979,0.00100258,0.0002625,147.343
0,8531376,7,phononL,0.00189477,0.00200446,3.19146e-06,0.0002625,351.961,0.00108994,1,0.00184591,-0.00131878,-0.0002625,662.32
0,8533796,13,phononTS,0.000513807,3.21588e-06,-0.00200318,0.0002625,1658.43,0.000513807,1,4.76834e-05,-0.00199263,-0.0002625,1848.9
0,8543728,10,phononTF,0.000452967,-0.00214114,-0.00212594,-0.0002625,4003.04,0.000382,1,-0.00200352,-0.00200059,0.0002625,5051.94
0,8547626,9,phononTS,0.000662622,-0.00138447,0.00449918,-0.0002625,5179.31,0.000382,1,-0.00100483,0.00300342,0.0002625,8927.62
0,8547743,8,phononL,0.000614229,0.00299567,0.00100331,0.000262498,691.775,0.000614229,1,0.00268294,0.00120302,-0.0002625,762.964
0,8548970,12,phononTS,0.000449724,-0.00100352,0.00100139,0.000262498,4862.76,0.000449724,1,-0.000195342,-0.000688311,-0.0002625,5242.18
0,8550610,26,phononTS,0.000396876,-0.00100007,0.002998,0.000262498,17430.5,0.000396876,1,-0.00103072,0.00297184,-0.0002625,17520.7
0,8551593,19,phononTF,0.00249053,0.00118917,-0.0012224,3.48776e-05,537.967,0.000382,1,0.00100032,-0.00100485,0.0002625,1161.95
0,8552417,10,phononTS,0.000855262,0.0030038,0.0009953,0.000262498,3623.39,0.000642078,1,0.0039022,0.000995365,-0.0002625,3830.34
0,8554502,8,phononTS,0.000543618,-3.85317e-06,4.278e-06,0.0002625,1621.07,0.000543618,1,0.000202439,-0.000565175,-0.0002625,5440.42
0,8555983,9,phononTS,0.000722611,3.29961e-06,-0.0019969,0.000262498,7289.8,0.000374796,1,-0.000496104,-0.00190741,-0.0002625,7441.04
0,8558449,4,phononTS,0.00125721,0.00169369,0.00104631,-0.0002625,34.3023,0.000382,1,0.000999239,0.00100488,0.0002625,381.555
0,8560024,8,phononTS,0.000490438,0.00279656,0.0010467,-0.000262498,304.452,0.000382,1,0.00300024,0.00100105,0.0002625,412.788
0,8561200,10,phononTS,0.000959805,0.00200418,0.00199862,0.000262498,1417.33,0.000959805,1,0.00203436,0.00200163,-0.0002625,1508.43
0,8561217,12,phononTF,0.000414009,0.00313821,0.000791807,-0.0002625,1267.58,0.000382,1,0.00299943,0.000996068,0.0002625,1644.49
0,8562124,12,phononTS,0.000603657,0.00173499,-0.00309606,-0.000262498,14992.6,0.000382,1,0.000997116,-0.00300308,0.0002625,15174.9
0,8562275,4,phononTS,0.00129024,-0.00122591,-0.000978407,-0.0002625,2716.71,0.000382,1,-0.00100309,-0.00100112,0.0002625,3050.15
0,8563860,3,phononTS,0.000712346,0.00217992,0.000730299,-0.000262498,649.419,0.000382,1,0.000999327,0.0010013,0.0002625,913.619
0,8566172,13,phononTS,0.000483514,-0.00183172,-0.000311445,-0.0002625,2766.18,0.000382,1,-0.00200244,4.99646e-06,0.0002625,3970.37
0,8566173,1,phononTS,0.01,0.00210795,0.00103032,-5.49356e-05,0,0.00283249,1,0.00208783,0.00103498,-0.0002625,330.099
0,8566225,11,phononTF,0.000489284,0.000848629,-0.00311467,-0.0002625,1400.78,0.000382,1,-0.00200297,-3.73276e-06,0.0002625,3862.83
0,8567162,5,phononTF,0.00176284,0.00115907,0.000434458,-0.0002625,248.667,0.000382,1,2.47447e-06,2.97788e-08,0.0002625,745.366
0,8568032,10,phononTS,0.00040344,-0.000998793,-0.000998083,0.000262498,2281.68,0.00040344,1,-0.000959264,-0.000655122,-0.0002625,2406.49
0,8576581,15,phononTS,0.000388598,0.005,0.00388536,-0.00022345,306.695,0.000382,1,-1.98078e-06,-0.00199739,0.0002625,2282.66
0,8576673,6,phononTS,0.000594561,-0.00184535,0.00178674,-0.000262498,2869.32,0.000382,1,-0.0020026,0.00199915,0.0002625,2990.91
0,8577171,7,phononL,0.000454462,0.00233846,0.00224875,-0.000262498,366.868,0.000382,1,0.00200355,0.00199767,0.0002625,440.762
0,8580681,10,phononTF,0.000446532,-0.000346547,0.00242805,-0.000262498,1891.33,0.000382,1,0.00300301,0.00100065,0.0002625,2539.2
0,8580947,7,phononTS,0.000443786,-0.00199943,-0.00199844,0.000262498,2158.13,0.000443786,1,-0.00199553,-0.00205286,-0.0002625,2248.61
0,8581178,5,phononL,0.00114585,0.00206106,0.000684097,-0.0002625,214.663,0.000382,1,0.00200133,-2.22172e-07,0.0002625,438.832
0,8588684,2,phononTS,0.00185772,0.000923646,0.00102439,-0.0002625,2669.63,0.000382,1,0.00100395,0.00100416,0.0002625,3124.37
0,8590606,3,phononTS,0.00106908,-4.86062e-05,3.08278e-05,-0.0002625,67.4346,0.000382,1,1.6929e-06,1.04216e-06,0.0002625,1414.12
0,8602576,16,phononL,0.000442729,-0.000687747,3.88554e-05,-0.000262498,12451.2,0.000382,1,7.41325e-07,-3.07867e-06,0.0002625,12544
0,8602576,2,phononTS,0.00144965,0.00251806,0.00114404,0.000262498,11.0801,0.000688699,1,0.0022602,0.00225243,-0.0002625,262.971
0,8603892,8,phononTS,0.000647735,-0.00120164,-0.00127362,-0.000262498,3338.67,0.000382,1,-0.000999835,-0.00100323,0.0002625,3470.09
0,8605361,15,phononTS,0.000914175,0.00198234,-0.00252213,-0.0002625,3459.9,0.000764,1,0.00200153,-0.00199575,0.0002625,4484.61
0,8605553,15,phononTS,0.00125764,-0.00298163,-0.00105212,-0.0002625,4266.46,0.000382,1,-0.0029976,-0.000999201,0.0002625,8936.94
0,8605936,11,phononTS,0.000448014,0.00103507,0.000813843,-0.0002625,7367.39,0.000382,1,-1.22742e-06,0.00200261,0.0002625,13644.7
0,8606611,19,phononTS,0.00105135,-0.00264859,-0.00215412,-0.0002625,3313.06,0.000764,1,-0.00299653,-0.001003,0.0002625,3929.94
0,8606717,15,phononTF,0.000504542,0.00265687,0.00137096,-0.0002625,125.369,0.000382,1,0.00300193,0.00100258,0.0002625,1076.82
0,8611962,13,phononL,0.000678526,7.25778e-05,-0.000477803,-0.0002625,3697.2,0.000382,1,-4.68784e-06,3.57438e-06,0.0002625,4112.67
0,8611962,2,phononTF,0.00100245,0.00249216,0.00119836,0.000262498,3.97288,0.000525407,1,0.00217553,0.0013165,-0.0002625,117.156
0,8613801,6,phononTS,0.000791065,-0.000979972,0.00301114,-0.0002625,272.562,0.000382,1,-0.000995298,0.00300281,0.0002625,1870.08
0,8615538,14,phononL,0.000571608,0.00107057,0.00148996,-0.000262498,4579.54,0.000382,1,0.000998074,0.00100208,0.0002625,4657.51
0,8616240,14,phononTS,0.00120885,-0.00112855,0.000922781,-0.0002625,872.665,0.000382,1,-0.00100172,0.00100146,0.0002625,2083.04
0,8619542,4,phononL,0.00127547,0.00281628,0.00110871,-0.0002625,38.7232,0.000764,1,0.00300167,0.00100034,0.0002625,168.886
0,8623930,7,phononTF,0.000449172,-0.00155979,0.00358887,-0.0002625,1744.71,0.000382,1,-0.000998564,0.00299691,0.0002625,2246.41
0,8624984,8,phononTF,0.000997647,0.00199827,-3.58978e-06,0.000262498,1008.32,0.000542234,1,0.00216103,-0.000238188,-0.0002625,1112.79
0,8626011,5,phononTF,0.000777739,0.0021192,0.00188682,-0.0002625,495.881,0.000382,1,0.00200345,0.00199646,0.0002625,1153.25
0,8627583,2,phononTS,0.00304677,0.00275324,0.00110061,-0.0002625,6.96741,0.000382,1,0.00300345,0.00100351,0.0002625,248.622
0,8627583,10,phononTF,0.000490139,0.00300345,0.00100351,0.000262498,248.622,0.000490139,1,0.00348234,0.000502101,-0.0002625,398.485
0,8628362,10,phononTF,0.0016631,0.000453685,-0.00355025,-0.0002625,436.575,0.000382,1,0.000996414,-0.00299607,0.0002625,4996.9
0,8628362,11,phononTS,0.000958031,0.000996414,-0.00299607,0.000262498,4996.9,0.000571213,1,0.000979763,-0.00296949,-0.0002625,5087.73
0,8630388,6,phononTS,0.00128863,-0.000165785,-0.00196462,-0.0002625,3227.02,0.000382,1,-2.49389e-06,-0.00200406,0.0002625,3766.88
0,8634389,9,phononTS,0.000588767,-0.00030362,-3.96576e-05,-0.0002625,5815.08,0.000382,1,3.69347e-06,-4.43171e-06,0.0002625,6417.89
0,8635011,11,phononTS,0.000545884,-0.000392298,-0.000707763,-0.0002625,4367.26,0.000382,1,-3.35893e-06,-0.00199575,0.0002625,7420.83
0,8636353,2,phononTS,0.000912715,-0.000889867,0.000203648,-0.0002625,4.47815,0.000382,1,-0.00299553,-0.000995374,0.0002625,3356.29
0,8637280,11,phononTS,0.000563865,0.00220237,0.0020428,-0.0002625,989.843,0.000382,1,0.00200454,0.00200021,0.0002625,2379.4
0,8639430,7,phononTS,0.00055199,1.0812e-07,0.00199613,0.000262498,927.593,0.00055199,1,-0.000491273,0.00218875,-0.0002625,1084.54
0,8641830,8,phononTS,0.00142209,0.00300019,0.00100205,0.000262498,688.337,0.000417847,1,0.00342835,0.000985238,-0.0002625,824.995
0,8644696,6,phononTF,0.000525225,0.00287338,0.000879478,-0.0002625,309.412,0.000382,1,0.00300009,0.000999529,0.0002625,1430.45
0,8644696,4,phononTF,0.00200874,0.00241766,0.00117788,0.000262498,102.519,0.000944221,1,0.00224776,0.00134953,-0.0002625,201.449
0,8645867,4,phononTF,0.0016191,0.00295427,0.000951267,-0.0002625,61.7198,0.000764,1,0.00300339,0.000999269,0.0002625,2087.58
0,8647016,4,phononTS,0.00187376,0.00250914,0.0010052,-0.000262498,191.761,0.001146,1,0.00299659,0.00100005,0.0002625,336.906
0,8649450,8,phononTS,0.000707001,0.000998094,-0.000995701,0.0002625,3587.17,0.000148557,1,0.00197189,-0.00105616,-0.0002625,4019.57
0,8651149,14,phononTS,0.00125265,-0.00115628,0.000964888,-0.000262498,1153.28,0.000764,1,-0.00100034,0.00099525,0.0002625,1257.16
0,8651251,12,phononL,0.000508109,0.000506237,-0.00268389,-0.0002625,7730.68,0.000382,1,0.000999165,-0.00299595,0.0002625,8643.31
0,8652531,8,phononTS,0.000469844,-1.37824e-05,4.84201e-05,-0.000262498,2492.93,0.000382,1,-9.34907e-07,-1.02166e-06,0.0002625,2583.02
0,8655458,5,phononL,0.00353781,0.0024283,0.00114939,-0.0002625,294.03,0.001146,1,0.00199742,0.00200022,0.0002625,488.92
0,8658615,7,phononTF,0.000450162,0.00208602,0.000309976,-0.0002625,643.951,0.000382,1,0.00200337,-2.27082e-06,0.0002625,980.88
0,8659603,17,phononL,0.000639188,-0.000387656,0.00078507,-0.0002625,19890.4,0.000382,1,-0.00100015,0.00100131,0.0002625,20342.5
0,8660950,3,phononTF,0.000900644,0.00291254,0.000914474,-0.0002625,491.444,0.000382,1,0.00300252,0.00100063,0.0002625,1251.54
0,8666673,9,phononTS,0.000459976,-3.58529e-05,-4.57036e-05,-0.0002625,4888.1,0.000382,1,7.27489e-07,2.82199e-06,0.0002625,5548.79
0,8668889,20,phononTS,0.00053968,-0.00238347,0.000924281,-0.0002625,12514.5,0.000382,1,-0.0009991,0.00300013,0.0002625,14322
0,8675897,4,phononTS,0.000432191,0.00137237,-0.00149041,-0.0002625,865.126,0.000382,1,0.000997763,-0.00100154,0.0002625,7663.87
0,8675898,1,phononTF,0.01,0.0021561,0.000462343,-0.000249685,0,0.00341626,1,0.00208738,0.000531389,-0.0002625,231.743
0,8676610,15,phononTF,0.000499413,-0.00175695,0.00147809,-0.0002625,6790.76,0.000382,1,-0.000999647,0.00100145,0.0002625,7350.83
0,8677329,3,phononTS,0.00147376,0.00332125,-0.000256437,-0.0002625,207.586,0.000382,1,0.00299501,0.000999024,0.0002625,826.429
0,8677329,7,phononTS,0.000443722,0.00299501,0.000999024,0.000262498,826.429,0.000443722,1,0.00295002,0.000983679,-0.0002625,916.606
0,8679017,3,phononTS,0.00274934,0.00216062,0.00186299,0.00011895,315.282,0.000764,1,0.00199907,0.00199897,0.0002625,595.705
0,8679162,10,phononTS,0.000491926,0.00299517,0.00100221,0.000262498,794.94,0.000491926,1,0.00201857,0.00140494,-0.0002625,1029.32
0,8680033,5,phononTF,0.000611635,0.000869158,0.000857808,-0.0002625,954.647,0.000382,1,0.00100433,0.000995958,0.0002625,1735.38
0,8682721,10,phononTS,0.000598142,0.00203703,0.00195271,-0.0002625,2872.66,0.000382,1,0.00200246,0.00199713,0.0002625,8620.72
0,8684975,6,phononL,0.000836127,0.00253994,0.00240548,-0.000262498,1773.37,0.000382,1,-4.009e-06,0.00199674,0.0002625,2062.77
0,8685027,14,phononTF,0.000385225,0.0008231,-0.00282696,-0.000262498,2170.04,0.000382,1,0.00100471,-0.00300021,0.0002625,2269.63
0,8685226,13,phononTF,0.000686997,-0.00099755,0.00300497,0.000262498,1687.89,0.000686997,1,-0.000779023,0.00321326,-0.0002625,1791.51
0,8688962,21,phononTS,0.000399171,-0.000654077,0.00205709,-0.000262498,9587.34,0.000382,1,4.19908e-06,0.00200214,0.0002625,9754.76
0,8691301,11,phononL,0.000567147,-0.00209966,0.00162873,-0.0002625,6773.36,0.000382,1,-0.00200047,0.00200485,0.0002625,7566.49
0,8693046,9,phononTS,0.00133399,0.00204324,0.00195655,-0.0002625,1005.77,0.000382,1,0.00199831,0.00199888,0.0002625,1670.09
0,8700659,25,phononTF,0.000654468,0.00179801,0.00207547,-0.000262498,1285.01,0.000382,1,0.0020015,0.00200482,0.0002625,1385.17
0,8702870,7,phononTF,0.000696306,0.000299997,0.00231205,-0.0002625,10259.5,0.000382,1,2.03148e-06,0.00200036,0.0002625,10833
0,8705141,3,phononTF,0.00275393,0.00282148,0.00117501,-0.0002625,35.0714,0.001146,1,0.00299867,0.00100283,0.0002625,4345.78
0,8705916,17,phononTF,0.000518669,3.71964e-06,-0.00200434,0.0002625,5494.59,0.000518669,1,-4.89617e-05,-0.00167884,-0.0002625,5722.28
0,8706036,13,phononTS,0.000467931,-0.00296576,-0.000977711,-0.0002625,4293.67,0.000382,1,-0.00300209,-0.000995537,0.0002625,5300.51
0,8708528,2,phononTF,0.00117472,0.00119836,-0.000809077,-0.0002625,640.045,0.000382,1,0.000999647,-0.000999454,0.0002625,1471.8
0,8712271,24,phononTS,0.000544985,-0.000678829,-0.00206917,-0.000262498,4472.06,0.000382,1,-3.77271e-06,-0.00199615,0.0002625,4640.55
0,8714103,4,phononTF,0.000903324,0.00204388,4.69742e-05,-0.000262498,411.598,0.000382,1,0.00300318,0.00100437,0.0002625,660.421
0,8714640,4,phononTS,0.00237279,0.00278888,0.0010153,-0.0002625,40.3548,0.000764,1,0.00300236,0.00100382,0.0002625,261.513
0,8715012,10,phononTS,0.000526778,-2.77999e-05,-0.00027244,-0.000262498,5796.04,0.000382,1,-0.00100184,0.000999297,0.0002625,6132.16
0,8715619,6,phononTS,0.000568321,-0.00264922,-0.0018504,-0.0002625,475.887,0.000382,1,-0.00200346,2.21744e-06,0.0002625,3341.17
0,8718867,12,phononTS,0.000854295,-0.00204077,-0.0019546,-0.0002625,5026.64,0.000764,1,-0.00199808,-0.00199785,0.0002625,5886.49
0,8722381,18,phononTF,0.0014243,0.00194703,-0.000111266,-0.0002625,3446.05,0.001146,1,0.00200007,-3.06167e-06,0.0002625,3725.04
0,8722599,28,phononTS,0.000445675,0.0018213,-0.00173646,-0.000262498,3995.95,0.000382,1,0.0020033,-0.00199869,0.0002625,4124.76
0,8726048,5,phononTF,0.000583066,-0.00316317,-0.00144215,-0.000262498,2620.24,0.000382,1,-0.00300482,-0.00100155,0.0002625,2751.12
0,8726048,3,phononTF,0.00199461,-0.005,0.00399584,-6.17492e-05,218.013,0.000339359,1,-0.00491287,0.00408722,-0.0002625,1651.24
0,8735413,4,phononL,0.0016844,0.0022846,0.00254761,-0.000262498,2022.56,0.000764,1,0.00199637,0.00200235,0.0002625,2110.86
0,8739282,5,phononTF,0.000446782,0.00179616,0.00179868,-0.000262498,229.969,0.000382,1,0.00199959,0.00200058,0.0002625,332.49
0,8739282,3,phononTS,0.00236815,0.00254466,0.00107194,0.000262498,29.2354,0.000301138,1,0.00251036,0.000994302,-0.0002625,125.607
0,8740223,8,phononTS,0.000391185,-0.00104256,0.000884877,-0.0002625,3036.09,0.000382,1,-0.000997011,0.000999384,0.0002625,6007.8
0,8741400,2,phononL,0.00481286,5.4633e-05,0.00191444,0.00013318,628.014,0.001146,1,-3.46481e-06,0.0019957,0.0002625,1629.69
0,8747817,14,phononTS,0.000662836,-0.000997411,0.003004,0.000262498,2155.5,0.000287655,1,-0.00165105,0.00393842,-0.0002625,2413.06
0,8748980,6,phononTS,0.000883918,-0.000227132,0.00159687,-0.0002625,802.859,0.000764,1,-2.09377e-06,0.00200219,0.0002625,1249.03
0,8750310,15,phononTS,0.000573715,0.00303214,0.00102569,-0.000262498,1021.75,0.000382,1,0.00299939,0.000995975,0.0002625,1111.26
0,8751274,7,phononL,0.000877739,0.000373584,-0.000230762,-0.0002625,2947.93,0.000382,1,0.000996117,0.000997153,0.0002625,3941.27
0,8753195,15,phononTS,0.00114504,-0.00200068,-0.00200146,0.0002625,2659.16,0.000510406,1,-0.00223415,-0.00171125,-0.0002625,6863.11
0,8755765,11,phononTF,0.0010938,-0.00301544,0.00133008,-2.73088e-06,2726.88,0.0010191,1,-0.00241142,0.00249374,-0.0002625,3202.05
0,8756096,4,phononTS,0.000418334,0.00305399,0.0010806,-0.000262498,455.013,0.000382,1,0.00300345,0.000997567,0.0002625,551.62
0,8756730,3,phononTS,0.00240237,0.00218114,0.00193947,-0.0002625,65.1191,0.001146,1,0.00199766,0.00200362,0.0002625,759.995
0,8762184,6,phononTF,0.00122963,0.000906289,0.00110431,-0.0002625,1579.74,0.000382,1,-6.30486e-07,0.00199741,0.0002625,2286.87
0,8762184,7,phononTF,0.00041922,-6.30486e-07,0.00199741,0.000262498,2286.87,0.00041922,1,0.000258069,0.00184016,-0.0002625,2393.76
0,8762562,2,phononTF,0.00278021,0.00230672,-0.00169572,-0.0002625,9.02113,0.001146,1,0.00200077,-0.00200107,0.0002625,1414.54
0,8763599,2,phononTS,0.00217541,0.00226168,0.00147123,-0.0002625,711.63,0.000382,1,0.00200267,0.00199603,0.0002625,1044.68
0,8765322,5,phononTF,0.000515012,-0.000578608,0.00343704,-0.0002625,724.629,0.000382,1,-0.00100243,0.00299675,0.0002625,5930.65
0,8766204,7,phononTF,0.0006136,0.00246028,0.00154171,-0.000262498,2242.2,0.000382,1,0.00299888,0.00100393,0.0002625,2400.49
0,8766939,8,phononTS,0.00144521,0.0010287,0.000848126,-0.000262498,1155.05,0.000382,1,0.00100059,0.00100132,0.0002625,1258.36
0,8767045,6,phononL,0.00317284,0.00170723,0.000151426,-0.000262498,407.623,0.001146,1,0.00200342,4.35116e-06,0.0002625,476.82
0,8767045,12,phononTF,0.00110609,0.00109907,-0.005,-1.55217e-06,476.82,6.642e-05,1,0.000650799,-0.0045532,-0.0002625,6763.07
0,8767854,11,phononTF,0.000405263,0.00188473,0.00212777,-0.0002625,1048.31,0.000382,1,0.002005,0.00199769,0.0002625,3539.62
0,8768781,13,phononTS,0.000525349,0.00346413,0.00112235,-0.0002625,1528.59,0.000382,1,0.00299968,0.000998333,0.0002625,5194.53
0,8772785,4,phononTF,0.0030689,0.00227115,0.000253566,-0.0002625,16.2171,0.000764,1,0.00200265,-2.62808e-06,0.0002625,461.892
0,8772785,6,phononTS,0.000654991,0.00200265,-2.62808e-06,0.000262498,461.892,0.000654991,1,0.00202771,2.64853e-05,-0.0002625,551.504
0,8772785,5,phononTS,0.000601361,0.00200265,-2.62808e-06,0.000262498,461.892,0.000601361,1,0.00204291,-0.000236496,-0.0002625,573.689
0,8772831,26,phononL,0.000639778,-3.86426e-06,-2.77758e-06,0.000262499,13141.6,0.000639778,1,0.000260987,-0.000418363,-0.0002625,13220.3
0,8776486,13,phononTS,0.000833487,0.00268833,0.00103752,-0.000262498,502.523,0.000382,1,0.00299644,0.000995597,0.0002625,626.512
0,8776808,7,phononTS,0.000994856,0.0028131,0.000993917,-0.0002625,161.597,0.000382,1,0.00299599,0.000996391,0.0002625,480.934
0,8776808,8,phononTS,0.000481784,0.00299599,0.000996391,0.000262498,480.934,0.000481784,1,0.00298693,0.00106601,-0.0002625,576.792
0,8779300,3,phononTS,0.00248814,0.000929885,0.000998127,-0.0002625,798.859,0.001528,1,0.00100449,0.000996024,0.0002625,2969.72
0,8783730,4,phononTS,0.00248701,0.00304513,0.00103292,-0.0002625,95.3177,0.001146,1,0.00300382,0.00100139,0.0002625,879.273
0,8784074,3,phononTS,0.00232614,0.00255703,0.00130266,-0.000262498,403.205,0.000764,1,0.00299804,0.00100312,0.0002625,562.856
0,8792225,3,phononTS,0.000950466,0.00103778,-4.64266e-05,-0.0002625,54.877,0.000764,1,0.00199509,3.36118e-06,0.0002625,1497.51
0,8794958,4,phononTS,0.00147015,0.00293742,0.000938516,-0.0002625,289.683,0.000764,1,0.00299726,0.00100494,0.0002625,491.901
0,8794958,3,phononTF,0.00189311,0.00287757,0.000872092,0.000262498,289.683,0.0015348,1,0.00274006,0.00100244,-0.0002625,385.207
0,8797988,1,phononL,0.01,0.00271645,0.000958512,-7.09936e-06,0,0.00191,1,0.00300339,0.00100425,0.0002625,209.961
0,8798850,4,phononTF,0.000756587,0.00245201,0.00153126,-0.000262498,238.337,0.000382,1,0.00200192,0.00199783,0.0002625,381.046
0,8799649,7,phononTF,0.00122971,-0.00200002,0.00200076,0.000262498,5771.48,0.00114404,1,-0.00191725,0.0019147,-0.0002625,5863.65
0,8800267,7,phononTS,0.000567887,0.00274551,0.000970471,-0.000262498,150.779,0.000382,1,0.00299653,0.00100412,0.0002625,264.72
0,8800987,6,phononTS,0.000538048,0.00155312,0.00102078,-0.0002625,276.534,0.000382,1,0.00099808,0.00100341,0.0002625,739.261
0,8802845,22,phononTS,0.000464314,0.000550493,-0.00304539,-0.0002625,5090.01,0.000382,1,0.000995513,-0.00300317,0.0002625,6648.2
0,8808377,3,phononTS,0.00304835,0.00116526,0.00103247,-0.0002625,10.4081,0.000382,1,0.0010007,0.000996185,0.0002625,1494.06
0,8810881,14,phononTS,0.000540488,-0.00232533,-0.000179757,-0.0002625,4896.44,0.000382,1,-0.00200146,-4.52356e-06,0.0002625,5471.37
0,8811646,3,phononTS,0.000672189,0.00178994,-0.00258899,-0.0002625,297.688,0.000382,1,0.0010003,-0.00299661,0.0002625,1952.93
0,8811646,2,phononTS,0.000917422,0.0025904,0.000964661,0.000262498,297.688,0.000225843,1,0.0026789,0.000953868,-0.0002625,395.106
0,8812781,5,phononL,0.00162636,0.00229376,0.000538371,-0.000262498,347.212,0.000382,1,0.00200314,-4.81727e-06,0.0002625,435.468
0,8813783,5,phononTF,0.00140195,-0.00176982,-0.000197994,-0.0002625,1519.31,0.000382,1,-0.000996408,-0.000996334,0.0002625,4187.93
0,8814237,23,phononTS,0.000669693,0.00240434,0.00179155,-0.000262498,5759.68,0.000382,1,0.00200142,0.00199698,0.0002625,5906.48
0,8814238,1,phononTF,0.01,0.00266947,0.00127727,-0.000233793,0,0.00218527,1,0.00269343,0.0012859,-0.0002625,238.881
0,8822445,7,phononTS,0.00077919,-0.000674641,6.63002e-05,-0.000262498,3330.58,0.000382,1,-0.00199829,-0.00200242,0.0002625,3814.32
0,8824832,9,phononTS,0.000413829,0.00116536,0.00097261,-0.0002625,874.771,0.000382,1,0.0009956,0.000996414,0.0002625,1815.82
0,8825223,3,phononTF,0.00228172,-0.000787654,0.00321113,-0.000126075,6.49549,0.000382,1,-0.00100233,0.00300218,0.0002625,1006.59
0,8832455,7,phononTS,0.000880948,0.00284968,0.000974669,-0.000262498,358.074,0.000382,1,0.00300346,0.000997735,0.0002625,461.482
0,8832828,9,phononTF,0.000521694,-0.00248964,-0.000495674,-0.0002625,1102.72,0.000382,1,-0.00299771,-0.000998137,0.0002625,2567.14
0,8836240,2,phononTF,0.00121017,0.00274172,0.0010276,-0.0002625,60.1598,0.000382,1,0.00300162,0.00100405,0.0002625,271.631
0,8838559,6,phononTS,0.000520368,0.00191597,-0.002929,-0.000262498,4656.35,0.000382,1,0.00099977,-0.00299527,0.0002625,4872.29
0,8841147,17,phononTS,0.000560872,2.98138e-09,8.56942e-06,-0.0002625,1928.14,0.000382,1,4.677e-07,4.97382e-06,0.0002625,3286.74
0,8847010,13,phononTF,0.00069482,0.00158342,0.00243895,-0.000262498,1700.93,0.000382,1,0.00200472,0.00200272,0.0002625,1838.17
0,8850953,22,phononTS,0.000473098,-0.0020174,-0.00227278,-0.0002625,6162.8,0.000382,1,-0.00199843,-0.00199718,0.0002625,8127.49
0,8852438,7,phononTS,0.00112205,0.00297266,0.000970812,-0.000262498,549.357,0.000382,1,0.00300485,0.00100257,0.0002625,642.748
0,8853801,8,phononTF,0.000715101,8.38804e-05,0.00226457,-0.000262498,2321.31,0.000382,1,-0.000996657,0.000999752,0.0002625,2623.61
0,8858156,14,phononTS,0.000516707,0.00292015,-0.005,-0.000201154,7419.09,0.000516707,1,0.00275556,-0.00479278,-0.0002625,11754.3
0,8860078,11,phononTF,0.0012556,-0.00130459,0.00269615,-0.0002625,5864.68,0.000382,1,-0.000996874,0.00299732,0.0002625,6238.25
0,8864770,4,phononTF,0.00285153,1.45212e-05,0.00388212,-0.0002625,1191.41,0.000764,1,-0.000996561,0.00299538,0.0002625,2527.23
0,8871764,21,phononL,0.000593734,0.000941329,-0.00243052,-0.0002625,9338.62,0.000382,1,0.0010011,-0.00300191,0.0002625,9589.55
0,8887681,4,phononTF,0.000537391,0.00281677,0.000823483,-0.000262498,614.313,0.000382,1,0.00299702,0.000999651,0.0002625,714.004
0,8891002,6,phononTF,0.00135333,0.00101477,0.000928921,-0.0002625,202.835,0.000382,1,0.000995837,0.00099688,0.0002625,1432.96
0,8891002,7,phononTS,0.000484012,0.000995837,0.00099688,0.000262498,1432.96,0.000484012,1,0.000943446,0.000591548,-0.0002625,1569.65
0,8892919,5,phononTS,0.000614047,0.00197082,0.0019876,-0.0002625,1137.23,0.000382,1,0.00200179,0.0019978,0.0002625,1405.89
0,8893422,4,phononTS,0.00164444,0.0028652,0.00104597,-0.0002625,5.35976,0.000382,1,0.00299665,0.000999489,0.0002625,409.373
0,8893422,5,phononTF,0.000681482,0.00299665,0.000999489,0.000262498,409.373,0.000287014,1,0.00230736,0.00179275,-0.0002625,613.469
0,8896921,7,phononTF,0.000387582,0.00207388,0.00196646,-0.000262498,543.349,0.000382,1,0.00200445,0.00200408,0.0002625,634.541
0,8897048,2,phononTS,0.00596642,0.00101384,-0.000967661,0.000245158,197.639,0.001146,1,0.00100042,-0.00100095,0.0002625,659.831
0,8900465,22,phononTF,0.000807004,-0.00143846,-0.00118086,-0.0002625,2985.67,0.000382,1,-0.000995337,-0.0009971,0.0002625,3339.1
0,8902237,5,phononTS,0.00187957,0.00301778,0.00103279,-0.000262498,343.74,0.000382,1,0.00299753,0.00100004,0.0002625,437.71
0,8902911,2,phononTF,0.00142577,0.00281046,0.00109879,-0.0002625,57.8475,0.000764,1,0.00300061,0.000997548,0.0002625,256.381
0,8905852,5,phononTS,0.000627996,4.99017e-05,0.00199684,-0.000262498,1072.38,0.000382,1,-4.38663e-06,0.00200441,0.0002625,1163.5
0,8906621,3,phononTF,0.00207869,0.00154849,0.005,0.000205784,402.175,0.001146,1,0.000995503,0.000999527,0.0002625,1753.09
0,8908871,16,phononTS,0.000729834,0.000990372,0.000949508,-0.000262498,239.63,0.000382,1,0.00100296,0.000999374,0.0002625,331.115
0,8909349,4,phononTS,0.00156901,0.00416084,0.00129434,-0.0002625,181.796,0.000764,1,0.00300196,0.00100139,0.0002625,2641.27
0,8911719,9,phononTS,0.000442621,0.000899597,0.00170338,-0.0002625,691.409,0.000382,1,0.00200371,0.00200201,0.0002625,1034.77
0,8913731,7,phononL,0.000646462,-0.00057592,0.00193365,-0.0002625,1201.88,0.000382,1,2.46422e-06,0.00199812,0.0002625,1951.89
0,8917515,2,phononTF,0.00114571,-0.00139253,0.00140989,-0.0002625,133.973,0.000764,1,-0.000999302,0.00100071,0.0002625,3536.68
0,8922993,4,phononL,0.00054702,0.00269414,0.0014476,-0.000262498,529.931,0.000382,1,0.002999,0.00100312,0.0002625,612.163
0,8930232,4,phononTF,0.00242545,0.000265339,-0.000119263,-0.0002625,301.648,0.000382,1,-3.63925e-06,2.95537e-06,0.0002625,1949.77
0,8939765,2,phononL,0.00234348,0.000958537,0.00064129,-0.0002625,520.406,0.001146,1,0.00100074,0.00100444,0.0002625,825.165
0,8943137,2,phononTF,0.0016895,0.00289021,0.00111812,-0.0002625,137.13,0.000382,1,0.00300262,0.00100236,0.0002625,325.173
0,8943137,8,phononTS,0.000434086,0.00300262,0.00100236,0.000262498,325.173,0.000434086,1,0.00305503,0.00101105,-0.0002625,415.455
0,8943137,7,phononTF,0.000763244,0.00300262,0.00100236,0.000262498,325.173,0.000165356,1,0.00157515,0.00194561,-0.0002625,641.082
0,8943238,17,phononL,0.000546776,0.00188562,-0.0011374,-0.0002625,3212.24,0.000382,1,0.00100112,-0.000998451,0.0002625,3723.17
0,8950263,15,phononTS,0.00114478,0.000458674,-0.00316033,-0.0002625,2412.65,0.000382,1,0.00300378,0.00100024,0.0002625,3799.94
0,8950298,10,phononL,0.000674138,-0.00336514,-0.000826932,-0.0002625,17286.9,0.000382,1,-0.00299646,-0.000997849,0.0002625,17634.4
0,8955294,12,phononTF,0.000416819,0.00378495,0.000224759,-0.000262498,1458.2,0.000382,1,0.00300065,0.00099564,0.0002625,1666.77
0,8955295,1,phononTS,0.01,0.00279557,0.00124579,-0.000219711,0,0.00188804,1,0.00279407,0.00124354,-0.0002625,254.258
0,8955811,4,phononTF,0.000384241,0.00302646,0.00100327,-0.000262498,332.158,0.000382,1,0.00200268,-2.82022e-06,0.0002625,593.747
0,8955811,2,phononTF,0.000953423,0.005,0.00376443,-0.000227338,233.032,0.000430404,1,0.00476441,0.00383641,-0.0002625,886.877
0,8960690,12,phononL,0.00119535,0.00111961,0.00280293,-0.0002625,193.255,0.000764,1,0.00199745,0.00199666,0.0002625,1151.41
0,8962278,6,phononTF,0.000778198,0.00283895,0.000831379,-0.000262498,726.485,0.000382,1,0.00300297,0.0010017,0.0002625,825.038
0,8967074,19,phononTS,0.00110065,-0.000119324,0.000864053,-0.0002625,1508.06,0.000382,1,-0.000998025,0.0010036,0.0002625,3230.66
0,8968654,4,phononTS,0.00147714,0.00282514,0.00103998,-0.0002625,59.7549,0.000764,1,0.00300006,0.000995622,0.0002625,481.113
0,8969937,3,phononTS,0.000889429,0.00215149,0.00155215,-0.000262498,392.554,0.000382,1,0.00199992,0.00199707,0.0002625,540.509
0,8971098,5,phononTF,0.00121815,0.00312503,0.00113033,-0.0002625,1282.99,0.000382,1,0.00299742,0.000996537,0.0002625,1755.09
0,8971444,12,phononL,0.00189734,0.00200807,0.0017219,-0.0002625,380.255,0.000382,1,0.00199679,0.00199601,0.0002625,580.892
0,8974979,4,phononTF,0.00242266,0.00319137,0.0011524,-0.0002625,662.002,0.000382,1,0.00299731,0.00100022,0.0002625,862.899
0,8976482,4,phononTS,0.000494909,0.0029983,0.00100213,0.0002625,409.566,0.000494909,1,0.00302918,0.00096129,-0.0002625,677.812
0,8978487,2,phononTS,0.000955681,0.00188677,0.00162967,-0.0002625,206.275,0.000382,1,0.0020007,0.00199595,0.0002625,533.368
0,8986783,12,phononTS,0.00154946,0.00203603,5.14678e-05,-0.0002625,905.289,0.000382,1,0.00199847,3.60336e-06,0.0002625,1351.07
0,8990015,3,phononTS,0.00121454,0.00190415,0.0012509,-0.0002625,156.685,0.000382,1,0.00199847,0.00200094,0.0002625,827.108
0,8991888,3,phononTF,0.00145635,0.00285064,0.00114525,-0.0002625,463.485,0.000382,1,0.00299559,0.00100178,0.0002625,656.326
0,8993610,12,phononTF,0.000533068,-0.00144119,-0.00249484,-0.000262498,3790.55,0.000382,1,-0.00200457,-0.00199946,0.0002625,3949.71
0,8994313,17,phononL,0.00105734,0.002447,0.00143253,-0.000262498,404.402,0.000382,1,0.00199845,0.00199625,0.0002625,502.867
0,8994470,4,phononTF,0.000419169,-0.00137748,0.00239259,-0.0002625,3949.61,0.000382,1,-0.000995758,0.00299979,0.0002625,8677.74
0,8994711,15,phononTS,0.00055247,0.00197189,0.000205486,-0.0002625,833.22,0.000382,1,0.00200088,1.33562e-06,0.0002625,1595.46
0,9000528,18,phononTS,0.000572567,-0.00200228,0.00199768,0.000262498,2209.14,0.000572567,1,-0.0034009,0.00350965,-0.0002625,2624.48
0,9003115,12,phononTF,0.000527757,0.00228895,0.00229965,-0.000262498,1240.42,0.000382,1,0.00199666,0.00200402,0.0002625,1355.06
0,9004379,7,phononTS,0.00181379,0.00391536,-0.000104477,-0.000165716,330.665,0.00103249,1,0.00392917,2.78226e-05,-0.0002625,1808.95
0,9006593,12,phononL,0.000639245,0.00125337,-0.0026012,-0.0002625,10640.6,0.000382,1,0.00100174,-0.00300158,0.0002625,11208.4
0,9007256,12,phononL,0.000948998,0.00301324,0.0015549,-0.000262498,404.589,0.000382,1,0.00300307,0.000996429,0.0002625,486.984
0,9007806,8,phononTF,0.000481858,0.00265542,0.000458283,-0.0002625,6891.13,0.000382,1,0.00199574,1.38921e-06,0.0002625,10572.1
0,9010535,11,phononTS,0.000743572,-0.00202353,-0.00195012,-0.000262498,8650.58,0.000382,1,-0.0019958,-0.00200453,0.0002625,8742.96
0,9011740,16,phononTF,0.000951316,0.00189231,0.00205614,-0.0002625,630.2,0.000382,1,0.00199794,0.00199689,0.0002625,1217.09
0,9017334,7,phononTF,0.000880282,-0.00300333,-0.00100186,0.000262498,3360.56,0.000527212,1,-0.00326681,-0.00127612,-0.0002625,3471.51
0,9018686,2,phononL,0.000880486,-4.03478e-06,2.0116e-06,0.0002625,147.31,0.000353406,1,-0.000677528,-0.000258,-0.0002625,704.606
0,9024111,2,phononTS,0.000759161,0.00138709,0.00100689,-0.0002625,76.3402,0.000382,1,0.000995986,0.000997124,0.0002625,604.388
0,9026747,4,phononL,0.00126778,0.00132107,0.00139204,-0.0002625,2019.95,0.000382,1,0.00100061,0.00100378,0.0002625,2439.69
0,9027585,24,phononTS,0.000556349,0.000847786,0.00214186,-0.0002625,12381.3,0.000382,1,0.00199541,0.00199763,0.0002625,14912.3
0,9028440,5,phononTF,0.00129332,0.000984185,0.00102064,-0.0002625,1291.52,0.000382,1,0.000999489,0.00099581,0.0002625,1745.29
0,9031759,10,phononTF,0.000394047,-3.17396e-06,4.62739e-06,0.000262498,4971.96,0.000394047,1,0.000164739,0.00017149,-0.0002625,5070.69
0,9031911,7,phononTF,0.00113079,-0.00110465,0.000897067,-0.0002625,1521.22,0.000382,1,-0.00100472,0.000999109,0.0002625,3336.77
0,9032161,16,phononTF,0.000567685,0.00128488,-0.000716503,-0.0002625,1542.32,0.000382,1,0.000999919,-0.000999439,0.0002625,2108.09
0,9037611,4,phononL,0.00137048,0.00299849,0.00097134,0.000178426,70.948,0.000382,1,0.00300302,0.00100051,0.0002625,1679.55
0,9039789,4,phononTS,0.000622738,0.000860358,-0.00198773,-0.0002625,1215.01,0.000382,1,0.00100451,-0.00300478,0.0002625,2521.83
0,9039789,2,phononTF,0.00171999,0.00240816,0.00152174,0.000262498,170.835,0.00110592,1,0.00168924,-0.00104417,-0.0002625,658.808
0,9042329,11,phononL,0.000916339,0.00142478,0.00110086,-0.0002625,1458.56,0.000382,1,0.00100438,0.00100053,0.0002625,1978.49
0,9049346,4,phononL,0.00191042,0.00238873,0.00355355,-0.0002625,202.377,0.000382,1,0.00100166,0.00100196,0.0002625,1272
0,9049727,4,phononTF,0.000468371,0.0017673,-0.00174839,-0.0002625,2644.89,0.000382,1,0.00200471,-0.00199736,0.0002625,3179.48
0,9051233,11,phononTS,0.000764524,0.00100134,-0.000996816,0.000262498,5967.3,0.000764524,1,0.00107375,-0.00169208,-0.0002625,6140.8
0,9058568,31,phononTF,0.000513523,-0.000908278,-0.000956815,-0.0002625,2161.53,0.000382,1,-0.000998951,-0.00100055,0.0002625,2876.61
0,9060652,7,phononTF,0.000985632,0.00129823,0.00133567,-0.000262498,618.157,0.000382,1,0.00100003,0.000995976,0.0002625,738.36
0,9063783,2,phononTF,0.00149776,-0.00347424,-0.000549678,-0.0002625,202.216,0.000764,1,-0.00299856,-0.00099535,0.0002625,8431.78
0,9063784,1,phononTS,0.01,0.00211171,0.00135973,-0.000260064,0,0.00310002,1,0.00209704,0.00134379,-0.0002625,390.907
0,9066198,7,phononTF,0.000758571,0.00168195,-0.000338915,-0.0002625,6960.22,0.000382,1,0.00100349,-0.00100318,0.0002625,8884.77
0,9066462,17,phononTS,0.000382733,0.00157563,-0.000977461,-0.0002625,4582,0.000382,1,0.000996195,-0.00100439,0.0002625,5224.69
0,9072054,3,phononTS,0.000403805,0.00208421,0.00209116,-0.0002625,169.196,0.000382,1,0.00200192,0.00199602,0.0002625,1295.38
0,9072054,2,phononTS,0.00250523,0.00258069,0.000851276,0.000262498,169.196,0.00133352,1,0.00157152,-0.000583327,-0.0002625,531.203
0,9072925,17,phononTS,0.000437982,-0.0045822,0.0035861,-0.000262498,10089.7,0.000382,1,-2.28908e-06,-0.00199523,0.0002625,11413
0,9072949,7,phononTS,0.000599892,-4.40592e-05,0.00094416,-0.000262498,14234.5,0.000382,1,-1.71628e-07,-4.00641e-06,0.0002625,14450.9
0,9074489,23,phononTS,0.000567847,-0.00100092,0.00300367,0.000262498,2628.35,0.000382536,1,-0.00106932,0.00298265,-0.0002625,2724.86
0,9080773,6,phononTS,0.000643275,0.00203206,-1.16791e-05,-0.000262498,965.138,0.000382,1,0.00200061,8.18312e-07,0.0002625,1055.96
0,9080857,4,phononTS,0.00185768,0.00120501,0.000575071,-0.0002625,35.5728,0.000382,1,2.47162e-06,3.03893e-06,0.0002625,611.805
0,9081003,3,phononTS,0.0030345,0.00204149,0.0021301,-0.0002625,33.2589,0.000382,1,0.0020025,0.00200447,0.0002625,4010.21
0,9083997,16,phononTS,0.000432189,-0.00201204,-0.000185367,-0.000262498,21113.4,0.000382,1,-0.00199865,2.50651e-06,0.0002625,21221.2
0,9084289,10,phononTS,0.00101571,0.00497383,0.00409839,-0.0002625,121.111,0.000382,1,0.00300283,0.000997164,0.0002625,2513.84
0,9084725,5,phononL,0.00271476,0.000957767,-0.0018254,-0.000262498,3442.13,0.000764,1,0.00200004,-0.00199555,0.0002625,3569.65
0,9084725,7,phononTF,0.00043637,0.00200004,-0.00199555,0.000262498,3569.65,0.00043637,1,0.00183234,-0.0016831,-0.0002625,3682.99
0,9086467,3,phononL,0.00109925,0.00206434,0.000219625,-0.0002625,52.1346,0.000764,1,0.00199589,-1.61084e-06,0.0002625,445.352
0,9089003,3,phononTS,0.00769501,0.00290678,0.00105773,0.00022976,2219.89,0.000764,1,0.00300349,0.000998165,0.0002625,2487.71
0,9089003,8,phononTF,0.000977997,0.005,0.000234328,0.000250908,2487.71,0.000324498,1,0.00428753,0.000935009,-0.0002625,3046.75
0,9089491,24,phononTF,0.000468389,-0.00177662,0.0017665,-0.000262498,6632.64,0.000382,1,-0.00200393,0.00199785,0.0002625,6738.27
0,9091606,5,phononL,0.000633691,0.00254948,0.000832691,-0.000262498,511.441,0.000382,1,0.00299632,0.000996277,0.0002625,588.597
0,9092354,9,phononTS,0.000825101,0.00344133,0.00324044,-0.000262498,2333.79,0.000382,1,0.00199627,0.00200353,0.0002625,2721.78
0,9092577,3,phononTS,0.00219175,0.002945,0.00103106,-0.0002625,19.9253,0.000382,1,0.00299665,0.00100202,0.0002625,413.733
0,9094504,8,phononTS,0.00164375,0.00204883,0.00196547,-0.0002625,842.014,0.000382,1,0.00199891,0.00200116,0.0002625,1359.31
0,9096536,11,phononTS,0.00103462,0.00099863,0.000999669,0.000262498,1354.11,0.000504498,1,0.00372692,0.00331471,-0.0002625,2013.47
0,9096979,11,phononTF,0.000921019,0.00208656,0.00042506,-0.000262498,779.432,0.000382,1,0.00200091,-4.20679e-06,0.0002625,908.151
0,9102763,3,phononTS,0.00222447,0.00242075,0.00104577,-0.000262498,236.61,0.000382,1,0.0029982,0.00100024,0.0002625,393.144
0,9107162,16,phononTF,0.000444346,0.00191475,0.00191318,-0.000262498,10291.1,0.000382,1,0.00199775,0.00200059,0.0002625,10383.3
0,9108461,32,phononTS,0.000579159,0.00152691,0.0011382,-0.0002625,5004.67,0.000382,1,0.00099774,0.000997875,0.0002625,5479.77
0,9111664,6,phononTS,0.00066433,-0.000998504,0.000995891,0.000262498,1229.9,0.000204876,1,-0.00116891,0.00177578,-0.0002625,1421.21
0,9114734,8,phononTF,0.00113538,3.10217e-06,-1.63679e-06,0.000262498,2481.28,0.000589645,1,5.63615e-05,5.38543e-05,-0.0002625,2572.11
0,9121448,5,phononTS,0.000596194,0.00176368,0.00197232,-0.000262498,374.184,0.000382,1,0.00200375,0.00200366,0.0002625,489.762
0,9121448,3,phononTF,0.00131116,0.00233666,0.00114379,0.000262498,45.6572,0.000750934,1,0.0022761,0.00102657,-0.0002625,139.206
0,9123916,2,phononTF,0.000687669,0.00211988,0.00179156,-0.0002625,17.7499,0.000382,1,0.00199757,0.00199834,0.0002625,421.968
0,9124617,12,phononTF,0.000430556,-0.000254895,0.00226236,-0.0002625,8427.97,0.000382,1,-1.09494e-06,0.00200071,0.0002625,8757.52
0,9127378,12,phononTS,0.000436289,0.00203817,-0.00231352,-0.0002625,10913,0.000382,1,0.00200261,-0.00200454,0.0002625,12763.1
0,9127378,2,phononTS,0.00393475,0.00255626,0.00132054,0.000132228,43.7178,0.000938074,1,0.00256979,0.00130745,-0.0002625,111.203
0,9129369,13,phononL,0.00088467,0.00100321,-0.00300364,0.000262498,3004.06,0.000414311,1,0.00100504,-0.00245736,-0.0002625,3085.57
0,9131066,10,phononTS,0.000788585,-0.000996172,0.00300251,0.000262498,991.653,0.000625621,1,-0.00407709,-0.00124902,-0.0002625,1967.32
0,9131957,9,phononTS,0.000391903,-0.00281364,-0.00126724,-0.000262498,11077.9,0.000382,1,-0.00300305,-0.00100394,0.0002625,11207.5
0,9132274,7,phononTS,0.00125267,-0.00200623,0.00194533,-0.000262498,7651,0.000764,1,-0.00199996,0.00200081,0.0002625,7741.33
0,9132968,3,phononTS,0.00305762,-0.00032474,-0.00136621,-0.0002625,96.8586,0.000382,1,-0.000997823,-0.000997912,0.0002625,1696.07
0,9135566,25,phononTS,0.000436845,0.000996887,0.00100474,0.0002625,745.9,0.000436845,1,0.00102426,0.000977339,-0.0002625,925.059
0,9137800,11,phononTS,0.000573984,0.00177409,0.000860085,-0.0002625,4774.88,0.000382,1,0.00199799,0.00199871,0.0002625,11724.4
0,9137800,2,phononL,0.00328235,0.0021527,0.000264896,9.96967e-05,178.33,0.00125166,1,0.00225526,8.80989e-06,-0.0002625,393.884
0,9138813,11,phononTF,0.00200767,-0.000189695,0.00180432,-0.0002625,1401.71,0.000382,1,-3.8766e-06,0.00199988,0.0002625,1947.17
0,9139814,4,phononL,0.00112055,0.00208447,0.00222964,-0.0002625,34.1232,0.000382,1,0.00199676,0.00199708,0.0002625,1174.8
0,9141866,12,phononTS,0.000802032,0.00105829,-0.00290169,-0.000262498,6014.21,0.000382,1,0.00100149,-0.00300382,0.0002625,6117.9
0,9142751,4,phononTF,0.00204807,0.00161727,0.00160755,-0.0002625,64.6424,0.000382,1,0.00200446,0.00199504,0.0002625,568.918
0,9142751,5,phononTS,0.00132383,0.00200446,0.00199504,0.000262498,568.918,0.000976761,1,0.00167672,0.00196814,-0.0002625,691.943
0,9145371,3,phononTS,0.00155521,0.00199072,0.0017537,-0.000262498,1470.86,0.000382,1,0.00199897,0.00200447,0.0002625,1586.45
0,9146309,7,phononTS,0.000513969,0.00199834,-0.0020048,0.000262498,936.14,0.000513969,1,0.00202556,-0.00196764,-0.0002625,1026.06
0,9148528,4,phononTF,0.00232254,0.00184145,-5.45273e-05,-0.0002625,185.553,0.000382,1,0.000995223,-0.000999256,0.0002625,660.476
0,9149797,3,phononTF,0.00272996,0.0019185,0.00193795,-0.0002625,273.678,0.000382,1,0.00200243,0.00199786,0.0002625,1098.15
0,9149797,5,phononTF,0.000793028,0.00200243,0.00199786,0.000262498,1098.15,0.000793028,1,0.00153335,0.00165176,-0.0002625,1237.12
0,9152847,4,phononTS,0.0026302,0.00286475,0.00105252,-0.0002625,50.2248,0.001146,1,0.00300154,0.00100436,0.0002625,456.091
0,9153112,7,phononTS,0.000587946,0.00429514,0.00147165,-0.0002625,3883.51,0.000382,1,0.00299651,0.00100249,0.0002625,8205.44
0,9153596,4,phononTS,0.00103307,-4.58006e-05,-0.00194095,-0.0002625,434.571,0.000382,1,2.54673e-06,-0.00199939,0.0002625,3903.23
0,9153906,16,phononTF,0.00048781,0.000241032,-0.00165319,-0.0002625,6550.33,0.00048781,1,-0.00172929,-0.005,-0.000179332,7337.06
0,9155945,5,phononTS,0.000787378,0.00207177,0.000681374,-0.000262498,1161.58,0.000382,1,0.00100209,0.000998593,0.0002625,1410.89
0,9156917,9,phononTF,0.00071919,0.00213685,-0.000135895,-0.0002625,1470.58,0.000382,1,0.00200077,-4.41994e-06,0.0002625,1948.22
0,9160390,5,phononTS,0.000854044,-0.00244864,-0.000438149,-0.0002625,2115.5,0.000382,1,-0.00300041,-0.00100433,0.0002625,2717.23
0,9163437,2,phononTS,0.00234652,0.00299803,0.000996441,0.0002625,133.915,0.00051629,1,0.00308084,0.000951803,-0.0002625,617.703
0,9164954,22,phononTS,0.000678493,0.00194767,0.00198829,-0.0002625,1530.12,0.000382,1,0.00200228,0.00200363,0.0002625,1804.86
0,9166731,6,phononTS,0.000839505,0.00100499,0.000996692,0.0002625,725.81,0.000458465,1,0.000180367,0.000408779,-0.0002625,1198.58
0,9172178,3,phononTF,0.000876443,0.00292043,0.0010876,-0.0002625,644.996,0.000382,1,0.00300301,0.00100331,0.0002625,829.345
0,9173375,10,phononTS,0.000459727,-0.00307232,-0.00105355,-0.0002625,5277.06,0.000382,1,-0.00299686,-0.00100486,0.0002625,6925.64
0,9174114,11,phononTS,0.00134222,-0.000996326,0.000996552,0.000262498,2553.35,0.000878887,1,-0.000964875,0.00142797,-0.0002625,2689.74
0,9174115,1,phononL,0.01,0.00265235,0.00160607,-0.000238431,0,0.00124705,1,0.00265217,0.00157212,-0.0002625,394.777
0,9176854,8,phononTS,0.000700654,0.00140751,-0.00320214,-0.0002625,3268.74,0.000382,1,0.000998904,-0.0029958,0.0002625,7423.61
0,9178840,12,phononTS,0.00063151,0.0046821,-0.005,-0.00022685,929.811,0.000382,1,0.00200067,-0.00200398,0.0002625,4991.63
0,9182567,15,phononTS,0.000728134,-0.00299794,-0.00100217,0.000262498,5685.03,0.000316072,1,-0.00399392,-0.00280553,-0.0002625,6095.43
0,9188703,4,phononTS,0.00271542,0.00100207,0.000108987,-0.0002625,894.774,0.000382,1,-2.30843e-06,2.98778e-06,0.0002625,1350.54
0,9195064,4,phononL,0.00120726,0.00195761,0.000247459,-0.0002625,1224.4,0.000382,1,0.00200443,-0.00200124,0.0002625,1554.97
0,9195568,2,phononTS,0.000765369,0.00268593,0.00100141,-0.0002625,500.771,0.000382,1,0.00299977,0.000996709,0.0002625,1189.8
0,9198707,5,phononTS,0.000874262,0.00299978,0.00100101,0.0002625,181.611,0.000811913,1,0.00299133,0.00105465,-0.0002625,542.665
0,9199643,12,phononTF,0.00139535,0.00308472,0.00107409,-0.000262498,828.919,0.000382,1,0.00299562,0.000998743,0.0002625,921.196
0,9201250,21,phononTF,0.000448618,0.00187384,-0.00182181,-0.0002625,889.954,0.000382,1,0.00199925,-0.00199559,0.0002625,1757.14
0,9202112,12,phononL,0.000439459,0.00116229,0.00150185,-0.000262498,479.422,0.000382,1,0.000996444,0.000995825,0.0002625,560.447
0,9206868,18,phononTS,0.000423708,0.000820962,0.00207088,-0.000262498,7071.51,0.000382,1,4.89726e-06,0.00199859,0.0002625,7268.2
0,9213162,2,phononTF,0.00197142,0.00263882,0.00137308,-0.0002625,16.4786,0.000382,1,0.00299962,0.00100222,0.0002625,242.843
0,9216336,5,phononTS,0.000836275,0.000134206,0.000829567,-0.0002625,1497.16,0.000382,1,4.23911e-06,-3.15248e-06,0.0002625,3173.67
0,9216687,16,phononTF,0.000499342,-0.00339446,-0.00138287,-0.0002625,2848.66,0.000382,1,-0.00300454,-0.000995869,0.0002625,3238.93
0,9220767,14,phononTS,0.000811985,0.00295495,0.00151483,-0.000262498,461.329,0.000382,1,0.00300269,0.00100117,0.0002625,608.848
0,9222240,12,phononTS,0.00058538,0.00300179,0.00099527,0.000262498,566.643,0.00058538,1,0.00166921,0.00158384,-0.0002625,872.459
0,9223406,10,phononTS,0.000397045,-0.00269693,0.00192279,-0.000262498,3151.14,0.000382,1,-0.00200011,0.00199615,0.0002625,3325.61
0,9224372,14,phononTF,0.00262025,9.11131e-07,0.00200378,0.0002625,1229.79,0.00145979,1,0.00028571,0.00173371,-0.0002625,1689.9
0,9225952,3,phononTF,0.0004504,0.00306159,0.000792616,-0.000262498,537.905,0.000382,1,0.00300179,0.00100414,0.0002625,638.743
0,9226739,2,phononTS,0.00166053,0.00299612,0.000996175,0.0002625,15.434,0.000455362,1,0.003287,0.000952132,-0.0002625,610.918
0,9228104,16,phononL,0.0008545,-0.000351716,-0.00203607,-0.0002625,7098.19,0.000382,1,-4.30125e-06,-0.00199549,0.0002625,8880.18
0,9230091,5,phononTF,0.00257903,0.00224,-0.000246196,-0.000262498,681.864,0.001146,1,0.0020003,-5.84263e-07,0.0002625,789.225
0,9230862,5,phononTF,0.000437822,0.00158344,0.00159844,-0.0002625,1431.93,0.000382,1,0.00199838,0.00200101,0.0002625,1832.83
0,9236502,7,phononTS,0.00122374,0.00100108,0.000999427,0.000262498,2539.51,0.000565117,1,0.00249239,0.00153164,-0.0002625,2869.24
0,9236904,4,phononTF,0.00169199,-0.00100427,-0.000997619,0.0002625,3605.84,0.000587933,1,-0.00149134,-0.000493514,-0.0002625,4157.39
0,9238696,7,phononTS,0.00045855,0.00199503,0.00200313,0.000262498,594.001,0.00045855,1,0.00196465,0.00201934,-0.0002625,683.559
0,9240314,5,phononTS,0.00203254,0.00300183,0.000949558,-0.0002625,841.448,0.000382,1,0.0029966,0.000998727,0.0002625,1621.63
0,9242399,24,phononL,0.000503463,0.00269402,0.0010146,-0.000262498,3965.46,0.000382,1,0.00299525,0.000995592,0.0002625,4033.34
0,9242669,6,phononTF,0.000562337,0.00232289,0.00232743,-0.000262498,950.212,0.000382,1,0.00199591,0.00200016,0.0002625,1070.28
0,9243761,10,phononTS,0.000428365,0.00299894,0.00100059,0.0002625,285.067,0.000428365,1,0.00381373,0.000934085,-0.0002625,668.418
0,9249139,11,phononL,0.000979777,0.0007161,0.000770754,-0.0002625,3755.19,0.000382,1,0.0010006,0.00100123,0.0002625,4045.15
0,9250547,6,phononTS,0.00166469,0.00199512,0.00199501,0.0002625,748.902,0.000757383,1,0.00045463,0.00466669,-0.0002625,2103.41
0,9250651,25,phononTF,0.000542074,0.000982223,-0.00308114,-0.000262498,6739.14,0.000382,1,0.00100129,-0.0030006,0.0002625,6830.68
0,9251508,3,phononL,0.000710431,0.00280473,0.00111968,-0.0002625,35.0495,0.000382,1,0.00299859,0.000997464,0.0002625,166.027
0,9257516,6,phononTF,0.000474384,0.00268357,0.000702993,-0.000262498,206.824,0.000382,1,-2.60077e-06,-0.00199867,0.0002625,865.194
0,9257959,2,phononTF,0.0011853,-0.000886093,-0.000882167,-0.0002625,649.98,0.000382,1,-0.00200024,-0.00199867,0.0002625,1628.59
0,9261438,7,phononTS,0.000583808,0.000135008,0.0007913,-0.0002625,504.513,0.000382,1,0.00100103,-0.000999462,0.0002625,1271.23
0,9264393,3,phononL,0.00226121,-0.00226803,-0.00401503,0.000256483,181.937,0.000945853,1,-0.0023041,-0.00390611,-0.0002625,2287.58
0,9265495,3,phononTS,0.00272148,0.00157875,0.000158685,-0.0002625,477.735,0.000382,1,0.00100072,-0.000996994,0.0002625,1026.92
0,9266232,9,phononTS,0.000404741,-8.47975e-05,-0.00216672,-0.000262498,1865.38,0.000382,1,4.34792e-06,-0.00199937,0.0002625,1977.18
0,9268806,9,phononTF,0.000729434,0.00192025,0.00207296,-0.0002625,630.142,0.000382,1,0.00199835,0.00199663,0.0002625,1232.24
0,9271425,19,phononTF,0.000603366,0.00256037,0.000571376,-0.0002625,3177.38,0.000382,1,0.0029991,0.000996711,0.0002625,5044.11
0,9272459,21,phononTF,0.000395579,0.00234026,-0.00235973,-0.0002625,7367.14,0.000382,1,0.00199643,-0.002001,0.0002625,7738.1
0,9273933,6,phononTS,0.000388806,0.00193064,0.00173664,-0.0002625,423.345,0.000382,1,0.0020001,0.00199841,0.0002625,1265.07
0,9274024,14,phononTS,0.000691901,0.0035257,0.00173131,-0.0002625,670.129,0.000382,1,0.0030019,0.000998214,0.0002625,1431.67
0,9279193,3,phononTF,0.00636053,0.00203324,0.00204668,0.000226469,1045.6,0.000764,1,0.00200257,0.00200086,0.0002625,1112.5
0,9281505,3,phononTS,0.00691837,0.00276328,-0.000150711,-0.0002625,105.586,0.000764,1,0.00199727,4.54015e-07,0.0002625,773.475
0,9282610,13,phononTS,0.000489249,0.000195006,0.00195868,-0.0002625,2121.34,0.000382,1,-3.86879e-06,0.00200445,0.0002625,2752.27
0,9287909,10,phononTS,0.00110278,-0.00198323,0.00210227,-0.0002625,4264.03,0.000382,1,-0.00199969,0.00199767,0.0002625,5840.66
0,9291309,16,phononTF,0.000805373,-0.00112714,0.00111994,-0.0002625,7740.19,0.000382,1,-0.00100123,0.000999892,0.0002625,8032.87
0,9291309,4,phononTS,0.00227265,0.00247088,0.00117977,0.000262498,0.983663,0.00138054,1,0.00354061,0.00172405,-0.0002625,267.257
0,9292586,9,phononTF,0.000507547,0.0022168,-0.000160947,-0.000262498,1056.85,0.000382,1,0.00199896,-2.07895e-06,0.0002625,1159.59
0,9292636,18,phononTF,0.000855988,-0.00126103,0.00134092,-0.000262498,10829.3,0.000382,1,-0.000997077,0.000997152,0.0002625,10948.8
0,9293316,15,phononTF,0.000449904,0.00274083,0.00100442,-0.000262498,118.079,0.000382,1,0.0029968,0.000998104,0.0002625,223.345
0,9294114,7,phononTS,0.00063248,-4.42411e-05,0.00229989,-0.0002625,1748.18,0.000382,1,-1.66848e-06,0.00199896,0.0002625,2500.53
0,9302077,9,phononTS,0.000543357,0.000997497,0.000997996,0.000262498,9563.02,0.000543357,1,0.0010521,0.000972364,-0.0002625,9655.25
0,9303705,7,phononTF,0.000449205,0.00199745,-5.21697e-07,0.000262498,1048.76,0.000449205,1,0.00250677,0.000525588,-0.0002625,1202.91
0,9308338,8,phononL,0.00122239,0.000419182,0.000116581,-0.0002625,2497.09,0.000382,1,2.24819e-06,6.21327e-07,0.0002625,3174.45
0,9309173,6,phononTF,0.00173224,0.00190208,0.00176444,-0.000262498,408.069,0.000382,1,0.00199801,0.00199561,0.0002625,511.169
0,9310781,17,phononTS,0.000414523,0.00199744,-0.00199941,0.0002625,2515.66,0.000414523,1,0.00100699,-0.00146459,-0.0002625,6735.46
0,9312173,2,phononTF,0.00198374,0.00223396,0.00160592,-0.0002625,588.711,0.000382,1,0.00199928,0.00200467,0.0002625,840.704
0,9313319,12,phononTS,0.000608346,0.0025994,0.000575397,-0.000262498,4172.38,0.000382,1,0.00199724,-4.13571e-06,0.0002625,4380.26
0,9316399,8,phononL,0.000469313,0.005,-0.00168265,-3.65184e-05,7269.19,0.000382,1,-3.41968e-06,-0.00200093,0.0002625,8320.25
0,9316399,3,phononTS,0.00106883,0.00252563,0.00135784,0.000262498,67.2081,0.000828974,1,0.00249365,0.00140086,-0.0002625,161.377
0,9317828,12,phononTF,0.000390741,-0.00148774,0.00346891,-0.0002625,1728.77,0.000382,1,-0.00100204,0.00299822,0.0002625,2098.49
0,9322359,6,phononTF,0.00104445,-0.000526411,-0.000521906,-0.000262498,4682.26,0.000382,1,-0.000998666,-0.00100275,0.0002625,4828.59
0,9329442,2,phononTS,0.00272118,0.00137188,0.00104773,-0.0002625,5.12184,0.000764,1,0.00100391,0.00100191,0.0002625,516.744
0,9331707,9,phononTS,0.000552617,-0.000953928,0.00101762,-0.0002625,1742.93,0.000382,1,-0.00100091,0.000997774,0.0002625,2968.12
0,9331707,2,phononTS,0.00550378,0.00191301,0.00027433,-0.000161017,191.576,0.00205146,1,0.00190653,0.000250724,-0.0002625,585.594
0,9332662,9,phononTS,0.000653144,-1.45631e-05,-0.00201367,-0.0002625,4939.72,0.000382,1,-1.0565e-06,-0.00199844,0.0002625,6177.66
0,9332663,3,phononTS,0.00536486,0.00311375,7.87785e-05,6.72024e-05,78.2734,0.000988413,1,0.00325425,5.36914e-05,-0.0002625,536.858
0,9333681,11,phononTF,0.000396708,0.00061273,0.00138733,-0.0002625,8578.15,0.000382,1,0.00100415,0.00100008,0.0002625,9003.78
0,9337880,3,phononTF,0.000639011,-0.000439316,-0.000496048,-0.0002625,1280.54,0.000382,1,-0.00100035,-0.00100117,0.0002625,2077.64
0,9338117,12,phononTS,0.000470391,-0.00206338,0.000294423,-0.0002625,9152.68,0.000382,1,-0.00199726,-6.99884e-07,0.0002625,14041.7
0,9351599,1,phononTS,0.01,0.0030012,0.00103966,0.00011083,0,0.001528,1,0.00300055,0.0010017,0.0002625,589.06
0,9353221,9,phononL,0.0011671,0.00200131,0.00200405,0.0002625,162.255,0.000747048,1,0.00206518,0.00229378,-0.0002625,297.682
0,9353900,6,phononL,0.000864729,0.00169385,0.00166071,-0.0002625,764.656,0.000382,1,0.00199603,0.00200265,0.0002625,1025.27
0,9354142,7,phononTF,0.000898501,0.00320518,0.00121548,-0.000262498,832.731,0.000382,1,0.00299863,0.000998652,0.0002625,936.148
0,9357546,2,phononTF,0.00452759,-0.000224306,-0.000492727,7.97602e-06,622.499,0.000764,1,3.12223e-06,-2.37034e-06,0.0002625,1461.52
0,9359671,15,phononTS,0.000470324,-0.00141558,-0.00199671,-0.0002625,11277,0.000382,1,-0.00199675,-0.00200001,0.0002625,11737.5
0,9362076,3,phononL,0.00191462,0.00274425,0.00110171,-0.0002625,31.532,0.001146,1,0.00300362,0.00100059,0.0002625,165.665
0,9362226,2,phononL,0.000805843,-0.00211194,-0.000632448,-0.0002625,28.7786,0.000382,1,-0.00300452,-0.00100349,0.0002625,756.246
0,9362227,3,phononTS,0.0064566,0.00122153,-1.33017e-05,6.92326e-05,924.205,0.0026377,1,0.00121797,-5.47649e-06,-0.0002625,1219.39
0,9366235,4,phononTS,0.000635903,0.00186553,1.84578e-05,-0.0002625,293.691,0.000382,1,0.00199935,-8.32152e-07,0.0002625,2618.18
0,9367735,2,phononTS,0.00042175,0.00277893,0.00107986,-0.0002625,24.9687,0.000382,1,0.00299763,0.00100332,0.0002625,257.049
0,9368014,5,phononTF,0.00093786,0.00199728,0.00199668,0.0002625,251.741,0.000472885,1,0.00215087,0.00215392,-0.0002625,446.687
0,9369631,8,phononTF,0.000486385,-0.000876181,0.00119156,-0.0002625,5832.32,0.000382,1,-0.000998802,0.000999214,0.0002625,6722.35
0,9370629,15,phononTF,0.000933398,0.00100451,-0.00299747,0.0002625,1130.3,0.000245613,1,-0.00129832,-0.00491816,-0.0002625,2181.55
0,9371996,5,phononTS,0.000401504,0.00195806,0.00195438,-0.0002625,1102.92,0.000382,1,0.00200033,0.00199519,0.0002625,1480.4
0,9372556,1,phononL,0.01,0.00300566,0.00106836,0.00023054,0,0.002292,1,0.00299646,0.00100243,0.0002625,142.699
0,9372556,6,phononTS,0.00155121,0.00299646,0.00100243,0.000262498,142.699,0.00100322,1,0.0030664,0.000981776,-0.0002625,238.541
0,9372786,6,phononTF,0.00134173,-0.0015917,0.00241623,-0.0002625,5887.85,0.000764,1,-0.00199999,0.00199601,0.0002625,6291.85
0,9372786,2,phononTF,0.00485302,0.00221573,0.000790688,-0.000196441,241.799,0.00149077,1,0.00216151,0.000734387,-0.0002625,259.305
0,9372859,8,phononTS,0.000565159,0.0019969,0.00200052,0.000262498,564.802,0.000565159,1,0.0025445,0.000458832,-0.0002625,903.806
0,9380111,13,phononL,0.00129673,0.000455568,-0.0022605,-0.0002625,2495.85,0.000382,1,-1.96937e-06,-0.00199591,0.0002625,2902.19
0,9380111,14,phononTF,0.000606623,-1.96937e-06,-0.00199591,0.000262498,2902.19,0.000606623,1,0.000783134,-0.00121863,-0.0002625,3111.58
0,9380114,1,phononTS,0.01,0.00299575,0.00101563,0.000156349,0,0.00191,1,0.00300212,0.00100467,0.0002625,296.303
0,9380114,5,phononTF,0.000495265,0.00300212,0.00100467,0.000262498,296.303,0.000495265,1,0.00278108,0.000594743,-0.0002625,423.587
0,9381690,9,phononTS,0.000634174,0.00194778,0.00145412,-0.000262498,648.194,0.000382,1,0.0019985,0.0019962,0.0002625,799.637
0,9382433,10,phononTS,0.000599512,0.00204096,-4.05756e-05,-0.0002625,3821,0.000382,1,0.00199832,-3.38931e-06,0.0002625,4474.57
0,9382816,9,phononTS,0.00142981,0.000988896,0.000964272,-0.0002625,800.38,0.000382,1,0.0010009,0.000998291,0.0002625,1947.13
0,9383318,3,phononTS,0.00289186,0.00193063,0.00186097,0.000172689,103.387,0.000764,1,0.00199526,0.00200292,0.0002625,3671.54
0,9383318,5,phononTS,0.00111546,0.00199526,0.00200292,0.000262498,3671.54,0.000532871,1,0.000840668,0.00245565,-0.0002625,3943.19
0,9387680,3,phononTS,0.000665291,0.00271123,0.00111339,-0.0002625,19.9951,0.000382,1,0.00300164,0.000995364,0.0002625,273.563
0,9387680,2,phononTF,0.00245392,0.005,0.000802196,3.91061e-05,19.9951,0.000813984,1,0.00490666,0.0010496,-0.0002625,604.796
0,9392428,5,phononTF,0.000602788,0.00209995,0.000112177,-0.0002625,700.477,0.000382,1,0.0019956,2.52501e-06,0.0002625,981.05
0,9394768,18,phononTF,0.00156854,-0.00064741,0.00264506,-0.0002625,895.411,0.000382,1,-0.00100182,0.00300093,0.0002625,1524.28
0,9396160,8,phononTS,0.00117011,0.00248173,5.06244e-05,-0.0002625,1622.84,0.000382,1,0.00200079,3.98266e-06,0.0002625,2594.97
0,9399702,8,phononTS,0.00128041,0.00198895,0.0019508,-0.000262498,421.491,0.000382,1,0.00200191,0.00199512,0.0002625,511.625
0,9403435,4,phononTF,0.00160685,0.00212513,0.00186601,-0.0002625,131.277,0.000382,1,0.0019985,0.0019983,0.0002625,809.39
0,9404896,5,phononTF,0.00151356,-0.000629621,0.00138401,-0.0002625,660.789,0.000382,1,-0.000997151,0.00100239,0.0002625,1298.84
0,9404896,7,phononTS,0.000466774,-0.000997151,0.00100239,0.000262498,1298.84,0.000466774,1,-0.00103574,0.00141984,-0.0002625,1433.3
0,9406263,20,phononTF,0.000484588,0.00251648,0.00149972,-0.0002625,692.51,0.000382,1,0.00199857,0.00200174,0.0002625,1455.75
0,9409222,7,phononTF,0.000576838,0.00271005,0.00128524,-0.000262498,1174.41,0.000382,1,0.00300466,0.000998303,0.0002625,1288.55
0,9409995,4,phononTS,0.00151581,0.00111161,0.0017664,-0.0002625,184.42,0.000382,1,-9.16177e-07,0.00200206,0.0002625,697.442
0,9415530,4,phononTF,0.00137207,0.00164535,0.000396954,-0.0002625,1177.74,0.000382,1,0.00200358,-2.6308e-06,0.0002625,2142.55
0,9415530,18,phononTS,0.000796679,0.00200358,-2.6308e-06,0.000262498,2142.55,0.00032426,1,0.00346033,0.000492387,-0.0002625,2464.41
0,9416132,7,phononTS,0.000557877,0.00176798,0.000993264,-0.0002625,2460.34,0.000382,1,0.00199978,-3.59694e-06,0.0002625,3154.05
0,9418067,16,phononL,0.000584089,-0.00281485,-0.00286838,-0.0002625,10666.8,0.000382,1,-0.00200388,-0.001995,0.0002625,11446.9
0,9419426,8,phononTS,0.000837021,0.00114497,0.00197112,-0.0002625,3046.1,0.000382,1,0.000999509,0.000996238,0.0002625,3720.74
0,9422283,5,phononTS,0.000535759,-0.00102128,0.00238162,-0.0002625,2017.56,0.000382,1,-0.00100339,0.00299565,0.0002625,2509.68
0,9423038,3,phononTS,0.00300343,0.00239836,0.00155225,-0.0002625,105.928,0.000764,1,0.00199894,0.00200168,0.0002625,682.909
0,9425430,17,phononTS,0.000608775,0.00324191,0.000761693,-0.000262498,921.376,0.000382,1,0.00299931,0.0010034,0.0002625,1053.71
0,9426521,23,phononL,0.00105433,-0.000469562,0.00324209,-0.0002625,4329.74,0.000382,1,-0.000995784,0.0029983,0.0002625,4925
0,9426522,1,phononTF,0.01,0.00346838,0.0013641,-0.000122509,0,0.00409896,1,0.00351588,0.00131668,-0.0002625,1041.03
0,9435225,13,phononTF,0.00061307,-0.0006477,-0.000621707,-0.0002625,1506.2,0.000382,1,-0.00200247,-0.00199576,0.0002625,3680.75
0,9442656,5,phononTF,0.000512061,0.00214528,0.00211702,-0.0002625,570.215,0.000382,1,0.00200175,0.00200355,0.0002625,857.714
0,9444639,8,phononTS,0.000592314,0.0021472,0.000168335,-0.0002625,941.367,0.000382,1,0.00200297,-2.53182e-06,0.0002625,1290.88
0,9445178,10,phononTS,0.00052167,0.00138495,0.00262501,-0.0002625,6390.86,0.000382,1,-1.7825e-06,-2.96767e-06,0.0002625,9290.71
0,9445178,2,phononTS,0.00111078,0.002375,0.00114834,0.000262498,747.392,0.000431095,1,0.0010959,0.00054743,-0.0002625,1046.52
0,9445582,7,phononTS,0.00170814,2.78476e-05,2.32536e-05,-0.0002625,4478.95,0.000382,1,3.838e-06,1.86753e-06,0.0002625,4768.82
0,9446530,3,phononTS,0.00284884,0.00124117,0.000611093,-0.0002625,26.1296,0.000382,1,2.74705e-06,-4.21968e-06,0.0002625,609.76
0,9446530,9,phononTS,0.000797169,2.74705e-06,-4.21968e-06,0.000262498,609.76,0.000797169,1,0.00100933,0.000298492,-0.0002625,848.408
0,9447062,5,phononTS,0.000707171,0.00297028,0.00115045,-0.000262498,638.312,0.000382,1,0.00300125,0.000997254,0.0002625,741.601
0,9452094,5,phononL,0.000938101,0.00300075,0.000999487,0.0002625,1669.04,0.000401837,1,0.00240926,0.000485238,-0.0002625,1878.71
0,9453106,8,phononTS,0.000544977,0.00152955,0.0017014,-0.0002625,742.72,0.000382,1,0.00199686,0.00199512,0.0002625,1158.41
0,9453913,2,phononL,0.00259345,-0.00247696,-0.000899909,-0.0002625,30.4279,0.000382,1,-0.00300431,-0.00099854,0.0002625,3502.33
0,9456432,3,phononTF,0.00281673,0.0027077,0.000977096,-0.0002625,69.3294,0.000764,1,0.00300167,0.00100163,0.0002625,288.827
0,9458471,12,phononTF,0.000481248,-0.00100085,-0.00100071,0.000262498,5656.62,0.000481248,1,-0.000989643,-0.00108553,-0.0002625,5748.32
0,9458471,2,phononTF,0.00285178,0.00246352,0.00114813,0.000262498,85.3625,0.000289491,1,0.00250658,0.000822863,-0.0002625,199.135
0,9460500,5,phononTF,0.000654387,0.00272753,0.00128883,-0.0002625,406.612,0.000382,1,0.00300334,0.00100304,0.0002625,728.638
0,9463536,8,phononTF,0.000435305,0.000995131,-0.00300021,0.000262498,6020.68,0.000435305,1,0.00128154,-0.00270319,-0.0002625,6134.94
0,9465713,4,phononTS,0.0018045,0.000995344,0.00100098,0.0002625,33.6099,0.000887872,1,0.000914579,0.00102854,-0.0002625,636.977
0,9471830,10,phononTF,0.00116307,0.00291859,0.00107974,-0.000262498,986.635,0.000382,1,0.00300196,0.000997828,0.0002625,1078.76
0,9471830,11,phononTF,0.000587769,0.00300196,0.000997828,0.000262498,1078.76,0.000587769,1,0.00448851,0.00049615,-0.0002625,1382.52
0,9472201,2,phononTS,0.00180192,0.00286763,0.000964519,-0.0002625,87.5152,0.000382,1,0.00299969,0.00099951,0.0002625,518.657
0,9478603,17,phononL,0.000566629,-0.00172785,-3.3711e-05,-0.000262498,2034.3,0.000382,1,-0.00200179,3.48291e-06,0.0002625,2101.26
0,9480331,7,phononTS,0.000417389,0.00194591,-1.55507e-05,-0.0002625,1964.81,0.000382,1,0.00200114,-1.54223e-06,0.0002625,2842.89
0,9482153,12,phononTS,0.000422421,-0.000230722,-0.000848894,-0.000262498,2361.93,0.000382,1,-4.29939e-07,-0.00199728,0.0002625,2618.82
0,9483923,3,phononTF,0.00284951,0.00209032,0.00190033,-0.0002625,1031.17,0.000764,1,0.00199597,0.00199925,0.0002625,1310.12
0,9489943,9,phononTS,0.000749515,-0.00017011,0.000860686,-0.0002625,826.345,0.000382,1,-0.000999757,0.00100088,0.0002625,2862.02
0,9492531,3,phononTS,0.00116383,0.00177218,0.00108588,-0.0002625,85.3498,0.000764,1,0.00100019,0.00100271,0.0002625,455.288
0,9492968,33,phononTS,0.000679472,-0.00300413,-0.000996385,0.0002625,2328.41,0.000679472,1,-0.00301381,-0.000580843,-0.0002625,2597.17
0,9493994,6,phononTF,0.000413162,0.00265179,0.00108458,-0.000262498,203.222,0.000382,1,0.00299949,0.000998825,0.0002625,320.208
0,9500121,2,phononTS,0.00101514,0.00229032,0.00157928,-0.0002625,27.8382,0.000382,1,0.00200046,0.00200198,0.0002625,340.988
0,9506428,6,phononTF,0.000947518,-0.00200238,-3.40523e-06,0.0002625,2528.53,0.000397054,1,-0.00304859,0.00195534,-0.0002625,3337.98
0,9506930,41,phononTS,0.000450812,-0.00151962,-0.00203231,-0.000262498,5586.69,0.000382,1,-0.0019968,-0.00199503,0.0002625,5732.19
0,9507861,9,phononTS,0.000385747,0.00299724,0.000999049,0.000262498,678.796,0.000385747,1,0.00296125,0.000952614,-0.0002625,768.054
0,9513931,2,phononTS,0.00174639,0.00204028,0.00196826,-0.0002625,152.183,0.000382,1,0.00199885,0.00200217,0.0002625,1581.62
0,9517389,7,phononTS,0.000701166,0.00199342,0.00163388,-0.0002625,299.121,0.000382,1,0.00200146,0.00199629,0.0002625,899.805
0,9517913,3,phononTS,0.00281737,0.00298727,0.00110263,-0.0002625,96.8695,0.000764,1,0.0029976,0.00100054,0.0002625,642.352
0,9518616,6,phononTF,0.000611582,-0.000204326,0.00219721,-0.0002625,643.026,0.000382,1,-1.9407e-06,0.00199885,0.0002625,2247.7
0,9528976,13,phononTF,0.000472618,0.00200217,0.00199892,0.000262498,2904.69,0.000472618,1,0.00253487,0.0015337,-0.0002625,3057.93
0,9528976,2,phononTF,0.0026791,0.002431,0.00127357,0.000262498,75.2377,0.000359573,1,0.00268305,0.00151826,-0.0002625,183.355
0,9529078,10,phononTS,0.000993588,0.00301645,0.00103477,-0.0002625,1103.05,0.000764,1,0.00300251,0.000997428,0.0002625,1555.64
0,9529305,6,phononTS,0.00168011,0.00206756,0.00116905,-0.000262498,352.566,0.000764,1,0.00099851,0.0010038,0.0002625,593.453
0,9529919,11,phononTS,0.000659633,0.000844399,-0.000974874,-0.000262498,986.989,0.000382,1,0.001005,-0.00100302,0.0002625,1091.41
0,9542217,6,phononTF,0.000764281,0.00200057,-0.00199721,0.000262498,2566.11,0.000764281,1,0.0020213,-0.0019776,-0.0002625,2656.12
0,9545433,10,phononTS,0.000548674,3.16916e-06,-0.00200283,0.000262498,1848.59,0.000548674,1,4.74209e-05,-0.00175833,-0.0002625,1961.49
0,9554299,13,phononTF,0.000489886,-0.00162465,0.00333547,-0.0002625,3497.06,0.000382,1,-0.000998832,0.00300007,0.0002625,4055.95
0,9554299,2,phononTF,0.00489715,0.00252721,0.0013507,0.00018411,51.1435,0.00025518,1,0.00265474,0.00147719,-0.0002625,133.553
0,9554980,4,phononTF,0.00206829,0.00228566,0.000277879,-0.0002625,2.86715,0.000764,1,0.0020025,4.92131e-06,0.0002625,466.01
0,9556994,2,phononTS,0.00210865,0.00202143,-0.00210345,-0.0002625,35.9177,0.000382,1,0.00200265,-0.00200214,0.0002625,1029.59
0,9561000,13,phononTF,0.000470852,-0.000444228,0.00157034,-0.000262498,2383.94,0.000382,1,-2.56768e-06,0.00199621,0.0002625,2522.09
0,9561305,15,phononTS,0.000864192,0.0030014,0.00167622,-0.0002625,1080.31,0.000382,1,0.00300021,0.000995298,0.0002625,1775.96
0,9567587,15,phononTF,0.000416242,0.000749632,0.00134057,-0.0002625,761.481,0.000382,1,1.30854e-06,0.00199747,0.0002625,1644.3
0,9575510,10,phononTF,0.00122543,0.00299681,0.000995568,0.0002625,2229.9,0.00099142,1,0.00319962,0.000787616,-0.0002625,4062.52
0,9577308,6,phononTS,0.00117451,0.00211119,0.00205331,-0.0002625,1206.41,0.000382,1,0.00199564,0.00200424,0.0002625,1633.58
0,9584368,17,phononTF,0.000448034,0.000320764,0.000310524,-0.0002625,885.849,0.000382,1,-2.59003e-06,-1.98342e-06,0.0002625,1460.85
0,9588749,3,phononTF,0.00114533,0.00285314,0.00117994,-0.0002625,86.5703,0.000764,1,0.00300261,0.00100358,0.0002625,284.428
0,9590777,7,phononTF,0.000820587,0.00276963,0.00122501,-0.000262498,363.49,0.000382,1,0.00300365,0.000996236,0.0002625,469.388
0,9592691,2,phononTS,0.00100092,0.000873255,-0.00295337,-0.0002625,3.77844,0.000764,1,0.00100168,-0.00299857,0.0002625,3860.39
0,9592838,8,phononTS,0.000538894,0.00300343,0.00100456,0.000262498,680.176,0.000538894,1,0.00297469,0.0010098,-0.0002625,771.419
0,9592838,3,phononTS,0.00236469,0.00245379,0.00120981,0.000262498,71.6414,0.000148848,1,0.00270969,0.001253,-0.0002625,185.875
0,9596746,7,phononTF,0.0006264,-0.00339036,-0.00141117,-0.0002625,4454.15,0.000382,1,-0.00299671,-0.00100205,0.0002625,5115.57
0,9596863,4,phononTF,0.00245435,0.00215526,0.00185715,-0.0002625,1583.91,0.000382,1,0.00200348,0.00200117,0.0002625,1874.07
0,9599616,5,phononTS,0.000574457,0.00330639,0.00400639,-0.0002625,1733.68,0.000382,1,0.00199865,0.00199634,0.0002625,3786.28
0,9600981,17,phononTS,0.000625845,-0.005,-0.00257056,3.28318e-05,8428.68,0.000382,1,-0.000999728,0.000999424,0.0002625,9528.17
0,9606302,14,phononL,0.000472592,-0.00152407,-0.00200304,-0.000262498,5098.9,0.000382,1,-0.00199943,-0.001998,0.0002625,5175.64
0,9610576,2,phononTF,0.00465387,0.00125118,0.000760729,-0.000253995,1108.91,0.001146,1,0.000998916,0.00100215,0.0002625,1449.47
0,9612067,4,phononTF,0.00260085,0.0021652,0.000324178,-0.0002625,161.511,0.000764,1,0.00200369,-4.09744e-06,0.0002625,610.047
0,9612067,6,phononTS,0.000672064,0.00200369,-4.09744e-06,0.000262498,610.047,0.000452692,1,0.00209007,-3.18044e-05,-0.0002625,707.201
0,9612067,5,phononTS,0.000648179,0.00200369,-4.09744e-06,0.000262498,610.047,0.000648179,1,0.00196772,3.59752e-05,-0.0002625,699.364
0,9613676,13,phononTF,0.000582497,0.00108195,-0.000823208,-0.0002625,2252.22,0.000382,1,0.000999914,-0.000999531,0.0002625,2545.86
0,9616411,9,phononTF,0.0021874,0.00123435,-0.00122648,-0.0002625,801,0.000764,1,0.000999115,-0.000997512,0.0002625,1313.24
0,9616411,18,phononTF,0.000689698,0.000999115,-0.000997512,0.000262498,1313.24,0.000689698,1,0.00178475,-0.000219967,-0.0002625,1522.72
0,9619646,18,phononTF,0.000466018,-0.000220876,0.00222403,-0.0002625,25795.5,0.000382,1,-3.89374e-06,0.00199654,0.0002625,26285
0,9624581,3,phononTF,0.00353882,0.00287848,0.00113368,-0.0002625,286.772,0.000764,1,0.00299672,0.00100431,0.0002625,573.034
0,9629588,15,phononTS,0.00142173,0.000910865,0.000883481,-0.0002625,1399.2,0.000382,1,0.000997121,0.00100323,0.0002625,1916.27
0,9629588,17,phononTF,0.000563391,0.000997121,0.00100323,0.000262498,1916.27,0.000563391,1,0.00127436,0.000728527,-0.0002625,2028.26
0,9629588,16,phononTS,0.000388892,0.000997121,0.00100323,0.000262498,1916.27,0.000388892,1,0.00191096,0.000956957,-0.0002625,2123.18
0,9630147,12,phononTS,0.000807418,0.00089535,0.00132989,-0.0002625,2703.62,0.000382,1,0.00100262,0.00100364,0.0002625,4167.16
0,9630659,17,phononTS,0.000693021,0.000960556,-0.00174482,-0.000262498,7032.4,0.000382,1,0.00100493,-0.000996748,0.0002625,7214.53
0,9630828,14,phononTS,0.00048013,-0.00279013,-0.000864655,-0.0002625,8751.47,0.000382,1,-0.00199988,-0.00199963,0.0002625,9479.92
0,9632263,4,phononL,0.00283141,-4.48493e-06,-0.0020006,0.0002625,28.7331,0.00068848,1,-0.000308046,-0.00182731,-0.0002625,1077.84
0,9634837,7,phononTS,0.00157511,0.00207466,0.000711042,-0.0002625,286.952,0.000382,1,0.00199778,1.24265e-07,0.0002625,640.95
0,9634951,5,phononTF,0.000839331,-0.00126098,0.00312901,-0.0002625,3918.22,0.000382,1,-0.00100215,0.00300078,0.0002625,4498.36
0,9638597,21,phononTS,0.000595288,0.00307417,-0.00163593,-0.0002625,4674.41,0.000382,1,0.00199812,-0.00199864,0.0002625,11831.8
0,9639021,6,phononTS,0.000764372,0.0010263,0.00114629,-0.0002625,726.993,0.000382,1,0.000998311,0.000996925,0.0002625,1019.35
0,9645892,9,phononL,0.000688651,-0.00130177,-0.00163065,-0.0002625,2302.09,0.000382,1,-0.0019964,-0.00199932,0.0002625,2822.02
0,9647811,10,phononTF,0.00109354,0.000769577,-0.00275396,-0.0002625,2168.98,0.000382,1,0.000999825,-0.00299581,0.0002625,2490.05
0,9650078,11,phononTF,0.000433314,0.0017904,0.000205666,-0.000262498,9359.3,0.000382,1,0.000996922,0.00100001,0.0002625,9571.74
0,9652722,13,phononTS,0.000970494,0.00196869,-2.88121e-05,-0.0002625,473.6,0.000382,1,0.00199994,3.20697e-07,0.0002625,932.914
0,9653164,8,phononTF,0.000516168,0.00299885,0.000997153,0.0002625,765.814,0.000516168,1,0.00207953,0.000481215,-0.0002625,1192.53
0,9654183,3,phononTS,0.00258012,0.00212989,0.00179324,-0.0002625,14.9787,0.001146,1,0.00199918,0.00200494,0.0002625,492.288
0,9664905,5,phononTF,0.00110934,0.000285958,-0.0015554,-0.000262498,3844.35,0.000382,1,0.00199686,0.0020009,0.0002625,4542.08
0,9665266,7,phononTS,0.000860924,0.00095149,-0.00112637,-0.0002625,1580.03,0.000382,1,0.00099975,-0.000997514,0.0002625,3757.29
0,9667153,4,phononTS,0.000421867,0.00204492,0.00173289,-0.0002625,385.372,0.000382,1,0.00200063,0.00199872,0.0002625,911.348
0,9668309,4,phononTS,0.000405585,0.0013779,-0.00201698,-0.0002625,445.747,0.000382,1,0.000998292,-0.0029974,0.0002625,3708.6
0,9668932,15,phononTS,0.000559022,0.00197985,-0.00198002,-0.000262498,2285.34,0.000382,1,0.00200247,-0.00199995,0.0002625,2375.06
0,9669440,16,phononTS,0.000440403,0.00197575,0.00228171,-0.000262498,10136.1,0.000382,1,0.00199861,0.00199872,0.0002625,10254.2
0,9671198,5,phononTF,0.00099112,0.002796,0.00130855,-0.000262498,201.7,0.000382,1,0.00299936,0.000997413,0.0002625,315.579
0,9673341,3,phononTS,0.00207399,0.00300474,0.000997182,0.0002625,28.9758,0.00029654,1,0.00251633,0.000794365,-0.0002625,767.479
0,9673982,3,phononTS,0.00163309,0.00273138,0.00107773,-0.0002625,8.70968,0.000382,1,0.00299929,0.00100338,0.0002625,251.212
0,9674845,12,phononTS,0.00124117,0.005,0.00117715,-0.000114093,5451.89,0.000614682,1,0.00329499,0.00293726,-0.0002625,8421.69
0,9675375,1,phononTF,0.01,0.00290887,0.00106919,0.000178353,0,0.002292,1,0.00300155,0.000999589,0.0002625,237.166
0,9675740,4,phononTS,0.00149025,0.0006119,0.00180186,-0.0002625,6.4635,0.000764,1,-1.45881e-06,0.00200331,0.0002625,702.63
0,9677253,10,phononL,0.000533191,0.000544097,0.00227069,-0.0002625,1140.07,0.000382,1,-3.10019e-06,0.00200479,0.0002625,2030.89
0,9678165,4,phononTS,0.00279101,0.00299631,0.000996021,0.0002625,1486.09,0.00049804,1,0.00303219,0.00096117,-0.0002625,2290.79
0,9679136,2,phononTS,0.00134437,0.0029557,0.000979316,-0.0002625,464.243,0.000382,1,0.00300365,0.000995902,0.0002625,658.147
0,9679414,11,phononTS,0.000694694,5.04904e-05,-0.00201654,-0.0002625,5451.83,0.000382,1,-4.36481e-06,-0.00200392,0.0002625,5759.25
0,9679675,2,phononTS,0.000944771,0.00286354,0.00105115,-0.0002625,138.235,0.000382,1,0.00300336,0.00100392,0.0002625,341.786
0,9682647,10,phononTF,0.000507862,0.00042856,0.00155621,-0.0002625,2831.87,0.000382,1,-1.32327e-06,0.00200258,0.0002625,3252.29
0,9685960,16,phononTS,0.000558692,0.00142694,0.00116634,-0.0002625,642.956,0.000382,1,0.0010017,0.000998969,0.0002625,1381.91
0,9687505,11,phononTS,0.00100834,0.00199951,5.19332e-07,0.000262498,1377.66,0.000312938,1,0.00168508,-1.59089e-05,-0.0002625,1499.72
0,9691480,15,phononTF,0.000636256,-0.00259638,-0.0013868,-0.0002625,3768.7,0.000382,1,-0.00200161,-0.00199913,0.0002625,4741.29
0,9691480,2,phononTF,0.000456607,0.00249073,0.00116311,0.000262498,67.1348,0.000456607,1,0.0027089,0.000948381,-0.0002625,171.432
0,9696315,27,phononTS,0.000556105,-8.47659e-06,0.00110548,-0.0002625,4396.18,0.000382,1,-2.94879e-06,0.00199754,0.0002625,6832.27
0,9696316,1,phononTF,0.01,0.00278568,0.00132835,-0.000214286,0,0.00245146,1,0.00277121,0.00132144,-0.0002625,951.028
0,9698369,18,phononTS,0.000549662,-0.00019151,0.00285301,-0.0002625,6358.06,0.000382,1,-0.00100204,0.0029988,0.0002625,8728.43
0,9698717,5,phononTS,0.00141755,0.00218861,-0.00111301,-0.0002625,211.926,0.000382,1,0.00199942,-0.00199995,0.0002625,852.194
0,9699324,1,phononTS,0.01,0.00198775,0.00194581,0.000166255,0,0.002674,1,0.00200287,0.00200019,0.0002625,642.229
0,9699796,9,phononTS,0.000626768,0.00299985,0.0010045,0.0002625,729.93,0.000626768,1,0.0030308,0.000988551,-0.0002625,3442.36
0,9701684,3,phononTF,0.00206793,0.00134727,-0.00332989,-0.0002625,58.2753,0.001146,1,0.00100484,-0.00299508,0.0002625,1934.64
0,9701902,18,phononTS,0.000593877,3.12267e-05,0.00176359,-0.0002625,1853.64,0.000382,1,4.73827e-07,0.00199897,0.0002625,2414.95
0,9703642,9,phononTF,0.000774841,0.00270877,0.00119296,-0.000262498,389.223,0.000382,1,0.00300103,0.00100351,0.0002625,500.545
0,9709003,6,phononTS,0.00143489,0.00199713,1.0104e-06,0.000262498,877.903,0.00117695,1,0.00373617,0.000730594,-0.0002625,1260.76
0,9711564,7,phononTS,0.000825282,0.00221325,0.00194999,-0.000262498,114.324,0.000382,1,0.00199681,0.00200317,0.0002625,228.614
0,9712014,7,phononTS,0.00113852,-0.000998937,-0.00100476,0.0002625,1533.18,0.00113852,1,-0.00103921,-0.00159492,-0.0002625,2877.44
0,9712118,2,phononTF,0.000531391,0.00241273,0.00158489,-0.0002625,381.499,0.000382,1,0.00199881,0.00199837,0.0002625,650.649
0,9715321,4,phononTF,0.00149395,-0.00188817,0.000118721,-0.0002625,1252.53,0.000764,1,-0.00199947,1.63914e-06,0.0002625,2720.64
0,9718336,10,phononTS,0.000393382,0.00299807,0.000997582,0.000262498,606.451,0.000393382,1,0.00390046,0.00121684,-0.0002625,821.724
0,9728909,5,phononTF,0.000436737,0.00199545,0.0020007,0.0002625,11.116,0.000436737,1,0.00153303,0.00169943,-0.0002625,398.736
0,9736208,5,phononTS,0.000759074,-0.000652369,0.000449467,-0.0002625,277.954,0.000382,1,-0.00100414,0.000996696,0.0002625,3310.67
0,9737809,7,phononTF,0.000886053,0.005,-0.00156375,0.000232273,1273.78,0.000382,1,0.00199607,-0.00200296,0.0002625,3236.49
0,9737809,2,phononTS,0.00138175,0.00248159,0.00119045,0.000262498,49.9091,0.000614732,1,0.00243549,0.00128703,-0.0002625,147.743
0,9738499,10,phononTS,0.000782831,0.00302149,0.000890555,-0.0002625,1051.16,0.000382,1,0.00299654,0.00099895,0.0002625,1969.43
0,9738675,12,phononTS,0.000447861,-0.000132827,-0.000811317,-0.0002625,11930.8,0.000382,1,-0.00200283,-2.79562e-06,0.0002625,14410.5
0,9739550,4,phononTS,0.00111155,-0.00490879,-0.00301645,-0.0002625,149.995,0.000382,1,-0.00100143,0.00100024,0.0002625,4310.54
0,9746635,7,phononTS,0.00116549,0.005,-0.000175007,-0.000196523,1621.01,0.000764,1,0.00200156,0.00199923,0.0002625,2378.64
0,9746643,10,phononTS,0.000715889,-0.002958,-0.0024394,-0.0002625,2330.62,0.000382,1,-0.00199811,-0.00200429,0.0002625,5260.68
0,9747040,3,phononTS,0.000509256,0.00271649,0.0011179,-0.0002625,19.4563,0.000382,1,0.00300097,0.00100101,0.0002625,271.525
0,9747654,11,phononTS,0.000565122,0.00300013,0.00100338,0.000262498,449.403,0.000565122,1,0.00281737,0.000962749,-0.0002625,559.459
0,9748130,18,phononTF,0.000504274,-0.000635298,-0.00127825,-0.0002625,9141.14,0.000382,1,-0.000999211,-0.00100208,0.0002625,10049.1
0,9748238,18,phononTF,0.000566924,0.00199943,0.00199918,0.0002625,2413.06,0.000566924,1,0.00226338,0.00225112,-0.0002625,2853.09
0,9762942,8,phononTS,0.000542635,-0.000220939,0.00302175,-0.0002625,7622.13,0.000382,1,-0.00100047,0.00300192,0.0002625,8238.56
0,9765466,12,phononTS,0.000627475,0.00202924,-0.00202476,-0.0002625,4588.72,0.000382,1,0.00199877,-0.00200408,0.0002625,5780.97
0,9772312,3,phononTS,0.00133648,0.000885578,0.00188593,-0.0002625,320.712,0.000382,1,0.00100464,0.000997829,0.0002625,1946.7
0,9777040,7,phononTS,0.00121257,-0.00202493,-3.76279e-05,-0.000262498,9989.56,0.000764,1,-0.00199629,-1.2145e-06,0.0002625,10079.1
0,9779367,4,phononTF,0.0016245,0.000303798,-0.000317058,-0.0002625,2650.81,0.000764,1,0.00100032,-0.000996163,0.0002625,3218.29
0,9779367,2,phononTS,0.00168141,0.00307403,0.00171891,0.000262498,1078.89,0.000400289,1,0.00307422,0.00177141,-0.0002625,1169.64
0,9780736,5,phononTF,0.00164791,0.00199763,0.00199504,0.000262498,522.873,0.000514654,1,0.00216894,0.00216488,-0.0002625,621.784
0,9781420,4,phononTF,0.00184506,0.000431418,0.00171565,-0.0002625,331.001,0.000764,1,2.68603e-06,0.00199883,0.0002625,1752.67
0,9781528,2,phononTS,0.00505304,0.00202789,0.00052694,-0.0002625,523.087,0.001146,1,0.00200445,2.07409e-06,0.0002625,772.254
0,9782111,18,phononTF,0.000501696,0.00155812,0.00243817,-0.000262498,7862.11,0.000382,1,0.00200028,0.00199501,0.0002625,8001.98
0,9795159,2,phononTS,0.00180448,0.00299727,0.000997969,0.0002625,3.96606,0.000371749,1,0.00334933,0.000969099,-0.0002625,1160.53
0,9795507,9,phononL,0.000564383,-0.00287766,-0.000190359,-0.0002625,996.464,0.000382,1,-0.00299875,-0.000998403,0.0002625,2010.37
0,9803488,22,phononTS,0.00137972,0.000861446,-0.00100438,-0.0002625,8603.9,0.000764,1,0.000995003,-0.0010027,0.0002625,8908.43
0,9811834,11,phononTS,0.00148746,0.00108352,-0.00228642,-0.0002625,1030.5,0.000764,1,0.000997269,-0.00299686,0.0002625,1916.01
0,9815839,26,phononTS,0.00131818,0.00083993,-7.25623e-05,-0.0002625,2229.38,0.000382,1,3.11961e-06,-2.74181e-06,0.0002625,3306.32
0,9815988,11,phononTF,0.00163145,0.00300119,0.000998616,0.000262498,1623.29,0.00140729,1,0.00325836,0.000752088,-0.0002625,1731.86
0,9820368,31,phononTS,0.000975041,0.00300291,0.00100211,0.000262498,914.41,0.000282664,1,0.00299761,0.000793123,-0.0002625,1025.27
0,9820442,10,phononTF,0.000390349,-0.000999635,0.00299996,0.000262498,5001.53,0.000390349,1,-0.00076044,0.0026987,-0.0002625,5115.17
0,9820442,2,phononTF,0.000686435,0.00260274,0.000487421,0.000262498,612.09,0.000686435,1,0.005,0.00213963,0.000190925,1111.92
0,9820496,2,phononTF,0.000841083,0.00314974,0.00112451,-0.0002625,1362.95,0.000382,1,0.00299941,0.000999838,0.0002625,1555.94
0,9823228,7,phononTS,0.000856371,0.00292563,0.000964968,-0.000262498,345.434,0.000382,1,0.0029973,0.000996794,0.0002625,441.748
0,9832750,12,phononTF,0.000727733,0.00219189,-0.000199111,-0.000262498,9492.16,0.000382,1,0.00200097,-4.70891e-06,0.0002625,9593.42
0,9832751,5,phononTS,0.000809563,0.00187747,0.000895696,-0.0002625,549.266,0.000382,1,0.000995049,0.00100328,0.0002625,968.758
0,9833398,15,phononTS,0.000453239,-0.000628099,-0.00105835,-0.0002625,11518.7,0.000382,1,-0.000995713,-0.00100322,0.0002625,13721.5
0,9834183,11,phononTS,0.000509646,0.000176383,-0.00279427,-0.000262498,4716.47,0.000382,1,0.00300321,0.00100272,0.0002625,5600.75
0,9834213,5,phononTS,0.00132004,0.00212781,0.000881586,-0.0002625,2684.85,0.000382,1,0.00299601,0.00100288,0.0002625,3083.64
0,9835609,26,phononTS,0.000482155,0.00253518,0.00170727,-0.0002625,6888.92,0.000382,1,0.00300237,0.00100436,0.0002625,8350.4
0,9836779,3,phononTS,0.0026879,-0.00196213,-0.00223619,-0.0002625,79.5735,0.000764,1,-0.00199808,-0.00200076,0.0002625,2992.57
0,9836779,4,phononL,0.00127491,-0.00199808,-0.00200076,0.000262498,2992.57,0.000912889,1,-0.00224657,-0.00267856,-0.0002625,3089.48
0,9839085,12,phononTF,0.000484018,-0.00117152,0.00255399,-0.000262498,1032.66,0.000382,1,-0.00100482,0.00300012,0.0002625,1164.45
0,9839124,10,phononTF,0.00040669,-0.00200426,0.00200286,0.0002625,6493.25,0.00040669,1,-0.00251725,0.00147257,-0.0002625,6760.98
0,9839371,19,phononTS,0.000849637,0.000861356,-0.00165293,-0.0002625,940.744,0.000764,1,0.000996248,-0.00100289,0.0002625,3159.31
0,9840304,5,phononTS,0.00507567,0.00298407,0.000849821,2.06205e-05,85.8613,0.00191,1,0.00300002,0.00100114,0.0002625,224.196
0,9842285,11,phononTS,0.000800403,-0.00352875,-0.00276252,-0.000262498,7619.06,0.000382,1,-0.00199911,4.80698e-06,0.0002625,8226.7
0,9847048,23,phononTS,0.000430432,0.00192502,0.000952433,-0.000262498,441.381,0.000382,1,0.00199619,0.00200061,0.0002625,669.208
0,9855942,3,phononTS,0.00152499,-0.000895644,0.0039475,-0.0002625,43.2886,0.000764,1,-0.00100308,0.00300132,0.0002625,1466.2
0,9860096,13,phononTF,0.000395586,0.00200392,-0.00199724,0.000262498,1776.3,0.000395586,1,0.00176362,-0.00223083,-0.0002625,1882.91
0,9863563,3,phononTF,0.00113592,0.00253392,0.00138139,-0.0002625,139.257,0.000382,1,0.00299834,0.000999619,0.0002625,548.896
0,9871683,1,phononL,0.01,0.00299054,0.00103743,0.000224264,0,0.002292,1,0.00300003,0.00100087,0.0002625,643.578
0,9878183,13,phononL,0.000616997,0.00237772,0.00272392,-0.0002625,751.323,0.000382,1,0.00200102,0.00199695,0.0002625,1329.63
0,9878579,6,phononTS,0.000656695,0.0019433,0.00149139,-0.0002625,1176.39,0.000382,1,0.00200185,0.00200141,0.0002625,1629.54
0,9878729,6,phononTS,0.000391148,0.00100238,-0.00300109,0.0002625,5434.8,0.000391148,1,0.00103986,-0.00305036,-0.0002625,8027.26
0,9879503,5,phononTF,0.00234116,0.00234492,0.00166965,-0.000262498,95.9846,0.000764,1,0.00200201,0.00199947,0.0002625,217.204
0,9879726,4,phononTF,0.00251403,0.00231243,0.00167279,-0.000262498,1447.49,0.001146,1,0.00200403,0.00200006,0.0002625,1566.67
0,9879726,16,phononTF,0.000639752,0.00200403,0.00200006,0.000262498,1566.67,0.00038201,1,0.00292938,0.00145855,-0.0002625,1782.07
0,9880838,15,phononTS,0.00109866,-0.00198536,0.000638301,-0.0002625,1882.91,0.000382,1,-0.002003,-4.07529e-07,0.0002625,2373.88
0,9883613,5,phononTS,0.00133135,0.0027548,0.00102416,-0.0002625,960.327,0.000382,1,0.00300419,0.000998037,0.0002625,1259.93
0,9890353,7,phononTS,0.000549161,0.000776119,0.0013253,-0.0002625,1037.27,0.000382,1,0.00199537,0.00199515,0.0002625,3456.55
0,9893187,5,phononTS,0.00260886,0.00307814,0.00101313,0.000198966,604.532,0.001146,1,0.00299768,0.00100024,0.0002625,910.286
0,9902719,9,phononTS,0.000592217,9.75855e-06,5.57023e-05,-0.000262498,6158.92,0.000382,1,1.07345e-06,1.16152e-07,0.0002625,6249.12
0,9904723,10,phononTS,0.000825079,0.00100144,0.000999947,0.000262498,5461.2,0.000825079,1,0.00105607,0.000952192,-0.0002625,5555.6
0,9904724,3,phononTF,0.00541016,0.000333146,0.000772011,-7.98074e-05,165.943,0.000914014,1,0.00031511,0.000756107,-0.0002625,1101.21
0,9909608,6,phononTS,0.000526106,0.00304783,0.00102629,-0.000262498,872.68,0.000382,1,0.0029957,0.000995453,0.0002625,965.305
0,9917421,5,phononTF,0.000656505,0.00119932,0.00121176,-0.000262498,635.164,0.000382,1,0.00100074,0.00100476,0.0002625,737.559
0,9918310,15,phononTS,0.00053719,0.00312541,0.000951347,-0.0002625,6174.59,0.000382,1,0.00299638,0.000997751,0.0002625,7081.45
0,9918310,3,phononTF,0.000635132,0.00193882,0.000947582,0.000262498,769.371,0.000635132,1,0.0010944,-0.00227871,-0.0002625,1370.96
0,9921786,7,phononTS,0.000459793,-3.20098e-05,0.00177701,-0.0002625,4640.48,0.000382,1,-2.06434e-06,0.00199655,0.0002625,5386.9
0,9922023,14,phononTF,0.000484672,-0.00154895,-0.000432105,-0.0002625,7123.14,0.000382,1,-0.00199841,-4.47295e-06,0.0002625,7762.28
0,9927356,6,phononTF,0.000868393,0.00250162,0.000429922,-0.0002625,263.277,0.000382,1,0.00300248,0.00100107,0.0002625,1743.56
0,9931943,24,phononTS,0.000866986,-0.00299632,-0.000999274,0.0002625,1593.64,0.000635762,1,-0.00334358,-0.000817968,-0.0002625,2146.46
0,9934609,4,phononTF,0.00227111,-0.005,-0.00419239,4.34223e-05,383.543,0.000764,1,0.00100156,-0.00299803,0.0002625,6463.34
0,9934948,3,phononL,0.00163418,0.00288044,0.00107727,-0.0002625,70.0629,0.000382,1,0.00299669,0.00100285,0.0002625,323.709
0,9935810,5,phononTS,0.0010765,0.00308111,0.00140227,-0.000262498,228.928,0.000382,1,0.00300262,0.000996846,0.0002625,367.08
0,9936320,3,phononTF,0.00737955,0.0029701,0.00096668,0.000148856,340.091,0.001146,1,0.0030021,0.000997499,0.0002625,598.239
0,9937102,9,phononTS,0.000526692,0.00199166,0.00148561,-0.000262498,1316.96,0.000382,1,0.00199782,0.0020044,0.0002625,1465.39
0,9938509,7,phononTF,0.000428915,0.00149571,-0.0014881,-0.000262499,9540.35,0.000382,1,0.00200388,-0.00200404,0.0002625,9693.59
0,9938509,3,phononTF,0.00170467,0.00277472,0.00107721,0.000262498,174.289,0.000280742,1,0.0030039,0.00141082,-0.0002625,291.55
0,9938759,8,phononTF,0.000891767,0.000686726,0.000674116,-0.0002625,677.332,0.000382,1,0.000995201,0.000995002,0.0002625,1030.65
0,9939472,2,phononTF,0.000844353,0.00355512,0.000459006,-0.0002625,254.984,0.000382,1,0.00300027,0.000997276,0.0002625,2891.05
0,9942153,4,phononTF,0.00254974,0.00286216,0.00113196,-0.0002625,8.49744,0.000382,1,0.00200088,0.00200338,0.0002625,350.164
0,9943923,6,phononTS,0.00071053,0.00198719,-0.00198963,-0.0002625,730.406,0.000382,1,0.00200099,-0.00200422,0.0002625,1014.26
0,9946740,8,phononTS,0.000520366,-0.000336236,0.0017711,-0.000262499,3389.84,0.000382,1,0.000995934,0.000995252,0.0002625,3714.69
0,9949100,4,phononTF,0.00221981,0.00342285,0.0005892,-0.0002625,62.5931,0.000382,1,0.00299896,0.000999297,0.0002625,1818.47
0,9952739,11,phononTF,0.000422002,0.00480484,-9.48691e-05,-0.000262498,1654.51,0.000382,1,0.00100221,0.00100121,0.0002625,2360.71
0,9955845,10,phononTS,0.000827133,0.00099177,-0.000951621,-0.0002625,1518.77,0.000382,1,0.000996561,-0.000996809,0.0002625,5390.14
0,9956248,11,phononTF,0.000476464,0.000280289,0.00028021,-0.000262498,3259.81,0.000382,1,-2.82413e-06,-4.70509e-06,0.0002625,3373.16
0,9956249,1,phononTS,0.01,0.00333157,0.000583884,-0.000255501,0,0.00179255,1,0.00333131,0.000576053,-0.0002625,519.462
0,9956590,4,phononTF,0.00134306,0.00265636,0.00122257,-0.0002625,151.699,0.000382,1,0.0020044,0.00199688,0.0002625,441.565
0,9960830,3,phononL,0.0015507,0.00175053,0.0010784,-0.0002625,7.00828,0.000382,1,0.00100451,0.00100167,0.0002625,203.11
0,9961044,10,phononL,0.000412085,-0.00285463,-0.000665169,-0.0002625,17022.6,0.000382,1,-0.0029971,-0.00100157,0.0002625,17784
0,9961044,5,phononTS,0.000627064,0.00499368,-0.00204591,-0.000262498,7160.47,0.000627064,1,-0.00177649,0.005,-0.000153784,8899.95
0,9961044,3,phononTF,0.000746826,0.00282082,0.00126706,0.000262498,811.489,0.000746826,1,0.00242572,0.00176753,-0.0002625,956.803
0,9961044,2,phononTF,0.000936891,0.00282082,0.00126706,0.000262498,811.489,0.000936891,1,0.00340436,0.000685472,-0.0002625,978.735
0,9963312,1,phononTS,0.01,0.00100219,0.00100369,0.000261224,0,0.002292,1,0.00100225,0.00100378,0.0002625,875.578
0,9966234,9,phononTF,0.000672173,0.00168852,0.000306552,-0.0002625,1389.24,0.000382,1,0.00200475,-4.45525e-06,0.0002625,1743.45
0,9966776,18,phononTF,0.000535668,-0.00113953,-0.000690074,-0.0002625,16645.6,0.000382,1,-0.00100434,-0.00100466,0.0002625,17800.5
0,9967018,20,phononTF,0.000425109,-0.000995605,0.000995349,0.000262498,9426.45,0.000425109,1,-0.000795716,0.00102707,-0.0002625,9526.05
0,9971796,4,phononTS,0.000470108,-0.00207171,0.00268201,-0.000262498,2774.04,0.000382,1,-0.00199618,0.0019951,0.0002625,2946.81
0,9974904,8,phononTF,0.000659706,0.00341644,0.00144659,-0.000262498,525.601,0.000382,1,0.00299827,0.0010011,0.0002625,664.662
0,9976060,3,phononTS,0.00287377,0.0013758,0.00103586,-0.0002625,23.1402,0.000764,1,0.00100401,0.00100453,0.0002625,538.247
0,9990616,2,phononTS,0.00158725,-0.00373245,0.00286107,-0.0002625,143.135,0.000382,1,-0.00199647,-1.99019e-06,0.0002625,4830.61
0,9991863,14,phononTF,0.000996472,0.000352725,0.00167092,-0.0002625,11491.7,0.000382,1,-3.93481e-06,0.00199761,0.0002625,13593.3
0,9996005,9,phononTF,0.000947214,0.00179539,-0.000204671,-0.000262498,707.472,0.000382,1,0.00199715,2.28659e-06,0.0002625,810.113
