Run ID,Event ID,Track ID,Particle Name,Start Energy [eV],Start X [m],Start Y [m],Start Z [m],Start Time [ns],Energy Deposited [eV],Track Weight,End X [m],End Y [m],End Z [m],Final Time [ns]
0,5924,3,phononTS,0.00174008,-0.00308938,-0.00108969,-0.0002625,2.79593,0.000382,1,-0.00300211,-0.000995134,0.0002625,1187.24
0,5924,14,phononTS,0.00052608,-0.00300211,-0.000995134,0.000262498,1187.24,0.00052608,1,-0.00352056,-0.000982858,-0.0002625,1450.13
0,6781,9,phononTS,0.000624925,-0.00204642,0.00193459,-0.0002625,7114.84,0.000382,1,-0.00200109,0.00200453,0.0002625,9510.21
0,9182,6,phononTS,0.000832345,-0.0020681,-0.00197072,-0.0002625,2749.02,0.000382,1,-0.0020048,-0.00200347,0.0002625,3225.87
0,9878,7,phononTF,0.000456133,-0.00314792,-0.000888443,-0.0002625,1595.85,0.000382,1,-0.00300123,-0.000997954,0.0002625,2102.61
0,15771,5,phononTS,0.00220064,-0.00300201,-0.000997675,0.000262498,415.342,0.000961803,1,-0.00309064,-0.000923375,-0.0002625,569.667
0,24107,4,phononL,0.0029418,-0.00229048,-0.00204336,-0.0002625,367.004,0.000764,1,-0.00200259,-0.00200053,0.0002625,2797.12
0,24107,8,phononL,0.000962554,-0.00396401,-0.00119915,-0.0002625,2797.12,0.000962554,1,-0.005,-0.00077587,1.47968e-05,3456.65
0,34979,5,phononTF,0.000415648,0.00174711,-0.00177269,-0.000262498,12116.5,0.000382,1,0.00199736,-0.00199513,0.0002625,12302.2
0,35540,6,phononTS,0.00102794,0.00108078,-0.000892997,-0.0002625,5381.42,0.000382,1,0.00100479,-0.000995881,0.0002625,9893.42
0,37833,5,phononTS,0.00219885,0.00224272,0.00179503,0.000229892,1168.36,0.000382,1,0.00200288,0.00199702,0.0002625,4525.07
0,39795,5,phononL,0.000464164,-0.000879212,0.00219389,-0.0002625,2543.96,0.000382,1,-0.00100427,0.00299715,0.0002625,5824.68
0,39795,3,phononTS,0.00246407,-0.00345241,-0.00159685,0.000262498,59.2995,0.000335649,1,-0.00346398,-0.00194846,-0.0002625,292.171
0,40076,2,phononL,0.00113305,-0.00356633,-0.00089921,-0.0002625,28.9382,0.000382,1,-0.0030009,-0.00100491,0.0002625,845.226
0,40357,14,phononTS,0.000712867,0.00365728,0.00453199,-0.0002625,15895.4,0.000382,1,-0.00100433,-0.00100208,0.0002625,18703.6
0,49336,4,phononTS,0.000914116,-0.00203083,-0.00205116,-0.0002625,515.599,0.000382,1,-0.00199906,-0.00200221,0.0002625,1074.31
0,49517,12,phononTF,0.000436145,-0.00227447,-0.000314942,-0.0002625,6837.54,0.000382,1,-0.00199543,4.12662e-06,0.0002625,12563
0,53109,32,phononTF,0.000925639,-0.00200568,-7.4235e-05,-0.000262498,11855.1,0.000382,1,-0.00199771,3.70243e-06,0.0002625,12015.1
0,53405,6,phononTS,0.00107336,-0.00205498,0.00163849,-0.0002625,2087.06,0.000382,1,-0.000995928,0.000998426,0.0002625,5966.42
0,58280,4,phononTS,0.00051031,-0.00117025,-8.51371e-05,-0.0002625,1612.3,0.000382,1,-0.00100172,-0.000999604,0.0002625,7600.36
0,58659,9,phononTF,0.000421524,-0.00265572,-0.00140065,-0.000262498,10220.7,0.000382,1,-0.00200113,-0.00200406,0.0002625,10528.9
0,64913,37,phononTS,0.000480103,-0.00202601,0.00273806,-0.000262498,17106.5,0.000382,1,-0.00100176,0.00299642,0.0002625,17544.4
0,65041,15,phononTS,0.00110945,-0.000331019,0.00303532,-0.0002625,9719.83,0.000382,1,-0.00100148,0.00299687,0.0002625,11816.3
0,66399,13,phononTF,0.0011906,-0.000564295,0.00255713,-0.0002625,4650.27,0.000382,1,-0.000998025,0.00300153,0.0002625,8253.72
0,68016,16,phononTS,0.000583959,-0.00103886,0.00312661,-0.0002625,5347.3,0.000382,1,-0.000998719,0.00299699,0.0002625,7084.32
0,69909,15,phononTS,0.000531652,-0.00313807,0.000166489,-0.0002625,2807.22,0.000382,1,-0.00300477,-0.000999876,0.0002625,3569.66
0,70295,17,phononTF,0.000834367,-0.00260741,0.000691033,-0.0002625,3276.11,0.000382,1,-0.00199618,4.37751e-06,0.0002625,4358.74
0,70915,11,phononTF,0.000510502,0.000185833,0.00221567,-0.0002625,3261.13,0.000382,1,2.27771e-06,0.00199686,0.0002625,3795.35
0,71561,8,phononTS,0.00153627,-0.000998985,0.000995488,0.0002625,833.871,0.000216263,1,-0.00108389,0.00105605,-0.0002625,2409.71
0,72730,11,phononTF,0.000570624,-0.00300062,-0.00100499,0.000262498,4868.12,0.000570624,1,-0.003993,-0.00266333,-0.0002625,5497.15
0,82860,15,phononL,0.00063397,-0.00325785,-0.00131598,-0.000262498,232.678,0.000382,1,-0.0029998,-0.00100158,0.0002625,359.238
0,85996,4,phononTF,0.00175838,-0.00333419,-0.00139113,-0.0002625,88.9088,0.001146,1,-0.00299982,-0.000997594,0.0002625,496.98
0,90964,5,phononTF,0.0018384,0.00200338,0.00199564,0.0002625,5567.02,0.0018384,1,0.00150287,0.00149476,-0.0002625,6162.3
0,90964,3,phononTS,0.00148251,-0.00349028,-0.00155533,0.000262498,71.3772,0.000541718,1,-0.00351724,-0.00155186,-0.0002625,231.584
0,102397,5,phononTS,0.00123196,0.000639687,0.00138365,-0.0002625,1485.4,0.000382,1,-0.000999302,0.00300139,0.0002625,8119.4
0,103160,9,phononTF,0.000728785,0.000995335,0.000996299,0.0002625,5485.83,0.000728785,1,0.00119976,0.000794454,-0.0002625,9236.77
0,108004,6,phononTF,0.00174921,-0.00267026,-0.00140014,-0.000262498,2599.13,0.000382,1,-0.00300341,-0.00100257,0.0002625,2818.3
0,108300,5,phononTF,0.000492237,-0.0018817,0.000121031,-0.0002625,315.54,0.000382,1,-0.00200158,-4.25621e-06,0.0002625,1177.2
0,110478,14,phononTS,0.000896737,-0.00341813,-0.00107513,-0.000262498,11172.1,0.000382,1,-0.00299756,-0.000996972,0.0002625,11420.8
0,117045,5,phononL,0.0004629,-0.00262222,-0.000445235,-0.0002625,1579.03,0.000382,1,-0.00200239,-3.41558e-06,0.0002625,2010.91
0,129085,8,phononTS,0.00054515,-0.00299523,-0.00100314,0.000262498,734.91,0.00054515,1,-0.00281205,-0.000994469,-0.0002625,937.508
0,129352,8,phononTS,0.00075194,0.005,-0.000668577,0.000158322,14819,0.000588665,1,0.0047569,-0.00147457,-0.0002625,16045.1
0,130248,18,phononTF,0.0020269,-0.00235172,-0.000373633,-0.0002625,772.301,0.000382,1,-0.00199964,1.40921e-06,0.0002625,1659.11
0,130273,11,phononTF,0.000428463,-0.0031713,-0.00113622,-0.0002625,335.465,0.000382,1,-0.00299842,-0.00100054,0.0002625,1152.18
0,135303,4,phononTS,0.000865648,0.000261558,-0.00306823,-0.0002625,1274.23,0.000382,1,0.00100138,-0.00299791,0.0002625,2277.63
0,141135,12,phononTS,0.000636206,-0.00078436,-0.00193493,-0.000262498,5462.88,0.000382,1,1.43858e-06,3.0766e-06,0.0002625,6237.06
0,141135,2,phononTF,0.000573235,-0.00352593,-0.00156373,0.000262498,15.2302,0.000573235,1,-0.00334343,-0.00141825,-0.0002625,186.312
0,154216,21,phononTS,0.000900063,-0.00256274,-0.000963085,-0.0002625,13838.2,0.000382,1,-0.00299958,-0.000996314,0.0002625,16098.4
0,162195,10,phononTF,0.000408625,0.005,-0.00201748,2.40457e-05,3145.84,0.000382,1,2.00093e-06,-0.00199807,0.0002625,7240.37
0,162755,20,phononTF,0.000416851,0.000143882,-0.00222314,-0.0002625,8259.59,0.000382,1,-0.000997082,-0.00100472,0.0002625,14659.9
0,165041,6,phononTF,0.000622399,0.000874876,-0.00133936,-0.0002625,1273.17,0.000382,1,0.000995463,-0.000995498,0.0002625,10063.8
0,165041,4,phononTS,0.00301118,0.00125668,-0.00257748,-0.000212555,1040.5,0.00139888,1,0.00108281,-0.00241454,-0.0002625,4040.81
0,170998,7,phononTF,0.00216971,-0.00334799,-0.00133339,-1.8815e-05,167.969,0.000382,1,-0.00300404,-0.000999744,0.0002625,333.923
0,173922,12,phononTF,0.000536116,0.005,0.00143581,-0.00020617,6891.33,0.000382,1,0.000999618,0.00099792,0.0002625,8199.32
0,187556,2,phononTS,0.00422216,-0.00302098,-0.00100733,0.000201536,68.8579,0.000764,1,-0.0029951,-0.00100382,0.0002625,325.565
0,200199,5,phononTS,0.00273204,-0.00265231,-1.49774e-05,0.000128451,236.765,0.000382,1,-0.0020035,-9.65604e-07,0.0002625,1249.69
0,200209,8,phononTF,0.00070169,-0.00215406,-0.00212225,-0.0002625,885.968,0.000382,1,-0.00200149,-0.00200277,0.0002625,2454.05
0,203004,12,phononTS,0.000732924,-0.00440784,0.000196407,-0.0002625,2363.26,0.000382,1,-0.00300359,-0.000997487,0.0002625,4770.43
0,203004,2,phononTS,0.00156918,-0.00352225,-0.00155535,0.000262498,21.3327,0.000593104,1,-0.00208741,-0.00265074,-0.0002625,669.177
0,203408,4,phononTS,0.00188097,-0.000338105,-0.00290681,-0.0002625,175.695,0.000382,1,-0.000996972,-0.0010002,0.0002625,3541.95
0,214119,10,phononTS,0.00052759,0.00100445,-0.00299696,0.000262498,3797.74,0.00052759,1,0.000991808,-0.00305432,-0.0002625,3964.1
0,214119,3,phononTF,0.00165905,-0.00352213,-0.00155911,0.000262498,1.01362,0.000996996,1,-0.00317113,-0.00191013,-0.0002625,220.883
0,215288,15,phononTS,0.00056203,-0.00199697,-0.0020027,0.000262498,3168.85,0.00056203,1,-0.00201476,-0.00182381,-0.0002625,3367.66
0,227113,11,phononL,0.000424592,-0.00202855,-0.000551473,-0.0002625,525.874,0.000382,1,-0.00200348,3.27896e-06,0.0002625,949.185
0,234359,6,phononTF,0.000390042,0.00147457,-0.00143679,-0.0002625,9460.45,0.000382,1,0.000998936,-0.00100135,0.0002625,10208.9
0,235300,9,phononTS,0.000755762,-0.00300169,-0.000996432,0.000262498,4306.84,0.000592334,1,-0.00308577,-0.00107762,-0.0002625,4460.92
0,238580,12,phononTS,0.000615157,-0.00413387,0.00161414,-0.0002625,7798.19,0.000382,1,-3.83239e-06,-0.00199794,0.0002625,16865.9
0,240731,4,phononTS,0.000901666,0.0010021,0.0011198,-0.0002625,3947.14,0.000382,1,-0.00100158,0.0029975,0.0002625,8855.66
0,247681,15,phononL,0.000404067,-0.00179599,-0.00170458,-0.000262498,9967.25,0.000382,1,-0.00199674,-0.00199939,0.0002625,10089.4
0,251397,9,phononTS,0.000682256,0.0010012,-0.00299913,0.000262498,5416.3,0.000682256,1,0.00101177,-0.00298097,-0.0002625,5586.42
0,254990,18,phononTF,0.000706014,-0.00292775,-0.00105841,-0.000262498,12777,0.000382,1,-0.00299705,-0.00100473,0.0002625,12935.9
0,259688,8,phononTS,0.00154297,-0.00332256,-0.00116663,-0.000262498,3919.1,0.000382,1,-0.00300237,-0.00100427,0.0002625,4172.06
0,261063,5,phononTS,0.00114582,-0.00371434,-0.00153753,-0.000262498,465.388,0.000382,1,-0.00200147,-2.62101e-06,0.0002625,1321.31
0,268002,2,phononTS,0.00472325,-0.00299579,-0.000972142,0.000100686,158.55,0.000382,1,-0.00300254,-0.000997192,0.0002625,531.176
0,268362,10,phononTF,0.000401776,-0.00119898,0.00279887,-0.000262498,17470.3,0.000382,1,-0.000999161,0.0030031,0.0002625,17648.9
0,268416,9,phononTS,0.00184244,-0.00192958,-6.60131e-05,-0.0002625,1429.71,0.000382,1,-0.00199771,-1.95705e-07,0.0002625,1895.1
0,271411,22,phononTS,0.000975082,0.0022752,2.79818e-05,-0.000262498,2580.85,0.000382,1,0.00200095,1.76964e-06,0.0002625,2799.07
0,272396,5,phononTS,0.000990125,-0.00200192,4.61826e-06,0.000262498,2082.19,0.000744799,1,-0.00195167,0.000404471,-0.0002625,2337.8
0,278695,12,phononTS,0.000408397,5.58198e-05,-1.84925e-05,-0.000262498,6436.85,0.000382,1,-2.18663e-06,2.76948e-06,0.0002625,6618.77
0,282719,14,phononTS,0.000510588,-0.00100181,-0.00099827,0.000262498,12262.7,0.000510588,1,-0.000522936,-0.00202069,-0.0002625,12720.2
0,286470,10,phononTF,0.000526942,-4.48738e-06,0.00199974,0.000262498,7052.22,0.000526942,1,-7.23588e-05,0.001915,-0.0002625,7212.27
0,288957,7,phononTS,0.00048598,-0.00132856,0.00332672,-0.0002625,2275.89,0.000382,1,-0.00199629,0.00199594,0.0002625,11659.4
0,292083,6,phononTS,0.0009215,-0.00298901,-0.00098604,0.000113199,426.574,0.000382,1,-0.00300236,-0.0010035,0.0002625,1322.09
0,294101,3,phononTS,0.00278419,-0.00294596,-0.000952378,-4.95328e-05,126.301,0.001146,1,-0.00299781,-0.000996446,0.0002625,494.557
0,298067,9,phononTS,0.000788116,0.00200225,0.00200025,0.000262498,12001.2,0.000788116,1,0.00182015,0.00191809,-0.0002625,12195.3
0,299478,5,phononTF,0.00078019,-0.00151105,-0.000532512,-0.000262498,1487.21,0.000382,1,-0.00100211,-0.00100498,0.0002625,1754.7
0,303724,14,phononTS,0.000497794,-0.000810882,-0.0010465,-0.000262499,5858.71,0.000382,1,-0.000996145,-0.00100395,0.0002625,6056.4
0,311019,10,phononL,0.0015612,3.27496e-07,-0.000566774,-0.0002625,1773.57,0.000382,1,-4.81318e-06,1.36608e-06,0.0002625,2201.5
0,311019,11,phononTS,0.00107192,-4.81318e-06,1.36608e-06,0.000262498,2201.5,9.77106e-05,1,6.43723e-06,6.70757e-06,-0.0002625,2374.6
0,319221,4,phononTF,0.00184805,-0.00320036,-0.00116297,-0.000262498,221.222,0.000764,1,-0.00299565,-0.00100129,0.0002625,395.608
0,325129,12,phononTF,0.000488265,-0.00100039,-0.000997882,0.0002625,1422.33,0.000488265,1,-0.000731186,-0.00132909,-0.0002625,1823.96
0,325129,6,phononTS,0.000839935,-0.00351552,-0.00153113,0.000262498,15.4327,0.000770617,1,-0.00359944,-0.00152906,-0.0002625,198.544
0,327172,6,phononTF,0.000463747,-0.000265986,0.00232599,-0.000262498,5220.46,0.000382,1,-1.12651e-06,0.00200018,0.0002625,5420.01
0,328098,19,phononL,0.000467535,-0.00045198,-0.000234111,-0.000262498,5316.83,0.000382,1,2.61224e-06,5.2631e-07,0.0002625,5454.43
0,329998,12,phononTS,0.000448464,4.19429e-05,-0.00100427,-0.0002625,5151.4,0.000382,1,3.42419e-06,-0.00199836,0.0002625,7220.13
0,331257,11,phononTS,0.000399309,-0.000995458,-0.000995951,0.000262498,5746.31,0.000399309,1,-0.001041,-0.00106171,-0.0002625,5921.74
0,332643,14,phononTS,0.000428892,0.000165662,0.00193752,-0.0002625,13359.2,0.000382,1,4.30753e-06,0.00200105,0.0002625,14692.3
0,333935,4,phononTF,0.00242567,-0.00288749,-0.000836812,-0.0002625,72.8433,0.000382,1,-0.00300208,-0.00099908,0.0002625,863.563
0,337714,16,phononTS,0.00127374,-0.00304634,-0.000916729,-0.000262498,611.658,0.000382,1,-0.00299667,-0.00100267,0.0002625,768.327
0,342327,16,phononTS,0.000563778,-0.00345551,-0.00144,-0.000262498,271.067,0.000382,1,-0.00299636,-0.0010021,0.0002625,605.011
0,345942,7,phononTS,0.000538128,-0.00100685,-0.0010904,-0.000262498,10180.9,0.000382,1,-0.000999642,-0.00100338,0.0002625,10342.4
0,350680,16,phononTS,0.000578672,-0.00199501,0.00200403,0.0002625,5305.41,0.000407737,1,-0.00192879,0.0020684,-0.0002625,5926.33
0,351714,13,phononL,0.000469147,-0.00199798,-0.00199876,0.0002625,3973.66,0.000469147,1,-0.00205632,-0.00253675,-0.0002625,4252.72
0,353608,6,phononTS,0.000942552,-0.00290896,-0.00104202,-0.000262498,860.044,0.000382,1,-0.00299777,-0.001005,0.0002625,1017.86
0,355303,8,phononTS,0.000518974,-0.00139623,0.000401306,-0.0002625,5587.86,0.000382,1,-0.00199703,4.9712e-06,0.0002625,6919.26
0,366856,10,phononL,0.00041567,-0.00214832,0.00126693,-0.0002625,2278.7,0.000382,1,-0.00199754,0.00200404,0.0002625,2787.27
0,370985,11,phononTS,0.00131571,-0.00299935,-0.000995912,0.0002625,1425.1,0.000834798,1,-0.0029309,-0.000904793,-0.0002625,3301.22
0,373613,6,phononTF,0.000501328,-0.0035242,-0.00106994,-0.000262498,286.549,0.000382,1,-0.0019957,-0.00200471,0.0002625,873.745
0,384485,26,phononTF,0.00055822,0.00099693,-0.00100135,0.000262498,5142.33,0.00055822,1,0.00124868,-0.00130913,-0.0002625,5337.96
0,388673,10,phononTS,0.000723363,-0.00299749,-0.000997924,0.0002625,5549.71,0.000723363,1,-0.00318275,-0.00104124,-0.0002625,5941.11
0,397399,19,phononTS,0.000463457,0.00200336,0.00199693,0.000262498,14905.8,0.000463457,1,0.000943956,0.00391946,-0.0002625,15722.5
0,397420,9,phononTF,0.00158812,0.00361688,-0.0036067,-0.0002625,20618.7,0.000764,1,0.00200058,-0.00200287,0.0002625,28397.2
0,398008,14,phononL,0.000935583,0.00331697,0.000925058,-0.000262498,10459.3,0.000382,1,0.00300337,0.001004,0.0002625,10578.8
0,399133,19,phononTS,0.000690722,0.000995871,-0.00299828,0.0002625,9045.67,0.000495937,1,0.00101975,-0.00297285,-0.0002625,9687.13
0,399441,13,phononTS,0.00181673,-0.00318021,-0.00104174,-0.0002625,1530.84,0.000382,1,-0.00299938,-0.000996372,0.0002625,2075.28
0,399441,14,phononTS,0.00102468,-0.00299938,-0.000996372,0.000262498,2075.28,0.000619397,1,-0.00308731,-0.000916359,-0.0002625,2229.27
0,400781,8,phononTS,0.000479606,-0.00199611,-0.00199783,0.0002625,1907.4,0.000479606,1,-0.00192881,-0.0019098,-0.0002625,2217.15
0,402113,3,phononTF,0.00243924,-0.00299717,-0.000996184,0.0002625,19.2979,0.000779408,1,-0.00271937,-0.000730278,-0.0002625,602.386
0,402339,27,phononTS,0.000429198,0.00307034,0.00117864,-0.000262498,23242.5,0.000382,1,0.00299974,0.000997931,0.0002625,23437.1
0,407739,7,phononTF,0.000531998,0.00195616,-0.000153135,-0.000262498,5611.85,0.000382,1,0.00199513,1.73592e-06,0.0002625,5781.01
0,407739,2,phononTS,0.00223569,-0.00351641,-0.00155809,0.000262498,3.12124,0.000427314,1,-0.00345545,-0.00170165,-0.0002625,191.032
0,413502,5,phononTF,0.000383775,-0.000710227,0.00137521,-0.0002625,988.982,0.000382,1,-3.74073e-06,0.001996,0.0002625,2909.09
0,414942,5,phononTF,0.000934581,-0.00320444,-0.00122686,-0.0002625,184.197,0.000764,1,-0.00300304,-0.000995971,0.0002625,709.955
0,414942,3,phononL,0.00222041,-0.00387472,-0.00444205,-0.000179708,15.0316,0.00121086,1,-0.00394734,-0.00443899,-0.0002625,1775.5
0,415305,5,phononTS,0.0021407,-0.000969421,0.00100491,3.20521e-05,2181.93,0.000382,1,-0.00100373,0.000999673,0.0002625,3661.01
0,417409,10,phononTS,0.00143714,-0.00294359,-0.00180046,-0.000262498,2019.37,0.000764,1,-4.82402e-06,1.79498e-06,0.0002625,3240.85
0,418962,7,phononTF,0.000800743,0.00317471,0.00092364,-0.000262498,5885.82,0.000382,1,0.00299736,0.000996724,0.0002625,6058.91
0,419363,4,phononTF,0.000538726,0.00289411,0.00113855,-0.0002625,2945.15,0.000382,1,0.00300034,0.00100254,0.0002625,5716.18
0,424465,23,phononTS,0.000524671,-0.002726,-0.00258267,-0.0002625,4248.38,0.000382,1,-0.000997053,-0.00100217,0.0002625,7374.63
0,426238,2,phononTF,0.000678141,-0.00236461,-0.000390944,-0.0002625,31.6345,0.000382,1,-0.00199767,-2.11862e-06,0.0002625,936.221
0,426622,15,phononTF,0.00103699,-0.00151914,-0.000503771,-0.0002625,1469.41,0.000764,1,-0.00100339,-0.00099604,0.0002625,6765.76
0,429113,9,phononTS,0.000494278,0.000808446,-0.00101283,-0.000262498,19804.1,0.000382,1,0.0010047,-0.00100466,0.0002625,20009.3
0,431636,3,phononTS,0.00293385,-0.00281295,-0.000930161,0.0001334,21.5998,0.000764,1,-0.0030043,-0.000995837,0.0002625,762.299
0,436645,4,phononTF,0.00191712,-0.00326183,-0.00129041,-0.0002625,47.1904,0.001146,1,-0.00299795,-0.000999894,0.0002625,438.348
0,437726,6,phononL,0.000531228,-0.00229092,-0.00291726,-0.000262498,1095.55,0.000382,1,-0.00199742,-0.00200156,0.0002625,1302.27
0,437726,3,phononTF,0.00154361,0.0013744,0.005,-0.000174535,7.72562,0.000537365,1,0.00177084,0.00459577,-0.0002625,3286.34
0,442067,12,phononTS,0.000770366,-0.00182174,0.000382273,-0.0002625,1096.27,0.000382,1,-0.00200324,3.79104e-06,0.0002625,1755.9
0,450464,7,phononTF,0.000575418,-0.00179898,-0.00304454,-0.000262498,2328.96,0.000382,1,-0.0010013,-0.00100499,0.0002625,3052.67
0,450534,4,phononTF,0.00052233,-0.00261337,-0.000555432,-0.0002625,590.253,0.000382,1,-0.00199986,3.08119e-06,0.0002625,1177.23
0,450534,2,phononTF,0.00459157,-0.00385618,-0.0014875,4.51377e-05,281.921,0.000906936,1,-0.00371704,-0.00134539,-0.0002625,614.293
0,452761,14,phononTS,0.000480684,0.00206865,2.63548e-05,-0.000262498,6670.41,0.000382,1,0.00199852,1.7755e-06,0.0002625,6825.88
0,457193,11,phononTS,0.000765172,-1.49218e-06,-0.00200248,0.0002625,204.461,0.000726805,1,-5.29894e-05,-0.00104828,-0.0002625,2444.83
0,457588,9,phononTS,0.000637294,-0.00108876,-0.00108189,-0.0002625,3008.56,0.000382,1,-0.00100199,-0.000997887,0.0002625,7290.86
0,458303,13,phononTS,0.00041979,0.00191399,0.00219898,-0.0002625,17567.8,0.000382,1,0.00199908,0.00200016,0.0002625,18683.7
0,460852,7,phononTS,0.000909516,0.00462493,-0.000617666,-0.0002625,10443.1,0.000382,1,0.00299538,0.00100308,0.0002625,11443.1
0,469452,7,phononTS,0.000725971,-0.00291422,-0.000988517,-0.000262498,556.516,0.000382,1,-0.00299682,-0.00100184,0.0002625,738.09
0,472448,5,phononL,0.0024284,-0.00300493,-0.000999683,0.0002625,1404.97,0.000172096,1,-0.00355281,-0.00122743,-0.0002625,2093.67
0,473149,5,phononL,0.000551649,-0.000873355,-0.000978462,-0.0002625,59.3971,0.000382,1,-0.00100312,-0.000999822,0.0002625,2644.46
0,473186,5,phononTS,0.000529733,-0.00218677,0.00195147,-0.0002625,491.819,0.000382,1,-0.00200433,0.00199783,0.0002625,2931.55
0,473186,2,phononTS,0.00209997,0.00177792,0.00367241,-0.000127548,51.0275,0.000699547,1,0.00101083,0.00351065,-0.0002625,2908.51
0,474334,13,phononL,0.000419467,-0.00237947,-0.00184151,-0.0002625,19739.8,0.000382,1,-0.00200061,3.86672e-06,0.0002625,21508.5
0,474334,3,phononTF,0.00192529,-0.00351395,-0.00155617,0.000262498,8.00913,0.00134001,1,-0.00383909,-0.00123489,-0.0002625,219.419
0,475111,10,phononTS,0.00108051,-0.00105113,-0.00111537,-0.0002625,3616.09,0.000382,1,-0.00100447,-0.00100455,0.0002625,6428.73
0,475536,19,phononTF,0.000445231,-0.00220814,-0.00152519,-0.0002625,2564.87,0.000382,1,-0.00200458,-0.00200182,0.0002625,3660.78
0,476490,7,phononTS,0.000386494,-0.00210069,0.00195246,-0.0002625,929.726,0.000382,1,-0.00200141,0.00200201,0.0002625,4811.79
0,477283,7,phononTF,0.000506308,-0.0037505,-0.00171941,-0.000262498,522.315,0.000382,1,-0.00300388,-0.00100499,0.0002625,868.375
0,479612,7,phononTS,0.000750584,-0.00268894,-4.27603e-05,-0.000262498,2105.02,0.000382,1,-0.00300215,-0.000998062,0.0002625,2539.91
0,496108,6,phononTF,0.000425196,0.000653677,-0.000589485,-0.000262498,10837.8,0.000382,1,3.0632e-06,-1.02833e-06,0.0002625,11151.9
0,503202,2,phononTF,0.00263631,-0.00163662,0.000386607,-0.0002625,136.684,0.001146,1,-0.00199862,7.79982e-07,0.0002625,1606.74
0,503532,12,phononTF,0.000607576,-0.00309813,-0.00110357,-0.0002625,202.143,0.000382,1,-0.0029957,-0.00100498,0.0002625,691.927
0,508948,12,phononTF,0.000684417,-0.00299745,-0.000995898,0.000262498,4830.4,0.000179068,1,-0.00316946,-0.00121409,-0.0002625,5006.99
0,515304,9,phononTF,0.00053856,-0.005,-0.00452421,-0.000178965,2254.87,0.00053856,1,-0.00494233,-0.00459032,-0.0002625,3934.31
0,523789,4,phononTS,0.000382422,-0.00324995,-0.00127833,-0.0002625,11.1697,0.000382,1,-0.0029951,-0.00100225,0.0002625,531.284
0,528626,6,phononTF,0.000480924,0.00183127,-0.00239494,-0.0002625,8490.56,0.000382,1,0.000996748,-0.000999853,0.0002625,10372.5
0,534914,12,phononTS,0.000606333,-6.73005e-05,-0.0019557,-0.0002625,768.48,0.000382,1,4.45856e-06,-0.00200004,0.0002625,4698.99
0,535803,5,phononTF,0.00163512,-0.00326279,-0.00127547,-0.0002625,17.0398,0.000764,1,-0.003004,-0.00100013,0.0002625,403.329
0,535803,6,phononTS,0.000504447,-0.003004,-0.00100013,0.000262498,403.329,0.000504447,1,-0.00269743,-0.0010253,-0.0002625,625.631
0,540408,6,phononTS,0.00227999,-0.0020048,-2.55017e-06,0.000262499,2256.44,0.00108165,1,-0.00293688,-0.000512521,-0.0002625,2683.27
0,548314,6,phononTS,0.000645094,-0.00192819,-0.00210303,-0.0002625,1572.03,0.000382,1,-0.00200444,-0.00200312,0.0002625,2107.72
0,554780,20,phononTF,0.000410428,-0.00282781,-0.000928486,-0.000262498,956.783,0.000382,1,-0.0019968,-4.75299e-06,0.0002625,1368.48
0,556630,11,phononTF,0.000477883,0.000998814,0.00100258,0.000262498,26451.6,0.000477883,1,0.00119254,0.00083435,-0.0002625,26625.9
0,568934,7,phononTF,0.000728294,-0.00339692,-0.00146151,-0.0002625,162.735,0.000382,1,-0.00300045,-0.000997088,0.0002625,1248.44
0,571815,19,phononL,0.00111583,0.000967605,0.00181302,-0.0002625,386.654,0.000382,1,0.000996864,0.000996272,0.0002625,2837.95
0,581112,22,phononTS,0.000557381,-0.00200136,0.00199711,0.000262498,9389.68,0.000557381,1,-0.00209131,0.00197385,-0.0002625,9549
0,581865,5,phononTF,0.00054663,0.00306485,0.000947946,-0.000262498,4694.3,0.000382,1,0.00299686,0.00100179,0.0002625,4853.17
0,581914,2,phononTF,0.00285776,-0.00300453,-0.00100117,0.0002625,26.6017,0.00206835,1,-0.00255688,-0.00057043,-0.0002625,531.181
0,583667,11,phononTS,0.000450192,-0.00199912,-0.00199523,-0.0002625,1306.34,0.000382,1,-0.00199909,-0.00199633,0.0002625,5188.52
0,583810,6,phononTF,0.000528941,0.000266948,-0.005,-2.10151e-05,5589.11,0.000382,1,0.000998439,-0.00100191,0.0002625,16452.7
0,584234,5,phononTS,0.000496789,0.00102099,-0.00293898,-0.0002625,3563.42,0.000382,1,0.00100102,-0.00299672,0.0002625,5710.97
0,584861,11,phononL,0.000616588,-0.00199666,-0.00200133,0.000262498,2717.62,0.000616588,1,-0.000832772,-0.00215786,-0.0002625,2957.11
0,585897,15,phononTF,0.000520535,0.000121978,-0.00209772,-0.0002625,8153.17,0.000382,1,3.01284e-06,-0.00200221,0.0002625,8978.25
0,587966,10,phononTS,0.00083787,0.00156138,0.00100531,-0.000262498,3419.84,0.000382,1,0.001003,0.00100081,0.0002625,3695.91
0,589232,19,phononTS,0.000632823,-0.00308136,-0.000912203,-0.000262498,1114.8,0.000382,1,-0.00300328,-0.000999944,0.0002625,1268.91
0,591823,5,phononTS,0.000632196,-0.00200495,-4.40127e-06,0.0002625,1053.05,0.000632196,1,-0.000204471,-0.00065978,-0.0002625,2494.08
0,594026,13,phononTF,0.000432223,0.000565323,0.0005784,-0.000262498,4053.31,0.000382,1,0.00100393,0.00100073,0.0002625,4299.25
0,600597,2,phononTF,0.00147389,-0.00302035,-0.000920417,-0.0002625,3.82676,0.000382,1,-0.00299942,-0.000998326,0.0002625,996.763
0,610567,5,phononTF,0.000945664,0.00245218,0.00162938,-0.0002625,6395.58,0.000764,1,0.00200144,0.0020038,0.0002625,12069.4
0,617260,10,phononTS,0.000401278,0.005,-0.00319556,-4.44859e-05,13956.6,0.000401278,1,0.00480323,-0.0031981,-0.0002625,15601.4
0,620398,4,phononL,0.000727076,-0.00217235,-0.00142592,-0.0002625,819.037,0.000382,1,-0.00199962,-0.00200224,0.0002625,1241.18
0,620398,2,phononTS,0.00407645,-0.00378397,-0.00143128,-0.000137336,579.033,0.00190832,1,-0.0029973,-0.00193582,-0.0002625,1083.55
0,622600,6,phononTS,0.000817686,-0.00309313,-0.000949688,-0.000262498,927.654,0.000382,1,-0.00300148,-0.00100278,0.0002625,1083.67
0,625778,4,phononTF,0.000537952,-0.00191671,0.00209596,-0.0002625,930.407,0.000382,1,-0.00199937,0.00200272,0.0002625,4824.58
0,627915,2,phononTS,0.00567183,-0.00301073,-0.00105905,9.24375e-05,473.414,0.000382,1,-0.00299721,-0.00100385,0.0002625,1231.35
0,629255,8,phononTF,0.00128452,-0.0029973,-0.000995233,0.000262498,679.466,0.00103334,1,-0.00274343,-0.000703168,-0.0002625,873.805
0,632491,13,phononL,0.000621881,-0.00290295,0.00240093,-0.0002625,6271.18,0.000382,1,-0.0030033,-0.00100145,0.0002625,7844.82
0,633490,3,phononTS,0.00297991,0.000188528,0.00119249,-0.0002625,88.5235,0.000382,1,0.00100284,0.000999912,0.0002625,5420.87
0,634923,8,phononTS,0.00184496,-0.00207603,-0.00230287,5.78404e-05,1935.13,0.000382,1,-0.00200005,-0.00200411,0.0002625,3610
0,634988,19,phononTS,0.000478037,-0.00200449,-0.00200044,0.0002625,3118.2,0.000478037,1,-0.00204617,-0.00145872,-0.0002625,3698.58
0,637847,12,phononTS,0.000513092,-0.00244717,-0.0044908,-0.000262498,10644.1,0.000382,1,-4.01135e-06,-0.00199915,0.0002625,11787.4
0,646154,8,phononTS,0.00103746,-0.00200017,-0.00199863,0.000262498,2255.25,0.00103746,1,-0.00384888,-0.000548624,-0.0002625,3126.22
0,647734,12,phononTS,0.000437634,-0.00200087,0.00200323,0.000262498,5847.25,0.000437634,1,-0.000785362,0.00271862,-0.0002625,6389.82
0,649657,11,phononTS,0.000523234,0.00207959,-7.4489e-05,-0.000262498,8235.16,0.000382,1,0.00199557,-3.59093e-06,0.0002625,8390.05
0,658011,17,phononTF,0.000476909,0.00212797,0.00171699,-0.0002625,7627,0.000382,1,0.002003,0.00200137,0.0002625,15012.5
0,658105,9,phononTS,0.000403569,0.005,-0.00197238,0.000125595,12900.8,0.000403569,1,0.00348986,-0.00146571,-0.0002625,15603
0,666437,15,phononTS,0.000797309,0.000245471,-0.00289763,-0.0002625,3759.57,0.000382,1,0.00100025,-0.00300007,0.0002625,6054.36
0,666955,13,phononTS,0.000412477,6.99722e-05,0.0037108,-0.0002625,11241.6,0.000382,1,-0.000995042,0.00299858,0.0002625,12039.4
0,668075,4,phononTF,0.00147128,-0.000237589,9.55354e-05,-0.000262498,5325.59,0.000382,1,-0.0010012,0.000997806,0.0002625,5723.93
0,668075,5,phononTF,0.000716976,-0.0010012,0.000997806,0.000262498,5723.93,0.000716976,1,-0.000991815,0.00109863,-0.0002625,5886.05
0,668075,2,phononTS,0.0011357,-0.00353808,-0.00154122,0.000262498,14.8833,0.000939235,1,-0.00382002,-0.00247989,-0.0002625,426.999
0,669492,9,phononTF,0.00119936,-0.0027725,-0.000137202,-0.0002625,1940.55,0.000382,1,-0.00200383,4.67733e-06,0.0002625,2942.77
0,669663,12,phononTF,0.000422897,-0.00195917,0.0019288,-0.0002625,6057.61,0.000382,1,-0.00199763,0.00199745,0.0002625,6854.87
0,669694,4,phononTF,0.000827892,-0.00320842,-0.001254,-0.0002625,282.758,0.000382,1,-0.00300454,-0.0010017,0.0002625,649.714
0,683913,9,phononTF,0.000443083,-0.000566123,-0.00151111,-0.000262498,5323.69,0.000382,1,-0.000996665,-0.00100215,0.0002625,5575.47
0,693944,14,phononTF,0.000609164,0.00132141,0.000664658,-0.000262498,9752.31,0.000382,1,0.000996645,0.000996285,0.0002625,9961.65
0,695059,5,phononTS,0.00108411,-0.00188406,-0.000887479,-0.0002625,1293.31,0.000382,1,-0.000995457,-0.00100061,0.0002625,2469.14
0,697174,10,phononTS,0.000516673,-0.00247624,0.005,-0.000129452,11260.8,0.000516673,1,-0.00159487,0.00415991,-0.0002625,13853.9
0,708925,10,phononTS,0.000560893,-0.00245762,-0.00209055,-0.0002625,8697.3,0.000382,1,-0.00199825,-0.00200432,0.0002625,11648.7
0,708925,2,phononTS,0.00268056,-0.00366471,-0.00127866,0.000250623,154.333,0.00134399,1,-0.00374014,-0.0011933,-0.0002625,445.02
0,718383,8,phononTS,0.000543267,-0.00299758,-0.00100096,0.000262498,1442.91,0.000543267,1,-0.00297746,-0.00103731,-0.0002625,1616.44
0,719867,7,phononTS,0.00040442,-8.29117e-07,-0.00199974,0.000262498,11471.3,0.00040442,1,-7.60224e-05,-0.00208689,-0.0002625,11625.6
0,722288,3,phononTF,0.00297344,-0.00326148,-0.00127888,-0.0002625,1.793,0.000382,1,-0.00300345,-0.000999765,0.0002625,388.749
0,722288,12,phononTF,0.00243679,-0.00300345,-0.000999765,0.000262498,388.749,0.00112976,1,-0.00417949,-0.00221832,-0.0002625,919.218
0,724320,12,phononTF,0.000485779,-0.00299515,-0.000996496,0.000262498,1078.06,0.000485779,1,-0.00401195,-0.00200253,-0.0002625,1536.79
0,724320,2,phononTF,0.0035469,-0.00357826,-0.00160667,0.000244378,97.6594,0.00189026,1,-0.00356443,-0.00159034,-0.0002625,249.216
0,724950,7,phononTS,0.00063245,-0.00292759,-0.00108286,-0.000262498,1357.12,0.000382,1,-0.00300483,-0.00100021,0.0002625,1511.62
0,725887,3,phononTS,0.00442701,-0.00299786,-0.000997161,0.000235857,3.25815,0.000382,1,-0.00300205,-0.000995544,0.0002625,412.945
0,727135,10,phononTS,0.000433592,-0.00193293,7.54441e-05,-0.0002625,222.398,0.000382,1,-0.00200124,-4.26062e-06,0.0002625,2010.11
0,735679,17,phononTF,0.000770556,-0.000859913,0.000925261,-0.0002625,12372.3,0.000382,1,-0.000998057,0.00100443,0.0002625,14281.4
0,735679,2,phononTF,0.00557627,-0.00328381,-0.00124583,-0.00019845,397.035,0.000583796,1,-0.00326,-0.00121876,-0.0002625,679.584
0,737805,8,phononTF,0.000438753,0.0035336,0.000437902,-0.0002625,8729.02,0.000382,1,0.00300434,0.00100224,0.0002625,9466.3
0,744326,7,phononTS,0.000738773,-0.00374955,-0.00171848,-0.000262498,608.859,0.000382,1,-0.00300095,-0.000999436,0.0002625,1065.14
0,746206,13,phononTS,0.000851498,-0.00207534,-0.00191815,-0.0002625,1885.24,0.000382,1,-0.00200192,-0.00200459,0.0002625,2348.62
0,750598,16,phononTF,0.000650435,-0.00221874,-0.0017304,-0.0002625,1716.67,0.000382,1,-0.00199578,-0.00200202,0.0002625,2280.26
0,760534,7,phononTS,0.000943124,1.98021e-06,0.00200384,0.000262498,3677.67,0.000943124,1,-0.000317841,0.00204958,-0.0002625,3904.6
0,762542,2,phononTF,0.00113871,-0.00328023,-0.00127174,-0.0002625,53.3696,0.000382,1,-0.00300368,-0.000999908,0.0002625,443.315
0,763942,2,phononTF,0.000473051,-0.00339197,-0.00139723,-0.0002625,45.5412,0.000382,1,-0.00299797,-0.000996931,0.0002625,851.78
0,767179,7,phononTF,0.00214899,-0.000569047,-0.0015534,-0.000262498,2382.81,0.000764,1,-0.00099598,-0.000999766,0.0002625,2659.18
0,769233,4,phononTS,0.001062,-0.00212487,-0.00161651,-0.0002625,290.902,0.000764,1,-0.000999871,-0.000999822,0.0002625,4494
0,772887,13,phononTF,0.00044161,-0.00199522,3.15726e-06,0.0002625,1385.9,0.00044161,1,-0.00208444,-8.48629e-05,-0.0002625,1708.38
0,774903,9,phononTS,0.000586146,-0.00368626,-0.00145963,-0.000262498,801.517,0.000382,1,-0.00299626,-0.00100229,0.0002625,1191.5
0,775204,16,phononTS,0.000484777,7.90466e-05,0.00183193,-0.0002625,6185.69,0.000382,1,-1.98392e-06,0.00199977,0.0002625,7142.16
0,776507,10,phononTF,0.000424116,0.000964372,0.00103643,-0.000262498,26515.1,0.000382,1,0.000999223,0.000996911,0.0002625,26672.7
0,779911,24,phononTS,0.000496794,-0.000914882,-0.00102722,-0.0002625,5639.24,0.000382,1,-0.00100158,-0.000996983,0.0002625,6139.31
0,780421,8,phononTF,0.000443176,-0.00228497,-0.00229052,-0.000262498,2875.23,0.000382,1,-0.00199581,-0.00199802,0.0002625,3077.62
0,780679,7,phononTS,0.000900152,0.00299801,0.000995593,0.0002625,4954.18,0.000684973,1,0.00349904,0.00100793,-0.0002625,5503.08
0,781167,4,phononTF,0.00276844,-0.00299833,-0.000995365,0.000262498,314.164,0.00124578,1,-0.0030159,-0.000948922,-0.0002625,472.166
0,783247,12,phononTS,0.000385033,0.00200092,-3.84333e-06,0.000262498,9098.07,0.000385033,1,0.00205175,4.39088e-05,-0.0002625,9257.8
0,786538,14,phononL,0.000634849,-0.00219217,0.00143057,-0.0002625,3062.59,0.000382,1,-0.0019968,0.00200416,0.0002625,3509.97
0,786648,6,phononTS,0.0011251,-0.00200915,-0.00253475,-0.000262498,1110.78,0.000764,1,-0.00199502,-0.00200465,0.0002625,1377.49
0,805550,21,phononTF,0.000650098,-0.00299769,-0.00100108,0.0002625,6857.47,0.000650098,1,-0.00273129,-0.000774393,-0.0002625,8031.29
0,806639,22,phononTS,0.00138803,-0.00306735,-0.00104247,-0.000262498,307.999,0.000382,1,-0.00299763,-0.00100084,0.0002625,466.666
0,819420,8,phononTS,0.000526197,-7.51955e-06,-0.0020278,-0.0002625,2599.05,0.000382,1,1.33918e-06,-0.00199912,0.0002625,3202.02
0,819446,12,phononTS,0.000882763,0.000927184,0.00103481,-0.000262498,17974.9,0.000382,1,0.000996822,0.00100495,0.0002625,18130.5
0,837428,7,phononTF,0.00203752,-0.00212475,0.000145329,-2.06758e-05,615.587,0.000764,1,-0.00200026,3.77439e-06,0.0002625,772.614
0,839894,12,phononTS,0.000448343,-0.000313029,0.0020843,-0.000262498,9210.03,0.000382,1,-1.31185e-06,0.0019999,0.0002625,9432.44
0,839894,3,phononTS,0.00135677,-0.00351148,-0.00155064,0.000262498,13.1757,0.00046553,1,-0.00325895,-0.00200006,-0.0002625,309.961
0,839978,13,phononTS,0.000858352,-0.000457451,0.00297275,-0.0002625,2316.13,0.000382,1,-0.000999376,0.00299888,0.0002625,4211.11
0,840532,10,phononTF,0.000789875,0.00185911,-0.000141994,-0.0002625,10654.9,0.000382,1,0.00200313,3.12538e-06,0.0002625,11552.6
0,840903,12,phononTF,0.000494141,0.00215318,-0.0018476,-0.000262498,4899.78,0.000382,1,0.00200247,-0.00199736,0.0002625,5068.98
0,846354,4,phononTF,0.00273481,-0.00345057,0.00275461,3.04356e-06,1554.37,0.000766168,1,-0.0032462,0.00252759,-0.0002625,7422.08
0,852699,5,phononTF,0.000998195,0.00389263,7.70868e-05,-0.0002625,3829.66,0.000382,1,0.00300045,0.000998335,0.0002625,5338.5
0,867541,17,phononTS,0.00151246,-0.00199657,-0.00199604,0.000262498,1756.34,0.000227444,1,-0.00243335,-0.00193473,-0.0002625,2022.23
0,877888,9,phononTF,0.000728644,-0.00316052,-0.00139775,-0.0002625,1397.2,0.000382,1,-0.00299932,-0.00100191,0.0002625,2073.4
0,886048,9,phononTF,0.000506728,0.00206152,0.00205663,-0.0002625,4048.96,0.000382,1,0.00199568,0.00199559,0.0002625,10779.6
0,890306,10,phononTS,0.000476547,-0.00171229,8.18586e-05,-0.0002625,4246.45,0.000382,1,-0.0019998,1.44995e-06,0.0002625,6987.78
0,891997,10,phononTS,0.000700982,-0.00100168,-0.000998987,0.000262498,9910.83,0.000700982,1,-0.00101798,-0.00130428,-0.0002625,10137
0,892455,9,phononTF,0.00089292,-0.00236378,-0.00157335,-0.0002625,2251.53,0.000382,1,-0.00199911,-0.00200361,0.0002625,2938.81
0,893113,8,phononTS,0.000571822,-0.00137508,-0.00287054,-0.0002625,1599.22,0.000382,1,-2.82963e-06,-0.00200274,0.0002625,4656.42
0,905301,8,phononTS,0.000639312,-0.00308014,-0.00107899,-0.000262498,1836.95,0.000382,1,-0.00300169,-0.000999224,0.0002625,1991.31
0,905301,2,phononTS,0.00581292,-0.0037709,-0.00171847,-0.000140902,67.1578,0.00202914,1,-0.00379158,-0.00173664,-0.0002625,372.987
0,905301,12,phononTF,0.0010857,-0.00305028,0.005,-0.000239564,372.987,0.000425938,1,-0.0030458,0.0049873,-0.0002625,2444.46
0,913340,9,phononTF,0.000418126,-0.00213825,-0.00171185,-0.0002625,1449.68,0.000382,1,-0.00199954,-0.00199533,0.0002625,2023.61
0,914751,3,phononTS,0.00188805,-0.00203208,0.000114013,-0.0002625,31.3211,0.000382,1,-0.00200133,4.39119e-06,0.0002625,3085.93
0,916955,7,phononTF,0.000925028,-0.00337743,-0.000696213,-0.0002625,6948.21,0.000382,1,-0.0030031,-0.00100329,0.0002625,8247.47
0,916955,4,phononTS,0.00296077,-0.00409018,0.000832335,3.74796e-05,3586.22,0.000659045,1,-0.00392606,0.00130244,-0.0002625,4095.83
0,918160,6,phononTF,0.000998448,-0.00246828,0.00042872,-0.000262498,1871.91,0.000382,1,-0.00200406,1.70893e-06,0.0002625,2118.35
0,921430,12,phononTS,0.000480453,-0.00306462,-0.00103965,-0.0002625,514.651,0.000382,1,-0.00300286,-0.000996218,0.0002625,1628.74
0,924941,9,phononTF,0.00157288,0.00100426,-0.00299594,0.000262499,7133.7,0.000705339,1,0.00148454,-0.00259338,-0.0002625,7376.17
0,928352,3,phononL,0.00133622,-0.0014287,0.00301027,-0.0002625,3.14839,0.000382,1,-0.00100262,0.00300033,0.0002625,1506.36
0,930234,6,phononTS,0.00102247,-0.000926889,-0.000799071,-0.0002625,5432.53,0.000382,1,-0.00100054,-0.000996545,0.0002625,6025.89
0,930234,2,phononTS,0.00194972,-0.00353567,-0.00157053,0.000262498,5.42108,0.000472322,1,-0.00369759,-0.00147863,-0.0002625,215.279
0,943799,12,phononTS,0.00197845,-0.00299797,-0.0010042,0.000262498,401.174,0.00104632,1,-0.00299975,-0.000948443,-0.0002625,564.148
0,946650,12,phononTF,0.000587458,0.00199557,-4.59347e-06,0.0002625,3169.8,0.000587458,1,0.00180058,0.000194838,-0.0002625,3524.98
0,948584,9,phononTF,0.000538199,-0.00356637,-0.00148695,-0.000262498,858.633,0.000382,1,-0.00300125,-0.000997844,0.0002625,1130.12
0,949124,13,phononTF,0.000429516,-0.00280305,-0.000786883,-0.000262498,3374.17,0.000382,1,-0.00299601,-0.00100113,0.0002625,3552.94
0,949124,2,phononTF,0.00151889,-0.00349947,-0.00158502,0.000262498,10.9428,0.000418253,1,-0.00499616,-0.000344395,-0.0002625,625.302
0,951145,4,phononTF,0.00145678,-0.00318921,-0.00121108,-0.0002625,47.2164,0.000382,1,-0.00300266,-0.000998407,0.0002625,741.461
0,953216,12,phononL,0.000413312,-0.000552054,0.00233732,-0.000262499,8596.44,0.000382,1,-1.74864e-07,0.0019957,0.0002625,8754.1
0,960162,2,phononTF,0.0023412,-0.00244735,-0.000476489,-0.000208412,23.628,0.001146,1,-0.00300464,-0.000995718,0.0002625,785.69
0,960162,22,phononTF,0.000549122,-0.00300464,-0.000995718,0.000262498,785.69,0.000549122,1,-0.0022635,-2.37934e-05,-0.0002625,1200.46
0,960163,1,phononTF,0.01,-0.00328755,-0.00158924,-0.000238864,0,0.00360061,1,-0.00328365,-0.00158442,-0.0002625,1357.98
0,969947,4,phononTF,0.00135885,0.000777863,-0.00320824,-0.000262498,3895.3,0.000382,1,0.00100131,-0.00299789,0.0002625,4078.39
0,969947,5,phononTF,0.00048851,0.00100131,-0.00299789,0.000262498,4078.39,0.00048851,1,0.00059911,-0.00266784,-0.0002625,4297.52
0,969947,2,phononTS,0.0016355,-0.00352218,-0.00155488,0.000262498,2.51764,0.000874019,1,-0.00346496,-0.00142072,-0.0002625,202.16
0,976662,13,phononL,0.000427461,-0.000834545,-0.0012326,-0.000262498,18700.5,0.000382,1,-0.00100071,-0.00100345,0.0002625,18817.8
0,980693,8,phononTF,0.000462041,-0.00488113,-0.00482532,-0.0002625,2211.06,0.000382,1,0.00200076,0.00199577,0.0002625,6878.12
0,980693,4,phononTS,0.00403287,-0.00307588,-0.00174405,-1.30106e-05,1501.86,0.000344452,1,-0.00304897,-0.00179364,-0.0002625,1594.22
0,981937,16,phononTF,0.00114593,-0.000945778,-0.000883314,-0.0002625,5968.34,0.000764,1,-0.000996992,-0.000997561,0.0002625,6459.82
0,983431,8,phononTS,0.00164376,-0.00297292,-0.000822545,-0.0002625,1382.43,0.000382,1,-0.00300052,-0.000996517,0.0002625,1776.11
0,990310,5,phononTS,0.00078998,-0.00291809,-0.00126007,-0.0002625,1025.3,0.000382,1,-0.00300052,-0.000995755,0.0002625,2325.27
0,996747,11,phononTS,0.000950952,-0.00206552,-0.00199484,-0.0002625,2324.8,0.000382,1,-0.00200365,-0.00199904,0.0002625,6305.07
0,999567,17,phononL,0.000454927,-0.00155826,-0.00306463,-0.000262499,7057.39,0.000382,1,-0.00199905,-0.00199693,0.0002625,7302.14
0,1001890,10,phononTS,0.000787061,-0.00259691,-0.00189592,-0.0002625,574.735,0.000382,1,-0.00199822,-0.00200258,0.0002625,1456.09
0,1002975,7,phononTF,0.000712319,-0.00143392,-0.00137073,-0.0002625,610.659,0.000382,1,-0.000996913,-0.000997957,0.0002625,3130.89
0,1006954,6,phononTS,0.000435917,-0.000940654,0.00212665,-0.0002625,13190.5,0.000382,1,-0.00100205,0.00300305,0.0002625,17937.2
0,1009889,11,phononTF,0.000453211,-0.000995785,0.0030044,0.000262498,2308.21,0.000453211,1,-0.000813196,0.0031653,-0.0002625,2480.9
0,1012985,16,phononTS,0.000522791,-0.00241848,-6.87854e-05,-0.000262499,631.322,0.000382,1,-0.000998871,-0.000996474,0.0002625,1256.67
0,1013786,7,phononTS,0.000610017,0.000178901,0.000550107,-0.0002625,2569.88,0.000382,1,0.00100375,0.00100043,0.0002625,5386.06
0,1017524,28,phononTS,0.0004049,0.000998301,-0.00299554,0.000262498,7390.6,0.0004049,1,0.000981013,-0.00357457,-0.0002625,7672.07
0,1017806,13,phononTF,0.00038637,0.00211913,-0.00210127,-0.0002625,10005.5,0.000382,1,0.00200385,-0.00200069,0.0002625,12293.3
0,1017806,2,phononTF,0.00570777,-0.00434464,-0.00255002,-0.00021932,1029.89,0.00251359,1,-0.00432391,-0.00252556,-0.0002625,2284.9
0,1028334,3,phononTF,0.00105474,-0.00323201,-0.00127484,-0.0002625,25.7964,0.000382,1,-0.00300105,-0.0010008,0.0002625,404.267
0,1032491,4,phononL,0.00255697,-0.00337372,-0.00144343,-0.0002625,46.2361,0.000382,1,-0.00300278,-0.00100205,0.0002625,2994.83
0,1053073,15,phononTS,0.000539691,-0.00108555,-0.00107539,-0.000262498,17521.2,0.000382,1,-0.00100363,-0.000997304,0.0002625,17675.7
0,1054788,5,phononTS,0.000541508,0.00144681,-0.00447492,-0.0002625,1654.93,0.000382,1,0.000995165,-0.00299949,0.0002625,3590.77
0,1057452,11,phononTS,0.00100575,-0.00209344,-0.00176386,-0.000262498,3729.13,0.000382,1,-0.00200004,-0.00199995,0.0002625,3953.7
0,1061757,16,phononTS,0.000687857,-0.00200366,0.00200337,0.000262498,4527.32,0.000687857,1,-0.00196673,0.00193386,-0.0002625,4695.59
0,1062870,14,phononTF,0.00116735,-0.00117565,0.000817375,-6.75024e-05,339.609,0.000382,1,-0.00100118,0.000998976,0.0002625,2080.68
0,1063145,6,phononTS,0.000403092,-0.00322762,-0.00182906,-0.000262498,200.019,0.000382,1,-0.00200353,-0.00199945,0.0002625,694.045
0,1064685,10,phononTS,0.000610912,-0.00300187,-0.0010027,0.0002625,2500.82,0.000610912,1,-0.00305959,-0.000911502,-0.0002625,3123.2
0,1067751,9,phononTS,0.000432155,-0.005,0.000646765,7.64121e-05,4289.46,0.000382,1,-0.00300061,-0.00100011,0.0002625,10145.5
0,1070871,9,phononTF,0.000492329,-0.00291562,-0.0018623,-0.0002625,1352.2,0.000382,1,0.00200216,-0.00199835,0.0002625,4096.15
0,1074174,2,phononTS,0.000464056,0.00100256,-0.0029987,0.0002625,121.678,0.000464056,1,0.00253262,-0.005,-0.000247753,3307.07
0,1075358,6,phononTS,0.00115704,-0.00199989,-1.26634e-08,0.0002625,1022.22,0.000772638,1,-0.001816,0.000831786,-0.0002625,1730.68
0,1082352,5,phononTF,0.000605047,0.000540918,0.00150713,-0.000262498,7106.99,0.000382,1,1.63769e-06,0.00199502,0.0002625,7375.27
0,1083450,4,phononL,0.00101974,-0.00263783,-0.00170334,-0.0002625,11608.1,0.000764,1,-0.00200488,-0.00200233,0.0002625,12800.6
0,1084105,14,phononTF,0.000386595,-0.00383444,-0.000282838,-0.000262498,1124.37,0.000382,1,-0.0030007,-0.00100084,0.0002625,1499.67
0,1086575,5,phononTS,0.00055123,-0.0024301,9.57857e-05,-0.0002625,641.63,0.000382,1,-0.00200338,3.37291e-06,0.0002625,1768.4
0,1086575,2,phononTS,0.00183091,-0.00355479,-0.00158061,0.000262498,27.3895,0.000963295,1,-0.00352822,-0.00147666,-0.0002625,211.177
0,1089646,11,phononTS,0.000516833,0.000962722,0.000930653,-0.0002625,5452.33,0.000382,1,0.000996728,0.00100304,0.0002625,6539.5
0,1090218,3,phononTF,0.00284165,-0.00325653,-0.00127942,-0.0002625,5.40017,0.000764,1,-0.00299532,-0.00100213,0.0002625,401.892
0,1090844,13,phononTS,0.000581801,0.000997265,-0.00100308,0.000262498,11466.1,0.000581801,1,0.00106364,-0.000485818,-0.0002625,11752.7
0,1096086,27,phononTS,0.000503337,0.000663551,-0.000653472,-0.0002625,5078.91,0.000382,1,-0.000995437,0.000996909,0.0002625,7421.45
0,1098397,13,phononTS,0.00137148,-0.000974182,-8.43139e-05,-0.0002625,164.555,0.001146,1,3.31431e-06,1.76462e-06,0.0002625,2766.39
0,1098397,2,phononTS,0.000909172,-0.00349667,-0.00156754,0.000262498,9.86741,0.000496762,1,-0.000253389,-0.00456741,-0.0002625,1417.64
0,1100042,27,phononTS,0.000581301,0.000689788,-0.00435421,-0.0002625,15282.9,0.000382,1,0.00199823,-0.00200269,0.0002625,16895.5
0,1101671,8,phononTS,0.000516031,-0.00292474,-0.000769617,-0.000262498,5493.21,0.000382,1,-0.0029952,-0.00100437,0.0002625,5698.77
0,1103210,3,phononTF,0.00190043,-0.00325894,-0.00127981,-0.0002625,21.2889,0.000382,1,-0.00299535,-0.000997599,0.0002625,410.448
0,1104025,7,phononTF,0.00227246,-0.00343613,-0.00144318,-0.000262498,289.585,0.000764,1,-0.0030049,-0.000998434,0.0002625,535.382
0,1105377,3,phononL,0.00185645,-0.00326546,-0.00129982,-0.0002625,84.6044,0.000764,1,-0.00299777,-0.000997882,0.0002625,337.152
0,1115259,17,phononTS,0.00049002,-0.0030034,-0.00100393,0.000262498,529.275,0.00049002,1,-0.00266339,0.000403862,-0.0002625,1094.47
0,1120011,8,phononTS,0.000428818,0.00189655,-0.00261741,-0.0002625,1404.27,0.000382,1,0.00200162,-0.0019959,0.0002625,4065.59
0,1123905,3,phononTF,0.00225605,-0.00209443,-0.00211454,-1.88095e-05,317.381,0.000382,1,-0.00200347,-0.00200072,0.0002625,2111.91
0,1125573,8,phononTS,0.000425154,-0.00207952,-0.00204923,-0.0002625,2938.87,0.000382,1,-0.00199738,-0.00199546,0.0002625,3408.43
0,1127529,7,phononTF,0.000748681,-0.00303488,-0.00103905,-0.000262498,1843.33,0.000382,1,-0.00300072,-0.00100019,0.0002625,2000.92
0,1129951,15,phononTF,0.00129055,-0.00110074,-0.0011205,-0.0002625,10421.1,0.000764,1,3.86852e-07,-2.16537e-07,0.0002625,20202.4
0,1130915,3,phononL,0.00272359,-0.00136535,0.00220919,-0.0002625,24.4385,0.000382,1,-0.00200138,0.00200392,0.0002625,3372.53
0,1131435,5,phononTS,0.00103911,-0.00193768,-0.00111465,-0.0002625,597.325,0.000382,1,-0.000996153,-0.000997956,0.0002625,1819.22
0,1133195,2,phononTS,0.000444653,-0.00199264,-0.00185807,-0.0002625,12.8812,0.000382,1,-0.00200014,-0.00199681,0.0002625,1319.8
0,1133461,10,phononL,0.000525073,0.00110621,-0.00370483,-0.0002625,4813.77,0.000382,1,0.000995297,-0.00300404,0.0002625,5306.62
0,1135849,6,phononTS,0.00167124,-0.00299705,-0.00099897,0.0002625,350.773,0.000955814,1,-0.00294629,-0.000965497,-0.0002625,1318.21
0,1144847,13,phononTS,0.000839167,-0.00300125,-0.000997599,0.000262498,801.773,0.000839167,1,-0.00308879,-0.0010721,-0.0002625,956.171
0,1154889,10,phononTS,0.000572942,-0.00257973,0.000136427,-0.0002625,7847.34,0.000382,1,0.000996097,-0.00300483,0.0002625,20307.5
0,1162085,14,phononTS,0.000627921,0.00200925,-0.000561577,-0.0002625,6320.31,0.000382,1,0.00200319,1.52025e-08,0.0002625,7705.96
0,1169224,6,phononTF,0.000575486,-0.000124378,-0.00187724,-0.0002625,5579.9,0.000382,1,6.86067e-07,-0.00199513,0.0002625,7250.36
0,1169224,2,phononTS,0.00426709,-0.00351277,-0.00160622,0.000157564,68.5406,0.00102766,1,-0.00352374,-0.00157931,-0.0002625,200.789
0,1171820,4,phononTS,0.00299412,-0.00212413,-4.95304e-05,-0.0002625,232.132,0.000382,1,-0.00199871,3.65095e-06,0.0002625,1591.69
0,1175548,9,phononTF,0.000483649,-0.00281097,-0.00119301,-0.000262498,1167.16,0.000382,1,-0.00299822,-0.00100339,0.0002625,1343.04
0,1176684,2,phononTF,0.00421301,-0.00298793,-0.000984303,0.000144619,5.68293,0.00191,1,-0.00300399,-0.000999288,0.0002625,427.691
0,1180138,14,phononTS,0.00088838,0.00104992,-0.00223157,-0.000262498,11261.7,0.000764,1,0.00200074,-0.00199954,0.0002625,11649.9
0,1187155,7,phononTS,0.00100231,0.005,-0.00110692,-8.10538e-05,3156.29,0.000382,1,0.00199522,0.00200068,0.0002625,9050.58
0,1187918,12,phononTS,0.000564064,-0.00193802,-0.00210455,-0.0002625,2774.68,0.000382,1,-0.00200278,-0.00200098,0.0002625,3315.31
0,1187918,9,phononTF,0.00166583,-0.0031258,-0.00154462,0.000262498,800.151,0.00111227,1,-0.00334266,-0.00179822,-0.0002625,985.969
0,1192300,6,phononTS,0.000810142,-0.00200297,0.00199803,0.000262498,9320.49,0.000314804,1,-0.000904158,0.00334241,-0.0002625,9939.56
0,1194409,4,phononTS,0.00114752,-0.000105591,-0.00200607,0.000204283,317.868,0.000382,1,-4.30504e-06,-0.00200384,0.0002625,4805.33
0,1208507,15,phononTS,0.000530885,0.00300103,0.00100192,0.0002625,165.603,0.000530885,1,0.00172822,0.00048229,-0.0002625,7417.65
0,1209406,6,phononTS,0.000732673,-0.00194201,-0.00192881,-0.000262498,1124.58,0.000382,1,-0.00199889,-0.00200016,0.0002625,1280.81
0,1209547,4,phononTF,0.00195913,-0.00242287,-0.000341741,-0.0002625,8.21904,0.000382,1,-0.00200451,3.75752e-06,0.0002625,965.347
0,1217684,13,phononTF,0.00051796,-0.00122836,0.00318167,-0.000262498,11669.2,0.000382,1,-0.00100467,0.00299545,0.0002625,11848
0,1219938,10,phononTS,0.000725852,-0.0029807,-0.00155541,-0.000262498,679.146,0.000382,1,-0.00300393,-0.00100298,0.0002625,953.3
0,1221237,18,phononTF,0.000787791,0.000626032,-5.42489e-05,-0.0002625,900.793,0.000382,1,0.00300183,0.00100013,0.0002625,10049.3
0,1227126,5,phononTF,0.000470709,-0.00229872,-0.000337279,-0.0002625,315.174,0.000382,1,-0.00199527,2.71832e-06,0.0002625,936.942
0,1230161,9,phononL,0.00108847,-0.00129778,0.000114182,-0.0002625,861.435,0.000764,1,-0.00199816,-2.15751e-06,0.0002625,4686.49
0,1232603,12,phononTF,0.000989129,-0.00274752,-0.00483983,-0.0002625,6214.27,0.000764,1,-4.68054e-06,-0.00200455,0.0002625,11515.9
0,1237371,5,phononTF,0.00146715,-0.00173835,8.73787e-05,-0.0002625,2589.55,0.000382,1,-0.00200036,-3.89758e-06,0.0002625,3160.12
0,1246190,13,phononTS,0.000783077,-0.00216858,-0.00198426,-0.0002625,7322.23,0.000382,1,-0.00199845,-0.00199678,0.0002625,10198.3
0,1249599,5,phononTS,0.000597497,-0.00307837,-0.00109236,-0.0002625,537.551,0.000382,1,-0.0029956,-0.000997888,0.0002625,1069.66
0,1252699,5,phononTS,0.00289563,-0.00199906,-0.00197084,1.9331e-05,41.8698,0.000382,1,-0.00200002,-0.00200081,0.0002625,2299.14
0,1260625,7,phononTF,0.000640729,-0.00171844,-0.000327164,-0.000262498,3176.24,0.000382,1,-0.00199625,-2.01269e-06,0.0002625,3377.78
0,1260625,3,phononTS,0.00125897,-0.00347883,-0.00153582,0.000262498,88.3347,0.00100074,1,-0.00343023,-0.00145651,-0.0002625,258.272
0,1270412,18,phononTS,0.000917403,0.00106164,-0.00298858,-0.000262498,2655.55,0.000382,1,0.00100188,-0.00299832,0.0002625,2818.75
0,1274278,14,phononTS,0.00111708,-0.00310265,-0.00114237,-0.0002625,6885.78,0.000382,1,-0.00300192,-0.000996989,0.0002625,7510.49
0,1275088,7,phononTS,0.000743066,-0.000351781,0.00172382,-0.0002625,2003.64,0.000382,1,-4.5237e-06,0.00200143,0.0002625,3337.14
0,1282581,13,phononTS,0.00116582,0.000167239,-8.37592e-05,-0.0002625,4977.58,0.000382,1,4.98077e-06,-2.86159e-06,0.0002625,5548.1
0,1286129,6,phononTS,0.000528286,-0.00192649,1.42717e-05,-0.0002625,1707.7,0.000382,1,-0.00200087,-3.32147e-06,0.0002625,2190.77
0,1290508,17,phononTS,0.000455738,-0.00291898,-0.00106738,-0.000262498,2983.67,0.000382,1,-0.003003,-0.00100091,0.0002625,3160.33
0,1290942,17,phononTF,0.000655079,0.00113513,0.000865475,-0.0002625,1910.68,0.000382,1,0.00100443,0.00100232,0.0002625,3043.71
0,1296654,17,phononTF,0.00138594,-0.0031438,-0.001137,-0.0002625,1551.37,0.000764,1,-0.00299795,-0.00100483,0.0002625,2059.41
0,1298685,13,phononTS,0.000534796,0.000862641,0.00164438,-0.0002625,3870.88,0.000382,1,0.000996467,0.000996733,0.0002625,6181.44
0,1299709,3,phononTS,0.00114554,0.00196523,0.000924229,-0.0002625,2.07091,0.000382,1,0.00300263,0.00100091,0.0002625,3091.36
0,1301098,8,phononTS,0.000546987,0.00189478,0.000824519,-0.0002625,4684.14,0.000382,1,0.00200499,-3.81059e-06,0.0002625,6012.94
0,1302610,10,phononTF,0.000523753,-4.46177e-06,-3.28027e-06,0.000262498,12823.4,0.000523753,1,-0.000466812,0.000508496,-0.0002625,13081.7
0,1305677,5,phononTS,0.000839603,-0.00191552,-0.00201333,-0.000262498,1487.73,0.000382,1,-0.00200124,-0.00199769,0.0002625,1664.79
0,1306759,10,phononTS,0.000455344,2.9722e-06,-0.00200303,0.0002625,2233.64,0.000455344,1,8.33745e-05,-0.00197876,-0.0002625,2872.81
0,1314282,11,phononTS,0.000415854,-0.00307895,-0.00091627,-0.0002625,5165.29,0.000382,1,-0.00299932,-0.00100099,0.0002625,12020.2
0,1314282,2,phononTS,0.00228004,-0.00354539,-0.00154923,0.000262498,91.3355,0.000835785,1,-0.00405035,-0.00154442,-0.0002625,349.794
0,1316373,5,phononTF,0.00137133,-0.00313047,-0.00113518,-0.0002625,29.2822,0.000382,1,-0.00299696,-0.00100237,0.0002625,695.774
0,1319090,16,phononTF,0.00117247,-0.00383502,-0.00178949,-0.000262498,1120.37,0.000382,1,-0.00300376,-0.000999633,0.0002625,1498.19
0,1335186,2,phononL,0.0029048,-0.00292403,-0.00139408,-0.0002625,9.21196,0.000764,1,-0.00300092,-0.000999542,0.0002625,284.936
0,1335527,6,phononTS,0.00149434,-0.00300188,-0.00099608,0.0002625,1139.66,0.000653711,1,-0.00297419,-0.00104627,-0.0002625,1477.93
0,1335527,4,phononTS,0.000382259,-0.00277112,-0.00119659,0.000262498,657.01,0.000382259,1,-0.00177272,-0.00126568,-0.0002625,1065.97
0,1337817,10,phononTS,0.000655818,0.00139635,0.00205237,-0.0002625,4743.02,0.000382,1,0.00199502,0.00200395,0.0002625,6272.14
0,1338526,4,phononTF,0.0030309,-0.00163527,0.000383249,-0.0002625,173.4,0.001146,1,-0.00100497,0.000995128,0.0002625,1407.32
0,1341693,10,phononTS,0.000422397,-0.000851578,-0.000720795,-0.0002625,26189.9,0.000382,1,-0.00100127,-0.000998859,0.0002625,26773.4
0,1342548,12,phononTS,0.000633251,-0.00200312,0.00200128,0.0002625,7220.84,0.000633251,1,-0.00207518,0.00206715,-0.0002625,8531.17
0,1342968,8,phononTS,0.000501945,-0.00142095,-0.0022024,-0.0002625,17221.8,0.000382,1,-0.00200257,-0.00200299,0.0002625,22187.5
0,1343834,17,phononTS,0.000598192,0.000806175,-0.00115465,-0.000262498,16034.2,0.000382,1,0.00100344,-0.00100435,0.0002625,16260.1
0,1344598,4,phononTS,0.00222689,-0.00299498,-0.00177572,-0.0002625,55.4677,0.001146,1,-0.00300445,-0.000999693,0.0002625,785.172
0,1349612,6,phononTS,0.000711786,-0.00315208,-0.00201263,-0.000262498,1307.11,0.000382,1,-0.002999,-0.00100345,0.0002625,1737.46
0,1349612,4,phononTF,0.00119528,-0.00370305,-0.00165446,0.000262498,402.661,0.000631958,1,-0.00377941,-0.00157548,-0.0002625,563.199
0,1350055,4,phononTS,0.00231066,-0.00297197,-0.00121047,-0.000262498,728.356,0.000764,1,-0.00299541,-0.000999854,0.0002625,938.263
0,1354518,25,phononTF,0.000479835,6.65702e-05,-0.00207978,-0.000262498,7911.56,0.000382,1,1.47104e-06,-0.00199747,0.0002625,8071.37
0,1354842,11,phononTS,0.000876435,-0.00334497,-0.000893144,-0.0002625,1563.26,0.000382,1,-0.00300331,-0.00100378,0.0002625,3235.76
0,1355689,13,phononTS,0.000411344,-0.000925766,-0.000924571,-0.0002625,13461.4,0.000382,1,-0.0010014,-0.00100126,0.0002625,14685
0,1368621,13,phononTF,0.000443661,-0.00253419,-0.00247019,-0.000262498,6185.95,0.000382,1,-0.00200172,-0.00200361,0.0002625,6448.13
0,1368622,3,phononL,0.00587099,-0.00336217,-0.00165191,2.79805e-05,1260.98,0.000659182,1,-0.00321016,-0.00171084,-0.0002625,1356.93
0,1369562,4,phononTS,0.00281738,-0.00319536,-0.00139857,-0.0002625,4.29914,0.000382,1,-0.00299605,-0.000997029,0.0002625,699.532
0,1372618,11,phononTS,0.000417679,-8.21592e-05,-0.00233807,-0.000262498,14277.6,0.000382,1,3.38225e-06,-0.00199797,0.0002625,14506.6
0,1376336,13,phononTS,0.000494797,-0.000496329,0.00161349,-0.0002625,13357,0.000382,1,-2.36014e-06,0.00199824,0.0002625,14349.6
0,1380977,3,phononTF,0.00138226,-0.00314814,-0.00112675,-0.0002625,95.3473,0.000382,1,-0.00300288,-0.000999381,0.0002625,763.322
0,1385208,6,phononTS,0.00092174,-0.00194554,-0.00197226,-0.000262498,3235.96,0.000382,1,-0.00200319,-0.0020035,0.0002625,3392.68
0,1392056,18,phononTF,0.000731896,-0.00343759,-0.00151548,-0.000262498,314.295,0.000382,1,-0.00300094,-0.0010031,0.0002625,567.756
0,1392057,3,phononTF,0.00411192,-0.00412036,-0.00119651,0.000185081,156.022,0.00149304,1,-0.00440091,-0.000929104,-0.0002625,566.512
0,1395666,7,phononTS,0.000652667,-0.00194107,0.000252383,-0.0002625,5519.75,0.000382,1,-0.00200134,-9.18444e-07,0.0002625,6637.36
0,1396321,6,phononTS,0.000686714,-0.00206649,-0.00207576,-0.000262498,2268.28,0.000382,1,-0.00200108,-0.00200162,0.0002625,2441.26
0,1406859,5,phononTS,0.000455862,0.00199823,-0.00199896,0.000262499,6727.07,0.000455862,1,0.0020996,-0.00147344,-0.0002625,7001.75
0,1406859,2,phononTS,0.0025279,-0.00446334,-0.00246841,-0.000119962,36.092,0.00135476,1,-0.00456431,-0.00246819,-0.0002625,961.052
0,1408355,6,phononTS,0.000484965,-7.97005e-05,-0.00200444,-0.000262498,2912.62,0.000382,1,-3.06333e-06,-0.00200128,0.0002625,3067.82
0,1412997,4,phononTF,0.00279181,-0.00194266,-7.37197e-05,-0.000186077,108.827,0.001146,1,-0.00199959,-1.07164e-06,0.0002625,3010.68
0,1415811,7,phononTS,0.00150967,-0.000996378,0.000999741,0.000262498,12559.9,0.000243227,1,-0.00107561,0.00107989,-0.0002625,12714.2
0,1417344,12,phononTS,0.000526404,0.00014728,-0.0019796,-0.0002625,7481.56,0.000382,1,2.37733e-06,-0.0020022,0.0002625,8056.64
0,1419220,22,phononTS,0.000482449,-0.00297112,-0.00119746,-0.000262498,597.522,0.000382,1,-0.00299777,-0.00100448,0.0002625,804.254
0,1421034,12,phononTS,0.000630276,0.000902175,0.000745734,-0.000262498,4627.13,0.000382,1,0.000998931,0.000996484,0.0002625,4855.22
0,1421518,18,phononTS,0.000689903,0.00400653,0.005,0.000146218,5111.24,0.000213721,1,0.0039061,0.00443997,-0.0002625,6412.17
0,1433129,6,phononTF,0.000498347,-0.00322835,-0.0012484,-0.000262498,212.939,0.000382,1,-0.00300481,-0.0010026,0.0002625,399.538
0,1440759,13,phononTF,0.000494495,-0.00200446,-3.14962e-06,0.000262498,1535.47,0.000494495,1,-0.00173336,0.000241902,-0.0002625,1726.33
0,1442075,20,phononTS,0.000776104,0.00300071,0.000996602,0.000262498,8877.9,0.00022151,1,0.00465453,0.000574311,-0.0002625,9526.66
0,1445060,6,phononTS,0.00146482,-0.00105986,0.000916225,-0.000262498,3141.41,0.000764,1,-0.00100121,0.00100247,0.0002625,3297.09
0,1451244,9,phononTF,0.000891175,-0.00290382,-0.0010577,-0.000262498,404.998,0.000382,1,-0.00300222,-0.000999812,0.0002625,567.189
0,1455309,10,phononTS,0.000513365,-0.000995172,0.00299921,0.0002625,9211.15,0.000513365,1,-0.000956814,0.0030389,-0.0002625,11625.9
0,1456827,8,phononTF,0.000383639,-0.00299814,-0.00100441,0.0002625,5502.66,0.000383639,1,-0.00278333,-0.00101118,-0.0002625,5861.75
0,1457460,10,phononTF,0.000517014,-0.0032361,-0.00123807,-0.0002625,2849.89,0.000382,1,-0.00299683,-0.000999456,0.0002625,3833.2
0,1460592,15,phononL,0.000641029,-0.00341655,-0.000540787,-0.000262498,1626.03,0.000382,1,-0.00300202,-0.000999475,0.0002625,1779.75
0,1460592,9,phononTF,0.00118997,-0.005,-0.00228633,-0.00024999,122.961,0.000731496,1,-0.00499418,-0.00229016,-0.0002625,706.337
0,1460669,18,phononTF,0.000664434,0.00242642,0.000345081,-0.000262498,12642.4,0.000382,1,0.00299625,0.00100095,0.0002625,12943.9
0,1462871,3,phononTF,0.00202527,-0.00259746,-0.00141326,-0.0002625,125.751,0.001146,1,-0.0029965,-0.00100094,0.0002625,1843.05
0,1470820,11,phononTS,0.000805737,-0.00331559,0.00104028,-0.000262498,1726.75,0.000382,1,-0.00199907,-3.69545e-06,0.0002625,2331.13
0,1470858,3,phononTF,0.00168262,-0.00327603,-0.00127649,-0.0002625,13.8538,0.000382,1,-0.00300064,-0.00100404,0.0002625,409.625
0,1473680,4,phononTF,0.000875664,-0.00316999,-0.00119253,-0.0002625,167.414,0.000382,1,-0.00300172,-0.00100312,0.0002625,691.208
0,1479498,26,phononTF,0.000486302,1.6467e-06,0.00200166,0.0002625,10205.7,0.000486302,1,-0.000158973,0.00216236,-0.0002625,11028.1
0,1483956,16,phononTS,0.000926174,0.00138288,-0.00319464,-0.0002625,6945.62,0.000382,1,-1.80587e-06,-0.00200499,0.0002625,8829
0,1492034,8,phononTS,0.00137938,8.93346e-05,-0.00193438,-0.0002625,2807.42,0.000764,1,-2.19011e-06,-0.0020001,0.0002625,8681.84
0,1497721,13,phononTF,0.000629579,-0.00311007,-0.00108844,-0.0002625,243.036,0.000382,1,-0.00299592,-0.000999389,0.0002625,1055.14
0,1503835,15,phononTS,0.000448704,-0.00100481,0.00299824,0.0002625,3180.65,0.000448704,1,-0.00121439,0.00395004,-0.0002625,7732.9
0,1505424,13,phononL,0.000550258,-0.00100357,-0.000995986,0.0002625,8081.92,0.000550258,1,-0.00107152,-0.00146199,-0.0002625,10810.3
0,1510194,11,phononTS,0.000424606,-0.00186027,-8.37083e-05,-0.0002625,4911.6,0.000382,1,-0.00200261,-3.54478e-06,0.0002625,5844.99
0,1517691,3,phononTS,0.00444712,-0.00297957,-0.00107356,8.52433e-05,137.698,0.000764,1,-0.00299991,-0.000999158,0.0002625,449.727
0,1517691,7,phononTS,0.000494314,-0.00299991,-0.000999158,0.000262498,449.727,0.000494314,1,-0.00198256,-0.000845016,-0.0002625,882.53
0,1517691,6,phononTF,0.000633665,-0.00299991,-0.000999158,0.000262498,449.727,0.000633665,1,-0.0019977,0.000813435,-0.0002625,1123.1
0,1523060,14,phononTS,0.000469799,-0.000801601,0.000965606,-0.0002625,12695.8,0.000382,1,-0.00100311,0.000998,0.0002625,13849.7
0,1526406,12,phononTS,0.00112413,-2.30738e-06,-2.17281e-06,0.0002625,537.632,0.000376453,1,-4.70748e-05,6.29491e-05,-0.0002625,2865.02
0,1528774,4,phononTS,0.00150366,-0.00239361,-0.00191069,-0.0002625,218.74,0.000382,1,-0.00199619,-0.00200085,0.0002625,1189.38
0,1528774,5,phononTS,0.000953981,-0.00199619,-0.00200085,0.000262498,1189.38,0.000394654,1,-0.00206532,-0.00184176,-0.0002625,1379.3
0,1528836,3,phononTS,0.00277667,-0.00327649,-0.00122443,-0.0002625,80.6121,0.000764,1,-0.00300301,-0.000995103,0.0002625,590.174
0,1530681,10,phononTF,0.000873061,-0.00100494,-0.00100397,0.000262498,4247.01,0.000402672,1,-0.000593221,-0.000513427,-0.0002625,4492.6
0,1537848,4,phononTS,0.00128383,-0.00313021,-0.00113767,-0.0002625,8.94762,0.000382,1,-0.0030029,-0.00100322,0.0002625,851.65
0,1545187,2,phononTF,0.00223301,-0.00201101,-2.09526e-05,-0.0002625,27.2722,0.000764,1,-0.00199626,-2.94738e-06,0.0002625,1042.02
0,1547446,21,phononL,0.000466999,-0.000603912,0.00202009,-0.0002625,30900.7,0.000382,1,-1.44619e-07,0.00200145,0.0002625,31342.3
0,1548591,15,phononTS,0.000887077,-3.2972e-06,3.97935e-06,0.000262498,1728.86,0.000887077,1,-0.000154946,-3.50942e-05,-0.0002625,1920.22
0,1552499,18,phononTF,0.000387391,0.000282292,-0.00227908,-0.0002625,35176.5,0.000382,1,-2.49432e-06,-0.00200407,0.0002625,36569
0,1562093,12,phononTF,0.00171232,-0.000119196,-0.00220311,-0.0002625,3018.75,0.000382,1,-4.86411e-06,-0.00200229,0.0002625,3856.11
0,1568014,10,phononTS,0.000386161,0.00199484,-0.000388556,-0.0002625,13364.8,0.000382,1,0.00299954,0.000996872,0.0002625,16550
0,1571579,10,phononTS,0.000741832,0.00208386,1.49232e-06,-0.0002625,8331.63,0.000382,1,0.00200204,7.73219e-09,0.0002625,8818.77
0,1572914,19,phononTF,0.000455482,0.00319338,0.00287875,-0.0002625,17401.6,0.000382,1,0.00200326,0.00199747,0.0002625,20170
0,1581070,2,phononTS,0.00235675,-0.000831143,-0.000972825,-0.0002625,2.90647,0.000764,1,-0.000998578,-0.000996946,0.0002625,4527.88
0,1586258,7,phononTS,0.000538051,0.00264499,-0.000925132,-0.0002625,1886.29,0.000382,1,7.8053e-07,-0.00199713,0.0002625,6363.96
0,1586695,4,phononTF,0.00147877,-0.00135328,0.00222606,-0.0002625,13.2137,0.000382,1,-0.00100163,0.00299832,0.0002625,2256.21
0,1593228,7,phononTS,0.000652292,0.00233689,-0.00256901,-0.000262498,9366.71,0.000382,1,0.00199989,-0.00199991,0.0002625,9706.09
0,1593804,25,phononTS,0.000695138,0.00143708,-0.000579454,-0.0002625,5991.64,0.000382,1,0.00200315,-1.38398e-08,0.0002625,9312.13
0,1608518,2,phononTF,0.00103581,-0.00325866,-0.00126041,-0.0002625,17.703,0.000382,1,-0.00299706,-0.000996712,0.0002625,401.946
0,1609489,17,phononTS,0.000933558,-0.00251707,0.00192967,-0.0002625,17972.9,0.000382,1,-0.00199742,0.00200028,0.0002625,20551.7
0,1609489,18,phononTS,0.000472757,-0.00199742,0.00200028,0.000262498,20551.7,0.000472757,1,-0.0020328,0.00192701,-0.0002625,20710.7
0,1613678,6,phononTF,0.000584336,-0.00111715,0.000980657,-0.0002625,198.925,0.000382,1,-0.00100438,0.000998384,0.0002625,2051.14
0,1622564,15,phononTF,0.000781441,-0.00199853,-1.62666e-06,0.0002625,2354.09,6.09274e-05,1,-0.00130847,0.000766341,-0.0002625,3043.71
0,1628119,9,phononTS,0.00052693,-0.00332967,-0.00041053,-0.0002625,15764.9,0.000382,1,-0.00300281,-0.000995341,0.0002625,16876.1
0,1631168,11,phononTF,0.000997686,-0.000163611,5.08e-05,-0.0002625,9178.36,0.000382,1,-4.62975e-06,2.1558e-06,0.0002625,9681.89
0,1631197,19,phononTF,0.000466775,-0.00155221,-0.00046481,-0.0002625,6732.82,0.000382,1,-0.000997659,-0.00100467,0.0002625,8156.9
0,1634858,10,phononTF,0.000661793,-0.00311006,-0.000957564,-0.0002625,16755.1,0.000382,1,-0.00299607,-0.000995882,0.0002625,17573.5
0,1634859,5,phononL,0.00473307,-0.00380646,-0.00215191,1.77491e-05,2285.18,0.00165031,1,-0.00371331,-0.00218238,-0.0002625,3217.78
0,1637648,3,phononL,0.00124347,-0.0023754,-0.00188355,-0.0002625,168.871,0.000764,1,-0.00200252,-0.0020028,0.0002625,667.57
0,1645558,7,phononL,0.00061581,0.000737111,0.000612027,-0.0002625,1250,0.000382,1,0.000997014,0.00100013,0.0002625,3358.71
0,1648377,3,phononTF,0.00277365,-0.00215392,-0.00182786,-0.0002625,16.8227,0.000382,1,-0.00200148,-0.00199936,0.0002625,2251.22
0,1660122,5,phononTS,0.000777863,-0.00192063,-0.000284335,-0.0002625,2348.9,0.000382,1,-0.00199673,-1.41205e-06,0.0002625,6080.07
0,1660122,3,phononTS,0.0026336,-0.00356507,-0.00160164,0.000262498,24.596,0.00043396,1,-0.0031852,-0.00165878,-0.0002625,263.784
0,1662560,11,phononTF,0.000668153,-4.60055e-06,-0.00199834,0.000262498,4134.01,0.000668153,1,0.000212293,-0.00226898,-0.0002625,4320.91
0,1662561,5,phononTF,0.00475827,-0.00370218,-0.00123183,-0.000250901,17.2134,0.00156753,1,-0.00370264,-0.00123219,-0.0002625,261.063
0,1667406,29,phononTS,0.000505849,-0.000304047,-0.005,-0.000237481,10893.9,0.000505849,1,-0.00033375,-0.00494879,-0.0002625,12202.6
0,1672800,7,phononTF,0.00171677,-0.00333145,-0.00060679,-0.0002625,2194.56,0.000382,1,-0.00300238,-0.00100321,0.0002625,2849.65
0,1672800,8,phononTS,0.000853606,-0.00300238,-0.00100321,0.000262498,2849.65,0.000700386,1,-0.0030821,-0.000992966,-0.0002625,3025.69
0,1676743,6,phononTF,0.00119271,0.00114287,-0.00114872,-0.0002625,4121.4,0.000382,1,0.000995438,-0.00100239,0.0002625,7995.11
0,1678478,24,phononTS,0.000567203,-0.00302172,-0.00107605,-0.000262498,264.544,0.000382,1,-0.00300091,-0.000996362,0.0002625,430.107
0,1681329,11,phononTS,0.000487368,-0.00143001,0.000707311,-0.0002625,3118.67,0.000382,1,-0.00200461,-4.08027e-06,0.0002625,9644.36
0,1682522,9,phononTF,0.000532605,-0.00170361,-0.000142539,-0.0002625,4945.44,0.000382,1,-0.00199827,2.9427e-06,0.0002625,6336.36
0,1687604,22,phononL,0.000547188,0.000915242,-0.00185894,-0.0002625,36351.3,0.000382,1,0.00199795,-0.00200436,0.0002625,37476.9
0,1691660,8,phononTS,0.000446219,-0.00292138,-0.00089581,-0.0002625,3478.59,0.000382,1,-0.00299779,-0.00100047,0.0002625,8075.49
0,1695796,17,phononTS,0.000557501,0.00386184,0.00105795,-0.0002625,6831.18,0.000382,1,0.00300408,0.00100237,0.0002625,10204.1
0,1700621,5,phononTS,0.00131225,-0.00299539,-0.00101737,0.00011156,479.158,0.000764,1,-0.00299586,-0.000999657,0.0002625,1393.96
0,1705147,15,phononTF,0.00057302,-0.00316822,-0.000870237,-0.0002625,1584.98,0.000382,1,-0.00300347,-0.00099916,0.0002625,2763.05
0,1705147,2,phononTF,0.000997136,-0.00350383,-0.00146477,0.000232397,85.1088,0.00046938,1,-0.00322723,-0.00119287,-0.0002625,272.941
0,1706260,2,phononTF,0.000638555,-0.00326484,-0.00126612,-0.0002625,8.43578,0.000382,1,-0.00299845,-0.000998792,0.0002625,401.135
0,1709183,10,phononTS,0.00075101,-0.00296952,-0.000925952,-0.0002625,737.169,0.000382,1,-0.00299797,-0.0010002,0.0002625,1823.93
0,1712791,19,phononTF,0.000717604,-0.00317753,-0.0012008,-0.0002625,271.697,0.000382,1,-0.00299531,-0.000995897,0.0002625,1155.45
0,1715659,2,phononTF,0.00139092,-0.00312957,-0.0011392,-0.0002625,3.3247,0.000764,1,-0.00299907,-0.000999183,0.0002625,670.921
0,1716829,22,phononTS,0.000850822,0.00090877,0.000973066,-0.000262498,12234.2,0.000382,1,0.000996944,0.00100219,0.0002625,12392.9
0,1717514,7,phononTF,0.000705097,-0.00269673,-0.000702321,-0.000262498,1643.41,0.000382,1,-0.0030005,-0.000996984,0.0002625,1844.83
0,1717693,11,phononTS,0.000591528,-0.00251882,0.000507007,-0.0002625,17152,0.000382,1,-0.0010043,-0.000996397,0.0002625,18386.8
0,1722329,15,phononL,0.000448376,0.000648148,-0.00310678,-0.0002625,2397.34,0.000382,1,0.0010033,-0.00299808,0.0002625,3466.12
0,1725609,5,phononTS,0.000527885,0.00104991,-0.00305335,-0.000262498,4984.34,0.000382,1,0.00100129,-0.00300201,0.0002625,5169.1
0,1725702,9,phononL,0.000507851,-0.00191065,0.0025722,-0.0002625,4385.17,0.000382,1,-0.00200044,0.00200239,0.0002625,6258.46
0,1725702,7,phononTS,0.000470762,-0.00359691,0.00408355,-0.000262498,4076.37,0.000470762,1,-0.00268422,0.005,-2.03158e-05,4505.48
0,1730404,8,phononTS,0.00116846,-0.000995261,0.00299596,0.0002625,8462.42,0.000704379,1,-0.000920351,0.00303623,-0.0002625,8779.22
0,1731759,8,phononTF,0.000833511,0.00209163,-9.25801e-05,-0.0002625,3733.77,0.000382,1,0.00199673,-9.924e-07,0.0002625,5647.48
0,1732335,9,phononTS,0.000618836,-0.00200085,0.0020014,0.000262498,7971.89,0.000281736,1,-0.00199643,0.00197256,-0.0002625,8138.85
0,1732707,4,phononTS,0.000720351,-0.000725575,-0.00160764,-0.0002625,13.1284,0.000382,1,-0.000996847,-0.000997385,0.0002625,3784.4
0,1735891,16,phononTF,0.000413761,-0.00306976,-0.00108989,-0.0002625,409.293,0.000382,1,-0.00299703,-0.000998437,0.0002625,890.871
0,1736734,6,phononTF,0.00221785,-0.00312202,-0.000879068,-0.0002625,579.013,0.000764,1,-0.00299831,-0.000995676,0.0002625,911.115
0,1740661,12,phononTS,0.000642962,-0.0020854,-0.0019246,-0.000262498,641.161,0.000382,1,-0.00199731,-0.0019959,0.0002625,795.722
0,1740661,2,phononTF,0.00138521,-0.00351313,-0.00160674,0.000262498,53.0018,0.000386611,1,-0.00352828,-0.0015914,-0.0002625,209.985
0,1745994,6,phononTS,0.000691588,-0.00110927,0.000864544,-0.0002625,1168.02,0.000382,1,-0.000996206,0.00100414,0.0002625,1795.6
0,1749544,6,phononTF,0.00198695,-0.00299576,-0.000996954,0.0002625,171.892,0.000242546,1,-0.00246494,-0.000421339,-0.0002625,736.892
0,1753401,9,phononTS,0.000906034,0.000992509,-0.00242744,-0.0002625,3781.81,0.000382,1,0.0010023,-0.00299882,0.0002625,5795.65
0,1762198,6,phononTS,0.000537616,-0.00299747,-0.000996764,0.000262498,1785.18,0.000537616,1,-0.00291791,-0.000935015,-0.0002625,1941.14
0,1762564,3,phononTF,0.00197691,-0.00299808,-0.00100234,0.0002625,21.9274,0.00114605,1,-0.00291748,-0.000914466,-0.0002625,1380.12
0,1777854,9,phononTS,0.00062772,-0.00299976,-0.000997886,0.000262498,1168.12,0.00062772,1,-0.0029986,-0.00108214,-0.0002625,1330.85
0,1779373,11,phononTF,0.000477724,0.00178529,0.00164578,-0.0002625,1712.31,0.000382,1,0.00199949,0.00199892,0.0002625,7632.78
0,1798522,2,phononTS,0.00176822,-0.0034686,-0.00147803,0.000128862,36.8831,0.000382,1,-0.00299681,-0.00100456,0.0002625,281.145
0,1800804,12,phononTF,0.00141655,-0.00113099,-0.00115924,-0.0002625,1421.3,0.000382,1,-0.00100379,-0.00099671,0.0002625,2461.56
0,1800804,13,phononTS,0.000579429,-0.00100379,-0.00099671,0.000262498,2461.56,0.000579429,1,-0.00083555,-6.50131e-05,-0.0002625,2846.07
0,1802867,15,phononTS,0.000558259,-0.00207098,0.00208422,-0.000262498,4970.33,0.000382,1,-0.001995,0.00200227,0.0002625,5124.75
0,1809126,6,phononTS,0.0010211,-0.000530235,0.00375698,-0.000262498,19462.1,0.000382,1,0.00300454,0.00100356,0.0002625,21021.3
0,1810241,7,phononTS,0.000689021,-0.000995822,0.00299538,0.000262498,6725.96,0.000548324,1,-0.000561885,0.00201337,-0.0002625,7166.29
0,1823196,4,phononTS,0.00276095,-0.0020574,-0.00194106,-0.0002625,1037.39,0.001146,1,-0.00200274,-0.00200033,0.0002625,2019.01
0,1825635,6,phononTF,0.000920952,-0.00199948,0.00200193,0.0002625,173.765,0.000531065,1,-0.00223671,0.00219529,-0.0002625,7132.23
0,1831183,2,phononTS,0.000536252,-0.000133826,-0.00114368,-0.0002625,5.27466,0.000382,1,0.000997535,-0.00100285,0.0002625,1857.68
0,1834963,6,phononTF,0.00136084,-0.00299228,-0.000887635,-0.0002625,2543.48,0.000382,1,-0.00299692,-0.00099776,0.0002625,13034.1
0,1835270,2,phononL,0.00158273,-0.00225709,-0.00263284,-0.0002625,16.1293,0.001146,1,-0.00199993,3.67522e-06,0.0002625,1703.42
0,1836831,9,phononL,0.00122153,-0.00299754,-0.00100326,0.0002625,280.008,0.000485669,1,-0.00292412,-0.00055726,-0.0002625,539.927
0,1848360,5,phononTS,0.000799515,-0.00299942,-0.000998649,0.000262498,504.106,0.000673711,1,-0.00298892,-0.00104206,-0.0002625,660.467
0,1848517,9,phononTF,0.000472516,0.00202803,0.000104253,-0.0002625,6582.21,0.000382,1,0.00200088,-3.14337e-06,0.0002625,14361.2
0,1848926,4,phononTS,0.00123624,-0.00336408,-0.00429843,-0.0002625,5.40025,0.000382,1,0.00100074,-0.0010047,0.0002625,3650.68
0,1868547,11,phononTS,0.000564197,-0.00190948,-7.48327e-05,-0.000262498,4565.11,0.000382,1,-0.0020003,-1.46586e-06,0.0002625,4719.42
0,1882490,10,phononTF,0.000496565,-0.00131535,0.00325646,-0.000262498,9887.44,0.000382,1,-0.000995462,0.00299846,0.0002625,10095.3
0,1883586,10,phononTF,0.000395725,-0.000306372,0.00175212,-0.0002625,316.927,0.000382,1,-2.31428e-06,0.00200327,0.0002625,2770.68
0,1885087,10,phononTS,0.00056499,0.00184952,3.97864e-06,-0.0002625,5511.23,0.000382,1,0.00200436,2.69775e-06,0.0002625,6099.86
0,1887787,4,phononTS,0.00302557,-0.00293729,-0.00112016,0.000241613,19.1794,0.000382,1,-0.00300296,-0.00100137,0.0002625,450.361
0,1888417,16,phononTS,0.00150959,-0.00300033,-0.000995362,0.0002625,602.859,0.00144249,1,-0.00301153,-0.000974449,-0.0002625,1681.17
0,1891838,2,phononTF,0.000789734,-0.00296647,-0.00103218,-0.0002625,57.9317,0.000382,1,-0.00300129,-0.000998779,0.0002625,1677.14
0,1891940,5,phononTF,0.00100601,-0.00153379,-0.00038906,-0.0002625,1639.37,0.000382,1,-0.000999559,-0.000998489,0.0002625,2668.83
0,1893461,2,phononTF,0.00136907,-0.00325925,-0.00127939,-0.0002625,1.45534,0.000382,1,-0.00299728,-0.000998765,0.0002625,399.48
0,1894010,6,phononTS,0.00148812,-0.00362256,-0.0014555,-0.0002625,580.921,0.000382,1,-0.00300114,-0.00100131,0.0002625,2433.94
0,1898349,18,phononTF,0.000465135,-0.000763214,-0.00284983,-0.0002625,5503.45,0.000382,1,3.32754e-06,-0.0019963,0.0002625,7879.18
0,1901341,10,phononTS,0.000455075,0.002997,0.000998414,0.000262498,7645.59,0.000455075,1,0.0029948,0.000914512,-0.0002625,7808.4
0,1906857,15,phononTF,0.00113781,0.00115341,-0.00316465,-0.000262498,7175.72,0.000382,1,0.000996589,-0.00299852,0.0002625,7348.78
0,1909440,9,phononTS,0.000537021,0.00145657,-0.00309734,-0.0002625,9292.58,0.000382,1,0.0010019,-0.003005,0.0002625,10015.2
0,1909440,2,phononTS,0.00131502,-0.00362865,-0.00159825,0.000262498,97.3689,0.000588111,1,-0.0034045,-0.00272236,-0.0002625,568.424
0,1917734,27,phononTF,0.000479574,-0.00336397,-0.000562623,-0.0002625,3242.67,0.000382,1,-0.00299538,-0.00100422,0.0002625,4460.07
0,1919060,5,phononTF,0.00207775,0.000307062,0.00174901,-0.0002625,581.89,0.000382,1,-3.14709e-06,0.00199795,0.0002625,4187.24
0,1921252,3,phononTS,0.00192957,-0.000585569,-0.00193162,-0.0002625,6.13896,0.000382,1,4.72793e-06,-0.00200415,0.0002625,1731.55
0,1923032,10,phononTF,0.000573062,-0.0021141,-0.0021011,-0.0002625,991.05,0.000382,1,-0.0019957,-0.00200368,0.0002625,2631.96
0,1924971,6,phononTF,0.00206348,-0.000996712,0.000998519,0.0002625,1856.35,0.00100395,1,-0.00126093,0.000787667,-0.0002625,2227.27
0,1935625,8,phononTF,0.000687421,-0.00200218,0.00200411,0.0002625,4926.56,0.000687421,1,-0.00175191,0.00178686,-0.0002625,5297.96
0,1941512,4,phononTF,0.000937521,-0.0031389,-0.0011141,-0.0002625,488.606,0.000382,1,-0.00300334,-0.00100206,0.0002625,1314.5
0,1942886,13,phononTS,0.00121574,-0.00229926,0.00118119,-0.0002625,502.42,0.000382,1,-0.000999074,0.000996581,0.0002625,3331.49
0,1944706,2,phononTF,0.00135984,-0.00321228,-0.00125949,-0.0002625,43.6441,0.000382,1,-0.00299602,-0.000996238,0.0002625,416.249
0,1944706,11,phononTS,0.000930022,-0.00299602,-0.000996238,0.000262498,416.249,0.000930022,1,-0.00271391,-0.001527,-0.0002625,737.063
0,1946053,7,phononTS,0.000567624,-9.03296e-05,0.00280655,-0.0002625,6652.23,0.000382,1,-8.21345e-08,0.00200381,0.0002625,10470
0,1947559,4,phononTF,0.000602942,-0.000898095,-0.00108236,-0.0002625,501.609,0.000382,1,-0.000998081,-0.00100125,0.0002625,2182.74
0,1950163,23,phononTF,0.000397727,-0.000504495,0.00141784,-0.0002625,36155.8,0.000382,1,-4.33881e-06,0.00199821,0.0002625,37521.6
0,1952050,10,phononTS,0.000467154,0.00191905,0.00201077,-0.0002625,3134.99,0.000382,1,0.00199832,0.00199585,0.0002625,3677.52
0,1952160,6,phononTS,0.000444008,-0.00299997,-0.00162506,-0.0002625,366.418,0.000382,1,-0.00300423,-0.00100179,0.0002625,4664.9
0,1958701,4,phononTF,0.000662441,-0.00368868,-0.0016887,-0.000262498,787.581,0.000382,1,-0.00300426,-0.00100249,0.0002625,1116.86
0,1960885,16,phononTS,0.000962574,-4.90286e-06,-0.00199695,0.000262498,5221.48,0.000567393,1,3.11129e-05,-0.00190604,-0.0002625,5379.29
0,1961090,3,phononTS,0.00145551,-0.00146121,-0.00109379,-0.0002625,28.6578,0.000382,1,-0.00100359,-0.00099887,0.0002625,1296.05
0,1961090,6,phononTS,0.000698516,-0.00100359,-0.00099887,0.000262499,1296.05,0.000449087,1,-0.0010096,-0.000974093,-0.0002625,1464.82
0,1961090,2,phononTF,0.000538331,-0.00353357,-0.00152949,0.000262498,28.6578,0.000538331,1,-0.00370604,-0.00153192,-0.0002625,200.483
0,1971159,11,phononTS,0.00117644,-0.000919841,-0.00116798,-0.000262498,11712.4,0.000382,1,-0.000997907,-0.00099743,0.0002625,11904.5
0,1972859,11,phononTF,0.000422271,0.00148857,-0.00069715,-0.0002625,6634.85,0.000382,1,0.00200339,1.32428e-06,0.0002625,7598.43
0,1985610,5,phononTS,0.000838702,0.00151548,0.00400056,-0.000262498,4037.35,0.000382,1,-0.000997653,0.00300107,0.0002625,5012.09
0,1989690,2,phononTF,0.00167032,-0.00321249,-0.00113092,-0.0002625,29.7965,0.000382,1,-0.00299758,-0.00100062,0.0002625,700.413
0,1994488,3,phononTF,0.000779523,-0.00313136,-0.0011399,-0.0002625,15.0012,0.000382,1,-0.00300306,-0.00100226,0.0002625,681.294
0,1998750,5,phononTS,0.00216917,-0.00349355,0.00248746,-0.000224053,52.1676,0.000781145,1,-0.00342318,0.00258373,-0.0002625,6139.19
0,2006300,3,phononTF,0.00230266,-0.00310893,-0.000866646,9.30916e-05,69.0683,0.000382,1,-0.00299733,-0.000999923,0.0002625,3999.16
0,2015560,15,phononTS,0.00102715,-0.00301947,-0.000974004,-0.000262498,397.21,0.000382,1,-0.0030038,-0.000998479,0.0002625,564.355
0,2029006,8,phononTF,0.00108391,-0.005,0.00244963,-6.90008e-05,3835.04,0.000764,1,0.00100425,-0.000995294,0.0002625,8949.11
0,2038988,2,phononTS,0.0053995,-0.00304684,-0.00101552,0.000249754,159.889,0.000764,1,-0.00299626,-0.000998372,0.0002625,3175.22
0,2048164,10,phononTS,0.000505059,-0.00108751,0.00257254,-0.000262498,5928.36,0.000382,1,-0.000995418,0.00299669,0.0002625,6177.56
0,2065262,4,phononTS,0.00064834,-0.00301431,-0.00107861,-0.0002625,196.548,0.000382,1,-0.00300281,-0.000996485,0.0002625,1128.5
0,2065262,2,phononTS,0.00618809,-0.00228561,-0.00250363,-0.000210049,32.4921,0.00140876,1,-0.00218518,-0.00250025,-0.0002625,2582.14
0,2068964,6,phononTF,0.00211948,-0.00195647,0.001977,-0.000262498,3424.91,0.001146,1,-0.00200211,0.00200203,0.0002625,3582.91
0,2069575,11,phononTF,0.000446828,0.000380011,0.000395161,-0.0002625,5364.05,0.000382,1,4.30878e-06,-2.06802e-06,0.0002625,9286.97
0,2070038,17,phononL,0.000533936,0.000186589,-0.000569541,-0.000262498,5988.71,0.000382,1,3.71199e-06,-3.25678e-06,0.0002625,6136.2
0,2077953,15,phononTS,0.000494834,-0.000522173,-0.00107236,-0.000262498,8308.35,0.000382,1,-0.00100199,-0.000997201,0.0002625,8572.56
0,2079693,3,phononTS,0.00177288,0.0010042,0.000905735,-0.0002625,9.5762,0.000382,1,-3.67777e-06,3.62411e-06,0.0002625,3462.91
0,2087083,6,phononTS,0.000649337,-0.00105693,-0.00108383,-0.0002625,2054.69,0.000382,1,-0.000998602,-0.000998533,0.0002625,2604.85
0,2087205,4,phononTS,0.00045919,-0.00306361,-0.00165143,-0.0002625,770.629,0.000382,1,-0.00299548,-0.000999855,0.0002625,1541.68
0,2094076,36,phononTS,0.00040233,-0.00305047,-0.000969558,-0.000262498,6667.69,0.000382,1,-0.00300215,-0.0010023,0.0002625,6823.84
0,2097424,4,phononTS,0.00153503,0.000554233,-0.00166154,-0.0002625,2.9295,0.000382,1,2.81364e-06,-5.55782e-07,0.0002625,3757.66
0,2097634,6,phononTS,0.000976269,-0.000741892,0.000988582,-0.000262498,4175.1,0.000382,1,-0.00100014,0.0010017,0.0002625,4393.87
0,2098498,10,phononL,0.00137428,-0.000576294,0.00283303,-0.000262498,3556.32,0.000382,1,-0.000996689,0.00300185,0.0002625,3686.93
0,2104285,12,phononTF,0.000674817,-0.00300088,-0.00100203,0.000262498,1514.12,0.000302392,1,-0.00284774,-0.000808708,-0.0002625,1686.75
0,2104702,7,phononTS,0.000530944,-3.65388e-05,3.94346e-05,-0.000262498,2728.99,0.000382,1,-1.29733e-06,2.47826e-06,0.0002625,2900.54
0,2105503,6,phononTS,0.0008494,0.00300316,0.00100026,0.000262498,9435.84,0.000417939,1,0.00308843,0.00102245,-0.0002625,9595.55
0,2111905,11,phononTF,0.00098112,-0.00313664,-0.00126321,-0.0002625,755.48,0.000382,1,-0.00300401,-0.00100119,0.0002625,1328.05
0,2111905,9,phononL,0.000699721,-0.00354841,-0.00128568,0.000262498,462.655,0.000699721,1,-0.00355394,-0.000188547,-0.0002625,687.099
0,2113298,6,phononTS,0.00239618,0.00129633,-0.00241895,2.08603e-05,6941.63,0.000382,1,-0.00199606,1.8229e-06,0.0002625,13980.8
0,2131307,5,phononTS,0.000832195,-0.00354514,-0.00190375,-0.000262498,462.868,0.000382,1,-0.00299787,-0.00100488,0.0002625,920.57
0,2134610,8,phononTS,0.00093779,-0.00293164,-0.00104353,-0.0002625,929.502,0.000382,1,-0.00300159,-0.00100082,0.0002625,1789.58
0,2136712,13,phononTF,0.00114583,-0.000801957,-0.00123246,-0.0002625,4685.18,0.000382,1,-0.00100399,-0.00100236,0.0002625,6358.83
0,2138189,6,phononTF,0.00063242,-0.000570864,-0.000585272,-0.0002625,1610.35,0.000382,1,-2.23967e-06,-5.02313e-07,0.0002625,2488.64
0,2139655,2,phononTF,0.00230355,0.00204433,1.93342e-05,-6.30779e-05,33.7512,0.000764,1,0.00200213,4.3851e-06,0.0002625,3885.39
0,2142643,4,phononTF,0.00202103,-0.00311356,-0.00113093,-0.0002625,148.28,0.001146,1,-0.00300303,-0.00100311,0.0002625,807.751
0,2142643,3,phononTS,0.00052474,-0.00344517,-0.00151439,0.000262498,148.28,0.00052474,1,-0.00349544,-0.00156381,-0.0002625,304.222
0,2158593,13,phononTF,0.000411767,-0.00309813,-0.00129911,-0.000262498,468.297,0.000382,1,-0.00299823,-0.0010044,0.0002625,666.316
0,2158921,15,phononTF,0.000583812,-0.00221431,0.00173295,-0.000262498,5298.9,0.000382,1,-0.00199777,0.00199764,0.0002625,5485.34
0,2160736,4,phononTF,0.000861965,-0.00300185,-0.00100226,0.0002625,30.2202,0.000551896,1,-0.0027577,-0.00081706,-0.0002625,883.704
0,2164761,9,phononTS,0.00125101,-0.00309198,-0.000991654,-0.0002625,2423.94,0.000764,1,-0.00300491,-0.0010011,0.0002625,4436.32
0,2165830,7,phononTF,0.000831697,-0.005,-0.00445739,-9.97873e-05,812.601,0.000382,1,0.000997005,-0.00300311,0.0002625,5336.22
0,2166739,5,phononTF,0.00327624,-0.00300087,-0.000998764,0.0002625,1773.16,0.000836686,1,-0.00299008,-0.000988032,-0.0002625,1992.6
0,2167858,10,phononTS,0.000587084,0.000930476,-0.000941002,-0.0002625,1805.13,0.000382,1,0.000996024,-0.00100252,0.0002625,4484.87
0,2169915,6,phononTS,0.000971841,0.000941593,-0.00322157,-0.0002625,2021.76,0.000764,1,0.0010026,-0.00300053,0.0002625,3056.84
0,2171341,12,phononTF,0.000553537,-0.000702784,-0.00086818,-0.0002625,6045.49,0.000382,1,1.21461e-06,-1.46612e-06,0.0002625,7958.8
0,2175850,10,phononTS,0.000628967,-0.00200427,3.87218e-06,0.000262498,1982.07,0.000260969,1,-0.00265961,-1.90449e-05,-0.0002625,2296.58
0,2176592,17,phononTF,0.00101962,-0.000364187,0.00157415,-0.0002625,1293.16,0.000382,1,3.96366e-06,0.00200316,0.0002625,4189.56
0,2177109,7,phononTS,0.000428729,-0.0019684,-0.00210134,-0.0002625,2503.01,0.000382,1,-0.00200292,-0.00200395,0.0002625,3430.94
0,2178518,9,phononTS,0.000740846,0.000206175,-8.45624e-05,-0.000262498,18610,0.000382,1,-5.6669e-07,-4.83156e-06,0.0002625,18809.3
0,2178518,3,phononTS,0.00138705,-0.0034961,-0.00150584,0.000262498,49.5105,0.000326397,1,-0.00346476,-0.00151437,-0.0002625,217.885
0,2178973,11,phononTS,0.000538978,-0.00108374,0.00301245,-0.000262498,3878.63,0.000382,1,-0.00100369,0.00299754,0.0002625,4043.34
0,2183441,18,phononTF,0.000656634,0.000571782,-0.00358313,-0.0002625,6623.43,0.000382,1,0.00100261,-0.00299697,0.0002625,7965.6
0,2185600,9,phononTS,0.00054375,-0.00100064,0.000999555,0.0002625,10692.5,0.00054375,1,-0.00146828,0.000947912,-0.0002625,11664.8
0,2188253,8,phononTS,0.000747632,-0.00121939,0.00108771,-0.0002625,6594.23,0.000382,1,-0.00100491,0.0010049,0.0002625,7999.99
0,2188253,4,phononTS,0.000448918,-0.00331832,-0.000405113,0.000262498,3687.79,0.000448918,1,-0.00334305,-0.000324599,-0.0002625,3854.04
0,2196548,13,phononTF,0.000463546,-0.00119641,0.0027561,-0.0002625,12107.5,0.000382,1,-0.000999107,0.00300033,0.0002625,16255.9
0,2199916,25,phononTS,0.000532578,-0.00304254,-0.000810983,-0.000262498,3224.51,0.000382,1,-0.00300316,-0.00100073,0.0002625,3432.22
0,2210628,10,phononTF,0.000539648,-0.00299909,-0.00100476,0.000262498,6812.08,0.000539648,1,-0.00315591,-0.00115803,-0.0002625,6983.62
0,2213218,17,phononTS,0.000642373,0.000220483,7.95989e-05,-0.0002625,1508.73,0.000382,1,3.10784e-06,9.77947e-07,0.0002625,3597.01
0,2214890,5,phononTS,0.00125831,-0.000954233,-0.00105057,-0.0002625,8496.76,0.000382,1,-0.00100108,-0.00099612,0.0002625,10951.1
0,2214890,2,phononL,0.00401646,-0.00368319,-0.00239044,0.000120958,363.786,0.0025152,1,-0.00233523,-0.00223979,-0.0002625,1325.77
0,2221357,21,phononTF,0.000430632,0.00177685,-0.000185366,-0.000262498,22677.8,0.000382,1,0.00200019,-1.16821e-06,0.0002625,22856.5
0,2221709,8,phononTS,0.000785291,0.000899774,-0.00330264,-0.0002625,5928.26,0.000382,1,0.000998709,-0.00300172,0.0002625,8094.06
0,2223527,12,phononTS,0.00139905,0.000997492,0.00100077,0.0002625,5202.74,0.000469718,1,0.00103409,0.000907471,-0.0002625,7894.45
0,2223662,5,phononTF,0.000964254,-0.00319198,-0.00122064,-0.000262499,465.318,0.000382,1,-0.00300388,-0.00100163,0.0002625,644.398
0,2223662,8,phononTS,0.000399683,-0.00300388,-0.00100163,0.000262498,644.398,0.000399683,1,-0.00407252,-0.00168505,-0.0002625,1131.29
0,2230612,6,phononTS,0.0018674,-0.00297972,-0.00100973,0.000110059,3355.71,0.000764,1,-0.00299793,-0.000996222,0.0002625,3511.77
0,2230612,7,phononTS,0.000717018,-0.00299793,-0.000996222,0.000262498,3511.77,0.000717018,1,-0.00302758,6.79181e-05,-0.0002625,3946.86
0,2237209,4,phononTS,0.00142694,-0.000998244,0.00100164,0.0002625,10282.7,0.000719637,1,-0.000967896,0.000929439,-0.0002625,15194.3
0,2237568,5,phononTF,0.00125308,-0.00183043,-0.000419867,-0.000262498,4293.27,0.000382,1,-4.94238e-06,-4.41504e-06,0.0002625,4939.51
0,2243803,13,phononTF,0.00056504,-0.00127428,0.00277464,-0.0002625,17328.5,0.000382,1,-0.000997766,0.00299529,0.0002625,19322.6
0,2244872,6,phononL,0.00103802,0.00145842,-0.00227669,-0.0002625,550.829,0.000382,1,0.00199971,-0.00199939,0.0002625,2312.25
0,2245711,3,phononTF,0.00106777,-0.00300365,-0.00100414,0.0002625,50.1531,0.000214722,1,-0.00283025,-0.00082751,-0.0002625,614.121
0,2246378,14,phononTF,0.00102345,-0.0010553,-0.00111609,-0.0002625,14707.5,0.000764,1,-3.56722e-06,1.75343e-06,0.0002625,15840.7
0,2249946,7,phononTF,0.000625356,-0.00299507,-0.0010048,0.0002625,2396.25,0.000625356,1,-0.00350032,-0.00051914,-0.0002625,2847.94
0,2252772,19,phononTF,0.000876666,-0.000995281,0.000999621,0.0002625,2210.31,0.000549636,1,-0.00148264,0.00156719,-0.0002625,2753.11
0,2254515,5,phononTS,0.000586633,-0.000970446,6.81895e-05,-0.000262498,1856.29,0.000382,1,-0.00199602,2.76652e-06,0.0002625,2282.97
0,2255083,5,phononTF,0.000787788,-0.00299856,-0.000998582,0.0002625,701.312,0.000185909,1,-0.00293842,-0.000697191,-0.0002625,1099.92
0,2263247,5,phononTF,0.00251279,0.000460457,-0.00127451,-0.0002625,2281.48,0.000382,1,1.1464e-06,-0.00199978,0.0002625,6195.12
0,2266925,2,phononL,0.00296267,-0.000966533,-0.00159097,-0.0002625,327.838,0.001146,1,-0.00100071,-0.0010036,0.0002625,2238.23
0,2267833,15,phononTS,0.00198065,-0.00349578,-0.00151852,-0.000167822,186.853,0.000382,1,-0.00200339,2.07928e-06,0.0002625,844.661
0,2269756,11,phononTS,0.000532169,-0.00293161,-0.000998324,-0.000262498,1775.96,0.000382,1,-0.00299793,-0.000997062,0.0002625,1939.68
0,2270046,4,phononTS,0.00254414,-0.00328054,-0.00144887,0.000141952,610.962,0.000382,1,-0.00199606,-0.0019998,0.0002625,1364.29
0,2272508,10,phononTS,0.000749916,-0.00199764,-0.00200156,0.0002625,9139.41,0.000457547,1,-0.00193289,-0.00192781,-0.0002625,10280.7
0,2280710,7,phononTS,0.000731765,0.00290813,-0.005,-0.000180379,3366.21,0.000382,1,0.000995348,-0.00300149,0.0002625,8378.58
0,2283639,14,phononTF,0.00051884,-0.00185728,0.0021334,-0.0002625,1356.96,0.000382,1,-0.00199975,0.00200334,0.0002625,4509.4
0,2285757,17,phononTS,0.00039682,0.000916367,0.000645211,-0.0002625,5326.91,0.000382,1,0.00100092,0.000996043,0.0002625,6021.8
0,2286872,9,phononTS,0.000622514,0.00304488,0.000926251,-0.0002625,379.566,0.000382,1,0.00299804,0.000995527,0.0002625,10871.9
0,2312995,7,phononTF,0.000429629,-0.00202739,-0.0021969,-0.0002625,728.966,0.000382,1,-0.0020024,-0.00199972,0.0002625,1573.33
0,2318847,10,phononTF,0.000566113,0.00295113,0.000718267,-0.000262498,18189.4,0.000382,1,0.00299695,0.00100411,0.0002625,18384.8
0,2322505,9,phononTS,0.000531977,-0.00208707,4.3521e-05,-0.000262498,7888.27,0.000382,1,-0.00200495,2.14867e-06,0.0002625,8076.76
0,2326731,10,phononTF,0.000560041,-0.00288845,0.00354294,-0.0002625,26824.5,0.000382,1,-0.000996747,0.00100173,0.0002625,39960.9
0,2327334,4,phononTF,0.000566002,-0.00313214,-0.00114293,-0.0002625,12.8912,0.000382,1,-0.00299906,-0.00100185,0.0002625,681.583
0,2327334,3,phononTS,0.00196983,-0.0042228,-0.00138414,-0.000212499,12.8912,0.000695031,1,-0.00423221,-0.00143598,-0.0002625,399.149
0,2331387,5,phononTS,0.00283165,-0.00188485,-0.00188777,0.000229673,53.1908,0.000382,1,-0.00200021,-0.00200347,0.0002625,3635.37
0,2331387,6,phononTS,0.00169445,-0.00200021,-0.00200347,0.000262498,3635.37,0.000401756,1,-0.00293372,-0.0021934,-0.0002625,4019.67
0,2345374,17,phononTS,0.000669962,-0.00208902,-0.00205859,-0.0002625,5064.7,0.000382,1,-0.00200006,-0.00199962,0.0002625,8482.02
0,2345667,17,phononTS,0.000642744,-0.00299947,-0.000997762,0.000262498,1950.57,0.000213879,1,-0.00309171,-0.000594165,-0.0002625,2212.29
0,2352874,3,phononTS,0.00179853,0.000966784,-0.00272726,-0.000252902,89.3393,0.000764,1,0.00100447,-0.00100243,0.0002625,4685.05
0,2362510,12,phononTF,0.000546323,0.00112652,0.000887428,-0.0002625,318.481,0.000382,1,0.00100447,0.00100023,0.0002625,6510.96
0,2362755,6,phononTS,0.000608041,-0.00250177,-0.00182632,-0.0002625,3338.04,0.000382,1,-0.0010046,-0.00100222,0.0002625,6858.39
0,2366900,4,phononTS,0.00173636,-0.00313128,-0.00113493,-0.0002625,8.22494,0.000382,1,-0.00299705,-0.000996101,0.0002625,858.675
0,2366900,5,phononL,0.000818552,-0.00299705,-0.000996101,0.000262498,858.675,0.000360692,1,-0.00295929,-0.00130188,-0.0002625,977.2
0,2368506,8,phononTS,0.000814446,-0.00294318,-0.00106134,-0.000262498,686.22,0.000382,1,-0.00300275,-0.000997504,0.0002625,841.619
0,2369430,9,phononTS,0.000706309,1.56001e-06,-0.00199776,0.000262498,4745.34,0.000706309,1,7.82276e-05,-0.00222821,-0.0002625,4949.92
0,2370581,7,phononL,0.00103626,-0.000258295,0.000387095,-0.0002625,1291.97,0.000382,1,2.74354e-06,-2.6044e-06,0.0002625,1690.79
0,2371775,2,phononTF,0.00161034,0.00211679,0.005,4.38964e-05,3.22131,0.000382,1,0.000999337,0.000997054,0.0002625,18278.3
0,2384979,18,phononTF,0.000415722,0.00137164,-0.00141552,-0.0002625,848.561,0.000382,1,0.000995819,-0.000997971,0.0002625,6636.46
0,2389636,12,phononTS,0.00124956,-0.00413343,-0.00139283,-0.0002625,3520.65,0.000382,1,-0.00300466,-0.000996792,0.0002625,4640.76
0,2393140,16,phononTF,0.000411095,-0.000407132,-0.000334045,-0.000262498,12273.8,0.000382,1,-3.79456e-06,4.54793e-06,0.0002625,12494.8
0,2395070,3,phononTF,0.00193228,-0.00318074,-0.00113529,-0.0002625,71.8918,0.000764,1,-0.0030042,-0.000997196,0.0002625,468.302
0,2395712,17,phononTS,0.000393385,0.0017768,-0.000421293,-0.000262498,10730.5,0.000382,1,0.000996108,0.000995337,0.0002625,11351.9
0,2397538,6,phononTF,0.00119414,-0.00355165,-0.00148277,-0.000262498,329.406,0.000764,1,-0.00299672,-0.000997617,0.0002625,598.519
0,2401225,7,phononTF,0.000571676,0.00136109,-0.00143858,-0.0002625,6484.46,0.000382,1,0.0019974,-0.00199641,0.0002625,7372.62
0,2402396,17,phononTS,0.000466997,-0.00126658,-0.00183417,-0.0002625,34251.7,0.000382,1,-4.66668e-06,-0.00200236,0.0002625,38361.6
0,2402627,12,phononTS,0.000532269,0.00107307,-0.00107381,-0.0002625,5543.73,0.000382,1,0.000998546,-0.000997073,0.0002625,6007.59
0,2411829,9,phononTF,0.00052341,0.00143971,-0.00351389,-0.0002625,15885.5,0.000382,1,0.00100083,-0.00299725,0.0002625,17101.7
0,2414973,4,phononTS,0.00116602,-0.00107319,0.00107903,-0.000262498,2000.51,0.000764,1,-0.000997412,0.00100067,0.0002625,2155.03
0,2418350,22,phononTS,0.000583399,0.00100272,-0.00100011,0.000262498,13615.9,0.000583399,1,0.000829258,-0.000998107,-0.0002625,13809.5
0,2419760,11,phononTF,0.000555182,-0.0014921,-0.00256248,-0.0002625,812.304,0.000382,1,-0.00199719,-0.00200451,0.0002625,2427.65
0,2428398,23,phononTS,0.000456216,-0.005,-9.6573e-05,0.000205636,20313.4,0.000456216,1,0.000236339,0.00294107,-0.0002625,23713
0,2432513,10,phononTS,0.000454415,-0.00283869,-4.16644e-05,-0.0002625,4125.23,0.000382,1,-0.00199923,4.09952e-06,0.0002625,6691.19
0,2442631,12,phononTS,0.000511031,0.00172616,-0.00344237,-0.0002625,15350.6,0.000382,1,0.00100208,-0.00299586,0.0002625,17483.9
0,2448150,4,phononTF,0.000532889,-0.00214014,0.000142157,-0.0002625,3186.72,0.000382,1,-0.00199707,4.65833e-06,0.0002625,3689.68
0,2448614,11,phononTS,0.000589605,-0.00294586,-0.00130769,-0.0002625,4130.26,0.000382,1,-0.0029962,-0.000995252,0.0002625,8204.66
0,2452263,12,phononTS,0.000527042,0.000822534,-0.000403592,-0.0002625,8089.34,0.000382,1,0.00200148,-1.18227e-06,0.0002625,13439.6
0,2452691,7,phononTF,0.000493791,-0.00171952,-0.00176079,-0.000262498,5185.64,0.000382,1,-0.00200302,-0.00200378,0.0002625,5377.52
0,2457846,10,phononTS,0.000636927,0.00096885,-0.00193157,-0.0002625,21712.6,0.000382,1,0.00199717,-0.00199664,0.0002625,23059.3
0,2463294,13,phononTS,0.000620189,-0.00345812,-0.00229159,-0.000262498,1596.47,0.000382,1,-0.00200121,-0.00199709,0.0002625,2172.73
0,2467272,4,phononTF,0.00195773,-0.00187486,-0.00183631,-0.0002625,174.878,0.000382,1,-0.002003,-0.0020002,0.0002625,3103.05
0,2472700,8,phononTS,0.000420595,0.000561065,0.00222897,-0.000262498,9738.55,0.000382,1,-2.07321e-06,0.00199543,0.0002625,10059.4
0,2475935,13,phononTS,0.000602428,0.00196328,0.00196757,-0.000262499,18135.7,0.000382,1,0.00199659,0.00200493,0.0002625,18306.9
0,2478271,12,phononTF,0.000724309,-0.00286046,-0.000894244,-0.0002625,510.041,0.000382,1,-0.00299749,-0.00100275,0.0002625,1093.93
0,2490632,10,phononTF,0.000431361,-0.00209022,-0.00211974,-0.0002625,975.669,0.000382,1,-0.00199721,-0.00200048,0.0002625,2334.2
0,2494175,22,phononTS,0.000529684,-0.00199859,-1.45669e-06,0.0002625,1597.38,0.000529684,1,-0.00206608,2.20397e-05,-0.0002625,2240.85
0,2494600,12,phononTS,0.000548949,-0.00305656,-0.000916281,-0.000262498,2163.62,0.000382,1,-0.00299737,-0.00100395,0.0002625,2319.21
0,2496468,3,phononL,0.000555692,-0.00304945,-0.00179254,-0.0002625,1.72602,0.000382,1,-0.00199897,-0.00200238,0.0002625,1329.03
0,2497482,3,phononTF,0.00246423,0.0029048,0.000837035,-0.0002625,151.234,0.001528,1,0.00299975,0.00099709,0.0002625,8161.25
0,2504954,12,phononTF,0.000383504,0.00155987,-0.000318276,-0.000262498,18146.9,0.000382,1,0.00199549,6.97565e-07,0.0002625,18386.6
0,2505281,8,phononTS,0.000600893,0.00217177,0.00261733,-0.0002625,1872.56,0.000382,1,0.00300399,0.00099555,0.0002625,9719.55
0,2506050,5,phononTS,0.000842225,-0.0030405,-0.00103504,-0.000262499,610.928,0.000382,1,-0.00300114,-0.000997265,0.0002625,767.235
0,2509382,13,phononTF,0.000715125,-0.00314607,-0.00116824,-0.0002625,214.669,0.000382,1,-0.00300243,-0.00100474,0.0002625,702.723
0,2522235,7,phononTF,0.000948817,-0.000997413,-0.00100249,0.000262498,12452.6,0.000530237,1,-0.00108716,-0.00105199,-0.0002625,12613.9
0,2529913,15,phononTF,0.000527426,0.000737677,-0.00268969,-0.0002625,21801.1,0.000382,1,0.000996779,-0.0029963,0.0002625,22784.4
0,2530531,19,phononTS,0.000415145,-0.00292492,-0.000927459,-0.000262498,918.598,0.000382,1,-0.0030037,-0.000995515,0.0002625,1094.25
0,2534654,13,phononTS,0.000581066,0.00206784,-6.61358e-05,-0.0002625,8601.21,0.000382,1,0.00200248,4.10201e-06,0.0002625,9120.99
0,2542036,4,phononTS,0.00061263,-0.00312966,-0.000920882,-0.0002625,804.757,0.000382,1,-0.00299929,-0.00100389,0.0002625,1172.57
0,2546611,13,phononTS,0.000745551,-0.00200277,-4.41118e-06,0.000262498,731.888,0.000745551,1,-0.00209269,-7.93592e-05,-0.0002625,886.12
0,2555975,6,phononTF,0.00114841,-0.000302406,-0.000311425,-0.0002625,6325.72,0.000382,1,-1.70342e-07,-1.59881e-06,0.0002625,7259.26
0,2559924,8,phononTS,0.000507413,-0.00116744,0.000529787,-0.000262498,1059.98,0.000382,1,3.44172e-07,3.99912e-06,0.0002625,1573.78
0,2561044,17,phononTS,0.000466463,0.00201567,-0.00200058,-0.000262498,27285.2,0.000382,1,0.00200418,-0.00199536,0.0002625,27457
0,2562008,9,phononTS,0.000618916,-0.00379952,-0.00104517,-0.000262498,1619.82,0.000382,1,-0.00300467,-0.000997179,0.0002625,1979.42
0,2562480,8,phononTS,0.000602548,-0.00445868,-0.00404087,-0.000262498,6203.68,0.000382,1,-0.000998293,-0.000999416,0.0002625,7765.45
0,2564626,8,phononTS,0.000624436,0.00200338,0.00200406,0.000262498,2894.62,0.000624436,1,0.00206813,0.00197182,-0.0002625,3050.66
0,2566920,6,phononTS,0.00155722,-0.00199896,-0.0019999,0.0002625,829.216,0.000636119,1,-0.00191378,-0.00204127,-0.0002625,1166.11
0,2567175,14,phononTS,0.00165618,-0.00308933,-0.00108424,-0.000262498,4075.12,0.000382,1,-0.00300143,-0.00100311,0.0002625,4229.04
0,2569450,15,phononL,0.000456637,-0.00284294,-0.00172284,-0.000262498,5135.63,0.000382,1,-0.00299704,-0.000999225,0.0002625,5303.3
0,2571402,15,phononTS,0.00117037,-0.0030959,0.000203807,-0.0002625,2189.84,0.000382,1,-0.00199592,1.71028e-07,0.0002625,3934.26
0,2571851,8,phononTS,0.000772904,-0.00298912,-0.00195622,-0.000262498,2802.28,0.000382,1,-0.00199829,-0.00200431,0.0002625,3210.07
0,2572186,6,phononTS,0.0012476,-0.00300594,-0.000943138,-0.000262498,1255.95,0.000382,1,-0.00300385,-0.000996656,0.0002625,1412.07
0,2573638,7,phononTS,0.00225143,-0.00291445,-0.000778445,-0.000262498,1202.96,0.000764,1,-0.00299614,-0.00100047,0.0002625,1405.45
0,2581145,16,phononL,0.000809225,0.00010911,-0.00292897,-0.0002625,12283.1,0.000382,1,4.19737e-06,-0.0020021,0.0002625,12875.6
0,2581145,2,phononTS,0.00053484,-0.00353661,-0.00160803,0.000262498,164.02,0.00053484,1,-0.00357295,-0.000548113,-0.0002625,585.622
0,2581382,19,phononTS,0.000548264,0.00192331,-0.00191389,-0.0002625,17133,0.000382,1,0.00199905,-0.0020006,0.0002625,17661.8
0,2581772,6,phononTS,0.000936174,0.000834064,-0.00232751,-0.0002625,987.642,0.000382,1,0.000998332,-0.00300367,0.0002625,4903.38
0,2585402,4,phononTS,0.0018598,0.000237151,6.51199e-05,-0.0002625,81.1347,0.000764,1,4.84579e-06,-4.74321e-06,0.0002625,3435.7
0,2592487,13,phononTS,0.000471432,0.000691724,0.00025967,-0.0002625,10458,0.000382,1,0.000998825,0.000996664,0.0002625,12519.5
0,2598860,7,phononTF,0.000979618,-0.00355756,-0.00155631,-0.000262498,2249.79,0.000382,1,-0.00299539,-0.000999844,0.0002625,2533.4
0,2598860,8,phononTS,0.000498388,-0.00299539,-0.000999844,0.000262498,2533.4,0.000498388,1,-0.00118216,0.00220887,-0.0002625,3830.54
0,2598860,3,phononTF,0.00176598,-0.00354583,-0.00150964,0.000262498,24.1398,0.000831954,1,-0.00322204,-0.0017861,-0.0002625,225.32
0,2611651,8,phononTS,0.000754746,0.00241787,0.00255466,-0.0002625,11855.3,0.000382,1,0.00299848,0.00100084,0.0002625,12801
0,2613551,17,phononTS,0.000706697,-0.002098,-0.00149706,-0.000262498,6496.28,0.000382,1,-0.00199898,-0.0020003,0.0002625,6765.28
0,2622550,2,phononTF,0.00148295,-0.00327113,-0.00129336,-0.0002625,68.6901,0.000764,1,-0.00299905,-0.00100423,0.0002625,465.791
0,2629046,6,phononTS,0.00139913,-6.89618e-05,0.00207615,-0.0002625,17385.4,0.000764,1,2.20361e-06,0.00200149,0.0002625,17850.2
0,2632003,10,phononTF,0.000459609,-0.00130848,-0.000706639,-0.000262498,4977.83,0.000382,1,-0.000995906,-0.000996904,0.0002625,5179.75
0,2632310,26,phononL,0.00064788,-0.00200493,1.63407e-06,0.000262498,1537.21,0.00064788,1,-0.00208287,-0.000451396,-0.0002625,1667.94
0,2643335,7,phononTS,0.000456636,-0.00204851,-0.00233304,-0.0002625,566.6,0.000382,1,-0.00200358,-0.00200388,0.0002625,4282.94
0,2645974,4,phononTF,0.00248442,-0.0040907,-0.00218037,-0.0002625,54.7587,0.000382,1,-0.00299985,-0.00100044,0.0002625,1697.73
0,2647907,5,phononTS,0.00106045,-0.00408773,-0.0016035,-0.0002625,356.847,0.000764,1,-0.00300265,-0.000996356,0.0002625,1099.86
0,2653438,5,phononTS,0.000516242,-0.00103618,0.00102011,-0.0002625,9511.83,0.000382,1,-0.00100285,0.00100237,0.0002625,12371.2
0,2655546,11,phononTF,0.00300917,0.000460104,0.00109846,7.66921e-05,2168.39,0.0006849,1,0.000311834,0.001096,-0.0002625,3516.82
0,2659110,4,phononTS,0.000542575,0.00035592,0.00123327,-0.0002625,218.873,0.000382,1,0.00200271,0.00199834,0.0002625,4234.29
0,2660198,4,phononTF,0.00126788,-0.00346298,-0.00139425,-0.0002625,486.143,0.000764,1,-0.00299588,-0.00100389,0.0002625,1988.67
0,2660902,3,phononTF,0.00192042,-0.00224432,0.000237574,-8.55252e-06,8.90734,0.000382,1,-0.00199739,-2.26871e-06,0.0002625,1905.99
0,2682007,3,phononTF,0.00135431,-0.00312,-0.0011517,-0.0002625,38.7004,0.000382,1,-0.00299628,-0.00100224,0.0002625,706.951
0,2683937,21,phononTS,0.000707194,0.00100317,-0.00100414,0.0002625,10300.4,0.000448075,1,-8.45903e-05,-0.00152696,-0.0002625,12309.7
0,2691393,12,phononL,0.00064975,0.000241798,0.000144551,-0.0002625,6700.19,0.000382,1,2.98019e-06,-3.58925e-06,0.0002625,7317.24
0,2697562,13,phononTF,0.000466596,0.000794639,0.00116337,-0.000262498,10589.7,0.000382,1,0.00099576,0.00100466,0.0002625,10763.5
0,2698715,9,phononTF,0.000556563,0.000725562,-0.00122298,-0.0002625,1178.54,0.000382,1,0.00100008,-0.00100067,0.0002625,6120.48
0,2701159,4,phononTF,0.000477401,-0.00104871,0.00306585,-0.0002625,93.2973,0.000382,1,-0.000998873,0.00300172,0.0002625,2204.33
0,2712433,21,phononTS,0.00045894,-3.53541e-06,-0.00200013,0.0002625,1135.03,0.00045894,1,-0.00102182,-0.00405768,-0.0002625,16974.3
0,2712433,2,phononTS,0.00129943,-0.00348103,-0.00157319,0.000262498,96.2363,0.000810842,1,-0.00379912,-0.00152203,-0.0002625,322.33
0,2714747,6,phononTS,0.000517455,-0.00200364,0.00199588,0.0002625,6865.27,0.000517455,1,-0.00194688,0.00206222,-0.0002625,11544.1
0,2717126,11,phononTF,0.000602087,-0.000999068,0.000998955,0.000262498,8164.83,0.000504019,1,-0.00100887,0.000990769,-0.0002625,8321.71
0,2724674,7,phononTS,0.000447921,-0.00199883,-0.00199632,0.0002625,2004.07,0.000447921,1,-0.00349364,0.00101278,-0.0002625,4821.29
0,2735809,6,phononTF,0.0021179,-0.000902772,0.000877217,-0.0002625,6857.79,0.001146,1,-0.00100125,0.00100325,0.0002625,7544.96
0,2735809,7,phononTS,0.000512325,-0.00100125,0.00100325,0.000262498,7544.96,0.000512325,1,-0.0018394,0.00191363,-0.0002625,8063.25
0,2736231,3,phononTF,0.0029033,-0.00273708,-0.000762072,-0.0002625,70.1897,0.000382,1,-0.00199834,3.78085e-06,0.0002625,778.844
0,2748054,5,phononTF,0.000781567,-0.003564,-0.00149314,-0.000262498,157.2,0.000382,1,-0.00300322,-0.000999501,0.0002625,429.216
0,2750403,16,phononTS,0.00145841,-0.000125928,-0.000274789,-0.0002625,5013.67,0.000382,1,0.00200128,0.00200125,0.0002625,9785.45
0,2754043,3,phononTF,0.00111501,-0.00214939,-0.000132091,-0.0002625,17.3838,0.000764,1,-0.00199692,1.6841e-06,0.0002625,1718.09
0,2759021,7,phononTS,0.000415162,0.00109409,-0.000957112,-0.000262498,6867.03,0.000382,1,0.00100406,-0.00100285,0.0002625,7023.84
0,2759021,4,phononTS,0.00113368,-0.00352592,-0.00157009,0.000262498,4.67995,0.000719985,1,-0.00358096,-0.00179356,-0.0002625,209.288
0,2760064,3,phononTF,0.000853179,-0.00328312,-0.00126945,-0.0002625,49.9517,0.000764,1,-0.00300173,-0.000998293,0.0002625,440.908
0,2761532,4,phononTF,0.00116389,-0.00192382,3.16123e-06,-0.0002625,88.8856,0.000382,1,-0.00299819,-0.000997393,0.0002625,1675.42
0,2761901,4,phononTF,0.00169722,-0.00326682,-0.0012752,-0.0002625,15.5041,0.000764,1,-0.00300456,-0.00100132,0.0002625,406.846
0,2761901,5,phononTF,0.000652146,-0.00300456,-0.00100132,0.000262498,406.846,0.000479265,1,-0.00320914,-0.00105957,-0.0002625,584.676
0,2761901,3,phononTF,0.00044,-0.00352908,-0.00154908,0.000262498,15.5041,0.00044,1,-0.00355,-0.00155993,-0.0002625,172.584
0,2763910,4,phononTS,0.000492005,-0.00306747,-0.000777333,-0.000262498,1624.27,0.000382,1,-0.00299943,-0.000998216,0.0002625,1842.1
0,2765214,24,phononTS,0.000427947,0.00200453,0.0019959,0.0002625,12826.4,0.000427947,1,0.00167464,0.00340298,-0.0002625,13566.4
0,2766336,16,phononTF,0.000464727,0.00124368,-0.0028017,-0.000262498,5419.32,0.000382,1,0.00099522,-0.00300007,0.0002625,5601.73
0,2766913,7,phononTS,0.000531151,-0.000529786,0.00290494,-0.000262498,4344.42,0.000382,1,-0.0010045,0.00299807,0.0002625,4606.34
0,2766913,3,phononTS,0.00292176,-0.00354221,-0.00155387,0.000248501,3.50945,0.000708855,1,-0.00451912,-0.00147804,-0.0002625,424.991
0,2767270,12,phononTF,0.000714531,-0.00101938,-0.00105947,-0.0002625,1542.24,0.000382,1,-0.00100444,-0.0010001,0.0002625,2683.39
0,2773960,10,phononTS,0.000606259,0.00161685,0.000187053,-0.0002625,619.711,0.000382,1,-0.000996249,-0.000997318,0.0002625,8894.32
0,2777827,24,phononTS,0.000424664,-0.000924783,0.00307918,-0.000262498,4815.16,0.000382,1,-0.000996702,0.00300426,0.0002625,4969.88
0,2777871,6,phononTF,0.000420103,-0.00300083,-0.00100008,0.0002625,1554.87,0.000420103,1,-0.00301878,-0.000952011,-0.0002625,1871.03
0,2782625,4,phononTF,0.00103979,-0.00326919,-0.00126959,-0.0002625,9.33522,0.000382,1,-0.00300046,-0.00100372,0.0002625,402.58
0,2786729,8,phononTF,0.000711641,-0.00100482,-0.00100356,0.000262498,4106.92,0.000711641,1,-0.00093217,-0.000992948,-0.0002625,4266.53
0,2795298,16,phononTF,0.000590454,0.00116304,-0.000924867,-0.000262498,2684.7,0.000382,1,4.3157e-08,-0.0020005,0.0002625,3182.23
0,2800320,5,phononTF,0.000914042,-0.000999623,0.000999189,0.0002625,177.621,0.00040764,1,-0.000503155,0.00154101,-0.0002625,1801.19
0,2807207,6,phononTS,0.00161952,-0.00300126,-0.0010016,0.000262498,1229.28,0.000936386,1,-0.0029128,-0.00105561,-0.0002625,1385.32
0,2810151,19,phononTF,0.000426093,0.00100099,0.00100285,0.0002625,18425,0.000426093,1,-0.000202875,-0.000158813,-0.0002625,19472.1
0,2811750,8,phononTS,0.000387314,-2.07145e-06,-0.00199914,0.000262498,5098.05,0.000387314,1,-7.37523e-05,-0.00209663,-0.0002625,5276.32
0,2820328,6,phononTS,0.00203085,-0.00191182,-0.00208118,-0.000262498,1148.35,0.001146,1,-0.00199992,-0.00200202,0.0002625,1302.39
0,2821840,9,phononTS,0.000612185,-0.00299957,-0.000996416,0.0002625,5905.89,0.000612185,1,-0.00170764,-0.00157058,-0.0002625,9128.93
0,2826980,9,phononL,0.000503739,0.00229248,-0.000911952,-0.0002625,4525.36,0.000382,1,0.000996135,-0.000996127,0.0002625,5554.39
0,2830252,9,phononTS,0.000578124,0.000510265,-0.000662447,-0.0002625,5873.04,0.000382,1,0.000999402,-0.000995339,0.0002625,10019.9
0,2837260,6,phononTS,0.000807005,0.00152672,-0.00241328,-0.000262499,4132.19,0.000382,1,0.00199547,-0.00200405,0.0002625,4462.38
0,2838956,16,phononTS,0.000478307,0.0014776,-0.00114363,-0.0002625,23496.2,0.000382,1,0.00200062,1.39639e-06,0.0002625,25856.5
0,2846091,29,phononTS,0.000609686,-0.00195585,-0.0019943,-0.0002625,10593.6,0.000382,1,-0.00199927,-0.00200371,0.0002625,11155.3
0,2846143,4,phononTS,0.0024687,-0.000131782,-0.00208942,0.000213947,10.8186,0.000382,1,9.69033e-07,-0.00200009,0.0002625,3165.76
0,2846509,6,phononTS,0.00130285,0.00332251,-0.00303496,-0.000262498,5421.95,0.000382,1,0.00200115,-0.00199923,0.0002625,6026.44
0,2848935,4,phononTS,0.00151996,-0.00302829,-0.00231858,-0.000262498,425.566,0.000382,1,-0.00200089,-0.00199715,0.0002625,881.36
0,2853676,12,phononTF,0.000591067,-0.00154117,0.000451503,-0.0002625,306.215,0.000382,1,-0.0010046,0.000996851,0.0002625,1692.04
0,2854103,14,phononTS,0.00064909,-0.00216212,-0.00254615,-0.000262498,1771.44,0.000382,1,-0.00299527,-0.000998669,0.0002625,2448.39
0,2858564,10,phononTF,0.000675271,-0.00126218,0.000776328,-0.0002625,718.73,0.000382,1,-0.00100014,0.00100281,0.0002625,6431.37
0,2859495,8,phononTF,0.000709927,-0.00205153,-0.00206227,-0.000262498,1321.7,0.000382,1,-0.00200329,-0.00200001,0.0002625,1480.21
0,2865443,14,phononTF,0.000388231,-0.005,-0.000149995,-2.47126e-05,10425,0.000382,1,-0.000998867,0.00300125,0.0002625,13984.7
0,2870171,8,phononTF,0.000424474,0.00250549,-0.00157294,-0.000262498,3176.76,0.000382,1,0.00200001,-0.00199896,0.0002625,3427.16
0,2870444,19,phononTF,0.00073537,-0.00299999,-0.00100144,0.0002625,391.65,0.000371516,1,-0.00246082,-0.000340125,-0.0002625,1017.3
0,2870626,10,phononTS,0.00057169,-0.00293156,-0.000948556,-0.000262498,788.46,0.000382,1,-0.00300076,-0.00100357,0.0002625,962.24
0,2870626,3,phononTS,0.00123813,-0.00356118,-0.00152416,0.000262498,45.8579,0.000472403,1,-0.00265071,-0.00278499,-0.0002625,662.658
0,2871696,5,phononTF,0.000839998,-0.000530053,-0.00245649,-0.0002625,995.4,0.000382,1,-4.19654e-06,-0.00199823,0.0002625,5298.4
0,2872307,5,phononTS,0.000581212,0.00103697,-0.00301858,-0.000262498,4756.76,0.000382,1,0.000997384,-0.00299766,0.0002625,4925.97
0,2874474,6,phononTF,0.000531429,-0.000177612,0.000142957,-0.0002625,1974.6,0.000382,1,1.64244e-06,-4.02767e-06,0.0002625,2487.7
0,2880512,10,phononTF,0.000626799,0.000350131,0.00241241,-0.0002625,2257.32,0.000382,1,-1.51517e-06,0.00200238,0.0002625,7111.58
0,2885126,8,phononTF,0.000385944,-0.000907966,-0.00106354,-0.0002625,2294.32,0.000382,1,0.00100469,-0.00300311,0.0002625,3536.93
0,2888991,5,phononL,0.00103754,-0.00110975,0.00353087,-0.0002625,210.87,0.000382,1,-0.00100387,0.00300314,0.0002625,2557.82
0,2908736,12,phononTS,0.000437102,0.00353264,0.0046785,-0.000262498,16328.6,0.000382,1,0.00200063,0.00200104,0.0002625,17431.8
0,2913448,10,phononTF,0.00102962,-0.00299562,-0.00100191,0.000262498,2796.87,0.000741616,1,-0.00323398,-0.000788189,-0.0002625,2980.35
0,2915021,8,phononTF,0.000530066,-0.00299636,-0.00100107,0.0002625,832.673,0.000530066,1,-0.00257273,-0.000570505,-0.0002625,1720.35
0,2916369,7,phononTS,0.00124446,0.00200443,0.00199852,0.000262498,7492.11,0.000177259,1,0.00207679,0.00204098,-0.0002625,7650.49
0,2923021,9,phononTF,0.000605801,-0.00292588,-0.00109465,-0.000262498,1233.19,0.000382,1,-0.00299778,-0.00100358,0.0002625,1393.65
0,2924083,7,phononTS,0.000787529,-0.00209463,-5.53953e-05,-0.0002625,494.306,0.000382,1,-0.00200402,-4.23762e-06,0.0002625,1551.61
0,2929775,6,phononTF,0.000754748,-0.00231307,-0.00228118,-0.000262498,780.145,0.000382,1,-0.00199884,-0.00200186,0.0002625,980.673
0,2931239,16,phononTF,0.00055666,1.20362e-07,0.00199696,0.0002625,4323.65,0.00055666,1,6.01858e-05,0.00206083,-0.0002625,4959.67
0,2934438,7,phononTS,0.00158154,0.000501279,-8.46414e-05,-0.000262498,5945.33,0.000764,1,6.74596e-07,3.56112e-06,0.0002625,6214.16
0,2934872,5,phononTS,0.000987383,-0.00299215,-0.000996444,-0.0002625,627.557,0.000382,1,-0.00299849,-0.00100402,0.0002625,969.848
0,2937881,6,phononTF,0.00133811,-0.00353795,-0.0015639,-0.000262498,213.305,0.000382,1,-0.00199789,2.32585e-07,0.0002625,887.486
0,2954215,16,phononTS,0.000995545,0.00299568,0.00100459,0.000262498,19077.2,0.000995545,1,0.0012888,0.00147869,-0.0002625,19796.6
0,2958112,8,phononTS,0.000765427,-0.00204542,-0.0004397,-0.0002625,3497.8,0.000382,1,-0.00200392,-4.10445e-06,0.0002625,4814.44
0,2958112,3,phononTS,0.000806953,-0.00353588,-0.00157487,0.000262498,109.971,0.000753693,1,-0.00279178,-0.0017317,-0.0002625,451.294
0,2964436,19,phononTS,0.000484141,0.000590353,-0.00116966,-0.000262498,31585.7,0.000382,1,0.00100075,-0.000999622,0.0002625,31860.1
0,2964488,9,phononTS,0.00042393,-8.79822e-05,6.68262e-05,-0.0002625,11559.1,0.000382,1,3.59499e-06,2.68954e-06,0.0002625,12024.2
0,2976626,22,phononTF,0.000426436,-0.00204538,-5.36796e-05,-0.000262499,1911.91,0.000382,1,-0.00200073,1.22486e-06,0.0002625,2070.12
0,2980745,10,phononTS,0.000689888,-0.00415431,0.00208263,-0.0002625,1982.41,0.000382,1,-0.00200437,2.11741e-06,0.0002625,6908.68
0,2983561,6,phononTS,0.000513346,-0.00199974,-4.77446e-06,0.000262498,1254.24,0.000513346,1,0.000167342,-0.00202302,-0.0002625,2215.14
0,2983561,2,phononTF,0.000666439,-0.00366364,-0.00171804,-0.0002625,10.3215,0.000666439,1,-0.005,-0.00122501,0.000251426,687.762
0,2988249,5,phononTS,0.000472542,-0.000358313,-0.00265244,-0.0002625,243.552,0.000382,1,0.001004,-0.00300414,0.0002625,1899.77
0,2988249,3,phononTF,0.00194242,-0.00353939,-0.00156746,0.000262498,8.18693,0.00138592,1,-0.00348302,-0.00140842,-0.0002625,178.13
0,2991871,7,phononTF,0.00262731,-0.00291342,-0.00106307,9.92253e-05,197.641,0.000764,1,-0.00299673,-0.000996735,0.0002625,1960.05
0,2992983,2,phononTS,0.00215667,-0.00262443,-6.49916e-05,-0.0002625,126.299,0.000382,1,-0.00200455,3.59496e-06,0.0002625,2047.5
0,2998890,8,phononTS,0.0017059,0.000993259,-0.00306795,0.000192927,2499.7,0.000764,1,0.000995164,-0.00299855,0.0002625,3208.63
0,2998890,9,phononTS,0.000701008,0.000995164,-0.00299855,0.000262498,3208.63,0.000670665,1,0.000918246,-0.00298089,-0.0002625,3363.78
0,3002216,8,phononTS,0.000530938,-0.000995894,0.00300464,0.000262498,2771.54,0.000530938,1,-0.00101872,0.0029548,-0.0002625,2929.1
0,3004588,6,phononTF,0.00117002,-0.0021743,-0.00043604,-0.0002625,834.665,0.000382,1,3.56911e-06,-1.62097e-06,0.0002625,8614.91
0,3005232,14,phononTS,0.000821983,8.75553e-05,8.18303e-05,-0.000262498,4138.89,0.000382,1,3.87788e-06,3.67201e-06,0.0002625,4293.14
0,3006689,27,phononTS,0.000405491,-0.00094797,0.00278426,-0.0002625,38522.4,0.000382,1,-0.00100402,0.00299752,0.0002625,40343.6
0,3008400,4,phononTS,0.000464184,-0.00165922,-0.000114818,-0.0002625,6685.22,0.000382,1,-0.000997867,0.00100404,0.0002625,7532.9
0,3008400,2,phononTS,0.0010194,-0.00350755,-0.00156764,0.000262498,5.93283,0.000922363,1,-0.00342493,-0.00100611,-0.0002625,305.791
0,3021960,6,phononTF,0.00287378,-0.00307839,-0.00108599,-0.0002625,588.779,0.000382,1,-0.00300145,-0.000997548,0.0002625,1362.47
0,3033829,10,phononTF,0.000950749,-0.00200292,-0.00200142,0.000262499,2558.71,0.000950749,1,-0.00194366,-0.00202409,-0.0002625,2717.44
0,3036057,23,phononTS,0.000435984,0.00115637,0.000146806,-0.0002625,15157.4,0.000382,1,0.00199681,-1.20985e-06,0.0002625,16234.4
0,3042479,3,phononTS,0.0028384,-0.00303026,-0.00100046,0.000231501,49.9303,0.000764,1,-0.00299893,-0.00100258,0.0002625,1744.25
0,3044572,9,phononTS,0.000695088,0.000996112,-0.00299908,0.000262498,3583.32,0.000695088,1,0.00146173,-0.00278776,-0.0002625,3877.09
0,3048223,3,phononTS,0.00123859,0.00171314,-0.0011214,-0.0002625,65.5644,0.000382,1,0.000998792,-0.000997684,0.0002625,6608.24
0,3053066,7,phononTF,0.000600969,-0.00108482,0.00110281,-0.0002625,11514.9,0.000382,1,-0.00100102,0.000995161,0.0002625,12332.6
0,3058449,11,phononTS,0.000485583,0.00102735,-0.00363132,-0.0002625,4260.12,0.000382,1,0.000998886,-0.00300436,0.0002625,7351.3
0,3062332,6,phononTS,0.00111736,-0.00299776,-0.0026222,-0.0002625,755.026,0.000764,1,-0.00199947,-0.00200467,0.0002625,2563.26
0,3062332,4,phononTS,0.00136098,-0.00475807,-0.00107215,-8.21388e-05,276.626,0.000746862,1,-0.00408236,-0.0018204,-0.0002625,1503.16
0,3067747,7,phononTS,0.000646763,-0.00102736,-0.000911477,-0.000262498,4994.67,0.000382,1,-0.00100389,-0.000998716,0.0002625,5175.9
0,3069137,6,phononTS,0.00048581,-0.00291325,-0.00226899,-0.000262498,359.2,0.000382,1,-0.00200015,-0.00199776,0.0002625,762.315
0,3075888,2,phononTF,0.00127781,-0.00328156,-0.00130053,-0.0002625,25.4064,0.000764,1,-0.00299703,-0.000996759,0.0002625,425.45
0,3082831,4,phononTF,0.00183445,-0.00133824,0.000612144,-0.0002625,234.44,0.000382,1,-0.00200454,-4.81351e-06,0.0002625,3414.5
0,3086423,8,phononTF,0.000481667,-0.00239061,0.000323094,-0.0002625,2975.65,0.000382,1,-0.00199747,-3.252e-06,0.0002625,4977.01
0,3091597,5,phononTS,0.00066341,-0.0030452,-0.000923208,-0.000262498,1383.95,0.000382,1,-0.00300254,-0.000998465,0.0002625,1561.21
0,3097812,5,phononTS,0.00209038,-0.00323226,-0.00101831,-0.0002625,782.503,0.000764,1,-0.00299826,-0.000995196,0.0002625,1489.4
0,3098272,17,phononL,0.000448086,-0.000556861,-0.00310218,-0.0002625,6304.22,0.000382,1,0.000996751,-0.00300123,0.0002625,8676.75
0,3099639,12,phononTF,0.000590221,-0.00182662,0.00185879,-0.0002625,14324.4,0.000382,1,-0.002004,0.0020021,0.0002625,14836
0,3101902,10,phononL,0.000757015,0.00096903,-0.00223098,-0.000262498,7642.67,0.000382,1,0.000999386,-0.0029966,0.0002625,7812.96
0,3102356,4,phononL,0.00123143,-0.00252918,-0.00185942,-0.0002625,180.722,0.000382,1,-0.00199648,-0.00199607,0.0002625,604.254
0,3102992,10,phononTS,0.000710439,-0.00301984,-0.00108989,-0.0002625,794.996,0.000382,1,-0.00299556,-0.00100461,0.0002625,1273.13
0,3102992,3,phononTF,0.000858905,-0.00351577,-0.00154411,0.000262498,16.0894,0.000858905,1,-0.00378061,-0.00126415,-0.0002625,210.568
0,3103070,12,phononTS,0.000845662,0.000998318,-0.0030007,0.000262498,5110.87,0.0002798,1,0.00228063,-0.00273372,-0.0002625,5632.55
0,3104142,3,phononTS,0.000452025,-0.002394,-0.0019085,-0.0002625,69.6161,0.000382,1,-0.00200177,-0.00199603,0.0002625,1035.57
0,3110950,8,phononTF,0.000562514,-0.00269015,-0.000734081,-0.000262498,1456.72,0.000382,1,-0.00200127,-2.06255e-06,0.0002625,1795.13
0,3114378,9,phononTF,0.00126912,0.005,-0.00498716,0.000145927,12297.4,0.000382,1,-0.00100018,-0.00100202,0.0002625,17180.6
0,3121329,11,phononTF,0.0010515,-0.00322242,-0.0012058,-0.000262498,210.551,0.000382,1,-0.0020011,1.82076e-06,0.0002625,747.062
0,3128262,17,phononTS,0.00078951,-0.00194897,0.000106217,-0.0002625,10254.8,0.000382,1,-0.002004,3.66785e-06,0.0002625,11061.4
0,3128275,15,phononTS,0.00042634,-0.000996728,-0.001,0.000262498,8148.62,0.00042634,1,-0.000927558,-0.00106971,-0.0002625,8303.63
0,3130131,3,phononTF,0.000395283,-0.00299902,-0.000998993,0.0002625,6.37223,0.000395283,1,-0.00274166,-0.000711711,-0.0002625,589.306
0,3133878,4,phononTF,0.00228558,-0.00356097,-0.00162634,-0.0002625,34.1429,0.000382,1,-0.00299827,-0.00100366,0.0002625,486.898
0,3133878,5,phononTF,0.00135004,-0.00299827,-0.00100366,0.000262498,486.898,0.000492158,1,-0.000475124,-0.00390165,-0.0002625,1654.9
0,3136947,9,phononTS,0.000539915,0.00125183,-0.00186538,-0.0002625,910.611,0.000382,1,0.00200265,-0.00199523,0.0002625,2688.69
0,3138320,12,phononTS,0.000608941,-0.00200355,7.08696e-07,0.0002625,3170.13,0.000608941,1,-0.00182205,0.000687408,-0.0002625,3859.87
0,3138320,9,phononTS,0.00158372,-0.00339815,-0.00146168,0.000262498,85.6722,0.000420136,1,-0.00246254,-0.00165893,-0.0002625,470.373
0,3143967,12,phononTF,0.000819798,-0.00248605,-0.00131497,-0.000262498,1972.93,0.000382,1,-0.00299955,-0.000996419,0.0002625,2233.9
0,3143967,4,phononTS,0.00084388,-0.00360342,-0.00135101,0.000262498,187.434,0.000661479,1,-0.00351898,-0.00142359,-0.0002625,360.953
0,3145618,23,phononTF,0.000764341,0.0010736,0.0010977,-0.0002625,2762.01,0.000382,1,0.000998119,0.00100105,0.0002625,6089.78
0,3145850,7,phononTS,0.00173404,-0.00197553,-0.000255456,-0.000262498,1003.1,0.000382,1,-0.00200166,-2.59072e-06,0.0002625,1216.59
0,3145850,9,phononTS,0.00102998,-0.00200166,-2.59072e-06,0.000262498,1216.59,0.00051402,1,-0.00195367,-4.86621e-05,-0.0002625,1388.68
0,3147078,19,phononTS,0.000531987,0.00148446,0.00240976,-0.0002625,4630.77,0.000382,1,0.00200234,0.00200443,0.0002625,6331.9
0,3148068,5,phononTS,0.00056283,-0.00200072,-0.00199532,0.0002625,3454.3,0.00056283,1,-0.00207659,-0.00207606,-0.0002625,3763.76
0,3148439,3,phononTF,0.00169325,-0.00327817,-0.00129282,-0.0002625,50.6818,0.000382,1,-0.00299692,-0.0010027,0.0002625,451.78
0,3151863,9,phononL,0.000393711,0.00199602,-2.67061e-07,0.000262498,4516.06,0.000393711,1,0.000906677,0.0010164,-0.0002625,4836.1
0,3151863,2,phononL,0.000560117,-0.00352232,-0.00155575,0.000262498,2.59157,0.000560117,1,-0.00393286,-0.00216476,-0.0002625,174.751
0,3157933,3,phononTF,0.00240991,-0.00325317,-0.00130213,-0.0002625,48.7357,0.000382,1,-0.00300497,-0.000999129,0.0002625,438.163
0,3158019,19,phononTS,0.000511278,-0.00183862,0.000854832,-0.0002625,357.268,0.000382,1,-0.00199688,-4.80666e-06,0.0002625,8152.18
0,3161366,8,phononTF,0.000402457,-0.005,-0.00144096,-0.000123107,2591.85,0.000382,1,-6.32796e-07,0.00200304,0.0002625,6553.31
0,3169267,4,phononTS,0.000839067,-0.00304774,-0.000956764,-0.000262498,556.012,0.000382,1,-0.00300145,-0.00100418,0.0002625,712.061
0,3169930,8,phononTS,0.000599931,-0.00206092,6.32614e-05,-0.000262498,2010.12,0.000382,1,-0.00200352,2.0976e-06,0.0002625,2165.65
0,3172795,3,phononTS,0.00112974,-0.00189347,-0.00113112,-0.0002625,12.1969,0.000382,1,-0.000996879,-0.000999704,0.0002625,1248.44
0,3173836,17,phononTS,0.000498315,0.00102663,-0.000944758,-0.000262498,16955.7,0.000382,1,0.00100441,-0.000995666,0.0002625,17124
0,3176636,4,phononTS,0.0014423,-0.00299607,-0.00100224,0.0002625,597.767,0.000328081,1,-0.00299816,-0.000927049,-0.0002625,1086.52
0,3183573,7,phononTF,0.000618137,-0.0029962,-0.00100135,0.0002625,872.06,0.000618137,1,-0.0032431,-0.00130851,-0.0002625,3339.56
0,3183573,4,phononTS,0.00190606,-0.00352836,-0.00159297,0.000262498,12.3856,0.000858786,1,-0.00354653,-0.00154979,-0.0002625,168.732
0,3185184,13,phononTS,0.00161237,-0.00300016,-0.000998795,0.0002625,933.43,0.000887143,1,-0.00290517,-0.000999387,-0.0002625,1304.02
0,3185960,17,phononTS,0.000472236,0.00203362,0.000627644,-0.0002625,1634.56,0.000382,1,0.00299784,0.000996653,0.0002625,4621.7
0,3192143,13,phononTF,0.000520535,-0.000998495,0.00100305,0.0002625,3054.92,0.000520535,1,-0.000826973,0.0011587,-0.0002625,3397.58
0,3192586,6,phononTF,0.000463758,-0.00200215,0.00200121,0.0002625,2031.3,0.000463758,1,-0.00197622,0.00206441,-0.0002625,2747.87
0,3195590,22,phononTF,0.000433112,-0.00100323,-0.000998612,0.000262498,10263.9,0.000433112,1,-0.00141773,-0.000505147,-0.0002625,10510.5
0,3195701,9,phononTS,0.000582136,0.000559867,-0.00202729,-0.000262498,6072.35,0.000382,1,1.59272e-06,-0.00200226,0.0002625,6347.12
0,3196277,6,phononTF,0.00108171,-0.00112647,0.000901508,-0.0002625,9377.05,0.000764,1,-0.00099605,0.000997884,0.0002625,10779.4
0,3198919,6,phononTF,0.000578869,0.00214438,-0.0018489,-0.0002625,2010.9,0.000382,1,0.00200323,-0.00199974,0.0002625,5989.7
0,3212286,11,phononTF,0.000389102,-0.000949634,-0.00106059,-0.0002625,4338.08,0.000382,1,-0.00199758,4.20723e-06,0.0002625,5452.95
0,3217200,7,phononTF,0.00107127,-0.00240667,0.000323901,-0.000262498,3118.11,0.000382,1,-0.00200118,-3.52889e-07,0.0002625,3350.13
0,3218535,8,phononTS,0.000596269,-0.000952011,-0.00103042,-0.0002625,4246.19,0.000382,1,-0.000995392,-0.000999913,0.0002625,6616.25
0,3218535,5,phononTF,0.00358826,-0.00301665,-0.00126741,-1.39054e-05,1313.57,0.00113946,1,-0.00356896,-0.00177643,-0.0002625,1793.15
0,3218807,9,phononTS,0.000728654,-0.002071,-0.000170826,-0.000262498,775.809,0.000382,1,-0.00200304,1.21117e-06,0.0002625,984.003
0,3223092,12,phononTF,0.000398961,-0.00300335,-0.00100109,0.000262498,961.939,0.000398961,1,-0.00291659,-0.000932705,-0.0002625,1122.07
0,3240610,7,phononTS,0.000438588,6.03294e-05,-0.00025194,-0.0002625,6507.92,0.000382,1,-5.70428e-07,-4.63019e-06,0.0002625,7426.08
0,3248769,5,phononTS,0.000515024,-0.00208572,0.00162885,-0.0002625,684.866,0.000382,1,-0.00200264,0.00200382,0.0002625,3979.03
0,3250322,3,phononTF,0.00179721,-0.00313698,-0.00112716,-0.0002625,25.2901,0.000382,1,-0.00300409,-0.00099753,0.0002625,690.684
0,3252622,10,phononTS,0.000781216,0.00194095,-0.00207932,-0.000262498,6840.72,0.000382,1,0.00199706,-0.00200385,0.0002625,6995.65
0,3255869,8,phononTS,0.000387088,0.00198113,-0.000128112,-0.0002625,4380.15,0.000382,1,0.00199583,3.54599e-06,0.0002625,6023.46
0,3257646,5,phononTS,0.00134649,-0.00303724,-0.00101661,-0.000262498,269.776,0.000382,1,-0.00300234,-0.000997461,0.0002625,447.974
0,3257646,9,phononTF,0.000902,-0.00300234,-0.000997461,0.000262498,447.974,0.000434946,1,-0.00306393,-0.00109967,-0.0002625,610.595
0,3257971,6,phononTF,0.000399851,-0.00329662,-0.00125781,-0.000262498,386.1,0.000382,1,-0.00299588,-0.00100035,0.0002625,581.891
0,3260479,14,phononTF,0.00102,-0.00350774,-0.00157822,-0.000262498,338.403,0.000382,1,-0.00299717,-0.00100096,0.0002625,615.886
0,3262906,3,phononTS,0.00131462,-0.0008816,-0.000391897,-0.0002625,16.6462,0.000382,1,5.11875e-08,2.06456e-06,0.0002625,1624.46
0,3266316,4,phononTS,0.00177851,1.29472e-07,-0.00202049,0.000149979,645.144,0.000382,1,4.21958e-07,-0.0020034,0.0002625,2153.9
0,3267753,6,phononTS,0.000591202,-0.00330719,-0.00125972,-0.000262498,988.327,0.000382,1,-0.00199554,-4.44782e-06,0.0002625,1689.49
0,3267956,3,phononTS,0.00272462,-0.00307675,-0.00108768,-0.0002625,28.314,0.001146,1,-0.00300446,-0.00099755,0.0002625,441.761
0,3268847,21,phononTS,0.000399318,-0.000178437,-0.00192247,-0.0002625,19351.5,0.000382,1,-1.31746e-06,-0.00200464,0.0002625,19930.8
0,3274839,6,phononTS,0.00136657,-0.000880649,-0.00105087,-0.0002625,15316.2,0.000382,1,-0.00100452,-0.00100203,0.0002625,18775.1
0,3276263,15,phononTF,0.00128492,-0.00317571,-0.00118482,-0.0002625,156.697,0.000764,1,-0.00300143,-0.000995588,0.0002625,680.413
0,3277260,8,phononTF,0.000493883,0.000654435,-0.0032853,-0.000262498,12682.3,0.000382,1,0.0010007,-0.00299601,0.0002625,12888
0,3279316,7,phononTS,0.000871209,-0.00195306,4.15485e-05,-0.0002625,8490.83,0.000382,1,-0.00199534,-4.48806e-06,0.0002625,9046.34
0,3279316,3,phononTF,0.00305036,-0.00402006,-0.00210868,-2.86756e-05,138.256,0.000328077,1,-0.00398896,-0.00206877,-0.0002625,1399.76
0,3298351,9,phononTS,0.00106589,-8.49341e-05,-0.00191999,-0.000262498,8146.83,0.000382,1,4.45695e-07,-0.00200411,0.0002625,8300.71
0,3298351,4,phononTF,0.000622367,-0.00348358,-0.00158852,0.000262498,25.3594,0.000549832,1,-0.00455111,-0.00224748,-0.0002625,459.603
0,3305820,8,phononTS,0.000835202,-0.00120449,-0.0013062,-0.000262499,5331.53,0.000382,1,-2.11367e-06,-0.00200465,0.0002625,5868.19
0,3311187,15,phononTS,0.000458827,-0.00292313,-0.00106029,-0.0002625,1468.16,0.000382,1,-0.00299888,-0.00100217,0.0002625,1982.5
0,3312147,12,phononTS,0.0014336,-0.00299906,-0.000999581,0.000262498,2968.77,0.00071378,1,-0.00306805,-0.00106922,-0.0002625,3123.79
0,3312403,5,phononTS,0.000411341,-0.00291919,-0.000946001,-0.000262499,2557.55,0.000382,1,-0.00299506,-0.000995483,0.0002625,2712.54
0,3314845,8,phononTS,0.000527902,-0.005,-0.00214454,0.0001522,902.212,0.000382,1,-0.0020008,2.70573e-06,0.0002625,2818.62
0,3315773,17,phononTF,0.000438721,-0.00233669,-0.000281277,-0.0002625,32970.2,0.000382,1,-0.00199979,2.78861e-07,0.0002625,38690.5
0,3320406,13,phononTS,0.000635406,-0.00199896,-0.00199986,0.0002625,300.541,0.000557585,1,-0.0019141,-0.00198401,-0.0002625,2411.35
0,3320825,10,phononL,0.000417917,0.000639974,-0.000343946,-0.0002625,9582.12,0.000382,1,2.8063e-06,4.79457e-06,0.0002625,11380.3
0,3322579,6,phononTF,0.000519677,0.000462747,0.00254689,-0.0002625,7141.07,0.000382,1,7.66495e-07,0.00200419,0.0002625,8454.59
0,3323075,8,phononTS,0.000894192,-0.00299964,-0.00100281,0.000262498,1213.88,0.000894192,1,-0.00308149,-0.000930729,-0.0002625,1368.82
0,3325615,11,phononTS,0.000903348,0.00199244,0.00102222,-0.0002625,19930.5,0.000382,1,0.00200017,-3.42974e-06,0.0002625,21192.5
0,3345331,11,phononTS,0.000555758,-0.00300264,-0.000996908,0.000262498,436.998,0.000555758,1,0.00190713,-0.00351477,-0.0002625,2327.78
0,3345444,2,phononTF,0.000630567,-0.00329115,-0.00134335,-0.0002625,4.56627,0.000382,1,-0.00299761,-0.000998278,0.0002625,393.592
0,3347834,16,phononTS,0.000512207,-0.00070395,-0.000435449,-0.0002625,4338.28,0.000382,1,-0.00100119,0.000999886,0.0002625,10919
0,3349136,4,phononTF,0.00150283,-0.00312732,-0.00113686,-0.0002625,46.5966,0.000382,1,-0.00299643,-0.00100397,0.0002625,712.359
0,3358824,15,phononTF,0.000559457,0.00124062,0.00130013,-0.000262498,15206.9,0.000382,1,0.00100085,0.00100119,0.0002625,15399.7
0,3361903,15,phononTS,0.00046214,0.00110035,0.000206054,-0.0002625,13550.1,0.000382,1,0.00100214,0.000995511,0.0002625,15280.3
0,3365384,9,phononTF,0.00103317,-0.00319943,-0.00126844,-0.000262498,393.469,0.000382,1,-0.00300206,-0.00100307,0.0002625,586.669
0,3366419,4,phononTS,0.00102892,-0.00225179,0.00139849,-0.0002625,40.859,0.000382,1,-0.00199981,0.0020004,0.0002625,2040.37
0,3366419,3,phononTS,0.001477,-0.00351168,-0.00161109,0.000262498,40.859,0.000802477,1,-0.00352747,-0.00209815,-0.0002625,306.947
0,3369504,6,phononTS,0.00068623,-0.000287209,-4.96573e-07,-0.0002625,2639.08,0.000382,1,-0.00100029,-0.00100358,0.0002625,7220.97
0,3374976,17,phononTS,0.000728802,-0.00358237,-0.005,3.06097e-05,763.008,0.000382,1,0.000999841,0.00100463,0.0002625,4728.08
0,3374976,2,phononTS,0.00518215,-0.00350543,-0.0010839,-0.000260467,37.8107,0.000476151,1,-0.00353333,-0.00106306,-0.0002625,987.249
0,3376154,8,phononL,0.000504105,-1.59784e-06,-3.62519e-07,0.0002625,3362.8,0.000504105,1,0.000780135,-0.00018493,-0.0002625,4075.01
0,3380077,7,phononTS,0.000405862,-0.0020268,0.00203359,-0.0002625,2328.17,0.000382,1,-0.00200074,0.00199656,0.0002625,3423.24
0,3380474,30,phononTS,0.000660017,-0.000660848,-0.000307154,-0.0002625,1144.97,0.000382,1,-0.001,0.00100387,0.0002625,2760.01
0,3387709,17,phononTF,0.000475416,0.00243891,-0.00189377,-0.0002625,18620.4,0.000382,1,-4.69001e-06,-0.00200065,0.0002625,20435.4
0,3392290,6,phononTF,0.00104293,0.00328013,0.00125792,-0.000262498,2721.59,0.000382,1,0.00200137,-4.15027e-06,0.0002625,3283.94
0,3394163,7,phononTS,0.000944596,0.00354813,0.00140797,-0.0002625,6973.67,0.000382,1,0.00200419,0.00199891,0.0002625,18275.3
0,3394529,15,phononTS,0.000563053,-0.0029021,-0.000717945,-0.000262498,1366.14,0.000382,1,-0.00300483,-0.00100489,0.0002625,1602.79
0,3401488,19,phononTF,0.000384784,-0.00299913,-0.00100169,0.000262498,2729.38,0.000384784,1,-0.00452638,-0.005,3.92083e-05,4040.54
0,3411783,23,phononTF,0.000533994,-0.00100239,-0.000998011,0.0002625,12235.3,0.000533994,1,-0.00176353,-0.00179462,-0.0002625,12964
0,3412051,10,phononTS,0.000553627,0.00187073,0.000986351,-0.0002625,17003.1,0.000382,1,0.00100062,0.00100381,0.0002625,18856.5
0,3415397,14,phononTS,0.000501751,0.00100045,-0.000997031,0.000262498,16913.7,0.000501751,1,0.000547607,-0.00125526,-0.0002625,17212.2
0,3417247,8,phononTF,0.000482954,0.000512593,-0.000597834,-0.0002625,7308.17,0.000382,1,-2.51768e-06,5.68019e-07,0.0002625,8190.66
0,3422824,6,phononTS,0.0012945,-0.00308739,-0.00124104,-0.000262498,149.183,0.000764,1,-0.00300452,-0.00100313,0.0002625,355.038
0,3425282,2,phononTS,0.00176694,0.00198884,0.00199889,0.000163831,680.196,0.000764,1,0.00199515,0.00199746,0.0002625,7289.32
0,3430378,3,phononTS,0.00276532,-0.005,-0.00351681,-8.3948e-05,7.61746,0.001146,1,-0.00300078,-0.00100131,0.0002625,2235.1
0,3431973,11,phononTS,0.000612541,0.00208601,-7.35538e-05,-0.000262498,2926.53,0.000382,1,0.00199671,3.70168e-06,0.0002625,3080.63
0,3433597,2,phononTS,0.0022663,-0.000191083,-0.00122387,-0.0002625,43.2045,0.000764,1,0.00200285,-0.00200298,0.0002625,4224.51
0,3433597,6,phononTS,0.000544292,0.00200285,-0.00200298,0.000262498,4224.51,0.000544292,1,0.00228902,-0.00131649,-0.0002625,4584.38
0,3436449,10,phononTF,0.000472949,-0.00221254,-0.000211828,-0.0002625,585.253,0.000382,1,-0.00200316,-2.98715e-06,0.0002625,1861.25
0,3456709,6,phononTS,0.000467491,6.85991e-05,0.00207017,-0.000262498,1546.57,0.000382,1,-2.70291e-06,0.0020008,0.0002625,1701.5
0,3459591,11,phononTS,0.00119772,-0.00213487,-0.000742125,-0.0002625,919.226,0.000382,1,4.47192e-07,-5.28093e-07,0.0002625,2578.96
0,3459591,12,phononTS,0.000440016,4.47192e-07,-5.28093e-07,0.000262498,2578.96,0.000440016,1,-0.000507516,-0.000203327,-0.0002625,2881.55
0,3460124,5,phononTF,0.000405534,-0.00100056,0.0029991,0.0002625,189.657,0.000405534,1,0.000701604,0.0047261,-0.0002625,6159.6
0,3462343,4,phononTF,0.00454854,-0.00305324,-0.00105694,0.000218359,469.868,0.001146,1,-0.00299512,-0.00100492,0.0002625,886.332
0,3462676,11,phononTF,0.000914105,0.00164611,-1.00989e-05,-0.0002625,10450.5,0.000382,1,0.00199914,2.95736e-06,0.0002625,12064
0,3467077,4,phononTF,0.00164016,-0.00312916,-0.00113974,-0.0002625,4.5384,0.000382,1,-0.00299968,-0.000998359,0.0002625,672.184
0,3467077,5,phononTS,0.000813968,-0.00299968,-0.000998359,0.000262498,672.184,0.000668765,1,0.000746701,0.00322702,-0.0002625,2458.4
0,3469755,5,phononL,0.00155462,-0.00345516,-0.000828474,-0.0002625,789.966,0.001146,1,-0.00300139,-0.000999102,0.0002625,1463.47
0,3471331,5,phononTS,0.00128116,-0.000980142,-0.000965662,-0.0002625,5095.95,0.000764,1,-0.00100207,-0.000995415,0.0002625,7638.96
0,3471806,4,phononTS,0.00293468,-0.000391417,-0.00382765,-0.0002625,36.4484,0.001146,1,0.00100472,-0.00300073,0.0002625,5144.41
0,3471806,6,phononTS,0.000543605,0.00100472,-0.00300073,0.000262498,5144.41,0.000543605,1,0.000973279,-0.00275496,-0.0002625,5355.86
0,3471806,5,phononTS,0.000395009,0.0036918,-0.005,-0.00010724,5144.41,0.000395009,1,0.00198012,-0.00268831,-0.0002625,7145.63
0,3476757,5,phononTF,0.000424428,-0.00204106,-0.00203557,-0.000262498,907.06,0.000382,1,-0.00200199,-0.00200083,0.0002625,1064.66
0,3479684,9,phononTS,0.000594477,-0.00150211,-0.000323374,-0.0002625,2051.01,0.000382,1,-1.67015e-07,-4.62977e-06,0.0002625,3827.71
0,3479999,8,phononTF,0.000820563,-0.00334494,-0.00061526,-0.0002625,1420.33,0.000382,1,-0.00300316,-0.00100057,0.0002625,2032.41
0,3482032,3,phononTS,0.000388346,-0.00380881,-0.0017198,-0.0002625,25.3013,0.000382,1,-0.00200278,-3.96959e-06,0.0002625,2240.51
0,3495327,6,phononTF,0.000814578,-0.0030001,-0.00100308,0.0002625,511.836,0.000814578,1,-0.00259282,-0.000200083,-0.0002625,1203.19
0,3495327,4,phononTF,0.00135727,-0.00353313,-0.0015631,0.000262498,5.46816,0.00115932,1,-0.00380505,-0.00123072,-0.0002625,206.83
0,3495327,3,phononTF,0.000470971,-0.00353313,-0.0015631,0.000262498,5.46816,0.000470971,1,-0.00272535,-0.00232381,-0.0002625,371.775
0,3499193,20,phononTS,0.000436477,-0.00099801,-0.00100307,0.000262498,4344.78,0.000436477,1,-0.0009096,-0.000980132,-0.0002625,4504.2
0,3499644,12,phononTF,0.000400044,0.000954569,-0.00311641,-0.0002625,4564.37,0.000382,1,0.00100488,-0.00299526,0.0002625,8479.68
0,3500611,6,phononTS,0.00223356,-0.00116133,0.00315424,-0.0002625,2679.79,0.001146,1,-0.00100067,0.00300263,0.0002625,3777.05
0,3504434,3,phononTS,0.00222382,-7.23634e-05,-0.00276774,-0.0002625,98.3523,0.000764,1,0.00100098,-0.00299721,0.0002625,3079.58
0,3508497,5,phononTF,0.00167989,-0.00200286,-0.00199852,0.0002625,716.571,0.00123338,1,-0.00196672,-0.00195859,-0.0002625,1031.88
0,3508497,2,phononTF,0.00390267,-0.00336413,-0.000836439,9.66065e-05,9.50053,0.000432256,1,-0.00321505,-0.000812711,-0.0002625,586.632
0,3511923,9,phononTS,0.000463468,-0.00132565,0.00119082,-0.0002625,6899.97,0.000382,1,-0.00199858,0.00199718,0.0002625,8278.91
0,3514287,7,phononTS,0.00172641,0.000997448,0.000996132,0.0002625,2799.63,0.00150883,1,0.000922051,0.00107292,-0.0002625,12540.5
0,3516519,9,phononTF,0.000665025,-0.0032158,-0.00126528,-0.000262498,414.809,0.000382,1,-0.00300408,-0.000998811,0.0002625,600.575
0,3518350,12,phononTS,0.000445297,-0.00281001,0.000119382,-0.0002625,2223.76,0.000382,1,-0.0019962,-3.55688e-06,0.0002625,4712.56
0,3521519,19,phononTF,0.000536541,0.005,0.00147085,0.000157398,7675.58,0.000382,1,-0.000999576,-0.00099601,0.0002625,18568.8
0,3526335,7,phononTS,0.000716054,-0.00203433,0.0019807,-0.000262498,3640.45,0.000382,1,-0.00199974,0.0019997,0.0002625,3809.91
0,3536135,22,phononTS,0.000908752,-0.000854609,-0.00034347,-0.0002625,2163.91,0.000382,1,4.25747e-06,-3.80642e-06,0.0002625,3402.33
0,3541123,3,phononTF,0.00231131,-0.00289515,-0.00111141,-0.0002625,17.548,0.000382,1,-0.00300226,-0.000999066,0.0002625,633.636
0,3543208,11,phononTF,0.000826421,-0.000689749,0.00328005,-0.000262498,6149.46,0.000382,1,-0.000995428,0.00299766,0.0002625,6351.15
0,3543892,4,phononTF,0.00102793,-0.00349661,-0.00150048,-0.0002625,496.466,0.000764,1,-0.00300125,-0.000997647,0.0002625,920.542
0,3545231,5,phononTF,0.000929767,-0.00312554,-0.0011379,-0.0002625,2.78055,0.000382,1,-0.00299519,-0.000995461,0.0002625,678.074
0,3548681,8,phononTF,0.000571007,-0.000817713,-0.00114014,-0.0002625,5381.25,0.000382,1,2.46985e-07,-4.56948e-06,0.0002625,8044.81
0,3556427,12,phononTS,0.00248553,0.00106116,0.00106934,-0.0002625,113.931,0.000382,1,0.0010045,0.00100261,0.0002625,8732.69
0,3556963,11,phononTS,0.00122764,0.00180031,0.00283809,-0.0002625,925.353,0.000382,1,0.00200055,0.00200025,0.0002625,4832.5
0,3560989,7,phononTS,0.00074015,-0.00208714,-5.28326e-05,-0.000262498,3799.24,0.000382,1,-0.00199541,8.80543e-07,0.0002625,3955.19
0,3561669,8,phononTF,0.000452757,-0.000725795,-0.005,2.31107e-05,10143.2,0.000382,1,-0.000996255,-0.00100414,0.0002625,11460.6
0,3563461,10,phononTF,0.000473871,0.00200435,-0.00200481,0.000262499,7800.16,0.000473871,1,0.00244611,-0.00150047,-0.0002625,8053.51
0,3568829,10,phononTS,0.000983986,0.000272026,0.000919697,-0.0002625,624.913,0.000764,1,0.000999517,0.000996771,0.0002625,4113.78
0,3570331,12,phononTS,0.000599247,-9.16456e-05,0.000847655,-0.000262498,3110.19,0.000382,1,-4.66016e-07,8.25145e-07,0.0002625,3471.72
0,3570331,2,phononTS,0.00440081,-0.00354529,-0.00155731,0.000232114,14.8685,0.00109297,1,-0.00352452,-0.00158256,-0.0002625,166.278
0,3572104,4,phononTF,0.000838072,-0.00325893,-0.00126992,-0.0002625,129.011,0.000382,1,-0.00300107,-0.000996301,0.0002625,514.656
0,3573545,5,phononTF,0.00078861,-0.00321511,-0.00116987,-0.000262498,310.683,0.000382,1,-0.00299804,-0.000997229,0.0002625,487.299
0,3575415,7,phononTF,0.000508234,-0.00304307,-0.000984196,-0.0002625,2003.27,0.000382,1,-0.00299991,-0.000996158,0.0002625,2798.21
0,3575415,8,phononTS,0.00298061,-0.00470954,-0.00117662,-0.000253907,880.85,0.00298061,1,-0.005,-0.00144252,-0.000174699,1010.45
0,3584101,7,phononTS,0.00136875,-0.00177004,-0.00193523,-0.0002625,1071.67,0.000382,1,-0.00200346,-0.00199545,0.0002625,1688.23
0,3592340,4,phononL,0.00248446,-0.00333338,-0.00108606,-0.0002625,16.7523,0.000764,1,-0.00299926,-0.000997325,0.0002625,489.336
0,3592369,5,phononTF,0.000522048,-0.00353912,-0.00155596,-0.000262498,189.93,0.000382,1,-0.00300124,-0.00100484,0.0002625,468.317
0,3592369,2,phononTS,0.00276106,-0.00384767,-0.00129837,-1.26622e-05,32.9058,0.000310697,1,-0.00397379,-0.00132279,-0.0002625,774.208
0,3597092,12,phononTS,0.000516924,0.00196996,3.85195e-05,-0.0002625,21170.7,0.000382,1,0.00199521,-1.27396e-06,0.0002625,26908.3
0,3597695,6,phononTS,0.000845207,-0.000486051,-0.00149476,-0.000262498,2298.51,0.000764,1,-5.14264e-08,-0.00200298,0.0002625,2652.85
0,3600827,7,phononTS,0.000891576,-0.00283067,-0.000935567,-0.000262498,1089.7,0.000382,1,-0.00299885,-0.000995335,0.0002625,1282.51
0,3607467,18,phononL,0.000420044,0.00185266,0.00249127,-0.0002625,12096.9,0.000382,1,0.0020012,0.00200438,0.0002625,12779.3
0,3609055,10,phononTS,0.000490537,0.00099998,-0.0010044,0.0002625,7291.82,0.000490537,1,0.00176644,0.000151398,-0.0002625,11205.2
0,3610377,10,phononTS,0.00051006,-0.00101185,-0.00014202,-0.0002625,810.252,0.000382,1,-0.00100356,-0.00100217,0.0002625,2845.2
0,3613428,13,phononTF,0.000424716,-0.005,-3.69872e-05,-0.00022821,4352.23,0.000382,1,-0.0029955,-0.000999038,0.0002625,6287.9
0,3639731,24,phononTS,0.000504227,-0.00339396,0.00412557,-0.0002625,1985.03,0.000382,1,-0.00199871,0.00199739,0.0002625,9632.6
0,3642300,8,phononTF,0.00119828,-0.000511238,0.00149336,-0.0002625,1379.85,0.000382,1,-4.9699e-06,0.00199871,0.0002625,3265.28
0,3643562,3,phononL,0.00257096,-0.00186744,-0.000278764,-0.0002625,251.099,0.000382,1,-0.00199635,-2.61703e-06,0.0002625,1305.71
0,3649315,11,phononTS,0.00222117,-0.00295784,-0.00108784,-0.000262498,2774.7,0.001146,1,-0.00300391,-0.000999199,0.0002625,2964.93
0,3652985,3,phononTS,0.00210163,-0.00276915,-0.00079413,0.000108368,33.6055,0.00135654,1,-0.00143438,-0.00224249,-0.0002625,1343.72
0,3659111,10,phononTS,0.000481742,-0.000297547,-0.00278527,-0.0002625,13277.4,0.000382,1,-2.30707e-06,-0.00200478,0.0002625,17929.6
0,3659111,4,phononTS,0.00313146,-0.00461919,-0.00198139,-0.000157208,379.117,0.00252919,1,-0.00467596,-0.00192772,-0.0002625,665.451
0,3661819,8,phononTS,0.00076696,0.000992618,0.000941204,-0.0002625,1966.52,0.000382,1,0.000996176,0.001003,0.0002625,3360.11
0,3665080,12,phononL,0.000485386,0.00257525,-0.00196914,-0.000262498,4297.94,0.000382,1,0.00199536,-0.00199576,0.0002625,4442.14
0,3672957,17,phononTS,0.000430248,-0.0032622,-0.00151494,-0.000262498,1323.88,0.000382,1,-0.00200257,-0.00199981,0.0002625,1855.26
0,3673194,10,phononTS,0.000474057,0.00464398,0.00150798,-0.0002625,6869.3,0.000382,1,0.00300336,0.000999432,0.0002625,9375.93
0,3673314,6,phononTS,0.000963324,-0.00105594,0.00295507,-0.0002625,8930.49,0.000382,1,-0.000995032,0.00300154,0.0002625,19367.5
0,3693056,8,phononTS,0.000497869,0.00193032,-0.00191951,-0.0002625,10140.3,0.000382,1,0.00200314,-0.00199814,0.0002625,16440.6
0,3698700,28,phononTS,0.000525684,-0.0008918,0.000420952,-0.0002625,2883.75,0.000382,1,-0.000996835,0.000998411,0.0002625,4900.96
0,3699465,22,phononTS,0.000723481,-0.00295973,-0.00147392,-0.000262498,979.564,0.000382,1,-0.00199775,-0.00199667,0.0002625,1417.79
0,3700825,12,phononTS,0.00081993,-0.00205699,-4.76807e-05,-0.000262498,2554.89,0.000382,1,-0.00199583,-1.94784e-06,0.0002625,2740.71
0,3700825,13,phononTF,0.000432122,-0.00199583,-1.94784e-06,0.000262498,2740.71,0.000432122,1,-0.00149708,-0.000561286,-0.0002625,3013.15
0,3706347,11,phononTF,0.000689732,0.00065654,-0.0027316,-0.000262498,4611.77,0.000382,1,-1.26139e-06,-0.00199594,0.0002625,4944.46
0,3706347,4,phononTS,0.00258385,-0.00391814,-0.00217594,-7.19939e-05,1309.38,0.000547727,1,-0.0039325,-0.00215681,-0.0002625,1365.98
0,3707499,15,phononTS,0.00053601,-0.00299939,-0.00100097,0.000262498,583.359,0.00053601,1,-0.00308435,-0.00131677,-0.0002625,806.695
0,3709408,15,phononTS,0.000538823,-6.93448e-05,0.00206808,-0.0002625,10262.4,0.000382,1,-3.75805e-06,0.00199801,0.0002625,10728
0,3711397,4,phononTF,0.000472915,-0.00138135,0.000663181,-0.0002625,2346.39,0.000382,1,-0.000998327,0.00100012,0.0002625,3436.57
0,3714938,6,phononTS,0.00077822,-0.00299519,-0.000999181,0.000262498,3194.87,0.000337418,1,-0.00301259,-0.00108845,-0.0002625,3381.29
0,3717348,15,phononTS,0.000432793,0.00265776,0.00194263,-0.000262498,2840.69,0.000382,1,0.00199784,0.00199638,0.0002625,3151.61
0,3719562,12,phononTS,0.000596154,-0.000562942,0.000154578,-0.0002625,19035,0.000382,1,-0.00100373,-0.00100383,0.0002625,20553.7
0,3720277,2,phononTF,0.00149871,-0.00300348,-0.00100212,0.0002625,124.549,0.00100723,1,-0.0035033,-0.000532926,-0.0002625,769.832
0,3721586,25,phononL,0.00129898,-0.00300485,-0.0010032,0.0002625,1044.02,0.000406691,1,-0.0027592,-0.000750394,-0.0002625,1287.84
0,3724973,25,phononTS,0.000474641,0.00193692,-0.00257678,-0.000262498,5824.78,0.000382,1,0.00199535,-0.00199817,0.0002625,6114.13
0,3726187,12,phononTF,0.000472381,0.00196691,9.87839e-05,-0.000262498,13866.9,0.000382,1,0.00200044,4.56554e-06,0.0002625,14028.5
0,3728455,7,phononTS,0.000869427,-0.00300297,-0.000997029,0.0002625,1502.35,0.000777506,1,-0.00307041,-0.00108764,-0.0002625,1811.9
0,3728455,2,phononTS,0.00109728,-0.00352642,-0.00154059,0.000262498,8.06705,0.000216966,1,-0.00369923,-0.00152563,-0.0002625,209.369
0,3728891,15,phononTS,0.000616749,0.00105257,-0.000988322,-0.000262498,10461.3,0.000382,1,0.000998261,-0.000998257,0.0002625,10638.7
0,3737742,16,phononTF,0.000539225,-0.00142359,0.00153066,-0.0002625,11874.9,0.000382,1,-0.000997408,0.00299647,0.0002625,13494.8
0,3746602,9,phononTS,0.000431242,-0.00030393,-0.000374887,-0.0002625,12889.4,0.000382,1,0.00200295,0.00200236,0.0002625,16125.6
0,3748955,9,phononTS,0.000458977,0.00106929,0.000911623,-0.0002625,1876.24,0.000382,1,0.00100455,0.00100322,0.0002625,4554.98
0,3754730,15,phononTS,0.00140463,-0.00178444,-0.00467155,-0.0002625,1891,0.000382,1,0.0019957,-0.002001,0.0002625,7089.13
0,3763487,10,phononTS,0.000439039,0.000287395,-0.00123528,-0.0002625,526.221,0.000382,1,0.00100283,-0.00100115,0.0002625,4279.4
0,3764550,18,phononTF,0.00057495,-0.0017193,-0.000328539,-0.0002625,1392.57,0.000382,1,-0.00199685,2.38697e-07,0.0002625,1999.28
0,3766862,6,phononTS,0.000896473,-0.00112902,-0.00133938,-0.0002625,3763.12,0.000382,1,3.00579e-06,-0.00199807,0.0002625,4469.87
0,3767441,11,phononTF,0.000527439,-0.00100053,-0.000996074,0.0002625,6480.32,0.000527439,1,-0.00153826,-0.000536887,-0.0002625,7746.48
0,3768354,8,phononTS,0.000997245,0.00167907,-0.00323514,-0.0002625,2869.54,0.000382,1,-0.00100358,-0.000997256,0.0002625,6943.52
0,3768354,2,phononL,0.00299066,-0.00378651,-0.00181891,-0.000229953,417.502,0.00120835,1,-0.00375297,-0.00179873,-0.0002625,604.939
0,3775474,3,phononTF,0.0022535,0.00166058,-0.00228542,-0.000184577,17.4261,0.001146,1,0.00199927,-0.00200102,0.0002625,8502.44
0,3776125,24,phononTF,0.000765005,-0.0010767,-0.000937511,-0.000262498,8781.71,0.000382,1,-0.000995116,-0.000995233,0.0002625,8942.35
0,3780474,12,phononTS,0.000440437,0.00152623,-0.00299134,-0.0002625,15247.4,0.000382,1,0.00100139,-0.00300151,0.0002625,18252.6
0,3780833,8,phononTF,0.000532336,-0.0013479,-0.00135714,-0.0002625,639.543,0.000382,1,-0.00100101,-0.000995568,0.0002625,2778.43
0,3789416,6,phononTF,0.000705346,6.12381e-05,8.17287e-05,-0.000262498,14898.4,0.000382,1,-1.326e-06,-1.54284e-06,0.0002625,15059.3
0,3791088,7,phononTF,0.00078696,-0.00200022,2.14429e-06,0.0002625,1851.11,0.000372019,1,-0.00168258,-0.000272128,-0.0002625,2251.43
0,3791892,18,phononTS,0.00040735,-0.00200303,-0.00199865,0.0002625,7883.46,0.00040735,1,-0.00173743,-0.00191511,-0.0002625,8307.33
0,3791892,11,phononTF,0.00180855,-0.0044284,7.06698e-05,4.79541e-05,1021.03,0.000478103,1,-0.00469328,-0.000320323,-0.0002625,1368.53
0,3799213,19,phononTF,0.00103703,-0.00307786,-0.000939619,-0.000262498,1484.5,0.000382,1,-0.00300255,-0.00100235,0.0002625,1643.98
0,3801425,8,phononTF,0.000401927,-0.00261765,0.00138269,-0.0002625,8669.72,0.000382,1,-0.00200257,0.00199846,0.0002625,9592.81
0,3801425,2,phononTF,0.00086407,-0.00351408,-0.00150523,0.000262498,38.7568,0.000452753,1,-0.00354175,-0.00149455,-0.0002625,196.009
0,3804377,10,phononTF,0.00105038,-0.00134285,-0.00085632,-0.0002625,3040.53,0.000382,1,-0.000995712,-0.00100347,0.0002625,13640.7
0,3808877,13,phononTS,0.000443435,-0.00299679,-0.00100332,0.0002625,2373.5,0.000443435,1,-0.00142521,-0.00254103,-0.0002625,4020.91
0,3809570,4,phononTS,0.000692396,-0.00109542,-0.0024544,-0.000262498,3280.93,0.000382,1,-0.00199547,-0.00200292,0.0002625,3692.75
0,3809570,2,phononTF,0.00698469,-0.00370543,-0.00130316,-0.000255334,448.863,0.00136378,1,-0.0037162,-0.0013146,-0.0002625,1715.23
0,3820415,4,phononTF,0.00153103,-0.00328978,-0.00133737,-0.000262498,209.408,0.000382,1,-0.00300425,-0.00100207,0.0002625,413.73
0,3820415,7,phononTS,0.000708975,-0.00300425,-0.00100207,0.000262498,413.73,0.000230292,1,-0.00202524,7.35561e-05,-0.0002625,1000.21
0,3822993,8,phononTS,0.000449132,-0.00331623,0.00151017,-0.000262498,3422.16,0.000382,1,-0.00199529,4.63864e-07,0.0002625,4119.9
0,3823724,5,phononTF,0.00106109,-0.00348517,-0.00156401,-0.000262498,169.182,0.000382,1,-0.00300006,-0.00100018,0.0002625,439.614
0,3823724,6,phononL,0.000488661,-0.00300006,-0.00100018,0.000262498,439.614,0.000488661,1,-0.00265093,-0.000955838,-0.0002625,561.044
0,3823724,3,phononTF,0.00276417,-0.00352978,-0.00155966,0.000262498,8.45265,0.000486053,1,-0.00322117,-0.00190301,-0.0002625,216.922
0,3825517,12,phononTS,0.000576707,0.000933434,-0.00298472,-0.0002625,4671.23,0.000382,1,0.00100248,-0.00300377,0.0002625,5138.49
0,3825517,8,phononTS,0.00128686,-0.00359537,-0.00159473,0.000262498,94.4644,0.000364633,1,-0.00354773,-0.0018415,-0.0002625,314.943
0,3826977,4,phononL,0.000451867,-0.00231157,-0.00180084,-0.000262498,783.181,0.000382,1,-0.00199722,-0.00199854,0.0002625,906.499
0,3829556,7,phononTF,0.000529179,-0.00236907,-0.0022273,-0.0002625,10831.2,0.000382,1,-0.00199765,-0.00200276,0.0002625,17772.1
0,3834630,6,phononTF,0.000771135,0.00273218,0.000798523,-0.0002625,297.873,0.000382,1,0.0019972,2.39756e-07,0.0002625,7643.75
0,3836604,13,phononTF,0.000664644,0.00245014,-0.00242346,-0.0002625,21583.3,0.000382,1,0.00199554,-0.00200326,0.0002625,23214.4
0,3838531,10,phononL,0.000619953,-0.00282325,-0.00158083,-0.0002625,449.957,0.000382,1,-0.00300231,-0.00099688,0.0002625,874.638
0,3839492,21,phononL,0.000840572,-0.00257843,-0.00184853,-0.0002625,335.259,0.000382,1,-0.00199922,-0.00199997,0.0002625,630.342
0,3841713,20,phononTS,0.00065641,0.00100307,-0.000997114,0.000262498,13661.3,0.00065641,1,0.00091828,-0.000912298,-0.0002625,13815.2
0,3842751,7,phononTS,0.00097434,-0.000977846,0.00189923,-0.0002625,1468.18,0.000382,1,-0.000997791,0.00100129,0.0002625,8743.9
0,3842821,10,phononTF,0.000406695,-0.00157619,-0.00156262,-0.000262498,2466.95,0.000382,1,-0.00100263,-0.00100361,0.0002625,2758.4
0,3843908,6,phononTF,0.000403521,-0.00329254,-0.00130745,-0.000262498,523.915,0.000382,1,-0.0029976,-0.00100131,0.0002625,725.678
0,3845340,4,phononTS,0.00130039,-0.00313666,-0.00165481,-0.0002625,152.061,0.000764,1,-0.00199564,-0.0019956,0.0002625,3016.46
0,3845340,2,phononTS,0.0024955,-0.00352615,-0.00159739,0.000262498,22.4042,0.00111795,1,-0.00309152,-0.0016777,-0.0002625,274.835
0,3849753,13,phononTF,0.000400719,-1.61319e-07,2.1883e-06,0.000262498,13021,0.000400719,1,0.000574439,0.000494782,-0.0002625,13294.5
0,3854763,35,phononTS,0.000603551,0.00205534,5.05442e-05,-0.0002625,12187.7,0.000382,1,0.00199736,-3.65629e-06,0.0002625,12654.7
0,3874509,6,phononTS,0.00261383,-0.00307307,-0.00107946,-0.0002625,332.141,0.000764,1,-0.0030019,-0.00100377,0.0002625,796.844
0,3874509,7,phononTS,0.00140586,-0.0030019,-0.00100377,0.000262498,796.844,0.000251446,1,-0.00293205,-0.000917611,-0.0002625,951.683
0,3876387,4,phononTS,0.000388774,-0.00199732,-3.69666e-06,0.0002625,3311.21,0.000388774,1,-0.00197582,-9.04078e-05,-0.0002625,3630.63
0,3876387,2,phononTS,0.00715725,-0.00372252,-0.00138258,-0.0002279,1110.5,0.00446445,1,-0.00366282,-0.00140913,-0.0002625,1350.39
0,3876674,2,phononL,0.00180805,-0.00170265,0.00235421,-0.0002625,55.6525,0.000382,1,-0.00199887,0.00200204,0.0002625,1580.55
0,3876674,7,phononTS,0.000476034,-0.005,0.00328931,2.34111e-06,1580.55,0.000476034,1,-0.00468639,0.00415355,-0.0002625,3139.35
0,3879437,7,phononL,0.00176773,-0.00357198,-0.00152056,-0.000262498,162.252,0.000382,1,-0.00300438,-0.000997704,0.0002625,341.95
0,3881402,6,phononTF,0.00194196,-0.00135883,-0.00129983,-0.0002625,3281.17,0.001146,1,-0.00099995,-0.000998915,0.0002625,3973.18
0,3890236,13,phononTF,0.00077337,-0.00331412,-0.00135455,-0.0002625,2254.81,0.000382,1,-0.00300325,-0.000995588,0.0002625,2888.93
0,3890628,8,phononTF,0.000410887,-0.000206619,-0.00229661,-0.0002625,6364.77,0.000382,1,0.00100289,-0.000997166,0.0002625,20559.4
0,3892678,18,phononTF,0.000605666,-0.00200059,0.00200003,0.000262498,10006.2,0.000605666,1,-0.00231105,0.00222299,-0.0002625,10210.6
0,3907703,7,phononTS,0.00124446,-0.00300622,-0.000932656,-0.000262498,1098.43,0.000382,1,-0.00299997,-0.00100318,0.0002625,1272.92
0,3909907,7,phononTF,0.000442553,0.00200045,-0.00199902,0.0002625,3506.95,0.000442553,1,0.00209376,-0.00229338,-0.0002625,11124.7
0,3910192,5,phononTS,0.00133151,-0.0030868,-0.000974208,-0.0002625,342.134,0.000764,1,-0.00300013,-0.00100211,0.0002625,1886.75
0,3912030,11,phononL,0.000464438,-0.00100085,-0.000995068,0.000262498,3943.51,0.000464438,1,-0.000931259,-0.00033849,-0.0002625,4098.53
0,3914129,19,phononTF,0.000698706,0.00206127,-0.0021469,-0.0002625,11012.2,0.000382,1,0.00199636,-0.00199784,0.0002625,11572.7
0,3915950,8,phononTS,0.000562741,0.000774747,-0.00270261,-0.000262498,4052.83,0.000382,1,0.000996747,-0.00299682,0.0002625,4310.47
0,3917403,3,phononTS,0.000847857,-0.00198966,0.0020377,-0.0002625,38.9836,0.000382,1,-0.00200158,0.00200452,0.0002625,5746.98
0,3919721,4,phononTF,0.000929735,-0.00369055,-0.00177308,-0.0002625,1007.22,0.000382,1,-0.00299603,-0.00100315,0.0002625,2919.29
0,3924018,6,phononTS,0.000680898,6.09436e-05,-0.00208656,-0.000262498,7666.77,0.000382,1,-8.3401e-07,-0.00199894,0.0002625,7843.56
0,3924376,10,phononTS,0.000508098,-0.00199649,0.00200322,0.000262498,9080.6,0.000508098,1,-0.0019834,0.00148496,-0.0002625,9343.43
0,3925488,2,phononTF,0.000862246,-0.00238151,-0.000381797,-0.0002625,16.6149,0.000382,1,-0.00199903,2.67637e-06,0.0002625,918.559
0,3931908,9,phononTS,0.000567967,-4.46181e-06,-3.3144e-06,0.000262499,6606.65,0.000567967,1,-0.000579605,3.54898e-05,-0.0002625,6888.58
0,3938196,11,phononTS,0.00338181,-0.00171416,-0.00152379,-0.00014706,2188.96,0.00175307,1,-0.00172533,-0.00154045,-0.0002625,2564.53
0,3941424,6,phononTS,0.000988907,-6.59256e-07,-3.42413e-06,0.0002625,160.938,0.000629883,1,0.000801238,0.00190007,-0.0002625,2945.67
0,3947877,12,phononTS,0.0013505,-0.00303668,-0.000972416,-0.000262498,549.145,0.000382,1,-0.00300037,-0.000997241,0.0002625,708.171
0,3947877,13,phononTS,0.000694643,-0.00300037,-0.000997241,0.000262498,708.171,0.000337506,1,-0.00291053,-0.00172671,-0.0002625,1041.44
0,3950699,16,phononTS,0.000544312,-0.00200369,4.28901e-06,0.0002625,3470.33,0.000544312,1,-0.00157131,-2.53436e-05,-0.0002625,5087.36
0,3955423,7,phononL,0.000645659,-0.0005973,-0.000974065,-0.0002625,2627.67,0.000382,1,-0.00100401,-0.000996678,0.0002625,4106.42
0,3956980,20,phononTS,0.000553061,0.00064028,-0.00192088,-0.0002625,6014.48,0.000382,1,0.000995851,-0.00099989,0.0002625,8361.72
0,3958326,2,phononTS,0.00251912,-0.00161575,0.0010271,-0.000154844,16.6883,0.00178394,1,-0.00194136,0.00217695,-0.0002625,1891.32
0,3959263,7,phononTS,0.000616842,-0.00199633,-3.4024e-06,0.000262498,6469.21,0.000616842,1,-0.00204658,-4.92453e-05,-0.0002625,6625.21
0,3959825,24,phononTS,0.000461789,-0.00208061,-0.00208131,-0.000262498,14769.5,0.000382,1,-0.00199858,-0.0019982,0.0002625,14923.6
0,3962336,2,phononTS,0.0020573,-0.00218436,-0.00157184,-0.0002625,75.4228,0.000382,1,-0.00200428,-4.96967e-06,0.0002625,1887.65
0,3962884,11,phononTS,0.000721925,0.000731387,-0.00439227,-0.0002625,3749.49,0.000382,1,0.000999906,-0.00300059,0.0002625,5435.79
0,3966812,10,phononTS,0.000919178,-0.00318071,-0.00142712,-0.000262498,3202.56,0.000382,1,-0.00300369,-0.000996822,0.0002625,3482.68
0,3968606,8,phononTS,0.000613177,0.00105858,0.00102293,-0.0002625,6195.16,0.000382,1,0.00100457,0.00100168,0.0002625,6723.39
0,3972021,17,phononTS,0.000400639,0.00100373,-0.001001,0.0002625,22714.3,0.000400639,1,0.00120895,-0.000969218,-0.0002625,23828
0,3975019,14,phononTF,0.000472395,-0.000969572,0.00112977,-0.0002625,4481.66,0.000382,1,-0.000995597,0.00300175,0.0002625,7497.64
0,3976301,5,phononTF,0.000534751,-0.00241193,-0.000316261,-0.000262498,1100.81,0.000382,1,-0.00300327,-0.000999176,0.0002625,1423.74
0,3976301,2,phononTS,0.00128488,-0.0035337,-0.00154643,0.000262498,5.03762,0.000703044,1,-0.00358998,-0.0014915,-0.0002625,160.743
0,3976760,10,phononTS,0.000452413,0.00214169,0.00310685,-0.0002625,5090.5,0.000382,1,0.00199963,0.00199769,0.0002625,16361.1
0,3995560,9,phononL,0.000526623,-0.00312144,-0.00121023,-0.0002625,599.136,0.000382,1,-0.00300317,-0.00100283,0.0002625,1173.76
0,3998392,11,phononTS,0.000447367,-0.000933873,0.00108703,-0.0002625,1747.84,0.000382,1,-0.00100145,0.000996261,0.0002625,2212.11
0,3998962,9,phononTS,0.00077113,-0.00201093,0.00176214,-0.0002625,12315,0.000382,1,-0.00200413,0.00200307,0.0002625,12938.2
0,3998962,5,phononTS,0.000545322,-0.00357658,-0.00152485,-0.000262498,197.132,0.000545322,1,-0.00472385,-0.005,0.000206263,1639.14
0,4000963,19,phononTS,0.00112552,-0.00300003,-0.00100062,0.0002625,1812.83,0.000713039,1,-0.00371732,-0.000925005,-0.0002625,2493.84
0,4003935,8,phononTS,0.00083715,-0.00299684,-0.000999431,0.000262498,1037.54,0.000601973,1,-0.00304989,-0.00107515,-0.0002625,1192.5
0,4006035,5,phononTF,0.00122051,-0.00299526,-0.000997752,0.0002625,4260.21,0.000481101,1,-0.0022026,-0.00190848,-0.0002625,5067.83
0,4012236,8,phononTF,0.000701963,-0.00312224,-0.000881438,-0.0002625,1682.64,0.000382,1,-0.00300468,-0.000996705,0.0002625,3114.71
0,4013124,4,phononL,0.00304822,-0.00354133,-0.00106106,-0.0002625,13.0813,0.000764,1,-0.00299679,-0.00100282,0.0002625,288.69
0,4035122,9,phononTF,0.000527409,-0.00183022,-0.000197342,-0.0002625,1881.7,0.000382,1,-0.00200106,-3.22423e-06,0.0002625,2405.57
0,4038013,13,phononTS,0.000562023,0.00406111,-0.005,0.000252786,4366.68,0.000382,1,0.00100113,-0.00300302,0.0002625,9792.95
0,4038013,2,phononTS,0.00287732,-0.00438736,-0.000618783,0.000206589,185.655,0.00184222,1,-0.00176186,-0.00240015,-0.0002625,2220.39
0,4038256,5,phononTS,0.000871802,-0.00299505,-0.00136588,-0.0002625,657.862,0.000382,1,-0.00300457,-0.000997704,0.0002625,8594.18
0,4040926,8,phononL,0.000449315,-0.0017066,0.000283851,-0.000262498,2854.97,0.000382,1,-0.00200443,2.42459e-06,0.0002625,2981.85
0,4045331,7,phononTS,0.000412211,-0.00184264,0.00166284,-0.000262498,3467.68,0.000382,1,-0.00200103,0.00199701,0.0002625,3723.05
0,4045820,4,phononTF,0.00249929,-0.00316032,-0.00115145,-0.0002625,91.524,0.000764,1,-0.00299522,-0.00099643,0.0002625,794.077
0,4045939,17,phononTF,0.00069127,0.0013338,-0.000692575,-0.0002625,5234.21,0.000382,1,0.000998203,-0.00100238,0.0002625,6317.75
0,4045939,2,phononTS,0.00128916,-0.00358686,-0.00151369,0.000262498,394.391,0.000877607,1,-0.00352009,-0.00145466,-0.0002625,550.512
0,4050080,17,phononTS,0.000780398,0.00267423,0.00211649,-0.0002625,3227.73,0.000382,1,0.00200472,0.00199684,0.0002625,8377.93
0,4055107,11,phononTF,0.000536507,-0.00121809,-0.000821539,-0.0002625,2195.85,0.000382,1,-0.0010034,-0.00100216,0.0002625,4977.91
0,4063859,7,phononL,0.00143799,-0.00151991,-0.00101309,-0.0002625,2221.71,0.000382,1,-0.000996668,-0.00100146,0.0002625,3045.74
0,4074274,7,phononTS,0.000469348,-0.00419956,-0.005,-9.11847e-05,5712.11,0.000382,1,-0.000997959,-0.000998687,0.0002625,11845.8
0,4074988,2,phononTF,0.000536057,-0.00325829,-0.00128199,-0.0002625,13.1634,0.000382,1,-0.0029961,-0.000995849,0.0002625,413.636
0,4076160,5,phononTS,0.000808946,0.00108599,-0.00305822,-0.000262498,13736.1,0.000382,1,0.00100075,-0.00299769,0.0002625,13891.8
0,4076160,2,phononTF,0.00116487,-0.00351642,-0.00158171,0.000262498,13.0389,0.000678267,1,-0.00327293,-0.00191847,-0.0002625,224.541
0,4079043,24,phononTS,0.000506386,-0.00099687,0.00100451,0.000262498,15166,0.000506386,1,-0.000900353,0.00152895,-0.0002625,15440.6
0,4081348,20,phononTS,0.000436298,-0.00103662,-0.000394584,-0.0002625,3553.93,0.000382,1,-1.07789e-06,-2.51686e-06,0.0002625,7512.18
0,4086940,9,phononTF,0.000497071,-0.00198151,-0.00199145,-0.0002625,3469.54,0.000382,1,-0.00199649,-0.00199772,0.0002625,3940.42
0,4086940,3,phononTS,0.00139378,-0.00354649,-0.00161249,0.000262498,211.351,0.000836556,1,-0.00347293,-0.00151211,-0.0002625,390.347
0,4091302,6,phononTS,0.000796412,2.45178e-07,0.00200088,0.000262498,3978.33,0.000517605,1,8.31186e-05,0.00191567,-0.0002625,4132.28
0,4100955,5,phononTS,0.00114962,-0.0014761,-0.000905663,-0.0002625,1917.14,0.000382,1,-0.000997208,-0.000996994,0.0002625,4725.2
0,4123521,9,phononTF,0.00164595,-0.00184638,0.000200328,-0.0002625,4159.5,0.000382,1,-0.00200051,4.55638e-06,0.0002625,4678.21
0,4126332,4,phononTF,0.00118586,-0.0034173,-0.00145219,-0.000262498,184.847,0.000764,1,-0.00300452,-0.000997159,0.0002625,425.776
0,4128153,7,phononTS,0.000767259,-0.00200357,-0.00200121,0.000262498,11879.3,0.000767259,1,-0.00206357,-0.0020414,-0.0002625,12035.7
0,4140788,15,phononTF,0.000450643,-0.00200448,-5.63735e-08,0.000262498,5614.47,0.000450643,1,-0.00194411,0.000217991,-0.0002625,5794.95
0,4146706,5,phononL,0.000866415,-0.00218376,-0.000644762,-0.0002625,476.564,0.000382,1,-0.00199885,3.31899e-06,0.0002625,1278.63
0,4147913,9,phononL,0.000481284,0.00199569,3.63168e-07,0.0002625,14837.6,0.000481284,1,0.00180977,-0.00015545,-0.0002625,15067.9
0,4148854,9,phononTS,0.000485759,-0.000951692,-0.00218895,-0.000262498,15650.4,0.000382,1,-0.00199763,-0.0019982,0.0002625,16095.3
0,4150551,2,phononL,0.000966957,0.000149065,0.000455331,-0.0002625,13.4174,0.000382,1,1.17711e-06,1.72871e-06,0.0002625,3213.27
0,4164390,3,phononL,0.00281937,-0.00245963,0.00159888,3.43993e-05,43.5451,0.001146,1,-0.00200028,0.00199663,0.0002625,2537.29
0,4164390,4,phononTF,0.000513017,-0.00200028,0.00199663,0.000262499,2537.29,0.000513017,1,-0.0018487,0.00217465,-0.0002625,2709
0,4164390,2,phononTF,0.000892749,-0.0034476,-0.00163679,0.000262498,43.5451,0.000146448,1,-0.00340908,-0.00171088,-0.0002625,203.399
0,4170203,7,phononTF,0.000404431,0.000928559,-0.00100618,-0.0002625,1345.55,0.000382,1,4.15502e-06,5.18165e-07,0.0002625,2965.88
0,4170426,4,phononTF,0.00116281,-0.00325108,-0.00128102,-0.0002625,18.9467,0.000382,1,-0.0029993,-0.00100366,0.0002625,403.833
0,4170426,9,phononTS,0.000482448,-0.0029993,-0.00100366,0.000262498,403.833,0.000482448,1,0.005,0.00364749,-0.000146099,3490.52
0,4173000,7,phononL,0.000409306,-0.0021724,-0.00158625,-0.0002625,1988.15,0.000382,1,-0.00200487,-0.00200121,0.0002625,2638.35
0,4173000,2,phononTF,0.00411661,-0.00350859,-0.00155944,0.000238875,21.9615,0.00235442,1,-0.00404793,-0.000938231,-0.0002625,308.117
0,4177888,4,phononTF,0.00174514,-0.00313535,-0.00113945,-0.0002625,3.52053,0.001146,1,-0.00300358,-0.000996832,0.0002625,679.065
0,4178350,9,phononTS,0.000460056,-0.00191595,-0.00206638,-0.0002625,727.875,0.000382,1,-0.00200416,-0.00200367,0.0002625,1457.86
0,4188431,5,phononTF,0.000540436,-0.00293819,-0.00102686,-0.000262499,1056.28,0.000382,1,-0.00300425,-0.00100123,0.0002625,1215.46
0,4188431,7,phononTS,0.00203101,-0.005,0.00334642,-4.73184e-05,447.709,0.00132808,1,-0.00466694,0.0032849,-0.0002625,2667.27
0,4191425,7,phononTF,0.00103004,-0.00142087,-0.00129623,-0.0002625,6832.73,0.000764,1,-0.00200012,-0.00200149,0.0002625,7894.67
0,4192666,8,phononTS,0.00140168,-0.00200046,-2.41693e-06,0.000262498,3353.83,0.000687356,1,-0.00208878,-2.75638e-05,-0.0002625,3513
0,4196484,7,phononTS,0.000555728,-0.00303933,-0.00107243,-0.000262498,1805.07,0.000382,1,-0.00299874,-0.00100418,0.0002625,1981.39
0,4199740,3,phononTS,0.000525944,-0.00313901,-0.00113937,-0.0002625,26.96,0.000382,1,-0.00300482,-0.00100497,0.0002625,874.339
0,4204841,13,phononTS,0.000817678,-0.00194718,-0.00267283,-0.0002625,3044.51,0.000382,1,-0.00200086,-0.00199849,0.0002625,7249.6
0,4206403,15,phononTF,0.00193045,0.00128324,0.000696072,-0.0002625,462.486,0.000382,1,0.00100383,0.00100325,0.0002625,5316.04
0,4206403,16,phononTS,0.00116871,0.00100383,0.00100325,0.000262498,5316.04,0.000673438,1,0.000838813,0.000842353,-0.0002625,5537.9
0,4206858,8,phononTS,0.000425384,-0.000998007,-0.000996133,0.0002625,4448.59,0.000425384,1,1.28129e-05,-0.000991867,-0.0002625,5282.33
0,4209341,4,phononTS,0.00159862,-0.000455489,0.000905742,-0.0002625,2394.5,0.000382,1,-1.27312e-06,3.19851e-06,0.0002625,3337.35
0,4211577,20,phononTS,0.000894082,-0.001996,-1.55234e-06,0.0002625,811.005,0.000399962,1,-0.00204234,-7.62339e-05,-0.0002625,2255.97
0,4216916,12,phononTS,0.000450724,-9.29961e-05,0.00138329,-0.0002625,3342.71,0.000382,1,-2.64061e-07,0.00200264,0.0002625,5996.13
0,4217089,10,phononTS,0.000385072,1.02696e-06,4.37026e-06,0.000262498,2453.91,0.000385072,1,5.65678e-05,9.02142e-06,-0.0002625,2618.13
0,4217268,14,phononTF,0.000497869,-0.00303953,-0.00108131,-0.000262498,1157.6,0.000382,1,-0.00300143,-0.000997065,0.0002625,1318.28
0,4224270,8,phononTF,0.000553886,-0.00071634,-0.000636313,-0.0002625,7868.73,0.000382,1,-6.71666e-07,4.13923e-06,0.0002625,9497.68
0,4226387,13,phononTS,0.000674607,-0.00202734,-0.00206335,-0.0002625,794.118,0.000382,1,-0.00199938,-0.00199524,0.0002625,3086.44
0,4229519,8,phononL,0.000437895,0.000507963,-0.00284845,-0.000262498,10676.6,0.000382,1,0.000998404,-0.00299954,0.0002625,10813.6
0,4229519,3,phononTF,0.00106995,-0.00351888,-0.00156861,0.000262498,35.1948,0.000158793,1,-0.00469043,-0.00296855,-0.0002625,614.951
0,4229885,2,phononTF,0.00126362,-0.00300128,-0.00099537,0.0002625,7.04217,0.000264847,1,-0.00273119,-0.000714666,-0.0002625,592.809
0,4235688,6,phononL,0.000434544,-0.00350627,-2.83035e-05,-0.0002625,2769.32,0.000382,1,-0.00200118,7.81864e-07,0.0002625,3663.58
0,4240490,3,phononTS,0.00281049,-0.00309193,-0.00106093,-0.0002625,53.5613,0.000764,1,-0.00300022,-0.000995975,0.0002625,539.727
0,4240490,5,phononTS,0.00114991,-0.00300022,-0.000995975,0.000262498,539.727,0.00095821,1,-0.00306029,-0.00104081,-0.0002625,697.393
0,4240490,4,phononTF,0.000484345,-0.00300022,-0.000995975,0.000262498,539.727,0.000484345,1,-0.00269924,-0.000689282,-0.0002625,742.39
0,4241136,27,phononTS,0.000593435,0.00133559,0.00188829,-0.0002625,6580.49,0.000382,1,0.00199756,0.0020008,0.0002625,8458.64
0,4255949,3,phononTF,0.00393166,-0.00335027,-0.00114329,-0.0002625,1.2952,0.000764,1,-0.00300391,-0.00100425,0.0002625,519.389
0,4257605,7,phononTS,0.00114708,4.63326e-06,-0.00199794,0.0002625,4040.03,0.000761786,1,6.30759e-05,-0.00196042,-0.0002625,4384.57
0,4260978,4,phononTF,0.00273861,-0.00151916,0.000463751,-0.0002625,22.5466,0.000764,1,-0.000996743,0.000996694,0.0002625,1351.9
0,4260978,7,phononTS,0.000514465,-0.000996743,0.000996694,0.000262498,1351.9,0.000514465,1,-0.000784729,0.000176382,-0.0002625,1736.46
0,4263509,8,phononL,0.00112306,-0.000451313,-0.00124389,-0.000262498,14977.6,0.000382,1,-0.00100455,-0.00100325,0.0002625,15127
0,4263509,9,phononL,0.000538061,-0.00100455,-0.00100325,0.000262498,15127,0.000538061,1,-0.00190985,-0.000676633,-0.0002625,15334.9
0,4266651,11,phononTF,0.000705668,-0.000811104,-0.00118168,-0.0002625,6089.51,0.000382,1,-0.0010001,-0.000999721,0.0002625,11236.5
0,4277045,2,phononTF,0.00119871,-0.005,4.53255e-05,-4.43592e-05,70.2915,0.000382,1,0.00100335,0.00099814,0.0002625,2622.03
0,4278574,4,phononTS,0.00101592,0.00201291,-0.00262619,-0.0002625,494.017,0.000764,1,0.00200472,-0.00199908,0.0002625,3952.06
0,4281932,22,phononL,0.000403558,-0.00200165,0.00199811,0.000262498,20164.8,0.000403558,1,-0.00159182,0.00215538,-0.0002625,20293.9
0,4284070,3,phononTS,0.000865572,-0.00325982,-0.00128161,-0.0002625,3.84062,0.000382,1,-0.00300499,-0.00100409,0.0002625,524.511
0,4284070,4,phononTS,0.000427619,-0.00300499,-0.00100409,0.000262498,524.511,0.000427619,1,-0.00295651,-0.00104963,-0.0002625,684.699
0,4284070,2,phononTF,0.00267466,-0.00351465,-0.00155913,0.000262498,3.84062,0.000930151,1,-0.00318611,-0.00115857,-0.0002625,222.5
0,4288431,7,phononTS,0.000506026,-0.00173924,0.000921774,-0.0002625,1734.47,0.000382,1,-0.000997303,0.000995337,0.0002625,2580.79
0,4290836,14,phononTS,0.000482644,-0.005,0.000578887,-0.000245977,1357.55,0.000382,1,-0.00199846,0.00200295,0.0002625,4357.95
0,4295850,19,phononTF,0.00047096,-0.000583698,-0.000634084,-0.0002625,2582.15,0.000382,1,1.73339e-06,-1.20634e-06,0.0002625,3944.63
0,4300601,3,phononTF,0.00534972,-0.00275299,-0.00121455,-0.000177338,1.28378,0.002292,1,-0.00300289,-0.0009969,0.0002625,1063.69
0,4302178,15,phononTF,0.000436053,-0.00170133,-0.00224129,-0.000262498,2479.13,0.000382,1,-0.0019967,-0.00199963,0.0002625,2671.99
0,4303368,6,phononTF,0.00127975,-0.00123797,-0.00130442,-0.000262498,2641.87,0.000382,1,-0.000995156,-0.00100392,0.0002625,2835.42
0,4310475,13,phononTF,0.000566314,-0.0021916,0.00290496,-0.000262499,11053.5,0.000382,1,2.38206e-06,0.00200421,0.0002625,11828.7
0,4313759,14,phononTS,0.000780753,-0.00212371,0.000804066,-0.0002625,242.155,0.000382,1,-0.0010004,0.002996,0.0002625,2224.11
0,4315908,9,phononTS,0.000483241,-0.00209742,0.00198869,-0.0002625,26681.3,0.000382,1,-0.0019995,0.00199817,0.0002625,27597.2
0,4318851,2,phononTF,0.00266788,-0.00313291,-0.00113307,-0.0002625,7.89676,0.000764,1,-0.00300326,-0.000998576,0.0002625,673.742
0,4319396,11,phononTS,0.000526385,-0.00200407,1.49118e-06,0.000262498,7882.98,0.000526385,1,-0.00142116,-0.0010038,-0.0002625,8340.16
0,4323887,17,phononTS,0.000491821,0.00202421,0.00209564,-0.0002625,17284.6,0.000382,1,0.00200402,0.00199872,0.0002625,20056.1
0,4331770,7,phononTF,0.000783743,5.89547e-05,-2.44171e-05,-0.000262498,5792.62,0.000382,1,-1.04516e-06,-3.87772e-06,0.0002625,5951.39
0,4336697,11,phononTS,0.000717314,-0.00103209,0.000925811,-0.000262498,4945.45,0.000382,1,-0.000995309,0.000999206,0.0002625,5113.98
0,4338269,8,phononTS,0.00134923,-0.00200469,2.64903e-06,0.0002625,3271.32,0.0010595,1,-0.00229718,0.00078105,-0.0002625,12501
0,4341172,5,phononTS,0.000937115,-0.00200199,-0.00200101,0.0002625,6269.13,0.000602345,1,-0.00204514,-0.00206287,-0.0002625,6580.47
0,4341651,2,phononTF,0.000570903,0.00311355,0.000905458,-0.0002625,17.9574,0.000382,1,0.00300295,0.000995924,0.0002625,5150.25
0,4346452,8,phononTS,0.000752191,-0.00226962,-7.29515e-05,-0.000262499,8775.99,0.000382,1,-0.00199998,-4.96336e-07,0.0002625,8989.18
0,4347415,12,phononTS,0.000445593,0.00169996,0.00168719,-0.0002625,3533.67,0.000382,1,0.00200388,0.00199843,0.0002625,6249.04
0,4348953,2,phononTS,0.00372618,-0.00302551,-0.000983107,0.000254468,3.55145,0.001528,1,-0.00299888,-0.00100279,0.0002625,277.145
0,4350275,2,phononTS,0.00207644,0.00199806,0.00199818,0.0002625,45.2701,0.0011141,1,-0.000255216,0.00305456,-0.0002625,5853.83
0,4350898,5,phononTS,0.00167408,-0.00207451,-0.00226089,-0.0002625,2648.83,0.000764,1,-0.00200145,-0.00199984,0.0002625,3506.38
0,4353904,27,phononTS,0.00113068,-0.00299914,-0.00100409,0.0002625,2689.16,0.00056377,1,-0.00297436,-0.00105025,-0.0002625,3001.67
0,4360818,6,phononTS,0.00134881,-0.00108259,0.00101339,-0.0002625,2250.21,0.000382,1,-0.000999353,0.000995673,0.0002625,2730.95
0,4366276,17,phononTS,0.000534733,-0.00299891,-0.00100123,0.000262498,2074.4,0.000534733,1,-0.00296082,-0.00106666,-0.0002625,2232.7
0,4366467,10,phononTS,0.000571141,-0.00182473,-0.00120314,-0.000262498,722.223,0.000382,1,-0.000998444,-0.00100288,0.0002625,1092.66
0,4366467,3,phononTS,0.00267212,-0.00343492,-0.00150883,0.000262498,140.729,0.00127447,1,-0.0034239,-0.00144156,-0.0002625,320.058
0,4369807,6,phononTS,0.000648762,-0.00196872,0.00170325,-0.0002625,240.526,0.000382,1,-0.00200367,0.00200444,0.0002625,2737.29
0,4373830,6,phononTS,0.00121755,-0.000556159,0.00300651,-0.0002625,8424.45,0.000382,1,2.01175e-06,0.00199887,0.0002625,13242.7
0,4384193,7,phononTF,0.000579494,-0.0017372,0.000336301,-0.0002625,1512.75,0.000382,1,-0.00100323,0.000995436,0.0002625,2510.81
0,4390946,14,phononTS,0.000743662,-0.00127267,-0.00194372,-0.0002625,6157.83,0.000382,1,-0.0020035,-0.0020032,0.0002625,7185.59
0,4393262,3,phononTF,0.00285485,-0.00326996,-0.00127354,-0.0002625,5.33313,0.000764,1,-0.00300439,-0.000999322,0.0002625,393.112
0,4402769,15,phononTF,0.000469158,0.000200889,-0.00183595,-0.000262498,5489.93,0.000382,1,1.34771e-06,-0.00200185,0.0002625,5664.64
0,4405698,7,phononTF,0.00082437,-0.00145655,0.000487597,-0.0002625,504.838,0.000382,1,-0.000997917,0.000997689,0.0002625,1791.67
0,4405698,2,phononTS,0.00162224,-0.00352002,-0.00154012,0.000262498,13.8253,0.000526872,1,-0.00344,-0.00195363,-0.0002625,260.996
0,4405888,3,phononL,0.00181054,-0.00162795,-0.0011536,-0.0002625,105.413,0.000382,1,-0.000998431,-0.00100499,0.0002625,721.584
0,4412033,8,phononTS,0.00183727,-0.00165233,-0.00156831,-0.000262498,4442.55,0.000382,1,3.36319e-06,-0.00200103,0.0002625,5092.93
0,4416588,15,phononTS,0.000489228,0.000876297,0.00107052,-0.0002625,14625.4,0.000382,1,0.000998834,0.000995515,0.0002625,17532.6
0,4419242,11,phononTS,0.00140352,-0.00398565,-0.00155469,-0.000262498,374.508,0.000382,1,-0.00299675,-0.00100237,0.0002625,824.259
0,4422813,5,phononTS,0.00142848,-0.00194777,7.12048e-05,-0.000262498,1751.28,0.000764,1,-0.00200174,-3.12234e-06,0.0002625,1906.3
0,4422813,3,phononTF,0.00183625,-0.003507,-0.00155231,0.000262498,15.4511,0.0002631,1,-0.00376152,-0.00124695,-0.0002625,211.51
0,4424123,6,phononTS,0.000631393,-0.00200208,-0.00199571,0.0002625,824.515,0.000631393,1,-0.00119484,-0.00175238,-0.0002625,1594.91
0,4447068,13,phononTS,0.00100271,0.00217025,0.00201436,-0.000262498,2834.31,0.000764,1,0.00200253,0.00200248,0.0002625,3026.75
0,4448394,6,phononTS,0.00190138,0.00319033,-0.00486856,-0.0002197,9478.79,0.000627545,1,0.0032637,-0.00484614,-0.0002625,11534.1
0,4448791,6,phononTS,0.00078435,-0.00290493,-0.00160026,-0.0002625,1177.82,0.000382,1,-0.00300445,-0.000999867,0.0002625,2060.96
0,4454301,4,phononTS,0.00253955,-0.00337335,-0.000991604,-0.0002625,175.151,0.000764,1,-0.00200448,-0.00200317,0.0002625,3040.52
0,4455453,7,phononTS,0.000515806,-0.0022232,3.04193e-06,-0.000262498,5629.55,0.000382,1,-0.0019972,-2.29088e-06,0.0002625,5839.36
0,4455715,7,phononTS,0.000465789,0.00133326,0.00206146,-0.0002625,5951.63,0.000382,1,0.00200421,0.00199602,0.0002625,6842.6
0,4457049,12,phononTS,0.000559374,-0.000999674,-0.00100423,0.0002625,2588.78,0.000559374,1,-0.00105033,-0.00145297,-0.0002625,3101.17
0,4463045,6,phononTF,0.000535669,-0.00199948,-0.00200323,0.0002625,897.908,0.000535669,1,-0.0016944,-0.00220598,-0.0002625,2113.09
0,4463137,4,phononTF,0.00206771,-0.00326789,-0.00128421,-0.0002625,54.0978,0.000382,1,-0.00300455,-0.00100149,0.0002625,443.31
0,4463174,17,phononTF,0.000416434,-0.000137456,0.000135834,-0.0002625,19496.6,0.000382,1,3.73102e-06,3.45121e-06,0.0002625,20335.7
0,4466380,12,phononTF,0.000576085,-0.00309224,-0.00114674,-0.0002625,5597.9,0.000382,1,-0.00300218,-0.0010003,0.0002625,7118.88
0,4467826,6,phononTS,0.000946878,-0.00298825,-0.00109115,-0.000262498,268.4,0.000382,1,-0.00300458,-0.00100151,0.0002625,428.578
0,4475286,4,phononTF,0.00297081,-0.00365357,-0.000356509,-0.000235687,10.1572,0.000764,1,-0.00299852,-0.00100317,0.0002625,1665.17
0,4478732,7,phononTS,0.000819286,-0.000934096,0.00281264,-0.000262498,2709.84,0.000382,1,-0.00100463,0.00300364,0.0002625,2922.06
0,4482800,16,phononTF,0.000555524,-0.00352338,-0.00150778,-0.000262498,477.895,0.000382,1,-0.00299569,-0.000997692,0.0002625,747.39
0,4491724,5,phononTF,0.00169058,-0.00338625,-0.00143334,-0.0002625,12.4869,0.000764,1,-0.00300303,-0.00100227,0.0002625,435.52
0,4496588,16,phononTS,0.000486477,1.07414e-05,-0.00192307,-0.000262498,19080.1,0.000382,1,2.47121e-06,-0.00199745,0.0002625,19242.3
0,4502681,9,phononTF,0.00066749,-0.00199728,-0.00200229,0.0002625,1485.82,0.00066749,1,-0.00191242,-0.00206479,-0.0002625,1807.79
0,4507107,9,phononTS,0.000701233,-0.000997936,0.00299901,0.000262498,4234.65,0.000701233,1,-0.00200286,0.00293601,-0.0002625,4645.88
0,4513115,14,phononTF,0.000668558,0.00148989,0.00251321,-0.0002625,11959.2,0.000382,1,0.00199544,0.00199996,0.0002625,12773
0,4513891,27,phononTS,0.000886415,-0.00232316,8.31747e-05,-0.000262498,1996.58,0.000382,1,-0.00200195,-1.32331e-06,0.0002625,2221.19
0,4517166,6,phononTS,0.000694366,-0.00206474,-0.00314438,-0.0002625,1703.1,0.000382,1,-0.00200471,-0.00200385,0.0002625,3592.78
0,4517166,2,phononTF,0.00387325,-0.00420238,-0.00195947,-9.78162e-06,52.5677,0.00101678,1,-0.00402589,-0.00176492,-0.0002625,509.763
0,4530066,4,phononTF,0.00249712,-0.0018364,-0.00217641,7.68324e-05,116.549,0.000382,1,-0.00199753,-0.00200097,0.0002625,3043.79
0,4530704,5,phononTF,0.000408469,-0.00299555,-0.000995439,0.0002625,253.634,0.000408469,1,-0.00307343,-0.00105637,-0.0002625,2436.22
0,4531048,12,phononTF,0.000667548,0.00284282,-0.00125746,-0.0002625,3115.24,0.000382,1,0.0020044,-0.00200015,0.0002625,7607.8
0,4532096,9,phononTS,0.000481013,0.005,0.00172705,0.000197377,3958.51,0.000481013,1,2.87174e-05,-0.0040162,-0.0002625,8533.49
0,4532141,3,phononL,0.00215135,-0.00210544,0.00182824,5.43719e-05,12.7974,0.001146,1,-0.00200451,0.00199835,0.0002625,1331.29
0,4539539,4,phononTS,0.000986419,-0.00300454,-0.000995255,0.0002625,1674.98,0.000986419,1,-0.00277381,-0.00204922,-0.0002625,2511.56
0,4543945,4,phononTS,0.000683492,0.00196215,0.0020756,-0.0002625,1124.11,0.000382,1,0.0020014,0.00200082,0.0002625,3153.19
0,4543945,2,phononTS,0.00086031,-0.00351087,-0.00152655,0.000262498,20.0238,0.00086031,1,-0.00345765,-0.00158871,-0.0002625,176.078
0,4544380,13,phononTF,0.000454262,0.00091967,-0.00298752,-0.000262498,5988.97,0.000382,1,0.000995067,-0.0030019,0.0002625,6148.8
0,4544452,5,phononTF,0.00306088,-0.00327685,-0.00128356,-0.0002625,22.9598,0.000382,1,-0.00299828,-0.000996694,0.0002625,417.208
0,4544452,7,phononTS,0.00109867,-0.00299828,-0.000996694,0.000262498,417.208,0.000326535,1,-0.00293284,-0.00102444,-0.0002625,594.383
0,4544957,3,phononTF,0.000649697,-0.00448324,-0.00128985,-0.000262498,2661.29,0.000382,1,-0.00199598,1.83782e-06,0.0002625,3552.5
0,4549739,5,phononTF,0.00217033,-0.00300239,-0.000997718,0.0002625,106.389,0.000806209,1,-0.00301259,-0.00100796,-0.0002625,1032.6
0,4552651,3,phononTS,0.00115365,-0.00307869,-0.00109042,-0.0002625,128.344,0.000382,1,-0.00300074,-0.00100085,0.0002625,1052.62
0,4557905,4,phononTF,0.00271616,-0.00194839,-3.59976e-05,6.47224e-05,71.6151,0.000382,1,-0.00199737,-4.38548e-06,0.0002625,1010.3
0,4577910,7,phononTF,0.000457939,0.00119674,-0.00119614,-0.0002625,1464.33,0.000382,1,0.000995566,-0.000997651,0.0002625,6710.84
0,4584395,7,phononTF,0.00195756,-0.00330205,-0.00134705,-0.000262498,231.593,0.001146,1,-0.00300095,-0.00099677,0.0002625,440.247
0,4586309,10,phononL,0.000650212,0.00248486,0.00211349,-0.0002625,6117.05,0.000382,1,0.00200451,0.00200108,0.0002625,6520.34
0,4587027,14,phononL,0.000709659,-0.000962697,0.00404029,-0.0002625,5803.58,0.000382,1,-0.00100258,0.00299547,0.0002625,8719.01
0,4590398,2,phononTS,0.000433634,-0.00328616,-0.00128505,-0.0002625,15.0582,0.000382,1,-0.00300464,-0.000995957,0.0002625,550.532
0,4598067,9,phononTF,0.000780465,-0.00191709,0.000143925,-0.0002625,391.649,0.000382,1,-0.00200169,3.95493e-06,0.0002625,3023.84
0,4600972,9,phononTF,0.000406,-0.00161756,-0.00232184,-0.0002625,4476.65,0.000382,1,-0.00199871,-0.00200151,0.0002625,5982.89
0,4605968,3,phononTF,0.0049226,-0.00300766,-0.000927407,6.33597e-05,116.979,0.001146,1,-0.00300292,-0.0010027,0.0002625,2307.95
0,4605968,6,phononTS,0.00155169,-0.00300292,-0.0010027,0.000262498,2307.95,0.00103908,1,-0.00293618,-0.00109431,-0.0002625,2462.74
0,4610409,12,phononTS,0.000735806,-0.00134918,0.00200134,-0.000262498,2574.35,0.000382,1,0.00100343,-0.00100484,0.0002625,3918.72
0,4615542,2,phononTS,0.00371504,-0.0026924,-0.00127615,0.000176475,128.065,0.000382,1,-0.00300074,-0.000995552,0.0002625,666.471
0,4616385,7,phononTS,0.000519247,-0.00309991,-4.92668e-05,-0.0002625,3146.7,0.000382,1,-0.00300432,-0.00100306,0.0002625,6691.82
0,4617424,13,phononTF,0.000985654,-0.00234712,-0.000279577,-0.0002625,2955.56,0.000382,1,-0.00200487,1.50091e-06,0.0002625,3914.52
0,4622627,8,phononTS,0.000611562,-0.005,0.00167842,-0.000112951,1566.56,0.000382,1,-0.00100376,-0.000998352,0.0002625,3429.12
0,4624150,15,phononTF,0.000794081,-0.00257569,-0.00123746,-0.0002625,2280.54,0.000382,1,-0.00300352,-0.000996951,0.0002625,3715.66
0,4624632,6,phononL,0.00180913,-0.00194158,-0.00210068,-0.0002625,2409.17,0.000382,1,-0.00200216,-0.00200453,0.0002625,2630.88
0,4624632,7,phononTS,0.00105653,-0.00200216,-0.00200453,0.000262498,2630.88,0.000265119,1,-0.00297349,-0.00109858,-0.0002625,3177.67
0,4632509,18,phononTS,0.000786822,0.005,0.00486928,-0.000111511,3881.82,0.000786822,1,0.00477467,0.00490856,-0.0002625,9966
0,4632991,9,phononTF,0.000595919,-0.00227919,0.000155243,-0.000262498,8789.45,0.000382,1,-0.00199803,-2.18393e-06,0.0002625,8985.19
0,4640183,4,phononTF,0.00117427,0.00200397,-0.00200425,0.0002625,11.6192,0.000597749,1,0.00149675,-0.00141426,-0.0002625,6722.49
0,4646339,4,phononTS,0.00245303,-0.00354029,-0.00146162,-0.000256917,6.50004,0.000382,1,-0.00199821,3.9122e-06,0.0002625,888.154
0,4649848,5,phononTF,0.000571123,-0.00127743,-0.000745826,-0.0002625,181.691,0.000382,1,-0.00100199,-0.000998409,0.0002625,1545.98
0,4649848,3,phononTS,0.00280365,-0.00355979,-0.00158913,0.000262498,14.4833,0.00154558,1,-0.0024852,-0.0019781,-0.0002625,487.034
0,4655841,12,phononTF,0.000443061,-0.000471602,-0.00153167,-0.0002625,2866.68,0.000382,1,-0.00100259,-0.000997405,0.0002625,4241.98
0,4660054,4,phononTF,0.00148804,-0.00300385,-0.000997636,0.0002625,24.0067,0.000715898,1,-0.00376661,-0.000191272,-0.0002625,779.781
0,4667840,9,phononL,0.000775021,0.00238236,0.000582703,-0.0002625,10660.7,0.000382,1,0.00200241,-1.91284e-06,0.0002625,11796.6
0,4678355,11,phononTF,0.00148042,-0.00322729,-0.00122324,-0.0002625,432.824,0.000764,1,-0.0029994,-0.00100401,0.0002625,991.414
0,4678355,12,phononTS,0.000519931,-0.0029994,-0.00100401,0.000262498,991.414,0.000519931,1,-0.00291687,-0.000781296,-0.0002625,1194
0,4678922,7,phononTF,0.000618818,-0.000958459,0.00075615,-0.000262498,3725.63,0.000382,1,-0.00100326,0.00100338,0.0002625,3912.09
0,4679187,10,phononTS,0.000863199,-0.00252042,-0.0009346,-0.000262498,2070.76,0.000382,1,-0.00200455,-1.30379e-07,0.0002625,2498.76
0,4680728,3,phononTS,0.00174489,-0.00324721,-0.00111806,-0.0002625,2.26499,0.000382,1,-0.00299944,-0.000998663,0.0002625,1162.76
0,4690739,12,phononTS,0.000449909,-0.00200401,-0.00199851,0.000262498,2700.13,0.000449909,1,-0.00106376,-0.00152281,-0.0002625,3155.94
0,4694013,10,phononTS,0.000860068,-0.00237548,-0.000814557,-0.0002625,115.233,0.000382,1,-0.00200207,1.4311e-06,0.0002625,2328.32
0,4694013,9,phononTF,0.000862192,-0.00351098,-0.00153428,0.000262498,115.233,0.000438469,1,-0.00375042,-0.00132031,-0.0002625,298.848
0,4695477,11,phononTS,0.000537548,-0.00298426,-0.00148125,-0.0002625,1491.45,0.000382,1,-0.00300279,-0.000996257,0.0002625,2775.84
0,4706817,8,phononTS,0.000546472,-0.00294483,-0.00210711,-0.0002625,402.119,0.000382,1,-0.00200085,-0.00199966,0.0002625,1993.17
0,4708262,15,phononTS,0.000411821,-0.00380491,-0.00174291,-0.000262498,475.36,0.000382,1,-0.00200105,2.39926e-06,0.0002625,1317.91
0,4708263,5,phononTF,0.0019572,-0.00336891,-0.00206449,-9.28949e-05,479.146,0.00118628,1,-0.00341778,-0.00201488,-0.0002625,568.528
0,4709365,15,phononTS,0.000563473,2.07601e-05,0.0040338,-0.0002625,29478.9,0.000382,1,-0.00199702,0.0020002,0.0002625,38951.4
0,4709777,6,phononTF,0.000581658,0.00219858,0.00177764,-0.0002625,5396.22,0.000382,1,0.00199847,0.00199844,0.0002625,7437.55
0,4722808,8,phononTS,0.00106598,-0.000998265,0.000995947,0.000262498,2004.31,0.00100147,1,-0.00101042,0.00100257,-0.0002625,2177.7
0,4724571,8,phononTS,0.000577369,0.00195492,0.00194216,-0.0002625,8405.98,0.000382,1,0.00199753,0.00199561,0.0002625,9191.09
0,4726066,13,phononTF,0.00199664,-0.00294435,-0.000929954,-0.000262498,1092.04,0.001146,1,-0.00299958,-0.00100217,0.0002625,1251.91
0,4727869,9,phononTF,0.00284121,-0.00289081,-0.00274187,-0.0002625,58.5809,0.000382,1,-0.00200144,-0.00199842,0.0002625,1819.02
0,4728929,11,phononTS,0.000848872,-0.00300479,-0.00100468,0.0002625,1105.71,0.000618114,1,-0.00306382,-0.00109599,-0.0002625,2943.21
0,4731479,2,phononTS,0.000473139,-0.00200359,0.00200426,0.0002625,19.2664,0.000473139,1,-0.00199326,0.0019818,-0.0002625,5339.96
0,4731690,4,phononTS,0.000890148,0.000186381,-0.00198251,2.52587e-05,28.1116,0.000382,1,-4.1172e-06,-0.00199999,0.0002625,3073.63
0,4732659,8,phononTF,0.000604608,-0.00188467,0.00213938,-0.0002625,760.888,0.000382,1,-0.00199775,0.00200007,0.0002625,2989.12
0,4735071,19,phononTS,0.000630806,-0.00223995,0.00201999,-0.0002625,7007.01,0.000382,1,-0.00200198,0.00199736,0.0002625,9821.88
0,4737557,9,phononTF,0.000384921,0.00212441,-0.00212205,-0.0002625,6623.82,0.000382,1,0.00200313,-0.00200161,0.0002625,8011.69
0,4741617,12,phononTS,0.000830038,-0.00335992,-0.00099055,-0.0002625,526.489,0.000382,1,-0.00300388,-0.000997158,0.0002625,1228.3
0,4746543,12,phononL,0.00206632,-0.00199117,-4.58035e-06,0.000258803,2350.48,0.000382,1,-0.00199647,-3.31418e-06,0.0002625,2496.17
0,4748386,22,phononTS,0.00048112,0.00254759,-1.79853e-05,-0.0002625,9845.03,0.000382,1,0.00200132,4.58326e-06,0.0002625,11387.9
0,4751518,18,phononTS,0.000899675,-0.00307132,-0.00108709,-0.000262498,1849.88,0.000382,1,-0.00300369,-0.000996296,0.0002625,2004.64
0,4752246,16,phononTF,0.000395787,-0.00123476,-0.0011455,-0.0002625,2785.13,0.000382,1,-0.00199973,-0.00199992,0.0002625,6172.8
0,4752247,3,phononTF,0.00337887,-0.0031083,-0.000723972,-8.10475e-05,116.724,0.00155133,1,-0.00255522,-0.000160053,-0.0002625,3613.86
0,4755335,14,phononL,0.000393918,0.00110092,-0.00182805,-0.0002625,9481.93,0.000382,1,0.00200493,-0.00199543,0.0002625,11608.6
0,4755335,2,phononTS,0.00360626,-0.00323357,-0.00151021,1.94354e-05,115.207,0.00146181,1,-0.00345865,-0.00155825,-0.0002625,351.61
0,4757184,15,phononTS,0.000435873,-0.00170212,-0.0033931,-0.0002625,3121.38,0.000382,1,-0.00200038,-0.00200489,0.0002625,4613.92
0,4760805,10,phononTF,0.000926325,-0.000219712,-0.00224829,-0.000262498,1671.57,0.000382,1,1.84486e-06,-0.00199542,0.0002625,1857.46
0,4761713,9,phononTF,0.000514977,0.00187923,-9.60962e-05,-0.0002625,3337.89,0.000382,1,0.00199686,-2.69845e-06,0.0002625,8016.47
0,4765012,8,phononTS,0.000438721,-0.00100067,-0.00100481,0.0002625,4322.98,0.000438721,1,0.000266723,8.04326e-07,-0.0002625,6407.82
0,4774853,8,phononTS,0.000502444,-0.000257009,0.00410015,-0.0002625,4807.71,0.000382,1,-0.0010039,0.00299767,0.0002625,6159.66
0,4783174,7,phononTF,0.000385018,-0.00319872,-0.00115564,-0.000262498,305.537,0.000382,1,-0.00300494,-0.00100302,0.0002625,478.134
0,4791706,6,phononTS,0.00114155,-0.00375947,-0.00105178,-0.0002625,1567.99,0.000764,1,-0.00299622,-0.000995952,0.0002625,2625.97
0,4791706,2,phononL,0.0029093,-0.0034659,-0.00176081,-0.000189448,27.1538,0.0012235,1,-0.00365033,-0.00165754,-0.0002625,347.792
0,4791996,19,phononTS,0.000522852,-0.00300256,-0.000997901,0.000262498,958.653,0.000522852,1,-0.00291972,-0.00149731,-0.0002625,1227.47
0,4792826,5,phononL,0.000513504,-0.00346056,-0.00165334,-0.000262498,158.052,0.000382,1,-0.00300341,-0.00100031,0.0002625,341.416
0,4795031,14,phononTS,0.000397303,0.00105692,0.00104075,-0.0002625,10454.8,0.000382,1,0.00100063,0.00100347,0.0002625,11256.3
0,4798298,4,phononTF,0.00226279,-0.00343769,-0.000484676,-0.0002625,321.627,0.001146,1,-0.00300141,-0.00100025,0.0002625,2126.73
0,4806711,27,phononTF,0.000434742,-0.00299786,-0.00100213,0.0002625,2373.7,0.000434742,1,-0.00366142,-0.0016633,-0.0002625,3024
0,4808606,3,phononTS,0.00495825,-0.00341816,-0.00115978,-2.53325e-05,64.0252,0.000764,1,-0.00299937,-0.00100134,0.0002625,647.184
0,4809532,5,phononTS,0.000897462,-0.00300675,-0.00156338,-0.000262498,153.723,0.000382,1,-0.00300356,-0.00100415,0.0002625,444.142
0,4813289,13,phononTF,0.000457701,-0.000327106,0.00158567,-0.0002625,14974.7,0.000382,1,-0.000995248,0.00100191,0.0002625,15929.8
0,4814254,8,phononTS,0.000711982,-0.00300163,-0.000995264,0.000262498,1415.64,0.000429861,1,-0.00299357,-0.00105723,-0.0002625,1579.85
0,4816219,10,phononTS,0.000472935,-0.00299571,-0.00100175,0.000262498,692.5,0.000472935,1,-0.00347531,-0.00115681,-0.0002625,981.136
0,4816235,27,phononTF,0.00040576,2.48361e-06,-0.00200195,0.000262498,28559.9,0.00040576,1,-0.000189948,-0.00177564,-0.0002625,28739.7
0,4818471,8,phononTS,0.000445815,-4.10182e-05,0.00139805,-0.0002625,18276,0.000382,1,-2.5646e-06,0.00200329,0.0002625,24719.6
0,4823385,12,phononL,0.00234466,-0.00152214,-0.00165614,-0.000211372,1648.54,0.000382,1,-0.000997035,-0.000997328,0.0002625,1837.36
0,4823385,13,phononTS,0.00155134,-0.000997035,-0.000997328,0.000262499,1837.36,0.000881149,1,-0.00118134,-0.000548306,-0.0002625,2123
0,4825074,12,phononTS,0.00118719,-0.00300078,-0.00100275,0.0002625,3374.78,0.00082456,1,-0.00303159,-0.000432024,-0.0002625,3909.35
0,4827691,7,phononTS,0.00117476,-0.00364089,-0.00108587,-0.0002625,2510.69,0.000382,1,-0.00299977,-0.000997986,0.0002625,5219.79
0,4828562,23,phononTS,0.000643425,-0.00199949,3.71838e-06,0.0002625,2341.09,0.000486865,1,-0.00224086,0.000263658,-0.0002625,4785.1
0,4833067,20,phononTS,0.000544102,-0.00397253,0.00243475,-0.0002625,13635.8,0.000382,1,-0.00199506,4.1175e-06,0.0002625,19665.8
0,4836572,10,phononTF,0.000964787,-0.00256941,-0.000488719,-0.0002625,270.204,0.000382,1,-0.00199994,-6.62915e-07,0.0002625,1126.91
0,4839773,14,phononTF,0.000431968,0.000263289,-0.00223511,-0.0002625,5763.86,0.000382,1,4.02558e-06,-0.001997,0.0002625,6343.93
0,4840841,3,phononTS,0.00298763,-0.00188179,-0.000956903,-0.0002625,40.3278,0.000382,1,-0.000998339,-0.000999572,0.0002625,3966.55
0,4840841,5,phononTS,0.000432838,0.005,0.00419933,0.000120707,3966.55,0.000432838,1,0.00378492,0.0030172,-0.0002625,6955.01
0,4846565,7,phononTF,0.00260386,-0.00223727,-0.000283156,-0.0002625,899.085,0.000382,1,-0.0020029,3.31423e-07,0.0002625,1852.26
0,4849892,9,phononTF,0.00111167,0.000906126,-0.000998617,-0.000262498,1484.38,0.000382,1,0.00199799,-0.00199946,0.0002625,1952.6
0,4850104,21,phononTF,0.000461528,-0.00300918,-0.00082279,-0.0002625,524.493,0.000382,1,-0.00299585,-0.000997983,0.0002625,1692.06
0,4854178,5,phononTS,0.000919645,0.000104671,0.000625568,-0.0002625,1070.27,0.000382,1,0.00100172,0.00100039,0.0002625,3639.95
0,4857159,2,phononL,0.00261452,-0.00176791,-0.000786293,-0.0002625,6.54682,0.000382,1,1.08077e-06,1.51101e-06,0.0002625,802.173
0,4857902,8,phononTF,0.000941906,0.00168833,-0.00234813,-0.0002625,6172.98,0.000382,1,0.00200011,-0.00199699,0.0002625,7222.63
0,4864810,3,phononTS,0.00270678,-1.15888e-06,0.00199765,0.0002625,23.5978,0.00157838,1,7.08877e-05,0.0020835,-0.0002625,4866.92
0,4868535,19,phononTS,0.000898788,-0.005,-0.00299069,-0.000255031,1085.68,0.000382,1,-0.00300182,-0.00100155,0.0002625,3468.02
0,4869161,6,phononTS,0.000597987,-0.00200127,0.0020042,0.0002625,6577.44,0.000597987,1,-0.00195364,0.00200274,-0.0002625,6908.97
0,4869161,3,phononTF,0.00204228,-0.00351689,-0.00155724,0.000262498,11.5568,0.000511597,1,-0.00282138,-0.00232534,-0.0002625,357.826
0,4877897,6,phononTF,0.00043161,-0.00199743,-0.00199958,0.0002625,963.539,0.00043161,1,-0.00205745,-0.00204938,-0.0002625,1280.62
0,4877897,4,phononTS,0.000508264,-0.0035274,-0.00156018,0.000262498,49.886,0.000508264,1,-0.00368771,-0.00147878,-0.0002625,239.667
0,4877897,3,phononTS,0.000458467,-0.0035274,-0.00156018,0.000262498,49.886,0.000458467,1,-0.00342866,-0.00155357,-0.0002625,234.97
0,4877897,2,phononTS,0.000835959,-0.0035274,-0.00156018,0.000262498,49.886,0.000157334,1,-0.00350344,-0.00200845,-0.0002625,290.34
0,4878214,10,phononTS,0.000747855,-0.00107819,-0.00103141,-0.000262498,5249.33,0.000382,1,-0.000996443,-0.0009956,0.0002625,5417.05
0,4879402,11,phononTS,0.000483782,0.000916945,0.00102481,-0.000262498,13050.4,0.000382,1,0.00100307,0.00100201,0.0002625,13216
0,4880453,7,phononTS,0.000912359,-0.0030017,-0.00100497,0.0002625,1532.92,0.000408596,1,-0.00293289,-0.000936323,-0.0002625,2463.23
0,4903635,14,phononTF,0.000445942,-0.0033595,-0.00138667,-0.0002625,1893.75,0.000382,1,-0.00299584,-0.00100086,0.0002625,2562.01
0,4904949,5,phononTF,0.000391004,0.00235155,-0.002375,-0.0002625,8107.79,0.000382,1,0.00200031,-0.0019983,0.0002625,10009
0,4907178,5,phononTS,0.0042582,-0.00305259,-0.000863765,-0.0002625,1616.97,0.001146,1,-0.00299827,-0.00100061,0.0002625,2273.31
0,4911868,5,phononTF,0.00084385,-0.00355956,-0.00159698,-0.000262498,475.887,0.000382,1,-0.00299832,-0.000996088,0.0002625,766.963
0,4912409,8,phononTS,0.000732815,0.000998544,-0.00300286,0.0002625,4065.23,0.000597442,1,0.000935568,-0.0029741,-0.0002625,4377.69
0,4917745,3,phononTF,0.0024794,-0.00324352,-0.00127721,-0.0002625,54.7938,0.001146,1,-0.00299627,-0.00100023,0.0002625,440.454
0,4920267,8,phononTF,0.000585514,-7.66943e-05,5.76288e-05,-0.000262498,5131.98,0.000382,1,-0.000997923,-0.00100039,0.0002625,5589.81
0,4923394,11,phononTS,0.00117136,-0.00156584,8.59106e-05,-0.0002625,7393.4,0.000382,1,-0.0020047,-4.46306e-06,0.0002625,8658.18
0,4923438,23,phononTS,0.000581028,-0.00100955,0.00106025,-0.0002625,13368,0.000382,1,-0.000997514,0.00100318,0.0002625,14183.8
0,4923456,2,phononTF,0.00406701,-0.00313444,-0.00115941,-4.77608e-05,44.3019,0.000764,1,-0.00299557,-0.00100171,0.0002625,562.924
0,4925703,4,phononTS,0.00171684,0.00101255,-0.00195955,-0.0002625,102.794,0.000382,1,0.00200152,-0.00200058,0.0002625,2951.93
0,4930265,9,phononTF,0.00140302,0.00173908,0.000291247,-0.000262498,3436.29,0.000382,1,0.00199559,2.1174e-06,0.0002625,3631.66
0,4930265,10,phononTS,0.000604382,0.00199559,2.1174e-06,0.000262498,3631.66,0.000604382,1,0.00192181,0.000443058,-0.0002625,3885.52
0,4931610,10,phononTS,0.000986979,-7.37902e-05,0.000632124,-0.0002625,1233.32,0.000382,1,0.00099983,0.000997857,0.0002625,2618.88
0,4934874,15,phononTS,0.000517742,4.43289e-06,-4.4308e-06,0.0002625,6912.29,0.000517742,1,9.59944e-05,0.000653904,-0.0002625,7533.16
0,4936087,30,phononTF,0.00050522,-0.000301828,0.00175594,-0.000262498,31036,0.000382,1,1.68467e-06,0.00199961,0.0002625,31230
0,4936872,10,phononTS,0.000389637,-0.0027766,-0.00171097,-0.000262498,8563.71,0.000382,1,-0.00199946,-0.00200413,0.0002625,8923.56
0,4937639,3,phononTS,0.00222925,-0.00207985,-0.00191351,-0.0002625,108.232,0.000764,1,-0.00200036,-0.00199952,0.0002625,3094.61
0,4937687,5,phononTS,0.000667836,-0.00299941,-0.00099725,0.0002625,497.617,0.000147671,1,-0.00290474,-0.00102058,-0.0002625,873.826
0,4939290,10,phononTS,0.000679866,-0.00299733,-0.000995272,0.000262498,617.339,0.000550916,1,-0.00370086,-0.000190481,-0.0002625,1082.97
0,4940706,11,phononL,0.000502939,0.000995115,0.000997205,0.000262498,12041.4,0.000502939,1,0.00156705,4.57634e-06,-0.0002625,12288.5
0,4942178,16,phononTS,0.000395942,-0.00300325,-0.000995155,0.000262498,13141.8,0.000395942,1,-0.00305545,-0.000914598,-0.0002625,13298.6
0,4942178,9,phononTS,0.000952197,-0.00304727,-0.00300477,0.000120311,3871.03,0.000733474,1,-0.00299058,-0.0029453,-0.0002625,3983.57
0,4942178,7,phononTS,0.00131012,-0.0032553,-0.00165884,0.000262498,430.094,0.000762779,1,-0.00330115,-0.00154655,-0.0002625,624.272
0,4942780,4,phononTS,0.000552884,-1.64933e-05,-0.000184298,-0.000262498,2428.05,0.000382,1,-1.54825e-06,3.32182e-06,0.0002625,2628.92
0,4944962,9,phononTF,0.000610543,-0.00199683,-0.00199736,0.000262498,3512.1,0.000610543,1,-0.00192194,-0.00208647,-0.0002625,3672.66
0,4947377,9,phononTF,0.000683372,-0.00299844,-0.00099835,0.0002625,11154.1,0.000683372,1,-0.00273307,-0.00103765,-0.0002625,11535.1
0,4951764,6,phononTF,0.000929459,0.00337941,-0.00167895,-0.0002625,5359.26,0.000382,1,0.00199933,0.00199813,0.0002625,10085.8
0,4951951,3,phononTS,0.00299497,-0.00298366,-0.000981843,-0.000157496,20.9379,0.000382,1,-0.00300328,-0.000997765,0.0002625,1183.54
0,4953591,5,phononTF,0.000502264,-0.000635882,0.00128235,-0.0002625,583.364,0.000382,1,-4.09519e-06,0.00200077,0.0002625,2205.3
0,4953591,2,phononTS,0.00293405,-0.0036534,-0.00143224,-0.000181973,20.8103,0.000261176,1,-0.00492642,-0.0032775,-0.0002625,925.982
0,4956882,14,phononTS,0.000628574,0.00208995,0.00203768,-0.0002625,637.118,0.000382,1,0.00199974,0.00200385,0.0002625,8041.62
0,4957706,9,phononTS,0.000685937,-0.0029959,-0.00107526,-0.000262498,2886.25,0.000382,1,-0.00299624,-0.00100099,0.0002625,3041.58
0,4960653,8,phononTS,0.000663205,-0.0030368,-0.0010726,-0.000262498,260.341,0.000382,1,-0.00299992,-0.000997979,0.0002625,438.063
0,4960860,3,phononTF,0.00150197,-0.00332251,7.25605e-06,-0.0002625,177.728,0.000382,1,-2.94053e-06,-0.00199715,0.0002625,4772.54
0,4960860,5,phononTF,0.000499341,-2.94053e-06,-0.00199715,0.000262498,4772.54,0.000499341,1,-3.837e-05,-0.00202693,-0.0002625,4929.98
0,4971149,4,phononTS,0.00190919,0.00200342,1.37671e-06,0.0002625,65.4009,0.000202237,1,0.00195628,-1.32467e-05,-0.0002625,7330.28
0,4974079,13,phononL,0.000918306,0.001076,0.00165034,-0.000262498,8776.59,0.000382,1,0.000998797,0.000996422,0.0002625,8931.42
0,4976232,5,phononL,0.000845655,-0.00225447,-0.00279234,-0.0002625,136.954,0.000382,1,-0.00199894,-0.00200403,0.0002625,2651.09
0,4976232,3,phononTS,0.00173179,-0.00352125,-0.00156207,0.000262498,1.7545,0.000519983,1,-0.00147725,-0.00231686,-0.0002625,806.344
0,4976730,13,phononTF,0.000459406,-0.00128792,-0.000789153,-0.0002625,8438.56,0.000382,1,-0.00100446,-0.00100423,0.0002625,9823.32
0,4976730,4,phononTF,0.00154465,-0.0035241,-0.00156012,0.000262498,2.77914,0.000393348,1,-0.00219753,-0.00276069,-0.0002625,567.754
0,4987091,8,phononTF,0.000397886,0.00177308,0.00181384,-0.000262498,8860.19,0.000382,1,0.00199941,0.00200095,0.0002625,9039.32
0,4989505,11,phononTS,0.000588793,0.000462864,0.00298634,-0.0002625,7763.47,0.000382,1,0.00299999,0.00100155,0.0002625,10705.3
0,4992962,4,phononTS,0.0011342,-0.00177435,-0.000800858,-0.0002625,9620.93,0.000382,1,-0.00100146,0.00100194,0.0002625,11366.1
0,4992962,2,phononTS,0.00253183,-0.0035352,-0.00154355,0.000262498,59.6186,0.000809345,1,-0.00240672,-0.00065524,-0.0002625,639.579
0,4993169,3,phononTF,0.00265274,0.0011607,-0.00287717,-0.000112684,79.7612,0.000764,1,0.00100188,-0.0030034,0.0002625,4705.92
0,5001069,25,phononTF,0.000826457,0.00200384,0.00199792,0.0002625,7529.65,0.000567354,1,0.00205912,0.00222138,-0.0002625,7893.1
0,5001889,4,phononTS,0.00248071,-0.00306349,-0.00108253,-0.000112915,19.3067,0.001146,1,-0.00300406,-0.000997936,0.0002625,369.024
0,5002996,13,phononTS,0.000939518,0.00102563,-0.00292414,-0.0002625,13590.5,0.000382,1,0.000997839,-0.00300082,0.0002625,14055.9
0,5005138,8,phononTS,0.000429961,0.00183399,-0.00193222,-0.0002625,12613.6,0.000382,1,0.00199917,-0.00200414,0.0002625,13457
0,5014256,4,phononTF,0.00197317,-0.00192354,-0.00207181,0.000185115,15.6965,0.000382,1,-0.00199732,-0.00200283,0.0002625,1345.63
0,5014353,18,phononTS,0.000392285,2.16435e-06,0.00199724,0.000262498,26527.7,0.000392285,1,-7.08996e-05,0.00206909,-0.0002625,26682.6
0,5014353,2,phononTS,0.000561479,-0.00351705,-0.00156018,0.000262498,4.66468,0.000561479,1,-0.00282526,-0.00166043,-0.0002625,340.948
0,5014354,3,phononTF,0.00642765,-0.00368701,-0.00175819,-5.12085e-05,163.464,0.00162088,1,-0.00365142,-0.00171668,-0.0002625,404.651
0,5022890,7,phononTS,0.00097996,-0.000481289,0.00444617,-0.000262498,7453.19,0.000382,1,-0.00199947,0.00200372,0.0002625,8490.41
0,5030055,7,phononTF,0.00138003,-0.00313261,-0.00113796,-0.0002625,102.551,0.000764,1,-0.00300123,-0.000999073,0.0002625,776.046
0,5032320,4,phononTF,0.00070509,-0.00328821,-0.00126984,-0.0002625,292.665,0.000382,1,-0.00299871,-0.000999934,0.0002625,685.239
0,5032320,2,phononTS,0.00618259,-0.00383778,-0.00130647,-0.000240694,265.034,0.00219514,1,-0.00383585,-0.0013071,-0.0002625,1667.72
0,5041372,8,phononTS,0.000528947,0.00213292,0.00110889,-0.0002625,6979.29,0.000382,1,0.00299719,0.00100459,0.0002625,13934.2
0,5041546,2,phononTF,0.00157094,-0.00107753,0.000441138,-0.0002625,3.62432,0.001146,1,-0.00199947,0.0020022,0.0002625,3273.19
0,5043932,9,phononTF,0.000417635,0.000303506,-0.000371833,-0.0002625,13740.4,0.000382,1,0.00100108,-0.000997077,0.0002625,16052.9
0,5047237,6,phononTS,0.000433286,0.00208434,0.0020738,-0.0002625,9577.8,0.000382,1,0.00199779,0.00199959,0.0002625,10504.8
0,5053556,8,phononTF,0.000531766,-0.00199571,-1.4267e-06,0.000262498,1441.95,0.000531766,1,-0.00255072,-0.000545738,-0.0002625,1725.62
0,5059039,3,phononTF,0.000601599,-0.00279473,-0.000820454,-0.0002625,40.2946,0.000382,1,-0.00200088,9.83708e-07,0.0002625,1116.47
0,5060551,13,phononL,0.000629222,0.00143099,-0.00351334,-0.000262499,3063.92,0.000382,1,0.00100273,-0.00300133,0.0002625,3225.47
0,5066139,4,phononTS,0.00238921,-0.00184652,-0.00150527,-0.000186739,118.934,0.000382,1,-0.0020023,-0.00199711,0.0002625,11574.7
0,5066139,6,phononTS,0.00109355,-0.0020023,-0.00199711,0.000262499,11574.7,0.000432939,1,-0.00165957,-0.00205084,-0.0002625,11817.3
0,5068223,9,phononTS,0.000443322,-0.00164201,0.000425701,-0.0002625,309.049,0.000382,1,-1.71943e-06,-1.9365e-06,0.0002625,14877.4
0,5078300,5,phononTF,0.00150547,-0.00326478,-0.00128234,-0.0002625,37.216,0.000382,1,-0.00300237,-0.00100068,0.0002625,425.931
0,5078914,3,phononTF,0.00172622,-0.00189641,-0.0017681,-0.0002625,22.0347,0.000382,1,-0.00200113,-0.00199518,0.0002625,2171.03
0,5078963,8,phononTF,0.000576087,-0.000908358,-0.00143985,-0.000262498,17331.2,0.000382,1,0.000998722,-0.000996049,0.0002625,18002.3
0,5079851,8,phononTS,0.000585179,-0.00252582,2.63574e-05,-0.000262498,1309.07,0.000382,1,-0.00199521,-3.52404e-07,0.0002625,1586.23
0,5083968,6,phononTS,0.0016695,-0.00308349,-0.00112973,-0.0002625,160.609,0.000382,1,-0.00300125,-0.000996799,0.0002625,898.303
0,5083968,8,phononL,0.000549513,-0.00300125,-0.000996799,0.000262498,898.303,0.000549513,1,-0.0035991,-0.00141295,-0.0002625,1069.56
0,5083968,7,phononTS,0.00062982,-0.00300125,-0.000996799,0.000262498,898.303,0.00062982,1,-0.00293463,-0.00104984,-0.0002625,1053.69
0,5089016,3,phononTF,0.00248357,-0.00326286,-0.00127996,-0.0002625,0.970546,0.000382,1,-0.00300422,-0.00100108,0.0002625,391.382
0,5089016,4,phononTS,0.00174772,-0.00300422,-0.00100108,0.000262498,391.382,0.000220237,1,-0.00346106,-0.00196864,-0.0002625,825.911
0,5091906,10,phononTS,0.000864423,-0.00199971,-0.00199549,0.000262498,2332.51,0.000864423,1,-0.00201519,-0.00103499,-0.0002625,2734.53
0,5092820,12,phononTF,0.000967013,-0.00141522,-0.00241355,-0.000262498,2885.49,0.000382,1,-0.00199823,-0.00199624,0.0002625,3169.39
0,5106465,6,phononTF,0.00117177,-0.0027821,-0.000831178,-0.0002625,1028.74,0.000764,1,-0.00300242,-0.00100481,0.0002625,2087.77
0,5117251,7,phononTS,0.00429921,-0.00318301,-0.00121899,0.000251903,180.797,0.001146,1,-0.00300112,-0.0009952,0.0002625,391.066
0,5118019,17,phononTS,0.000540673,-0.00110596,0.000172507,-0.0002625,6840.89,0.000382,1,-0.00199572,8.71667e-07,0.0002625,7957.63
0,5118412,7,phononTS,0.00114011,-0.00299638,-0.00100155,0.0002625,903.573,0.000568134,1,-0.00299213,-0.000930581,-0.0002625,1231.72
0,5119865,2,phononTS,0.00132845,-0.005,-0.00284237,-0.000210491,2.42042,0.000382,1,-0.00300367,-0.000996375,0.0002625,1546.82
0,5120053,14,phononTF,0.00123555,-0.00114145,-0.000822689,-0.0002625,1402.51,0.000382,1,-0.000997509,-0.000998368,0.0002625,3279.51
0,5120053,13,phononTS,0.000473169,-0.005,-0.00225347,0.000126999,1402.51,0.000473169,1,-0.00252213,-0.000980564,-0.0002625,2535.21
0,5120345,4,phononTF,0.00147755,-0.00326853,-0.00132946,-0.0002625,94.2856,0.000382,1,-0.00299565,-0.000997008,0.0002625,497.506
0,5138527,4,phononTS,0.00224568,-0.00261564,0.00141929,-0.0002625,728.398,0.000764,1,-0.00100141,0.00300243,0.0002625,3444.8
0,5138964,3,phononTF,0.00225963,-0.00162293,0.000353933,-0.0002625,42.2127,0.001146,1,-0.000997665,0.00100006,0.0002625,1286
0,5144899,3,phononTF,0.00155404,-0.000763449,0.00124336,-0.0002625,175.722,0.000382,1,-0.00100276,0.000999378,0.0002625,2226.89
0,5149186,4,phononL,0.00181218,-0.00163464,-0.00114402,-0.0002625,9.51933,0.000764,1,-0.00100385,-0.000999753,0.0002625,625.587
0,5155244,12,phononTS,0.00112451,0.00183742,-0.00229755,-0.000262498,6032.3,0.000382,1,0.000996714,-0.00099949,0.0002625,6609.51
0,5158031,24,phononTF,0.000781879,-0.00227807,-0.000262896,-0.0002625,974.135,0.000382,1,-0.00199799,9.35755e-07,0.0002625,2264.98
0,5164268,21,phononL,0.00057314,-0.00222991,-0.000372627,-0.0002625,3625.93,0.000382,1,-0.00200252,1.22664e-07,0.0002625,4009.5
0,5167655,19,phononTS,0.000619238,-0.00185595,-0.0035294,-0.0002625,5940.8,0.000382,1,0.00100391,-0.000997814,0.0002625,9234.24
0,5179323,16,phononTF,0.000871449,0.00100054,0.000997828,0.000262498,4747.29,0.000355228,1,0.000995091,0.00132521,-0.0002625,4953.07
0,5189120,7,phononTS,0.00204947,-0.00205541,7.95925e-05,-0.0002625,1767.67,0.000764,1,-0.00200115,4.68337e-06,0.0002625,6323.93
0,5189679,4,phononTF,0.000879477,-0.0032681,-0.00128619,-0.0002625,5.29487,0.000382,1,-0.00300108,-0.00100359,0.0002625,399.555
0,5190648,5,phononTS,0.00111703,-0.00117095,-0.00101685,-0.0002625,2417.81,0.000382,1,-0.00100342,-0.0010028,0.0002625,2994.99
0,5195811,9,phononTS,0.000568708,-0.000384623,2.96859e-05,-0.0002625,1193.61,0.000382,1,1.75196e-06,3.19665e-06,0.0002625,4034.01
0,5199673,10,phononL,0.000411581,2.65488e-05,-0.00137646,-0.0002625,1665.37,0.000382,1,6.37389e-07,-0.00199629,0.0002625,5323.21
0,5200705,19,phononTS,0.000942156,0.00101669,-0.00308899,-0.000262498,4159.65,0.000764,1,0.000995492,-0.00299909,0.0002625,4319.22
0,5202679,3,phononTF,0.000612132,-0.00311002,-0.000885738,-0.0002625,2.2755,0.000382,1,-0.00300281,-0.00100342,0.0002625,2723.17
0,5202826,6,phononTS,0.000643389,-0.00187908,0.00265998,-0.0002625,1623.43,0.000382,1,-0.00199697,0.00199703,0.0002625,5683.15
0,5202826,4,phononTF,0.00285457,-0.0036185,-0.00120881,-3.95534e-05,196.552,0.00114361,1,-0.00343649,-0.00102966,-0.0002625,299.428
0,5204675,5,phononTS,0.00108682,-0.00154641,0.000487664,-0.0002625,355.819,0.000382,1,-0.00100028,0.00100168,0.0002625,2197.48
0,5204675,3,phononL,0.00219705,-0.00352479,-0.00173633,0.000262498,180.477,0.000514471,1,-0.00324443,0.000558982,-0.0002625,628.61
0,5204911,10,phononTS,0.000570248,-0.000940885,0.00333402,-0.000262498,4805.7,0.000382,1,-0.00100108,0.00300415,0.0002625,5033.89
0,5212491,3,phononTF,0.000544533,-0.00238395,-0.000382753,-0.0002625,12.8482,0.000382,1,-0.00200481,1.08959e-06,0.0002625,912.379
0,5212994,15,phononTF,0.000580522,-0.00131145,-0.00125181,-0.000262498,4962.07,0.000382,1,-0.000995423,-0.000996941,0.0002625,5159
0,5215539,15,phononTS,0.000883036,-0.00246145,-0.000282735,-0.000262498,4206.08,0.000764,1,-0.000999372,-0.000995952,0.0002625,4840.07
0,5221900,11,phononTS,0.00110749,-0.00201824,-0.000495535,-0.000262498,982.503,0.000764,1,-0.00199617,2.16229e-07,0.0002625,1237.72
0,5224102,5,phononTF,0.00215565,-0.00172305,-0.00180861,-0.0002625,1283.74,0.000382,1,-0.00199633,-0.00199738,0.0002625,4518.84
0,5235091,14,phononTS,0.000609705,-4.5399e-06,-0.00192626,-0.0002625,10317.6,0.000382,1,3.48704e-06,-0.00200337,0.0002625,10803.6
0,5244726,10,phononTF,0.000630022,-4.54336e-06,-0.00200156,0.0002625,10041.8,0.000480471,1,-8.16788e-05,-0.00207531,-0.0002625,10361.8
0,5247057,9,phononL,0.000844315,-0.00199575,-3.3126e-06,0.000262498,2217.27,0.000364589,1,-0.00169434,-0.00019797,-0.0002625,2339.59
0,5250983,9,phononTS,0.000557262,-8.66824e-05,-7.16545e-05,-0.0002625,7529.57,0.000382,1,-2.85759e-06,-4.30919e-06,0.0002625,7994.57
0,5255046,2,phononTF,0.00283942,-0.00243541,0.00248067,-0.00016912,83.1565,0.000382,1,-0.00200149,0.00199714,0.0002625,1512.51
0,5262631,10,phononL,0.000615386,-0.00142044,-0.0011322,-0.0002625,7663.49,0.000382,1,-0.000995654,-0.00100113,0.0002625,8570.12
0,5272781,13,phononTF,0.000431169,-0.00375789,-0.000402729,-0.0002625,12392.4,0.000382,1,-0.00300008,-0.000998024,0.0002625,13386.5
0,5274922,13,phononL,0.000418338,0.00199799,-8.22964e-07,0.000262498,15414.8,0.000418338,1,0.00170532,0.000301952,-0.0002625,15542.8
0,5276131,2,phononTF,0.0011407,-0.00238379,-0.00188962,-0.0002625,6.27348,0.000764,1,-0.00200445,-0.00200287,0.0002625,887.725
0,5286605,19,phononTF,0.000396514,0.000277624,1.02826e-05,-0.0002625,2743.56,0.000382,1,0.000999999,0.000998941,0.0002625,3996.26
0,5287229,15,phononTF,0.000778716,-0.00300046,-0.000996822,0.0002625,866.881,0.000194874,1,-0.00401006,0.000188817,-0.0002625,1871.71
0,5293547,9,phononTS,0.000485266,-0.00307978,-0.00101882,-0.0002625,180.707,0.000382,1,-0.00299989,-0.0010001,0.0002625,662.17
0,5298439,9,phononTS,0.00102753,0.00197733,0.00191434,-0.0002625,6783.15,0.000764,1,0.0019954,0.00199971,0.0002625,10395.8
0,5298439,4,phononTS,0.00216478,-0.00341255,-0.00154154,-6.81101e-05,858.82,0.000528228,1,-0.00308213,-0.00150657,-0.0002625,998.202
0,5300602,9,phononTS,0.000492219,-0.00209479,0.00225782,-0.0002625,1642.76,0.000382,1,-0.000995101,0.00299528,0.0002625,3924.74
0,5302511,5,phononTF,0.00195215,-0.00313604,-0.00112729,-0.0002625,117.314,0.000764,1,-0.00299666,-0.00100345,0.0002625,790.278
0,5303737,10,phononTS,0.000676418,0.000598622,-0.00235795,-0.0002625,9575.18,0.000382,1,0.00100059,-0.00299557,0.0002625,13817.8
0,5305914,11,phononTS,0.000402093,0.00207037,7.65749e-05,-0.000262498,7255.24,0.000382,1,0.00199576,-3.26157e-07,0.0002625,7409.86
0,5308429,9,phononTS,0.00145084,-0.00235006,-3.75229e-06,-0.0002625,370.527,0.000382,1,-0.00199651,-4.45687e-06,0.0002625,5389.25
0,5316125,5,phononTS,0.00185581,-0.00306111,-0.00103135,-0.0002625,526.339,0.000764,1,-0.00299882,-0.00100115,0.0002625,1045.27
0,5321370,15,phononTF,0.000544203,0.0013674,-0.00143443,-0.0002625,2728.3,0.000382,1,0.00199791,-0.00200103,0.0002625,5461.15
0,5321559,15,phononTS,0.000439498,0.00124974,-0.00189692,-0.0002625,6110.09,0.000382,1,0.00200395,-0.00199668,0.0002625,11963.4
0,5323757,6,phononTS,0.00158328,-0.00300002,-0.00100049,0.000262498,747.456,0.00072642,1,-0.00292443,-0.000937146,-0.0002625,903.568
0,5323976,9,phononTF,0.0010009,-0.00316248,-0.00117141,-0.0002625,3494.8,0.000764,1,-0.00300487,-0.000995391,0.0002625,5208.7
0,5337881,10,phononL,0.000484076,-0.00246491,-0.00185374,-0.0002625,5513.91,0.000382,1,-0.00200107,-0.00200197,0.0002625,5915.57
0,5339465,13,phononTS,0.00102285,8.95021e-05,3.58848e-05,-0.000262498,15057.2,0.000382,1,7.08041e-07,1.75509e-06,0.0002625,15215.3
0,5348352,8,phononTF,0.000458254,-0.000990483,-0.00124125,-0.000262498,2531.97,0.000382,1,-0.00100018,-0.00100377,0.0002625,2716.19
0,5352389,3,phononTF,0.002571,-0.00160622,-0.00185969,0.000134957,7.11752,0.000764,1,-0.00200444,-0.00200129,0.0002625,1087.61
0,5354046,12,phononTS,0.000437474,0.00100445,-0.000999234,0.0002625,3167.73,0.000437474,1,0.000917104,-0.00101005,-0.0002625,5165.65
0,5356263,2,phononTF,0.000619704,-0.0031386,-0.00113591,-0.0002625,21.3604,0.000382,1,-0.00299785,-0.00100403,0.0002625,692.323
0,5373024,7,phononTS,0.000465325,-0.000359187,0.00128742,-0.0002625,4207.78,0.000382,1,-0.00099904,0.000998679,0.0002625,5950.33
0,5373036,19,phononTF,0.00141307,0.00241816,-0.00048732,-0.000262498,15198.4,0.000382,1,0.00200493,4.64231e-06,0.0002625,15444.5
0,5375120,5,phononTS,0.000793138,-0.00204718,-0.00204499,-0.0002625,1205.33,0.000382,1,-0.00199982,-0.00200273,0.0002625,1985.83
0,5377852,4,phononTF,0.00166837,-0.00163095,0.000351383,-0.0002625,63.931,0.000764,1,-0.000999385,0.000998078,0.0002625,1333.53
0,5380449,7,phononTS,0.000639394,-0.00272045,-0.00207108,-0.0002625,2026.39,0.000382,1,-0.00199603,-0.00199671,0.0002625,6148.44
0,5380449,4,phononTF,0.00084154,-0.005,0.000788875,0.000260417,30.4504,0.000491283,1,-0.00367503,-0.000312913,-0.0002625,1521.29
0,5382192,9,phononTS,0.00124505,-0.00304444,-0.00296737,-0.0002625,4886.36,0.000764,1,0.00300498,0.000996463,0.0002625,8960.71
0,5383869,10,phononTS,0.00100341,-6.89802e-05,-0.00216706,-0.000262498,3050.92,0.000382,1,-3.99787e-06,-0.00199741,0.0002625,3243.05
0,5384392,2,phononTF,0.00137223,-0.00313054,-0.00113826,-0.0002625,29.0683,0.000764,1,-0.00299842,-0.000995735,0.0002625,697.859
0,5387517,16,phononL,0.00060538,-0.00147675,-0.000626314,-0.0002625,9122.66,0.000382,1,-0.00199804,-2.04988e-06,0.0002625,11980.9
0,5397370,15,phononTF,0.000737685,-0.000148659,-0.00211438,-0.0002625,1975.83,0.000382,1,-3.86381e-06,-0.00199689,0.0002625,3949.74
0,5406782,19,phononTF,0.000393651,0.00187259,-0.00185131,-0.0002625,27432.5,0.000382,1,0.00199973,-0.00199761,0.0002625,28608.4
0,5410441,3,phononL,0.00182103,-0.00237982,-0.000383387,-0.0002625,4.17748,0.000382,1,-0.00199832,4.5926e-06,0.0002625,575.284
0,5417815,15,phononTS,0.000964633,-0.00308479,-0.000917767,-0.0002625,1855.54,0.000382,1,-0.00299793,-0.00100038,0.0002625,2317.2
0,5417815,16,phononTS,0.000425161,-0.00299793,-0.00100038,0.000262499,2317.2,0.000425161,1,-0.00359855,0.000826029,-0.0002625,3038.12
0,5418368,8,phononTS,0.000577933,0.00212016,0.000913896,-0.0002625,10237.4,0.000382,1,-3.07215e-06,1.6562e-06,0.0002625,19534.7
0,5419719,13,phononTF,0.000435825,-0.00300074,-0.00100345,0.000262498,8420.76,0.000435825,1,-0.00304988,-0.00095453,-0.0002625,8579.12
0,5419989,9,phononL,0.000667351,0.00154509,0.005,-0.000163864,15113.2,0.000382,1,0.00200031,0.00199727,0.0002625,15732.3
0,5419989,3,phononTS,0.00102048,-0.00352049,-0.00156619,0.000262498,7.92738,0.000370688,1,-0.00354406,-0.00141317,-0.0002625,197.396
0,5422570,10,phononTS,0.00100494,-0.00300386,-0.00103554,-0.0002625,1440.73,0.000382,1,-0.00299898,-0.000999426,0.0002625,2676.27
0,5422570,11,phononTF,0.000451908,-0.00299898,-0.000999426,0.000262498,2676.27,0.000451908,1,-0.00281547,-0.000836884,-0.0002625,2849.77
0,5422571,3,phononTS,0.00503265,-0.00330804,-0.00106743,-0.000229745,83.1974,0.00179044,1,-0.00316113,-0.0012028,-0.0002625,445.694
0,5427048,7,phononTF,0.00119203,-0.00327318,-0.0013387,-0.000262498,489.93,0.000382,1,-0.00300164,-0.00100253,0.0002625,691.597
0,5427048,8,phononTF,0.000445728,-0.00300164,-0.00100253,0.000262498,691.597,0.000445728,1,-0.00324282,-0.00126868,-0.0002625,881.408
0,5429544,8,phononTS,0.000446615,-0.00175485,-0.00205656,-0.000262498,17507.5,0.000382,1,-0.00199594,-0.00200397,0.0002625,17714.8
0,5432529,6,phononTF,0.000760939,-0.00310314,-0.00109504,-0.0002625,244.087,0.000382,1,-0.00299508,-0.00100116,0.0002625,1056.49
0,5436503,25,phononTS,0.00251122,0.000890115,-0.00091454,-0.0002625,4466.62,0.000764,1,0.00100143,-0.000998564,0.0002625,6203.69
0,5436503,26,phononTS,0.00145521,0.00100143,-0.000998564,0.000262498,6203.69,0.000894784,1,0.000990055,-0.000921712,-0.0002625,6364.93
0,5436784,18,phononTF,0.000955778,-0.0026439,-0.00131649,-0.0002625,520.185,0.000382,1,-0.00299792,-0.000998745,0.0002625,1102.97
0,5439709,16,phononTS,0.00106619,-0.00357455,-0.000574953,-0.000262498,1272.26,0.000764,1,-0.00300387,-0.000996944,0.0002625,1627.64
0,5440181,4,phononTS,0.00280871,-0.00200162,-0.00199849,0.0002625,372.316,0.000803471,1,-0.00195823,-0.00197549,-0.0002625,6041.18
0,5441209,24,phononTF,0.000498664,0.000552256,-0.00346903,-0.000262499,10332.2,0.000382,1,0.000998598,-0.00300355,0.0002625,10583.4
0,5441748,4,phononTF,0.000729883,0.00299662,0.00100194,0.000262498,4000.34,0.000729883,1,0.00329555,0.00126452,-0.0002625,4197.54
0,5441748,2,phononTF,0.00284791,-0.00353175,-0.00155757,0.000262498,6.95303,0.00092594,1,-0.00290144,-0.00100532,-0.0002625,300.941
0,5441828,8,phononTS,0.000501751,-0.00277049,-0.000821251,-0.000262498,380.321,0.000382,1,-0.0029967,-0.00100413,0.0002625,617.453
0,5449189,12,phononL,0.000541526,0.000951926,-0.00156958,-0.0002625,7069.48,0.000382,1,3.93487e-06,-0.0019963,0.0002625,9295.94
0,5453908,4,phononTF,0.00208799,-0.00314385,-0.00117214,-0.0002625,28.311,0.000764,1,-0.0030011,-0.000998745,0.0002625,419.711
0,5456782,6,phononTS,0.00071465,-0.00104849,-0.000975856,-0.0002625,1722.89,0.000382,1,0.000996052,-0.00300293,0.0002625,11698.1
0,5462390,2,phononTF,0.00512272,-0.00296961,-0.000965312,9.96669e-06,535.941,0.002292,1,-0.00300318,-0.000999801,0.0002625,1278.34
0,5462982,3,phononTS,0.000671863,-0.00308776,-0.00111449,-0.0002625,89.209,0.000382,1,-0.00300433,-0.00100413,0.0002625,1170.3
0,5463541,14,phononTF,0.000944776,-0.0028026,0.000848138,-0.0002625,1085.43,0.000382,1,-0.00199897,0.00200071,0.0002625,2496.2
0,5465314,16,phononTS,0.00040093,0.000998875,0.00100239,0.0002625,21398.9,0.00040093,1,0.0010158,0.00101798,-0.0002625,21732.8
0,5465314,2,phononTS,0.00185389,-0.00355573,-0.0015623,0.000262498,29.0007,0.000694434,1,-0.0035812,-0.0015133,-0.0002625,203.838
0,5471254,3,phononTF,0.00113208,-0.002128,-0.000125743,-0.0002625,11.0421,0.000382,1,-0.00200187,3.32407e-06,0.0002625,2014.54
0,5471254,5,phononTF,0.000732466,-0.00200187,3.32407e-06,0.000262498,2014.54,0.000732466,1,-0.0014361,0.00065282,-0.0002625,2314.27
0,5477395,12,phononTF,0.00117368,-0.00357519,-0.001676,-0.000262498,572.92,0.000382,1,-0.00299737,-0.00100441,0.0002625,891.639
0,5480242,9,phononTS,0.000748233,-0.0019788,-6.08668e-05,-0.0002625,893.622,0.000382,1,-0.00200129,3.49885e-06,0.0002625,4045.64
0,5490289,19,phononTS,0.0004318,0.00349963,2.65022e-05,-0.000262499,15037.8,0.000382,1,0.000999508,-0.000998346,0.0002625,16011.6
0,5492466,6,phononTS,0.00208213,-0.00199668,-0.00200467,0.0002625,461.898,0.000990269,1,-0.00196706,-0.00165563,-0.0002625,3648.74
0,5493321,4,phononTF,0.00062519,-0.000995808,0.00300177,0.0002625,28.6607,0.00062519,1,-0.0007944,0.0032517,-0.0002625,2440.36
0,5498428,17,phononTS,0.000880407,-0.00198578,-0.00193692,-0.0002625,384.935,0.000382,1,-0.00199694,-0.00200373,0.0002625,1603.12
0,5521592,12,phononTF,0.000642029,-0.00100081,-0.00100086,0.000262498,1691.37,0.000642029,1,-0.00200072,-0.00193656,-0.0002625,2129.38
0,5522772,4,phononTS,0.00120133,-0.00333203,-0.00099433,-0.0002625,291.315,0.000382,1,-0.00300353,-0.000995913,0.0002625,973.694
0,5522772,5,phononTS,0.0004085,-0.005,-0.00271309,7.0743e-05,973.694,0.0004085,1,-0.00472578,-0.00265621,-0.0002625,2162.22
0,5522772,2,phononTF,0.00239338,-0.00399268,-0.0028771,7.00536e-05,24.052,0.000616136,1,-0.00358888,-0.00248394,-0.0002625,1251.57
0,5524220,10,phononTF,0.000413326,-0.000888489,0.00122404,-0.0002625,11341.1,0.000382,1,-0.000997186,0.000995355,0.0002625,11890.8
0,5524220,3,phononTS,0.00089131,-0.00351745,-0.00155458,0.000262498,36.5301,0.000730373,1,-0.00359543,-0.00173667,-0.0002625,230.878
0,5524220,2,phononTF,0.000429902,-0.00351745,-0.00155458,0.000262498,36.5301,0.000429902,1,-0.00371757,-0.00130345,-0.0002625,219.381
0,5533236,16,phononTS,0.000389793,0.00200245,3.73021e-06,0.000262498,24438.1,0.000389793,1,0.00184619,0.00106215,-0.0002625,24879.5
0,5533951,5,phononTS,0.000834602,-0.00309476,-0.000924648,-0.000262498,1187.98,0.000382,1,-0.00300471,-0.000999338,0.0002625,1342.23
0,5535322,13,phononTF,0.00057383,-0.00313979,-0.00114185,-0.0002625,180.36,0.000382,1,-0.00300409,-0.00100486,0.0002625,685.092
0,5539014,12,phononTS,0.000474945,0.00199835,0.00200038,0.000262498,9679.23,0.000474945,1,0.00201458,0.00270621,-0.0002625,10010.9
0,5539118,11,phononTF,0.000421567,-0.00238348,-0.00162383,-0.0002625,4769.16,0.000382,1,-0.00299817,-0.00100417,0.0002625,5393.45
0,5542945,5,phononTS,0.00283373,-0.00203107,2.47689e-05,0.000259054,399.344,0.000764,1,-0.00199978,1.1207e-07,0.0002625,1455.71
0,5542945,7,phononTS,0.0006251,-0.00199978,1.1207e-07,0.000262498,1455.71,0.000231347,1,-0.00191971,-7.55652e-05,-0.0002625,1610.49
0,5544630,16,phononTF,0.000607719,-0.00201292,-0.00201138,-0.000262498,3889.97,0.000382,1,-0.0020024,-0.00199999,0.0002625,4046.88
0,5544911,12,phononTF,0.000632806,0.00147174,0.00153039,-0.000262498,11999.1,0.000382,1,0.00199741,0.00200226,0.0002625,12261.3
0,5547721,8,phononL,0.00105233,-0.00256449,-0.00116402,-0.000262498,2898.07,0.000382,1,-0.00300275,-0.00100206,0.0002625,3030.08
0,5550137,21,phononTF,0.000829242,-0.00318045,-0.00113942,-0.0002625,287.497,0.000382,1,-0.00300143,-0.000996011,0.0002625,799.546
0,5554237,2,phononTF,0.000996203,-0.00313306,-0.00114162,-0.0002625,3.61449,0.000382,1,-0.00300208,-0.00100465,0.0002625,676.043
0,5572011,10,phononTS,0.000861125,-0.00207157,0.00191009,-0.0002625,10515.7,0.000382,1,-0.00200367,0.00200001,0.0002625,11472
0,5575978,16,phononTS,0.000421805,-0.00293294,-0.0010897,-0.000262499,9497.99,0.000382,1,-0.0029959,-0.00100375,0.0002625,9674.46
0,5581271,7,phononTS,0.000744083,-0.00291486,-0.00109706,-0.000262499,1962.59,0.000382,1,-0.0029978,-0.000998138,0.0002625,2140.73
0,5585796,12,phononTF,0.000658123,-0.00255442,-0.000745277,-0.0002625,507.909,0.000382,1,-0.00200131,-0.00200102,0.0002625,2712
0,5588328,9,phononTF,0.000752171,-0.00226559,0.00223114,-0.000262498,2762.55,0.000382,1,-0.00199719,0.00199525,0.0002625,2952.7
0,5590204,9,phononTF,0.00045542,-0.000930944,-0.000989997,-0.000262498,4011.9,0.000382,1,-4.64303e-06,-0.00200203,0.0002625,4449.62
0,5599201,9,phononTF,0.000614975,-0.00199895,-0.00199651,0.0002625,2040.87,0.000614975,1,-0.00183946,-0.00179537,-0.0002625,2388.64
0,5602818,10,phononTS,0.000455772,0.000615433,-0.00292534,-0.0002625,4990.3,0.000382,1,0.000999179,-0.00299756,0.0002625,5753.63
0,5605278,5,phononTS,0.000562616,0.00138731,0.00199049,-0.0002625,402.635,0.000382,1,-1.80392e-06,-1.84552e-06,0.0002625,7193.25
0,5608685,5,phononTS,0.000446296,-0.00279381,-0.00160205,-0.0002625,1793.59,0.000382,1,-0.0029993,-0.00100063,0.0002625,2916.33
0,5612205,15,phononTS,0.000992795,-0.00231232,-0.0017574,-0.000262498,854.966,0.000382,1,-0.00200018,-0.00199715,0.0002625,1119.5
0,5617407,2,phononTF,0.00165678,-0.00238071,-0.000390595,-0.0002625,9.83653,0.000382,1,-0.00200335,-2.33906e-06,0.0002625,924.093
0,5618459,12,phononTS,0.000822295,-0.00200513,0.00205588,-0.000262498,5698.91,0.000382,1,-0.00199939,0.00200153,0.0002625,5862.94
0,5621653,6,phononTS,0.000450073,0.00208089,0.000652411,-0.000262498,11800.5,0.000382,1,0.00199624,2.94222e-06,0.0002625,12109.1
0,5624270,3,phononTS,0.00577734,-0.0029948,-0.00099842,0.000261823,366.914,0.001146,1,-0.00299669,-0.000997844,0.0002625,1542.65
0,5633711,5,phononTS,0.000560532,-3.21736e-05,0.00193669,-0.000262498,6050.82,0.000382,1,2.11846e-06,0.00199798,0.0002625,6226.65
0,5640949,5,phononTF,0.000589194,-0.00350845,-0.00157398,-0.000262498,190.828,0.000382,1,-0.00299679,-0.00100316,0.0002625,467.54
0,5648202,5,phononTF,0.000656877,-0.00278606,-0.000865982,-0.0002625,39.9675,0.000382,1,-0.00300331,-0.000995966,0.0002625,554.736
0,5648743,10,phononTS,0.000584584,-4.31784e-06,0.00199787,0.000262498,9287.59,0.000584584,1,-0.00226303,0.00458309,-0.0002625,10378
0,5649939,11,phononTS,0.000486447,-7.51079e-07,-0.00200496,0.000262498,17211.6,0.000486447,1,0.005,0.00110786,0.000212874,19140.2
0,5651798,9,phononTS,0.00120204,-8.55971e-05,0.00149799,-0.0002625,5731.02,0.000382,1,-0.00100029,0.00100467,0.0002625,6989.93
0,5658084,15,phononTS,0.000422961,-0.00199933,-1.21674e-06,0.0002625,4628.28,0.000422961,1,-0.00197769,-7.73516e-05,-0.0002625,9979.55
0,5660800,2,phononTS,0.000436775,0.00347183,0.00200143,-0.0002625,16.8626,0.000382,1,0.00299875,0.000995701,0.0002625,8679.29
0,5660801,5,phononTF,0.00279737,-0.00392209,-0.00039139,2.06094e-05,471.516,0.00131374,1,-0.00416837,-0.000192633,-0.0002625,604.944
0,5660952,7,phononTS,0.00103681,0.000157669,7.62374e-05,-0.0002625,4181.41,0.000382,1,-3.22546e-06,4.60272e-06,0.0002625,5693.28
0,5660952,5,phononL,0.00347177,-0.00267249,-0.00203572,-0.000109838,764.946,0.00115941,1,-0.00275781,-0.00217643,-0.0002625,1057.39
0,5662775,9,phononTF,0.000823127,-0.00100064,0.00300359,0.0002625,6616.66,0.000823127,1,-0.00106533,0.00295416,-0.0002625,6935.22
0,5664907,8,phononL,0.000772038,-0.00299885,-0.00100152,0.000262498,3273.28,0.000243266,1,-0.0024902,-0.00128202,-0.0002625,3420.27
0,5665363,17,phononTF,0.000541599,-0.00200182,0.00200154,0.0002625,32616.9,0.000541599,1,-0.000933848,0.00101095,-0.0002625,34503.5
0,5668758,12,phononTF,0.000426023,-0.00320872,-0.000732187,-0.000262498,2408.32,0.000382,1,-0.00299755,-0.00099579,0.0002625,2593.79
0,5669045,6,phononTS,0.00188892,-0.00180573,-0.000668357,-4.10987e-05,58.3775,0.000382,1,-0.00199912,2.25218e-06,0.0002625,1916.49
0,5670728,5,phononL,0.000726675,-0.0017683,-0.00106806,-0.0002625,1030.1,0.000382,1,-0.000998215,-0.000996599,0.0002625,1545.06
0,5685233,13,phononTF,0.000735612,-0.00262116,-0.00138588,-0.0002625,787.947,0.000382,1,-0.00300093,-0.00100184,0.0002625,1199.77
0,5685818,17,phononTF,0.000590058,-0.00165452,-0.00241209,-0.000262498,784.618,0.000382,1,-0.00200414,-0.002001,0.0002625,1008.39
0,5689159,4,phononTS,0.00230717,0.000401612,-0.00110671,-0.0002625,8.91392,0.001146,1,0.000998712,-0.00100461,0.0002625,2942.44
0,5689159,5,phononL,0.000779788,0.000998712,-0.00100461,0.000262499,2942.44,0.000497859,1,0.00133611,-0.000801753,-0.0002625,3067.64
0,5690790,8,phononTS,0.000498737,-0.00199716,0.00200348,0.000262498,5979.83,0.000498737,1,-0.00192733,0.00191261,-0.0002625,6134.41
0,5694630,5,phononTS,0.000469747,-0.0029932,-0.00206444,-0.000262498,534.514,0.000382,1,-0.00299535,-0.000995077,0.0002625,968.829
0,5694630,3,phononL,0.00301021,-0.0035231,-0.00155603,0.000262498,9.07708,0.0018982,1,-0.00402955,-0.00159559,-0.0002625,144.746
0,5706054,5,phononTF,0.0011192,-0.00117498,0.00119251,-0.000262498,9233.75,0.000382,1,-0.00200351,0.00199978,0.0002625,9613.17
0,5708093,14,phononTF,0.000512904,0.00115549,-0.00255497,-0.0002625,11686.6,0.000382,1,0.00200486,-0.00200294,0.0002625,12783.3
0,5711227,16,phononTF,0.000424271,0.000780563,-0.00325444,-0.000262498,5846.34,0.000382,1,0.00100213,-0.00299541,0.0002625,6033.31
0,5711227,2,phononTF,0.00102549,-0.00352303,-0.00158068,0.000262498,16.8306,0.000780791,1,-0.00332899,-0.00183426,-0.0002625,207.362
0,5712331,7,phononTS,0.000655798,0.000931374,0.00090559,-0.0002625,1551.44,0.000382,1,0.00100052,0.000995997,0.0002625,2324.67
0,5712518,10,phononTS,0.00081399,-0.00100323,0.00300345,0.0002625,3318.83,0.00081399,1,-0.00165054,0.00320418,-0.0002625,5165.93
0,5718330,10,phononTS,0.000465863,-0.00215782,-5.59869e-05,-0.0002625,3199.29,0.000382,1,-0.0010029,-0.00100172,0.0002625,4554.35
0,5721329,6,phononTS,0.00132588,-0.00300022,-0.00100497,0.000262498,960.755,0.000281346,1,-0.00357661,-0.00144908,-0.0002625,1321.69
0,5721858,6,phononTS,0.000729741,-0.00309232,-0.00102168,-0.0002625,5058.2,0.000382,1,-0.00300331,-0.000995566,0.0002625,9699.71
0,5721860,16,phononTF,0.000425569,0.00186783,0.000242819,-0.0002625,9411.45,0.000382,1,0.00100189,-0.00100264,0.0002625,12762.8
0,5729611,5,phononTS,0.000761344,-0.00342358,-0.00105675,-0.000262498,3047.91,0.000382,1,-0.00300481,-0.00100365,0.0002625,3298.17
0,5736150,6,phononTS,0.00196657,-0.00300341,-0.000995372,0.000262498,555.245,0.000223644,1,-0.00307691,-0.000975914,-0.0002625,734.624
0,5739650,4,phononTF,0.00229896,-0.00293489,-0.00293138,-3.55221e-05,896.972,0.001146,1,-0.00200263,-0.00199959,0.0002625,1392.76
0,5740726,6,phononTS,0.000416586,-0.00320263,-0.000559504,-0.0002625,2296.82,0.000382,1,-0.00300495,-0.000998173,0.0002625,3152.7
0,5744907,6,phononTS,0.000608339,0.000961294,-0.000646672,-0.0002625,13917.7,0.000382,1,0.00100404,-0.000995952,0.0002625,16500.5
0,5744907,2,phononTS,0.000507353,-0.00359184,-0.00160869,0.000262498,39.4572,0.000507353,1,-0.00341674,-0.00252728,-0.0002625,446.726
0,5745188,9,phononTF,0.000575283,-0.00299102,-0.000803272,-0.000262498,2316.17,0.000382,1,-0.00300442,-0.00100393,0.0002625,2493
0,5745736,5,phononL,0.00210275,-0.00320191,-0.00124087,-0.0002625,94.6743,0.000382,1,-0.00300476,-0.000999356,0.0002625,332.658
0,5749992,18,phononTF,0.000447154,-0.000581103,-0.00458234,-0.000262498,24179.3,0.000382,1,0.00100185,-0.00299579,0.0002625,24866.9
0,5756202,7,phononL,0.00128066,-0.00326916,-0.00175026,-0.000253661,976.979,0.000382,1,-0.00300406,-0.000999676,0.0002625,1155.01
0,5759626,6,phononTS,0.00050621,-0.00292089,-0.000936322,-0.0002625,1912.29,0.000382,1,-0.00300345,-0.000998103,0.0002625,2378.81
0,5759626,3,phononTS,0.000836812,-0.00352457,-0.00156176,0.000262498,7.99754,0.000549149,1,-0.00344141,-0.00166239,-0.0002625,186.442
0,5759626,2,phononTS,0.000406634,-0.00352457,-0.00156176,0.000262498,7.99754,0.000406634,1,-0.000154719,7.25814e-05,-0.0002625,1322.08
0,5760136,4,phononTS,0.000915911,-0.0019972,-0.00470414,-0.0002625,1528.65,0.000382,1,0.0010005,-0.00300159,0.0002625,3660.06
0,5760136,2,phononTS,0.000995033,-0.00350524,-0.00155047,0.000262498,33.3363,0.000498594,1,-0.00348848,-0.00117743,-0.0002625,275.415
0,5763766,8,phononTF,0.000721137,0.00200035,-0.00200492,0.000262498,6641.98,0.000555692,1,0.0027456,-0.00127107,-0.0002625,6991.56
0,5767080,9,phononTS,0.000503786,0.00163313,-0.0018314,-0.0002625,4633.64,0.000382,1,0.00199567,-0.00199637,0.0002625,10084.3
0,5776840,20,phononTS,0.000393693,0.00193884,-0.00204753,-0.000262498,24183.8,0.000382,1,0.00199507,-0.00200348,0.0002625,24368.6
0,5776933,12,phononTF,0.000541164,-0.0022284,-0.00175627,-0.0002625,792.358,0.000382,1,-0.00199822,-0.00199721,0.0002625,1969.93
0,5777028,9,phononTS,0.000612489,-0.000386948,-0.00238987,-0.0002625,5027.66,0.000382,1,2.69592e-06,-0.00200081,0.0002625,5956.05
0,5777707,7,phononTF,0.000699096,-0.003228,-0.00119307,-0.0002625,443.514,0.000382,1,-0.00299987,-0.000996954,0.0002625,987.353
0,5777707,2,phononTS,0.00273207,-0.00355449,-0.00156896,0.000204737,133.521,0.00135182,1,-0.00350685,-0.0017464,-0.0002625,321.759
0,5778090,17,phononTS,0.00182631,-0.00199772,3.88602e-06,0.000262498,808.126,0.00106113,1,-0.00232795,-8.24166e-05,-0.0002625,1034.78
0,5781047,6,phononTS,0.000761456,4.86942e-06,0.00200281,0.0002625,1108.55,0.000269408,1,7.96487e-05,0.00208535,-0.0002625,4588.39
0,5782409,13,phononL,0.000499674,0.00347942,-0.000371913,-0.0002625,4433.75,0.000382,1,0.00300144,0.00100106,0.0002625,7945.54
0,5791073,13,phononL,0.000533264,0.000311708,0.000423124,-0.0002625,4690.09,0.000382,1,-8.67806e-07,-2.76092e-06,0.0002625,5111.2
0,5792848,8,phononL,0.00109691,0.000140529,-0.00137809,-0.0002625,200.654,0.000382,1,4.57916e-06,-0.00200256,0.0002625,1100.67
0,5792848,9,phononTS,0.000682001,4.57916e-06,-0.00200256,0.000262498,1100.67,0.000682001,1,-0.000270871,-0.00291352,-0.0002625,1503.38
0,5793863,5,phononTF,0.00399805,-0.00282833,-0.00100558,-0.000170678,201.214,0.000382,1,-0.00299778,-0.000998149,0.0002625,769.098
0,5797444,4,phononTF,0.00186866,-0.00324665,-0.00127778,-0.0002625,13.7196,0.001146,1,-0.00299705,-0.00100496,0.0002625,397.021
0,5801115,6,phononTF,0.00133073,0.00464644,-0.000162756,-0.0002625,792.7,0.000382,1,0.00300156,0.00100203,0.0002625,4896.25
0,5803732,7,phononTS,0.000487701,0.000929665,-0.00092525,-0.0002625,2414.32,0.000382,1,0.000996619,-0.000999402,0.0002625,4502.86
0,5803732,2,phononTF,0.000430331,-0.00353298,-0.00156568,0.000262498,5.35155,0.000430331,1,-0.00383306,-0.00121965,-0.0002625,213.473
0,5806104,24,phononTS,0.000581256,-0.00370109,-0.00430269,-0.000262498,6365.15,0.000382,1,0.00199713,-4.83944e-06,0.0002625,8513.12
0,5806105,3,phononTF,0.00668825,-0.00293212,-0.00192474,-0.000230466,139.926,0.000383477,1,-0.00297293,-0.0019698,-0.0002625,1018.38
0,5810180,3,phononL,0.00483481,-0.00311516,-0.00134147,-3.96901e-05,4.25973,0.001528,1,-0.00299656,-0.0010044,0.0002625,445.717
0,5812244,2,phononTF,0.00302004,-0.000624261,-0.00145335,-0.0002625,13.7136,0.000764,1,2.63788e-06,-0.00199539,0.0002625,4291.4
0,5813252,3,phononTF,0.000546816,-0.00326158,-0.00127815,-0.0002625,2.84284,0.000382,1,-0.00299533,-0.000998917,0.0002625,396.406
0,5822202,6,phononTF,0.00122705,0.000952253,0.00296846,-0.0002625,675.955,0.000382,1,4.77237e-06,0.0019986,0.0002625,3637.35
0,5838016,12,phononTS,0.000642733,-0.00023471,0.00112128,-0.0002625,2056.13,0.000382,1,4.1952e-07,0.00200182,0.0002625,6659.23
0,5840499,3,phononTS,0.00240054,0.000320313,-0.00192947,-0.0002625,10.2707,0.000382,1,1.93298e-06,-0.00200288,0.0002625,7381.7
0,5842099,18,phononTS,0.00118579,-0.00291952,-0.00108645,-0.0002625,6232.5,0.000382,1,-0.00299546,-0.000997931,0.0002625,7843.53
0,5852523,9,phononTS,0.000582583,0.0020007,3.61161e-06,0.000262498,4673.26,0.000582583,1,0.00190999,-6.59947e-05,-0.0002625,4827.86
0,5856391,10,phononTS,0.000616386,0.00299799,0.00100075,0.000262498,7333.45,0.000616386,1,0.00226285,0.00293323,-0.0002625,8102.96
0,5856391,4,phononTF,0.000865712,-0.00343429,-0.00152199,0.000262498,77.4878,0.000394133,1,-0.00334347,-0.001451,-0.0002625,237.893
0,5859126,3,phononTS,0.0029277,-0.00207971,9.08865e-05,-0.0002625,25.0981,0.001146,1,-0.0020045,5.33399e-07,0.0002625,3804.86
0,5862676,25,phononTF,0.000436715,-0.00232416,-0.00236658,-0.0002625,13508.4,0.000382,1,-0.00200195,-0.00199931,0.0002625,15043.5
0,5877626,13,phononL,0.000539754,0.00177624,0.00234875,-0.000262498,7214.97,0.000382,1,0.00199762,0.00200413,0.0002625,7341.68
0,5880644,6,phononTS,0.00194889,-0.00200139,-0.00200216,0.0002625,511.227,0.000583264,1,-0.00197953,-0.00199742,-0.0002625,832.887
0,5886757,5,phononTF,0.00182212,-0.0030007,-0.00100449,0.000262498,673.892,0.00096507,1,-0.00400537,-0.000228288,-0.0002625,1101.04
0,5886894,9,phononTS,0.000513844,0.000944363,-0.00299264,-0.0002625,8809.61,0.000382,1,0.00100443,-0.00299729,0.0002625,9297.15
0,5886957,6,phononTF,0.000806933,-0.00184088,0.000143684,-0.0002625,1800.16,0.000382,1,-0.0019969,4.68251e-06,0.0002625,2306.23
0,5900442,10,phononTS,0.000511603,-0.0032219,0.002632,-0.0002625,8328.26,0.000382,1,-4.93143e-06,-1.42217e-06,0.0002625,21745.4
0,5910747,5,phononTS,0.000982272,-0.00242814,-0.000167816,-0.0002625,9346.52,0.000382,1,-0.00199843,-4.48785e-06,0.0002625,11100
0,5925379,4,phononTS,0.00206432,-0.00300238,-0.00113019,-0.0002625,7.87754,0.000764,1,-0.00299539,-0.00100023,0.0002625,760.479
0,5925379,15,phononTS,0.000740224,-0.00299539,-0.00100023,0.000262498,760.479,0.000647259,1,-0.00384142,-0.000903551,-0.0002625,1123.45
0,5928045,8,phononTS,0.00134222,-1.02553e-06,-0.00199731,0.000262498,2346.56,0.000885479,1,0.000814594,-0.00197811,-0.0002625,2705.91
0,5931691,15,phononL,0.000507951,-0.00116421,-0.00024809,-0.000262498,3670.98,0.000382,1,-0.00200369,-1.72504e-06,0.0002625,3862.01
0,5932384,7,phononTS,0.00102962,-0.00299999,-0.00100075,0.0002625,779.812,0.000300278,1,-0.0027684,-0.000968707,-0.0002625,1210.44
0,5934409,11,phononL,0.000592794,-0.0034184,-0.00126883,-0.000262498,611.529,0.000382,1,-0.00300071,-0.00100341,0.0002625,747.439
0,5938677,5,phononTF,0.00109571,-0.00348205,-0.00147225,-0.000262498,163.044,0.000382,1,-0.00300385,-0.0009974,0.0002625,422.35
0,5940344,16,phononTF,0.000778391,-0.00199733,2.21974e-06,0.000262498,7801.4,0.000778391,1,-0.00119982,0.000773749,-0.0002625,8168
0,5940656,7,phononTS,0.00130883,-1.40817e-05,-0.00109389,-0.0002625,2677.11,0.000382,1,3.17606e-06,-0.00199696,0.0002625,4599.59
0,5940656,8,phononTS,0.000407229,3.17606e-06,-0.00199696,0.000262498,4599.59,0.000407229,1,0.000924357,-0.00179112,-0.0002625,4979.8
0,5944881,3,phononTS,0.00215062,-0.00300222,-0.000996044,0.0002625,22.8779,0.00112636,1,-0.00301222,-0.00103746,-0.0002625,1703.32
0,5947146,10,phononTS,0.000452686,-0.00294405,-0.000786355,-0.0002625,4115.89,0.000382,1,-0.00300496,-0.000997937,0.0002625,6413.54
0,5949197,3,phononTF,0.000740616,-0.0033842,-0.00135096,-0.0002625,3.79348,0.000382,1,-0.00299875,-0.000998751,0.0002625,751.145
0,5949197,2,phononL,0.00280595,-0.00352611,-0.0015621,0.000262498,3.79348,0.00136205,1,-0.00279544,-0.00158707,-0.0002625,168.78
0,5949266,13,phononTS,0.000552075,9.89586e-07,2.27257e-06,0.0002625,8698.64,0.000552075,1,-8.20625e-05,3.25008e-05,-0.0002625,9016.49
0,5952129,13,phononTS,0.000501142,-0.00308576,-0.00101045,-0.000262498,1512.79,0.000382,1,-0.00300032,-0.000997334,0.0002625,1677.05
0,5956635,17,phononTS,0.000503969,0.00170892,0.000342893,-0.000262498,23130,0.000382,1,0.00200281,-1.94272e-06,0.0002625,23411.4
0,5957027,20,phononL,0.00138938,-0.00301094,-0.00124222,-0.000262499,1643.74,0.000382,1,-0.00299845,-0.00100022,0.0002625,1758.76
0,5957027,21,phononTS,0.000664284,-0.00299845,-0.00100022,0.000262498,1758.76,0.000664284,1,-0.00191349,9.90575e-05,-0.0002625,2373.84
0,5957434,14,phononTF,0.000575224,-0.00222635,-0.000178054,-0.000262498,3225.62,0.000382,1,-0.00200477,-2.66239e-06,0.0002625,3402.9
0,5958860,13,phononTS,0.000523923,0.00342396,0.000877618,-0.0002625,3188.78,0.000382,1,0.00299531,0.00100468,0.0002625,6835.06
0,5961802,27,phononTS,0.000425245,-0.00208036,-0.00213693,-0.0002625,18427.4,0.000382,1,-0.00199741,-0.00200465,0.0002625,24723
0,5963481,3,phononL,0.00264444,-0.0032607,-0.0012811,-0.0002625,1.3096,0.000764,1,-0.00299842,-0.00100249,0.0002625,250.095
0,5963630,13,phononTS,0.000585051,-0.00351017,-0.000443032,-0.0002625,631.819,0.000382,1,-0.00200475,-0.00200218,0.0002625,2084.74
0,5963630,12,phononTF,0.000600031,-0.005,-0.000834541,-0.000166911,631.819,0.000600031,1,-0.00491023,-0.000730679,-0.0002625,760.256
0,5963631,3,phononTF,0.00303724,-0.005,-0.00163725,-7.7672e-05,117.148,0.00122504,1,-0.00475104,-0.00191662,-0.0002625,1494.38
0,5965370,9,phononTS,0.00069876,-0.00115064,-0.00107274,-0.000262498,7724.33,0.000382,1,-0.000998737,-0.000996973,0.0002625,7912.79
0,5965804,9,phononTS,0.000504253,-0.00154048,-0.00205573,-0.0002625,3996.66,0.000382,1,-0.00200443,-0.00200062,0.0002625,5296.39
0,5967640,15,phononTF,0.000534351,-0.00156201,-0.005,-7.19703e-05,9257.62,0.000382,1,-0.00300265,-0.000996812,0.0002625,10884.8
0,5969366,16,phononL,0.000438685,0.00214112,0.00257494,-0.0002625,14066.8,0.000382,1,0.00199805,0.00200392,0.0002625,16334.8
0,5969366,2,phononTS,0.00474042,-0.00323351,-0.00162094,-0.000158379,46.0356,0.00180698,1,-0.00383417,-0.00221324,-0.0002625,477.046
0,5969366,19,phononTF,0.000735808,0.005,-0.00108493,7.34409e-05,477.046,0.0005355,1,0.00471178,-0.000752457,-0.0002625,3389.8
0,5970545,2,phononTF,0.00550321,-0.0030836,-0.00108949,7.2037e-05,26.6726,0.001146,1,-0.00300407,-0.00100125,0.0002625,626.377
0,5970545,10,phononTS,0.00120421,-0.00300407,-0.00100125,0.000262498,626.377,0.000655791,1,-0.00292192,-0.000504743,-0.0002625,894.487
0,5973771,4,phononTF,0.00044736,-0.00313214,-0.00114329,-0.0002625,4.65001,0.000382,1,-0.00300323,-0.00100276,0.0002625,671.891
0,5980704,5,phononTF,0.00167606,-0.00352792,-0.00149655,-0.000262498,521.936,0.000382,1,-0.00300113,-0.000998039,0.0002625,789.215
0,5984773,24,phononTS,0.000885715,-0.000996707,-0.00100203,0.000262498,24798.3,0.000885715,1,-0.000951455,-0.00101087,-0.0002625,24965.2
0,5986777,6,phononTF,0.000999529,-0.0027024,-0.00135425,-0.0002625,349.313,0.000382,1,-0.00299516,-0.000997342,0.0002625,890.398
0,5997360,8,phononTF,0.00100385,0.00199879,-0.00200399,0.000262498,2146.73,0.00100385,1,0.00178013,-0.0023153,-0.0002625,2351.22
0,5998487,8,phononTF,0.000685694,4.6533e-06,2.36322e-06,0.0002625,1525.46,0.000685694,1,0.000292577,0.000234526,-0.0002625,2402.52
0,6002615,2,phononTS,0.000988875,-0.0027781,-0.00178204,-0.0002625,13.2326,0.000382,1,-0.00200174,-0.00199701,0.0002625,759.46
0,6017074,6,phononTS,0.00144124,-0.00308765,-0.00107863,-0.0002625,503.499,0.000382,1,-0.00299804,-0.00100105,0.0002625,965.706
0,6017451,5,phononTF,0.000771609,-0.00208007,0.00189498,-0.0002625,648.799,0.000382,1,-0.0020027,0.00199837,0.0002625,5201.1
0,6021015,17,phononTS,0.000454267,0.00108029,0.000926361,-0.0002625,10289.2,0.000382,1,0.000998859,0.00100235,0.0002625,11216.1
0,6026183,18,phononTS,0.000426196,1.68641e-06,-0.00200174,0.0002625,7532.76,0.000426196,1,-6.34356e-05,-0.00208255,-0.0002625,7877.75
0,6028370,4,phononTF,0.00181974,-0.00328734,-0.000222579,-0.0002625,55.4524,0.001146,1,-0.00100292,0.000997864,0.0002625,1670.44
0,6028370,2,phononTS,0.00416034,-0.00346429,-0.00162431,0.000242265,24.417,0.000148023,1,-0.00352991,-0.00166696,-0.0002625,224.4
0,6032109,12,phononTS,0.000834483,-0.000998814,0.000999854,0.000262498,2095.38,0.000288522,1,-0.000654757,0.000309731,-0.0002625,2465.44
0,6038562,7,phononTS,0.000556431,-0.00295603,-0.00109663,-0.000262498,872.834,0.000382,1,-0.0029958,-0.000996494,0.0002625,1052.22
0,6040044,3,phononTS,0.00201207,-0.00199924,-0.00199992,0.0002625,8.8591,0.00158124,1,-0.00194154,-0.00205164,-0.0002625,869.282
0,6042726,5,phononTF,0.000621051,-0.000931946,0.00302783,-0.000262498,2017.22,0.000382,1,-0.000999292,0.00299737,0.0002625,2176.52
0,6043655,8,phononTS,0.000843275,-0.0020526,-8.08254e-05,-0.0002625,5205.53,0.000382,1,-0.00200015,-1.19659e-07,0.0002625,5674.83
0,6047005,4,phononTF,0.00169947,-0.00238283,-0.000379791,-0.0002625,39.4291,0.000764,1,-0.00199767,3.61776e-06,0.0002625,942.355
0,6048225,8,phononTS,0.000940624,-0.00426068,-0.000351109,-0.0002625,1224.83,0.000382,1,-0.00299612,-0.00100115,0.0002625,6115.04
0,6048624,3,phononTS,0.00108129,-0.00299978,-0.000997307,0.0002625,123.31,0.000189685,1,-0.00295718,-0.000931853,-0.0002625,1594.5
0,6054269,5,phononTS,0.00263891,-0.00237439,-0.0020097,-0.0002625,278.156,0.000764,1,-0.00199819,-0.00200342,0.0002625,1268.99
0,6063339,8,phononTF,0.000663336,-0.000635584,0.00142971,-0.0002625,2755.18,0.000382,1,-5.42392e-07,0.00199814,0.0002625,4719.63
0,6069330,6,phononTS,0.000474167,-0.00292318,-0.000927316,-0.0002625,656.622,0.000382,1,-0.00300251,-0.000999893,0.0002625,1178.09
0,6070453,9,phononTS,0.000424288,-0.005,0.00452658,-0.000229604,8211.38,0.000382,1,4.3358e-06,2.02711e-06,0.0002625,10486.2
0,6074901,5,phononTS,0.00390322,-0.00208156,3.04386e-06,0.000206555,30.458,0.000382,1,-0.00200104,-2.63463e-06,0.0002625,751.37
0,6094251,14,phononTS,0.000407108,1.81701e-05,3.61282e-05,-0.0002625,10153.5,0.000382,1,-3.41836e-06,3.25461e-06,0.0002625,10677.4
0,6096736,12,phononTF,0.000394295,-0.00370468,-0.005,0.000153687,7839.64,0.000394295,1,-0.00357628,-0.00470969,-0.0002625,17473.9
0,6100416,19,phononTF,0.000465764,-0.00274882,-0.000711808,-0.000262498,17678.9,0.000382,1,-0.00299829,-0.000996702,0.0002625,17871.8
0,6102367,17,phononTS,0.000534915,0.00117097,-0.00106741,-0.0002625,6416.69,0.000382,1,0.00100431,-0.0010036,0.0002625,6993.3
0,6102367,9,phononTF,0.00340063,-0.00365924,-0.000460421,-7.65995e-05,334.392,0.00214421,1,-0.00380914,-0.000288212,-0.0002625,1274.2
0,6115027,10,phononTF,0.00163591,-0.00309991,-0.00119138,-0.000262498,2936.38,0.000764,1,-0.00299624,-0.000996883,0.0002625,3112.94
0,6115550,16,phononTS,0.000591397,-0.00209333,5.75355e-05,-0.000262498,6800.06,0.000382,1,-0.00200328,2.31776e-06,0.0002625,6955.95
0,6118249,6,phononTS,0.000983269,-0.00107152,0.00113402,-0.0002625,1544.87,0.000382,1,-0.000999654,0.00100387,0.0002625,3635.7
0,6120558,6,phononTS,0.000574155,-0.002992,-0.00105502,-0.000262498,372.076,0.000382,1,-0.00300096,-0.00100377,0.0002625,536.61
0,6122586,17,phononTS,0.000806888,-0.00303431,-0.000638342,-0.0002625,6375.26,0.000382,1,-0.00300048,-0.00099584,0.0002625,7559.41
0,6124302,4,phononL,0.0019556,-0.00275966,-0.00177283,-0.0002625,34.4745,0.000382,1,-0.00199535,-0.00199835,0.0002625,390.411
0,6124302,5,phononTF,0.00122285,-0.00199535,-0.00199835,0.000262498,390.411,0.000464231,1,-0.00193932,-0.00204412,-0.0002625,548.701
0,6125792,11,phononTS,0.00158888,0.00194816,0.00199708,-0.0002625,3407.6,0.000382,1,0.00199502,0.0019967,0.0002625,4189.06
0,6125792,12,phononTS,0.00105421,0.00199502,0.0019967,0.000262498,4189.06,0.000320911,1,0.00121966,0.000985801,-0.0002625,4717.86
0,6133966,20,phononTS,0.000439806,0.000113179,-0.00311448,-0.0002625,2645.36,0.000382,1,-2.61468e-06,-0.00200253,0.0002625,10149.5
0,6134885,5,phononTS,0.000574224,-0.00318665,-0.00108134,-0.0002625,1122.64,0.000382,1,-0.00300227,-0.000998777,0.0002625,1706.32
0,6136629,16,phononTF,0.000576006,-0.00300029,-0.00100348,0.000262498,3901.36,0.000576006,1,-0.00290577,-0.00092414,-0.0002625,4062.38
0,6141730,7,phononTF,0.000779767,-0.00307207,-0.000940179,-0.0002625,4680.5,0.000382,1,-0.00199572,-0.00200418,0.0002625,6378
0,6143518,26,phononTS,0.000392071,0.000788657,0.00129104,-0.000262498,5376.09,0.000382,1,0.000996139,0.00099781,0.0002625,5630.94
0,6146727,13,phononTS,0.000547967,-0.00111161,-0.000368425,-0.0002625,3569.66,0.000382,1,-0.000995164,-0.000998847,0.0002625,11196.2
0,6148501,9,phononTF,0.000493814,-0.000999396,-0.000995446,0.0002625,1119.69,0.000493814,1,-0.00303352,-0.00376439,-0.0002625,7359.54
0,6151107,12,phononTS,0.000557678,-0.00276169,0.00122674,-0.0002625,1469.6,0.000382,1,-0.00100101,0.00299929,0.0002625,14068.8
0,6154184,18,phononTS,0.000621365,0.00199766,-3.70578e-06,0.000262498,8011.37,0.000621365,1,0.00207993,0.000202899,-0.0002625,8210.56
0,6154646,19,phononTS,0.00057189,-0.00102749,-0.00106469,-0.000262498,1515.99,0.000382,1,-0.000996783,-0.00100349,0.0002625,1676.57
0,6155483,16,phononTS,0.000768486,-2.4471e-06,0.00197601,-0.000262498,12091.6,0.000382,1,3.16016e-06,0.00199772,0.0002625,12256
0,6158967,19,phononTF,0.00038297,-0.005,0.000209493,3.93966e-05,7479.09,0.000382,1,-0.000997988,0.000999628,0.0002625,15116.9
0,6159125,5,phononTF,0.000454026,-0.00300183,-0.000998003,0.0002625,182.516,0.000454026,1,-0.00331527,-0.00126943,-0.0002625,640.252
0,6159637,7,phononTS,0.000478415,0.0034219,-0.00193583,-0.0002625,13921,0.000382,1,0.00100268,-0.00100073,0.0002625,19150.6
0,6160511,7,phononTS,0.00139117,-0.00200111,-6.57448e-05,-0.000262499,9429.64,0.000382,1,-0.00200094,4.57394e-06,0.0002625,9592.53
0,6164536,5,phononTS,0.00187561,-0.00200359,0.00200166,0.000262498,4009.69,0.000416148,1,-0.00221997,0.00193876,-0.0002625,4211.51
0,6176424,2,phononTF,0.000688684,-0.00299954,-0.000998361,0.0002625,44.2102,0.000688684,1,-0.00295522,-0.000807398,-0.0002625,633.372
0,6178399,21,phononTS,0.000516818,0.00223907,-0.00174532,-0.000262498,15536.4,0.000382,1,0.00199663,-0.00199905,0.0002625,15789.8
0,6178784,2,phononTF,0.00048944,-0.00117147,0.00314499,-0.0002625,213.113,0.000382,1,-0.000999301,0.00299635,0.0002625,2165.31
0,6179386,9,phononL,0.00187533,-0.00200379,0.00199685,0.000262498,3522.7,0.000147356,1,-0.00257747,0.0023076,-0.0002625,3680.36
0,6179475,4,phononTF,0.00171719,-0.00313178,-0.00113249,-0.0002625,37.0253,0.000382,1,-0.00299507,-0.000998389,0.0002625,708.616
0,6179769,9,phononTF,0.000683235,-0.00241083,0.00160466,-0.0002625,3137.52,0.000382,1,-0.00199631,0.00200444,0.0002625,3835.74
0,6181553,6,phononTS,0.00158182,0.00162821,7.69025e-05,-0.0002625,3537.36,0.000764,1,0.0019962,1.95131e-06,0.0002625,13528.5
0,6182682,12,phononTF,0.00073622,0.000996314,-0.000995695,0.0002625,6520.38,0.00073622,1,0.000773145,-0.000793135,-0.0002625,6889.64
0,6187752,4,phononTS,0.00125649,-0.00100741,0.00300815,-0.0002625,303.256,0.000382,1,-0.000999693,0.00300055,0.0002625,3553.81
0,6199929,2,phononTF,0.00172928,-0.00239531,-0.000393017,-0.0002625,61.4445,0.000382,1,-0.00199683,-2.48599e-06,0.0002625,996.746
0,6208380,8,phononTS,0.000549901,0.00199665,-0.00200487,0.0002625,2868.98,0.000549901,1,0.00207162,-0.00229613,-0.0002625,6363.79
0,6210665,4,phononTS,0.00264355,-0.00307491,-0.00108755,-0.0002625,51.001,0.000382,1,-0.0030013,-0.00100183,0.0002625,2035.75
0,6210665,6,phononTF,0.00107743,-0.0030013,-0.00100183,0.000262498,2035.75,0.000220712,1,-0.003316,-0.000737988,-0.0002625,2234.26
0,6211316,6,phononTS,0.00133422,-0.00300081,-0.000996789,0.0002625,563.021,0.000254148,1,-0.00308375,-0.000957994,-0.0002625,878.602
0,6214242,10,phononTS,0.000410062,-0.00353373,-0.000937629,-0.0002625,3258.86,0.000382,1,-0.00300221,-0.0010026,0.0002625,4599.34
0,6216109,6,phononTF,0.000425007,-0.000708099,-0.000739147,-0.000262498,20583.9,0.000382,1,-0.000997372,-0.00100296,0.0002625,20779.3
0,6217159,16,phononTS,0.000495047,0.00199975,0.00200365,0.000262498,25078.2,0.000495047,1,0.00217545,0.00205975,-0.0002625,25272.8
0,6217416,20,phononTS,0.000386456,-0.000338402,0.00183576,-0.0002625,9946.74,0.000382,1,1.8447e-06,0.00199509,0.0002625,10717.3
0,6218902,10,phononL,0.000671199,-0.00167934,-0.00224479,-0.000262498,5399.1,0.000382,1,-0.00199924,-0.00199943,0.0002625,5525.3
0,6242285,7,phononTF,0.000455373,-0.00162481,0.000402257,-0.0002625,3702,0.000382,1,-0.00100348,0.0010046,0.0002625,7949.09
0,6242811,4,phononTS,0.000596392,-0.00323572,-0.000960006,-0.000262498,1281.22,0.000382,1,-0.00299843,-0.000996241,0.0002625,1498.25
0,6243367,6,phononTF,0.00125425,-0.00300017,-0.00099944,0.000262498,1542.27,0.000438977,1,-0.00346074,-0.000595231,-0.0002625,1782.45
0,6253618,8,phononTS,0.000668579,-6.173e-05,-8.58185e-05,-0.000262498,16644.2,0.000382,1,1.31729e-06,-1.12119e-06,0.0002625,16816.1
0,6254031,5,phononTS,0.00052323,0.000286034,-0.00305259,-0.000262498,1919.15,0.000382,1,0.00100266,-0.0029985,0.0002625,2242.41
0,6259883,19,phononTS,0.000424795,-0.00192296,-0.0019088,-0.0002625,2484.57,0.000382,1,-0.00199995,-0.00199617,0.0002625,6266.59
0,6261713,8,phononTS,0.000660361,0.00206603,0.00123289,-0.0002625,5730.05,0.000382,1,0.00199799,0.00200099,0.0002625,6750.23
0,6262895,13,phononTS,0.000698036,-0.00157843,0.000935191,-0.0002625,6907.86,0.000382,1,-0.00100107,0.000995876,0.0002625,9034.71
0,6272461,6,phononTF,0.000602323,-0.000167939,-0.000123989,-0.0002625,2640.77,0.000382,1,1.15403e-06,2.00259e-06,0.0002625,7227.37
0,6275200,12,phononTF,0.000775438,-0.00111467,0.00111458,-0.0002625,1412.79,0.000382,1,-0.00100423,0.000998616,0.0002625,3259.54
0,6279051,6,phononTF,0.00227016,-0.00295097,-0.00112748,-0.0002625,1385.03,0.000382,1,-0.00299822,-0.00100309,0.0002625,1732.22
0,6286343,11,phononL,0.000460658,-0.00240908,-0.00192231,-0.0002625,591.917,0.000382,1,-0.0020039,-0.00199769,0.0002625,844.475
0,6312035,25,phononTS,0.00100365,-0.00241635,-0.000930867,-0.000262498,2745.5,0.000764,1,-0.00299766,-0.00100047,0.0002625,3036.67
0,6315477,5,phononTF,0.000832404,-0.00313645,-0.00115035,-0.0002625,929.693,0.000382,1,-0.00299708,-0.00100073,0.0002625,1434.51
0,6315809,5,phononTS,0.00177326,-0.00200164,0.00200458,0.000262498,4134.35,0.000872373,1,-0.00207988,0.0020025,-0.0002625,4297.6
0,6316710,9,phononTF,0.00140096,-0.000791276,0.00115402,-0.0002625,368.667,0.000382,1,-3.09626e-06,0.0020024,0.0002625,2093.43
0,6318496,12,phononTF,0.000619266,-0.005,-0.00208945,-0.000208487,4303.53,0.000382,1,-0.00300193,-0.00100278,0.0002625,5046.76
0,6320150,16,phononTF,0.000978699,-0.00200206,1.98924e-06,0.000262498,1775.12,0.000810209,1,-0.00178323,-0.000261004,-0.0002625,1961.62
0,6325050,4,phononTF,0.0012506,-0.00234752,-0.000380974,-0.0002625,187.376,0.000382,1,-0.00200324,-8.98463e-07,0.0002625,1062.8
0,6329130,7,phononTS,0.000439432,-0.00328252,-0.000916094,-0.000262498,645.922,0.000382,1,-0.0029959,-0.00100271,0.0002625,880.2
0,6330917,4,phononTS,0.000753618,0.00297227,0.00133976,-0.0002625,5772.64,0.000382,1,0.00299928,0.00099693,0.0002625,6490.92
0,6331400,2,phononTF,0.00181335,-0.00325903,-0.00127577,-0.0002625,4.48082,0.000764,1,-0.00299582,-0.000995247,0.0002625,396.941
0,6334578,7,phononTF,0.00043733,-0.00273858,-0.000912239,-0.0002625,4250.63,0.000382,1,-0.00299573,-0.00100405,0.0002625,4798.73
0,6336075,6,phononTS,0.00247018,-0.00301264,-0.001008,-0.0002625,1184.34,0.001146,1,-0.00300188,-0.000996513,0.0002625,1517.47
0,6336842,9,phononTF,0.000875093,-0.0018991,-0.00187696,-0.0002625,857.42,0.000382,1,-0.00200267,-0.00200352,0.0002625,1464.15
0,6338493,20,phononTS,0.000492442,-0.00261255,-0.005,0.000158618,12074.1,0.000492442,1,-0.00271831,-0.00426743,-0.0002625,14260.1
0,6344410,12,phononTS,0.0011087,-0.00199254,-0.00205421,-0.0002625,1328.43,0.000382,1,-0.00199556,-0.00199812,0.0002625,4963.17
0,6348636,8,phononTS,0.000623052,-0.00197181,-3.84095e-05,-0.000262498,2360.51,0.000382,1,-0.00200421,-3.83264e-06,0.0002625,2529.05
0,6349595,8,phononL,0.000795478,-0.00200066,-0.00200225,0.000262498,4396.35,0.000728212,1,-0.00215469,-0.00242923,-0.0002625,4526.94
0,6359152,18,phononTF,0.00045356,-0.00231236,0.000339715,-0.000262498,17641.2,0.000382,1,-0.00199775,3.98833e-06,0.0002625,17851.7
0,6359580,9,phononL,0.000579121,-0.00299623,-0.00100346,0.000262499,1496.55,0.000579121,1,-0.00355895,-0.000941577,-0.0002625,1639.11
0,6363908,28,phononTF,0.000807898,-0.00198127,0.000940191,-0.0002625,6184.78,0.000764,1,-0.000996624,0.0030024,0.0002625,8414.05
0,6380060,3,phononTF,0.0029641,-0.00325978,-0.00127859,-0.0002625,68.4497,0.000764,1,-0.00300309,-0.00100316,0.0002625,457.684
0,6382875,17,phononTS,0.000531883,-0.00108579,-0.000768526,-0.000262498,6460.01,0.000382,1,-0.00100401,-0.000997697,0.0002625,6664.01
0,6387256,25,phononTF,0.00101251,-0.00229232,-0.00233016,-0.000262498,24495.2,0.000382,1,-0.00200462,-0.00200355,0.0002625,24698.4
0,6388424,7,phononTS,0.000542379,-0.00300043,-0.000997266,0.000262498,2170.47,0.000542379,1,-0.00291435,-0.00107879,-0.0002625,2324.45
0,6388424,3,phononTS,0.000792838,-0.00355531,-0.00155078,0.000262498,34.3503,0.000792838,1,-0.00355008,-0.00156238,-0.0002625,198.733
0,6390985,4,phononTS,0.000536144,-0.00293307,-0.000960484,-0.000262498,1639.2,0.000382,1,-0.00299583,-0.0010004,0.0002625,1798.63
0,6390985,2,phononTS,0.00146351,-0.00347987,-0.00153708,0.000262498,88.9935,0.00114309,1,-0.00451568,-0.00150722,-0.0002625,503.788
0,6391276,25,phononL,0.000580806,-0.00250605,-0.00117441,-0.000262498,6628.76,0.000382,1,-0.00299656,-0.000998951,0.0002625,6766.87
0,6392996,9,phononTS,0.0021679,-0.000168015,-0.00114931,-0.0002625,1753.81,0.000764,1,-0.000998417,-0.00100104,0.0002625,2910.67
0,6393686,2,phononTF,0.00234696,-0.00326042,-0.00128208,-0.0002625,1.53766,0.000382,1,-0.00299906,-0.00100437,0.0002625,389.05
0,6393972,24,phononTS,0.000619583,-0.00300034,-0.00100409,0.000262498,6623.98,0.000619583,1,-0.00293387,-0.000971697,-0.0002625,6783.92
0,6401644,11,phononTF,0.00121385,-0.00316941,-0.00110708,-0.0002625,174.194,0.000382,1,-0.00300388,-0.000998094,0.0002625,861.158
0,6403731,6,phononTS,0.000507753,-0.00108319,0.0010734,-0.0002625,2416.5,0.000382,1,-0.000999739,0.00100167,0.0002625,3608.26
0,6404603,8,phononTF,0.000463772,-0.00342173,-0.000633473,-0.0002625,1812.18,0.000382,1,-0.00300452,-0.000999269,0.0002625,2494.44
0,6411899,12,phononTS,0.000517325,-0.00354376,-0.00173713,-0.000262498,297.157,0.000382,1,-0.00300377,-0.000999357,0.0002625,714.207
0,6413661,13,phononTF,0.000711594,0.00235353,-0.000323609,-0.0002625,1976.55,0.000382,1,0.00199621,-5.61214e-08,0.0002625,6785.41
0,6414027,2,phononTF,0.000750527,-0.00325495,-0.0013,-0.0002625,24.3946,0.000382,1,-0.00300267,-0.000999874,0.0002625,430.409
0,6420101,4,phononTF,0.000431782,-0.00141461,-0.000644776,-0.0002625,47.9294,0.000382,1,-0.000998114,-0.000997342,0.0002625,1598.2
0,6424226,3,phononTF,0.0012778,-0.00294778,-0.000935157,-0.0002625,1.6413,0.000382,1,-0.0030015,-0.00100432,0.0002625,782.533
0,6425287,3,phononTF,0.0029807,-0.00275996,-0.00127001,-0.000262416,243.107,0.000764,1,-0.00299904,-0.00100323,0.0002625,1516.05
0,6425287,5,phononTS,0.000982186,-0.00299904,-0.00100323,0.000262498,1516.05,0.000188458,1,-0.00292444,-0.000926676,-0.0002625,1670.67
0,6430558,16,phononL,0.000470557,0.0013908,-0.00343867,-0.0002625,14792,0.000382,1,0.000995506,-0.00299936,0.0002625,15192.9
0,6435337,11,phononTS,0.000854025,-5.2816e-05,-0.00193791,-0.000262498,14817.5,0.000382,1,-2.96328e-06,-0.00200166,0.0002625,14974.6
0,6437572,5,phononTF,0.00116135,-0.0034627,-0.00150999,-0.000262498,161.688,0.000764,1,-0.00299513,-0.00100474,0.0002625,419.953
0,6441831,6,phononTS,0.000417593,0.00125874,0.000205874,-0.0002625,5518.34,0.000382,1,0.00200334,-0.00199762,0.0002625,22334.4
0,6446256,13,phononTS,0.000426049,-0.00107662,0.00104371,-0.000262498,7280.36,0.000382,1,-0.00100256,0.00100473,0.0002625,7448.83
0,6451190,8,phononTS,0.000391382,-0.00218799,-0.0019414,-0.0002625,300.136,0.000382,1,-0.00199684,-0.00200096,0.0002625,892.585
0,6452059,16,phononTS,0.000429217,-0.00200173,-0.00200361,0.0002625,5951.53,0.000429217,1,-0.0010838,-0.00215859,-0.0002625,6713.49
0,6458017,13,phononTF,0.00121679,-0.000310099,-0.00173552,-0.0002625,20692.1,0.000382,1,-3.59519e-06,-0.00199778,0.0002625,21285
0,6460056,8,phononTF,0.000661778,0.00200354,-1.71927e-06,0.000262498,6395.56,0.000186096,1,0.00155221,0.000560482,-0.0002625,6675.64
0,6467993,4,phononTF,0.00126402,-0.00396819,-0.00197716,-0.000262498,246.869,0.000382,1,-0.00300483,-0.000999486,0.0002625,685.843
0,6470412,7,phononL,0.000759113,0.000302495,-0.00260238,-0.0002625,1439.57,0.000382,1,7.45919e-07,-0.00200028,0.0002625,1921.48
0,6473218,7,phononTS,0.000651698,-0.00204205,7.26291e-05,-0.000262498,11200,0.000382,1,-0.00199538,-1.12576e-06,0.0002625,11355.2
0,6474588,31,phononTS,0.000477476,-4.00999e-06,0.00199603,0.0002625,5910,0.000477476,1,-0.000325786,0.0020044,-0.0002625,6371.53
0,6478188,5,phononTS,0.000783381,0.000429741,0.000868526,-0.0002625,5.73147,0.000382,1,0.0010026,-0.00100346,0.0002625,11147.4
0,6478188,4,phononTF,0.000572265,-0.00351166,-0.00155285,0.000262498,5.73147,0.000572265,1,-0.00278067,-0.000803471,-0.0002625,358.142
0,6479271,8,phononTS,0.000568729,-0.000908754,-0.000929313,-0.0002625,1658.16,0.000382,1,-0.0010002,-0.000996884,0.0002625,2122.35
0,6480741,18,phononTF,0.000490025,-0.000295718,0.000240698,-0.000262498,11740,0.000382,1,3.12365e-06,1.46806e-06,0.0002625,11932.8
0,6482422,14,phononTF,0.000410126,0.00127558,0.00134494,-0.000262498,13987.9,0.000382,1,0.000997657,0.000997849,0.0002625,14203.2
0,6484393,11,phononTS,0.000403197,-0.000764827,-0.003584,-0.000262498,9796.54,0.000382,1,0.000997404,-0.00299772,0.0002625,10496.8
0,6487696,9,phononTS,0.000506122,-4.55527e-06,-0.00200008,0.000262498,4841.19,0.000506122,1,-0.00020128,-0.00194804,-0.0002625,5040.42
0,6495466,18,phononL,0.00059791,-0.00333742,-0.00206561,-0.000262498,1192.09,0.000382,1,-0.00299622,-0.000997866,0.0002625,1427.53
0,6495466,3,phononTS,0.00086385,-0.0035098,-0.00153595,0.000262498,21.0642,0.00086385,1,-0.00351292,-0.00183274,-0.0002625,246.627
0,6497229,2,phononTF,0.00103723,-0.000886227,0.00086221,-0.0002625,19.6063,0.000382,1,-0.00100399,0.00100161,0.0002625,1711.26
0,6499741,7,phononTS,0.00194295,-0.00307327,-0.00181078,-0.000262498,950.048,0.000382,1,-0.00299773,-0.00100486,0.0002625,1300.4
0,6501916,13,phononTS,0.000683653,-0.00298091,-0.00155087,-0.000262498,1251.95,0.000382,1,-0.00300024,-0.00100087,0.0002625,1534.16
0,6501916,2,phononTS,0.000673428,-0.005,-0.00149013,0.000155248,109.555,0.000673428,1,-0.00444143,-0.00148649,-0.0002625,977.329
0,6502609,4,phononTS,0.0011024,-0.00206492,-0.00187597,-0.0002625,979.936,0.000764,1,-0.00199543,-0.00200314,0.0002625,2578.33
0,6502757,7,phononTS,0.000512392,3.93786e-06,0.00181209,-0.000262498,9056.01,0.000382,1,2.63685e-06,0.00199964,0.0002625,9258.33
0,6510697,12,phononTF,0.000382577,0.00181358,-0.005,0.000180298,3463.23,0.000382,1,-4.22165e-06,-0.00199973,0.0002625,4695.14
0,6514200,11,phononL,0.000804154,0.00241657,0.00189722,-0.0002625,14548.4,0.000382,1,0.00199533,0.00199654,0.0002625,15710.7
0,6517905,41,phononTF,0.000443573,0.00167017,0.00168997,-0.000262498,10409.8,0.000382,1,0.00199507,0.0019968,0.0002625,10618
0,6518183,6,phononTF,0.00101009,0.000646619,-0.00270154,-0.0002625,6495.34,0.000382,1,4.91703e-06,-0.00200449,0.0002625,7489.71
0,6520554,8,phononTS,0.000410697,-0.00304893,-0.00106748,-0.000262498,4425.69,0.000382,1,-0.00300338,-0.00100346,0.0002625,4595.43
0,6525648,4,phononTF,0.00244568,-0.0031311,-0.0011327,-0.0002625,7.53554,0.000764,1,-0.0029985,-0.000997072,0.0002625,674.565
0,6541098,22,phononTF,0.000434168,-0.0029994,-0.000998413,0.000262498,1907.71,0.000434168,1,-0.0025295,-0.00125515,-0.0002625,2155.12
0,6543609,8,phononTF,0.00125986,0.00256228,0.00159603,-0.0002625,3568.63,0.000382,1,0.00299838,0.00100417,0.0002625,4430.44
0,6546313,6,phononTS,0.000603278,-0.00222189,-0.00131936,-0.000262498,1093.7,0.000382,1,-0.00200116,-1.31499e-06,0.0002625,1621.09
0,6548726,9,phononTS,0.000396611,0.000944022,-0.000944411,-0.000262498,11140.9,0.000382,1,0.000997202,-0.00100024,0.0002625,11296.7
0,6552742,6,phononTF,0.00046157,0.00152579,-0.000534531,-0.000262498,1760.33,0.000382,1,0.00199716,-2.94314e-06,0.0002625,2023.89
0,6555269,10,phononTS,0.000988863,-0.00304228,-0.00108547,-0.000262498,1007.17,0.000382,1,-0.00299667,-0.000997753,0.0002625,1164.08
0,6562378,6,phononTF,0.000532565,-0.00327325,-0.000658897,-0.000262498,730.821,0.000382,1,-0.00299594,-0.00100186,0.0002625,934.156
0,6562378,3,phononTS,0.00170857,-0.00314747,-0.00096206,0.000106995,50.1877,0.000488754,1,-0.00142101,-0.00280226,-0.0002625,1050.83
0,6562977,13,phononTS,0.000578258,-0.00142587,-0.00118941,-0.0002625,2912.11,0.000382,1,-0.00100191,-0.00100137,0.0002625,4874.52
0,6564104,2,phononTF,0.00155914,-0.00324238,-0.00125904,-0.0002625,216.439,0.000764,1,-0.002996,-0.000996989,0.0002625,600.106
0,6566533,3,phononTF,0.0014467,0.000877681,0.00286885,-0.0002625,36.3633,0.000382,1,3.06157e-07,0.00200055,0.0002625,6982.7
0,6566664,3,phononTF,0.00260871,-0.00326516,-0.00127933,-0.0002625,14.8821,0.000382,1,-0.0029998,-0.000997752,0.0002625,408.342
0,6568740,8,phononTS,0.000824536,-0.00299522,-0.00105902,-0.0002625,391.489,0.000382,1,-0.00299802,-0.00099881,0.0002625,1043.33
0,6568913,15,phononTF,0.000640919,-0.00104606,0.00122512,-0.0002625,2448.32,0.000382,1,-0.00100129,0.00100471,0.0002625,3844.62
0,6570840,9,phononTS,0.00057653,-0.00199404,-0.00108327,-0.000262498,1243.03,0.000382,1,-0.00200492,1.5526e-06,0.0002625,1682.89
0,6572200,4,phononTS,0.000490669,-0.00221936,-0.0033493,-0.000262498,6707.19,0.000382,1,-0.00200111,-0.00200043,0.0002625,7243.56
0,6576413,3,phononL,0.00527088,-0.00282157,-0.00079946,2.25216e-05,329.991,0.000382,1,-0.00300285,-0.00100319,0.0002625,1155.75
0,6579582,11,phononTF,0.000622973,-0.000628713,0.00106645,-0.0002625,2740.67,0.000382,1,-0.00300205,-0.00100333,0.0002625,4227.17
0,6581795,16,phononTS,0.00104276,-0.0014735,-0.000934624,-0.000262498,6777.19,0.000382,1,-0.00100051,-0.000995623,0.0002625,7040.58
0,6581795,17,phononTS,0.000625287,-0.00100051,-0.000995623,0.000262498,7040.58,0.000625287,1,-0.00274364,-0.00149225,-0.0002625,7724.36
0,6588133,6,phononTF,0.000871899,0.000999247,-0.000998246,0.0002625,2123.36,0.000500086,1,0.000959439,-0.00106891,-0.0002625,2442.58
0,6594723,7,phononL,0.00125319,0.00172929,0.000793585,-0.0002625,3074.19,0.000382,1,0.00300232,0.00100353,0.0002625,4359.74
0,6601434,9,phononTS,0.000568919,-0.00303243,-0.00102628,-0.000262498,1290.54,0.000382,1,-0.0030037,-0.0009981,0.0002625,1447.09
0,6601434,2,phononTF,0.001773,-0.00347577,-0.00156882,0.000262498,45.7303,0.000626837,1,-0.00357481,-0.00147106,-0.0002625,207.983
0,6601742,17,phononTS,0.000535566,-5.7525e-05,-0.00113472,-0.0002625,14930.5,0.000382,1,-3.072e-06,-0.00199521,0.0002625,16039.5
0,6603445,8,phononTF,0.000522508,-0.00271027,-0.00278469,-0.0002625,1254.52,0.000382,1,-0.00199582,-0.002002,0.0002625,3587.78
0,6610798,6,phononTS,0.000586597,-0.00261821,-0.00203141,-0.0002625,1833.09,0.000382,1,-0.00199882,-0.0020032,0.0002625,4627.78
0,6611645,4,phononTS,0.00154375,-0.00301058,-0.000911953,-0.000262498,772.79,0.000382,1,-0.00300338,-0.000997774,0.0002625,934.33
0,6616722,19,phononTF,0.000464991,-0.00221476,0.00184419,-0.0002625,8609.63,0.000382,1,-0.00199976,0.00200464,0.0002625,9800.66
0,6620418,5,phononTS,0.000996198,-0.00305212,-0.00105705,-0.0002625,387.352,0.000382,1,-0.00299992,-0.00100398,0.0002625,1071.46
0,6623160,12,phononTF,0.000502253,-0.00200256,2.37802e-06,0.0002625,685.516,0.000502253,1,-0.00159959,0.000402036,-0.0002625,1609.36
0,6626655,4,phononTF,0.0025347,-0.00200196,-0.00200205,0.0002625,439.787,0.000600662,1,-0.00168966,-0.00165964,-0.0002625,1453.11
0,6627868,3,phononTS,0.00161128,-0.000899861,-0.00189847,-0.0002625,89.104,0.000382,1,5.61519e-07,-0.00200017,0.0002625,1602.59
0,6633807,2,phononTF,0.000900917,-0.00329653,-0.00127285,-0.0002625,108.181,0.000382,1,-0.00300041,-0.00100169,0.0002625,502.663
0,6634034,5,phononTS,0.00118965,-0.000997239,-0.00099745,0.0002625,2662.79,0.000695861,1,-0.000783068,-0.000937326,-0.0002625,6720.96
0,6641589,14,phononTF,0.000393104,-8.98096e-05,-0.00207226,-0.000262498,3422.79,0.000382,1,8.88267e-07,-0.00199844,0.0002625,3583.39
0,6643124,7,phononTS,0.000662895,-0.00330659,0.000565867,-0.0002625,1235.18,0.000382,1,-0.000997241,0.00300206,0.0002625,13480.1
0,6643452,16,phononTF,0.000594568,0.00190451,-0.00220864,-0.0002625,16601.6,0.000382,1,0.00199558,-0.00199589,0.0002625,19460.6
0,6645978,3,phononTS,0.00129406,-0.00191041,-0.000340571,0.000119762,12.6097,0.000764,1,-2.1026e-06,0.0020035,0.0002625,1633.6
0,6652269,3,phononTF,0.00120466,-0.00338462,-0.00173092,-0.0002625,6.13963,0.000382,1,-0.00299982,-0.000998186,0.0002625,499.951
0,6654051,12,phononTS,0.000411946,-0.0020821,-0.00206077,-0.0002625,894.877,0.000382,1,-0.0019977,-0.00200379,0.0002625,1458.98
0,6662179,15,phononTS,0.000496993,-0.00098718,0.0010613,-0.000262498,15692.8,0.000382,1,-0.00100487,0.000996374,0.0002625,15848.5
0,6663999,11,phononTS,0.00116767,-0.00299982,-0.00100266,0.0002625,512.817,0.000604834,1,-0.00298658,-0.000942935,-0.0002625,1237.31
0,6670828,15,phononTS,0.000516921,0.00291278,-0.000939463,-0.0002625,20834.5,0.000382,1,-4.74778e-06,-0.00199641,0.0002625,22824.3
0,6673675,14,phononTS,0.000474075,-0.005,0.00166772,0.00012051,1640.75,0.000474075,1,-0.0038171,0.000180563,-0.0002625,3955.52
0,6674507,3,phononTS,0.000550137,-0.00275602,-0.00178264,-0.0002625,7.90938,0.000382,1,-0.00199832,-0.00200346,0.0002625,706.317
0,6677309,14,phononTS,0.000685711,-0.000917223,0.00358353,-0.0002625,8005.47,0.000382,1,-0.000996354,0.00299802,0.0002625,8880.57
0,6678073,16,phononTS,0.000407052,-0.00100433,-0.00100093,0.000262498,24429.9,0.000407052,1,-0.00146872,-0.00100009,-0.0002625,24675.4
0,6678700,10,phononTS,0.000639834,-0.00110357,0.00252688,-0.0002625,2723.97,0.000382,1,-0.000997774,0.00299689,0.0002625,9705.85
0,6679337,19,phononL,0.000567456,-0.00178258,0.000277264,-0.0002625,9460.39,0.000382,1,-0.00200208,-1.84966e-07,0.0002625,9826.35
0,6680896,6,phononTS,0.000982482,0.000115702,0.00290446,-0.0002625,966.485,0.000382,1,2.28689e-06,0.0019985,0.0002625,5227.3
0,6688374,12,phononTF,0.000513188,-0.00333408,-0.00127385,-0.000262498,1100.71,0.000382,1,-0.00299831,-0.00100262,0.0002625,1302.29
0,6689854,6,phononTF,0.00096181,0.00213069,-0.00218057,-0.0002625,8063.69,0.000382,1,0.00199851,-0.00200496,0.0002625,12389.4
0,6692346,2,phononTF,0.000423242,-0.00212807,-0.00195814,-0.0002625,5.70607,0.000382,1,-0.00200256,-0.00199559,0.0002625,1986.58
0,6696938,5,phononL,0.00190226,-0.00248232,0.000552979,-0.0002625,2376.52,0.001146,1,-0.00200342,-3.36986e-06,0.0002625,2875.02
0,6699797,13,phononTS,0.000536349,-2.12122e-06,-2.37103e-06,0.0002625,9719.34,0.000536349,1,-6.22387e-05,-0.000221332,-0.0002625,10126.2
0,6705941,2,phononTF,0.00130259,-0.00200233,1.40894e-06,0.0002625,2.56979,0.000717409,1,0.00173391,-0.00166999,-0.0002625,3656.29
0,6711287,6,phononTS,0.00057439,-0.0030024,-0.000997575,0.0002625,1082.56,0.00057439,1,-0.00297385,-0.00108629,-0.0002625,1437.55
0,6712267,5,phononL,0.000602421,0.00197826,-0.00286301,-0.0002625,4589.59,0.000382,1,0.00199991,-0.00200218,0.0002625,5404.67
0,6718324,20,phononTF,0.000437152,0.000903069,0.00111936,-0.0002625,10116.1,0.000382,1,0.000999826,0.000997932,0.0002625,10663.9
0,6718578,7,phononTF,0.000490309,-0.00308452,-0.00103991,-0.000262498,1235.52,0.000382,1,-0.00300122,-0.000999539,0.0002625,1396.14
0,6723020,5,phononTF,0.000903328,-0.0025651,-0.000612306,-0.0002625,181.918,0.000382,1,-0.00299752,-0.00100056,0.0002625,3615.93
0,6723020,9,phononTS,0.00046647,-0.00299752,-0.00100056,0.000262498,3615.93,0.00046647,1,-0.00307237,-0.00127835,-0.0002625,3830.89
0,6725329,4,phononTF,0.00292924,-0.00326052,-0.00127712,-0.0002625,1.39247,0.000382,1,-0.00300121,-0.00099676,0.0002625,388.974
0,6725329,5,phononTS,0.00214055,-0.00300121,-0.00099676,0.000262498,388.974,0.00108456,1,-0.00277379,-0.00093129,-0.0002625,593.645
0,6726491,9,phononTF,0.000578274,2.96364e-06,-0.0019952,0.000262498,2292.46,0.000578274,1,0.00079947,-0.00128538,-0.0002625,2646.2
0,6736357,15,phononTS,0.0011843,-0.00239667,-0.00175953,-0.0002625,944.627,0.000382,1,-0.00199721,-0.00199765,0.0002625,2690.15
0,6736357,2,phononTS,0.00552926,-0.00331151,-0.00174924,-0.000195866,34.167,0.000676798,1,-0.00331885,-0.00174207,-0.0002625,231.328
0,6742617,12,phononTF,0.000384441,-0.00160239,-0.00164045,-0.0002625,9996.59,0.000382,1,-0.000999569,-0.00100498,0.0002625,10911.1
0,6742700,6,phononTF,0.000456509,-0.00219229,0.00204142,-0.0002625,2464.76,0.000382,1,-0.00200128,0.00200409,0.0002625,5459.01
0,6752761,6,phononTS,0.0010992,-0.00199619,-0.00199515,0.0002625,964.086,0.000776818,1,-0.00197627,-0.0021519,-0.0002625,5606.8
0,6752761,5,phononTS,0.000844501,-0.00322775,-0.000991806,-0.000262498,964.086,0.000844501,1,-0.005,-0.00279375,-0.000130847,1811.62
0,6756152,12,phononTF,0.000470983,0.00138434,-0.00150085,-0.0002625,3076.3,0.000382,1,0.000996785,-0.00100406,0.0002625,3853.37
0,6756153,3,phononTF,0.00504971,-0.0033879,-0.00144277,-4.75047e-05,598.83,0.00255536,1,-0.00352354,-0.0013186,-0.0002625,742.46
0,6760205,7,phononTS,0.00061932,-0.00200231,4.16496e-05,-0.000262498,2319.83,0.000382,1,-0.00200006,-1.46324e-06,0.0002625,2482.94
0,6765310,26,phononTS,0.000423897,0.0010508,0.000545228,-0.000262498,16960,0.000382,1,0.00100083,0.00100407,0.0002625,17220.6
0,6765310,20,phononTS,0.001118,-0.005,-0.00310755,-9.45074e-05,1184.67,0.000462523,1,-0.00499285,-0.00292899,-0.0002625,3196.09
0,6766413,11,phononTS,0.00149266,0.000730696,-8.87984e-05,-0.000262498,3458.59,0.000382,1,4.37672e-06,-1.7709e-06,0.0002625,3793.78
0,6774035,6,phononTS,0.000702032,-0.00299535,-0.00100235,0.000262498,2448.85,0.000702032,1,-0.00299316,-0.00105027,-0.0002625,2605.12
0,6774035,2,phononTS,0.00501553,-0.0037536,-0.00125727,-0.000244263,63.6091,0.00177767,1,-0.00377011,-0.00124961,-0.0002625,916.489
0,6780847,8,phononTS,0.000957439,0.0020964,-0.00263297,-0.0002625,2488.65,0.000382,1,0.00200402,-0.00199675,0.0002625,9250.17
0,6782513,5,phononTF,0.000596592,-0.00308777,-0.00106285,-0.000262498,265.985,0.000382,1,-0.00300409,-0.000997577,0.0002625,425.848
0,6782513,2,phononTS,0.00409561,-0.00242847,-0.000222477,0.000182708,7.43085,0.00106591,1,-0.00228315,-9.9309e-05,-0.0002625,769.182
0,6785438,9,phononTS,0.000615304,-0.000836612,-0.00237909,-0.0002625,2643.13,0.000382,1,2.50865e-06,-0.00199546,0.0002625,4574.99
0,6792079,12,phononTF,0.00077459,-0.00217401,-0.000152419,-0.0002625,586.213,0.000382,1,-0.0019952,3.74519e-06,0.0002625,1789.73
0,6792079,2,phononTS,0.000996785,-0.00352216,-0.00155566,0.000262498,12.8764,0.000860457,1,-0.0026574,-0.00108096,-0.0002625,449.129
0,6792222,7,phononL,0.000419477,0.00195721,0.000497758,-0.0002625,8496.1,0.000382,1,0.00199569,1.05687e-06,0.0002625,12469.9
0,6793326,6,phononTS,0.000943146,-0.00100491,-0.000999125,0.000262498,981.53,0.000615295,1,-0.000921856,-0.00108254,-0.0002625,1135.59
0,6793326,3,phononTS,0.0017119,-0.00351989,-0.00154812,0.000262498,4.65526,0.000869829,1,-0.00349776,-0.00115098,-0.0002625,256.454
0,6795951,12,phononTS,0.000404779,-0.00199854,-0.0020033,0.000262498,1603.59,0.000404779,1,-0.00121027,-0.00175068,-0.0002625,1965.56
0,6795951,2,phononTS,0.000818386,-0.00356293,-0.00157012,0.000262498,80.7798,0.000818386,1,-0.0034479,-0.00152577,-0.0002625,275.219
0,6805687,14,phononL,0.000502363,-0.000254323,0.00250195,-0.000262498,6044.57,0.000382,1,3.79642e-06,0.00200183,0.0002625,6188.86
0,6812008,7,phononTS,0.000687245,-0.00273472,0.000900559,-0.000262498,1339.39,0.000382,1,-0.00200064,0.00200219,0.0002625,1882.5
0,6812008,4,phononTF,0.000475903,-0.00336451,-0.00159832,0.000262498,107.82,0.000475903,1,-0.00323723,-0.00153853,-0.0002625,273.318
0,6819897,4,phononTS,0.00283217,0.00148444,0.00080774,-2.28147e-05,1677.91,0.001146,1,0.00200411,3.84364e-06,0.0002625,6229.22
0,6822932,3,phononTS,0.00283817,-0.00206305,-0.00191377,-0.0002625,104.899,0.000382,1,-0.00199789,-0.00199935,0.0002625,8607.79
0,6822932,8,phononL,0.00206336,-0.00199789,-0.00199935,0.000262499,8607.79,0.000341132,1,-0.00251357,-0.00207519,-0.0002625,8745.1
0,6826180,6,phononTS,0.000569761,-0.00195802,-0.000517118,-0.000262498,705.739,0.000382,1,-0.00200196,4.42084e-06,0.0002625,990.98
0,6826388,9,phononTS,0.000630631,-0.00245076,-0.00418255,-0.0002625,4784.13,0.000382,1,-0.00100318,-0.00100049,0.0002625,7394.23
0,6826736,4,phononTS,0.00111691,-0.00193541,-0.00197724,-0.0002625,1663.22,0.000764,1,-0.00199922,-0.00200026,0.0002625,2487.4
0,6829617,11,phononTS,0.00042622,-0.000230223,0.000107989,-0.0002625,193.56,0.000382,1,0.000999263,0.00099518,0.0002625,4474.16
0,6832678,13,phononTS,0.000386108,-0.00100291,-0.00100007,0.000262498,10171.4,0.000386108,1,-0.00232078,-0.000750977,-0.0002625,10732.7
0,6833876,4,phononL,0.000967157,-0.00276294,-0.00178419,-0.0002625,4.5018,0.000382,1,-0.00200228,-0.00200036,0.0002625,358.083
0,6839637,7,phononTF,0.000465564,1.792e-05,-1.54843e-05,-0.000262498,5944.49,0.000382,1,-6.2083e-08,1.05778e-07,0.0002625,6101.48
0,6839756,7,phononTS,0.000506021,-5.90049e-05,-0.00198991,-0.000262498,2497.24,0.000382,1,4.43788e-07,-0.00199873,0.0002625,2653.17
0,6841422,16,phononTS,0.000552732,-0.00189664,0.000383983,-0.0002625,7561.71,0.000382,1,-0.00300433,-0.00100214,0.0002625,11384.3
0,6841422,3,phononTS,0.00125166,-0.00353677,-0.00154257,0.000262498,23.6371,0.000555053,1,-0.0033196,-0.00159148,-0.0002625,227.402
0,6847224,13,phononTS,0.000427181,-0.00216281,-0.00439902,-0.0002625,6623.87,0.000382,1,0.00099867,-0.00100328,0.0002625,9211.44
0,6854279,9,phononTS,0.000474473,-0.00290016,-0.00151836,-0.000262498,335.289,0.000382,1,-0.00299557,-0.000997618,0.0002625,608.993
0,6862622,7,phononTS,0.000530899,-0.00397127,-4.54027e-05,-0.0002625,1559.29,0.000382,1,-0.00199953,0.00199966,0.0002625,2976.66
0,6865754,11,phononTF,0.000664118,-0.00300302,-0.000998292,0.0002625,229.119,0.000664118,1,-0.00252752,-0.000564061,-0.0002625,741.398
0,6873338,5,phononTS,0.000671024,-0.00348199,-0.00112791,-0.0002625,1662.02,0.000382,1,-0.00300399,-0.00100172,0.0002625,4715.25
0,6891922,4,phononTF,0.000690188,-0.000998324,-0.000995576,0.0002625,351.953,0.000690188,1,-0.00122445,-0.00120407,-0.0002625,2368.38
0,6895074,2,phononTF,0.00144025,0.00046232,-0.000422315,-0.0002625,70.8111,0.000764,1,0.000995046,-0.00100091,0.0002625,3231.55
0,6898166,10,phononL,0.000395811,-0.00183115,0.00101117,-0.0002625,1343.14,0.000382,1,-0.00200435,0.00199881,0.0002625,2330.18
0,6917348,11,phononTF,0.000505607,-0.00299589,-0.00099561,0.0002625,2058.68,0.000505607,1,-0.00273114,-0.00066999,-0.0002625,2856.77
0,6918215,4,phononTS,0.00226758,0.00199742,-4.427e-06,0.0002625,7539.89,0.000478209,1,0.00201325,0.000157342,-0.0002625,8801.43
0,6919887,2,phononTF,0.00170486,-4.34906e-05,-0.00195261,0.000213705,21.7593,0.000764,1,-3.61229e-06,-0.00199535,0.0002625,2467.26
0,6933776,8,phononTF,0.000551698,-0.000896191,0.00341453,-0.0002625,7524.34,0.000382,1,-0.00199584,0.00199682,0.0002625,8717.05
0,6937189,3,phononL,0.0014635,-0.00332688,-0.00214794,-0.0002625,8.12375,0.000382,1,-0.00200451,-0.00199541,0.0002625,1151.18
0,6950858,2,phononTF,0.000574964,-0.00300009,-0.00100175,0.0002625,230.667,0.000287817,1,-0.00276269,-0.00071603,-0.0002625,828.063
0,6955455,9,phononL,0.000541394,0.00205138,0.00247327,-0.0002625,5394.43,0.000382,1,0.00199895,0.00199581,0.0002625,6561.87
0,6955744,5,phononTF,0.000696848,-0.00320743,-0.00119732,-0.000262498,229.395,0.000382,1,-0.00300379,-0.00099785,0.0002625,409.689
0,6959347,11,phononTF,0.000749503,0.00100444,0.000996091,0.000262498,14549.7,0.000749503,1,0.000780579,0.00123844,-0.0002625,14736.2
0,6966822,2,phononTF,0.00218452,-0.00332608,-0.00126914,-0.0002625,589.419,0.001146,1,-0.00299844,-0.000997442,0.0002625,991.425
0,6967434,7,phononTS,0.000861718,-0.00200482,-0.00200217,0.000262498,1132.01,0.000636747,1,-0.00192413,-0.00195529,-0.0002625,1301.59
0,6969976,7,phononTS,0.00068065,-0.00306461,-0.00107383,-0.000262498,10936.9,0.000382,1,-0.00300228,-0.000995539,0.0002625,11092.5
0,6973128,4,phononTF,0.00149099,-0.00238077,-0.000389239,-0.0002625,5.89443,0.000764,1,-0.00200073,1.32861e-07,0.0002625,909.277
0,6980617,4,phononTF,0.00140204,-0.00315251,-0.00118979,-0.0002625,182.759,0.000382,1,-0.00299685,-0.00100206,0.0002625,700.348
0,6981720,4,phononTF,0.00137518,-0.00331073,-0.00124441,-0.0002625,190.536,0.000382,1,-0.00300225,-0.000995037,0.0002625,581.174
0,6981720,5,phononTS,0.000918598,-0.00300225,-0.000995037,0.000262498,581.174,0.000918598,1,-0.00384804,-0.00124132,-0.0002625,963.595
0,6987702,11,phononTF,0.00166007,-0.00143509,-0.000616764,-7.68243e-05,54.3266,0.000382,1,-0.00200453,6.56023e-08,0.0002625,2097.95
0,6987702,13,phononTS,0.000789979,-0.00200453,6.56023e-08,0.000262498,2097.95,0.000288353,1,-0.000692782,0.000416018,-0.0002625,2646.16
0,6988526,6,phononTS,0.000639493,0.000951969,0.000412886,-0.000262498,9891.18,0.000382,1,0.00100368,0.000998062,0.0002625,10193.8
0,6991075,12,phononTF,0.000535542,-5.89497e-05,-0.00208113,-0.000262498,11612.5,0.000382,1,5.27501e-07,-0.0020015,0.0002625,11773
0,6993204,14,phononTS,0.000716291,-0.0029964,-0.00100395,0.0002625,565.971,0.0006066,1,-0.00300974,-0.000835848,-0.0002625,960.269
0,6994512,6,phononTS,0.000892315,-0.00294555,-0.000867762,-0.0002625,975.661,0.000382,1,-0.00300167,-0.000997381,0.0002625,1903.99
0,6995096,12,phononTS,0.000977612,0.000998595,0.00100341,0.0002625,9631.94,0.000461399,1,0.000230915,0.000719444,-0.0002625,10344.1
0,6995667,8,phononTS,0.000552362,-0.00231706,-0.000836238,-0.0002625,5201.22,0.000382,1,-0.00200434,1.42489e-06,0.0002625,6347.8
0,6995704,2,phononTF,0.00579712,-0.00346891,-0.00144955,-0.000201708,371.113,0.001146,1,-0.00299731,-0.00100324,0.0002625,848.382
0,6996651,14,phononTF,0.00110796,-0.00200354,4.02295e-06,0.0002625,4370.77,0.000605153,1,-0.00227343,-0.000216313,-0.0002625,4745.63
0,6997781,6,phononL,0.00107228,-0.00145763,0.0027088,-0.000262498,12705.8,0.000382,1,-0.000997253,0.00300381,0.0002625,12848.5
0,6998169,5,phononTF,0.0023417,-0.00310163,0.00388725,-0.0002625,2.18087,0.000382,1,-0.000997831,0.00300027,0.0002625,7909.84
0,7001432,9,phononTF,0.000659962,-0.00280273,-0.00117346,-0.0002625,748.648,0.000382,1,-0.0029994,-0.00100483,0.0002625,1097.84
0,7001825,25,phononTS,0.000538245,-0.00147009,0.000888553,-0.0002625,19662.2,0.000382,1,-0.000998502,0.00100036,0.0002625,21020.5
0,7007998,11,phononTS,0.0004953,-0.00242605,-0.000962314,-0.000262498,2985.27,0.000382,1,-0.00200443,-0.00200214,0.0002625,3440.66
0,7009694,6,phononTF,0.00044358,0.00166652,0.000380234,-0.0002625,2117,0.000382,1,0.00200219,-3.98579e-06,0.0002625,3657.16
0,7011738,3,phononL,0.0021179,-7.74496e-05,4.35731e-05,-0.0002625,87.2096,0.001146,1,2.43486e-08,-2.70741e-06,0.0002625,3522.91
0,7019502,19,phononTS,0.00144128,0.000788373,-0.00286684,-0.0002625,6522.81,0.000764,1,0.000995799,-0.00299746,0.0002625,13812.4
0,7025008,2,phononTF,0.00108172,-0.00326194,-0.00127747,-0.0002625,2.67394,0.000382,1,-0.00300188,-0.000998685,0.0002625,393.652
0,7030920,9,phononL,0.00114416,-0.000421916,0.00214322,-0.0002625,4677.19,0.000382,1,4.47786e-06,0.00199833,0.0002625,5067.71
0,7037441,12,phononTS,0.000491668,0.000348135,0.00162275,-0.0002625,2212.86,0.000382,1,0.00200285,-3.26953e-06,0.0002625,5856.72
0,7038888,6,phononTS,0.0013878,-0.00295724,-0.00106555,-0.000262498,4380.5,0.000382,1,-0.00300151,-0.000999977,0.0002625,4550.01
0,7047414,5,phononTF,0.00297617,6.1859e-06,-0.00193072,0.000121676,2538.74,0.001146,1,3.73747e-06,-0.00199506,0.0002625,4773.99
0,7048733,8,phononTF,0.00343518,-0.00302084,-0.000950822,-2.78818e-05,416.977,0.000382,1,-0.00300062,-0.00100352,0.0002625,778.801
0,7056741,3,phononTF,0.00128646,-0.00291091,-0.000879755,-0.0002625,10.0503,0.000764,1,-0.00299964,-0.00100414,0.0002625,1881.05
0,7056741,2,phononL,0.00112146,-0.00350408,-0.00154368,0.000262498,10.0503,0.000820371,1,-0.00296917,-0.00173467,-0.0002625,154.122
0,7057565,19,phononTF,0.000395602,-0.00451319,0.00168971,-0.000262498,11937.2,0.000382,1,-0.00199717,-0.00200313,0.0002625,13306.3
0,7057906,7,phononL,0.00107521,-0.000180011,-0.000309279,-0.000262498,11920.6,0.000382,1,3.84022e-06,5.07979e-07,0.0002625,12043
0,7058256,4,phononTF,0.00228273,-0.00327554,-0.00124337,-0.0002625,163.175,0.000382,1,-0.00300278,-0.00100126,0.0002625,546.355
0,7070137,13,phononTS,0.000542946,-0.00199892,-3.97503e-06,0.000262498,9473.73,0.000542946,1,-0.00205892,-4.66456e-05,-0.0002625,9631.63
0,7081653,14,phononTF,0.000418821,0.000369118,-0.0023827,-0.0002625,6253.97,0.000382,1,-1.82884e-06,-0.00199834,0.0002625,19663.9
0,7081913,3,phononL,0.00261221,-0.00146488,-0.00134955,-0.0002625,6.26486,0.000382,1,-0.00100048,-0.000996593,0.0002625,1012.58
0,7083098,7,phononTS,0.000885973,-0.00215006,-0.00191609,-0.0002625,2487.99,0.000382,1,-0.00199541,-0.00199502,0.0002625,3809.21
0,7084015,8,phononTF,0.000679718,-0.000999328,-0.000995831,0.000262498,7531.75,0.000679718,1,-0.000945881,-0.000950659,-0.0002625,7689.95
0,7104268,22,phononTF,0.000864859,0.00299843,0.000995654,0.000262498,12266.9,0.000864859,1,0.00254009,0.000473399,-0.0002625,12526
0,7108561,14,phononTF,0.00218004,-0.0033637,-0.00136469,-0.0002625,572.084,0.000382,1,-0.00300022,-0.00100061,0.0002625,1011.25
0,7109338,11,phononTF,0.0016494,-0.00221401,-0.000180858,-0.0002625,3586.47,0.000382,1,-0.00100405,0.000995227,0.0002625,6067.01
0,7109338,12,phononTF,0.000860293,-0.00100405,0.000995227,0.000262498,6067.01,0.000860293,1,-0.00116989,0.000801746,-0.0002625,6241.06
0,7118424,9,phononTS,0.00124231,-0.000935288,-0.00103645,-0.0002625,1337.89,0.000382,1,-0.000999816,-0.000999638,0.0002625,3487.78
0,7129849,5,phononL,0.00121695,0.00346891,0.00204668,-0.0002625,186.792,0.000382,1,0.00200352,0.00200295,0.0002625,4029.08
0,7131147,6,phononTF,0.00090199,-0.00200051,0.0020028,0.0002625,1506.8,0.000784945,1,-0.00247956,0.00159389,-0.0002625,5026.33
0,7138762,8,phononTF,0.00100576,0.00316279,0.001096,-0.000262498,2589.01,0.000382,1,0.0029965,0.00099518,0.0002625,2760.71
0,7143002,6,phononTF,0.00112003,-0.00215672,0.00185637,-0.0002625,702.473,0.000382,1,-0.00100208,0.00300268,0.0002625,2234.62
0,7146094,7,phononTS,0.000678887,0.00267084,-0.0024955,-0.0002625,8938.94,0.000382,1,0.00200146,-0.0020034,0.0002625,10399.8
0,7146312,4,phononTF,0.00198355,-0.00325209,-0.00129045,-0.0002625,34.2772,0.000382,1,-0.00300382,-0.00100215,0.0002625,420.548
0,7146312,6,phononTS,0.000480279,-0.00300382,-0.00100215,0.000262498,420.548,0.000480279,1,-0.00304378,-0.000912996,-0.0002625,578.002
0,7147978,12,phononTF,0.000460122,0.00114818,-0.00277871,-0.0002625,13313.6,0.000382,1,0.00200272,-0.00200488,0.0002625,14800.9
0,7150373,12,phononTS,0.000843526,0.00198096,-0.00161298,-0.0002625,14993.8,0.000382,1,3.02477e-06,-3.54732e-06,0.0002625,20064.3
0,7152377,9,phononTS,0.00121287,-0.00307447,-0.00108457,-0.0002625,220.416,0.000382,1,-0.00300126,-0.000995306,0.0002625,683.618
0,7152377,10,phononTS,0.00065007,-0.00300126,-0.000995306,0.000262498,683.618,0.00065007,1,-0.00294755,-0.000942844,-0.0002625,840.489
0,7164072,17,phononTS,0.000412266,-0.00386002,0.00185735,-0.0002625,3638.22,0.000382,1,-0.00199569,-3.86721e-06,0.0002625,6841.5
0,7164743,11,phononTF,0.000544736,-0.00222689,-0.00179392,-0.0002625,2758.06,0.000382,1,-0.00199921,-0.00199524,0.0002625,4386.79
0,7165677,15,phononTS,0.000485988,0.00199836,0.00199524,0.0002625,8547.62,0.000485988,1,0.00190934,0.00204862,-0.0002625,11455.8
0,7167519,16,phononTS,0.000706747,-0.000963162,0.00295107,-0.000262498,21054.8,0.000382,1,-0.00100042,0.00299851,0.0002625,21215.9
0,7167897,6,phononL,0.00068853,-0.00068495,0.00123824,-0.000262498,2362.05,0.000382,1,-0.00100431,0.00100373,0.0002625,2487.58
0,7184044,4,phononTS,0.00042805,-0.00319157,-0.000920584,-0.0002625,51.2133,0.000382,1,-0.00300205,-0.000997116,0.0002625,1252.85
0,7184174,7,phononL,0.00167413,-0.0021464,-0.00124462,-0.0002625,4533.74,0.000382,1,-0.00100448,-0.000996765,0.0002625,5256.01
0,7189700,14,phononTS,0.000413599,-0.000617472,0.000561635,-0.0002625,16579.1,0.000382,1,-0.000995104,0.000996521,0.0002625,17543.7
0,7197489,13,phononTS,0.000437267,-0.00235285,-8.06929e-05,-0.0002625,2962.92,0.000382,1,-0.00200394,5.15477e-07,0.0002625,3705.36
0,7198139,18,phononL,0.000558121,-0.00295359,-0.000381178,-0.0002625,2754.08,0.000382,1,-0.00300279,-0.00100132,0.0002625,4101.88
0,7207276,9,phononTS,0.00141571,-0.00300161,-0.00100161,0.0002625,848.988,0.000629125,1,-0.00290655,-0.000918861,-0.0002625,1203.92
0,7208954,13,phononTS,0.000595312,-0.0013176,-0.00312915,-0.0002625,9366.64,0.000382,1,-0.00200337,-0.00199972,0.0002625,10497.9
0,7220563,15,phononTF,0.00047235,0.000997743,0.00100177,0.0002625,25884.8,0.00047235,1,0.00126628,0.00122961,-0.0002625,26757.5
0,7224375,11,phononTF,0.00046772,0.00100467,-0.00299964,0.0002625,10664,0.00046772,1,0.00132528,-0.00272183,-0.0002625,11066.1
0,7234036,15,phononTS,0.000483539,-0.000796293,2.26132e-05,-0.000262498,3011.28,0.000382,1,1.64409e-06,3.02337e-06,0.0002625,3359.77
0,7240784,14,phononTS,0.000653744,-0.00195006,7.11047e-05,-0.0002625,4219.48,0.000382,1,-0.00200101,1.74544e-06,0.0002625,4995.97
0,7240784,2,phononTS,0.0030014,-0.00343196,-0.00161346,0.000262468,72.6223,0.00151389,1,-0.00398005,-0.00166186,-0.0002625,372.654
0,7248629,2,phononTS,0.00175172,0.00290017,-0.005,-0.000150533,19.9467,0.000382,1,0.000996834,-0.00299991,0.0002625,3172.84
0,7256366,4,phononTF,0.000540971,-0.00200241,0.00200425,0.0002625,765.282,0.000540971,1,-0.00125527,0.00276518,-0.0002625,1481.08
0,7264596,4,phononTS,0.000431244,-0.00300119,-0.000995218,0.0002625,355.178,0.000431244,1,-0.00474946,-0.00382836,-0.0002625,1711
0,7265255,9,phononTS,0.000479642,-0.00224145,-4.87123e-05,-0.0002625,8484.93,0.000382,1,-0.00199644,-1.42076e-06,0.0002625,9978.18
0,7265371,13,phononTF,0.00060909,-0.00326213,-0.000681239,-0.000262498,1457.51,0.000382,1,-0.00299893,-0.00100177,0.0002625,1656.24
0,7269477,16,phononTF,0.000395259,-0.00180136,0.000166592,-0.0002625,13281,0.000382,1,-0.00200012,-2.85661e-06,0.0002625,15021.1
0,7270801,10,phononL,0.00105785,1.02877e-06,2.87932e-06,0.0002625,3160.94,0.000546667,1,0.000218059,-0.000713603,-0.0002625,3501.45
0,7286152,6,phononTF,0.00114267,-0.00287001,-0.00111519,-0.0002625,10224,0.000382,1,-0.00299776,-0.000995572,0.0002625,12191.2
0,7288964,2,phononTF,0.00055353,0.00198995,-0.00248761,-0.0002625,0.847321,0.000382,1,0.000997256,-0.0029955,0.0002625,5898.81
0,7290478,21,phononTS,0.000495405,-0.00187426,0.00202435,-0.0002625,7795.86,0.000382,1,-0.00200294,0.00200089,0.0002625,9610.22
0,7291660,30,phononTF,0.000652972,-0.00257499,-0.00254858,-0.000262498,3431.57,0.000382,1,-0.00199534,-0.0019976,0.0002625,3717.17
0,7291661,3,phononTS,0.00604764,-0.00356607,-0.00145633,-0.000252624,201.414,0.0016026,1,-0.00356418,-0.00145991,-0.0002625,362.542
0,7294471,7,phononTS,0.000480561,-0.00225441,-0.0030127,-0.0002625,2354.21,0.000382,1,-0.00200025,-0.00199824,0.0002625,6425.19
0,7294471,3,phononL,0.00078767,-0.00363809,-0.00147575,0.000262498,220.366,0.000212246,1,-0.00399219,-0.00109554,-0.0002625,359.804
0,7294482,4,phononTS,0.00139929,-0.00346162,-0.00169607,-0.0002625,14.1646,0.000382,1,-0.00100391,0.0030039,0.0002625,2017.39
0,7299614,12,phononTF,0.00071841,-0.00227135,-0.0022212,-0.000262498,2219.83,0.000382,1,-0.00199934,-0.00200465,0.0002625,2406.78
0,7309977,10,phononL,0.000451628,0.00349767,0.00119221,-0.000262498,14196.4,0.000382,1,0.00299672,0.00100213,0.0002625,14336.4
0,7312503,6,phononTS,0.000432444,-0.00300492,-0.00100211,0.000262498,723.949,0.000432444,1,-0.00294711,-0.000837359,-0.0002625,916.235
0,7317921,10,phononTS,0.000645693,-0.00204207,-9.00328e-05,-0.000262498,21865.9,0.000382,1,-0.001998,-4.05107e-06,0.0002625,22034.7
0,7323795,2,phononTS,0.00230713,-0.00145074,0.000442034,-0.0002625,75.3979,0.000764,1,-5.52621e-08,0.00200096,0.0002625,5527.16
0,7324136,5,phononTF,0.00151483,0.00200464,-1.75133e-06,0.0002625,5079.42,0.000879748,1,0.00249542,0.000416329,-0.0002625,5573.43
0,7324249,3,phononL,0.00261326,-0.00238004,-0.000391101,-0.0002625,4.13918,0.001146,1,-0.00199606,1.47188e-06,0.0002625,578.041
0,7324249,4,phononL,0.000494643,-0.00199606,1.47188e-06,0.000262498,578.041,0.000494643,1,-0.00173702,0.000230469,-0.0002625,699.43
0,7324827,3,phononTS,0.00247096,-0.00276298,-0.00177905,-0.0002625,3.89882,0.000764,1,-0.00200232,-0.00200254,0.0002625,744.03
0,7325241,14,phononTF,0.00103294,-0.00182534,0.00014343,-0.0002625,1211.86,0.000382,1,-0.00200464,2.27949e-06,0.0002625,1723.12
0,7344818,18,phononTF,0.000433533,0.00203287,0.0020329,-0.000262498,8009.44,0.000382,1,0.00200142,0.00199743,0.0002625,8166.91
0,7345608,9,phononTF,0.000552818,-0.00211536,-0.000117168,-0.0002625,893.186,0.000382,1,-0.0019978,-1.14452e-06,0.0002625,1715.27
0,7351067,20,phononTS,0.000413557,-0.00031861,-0.00193422,-0.000262498,9220.94,0.000382,1,-2.96327e-06,-0.00199788,0.0002625,9458.55
0,7352107,6,phononTF,0.000510342,-0.00300324,-0.00100293,0.0002625,572.111,0.000510342,1,-0.00296874,-0.00103236,-0.0002625,886.963
0,7353788,8,phononTS,0.00088267,-0.00160711,5.427e-05,-0.0002625,7688.13,0.000382,1,-0.00199539,-7.62711e-07,0.0002625,8415.92
0,7354619,3,phononTS,0.000405134,-0.00351566,0.00291993,-0.0002625,3.59199,0.000382,1,1.74802e-06,2.80982e-06,0.0002625,5657.39
0,7363757,4,phononTF,0.00157789,-0.00326359,-0.00133283,-0.0002625,179.227,0.000382,1,-0.00299826,-0.00100495,0.0002625,897.705
0,7372762,5,phononTF,0.00175626,-0.00320862,-0.00124917,-0.0002625,93.8255,0.000764,1,-0.00300229,-0.000996938,0.0002625,461.447
0,7377335,9,phononTS,0.000401008,-0.000899577,0.00363061,-0.0002625,3205.59,0.000382,1,-0.00100126,0.00300342,0.0002625,7798.63
0,7379535,15,phononTF,0.000647213,-0.00083293,-0.00113204,-0.0002625,10667.4,0.000382,1,-0.000995681,-0.00100188,0.0002625,11509.1
0,7380145,7,phononTF,0.0011981,-0.00355397,-0.000529735,-0.0002625,3071.25,0.000382,1,-0.00300408,-0.00100057,0.0002625,3867.87
0,7380464,5,phononL,0.000682387,-0.00336086,-0.00122587,-0.0002625,1016.86,0.000382,1,-0.00300468,-0.00100321,0.0002625,1272.24
0,7380464,4,phononTS,0.000764986,-0.00371704,-0.00144854,0.000262498,1016.86,0.000764986,1,-0.00421328,-0.00079125,-0.0002625,1406.55
0,7383915,13,phononTS,0.00134911,-0.00114135,-0.0018363,-0.0002625,5001.17,0.000382,1,-0.00100322,-0.00100394,0.0002625,6447.5
0,7387485,10,phononTF,0.000552128,-4.88743e-07,-0.00200246,0.000262498,5237.33,0.000552128,1,0.000199698,-0.00184342,-0.0002625,5411.12
0,7387740,7,phononL,0.000684258,-0.000950652,-0.00189827,-0.0002625,1041.55,0.000382,1,-2.29528e-06,-0.00199918,0.0002625,1644.27
0,7388176,7,phononTS,0.000771542,-0.00299648,-0.000998251,0.000262498,10158.2,0.000771542,1,-0.00190127,0.000309122,-0.0002625,10764.2
0,7390004,11,phononTF,0.000877525,-0.00281998,-0.000852116,-0.0002625,7071.55,0.000382,1,-0.00299519,-0.00100309,0.0002625,7594.53
0,7396821,8,phononTF,0.00125849,-1.20698e-05,-0.00171716,-0.0002625,3090.69,0.000382,1,1.90297e-06,-0.00199919,0.0002625,3673.74
0,7396821,2,phononTF,0.000716199,-0.00352798,-0.00157278,0.000262498,8.51585,9.16899e-05,1,-0.00296529,-0.00206065,-0.0002625,279.296
0,7398561,25,phononTF,0.000435679,-0.00081523,-0.00119548,-0.0002625,6358.34,0.000382,1,-0.00100479,-0.00100008,0.0002625,7509.65
0,7400803,19,phononTS,0.000939452,-0.00203723,-0.0028413,-0.000262498,3764.37,0.000382,1,-0.00200362,-0.00200076,0.0002625,4126.8
0,7401685,10,phononTS,0.000681702,-0.00138718,0.00227941,-0.0002625,12020.8,0.000382,1,-0.00199792,0.00199715,0.0002625,13041.5
0,7402800,10,phononTS,0.000433321,-0.00102797,-0.00200823,-0.0002625,208.774,0.000382,1,-3.90566e-06,-0.00200261,0.0002625,1947.13
0,7403912,12,phononTS,0.000796669,-0.00203854,-0.00102094,-0.0002625,7900.5,0.000382,1,-0.00199845,1.69333e-06,0.0002625,10637
0,7409058,14,phononTS,0.000907747,-0.00197592,-0.00141708,-0.000262498,2274.93,0.000382,1,-0.0020009,-0.00200408,0.0002625,2560.73
0,7409754,11,phononTF,0.00053495,-0.00325594,0.00119463,-0.0002625,1613.52,0.000382,1,-0.00200431,-1.48305e-07,0.0002625,4306.46
0,7419504,14,phononTS,0.000435065,-0.00192727,-0.00198824,-0.000262498,2758.62,0.000382,1,-0.00200424,-0.002001,0.0002625,2913.79
0,7430089,14,phononTF,0.000908635,-0.000308105,0.00173122,-0.000262498,7777.36,0.000382,1,3.65012e-06,0.00200028,0.0002625,7976.08
0,7431384,14,phononTS,0.000660006,-0.00302884,-0.00105011,-0.0002625,498.723,0.000382,1,-0.00299584,-0.00100353,0.0002625,1279.7
0,7443912,8,phononTS,0.000531305,-0.00205649,6.93339e-05,-0.0002625,2573.47,0.000382,1,-0.00200109,2.2103e-06,0.0002625,3350.15
0,7444761,13,phononL,0.00101423,0.00229811,-0.00266893,-0.0002625,5330.38,0.000382,1,0.00100286,-0.000999011,0.0002625,9375.65
0,7446001,4,phononL,0.00168644,-0.00344625,-0.00157291,-0.000262498,210.151,0.000764,1,-0.00300247,-0.00100427,0.0002625,380.606
0,7448987,4,phononTS,0.00281837,-0.00297621,-0.00140681,-0.0002625,152.946,0.000382,1,-0.00299665,-0.000996326,0.0002625,6623.91
0,7458801,4,phononTS,0.000595313,-0.005,0.00345994,-0.00024802,2468.16,0.000382,1,0.00100406,-0.00100304,0.0002625,7667.45
0,7460963,13,phononTS,0.00160577,-0.0029541,8.00353e-05,-0.000262498,1324.13,0.000382,1,-0.0030005,-0.000998828,0.0002625,1764.87
0,7464593,15,phononTS,0.000460566,-0.00296258,-0.000910933,-0.0002625,2044.71,0.000382,1,-0.00299858,-0.000998952,0.0002625,2834.36
0,7464593,8,phononL,0.00433233,-0.00350975,-0.000484153,-0.00024214,884.105,0.00169122,1,-0.00350417,-0.000531691,-0.0002625,1313.55
0,7469337,15,phononTS,0.000613604,-0.00051192,0.00178648,-0.000262498,25794.4,0.000382,1,7.27954e-07,-2.94961e-06,0.0002625,26493.8
0,7472690,12,phononTS,0.000522944,2.31386e-05,-0.00196297,-0.0002625,26295.1,0.000382,1,2.20741e-06,-0.00199524,0.0002625,27083.9
0,7475532,15,phononTF,0.000712421,-0.00355099,-0.00157727,-0.000262498,437.977,0.000382,1,-0.00300439,-0.000998842,0.0002625,724.624
0,7483425,9,phononTS,0.000564276,-0.00230259,-0.00348024,-0.000262499,8988.2,0.000382,1,-0.00200184,-0.00200396,0.0002625,9570.91
0,7484685,11,phononTF,0.000550909,-0.0029968,-0.00100489,0.000262498,713.772,0.000550909,1,-0.00341542,-0.00141956,-0.0002625,949.528
0,7488048,9,phononTS,0.000595238,0.00162607,-0.00300802,-0.0002625,8026.61,0.000382,1,0.00200069,-0.00199802,0.0002625,12669.4
0,7490126,5,phononTF,0.000583456,-0.00302621,-0.00149889,-0.000262498,325.371,0.000382,1,-0.0020024,-0.00200442,0.0002625,738.189
0,7491539,11,phononL,0.000531269,-0.00105267,-7.96042e-06,-0.0002625,418.342,0.000382,1,-0.00100343,0.0010044,0.0002625,1651.39
0,7492852,6,phononTS,0.000538577,-0.00484057,-0.00285617,-0.0002625,4100.56,0.000382,1,-0.00299933,-0.00100144,0.0002625,6443.72
0,7494641,3,phononTS,0.00298827,-0.00194312,-0.00190518,0.000253808,37.1403,0.00118019,1,-0.00197949,-0.00159152,-0.0002625,5588.4
0,7512096,3,phononTS,0.00561669,-0.00297584,-0.000890248,0.000174195,39.444,0.001528,1,-0.00299813,-0.00100057,0.0002625,627.098
0,7512096,5,phononTS,0.000688946,-0.00291459,-0.00093199,-0.0002625,627.098,0.000382,1,-0.00299527,-0.000998984,0.0002625,958.121
0,7517666,11,phononTS,0.000840713,-0.0018085,0.000750733,-0.0002625,476.514,0.000382,1,-0.000996128,0.00299566,0.0002625,2219.12
0,7519539,15,phononTF,0.000706458,-0.00300387,-0.000996872,0.000262498,719.831,0.000500613,1,-0.00274756,-0.000678051,-0.0002625,917.257
0,7523177,18,phononTS,0.000398619,-0.00104221,-0.000905344,-0.000262498,2035.86,0.000382,1,-0.000999571,-0.000996585,0.0002625,2192.94
0,7523575,17,phononTS,0.00104016,-0.00299614,-0.000997831,0.000262498,397.074,0.000914459,1,-0.00229703,-0.000545698,-0.0002625,788.272
0,7525709,4,phononL,0.00173658,-0.0032653,-0.00128193,-0.0002625,23.4862,0.000382,1,-0.00299895,-0.000998766,0.0002625,273.348
0,7529175,6,phononL,0.000413351,-0.001402,-0.000806933,-0.0002625,1818.05,0.000382,1,-0.00100081,-0.000995982,0.0002625,2207.4
0,7532782,6,phononTF,0.00105846,-0.00314733,-0.00106999,-0.0002625,544.563,0.000382,1,-0.00299573,-0.000997245,0.0002625,1051.58
0,7536849,9,phononTS,0.00237895,-0.00229396,-0.000428608,-0.0002625,592.343,0.000382,1,-0.00099675,0.00100467,0.0002625,2069.44
0,7538211,3,phononTF,0.00183001,-0.00325054,-0.0012353,-0.0002625,40.3061,0.000382,1,-0.00299532,-0.000997372,0.0002625,416.732
0,7541710,15,phononTF,0.00236174,-0.00273583,-0.000786775,-0.000262498,1165.8,0.001146,1,-0.00300368,-0.000999706,0.0002625,1351.86
0,7542296,6,phononTS,0.00189711,-0.000999208,0.000995302,0.0002625,1508.26,0.00082521,1,-0.00131881,0.00122197,-0.0002625,2048.89
0,7553084,7,phononTS,0.000427495,-0.0018648,4.73928e-05,-0.0002625,4880.42,0.000382,1,-0.00199998,-3.85262e-06,0.0002625,11356.4
0,7553915,2,phononTS,0.00281987,-0.00299868,-0.00099708,0.0002625,5.70999,0.00016843,1,-0.00308851,-0.000932961,-0.0002625,2099.46
0,7557700,6,phononTS,0.000554064,-0.00298578,-0.000967056,-0.000262498,13402.9,0.000382,1,-0.00299815,-0.000998156,0.0002625,13568.7
0,7558239,3,phononTF,0.0028646,-0.0031019,-0.000926378,-0.0002625,8.91534,0.000764,1,-0.00300479,-0.00100352,0.0002625,5225.39
0,7558239,5,phononTF,0.000635815,0.00270511,-0.005,-5.01592e-05,5225.39,0.000635815,1,0.0034887,-0.00456165,-0.0002625,9267.29
0,7562791,10,phononL,0.00053538,-0.00155122,0.00186839,-0.0002625,6189.81,0.000382,1,-0.00199773,0.00199701,0.0002625,7415.38
0,7564435,4,phononTF,0.000590764,-0.00220044,-0.000220212,-0.0002625,179.687,0.000382,1,-0.0019955,-2.82533e-06,0.0002625,1442.47
0,7567411,11,phononTF,0.000413557,-0.0019961,0.00200097,0.000262498,11239.5,0.000413557,1,-0.00226099,0.00167882,-0.0002625,11438.7
0,7567723,12,phononTF,0.000385427,-0.00330469,-0.00126269,-0.0002625,4296.86,0.000382,1,-0.00300381,-0.00100404,0.0002625,5196.88
0,7573324,17,phononTS,0.000418733,7.94363e-05,7.64277e-05,-0.000262498,28560.1,0.000382,1,3.79398e-06,-2.03018e-06,0.0002625,28714.6
0,7573324,3,phononTF,0.00101046,-0.00350357,-0.00154789,0.000262498,129.401,0.000688826,1,-0.00323108,-0.00167398,-0.0002625,322.523
0,7574451,8,phononTF,0.000683533,-0.00225706,-0.00220033,-0.000262498,2157.03,0.000382,1,-0.0020006,-0.00200124,0.0002625,2348.34
0,7577161,2,phononTF,0.00126915,-0.00237597,-0.000394224,-0.0002625,43.2858,0.000382,1,-0.00200207,-2.6125e-06,0.0002625,944.12
0,7584571,11,phononTS,0.000473977,-0.00207445,0.00203698,-0.000262498,4547.48,0.000382,1,-0.00199593,0.00200036,0.0002625,4725.88
0,7584987,2,phononTF,0.000699123,-0.00326578,-0.00127422,-0.0002625,5.97493,0.000382,1,-0.00299544,-0.00100373,0.0002625,400.352
0,7589554,3,phononTF,0.00303165,-0.00326685,-0.00128402,-0.0002625,16.6182,0.000382,1,-0.00299519,-0.00100388,0.0002625,407.403
0,7595024,10,phononTS,0.000990794,-0.00165737,-0.0010981,-0.000262499,3253.54,0.000382,1,0.00100468,-0.00300287,0.0002625,4421.01
0,7600576,9,phononTF,0.000519591,-0.00235579,-0.000765686,-0.0002625,1137.19,0.000382,1,-0.00199958,4.26519e-06,0.0002625,2285.18
0,7601999,13,phononTS,0.000606067,-0.00299808,-0.00099922,0.000262498,540.946,0.000372142,1,-0.00270009,-0.00180563,-0.0002625,911.323
0,7602951,4,phononTS,0.000572002,-0.000893695,0.00287325,-0.0002625,2488.25,0.000382,1,0.000999303,-0.00100309,0.0002625,4376.61
0,7604145,22,phononTF,0.000861298,-0.00358515,-0.00150917,-0.000262498,174.539,0.000382,1,-0.00300167,-0.00100458,0.0002625,451.795
0,7609937,14,phononTS,0.00163358,-0.00364378,-0.00118941,-0.0002625,513.46,0.000382,1,-0.0029969,-0.00100408,0.0002625,1173.69
0,7615150,9,phononTS,0.000562414,-0.00108867,0.00345219,-0.000262498,6046.01,0.000382,1,-0.00100053,0.00299842,0.0002625,6302.84
0,7615150,11,phononTS,0.00286,-0.00364019,-0.00149098,-0.000245816,713.75,0.000967747,1,-0.0030825,-0.00184932,-0.0002625,1090.04
0,7616578,8,phononL,0.00251043,-0.00313491,-0.00133369,-0.0002625,592.973,0.000764,1,-0.00300171,-0.00100297,0.0002625,836.911
0,7622336,3,phononTS,0.00111147,-0.00322483,-0.00120151,-0.0002625,157.384,0.000382,1,-0.00300015,-0.00100164,0.0002625,1047.85
0,7626126,2,phononTF,0.00157859,-0.00326509,-0.00127411,-0.0002625,13.4241,0.000764,1,-0.00300074,-0.000999539,0.0002625,400.974
0,7626126,19,phononTS,0.000435696,-0.00300074,-0.000999539,0.000262498,400.974,0.000435696,1,-0.00304667,-0.000940101,-0.0002625,575.353
0,7630521,11,phononTF,0.000438079,0.00200322,-0.00200427,0.0002625,17444.4,0.000438079,1,0.00230105,-0.00194296,-0.0002625,18652.6
0,7642924,11,phononTS,0.000693094,-0.00208494,1.31195e-05,-0.000262498,1605.68,0.000382,1,-0.00200206,-1.84156e-06,0.0002625,1787.12
0,7644201,11,phononTS,0.000430352,-0.00207054,-6.82712e-05,-0.000262498,3708.14,0.000382,1,-0.00199724,4.20129e-06,0.0002625,3862.94
0,7646126,12,phononL,0.000446924,-0.00300059,-0.000998639,0.000262498,402.107,0.000446924,1,-0.00304456,-0.000455947,-0.0002625,541.968
0,7655984,6,phononTF,0.00124762,-0.0035571,-0.00148337,-0.000262498,541.746,0.000764,1,-0.00299751,-0.00100162,0.0002625,810.905
0,7657230,10,phononTS,0.000390981,7.61706e-05,9.2193e-05,-0.000262498,5877.93,0.000382,1,1.30708e-06,4.08196e-06,0.0002625,6032.27
0,7657670,11,phononTS,0.000917866,-0.00298095,-0.0017025,-0.000262498,8025.29,0.000382,1,-0.00299705,-0.00100343,0.0002625,8345.69
0,7660976,6,phononTS,0.000397438,-0.00299862,-0.0010012,0.000262498,1114.91,0.000397438,1,-0.00492267,-0.00209649,-0.0002625,1938.19
0,7666665,8,phononTF,0.0019082,-0.00304901,-0.00103284,-0.000262498,272.502,0.001146,1,-0.003005,-0.000998776,0.0002625,430.174
0,7679940,9,phononTS,0.000599388,-0.00353925,-0.00098985,-0.0002625,2090.97,0.000382,1,-0.00300193,-0.000998144,0.0002625,3702.48
0,7685578,7,phononTF,0.000415535,-0.00181256,-0.00110604,-0.0002625,468.457,0.000382,1,-3.65948e-06,2.62569e-06,0.0002625,2913.98
0,7692737,23,phononTF,0.000735617,-0.00199519,-0.00200012,0.0002625,8346.3,0.000562729,1,-0.00165775,-0.00227139,-0.0002625,12595.7
0,7692737,4,phononTS,0.00388804,-0.00406732,-0.00149522,-0.000140179,1366.67,0.000591244,1,-0.00404749,-0.00147583,-0.0002625,1461.4
0,7692763,8,phononTS,0.000382432,-0.00292478,-0.000923115,-0.0002625,408.017,0.000382,1,-0.00300081,-0.000997508,0.0002625,873.538
0,7695412,10,phononTS,0.000433049,-0.000996442,0.00100138,0.0002625,5909.4,0.000433049,1,-0.00192329,0.0014438,-0.0002625,11506.1
0,7698691,15,phononTS,0.00244691,0.00231805,0.00110789,-0.0002625,3379.22,0.001146,1,0.00299519,0.00100271,0.0002625,7587.31
0,7698691,16,phononTF,0.000544532,0.00299519,0.00100271,0.000262498,7587.31,0.000544532,1,0.00295827,0.00103223,-0.0002625,7744.75
0,7699718,13,phononTS,0.0013515,-0.000842983,-0.00174136,-0.000262498,1456.41,0.000764,1,-0.000995761,-0.00100341,0.0002625,1811.26
0,7711060,7,phononTS,0.000386089,-0.00155303,0.000467185,-0.0002625,1828.45,0.000382,1,-0.00100186,0.00100369,0.0002625,3699.06
0,7711546,8,phononTF,0.00114997,0.00322621,-0.005,-4.74795e-05,6608.93,0.000382,1,-0.000996359,0.00299637,0.0002625,10305.1
0,7713787,3,phononTS,0.00212006,-0.00306635,-0.00101891,-0.000142114,11.1594,0.000382,1,-0.00299692,-0.000999758,0.0002625,415.33
0,7719297,6,phononTS,0.000804961,0.00240203,0.00174211,-0.0002625,820.666,0.000382,1,0.000997317,0.000999889,0.0002625,6998.1
0,7724435,12,phononTF,0.00064709,-0.00221032,0.0042235,-0.000262498,25403.4,0.000382,1,-0.000997009,0.00300119,0.0002625,25944.2
0,7737089,7,phononTF,0.000726291,-0.00100335,-0.00100062,0.0002625,2503.24,0.000726291,1,-0.000665969,-0.000592027,-0.0002625,4866.51
0,7740411,6,phononTS,0.000772337,-0.0031062,3.13831e-05,-0.0002625,706.524,0.000382,1,-0.0019998,-2.63995e-06,0.0002625,2652.03
0,7742458,8,phononTF,0.000571823,-0.00299878,-0.000999492,0.000262498,2900.59,0.000571823,1,-0.00316109,-0.00082194,-0.0002625,3073.02
0,7742843,4,phononTS,0.00099122,-0.00301881,-0.00123061,-0.000262498,2427.35,0.000764,1,-0.00299716,-0.000997284,0.0002625,2633.36
0,7744504,14,phononTS,0.00120198,0.00203746,-0.00138971,-0.0002625,416.004,0.000382,1,0.000995601,0.000996946,0.0002625,21430.3
0,7747342,8,phononTF,0.000863302,0.000717586,-0.00323159,-0.0002625,3703.88,0.000382,1,0.00100427,-0.0030012,0.0002625,4264.25
0,7750342,13,phononTS,0.000408803,0.00208086,7.88984e-05,-0.000262498,32286.2,0.000382,1,0.00199901,-3.83384e-06,0.0002625,32440.3
0,7757997,11,phononL,0.00123843,-0.00200406,-4.86095e-06,0.0002625,183.624,0.00112237,1,-0.00184332,0.000342662,-0.0002625,1543.37
0,7778469,8,phononL,0.000856813,0.000200892,-0.00229751,-0.000262498,3698.31,0.000382,1,-2.83674e-06,-0.00199717,0.0002625,3820.97
0,7780127,8,phononTF,0.000975332,0.00200133,-0.00200184,0.000262498,3472.55,0.000371509,1,0.00174017,-0.00172201,-0.0002625,3671.35
0,7780127,2,phononTF,0.000839957,-0.00351129,-0.00157288,0.000262498,56.7357,0.000706776,1,-0.00366677,-0.00140626,-0.0002625,229.832
0,7781299,3,phononTS,0.00181552,0.000218975,0.00112711,-0.0002625,30.0661,0.000382,1,-0.00100145,0.00099528,0.0002625,9588.7
0,7784216,6,phononTS,0.000556263,-0.00203086,-0.00171701,-0.0002625,2699.48,0.000382,1,-0.00199983,-0.00200163,0.0002625,3227.23
0,7792041,4,phononTS,0.00114046,-0.00342774,-0.00143184,-0.000262498,243.635,0.000382,1,-0.00199756,-0.00200069,0.0002625,836.874
0,7793578,16,phononTF,0.000448919,-0.00132553,-0.000607654,-0.0002625,4005.64,0.000382,1,-0.00100435,-0.00099981,0.0002625,5825.8
0,7801794,21,phononTS,0.000451687,0.00267823,-0.000221424,-0.000262498,20316,0.000382,1,0.00199656,-0.0019993,0.0002625,21070.9
0,7805576,11,phononTS,0.00165065,0.00200705,0.00236076,-0.0002625,12666,0.000382,1,0.00200252,0.00199641,0.0002625,13330.5
0,7806593,4,phononTF,0.00132657,-0.00313463,-0.00113601,-0.0002625,13.6551,0.000764,1,-0.00299967,-0.00100169,0.0002625,680.994
0,7807474,4,phononTS,0.000663922,-0.00302263,-0.000944886,-0.0002625,312.837,0.000382,1,-0.00299754,-0.00100017,0.0002625,1040.03
0,7812644,6,phononL,0.00107047,0.00100461,-0.00100234,0.0002625,1492.93,0.000215193,1,0.00169741,-0.00090108,-0.0002625,2137.02
0,7816107,9,phononTF,0.000839873,0.000998104,-0.00100215,0.0002625,5145.76,0.000839873,1,0.000320225,-0.00159706,-0.0002625,6437.25
0,7819883,2,phononTS,0.00118809,-2.32947e-05,-0.00203241,-0.0002625,6.50731,0.000382,1,-1.49069e-06,-0.00199844,0.0002625,2764.69
0,7819883,26,phononTS,0.000501016,-1.49069e-06,-0.00199844,0.000262498,2764.69,0.000501016,1,-1.02364e-05,-0.00192855,-0.0002625,2920.41
0,7821325,4,phononTF,0.000920006,4.12313e-06,-0.00199667,0.000262498,1682.64,0.000920006,1,0.000493661,-0.00240719,-0.0002625,1927.87
0,7821325,2,phononTF,0.00280065,-0.00339017,-0.00151922,0.000262498,237.252,0.0020423,1,-0.00306401,-0.00125443,-0.0002625,436.826
0,7822367,10,phononTS,0.000527904,4.32259e-06,-0.00200103,0.0002625,13410.2,0.000527904,1,-0.000266315,-0.00226359,-0.0002625,13931.1
0,7822367,6,phononTS,0.000633279,0.00180535,0.005,-0.000157351,5754.75,0.000633279,1,0.00198998,0.00454095,-0.0002625,6795.82
0,7823613,9,phononTF,0.00167789,-0.000714498,0.00195911,-0.000262498,2951.88,0.000764,1,0.00299663,0.00100215,0.0002625,4178.41
0,7825358,15,phononTS,0.00052345,-0.0013903,0.00283561,-0.0002625,17859.2,0.000382,1,-0.00100354,0.00300087,0.0002625,18663.9
0,7833079,13,phononTS,0.000498866,0.00126014,0.00241788,-0.0002625,4955.71,0.000382,1,0.00299511,0.00100067,0.0002625,10792.9
0,7836017,23,phononTS,0.000887264,-0.0020923,-0.00201897,-0.0002625,4652.03,0.000382,1,-0.00200235,-0.00200155,0.0002625,5211.64
0,7842875,7,phononTF,0.000434783,-0.00318354,3.91015e-05,-0.0002625,870.97,0.000382,1,-0.00200001,0.00199679,0.0002625,2334.64
0,7846216,5,phononTS,0.000468478,-0.00294627,-0.000905846,-0.000262498,315.444,0.000382,1,-0.00299903,-0.000996876,0.0002625,471.519
0,7848496,7,phononTF,0.000644184,-0.0029547,-0.000960435,-0.000262499,2708.2,0.000382,1,-0.00300482,-0.000999269,0.0002625,2866.12
0,7850639,4,phononTS,0.00179509,-0.00357532,-0.00105588,-0.0002625,200.034,0.000764,1,-0.0030027,-0.000996802,0.0002625,4767.01
0,7850639,10,phononTS,0.000921592,-0.0030027,-0.000996802,0.000262498,4767.01,0.000921592,1,-0.00293078,-0.000990414,-0.0002625,4922.56
0,7850639,3,phononTS,0.00178,-0.00353091,-0.00167523,0.000262498,200.034,0.000405029,1,-0.0028479,-0.00159581,-0.0002625,531.655
0,7850704,12,phononTS,0.000697979,0.00106918,0.000679063,-0.0002625,7410.25,0.000382,1,0.00100177,0.00100001,0.0002625,8086.98
0,7850982,15,phononTS,0.000731572,0.00351174,-0.00230894,-0.000262498,8544.38,0.000382,1,-2.57595e-07,0.00200188,0.0002625,10261.8
0,7850983,4,phononTF,0.0020131,-0.00325953,-0.00129345,-0.0002625,49.1668,0.000764,1,-0.00300246,-0.0010011,0.0002625,440.541
0,7850983,3,phononTS,0.000884677,-0.00351661,-0.00158581,0.000262498,49.1668,0.000642861,1,-0.0037856,-0.000419709,-0.0002625,537.427
0,7851955,2,phononTF,0.00317713,-0.00312239,-0.00109691,-0.0002625,6.03242,0.000382,1,-0.0029957,-0.000997728,0.0002625,671.911
0,7854137,14,phononTF,0.0004349,7.69266e-05,0.00209015,-0.000262498,9659.3,0.000382,1,3.28466e-06,0.00200369,0.0002625,9819.7
0,7855099,11,phononTF,0.000849473,0.00196932,-0.00204486,-0.000262498,14843.3,0.000764,1,0.00200433,-0.00199966,0.0002625,15001
0,7857785,11,phononTF,0.000544416,-0.00118044,0.000780913,-0.0002625,1356.75,0.000382,1,-0.000999417,0.00100081,0.0002625,2959.61
0,7862343,15,phononTF,0.000449851,-0.003187,-0.00120727,-0.000262498,931.734,0.000382,1,-0.00200489,3.50415e-06,0.0002625,1460.9
0,7868781,8,phononTF,0.000432215,-0.000178648,0.000141625,-0.0002625,6946.79,0.000382,1,4.64286e-07,1.60655e-08,0.0002625,8805.99
0,7874639,11,phononTS,0.000735486,-0.0001444,-0.00324567,-0.0002625,17771.2,0.000382,1,0.000997706,-0.00300123,0.0002625,21357.9
0,7874639,3,phononTF,0.00176874,-0.005,-0.00233157,4.93378e-05,3.38393,0.00140054,1,-0.00392799,-9.70739e-05,-0.0002625,1295.51
0,7874990,10,phononTS,0.000545097,5.44439e-06,0.0010651,-0.000262498,4382.76,0.000382,1,-0.00100046,0.00100144,0.0002625,4803.55
0,7874990,2,phononTF,0.00106689,-0.005,-0.00273563,1.97767e-07,14.1676,0.000771437,1,-0.00318324,-0.00218948,-0.0002625,1257.66
0,7875572,6,phononTF,0.000468888,0.00199738,0.0020027,0.0002625,658.61,0.000468888,1,0.00223229,0.00218871,-0.0002625,6917.17
0,7876587,16,phononTS,0.000446453,-0.00099603,-0.0010036,0.0002625,8682.8,0.000446453,1,-0.0010344,-0.000987994,-0.0002625,9324.83
0,7878422,3,phononTS,0.000544368,-0.00306014,-0.00110076,-0.0002625,1.97545,0.000382,1,-0.0029992,-0.00100445,0.0002625,1774.35
0,7878422,2,phononTF,0.000988091,-0.00352386,-0.00155502,0.000262498,1.97545,0.000191117,1,-0.00351012,-0.00153726,-0.0002625,158.949
0,7879968,5,phononTS,0.00153934,-0.00239017,-0.00041606,-0.0002625,888.098,0.000382,1,-0.00200432,3.53529e-06,0.0002625,1847.1
0,7879989,11,phononTS,0.000503286,-0.00299638,-0.0009989,0.000262498,965.712,0.000503286,1,-0.0048353,-0.00180787,-0.0002625,1711.57
0,7884374,18,phononTF,0.000416686,-0.00300278,-0.0010031,0.000262498,831.663,0.000416686,1,-0.00298159,-0.00102427,-0.0002625,988.756
0,7886581,7,phononTF,0.000873968,0.00194527,0.00170111,-0.0002625,16156.8,0.000382,1,0.000999535,0.000997724,0.0002625,18277.7
0,7886581,8,phononTS,0.000408115,0.000999535,0.000997724,0.000262498,18277.7,0.000408115,1,0.00101947,0.00108065,-0.0002625,18437.7
0,7889671,8,phononTF,0.000609693,0.00322696,0.00120287,-0.000262498,6207.23,0.000382,1,0.00300166,0.00099921,0.0002625,6392.31
0,7893301,8,phononTS,0.0014181,-0.00304099,-0.000896943,-0.0002625,4805.31,0.000764,1,-0.00299637,-0.00100353,0.0002625,6068.66
0,7904393,3,phononTS,0.00285135,-0.00108986,0.0030167,-0.0002625,45.2525,0.001146,1,-0.00100241,0.00299757,0.0002625,2709.4
0,7904393,6,phononTF,0.000454193,-0.00100241,0.00299757,0.000262498,2709.4,0.000454193,1,-0.000962801,0.00295941,-0.0002625,2867.18
0,7906271,10,phononTS,0.000563554,-0.00104807,0.00101891,-0.000262498,23335.1,0.000382,1,-0.0010006,0.000995291,0.0002625,23497.8
0,7907080,4,phononTS,0.00115734,-0.00120978,-0.005,-0.0002543,12.4068,0.000382,1,0.00099815,-0.00300028,0.0002625,3929.61
0,7909709,22,phononTS,0.000601127,-0.00193904,-5.16456e-05,-0.000262499,3020.6,0.000382,1,-0.00199572,1.8872e-06,0.0002625,3177.17
0,7909775,12,phononTS,0.000642469,-4.7256e-05,0.005,0.000136973,6927.87,0.000642469,1,-0.000322951,0.00399883,-0.0002625,8371.69
0,7909775,2,phononTF,0.00157695,-0.00350948,-0.00155892,0.000262498,5.56177,0.000490115,1,-0.0037422,-0.00178472,-0.0002625,189.887
0,7909900,15,phononTS,0.00100735,0.00200263,-4.04244e-06,0.000262498,6057.88,0.000398534,1,0.00166002,-8.92223e-05,-0.0002625,6287.5
0,7912231,8,phononTS,0.00146906,-0.00234663,-1.39771e-07,-0.000262498,3914.68,0.000382,1,-0.00200364,-6.29748e-07,0.0002625,4151.29
0,7920784,7,phononL,0.000406613,-0.00172787,-0.00183067,-0.000262498,1286.48,0.000382,1,-0.00200327,-0.00199988,0.0002625,1406.19
0,7938826,3,phononTF,0.000779885,0.00099823,-0.00299953,0.0002625,8.13152,0.000779885,1,0.00067824,-0.00332009,-0.0002625,2521.41
0,7941735,20,phononTS,0.000456778,0.000965446,0.00106709,-0.0002625,10242.4,0.000382,1,0.000997882,0.00100375,0.0002625,11188
0,7948450,6,phononTF,0.00152244,-0.00317014,-0.00113685,-0.0002625,247.42,0.000764,1,-0.00299622,-0.000997373,0.0002625,757.291
0,7954486,6,phononTS,0.000969642,-0.00200477,-0.00200209,0.000262498,3567.85,0.000570425,1,-0.00191012,-0.00208522,-0.0002625,3745.23
0,7959121,6,phononTF,0.00165598,-0.00120059,-0.00118991,-0.000262498,6100.13,0.000764,1,-0.000995054,-0.00100031,0.0002625,6278.81
0,7964161,9,phononTS,0.000403768,-1.63871e-06,2.00062e-06,0.0002625,1071.81,0.000403768,1,5.0927e-05,1.45568e-05,-0.0002625,9105.55
0,7964265,22,phononTS,0.00226289,0.00123554,0.000630546,-0.000221925,2400.2,0.00106514,1,0.00141408,0.000470396,-0.0002625,3089.86
0,7966221,9,phononTS,0.00115245,0.00300041,0.000995974,0.000262498,4927.62,0.000539479,1,0.00307038,0.00103993,-0.0002625,5096.97
0,7978683,7,phononTF,0.000417793,0.00100402,-0.00100033,0.0002625,2787.39,0.000417793,1,0.00127214,-0.0012248,-0.0002625,3163.47
0,7983344,10,phononTS,0.000449834,-0.00250128,-0.00138268,-0.0002625,2875.86,0.000382,1,0.000995905,-0.00300007,0.0002625,5967.31
0,7990226,5,phononL,0.000393896,-0.00264364,-0.00214495,-0.0002625,721.063,0.000382,1,-0.00200452,-0.00199899,0.0002625,1186.76
0,7994860,3,phononTF,0.00289945,-0.0031318,-0.00114241,-0.0002625,8.25153,0.000382,1,-0.00300091,-0.000999394,0.0002625,676.782
0,7994860,4,phononL,0.00213276,-0.00300091,-0.000999394,0.000262498,676.782,0.000851543,1,-0.00246545,-0.00105604,-0.0002625,815.984
0,7995147,6,phononTF,0.000530507,-0.00321285,-0.00117321,-0.000262498,327.826,0.000382,1,-0.0029952,-0.00099981,0.0002625,504.563
0,7999399,8,phononTS,0.000455349,-0.00196545,-0.00200575,-0.0002625,2737.71,0.000382,1,-0.00200206,-0.00200018,0.0002625,3248.66
0,8002089,8,phononL,0.000753126,0.00310503,0.00387939,-0.0002625,5733.46,0.000382,1,-2.74605e-06,0.00199605,0.0002625,8377.93
0,8005591,7,phononTS,0.0011072,-0.00303281,-0.00115861,-0.000262498,257.295,0.000382,1,-0.0030003,-0.00100143,0.0002625,450.346
0,8014637,5,phononTS,0.000720549,-0.00218211,-0.00207496,-0.000262498,439.731,0.000382,1,-0.00199563,-0.00200081,0.0002625,635.211
0,8014637,3,phononTF,0.000490272,-0.00358172,-0.00150883,0.000262498,31.1839,0.000490272,1,-0.00318049,-0.00117704,-0.0002625,250.529
0,8015100,3,phononTS,0.000639117,-0.00212928,-0.0019675,-0.0002625,18.7426,0.000382,1,-0.00200385,-0.00200438,0.0002625,2258.17
0,8016281,4,phononTF,0.00142119,-0.00286019,-0.001312,-0.0002625,9.32032,0.000764,1,-0.0029956,-0.0010004,0.0002625,769.2
0,8019673,17,phononL,0.000735648,-0.00142128,0.00108785,-0.0002625,3966.55,0.000382,1,-0.00100076,0.000999046,0.0002625,4350.29
0,8026522,7,phononTS,0.001214,-0.00200768,-7.50887e-05,-0.0002625,1745.24,0.000382,1,-0.00199618,2.84573e-06,0.0002625,3096.28
0,8027187,17,phononTF,0.000582457,-0.00300102,-0.000930518,-0.0002625,2841.31,0.000382,1,-0.00300412,-0.000996066,0.0002625,4505.26
0,8027877,7,phononTS,0.000635086,-0.000370854,3.23083e-05,-0.0002625,3458.88,0.000382,1,4.57077e-07,-3.60268e-06,0.0002625,5475.11
0,8030504,6,phononTS,0.000677661,-0.0034504,-0.00409108,-0.000262498,2150.72,0.000382,1,-0.0020022,-0.00200456,0.0002625,3069.42
0,8031442,6,phononTS,0.000578822,-0.00196356,0.00161131,-0.0002625,2273.34,0.000382,1,-0.00200019,0.00199719,0.0002625,3490.6
0,8035170,5,phononTS,0.000606744,-0.00198593,-0.00195104,-0.000262498,818.812,0.000382,1,-0.0019971,-0.00200128,0.0002625,985.624
0,8036885,8,phononTS,0.000643923,0.00395861,0.00410019,-0.0002625,10329.4,0.000382,1,0.00200065,0.00199565,0.0002625,11680.8
0,8036885,2,phononTS,0.00144532,-0.00352585,-0.00157238,0.000262498,46.7929,0.000738481,1,-0.00351831,-0.00153104,-0.0002625,224.398
0,8060988,13,phononTS,0.000602514,0.00200157,0.00199879,0.000262498,16403.1,0.000468073,1,0.00304787,0.00197601,-0.0002625,16829.1
0,8062197,8,phononTS,0.00115646,-0.00195937,-0.00190769,-0.000262498,3025.09,0.000382,1,-0.00200151,-0.00199845,0.0002625,3182.25
0,8067565,4,phononTF,0.00081814,-0.00278583,-0.000731863,-0.000262498,675.213,0.000382,1,-0.00300172,-0.000999957,0.0002625,861.772
0,8069511,4,phononTF,0.00237755,-0.00199794,-1.29823e-06,0.000262498,2327.97,0.000798608,1,0.0017713,0.00132148,-0.0002625,3592.18
0,8072328,18,phononTS,0.000493451,-0.00286959,-0.000221182,-0.0002625,939.272,0.000382,1,-0.00299609,-0.00100233,0.0002625,2205.89
0,8073245,23,phononTS,0.00063063,-0.000996993,0.0010027,0.0002625,3767.17,0.00063063,1,-0.000979817,0.000803718,-0.0002625,4173.06
0,8075783,13,phononTS,0.000598922,-0.00208121,-0.00185387,-0.0002625,4458.96,0.000382,1,-0.00200013,-0.0020048,0.0002625,5390.32
0,8088000,4,phononTS,0.00110513,-0.00235401,-0.00218717,-0.0002625,2303.46,0.000382,1,-0.00200417,-0.00200053,0.0002625,3098.45
0,8089728,19,phononTS,0.000983509,0.000539294,0.00208628,-0.0002625,4998.25,0.000382,1,3.5483e-06,0.00200082,0.0002625,7338.75
0,8090377,5,phononTS,0.00102576,-0.00131127,0.000972487,-0.000262498,1396.02,0.000382,1,-0.000997686,0.00100194,0.0002625,1622.9
0,8090478,8,phononTS,0.000970967,0.00371279,0.00139231,-0.0002625,631.772,0.000382,1,0.00299649,0.00100087,0.0002625,6733.81
0,8090478,11,phononTS,0.000432333,0.00299649,0.00100087,0.000262498,6733.81,0.000432333,1,0.00302238,0.00193968,-0.0002625,7128.03
0,8093238,11,phononTS,0.000700858,-0.000996994,-0.00100212,0.000262498,6600.24,0.000160979,1,-0.0015852,-0.00223544,-0.0002625,7152.07
0,8093360,27,phononTF,0.000506684,0.005,0.00104306,-8.4737e-05,9394.74,0.000382,1,0.00100434,0.000999568,0.0002625,18075.2
0,8095298,2,phononL,0.00238104,-0.00331092,-0.00153302,-0.0002625,5.85597,0.000382,1,-0.00299599,-0.00100147,0.0002625,272.022
0,8095521,5,phononTF,0.00185405,-0.00311853,-0.00114286,-0.0002625,30.6953,0.000382,1,-0.00300136,-0.00100202,0.0002625,694.752
0,8096543,8,phononTS,0.000541247,-0.00300454,-0.00100087,0.0002625,2048.57,0.000541247,1,-0.00327058,-0.002076,-0.0002625,2957.86
0,8097395,14,phononTS,0.000483033,-0.00199852,-1.3039e-06,0.000262498,1811.1,0.000483033,1,-0.00296238,-0.000262705,-0.0002625,2237.58
0,8101257,5,phononTS,0.000628393,0.000172461,0.00271901,-0.0002625,985.89,0.000382,1,-4.28372e-07,0.00200056,0.0002625,7674.29
0,8106115,9,phononTS,0.000564404,0.00206676,-0.00191022,-0.000262498,4481.57,0.000382,1,0.00199639,-0.00200056,0.0002625,4636.12
0,8110521,5,phononTF,0.00116012,-0.00373413,-0.000349367,-0.000262498,3100.94,0.000382,1,-0.00300151,-0.0010037,0.0002625,3432.53
0,8110521,6,phononTF,0.0005816,-0.00300151,-0.0010037,0.000262498,3432.53,0.0005816,1,-0.00283216,-0.000817781,-0.0002625,3606.33
0,8111132,10,phononTF,0.000512805,-0.005,-0.00243182,4.12081e-05,1580.97,0.000382,1,-0.00199934,-0.00199989,0.0002625,2693.79
0,8111132,2,phononTF,0.00312794,-0.00360339,-0.00164858,-0.000203183,30.4439,0.00073297,1,-0.00349522,-0.00153409,-0.0002625,217.653
0,8114969,10,phononTF,0.000475763,-0.0044895,-0.00244149,-0.000262498,5337.24,0.000382,1,-0.00299851,-0.00100047,0.0002625,5976.65
0,8117886,5,phononTS,0.00111343,-0.000944084,0.000983107,-0.0002625,165.416,0.000382,1,-0.000999236,0.00100137,0.0002625,1966.95
0,8117886,12,phononTF,0.000672509,-0.000999236,0.00100137,0.000262498,1966.95,0.000672509,1,-0.00221241,-0.00016504,-0.0002625,2493.32
0,8118463,5,phononTF,0.00110194,0.000345842,0.00161412,-0.0002625,3289.38,0.000382,1,0.000998587,0.00100096,0.0002625,4218.74
0,8124660,10,phononTF,0.000672781,-0.000859104,-0.000878701,-0.0002625,3452.37,0.000382,1,-0.000998916,-0.000999672,0.0002625,6640.09
0,8126141,6,phononTF,0.00130958,-0.00247895,-0.00138727,-0.0002625,205.664,0.000764,1,0.00100059,-0.00300199,0.0002625,2795
0,8126141,4,phononTF,0.00251776,-0.00351891,-0.00154882,0.000262498,8.76019,0.000903268,1,-0.00342097,-0.00165996,-0.0002625,171.652
0,8126341,11,phononTS,0.000478616,-0.000954837,-0.00170606,-0.000262498,10398.1,0.000382,1,-0.00100228,-0.000998776,0.0002625,10733
0,8126341,2,phononTS,0.00135662,-0.00350744,-0.00154931,0.000262498,14.6903,0.000247185,1,-0.00346064,-0.00231177,-0.0002625,362.476
0,8126341,13,phononTF,0.000568449,-0.00346064,-0.00231177,-0.000262498,362.476,0.000568449,1,-0.005,-0.00118896,0.000211227,967.15
0,8132403,21,phononTS,0.000579634,-0.00044527,-0.000920605,-0.0002625,12480.3,0.000382,1,-0.000995609,-0.00100093,0.0002625,14625.2
0,8135117,5,phononTS,0.000661169,-0.00299951,-0.0010012,0.0002625,236.251,0.000127243,1,-0.00284134,-0.00108396,-0.0002625,1064.49
0,8156159,8,phononTS,0.000609794,-0.00299969,-0.00100455,0.0002625,362.652,0.000609794,1,-0.00299129,-0.000195163,-0.0002625,1092.2
0,8157076,5,phononTS,0.000810893,-0.00304563,-0.000752052,-0.000262498,1196.67,0.000382,1,-0.00300392,-0.00100463,0.0002625,1417.63
0,8157793,2,phononTF,0.0027154,-0.00309136,-0.00112155,-0.0002625,357.983,0.000764,1,-0.00299502,-0.00100242,0.0002625,1070.76
0,8157793,8,phononTS,0.000595346,-2.33661e-05,-0.005,-0.000251117,1272.7,0.000595346,1,2.30298e-05,-0.00493984,-0.0002625,2861.55
0,8160190,9,phononL,0.000892226,0.00148774,0.00157449,-0.0002625,8885.07,0.000382,1,0.000997272,0.00100253,0.0002625,9414.05
0,8169166,7,phononTS,0.000639115,-0.00306749,-0.00091395,-0.000262498,773.998,0.000382,1,-0.00299917,-0.00100373,0.0002625,928.731
0,8174811,8,phononTS,0.000402671,7.71975e-05,0.00191509,-0.0002625,10585,0.000382,1,-1.24196e-06,0.001999,0.0002625,11664.6
0,8174873,10,phononTF,0.00090014,3.41082e-06,-4.61192e-06,0.000262498,4548.29,0.00041741,1,8.49884e-05,-9.11728e-05,-0.0002625,4709.09
0,8182097,2,phononTS,0.00113702,-0.00275378,-0.00174871,-0.0002625,70.5519,0.000382,1,-0.0020022,-0.00199663,0.0002625,768.17
0,8182097,10,phononTS,0.00068282,-0.0020022,-0.00199663,0.000262498,768.17,0.00068282,1,-0.00266892,-0.00193129,-0.0002625,1082.73
0,8182694,5,phononTS,0.000551117,-0.00194365,8.27196e-05,-0.000262498,1012.98,0.000382,1,-0.00199872,-2.86803e-06,0.0002625,1169.01
0,8183341,11,phononTS,0.000581369,-0.00300077,-0.00100472,0.000262498,1376.23,0.000581369,1,0.000770455,0.00101103,-0.0002625,2863.73
0,8184005,25,phononTF,0.000384513,-0.00278755,-0.000780182,-0.0002625,9417.1,0.000382,1,-0.00299766,-0.000999801,0.0002625,15587.4
0,8185020,5,phononTS,0.000953211,-0.00403472,-0.00150418,-0.0002625,1057.62,0.000382,1,-0.00300195,-0.000995319,0.0002625,2310.81
0,8186417,11,phononTF,0.000530904,-0.00209544,-9.27143e-05,-0.0002625,4789.79,0.000382,1,-0.00199776,-4.38967e-06,0.0002625,5275.52
0,8187450,8,phononTS,0.00151702,-0.00306546,-0.00105749,-0.0002625,115.688,0.000382,1,-0.00299506,-0.00099579,0.0002625,1368.98
0,8191484,16,phononTS,0.000917792,0.00057331,-0.00105535,-0.0002625,10702,0.000382,1,0.000998856,-0.00100351,0.0002625,14147.6
0,8192242,4,phononTF,0.00273314,-0.00210091,-0.000113308,-0.0002625,21.8438,0.000764,1,-0.00200482,3.06176e-06,0.0002625,994.233
0,8194270,9,phononTS,0.000835966,-0.00292845,-0.00107484,-0.000262498,1875.84,0.000382,1,-0.00300468,-0.000999443,0.0002625,2030.43
0,8201580,10,phononTF,0.000552317,-0.00198331,0.00199671,-0.0002625,4138.06,0.000382,1,-0.0019961,0.0019974,0.0002625,5275.41
0,8203144,19,phononTS,0.000466931,-0.00100398,-0.00100498,0.0002625,4027.8,0.000466931,1,-0.00130919,-0.00107529,-0.0002625,4470.43
0,8203438,6,phononTF,0.000575148,-0.00242721,-0.000416374,-0.0002625,1375.04,0.000382,1,-0.00200494,-3.99958e-06,0.0002625,4224.34
0,8210604,8,phononTF,0.000500247,0.00210745,-9.65981e-05,-0.0002625,5731.51,0.000382,1,0.00199709,-2.43607e-06,0.0002625,7535.63
0,8212029,5,phononTF,0.000827996,-0.00172587,0.000298856,-0.0002625,387.415,0.000382,1,-0.00200158,2.37694e-06,0.0002625,3281.8
0,8212029,3,phononTS,0.00087606,-0.00351083,-0.00154819,0.000262498,22.4881,0.000865598,1,-0.00343949,-0.00145918,-0.0002625,177.014
0,8216065,7,phononTS,0.000941751,-0.00305609,-0.00109395,-0.000262498,940.937,0.000382,1,-0.00300135,-0.00100467,0.0002625,1096.92
0,8216929,11,phononTF,0.000424061,0.00200976,1.26642e-05,-0.000262498,3473.66,0.000382,1,0.00199606,-4.34661e-06,0.0002625,3630.67
0,8232058,8,phononTS,0.00139784,-0.00200147,-0.00200192,0.0002625,2754.77,0.00096469,1,0.000446195,0.000901066,-0.0002625,5299.88
0,8233571,5,phononTS,0.000681428,-0.005,-0.00156368,-2.01034e-05,491.251,0.000382,1,-0.00200337,-0.00200273,0.0002625,2590.37
0,8236451,9,phononTS,0.00169126,-0.0018886,0.0007047,-0.0002625,1127.1,0.000764,1,-0.0010044,0.00100152,0.0002625,2821.31
0,8237458,11,phononTS,0.000602015,0.000921393,-0.00291074,-0.000262498,13939.2,0.000382,1,0.00100176,-0.00299909,0.0002625,14093.2
0,8243592,7,phononTF,0.000560833,-0.00182548,0.00221169,-0.0002625,3548.3,0.000382,1,-0.00200378,0.0019991,0.0002625,4438.11
0,8248013,2,phononTF,0.00580988,-0.00310099,-0.000918283,-6.19612e-06,66.8207,0.001528,1,-0.00300118,-0.00100488,0.0002625,1688.68
0,8251386,7,phononTS,0.000482117,-0.00228223,-0.00196459,-0.000262498,2376.72,0.000382,1,-0.00199598,-0.00200447,0.0002625,2596.42
0,8255929,20,phononTS,0.000608452,-0.005,-0.00237543,0.000213077,3097.78,0.000382,1,-0.00199815,0.00200112,0.0002625,5380.51
0,8262360,6,phononTS,0.00168124,0.00200797,6.44315e-05,-0.0002625,4761.68,0.000382,1,0.00200101,9.54883e-07,0.0002625,7297.32
0,8262360,7,phononTF,0.000672529,0.00200101,9.54883e-07,0.000262498,7297.32,0.000672529,1,0.00230417,-0.000309003,-0.0002625,7500.71
0,8263408,7,phononTS,0.000704969,0.000809543,0.00109052,-0.000262498,5508.09,0.000382,1,0.00199925,0.00200088,0.0002625,6056.35
0,8264259,18,phononTS,0.000762559,0.00109466,-0.000951158,-0.0002625,2764.24,0.000382,1,0.00300337,0.00100113,0.0002625,7296.81
0,8270654,6,phononTS,0.000480134,0.000861173,-0.00294186,-0.0002625,2102.82,0.000382,1,0.00100164,-0.00300239,0.0002625,2664.87
0,8270654,2,phononTS,0.000585542,-0.00352511,-0.00155751,0.000262498,2.97309,0.000585542,1,-0.00343361,-0.00149201,-0.0002625,157.871
0,8271072,3,phononTS,0.0025591,-0.00196292,0.0019911,0.000251993,1.82598,0.001146,1,-0.00199797,0.00200084,0.0002625,2555.83
0,8271072,2,phononTS,0.00106521,-0.003524,-0.00156032,0.000262498,1.82598,0.000106557,1,-0.00247246,0.00105371,-0.0002625,1013.34
0,8271491,14,phononTF,0.000465383,0.000998252,0.00100473,0.000262498,6961.14,0.000465383,1,0.000499768,0.000585736,-0.0002625,7209.22
0,8272677,17,phononTF,0.00049372,-0.00144246,0.0025942,-0.000262498,15308.3,0.000382,1,-0.00099719,0.00300032,0.0002625,15546.7
0,8273924,9,phononTF,0.000505462,-0.00301017,-0.000992403,-0.000262498,279.893,0.000382,1,-0.00300439,-0.000998663,0.0002625,436.754
0,8274878,7,phononTF,0.00083572,-0.00236564,3.36041e-05,-0.0002625,13676.7,0.000382,1,-0.00200379,-3.44758e-07,0.0002625,15182.9
0,8274878,4,phononTF,0.00214885,-0.000444733,0.00100833,-0.000118689,55.3821,0.000871121,1,-0.000407889,0.000990043,-0.0002625,1483.66
0,8277015,10,phononTS,0.00053228,-0.00349715,-0.00156379,-0.000262498,753.524,0.000382,1,-0.0019998,-0.00200257,0.0002625,1358.03
0,8277015,5,phononTS,0.000601258,-0.005,-0.00194323,1.91524e-05,343.975,0.000601258,1,-0.00252562,-0.00380421,-0.0002625,1835.13
0,8287108,5,phononTF,0.00283446,-0.00312864,-0.00113819,-0.0002625,1.31603,0.000382,1,-0.0029981,-0.000998044,0.0002625,675.388
0,8287108,7,phononTS,0.000563312,-0.0029981,-0.000998044,0.000262498,675.388,0.000563312,1,-0.00307011,-0.00101862,-0.0002625,841.644
0,8287108,6,phononTS,0.00151918,-0.0029981,-0.000998044,0.000262498,675.388,0.000220109,1,-0.003425,-0.00100796,-0.0002625,933.212
0,8287576,7,phononTS,0.00164006,-0.00292273,-0.00118064,-0.000262499,1472.18,0.000382,1,-0.00299727,-0.000996936,0.0002625,1667.07
0,8292504,30,phononTF,0.000921451,0.00211778,-0.00164536,-0.0002625,4083.48,0.000382,1,0.00200384,-0.00199766,0.0002625,9616.11
0,8293720,11,phononTF,0.000433184,-0.00155933,-0.000704043,-0.000262498,3528.25,0.000382,1,2.49347e-06,0.00200294,0.0002625,4509.02
0,8302080,13,phononTS,0.000569845,-0.00212881,-0.000958483,-0.0002625,2757.05,0.000382,1,-0.0019981,-1.72336e-07,0.0002625,4863.6
0,8302080,3,phononTS,0.000818056,-0.00350843,-0.00157285,0.000262498,12.9588,0.0005762,1,-0.00357758,-0.00176095,-0.0002625,209.103
0,8305821,23,phononTS,0.0019424,-0.0019382,-7.13187e-05,-0.0002625,3653.3,0.000764,1,-0.00200245,2.58834e-06,0.0002625,6724.92
0,8311688,11,phononTS,0.000500497,0.0014942,0.00126122,-0.000262498,13892.7,0.000382,1,-1.78301e-06,-2.93043e-06,0.0002625,14578.7
0,8312804,7,phononTS,0.00127511,-0.00300231,-0.00100395,0.000262498,707.662,0.00127511,1,-0.00284994,-0.000985698,-0.0002625,905.441
0,8321909,19,phononTS,0.0005453,0.000942555,-0.00290812,-0.000262498,9757.61,0.000382,1,0.000999969,-0.00299587,0.0002625,9913.36
0,8321909,2,phononTS,0.000867065,-0.00355346,-0.00153108,0.000262498,58.4153,0.000867065,1,-0.00220075,-0.00200741,-0.0002625,626.411
0,8323340,21,phononTF,0.000610316,0.00177927,-0.00218015,-0.000262498,14384.9,0.000382,1,0.00199879,-0.00200499,0.0002625,14562
0,8325424,6,phononTS,0.00189773,0.000960271,-0.00289161,-0.0002625,2080.01,0.000764,1,0.00100022,-0.00299729,0.0002625,4788.01
0,8328932,4,phononTS,0.00190918,-0.00305719,-0.000979749,-0.0002625,16.0072,0.000764,1,-0.00299521,-0.0010041,0.0002625,1984.78
0,8330907,2,phononTF,0.00100934,-0.00276469,-0.000781683,-0.0002625,14.2593,0.000382,1,-0.00200085,4.69265e-06,0.0002625,744.955
0,8330908,3,phononTS,0.00380178,-0.00463945,-0.000405667,-0.000249297,38.2109,0.00188902,1,-0.00466215,-0.00040593,-0.0002625,1352.28
0,8331074,10,phononTS,0.000656446,-0.00209869,2.10902e-05,-0.000262498,4746,0.000382,1,-0.00199723,4.6391e-06,0.0002625,4930.44
0,8333902,10,phononTF,0.000687425,-0.00187595,-0.00205858,-0.0002625,4730.01,0.000382,1,-0.00200315,-0.00200049,0.0002625,5848.47
0,8349531,13,phononTS,0.000388468,0.00207841,-0.00246821,-0.000262498,13061.6,0.000382,1,0.00199887,-0.00200327,0.0002625,13336.7
0,8350886,15,phononTF,0.000634078,-0.00199566,-0.00200341,0.0002625,3204.69,0.000634078,1,-0.00175749,-0.00190809,-0.0002625,4899.98
0,8356987,6,phononTS,0.000594361,-0.00300006,-0.00100302,0.000262498,1592.32,0.000178938,1,-0.00358773,-0.000943962,-0.0002625,1878.75
0,8368584,9,phononL,0.000867869,-0.0033652,-0.00124177,-0.0002625,696.417,0.000382,1,-0.00299842,-0.000995612,0.0002625,1346.14
0,8373046,7,phononTS,0.00103459,0.00100342,0.00100418,0.000262498,7092.01,0.000626172,1,0.000929938,0.000914391,-0.0002625,7246.35
0,8374244,6,phononTF,0.000633232,-0.0002923,-0.00231627,-0.000262498,3228.43,0.000382,1,2.56585e-06,-0.00199576,0.0002625,3438.06
0,8376161,3,phononTF,0.000646697,-0.0032394,-0.0012789,-0.0002625,26.9818,0.000382,1,-0.00299772,-0.00100073,0.0002625,409.284
0,8376161,2,phononTS,0.000637625,-0.00348107,-0.00155707,0.000262498,26.9818,0.000468393,1,-0.00353355,-0.00150847,-0.0002625,200.012
0,8380177,5,phononTS,0.00134333,-0.00291623,-0.0011566,-0.0002625,701.66,0.000382,1,-0.00299887,-0.000999822,0.0002625,3801.38
0,8383848,2,phononTS,0.000530361,-0.00307748,-0.00108534,-0.0002625,19.4483,0.000382,1,-0.00299647,-0.000998175,0.0002625,943.273
0,8385006,7,phononTS,0.000917214,0.00195315,4.60206e-05,-0.000262498,2150.55,0.000764,1,0.00200067,-2.45868e-06,0.0002625,2310.54
0,8389886,11,phononTS,0.000446626,0.000876078,-0.00107308,-0.0002625,522.938,0.000382,1,0.000996458,-0.000998859,0.0002625,3004.89
0,8391215,4,phononTS,0.000723555,-0.00300014,-0.000995428,0.000262498,409.094,0.000723555,1,-0.00298604,-0.000989452,-0.0002625,570.903
0,8391215,2,phononTF,0.00268606,-0.00348053,-0.00155803,0.000262498,26.5666,0.000945858,1,-0.00358078,-0.0014294,-0.0002625,190.453
0,8395381,3,phononTS,0.00103884,-0.00163399,-0.00112678,-0.0002625,21.636,0.000382,1,-0.00100183,-0.000995127,0.0002625,1202.57
0,8397126,6,phononTS,0.000560396,-0.00224467,-0.00216658,-0.000262498,3137.03,0.000382,1,-0.00299992,-0.000996092,0.0002625,3666.01
0,8397679,6,phononTF,0.00126559,-0.000612983,0.00131828,-0.0002625,1079.48,0.000382,1,-3.52433e-06,0.00200449,0.0002625,2023.71
0,8397679,7,phononTF,0.00057687,-3.52433e-06,0.00200449,0.000262498,2023.71,0.00057687,1,0.00123206,0.000699626,-0.0002625,2582.74
0,8413771,7,phononTS,0.000535013,-0.00314602,-0.00126314,-0.0002625,1933.11,0.000382,1,-0.00300173,-0.000997767,0.0002625,2648.45
0,8423426,22,phononTF,0.000452713,-0.00166239,-0.00173,-0.0002625,159.802,0.000382,1,-0.00099876,-0.000996445,0.0002625,1903.39
0,8429476,13,phononTS,0.000834812,-0.00299868,-0.000996222,0.000262498,470.586,0.000834812,1,-0.00303646,-0.00123141,-0.0002625,679.162
0,8435154,6,phononTS,0.000410632,-0.000308597,-0.005,3.66323e-05,5992.64,0.000382,1,-0.00199644,-0.00199917,0.0002625,7550.36
0,8436074,11,phononTS,0.000410883,0.00205421,-0.00207005,-0.000262498,2555.38,0.000382,1,0.00200132,-0.00200395,0.0002625,2710.79
0,8446792,7,phononTS,0.000651856,-0.00192123,-2.227e-07,-0.000262498,1777.16,0.000382,1,-0.00199551,2.41035e-07,0.0002625,1940.03
0,8447088,8,phononTS,0.000566209,-0.002022,-0.00202674,-0.0002625,416.385,0.000382,1,-0.00200116,-0.00199835,0.0002625,898.925
0,8451292,14,phononTS,0.000998227,-0.00199695,-0.00199788,0.000262499,6947.85,0.000998227,1,-0.0020472,-0.00193978,-0.0002625,7104.33
0,8460055,3,phononTF,0.0026645,-0.00327587,-0.00128517,-0.0002625,18.9537,0.001528,1,-0.00299871,-0.00100039,0.0002625,412.317
0,8463738,4,phononTF,0.00295051,-0.0024064,-0.000377313,-0.0002625,5.35714,0.000764,1,-0.0020005,2.58651e-06,0.0002625,941.042
0,8468519,6,phononL,0.000911655,-0.00138919,0.00174251,-0.0002625,3208.92,0.000382,1,-0.00199504,0.00199549,0.0002625,3883.9
0,8469175,3,phononTS,0.00104031,-0.00304969,-0.000922668,-0.000262498,548.575,0.000764,1,-0.00299791,-0.00099735,0.0002625,703.618
0,8472755,12,phononTS,0.000602407,-0.00303934,-0.00108439,-0.0002625,966,0.000382,1,-0.00299983,-0.00100128,0.0002625,1754.54
0,8476538,3,phononTF,0.00149969,-0.00313141,-0.00114193,-0.0002625,2.03869,0.000764,1,-0.00300262,-0.00100249,0.0002625,668.954
0,8478375,10,phononTS,0.00228856,-0.000312954,-0.00192294,-0.000262498,3446.91,0.000382,1,-4.89207e-06,-0.00200439,0.0002625,3668.57
0,8480070,12,phononL,0.000811701,-0.00344386,-0.00148279,-0.000262498,271.574,0.000382,1,-0.00300209,-0.00100176,0.0002625,430.882
0,8480913,14,phononTS,0.000503754,-0.00279156,-0.00197723,-0.000262498,3170.19,0.000382,1,-0.00199779,-0.00200454,0.0002625,3517.52
0,8488689,15,phononTS,0.000711912,-0.000839852,-0.00107249,-0.000262498,6920.21,0.000382,1,-0.00100273,-0.000995891,0.0002625,7110.66
0,8489418,18,phononTF,0.000444956,0.000403876,-0.00155898,-0.000262498,33104.4,0.000382,1,0.00200311,2.75017e-06,0.0002625,33791.2
0,8489622,5,phononTS,0.000509284,-0.00299815,-0.000998055,0.0002625,1167.97,0.000509284,1,-0.0035267,0.00025161,-0.0002625,2261.79
0,8497599,5,phononTS,0.000968143,-0.00200063,3.58375e-06,0.0002625,1945.48,0.000531646,1,-0.00208723,5.37953e-05,-0.0002625,2302.42
0,8500771,8,phononTS,0.000534249,0.00200998,-0.00112058,-0.0002625,7636.17,0.000382,1,0.00199827,-0.00199738,0.0002625,14581.2
0,8501368,5,phononTF,0.000665867,-0.00335467,-0.00145116,-0.0002625,15.6862,0.000382,1,-0.00199525,0.0020028,0.0002625,1976.26
0,8502278,7,phononTS,0.000389035,-0.000921539,0.000913027,-0.000262498,1578.52,0.000382,1,-0.0010022,0.00100021,0.0002625,1732.5
0,8504523,3,phononL,0.000758427,-0.00277476,-0.00180069,-0.0002625,101.715,0.000382,1,-0.00199703,-0.00199921,0.0002625,458.245
0,8507696,8,phononTF,0.000447733,-0.00100275,-0.00100023,0.000262498,5196.42,0.000447733,1,-0.00125681,-0.00130916,-0.0002625,5401.56
0,8514619,22,phononTS,0.000393678,-0.00296038,-0.00150917,-0.000262498,13727.9,0.000382,1,-0.0020021,5.10201e-07,0.0002625,14385.4
0,8515411,2,phononTF,0.00146752,-0.00313578,-0.00106833,-0.0002625,149.212,0.000382,1,-0.00300288,-0.00100328,0.0002625,2254.69
0,8520993,7,phononL,0.000391892,-0.00300291,-0.00100476,0.000262498,669.98,0.000391892,1,-0.00327857,-0.00115584,-0.0002625,789.072
0,8525439,13,phononTS,0.000944473,3.54207e-06,-0.00199761,0.000262498,2444.55,0.000423571,1,-5.81982e-05,-0.00201803,-0.0002625,2626.93
0,8525553,5,phononTF,0.00133945,-0.00325753,-0.00127263,-0.0002625,2.92973,0.000764,1,-0.00299717,-0.000998794,0.0002625,389.276
0,8529938,14,phononTS,0.000443367,-0.00395754,-0.00270119,-0.0002625,5188.2,0.000443367,1,-0.005,-0.00307557,1.67597e-05,6370.97
0,8531890,14,phononTF,0.00153777,0.00163367,0.000410126,-0.0002625,7202.07,0.000382,1,0.00199846,-1.04204e-06,0.0002625,8334.27
0,8531890,15,phononTF,0.000814419,0.00199846,-1.04204e-06,0.000262498,8334.27,0.000714804,1,0.00217959,0.000220667,-0.0002625,8517.87
0,8532149,10,phononTF,0.000469135,-0.00200057,-3.41813e-06,0.0002625,8004.41,0.000469135,1,-0.00145039,0.000488237,-0.0002625,9631.3
0,8534653,5,phononL,0.00089418,-0.00346903,-0.00109664,-0.0002625,4.6698,0.000382,1,-0.00300335,-0.0010005,0.0002625,267.623
0,8534935,10,phononTS,0.000677131,-0.005,0.000513298,4.12895e-05,1036.82,0.000235178,1,-0.00430219,0.000451084,-0.0002625,2247.46
0,8546174,23,phononL,0.000544684,0.00340719,0.00134006,-0.0002625,14295.3,0.000382,1,0.00300405,0.000999253,0.0002625,14998.7
0,8550048,2,phononTF,0.000906663,-0.000878573,0.00111288,-0.0002625,11.8179,0.000382,1,2.61852e-06,0.0019996,0.0002625,1646.51
0,8552360,13,phononTS,0.000556905,-0.00199702,-8.16463e-07,0.0002625,24288.8,0.000556905,1,-0.0019726,2.67547e-06,-0.0002625,25311.7
0,8552910,2,phononTF,0.00283324,-0.00299556,-0.000996669,0.0002625,24.261,0.000935564,1,-0.00320568,-0.00107195,-0.0002625,927.627
0,8556882,16,phononTS,0.000400224,-0.00153714,0.00170677,-0.000262498,9328.42,0.000382,1,-0.00200387,-5.59342e-07,0.0002625,9998.05
0,8556969,6,phononTS,0.000539322,-0.0010789,-7.14148e-06,-0.000262499,1797.83,0.000382,1,-0.00100394,-0.000996401,0.0002625,2203.74
0,8558618,13,phononTS,0.000466715,1.71448e-06,-4.92371e-06,0.0002625,6962.14,0.000466715,1,1.2779e-05,-0.000785741,-0.0002625,7670.68
0,8560296,24,phononTS,0.000634482,-0.00299623,-0.000999859,0.0002625,1437.46,0.000634482,1,-0.0029636,-0.00108195,-0.0002625,3075.96
0,8562769,9,phononTS,0.000751268,-0.00308648,-0.00105583,-0.000262498,3118.93,0.000382,1,-0.00300096,-0.00100369,0.0002625,3289.06
0,8575749,4,phononTS,0.00050192,-0.00302195,-0.00106017,-0.000262498,1109.42,0.000382,1,-0.00300234,-0.000997202,0.0002625,1269.95
0,8575750,3,phononTS,0.000482005,-0.00309302,-0.00104539,-0.000262498,262.561,0.000382,1,-0.00299704,-0.00100346,0.0002625,453.413
0,8587439,4,phononTS,0.000739635,-0.00278147,-0.00147211,-0.000262498,371.693,0.000382,1,-0.00299591,-0.001003,0.0002625,666.793
0,8587439,2,phononTF,0.00120547,-0.00353595,-0.00153269,0.000262498,10.6924,0.00087942,1,-0.00331494,-0.00129533,-0.0002625,196.4
0,8591473,15,phononTS,0.000584332,-0.000962214,0.00115393,-0.0002625,4767.93,0.000382,1,-0.00100241,0.000995318,0.0002625,5985.5
0,8608751,6,phononTS,0.00195579,-0.00191763,8.09272e-05,-0.0002625,549.626,0.000764,1,-0.00199586,-3.61297e-06,0.0002625,3682.35
0,8611345,4,phononTS,0.000824917,-0.00271541,-0.00144035,-0.000262498,434.412,0.000382,1,-0.00300072,-0.00099548,0.0002625,735.87
0,8612692,12,phononTS,0.00160559,-0.00108049,0.00100048,-0.0002625,8158.54,0.000382,1,-0.000997925,0.000999353,0.0002625,8647.03
0,8615547,8,phononTS,0.000892566,-0.000258617,0.00208729,-0.000262498,5750.95,0.000382,1,-4.4737e-06,0.0019996,0.0002625,5978.44
0,8616517,5,phononTF,0.00177524,-0.00249133,-0.00152194,-0.0002625,577.387,0.000382,1,-0.00200025,-0.00200286,0.0002625,1772.52
0,8617159,11,phononTS,0.00199305,-0.000718343,0.000974542,-0.0002625,5103.69,0.000764,1,-0.000998696,0.00100473,0.0002625,6274.4
0,8619099,4,phononTF,0.0024466,-0.00078707,-0.00126383,-0.0002625,1559.2,0.000764,1,-0.00100494,-0.00100086,0.0002625,3747.19
0,8620998,16,phononTF,0.000425045,-0.0031703,0.00108969,-0.000262498,11917,0.000382,1,-0.00199763,-3.04071e-06,0.0002625,12420
0,8620998,3,phononTS,0.00295189,-0.00350265,-0.00158875,0.000262498,30.8085,0.000136124,1,-0.0035862,-0.00150389,-0.0002625,184.75
0,8621924,16,phononTF,0.000602271,-0.00178823,-0.00224628,-0.000262498,1437.92,0.000382,1,-0.00199917,-0.0019978,0.0002625,1622.01
0,8625982,28,phononTF,0.000814643,0.00331112,0.000643304,-0.0002625,4727.48,0.000382,1,0.00299929,0.000996234,0.0002625,5357.97
0,8627222,13,phononTF,0.00204069,-0.00314629,-0.00118754,-0.0002625,738.737,0.000382,1,-0.00299854,-0.00100191,0.0002625,1081.84
0,8627840,15,phononTF,0.000434298,0.00121708,-0.000693207,-0.0002625,4467.53,0.000382,1,0.000995301,-0.000999063,0.0002625,5818.6
0,8627915,5,phononTF,0.000411539,-0.00163543,0.000281649,-0.0002625,515.035,0.000382,1,-0.00100431,0.000999383,0.0002625,3203.38
0,8627915,2,phononTS,0.00567439,-0.00371007,-0.00183457,0.000255422,192.505,0.0012031,1,-0.00367145,-0.00176907,-0.0002625,885.513
0,8628734,8,phononTS,0.000612647,-0.00294327,-0.00138389,-0.0002625,5503.68,0.000382,1,-0.00299754,-0.00100191,0.0002625,14151
0,8631532,2,phononTS,0.000395112,-0.00226705,-0.00192557,-0.0002625,29.8493,0.000382,1,-0.00200362,-0.00199638,0.0002625,1303.04
0,8631703,3,phononTS,0.00248382,-0.00315706,-0.00108063,-0.0002625,8.97915,0.000382,1,-0.00299585,-0.0010016,0.0002625,1024.3
0,8632912,12,phononTS,0.00221469,-0.00269248,0.00199224,-0.000246723,6083.15,0.000764,1,-0.00200429,0.00200429,0.0002625,11937.8
0,8632912,13,phononTF,0.000675979,-0.00200429,0.00200429,0.000262499,11937.8,0.000675979,1,-0.00206236,0.00196735,-0.0002625,12096.6
0,8634825,16,phononTS,0.00058833,-0.00202733,0.00194797,-0.000262498,6013.81,0.000382,1,-0.00200445,0.0020009,0.0002625,6174.11
0,8644698,10,phononL,0.000616546,0.00311405,0.00145543,-0.0002625,12363.7,0.000382,1,0.00300247,0.00100101,0.0002625,14236.8
0,8646824,10,phononTF,0.00118894,-0.000205362,0.000193811,-0.0002625,3092.47,0.000764,1,4.49095e-06,1.72604e-06,0.0002625,3614.67
0,8654430,3,phononTF,0.00261513,-0.00285929,-0.00122364,-0.000190623,11.6888,0.001528,1,-0.00299752,-0.00100025,0.0002625,827.804
0,8681833,4,phononTF,0.00130137,-0.00315541,-0.00113551,-0.0002625,432.332,0.000382,1,-0.00299917,-0.000999983,0.0002625,1275.93
0,8685620,4,phononTF,0.00234275,-0.00240816,-0.000373641,-0.0002625,70.0865,0.000764,1,-0.00199996,-2.03455e-06,0.0002625,978.846
0,8685620,5,phononTF,0.0010307,-0.00199996,-2.03455e-06,0.000262498,978.846,0.000696714,1,-0.00259206,0.000507092,-0.0002625,1270.88
0,8690601,13,phononTS,0.000749521,0.00124549,9.0096e-05,-0.0002625,4147.64,0.000382,1,0.00200189,-4.38587e-06,0.0002625,5160.7
0,8694878,3,phononTF,0.00152432,-0.00344037,-0.00134767,-0.0002625,91.0986,0.000382,1,-0.00299955,-0.000995156,0.0002625,1746.86
0,8708930,3,phononTF,0.000791494,-0.00313135,-0.00113742,-0.0002625,9.83188,0.000382,1,-0.00300272,-0.000997762,0.0002625,679.042
0,8709446,5,phononTF,0.00070942,-0.0023128,-0.00192936,-0.0002625,157.467,0.000382,1,-0.00200485,-0.00199588,0.0002625,1482.37
0,8710366,3,phononL,0.0010203,-0.00106766,0.000423168,-0.0002625,50.688,0.000764,1,-0.000995214,0.000999517,0.0002625,1812.28
0,8727279,6,phononTF,0.00128494,-0.000202549,0.00187507,-0.000248837,2907.13,0.000382,1,-1.73207e-06,0.00199717,0.0002625,4333.44
0,8727279,9,phononL,0.000847235,-1.73207e-06,0.00199717,0.000262499,4333.44,0.000372214,1,0.000317479,0.00151907,-0.0002625,4480.08
0,8734209,10,phononTS,0.000983896,-0.00103033,-0.0039567,-0.000262498,5188.14,0.000764,1,-0.00200283,-0.00200477,0.0002625,5998.53
0,8734556,2,phononTS,0.000645538,-0.00326125,-0.00126356,-0.0002625,11.1196,0.000382,1,-0.00299541,-0.00100257,0.0002625,529.578
0,8739329,8,phononTF,0.00168856,-0.00375042,-0.00171253,-0.000262498,464.467,0.000382,1,-0.00300045,-0.000995681,0.0002625,813.451
0,8743358,9,phononTS,0.000527995,0.00148386,-0.000796356,-0.000262498,7789.35,0.000382,1,2.82073e-06,-0.00199756,0.0002625,8465.97
0,8744570,8,phononTF,0.000900221,-0.00351268,-0.00148701,-0.000262498,1251.32,0.000382,1,-0.00300469,-0.000996589,0.0002625,1517.11
0,8746681,6,phononTS,0.000542491,0.000164139,-0.00113511,-0.0002625,2211.62,0.000382,1,0.000999291,-0.00099642,0.0002625,3280.41
0,8749246,4,phononTS,0.000500036,-0.00213244,0.00204079,-0.0002625,2152.05,0.000382,1,-0.0019965,0.0019995,0.0002625,2883.91
0,8749246,2,phononL,0.00204003,-0.00348429,-0.00140794,0.000262498,518.504,0.000790747,1,-0.00315591,-0.00149223,-0.0002625,639.094
0,8751717,12,phononTF,0.000556498,0.00287473,0.00125193,-0.0002625,16064.6,0.000382,1,0.0030014,0.000998762,0.0002625,17045.5
0,8755065,4,phononTS,0.000519943,-0.00188433,0.0010623,-0.0002625,1246.5,0.000382,1,-0.000997574,0.000999058,0.0002625,3803.07
0,8756361,15,phononTS,0.00054924,0.00204495,0.00193404,-0.0002625,3158.2,0.000382,1,0.00199825,0.00199937,0.0002625,4972.2
0,8761158,22,phononTS,0.000488098,-0.00217124,-0.000891321,-0.0002625,10005.2,0.000382,1,-0.00200215,-1.56819e-06,0.0002625,11866.7
0,8761183,4,phononTF,0.00239911,-0.00212233,-0.00019656,-0.0002625,16.5684,0.000764,1,-0.000999641,0.00099773,0.0002625,1219.79
0,8762725,11,phononTS,0.000554277,-0.000955699,0.00156845,-0.000262498,1878.65,0.000382,1,-0.00100382,0.000999465,0.0002625,2176.63
0,8765666,11,phononTS,0.000771574,0.00330438,0.00155176,-0.000262498,9662.63,0.000382,1,0.00299616,0.00100465,0.0002625,9991.77
0,8767406,5,phononTS,0.000399535,-0.00105009,-0.0010768,-0.000262498,1143.38,0.000382,1,-0.00100146,-0.00099669,0.0002625,1300.54
0,8769512,5,phononTF,0.000399403,-0.00326346,-0.00128762,-0.0002625,106.031,0.000382,1,-0.00299968,-0.00100297,0.0002625,505.989
0,8774664,7,phononTS,0.000709218,-0.00291717,-0.000924331,-0.000262498,1685.66,0.000382,1,-0.00300361,-0.00099941,0.0002625,1840.08
0,8776909,4,phononTS,0.000624636,-0.00299832,-0.000995876,0.000262498,412.453,0.000554066,1,-0.00308946,-0.000934368,-0.0002625,567.713
0,8783712,6,phononTS,0.000670258,-0.00291822,-0.0010761,-0.000262498,774.363,0.000382,1,-0.00300307,-0.000995339,0.0002625,928.433
0,8787661,18,phononTS,0.000557038,-0.00118981,-4.50601e-05,-0.000262498,15137.3,0.000382,1,-0.000996943,-0.000996849,0.0002625,15555.8
0,8801004,22,phononTS,0.000635981,0.00207865,0.00192121,-0.0002625,16728,0.000382,1,0.00200252,0.00199942,0.0002625,17191.5
0,8804705,15,phononTF,0.000472395,0.000498644,-0.00343542,-0.0002625,3597.12,0.000382,1,0.00100393,0.00100111,0.0002625,11260.2
0,8808306,18,phononTF,0.000580695,0.000843625,-0.00281011,-0.000262498,5008.02,0.000382,1,0.0010023,-0.00300004,0.0002625,5181.03
0,8808894,10,phononTS,0.000660012,0.00127786,-0.00307195,-0.0002625,5934.43,0.000382,1,0.000996729,-0.00299846,0.0002625,7925.53
0,8813162,3,phononTF,0.0014428,-0.00321896,-0.00126469,-0.0002625,90.6704,0.000382,1,-0.00299828,-0.000998913,0.0002625,464.681
0,8813364,6,phononTS,0.000516347,-0.00192659,-0.00100297,-0.000262498,9915.05,0.000382,1,-0.0030001,-0.00100269,0.0002625,10350.8
0,8813364,2,phononTS,0.00167993,-0.00351091,-0.00154906,-0.0002625,290.16,0.00167993,1,-0.005,-0.00431367,0.000109092,1531.62
0,8823343,9,phononTS,0.00202864,0.0012883,-0.000928471,-0.0002625,11556.1,0.000382,1,0.00100056,-0.00100405,0.0002625,13790.2
0,8824950,8,phononTF,0.000437929,-0.00200207,-0.00199629,0.0002625,2421.23,0.000437929,1,-0.00208694,-0.00193031,-0.0002625,2741.1
0,8827161,11,phononTS,0.00132755,-0.00300377,-0.000996568,0.000262498,739.478,0.000502158,1,-0.00341467,-0.00170983,-0.0002625,1126.71
0,8827775,5,phononTS,0.00110396,-0.00252216,-0.00104321,-0.000262498,2490.96,0.000382,1,-0.00299649,-0.0010011,0.0002625,2756.07
0,8832891,3,phononTS,0.00273592,-0.00276724,-0.00177858,-0.0002625,5.42435,0.000382,1,-0.00199993,-0.0019974,0.0002625,747.819
0,8844605,4,phononTF,0.00215112,-0.00200348,-4.77632e-07,0.0002625,228.161,0.000782456,1,-0.00194874,8.58921e-05,-0.0002625,1151.14
0,8854748,2,phononL,0.00304948,-0.00304115,-0.000828596,0.000214512,2.72926,0.001528,1,-0.00299634,-0.00100225,0.0002625,329.317
0,8857362,15,phononTS,0.000479685,-0.00191974,-0.00206747,-0.0002625,1887.22,0.000382,1,-0.0020047,-0.00200246,0.0002625,2611.51
0,8865890,13,phononTS,0.00109156,0.000995349,0.000997055,0.000262498,6589.6,0.000555823,1,0.00100095,0.00117704,-0.0002625,6784.52
0,8874523,17,phononTS,0.000666271,-0.00349226,-0.00091926,-0.000262498,306.032,0.000382,1,-0.00300467,-0.000995175,0.0002625,572.206
0,8874614,3,phononTS,0.00169469,-0.00238592,-0.00189388,-0.0002625,12.7314,0.000382,1,-0.00200113,-0.00199968,0.0002625,1049.17
0,8877439,6,phononTS,0.000575688,-0.00199787,-0.00199818,0.0002625,2038.01,0.000575688,1,-0.00145261,-0.00345864,-0.0002625,3239.14
0,8879532,9,phononTF,0.00165492,-9.9962e-05,-0.00209619,-0.000262498,2089.87,0.000382,1,4.175e-06,-0.00200455,0.0002625,2252.02
0,8881330,7,phononTF,0.000449327,-0.00296795,-0.000950078,-0.000262498,1769.18,0.000382,1,-0.00299618,-0.00100124,0.0002625,1927.48
0,8884479,7,phononTS,0.000767832,-0.00291328,-0.000928129,-0.000262498,1037.66,0.000382,1,-0.00299644,-0.00100064,0.0002625,1192.28
0,8897935,15,phononTS,0.00129342,-0.00312066,-0.00116644,-0.0002625,581.414,0.000382,1,-0.00300431,-0.000996869,0.0002625,1441.96
0,8898855,8,phononTS,0.000623895,0.00100415,-0.00100302,0.0002625,2950.8,0.000623895,1,0.00144731,-0.00144573,-0.0002625,3613.94
0,8898855,5,phononTF,0.00129908,-0.0036897,-0.00158286,0.000262498,649.708,0.00129908,1,-0.00407191,-0.00195167,-0.0002625,875.825
0,8899215,10,phononTS,0.00161959,-0.00307704,-0.00108151,-0.0002625,200.479,0.000764,1,-0.00300286,-0.000995288,0.0002625,1257.8
0,8899226,11,phononTF,0.000860473,-0.00299777,-0.000996601,0.000262498,983.567,0.000642498,1,-0.0031685,-0.00119774,-0.0002625,1158.74
0,8901441,21,phononTS,0.000820114,0.00188016,0.000891564,-0.0002625,4545.57,0.000382,1,0.00199565,-4.3802e-07,0.0002625,6863.64
0,8911415,6,phononTS,0.000544705,-0.00315871,-0.000936196,-0.000262498,1170.21,0.000382,1,-0.0029989,-0.000997491,0.0002625,1361.25
0,8925250,5,phononTS,0.000602161,-0.00207197,-0.00194671,-0.0002625,4629.89,0.000382,1,-0.00199837,-0.00200054,0.0002625,5099.31
0,8929749,13,phononTS,0.000463943,-0.00352749,-0.0010683,-0.000262498,430.16,0.000382,1,-0.00300261,-0.000997435,0.0002625,706.331
0,8942286,7,phononTS,0.00140355,0.00341679,0.000974192,-0.000262498,5017.7,0.000382,1,0.00299554,0.00100193,0.0002625,5270.61
0,8953790,4,phononTS,0.00168649,-0.005,-0.00104488,-0.000208896,205.93,0.000382,1,-0.00100312,0.00100364,0.0002625,2841.87
0,8955948,28,phononTS,0.000747724,-0.0010271,-3.35943e-05,-0.0002625,6955.67,0.000382,1,-0.00199932,2.37011e-06,0.0002625,12460.1
0,8960158,13,phononTS,0.00053931,-0.00207178,0.00191585,-0.0002625,2017.46,0.000382,1,-0.00199722,0.00200047,0.0002625,2538.99
0,8960158,2,phononTS,0.00376103,-0.00353554,-0.00153347,0.000191472,24.4462,0.000881061,1,-0.00347694,-0.00151684,-0.0002625,168.33
0,8962974,17,phononL,0.000623022,0.000373076,0.00238264,-0.0002625,1696.05,0.000382,1,4.99823e-06,0.00200128,0.0002625,4578.98
0,8965142,24,phononTS,0.000735518,0.00178768,0.000307053,-0.000262498,3406.22,0.000382,1,0.00100066,0.000998678,0.0002625,3865.31
0,8965987,4,phononTS,0.00291521,-0.00192499,4.69517e-06,-0.0002625,36.1137,0.000764,1,-0.00200065,-3.23927e-07,0.0002625,1559.24
0,8966863,7,phononTF,0.00059417,-0.00220361,-0.000243848,-0.0002625,9831,0.000382,1,-0.00199577,-3.60938e-06,0.0002625,10745.7
0,8966998,5,phononTS,0.00194978,0.0010341,0.00133168,-0.0002625,5376.56,0.000764,1,4.82146e-06,0.00199556,0.0002625,6100.13
0,8969040,4,phononTF,0.00127978,-0.00323051,-0.00127934,-0.0002625,52.6438,0.000382,1,-0.00300153,-0.000997547,0.0002625,431.997
0,8972892,5,phononL,0.000982249,-0.00388708,-0.00113103,-0.0002625,2301.63,0.000382,1,-0.00299636,-0.00100366,0.0002625,2836.59
0,8973814,26,phononTF,0.000401711,0.00228568,-6.13678e-05,-0.000262498,5143.48,0.000382,1,0.00199556,-3.18965e-06,0.0002625,5339.98
0,8974686,6,phononTS,0.000731148,-0.00207721,-9.05334e-05,-0.000262498,1014.26,0.000382,1,-0.00199865,-1.38945e-06,0.0002625,1168.28
0,8985301,9,phononTF,0.000720523,-0.00302504,-0.00129326,-0.0002625,1043.27,0.000382,1,-0.00300103,-0.000999009,0.0002625,2391.91
0,8994289,3,phononTS,0.000386137,-0.000582101,-0.00193186,-0.0002625,65.6719,0.000382,1,-1.01477e-06,-0.00200272,0.0002625,1887.31
0,8994289,2,phononTF,0.00115794,-0.00348753,-0.00157755,0.000262498,65.6719,0.000444878,1,-0.00327876,-0.00134711,-0.0002625,247.785
0,8994483,12,phononL,0.000601116,-0.000759146,-0.000242619,-0.0002625,4066.33,0.000382,1,-0.000996792,-0.00100262,0.0002625,5631.46
0,8996326,23,phononTS,0.00044648,-0.000999028,-0.0010006,0.000262498,18699.5,0.00044648,1,-0.00103599,-0.00106108,-0.0002625,18859.5
0,8997171,3,phononTF,0.00491777,-0.00298996,-0.00100164,0.000223411,34.3757,0.001146,1,-0.00299669,-0.000995866,0.0002625,582.441
0,9002763,12,phononTS,0.000510776,-0.005,-0.00497433,-0.000261913,7239.99,0.000382,1,-0.00199667,-0.00200441,0.0002625,8968.99
0,9003922,9,phononTF,0.000552377,-0.00374136,-0.00165513,-0.000262498,3109.7,0.000382,1,-0.00300354,-0.000998841,0.0002625,3442.41
0,9007018,18,phononTS,0.000639212,0.000845876,-0.00233418,-0.0002625,8894.76,0.000382,1,0.0010031,-0.0030038,0.0002625,9845.43
0,9007063,16,phononTF,0.000436596,-0.00149532,-0.00143655,-0.000262498,2854.97,0.000382,1,-0.0010019,-0.00100436,0.0002625,3105.43
0,9008054,4,phononTS,0.0004351,-0.00307161,-0.00105884,-0.0002625,1267.2,0.000382,1,-0.0029982,-0.000999258,0.0002625,2662.19
0,9008054,2,phononTS,0.00508678,-0.00349323,-0.00151405,-8.03017e-05,1107.64,0.00233829,1,-0.00349368,-0.00149129,-0.0002625,1275.87
0,9010222,21,phononTS,0.000421764,-2.4079e-06,-0.002,0.0002625,3358.35,0.000421764,1,3.03851e-05,-0.00250799,-0.0002625,3901
0,9012722,9,phononTF,0.000502109,-0.00214318,-0.00189118,-0.0002625,649.593,0.000382,1,-0.00200455,-0.00199981,0.0002625,2135.01
0,9016350,2,phononTF,0.000877645,-0.00312762,-0.00114292,-0.0002625,10.6752,0.000382,1,-0.00300287,-0.000995905,0.0002625,678.207
0,9016350,8,phononTS,0.00046543,-0.00300287,-0.000995905,0.000262498,678.207,0.00046543,1,-0.00300247,-0.000965681,-0.0002625,838.025
0,9021355,5,phononTS,0.000562687,-0.00157274,-0.005,-0.000126891,3892.4,0.000382,1,0.00199785,-0.00200285,0.0002625,7724.54
0,9021355,2,phononTS,0.000639497,-0.00350145,-0.00156593,0.000262498,17.0115,0.000639497,1,-0.00342669,-0.000547557,-0.0002625,440.531
0,9024897,7,phononTS,0.000504171,-0.00299931,-0.00100495,0.0002625,1821.18,0.000504171,1,-0.00302766,-0.00107542,-0.0002625,2139.81
0,9024970,23,phononTF,0.000544461,-0.00121835,0.00275721,-0.0002625,13623.9,0.000382,1,-0.000995504,0.0029973,0.0002625,14917.2
0,9027432,27,phononTS,0.000554702,0.000952765,-0.00181098,-0.000262498,11513.3,0.000382,1,0.00200047,-0.00200285,0.0002625,11930.3
0,9030059,9,phononL,0.000846208,0.00219507,2.14811e-05,-0.000262498,4488.55,0.000382,1,0.00200206,2.49023e-06,0.0002625,4601.63
0,9035318,9,phononTS,0.000558664,-1.35015e-06,-0.00199671,0.0002625,11902.1,0.000558664,1,7.89321e-05,-0.00192894,-0.0002625,13552.2
0,9040050,6,phononTF,0.000647349,-0.00198113,-1.5744e-05,-0.0002625,194.711,0.000382,1,-0.00199598,-1.23768e-06,0.0002625,978.363
0,9040873,16,phononTS,0.000491336,0.00194596,-0.00196579,-0.000262498,7746.26,0.000382,1,0.00199948,-0.00199564,0.0002625,7905.72
0,9041692,22,phononTF,0.0004616,0.00031219,-0.00225471,-0.0002625,2629.7,0.000382,1,1.001e-06,-0.00199534,0.0002625,3187.83
0,9042702,8,phononTF,0.000844051,-0.00184323,0.00178471,-0.0002625,5538.21,0.000382,1,-0.00199825,0.00200473,0.0002625,6450.77
0,9043409,8,phononTS,0.000424632,-0.00246855,0.00181788,-0.000262498,2692.32,0.000382,1,-0.00100273,0.000998878,0.0002625,3345.03
0,9052476,4,phononTS,0.000878772,-0.00316838,-0.00113401,-0.0002625,185.984,0.000382,1,-0.00300089,-0.000999851,0.0002625,839.067
0,9055934,9,phononTS,0.0010932,-0.00307621,-8.23299e-05,-0.0002625,1412.13,0.000382,1,-0.00299747,-0.00100136,0.0002625,5090.91
0,9063028,7,phononTF,0.000980057,-0.00300482,-0.000999744,0.0002625,260.159,0.000646889,1,-0.00374594,-0.00180809,-0.0002625,1015.4
0,9065298,8,phononTF,0.00067083,0.000420006,0.00235868,-0.0002625,3877.98,0.000382,1,-1.17262e-06,0.0019979,0.0002625,4559.12
0,9068515,17,phononTF,0.000560057,-0.00100428,0.00300347,0.000262498,11405.7,0.000560057,1,-0.000501931,0.00244754,-0.0002625,11678.3
0,9070931,8,phononTS,0.00103534,-0.00200125,-0.000493029,-0.000262499,1422.46,0.000382,1,-0.0020014,1.36486e-06,0.0002625,1677.5
0,9080059,16,phononTF,0.00048132,-0.00300219,-0.00100148,0.0002625,16052.8,0.00048132,1,-0.00275687,-0.000730496,-0.0002625,16434.6
0,9091311,2,phononTS,0.00382181,-0.00304456,-0.00105583,-8.60618e-05,64.9599,0.001146,1,-0.00300015,-0.000995655,0.0002625,376.689
0,9092115,5,phononTF,0.000838282,-0.00331785,-0.00127042,-0.000262498,210.488,0.000382,1,-0.00299647,-0.000998417,0.0002625,410.708
0,9096097,9,phononTS,0.000479165,0.00198828,8.66073e-05,-0.0002625,4578.72,0.000382,1,0.00200153,-1.03145e-06,0.0002625,9704.8
0,9096983,14,phononTF,0.000410289,0.00193968,0.00213849,-0.0002625,10508.7,0.000382,1,0.00200265,0.00199648,0.0002625,11346.2
0,9097144,12,phononTS,0.00105798,-0.00189029,-0.0040163,-0.0002625,7051.7,0.000764,1,1.94179e-06,-0.00199593,0.0002625,8847.78
0,9108111,5,phononTF,0.0008538,-0.00299664,-0.000997823,0.0002625,17.5614,0.000707193,1,-0.0027323,-0.000724058,-0.0002625,598.593
0,9108619,10,phononTS,0.000626523,-0.00193008,-0.000196283,-0.000262498,3949,0.000382,1,-0.0019966,4.87195e-06,0.0002625,4162.65
0,9109589,13,phononTS,0.00145965,0.00129202,0.00236701,-0.0002625,2480.25,0.000764,1,0.000995018,0.000996853,0.0002625,6986.15
0,9119303,7,phononTF,0.00064441,0.00192525,0.005,0.00015411,4014.67,0.000382,1,0.00199664,4.83818e-07,0.0002625,8080.35
0,9120457,5,phononL,0.00247552,-0.00350584,-0.0010177,-0.000237554,911.895,0.000382,1,-0.00300329,-0.00100058,0.0002625,1065.38
0,9120760,8,phononTS,0.000545515,-0.0011357,-0.000911776,-0.0002625,2385.49,0.000382,1,-0.00100254,-0.000997236,0.0002625,2996.51
0,9123226,14,phononTS,0.000424833,-0.005,0.00073594,-0.000169855,400.323,0.000424833,1,-0.00478971,0.000738173,-0.0002625,1437.66
0,9123804,18,phononTS,0.00104506,-0.00429032,-0.00299821,-0.0002625,4005.73,0.00104506,1,-0.005,-0.00392801,-9.97559e-05,5747.84
0,9125015,5,phononTS,0.00142655,-0.00298575,-0.00199301,-0.000262498,423.256,0.000382,1,-0.00299798,-0.00100308,0.0002625,835.187
0,9130664,3,phononTF,0.00295845,-0.00345465,-0.00141542,-0.0002625,8.08567,0.001146,1,-0.00299707,-0.00100113,0.0002625,1301.42
0,9133351,9,phononTF,0.000747827,-0.00315128,-0.00112109,-0.0002625,569.24,0.000382,1,-0.00300347,-0.00100208,0.0002625,1401.38
0,9135730,5,phononL,0.00157433,-0.000519193,0.0020579,-0.000262498,1983.85,0.000382,1,-2.39472e-06,0.00199545,0.0002625,2121.02
0,9139363,12,phononTS,0.000676203,0.00104574,-0.001202,-0.0002625,2011,0.000382,1,0.0029963,0.00100215,0.0002625,7909.72
0,9141569,12,phononTS,0.000427801,-0.00200261,-1.37065e-06,0.0002625,2988.08,0.000427801,1,-0.00190629,-0.000691915,-0.0002625,3659.1
0,9143634,8,phononTF,0.000550697,-0.00341677,0.00127086,-0.000262499,10389.2,0.000382,1,-0.00200102,0.00199622,0.0002625,10927.3
0,9144027,6,phononTF,0.000830998,-0.000420656,-0.00165356,-0.0002625,1200.06,0.000382,1,-3.54321e-06,-0.00200062,0.0002625,1908.21
0,9144720,6,phononTF,0.000711071,-0.00290473,-0.00101691,-0.000262498,386.146,0.000382,1,-0.00299881,-0.00100235,0.0002625,547.607
0,9145706,4,phononTS,0.00105077,-0.00347124,-0.00108375,-0.0002625,205.203,0.000764,1,-0.00300016,-0.000996882,0.0002625,727.476
0,9150629,7,phononTF,0.000660269,0.00200214,-0.00199879,0.0002625,7575.49,0.000660269,1,0.00144652,-0.00297775,-0.0002625,12262.8
0,9150629,2,phononTS,0.000432516,-0.00353047,-0.00167264,0.000262498,140.217,0.000432516,1,-0.00277956,-0.00201776,-0.0002625,525.814
0,9151404,9,phononTS,0.00124994,-0.000643449,-0.00165359,-0.0002625,811.111,0.000382,1,0.000996754,-0.00300303,0.0002625,2875.13
0,9151611,10,phononTS,0.000686706,-0.00208564,-0.00191836,-0.0002625,852.283,0.000382,1,-0.00200339,-0.00200431,0.0002625,1374.19
0,9154407,6,phononTF,0.000478386,-0.00247324,-0.0015359,-0.0002625,465.976,0.000382,1,-0.000996681,-0.000998606,0.0002625,2832.46
0,9164394,5,phononTS,0.00219597,-0.00306497,-0.000973015,-0.0002625,460.676,0.000382,1,-0.00300453,-0.00100374,0.0002625,1712.63
0,9164394,6,phononTF,0.00169134,-0.00300453,-0.00100374,0.000262498,1712.63,0.000343528,1,-0.00322128,-0.000729516,-0.0002625,1908.43
0,9178211,4,phononTS,0.000600512,0.00199636,-0.000343802,-0.0002625,180.438,0.000382,1,0.00200161,1.64437e-06,0.0002625,7038.3
0,9179699,9,phononTS,0.000471321,-0.000440624,-0.00367329,-0.0002625,15628.4,0.000382,1,-0.0019984,-0.00199541,0.0002625,17444.8
0,9179980,4,phononTF,0.00165942,-0.00238408,-0.000389848,-0.0002625,78.318,0.000382,1,-0.00200155,6.78195e-07,0.0002625,998.154
0,9182214,4,phononTF,0.00151597,0.005,-0.000639788,-4.37441e-05,357.884,0.000382,1,-0.00099769,-0.00099822,0.0002625,6703.57
0,9182290,5,phononTF,0.00302853,-0.00307717,-0.000945298,0.000106685,277.544,0.001146,1,-0.00299711,-0.00100158,0.0002625,569.102
0,9183950,17,phononTF,0.000416273,0.00179603,0.00217008,-0.000262498,5941.04,0.000382,1,0.00200425,0.00200157,0.0002625,6116.5
0,9200361,12,phononTS,0.000591938,-0.00192276,0.000948627,-0.0002625,288.4,0.000382,1,-0.00200148,0.00200011,0.0002625,3615.4
0,9204828,7,phononTF,0.000532342,-0.00265764,-0.00133489,-0.0002625,1465.15,0.000382,1,-0.00300037,-0.00100113,0.0002625,2187.11
0,9205415,6,phononTF,0.00050604,0.0018054,0.00207532,-0.0002625,7989.09,0.000382,1,0.00199929,0.00200227,0.0002625,9194.37
0,9207297,4,phononTS,0.00229658,-0.00100259,-0.000998162,0.0002625,6268.16,0.00147152,1,-0.000960985,-0.000960509,-0.0002625,6580.69
0,9211693,17,phononTF,0.000961077,-0.00300486,-0.00100376,0.0002625,1759.93,0.000393115,1,-0.00117463,-0.000269847,-0.0002625,3077.72
0,9211980,6,phononTS,0.000612102,-0.00334536,-0.00123921,-0.000262498,2218.23,0.000382,1,-0.00299933,-0.00100001,0.0002625,2489.77
0,9214813,17,phononTS,0.000386917,-0.000124112,0.00134325,-0.0002625,14807.6,0.000382,1,-0.000998496,-0.000995548,0.0002625,17174.1
0,9216369,9,phononL,0.000598165,0.00181346,-0.00137151,6.71679e-05,4592.09,0.000598165,1,0.00253181,-0.00128514,-0.0002625,6246.38
0,9221365,4,phononTF,0.00199692,-0.00137248,-0.000694569,-0.0002625,619.3,0.000382,1,-0.00100021,-0.00100047,0.0002625,1699.91
0,9222449,9,phononTF,0.000405181,-0.000627209,0.00131427,-0.0002625,10065.7,0.000382,1,-0.00099529,0.00100494,0.0002625,10991.8
0,9224060,10,phononTS,0.000642545,-8.36048e-05,7.99489e-05,-0.000262498,2238.92,0.000382,1,4.92133e-06,-3.68884e-06,0.0002625,2415.2
0,9241045,16,phononTS,0.000611326,-0.00194409,-0.00195069,-0.000262498,5184.76,0.000382,1,-0.00199969,-0.00200103,0.0002625,5341.48
0,9243045,9,phononTS,0.000698939,-0.000475883,-0.00160452,-0.0002625,8372.76,0.000382,1,-0.000997584,-0.00100233,0.0002625,10888.8
0,9250253,24,phononL,0.000482701,-0.00324921,-0.00143816,-0.000262498,654.493,0.000382,1,-0.00299842,-0.00100161,0.0002625,791.291
0,9251433,3,phononL,0.00245034,-0.00238391,-0.000387512,-0.0002625,3.33982,0.000382,1,-0.00200351,4.91227e-06,0.0002625,575.768
0,9251433,5,phononTF,0.000638446,-0.00200351,4.91227e-06,0.000262498,575.768,0.000573018,1,0.000937602,-0.000794485,-0.0002625,1566.07
0,9251433,4,phononTS,0.0011473,-0.00200351,4.91227e-06,0.000262498,575.768,0.000755966,1,-0.00218183,-0.000684587,-0.0002625,900.184
0,9264199,7,phononTF,0.000401377,-0.000559908,-0.000515162,-0.0002625,11269.2,0.000382,1,-2.04389e-06,1.59203e-06,0.0002625,13744.7
0,9272180,10,phononTS,0.000437597,-0.00175062,-0.00485815,-0.0002625,7335.47,0.000382,1,0.00300164,0.000995844,0.0002625,11258.8
0,9274878,4,phononTS,0.000474922,-0.00304741,-0.0010517,-0.0002625,34.9787,0.000382,1,-0.00300077,-0.000999481,0.0002625,1594.08
0,9282277,2,phononTF,0.00111965,-0.00160567,0.000382514,-0.0002625,160.174,0.000382,1,-0.00099681,0.00100477,0.0002625,1374.82
0,9294400,5,phononTF,0.000668788,-0.00316027,-0.00114926,-0.0002625,474.565,0.000382,1,-0.00299731,-0.00100038,0.0002625,986.79
0,9294400,3,phononTF,0.00149899,-0.00352899,-0.00155274,0.000262498,5.01569,0.0005062,1,-0.00307499,-0.00105013,-0.0002625,261.486
0,9301040,5,phononTF,0.000458415,-0.00318054,-0.00116506,-0.0002625,214.059,0.000382,1,-0.00299698,-0.000999995,0.0002625,735.669
0,9303161,10,phononTS,0.00100903,0.000700356,-0.00294633,-0.0002625,2918.81,0.000382,1,0.00100413,-0.00299899,0.0002625,10231.7
0,9304929,8,phononTS,0.000639501,-0.00200353,-2.47788e-06,0.000262498,5068.93,0.000639501,1,-0.00165703,0.000552052,-0.0002625,5406.55
0,9305883,3,phononTF,0.00378523,-0.00303187,-0.00102774,1.60936e-05,138.19,0.001146,1,-0.00300266,-0.00100197,0.0002625,526.136
0,9314635,6,phononTS,0.00105109,-0.00374112,-0.000699704,-0.000262499,1069.13,0.000382,1,-0.00199545,-0.00199584,0.0002625,1838.9
0,9314635,8,phononTS,0.00422735,-0.00333506,-0.00141176,5.58333e-05,728.694,0.00140587,1,-0.00318504,-0.00145762,-0.0002625,855.023
0,9318327,5,phononTF,0.00240377,-0.000331359,-0.00176001,-0.000262498,5439.79,0.001146,1,-0.00100024,-0.00100444,0.0002625,5778.06
0,9321016,10,phononTS,0.000519427,0.0019977,2.68998e-06,0.0002625,4466.49,0.000519427,1,0.00174243,-0.000234545,-0.0002625,4971.82
0,9322093,16,phononTF,0.00228402,4.3517e-06,-0.00199711,0.000262498,2688.87,0.00111809,1,0.00128432,0.000746731,-0.0002625,3652
0,9323325,10,phononTF,0.000479182,-0.00346757,-0.00154517,-0.000262498,450.539,0.000382,1,-0.0029955,-0.000996158,0.0002625,716.245
0,9324186,5,phononTS,0.00584278,-0.00315736,-0.000941707,-0.000150163,58.4464,0.001146,1,-0.00300178,-0.00100407,0.0002625,1401.58
0,9324186,10,phononTS,0.000385687,-0.00300178,-0.00100407,0.000262499,1401.58,0.000385687,1,-0.00326837,-0.00107999,-0.0002625,1614.15
0,9324186,9,phononTF,0.000478135,-0.00300178,-0.00100407,0.000262499,1401.58,0.000478135,1,-0.00298764,-0.0009709,-0.0002625,1559.01
0,9327824,15,phononTS,0.000493382,-0.00200436,-3.46289e-06,0.000262498,3464.99,0.000493382,1,-0.00178134,7.72293e-05,-0.0002625,3667.72
0,9333985,11,phononTS,0.000493326,-0.00200402,0.00200072,0.0002625,7553.71,0.000493326,1,-0.00191261,0.00140815,-0.0002625,8139.49
0,9335756,6,phononTF,0.000980217,-0.00269704,-0.000710645,-0.000262498,3260.3,0.000382,1,-0.00200468,-2.0488e-06,0.0002625,3598
0,9339574,12,phononTS,0.000387907,0.00136446,-0.00132754,-0.0002625,11355.3,0.000382,1,0.000999014,-0.000997805,0.0002625,15741.5
0,9346262,4,phononTF,0.00229927,-0.00325203,-0.00128795,-0.0002625,41.9175,0.000382,1,-0.00299621,-0.0009971,0.0002625,430.893
0,9350492,3,phononTF,0.00469682,-0.00302379,-0.00102369,0.000110514,118.701,0.000382,1,-0.00300221,-0.000996098,0.0002625,403.991
0,9358884,16,phononTS,0.000932999,-0.005,-0.00224961,-0.000213786,3823.18,0.000382,1,-0.0030023,-0.00100445,0.0002625,5548.76
0,9361203,14,phononTS,0.000449764,-0.0018459,0.00115042,-0.000262498,8961.44,0.000382,1,-0.00199966,0.00199995,0.0002625,9321.88
0,9368149,11,phononTF,0.000410923,0.00056831,-0.000183525,-0.0002625,4496.91,0.000382,1,0.000996194,0.00100074,0.0002625,5868.26
0,9369014,10,phononTS,0.00111051,-0.000445709,-0.0020001,-0.000262498,8137.15,0.000382,1,4.36237e-06,-0.00200368,0.0002625,8400.12
0,9379674,3,phononTF,0.0025265,-0.00275556,-0.000783073,-0.0002625,4.87655,0.000764,1,-0.00200027,4.85811e-06,0.0002625,728.124
0,9383022,11,phononTS,0.000439454,0.00299524,0.0010014,0.000262498,3664.87,0.000439454,1,0.00291147,0.00127549,-0.0002625,3878.7
0,9385564,13,phononTS,0.000855806,-0.0018379,0.000240368,-0.0002625,3617.11,0.000382,1,-0.00100335,0.00100332,0.0002625,5393.06
0,9389272,4,phononTS,0.00047451,-0.000173912,0.000399105,-0.0002625,211.899,0.000382,1,0.00100276,-0.000997831,0.0002625,3684.07
0,9392723,8,phononTS,0.00117783,-0.00136387,-0.00195188,-0.0002625,6382.57,0.000382,1,-0.00200453,-0.00200189,0.0002625,8721.49
0,9395045,3,phononTS,0.000973995,-0.00307867,-0.00109118,-0.0002625,64.236,0.000382,1,-0.00300066,-0.00100224,0.0002625,988.649
0,9401405,5,phononL,0.000823142,-0.0022838,5.16071e-05,-0.0002625,6034.55,0.000382,1,-0.00200471,-2.31358e-06,0.0002625,7325.44
0,9404561,7,phononTS,0.000812549,-0.00182841,-0.0028948,-0.0002625,2711.04,0.000382,1,-0.00199583,-0.00200198,0.0002625,4996.97
0,9413523,15,phononTS,0.00072783,-0.00352355,-0.00161474,-0.0002625,1150.07,0.000382,1,-0.00200145,-0.00199573,0.0002625,2977.68
0,9413797,13,phononTS,0.000391201,0.00100106,-0.000998914,0.0002625,13867.3,0.000391201,1,0.00105979,-0.00106504,-0.0002625,14181.9
0,9415875,9,phononTS,0.000633548,-0.00314074,-0.00107161,-0.0002625,1175.77,0.000382,1,-0.00300245,-0.000996352,0.0002625,1725.12
0,9426672,11,phononTS,0.000727664,0.00191379,-0.00193987,-0.0002625,5633.15,0.000382,1,0.00199776,-0.00200295,0.0002625,6515.35
0,9427040,9,phononTF,0.00059904,-0.00317234,-0.000844287,-0.000262498,716.198,0.000382,1,-0.0030028,-0.0010004,0.0002625,888.205
0,9427380,7,phononTS,0.000553488,0.00257552,0.005,-0.000202998,6809.03,0.000382,1,-3.40106e-06,0.00199536,0.0002625,9695.29
0,9427513,9,phononTS,0.000451574,-0.0019995,1.69299e-06,0.000262498,2793.49,0.000451574,1,-0.00319696,0.000999814,-0.0002625,3412.61
0,9428097,11,phononTS,0.0012095,-0.00255198,0.005,0.000148755,1720.18,0.000382,1,-0.00100039,0.00300029,0.0002625,8052.98
0,9430529,16,phononTS,0.000399532,-0.00314038,-0.000934118,-0.0002625,271.131,0.000382,1,-0.00300018,-0.00100247,0.0002625,1252.35
0,9436950,2,phononTS,0.00127759,-0.00304716,-0.0010779,-0.0002625,7.68273,0.000382,1,-0.00300261,-0.00100191,0.0002625,1262.27
0,9436950,8,phononTF,0.000662426,-0.00300261,-0.00100191,0.000262498,1262.27,0.000662426,1,-0.00276569,-0.00128508,-0.0002625,1453.52
0,9437599,12,phononTF,0.00246563,0.000800179,-0.00284646,-0.000262498,2229.25,0.000764,1,0.000998946,-0.00300385,0.0002625,2402.74
0,9437795,5,phononTS,0.000433622,-0.00200477,-0.0019978,0.0002625,1328.78,0.000433622,1,-0.0022261,-0.00295592,-0.0002625,2110.09
0,9440315,3,phononTF,0.00203076,-0.00324698,-0.00127602,-0.0002625,44.5091,0.000764,1,-0.00300403,-0.00100161,0.0002625,428.201
0,9440789,9,phononTS,0.00050588,0.00205351,1.0889e-05,-0.000262498,3493.13,0.000382,1,0.00200251,2.233e-06,0.0002625,3672.33
0,9440789,2,phononL,0.000638917,-0.00352678,-0.00152207,0.000262498,32.233,0.000638917,1,-0.00379586,-0.00217355,-0.0002625,196.938
0,9441380,11,phononTF,0.000409336,0.00133955,-0.00260811,-0.0002625,21932.9,0.000382,1,0.0009961,-0.00300417,0.0002625,26340.2
0,9445500,7,phononTS,0.000614348,-0.00272892,-0.00312948,-0.0002625,590.119,0.000382,1,-3.5974e-07,-0.00200215,0.0002625,8309.29
0,9448876,6,phononTS,0.000700924,-0.000644271,0.000572819,-0.0002625,2370.88,0.000382,1,0.000998329,0.000997075,0.0002625,5560.69
0,9481210,8,phononTS,0.000540463,0.00024404,0.000733958,-0.0002625,6236.8,0.000382,1,0.000996034,0.000997128,0.0002625,7285.78
0,9489421,8,phononTF,0.00046682,-0.00180638,-0.00222383,-0.000262498,5548.72,0.000382,1,-0.00199775,-0.00199643,0.0002625,5728.46
0,9489421,3,phononTF,0.00156948,-0.00349329,-0.00155229,0.000262498,49.897,0.00068309,1,-0.00358619,-0.00143656,-0.0002625,212.69
0,9492920,11,phononTF,0.000710146,0.000999365,-0.0010004,0.000262498,9489.07,0.000431594,1,0.00150239,-0.000432145,-0.0002625,9764.13
0,9495247,9,phononTS,0.00136438,-0.0021391,0.00170645,-0.0002625,1821.52,0.000382,1,-0.00199915,0.00200204,0.0002625,3530.32
0,9495247,10,phononTS,0.000890096,-0.00199915,0.00200204,0.000262499,3530.32,0.00059813,1,-0.00208085,0.0018315,-0.0002625,3722.11
0,9495771,8,phononTS,0.000813125,-0.0029994,-0.00100193,0.000262498,540.759,0.000813125,1,-0.00304972,-0.00102043,-0.0002625,708.578
0,9495841,8,phononTF,0.00123266,0.00100203,-0.00299689,0.000262498,2049.04,0.000430486,1,0.00117264,-0.00297245,-0.0002625,2220.61
0,9499114,11,phononTS,0.000761037,-0.00200669,-0.00199981,-0.0002625,749.539,0.000382,1,-0.00200071,-0.00199828,0.0002625,1245.21
0,9502941,14,phononTS,0.000520486,-0.00316977,-0.00105113,-0.0002625,4432.93,0.000382,1,-0.00300184,-0.000995145,0.0002625,6284.28
0,9507370,10,phononTS,0.000877758,-0.00300107,-0.00100326,0.000262498,2040.92,0.000877758,1,-0.00308258,-0.000921217,-0.0002625,2195.17
0,9511903,6,phononTF,0.00228006,-0.00202841,-0.00200451,8.38104e-05,602.972,0.000764,1,-0.00199989,-0.00199776,0.0002625,1162.22
0,9531810,2,phononTF,0.00165094,-0.00309521,-0.0011117,-0.0002625,128.113,0.000382,1,-0.0029983,-0.00100372,0.0002625,783.344
0,9532813,4,phononTS,0.0034157,-0.00286209,-0.000994607,0.000144748,1782.81,0.000764,1,-0.00300011,-0.000998766,0.0002625,3482.28
0,9532813,11,phononTS,0.00191747,-0.00300011,-0.000998766,0.000262498,3482.28,0.00127393,1,-0.00300544,-0.000971359,-0.0002625,3657.59
0,9538829,15,phononTF,0.000518073,0.000985861,-0.00100354,-0.0002625,3944.27,0.000382,1,0.00099634,-0.000995316,0.0002625,4414.93
0,9541061,14,phononTS,0.00052359,-7.09711e-05,0.00207024,-0.0002625,4766.91,0.000382,1,1.82533e-06,0.00199707,0.0002625,6212.59
0,9541989,2,phononTF,0.000681764,-0.00234935,-0.000377717,-0.0002625,288.605,0.000382,1,-0.0020001,-1.74115e-06,0.0002625,1165.02
0,9548717,9,phononTS,0.000411089,0.00459262,-0.000133535,-0.0002625,14802.8,0.000382,1,0.00200299,0.00199832,0.0002625,17759.3
0,9548717,3,phononTF,0.00223274,-0.00350965,-0.00152546,0.000262498,25.3484,0.0004167,1,-0.0034432,-0.00157997,-0.0002625,184.237
0,9549973,17,phononL,0.000849666,-0.00111338,-0.00199536,-0.0002625,1683.01,0.000382,1,-2.26041e-06,-0.00200038,0.0002625,2957.02
0,9556653,5,phononTS,0.000768873,-0.00207376,-9.02494e-05,-0.000262498,780.015,0.000382,1,-0.00200167,-2.72284e-07,0.0002625,934.462
0,9556653,3,phononTF,0.00274408,-0.003522,-0.00155649,0.000262498,5.17174,0.00105402,1,-0.00341601,-0.00168477,-0.0002625,171.543
0,9560109,14,phononTF,0.000545178,-0.00125959,-0.00131743,-0.000262498,3836.01,0.000382,1,-0.000996533,-0.00100172,0.0002625,4043.1
0,9563347,6,phononTF,0.000767477,-0.00299513,-0.000997213,0.000262498,450.43,0.000767477,1,-0.00320471,-0.000742453,-0.0002625,634.904
0,9565096,7,phononTF,0.000771717,0.00166556,-0.00370461,-0.000262498,3401.38,0.000382,1,0.000997698,-0.00300404,0.0002625,3732.02
0,9568570,13,phononTS,0.000441923,0.0029081,-0.00188475,-0.0002625,6673.51,0.000382,1,0.00200011,-0.0020009,0.0002625,8534.2
0,9574561,8,phononTF,0.000525904,-0.000173117,-0.000220238,-0.000262498,8887.75,0.000382,1,4.43268e-06,-3.94607e-06,0.0002625,9064.9
0,9574561,4,phononTS,0.00113761,-0.00325924,-0.00117842,0.000262498,717.363,0.000297182,1,-0.00271003,-0.00267935,-0.0002625,1331.04
0,9580905,13,phononTS,0.000473501,-0.00100394,0.00100362,0.000262498,5899.7,0.000473501,1,-0.00121762,0.000952772,-0.0002625,6113.72
0,9586552,7,phononTS,0.00103015,-0.00300068,-0.00100059,0.0002625,7802.42,0.00058174,1,-0.00453509,-0.00333212,-0.0002625,9901.71
0,9588409,3,phononTS,0.00277923,-0.00259865,-0.000881152,-0.000172757,23.3079,0.001146,1,-0.00299775,-0.00100409,0.0002625,1178.27
0,9588409,4,phononTS,0.000651414,-0.00299775,-0.00100409,0.000262499,1178.27,0.000651414,1,-0.00129654,0.000756203,-0.0002625,1999.77
0,9589254,7,phononTF,0.0012671,0.00240157,0.00240596,-0.0002625,3357.68,0.000382,1,0.00200217,0.00199822,0.0002625,6084.51
0,9591347,4,phononTF,0.0023164,-0.00105899,0.00102045,-0.0002625,10.1812,0.001146,1,-0.000995127,0.00100032,0.0002625,1463.61
0,9591718,4,phononTS,0.000930329,0.00222438,6.26501e-05,-0.0002625,5509.9,0.000382,1,0.00199528,-4.61323e-06,0.0002625,6124.62
0,9594877,2,phononL,0.00111516,0.000144975,-0.000546461,-0.0002625,186.855,0.000382,1,-1.07084e-06,1.02443e-06,0.0002625,1444.05
0,9595655,14,phononTF,0.000533369,0.00099896,0.00100034,0.000262498,7085.44,0.000533369,1,0.00107699,-0.0025662,-0.0002625,8249.83
0,9604571,2,phononTF,0.00148014,-0.00289728,-0.000903184,-0.0002625,17.1447,0.000764,1,-0.00300015,-0.00100272,0.0002625,1051.98
0,9606396,7,phononTS,0.000416591,-0.00265002,-0.00179247,-0.000262498,6571.84,0.000382,1,-0.00199829,-0.0020047,0.0002625,6911.8
0,9611973,4,phononTF,0.00183055,-0.00186745,-0.00228626,-0.0002625,585.47,0.000764,1,-0.00100135,-0.000998067,0.0002625,2777.43
0,9615416,11,phononTS,0.000445646,-0.00206061,-0.00248056,-0.000262498,7058.57,0.000382,1,-0.00200361,-0.00199608,0.0002625,7325.19
0,9617424,17,phononTS,0.001434,-0.00239176,-0.000609758,-0.0002625,6348.34,0.000382,1,-0.00100286,0.00100167,0.0002625,13847.5
0,9617655,6,phononTF,0.000407056,-0.000832186,-0.000857115,-0.0002625,1236.24,0.000382,1,-0.0010006,-0.000996762,0.0002625,2202.15
0,9626597,7,phononTS,0.000816732,-0.00366085,-0.00173468,-0.000262498,174.973,0.000382,1,8.12217e-07,0.00199877,0.0002625,1863.33
0,9628473,19,phononTS,0.000612992,-0.00307777,-0.00107254,-0.000262498,257.866,0.000382,1,-0.00299616,-0.000998891,0.0002625,431.681
0,9635201,6,phononTS,0.000690131,-0.00106007,0.00359783,-0.0002625,673.295,0.000382,1,-0.000999675,0.00299894,0.0002625,8366.42
0,9637945,6,phononTS,0.000413892,-0.0030002,-0.000999603,0.000262498,437.418,0.000413892,1,-0.00302351,-0.000964521,-0.0002625,601.407
0,9639504,10,phononTS,0.00090549,-0.00195571,0.00196697,-0.0002625,1312.99,0.000382,1,-0.0020021,0.00200092,0.0002625,6196.44
0,9639546,18,phononTS,0.000705714,0.00095342,0.000904449,-0.000262498,22261.5,0.000382,1,0.000999632,0.000995483,0.0002625,22418.2
0,9652375,10,phononTS,0.000385601,-0.00292948,-0.00105491,-0.000262498,415.723,0.000382,1,-0.00300479,-0.00100275,0.0002625,570.718
0,9652529,3,phononTS,0.0008172,-0.00380513,-0.00166171,-0.0002625,19.4043,0.000382,1,-0.0030021,-0.000997584,0.0002625,975.616
0,9671722,2,phononTS,0.00577448,-0.00299409,-0.000996111,0.000252168,639.399,0.00191,1,-0.00299784,-0.000995892,0.0002625,1180.71
0,9672245,7,phononTF,0.00047752,-0.00373705,-0.000323321,-0.000262499,6741.84,0.000382,1,-0.00299808,-0.000999095,0.0002625,7079.39
0,9674851,5,phononTS,0.00116105,0.000996566,-0.000996135,0.000262498,5859.03,0.000687615,1,0.000945011,-0.000920849,-0.0002625,6014.03
0,9679820,3,phononTS,0.00463273,-0.00298056,-0.000983346,9.83352e-05,61.3682,0.000764,1,-0.00299919,-0.0010021,0.0002625,466.146
0,9696614,4,phononTF,0.00180885,-0.00229916,-0.00228941,-0.0002625,18.106,0.001146,1,-0.00200096,-0.00199666,0.0002625,939.112
0,9696614,3,phononTF,0.000745907,-0.00348675,-0.00154226,0.000262498,18.106,0.000745907,1,-0.00350003,-0.00155377,-0.0002625,175.05
0,9707681,3,phononTF,0.00127592,-0.0031131,-0.00106207,-0.0002625,5.95349,0.000382,1,-0.00299872,-0.00100208,0.0002625,416.426
0,9712207,5,phononTS,0.00126848,-0.00303343,-0.00102623,-0.000262498,986.405,0.000382,1,-0.00300449,-0.00100027,0.0002625,1150.76
0,9712578,4,phononL,0.000664044,0.00237642,0.000349497,-0.0002625,3036.76,0.000382,1,0.00200471,2.3386e-06,0.0002625,3495.51
0,9718298,7,phononTF,0.000704238,-0.00100039,0.000995956,0.0002625,16167.1,0.000704238,1,-0.000794997,0.00115983,-0.0002625,19376.7
0,9741753,15,phononTF,0.000430847,-4.62548e-06,0.00199834,0.000262498,7647.94,0.000430847,1,-0.000331913,0.00145018,-0.0002625,7918.83
0,9743673,18,phononTF,0.000434984,0.005,0.00229888,1.45874e-05,844.907,0.000382,1,-3.70256e-06,0.00200126,0.0002625,5985.74
0,9743673,17,phononTF,0.000719194,-0.00492367,-0.00341238,0.000262498,844.907,0.000719194,1,-0.005,-0.00332863,0.000217776,881.197
0,9745684,10,phononTF,0.0004912,5.48783e-05,-0.00333987,-0.000262498,5528.04,0.000382,1,-0.0019966,-4.20132e-07,0.0002625,6740.42
0,9747156,4,phononTF,0.00062156,-0.00313045,-0.00113936,-0.0002625,3.86072,0.000382,1,-0.00300104,-0.000998739,0.0002625,673.578
0,9749841,3,phononL,0.00156971,-0.002634,-6.74428e-05,-0.0002625,37.9236,0.000382,1,-0.00199924,2.15524e-06,0.0002625,1296.43
0,9765443,3,phononTS,0.00277441,-0.00291917,-0.00109369,0.000251768,32.605,0.000764,1,-0.00299916,-0.000995973,0.0002625,3310.33
0,9773483,21,phononTS,0.000536798,2.01859e-06,0.00200431,0.000262498,10091.8,0.000536798,1,-0.00079448,0.00277538,-0.0002625,10569.9
0,9777917,8,phononTS,0.00049647,-0.0029121,-0.00174667,-0.0002625,1207.57,0.000382,1,-0.00299921,-0.00100425,0.0002625,2059.92
0,9782204,16,phononTS,0.00143817,-0.00199673,0.00199592,0.0002625,10712.6,0.000363302,1,-0.00191522,0.0019167,-0.0002625,11021.5
0,9786572,12,phononTS,0.000451334,0.000172618,-0.00334994,-0.0002625,3614.44,0.000382,1,0.000995108,-0.00300168,0.0002625,7092.06
0,9791219,14,phononTS,0.000637124,-0.00100274,0.00100145,0.000262499,2689.25,0.000637124,1,-0.00157035,0.00107378,-0.0002625,2975.53
0,9791455,9,phononTF,0.000522595,2.917e-06,0.00200239,0.000262498,9962.42,0.000522595,1,0.000500481,0.00252902,-0.0002625,10231.7
0,9793229,4,phononTF,0.00216376,-0.00237723,-0.000388241,-0.0002625,14.6262,0.001146,1,-0.00199572,-1.66362e-06,0.0002625,935.928
0,9801440,14,phononTS,0.000587582,-0.00162325,-0.00312038,-0.0002625,6671.93,0.000382,1,-0.00199699,-0.00199819,0.0002625,11224.6
0,9803672,11,phononTS,0.000568297,-0.000999297,0.000996692,0.0002625,9552.98,0.000568297,1,-0.000949868,0.000941061,-0.0002625,10493.3
0,9803696,21,phononTS,0.00119149,-0.00220343,0.00194262,-0.0002625,2243.82,0.000764,1,-0.00199714,0.00200072,0.0002625,3247.5
0,9808944,6,phononL,0.000615018,-0.00301647,-0.00124619,-0.0002625,479.544,0.000382,1,-0.00300008,-0.00100134,0.0002625,825.047
0,9811465,5,phononTF,0.00200934,-0.00234563,-0.00161241,-0.0002625,970.22,0.000382,1,-0.00199608,-0.00199946,0.0002625,3777.21
0,9814982,4,phononTF,0.00253399,-0.00333363,-0.000606241,-0.0002625,244.914,0.000764,1,-0.00300197,-0.00100447,0.0002625,6816.17
0,9814982,5,phononTS,0.000444469,-0.005,2.86198e-05,3.30973e-05,6816.17,0.000444469,1,-0.00480741,-0.000686422,-0.0002625,7886.35
0,9818640,18,phononTS,0.000393425,0.000558391,-0.00237637,-0.0002625,4019.14,0.000382,1,-0.00199926,1.2692e-06,0.0002625,9558.55
0,9825872,10,phononTF,0.000580539,0.00200414,0.00200093,0.000262498,15954.3,0.000580539,1,0.00229933,0.00174807,-0.0002625,16148.9
0,9833070,8,phononTS,0.000416334,-0.00318821,-0.00112723,-0.0002625,256.613,0.000382,1,-0.00300212,-0.00100348,0.0002625,1235.04
0,9833070,2,phononTS,0.000575211,-0.00352315,-0.00156566,0.000262498,22.4331,0.000575211,1,-0.00345301,-0.00155859,-0.0002625,196.856
0,9836656,13,phononTF,0.000581605,-0.00179331,0.0017398,-0.0002625,16806.5,0.000382,1,-0.00199626,0.00199571,0.0002625,19716.7
0,9837960,9,phononTS,0.000416578,-0.00292399,-0.00106581,-0.000262498,583.226,0.000382,1,-0.00299852,-0.000999961,0.0002625,738.075
0,9839167,6,phononTF,0.000644091,-0.005,-0.000690907,-0.000206671,1622.49,0.000382,1,-0.00199985,-0.00199614,0.0002625,4347.84
0,9839805,13,phononTF,0.000470872,0.000422128,-0.00427022,-0.000262498,10543.3,0.000382,1,0.00200159,-0.00200171,0.0002625,11406.7
0,9840561,5,phononTS,0.000786514,0.00200274,0.000768987,-0.0002625,5278.89,0.000382,1,0.0029957,0.000997741,0.0002625,6581.9
0,9841225,9,phononTS,0.000585496,0.000996957,0.000998232,0.0002625,10946.7,0.000585496,1,0.00107588,0.00102326,-0.0002625,11279.1
0,9846275,3,phononL,0.00294152,-0.00318444,-0.00197386,-0.0002625,7.16117,0.000764,1,-0.00199956,-0.0020025,0.0002625,408.381
0,9846772,6,phononTS,0.00101358,-0.00262955,-0.000839771,-0.0002625,953.104,0.000382,1,-0.00200021,-4.9745e-07,0.0002625,2333.73
0,9847744,6,phononTS,0.000861763,-0.00201368,0.00300218,-0.000262498,4262,0.000382,1,-0.000995147,0.0030041,0.0002625,4705.09
0,9853306,3,phononTS,0.00520998,-0.00299727,-0.000987606,0.000173798,245.941,0.000382,1,-0.00300014,-0.000999744,0.0002625,1286.53
0,9853653,4,phononTF,0.0018555,0.00260907,0.00143857,-0.0002625,299.742,0.000382,1,0.00299575,0.000999567,0.0002625,7643.99
0,9853653,5,phononTS,0.0014172,0.00299575,0.000999567,0.000262498,7643.99,0.00023341,1,0.00293743,0.0010539,-0.0002625,7800.71
0,9857200,3,phononTF,0.00263313,-0.00219896,-0.00208263,-0.0002625,47.6281,0.000382,1,-0.00200316,-0.00199956,0.0002625,793.419
0,9857200,5,phononTS,0.00099565,-0.00200316,-0.00199956,0.000262498,793.419,0.00099565,1,-0.00126454,-0.00222965,-0.0002625,1158.55
0,9861109,5,phononTS,0.000673898,-0.00194487,-4.33282e-05,-0.0002625,3314.37,0.000382,1,-0.00199848,2.59613e-07,0.0002625,4065.8
0,9867308,4,phononTS,0.00147708,0.000684693,-0.00306708,-0.0002625,1804.79,0.000382,1,0.000999256,-0.0030049,0.0002625,2923.09
0,9867308,5,phononTS,0.000956104,0.000999256,-0.0030049,0.000262498,2923.09,0.000357367,1,0.00103652,-0.00332038,-0.0002625,3149.71
0,9869455,6,phononTF,0.000768626,-0.00164895,-0.000348059,-0.0002625,4317.92,0.000382,1,-0.00100473,-0.00100219,0.0002625,10899.7
0,9874259,5,phononTS,0.00235554,8.20169e-07,-0.00200195,0.000262498,1494.29,0.000976485,1,-0.000167079,-0.00199442,-0.0002625,1693.75
0,9876148,3,phononL,0.0007818,-0.00198572,-0.0018623,-0.0002625,995.322,0.000382,1,-0.00199982,-0.00199853,0.0002625,1577.57
0,9880069,2,phononTF,0.00162123,-0.00326497,-0.00128136,-0.0002625,122.27,0.000382,1,-0.00299594,-0.00100112,0.0002625,517.111
0,9880069,13,phononTF,0.000639817,-0.00299594,-0.00100112,0.000262498,517.111,0.000483028,1,-0.00325631,-0.000806453,-0.0002625,709.128
0,9882574,18,phononL,0.000910981,-0.00200088,-4.54771e-07,0.000262498,11390.9,0.000774175,1,-0.00232256,-0.000335286,-0.0002625,11523.5
0,9885752,4,phononTS,0.00045154,-0.00397761,-0.00102428,-0.0002625,1338.66,0.000382,1,-0.00300194,-0.000996606,0.0002625,3035.12
0,9885752,2,phononTS,0.00454823,-0.00351203,-0.00165056,0.000205317,907.771,0.000480418,1,-0.0035456,-0.00170207,-0.0002625,1058.05
0,9894974,16,phononTF,0.000407136,-7.50353e-05,-0.00205054,-0.0002625,2746.78,0.000382,1,3.38268e-06,-0.00200082,0.0002625,4436.05
0,9901014,2,phononTS,0.00367945,-0.00211529,-0.00211341,-5.54966e-05,183.324,0.000764,1,-0.000995202,-0.000996701,0.0002625,1778.66
0,9901014,19,phononTF,0.000712543,-0.005,0.00361451,0.000213727,1778.66,0.000712543,1,-0.00473334,0.00393467,-0.0002625,6253.81
0,9902260,11,phononTS,0.000839991,-0.00106783,0.00302418,-0.0002625,4191.5,0.000382,1,-0.00100356,0.0030047,0.0002625,4676.34
0,9902466,12,phononTS,0.000507751,0.000716036,0.000525897,-0.000262498,9783.56,0.000382,1,0.000996309,0.00100475,0.0002625,10091.9
0,9902910,17,phononTF,0.0005601,0.000846483,0.00113424,-0.0002625,24010.6,0.000382,1,0.00100396,0.000995573,0.0002625,24533.1
0,9903097,6,phononTS,0.000761124,-4.1599e-05,-0.00165159,-0.0002625,3062.08,0.000382,1,-1.38882e-06,-0.00200394,0.0002625,4226.31
0,9905757,2,phononTS,0.0018561,0.0017679,0.00137648,-0.0002625,201.128,0.000764,1,0.00200228,0.00199584,0.0002625,4800.66
0,9911510,2,phononTS,0.00118546,-0.00107192,0.00204056,-0.0002625,29.7282,0.000382,1,-0.000996919,0.00299819,0.0002625,2786.49
0,9917281,4,phononTS,0.00145648,0.000997148,0.000996177,0.0002625,1023.65,0.000808398,1,0.00105699,0.000953398,-0.0002625,10102.5
0,9929231,3,phononTF,0.00247948,-0.00325683,-0.00127942,-0.0002625,42.763,0.001146,1,-0.00299762,-0.00100028,0.0002625,433.433
0,9937018,8,phononTF,0.00144763,-0.00060523,0.00251877,-0.0002625,3743.11,0.000764,1,-0.00100355,0.00300025,0.0002625,5399.99
0,9937098,10,phononTF,0.000444341,-0.00315215,-0.00118756,-0.000262498,882.794,0.000382,1,-0.0030012,-0.000995211,0.0002625,1060.03
0,9937385,14,phononTS,0.000571708,-0.00100111,0.000998671,0.000262498,24999.9,0.000571708,1,-0.000971398,0.000900889,-0.0002625,25189.3
0,9943937,7,phononTS,0.00055167,-0.00299815,-0.000997969,0.0002625,1931.79,0.00055167,1,-0.00307819,-0.000948063,-0.0002625,2245.2
0,9943974,7,phononTS,0.000886172,-0.000924275,-0.00102106,-0.000262498,5353.93,0.000382,1,-0.000997787,-0.00099961,0.0002625,5514.56
0,9943987,8,phononTS,0.000565135,-0.00151018,-0.000945068,-0.0002625,1786.99,0.000382,1,-0.0010009,-0.000998294,0.0002625,2480.57
0,9943987,2,phononL,0.000424776,-0.0035283,-0.00155687,0.000262498,1.60767,0.000424776,1,-0.00343223,-0.00101487,-0.0002625,142.481
0,9947674,9,phononTF,0.0011457,-0.000998195,0.00100152,0.000262499,12513.2,0.000529069,1,-0.00118935,0.00122255,-0.0002625,12692.4
0,9980176,10,phononTS,0.000384393,4.77803e-06,-0.00199986,0.000262498,15930.6,0.000384393,1,-6.45639e-05,-0.00206151,-0.0002625,16102.8
0,9980836,7,phononTS,0.000503328,-0.00267601,-0.000723495,-0.000262498,809.709,0.000382,1,-0.000999631,0.00100466,0.0002625,1618.89
0,9984806,15,phononTS,0.000549929,-0.0030037,-0.000997337,0.0002625,1052.88,0.000549929,1,-0.00315424,-0.000935925,-0.0002625,1772.56
0,9997738,10,phononTS,0.000478164,-0.00299617,-0.000996298,0.000262498,444.298,0.000478164,1,-0.00365694,-0.00203369,-0.0002625,957.545
0,9999352,10,phononTF,0.000756374,-0.00200395,2.20555e-06,0.0002625,6013.54,0.000756374,1,-0.000974383,0.000976082,-0.0002625,6917.05
