Run ID,Event ID,Track ID,Particle Name,Start Energy [eV],Start X [m],Start Y [m],Start Z [m],Start Time [ns],Energy Deposited [eV],Track Weight,End X [m],End Y [m],End Z [m],Final Time [ns]
0,3067,17,phononTS,0.000943546,-0.000201221,-0.00102352,-0.0002625,633.326,0.000382,1,-0.00100204,-0.000995455,0.0002625,1351.42
0,7767,29,phononTS,0.000500122,0.000925367,-0.00121177,-0.000262498,1852.62,0.000382,1,0.00100366,-0.000997828,0.0002625,2053.5
0,10308,20,phononTF,0.000442287,1.96708e-06,-0.0019951,0.0002625,1198.32,0.000442287,1,-0.00040078,-0.00151397,-0.0002625,1683.54
0,11532,27,phononTS,0.000712602,0.00108555,-0.00133217,-0.0002625,533.532,0.000382,1,0.000998951,-0.000998021,0.0002625,988.658
0,11532,4,phononTF,0.000843668,0.000660996,-0.0011138,0.000262498,13.0914,0.000257137,1,0.0018259,-0.00231547,-0.0002625,536.913
0,22767,11,phononTS,0.000441411,0.000968324,-0.00299836,-0.000262498,1618.95,0.000382,1,0.000997981,-0.00300179,0.0002625,1782.98
0,22767,5,phononTS,0.00204869,0.000724584,-0.00135663,0.000262498,99.4776,0.00039311,1,0.000807224,-0.00128274,-0.0002625,254.225
0,25145,3,phononL,0.00510543,0.000850116,-0.000989493,0.000184754,21.8086,0.000764,1,0.0009993,-0.000997387,0.0002625,369.557
0,27561,9,phononTF,0.000657093,0.00100198,-0.000999315,0.0002625,690.988,0.000657093,1,0.00151395,-0.000425586,-0.0002625,1245.43
0,29373,24,phononTF,0.000492499,0.000911445,-0.00107821,-0.0002625,233.529,0.000382,1,0.000995434,-0.000996837,0.0002625,555.586
0,30205,8,phononTF,0.000564111,0.000315412,-0.00156122,-0.0002625,1.03384,0.000382,1,-2.50764e-07,-0.00199602,0.0002625,479.783
0,32106,20,phononTS,0.000455141,0.00102158,-0.000931798,-0.0002625,578.66,0.000382,1,0.00100292,-0.00100212,0.0002625,889.959
0,32827,9,phononTS,0.00057582,0.00060101,-0.000609961,-0.0002625,1211.8,0.000382,1,0.0010034,-0.00099922,0.0002625,1836.07
0,32827,5,phononTS,0.00108313,0.000628993,-0.00112895,0.000262498,24.4553,0.000481518,1,0.0005574,-0.000755109,-0.0002625,262.387
0,34535,4,phononTS,0.000562274,0.00131141,-0.000581971,-0.0002625,28.4514,0.000382,1,0.00199936,-2.45989e-06,0.0002625,855.136
0,36451,13,phononTS,0.0037768,0.000960239,-0.000873908,-0.0002625,2515.18,0.000382,1,0.00100452,-0.00100024,0.0002625,2896.98
0,38931,17,phononTF,0.000560659,0.00134609,-0.00256923,-0.000262498,875.691,0.000382,1,0.00200195,-0.00199823,0.0002625,1177.48
0,46466,13,phononTS,0.00490189,0.000815333,-0.000979092,0.000118622,226.253,0.001528,1,0.00100355,-0.00100253,0.0002625,415.361
0,47840,10,phononTF,0.00334279,0.00087621,-0.00105373,6.90975e-05,159.469,0.00168577,1,0.00099269,-0.00119244,-0.0002625,677.208
0,48944,11,phononTF,0.000689547,0.000952907,-0.00103959,-0.000262498,578.08,0.000382,1,0.0010031,-0.000998707,0.0002625,736.079
0,50504,3,phononTF,0.00503428,0.00110465,-0.000895777,0.000226458,99.3968,0.001528,1,0.00100205,-0.00100387,0.0002625,303.077
0,50504,6,phononTF,0.00126331,0.00100205,-0.00100387,0.000262498,303.077,0.000636737,1,0.00103081,-0.00103603,-0.0002625,460.438
0,51304,7,phononTS,0.00164922,0.00104056,-0.000665957,-0.000262498,1092.4,0.000382,1,0.000999623,-0.000997359,0.0002625,1322.44
0,54585,6,phononTF,0.000661855,0.000785512,-0.00108136,-0.0002625,64.3018,0.000382,1,0.00100397,-0.000997517,0.0002625,425.947
0,56482,23,phononTS,0.000860342,0.00297647,0.000924697,-0.000262498,3788.08,0.000382,1,0.00299546,0.000997857,0.0002625,3954.02
0,59454,4,phononTS,0.000785006,0.000743137,-0.00107653,-0.0002625,35.7163,0.000382,1,0.00100465,-0.000998806,0.0002625,451.815
0,59593,6,phononL,0.000684183,-5.87103e-05,-0.000827082,-0.000262498,2061.42,0.000382,1,-3.29388e-06,8.45335e-07,0.0002625,2241.71
0,63024,11,phononTS,0.000382291,0.00191985,-8.00296e-05,-0.000262498,1418.85,0.000382,1,0.00199537,-3.62105e-06,0.0002625,1573.44
0,65783,6,phononTS,0.000603603,0.00231313,0.000146034,-0.0002625,286.085,0.000382,1,0.00299706,0.00100125,0.0002625,1232.72
0,65783,4,phononTF,0.00508621,0.000840284,-0.000591669,-0.000223699,4.1435,0.000920597,1,0.000716962,-0.000466468,-0.0002625,683.051
0,69808,8,phononTF,0.000519424,-0.000641378,-0.000605504,-0.0002625,1493.95,0.000382,1,-0.00100304,-0.0010005,0.0002625,1941.38
0,72593,7,phononTS,0.00101826,0.000820701,-0.00206245,-0.0002625,10.9064,0.000382,1,0.00100172,-0.00300056,0.0002625,782.505
0,75557,17,phononTS,0.000382705,-0.0010507,0.000956788,-0.000262498,5993.64,0.000382,1,-0.000998992,0.00100132,0.0002625,6149.6
0,76417,24,phononTS,0.0010538,0.00100358,-0.00300273,0.000262498,1985.98,0.000857288,1,0.000939506,-0.00304897,-0.0002625,2141.95
0,76877,13,phononTS,0.000938578,-0.000725024,-0.005,-0.000154989,4277.55,0.000382,1,0.000999414,-0.00299925,0.0002625,5307.53
0,76999,17,phononTS,0.000619535,7.96027e-07,-3.20653e-06,0.000262498,2440.62,0.000619535,1,3.99292e-05,-2.04082e-06,-0.0002625,2607.19
0,84483,29,phononTF,0.000595258,0.000764373,-0.00124663,-0.000262498,182.377,0.000382,1,0.00100376,-0.00100125,0.0002625,369.675
0,87014,35,phononTS,0.000480451,0.00210044,0.00426041,-0.0002625,3971.59,0.000382,1,-6.072e-07,0.00199944,0.0002625,7493.21
0,87487,2,phononTS,0.00133693,0.000789031,-0.00106072,-0.0002625,40.8853,0.000382,1,0.000999283,-0.000998525,0.0002625,443.396
0,87487,18,phononTS,0.00061932,0.000999283,-0.000998525,0.000262498,443.396,0.00061932,1,0.00080007,-0.0010968,-0.0002625,661.315
0,88441,11,phononTS,0.000649398,-0.000856644,-0.00183495,-0.0002625,458.633,0.000382,1,-0.00199502,-0.00200024,0.0002625,1788.63
0,92472,28,phononTS,0.00156056,-7.90103e-07,-0.00200477,0.000262498,3634.73,0.000497623,1,-4.02265e-05,-0.00194557,-0.0002625,3794.53
0,93124,11,phononTS,0.000409425,0.00100057,-0.000999859,0.000262498,421.328,0.000409425,1,0.00125368,-0.000428586,-0.0002625,747.179
0,93640,24,phononTF,0.000401617,0.00216985,0.000175523,-0.000262498,4006.15,0.000382,1,0.00199657,2.26641e-06,0.0002625,4179.23
0,93914,15,phononTS,0.000394683,0.00232499,-0.00214697,-0.0002625,4783.9,0.000382,1,0.00199829,-0.00199677,0.0002625,5288.8
0,96120,2,phononTS,0.00312472,-0.000585315,0.000739872,-9.75074e-05,40.8659,0.000382,1,-0.00200045,0.00199625,0.0002625,1806.42
0,104097,20,phononL,0.000512992,3.24295e-06,3.24493e-06,0.000262498,3656.81,0.000512992,1,-0.000482643,9.13911e-05,-0.0002625,3791.14
0,105429,15,phononL,0.000679117,6.2696e-05,-0.000773574,-0.000262498,374.25,0.000382,1,-3.02166e-06,3.95464e-06,0.0002625,546.912
0,105700,11,phononTS,0.00122144,0.000967116,-0.00104436,-0.000262498,230.709,0.000382,1,0.00099967,-0.00100172,0.0002625,388.966
0,108089,7,phononTS,0.000761592,-0.000588269,-0.00104591,-0.0002625,104.96,0.000382,1,-0.00100142,-0.00100081,0.0002625,1102.87
0,109061,11,phononTF,0.000499462,0.00140954,-0.0013775,-0.0002625,1523.2,0.000382,1,0.00200418,-0.00200262,0.0002625,2130.45
0,109061,4,phononL,0.000412464,0.000956237,-0.00384362,-0.0002625,1193.37,0.000412464,1,0.000957019,-0.005,-6.73286e-05,2007.03
0,111488,17,phononTF,0.000729858,0.00174477,0.0016984,-0.0002625,5942.5,0.000382,1,0.00199659,0.0020021,0.0002625,6332.99
0,111896,28,phononTS,0.000453395,0.00202673,-0.00192666,-0.0002625,2609.93,0.000382,1,0.00200473,-0.00200379,0.0002625,2942.1
0,115941,35,phononTF,0.000593874,-0.000614093,-0.00145879,-0.0002625,2030.55,0.000382,1,-0.000995247,-0.00100276,0.0002625,2442.81
0,123855,6,phononTS,0.00279976,0.00101844,-0.000999643,0.000242951,14.5892,0.000382,1,0.000998694,-0.000998116,0.0002625,1088.87
0,134292,26,phononTS,0.00075297,0.00093249,-0.00110203,-0.0002625,543.2,0.000382,1,0.0010001,-0.00100199,0.0002625,933.716
0,141772,3,phononL,0.00519766,0.0010464,-0.000993561,0.000237389,21.4626,0.000764,1,0.00100012,-0.00100115,0.0002625,232.514
0,143618,29,phononTS,0.000746078,-0.000962122,0.000139906,-0.0002625,8887.26,0.000382,1,-0.00200242,6.38305e-07,0.0002625,9482.81
0,148811,21,phononTS,0.000643288,-0.000800283,1.98956e-05,-0.0002625,3231.31,0.000382,1,-2.321e-06,3.666e-06,0.0002625,4649.71
0,153635,22,phononTS,0.000743308,0.00152377,-0.00206183,-0.0002625,1659.54,0.000382,1,0.0020001,-0.00199927,0.0002625,2187.8
0,153772,22,phononTS,0.000443186,0.000366196,-0.00158419,-0.0002625,47.674,0.000382,1,-1.46939e-06,-0.00200162,0.0002625,669.571
0,153772,21,phononTS,0.00360626,0.000238465,-0.00102482,-6.47118e-05,47.674,0.00200774,1,0.000217779,-0.000996944,-0.0002625,372.653
0,155066,8,phononTS,0.00102554,-0.000156858,-0.00114898,-0.0002625,182.517,0.000382,1,-0.000997994,-0.00100148,0.0002625,900.899
0,156237,22,phononTF,0.00113584,0.000959867,-0.00282534,-0.0002625,621.338,0.000382,1,0.00100166,-0.00299985,0.0002625,1655.19
0,158187,22,phononTF,0.000386973,0.000733946,-0.00161753,-0.0002625,854.854,0.000382,1,-4.06384e-06,-0.00200313,0.0002625,1507.65
0,160827,4,phononTF,0.00244936,0.00118209,-0.000818655,-0.000262498,458.134,0.000382,1,0.000999862,-0.000997435,0.0002625,632.526
0,161534,22,phononTF,0.000441267,-0.000797942,-0.00108729,-0.0002625,1521.98,0.000382,1,-0.000997097,-0.0010039,0.0002625,1876.18
0,162191,19,phononTF,0.000386686,0.000805721,-0.0012168,-0.000262498,441.449,0.000382,1,0.00100148,-0.000996127,0.0002625,625.344
0,172093,24,phononTF,0.000427066,4.70846e-05,-0.00197391,-0.0002625,1492.08,0.000382,1,3.17392e-07,-0.00200408,0.0002625,1967.81
0,172750,30,phononTS,0.000503521,0.00304662,0.000955711,-0.0002625,7564.28,0.000382,1,0.00299613,0.00100183,0.0002625,7876.24
0,172875,12,phononTS,0.000498952,-0.00291619,-0.00102011,-0.000262498,4536.82,0.000382,1,-0.00300323,-0.00099515,0.0002625,4702.72
0,172875,6,phononL,0.00273001,0.000609868,-0.0011102,0.000262498,11.047,0.000839897,1,0.00052865,-0.000764878,-0.0002625,132.745
0,174362,24,phononTS,0.00110869,0.000943907,-0.000237128,-0.000262498,2013.62,0.000382,1,0.00199773,-2.29756e-07,0.0002625,2466.07
0,178255,2,phononTS,0.00514275,0.000845296,-0.000969026,0.000174611,14.9405,0.001528,1,0.00100119,-0.000996746,0.0002625,181.001
0,183021,7,phononL,0.00124293,0.000800698,-0.00175843,-0.000262498,1494.61,0.000382,1,-4.12019e-06,-0.0020011,0.0002625,1679.97
0,184089,25,phononTS,0.00168778,0.00107054,-0.00102229,-0.000262498,545.245,0.000764,1,0.00100127,-0.00100044,0.0002625,700.761
0,184089,26,phononTF,0.000498626,0.00100127,-0.00100044,0.000262498,700.761,0.000498626,1,0.00152694,-0.000447786,-0.0002625,979.571
0,184089,13,phononTS,0.000706917,0.000686692,-0.00137691,0.000262498,324.208,0.000279094,1,7.81286e-05,-0.00132689,-0.0002625,624.006
0,185006,11,phononTS,0.000892686,0.000922478,-0.000977731,-0.0002625,169.673,0.000764,1,0.0010012,-0.0010042,0.0002625,488.979
0,189919,19,phononTS,0.000487518,-0.00263539,-0.00130895,-0.0002625,3245.56,0.000382,1,-0.00299658,-0.0010007,0.0002625,3872.27
0,192333,12,phononTF,0.0025296,0.000676404,-0.000969662,0.0002472,846.186,0.000382,1,0.000995329,-0.000995266,0.0002625,941.828
0,193206,2,phononTF,0.00574675,0.000875453,-0.00111662,0.000185869,0.114638,0.00191,1,0.00100097,-0.000995456,0.0002625,198.599
0,195073,31,phononTS,0.000411352,-0.00200037,1.75013e-06,0.000262498,1609.03,0.000411352,1,-0.00116859,-0.00178861,-0.0002625,2352.29
0,199364,22,phononTF,0.000392999,-8.63292e-07,-0.00199755,0.000262498,819.467,0.000392999,1,-0.00258778,-0.00447766,-0.0002625,1905.19
0,199567,5,phononTS,0.00291555,0.00100129,-0.00099973,0.0002625,565.421,0.00151066,1,0.00108456,-0.000406141,-0.0002625,1151.25
0,200658,7,phononTS,0.000578842,0.000588524,-0.00109115,-0.000262498,177.558,0.000382,1,-0.00199811,1.25967e-06,0.0002625,1185.77
0,200658,5,phononTS,0.00215124,0.000619401,-0.00113396,0.000262498,9.69775,0.000328647,1,0.00291965,-0.00245545,-0.0002625,973.898
0,202754,13,phononTS,0.00114346,-9.84457e-07,-3.36237e-06,0.000262498,1127.17,0.000524572,1,0.000158388,-0.000187596,-0.0002625,1352.26
0,203838,5,phononTS,0.00131601,0.00081075,-0.00105957,-0.0002625,4.15625,0.000382,1,0.000999519,-0.000997536,0.0002625,396.304
0,204281,24,phononTS,0.000671522,0.000997146,-0.000995298,0.0002625,1779.26,0.000671522,1,5.99297e-05,-0.00117889,-0.0002625,2320.33
0,207330,27,phononTS,0.000477258,0.000519487,-0.000169071,-0.0002625,1291.99,0.000382,1,0.00100472,0.00100481,0.0002625,2331.23
0,208430,8,phononTF,0.00104674,-1.18895e-06,4.43508e-06,0.000262498,752.575,0.00104674,1,0.000502007,-0.000494061,-0.0002625,1015.95
0,209969,13,phononTF,0.000971821,0.00071726,-0.0013421,-0.000262498,207.046,0.000382,1,0.000999139,-0.00100364,0.0002625,410.696
0,212968,14,phononTF,0.00107286,0.000735678,-0.000676651,-0.000262498,1074.17,0.000764,1,0.0010038,-0.000998956,0.0002625,1274.08
0,217056,18,phononTS,0.00102989,0.000866949,-0.00104231,-0.0002625,267.617,0.000382,1,0.000998433,-0.000998465,0.0002625,637.823
0,219320,12,phononTF,0.000749719,0.000369094,-0.0016011,-0.0002625,1190.45,0.000382,1,-3.71187e-06,-0.0020009,0.0002625,1647.1
0,219457,4,phononTS,0.000717444,0.000613812,-0.0010979,-0.0002625,21.798,0.000382,1,0.00100267,-0.00100032,0.0002625,446.574
0,223760,22,phononTS,0.000417593,-0.000986587,0.00100889,-0.000262498,2098.3,0.000382,1,-0.000998023,0.00100224,0.0002625,2271.6
0,225046,28,phononTS,0.00224198,0.00106141,-0.00148721,-0.000262498,344.462,0.000382,1,0.000998025,-0.00100038,0.0002625,623.032
0,227022,15,phononTS,0.00130023,-0.00101491,-0.00108376,-0.000262498,1329.84,0.000382,1,-0.00100009,-0.000997579,0.0002625,1515.42
0,227022,16,phononTS,0.000849799,-0.00100009,-0.000997579,0.000262498,1515.42,0.000704079,1,-0.00103996,-0.00094291,-0.0002625,1685.95
0,233439,8,phononTS,0.000653674,0.000359342,0.000211991,-0.0002625,692.426,0.000382,1,0.000996347,0.000997774,0.0002625,1587.52
0,235021,5,phononTF,0.0006589,0.000347168,-0.00160558,-0.0002625,84.393,0.000382,1,-3.27926e-06,-0.00199637,0.0002625,529.408
0,241311,15,phononTF,0.00146219,0.0010008,-0.000996266,0.0002625,177.841,0.000640976,1,0.00127156,-0.00093129,-0.0002625,561.7
0,244051,31,phononTS,0.000412161,-0.0010026,0.000996322,0.000262498,2666.75,0.000412161,1,-0.0010779,0.00123927,-0.0002625,2874.14
0,244266,4,phononTS,0.00281196,-0.00100329,-0.000999114,0.0002625,514.077,0.000836141,1,-0.00192922,-0.00219702,-0.0002625,1619.09
0,244845,9,phononL,0.000736871,0.00100317,-0.00106986,-0.000262498,796.982,0.000382,1,0.000999351,-0.000995345,0.0002625,907.189
0,246047,5,phononL,0.000672954,0.000668244,-0.000881757,-0.0002625,1.17968,0.000382,1,-0.0010005,-0.00100394,0.0002625,444.397
0,251182,17,phononTF,0.000989956,0.000305622,-0.0017047,-0.000262498,621.009,0.000382,1,-2.52484e-06,-0.00200187,0.0002625,823.339
0,253443,7,phononTF,0.000727373,-0.000325515,-0.00176253,-0.0002625,387.506,0.000382,1,-0.00100101,-0.00100025,0.0002625,1327.41
0,259990,17,phononTF,0.00038997,0.00179321,-0.00224982,-0.0002625,2281.69,0.000382,1,0.00199612,-0.00199794,0.0002625,2648.31
0,259990,10,phononTS,0.00113699,0.000515736,-0.00118659,0.000262498,145.465,0.000673601,1,0.000577595,-0.00118814,-0.0002625,325.443
0,260577,10,phononTS,0.000514464,5.33699e-05,-2.47475e-05,-0.000262498,1270.79,0.000382,1,-1.3568e-06,-2.74801e-06,0.0002625,1432.96
0,262541,35,phononTS,0.000399094,0.000842661,-0.000951329,-0.0002625,3022.85,0.000382,1,0.00100182,-0.00100272,0.0002625,3593.84
0,270498,7,phononTF,0.0037672,0.000389464,-0.00244299,-7.58113e-05,873.312,0.000382,1,1.9653e-06,-0.00200236,0.0002625,1960.83
0,272442,8,phononTF,0.000405726,0.000894615,-0.00109241,-0.0002625,348.863,0.000382,1,0.000995188,-0.00099662,0.0002625,674.17
0,274905,9,phononTS,0.000899274,0.00100264,-0.000907375,-0.000262498,868.156,0.000382,1,0.000995319,-0.000995428,0.0002625,1031.5
0,276961,36,phononTS,0.000392413,0.00019588,-0.00156004,-0.0002625,911.709,0.000382,1,-4.22152e-06,-0.00200158,0.0002625,1770.72
0,277726,27,phononTS,0.000490236,0.00266546,-0.00193078,-0.000262498,2435.71,0.000382,1,0.00200387,-0.00199727,0.0002625,2747.69
0,277726,2,phononTF,0.00302962,0.000635316,-0.00112345,0.000262498,2.06675,0.000823092,1,0.000257224,-0.0014844,-0.0002625,223.301
0,278615,11,phononTS,0.000481741,0.000971613,-0.00107398,-0.000262498,936.567,0.000382,1,0.000996707,-0.00100004,0.0002625,1102.93
0,279676,4,phononTS,0.00182751,0.000612447,-0.000280091,-0.0002625,425.844,0.000382,1,2.64853e-06,6.34742e-09,0.0002625,1847.34
0,280371,24,phononTF,0.000686735,0.00299521,0.0010049,0.000262498,3174.74,0.000686735,1,0.00318966,0.00115897,-0.0002625,3347.55
0,282682,11,phononTF,0.0010963,-0.000278504,-0.000384454,-0.0002625,568.781,0.000764,1,3.86806e-06,-1.89161e-06,0.0002625,1240.86
0,282682,4,phononTF,0.000424131,0.000528922,-0.00125449,0.000262498,192.061,0.000424131,1,0.00120015,-0.000544382,-0.0002625,523.131
0,289834,19,phononTF,0.000637618,0.00077715,-0.000794047,-0.0002625,959.219,0.000382,1,0.000998937,-0.000999922,0.0002625,1328.19
0,291041,28,phononTS,0.00114518,-0.000511574,-0.00146189,-0.0002625,464.694,0.000382,1,-0.00200066,-0.00199781,0.0002625,1694.43
0,291041,29,phononTF,0.000662226,-0.00200066,-0.00199781,0.000262498,1694.43,0.000662226,1,-0.00218677,-0.00216798,-0.0002625,1869.18
0,291390,9,phononTF,0.000631881,-0.00104907,0.000986942,-0.000262498,1912.8,0.000382,1,-0.00300417,-0.00100107,0.0002625,2763.02
0,297757,22,phononTS,0.000504422,0.000928767,0.00107897,-0.000262498,2316.97,0.000382,1,0.00100313,0.00100335,0.0002625,2471.63
0,302142,10,phononTF,0.000516589,-2.11464e-06,-0.00200194,0.0002625,321.06,0.000516589,1,-0.00131275,-0.00275818,-0.0002625,1341.83
0,302142,8,phononL,0.000633158,0.000630271,-0.00112593,0.000262498,2.96643,0.000633158,1,0.000980307,-0.00106348,-0.0002625,124.685
0,307839,30,phononTS,0.000609192,0.00110456,-0.0029218,-0.0002625,1905.18,0.000382,1,0.000998619,-0.00300362,0.0002625,2264.11
0,309747,25,phononTS,0.00051114,0.00293046,0.000399969,-0.0002625,2773.86,0.000382,1,0.00300463,0.00100413,0.0002625,3367.87
0,317366,25,phononTS,0.000669107,0.000942394,-0.00170858,-0.000262498,624.978,0.000382,1,0.00100227,-0.00100206,0.0002625,948.352
0,318866,38,phononTF,0.000476394,-0.00284624,-0.000874576,-0.0002625,2773.63,0.000382,1,-0.00299571,-0.00100169,0.0002625,4799.07
0,323150,16,phononTS,0.000507193,-0.000255725,-0.00113206,-0.0002625,341.673,0.000382,1,-0.000999439,-0.000999329,0.0002625,1006.33
0,323150,4,phononTS,0.000719011,0.000632557,-0.00115915,0.000262498,31.2589,0.000534775,1,0.000578896,-0.00107183,-0.0002625,187.376
0,323416,29,phononTS,0.000703638,0.000280738,0.00079439,-0.0002625,5501.34,0.000382,1,0.00099597,0.000999343,0.0002625,6170.1
0,324122,14,phononTS,0.000493049,-0.00201904,-0.00240006,-0.0002625,3013.18,0.000382,1,-0.00199528,-0.00199908,0.0002625,3832.76
0,328027,29,phononTF,0.000849605,0.00121115,-0.00123052,-0.000262498,291.081,0.000382,1,0.00100204,-0.000997084,0.0002625,473.523
0,331832,2,phononL,0.00492856,0.000786953,-0.00110921,8.48627e-05,200.799,0.000764,1,0.000996346,-0.00100276,0.0002625,267.557
0,334352,20,phononTF,0.000999815,0.000869903,-0.0008397,-0.0002625,1694.02,0.000382,1,0.00100471,-0.000999693,0.0002625,2031.59
0,337343,15,phononTS,0.00042829,-1.2513e-06,-0.00199895,0.000262498,1558.22,0.00042829,1,4.61848e-05,-0.00220748,-0.0002625,1760.29
0,341543,33,phononTS,0.000580245,-3.46187e-05,-0.00203523,-0.000262498,2414.1,0.000382,1,-4.82684e-06,-0.00200281,0.0002625,2577.64
0,347174,31,phononTS,0.000492852,0.00312436,0.00276352,-0.0002625,5408.63,0.000382,1,0.00200168,0.00200104,0.0002625,6516.13
0,350251,12,phononTS,0.0018271,0.00208092,-0.00202792,-0.0002625,805.061,0.000764,1,0.00199645,-0.00199655,0.0002625,1122.47
0,350576,4,phononTS,0.00130673,0.00100109,-0.00300322,0.0002625,26.4894,0.000350231,1,0.00117542,-0.00395167,-0.0002625,1193.1
0,351059,7,phononTS,0.000834608,0.000816774,-0.00207091,-0.0002625,17.4849,0.000382,1,0.00100306,-0.0030024,0.0002625,785.16
0,353149,32,phononTS,0.000859798,0.00108239,-0.00107521,-0.0002625,462.063,0.000382,1,0.00100261,-0.000998881,0.0002625,770.973
0,355455,3,phononTS,0.00396279,0.000981214,-0.000964048,0.000208865,5.29994,0.001146,1,0.00100204,-0.000998632,0.0002625,167.712
0,355455,13,phononTS,0.000423903,0.00100204,-0.000998632,0.000262498,167.712,0.000423903,1,0.000921388,-0.000984508,-0.0002625,328.71
0,356965,21,phononTS,0.000556193,-6.64084e-05,-0.00081777,-0.0002625,394.192,0.000382,1,-0.000998875,-0.00100138,0.0002625,1162.61
0,363249,5,phononTS,0.000869161,0.00195776,-0.00139621,-0.0002625,48.9259,0.000764,1,0.00199829,-0.00200286,0.0002625,898.62
0,365267,4,phononTF,0.00293929,0.000462974,-0.00141207,-0.0002625,18.9453,0.000764,1,1.86812e-06,-0.00200172,0.0002625,521.785
0,367209,7,phononTS,0.000478796,0.000995353,-0.00100343,0.0002625,194.415,0.000478796,1,0.00130774,0.000589392,-0.0002625,1061.39
0,367758,17,phononTF,0.000495031,0.005,-0.000882616,-6.4239e-05,7377.29,0.000382,1,-3.80092e-06,-4.82875e-07,0.0002625,12054.1
0,373447,16,phononTF,0.00105028,0.000152199,0.000132782,-0.0002625,1239.78,0.000382,1,3.76712e-06,5.15768e-07,0.0002625,1574.98
0,374772,11,phononTF,0.000796916,-0.000790804,-0.00112204,-0.0002625,739.984,0.000382,1,-0.000996361,-0.00100387,0.0002625,1455.47
0,377976,11,phononTS,0.000634521,2.72759e-05,-0.00179889,-0.000262498,2064.5,0.000382,1,3.35759e-06,-0.00200492,0.0002625,2268.21
0,384816,3,phononTS,0.00525968,0.000974327,-0.00100623,0.000239028,5.73428,0.000764,1,0.00100295,-0.0010014,0.0002625,129.185
0,384816,7,phononTF,0.00111335,0.00100295,-0.0010014,0.000262498,129.185,0.00079763,1,0.000805922,-0.00120975,-0.0002625,309.257
0,386509,2,phononTS,0.00397853,0.000961383,-0.000866333,0.000182932,1.42675,0.001528,1,0.00099734,-0.000996687,0.0002625,214.493
0,387904,5,phononTS,0.000676608,0.000366719,-0.00105836,-0.0002625,49.2071,0.000382,1,-1.8186e-06,1.37918e-06,0.0002625,729.682
0,390215,5,phononTF,0.00199205,0.00122384,-0.00117749,-0.000221916,73.4556,0.000382,1,0.00100368,-0.00100172,0.0002625,551.886
0,393293,2,phononTS,0.00355111,0.00160195,-2.14632e-05,-0.0002625,196.222,0.000382,1,0.00200487,-4.76907e-06,0.0002625,2192.85
0,394979,7,phononTF,0.0006053,0.000308855,-0.000117622,-0.0002625,810.029,0.000382,1,-2.45252e-06,6.22331e-07,0.0002625,1214.77
0,396181,8,phononTS,0.000444023,-2.45416e-05,-6.58333e-05,-0.000262498,607.147,0.000382,1,-2.64528e-06,4.18927e-06,0.0002625,773.148
0,396265,5,phononTS,0.00364095,0.000540687,-0.000833245,0.000190109,863.311,0.000764,1,-6.32904e-07,3.54887e-07,0.0002625,1221.46
0,397071,12,phononTS,0.00082455,0.000242537,-0.00162003,-0.0002625,309.669,0.000382,1,-4.4146e-06,-0.00199536,0.0002625,868.144
0,399574,9,phononL,0.000503354,0.000273606,-0.000689495,-0.0002625,406.257,0.000382,1,-1.52959e-06,2.4487e-06,0.0002625,748.156
0,399859,15,phononTS,0.000415838,0.00122444,0.00030807,-0.000262498,728.718,0.000382,1,0.0010036,0.0010023,0.0002625,1080.93
0,403674,17,phononTS,0.000420089,0.000999469,-0.00100108,0.000262498,2094.62,0.000420089,1,0.000963973,-0.000978415,-0.0002625,2258.64
0,404848,3,phononTS,0.0062466,0.000877113,-0.00103663,0.00018063,2.70426,0.002292,1,0.00100274,-0.00100286,0.0002625,476.68
0,406698,11,phononTS,0.00326963,0.000996629,-0.00100072,0.0002625,202.687,0.00277928,1,0.00115766,-0.00201518,-0.0002625,756.468
0,414286,10,phononTS,0.000732267,0.00175163,0.00167031,-0.000262498,979.34,0.000382,1,0.00299987,0.00100354,0.0002625,1548.18
0,415263,23,phononL,0.000866296,0.00016282,-0.000567215,-0.000262498,592.724,0.000382,1,-3.17802e-06,4.05244e-06,0.0002625,739.959
0,415263,15,phononL,0.000652908,0.000718906,-0.00109217,0.000262498,69.8031,0.000652908,1,0.000222636,-0.00115467,-0.0002625,204.697
0,417009,20,phononTS,0.000492286,0.00121653,0.00107133,-0.0002625,10950.3,0.000382,1,0.00100284,0.000997898,0.0002625,11352.7
0,418342,31,phononL,0.000925847,3.3562e-06,-0.00200197,0.000262498,800.906,0.000329671,1,0.00065122,-0.00165629,-0.0002625,971.815
0,420719,23,phononTF,0.000969782,0.0010011,-0.00299955,0.0002625,1849.43,0.000969782,1,0.000479653,-0.00255885,-0.0002625,3126.84
0,429019,14,phononTS,0.00112028,2.38545e-05,-0.00207824,-0.0002625,700.871,0.000382,1,-2.94725e-06,-0.00199679,0.0002625,1179.15
0,431819,24,phononL,0.000384445,0.00246286,-0.00206786,-0.000262498,1411.58,0.000382,1,0.00200064,-0.00200475,0.0002625,1542.94
0,431857,15,phononTF,0.000469584,0.00173561,-0.000321441,-0.000262498,1290.82,0.000382,1,0.00199852,-3.92307e-06,0.0002625,1489.2
0,434247,22,phononTF,0.000578318,0.000997182,-0.00100001,0.000262498,635.42,0.000578318,1,0.00122989,-0.000805253,-0.0002625,816.034
0,434247,3,phononTF,0.00162381,0.000635431,-0.0011297,0.000262498,2.47436,0.000642079,1,-4.59142e-05,-0.00183977,-0.0002625,337.631
0,434746,11,phononTS,0.000815497,7.29052e-05,-6.91929e-05,-0.000262498,790.679,0.000382,1,4.27842e-06,1.18772e-06,0.0002625,945.89
0,445528,12,phononTF,0.000855532,0.00117927,-0.000821958,-0.0002625,1186.4,0.000382,1,0.000995126,-0.00100387,0.0002625,1612.43
0,450082,13,phononTS,0.00394729,0.00203821,-0.00207334,0.000228508,2028.66,0.001146,1,0.00200089,-0.00200378,0.0002625,2069.92
0,453960,24,phononTF,0.00053189,-3.17836e-06,-0.00199917,0.000262498,808.857,0.00053189,1,-0.000792062,-0.00128219,-0.0002625,1163.16
0,456700,13,phononTS,0.000579219,1.63316e-05,6.69102e-05,-0.000262498,1322.82,0.000382,1,-2.10244e-06,-1.36777e-06,0.0002625,1489.06
0,456700,9,phononTF,0.00055142,0.00061059,-0.00112802,0.000262498,9.05346,0.00055142,1,0.000752524,-0.00100664,-0.0002625,175.573
0,461967,19,phononTF,0.000975018,0.00100031,-0.000997963,0.0002625,1210.24,0.000680199,1,0.000401267,-0.00157304,-0.0002625,2269.9
0,462505,11,phononTS,0.00154139,0.000921617,-0.00107711,-0.0002625,1212.17,0.000382,1,0.000998009,-0.000996951,0.0002625,1605.97
0,463801,15,phononTS,0.000483543,0.001953,-0.00202971,-0.0002625,2863.14,0.000382,1,0.0019965,-0.00199839,0.0002625,3203.02
0,468369,16,phononTF,0.000649431,0.000913592,-0.00279708,-0.000262498,1831.33,0.000382,1,0.00100319,-0.00300248,0.0002625,2009.69
0,469718,27,phononL,0.000391936,0.000570104,-0.00104968,-0.000262498,193.095,0.000382,1,0.000999553,-0.000998185,0.0002625,321.137
0,473227,3,phononTF,0.00160561,0.000751339,-0.00128003,-0.0002625,10.1504,0.000382,1,0.00100494,-0.00100467,0.0002625,371.076
0,475701,22,phononTS,0.00102402,0.00199047,-0.00213521,-0.0002625,1384.37,0.000382,1,0.00200309,-0.00200428,0.0002625,1764.66
0,480158,12,phononTF,0.000578992,0.000923249,-0.00093357,-0.0002625,659.126,0.000382,1,0.000997027,-0.00100248,0.0002625,978.526
0,480158,7,phononTS,0.00175193,0.000751672,-0.00112881,0.000262498,274.364,0.000468412,1,0.00177628,-0.000955247,-0.0002625,684.991
0,482883,23,phononL,0.000440847,0.00300262,0.000995693,0.000262498,3253.98,0.000440847,1,0.00268206,0.000769673,-0.0002625,3379.14
0,483155,15,phononL,0.000397397,0.000793368,-0.00214857,-0.0002625,685.932,0.000382,1,0.000998488,-0.0030021,0.0002625,1007.68
0,486283,21,phononTS,0.00148273,0.00300406,0.00100284,0.0002625,2281.58,0.00131614,1,0.00294554,0.000923194,-0.0002625,2790.93
0,486915,16,phononTS,0.000492561,-0.000997048,0.00100093,0.0002625,2229.44,0.000492561,1,-0.00054821,0.00157245,-0.0002625,2950.92
0,488231,12,phononTF,0.000781367,0.000719791,-0.00122806,-0.000262498,356.076,0.000382,1,0.00100105,-0.000999052,0.0002625,545.708
0,488453,13,phononL,0.000722933,0.00119493,-0.000554225,-0.000262498,714.731,0.000382,1,0.00100088,-0.000997088,0.0002625,848.749
0,488453,2,phononTF,0.00452392,0.0005156,-0.00122815,-0.000221474,217.883,0.00126208,1,0.000483943,-0.0012143,-0.0002625,371.777
0,488491,34,phononTF,0.000460434,0.00100083,-0.00100471,0.000262498,443.972,0.000460434,1,0.000169775,-0.005,0.000148049,1694.28
0,488491,2,phononTS,0.000939765,0.00067988,-0.00115184,0.000262498,68.3816,0.000939765,1,0.00248547,0.000546055,-0.0002625,906.707
0,488802,5,phononTS,0.00136673,0.000835319,-0.00105528,-0.0002625,33.7565,0.000382,1,0.00099954,-0.000997827,0.0002625,418.176
0,493879,20,phononTS,0.000421774,-0.00172551,0.000957807,-0.0002625,1919.81,0.000382,1,-0.000997043,0.00299724,0.0002625,2937.8
0,499492,3,phononTS,0.00318716,0.000625566,-0.00118162,0.000203989,97.1049,0.000764,1,0.00100291,-0.000995577,0.0002625,256.72
0,514574,23,phononTS,0.00047413,0.00100471,-0.000999176,0.0002625,884.105,0.00047413,1,0.000405421,2.21368e-05,-0.0002625,2043.29
0,514987,4,phononTS,0.00209397,0.000958506,-0.000952366,-0.000262498,1051.11,0.000382,1,0.0010024,-0.00100278,0.0002625,1222.64
0,515490,2,phononL,0.00445965,-0.000366731,-0.00107117,-4.17301e-05,9.22298,0.000382,1,-0.000998444,-0.000995779,0.0002625,986.026
0,515490,15,phononTF,0.00376299,-0.000998444,-0.000995779,0.000262498,986.026,0.000940622,1,-0.000713823,-0.00134512,-0.0002625,1191.3
0,516766,19,phononTS,0.000822981,0.000592586,-0.000934852,-0.000262498,195.447,0.000382,1,0.00099542,-0.00100313,0.0002625,440.693
0,518000,32,phononTS,0.000396797,0.000973444,-0.00189112,-0.0002625,4021.56,0.000382,1,0.000999477,-0.00100413,0.0002625,5538.38
0,523949,29,phononTS,0.000403704,0.000557651,-0.00106023,-0.000262498,239.644,0.000382,1,0.0010006,-0.0010035,0.0002625,495.703
0,528555,5,phononTS,0.00488296,0.000927193,-0.000917579,0.000247521,252.525,0.000764,1,0.000995383,-0.000996316,0.0002625,291.64
0,533728,10,phononTS,0.000412055,0.000999815,-0.00100086,0.0002625,164.209,0.000412055,1,0.00120643,-0.000460307,-0.0002625,786.447
0,537776,29,phononTS,0.000426867,0.000351401,-0.000948464,-0.0002625,1129.09,0.000382,1,0.00100191,-0.000998249,0.0002625,1768.66
0,540315,2,phononTF,0.0035384,0.000930391,-0.000926311,0.000237923,96.8338,0.001146,1,0.00100263,-0.000995611,0.0002625,263.886
0,540315,20,phononTS,0.00161525,0.000645057,-0.00119018,-9.04415e-06,454.758,0.000609561,1,0.000597768,-0.00116141,-0.0002625,627.632
0,541385,15,phononTF,0.000463991,-0.00122518,-0.00131959,-0.000262498,1710.51,0.000382,1,4.05941e-06,5.20101e-07,0.0002625,2270.71
0,541385,12,phononTS,0.00229227,-0.000787767,-0.00140866,0.000262498,1457.86,0.00160774,1,-0.000793211,-0.00144406,-0.0002625,1626.69
0,541696,19,phononTS,0.00055771,0.000903815,-0.00224229,-0.0002625,1349.09,0.000382,1,0.00100152,-0.00300024,0.0002625,2022.95
0,541696,15,phononTS,0.000847539,0.000654983,-0.00122431,0.000262498,307.548,0.000847539,1,0.000726818,-0.00121283,-0.0002625,469.52
0,541696,14,phononTS,0.00113882,0.000654983,-0.00122431,0.000262498,307.548,0.000528778,1,0.000702781,-0.0013144,-0.0002625,464.146
0,542464,20,phononTS,0.000797238,0.00120957,-6.35838e-05,-0.0002625,2003.47,0.000382,1,0.000997132,-0.000995388,0.0002625,2769.79
0,547045,21,phononTS,0.000677214,-5.14014e-05,-7.29306e-05,-0.000262498,1041.87,0.000382,1,-1.67622e-06,3.27546e-06,0.0002625,1199.2
0,551386,18,phononL,0.0030788,0.00145994,0.00199125,1.7605e-05,2235.05,0.000764,1,3.17813e-06,0.00200391,0.0002625,2598.39
0,552097,14,phononTF,0.00102658,0.00213284,-0.00187577,-0.0002625,1107.23,0.000382,1,0.00199895,-0.00200118,0.0002625,1439.45
0,553724,26,phononTS,0.000826191,0.00132212,-0.00184738,-0.000262498,578.3,0.000382,1,0.00100332,-0.00100469,0.0002625,983.715
0,556997,21,phononTS,0.00197049,0.000849269,-0.00214044,-0.0002625,140.839,0.000764,1,0.00100282,-0.0029969,0.0002625,915.573
0,558273,3,phononTF,0.00498387,0.000714418,-0.00113581,0.000183464,73.5418,0.001146,1,0.000996412,-0.00099594,0.0002625,200.782
0,563651,16,phononTF,0.00153555,0.000880525,-0.000991601,-0.0002625,324.203,0.000382,1,0.00099624,-0.00100195,0.0002625,651.73
0,563651,17,phononTF,0.00110286,0.00099624,-0.00100195,0.000262498,651.73,0.000396364,1,0.000242612,-0.00194743,-0.0002625,1060.59
0,564878,17,phononTF,0.00154515,0.00144259,-0.000593488,-0.0002625,507.95,0.000764,1,0.0019985,-3.12264e-07,0.0002625,1085.52
0,565930,20,phononTS,0.000415745,-0.000562238,0.000330895,-0.000262498,1428.24,0.000382,1,-0.000996545,-0.00100248,0.0002625,2000.89
0,567952,24,phononTF,0.000579538,0.000312689,-0.00164682,-0.0002625,356.462,0.000382,1,-3.41276e-06,-0.00200089,0.0002625,780.728
0,569478,12,phononTF,0.000537161,0.00024685,0.000192614,-0.000262498,5690.86,0.000382,1,2.33802e-06,-2.63457e-06,0.0002625,5872.53
0,570195,9,phononTS,0.000791289,0.00094716,-0.000914694,-0.000262498,235.38,0.000382,1,0.000996855,-0.000998783,0.0002625,392.166
0,570800,20,phononTF,0.000859282,0.000748797,-0.0011929,-0.000262498,226.411,0.000382,1,0.00100016,-0.00100053,0.0002625,416.42
0,570800,7,phononTS,0.000780167,0.000669129,-0.00110438,0.000262498,72.427,0.000469122,1,0.00081267,8.59392e-05,-0.0002625,554.525
0,574211,21,phononTS,0.000803588,-0.00123234,-0.000806541,-0.000262498,2042.59,0.000382,1,1.33036e-07,2.07882e-06,0.0002625,2597.86
0,575995,8,phononTS,0.000540578,0.00111473,-0.000943124,-0.0002625,1150.86,0.000382,1,0.00100485,-0.000997377,0.0002625,1487.61
0,579262,2,phononTS,0.000461145,0.000960087,-0.00107164,-0.0002625,19.8456,0.000382,1,0.000995583,-0.000995831,0.0002625,404.139
0,579663,23,phononTF,0.00117111,0.00300408,0.00100202,0.0002625,217.764,0.00067229,1,0.00377415,0.00175697,-0.0002625,1661.82
0,582599,13,phononTS,0.000453962,0.0023771,-0.000772132,-0.0002625,1505.99,0.000382,1,9.52233e-07,0.00200248,0.0002625,2820.26
0,584375,5,phononTF,0.00290781,0.000214787,-0.000989834,-7.18979e-05,60.8427,0.000764,1,4.04763e-06,0.0020016,0.0002625,1225.21
0,584694,22,phononTF,0.00121093,-0.000248837,-0.000330713,-0.000262498,846.047,0.000382,1,3.2579e-06,-2.63381e-06,0.0002625,1055.7
0,586452,14,phononTF,0.000572887,0.00093098,-0.00108752,-0.0002625,173.88,0.000382,1,0.00100291,-0.00100311,0.0002625,654.834
0,588241,24,phononL,0.00160655,-0.00133937,-0.00101028,-0.000262498,1758.25,0.000382,1,-0.000996557,-0.00100398,0.0002625,1879.02
0,589759,14,phononTF,0.000409254,-0.000316077,-0.000468547,-0.0002625,1554.31,0.000382,1,1.30627e-06,1.53089e-06,0.0002625,2052.24
0,591188,33,phononTF,0.000397433,0.00158887,-0.000333731,-0.000262498,1346.78,0.000382,1,0.00299782,0.00100121,0.0002625,1947.05
0,591873,27,phononTF,0.00151701,6.85779e-05,-9.00958e-05,-0.0002625,613.102,0.000382,1,-2.95949e-06,2.11406e-06,0.0002625,934.06
0,593651,20,phononTS,0.000630758,0.00100083,-0.00299912,0.000262498,774.58,1.20924e-05,1,0.00119837,-0.00294566,-0.0002625,972.645
0,597814,9,phononTS,0.000452094,0.000995495,-0.00099889,0.000262498,1244.72,0.000452094,1,0.000920648,-0.000924339,-0.0002625,1399.4
0,598782,22,phononTF,0.000460982,0.0010043,-0.00099764,0.0002625,867.517,0.000460982,1,0.000755653,-0.000800369,-0.0002625,1232.02
0,599165,19,phononTS,0.00144696,0.000999913,-0.00100108,0.000262498,449.034,0.00144696,1,0.00203503,0.000422929,-0.0002625,1091.1
0,599988,16,phononTS,0.00042615,-0.000435059,-0.00204039,-0.000262498,2697,0.000382,1,0.00200222,-0.00200011,0.0002625,3701.09
0,602630,6,phononTS,0.000484139,0.000781942,-0.000483264,-0.000262498,341.124,0.000382,1,0.000995248,0.000998061,0.0002625,965.648
0,609138,27,phononTS,0.000433117,0.00306381,0.000912624,-0.0002625,1734.26,0.000382,1,0.00299701,0.00100426,0.0002625,2043.82
0,609838,4,phononTF,0.000972438,0.000872756,-0.00106907,-0.0002625,141.241,0.000382,1,0.000995698,-0.00100417,0.0002625,471.269
0,611990,9,phononTS,0.00150402,-3.35301e-06,-0.0019994,0.0002625,166.974,0.00112704,1,-0.000757518,-0.00276522,-0.0002625,1102.36
0,616554,11,phononTS,0.00039598,0.000966199,-0.000941432,-0.000262498,432.084,0.000382,1,0.00100019,-0.000996196,0.0002625,589.061
0,618532,24,phononTS,0.000649366,0.0010732,0.000927517,-0.000262498,1172.93,0.000382,1,0.000996122,0.00100314,0.0002625,1327.49
0,621446,22,phononTS,0.000976403,3.5907e-06,0.00200328,0.000262498,1582.19,0.000753582,1,-5.44069e-05,0.00148835,-0.0002625,1856.62
0,623891,34,phononTS,0.00111767,0.00161056,-0.00145551,-0.0002625,1614.25,0.000382,1,0.000999934,-0.00300404,0.0002625,3716.8
0,630226,19,phononTS,0.000492141,-0.0010042,-0.00100184,0.000262498,789.145,0.000492141,1,-0.00233883,-0.00266948,-0.0002625,1591.82
0,632287,19,phononTS,0.000395958,-0.00119208,-0.000823626,-0.000262498,3773.58,0.000382,1,2.02606e-06,-1.99781e-06,0.0002625,4315.99
0,632642,8,phononTS,0.00213117,0.000964519,-0.000912124,-0.0002625,832.274,0.000764,1,0.00100304,-0.0009967,0.0002625,1168.38
0,632919,23,phononTS,0.000501052,0.000999427,-0.0010011,0.000262498,510.792,0.000501052,1,0.0010523,-0.00108654,-0.0002625,681.038
0,633360,11,phononTS,0.000479919,0.00223619,-0.000491693,-0.000262498,1169.25,0.000382,1,0.00099903,-0.000998361,0.0002625,1708.23
0,633360,7,phononTS,0.00203918,0.00064091,-0.00111432,0.000262498,5.83386,0.000890026,1,0.000577168,-0.00102544,-0.0002625,161.021
0,633739,13,phononTF,0.00149578,0.005,0.000811644,-1.26185e-05,2644.73,0.000382,1,0.000997613,-0.000997643,0.0002625,5466.63
0,636646,2,phononTF,0.00387207,0.0011117,-0.000918304,-0.000229719,12.078,0.000382,1,0.00099758,-0.00100286,0.0002625,2559.88
0,636646,14,phononTS,0.000923737,0.00099758,-0.00100286,0.000262499,2559.88,0.000652075,1,-0.00106783,0.000313628,-0.0002625,3460.37
0,636646,13,phononTS,0.00152577,0.00099758,-0.00100286,0.000262499,2559.88,0.000811851,1,0.000975867,-0.00107824,-0.0002625,2715.13
0,637594,10,phononTF,0.00260848,0.0010016,-0.000999503,0.0002625,280.732,0.000588781,1,0.00119808,-0.00116656,-0.0002625,592.795
0,638814,10,phononTS,0.000495386,0.00200286,-0.00199743,0.0002625,1293.69,0.000495386,1,0.00192584,-0.00192246,-0.0002625,1602.88
0,639615,15,phononTF,0.000550036,-3.48546e-06,3.25403e-07,0.000262498,3640.77,0.000550036,1,0.000169423,0.000180907,-0.0002625,3814.47
0,644505,21,phononTS,0.000458997,-0.000726952,-0.00180062,-0.000262498,2435.54,0.000382,1,0.00199727,3.72344e-06,0.0002625,3600.07
0,644690,29,phononTF,0.000711924,0.00185865,-0.00211899,-0.0002625,889.066,0.000382,1,0.00199731,-0.00199839,0.0002625,1221.14
0,651659,3,phononTF,0.00440103,0.00103474,-0.00103166,0.000246418,231.703,0.001146,1,0.000999202,-0.000995397,0.0002625,389.88
0,652151,19,phononTS,0.000425306,0.000921902,-0.000913008,-0.000262498,286.651,0.000382,1,0.00100078,-0.00099538,0.0002625,441.053
0,655828,15,phononTS,0.000390073,0.00110829,-0.000951894,-0.0002625,1766.69,0.000382,1,2.82505e-06,1.41383e-07,0.0002625,3270.35
0,662435,13,phononTS,0.000467068,0.00100486,-0.00299623,0.000262498,771.694,0.000467068,1,0.000564493,-0.00293582,-0.0002625,1025.66
0,665830,15,phononTF,0.000425096,0.000564065,-0.00144182,-0.0002625,792.521,0.000382,1,0.00100213,-0.00100262,0.0002625,1534.23
0,668270,17,phononTS,0.00166832,2.37127e-05,-0.00190972,-0.000262498,478.68,0.000764,1,-3.85797e-08,-0.00199653,0.0002625,655.88
0,673358,26,phononTF,0.000815919,0.00145615,-0.000625595,-0.0002625,981.808,0.000382,1,0.00100303,-0.00100428,0.0002625,1450.63
0,676231,4,phononTF,0.00236833,0.000545855,-0.00117992,0.000154659,11.4961,0.000764,1,0.000998947,0.000995487,0.0002625,723.566
0,676487,32,phononTF,0.000732038,0.00064423,-0.000648979,-0.0002625,1764.18,0.000382,1,0.000996087,-0.000996733,0.0002625,2195.16
0,679408,14,phononTS,0.000686866,0.00100655,-6.71755e-05,-0.0002625,335.85,0.000382,1,0.00100433,0.00100374,0.0002625,1205.4
0,679733,23,phononTF,0.000413794,-0.00284191,-0.005,0.000173017,991.102,0.000413794,1,-0.00266377,-0.00482496,-0.0002625,2822.26
0,680325,16,phononTS,0.000438311,5.79995e-05,-0.00205494,-0.000262499,1269.15,0.000382,1,3.94603e-06,-0.00200358,0.0002625,1428.22
0,680325,14,phononL,0.00069161,-0.000173719,-0.00172941,0.000262498,1003.29,0.000498666,1,-0.000329713,-0.000965983,-0.0002625,1177.02
0,680996,17,phononTS,0.00042213,-0.000944489,-0.000942876,-0.0002625,763.684,0.000382,1,-0.00099998,-0.000999104,0.0002625,1110.09
0,684805,24,phononTF,0.00106761,0.00148458,0.000503811,-0.0002625,2214.7,0.000382,1,0.00100458,0.000995214,0.0002625,2738.14
0,686330,17,phononTS,0.000504342,4.18613e-05,-0.00147981,-0.0002625,418.991,0.000382,1,-3.18551e-06,-0.00199801,0.0002625,987.973
0,686330,3,phononTS,0.00230532,0.000634872,-0.00112383,0.000262498,3.6524,0.000709049,1,0.00159773,-0.000991392,-0.0002625,418.634
0,687323,32,phononL,0.00146586,-0.00108066,-0.00156015,-0.000262498,1583.17,0.000764,1,-0.000998637,-0.00100252,0.0002625,1725.55
0,689725,22,phononTS,0.00129047,0.00200337,-0.00200145,0.0002625,623.259,0.000803534,1,0.00192136,-0.00256636,-0.0002625,1195.34
0,691712,14,phononTS,0.00289098,0.00106211,-0.00107244,-0.0002625,53.2158,0.000382,1,0.00100369,-0.000997439,0.0002625,900.211
0,694151,15,phononTF,0.00052631,0.00121419,-0.00117783,-0.000262498,303.581,0.000382,1,0.000999487,-0.00100388,0.0002625,480.252
0,694151,2,phononTS,0.000467446,0.000655118,-0.0011354,0.000262498,26.9811,0.000467446,1,0.000666304,-0.00106886,-0.0002625,191.527
0,694548,27,phononTF,0.000424085,0.00129118,-0.00324872,-0.000262498,1465.95,0.000382,1,0.00100154,-0.00299703,0.0002625,1659.72
0,695498,20,phononTS,0.000707816,0.0010537,-0.00094881,-0.000262498,1141.45,0.000382,1,0.00100034,-0.000996114,0.0002625,1313.23
0,695499,3,phononTS,0.00743844,0.000535002,-0.00157347,-0.000238693,32.9782,0.0015565,1,0.00053573,-0.00156946,-0.0002625,1614.93
0,695838,12,phononTF,0.000431216,0.00141177,-0.000506617,-0.0002625,678.02,0.000382,1,0.00200217,9.50114e-07,0.0002625,1235.63
0,696048,12,phononTS,0.000482812,0.0014664,-0.000293544,-0.000262498,642.315,0.000382,1,4.06895e-06,-0.00199922,0.0002625,1422.59
0,699225,3,phononTS,0.00322258,0.00187506,-0.00212095,1.21958e-05,47.6888,0.000764,1,0.00199758,-0.00199767,0.0002625,718.309
0,699886,13,phononTF,0.000388873,-0.000145287,0.00228901,-0.0002625,2374.44,0.000382,1,1.68591e-06,0.00199584,0.0002625,2771.18
0,706403,24,phononTS,0.00120421,0.00107329,-0.00119712,-0.0002625,1072.68,0.000382,1,0.00100073,-0.000998439,0.0002625,1483.57
0,709443,2,phononTS,0.00378818,0.000798201,-0.00106816,-0.0002625,65.578,0.000382,1,0.000999828,-0.000999657,0.0002625,462.739
0,712593,24,phononTS,0.000591165,-0.000537248,-0.000653681,-0.0002625,560.146,0.000382,1,0.000999861,-0.000998759,0.0002625,1368.82
0,713658,34,phononTS,0.000500812,2.10276e-06,-0.00199612,0.000262498,993.556,0.000500812,1,-2.51192e-05,-0.00199095,-0.0002625,1157.84
0,724915,2,phononTF,0.00134218,0.000937271,-0.00105535,1.06987e-05,113.13,0.000382,1,0.00100104,-0.00100406,0.0002625,322.897
0,728154,5,phononTS,0.0015728,9.47471e-05,-0.00155178,-0.0002625,660.644,0.000382,1,1.76276e-06,-0.00200292,0.0002625,1172.48
0,728154,6,phononTS,0.000882455,1.76276e-06,-0.00200292,0.000262498,1172.48,0.000380119,1,-0.000157744,-0.00199455,-0.0002625,1363.31
0,728571,21,phononTF,0.000492757,0.00180531,-0.00184091,-0.000262498,843.914,0.000382,1,0.000997118,-0.00099611,0.0002625,1226.54
0,738574,13,phononTS,0.000608099,0.00213741,0.00318049,-0.0002625,2884.72,0.000382,1,1.87235e-06,0.0020026,0.0002625,4722.6
0,739199,14,phononTS,0.000501376,0.000806257,-0.00206596,-0.0002625,101.48,0.000382,1,0.00100183,-0.00300413,0.0002625,872.476
0,740104,13,phononTS,0.000445173,0.00143424,-0.000624648,-0.0002625,792.666,0.000382,1,0.00199791,-4.3986e-06,0.0002625,1371.75
0,743326,16,phononTS,0.000713789,0.00100306,-0.000997126,0.000262498,1150.37,0.000713789,1,0.000918159,-0.000913386,-0.0002625,1304.29
0,743868,33,phononTS,0.000634002,-4.86702e-06,-0.00200358,0.000262498,2606.26,0.000634002,1,0.000938032,-0.00180262,-0.0002625,3023.22
0,746581,14,phononTF,0.0006921,0.00137859,-0.00137816,-0.0002625,1042.27,0.000382,1,0.00199882,-0.00199867,0.0002625,1518.22
0,759127,13,phononTF,0.00338229,-0.000987146,-0.000952632,9.38113e-05,1285.23,0.001146,1,-0.000997543,-0.00100208,0.0002625,1956.23
0,759534,7,phononTF,0.00120456,0.000903728,-0.0011044,-0.0002625,738.871,0.000382,1,0.00099966,-0.00100356,0.0002625,1064.83
0,759701,8,phononTS,0.000839251,0.00100128,-0.000997947,0.0002625,548.077,0.000528514,1,0.00051565,-0.000201868,-0.0002625,1125.24
0,759701,6,phononTS,0.0006489,0.000568385,-0.00110616,0.000262498,426.315,0.0006489,1,0.0037308,-0.00298352,-0.0002625,1706.42
0,761308,6,phononL,0.000656756,-0.0007338,-0.00122393,-0.0002625,1450.13,0.000382,1,-0.000996171,-0.000999137,0.0002625,1692.86
0,763070,15,phononL,0.000576137,0.00127457,-0.00124962,-0.000262498,310.101,0.000382,1,0.00100478,-0.000999542,0.0002625,433.239
0,764441,12,phononTS,0.00046913,0.00138395,-0.00295085,-0.0002625,1303.32,0.000382,1,0.000998911,-0.00300026,0.0002625,1787.76
0,768983,11,phononTF,0.000969585,0.000863705,-0.00114372,-0.0002625,108.569,0.000764,1,0.000999084,-0.000995105,0.0002625,448.213
0,771293,23,phononTF,0.000579416,-2.76746e-06,-0.00199789,0.000262498,1018.68,0.000579416,1,0.000493152,-0.00156231,-0.0002625,1269.65
0,772469,16,phononTS,0.000556522,0.000401354,-0.00042479,-0.000262498,804.189,0.000382,1,6.82553e-07,-2.12539e-06,0.0002625,1122.85
0,775163,15,phononTS,0.00223271,-0.000805558,-0.00121712,0.000160551,3914.24,0.000865454,1,-0.000736142,-0.00147957,-0.0002625,4189.7
0,777270,18,phononTF,0.000460006,0.00032468,-0.00154494,-0.000262498,440.6,0.000382,1,0.000995855,-0.00100024,0.0002625,756.509
0,777270,6,phononTF,0.0012413,0.000611266,-0.00120311,0.000262498,136.205,0.000706501,1,0.000233983,-0.00151079,-0.0002625,348.478
0,777988,39,phononTF,0.00118162,0.00218207,-0.00216995,-0.000262498,933.217,0.000382,1,0.00200144,-0.00200298,0.0002625,1108.93
0,780099,9,phononTS,0.00108989,3.60465e-06,-2.83428e-06,0.000262498,1300.38,0.000622622,1,-0.000306848,-1.89031e-05,-0.0002625,1527.78
0,780357,11,phononTS,0.000661488,0.000982602,0.00151684,-0.0002625,3001.22,0.000382,1,0.00200146,0.00200119,0.0002625,3843.35
0,781393,7,phononTS,0.000758044,0.00116472,-0.000928492,-0.000262498,752.459,0.000382,1,0.000997236,-0.00100348,0.0002625,944.046
0,794745,21,phononTF,0.000790173,4.1495e-06,-3.87994e-06,0.0002625,1421.66,0.000606893,1,-0.000433633,0.000478782,-0.0002625,1923.04
0,797633,3,phononTF,0.00505547,0.00107653,-0.000916793,0.000157307,483.212,0.000382,1,0.000999898,-0.00100337,0.0002625,701.821
0,797774,7,phononTS,0.000629594,0.000996278,-0.00100057,0.000262498,2239.68,0.000629594,1,0.001043,-0.00117861,-0.0002625,2433.86
0,797882,7,phononTS,0.000997522,-0.000182829,-0.00114062,-0.0002625,337.759,0.000382,1,-2.73961e-06,-0.00199511,0.0002625,997.617
0,797882,18,phononTS,0.000566621,-2.73961e-06,-0.00199511,0.000262498,997.617,0.000566621,1,9.56534e-05,-0.00255517,-0.0002625,1271.52
0,800637,24,phononTS,0.000535791,-0.00192293,-0.00191957,-0.0002625,1571.35,0.000382,1,-0.00200361,-0.00199559,0.0002625,1880.25
0,811052,9,phononTF,0.000648243,0.000795431,-0.000829786,-0.000262498,407.837,0.000382,1,0.000997271,-0.00100391,0.0002625,583.443
0,814965,24,phononTS,0.000459608,-7.10606e-05,-0.00208886,-0.000262498,2065.04,0.000382,1,-3.80618e-06,-0.00200137,0.0002625,2242.24
0,815000,8,phononTS,0.00133813,0.000951851,-0.000809627,-0.000262498,582.588,0.000764,1,0.0010038,-0.00100169,0.0002625,780.864
0,818816,28,phononTS,0.00134645,0.000930295,-0.000970702,-0.000262498,907.398,0.000382,1,0.00100202,-0.000998676,0.0002625,1067.4
0,820821,19,phononTS,0.000547473,0.00036517,0.000920628,-0.0002625,5442.05,0.000382,1,0.000999047,0.000996896,0.0002625,6331.23
0,821452,19,phononTS,0.00121896,0.000996468,-0.00099794,0.000262498,1199.43,0.000248493,1,0.00102411,-0.000944408,-0.0002625,1374.73
0,822077,26,phononTF,0.000645343,-0.00110827,-0.00280662,-0.0002625,476.559,0.000382,1,-0.00200299,-0.00200211,0.0002625,1584.7
0,824398,24,phononTS,0.00085166,0.0020073,-0.00209974,-0.0002625,538.788,0.000382,1,0.00199806,-0.00199998,0.0002625,1009.32
0,827307,3,phononTF,0.00356382,0.00128735,-0.000778921,-0.0002625,48.5998,0.000764,1,0.00199569,-3.15545e-06,0.0002625,953.011
0,829505,5,phononTS,0.00137823,-0.000323566,0.00198346,-0.0002625,1503.37,0.000764,1,-4.71569e-06,0.00199803,0.0002625,1953.76
0,829505,9,phononTS,0.000408816,-4.71569e-06,0.00199803,0.000262498,1953.76,0.000408816,1,7.61402e-05,0.0017711,-0.0002625,2157.35
0,830374,17,phononTS,0.000897508,0.000995249,-0.00100242,0.000262498,1597.44,0.000705292,1,-0.000698161,0.000935688,-0.0002625,2541.2
0,832847,26,phononTF,0.000628852,0.00306465,0.00108252,-0.000262498,3344.77,0.000382,1,0.00300408,0.00100437,0.0002625,3504.22
0,832847,17,phononTF,0.00261541,0.000329123,-0.000487691,0.000142396,859.248,0.000692454,1,4.61732e-05,-0.00192799,-0.0002625,1574.19
0,833817,25,phononTF,0.000504297,0.000818811,-0.00123709,-0.0002625,789.264,0.000382,1,0.00100445,-0.00100254,0.0002625,1148.4
0,834949,7,phononL,0.000669302,0.000961429,0.000602238,-0.0002625,776.911,0.000382,1,0.000995036,0.00100299,0.0002625,1278.22
0,834949,6,phononTS,0.000916001,0.000860608,-0.000600022,0.000262498,776.911,0.000916001,1,-0.000563263,-0.00171756,-0.0002625,1425.79
0,836138,15,phononTS,0.000821229,0.000955586,-0.00102147,-0.000262498,465,0.000382,1,0.00100058,-0.000995352,0.0002625,639.155
0,837818,8,phononTS,0.00088559,0.00105949,-0.000938966,-0.000262498,694.374,0.000382,1,0.00100014,-0.000997972,0.0002625,866.382
0,841990,16,phononTS,0.000567042,0.00100909,-0.0010699,-0.000262498,540.36,0.000382,1,0.000999966,-0.000995301,0.0002625,695.702
0,843516,15,phononTF,0.000422458,-0.00266436,-0.00127488,-0.000262498,2899.81,0.000382,1,-0.00299979,-0.000997103,0.0002625,3112.23
0,846647,19,phononTS,0.00114786,0.00188147,-0.00178347,-0.0002625,1528,0.000382,1,0.00200195,-0.00200382,0.0002625,1979.07
0,846647,2,phononTS,0.00041232,0.000670568,-0.00106615,0.000262498,113.803,0.00041232,1,9.77177e-05,-0.00145298,-0.0002625,463.056
0,853527,3,phononTF,0.00471321,-0.000770991,-0.000792728,-0.00013675,92.9577,0.000382,1,-0.00100144,-0.000999082,0.0002625,620.013
0,853748,20,phononTS,0.000457703,0.000496927,-5.77495e-05,-0.0002625,644.628,0.000382,1,-1.46686e-06,1.44177e-06,0.0002625,1206.65
0,855235,3,phononTS,0.000533477,-0.000690272,0.000441499,-0.0002625,8.48304,0.000382,1,-0.00199693,0.00200003,0.0002625,1549.11
0,859507,4,phononL,0.00142555,0.00155391,3.31732e-05,-0.0002625,90.4128,0.000382,1,0.00199641,-1.52367e-06,0.0002625,651.809
0,862156,6,phononTF,0.00101503,0.000743415,-0.000705089,-0.000262498,325.841,0.000382,1,0.00100318,-0.000998407,0.0002625,521.16
0,872126,23,phononTF,0.000526164,-0.00200232,-0.00200478,0.000262498,2790.03,0.000526164,1,-0.00208609,-0.00207804,-0.0002625,2951.08
0,873026,18,phononTS,0.000599799,-0.000269178,0.00313375,-0.0002625,5081.54,0.000382,1,-0.00100263,0.00300233,0.0002625,7264.54
0,877011,2,phononTF,0.00204499,0.000490821,-0.00157143,-0.0002625,316.573,0.000382,1,-2.15586e-06,-0.00199943,0.0002625,702.102
0,883100,7,phononTS,0.000503733,0.000998172,-0.0009962,0.0002625,12.8464,0.000503733,1,0.00120154,-0.000929765,-0.0002625,611.345
0,883490,28,phononTS,0.000771442,-0.00302121,-0.000928672,-0.0002625,1666.26,0.000382,1,-0.00300112,-0.000999953,0.0002625,1977.13
0,885283,2,phononTS,0.00420123,0.002011,-0.0020063,0.000260845,2.14124,0.001528,1,0.00199696,-0.00199583,0.0002625,1012.49
0,885283,35,phononTS,0.00141723,0.00199696,-0.00199583,0.000262498,1012.49,0.00141723,1,0.00208577,-0.00206135,-0.0002625,1167.49
0,889685,55,phononTF,0.000807732,0.00068962,-0.00126695,-0.000262498,1099.74,0.000382,1,0.00100486,-0.000998059,0.0002625,1299.28
0,889723,2,phononTS,0.00360543,0.00061189,-0.00112781,0.000212529,22.2097,0.000382,1,-4.56838e-06,-0.00199764,0.0002625,400.377
0,890043,3,phononTS,0.00398811,0.000914851,-0.00101721,0.000106883,8.8664,0.000382,1,0.00100494,-0.000998167,0.0002625,199.259
0,890591,11,phononTF,0.000424736,-3.58322e-06,2.69383e-07,0.0002625,1566.48,0.000424736,1,0.000417281,0.000494587,-0.0002625,2138.31
0,890697,9,phononTS,0.00114438,-4.05455e-06,-0.00199941,0.000262498,1047.2,0.000143189,1,0.000814015,-0.00246606,-0.0002625,1470.27
0,892378,20,phononL,0.00136395,0.00100275,-0.000997153,0.000262498,821.126,0.000811459,1,0.00122565,-0.000903713,-0.0002625,936.166
0,893855,23,phononTF,0.00111883,0.00141153,-0.00134985,-0.000262498,374.091,0.000764,1,0.00099783,-0.0010028,0.0002625,597.709
0,897112,9,phononL,0.00043002,0.000635271,-0.00118248,-0.0002625,307.663,0.000382,1,0.00100289,-0.000997406,0.0002625,568.383
0,898190,16,phononTF,0.000393199,0.00149311,-0.000428072,-0.0002625,1854.98,0.000382,1,0.0010046,-0.000998319,0.0002625,2398.96
0,902382,26,phononTS,0.00057385,4.07089e-05,-0.00021498,-0.000262498,1593.09,0.000382,1,-2.14237e-06,-6.11852e-07,0.0002625,1806.19
0,902995,4,phononTS,0.00370088,0.000663164,-0.00114457,8.31686e-05,47.5687,0.000382,1,0.001004,-0.000996466,0.0002625,280.7
0,903856,13,phononTS,0.00115812,-0.00017685,-0.000868736,-0.0002625,444.213,0.000382,1,-0.00100047,-0.00100005,0.0002625,1186.68
0,904448,17,phononTS,0.000569638,0.000567327,0.000741276,-0.000262498,1325.34,0.000382,1,0.000997378,0.000997902,0.0002625,1618.4
0,908940,27,phononL,0.000572168,0.00275038,0.00107613,-0.000262498,2297.12,0.000382,1,0.00299707,0.00100021,0.0002625,2412.93
0,914913,7,phononTF,0.000595695,-0.00100029,-0.00101383,-0.0002625,685.009,0.000382,1,-0.000996757,-0.00099969,0.0002625,1155.84
0,917809,24,phononTS,0.00078909,0.000997206,-0.0010044,0.000262498,1407.76,0.000278046,1,-0.00204228,-0.00258034,-0.0002625,2612.86
0,922353,29,phononTF,0.00039771,0.00331952,0.00324751,-0.000262498,13315,0.000382,1,0.00200095,0.00199916,0.0002625,13879.3
0,926558,14,phononTS,0.000435858,6.42263e-05,-0.000267197,-0.0002625,1121.96,0.000382,1,1.51024e-06,-4.74659e-06,0.0002625,1545.61
0,926558,8,phononL,0.000497299,0.000618807,-0.00111315,0.000262498,8.15211,0.000497299,1,0.001158,-0.00107154,-0.0002625,147.571
0,930218,2,phononTF,0.00342575,-0.000749923,-0.00120672,-0.000233559,34.0636,0.001146,1,-3.44377e-06,-0.00200333,0.0002625,969.668
0,934157,24,phononTS,0.00147547,0.00128206,-0.00104332,-0.0002625,819.993,0.000764,1,0.000995085,-0.000996135,0.0002625,1278.26
0,934562,14,phononTF,0.000514908,2.38852e-06,2.69308e-06,0.000262498,873.206,0.000514908,1,7.54048e-06,-2.99811e-06,-0.0002625,1030.06
0,940001,19,phononTS,0.00079671,0.000968845,-0.00142663,-0.000262498,267.128,0.000382,1,0.000998681,-0.00100119,0.0002625,526.662
0,940187,16,phononTF,0.00173121,0.000306553,0.000322936,-0.0002625,954.121,0.000382,1,-3.82377e-06,2.67182e-06,0.0002625,1371.43
0,942700,23,phononTF,0.001098,0.000995922,-0.000999419,0.0002625,1032.17,0.00087784,1,0.00178073,-0.00182547,-0.0002625,1781.12
0,945375,22,phononTS,0.000667227,0.00085472,-0.000969007,-0.0002625,138.384,0.000382,1,0.00100144,-0.00100197,0.0002625,535.585
0,946856,14,phononTS,0.00270515,0.00100329,-0.000999522,0.0002625,406.489,0.000782587,1,0.000969962,-0.000965959,-0.0002625,595.064
0,953721,32,phononTF,0.000671265,0.0009954,-0.00100224,0.000262498,2779.51,0.000671265,1,0.00143827,-0.000490075,-0.0002625,3034.4
0,954601,4,phononL,0.00132646,-0.000635354,-0.00102246,-0.0002625,379.865,0.000382,1,-0.000998054,-0.0010031,0.0002625,868.775
0,955854,17,phononTF,0.000726416,0.000419455,-0.00151144,-0.000262498,150.712,0.000382,1,3.88881e-07,-0.0020008,0.0002625,397.614
0,959976,14,phononTS,0.000753906,0.000689677,-0.00122431,-0.000262498,159.173,0.000382,1,0.00199936,-0.00199642,0.0002625,733.418
0,959977,3,phononTF,0.00431401,0.00297452,-0.00215274,-0.000203641,823.432,0.00155444,1,0.00281499,-0.00230195,-0.0002625,3369.01
0,964121,15,phononTF,0.000531922,0.000905878,0.000896333,-0.0002625,1959.9,0.000382,1,0.000998182,0.000995989,0.0002625,2609.13
0,968302,21,phononL,0.000446173,0.00102581,-0.00107847,-0.000262498,425.502,0.000382,1,0.00100048,-0.000998006,0.0002625,535.844
0,969873,2,phononTS,0.00414638,0.000920933,-0.000927742,-0.0002625,10.4951,0.000764,1,0.00099581,-0.00100278,0.0002625,787.679
0,969873,13,phononTS,0.00057124,-0.00353864,0.005,3.80174e-05,787.679,0.00057124,1,-0.0039098,0.00467312,-0.0002625,3261.68
0,969873,12,phononTF,0.00226435,0.00099581,-0.00100278,0.000262499,787.679,0.000978141,1,0.00081214,-0.000940491,-0.0002625,961.736
0,972995,14,phononTS,0.000423296,0.00340362,-0.00259408,-0.000262498,2105.05,0.000382,1,0.00100415,-0.00100039,0.0002625,3144.84
0,975291,9,phononTS,0.000650562,0.005,0.00101557,4.03767e-05,1026.03,0.000382,1,0.00199568,5.77998e-07,0.0002625,3145.08
0,979939,8,phononTS,0.000449476,0.000852112,-0.00101254,-0.0002625,93.8792,0.000382,1,0.00100118,-0.00100449,0.0002625,485.707
0,983641,28,phononTS,0.0036733,0.000924496,-0.00096186,-0.0002625,395.945,0.001146,1,0.000999326,-0.00100471,0.0002625,966.591
0,986603,9,phononTF,0.00040188,0.000997834,-0.00100318,0.000262498,565.614,0.00040188,1,0.00120399,-0.00125482,-0.0002625,749.35
0,987031,18,phononTF,0.000900117,0.00133357,-0.000724902,-0.000262498,859.02,0.000382,1,0.00100432,-0.000995385,0.0002625,1059.83
0,987031,16,phononL,0.00122792,0.000647543,-0.00137087,0.000262498,535.556,0.000748245,1,0.00103061,-0.00151134,-0.0002625,661.737
0,987031,15,phononL,0.00393153,0.000739691,-0.00136869,-0.000177893,535.556,0.000524085,1,0.000682865,-0.00129153,-0.0002625,750.571
0,988559,8,phononTS,0.000541965,0.000470311,-0.00141683,-0.0002625,1165.45,0.000382,1,-2.83072e-06,-0.00200262,0.0002625,1818.3
0,996681,2,phononL,0.00492384,-1.89433e-05,-0.000969645,-0.0002625,37.6998,0.000382,1,-3.2413e-06,-4.70265e-06,0.0002625,1500.51
0,1002595,3,phononL,0.00330089,0.00051003,-0.00094658,0.000168627,269.555,0.001146,1,0.000999517,-0.00100195,0.0002625,364.431
0,1003070,26,phononTF,0.000649543,1.39079e-06,-0.00200226,0.0002625,184.142,0.000649543,1,-0.000306675,-0.00225671,-0.0002625,943.191
0,1005372,17,phononTF,0.000395454,0.00122579,-0.00124433,-0.0002625,850.356,0.000382,1,0.00100212,-0.00100404,0.0002625,1223.05
0,1008512,7,phononTS,0.00100544,0.000842755,-0.00207868,-0.0002625,84.7299,0.000382,1,0.000996017,-0.00300343,0.0002625,850.816
0,1008512,6,phononTS,0.000525282,0.000689495,-0.00115394,0.000262498,84.7299,0.000525282,1,0.000563867,-0.00131915,-0.0002625,300.583
0,1011243,4,phononL,0.000590218,2.83533e-06,-9.18416e-07,0.0002625,51.3629,0.000590218,1,-0.000296532,0.000524662,-0.0002625,503.111
0,1011243,3,phononTF,0.00221491,0.000601568,-0.00105208,0.000262498,51.3629,0.00129709,1,-0.000536331,-0.00169685,-0.0002625,504.572
0,1012731,4,phononTF,0.000717165,0.00119647,-0.000767463,-0.000262498,1456.92,0.000382,1,0.000997964,-0.000995225,0.0002625,1642.29
0,1014630,13,phononTS,0.000401596,-0.000118688,-0.00143212,-0.0002625,1157.98,0.000382,1,-0.000998699,-0.00100481,0.0002625,1964.26
0,1015427,11,phononTS,0.000456459,-0.000191849,-0.00175136,-0.000262498,1137.88,0.000382,1,-0.00200401,-4.57414e-06,0.0002625,1968.13
0,1015495,2,phononTF,0.00112719,0.000170015,-0.00179969,-0.0002625,52.9601,0.000382,1,4.75149e-06,-0.00200217,0.0002625,751.59
0,1028960,6,phononTS,0.00229736,6.39359e-05,-0.00196807,0.00023412,1424.68,0.001146,1,-3.66806e-06,-0.00199926,0.0002625,1454.27
0,1043883,4,phononTS,0.00070999,0.00092503,-0.000919766,-0.000262498,1148.84,0.000382,1,0.00100316,-0.00100072,0.0002625,1323.44
0,1043883,2,phononTS,0.00507649,0.00104906,-0.000265577,-0.000240081,724.879,0.00208084,1,0.00104264,-0.000243612,-0.0002625,2991.95
0,1044550,4,phononL,0.00185794,0.000997022,-0.00100088,0.0002625,62.536,0.000236181,1,0.00116162,-0.000946884,-0.0002625,399.694
0,1044676,15,phononTS,0.000874993,0.000927022,-0.0009408,-0.000262498,637.82,0.000382,1,0.000995686,-0.00100478,0.0002625,792.963
0,1045722,18,phononTS,0.00042577,-0.000127066,-0.00136563,-0.0002625,1100.94,0.000382,1,-0.000995469,-0.00100179,0.0002625,1890.62
0,1051222,17,phononTF,0.00156219,0.000815559,-0.000807864,-0.000262498,600.071,0.000764,1,0.000998613,-0.000998776,0.0002625,778.08
0,1051222,18,phononTS,0.000572497,0.000998613,-0.000998776,0.000262498,778.08,0.000572497,1,0.000942801,8.60806e-06,-0.0002625,1190.47
0,1052560,6,phononTF,0.000884264,0.000468144,-0.000532296,-0.0002625,307.433,0.000382,1,3.59746e-06,8.62139e-07,0.0002625,831.197
0,1052749,13,phononTF,0.00104234,0.00115051,-0.00109498,-0.000262498,383.306,0.000382,1,0.00100264,-0.0010012,0.0002625,552.085
0,1056938,17,phononTS,0.000559974,0.000998255,-0.000996689,0.0002625,218.623,0.000559974,1,0.00104982,-0.00107183,-0.0002625,531.949
0,1058739,2,phononTF,0.00093619,0.000802782,-0.00101544,-0.0002625,149.939,0.000382,1,0.000995199,-0.00099737,0.0002625,500.571
0,1059866,25,phononTS,0.000466844,-2.59383e-05,-0.000539618,-0.000262498,324.365,0.000382,1,1.01501e-06,4.37867e-06,0.0002625,595.759
0,1062207,19,phononL,0.00118893,-0.000474036,-0.00117646,-0.000262498,2150.44,0.000382,1,-0.00100041,-0.00100018,0.0002625,2292.7
0,1064758,12,phononTS,0.000854542,-0.00116406,-0.00223219,-0.000262498,1353.1,0.000382,1,-0.00200439,-0.00199736,0.0002625,1730.21
0,1068484,3,phononTS,0.000502766,0.000840607,-0.00107918,-0.0002625,24.2814,0.000382,1,0.00100413,-0.000996582,0.0002625,404.991
0,1071247,3,phononTS,0.00599397,0.00103514,-0.00107505,0.000140719,22.4956,0.000382,1,0.000996169,-0.00100037,0.0002625,638.873
0,1076697,10,phononTS,0.00109245,0.00100292,-0.000995831,0.000262498,389.237,0.000616653,1,0.00100077,-0.000236029,-0.0002625,734.249
0,1080785,20,phononTS,0.000500492,0.000997862,-0.00100271,0.0002625,1097.61,0.000500492,1,0.000240123,-0.00108392,-0.0002625,2456.53
0,1084307,25,phononTS,0.000431496,0.000939485,-0.000990662,-0.0002625,4800.27,0.000382,1,0.000996633,-0.000995067,0.0002625,5291.66
0,1089373,19,phononTS,0.000412066,0.000569903,0.001071,-0.0002625,1507.02,0.000382,1,0.00100147,0.000998418,0.0002625,2011.27
0,1091007,5,phononTS,0.000610186,0.00131921,-0.00093925,-0.0002625,654.963,0.000382,1,0.000995167,-0.00100392,0.0002625,1212.85
0,1091007,4,phononL,0.00269922,0.000606181,-0.000948899,0.000262498,654.963,5.36019e-05,1,0.00102139,-0.00123947,-0.0002625,792.485
0,1092162,2,phononL,0.00490503,0.0010489,-0.000927311,0.000215794,203.287,0.001146,1,0.00100426,-0.000998449,0.0002625,424.207
0,1092162,17,phononL,0.000393265,0.00100426,-0.000998449,0.000262498,424.207,0.000393265,1,0.000726598,-0.00043534,-0.0002625,577.718
0,1093155,20,phononTS,0.00229791,-0.000197669,0.000647129,-0.0002625,1296.5,0.000764,1,-3.32824e-06,0.00199632,0.0002625,3078.95
0,1093155,22,phononTS,0.00094028,-3.32824e-06,0.00199632,0.000262498,3078.95,0.000482,1,-5.81005e-05,0.00183934,-0.0002625,3282.43
0,1094701,11,phononTS,0.000629719,0.0010025,-0.00100246,0.0002625,408.497,0.000629719,1,0.000930233,-0.00108602,-0.0002625,872.374
0,1100146,50,phononTF,0.000726301,-0.000306642,-0.00198118,-0.0002625,1666.33,0.000382,1,2.26859e-07,-0.00200485,0.0002625,2067.35
0,1100395,2,phononL,0.00565077,0.000928739,-0.000992275,0.000217361,77.1776,0.000764,1,0.000996714,-0.00100238,0.0002625,212.208
0,1102459,5,phononTS,0.00135792,0.000880873,-0.00108177,-0.0002625,242.24,0.000764,1,0.000999304,-0.000998506,0.0002625,605.576
0,1102459,4,phononTF,0.000757554,0.000762442,-0.00116503,0.000262498,242.24,0.000757554,1,0.00119415,-0.00153788,-0.0002625,472.821
0,1103091,19,phononTS,0.000824117,0.000791232,-0.0030331,-0.000262498,931.256,0.000382,1,0.00100472,-0.00299649,0.0002625,1135.32
0,1104397,26,phononTS,0.000724392,-2.83848e-06,9.1872e-08,0.000262498,1505.47,0.000724392,1,-0.000319858,-0.000997085,-0.0002625,1946.25
0,1106149,13,phononTS,0.000753252,0.000996936,-0.000996223,0.000262498,349.845,0.000753252,1,0.000728321,-0.000977446,-0.0002625,571.511
0,1106557,6,phononTS,0.00123894,-0.000109942,-0.00196361,-0.0002625,83.2544,0.000382,1,-4.35274e-06,-0.00200497,0.0002625,740.045
0,1109555,4,phononTS,0.000942646,0.000791949,-0.0010823,-0.0002625,13.2751,0.000382,1,0.000995935,-0.00100078,0.0002625,398.378
0,1115699,9,phononTF,0.000705181,-0.000835728,-0.00117719,-0.0002625,1482.96,0.000382,1,-0.00100187,-0.000999861,0.0002625,1828.51
0,1115940,11,phononTF,0.000404402,-0.00017386,8.39511e-05,-0.000262498,632.174,0.000382,1,-0.00100474,0.00100425,0.0002625,1033.01
0,1116347,4,phononTF,0.00170562,0.000891787,-0.00103872,-0.0002625,118.362,0.000382,1,0.00100075,-0.000996386,0.0002625,444.664
0,1117431,22,phononTS,0.000528396,0.000944705,-0.000993659,-0.0002625,510,0.000382,1,0.000995986,-0.000997919,0.0002625,865.256
0,1124166,29,phononTS,0.000592821,-0.00100274,-0.000996419,0.0002625,369.341,0.000592821,1,-0.00191415,-0.000782026,-0.0002625,1598.85
0,1124339,27,phononTF,0.000490899,-0.000998195,-0.000995753,0.0002625,14125.6,0.000490899,1,-0.00122319,-0.00127362,-0.0002625,14490.4
0,1124339,2,phononTS,0.00474716,0.000605718,-0.00111255,0.000262498,11.2576,0.00115752,1,0.000558308,-0.00103373,-0.0002625,168.249
0,1131956,26,phononTF,0.00159955,2.91297e-05,-0.00202949,-0.000262498,802.067,0.000382,1,4.87421e-06,-0.00199882,0.0002625,959.46
0,1138168,2,phononTF,0.00407445,0.000913798,-0.000886933,8.53662e-05,55.4083,0.000382,1,0.00100317,-0.000996901,0.0002625,371.263
0,1138168,23,phononTS,0.0017683,0.00100317,-0.000996901,0.000262498,371.263,0.0010577,1,0.000944464,-0.0010467,-0.0002625,557.295
0,1139627,7,phononL,0.000723768,1.93191e-06,0.00200079,0.0002625,2289.21,8.92024e-05,1,0.000221282,0.00221897,-0.0002625,2526.9
0,1139711,13,phononTF,0.00117547,0.000996132,-0.00100341,0.000262498,987.14,0.000686562,1,0.00123846,-0.000736784,-0.0002625,1177.15
0,1145268,10,phononTS,0.000839866,6.86796e-05,-0.00191215,-0.000262498,1203.37,0.000382,1,-3.23509e-06,-0.00199965,0.0002625,1357.96
0,1146077,7,phononTS,0.000520414,0.000234044,-0.000913691,-0.0002625,1138.51,0.000382,1,0.00100137,-0.000999688,0.0002625,1849.15
0,1146077,5,phononL,0.000675923,0.00150794,-0.0018343,-0.000232694,172.519,0.000675923,1,0.00153797,-0.00184313,-0.0002625,548.576
0,1146077,4,phononTF,0.000461849,0.000651712,-0.00120769,0.000262498,172.519,0.000461849,1,0.00117525,-0.000818683,-0.0002625,438.828
0,1148313,7,phononTS,0.000572197,0.000909334,-0.00107441,-0.0002625,344.899,0.000382,1,0.000999926,-0.00100091,0.0002625,653.52
0,1148313,3,phononTF,0.00221362,0.00064304,-0.00112675,0.000262498,17.2936,0.000321839,1,0.00115762,-0.00168869,-0.0002625,293.176
0,1150440,23,phononTF,0.000419362,-0.000384977,-0.000459492,-0.0002625,1233.35,0.000382,1,-0.000995621,-0.00100488,0.0002625,1833.02
0,1153302,6,phononTS,0.00079235,0.000801317,-0.00104681,-0.0002625,28.4614,0.000382,1,0.000995222,-0.00100433,0.0002625,423.437
0,1154566,16,phononTS,0.000392485,-0.00109019,0.00102447,-0.0002625,3032.46,0.000382,1,-0.00100373,0.000996285,0.0002625,3365.25
0,1154566,17,phononTS,0.000491837,-0.00111943,-0.005,2.14418e-05,2445.6,0.000491837,1,-0.00100916,-0.00484723,-0.0002625,2850.42
0,1154566,4,phononTF,0.00068955,0.00168949,-0.00162052,0.000262498,824.767,0.00068955,1,0.00147675,-0.00141005,-0.0002625,1007.73
0,1155459,18,phononTS,0.000614548,5.01165e-05,-2.38847e-05,-0.000262498,515.765,0.000382,1,4.36172e-06,1.7305e-06,0.0002625,690.092
0,1156113,3,phononTF,0.00520453,0.00106305,-0.000954086,3.63948e-05,14.9573,0.001528,1,0.00100125,-0.0010027,0.0002625,213.803
0,1157534,14,phononTF,0.000755134,-0.00324353,-0.000784708,-0.0002625,4336.1,0.000382,1,-0.00299656,-0.000995608,0.0002625,4704.89
0,1167361,30,phononTF,0.00210852,0.000106181,-2.56848e-05,-0.0002625,847.263,0.000382,1,4.93668e-06,2.29944e-06,0.0002625,1171.73
0,1167842,14,phononTS,0.000852951,3.35306e-05,0.00129405,-0.000262498,890.33,0.000382,1,-1.38929e-06,0.00200457,0.0002625,1219.07
0,1171574,17,phononTS,0.000833131,-0.00300106,-0.00099846,0.000262499,4021.96,0.000833131,1,-0.00319105,-0.00140959,-0.0002625,4299.65
0,1171574,2,phononTS,0.000508785,0.000632246,-0.00113025,0.000262498,3.04981,0.000508785,1,0.000837543,-0.00016903,-0.0002625,394.97
0,1171821,3,phononTS,0.00280041,0.000855439,-0.000957175,-0.0002625,693.99,0.001146,1,0.000995523,-0.00100057,0.0002625,1156.94
0,1174989,25,phononTF,0.000521915,-0.000611035,0.000648247,-0.0002625,1261.78,0.000382,1,-0.0010005,0.00100087,0.0002625,1704.73
0,1175000,6,phononTF,0.000710349,0.000882131,-0.000968283,-0.0002625,398.921,0.000382,1,0.00099911,-0.000995407,0.0002625,726.857
0,1177829,15,phononTS,0.000770274,0.00094211,-0.000995279,-0.000262498,351.089,0.000382,1,0.00100176,-0.000996811,0.0002625,515.747
0,1180428,26,phononTS,0.000394211,0.00303008,0.00093209,-0.000262498,9877.67,0.000382,1,0.00299711,0.000998504,0.0002625,10036.5
0,1180428,4,phononTS,0.000949554,0.000645794,-0.00112067,0.000262498,7.43034,0.000658545,1,-0.000496643,-0.00119773,-0.0002625,469.52
0,1180851,24,phononTS,0.000914061,0.0010017,-0.00300075,0.0002625,3048.14,0.000295806,1,0.00101652,-0.00304477,-0.0002625,3544.56
0,1183490,5,phononTS,0.00459213,0.000960087,-0.000945252,-6.02207e-05,598.729,0.000764,1,0.00100265,-0.000997929,0.0002625,789.569
0,1186335,2,phononTS,0.00453869,0.000881043,-0.00107972,-0.0002625,125.474,0.000382,1,0.00100497,-0.000996658,0.0002625,1074.87
0,1194048,11,phononTF,0.00106781,-6.56108e-07,-0.0020044,0.000262498,1286.35,0.000606494,1,-6.08998e-05,-0.00193714,-0.0002625,1445.47
0,1198862,5,phononTS,0.000518836,0.000803728,-0.00107336,-0.0002625,141.156,0.000382,1,0.00100047,-0.00100118,0.0002625,536.613
0,1207111,17,phononTS,0.000402259,0.0020814,0.000160077,-0.000262498,4325.17,0.000382,1,0.00199958,1.9812e-06,0.0002625,4514.49
0,1209297,7,phononL,0.000871664,0.00190376,-0.00213569,-0.0002625,1.23454,0.000382,1,0.00200469,-0.00199528,0.0002625,459.657
0,1209554,32,phononTS,0.000442362,0.0020035,-0.0019962,0.0002625,14644.7,0.000442362,1,0.00143063,-0.00196477,-0.0002625,15767.8
0,1209554,4,phononTS,0.00101583,0.000656464,-0.00111491,0.000262498,48.8919,0.00047897,1,0.00150378,-0.00208503,-0.0002625,582.859
0,1212396,16,phononTF,0.000580047,1.86752e-07,-3.81669e-06,0.0002625,3357.78,0.000580047,1,0.000332435,0.000290601,-0.0002625,3972.57
0,1212627,21,phononTS,0.000630495,0.000668408,-0.00131765,-0.000262498,543.716,0.000382,1,0.000996918,-0.000996375,0.0002625,827.106
0,1216543,23,phononTS,0.000477178,0.00192488,-0.00228104,-0.0002625,1435.04,0.000382,1,0.00199978,-0.00199588,0.0002625,1868.27
0,1218523,12,phononTS,0.000560458,-0.00199553,-2.82449e-06,0.000262498,3448.41,0.000560458,1,-0.0019775,-0.000555991,-0.0002625,3739.22
0,1221230,19,phononTS,0.000569892,0.00107678,-0.00107967,-0.000262498,945.263,0.000382,1,0.00100499,-0.0010001,0.0002625,1100.38
0,1224577,4,phononTS,0.00111217,0.000919519,-0.00105203,-0.0002625,4.64885,0.000382,1,0.000997036,-0.00099872,0.0002625,694.026
0,1224577,17,phononTS,0.000563769,0.000997036,-0.00099872,0.000262498,694.026,0.000563769,1,0.0025628,-0.0014109,-0.0002625,1356.25
0,1227573,31,phononTS,0.000986598,-0.00100446,0.000999043,0.000262498,2349.72,0.000881156,1,-0.000914217,0.000923275,-0.0002625,2503.88
0,1231117,16,phononTS,0.00428891,2.8433e-05,-2.41424e-05,6.02877e-05,1152.01,0.001146,1,2.14633e-06,2.9004e-06,0.0002625,1317.54
0,1235163,18,phononTF,0.00102067,0.000729825,-0.00120513,-0.000262498,226.982,0.000382,1,-1.3792e-06,-0.00200389,0.0002625,585.638
0,1235163,19,phononTS,0.000511732,-1.3792e-06,-0.00200389,0.000262498,585.638,0.000511732,1,0.000221604,-0.00200668,-0.0002625,795.702
0,1237983,20,phononTS,0.000857447,0.00300138,0.00100335,0.0002625,1426.27,0.000857447,1,0.00290697,0.000934758,-0.0002625,2301.52
0,1240889,9,phononTS,0.000388925,0.000112715,-0.00205976,-0.0002625,1006.05,0.000382,1,2.19366e-06,-0.00199847,0.0002625,1367.82
0,1242427,21,phononTF,0.000525425,0.000937169,-0.00113016,-0.0002625,2341.35,0.000382,1,-3.43449e-06,-0.00199834,0.0002625,3182.69
0,1244706,3,phononTS,0.00232073,0.000908126,-0.00102647,-0.0002625,27.3059,0.000382,1,0.00099632,-0.000995204,0.0002625,661.138
0,1244706,15,phononTF,0.000796334,0.00099632,-0.000995204,0.000262498,661.138,0.000796334,1,0.00216396,0.000485215,-0.0002625,1261.45
0,1244706,14,phononTF,0.000985903,0.00099632,-0.000995204,0.000262498,661.138,0.000498061,1,0.000582354,-0.000534013,-0.0002625,903.162
0,1253024,12,phononTS,0.000839417,0.00179707,-0.00206119,-0.000262498,798.296,0.000382,1,0.0020026,-0.00200139,0.0002625,997.894
0,1253024,13,phononTS,0.000428876,0.0020026,-0.00200139,0.000262498,997.894,0.000428876,1,0.00281698,-0.00234961,-0.0002625,1373.62
0,1258484,30,phononTF,0.000394214,0.000734345,-0.000790421,-0.000262498,699.722,0.000382,1,0.00099511,-0.0010048,0.0002625,885.544
0,1258515,26,phononTS,0.000912376,0.000896302,-0.00160597,-0.0002625,1084.07,0.000382,1,0.00100098,-0.000999779,0.0002625,1675.86
0,1261650,2,phononTS,0.00181795,0.000886523,-0.000925157,-0.0002625,3.65425,0.000764,1,0.00100339,-0.00100205,0.0002625,432.026
0,1261650,14,phononTS,0.000591534,0.00100339,-0.00100205,0.000262498,432.026,0.000591534,1,0.00104745,-0.000979004,-0.0002625,606.38
0,1263197,9,phononTF,0.00045317,0.000436739,-0.00250523,-0.000262498,1898.38,0.000382,1,0.000997115,-0.00300056,0.0002625,2170.31
0,1263197,5,phononTS,0.00114112,0.000869295,-0.00208313,0.000262498,965.341,0.000583868,1,0.000801108,-0.00209467,-0.0002625,1144.76
0,1263614,2,phononTF,0.00610431,0.00122271,-0.00126475,4.03255e-05,33.5644,0.00191,1,0.000995255,-0.00100177,0.0002625,1808.26
0,1270124,18,phononTS,0.000407834,0.00176401,0.000289883,-0.000262498,2508.23,0.000382,1,0.00299727,0.0010027,0.0002625,3081.1
0,1271255,16,phononTF,0.000445838,-0.000743353,-0.000733628,-0.0002625,2584.75,0.000382,1,-0.000997871,-0.000998955,0.0002625,2967.61
0,1273089,32,phononTS,0.0010463,6.17952e-05,-0.00134208,-0.000262498,690.099,0.000382,1,-0.000998823,-0.000997125,0.0002625,1158.31
0,1273598,3,phononTF,0.00138582,0.000872243,-0.000972476,-0.0002625,267.334,0.000764,1,0.000996053,-0.00100074,0.0002625,596.938
0,1273598,2,phononTF,0.00126213,0.000748434,-0.000944208,0.000262498,267.334,0.000402669,1,0.000514867,-0.0012196,-0.0002625,457.476
0,1276431,17,phononTF,0.000504378,-0.000314101,-0.00236227,-0.0002625,768.519,0.000382,1,2.83706e-06,-0.00199969,0.0002625,1196.56
0,1276620,3,phononTS,0.00443613,0.00145135,-0.00130919,7.01242e-05,114.537,0.000764,1,0.00100386,-0.00099692,0.0002625,790.391
0,1276921,11,phononTS,0.000738208,-0.00091456,-0.000935419,-0.0002625,836.444,0.000382,1,-0.00099851,-0.00100127,0.0002625,1181.3
0,1277150,2,phononTS,0.000884732,0.000332741,-0.00156982,-0.0002625,29.2907,0.000382,1,-2.85704e-06,-0.00200019,0.0002625,644.286
0,1278433,3,phononL,0.000739708,6.6195e-05,0.000874113,-0.0002625,20.2236,0.000382,1,-1.76237e-06,0.00200416,0.0002625,756.886
0,1278433,2,phononTF,0.000599867,0.000650427,-0.00113343,0.000262498,20.2236,0.000195875,1,0.00144064,-0.000424624,-0.0002625,372.803
0,1283382,2,phononL,0.00485745,0.00060045,-0.00113021,7.53658e-05,81.1144,0.001146,1,0.00100319,-0.000999356,0.0002625,215.094
0,1283382,17,phononTF,0.00279152,0.00100319,-0.000999356,0.000262498,215.094,0.000301916,1,0.00126662,-0.00131346,-0.0002625,413.485
0,1287203,23,phononTF,0.000826709,8.67995e-05,-0.00189055,-0.0002625,604.837,0.000382,1,-1.94703e-06,-0.00199908,0.0002625,929.283
0,1289220,5,phononTF,0.00331682,0.00033615,-0.00166302,-0.0002544,350.23,0.001146,1,3.23083e-07,-0.00199747,0.0002625,829.232
0,1289568,9,phononL,0.00067952,0.00160119,-0.0016752,-0.0002625,577.667,0.000382,1,0.00200452,-0.0019994,0.0002625,994.847
0,1293961,12,phononL,0.000502038,0.00300421,0.000995409,0.000262498,1194.96,0.000502038,1,0.00308484,0.000749853,-0.0002625,1310.79
0,1301321,28,phononTS,0.00142601,-0.000519205,0.000374518,4.6091e-05,506.974,0.000382,1,-4.26428e-06,-1.36878e-06,0.0002625,1464.17
0,1301321,43,phononTF,0.000803609,-4.26428e-06,-1.36878e-06,0.000262499,1464.17,0.000803609,1,0.000203362,0.00025936,-0.0002625,1648.88
0,1305957,11,phononTS,0.00060557,0.00301927,0.000840516,-0.0002625,3310.2,0.000382,1,0.00299921,0.00100091,0.0002625,3894.99
0,1307675,23,phononL,0.000399543,0.000804143,-0.00284219,-0.0002625,718.442,0.000382,1,0.000999457,-0.00300348,0.0002625,949.726
0,1312074,13,phononTS,0.000444927,0.00200387,-0.00199691,0.0002625,2763.22,0.000444927,1,0.00200152,-0.00204822,-0.0002625,3265.95
0,1312074,4,phononTF,0.00132531,0.000703357,-0.00113178,0.000262498,99.2859,0.00024206,1,-0.000993965,0.00115773,-0.0002625,984.307
0,1314262,2,phononTS,0.00624227,0.00110623,-0.00109262,0.000244206,241.125,0.001528,1,0.00100308,-0.000996911,0.0002625,2484.64
0,1314262,13,phononTF,0.00100043,0.00100308,-0.000996911,0.000262498,2484.64,0.00080051,1,0.00129891,-0.000567963,-0.0002625,2721.78
0,1319581,33,phononTF,0.000389542,0.000852433,-0.00283957,-0.0002625,2018.92,0.000382,1,0.00099886,-0.0029995,0.0002625,2362.51
0,1327591,5,phononTS,0.00124312,0.000808604,-0.00105973,-0.0002625,3.78733,0.000382,1,0.000996411,-0.000998262,0.0002625,424.412
0,1332031,19,phononTF,0.000608632,0.000502365,-0.00141737,-0.000262498,376.191,0.000382,1,1.66123e-06,-0.00200165,0.0002625,652.68
0,1332031,3,phononTF,0.00188324,0.000619281,-0.001335,0.000262498,194.758,0.000561979,1,0.000689812,-0.00127854,-0.0002625,353.816
0,1332207,18,phononTS,0.00113508,0.000890117,-0.00103875,-0.0002625,320.296,0.000382,1,0.00100194,-0.00100447,0.0002625,660.711
0,1338752,16,phononTF,0.000391415,0.00167531,0.00228192,-0.0002625,10936.2,0.000382,1,0.00199797,0.0020043,0.0002625,12175.9
0,1338752,2,phononTS,0.0061289,0.000660406,-0.000601158,-0.000139536,256.622,0.00239037,1,0.000676951,-0.000588733,-0.0002625,697.991
0,1340559,12,phononTF,0.00151311,0.00127686,-0.000755964,-0.000262498,810.638,0.000764,1,0.000995685,-0.000996892,0.0002625,1001.99
0,1343981,5,phononL,0.000565747,0.000324469,-0.00156318,-0.0002625,18.5012,0.000382,1,3.93597e-06,-0.00199989,0.0002625,302.86
0,1346195,19,phononTS,0.000960051,-0.000995858,-0.00100083,0.000262498,3177.32,0.000960051,1,-0.000940204,-0.00107581,-0.0002625,3332.3
0,1347150,25,phononL,0.000615738,3.53891e-06,-4.45515e-06,0.000262498,1252.87,0.000615738,1,0.000215325,0.000462227,-0.0002625,1390.36
0,1347542,10,phononTS,0.000618232,2.92913e-06,-0.00199954,0.000262498,1761.9,0.000242803,1,0.00281552,0.000401994,-0.0002625,2926.9
0,1349952,9,phononTS,0.000559169,0.00191928,-0.00201852,-0.000262498,1768.37,0.000382,1,0.00200314,-0.00199807,0.0002625,1933.73
0,1351364,14,phononTS,0.000519973,0.00104543,-0.00242773,-0.000262498,1905.41,0.000382,1,-1.95388e-06,-0.00199742,0.0002625,2382.34
0,1351364,6,phononTS,0.00041253,0.000678734,-0.00111102,0.000262498,89.1769,0.00041253,1,0.00370006,-0.00409428,-0.0002625,1573.71
0,1353958,9,phononTS,0.000646266,0.000890601,-0.000991917,-0.0002625,206.871,0.000382,1,0.0010013,-0.00099652,0.0002625,569.965
0,1354628,8,phononTS,0.000413416,0.000140178,-0.00171433,-0.0002625,680.263,0.000382,1,-3.21447e-06,-0.00200075,0.0002625,1651.11
0,1356282,21,phononTS,0.000622409,-0.0011645,-0.00135579,-0.0002625,542.715,0.000382,1,-0.001999,-0.00199522,0.0002625,1461.68
0,1356282,20,phononTS,0.00101604,-0.000329998,-0.000716352,0.000262498,542.715,0.000940148,1,-0.00033383,-0.000835584,-0.0002625,732.634
0,1356397,10,phononTS,0.000435801,0.00069232,-0.000936428,-0.000262498,729.89,0.000382,1,0.00200244,-0.00199667,0.0002625,1388.9
0,1363725,12,phononL,0.000808578,-0.00100262,-0.00100172,0.0002625,1709.44,0.000122365,1,-0.000748295,-0.00104711,-0.0002625,1962.61
0,1364883,3,phononL,0.00326924,-0.0002738,-0.000206503,-7.66495e-05,69.6231,0.000764,1,2.355e-06,3.90291e-06,0.0002625,2852.23
0,1365942,2,phononTS,0.00245051,5.83727e-06,-3.29233e-05,0.000201434,22.5056,0.000764,1,1.75458e-06,1.16212e-06,0.0002625,438.96
0,1365969,4,phononTF,0.000647706,-5.34269e-05,-0.000218528,-0.0002625,24.7137,0.000382,1,-3.15136e-06,1.28941e-06,0.0002625,826.913
0,1366798,24,phononTF,0.00108648,0.00134411,-0.00260109,-0.0002625,512.951,0.000382,1,0.000996552,-0.00299875,0.0002625,1377.12
0,1366798,2,phononTS,0.000582157,0.00061684,-0.00111042,0.000262498,26.3243,0.000167764,1,0.000727588,-0.00182514,-0.0002625,351.552
0,1367787,4,phononTF,0.00064633,0.00133862,-0.00140797,-0.0002625,353.494,0.000382,1,0.00199871,-0.00200326,0.0002625,968.449
0,1367787,2,phononL,0.00362098,-0.000681068,-0.00433695,0.00010056,134.129,0.000968331,1,-0.00103314,-0.0044769,-0.0002625,2013.1
0,1376115,17,phononTF,0.000537032,0.000794353,-0.00123253,-0.000262498,690.604,0.000382,1,0.000998598,-0.000997949,0.0002625,872.565
0,1382710,14,phononTF,0.000916175,0.000873261,-0.00135513,-0.0002625,914.169,0.000382,1,0.00100121,-0.000998023,0.0002625,1771.88
0,1382711,15,phononTF,0.000910674,-0.0005576,-0.0015133,-0.000262498,877.728,0.000382,1,-0.000997652,-0.00099581,0.0002625,1132.56
0,1382711,13,phononTF,0.000399367,0.000361959,-0.00138851,0.000262498,122.16,0.000399367,1,0.000238865,-0.00124749,-0.0002625,288.541
0,1386144,14,phononTS,0.000518178,0.0020736,-0.000518447,-0.0002625,3482.5,0.000382,1,0.00200478,-4.4964e-06,0.0002625,5005.56
0,1388123,14,phononTS,0.000448617,0.00101275,-0.000927708,-0.0002625,1670.97,0.000382,1,0.000997505,-0.00100423,0.0002625,2021.93
0,1388123,10,phononTF,0.000760667,0.00108888,-0.000682613,0.000262498,561.931,0.000760667,1,-7.39198e-05,0.000724138,-0.0002625,1142.3
0,1388123,8,phononTF,0.000915088,0.000585507,-0.00108651,0.000262498,195.619,0.000831373,1,-0.00044431,-0.00207815,-0.0002625,655.555
0,1388390,10,phononTF,0.00123441,0.000996593,-0.000998301,0.0002625,392.196,0.00123441,1,0.00125886,-0.000751055,-0.0002625,741.877
0,1390831,15,phononTF,0.00075419,0.000712013,-0.000685932,-0.0002625,1205.87,0.000382,1,0.00100191,-0.000998303,0.0002625,1620.83
0,1391925,5,phononTS,0.00396385,0.00112452,-0.00115935,0.000219114,460.599,0.000764,1,0.00100045,-0.00100087,0.0002625,534.857
0,1395050,2,phononTS,0.00420388,0.000853896,-0.00102458,6.77368e-06,60.999,0.001528,1,0.000997007,-0.000998051,0.0002625,287.096
0,1399467,2,phononTF,0.00494554,0.0011638,-0.000801581,-0.000134195,88.9945,0.000382,1,0.000997228,-0.000998246,0.0002625,1797.11
0,1414965,6,phononTS,0.00155073,-9.64216e-05,-0.00151662,-0.0002625,873.356,0.000764,1,-0.000999239,-0.00100342,0.0002625,1778.55
0,1417019,13,phononTF,0.000693543,0.000137033,-0.00186851,-0.0002625,429.037,0.000382,1,-4.29572e-06,-0.0019991,0.0002625,1103.75
0,1417019,12,phononL,0.000867479,0.00056102,-0.00147672,0.000262498,429.037,0.000867479,1,0.00115514,-0.00126312,-0.0002625,581.948
0,1417032,13,phononTF,0.00125759,0.000599455,-0.000528128,-0.000262498,1318.25,0.000764,1,0.000999204,-0.000998397,0.0002625,1559.02
0,1418475,2,phononTS,0.00467917,-1.62435e-06,-0.00201383,0.000117139,188.728,0.000382,1,-4.03839e-06,-0.0019978,0.0002625,873.409
0,1420504,18,phononTF,0.000873635,-0.00199686,0.00200388,0.000262498,3543.42,0.000708765,1,-0.00205714,0.00201303,-0.0002625,3702.17
0,1421753,12,phononL,0.000419426,0.000281211,-0.000986636,-0.000262498,1370.35,0.000382,1,0.00100446,-0.00099627,0.0002625,1534.15
0,1421753,4,phononTS,0.00108822,0.000559352,-0.000766289,0.000262498,888.519,0.000405283,1,0.000473311,-0.00109317,-0.0002625,1114.4
0,1423166,20,phononTS,0.000437823,0.000842981,-0.00212538,-0.0002625,1099.43,0.000382,1,0.00100456,-0.00299795,0.0002625,1833.65
0,1424889,27,phononTF,0.000391473,-0.000734561,-0.000664884,-0.0002625,2285.82,0.000382,1,-0.00100216,-0.000995816,0.0002625,2686.79
0,1424953,11,phononL,0.000401049,0.00093513,-0.000822567,-0.000262498,1510.81,0.000382,1,0.00100047,-0.00100235,0.0002625,1623.79
0,1427311,10,phononTS,0.000513178,0.00199563,-1.99929e-06,0.000262498,1753.27,0.000513178,1,0.0027864,-0.000313489,-0.0002625,2118.8
0,1427311,6,phononTF,0.000558143,0.000603807,-0.00113442,0.000262498,11.7308,0.000558143,1,0.000283467,-0.00152373,-0.0002625,227.629
0,1427509,11,phononTS,0.00105028,1.88458e-06,2.88451e-07,0.000262498,710.319,0.000919073,1,-0.000969481,-0.00130276,-0.0002625,1303.73
0,1432082,5,phononTF,0.000870346,0.0046371,-0.000508734,-0.0002625,1162.4,0.000382,1,0.00300089,0.000999013,0.0002625,3087.64
0,1434732,5,phononTF,0.00277927,0.00194867,5.37156e-05,-3.58348e-05,29.3854,0.000382,1,0.00200029,-3.83977e-06,0.0002625,791.575
0,1434732,11,phononL,0.00233796,0.00200029,-3.83977e-06,0.000262499,791.575,0.000392011,1,0.00220624,-0.000421082,-0.0002625,923.721
0,1434732,14,phononTS,0.00057249,0.005,-0.00234254,-8.88575e-05,923.721,0.00057249,1,0.00490029,-0.0023251,-0.0002625,1991.59
0,1443022,21,phononTF,0.000846615,0.00222436,0.000275918,-0.0002625,165.913,0.000382,1,0.00299525,0.00100432,0.0002625,1245.9
0,1447767,26,phononTS,0.0012241,7.38727e-05,7.31196e-05,-0.000262498,908.765,0.000382,1,-1.75496e-06,-6.61102e-07,0.0002625,1063.45
0,1447767,27,phononTS,0.000398098,-1.75496e-06,-6.61102e-07,0.000262498,1063.45,0.000398098,1,-0.000817664,-0.000247539,-0.0002625,1451.46
0,1448879,21,phononTS,0.000527144,-5.70889e-05,-0.000992886,-0.0002625,1270.98,0.000382,1,4.54346e-06,-0.00200399,0.0002625,2714.99
0,1448879,17,phononTF,0.00116662,0.00075604,-0.00124478,0.000262498,62.0133,0.000828195,1,0.000972883,-0.0015931,-0.0002625,275.676
0,1451108,38,phononTF,0.000432646,0.000516367,-0.00147825,-0.000262498,593.691,0.000382,1,0.00100091,-0.00100429,0.0002625,849.781
0,1451407,20,phononTF,0.000479117,0.00131484,-0.000743056,-0.000262498,410.426,0.000382,1,0.00100327,-0.00100206,0.0002625,607.581
0,1457397,2,phononL,0.00452664,0.00122772,-0.000591324,3.0718e-05,174.546,0.000382,1,0.000995033,-0.000999487,0.0002625,858.132
0,1460279,5,phononTS,0.00270532,0.000580022,-0.00110336,-3.57125e-05,9.10837,0.000382,1,0.000996823,-0.00100428,0.0002625,291.837
0,1462473,23,phononTF,0.000475927,-0.000656807,-0.00130593,-0.000262498,1975.57,0.000382,1,-0.000997396,-0.000996932,0.0002625,2183.75
0,1471081,14,phononTF,0.000680468,0.00112949,-0.0028852,-0.0002625,925.448,0.000382,1,0.000995699,-0.00299515,0.0002625,1293.55
0,1472393,25,phononTS,0.00038948,0.00093322,0.000731879,-0.000262498,2287.62,0.000382,1,0.000995827,0.00100319,0.0002625,2502.14
0,1472832,2,phononTS,0.00610844,0.000944894,-0.000985375,0.000203299,273.848,0.000764,1,0.00100413,-0.00099656,0.0002625,1418.51
0,1496033,16,phononTF,0.000801239,0.000344805,-0.00166107,-0.000262498,2304.48,0.000382,1,3.18443e-06,-0.00199774,0.0002625,2516.91
0,1499246,31,phononTS,0.000509341,-0.00107904,-0.000920421,-0.000262498,13774,0.000382,1,-0.000998221,-0.000995776,0.0002625,13928.5
0,1503512,20,phononTF,0.000556844,0.000841366,-0.00117624,-0.000262498,258.436,0.000382,1,0.000995884,-0.000996449,0.0002625,430.626
0,1504033,11,phononTS,0.000522872,0.00193434,-0.000166658,-0.000262498,10901.4,0.000382,1,0.00200016,-1.98448e-06,0.0002625,11092.5
0,1504033,4,phononTS,0.0013461,0.000638542,-0.00113164,0.000262498,6.88238,0.000619873,1,0.00101746,-0.00107452,-0.0002625,245.846
0,1511186,21,phononTF,0.00150723,0.00142523,-0.00143761,-0.0002625,371.787,0.000764,1,0.000996352,-0.00100149,0.0002625,953.077
0,1514562,17,phononTF,0.00439617,-0.000725754,-0.00138844,-0.000208425,1547.77,0.001528,1,-0.0010023,-0.000995284,0.0002625,1783.54
0,1515532,2,phononTS,0.00292427,0.000919138,-0.00107192,-0.0002625,10.0277,0.001146,1,0.00100384,-0.00099941,0.0002625,396.779
0,1519515,2,phononTS,0.00320496,0.00205392,0.00173505,-0.0002625,1.28904,0.000382,1,0.00199602,0.00200393,0.0002625,1610.88
0,1521000,42,phononL,0.000481124,-0.000302212,0.00293687,-0.000262498,2321.34,0.000382,1,-0.000998329,0.00299509,0.0002625,2481.73
0,1521009,12,phononTF,0.000565352,0.000398733,-0.000454927,-0.0002625,282.102,0.000382,1,-3.6936e-06,4.64801e-06,0.0002625,761.52
0,1525657,2,phononTF,0.0051871,0.000642507,-0.000816226,4.8758e-05,32.7512,0.000764,1,0.000999405,-0.000998804,0.0002625,355.932
0,1535934,8,phononTS,0.000606726,-0.000109384,-0.00159643,-0.0002625,818.303,0.000382,1,4.18944e-06,-0.00200493,0.0002625,1667.12
0,1538419,24,phononTF,0.000870505,0.000584077,-0.000668432,-0.0002625,1101.64,0.000382,1,-1.52319e-06,3.64123e-06,0.0002625,1716.3
0,1538986,29,phononTS,0.000771417,0.000971804,-0.00098541,-0.0002625,1178.52,0.000382,1,0.0010004,-0.0010024,0.0002625,1524.04
0,1538986,2,phononTF,0.000406248,0.000615494,-0.00113388,0.000262498,152.1,0.000406248,1,9.94683e-05,-0.000595453,-0.0002625,424.44
0,1543980,30,phononTF,0.00074027,0.00142821,-0.00168724,-0.0002625,593.116,0.000382,1,0.00200303,-0.00200342,0.0002625,1149.47
0,1548136,22,phononTF,0.00134879,0.000995933,-0.00100134,0.0002625,687.523,0.00107852,1,0.00182486,-0.00175263,-0.0002625,1403.33
0,1554518,11,phononTF,0.00127554,3.87365e-05,0.00014253,-0.0002625,1436.08,0.000382,1,1.3937e-06,-2.26447e-06,0.0002625,1763.64
0,1554675,4,phononTF,0.00228168,-0.00343469,-0.000304106,3.44282e-05,558.301,0.000577292,1,-0.00400498,-0.000905557,-0.0002625,4080.23
0,1565919,13,phononTS,0.000564689,5.59013e-05,-0.0019289,-0.000262498,1535.29,0.000382,1,-2.86522e-06,-0.00199798,0.0002625,1691.39
0,1566645,3,phononTF,0.0048645,5.33448e-05,-0.00194413,0.000176723,52.8521,0.00191,1,1.01593e-06,-0.00199931,0.0002625,2899.13
0,1569369,2,phononTF,0.00284264,-0.00112129,-0.000843078,-0.000100712,5.44841,0.000382,1,-0.00100046,-0.000996318,0.0002625,1266.28
0,1573841,18,phononTF,0.000874466,0.0017915,0.000212964,-0.000262498,712.541,0.000382,1,0.00199841,1.0445e-06,0.0002625,892.606
0,1575144,8,phononTS,0.000419568,-0.00049617,-0.00106177,-0.0002625,558.783,0.000382,1,-0.00100289,-0.00100099,0.0002625,1083.89
0,1577096,14,phononTS,0.000413999,0.000767296,-0.000128969,-0.0002625,94.1302,0.000382,1,0.000996299,0.00100183,0.0002625,975.306
0,1577852,19,phononTS,0.000490361,-0.0010164,-0.000942039,-0.000262498,1199.39,0.000382,1,-0.000996955,-0.000996833,0.0002625,1375.79
0,1578789,16,phononL,0.000803636,0.00083526,-0.00268343,-0.000262498,983.258,0.000382,1,0.00099928,-0.00299989,0.0002625,1105.31
0,1580595,9,phononTS,0.000678321,0.00191356,0.000426209,-0.000262498,712.707,0.000382,1,0.0020047,-3.25943e-06,0.0002625,963.263
0,1580595,4,phononTF,0.000802883,0.000632119,-0.00111866,0.000262498,8.97418,0.00021357,1,0.000691429,-0.00107258,-0.0002625,167.332
0,1582740,2,phononTS,0.0025119,0.000818371,-0.00108145,-0.0002625,119.435,0.001146,1,0.000996119,-0.00099903,0.0002625,505.874
0,1583506,24,phononTS,0.000411365,0.000954686,-0.00103263,-0.0002625,1785,0.000382,1,0.000996855,-0.00100362,0.0002625,2760.56
0,1585450,4,phononTF,0.00440439,0.000375501,-0.00168696,-0.0002625,318.872,0.001528,1,-2.16207e-07,-0.00199737,0.0002625,1804.87
0,1585450,15,phononTS,0.000897785,-2.16207e-07,-0.00199737,0.000262499,1804.87,0.000158383,1,-0.000991264,-0.0021739,-0.0002625,2226.48
0,1585534,14,phononTS,0.000437512,0.005,-0.000759138,0.000254094,2823.46,0.000437512,1,0.00447597,-0.00078131,-0.0002625,4744.83
0,1588277,16,phononTS,0.000899294,0.000996316,-0.00099758,0.0002625,626.525,0.000899294,1,0.000583007,-0.00106861,-0.0002625,1369.53
0,1592798,24,phononTF,0.00172459,0.000350593,-0.00157864,-0.0002625,400.261,0.000764,1,5.6126e-07,-0.00199662,0.0002625,849.629
0,1596197,12,phononTF,0.00194768,0.000742441,-0.00120995,-0.0002625,575.341,0.000764,1,1.77803e-06,-0.00200414,0.0002625,1093.58
0,1606118,4,phononTS,0.00213117,0.000818643,-0.00106068,-0.0002625,2.25028,0.000764,1,0.00100222,-0.000997168,0.0002625,421.797
0,1606516,20,phononL,0.000908992,0.00121607,-0.00240158,-0.000262498,557.547,0.000382,1,0.0009978,-0.00300011,0.0002625,711.344
0,1606810,8,phononL,0.000579242,0.000232115,-0.00146692,-0.0002625,11.1185,0.000382,1,3.13181e-06,-0.00199982,0.0002625,612.573
0,1608354,3,phononTS,0.0012779,-0.000168886,-0.00104465,-0.0002625,20.2461,0.000382,1,-0.000995928,-0.000995816,0.0002625,756.849
0,1619027,9,phononTS,0.000852337,0.00100007,-0.00108197,-0.000262498,257.533,0.000382,1,0.00100195,-0.000996064,0.0002625,419.759
0,1619279,10,phononTS,0.00124055,0.000794702,-0.00108351,-0.000262498,274.397,0.000382,1,0.000996328,-0.0010016,0.0002625,472.56
0,1626326,23,phononTF,0.000988822,0.000780069,-0.00126988,-0.000262498,181.037,0.000382,1,0.00100357,-0.00100275,0.0002625,368.564
0,1627685,5,phononTS,0.00209114,0.00097139,-0.00101739,-0.0002625,23.6666,0.000764,1,0.000996237,-0.00100013,0.0002625,510.136
0,1627803,9,phononTF,0.000387793,0.000885856,-0.00291422,-0.0002625,2061.08,0.000382,1,0.000996121,-0.00300063,0.0002625,2385.24
0,1639432,2,phononTS,0.00153734,0.000856371,-0.00108368,-0.0002625,94.1325,0.000382,1,0.000995471,-0.00100206,0.0002625,471.704
0,1639432,23,phononTS,0.000602265,0.000995471,-0.00100206,0.000262498,471.704,0.000602265,1,0.00099752,-0.00106662,-0.0002625,627.452
0,1640725,2,phononTS,0.00273674,0.000806211,-0.00104454,-0.0002625,116.03,0.000764,1,0.0010037,-0.00100372,0.0002625,487.92
0,1642627,37,phononTF,0.000511328,0.000849476,-0.00106269,-0.0002625,920.528,0.000382,1,0.00100299,-0.000998427,0.0002625,1258.89
0,1643145,4,phononTS,0.00327538,0.000992749,-0.00100019,0.000244847,1874.12,0.001146,1,0.000995153,-0.00100314,0.0002625,1888.78
0,1643803,11,phononTS,0.000871888,0.00078077,-0.000915009,-0.0002625,817.22,0.000382,1,0.00100336,-0.000997446,0.0002625,1222.36
0,1644512,14,phononTS,0.000404318,0.00193449,-0.00207661,-0.000262498,3875.37,0.000382,1,0.00200407,-0.0020032,0.0002625,4030.45
0,1644512,8,phononTS,0.00106476,0.00221282,-0.00185407,0.000262498,3686.98,0.000849435,1,0.00229261,-0.00184188,-0.0002625,3848.03
0,1645666,22,phononTS,0.000525352,7.31388e-05,-0.00206043,-0.0002625,739.653,0.000382,1,-2.21659e-06,-0.00200255,0.0002625,1394.77
0,1647023,18,phononTS,0.000391199,0.00107648,-0.00108076,-0.0002625,3156.83,0.000382,1,0.000996171,-0.000996578,0.0002625,3506.51
0,1648061,12,phononTS,0.00156157,0.00100462,-0.000997659,0.000262498,1032.11,0.000923713,1,0.00104645,-0.00140064,-0.0002625,1287.5
0,1650375,9,phononTS,0.00109075,0.000921648,-0.00135335,-0.0002625,2823.93,0.000382,1,0.00100462,-0.00100088,0.0002625,3655.53
0,1650375,10,phononTF,0.000601753,0.00237506,0.005,-0.000134453,3655.53,0.000601753,1,0.00246301,0.00281116,-0.0002625,6255.5
0,1652859,8,phononTF,0.000600637,0.00137619,-0.000562728,-0.0002625,126.585,0.000382,1,0.00200195,4.17297e-06,0.0002625,719.074
0,1653586,9,phononTS,0.000426871,-0.000279533,-0.000706289,-0.000262498,630.363,0.000382,1,0.00100226,-0.00300237,0.0002625,1586.65
0,1653635,3,phononTF,0.0011384,0.00165546,-0.000286843,-0.0002625,5.1774,0.000382,1,0.00200029,-3.96001e-06,0.0002625,823.14
0,1654371,26,phononTS,0.00127598,0.000433952,0.00245297,-0.000262498,2552.54,0.000382,1,0.00199722,0.00200001,0.0002625,3178.04
0,1655752,26,phononL,0.000563938,-0.000632556,-0.00153217,-0.0002625,2087.68,0.000382,1,-2.42205e-06,-0.00200263,0.0002625,2451.13
0,1659641,5,phononTF,0.00229041,0.001004,-0.000998951,0.000262498,668.206,0.00114286,1,0.00119505,-0.00101305,-0.0002625,843.27
0,1665558,13,phononTS,0.0004757,0.00100276,-0.000995792,0.000262498,421.01,0.0004757,1,-0.000964448,-0.000333602,-0.0002625,1249.17
0,1665558,2,phononTS,0.00311905,0.000943676,-0.000777311,0.000236097,74.4388,0.00205212,1,0.0010201,-0.000704675,-0.0002625,522.898
0,1668496,18,phononTS,0.00111638,0.000457881,-0.00102342,-0.0002625,823.646,0.000764,1,0.00100161,-0.00100077,0.0002625,1978.8
0,1671147,6,phononTS,0.00274991,0.000999899,-0.000996918,0.0002625,60.7052,0.00112962,1,0.00122501,-0.000927512,-0.0002625,671.274
0,1671955,2,phononTF,0.00234531,4.49259e-05,-0.00209625,-7.47866e-05,6.56484,0.000382,1,-0.000999786,-0.00100298,0.0002625,860.32
0,1674508,27,phononTS,0.000397963,0.000999018,-0.00100313,0.000262498,410.786,0.000397963,1,0.00108638,-0.000941679,-0.0002625,566.18
0,1674688,6,phononTF,0.00126463,0.000315609,-0.00155274,-0.0002625,22.0058,0.000382,1,4.61347e-06,-0.00200094,0.0002625,507.644
0,1675388,10,phononTS,0.000515945,8.93018e-05,0.00192349,-0.0002625,3477.5,0.000382,1,-4.11382e-08,0.00199703,0.0002625,3786.24
0,1676623,18,phononTS,0.000936214,0.000141917,-0.0027409,-0.0002625,2436.27,0.000382,1,-0.0019986,-0.00199518,0.0002625,6800.31
0,1676773,14,phononTS,0.000484289,-0.0014856,-0.00115851,-0.0002625,2915.31,0.000382,1,-0.00199893,4.31692e-07,0.0002625,3918.48
0,1676773,10,phononTS,0.00139353,0.000671554,-0.00112862,0.000262498,183.591,0.000594771,1,-0.001552,0.00330801,-0.0002625,1893.58
0,1679395,15,phononTF,0.000978186,0.00105068,-0.000657244,-0.0002625,1108.53,0.000382,1,0.00100155,-0.00100222,0.0002625,1529.64
0,1679936,23,phononTF,0.000714461,0.00105098,-0.000807993,-0.000262498,383.528,0.000382,1,0.000999145,-0.000997904,0.0002625,558.589
0,1680565,23,phononTS,0.000560022,0.000996495,-0.00100241,0.000262498,1951.4,0.000560022,1,0.000907008,-0.000930018,-0.0002625,2105.85
0,1682124,34,phononTF,0.000827062,0.000995668,-0.00100178,0.000262498,2254.58,0.00023229,1,0.0012406,-0.00119684,-0.0002625,2436.23
0,1683687,3,phononTF,0.000399605,0.000829601,-0.00113923,-0.0002625,76.4613,0.000382,1,0.00100095,-0.000997583,0.0002625,416.688
0,1686370,14,phononTS,0.000519502,-0.00101322,0.000904914,-0.000262498,2338.92,0.000382,1,-0.00100476,0.00100307,0.0002625,2523.69
0,1687076,11,phononTF,0.000901287,0.00031804,-0.00171251,-0.000262498,1704.16,0.000382,1,2.841e-06,-0.0019981,0.0002625,1905.73
0,1687197,14,phononTF,0.00112168,6.50375e-05,-0.00215939,-0.0002625,2324.13,0.000382,1,-1.88144e-06,-0.00199668,0.0002625,2665.39
0,1687197,15,phononTF,0.000658722,-1.88144e-06,-0.00199668,0.000262498,2665.39,0.000658722,1,-0.000174862,-0.00200719,-0.0002625,2837.31
0,1691414,11,phononTF,0.00151293,0.00135284,-0.000566281,-0.0002625,272.387,0.000382,1,0.0019971,-4.14207e-06,0.0002625,868.784
0,1693500,3,phononTS,0.00322851,-0.000413274,-0.0020859,-0.0002625,39.8852,0.001146,1,1.763e-06,-0.00199889,0.0002625,1755.68
0,1694471,9,phononTS,0.000463082,0.000965912,-0.0020579,-0.000262498,1115.99,0.000382,1,0.000995453,-0.000995773,0.0002625,1550.14
0,1697187,13,phononTF,0.0026994,0.000912261,-0.000909913,-0.0001701,486.63,0.001146,1,0.000998109,-0.000995704,0.0002625,833.972
0,1697187,18,phononTF,0.000608822,0.000998109,-0.000995704,0.000262499,833.972,0.000608822,1,0.00027548,-0.000340987,-0.0002625,1164.29
0,1697927,22,phononTF,0.000637897,-0.000935816,-0.00107121,-0.000262498,969.55,0.000382,1,-0.000998983,-0.00099679,0.0002625,1129.02
0,1697978,34,phononTS,0.000593634,0.00100117,-0.00100236,0.000262498,1547.39,0.000150514,1,0.000260175,-0.000767344,-0.0002625,1873.57
0,1698856,30,phononTS,0.000668373,5.46774e-07,-0.00199615,0.000262498,912.696,0.000191865,1,-7.95746e-05,-0.00154276,-0.0002625,1169.87
0,1706499,23,phononTF,0.000559126,0.00161088,-0.000441145,-0.0002625,1102.57,0.000382,1,0.000995914,0.00100259,0.0002625,2182.06
0,1706499,19,phononTS,0.000556023,0.000847278,-0.00184711,0.000262498,454.324,0.000556023,1,0.000746576,-0.00180181,-0.0002625,635.693
0,1707028,5,phononTS,0.000643484,0.000955834,-0.00106306,-0.0002625,176.105,0.000382,1,0.0010049,-0.0010043,0.0002625,487.531
0,1707352,32,phononTS,0.000873098,0.000639905,-0.00103046,-0.0002625,201.582,0.000382,1,0.000998301,-0.00100083,0.0002625,688.315
0,1707499,28,phononTF,0.00169524,1.24924e-06,-0.00200265,0.000262498,643.498,0.00126887,1,7.24416e-05,-0.00198745,-0.0002625,803.01
0,1708316,6,phononTF,0.000490278,0.000929744,-0.00105398,-0.0002625,829.641,0.000382,1,0.00100341,-0.000996845,0.0002625,1147.98
0,1709261,23,phononTF,0.000401769,0.000165093,0.000141356,-0.0002625,2599.52,0.000382,1,-1.32925e-06,3.93051e-06,0.0002625,3135.28
0,1712607,13,phononTS,0.000925059,0.000701314,-0.00121285,-0.000262498,160.821,0.000382,1,0.00100289,-0.000995502,0.0002625,419.141
0,1713041,14,phononTS,0.000388653,0.00250357,-0.000882292,-0.0002625,1462.78,0.000382,1,0.00199788,3.92824e-06,0.0002625,2545.53
0,1714187,2,phononTS,0.000447084,0.000810088,-0.00105107,-0.0002625,16.433,0.000382,1,0.00100027,-0.00099595,0.0002625,411.701
0,1720188,2,phononTS,0.00566288,0.000901454,-0.00104921,0.000222418,1.19098,0.002292,1,0.000995053,-0.000996278,0.0002625,315.383
0,1720425,19,phononTF,0.000610431,-0.000163846,-0.000203122,-0.000262498,1201.68,0.000382,1,-1.3866e-06,2.50338e-06,0.0002625,1376.22
0,1720994,22,phononTS,0.000445371,7.13512e-05,-0.00208012,-0.0002625,1007.94,0.000382,1,4.74328e-06,-0.00200487,0.0002625,1475.51
0,1722103,22,phononTS,0.000519141,4.1652e-05,-0.0013163,-0.0002625,1850.62,0.000382,1,-2.09015e-06,-0.00200047,0.0002625,2490.01
0,1723294,25,phononTS,0.000697096,0.000917103,0.00109752,-0.0002625,2935.83,0.000382,1,0.00100004,0.00100023,0.0002625,3291.55
0,1730107,14,phononTS,0.000829284,2.19693e-06,-0.00199732,0.0002625,255.578,0.00028484,1,-0.000177446,-0.00240268,-0.0002625,805.028
0,1734830,10,phononTS,0.000386887,0.00108316,-0.00108145,-0.000262498,199.469,0.000382,1,0.000999843,-0.000998625,0.0002625,353.549
0,1735749,2,phononTS,0.00278428,0.000443478,-0.0012568,-0.000130098,16.1739,0.000382,1,0.00100156,-0.00300149,0.0002625,973.343
0,1739215,13,phononTS,0.000442122,4.42369e-05,-0.00104503,-0.000262498,867.952,0.000382,1,-0.00100459,0.000997293,0.0002625,1703.41
0,1739403,7,phononL,0.000558229,0.000813709,-0.00206618,-0.0002625,5.58372,0.000382,1,0.00100228,-0.00300072,0.0002625,410.617
0,1739403,6,phononTF,0.000596765,0.00062514,-0.00113164,0.000262498,5.58372,0.000596765,1,0.000444003,-0.000970795,-0.0002625,181.185
0,1739896,20,phononTS,0.000470512,-0.00123323,-0.00109774,-0.0002625,2826.18,0.000382,1,-0.000998828,-0.00100351,0.0002625,3274.89
0,1742223,4,phononTF,0.000511845,0.000823115,-0.00114454,-0.0002625,45.7109,0.000382,1,0.000997991,-0.000997133,0.0002625,388.381
0,1742223,3,phononTS,0.00143633,0.00067234,-0.00111233,0.000262498,45.7109,0.000461741,1,0.000589887,-0.00119529,-0.0002625,199.78
0,1742392,8,phononTF,0.0021751,0.000326115,-0.00161999,-0.0002625,48.6815,0.000382,1,4.58715e-06,-0.00200022,0.0002625,478.827
0,1748415,16,phononTS,0.000854244,0.000687697,0.00106847,-0.000262498,4464.95,0.000382,1,2.52e-06,-9.03011e-08,0.0002625,4952.34
0,1752793,9,phononTS,0.000634898,0.00100013,-0.00100469,0.000262498,352.292,8.26919e-05,1,0.000804367,-0.000976817,-0.0002625,559.734
0,1753434,8,phononTS,0.000885984,0.000815253,-4.78879e-05,-0.0002625,127.811,0.000382,1,0.00100429,0.00100063,0.0002625,1040.7
0,1753434,7,phononTF,0.000493514,0.000626221,-0.0010964,0.000262498,127.811,0.000493514,1,0.000739783,-0.00124208,-0.0002625,293.634
0,1753434,6,phononTF,0.000971162,0.000626221,-0.0010964,0.000262498,127.811,0.000613636,1,0.000833069,-0.000835794,-0.0002625,312.384
0,1753434,5,phononTS,0.000626113,0.000626221,-0.0010964,0.000262498,127.811,0.000558803,1,-0.00215057,0.00146745,-0.0002625,1461.12
0,1753860,7,phononL,0.000444258,0.00099722,-0.000999665,0.000262498,923.122,0.000444258,1,0.0010435,-0.00144901,-0.0002625,1052.97
0,1753860,5,phononTS,0.000660473,0.000605663,-0.000689036,0.000262498,577.01,0.000380946,1,0.000675697,-0.000598378,-0.0002625,731.581
0,1756992,32,phononTS,0.000512186,0.000664352,-0.001832,-0.000262498,329.804,0.000382,1,1.48647e-06,-0.0020012,0.0002625,666.793
0,1760609,20,phononTS,0.000446595,-4.92647e-06,-0.00199926,0.000262498,4221.16,0.000446595,1,0.00120088,-0.00232512,-0.0002625,4727.67
0,1765446,25,phononTS,0.000614178,1.20623e-05,-0.00119817,-0.000262498,1151.89,0.000382,1,0.000998049,-0.000996212,0.0002625,1573.62
0,1766872,4,phononTF,0.00416192,0.00103578,-0.000973439,0.000207422,66.2101,0.001146,1,0.00100348,-0.00100333,0.0002625,312.797
0,1767813,16,phononTS,0.000424591,4.67825e-05,7.40757e-05,-0.000262498,715.946,0.000382,1,-3.70799e-06,-3.71268e-06,0.0002625,892.904
0,1777214,2,phononTF,0.000714659,0.00183445,-9.47512e-05,-0.0002625,130.715,0.000382,1,0.00299635,0.000997129,0.0002625,1132.98
0,1779662,38,phononTF,0.000397731,-0.00170593,0.0001056,-0.0002625,4442.39,0.000382,1,-0.00100002,0.000999481,0.0002625,4993.74
0,1780418,10,phononTF,0.000517989,0.00107853,-0.00114913,-0.0002625,440.463,0.000382,1,0.000996913,-0.00100413,0.0002625,776.802
0,1780418,6,phononTF,0.00169002,0.000630473,-0.00112713,0.000262498,16.9293,0.000381845,1,0.000994159,-0.000818774,-0.0002625,227.812
0,1780796,21,phononTF,0.000682942,0.00103832,-0.005,9.72891e-05,1962.57,0.000382,1,-0.00200429,0.00200265,0.0002625,5764.17
0,1781920,8,phononTF,0.00183427,0.00120773,0.00077379,-0.0002625,104.967,0.000764,1,0.00100397,0.00100046,0.0002625,902.182
0,1781920,7,phononTS,0.000453956,0.00076425,-0.000933947,0.000262498,104.967,0.000453956,1,0.000731659,-0.00157916,-0.0002625,415.967
0,1781920,6,phononTF,0.00202073,0.00076425,-0.000933947,0.000262498,104.967,0.000632349,1,0.000169203,-0.000286975,-0.0002625,410.243
0,1783281,31,phononTS,0.000531015,-5.77295e-05,-0.000679422,-0.000262498,556.103,0.000382,1,-0.00199678,2.76831e-06,0.0002625,1319.48
0,1783328,16,phononTS,0.00108015,0.000785822,-0.00204028,-0.0002625,361.243,0.000382,1,0.00100011,-0.00300499,0.0002625,1146.7
0,1784904,22,phononTS,0.000502436,-0.00108949,-0.00163677,-0.0002625,2817.58,0.000382,1,-0.00100382,-0.00100235,0.0002625,3426.58
0,1785526,11,phononTF,0.000744625,0.000997704,-0.00100122,0.0002625,417.094,0.000573307,1,0.000668188,-0.00121939,-0.0002625,834.971
0,1787364,24,phononTS,0.000417036,-1.05877e-05,-0.000321484,-0.000262498,676.681,0.000382,1,0.00200067,-0.00199721,0.0002625,1574.95
0,1787592,14,phononL,0.000561965,-0.000996528,-0.000998669,0.000262498,2726.82,0.000561965,1,-0.00108129,-0.00157588,-0.0002625,2871.7
0,1789690,3,phononTF,0.00485292,0.000869142,-0.00114005,5.01265e-05,682.065,0.000382,1,0.000995794,-0.00100027,0.0002625,1520.37
0,1789690,7,phononTS,0.000511313,0.000995794,-0.00100027,0.000262498,1520.37,0.000511313,1,0.00108536,-0.00107326,-0.0002625,1674.75
0,1793014,10,phononTS,0.00162284,-0.000246841,-0.000904199,-0.000262498,557.228,0.000382,1,-0.000997874,-0.00100034,0.0002625,893.322
0,1793014,11,phononTS,0.000961676,-0.000997874,-0.00100034,0.000262498,893.322,0.000961676,1,-0.00116581,-0.0010815,-0.0002625,1084.63
0,1796176,11,phononTF,0.000471385,-0.00242843,-0.00248248,-0.0002625,6288.8,0.000382,1,-0.00100305,-0.000998158,0.0002625,7566.57
0,1807452,15,phononTF,0.00151459,0.00104925,-0.000852956,-0.0002625,977.173,0.000382,1,0.000999056,-0.000995835,0.0002625,1312.16
0,1807452,16,phononTF,0.000558937,0.000999056,-0.000995835,0.000262498,1312.16,0.000558937,1,0.00115954,-0.00100927,-0.0002625,1482.06
0,1809631,5,phononTF,0.000463533,0.000320601,-0.00156681,-0.0002625,15.164,0.000382,1,4.79546e-06,-0.00199873,0.0002625,492.397
0,1809631,4,phononTS,0.00391859,0.000130516,-0.000675968,0.000111871,15.164,0.00164237,1,0.00018816,-0.000443193,-0.0002625,387.433
0,1809653,6,phononTF,0.000722659,0.00043061,-0.000504587,-0.0002625,246.401,0.000382,1,4.10119e-06,4.82538e-06,0.0002625,775.403
0,1810936,10,phononTF,0.00090042,0.000995587,-0.00100264,0.000262498,401.978,0.000624518,1,0.0011863,-0.00077435,-0.0002625,581.966
0,1814561,3,phononTS,0.00388275,0.00100252,-0.00097669,0.000243594,16.3159,0.001146,1,0.000998336,-0.00100087,0.0002625,157.06
0,1815149,2,phononTS,0.00250104,0.000641327,-0.00107324,0.000217966,63.6974,0.000382,1,0.00199682,-0.00200276,0.0002625,543.326
0,1816048,2,phononTS,0.00515664,0.000871714,-0.00104936,0.000239378,8.00658,0.001146,1,0.00099792,-0.00100456,0.0002625,135.27
0,1816048,35,phononTS,0.000581225,0.00099792,-0.00100456,0.000262498,135.27,0.000581225,1,0.000965866,-0.00108177,-0.0002625,302.822
0,1819163,16,phononTS,0.000478867,0.00199672,-0.00200458,0.000262498,989.972,0.000478867,1,-0.000543063,7.18547e-05,-0.0002625,2161.2
0,1820443,19,phononTF,0.00044057,0.00119207,-0.00119596,-0.000262498,5645.96,0.000382,1,0.00100251,-0.000997922,0.0002625,5824.32
0,1820443,2,phononTS,0.00490823,0.000840933,-0.000917855,-0.000262103,69.4489,0.00205974,1,0.000841019,-0.000917913,-0.0002625,309.062
0,1824108,2,phononTF,0.00460658,0.00101227,-0.000989286,0.000227044,8.37858,0.000382,1,0.000997203,-0.00100474,0.0002625,215.582
0,1826353,24,phononL,0.00261965,0.00195041,-0.0021179,0.000155626,2208.12,0.000382,1,0.00200183,-0.00199532,0.0002625,2240.02
0,1827005,29,phononTS,0.00090685,0.00156339,0.000790031,-0.0002625,1145.58,0.000764,1,0.0019997,0.00199505,0.0002625,2165.05
0,1835214,22,phononTS,0.000463227,0.00204343,8.29655e-05,-0.0002625,6308.87,0.000382,1,0.00200079,-2.69941e-06,0.0002625,6947.74
0,1835427,25,phononL,0.000475883,-0.00189122,-0.00253153,-0.0002625,1377.58,0.000382,1,-0.00199861,-0.00199981,0.0002625,1676.31
0,1836605,14,phononTF,0.000640976,0.000563761,-0.00254737,-0.0002625,1005.14,0.000382,1,0.000995496,-0.00299795,0.0002625,1497.93
0,1838867,16,phononTF,0.000486548,0.000382097,-0.0016874,-0.0002625,331.433,0.000382,1,4.36215e-06,-0.00199614,0.0002625,756.47
0,1838867,2,phononTS,0.00229128,0.000639392,-0.00113274,0.000262498,3.8155,0.000258354,1,0.000664246,-0.00105558,-0.0002625,163.77
0,1844208,30,phononTS,0.000425198,-0.000949571,-0.00100386,-0.0002625,2430.71,0.000382,1,-0.000996022,-0.00100351,0.0002625,2746.67
0,1846170,21,phononTS,0.000795349,0.000925208,-0.000780829,-0.000262498,226.98,0.000382,1,0.00200357,-8.72508e-07,0.0002625,773.114
0,1846170,4,phononTS,0.0005423,0.000634812,-0.00113804,0.000262498,19.9082,0.0005423,1,0.000809526,-0.000963261,-0.0002625,245.987
0,1846380,18,phononTS,0.000398623,0.000855991,-0.00131261,-0.0002625,408.42,0.000382,1,0.00100141,-0.00100311,0.0002625,904.352
0,1846380,17,phononTS,0.000515381,0.00071057,-0.0016221,0.000262498,408.42,0.000515381,1,0.00141921,-0.00151872,-0.0002625,732.327
0,1851305,10,phononTS,0.00131299,-0.000458225,-3.48762e-05,-0.000118308,1492.81,0.000664872,1,-0.00246142,0.00157273,-0.0002625,3069.43
0,1851910,18,phononTS,0.000782572,-0.00200306,4.40688e-06,0.0002625,1982.64,0.000629058,1,-0.00195322,-0.000238929,-0.0002625,2422.73
0,1852075,28,phononTS,0.000471503,0.000933026,-0.00106323,-0.000262498,778.162,0.000382,1,0.000997139,-0.000999188,0.0002625,933.469
0,1852094,15,phononTF,0.00066042,-2.59152e-06,-0.00200026,0.000262498,1482.48,0.00066042,1,-0.005,-0.0048638,-6.93001e-06,3227.09
0,1853890,26,phononTF,0.000506999,0.0023098,-0.0017665,-0.000262498,11187.7,0.000382,1,0.00200281,-0.00199586,0.0002625,11391.5
0,1858154,12,phononTS,0.000858711,0.000905314,-0.00106777,-0.000262498,228.52,0.000382,1,0.000996403,-0.00100441,0.0002625,383.622
0,1864444,14,phononTS,0.000834499,0.000771807,-0.00244037,-0.000262498,930.906,0.000382,1,3.68629e-07,-0.00200375,0.0002625,1337.05
0,1864837,8,phononTS,0.00148227,0.000160501,-0.00142699,-0.000262498,371,0.000764,1,-0.00200105,0.00200401,0.0002625,1789.47
0,1866348,10,phononTF,0.00053112,-0.0019053,8.88499e-05,-0.0002625,1514.31,0.000382,1,-0.00200317,-2.9612e-06,0.0002625,1999.91
0,1869667,9,phononTS,0.000608559,-0.000324998,-0.00101204,-0.000262498,1455.82,0.000382,1,2.25482e-06,-0.00200012,0.0002625,1887.16
0,1870103,22,phononTS,0.000600529,0.000295511,-0.00128575,-0.000262498,634.174,0.000382,1,0.000996081,0.000995461,0.0002625,1587.6
0,1876548,35,phononTS,0.000536395,6.65412e-05,-0.00214664,-0.0002625,1380.37,0.000382,1,-6.83603e-07,-0.00199621,0.0002625,2050.95
0,1879597,24,phononTF,0.00222731,0.000319133,-0.00171587,-0.0002625,656.037,0.000382,1,7.3179e-07,-0.00199972,0.0002625,1059.42
0,1880275,30,phononTS,0.000444701,0.00100429,-0.000995919,0.0002625,1244.63,0.000444701,1,0.00119188,-0.000847372,-0.0002625,1916.13
0,1882864,7,phononTF,0.00082636,0.000126668,0.000152731,-0.0002625,852.098,0.000382,1,-1.22376e-06,1.74667e-06,0.0002625,1521.68
0,1884811,13,phononTF,0.0017762,0.000396076,-0.00166798,-0.0002625,89.9774,0.000382,1,-2.1247e-06,-0.00199815,0.0002625,527.38
0,1885187,6,phononTF,0.000618126,0.00178509,-0.000197384,-0.0002625,513.072,0.000382,1,0.0019983,-7.09765e-07,0.0002625,873.527
0,1887295,27,phononTS,0.000653232,0.000894411,-0.00125481,-0.0002625,505.94,0.000382,1,0.00100064,-0.000998348,0.0002625,967.327
0,1890557,15,phononTS,0.000569727,0.00147971,0.000636635,-0.0002625,714.252,0.000382,1,0.00200318,0.00199885,0.0002625,2013.81
0,1893172,28,phononTS,0.00046002,-1.13554e-05,0.00145453,-0.0002625,4628.6,0.000382,1,-2.29875e-06,0.0019969,0.0002625,5202.86
0,1893173,3,phononTS,0.00498913,0.000813764,-0.000955334,0.000151212,149.068,0.0025061,1,0.000802205,-0.00102173,-0.0002625,560.163
0,1903691,10,phononTS,0.000704269,0.00067628,-0.000990755,-0.000262498,234.172,0.000382,1,0.00100455,-0.000997305,0.0002625,467.971
0,1904074,24,phononTS,0.00109101,1.92505e-05,-8.78994e-05,-0.0002625,325.019,0.000764,1,2.9064e-06,1.68013e-06,0.0002625,937.544
0,1904927,17,phononTS,0.000861538,-0.00100248,0.000998298,0.000262498,1308.68,0.000428549,1,-0.000329532,0.000820577,-0.0002625,1649.42
0,1907411,12,phononL,0.000421918,0.0012624,-0.000427698,-0.0002625,701.231,0.000382,1,0.00200327,1.47121e-06,0.0002625,1086.81
0,1908324,8,phononTS,0.000517799,0.000832174,-0.00118778,-0.0002625,30.872,0.000382,1,0.00100056,-0.00100187,0.0002625,451.352
0,1908901,35,phononTF,0.00115288,0.000129476,-0.00185371,-0.0002625,811.1,0.000382,1,4.30477e-06,-0.002004,0.0002625,1155.43
0,1911256,37,phononTS,0.000788791,0.0010625,-0.000920094,-0.0002625,885.018,0.000382,1,0.00100255,-0.00100429,0.0002625,1196.63
0,1914375,4,phononTS,0.000492741,0.00016749,-0.000542787,-0.0002625,40.2785,0.000382,1,1.59388e-07,3.08554e-06,0.0002625,1035.73
0,1914375,3,phononTS,0.00539609,0.000824745,-0.00114387,-0.000228524,40.2785,0.00115037,1,0.000781861,-0.00115362,-0.0002625,1081.22
0,1914407,14,phononTS,0.00046661,0.000999574,-0.000995016,0.0002625,558.572,0.00046661,1,0.00107234,-0.000908278,-0.0002625,1215.55
0,1915166,22,phononTF,0.000441686,5.63893e-05,-0.00229628,-0.0002625,1909.63,0.000382,1,2.45623e-07,-0.00199742,0.0002625,2306.87
0,1915787,19,phononL,0.000497018,-4.45328e-05,0.000844607,-0.0002625,2476.36,0.000382,1,1.10482e-06,0.00199728,0.0002625,2945.05
0,1917615,4,phononTS,0.00107541,0.00099673,-0.00100448,0.0002625,6.76586,0.000328217,1,0.00117942,-0.000943222,-0.0002625,591.322
0,1920058,16,phononTS,0.000825052,0.000935814,-0.0010699,-0.000262498,559.975,0.000382,1,0.00100315,-0.00100282,0.0002625,715.115
0,1923241,12,phononTS,0.000408692,0.0010831,-0.00122177,-0.000262498,1238.72,0.000382,1,0.00100031,-0.00100121,0.0002625,1440.84
0,1928508,5,phononTS,0.00323195,0.000760868,-0.00122059,0.0001954,128.174,0.001528,1,0.000998305,-0.000996715,0.0002625,224.566
0,1928860,16,phononTS,0.000574991,0.000997263,-0.00027284,-0.000262498,590.7,0.000382,1,0.00200044,-1.34982e-06,0.0002625,1033.21
0,1929472,9,phononTF,0.00049348,0.00135049,-0.00158308,-0.0002625,72.0562,0.000382,1,0.00200399,-0.00199631,0.0002625,678.666
0,1929888,18,phononTS,0.00263078,0.00021186,-0.000717471,-0.0002625,274.112,0.000764,1,-5.35714e-07,7.67686e-07,0.0002625,827.435
0,1932048,21,phononTS,0.000583161,-0.0019501,-0.005,0.000114867,1786.76,0.000583161,1,-0.00233191,-0.00376267,-0.0002625,3462.47
0,1934188,4,phononTS,0.00066689,0.000815372,-0.00105287,-0.0002625,61.5549,0.000382,1,0.00100035,-0.000997181,0.0002625,452.425
0,1936131,7,phononTS,0.000391697,0.000899164,-0.000977036,-0.0002625,205.604,0.000382,1,0.00100136,-0.00100332,0.0002625,565.404
0,1936131,6,phononTF,0.0004601,0.000796968,-0.000950753,0.000262498,205.604,0.0004601,1,0.0019691,0.000187513,-0.0002625,719.483
0,1937404,8,phononTS,0.00143656,0.00219662,0.000301872,3.37191e-06,123.012,0.000382,1,0.00299688,0.00100318,0.0002625,1181.59
0,1937404,10,phononTF,0.000998811,0.00299688,0.00100318,0.000262498,1181.59,0.000998811,1,0.00321732,0.00120942,-0.0002625,1365.83
0,1937775,11,phononTS,0.00047381,0.00129392,-0.000752366,-0.000262498,305.23,0.000382,1,-3.37303e-06,-3.99459e-06,0.0002625,901.138
0,1940934,15,phononTS,0.000725917,0.00100261,-0.00100486,0.000262498,957.121,0.000725917,1,0.000956353,-0.000928871,-0.0002625,1112.14
0,1942359,23,phononTS,0.000632201,-1.09865e-05,-0.000797511,-0.0002625,1736.84,0.000382,1,-4.19755e-06,-1.69709e-06,0.0002625,3178.28
0,1946413,18,phononTF,0.000702055,0.00100128,0.000996901,0.0002625,1494.32,0.000702055,1,0.00155118,0.00129183,-0.0002625,2159.08
0,1948152,11,phononTS,0.0018725,1.94383e-06,0.00200121,0.000262498,3351.88,0.000591563,1,-0.000196952,0.001911,-0.0002625,3568.52
0,1950030,3,phononTS,0.00387717,0.000846263,-0.0011911,0.000241015,53.4785,0.000764,1,0.0010042,-0.000996736,0.0002625,212.185
0,1950907,8,phononTS,0.000503142,0.000837231,-0.00107557,-0.0002625,65.8604,0.000382,1,0.000999408,-0.00100337,0.0002625,447.285
0,1952538,3,phononTF,0.00203514,0.00119641,-0.00115803,0.000139444,15.7203,0.000382,1,0.00100154,-0.00100101,0.0002625,491.521
0,1953577,19,phononTS,0.000916586,0.00200403,0.00200372,0.0002625,1542.59,0.000531476,1,0.00166418,0.00353036,-0.0002625,3348.06
0,1954405,4,phononTF,0.000648622,0.000891508,-0.000911164,-0.0002625,151.923,0.000382,1,0.000999145,-0.000998023,0.0002625,476.004
0,1954656,35,phononL,0.000653083,0.000273389,-0.00107364,-0.000262498,549.366,0.000382,1,0.000996368,-0.001002,0.0002625,713.953
0,1957290,14,phononTF,0.00104175,0.00163372,-0.00160832,-0.0002625,223.929,0.000764,1,0.0019967,-0.00200468,0.0002625,901.291
0,1958908,2,phononL,0.00435848,0.000710614,-0.00112185,-1.37529e-05,247.589,0.001146,1,0.000998442,-0.000997797,0.0002625,412.026
0,1959531,20,phononTS,0.000742314,0.000196215,-0.00100325,-0.0002625,1760.21,0.000382,1,4.13248e-06,4.69661e-06,0.0002625,2571.38
0,1962450,5,phononTF,0.000462674,0.000892935,-0.00113137,-0.0002625,278.807,0.000382,1,0.000997385,-0.000998979,0.0002625,946.845
0,1964018,21,phononTS,0.000528737,0.00199842,3.79199e-06,0.000262498,1446.71,0.000528737,1,0.00194158,-9.58665e-05,-0.0002625,1625.73
0,1967719,27,phononTF,0.000491142,0.00127094,-0.00133894,-0.000262498,8395.67,0.000382,1,0.000995415,-0.000996958,0.0002625,8609.62
0,1967956,24,phononTF,0.000751887,-0.00103268,0.000980621,-0.0002625,1394.04,0.000382,1,-0.00099938,0.000999841,0.0002625,1708.95
0,1971661,5,phononTS,0.00177017,0.00082412,-0.00106343,-0.0002625,7.14322,0.000764,1,0.00100097,-0.00100268,0.0002625,396.097
0,1971661,4,phononTF,0.000595189,0.000647266,-0.00112419,0.000262498,7.14322,0.000595189,1,0.00176303,-0.00221436,-0.0002625,498.753
0,1971794,27,phononTS,0.000681728,0.000974201,-0.000911643,-0.000262498,529.407,0.000382,1,0.0010048,-0.000999064,0.0002625,688.016
0,1972005,7,phononTS,0.000884789,0.00091446,-0.00104102,-0.0002625,24.813,0.000382,1,0.000998526,-0.00099842,0.0002625,654.191
0,1981770,6,phononTF,0.000776314,0.00203952,2.92354e-05,-0.000262498,633.822,0.000382,1,0.00200032,3.06851e-06,0.0002625,791.537
0,1984209,15,phononTS,0.000450652,0.000943151,-0.000945598,-0.000262498,2398.21,0.000382,1,0.000996382,-0.000996663,0.0002625,2555.15
0,1986718,17,phononL,0.000582416,0.000600864,-0.000773938,-0.0002625,1058.66,0.000382,1,0.0010009,-0.000999699,0.0002625,1848.6
0,1989907,38,phononL,0.000444143,0.000650153,-0.00047086,-0.000262498,1795.35,0.000382,1,0.000996925,-0.000997718,0.0002625,1950.35
0,1993504,11,phononTS,0.000783116,0.00114537,-0.000165262,-0.0002625,1370.3,0.000382,1,0.0019966,-4.30876e-06,0.0002625,2445.03
0,1993946,12,phononTF,0.000893168,0.000846292,-0.00112605,-0.0002625,61.2293,0.000382,1,0.000999616,-0.000995337,0.0002625,397.289
0,1996149,35,phononTF,0.000534048,0.00126956,-0.00267547,-0.000262498,2758.9,0.000382,1,0.000997806,-0.00299767,0.0002625,2959.5
0,1998675,10,phononTF,0.000993449,0.00209447,0.000208671,-0.000262498,954.194,0.000764,1,0.00199947,3.32794e-07,0.0002625,1133.19
0,2000484,23,phononTF,0.000605885,0.000842149,-0.00115756,-0.0002625,4219.4,0.000382,1,0.00100492,-0.000998446,0.0002625,4631.36
0,2003646,4,phononTF,0.00138033,0.000796266,-0.00106063,-0.0002625,60.7137,0.000382,1,0.000999166,-0.00100058,0.0002625,415.765
0,2005975,14,phononTF,0.000655113,0.000277647,-0.00167109,-0.0002625,748.921,0.000382,1,9.34517e-07,-0.0019962,0.0002625,1151.65
0,2010600,20,phononTS,0.000438155,0.00100295,-0.000999692,0.000262498,2745.7,0.000438155,1,0.00109044,-0.000963361,-0.0002625,2903.61
0,2010600,15,phononTS,0.000388344,0.000328819,-0.000906421,0.000262498,1206.29,0.000388344,1,0.000410505,-0.000827635,-0.0002625,1360.57
0,2011028,11,phononTF,0.000548665,0.00100696,0.00125567,-0.000262498,2271.19,0.000382,1,0.0010024,0.000997658,0.0002625,2459.93
0,2014874,19,phononTS,0.000512758,0.00280572,6.7726e-05,-0.0002625,2095.27,0.000382,1,0.00299964,0.00100115,0.0002625,3247.74
0,2014874,5,phononTS,0.00195484,0.000621967,-0.0011365,0.000262498,10.4368,0.000949799,1,0.000589037,-0.00128556,-0.0002625,209.47
0,2017012,16,phononTS,0.0022881,0.000963257,-0.000966626,-0.000262498,255.186,0.000382,1,0.0010007,-0.000997207,0.0002625,427.73
0,2017386,13,phononTS,0.000810618,0.00100441,-0.000995804,0.000262498,526.572,0.000810618,1,0.000681086,-0.00091102,-0.0002625,751.666
0,2019894,20,phononTS,0.00060817,0.000925071,-0.000962003,-0.0002625,89.2172,0.000382,1,0.000997999,-0.000995276,0.0002625,734.18
0,2023474,27,phononTS,0.000421357,0.0020009,3.74552e-06,0.0002625,1715.84,0.000421357,1,0.00207457,5.92918e-05,-0.0002625,2181.04
0,2025166,27,phononTF,0.000655425,0.00081105,-0.00122633,-0.000262498,560.022,0.000382,1,0.000995124,-0.000998004,0.0002625,738.918
0,2027347,12,phononTS,0.000686101,0.000996128,-0.000915808,-0.000262498,844.624,0.000382,1,0.000996005,-0.00100013,0.0002625,1007.1
0,2035666,23,phononTS,0.000791694,0.000480971,-3.88589e-05,-0.000262498,1554.84,0.000382,1,0.00100379,-0.000996774,0.0002625,2023.21
0,2036745,4,phononTF,0.00261512,0.000195342,0.000108246,-0.0002625,1.21869,0.000764,1,-5.17347e-07,-3.51126e-06,0.0002625,688.411
0,2039816,28,phononTF,0.000456366,-3.10045e-06,-0.0020028,0.000262498,780.595,0.000456366,1,-0.000288146,-0.00167451,-0.0002625,983.615
0,2043612,2,phononL,0.00486501,0.000954257,-0.00103511,0.00023083,80.6639,0.000764,1,0.000998656,-0.00100326,0.0002625,740.301
0,2049181,12,phononTS,0.00103882,0.00105954,-0.00105595,-0.0002625,342.685,0.000382,1,0.000999116,-0.000995532,0.0002625,653.67
0,2049238,10,phononTS,0.000600587,-0.0023951,-0.005,-0.000134216,5693.97,0.000600587,1,-0.00291534,-0.00449233,-0.0002625,7810.3
0,2052197,26,phononTS,0.00112652,0.00207982,-0.00191443,-0.000262498,1446.9,0.000382,1,0.00200257,-0.00199659,0.0002625,1601.23
0,2054476,14,phononTS,0.000535639,-3.74002e-05,-0.00202929,-0.000262498,766.245,0.000382,1,-1.82975e-06,-0.00199665,0.0002625,938.289
0,2056348,28,phononTF,0.000534065,0.00118133,-0.00110182,-0.0002625,810.937,0.000382,1,0.00199585,-0.00199653,0.0002625,1596.97
0,2057316,10,phononTS,0.000587274,0.00137005,0.00128457,-0.0002625,890.43,0.000382,1,0.00100453,0.000997119,0.0002625,1725.61
0,2060564,2,phononL,0.000524511,0.000996965,-0.00299672,0.0002625,114.981,0.000524511,1,0.000991603,-0.00320546,-0.0002625,639.219
0,2061286,8,phononTF,0.000564657,0.00102569,-0.00111746,-0.0002625,31.1871,0.000382,1,0.00199997,-0.0020023,0.0002625,1450.23
0,2074512,14,phononTS,0.00039899,0.000959243,-0.000957859,-0.0002625,183.961,0.000382,1,0.000997455,-0.000995284,0.0002625,496.621
0,2079484,13,phononTS,0.00108894,0.000845332,0.000720694,-0.000262498,3785.08,0.000382,1,0.000997535,0.000997325,0.0002625,4027.15
0,2079484,14,phononTS,0.000636596,0.000997535,0.000997325,0.000262498,4027.15,0.000636596,1,0.00228356,0.0019968,-0.0002625,4616.92
0,2081213,17,phononTS,0.000394729,0.000923435,-0.000913234,-0.0002625,216.173,0.000382,1,0.0010045,-0.00100015,0.0002625,524.134
0,2084086,9,phononTS,0.00342613,-0.00100139,-0.00106443,0.000231696,113.589,0.000382,1,-0.00100473,-0.00100159,0.0002625,806.383
0,2089812,22,phononTS,0.00133811,-2.1147e-05,-0.00193932,-0.000262498,434.93,0.000382,1,9.01043e-07,-0.00199944,0.0002625,617.279
0,2091407,25,phononL,0.00257144,0.000546073,-0.0010809,-0.000262498,184.899,0.000382,1,0.000996252,-0.00100283,0.0002625,315.357
0,2095733,24,phononTF,0.000441967,-0.000998299,-0.0010048,0.0002625,821.777,0.000441967,1,-0.00126765,-0.00072889,-0.0002625,1210.93
0,2095733,3,phononTS,0.00217656,0.000793597,-0.00299386,-0.000152893,14.3215,0.00109134,1,0.000937114,-0.0030126,-0.0002625,450.807
0,2105105,38,phononTS,0.000531268,-0.000550341,0.00011219,-0.0002625,1385.5,0.000382,1,-0.000997603,0.00100228,0.0002625,2609.66
0,2107139,16,phononTF,0.000385489,0.00148614,-0.000435327,-0.000262498,4110.25,0.000382,1,0.000997838,-0.000999019,0.0002625,4381.39
0,2111783,6,phononTS,0.00155808,0.00105759,-0.00105664,-0.000262498,668.5,0.000382,1,0.00100012,-0.00100056,0.0002625,824.154
0,2112023,26,phononTS,0.000623922,0.000952545,-0.0010449,-0.0002625,1753.91,0.000382,1,0.0010033,-0.000999649,0.0002625,2109.84
0,2112023,15,phononTS,0.000646758,0.000647763,-0.00121228,0.000262498,76.0028,0.000241294,1,0.000153615,-0.00133853,-0.0002625,364.218
0,2113410,6,phononTS,0.00144132,0.000913053,-0.000952214,-0.0002625,330.908,0.001146,1,0.000996421,-0.00100259,0.0002625,710.873
0,2116357,28,phononTF,0.000512294,0.0010018,0.00100357,0.000262498,2452.61,0.000512294,1,0.000789814,0.000829937,-0.0002625,2628.96
0,2117779,14,phononTS,0.000427204,8.74214e-05,-8.0907e-05,-0.0002625,991.129,0.000382,1,1.21579e-06,1.3382e-08,0.0002625,1299.15
0,2119395,6,phononTS,0.00207479,-5.00129e-05,-0.000345425,-0.0002625,486.976,0.000382,1,-3.87288e-06,4.69627e-06,0.0002625,955.071
0,2124133,23,phononTS,0.00114544,-0.00121885,-0.00282768,-0.000262498,1788.77,0.000382,1,-0.00200338,-0.00200076,0.0002625,2276.64
0,2124442,15,phononTS,0.00113981,0.000999386,-0.0010011,0.000262498,916.23,0.000566915,1,0.000968817,-0.000210364,-0.0002625,1266.13
0,2134728,5,phononTF,0.000958816,0.0010016,-0.00100353,0.0002625,527.739,0.000704722,1,0.00115366,-0.00119668,-0.0002625,1030.75
0,2134728,4,phononTS,0.00241366,0.000868603,-0.00122333,-0.000163884,527.739,0.00165318,1,0.000991559,-0.00121051,-0.0002625,740.915
0,2137989,13,phononTF,0.00100089,-0.000805933,-0.000775858,-0.0002625,509.485,0.000382,1,-0.00099789,-0.0010025,0.0002625,1212.25
0,2142258,11,phononTS,0.000817284,0.000476823,-0.000908296,-0.000262498,447.374,0.000382,1,-0.00199714,-0.00200012,0.0002625,1423.58
0,2142258,8,phononTS,0.00119437,0.000674963,-0.00112882,0.000262498,21.4873,0.000828727,1,-0.00247324,0.000767554,-0.0002625,1299.61
0,2143650,19,phononTF,0.000536115,0.00163785,-0.0018315,-0.0002625,2869.83,0.000382,1,0.00199996,-0.00200398,0.0002625,3302.55
0,2148792,19,phononTS,0.000520516,0.00108083,-0.000918586,-0.000262498,750.415,0.000382,1,0.00100026,-0.00100077,0.0002625,904.713
0,2151019,31,phononTF,0.000643184,8.83765e-05,-0.0020405,-0.000262498,4049.4,0.000382,1,0.00100341,-0.00299579,0.0002625,4475.61
0,2151019,27,phononTF,0.000832749,-0.000771483,-0.00215058,0.000262498,3362.25,0.000376848,1,-0.000930346,-0.00229825,-0.0002625,3532.68
0,2153600,21,phononTF,0.000588469,0.000643803,-0.00128636,-0.0002625,758.093,0.000382,1,0.000997549,-0.000996177,0.0002625,1721.64
0,2153853,25,phononL,0.000909948,-0.000786257,-0.000744284,-0.0002625,1002.26,0.000382,1,-0.00100033,-0.000998463,0.0002625,1243.06
0,2153853,2,phononTS,0.00125175,0.000608967,-0.00112417,0.000262498,111.601,0.000548888,1,0.001533,-0.00151742,-0.0002625,528.769
0,2154145,39,phononTS,0.00084125,0.0010875,-0.0010477,-0.000262498,736.33,0.000382,1,0.000997253,-0.0010044,0.0002625,893.386
0,2154145,27,phononTS,0.0037631,0.000919851,-0.00100736,-3.35515e-05,440.479,0.00139789,1,0.000993472,-0.000704541,-0.0002625,591.036
0,2155723,12,phononTS,0.00119639,0.00143209,0.00111163,-0.0002625,1075.17,0.000382,1,0.00100049,0.000998305,0.0002625,1582.61
0,2157117,24,phononTS,0.000523604,0.000977247,-0.000936428,-0.0002625,1149.9,0.000382,1,0.0010023,-0.00100192,0.0002625,1461.97
0,2158053,2,phononTS,0.00309177,-8.12446e-05,-0.00197553,-0.0002625,37.8015,0.000764,1,1.76598e-06,-0.00200389,0.0002625,723.531
0,2162457,8,phononTF,0.000497919,3.35264e-06,7.62439e-07,0.0002625,1252.5,0.000497919,1,0.00030342,-6.45294e-05,-0.0002625,1650.51
0,2162698,5,phononTS,0.000624937,0.000810767,-0.00106481,-0.0002625,3.48268,0.000382,1,0.000997674,-0.000997948,0.0002625,395.609
0,2162698,4,phononL,0.00158717,0.000623861,-0.00113167,0.000262498,3.48268,0.000242872,1,0.00100864,-0.00145418,-0.0002625,140.603
0,2164196,4,phononTS,0.00452957,0.00102618,-0.00104974,8.40684e-05,2839.79,0.000764,1,0.00100042,-0.000996801,0.0002625,3258.11
0,2166206,5,phononTS,0.00225638,0.000805006,-0.00107606,-0.0002625,36.0992,0.000764,1,0.000998497,-0.00100166,0.0002625,429.55
0,2166978,6,phononTF,0.000488579,0.000920238,-0.00106604,-0.000262498,322.799,0.000382,1,0.00100159,-0.00100299,0.0002625,482.474
0,2169051,34,phononTF,0.0004182,-0.00177416,0.00190238,-0.0002625,7442.8,0.000382,1,-0.000999287,0.000996044,0.0002625,8244.13
0,2170046,21,phononTS,0.000780624,0.000250412,-0.00116512,-0.000262498,562.485,0.000382,1,1.18767e-06,-0.00200226,0.0002625,941.892
0,2172826,7,phononTF,0.000409376,0.00299842,0.000997372,0.000262498,1418.92,0.000409376,1,0.0024695,0.000434398,-0.0002625,1699.6
0,2183538,20,phononL,0.000770469,0.00451251,0.00125483,-0.000262498,1730.74,0.000382,1,0.00300366,0.00100495,0.0002625,2035.39
0,2185402,37,phononTS,0.000503251,0.000947357,-0.000981564,-0.0002625,922.046,0.000382,1,0.00100421,-0.000998475,0.0002625,1247.2
0,2193007,2,phononTS,0.00330064,0.005,0.000878211,0.000211962,9.87667,0.00163514,1,0.00448001,0.00146552,-0.0002625,2720.49
0,2197635,10,phononTF,0.000996338,0.00141532,-0.00136838,-0.0002625,794.553,0.000382,1,0.00199646,-0.00200342,0.0002625,1863.19
0,2199233,19,phononTS,0.000456765,0.00275714,0.00151878,-0.000262498,1640.24,0.000382,1,0.00099804,0.00100168,0.0002625,2330.92
0,2201445,2,phononTS,0.00175463,0.000812974,-0.00105344,-0.0002625,69.1823,0.000382,1,0.00100266,-0.00099827,0.0002625,464.239
0,2205730,10,phononTF,0.0010452,0.0019143,-5.83934e-05,-0.0002625,550.727,0.000382,1,0.00200031,-1.84709e-06,0.0002625,1194.76
0,2205830,14,phononL,0.00142116,0.000457606,-0.00082422,-0.000262498,254.903,0.000382,1,0.000999693,-0.00100283,0.0002625,399.166
0,2206071,25,phononTS,0.000402381,-0.000943367,0.000910591,-0.000262498,3912.03,0.000382,1,-0.00100489,0.000999504,0.0002625,4067.36
0,2207024,12,phononTS,0.000566586,8.98706e-05,-0.00197417,-0.000262498,222.832,0.000382,1,1.6106e-07,-0.00200277,0.0002625,381.542
0,2207148,12,phononTF,0.000501181,0.00157601,0.00035226,-0.0002625,1166.85,0.000382,1,0.00199924,-3.38028e-06,0.0002625,1619.8
0,2207148,7,phononTF,0.000522276,0.000600332,-0.0010888,0.000262498,127.52,0.000522276,1,0.00119971,-0.000572524,-0.0002625,409.435
0,2212979,23,phononTF,0.000703862,-0.00141127,0.00267349,-0.0002625,1736.6,0.000382,1,-0.000998329,0.00299773,0.0002625,2672.42
0,2220984,13,phononTS,0.000398561,-0.00107815,0.00101434,-0.0002625,2275.95,0.000382,1,-0.00100321,0.00100423,0.0002625,2775.24
0,2220984,6,phononTF,0.00147002,0.000681096,-0.00118821,0.000262498,73.5673,0.000953522,1,0.00102199,-0.00159964,-0.0002625,295.805
0,2223714,13,phononTS,0.000727298,0.000891088,0.00107402,-0.0002625,2373.66,0.000382,1,0.00100237,0.00100362,0.0002625,2710.16
0,2231607,26,phononTF,0.000831431,0.00218138,0.00015122,-0.0002625,1543.4,0.000382,1,0.00299903,0.000999735,0.0002625,2704.47
0,2235285,13,phononL,0.000794967,0.000555132,-0.00106357,-0.000262498,174.985,0.000764,1,0.00100482,0.00100202,0.0002625,591.923
0,2238642,4,phononL,0.000404341,0.000533531,-0.000850871,-0.0002625,123.641,0.000382,1,0.00200071,-6.60281e-07,0.0002625,601.533
0,2241685,14,phononTS,0.00050202,-3.48288e-05,-0.00183307,-0.0002625,1335.51,0.000382,1,5.96686e-07,-0.00199906,0.0002625,1740.63
0,2242841,5,phononTS,0.000548377,0.000705096,-0.00106676,-0.0002625,14.2406,0.000382,1,0.000998321,-0.00100111,0.0002625,402.087
0,2242841,4,phononTS,0.00246653,0.000630844,-0.00112612,0.000262498,14.2406,0.000929542,1,0.00067536,-0.00221178,-0.0002625,456.573
0,2246977,18,phononTF,0.00109048,0.00251556,0.000432482,-0.0002625,626.425,0.000382,1,0.00300081,0.000997564,0.0002625,1504.84
0,2249771,45,phononTF,0.000614251,0.00115656,-0.000935403,-0.000262498,1401.57,0.000382,1,0.00100256,-0.000998798,0.0002625,1570.82
0,2250254,4,phononTS,0.00299216,0.000924442,-0.000999021,-0.0002625,112.778,0.000382,1,0.00100448,-0.000999113,0.0002625,478.235
0,2250912,14,phononTS,0.00106745,0.000996628,-0.00100261,0.0002625,226.459,0.000661882,1,0.00108742,-0.00104133,-0.0002625,699.034
0,2251399,8,phononTS,0.000554475,0.00199542,-0.00200358,0.000262498,2017.91,0.000554475,1,0.0015589,-0.000328195,-0.0002625,2674.7
0,2252409,24,phononTS,0.000614036,0.00032837,0.000884686,-0.0002625,6371.21,0.000382,1,1.91284e-06,0.00199867,0.0002625,7007.19
0,2252409,3,phononTF,0.000560264,0.000649016,-0.00111718,0.000262498,7.03546,0.000560264,1,0.00153127,-0.000310049,-0.0002625,396.414
0,2253388,14,phononTS,0.000759601,-0.00108084,-0.00104268,-0.000262498,1256.2,0.000382,1,-0.000999575,-0.00100349,0.0002625,1432.28
0,2253600,19,phononTS,0.000580574,-0.000923295,0.00305559,-0.000262498,2722.09,0.000382,1,-0.00100224,0.00300428,0.0002625,2911.5
0,2253600,2,phononTF,0.000790792,0.000622366,-0.00116516,0.000262498,328.679,0.00044323,1,0.000767975,-0.00127954,-0.0002625,494.579
0,2255114,12,phononTF,0.00064641,0.00179777,-0.000180781,-0.000262498,613.599,0.000382,1,0.00199693,-1.36939e-06,0.0002625,790.348
0,2258301,12,phononTS,0.000509463,0.00190834,-0.00208101,-0.0002625,1407.75,0.000382,1,0.00199544,-0.00199899,0.0002625,1869.49
0,2261090,17,phononTF,0.000479611,-0.000473792,-0.00155432,-0.000262498,1324.63,0.000382,1,-1.03741e-06,-0.00200288,0.0002625,1577
0,2261403,12,phononTS,0.0011478,-1.60044e-06,-0.00198118,-0.000262498,560.973,0.000764,1,2.84226e-06,-0.00200456,0.0002625,725.19
0,2264789,6,phononTF,0.000651491,0.005,-0.000631904,6.4885e-05,15.9148,0.000382,1,0.00100452,0.000999189,0.0002625,2664.32
0,2264847,25,phononTS,0.000903541,-0.00161876,-0.00127893,-0.0002625,3575.49,0.000382,1,-0.0029976,-0.000998693,0.0002625,4489.65
0,2267735,8,phononTF,0.000467849,0.000348099,-0.00262275,-0.0002625,1607.33,0.000382,1,-2.36991e-06,-0.00200271,0.0002625,2190.91
0,2272220,3,phononTS,0.00106169,0.000314997,-0.00156501,-0.0002625,5.44161,0.000382,1,-2.71619e-06,-0.00200309,0.0002625,617.103
0,2273505,3,phononTS,0.00202002,0.000834571,-0.0020629,-0.0002625,56.8502,0.000382,1,0.00100098,-0.00299574,0.0002625,826.686
0,2273505,19,phononTF,0.000568738,0.00100098,-0.00299574,0.000262498,826.686,0.000568738,1,0.00123218,-0.00281324,-0.0002625,1005.58
0,2273505,18,phononTS,0.00104896,0.00100098,-0.00299574,0.000262498,826.686,0.000475548,1,0.00202964,-0.00322507,-0.0002625,1271.14
0,2274376,25,phononTS,0.000624975,0.000948299,-0.000572013,-0.0002625,1362.17,0.000382,1,0.0010043,-0.000995845,0.0002625,1886.36
0,2278804,15,phononTS,0.000431179,0.000999197,-0.000890366,-0.0002625,245.34,0.000382,1,0.00099844,-0.00100028,0.0002625,789.573
0,2278804,5,phononTS,0.000413517,0.000622933,-0.00111544,0.000262498,11.9687,0.000413517,1,0.000673607,-0.00107347,-0.0002625,167.989
0,2281724,15,phononTF,0.000624051,-0.00100003,0.00100218,0.0002625,2039.22,0.000624051,1,-0.00131056,0.000681089,-0.0002625,2717.97
0,2282746,32,phononL,0.000607157,0.00113155,0.00131908,-0.0002625,1704.81,0.000382,1,0.000999236,0.0010022,0.0002625,2676.08
0,2283307,9,phononTF,0.000687565,-0.005,0.0028007,-9.75771e-06,475.31,0.000288359,1,-0.00492756,0.00273458,-0.0002625,3976.1
0,2286501,5,phononTF,0.00105286,0.00182157,-0.00222427,-0.000262498,1119.5,0.000382,1,0.00199694,-0.00200392,0.0002625,1296.68
0,2288451,11,phononTF,0.00461158,0.000946357,-0.000949909,7.52019e-05,741.312,0.000764,1,0.00100047,-0.00100262,0.0002625,888.871
0,2289777,21,phononTS,0.000461747,-0.00199819,-0.00200029,0.0002625,5991.17,0.000461747,1,-0.00195507,-0.00148168,-0.0002625,6424.58
0,2290075,17,phononTS,0.00044757,0.000543771,-0.00126076,-0.000262498,1552.86,0.000382,1,4.86115e-06,2.53575e-06,0.0002625,2105.1
0,2293235,15,phononTF,0.000482874,0.00147095,-0.000556428,-0.000262498,551.296,0.000382,1,0.00200011,-1.52282e-06,0.0002625,828.747
0,2295365,23,phononL,0.000817723,0.000921545,-0.00130936,-0.000262498,201.421,0.000382,1,0.000997259,-0.000996016,0.0002625,320.885
0,2295390,15,phononTS,0.000416732,0.000169096,-0.00186972,-0.0002625,1063.04,0.000382,1,-4.34361e-06,-0.00199565,0.0002625,1497.87
0,2302409,14,phononTS,0.00175165,0.000775386,-0.0018135,-0.000262498,1281.56,0.000382,1,0.0010024,-0.00299565,0.0002625,1769.69
0,2303106,19,phononTS,0.000939776,0.0020038,-0.0019983,0.000262498,2545.77,0.000939776,1,0.00199472,-0.00195079,-0.0002625,2712.56
0,2306560,18,phononTS,0.00105254,-0.000178663,-0.00173565,-0.000262498,535.01,0.000382,1,3.12729e-07,-0.00200364,0.0002625,779.75
0,2307363,15,phononTF,0.00231045,-0.000121731,1.26792e-05,-0.0002625,176.449,0.000382,1,-0.00099722,0.000999751,0.0002625,1043.73
0,2308828,17,phononTS,0.000868826,-0.000858133,-0.000990767,-0.0002625,1947.35,0.000382,1,-0.00100242,-0.0010022,0.0002625,2323.04
0,2311151,6,phononTS,0.00124693,0.000408774,-0.00191832,-0.0002625,508.068,0.000764,1,-9.79395e-07,-0.00199981,0.0002625,1000.37
0,2318444,11,phononTS,0.000526155,0.0019968,-8.79949e-07,0.000262498,581.41,0.000526155,1,0.00215155,-2.98788e-05,-0.0002625,774.333
0,2318533,23,phononTS,0.000758418,-2.97913e-06,1.4e-06,0.000262498,2659,0.000758418,1,-5.54131e-05,-4.45281e-05,-0.0002625,2814.93
0,2319933,22,phononTS,0.00209757,0.000692073,-0.0010536,-0.000262498,161.602,0.000382,1,0.000998448,-0.0010015,0.0002625,383.547
0,2323033,27,phononTS,0.000415014,-0.000535057,-0.00108196,-0.0002625,281.185,0.000382,1,-0.00100281,-0.00100057,0.0002625,802.71
0,2328131,10,phononTS,0.000518014,0.000992724,-0.000942726,-0.0002625,809.366,0.000382,1,0.000995439,-0.00100423,0.0002625,1136.32
0,2328445,3,phononTF,0.00678906,0.000899457,-0.00110348,9.28484e-05,149.819,0.000382,1,0.000997567,-0.000997812,0.0002625,779.449
0,2329530,9,phononTF,0.000778381,0.000210013,-0.00226589,-0.000262498,530.712,0.000382,1,1.74949e-07,-0.00199789,0.0002625,724.894
0,2330359,17,phononTF,0.00111629,0.000330314,-0.00169967,-0.0002625,362.497,0.000382,1,-2.05678e-06,-0.00200357,0.0002625,1001.07
0,2331500,20,phononTS,0.000403781,-8.31115e-05,-0.00192005,-0.000262498,2955.17,0.000382,1,-4.83862e-06,-0.00199833,0.0002625,3109.6
0,2331518,5,phononTS,0.00153014,0.000952206,-0.000961302,-0.000262498,390.241,0.000382,1,0.000997942,-0.000998478,0.0002625,563.346
0,2334716,16,phononTS,0.00117235,0.000996461,-0.00100161,0.000262498,1255.49,0.000612612,1,0.00123271,-0.000924876,-0.0002625,1461.32
0,2339204,9,phononTS,0.000415782,-4.70844e-06,-2.44335e-06,0.0002625,785.266,0.000415782,1,6.99326e-05,6.86902e-05,-0.0002625,1760.08
0,2344870,18,phononTF,0.000604222,0.00187703,-0.000142887,-0.0002625,299.345,0.000382,1,0.00200129,-4.79482e-06,0.0002625,964.51
0,2347223,27,phononTF,0.000484593,0.000983509,-0.00102339,-0.0002625,805.228,0.000382,1,0.00100434,-0.00100248,0.0002625,1119.46
0,2352322,16,phononTS,0.000759504,0.000987268,-0.001626,-0.0002625,811.955,0.000382,1,0.00100251,-0.00100489,0.0002625,1401.46
0,2358282,4,phononTF,0.000766364,0.00136632,-0.00053886,-0.0002625,103.752,0.000382,1,0.0019956,1.12338e-06,0.0002625,712.363
0,2358282,3,phononTS,0.00373202,0.00134902,-0.000489461,-0.000115486,103.752,0.00162487,1,0.0015735,-0.000803603,-0.0002625,571.557
0,2358440,36,phononTS,0.000427078,0.00145907,-0.00197711,-0.0002625,8774.78,0.000382,1,0.00200354,-0.00200248,0.0002625,9218.98
0,2360214,22,phononTS,0.00090923,-0.000996235,0.000999672,0.0002625,220.586,0.000521711,1,-0.00231936,0.00278487,-0.0002625,1791.36
0,2360324,8,phononTS,0.00164492,0.0009245,-0.000940223,-0.000262498,627.149,0.000382,1,0.000996219,-0.000999619,0.0002625,782.307
0,2360324,11,phononTF,0.000409095,0.000996219,-0.000999619,0.000262498,782.307,0.000409095,1,0.000944452,-0.000943421,-0.0002625,940.891
0,2363834,8,phononTF,0.000500761,0.0021676,-0.00213296,-0.0002625,1798.16,0.000382,1,0.00199744,-0.00199987,0.0002625,2136.21
0,2363834,4,phononTS,0.0028866,0.000775943,-0.00110124,0.000262498,167.928,0.000200934,1,0.00119641,-0.00107011,-0.0002625,426.388
0,2365652,4,phononTS,0.000517993,0.000817305,-0.00105451,-0.0002625,75.0761,0.000382,1,0.000995744,-0.00100004,0.0002625,463.325
0,2365652,3,phononTF,0.00272977,0.000638867,-0.00110897,0.000262498,75.0761,0.000708404,1,0.000665223,-0.00105568,-0.0002625,233.474
0,2372302,35,phononTS,0.000698625,0.00219884,-0.00275958,-0.000262498,2232.27,0.000382,1,0.00100412,-0.000996809,0.0002625,3011.26
0,2372433,27,phononTS,0.000830327,0.000998509,-0.00100279,0.0002625,3446.58,0.000830327,1,0.00109979,-0.00101229,-0.0002625,4002.16
0,2372433,2,phononTS,0.00171069,0.000618536,-0.00114878,0.000262498,12.9126,0.00113701,1,0.000534802,-3.20137e-06,-0.0002625,476.298
0,2372663,19,phononTS,0.000614427,-0.00108378,-0.000925767,-0.0002625,2097.99,0.000382,1,-0.000998356,-0.0010043,0.0002625,3047.14
0,2373240,23,phononTS,0.000462232,0.000997783,-0.000996167,0.000262498,3722.79,0.000462232,1,0.000749487,-0.000844399,-0.0002625,3958.96
0,2373240,2,phononTS,0.00344702,0.000849589,0.00123221,0.000141171,36.9652,0.00147433,1,0.00147423,0.00134116,-0.0002625,1384.24
0,2374433,7,phononTF,0.000512771,0.00100338,-0.0010046,0.0002625,390.224,0.000512771,1,0.00127945,-0.000784455,-0.0002625,765.898
0,2374543,10,phononTS,0.00107224,-7.38179e-08,-0.00200138,0.0002625,323.031,0.000783805,1,-0.000400979,-0.00182206,-0.0002625,870.346
0,2378415,14,phononTF,0.000673694,0.000504437,-0.0010094,-0.000262498,201.555,0.000382,1,0.00200117,3.24435e-06,0.0002625,787.846
0,2378678,7,phononTS,0.000508976,0.00097045,-0.00109523,-0.0002625,248.478,0.000382,1,0.00100239,-0.000995636,0.0002625,613.415
0,2383584,23,phononTS,0.0017248,0.000977222,-0.00277926,-0.0002625,982.428,0.000382,1,0.00100423,-0.00300373,0.0002625,1390.58
0,2384089,26,phononTS,0.000842752,-0.00102815,-0.00317959,-0.000262498,2618.94,0.000382,1,-2.79648e-06,-0.00199693,0.0002625,3240.27
0,2387790,6,phononTS,0.000579808,0.000929652,-0.00098843,-0.0002625,416.416,0.000382,1,0.00100478,-0.000995875,0.0002625,726.975
0,2388500,7,phononTS,0.00118927,0.000810333,-0.00206766,-0.0002625,46.257,0.000382,1,0.000996175,-0.00300148,0.0002625,815.317
0,2390123,5,phononTS,0.00345504,0.000216916,0.000213014,0.000214116,572.432,0.000764,1,-1.95377e-06,-1.92602e-06,0.0002625,1542.75
0,2394242,4,phononTF,0.00378283,0.000846444,-0.000849687,1.15228e-05,662.088,0.000382,1,0.00100068,-0.0010011,0.0002625,762.588
0,2395856,43,phononTF,0.000548821,-0.000515409,0.00149192,-0.0002625,2288.93,0.000382,1,-0.000998163,0.00099787,0.0002625,2729.32
0,2397491,5,phononTF,0.00124831,0.00100433,-0.00100096,0.0002625,1329.4,0.00110641,1,0.000765876,-0.000770665,-0.0002625,1704.43
0,2398111,31,phononTS,0.000474512,0.00200331,0.00200483,0.000262498,3297.17,0.000474512,1,0.0020454,0.00197833,-0.0002625,3466.93
0,2403820,18,phononTS,0.00164742,0.000998893,-0.00100114,0.000262498,761.769,0.00108381,1,0.00106455,-0.000151111,-0.0002625,1127.71
0,2407761,4,phononTS,0.00331226,0.000989612,-0.000977867,0.000244444,448.04,0.000382,1,0.000997273,-0.000997219,0.0002625,465.367
0,2410588,26,phononTS,0.000815914,0.00108192,-0.000929411,-0.000262498,1739.2,0.000382,1,0.000998303,-0.00100034,0.0002625,1893.93
0,2410824,6,phononTS,0.000951845,-4.13856e-06,8.32455e-07,0.000262498,548.987,0.00053966,1,2.27744e-05,-8.95341e-05,-0.0002625,707.859
0,2410903,3,phononTS,0.00406855,0.000905512,-0.000939079,8.90758e-05,11.5753,0.000764,1,0.00100038,-0.0010049,0.0002625,1140.96
0,2410903,21,phononL,0.00146954,0.00100038,-0.0010049,0.000262498,1140.96,0.000622687,1,0.00125364,-0.00115125,-0.0002625,1258.7
0,2412835,19,phononTS,0.000644822,-0.001373,-0.000799557,-0.0002625,2762.68,0.000382,1,-0.00100165,-0.000995697,0.0002625,3302.06
0,2412835,6,phononTS,0.000647904,-0.000487286,-0.000393276,0.000262498,2123.58,0.000647904,1,-0.000540951,-0.000317863,-0.0002625,2278.54
0,2413264,7,phononTS,0.000915543,0.000363321,-0.000984048,-0.0002625,20.04,0.000382,1,-4.68757e-06,-4.77179e-06,0.0002625,691.132
0,2414545,27,phononTS,0.000747709,-0.00107659,-0.00100952,-0.0002625,1436.9,0.000382,1,-0.00100483,-0.000998619,0.0002625,1761
0,2418330,4,phononTS,0.000642796,0.00099593,-0.000926054,-0.000262498,536.507,0.000382,1,0.00100098,-0.00100178,0.0002625,691.772
0,2418588,17,phononTS,0.000587918,0.00100341,-0.0010037,0.000262498,1762.89,0.000587918,1,0.005,0.00409293,1.82494e-05,3874.79
0,2419806,3,phononTS,0.00473273,0.00101656,-0.000999422,0.000138295,21.6463,0.000382,1,0.000997089,-0.000997672,0.0002625,299.47
0,2419806,5,phononTS,0.00247608,0.000997089,-0.000997672,0.000262498,299.47,0.00130917,1,0.0010386,-0.00104554,-0.0002625,460.13
0,2423754,15,phononTS,0.000599524,0.00100134,-0.00100152,0.0002625,179.621,0.000599524,1,0.00142873,-0.000908865,-0.0002625,714.591
0,2424535,21,phononTF,0.000579781,0.00100469,-0.000999652,0.0002625,218.744,0.000579781,1,0.00120573,-0.000767058,-0.0002625,582.584
0,2426198,13,phononTF,0.000758764,0.000916547,-0.0010673,-0.0002625,216.194,0.000382,1,0.0010042,-0.000995403,0.0002625,536.971
0,2426198,12,phononTF,0.00233538,0.000828896,-0.0011392,0.000262498,216.194,0.000872919,1,0.00084083,-0.000768242,-0.0002625,433.915
0,2433485,25,phononTS,0.00276801,-5.96756e-05,-0.000874848,-0.0002625,335.807,0.000382,1,3.08148e-06,-4.97892e-06,0.0002625,1229.32
0,2434928,16,phononTS,0.00207744,0.000457093,-3.12438e-05,-0.000262499,723.743,0.001146,1,-9.34476e-07,3.51721e-06,0.0002625,991.887
0,2434933,10,phononTS,0.00069018,0.00199957,0.00187179,-0.0002625,1553.75,0.000382,1,0.00200253,0.00200457,0.0002625,3132.16
0,2437131,18,phononTF,0.000525309,0.00018615,-0.000238297,-0.000262498,952.439,0.000382,1,-3.29114e-07,-4.75587e-06,0.0002625,1132.05
0,2445761,7,phononTS,0.000772398,0.00021692,-0.00107464,-0.000262498,304.602,0.000382,1,0.0010007,-0.000995749,0.0002625,647.677
0,2448707,11,phononTF,0.00184753,0.00131636,-0.00134139,-0.000262498,487.003,0.000764,1,0.000998079,-0.00100375,0.0002625,696.201
0,2450239,27,phononL,0.000534023,0.000579192,-0.00189933,-0.0002625,739.603,0.000382,1,-1.24733e-06,-0.00199915,0.0002625,1031.02
0,2450609,7,phononTS,0.000579705,-9.94731e-05,-0.00102089,-0.0002625,458.311,0.000382,1,-0.000996377,-0.0010001,0.0002625,1223.23
0,2452695,9,phononTS,0.000526958,0.0010002,-0.000997661,0.000262498,402.874,0.000526958,1,0.00124357,-0.00105395,-0.0002625,623.767
0,2457135,22,phononTS,0.000514117,-0.000261834,-0.0011689,-0.000262498,685.412,0.000382,1,-0.000999079,-0.00100267,0.0002625,1024.99
0,2467174,8,phononTS,0.000488969,0.000995876,-0.00100244,0.0002625,1790.57,0.000488969,1,0.000957573,-0.00104529,-0.0002625,2103.05
0,2467893,22,phononTF,0.00046806,-0.00263672,-0.00143499,-0.0002625,1449.06,0.000382,1,-0.00299605,-0.00100141,0.0002625,1905.65
0,2473283,29,phononL,0.000657716,0.00113774,-0.00246377,-0.0002625,666.71,0.000382,1,0.000997524,-0.00300201,0.0002625,950.671
0,2473317,6,phononTS,0.000715962,0.00131608,-0.00156138,-0.0002625,3.03488,0.000382,1,0.00199668,-0.00199618,0.0002625,770.207
0,2480520,12,phononL,0.00127821,0.000258209,-0.00163578,-0.0002625,377.779,0.000764,1,4.28896e-06,-0.00200135,0.0002625,638.442
0,2480520,2,phononTS,0.000989948,0.000564235,-0.00117646,0.000262498,57.7581,0.000989948,1,0.000554062,-0.000506488,-0.0002625,368.753
0,2482833,20,phononTS,0.000418546,-0.00202001,0.000219425,-0.0002625,1606.82,0.000382,1,-0.00200196,-4.66503e-06,0.0002625,2784.92
0,2484187,10,phononTS,0.000559773,0.00108228,-0.000952052,-0.0002625,703.715,0.000382,1,0.00100353,-0.00099999,0.0002625,1083.74
0,2484990,30,phononTS,0.00221102,-0.00200114,-0.00199522,0.0002625,897.844,0.000961113,1,-0.00256361,-0.00259653,-0.0002625,2108.43
0,2486181,6,phononTS,0.000586927,1.05215e-05,-4.23588e-05,-0.0002625,1302.57,0.000382,1,-9.26786e-07,2.03502e-06,0.0002625,1959.43
0,2487505,2,phononTF,0.00488553,0.00102052,-0.0010228,0.000245019,358.121,0.000764,1,0.000995949,-0.0010011,0.0002625,862.823
0,2488034,2,phononTF,0.00325869,0.000682566,-0.00106459,0.000245119,345.132,0.001528,1,0.000999228,-0.00100226,0.0002625,456.102
0,2492285,13,phononTF,0.000498896,-1.53422e-06,-0.00199757,0.000262498,1081.97,0.000498896,1,0.000281292,-0.00181366,-0.0002625,1278.72
0,2492629,46,phononTS,0.00092899,8.00577e-05,-0.000711439,-0.000262498,584.237,0.000382,1,-3.88345e-06,-1.34973e-06,0.0002625,913.592
0,2505494,2,phononTF,0.00355918,-0.000948694,-0.000453332,-0.000118014,16.314,0.001146,1,8.59324e-07,3.2738e-06,0.0002625,1924.76
0,2508386,27,phononTS,0.000529367,0.000923527,-0.00254829,-0.0002625,1696.41,0.000382,1,0.00100162,-0.00299811,0.0002625,2208.38
0,2511386,5,phononTS,0.00150073,0.00100478,-0.00100493,0.0002625,4.54528,0.000674064,1,0.00104316,-0.000951214,-0.0002625,579.337
0,2513560,13,phononTF,0.00120388,0.00088972,-0.00109976,-0.0002625,274.501,0.000382,1,0.000996832,-0.000999519,0.0002625,641.62
0,2513625,8,phononTF,0.00229748,-0.00024232,-0.00171097,-0.000262498,470.578,0.000382,1,1.9778e-06,-0.00200379,0.0002625,671.584
0,2518444,5,phononTS,0.00173856,0.000811001,-0.00106937,-0.0002625,14.4153,0.000382,1,0.000998549,-0.000997203,0.0002625,405.543
0,2519264,14,phononL,0.000511276,6.97434e-08,-0.00199776,0.0002625,1029.66,0.000511276,1,-0.00030376,-0.00222242,-0.0002625,1277.52
0,2524227,9,phononTS,0.000436274,0.000794359,-0.00106366,-0.0002625,117.721,0.000382,1,0.00100412,-0.0010002,0.0002625,518.539
0,2527382,7,phononL,0.000760394,0.000741684,-0.000594647,-0.0002625,1129.22,0.000382,1,0.000998172,-0.00100069,0.0002625,1397.55
0,2528081,4,phononL,0.000517583,0.00132119,-0.00157301,-0.0002625,6.74667,0.000382,1,0.00200414,-0.00200188,0.0002625,375.571
0,2528081,3,phononTF,0.0031291,0.00171544,-0.00190222,-0.000158978,6.74667,0.00166212,1,0.00176813,-0.00184227,-0.0002625,476.619
0,2528475,22,phononTF,0.000388753,0.00142575,-0.00249177,-0.0002625,1371.67,0.000382,1,0.00199722,-0.00200274,0.0002625,1838.69
0,2529139,4,phononTS,0.000414815,0.000348277,-0.00060126,-0.0002625,145.263,0.000382,1,1.2538e-07,-9.17342e-07,0.0002625,842.839
0,2529797,3,phononL,0.0051072,0.00100452,-0.000999284,0.000255785,237.174,0.000764,1,0.000999685,-0.00100004,0.0002625,771.729
0,2529797,5,phononTF,0.00221197,0.000999685,-0.00100004,0.000262498,771.729,0.000840384,1,0.00134627,-0.00128096,-0.0002625,976.055
0,2532775,15,phononL,0.000545052,-8.4658e-05,-0.00149756,-0.000262499,793.337,0.000382,1,2.72994e-06,-0.00199598,0.0002625,928.996
0,2538279,39,phononTF,0.000438393,-0.00100398,-0.00099675,0.000262498,1161.81,0.000438393,1,-0.00144059,-0.000571362,-0.0002625,1405.54
0,2538724,18,phononTF,0.00050361,0.000134616,0.000140423,-0.0002625,1571.91,0.000382,1,-3.34852e-06,3.9734e-06,0.0002625,1906.82
0,2538876,16,phononTS,0.000663046,0.000966142,-0.00258631,-0.0002625,963.816,0.000382,1,0.00100397,-0.00300085,0.0002625,1464.6
0,2538876,12,phononTS,0.000709471,0.000635672,-0.00179267,0.000262498,314.073,0.000709471,1,0.000591189,-0.00181011,-0.0002625,493.436
0,2539426,8,phononTS,0.000648781,0.00194469,-0.00152187,-0.0002625,1043.25,0.000382,1,0.00200072,-0.00199755,0.0002625,1593.09
0,2543195,4,phononTF,0.00106386,0.001001,-0.00100251,0.0002625,42.1302,0.000234417,1,0.000217219,-0.00198977,-0.0002625,2211.72
0,2545547,3,phononTS,0.00514691,0.000997157,-0.00100119,0.000212724,18.4949,0.001146,1,0.000998242,-0.000999058,0.0002625,235.805
0,2554070,2,phononTS,0.00518941,0.000947088,-0.00102554,0.000208846,21.3555,0.000764,1,0.000998175,-0.00100083,0.0002625,184.662
0,2558046,22,phononTF,0.00051762,0.000320723,-0.000319654,-0.0002625,211.444,0.000382,1,0.000997543,-0.000995112,0.0002625,889.633
0,2559551,3,phononTF,0.00223989,0.000600161,-0.00134201,-0.0002625,14.6431,0.001146,1,0.00100454,-0.000998779,0.0002625,411.957
0,2559731,32,phononTF,0.00044086,-0.00102296,0.00103107,-0.000262498,8469.27,0.000382,1,-0.000995314,0.000995579,0.0002625,8626.66
0,2559731,10,phononTF,0.0011327,0.00062723,-0.00118024,0.000262498,110.774,0.000390023,1,0.000738463,-0.00128998,-0.0002625,275.093
0,2560353,4,phononTS,0.00630361,0.00100178,-0.0009925,0.000205972,841.01,0.00191,1,0.000999492,-0.00100167,0.0002625,2009.1
0,2561828,16,phononTS,0.000554449,0.000788685,-0.00190386,-0.000262499,406.951,0.000382,1,-8.64725e-07,-0.00199991,0.0002625,769.461
0,2564378,6,phononTF,0.000634847,0.000851691,-0.00107571,-0.0002625,173.503,0.000382,1,0.000995474,-0.000997037,0.0002625,509.414
0,2564378,5,phononTS,0.00275586,0.000707908,-0.00115439,0.000262498,173.503,0.000822554,1,0.00140715,-0.00103051,-0.0002625,493.885
0,2568297,20,phononTS,0.000384839,8.95534e-05,-0.00116662,-0.000262498,630.104,0.000382,1,-1.66344e-06,4.15461e-06,0.0002625,1101.74
0,2568386,2,phononTS,0.00410624,-0.000159935,0.000167577,0.000129457,94.0067,0.00108771,1,-0.000593886,0.000181328,-0.0002625,1654.53
0,2569748,8,phononTS,0.000802826,0.00069039,-0.00106894,-0.000262498,256.099,0.000382,1,0.00200176,-0.00199786,0.0002625,849.067
0,2570603,22,phononTS,0.000409749,-0.00101202,-0.000950513,-0.000262498,944.907,0.000382,1,-0.00099718,-0.00100375,0.0002625,1108.07
0,2575734,12,phononTF,0.000764924,-0.00299799,-0.000999923,0.000262498,5813.98,0.000764924,1,-0.00209305,0.000232076,-0.0002625,6316.35
0,2576178,17,phononTF,0.000558858,0.000273084,-0.00221666,-0.0002625,2223.37,0.000382,1,-1.61934e-06,-0.00199784,0.0002625,2598.4
0,2578855,3,phononTF,0.00752478,0.00103009,-0.000981659,0.00024278,18.7243,0.001146,1,0.00100257,-0.00100115,0.0002625,2788.64
0,2579362,10,phononTS,0.00163672,0.00100348,-0.00100481,0.0002625,1298.54,0.000683385,1,0.001182,-0.00104401,-0.0002625,1881.68
0,2582317,24,phononTS,0.00085664,-0.00016292,-0.00164501,-0.0002625,532.42,0.000382,1,-3.82516e-06,-0.00200447,0.0002625,1054.61
0,2587665,19,phononTS,0.0022112,0.000572269,-0.00196413,-0.000262498,1749.43,0.000382,1,-4.85179e-07,-0.00199649,0.0002625,2040.97
0,2592408,18,phononTS,0.000458502,-0.000390856,-0.000952927,-0.0002625,967.854,0.000382,1,-0.000995335,-0.000997275,0.0002625,1566.07
0,2595434,21,phononTS,0.000605397,0.000996323,-0.00100445,0.000262498,699.474,0.000605397,1,0.000990601,-0.00126072,-0.0002625,916.98
0,2596422,8,phononTF,0.000480556,0.00200284,3.41776e-06,0.000262498,882.231,0.000480556,1,0.00101722,-0.000919371,-0.0002625,1314.39
0,2596577,8,phononTS,0.000515916,0.000882585,-0.00108476,-0.0002625,345.266,0.000382,1,0.000996467,-0.00100205,0.0002625,745.079
0,2599709,28,phononTF,0.000525159,-0.000656509,0.000629897,-0.0002625,921.935,0.000382,1,-0.000999068,0.00100112,0.0002625,2675.94
0,2603991,11,phononL,0.0025466,0.000939082,-0.00111538,0.000173158,261.961,0.000382,1,0.00100416,-0.0010024,0.0002625,292.049
0,2603991,13,phononTS,0.000612365,0.00100416,-0.0010024,0.000262498,292.049,0.000305085,1,0.0010013,-0.000956181,-0.0002625,455.033
0,2607890,9,phononTS,0.00044735,0.000943995,-0.000923705,-0.000262498,381.863,0.000382,1,0.000995604,-0.00100135,0.0002625,538.459
0,2607890,7,phononTF,0.000428318,0.000641297,-0.0011517,0.000262498,179.138,0.000428318,1,0.00171567,-0.00215408,-0.0002625,644.803
0,2614587,42,phononTS,0.0005097,0.000301359,-0.00131199,-0.000262498,1678.7,0.000382,1,-3.32974e-06,4.39032e-06,0.0002625,2214.54
0,2614856,23,phononTS,0.000769459,0.00191787,-0.000419285,-0.000262498,717.189,0.000382,1,0.00200184,4.86255e-06,0.0002625,966.794
0,2614856,21,phononTF,0.00312745,0.00067657,-0.00121614,2.02168e-05,253.645,0.000657677,1,0.000235556,-0.000748325,-0.0002625,463.778
0,2614878,2,phononTS,0.002211,0.000792374,-0.000980877,0.000210001,8.69363,0.000764,1,0.00099639,-0.00100381,0.0002625,173.381
0,2616097,11,phononTF,0.00201962,0.000922341,-0.00116867,-0.0002625,113.461,0.001146,1,0.000997527,-0.000996396,0.0002625,458.009
0,2618210,3,phononTS,0.00669988,0.00100413,-0.00100089,0.000237872,118.552,0.001528,1,0.00100059,-0.00100288,0.0002625,239.4
0,2620491,26,phononL,0.000504864,-0.000997982,-0.00100249,0.000262498,1734.19,0.000504864,1,-0.00201753,-0.00134461,-0.0002625,1961.81
0,2621681,25,phononTF,0.000400636,-0.00222906,0.00173803,-0.000262498,6471.73,0.000382,1,-0.00199904,0.00200352,0.0002625,6659.99
0,2625514,10,phononTS,0.000467661,-4.5055e-06,-2.60394e-06,0.000262498,2742.22,0.000467661,1,1.2821e-05,8.25758e-05,-0.0002625,2902.45
0,2635870,11,phononTS,0.0004178,-0.000139282,-7.56328e-05,-0.0002625,556.253,0.000382,1,4.25466e-08,4.7348e-06,0.0002625,927.694
0,2636398,25,phononTS,0.000426636,0.000940663,-0.00106784,-0.0002625,823.115,0.000382,1,0.000998909,-0.000999182,0.0002625,1134.8
0,2640170,4,phononTF,0.0043358,0.000803122,-0.00104769,-0.0002625,282.195,0.001146,1,0.0010021,-0.00100083,0.0002625,635.554
0,2641775,7,phononTS,0.00135359,0.000704992,-0.00106459,-0.000262498,251.769,0.000382,1,6.98426e-07,4.78702e-06,0.0002625,740.912
0,2642486,26,phononTF,0.0004306,-0.000460088,0.000446035,-0.000262498,1885.77,0.000382,1,-3.65135e-06,-3.5941e-07,0.0002625,2132.67
0,2648395,18,phononTF,0.000830762,0.00086042,-0.00108968,-0.0002625,208.292,0.000382,1,0.0009997,-0.00100371,0.0002625,543.175
0,2649529,2,phononTF,0.00219706,-0.000606068,0.00066427,-0.0002625,24.4004,0.000764,1,-0.000998784,0.000996932,0.0002625,3532.24
0,2656967,5,phononL,0.00165153,0.00100198,-0.00100212,0.000262498,408.49,0.00123044,1,0.0010066,-0.000583096,-0.0002625,535.25
0,2663582,10,phononTF,0.000434805,0.0001293,0.00186096,-0.0002625,3956.1,0.000382,1,-2.41155e-06,0.00199812,0.0002625,4285.49
0,2668429,4,phononL,0.00062169,0.00052303,-0.00158801,-0.0002625,11.3412,0.000382,1,-4.81393e-06,-7.98774e-07,0.0002625,483.217
0,2671991,22,phononTS,0.000585686,0.000923319,-0.00255753,-0.000262498,11417.7,0.000382,1,0.000997416,-0.00300046,0.0002625,11672.1
0,2672528,34,phononTF,0.000487221,-0.000144874,-0.00188843,-0.0002625,1387.21,0.000382,1,2.29365e-06,-0.00200393,0.0002625,1719.37
0,2673827,4,phononTF,0.00184591,0.00114979,-0.00119698,-0.0002625,65.5779,0.000382,1,0.000998062,-0.00100383,0.0002625,760.733
0,2678532,33,phononTF,0.000461356,0.000134279,0.000112033,-0.0002625,1771.5,0.000382,1,1.84227e-07,3.77939e-06,0.0002625,2101.19
0,2691953,8,phononTF,0.00131268,0.00158092,-0.00162033,-0.0002625,1329.91,0.000382,1,0.00200153,-0.00199676,0.0002625,2248.81
0,2692727,18,phononTF,0.00151701,0.00100391,0.000999072,0.0002625,807.689,0.000342725,1,0.00215559,0.00207089,-0.0002625,2291.89
0,2693240,21,phononTS,0.000386822,0.000289052,-0.00116623,-0.000262498,644.868,0.000382,1,-0.00199585,-3.87004e-06,0.0002625,1568.6
0,2693420,27,phononTS,0.000503114,0.000780343,-0.00057109,-0.000262498,1020.56,0.000382,1,0.00100293,-0.000998192,0.0002625,1307.19
0,2693498,19,phononTS,0.000563816,2.15059e-07,2.131e-06,0.0002625,974.623,0.000563816,1,0.000435384,-9.08105e-05,-0.0002625,1730.37
0,2696399,17,phononTS,0.000387564,0.000643021,-0.000704418,-0.0002625,975.047,0.000382,1,0.000998172,-0.000996601,0.0002625,1541.47
0,2700476,8,phononTF,0.00328484,-0.000154618,-0.000294232,-0.0002625,6.53379,0.000382,1,-3.10568e-06,-4.59303e-07,0.0002625,592.393
0,2700528,35,phononTS,0.00146213,0.00114191,-0.000798511,-0.0002625,700.032,0.000382,1,0.000997042,-0.00099658,0.0002625,1150.41
0,2700528,36,phononTS,0.000975899,0.000997042,-0.00099658,0.000262498,1150.41,0.000398962,1,0.000401091,-0.00256983,-0.0002625,1791.32
0,2703436,31,phononTS,0.00110056,-0.00212598,1.75996e-06,-0.0002625,1803.85,0.000382,1,-0.00199522,-1.63088e-06,0.0002625,3099.21
0,2721161,10,phononTS,0.000461559,0.00102679,0.000466172,-0.0002625,1857.15,0.000382,1,0.0010042,0.000998862,0.0002625,3286.77
0,2721161,5,phononTS,0.00103323,0.000664271,-0.00111836,0.000262498,24.7657,0.000522823,1,0.000278674,-0.0011539,-0.0002625,268.237
0,2733873,7,phononTS,0.000427018,-0.000367207,-0.00112599,-0.0002625,1200.15,0.000382,1,-0.00100311,-0.00100325,0.0002625,1808.72
0,2737750,14,phononL,0.000826852,8.22767e-05,-0.00253662,-0.000262498,1191.37,0.000764,1,3.87907e-06,-0.00200462,0.0002625,1330.6
0,2745935,19,phononTF,0.00131641,0.00281339,0.00077265,-0.000262498,1536.2,0.000382,1,0.00299545,0.00100128,0.0002625,1714.86
0,2750828,6,phononTS,0.00103912,0.00101667,-0.0011291,0.000153372,30.9208,0.000382,1,0.00100299,-0.000997798,0.0002625,467.549
0,2752035,21,phononTF,0.000461728,0.000320414,-0.00238758,-0.0002625,2620.21,0.000382,1,-3.01833e-07,-0.00199611,0.0002625,3052.61
0,2753844,7,phononTF,0.00082792,0.000824659,-0.00116555,-0.0002625,248.375,0.000382,1,0.0010038,-0.000999944,0.0002625,641.924
0,2753852,15,phononTS,0.000726208,0.00100492,-0.000997424,0.000262498,587.625,0.000460579,1,0.00082554,-0.00193665,-0.0002625,1002.69
0,2754948,11,phononTS,0.00106869,0.00200038,-0.00199845,0.0002625,1883.46,0.000247428,1,0.00195456,-0.00194932,-0.0002625,2384.81
0,2756816,12,phononTF,0.000481695,0.00100179,-0.000999755,0.0002625,848.978,0.000481695,1,0.000944922,-0.000926899,-0.0002625,1167.25
0,2757957,8,phononTS,0.00121068,0.000106618,-0.00131686,-0.0002625,681.238,0.000764,1,4.09553e-06,-0.00200415,0.0002625,1324.06
0,2760043,13,phononTS,0.00128979,3.22255e-05,0.00117268,-0.000262498,2355.51,0.000382,1,0.00099522,0.00100381,0.0002625,2748.63
0,2760043,14,phononTF,0.000888616,0.00099522,0.00100381,0.000262498,2748.63,0.000175639,1,0.00100482,0.000843255,-0.0002625,2918.53
0,2763003,10,phononTS,0.000382621,0.00300396,0.000996573,0.000262498,1504.49,0.000382621,1,0.00304068,0.000837939,-0.0002625,1694.93
0,2763003,6,phononTS,0.000720945,0.000628253,-0.00115764,0.000262498,23.8583,0.000182102,1,3.74794e-05,-0.00127027,-0.0002625,334.868
0,2763336,5,phononTS,0.00102413,0.000922543,-0.00102936,-0.000262498,1561.85,0.000382,1,0.000999087,-0.000999272,0.0002625,1716.97
0,2768984,20,phononTS,0.000443486,2.35906e-05,-0.00192292,-0.000262498,1264.6,0.000382,1,3.6581e-06,-0.00200411,0.0002625,1424.85
0,2769462,25,phononTS,0.000518838,-0.00200972,-0.001921,-0.000262498,3440.39,0.000382,1,-0.00200471,-0.00200175,0.0002625,3602.34
0,2770679,22,phononTS,0.000490318,-0.000970808,-0.00108256,-0.000262498,975.42,0.000382,1,-0.00100032,-0.000995929,0.0002625,1142.01
0,2770803,17,phononTS,0.000670897,-6.69058e-05,-0.000101729,-0.0002625,1068.01,0.000382,1,1.32163e-06,4.53395e-06,0.0002625,1460.82
0,2773412,6,phononL,0.00058573,0.00100363,-0.0010007,0.0002625,519.406,0.00058573,1,0.00116366,-0.000584554,-0.0002625,779.063
0,2773599,7,phononTS,0.000422115,0.000971862,-0.0014889,-0.000262498,241.798,0.000382,1,0.00100005,-0.00100159,0.0002625,516.631
0,2775826,21,phononTF,0.000643687,0.00070899,-0.00105977,-0.0002625,697.378,0.000382,1,-3.62106e-06,-0.00199927,0.0002625,1384.11
0,2775925,32,phononTS,0.00102523,0.00101167,-0.000730548,-0.0002625,1012.12,0.000382,1,0.00100232,-0.0010042,0.0002625,1441.97
0,2775925,33,phononTF,0.000395257,0.00100232,-0.0010042,0.000262498,1441.97,0.000395257,1,0.00122534,-0.00124077,-0.0002625,1630.02
0,2783446,43,phononTS,0.000533698,0.00269468,-0.00123875,-0.0002625,7569.99,0.000382,1,0.0020027,-0.00200188,0.0002625,8477.48
0,2783902,14,phononTS,0.00438281,0.00077511,-0.00317387,-2.89508e-05,523.391,0.00204429,1,0.000740742,-0.00323645,-0.0002625,1602.42
0,2786338,2,phononTS,0.00194105,0.000812475,-0.00106443,-0.0002625,2.86904,0.000382,1,0.00100345,-0.000999611,0.0002625,396.966
0,2786426,10,phononTF,0.00083577,0.00293572,0.00105005,-0.0002625,373.138,0.000382,1,0.00299653,0.000997897,0.0002625,1509.73
0,2791358,15,phononTS,0.000580047,0.000562708,-0.000964464,-0.000262498,194.308,0.000382,1,0.000997188,-0.00100192,0.0002625,449.706
0,2791625,3,phononTS,0.00584558,0.000934232,-0.00106981,0.000244074,24.9521,0.000382,1,0.00100443,-0.00099953,0.0002625,263.927
0,2791994,35,phononTF,0.000486002,-0.00199648,2.03627e-06,0.0002625,5810.29,0.000486002,1,-0.00221052,-0.000267102,-0.0002625,6182.96
0,2793612,24,phononTS,0.000404797,0.00190135,0.00153992,-0.000262498,1610.06,0.000382,1,0.00199508,0.00200445,0.0002625,1869.36
0,2802341,3,phononTS,0.0044584,0.000913759,-0.00114392,0.000184728,186.14,0.001146,1,0.00100228,-0.00099665,0.0002625,312.307
0,2802341,5,phononTF,0.00181984,0.000618061,-0.00131177,-0.000250394,312.307,0.000807471,1,0.000493694,-0.00143691,-0.0002625,576.894
0,2806966,11,phononTS,0.00191286,0.000173164,-0.001032,-0.000262498,755.229,0.000382,1,-0.00100389,-0.00100255,0.0002625,1259.19
0,2809132,34,phononTS,0.0019342,0.00102194,-0.00098698,6.41073e-05,1076.92,0.000382,1,0.00100342,-0.0010008,0.0002625,1368.01
0,2811037,9,phononL,0.000704087,0.00179222,-0.00145174,-0.000262498,2336.56,0.000382,1,0.00200113,-0.00199952,0.0002625,2483.26
0,2812719,12,phononTS,0.000558905,0.000514485,-0.00109243,-0.000262498,218.711,0.000382,1,0.00100096,-0.000998503,0.0002625,483.606
0,2814706,26,phononTS,0.0013582,-0.000233708,0.00195546,-0.000262498,1762.64,0.000382,1,6.56581e-07,0.00200027,0.0002625,1970.43
0,2815402,17,phononTS,0.000484402,-0.000918309,0.00291353,-0.0002625,2365.2,0.000382,1,-0.000995419,0.00300093,0.0002625,3196.13
0,2816357,35,phononTF,0.000789896,0.000995431,-0.000996833,0.000262498,1400.9,0.000438043,1,0.00215511,-0.00220377,-0.0002625,1924.66
0,2816547,12,phononL,0.000612551,0.000246062,-0.00131172,-0.000262498,2169.06,0.000382,1,4.12855e-08,-0.0020048,0.0002625,2337.94
0,2816547,5,phononTS,0.00145726,0.00106956,-0.00221593,0.000262498,940.073,0.00100273,1,0.00198193,-0.00219878,-0.0002625,1325.47
0,2818660,11,phononTF,0.00148138,0.00216103,-0.00217578,-0.000262498,1663.39,0.000382,1,0.00199945,-0.00199597,0.0002625,1836.59
0,2821707,10,phononTS,0.00222854,0.00100441,-0.000998664,0.0002625,72.5739,0.00151157,1,0.0012644,-0.000929729,-0.0002625,707.245
0,2822568,4,phononTS,0.000532,0.000319748,-0.00125842,-0.000262498,756.831,0.000382,1,-0.000995419,-0.00100171,0.0002625,1287.03
0,2826260,4,phononTS,0.00365587,0.00278082,-0.00114205,6.38607e-05,285.433,0.000558112,1,0.00274287,-0.00109757,-0.0002625,2140.67
0,2828941,9,phononTF,0.000527047,0.000916031,-0.000789417,-0.000262498,208.21,0.000382,1,0.000998416,-0.000998536,0.0002625,387.177
0,2828941,7,phononTF,0.00226049,0.000632505,-0.00113029,0.000262498,3.85594,0.000692708,1,0.000971663,-0.00130108,-0.0002625,214.161
0,2828941,14,phononTS,0.000671291,0.00100181,-0.00100329,0.0002625,418.459,0.000436659,1,0.00100593,-0.000946264,-0.0002625,954.063
0,2833335,13,phononTF,0.000461925,2.08659e-06,-3.9863e-06,0.000262498,2655.3,0.000461925,1,0.000907747,0.000992435,-0.0002625,3085.7
0,2833335,3,phononTS,0.0021544,0.000632782,-0.00102005,0.000262498,101.562,0.000752693,1,0.000695364,-0.00155852,-0.0002625,381.836
0,2834353,4,phononTF,0.00211275,0.00105313,-0.000965778,-0.0002625,13.3243,0.000382,1,0.00199881,-0.0020022,0.0002625,684.576
0,2835808,18,phononL,0.00060676,0.00127909,-0.000618247,-0.0002625,829.316,0.000382,1,0.000997215,-0.00100147,0.0002625,1096.92
0,2835808,6,phononTF,0.0015407,0.0006193,-0.00113904,0.000262498,41.2506,0.00026603,1,0.000412227,-0.00106775,-0.0002625,219.689
0,2839760,13,phononTF,0.00119812,0.000692605,-0.00133178,-0.000262498,4676.89,0.000382,1,0.000997925,-0.000996822,0.0002625,4885.35
0,2842313,30,phononL,0.000454936,0.00045944,-0.00146424,-0.0002625,443.535,0.000382,1,5.47621e-07,-0.0020034,0.0002625,780.317
0,2842326,12,phononTS,0.000427197,0.000614591,-0.000967707,-0.0002625,667.478,0.000382,1,0.00100092,-0.000999344,0.0002625,1155.43
0,2847850,32,phononTS,0.00169486,0.000981281,-0.000826424,-0.000262498,618.32,0.000382,1,0.00100376,-0.00100098,0.0002625,812.076
0,2851544,14,phononTF,0.000707381,0.00170887,-0.000416541,-0.000262498,1110.84,0.000382,1,0.00200392,3.94205e-06,0.0002625,1345.7
0,2851544,3,phononTS,0.0020213,0.000609956,-0.00120244,0.000262498,148.394,0.00103596,1,0.000203202,-0.00117039,-0.0002625,397.347
0,2854253,2,phononTF,0.00546073,0.00100148,-0.00100367,0.000159841,57.0859,0.000382,1,0.000997331,-0.000998952,0.0002625,679.419
0,2854253,17,phononTF,0.000383376,0.000997331,-0.000998952,0.000262498,679.419,0.000383376,1,0.000788171,-0.00116434,-0.0002625,854.56
0,2856124,22,phononTS,0.000967861,-0.000273323,-0.000791899,-0.000262498,415.827,0.000764,1,-0.00100061,-0.00100416,0.0002625,754.694
0,2856993,8,phononTS,0.0004505,0.000676416,-0.00108279,-0.0002625,1110.16,0.000382,1,0.000995311,-0.000998867,0.0002625,1576.8
0,2857164,12,phononTF,0.000758671,0.00123133,-0.00128266,-0.000262498,443.569,0.000382,1,0.000996696,-0.00100151,0.0002625,634.278
0,2858821,28,phononTS,0.000646992,0.00100102,-0.000998016,0.000262498,755.345,0.000646992,1,0.00108517,-0.00104134,-0.0002625,912.774
0,2860815,20,phononTF,0.000999309,0.000737949,-0.00120862,-0.0002625,251.889,0.000382,1,0.00100018,-0.0010032,0.0002625,637.424
0,2865484,3,phononTS,0.006709,0.00096595,-0.00098632,0.000185714,119.258,0.001146,1,0.000999944,-0.00100129,0.0002625,347.84
0,2865939,2,phononTF,0.00681013,0.000938289,-0.00105252,0.000162252,469.42,0.000764,1,0.000995825,-0.000997867,0.0002625,558.427
0,2867494,5,phononTF,0.000841111,0.000814195,-0.00108346,-0.0002625,109.832,0.000382,1,0.000995855,-0.00100218,0.0002625,457.71
0,2867494,4,phononTS,0.00112194,0.000632537,-0.00116474,0.000262498,109.832,0.00112194,1,0.000586488,-0.00123494,-0.0002625,268.005
0,2867494,3,phononL,0.000806133,0.000632537,-0.00116474,0.000262498,109.832,0.000806133,1,5.19092e-06,-0.00105476,-0.0002625,262.012
0,2869842,2,phononTS,0.00491019,0.000928165,-0.00102308,0.000212228,119.806,0.000764,1,0.000997143,-0.00100152,0.0002625,441.921
0,2871406,16,phononTS,0.00098226,0.00113706,-0.00347262,-0.0002625,1763.98,0.000382,1,0.00100277,-0.00299703,0.0002625,2333.49
0,2871861,5,phononTS,0.00433994,0.00104951,-0.000812677,0.00019834,916.66,0.000382,1,0.00100065,-0.0010034,0.0002625,1237.66
0,2871861,8,phononTS,0.00152402,0.00100065,-0.0010034,0.000262498,1237.66,0.000512779,1,-5.62372e-05,-0.00101272,-0.0002625,1667.77
0,2874657,27,phononTS,0.000676516,0.000888409,-0.000848675,-0.0002625,627.536,0.000382,1,0.00100303,-0.000997707,0.0002625,1894.29
0,2877813,18,phononTS,0.000474912,0.00196698,-0.00175336,-0.000262498,3788.16,0.000382,1,0.00199618,-0.00200485,0.0002625,3998.07
0,2880005,6,phononTF,0.000791289,0.00166351,-0.000284662,-0.0002625,25.956,0.000382,1,0.00200133,7.75047e-07,0.0002625,842.599
0,2881972,34,phononTF,0.000446906,0.00230161,-0.00163518,-0.0002625,2061.68,0.000382,1,0.00199583,-0.00200206,0.0002625,2483.6
0,2881972,31,phononTF,0.000627077,0.00201711,-0.000925475,0.000262498,1612.19,0.000627077,1,0.00133232,-0.000302412,-0.0002625,1938.58
0,2883116,4,phononTS,0.00126886,0.000812504,-0.00106496,-0.0002625,2.26815,0.000382,1,0.000998032,-0.000998576,0.0002625,392.888
0,2884333,7,phononTS,0.000403301,0.00100156,-0.00300402,0.0002625,185.523,0.000403301,1,-0.00130358,0.00145274,-0.0002625,2587.6
0,2885380,2,phononL,0.00516492,0.000973207,-0.000888288,0.000211372,542.597,0.00191,1,0.00100272,-0.000997731,0.0002625,666.392
0,2887749,23,phononTF,0.000439675,-0.00051008,0.00147491,-0.0002625,3290.46,0.000382,1,-0.00100344,0.000997562,0.0002625,3806.69
0,2888198,11,phononTS,0.000387162,0.000776003,-0.000686331,-0.000262498,292.64,0.000382,1,0.00100303,-0.00100275,0.0002625,555.764
0,2888976,3,phononTS,0.00196617,0.000100737,-0.00108505,-0.0002625,12.9894,0.001146,1,-2.77595e-06,3.97952e-06,0.0002625,765.702
0,2889793,3,phononTF,0.00148532,0.000717411,-0.001236,-0.0002625,1.82961,0.000382,1,0.00100475,-0.000996893,0.0002625,665.672
0,2891107,13,phononTF,0.000495639,0.000557565,-0.000690942,-0.000262498,943.524,0.000382,1,-0.00100334,-0.0009975,0.0002625,1510.23
0,2895818,24,phononTS,0.000388023,0.00176928,-0.000871839,-0.0002625,517.253,0.000382,1,0.00199928,-0.00199785,0.0002625,1352.46
0,2897768,35,phononTF,0.000573066,-0.00100479,-0.00100074,0.000262498,1618.65,0.000573066,1,-0.000786285,-0.00117932,-0.0002625,1796.22
0,2901949,14,phononTF,0.0011336,0.000328591,-0.00160466,-0.0002625,43.7149,0.000382,1,7.04613e-08,-0.00200136,0.0002625,480.172
0,2905458,24,phononL,0.000545131,-1.02908e-05,-0.000517662,-0.0002625,449.973,0.000382,1,-3.04702e-06,-3.82007e-07,0.0002625,996.722
0,2906157,13,phononTF,0.000808407,0.000969852,-0.00103358,-0.0002625,1233.75,0.000382,1,0.000999988,-0.00100037,0.0002625,1548.57
0,2906368,36,phononTF,0.00054204,0.000813172,-0.000712522,-0.0002625,5032.51,0.000382,1,0.000995831,-0.00100212,0.0002625,5429.12
0,2907372,11,phononTF,0.000599549,-0.000156665,-0.00185015,-0.0002625,1768.66,0.000382,1,2.90607e-07,-0.00199626,0.0002625,2107.4
0,2907372,7,phononTF,0.00139332,0.000618181,-0.00111678,0.000262498,32.8361,0.000111357,1,-0.000484306,-0.000198031,-0.0002625,502.048
0,2910029,15,phononTS,0.00054728,0.00100477,-0.000934863,-0.000262498,559.942,0.000382,1,0.000999103,-0.000999104,0.0002625,724.755
0,2914389,6,phononTS,0.00174284,8.56918e-05,-0.00186772,-0.0002625,213.51,0.000382,1,3.15799e-06,-0.00200186,0.0002625,952.073
0,2915156,18,phononTS,0.00108913,-0.00200131,1.2226e-06,0.0002625,982.321,0.000658198,1,-0.00208409,7.84662e-05,-0.0002625,1515.67
0,2919341,11,phononTS,0.0010026,0.000143773,-0.00106526,-0.0002625,1010.4,0.000764,1,-4.59759e-06,-3.17102e-06,0.0002625,1900.57
0,2920522,4,phononTS,0.00131358,0.000839337,-0.0010744,-0.0002625,28.1721,0.000382,1,0.00100119,-0.0010014,0.0002625,409.36
0,2929458,9,phononTF,0.00136414,0.000875889,-0.00109759,-0.0002625,69.3365,0.000764,1,0.00100175,-0.000997518,0.0002625,396.836
0,2929876,3,phononTS,0.00556198,0.000950683,-0.00100297,0.000160824,10.5207,0.002292,1,0.000998091,-0.000999844,0.0002625,225.481
0,2933653,4,phononTS,0.000659594,-0.00229021,0.00145012,-0.0002625,61.3017,0.000382,1,-0.00200305,3.94895e-06,0.0002625,4540.53
0,2937833,11,phononTS,0.000472744,0.00106983,-0.000989042,-0.000262498,447.51,0.000382,1,0.000995413,-0.000999817,0.0002625,608.892
0,2941137,11,phononTS,0.000886407,0.00177312,4.54416e-05,-0.0002625,731.636,0.000382,1,0.00300472,0.00099884,0.0002625,1864.94
0,2943829,16,phononTF,0.000384264,0.00164422,-0.000290608,-0.0002625,364.896,0.000382,1,0.00199616,-2.61054e-06,0.0002625,1189.49
0,2948231,18,phononTF,0.000825332,0.00121389,-0.000775852,-0.000262498,376.23,0.000382,1,0.00099842,-0.0010042,0.0002625,558.912
0,2949428,17,phononTF,0.000697542,-0.00100078,0.000998721,0.0002625,1469.83,0.000697542,1,-0.000901564,0.00109721,-0.0002625,1956.74
0,2952434,14,phononTS,0.000591263,-6.36501e-05,-0.00198882,-0.0002625,787.57,0.000382,1,-9.20765e-07,-0.00199802,0.0002625,1125.37
0,2952832,17,phononTS,0.00088278,0.00109404,-0.000945934,-0.0002625,724.35,0.000382,1,0.00100249,-0.000998901,0.0002625,1192.44
0,2956665,19,phononTS,0.000983982,0.005,-8.36149e-05,0.000167026,1752.61,0.000502101,1,0.00405183,-0.00120046,-0.0002625,6083.33
0,2957413,15,phononTS,0.0004199,-0.00204822,0.00193038,-0.0002625,1543.95,0.000382,1,-0.00199895,0.00200361,0.0002625,1920.36
0,2957413,4,phononTS,0.0013254,0.000619231,-0.00115771,0.000262498,29.972,0.00081021,1,0.000525162,-0.00117376,-0.0002625,217.028
0,2958241,29,phononTS,0.000668925,0.000429309,-0.00239226,-0.0002625,733.978,0.000382,1,-0.00199687,-4.28111e-06,0.0002625,2108.25
0,2961203,17,phononTS,0.0013751,0.00100474,-0.00099733,0.0002625,210.296,0.000783534,1,0.00104899,-0.00108562,-0.0002625,681.528
0,2967266,8,phononTS,0.00179429,-1.94749e-07,-0.00199505,0.000262498,1158.91,0.000733305,1,-0.000545607,-0.00246796,-0.0002625,1518.63
0,2968731,25,phononTF,0.000466439,0.00227136,-0.00175169,-0.000262498,922.712,0.000382,1,0.00200472,-0.00199836,0.0002625,1118
0,2969310,2,phononTS,0.00556095,0.000943897,-0.000987328,0.00012502,161.036,0.001146,1,0.000997425,-0.000995299,0.0002625,1051.81
0,2969310,13,phononTS,0.00169893,0.000997425,-0.000995299,0.000262498,1051.81,0.000538292,1,-6.79808e-05,-0.000951676,-0.0002625,1488.34
0,2969323,28,phononTS,0.000431421,-0.00199613,0.00199697,0.0002625,9352.29,0.000431421,1,-0.00194105,0.00206169,-0.0002625,9818.59
0,2970189,20,phononTS,0.0005759,0.000516513,-0.00101189,-0.000262498,164.9,0.000382,1,0.00100347,-0.000996182,0.0002625,435.436
0,2970437,15,phononTS,0.000927147,6.69763e-07,-0.00200462,0.000262498,1555.38,0.000927147,1,-1.47737e-05,-0.00208095,-0.0002625,1710.57
0,2972501,12,phononTF,0.000550118,0.000998136,-0.00100455,0.0002625,266.998,0.000550118,1,0.00118447,-0.000921883,-0.0002625,966.081
0,2972960,16,phononTS,0.00117919,0.000951652,-0.00092617,-0.000262498,887.908,0.000764,1,0.00100349,-0.000997823,0.0002625,1076.24
0,2977865,23,phononTS,0.00154624,0.00100138,-0.000996205,0.000262498,357.715,0.00090751,1,0.00105886,-0.0010414,-0.0002625,515.388
0,2980752,9,phononTF,0.000993165,0.0018918,-1.90761e-05,-0.0002625,345.984,0.000382,1,0.00300132,0.001002,0.0002625,1297.65
0,2980752,10,phononTF,0.000593276,0.005,4.83763e-05,0.000250623,1297.65,0.000593276,1,0.00472135,6.27205e-05,-0.0002625,2154.83
0,2983817,9,phononTF,0.00188128,0.00136471,-0.000741241,-0.000106493,1141.95,0.000937939,1,-0.000914686,-0.000825565,-0.0002625,2244.25
0,2984359,22,phononTS,0.000660219,0.000268319,-0.000896401,-0.0002625,1763.73,0.000382,1,0.000996748,-0.00100045,0.0002625,2422.47
0,2988145,10,phononTS,0.000410999,0.00209082,-9.07362e-06,-0.000262498,1336.29,0.000382,1,0.00200259,3.16099e-06,0.0002625,1497.04
0,2994714,28,phononL,0.000699784,0.000880972,-0.000753797,-0.0002625,404.277,0.000382,1,0.000996141,-0.00099568,0.0002625,636.969
0,2995406,16,phononTS,0.00073288,0.00208683,-0.00192647,-0.0002625,862.642,0.000382,1,0.00199553,-0.00199683,0.0002625,1171.67
0,2995406,15,phononL,0.00163352,0.00217813,-0.00185612,0.000262498,862.642,0.000637674,1,0.00248575,-0.00224078,-0.0002625,998.538
0,2996373,9,phononTS,0.000673825,0.00200267,3.95725e-06,0.000262498,930.981,0.000673825,1,0.00155487,-0.00117861,-0.0002625,1447.43
0,2996957,10,phononL,0.000857685,0.000833704,-9.82354e-05,-0.0002625,78.7341,0.000382,1,0.00100328,0.000995631,0.0002625,534.931
0,2996964,2,phononTS,0.00516544,0.000971568,-0.000992862,0.000204884,169.414,0.002292,1,0.00100263,-0.00100212,0.0002625,387.522
0,2998098,18,phononTS,0.00136974,0.000940777,-0.000951819,-0.0002625,1055.01,0.000764,1,0.000999002,-0.00100371,0.0002625,1545.25
0,2999498,2,phononTF,0.00651217,0.00100646,-0.00100832,0.00023839,17.5487,0.002292,1,0.00100238,-0.00100336,0.0002625,1406.6
0,3000948,18,phononTS,0.000508553,-0.00100154,-0.00100279,0.000262498,1399.85,0.000508553,1,-0.000978858,-0.000932672,-0.0002625,1555.33
0,3004302,28,phononTS,0.00122967,0.000923611,-0.000909812,-0.000262498,710.885,0.000382,1,0.00100236,-0.0010022,0.0002625,888.031
0,3005180,17,phononTF,0.00209412,0.000309728,-0.00185804,-0.0002625,465.008,0.000382,1,-7.00233e-07,-0.0020044,0.0002625,870.162
0,3005180,18,phononTS,0.00104174,-7.00233e-07,-0.0020044,0.000262498,870.162,0.000232526,1,0.00298287,-0.00348682,-0.0002625,2050.73
0,3012041,15,phononTS,0.000391572,-0.000760752,0.000929266,-0.000262498,3612.3,0.000382,1,-0.00100303,0.000995472,0.0002625,3819.61
0,3014780,50,phononTS,0.000410131,0.00299865,0.00100085,0.0002625,2895.39,0.000410131,1,0.00273172,0.00166965,-0.0002625,3952.62
0,3023866,8,phononTS,0.000998021,0.000858964,-0.00105147,-0.0002625,25.5068,0.000382,1,0.0010004,-0.00100459,0.0002625,422.019
0,3023866,9,phononTS,0.000612261,0.0010004,-0.00100459,0.000262498,422.019,0.000612261,1,0.00148496,5.80057e-05,-0.0002625,889.937
0,3023866,7,phononTS,0.000498917,0.000605405,-0.00112613,0.000262498,25.5068,0.000498917,1,0.00065535,-0.00118985,-0.0002625,195.955
0,3027052,7,phononTS,0.000451551,0.000712026,-0.00108488,-0.0002625,5.23569,0.000382,1,0.00100326,-0.00100049,0.0002625,378.04
0,3027137,3,phononTS,0.0052975,0.00100048,-0.00101622,0.000232537,6.12779,0.001146,1,0.000995779,-0.00100412,0.0002625,415.129
0,3027167,28,phononTS,0.000383567,0.000104712,0.00262849,-0.0002625,3708.98,0.000382,1,2.63441e-07,0.00199625,0.0002625,4920
0,3029862,4,phononTS,0.00206088,0.000848327,-0.00103554,-0.0002625,177.997,0.000764,1,0.00100399,-0.00100141,0.0002625,563.196
0,3031100,10,phononTS,0.000455685,0.000829981,-0.000914204,-0.000262499,478.877,0.000382,1,0.000999646,-0.00099985,0.0002625,689.227
0,3033394,23,phononTS,0.000879803,0.000312826,-0.00043076,-0.0002625,450.14,0.000382,1,-4.5022e-06,4.43463e-06,0.0002625,1060.39
0,3041991,3,phononTF,0.00484425,0.000841934,-0.00117518,-3.04879e-05,12.1683,0.001146,1,0.00100466,-0.000997735,0.0002625,525.881
0,3041991,5,phononTF,0.00173644,0.00100466,-0.000997735,0.000262498,525.881,0.000336591,1,0.00130935,-0.000786762,-0.0002625,728.55
0,3046820,7,phononTF,0.000510208,0.00401695,0.005,-0.000245641,659.783,0.000510208,1,0.00403548,0.00498198,-0.0002625,8978.99
0,3046820,5,phononTS,0.00326057,0.00114838,-0.00090901,0.000262498,328.986,0.000810225,1,0.00107627,-0.00118861,-0.0002625,544.42
0,3047761,32,phononTS,0.000461768,0.000750362,-0.00193355,-0.000262498,1895.18,0.000382,1,-2.76258e-06,-0.00200183,0.0002625,2229.23
0,3048497,20,phononTS,0.000450986,0.00200495,-0.00200445,0.000262498,3379.33,0.000450986,1,0.00209819,-0.00201383,-0.0002625,3563.14
0,3049649,10,phononTF,0.000997337,-0.00189414,0.00017161,-0.0002625,2163.52,0.000382,1,-0.00199962,-1.06008e-06,0.0002625,2509.15
0,3058228,29,phononTF,0.000479534,0.000491542,-0.0015611,-0.000262498,1992.09,0.000382,1,3.48209e-06,-0.00200129,0.0002625,2242.77
0,3059420,8,phononTS,0.000880451,0.000999869,-0.000998599,0.000262498,318.837,0.000346154,1,0.00090904,-0.000926892,-0.0002625,473.27
0,3060851,18,phononTF,0.000546699,0.00209971,-0.00209977,-0.000262498,2097.29,0.000382,1,0.00200287,-0.00200461,0.0002625,2259.29
0,3061143,16,phononTF,0.00357296,0.00113668,-0.00119244,-0.0002625,817.762,0.000764,1,0.000997944,-0.000997542,0.0002625,1176.77
0,3062991,19,phononTS,0.000385155,0.00129133,-0.00231581,-0.000262498,2796.49,0.000382,1,-3.01359e-06,-0.0020019,0.0002625,3326.99
0,3064964,22,phononL,0.000735301,0.00102754,-0.00066681,-0.000262498,273.346,0.000382,1,0.000996298,-0.000998878,0.0002625,393.489
0,3065038,24,phononTS,0.000395546,-0.00182967,-0.00288177,-0.0002625,1749.74,0.000382,1,-0.00199816,-0.00200286,0.0002625,2313.65
0,3070742,22,phononTS,0.000945443,2.8736e-06,-0.00200294,0.000262498,1473.14,0.000945443,1,-0.000308003,-0.00193002,-0.0002625,1696.02
0,3071501,11,phononTF,0.00399553,0.00109506,-0.000899247,6.38726e-05,2921.4,0.000382,1,0.000998298,-0.00100321,0.0002625,2994.3
0,3071653,19,phononTS,0.000769611,-0.00109309,-0.000386254,-0.0002625,778.926,0.000382,1,-0.00200067,1.38429e-07,0.0002625,1781.94
0,3073928,3,phononTS,0.00294756,0.00103784,-0.00104691,-1.37911e-05,2.0025,0.001146,1,0.0010008,-0.00100343,0.0002625,175.532
0,3074334,5,phononTF,0.00168731,0.00089096,-0.00108305,-0.0002625,439.295,0.000382,1,0.000996141,-0.0010014,0.0002625,762.42
0,3077414,16,phononTS,0.000454975,-0.000996836,-0.000999705,0.000262498,1634.14,0.000454975,1,-0.00100788,-0.000822062,-0.0002625,1828.57
0,3086243,13,phononTF,0.00122621,6.02918e-05,-0.00205453,-0.000262498,555.905,0.000764,1,3.92575e-06,-0.00199654,0.0002625,714.767
0,3092976,4,phononTS,0.00331395,-0.000406419,-0.00131343,-0.0002625,2.59772,0.000764,1,-0.000999102,-0.000997941,0.0002625,943.354
0,3092976,7,phononTF,0.00051784,-0.000999102,-0.000997941,0.000262498,943.354,0.00051784,1,-0.000842134,-0.00116125,-0.0002625,1114.15
0,3100923,11,phononTF,0.000536627,0.00110095,-0.00285495,-0.0002625,2487.23,0.000382,1,0.000999613,-0.00300401,0.0002625,2825.42
0,3101434,4,phononTS,0.0043273,0.000950121,-0.00104719,-7.16211e-05,113.586,0.000764,1,0.0010036,-0.000995827,0.0002625,567.247
0,3107826,12,phononTS,0.000841667,0.000429659,-0.000766554,-0.000262498,988.93,0.000382,1,-3.60571e-06,-0.0020023,0.0002625,1518.09
0,3108932,13,phononL,0.000548452,0.000969155,-0.00264302,-0.0002625,654.89,0.000382,1,0.00100207,-0.003003,0.0002625,1169.4
0,3108932,5,phononTF,0.00127119,0.000619897,-0.00114346,0.000262498,14.7367,0.000391189,1,0.000427847,-0.00099429,-0.0002625,191.875
0,3109266,4,phononTF,0.00277595,0.000545964,-0.0015267,-0.000262498,611.871,0.001146,1,0.000997522,-0.000999812,0.0002625,870.292
0,3112181,18,phononTS,0.000554414,0.0011741,-0.00102421,-0.0002625,1303.74,0.000382,1,0.00100474,-0.000997131,0.0002625,1695.69
0,3116649,16,phononTS,0.000822629,0.00100271,-0.000998039,0.0002625,1155.41,0.000676243,1,0.00170302,-0.000797662,-0.0002625,1639.73
0,3119574,5,phononTS,0.000660306,0.000846755,-0.000971848,-0.0002625,388.241,0.000382,1,0.00099994,-0.00100054,0.0002625,773.547
0,3131078,30,phononTS,0.00116527,-0.00104879,-0.00150239,-0.0002625,3411.4,0.000382,1,-0.00100216,-0.000997795,0.0002625,3956.53
0,3132430,17,phononTS,0.00122134,0.00110924,7.35693e-05,-0.0002625,1048.24,0.000382,1,0.0020009,-8.84147e-07,0.0002625,1580.82
0,3138789,23,phononTS,0.000526111,-0.000432242,-0.00120488,-0.000262498,7434.1,0.000382,1,-0.000999883,-0.000999365,0.0002625,7751.78
0,3139230,13,phononTS,0.000650041,0.000999089,-0.00299541,0.000262498,776.116,0.000563277,1,0.00208644,-0.00232864,-0.0002625,1268.82
0,3141696,27,phononTS,0.000904453,-0.00109267,-0.000914056,-0.000262498,1464.92,0.000382,1,-0.000996877,-0.000997454,0.0002625,1642.49
0,3142226,23,phononTF,0.000463389,0.00192083,-0.00188116,-0.0002625,1004.66,0.000382,1,0.00199957,-0.0020046,0.0002625,1665.72
0,3142226,21,phononTF,0.000820131,0.00171665,-0.00162236,0.000262498,690.677,0.000820131,1,0.00132789,-0.00194254,-0.0002625,906.487
0,3148062,11,phononTS,0.000450922,0.00111525,-0.00111639,-0.0002625,955.016,0.000382,1,0.00199779,-0.00200151,0.0002625,1999.55
0,3151317,10,phononTS,0.000622671,0.000998298,0.000998414,0.0002625,2532.67,0.000622671,1,0.00104755,0.000923965,-0.0002625,3409.5
0,3153372,14,phononTF,0.000728819,0.000581564,-0.00105854,-0.000262498,162.024,0.000382,1,2.05444e-06,-2.50999e-06,0.0002625,587.829
0,3153380,21,phononTS,0.00149149,-0.00108761,0.00106411,-0.000262498,4352.69,0.000382,1,-0.000997746,0.00100275,0.0002625,4508.03
0,3154137,5,phononTF,0.000552116,0.000830914,-0.00114472,-0.0002625,87.9973,0.000382,1,0.00100393,-0.00100057,0.0002625,428.653
0,3154137,4,phononTS,0.0010513,0.000657896,-0.00128887,0.000262498,87.9973,0.000326859,1,0.000767866,-0.000664007,-0.0002625,388.164
0,3154619,20,phononTS,0.000401587,6.68002e-05,-0.00192872,-0.0002625,718.115,0.000382,1,2.18406e-06,-0.00199988,0.0002625,1098.44
0,3157498,15,phononL,0.00163985,0.00200187,-0.00199537,0.0002625,1196.44,0.0013107,1,0.00241448,-0.00229917,-0.0002625,1749.65
0,3157963,11,phononL,0.000415363,0.000386844,-0.00103727,-0.0002625,1203.33,0.000382,1,0.00099586,-0.00100174,0.0002625,1499.39
0,3160237,3,phononTS,0.00402907,0.000996721,-0.000998089,0.000235582,179.217,0.000764,1,0.0010006,-0.00100208,0.0002625,264.497
0,3161174,20,phononTS,0.000993754,0.000649285,-0.000124527,-0.0002625,453.318,0.000382,1,2.85601e-06,-2.0003e-06,0.0002625,1187.9
0,3164513,25,phononTF,0.000476609,0.00227848,0.000333507,-0.000262498,2347.83,0.000382,1,0.00200136,2.74591e-06,0.0002625,2550.13
0,3164514,3,phononTS,0.00599715,0.000627063,-0.00083573,-9.91937e-05,136.251,0.00156911,1,0.00058577,-0.00104959,-0.0002625,781.108
0,3164935,11,phononTS,0.000533126,0.00100073,-0.00299966,0.0002625,1764.54,0.000533126,1,-0.000317333,-0.00217262,-0.0002625,2940.14
0,3171624,5,phononTS,0.00262402,0.000951219,-0.000946034,-7.94991e-05,754.215,0.001146,1,0.00100333,-0.000998335,0.0002625,854.718
0,3179429,14,phononTF,0.00103514,8.18257e-05,-0.00174792,-0.0002625,778.525,0.000382,1,4.23652e-07,-0.00200143,0.0002625,1154.88
0,3179779,36,phononTF,0.000392222,-0.00187453,-0.000152238,-0.0002625,3569.52,0.000382,1,-0.00199745,-2.52728e-06,0.0002625,4237.44
0,3184697,5,phononTS,0.00377122,-0.00100268,-0.000997747,0.0002625,2807.49,0.00209371,1,-0.00106585,-0.00103935,-0.0002625,3957.44
0,3189249,5,phononTS,0.00213632,0.00085325,-0.00106789,-0.0002625,95.4224,0.000764,1,0.000998179,-0.000997173,0.0002625,502.528
0,3193929,2,phononTS,0.00595944,0.000768658,-0.000876238,0.000150002,5.99925,0.000382,1,0.0010001,-0.000995998,0.0002625,365.77
0,3194626,21,phononTS,0.000556221,-0.000693466,-0.000460612,-0.0002625,518.61,0.000382,1,-0.00199931,1.96717e-06,0.0002625,1624.4
0,3194769,11,phononTF,0.000647303,-0.000678086,-0.000743007,-0.0002625,1487.26,0.000382,1,-0.00100274,-0.00100475,0.0002625,1885.05
0,3200547,14,phononTF,0.000520105,0.00148495,-0.00140127,-0.000262498,1407.46,0.000382,1,0.00200391,-0.00200385,0.0002625,1690.4
0,3200547,4,phononTS,0.00115244,0.000616082,-0.00114134,0.000262498,18.0535,0.00115244,1,0.000783089,-0.00119246,-0.0002625,211.342
0,3201186,14,phononTS,0.000820934,8.42008e-05,-0.00187869,-0.0002625,434.813,0.000382,1,2.33496e-06,-0.00200174,0.0002625,1895.46
0,3204087,13,phononTF,0.000978126,-0.000543792,-0.000614746,-0.0002625,1179.83,0.000382,1,-0.00100279,-0.000998559,0.0002625,1652.06
0,3209474,3,phononTS,0.00476599,0.000997277,-0.000994014,0.000231115,117.546,0.00191,1,0.000996192,-0.000997336,0.0002625,285.454
0,3209738,28,phononTS,0.000542959,-0.00161144,4.71194e-05,-0.0002625,1012.74,0.000382,1,-0.00199546,-3.42179e-06,0.0002625,1493.33
0,3212100,14,phononTF,0.000404308,0.000995424,-0.00100028,0.000262498,1304.62,0.000404308,1,0.00132812,-0.00127923,-0.0002625,1507.43
0,3212100,11,phononTF,0.000881448,0.000972648,-0.000844398,0.000262498,994.589,0.000379034,1,0.0019555,0.00022884,-0.0002625,1455.52
0,3214480,11,phononTF,0.000404202,0.00109673,-0.00110065,-0.0002625,679.149,0.000382,1,0.00100016,-0.00100186,0.0002625,1048.05
0,3214480,9,phononTF,0.00059697,0.000640872,-0.00108368,0.000262498,57.3043,0.000275181,1,0.00107221,-0.00159352,-0.0002625,309.371
0,3223028,11,phononTF,0.0010907,0.00100367,-0.00299567,0.000262498,899.391,0.000611641,1,0.00140851,-0.00299088,-0.0002625,1126.87
0,3225842,30,phononTS,0.000545014,-4.48746e-06,4.96738e-06,0.000262498,1842.99,0.000545014,1,1.79987e-05,0.000417295,-0.0002625,2090.44
0,3225842,26,phononTS,0.000695061,-0.000392871,0.000186054,0.000262498,1200.12,0.000695061,1,-0.000291175,0.000269634,-0.0002625,1378.73
0,3228839,19,phononTS,0.000626445,0.000925706,-0.000923424,-0.000262498,639.14,0.000382,1,0.00100015,-0.000998834,0.0002625,793.77
0,3231266,25,phononTS,0.000468555,0.000821879,-0.00015329,-0.000262498,3768.57,0.000382,1,0.00100463,-0.000999092,0.0002625,4156.44
0,3234891,5,phononTS,0.000787522,0.00100092,-0.000995952,0.0002625,241.552,0.000382458,1,0.00106559,-0.000983824,-0.0002625,738.518
0,3238431,22,phononTS,0.00123101,0.000794147,-0.00152911,-0.000262498,348.558,0.000764,1,0.000999835,-0.000999345,0.0002625,656.889
0,3239069,5,phononTS,0.00290515,-3.81943e-05,3.27075e-07,-0.0002625,40.9264,0.000382,1,-4.00791e-06,4.23632e-07,0.0002625,727.459
0,3239069,8,phononTF,0.00158789,-4.00791e-06,4.23632e-07,0.000262498,727.459,0.000526889,1,-0.000422474,0.000401857,-0.0002625,963.99
0,3239177,25,phononTF,0.00176295,0.000867216,-0.00112372,-0.0002625,76.0204,0.000382,1,0.00100337,-0.00100264,0.0002625,407.87
0,3239565,19,phononTS,0.000528183,0.00199892,-0.0019965,0.000262498,6407.81,0.000528183,1,0.00302442,0.000229358,-0.0002625,7353.26
0,3243246,35,phononTS,0.000410771,-0.00102949,-0.00100396,-0.000262498,1307.9,0.000382,1,-0.00100187,-0.0010033,0.0002625,1475.65
0,3243266,16,phononTS,0.000705894,-0.00122539,-0.00201164,-0.0002625,1964.24,0.000382,1,-0.00200236,-0.00199844,0.0002625,2670
0,3246876,8,phononTS,0.000398158,0.000913307,-0.00106398,-0.000262498,467.092,0.000382,1,0.000997916,-0.000997043,0.0002625,622.102
0,3247939,15,phononTS,0.000597296,0.000937869,-0.00108228,-0.000262498,888.422,0.000597296,1,0.005,-0.00340972,-1.36121e-05,2457.36
0,3250552,31,phononTS,0.00096091,3.69127e-06,-0.00200333,0.000262498,1549.67,0.000628755,1,-3.79816e-05,-0.00268908,-0.0002625,1866.88
0,3251720,6,phononTF,0.00108384,0.00164091,-0.00161417,-0.0002625,541.735,0.000764,1,0.0019998,-0.00199874,0.0002625,989.655
0,3251720,2,phononTS,0.00486228,-0.000285249,-0.00204162,-0.000253106,75.7951,0.00051259,1,-0.00031011,-0.00207974,-0.0002625,2589.26
0,3252798,18,phononTF,0.000487837,0.0005114,-0.00054659,-0.0002625,726.763,0.000382,1,0.000998609,-0.000995773,0.0002625,1231.14
0,3252798,3,phononTF,0.00113442,0.000697549,-0.00117909,0.000262498,28.5069,0.000818293,1,0.000724605,-0.0011526,-0.0002625,185.793
0,3255705,38,phononTS,0.000665141,0.000469492,-0.00105477,-0.000262498,621.275,0.000382,1,0.00100474,-0.000995386,0.0002625,911.718
0,3261284,10,phononTS,0.00104863,0.000679011,-0.00105224,-0.000262498,193.181,0.000382,1,0.00200024,-0.00199618,0.0002625,788.271
0,3261422,23,phononTS,0.000937026,0.000118338,-0.00126098,-0.0002625,701.041,0.000382,1,-1.76356e-06,-0.00200408,0.0002625,1384.62
0,3263511,16,phononTF,0.00272429,0.00138397,-0.00130575,-0.0002625,627.749,0.000382,1,0.00199819,-0.00199623,0.0002625,1260.26
0,3263721,14,phononTF,0.000725224,0.000882354,-0.00110918,-0.0002625,493.618,0.000382,1,0.00100268,-0.000995056,0.0002625,822.543
0,3263721,13,phononTS,0.000464926,0.000762024,-0.00122331,0.000262498,493.618,0.000464926,1,0.000903471,-0.00130168,-0.0002625,679.896
0,3266412,13,phononTF,0.000871188,0.00224476,-0.00170075,-0.000262498,2089.42,0.000382,1,0.00200019,-0.00200456,0.0002625,2283.55
0,3266412,4,phononTF,0.00109446,0.000725427,-0.000898008,0.000262498,269.576,0.00109446,1,0.00127933,-0.000267855,-0.0002625,564.028
0,3268237,16,phononL,0.000729442,0.000388005,-0.000585017,-0.0002625,1039.47,0.000382,1,4.87239e-06,-2.17392e-06,0.0002625,1371.03
0,3268399,2,phononL,0.000518588,0.000310619,-0.0015626,-0.0002625,2.25006,0.000382,1,-4.81147e-06,-0.00199837,0.0002625,285.54
0,3270859,28,phononTF,0.000715232,0.000570591,-0.00255115,-0.000262498,1411.77,0.000382,1,0.00100415,-0.00299972,0.0002625,1655.29
0,3272444,5,phononTS,0.000637176,0.00102004,-0.00106305,-0.0002625,420.325,0.000382,1,0.00100405,-0.000997923,0.0002625,742.205
0,3272826,23,phononL,0.00056751,-0.000517668,0.00296637,-0.000262498,3192.08,0.000382,1,-0.000999304,0.00300051,0.0002625,3325.03
0,3273115,19,phononTS,0.000416377,-7.51908e-05,9.7944e-05,-0.0002625,930.831,0.000382,1,9.7892e-07,-3.73259e-06,0.0002625,1771.74
0,3282048,17,phononTF,0.000452802,0.00128862,-0.00134478,-0.0002625,2758.48,0.000382,1,0.00100327,-0.000996094,0.0002625,3169.11
0,3284297,16,phononTS,0.000571162,0.000987755,-0.0015254,-0.000262498,1862.94,0.000382,1,0.000995439,-0.00100498,0.0002625,2142.81
0,3291287,14,phononTS,0.00132318,0.000996119,-0.000996662,0.000262498,1412.09,0.000608828,1,0.000926765,-0.000951725,-0.0002625,1586.07
0,3295695,19,phononTS,0.000746259,0.00107876,0.00100167,-0.000262498,1440.37,0.000382,1,0.000997759,0.000997745,0.0002625,1602.46
0,3295695,2,phononTS,0.000899545,0.000669861,-0.00110927,0.000238482,39.1115,0.000530016,1,0.000961824,-0.00118717,-0.0002625,266.06
0,3298011,26,phononTS,0.00050059,0.000920383,-0.000927787,-0.0002625,368.706,0.000382,1,0.000997961,-0.00100343,0.0002625,677.798
0,3305958,13,phononTS,0.000432462,-0.00199894,-2.47425e-07,0.0002625,1537.87,0.000432462,1,-0.00192268,-8.08796e-05,-0.0002625,2001.18
0,3306234,8,phononTS,0.00200594,0.00100213,-0.000997915,0.000262498,453.371,0.000906588,1,0.00101194,-0.000803092,-0.0002625,651.318
0,3306253,2,phononTF,0.00487954,0.000974916,-0.0010188,0.00020813,20.9998,0.000764,1,0.000999424,-0.000997378,0.0002625,263.735
0,3306543,13,phononTF,0.000533452,-0.00133347,-0.000577156,-0.0002625,307.113,0.000382,1,-0.00200469,4.86371e-06,0.0002625,1264.11
0,3307723,10,phononTF,0.000574912,0.000927262,-0.0011032,-0.0002625,762.664,0.000382,1,0.00100419,-0.00100406,0.0002625,1084.74
0,3307814,28,phononTS,0.000703216,0.002079,0.00206246,-0.0002625,8965.29,0.000382,1,0.00200021,0.00199932,0.0002625,9276.27
0,3308854,18,phononL,0.00161533,0.00131623,-0.00112068,-0.0002625,42.7427,0.000764,1,0.00100284,-0.00100244,0.0002625,319.349
0,3309783,8,phononL,0.00111139,0.000637767,-0.00120492,-0.0002625,949.165,0.000382,1,0.00100372,-0.00100307,0.0002625,1203.94
0,3310673,13,phononTS,0.00049187,0.000789465,-0.00107418,-0.000262498,1114.27,0.000382,1,0.000999106,-0.00100175,0.0002625,1314.68
0,3312096,9,phononTF,0.000465408,0.00102291,-0.000792343,-0.000262498,177.479,0.000382,1,0.0010041,-0.0010041,0.0002625,356.446
0,3319046,15,phononTS,0.000613855,0.000791217,-0.00102744,-0.000262498,1260.31,0.000382,1,0.00100215,-0.000996662,0.0002625,1461.49
0,3322327,8,phononL,0.000537083,0.000576822,-0.00109839,-0.000262498,208.008,0.000382,1,0.000998025,0.000998511,0.0002625,628.485
0,3322327,6,phononTF,0.000608348,0.000651394,-0.00114442,0.000262498,52.8908,0.000608348,1,3.42319e-05,-0.00181731,-0.0002625,367.721
0,3323746,2,phononTF,0.00394125,-8.80327e-06,-0.00201004,0.000254986,50.1666,0.00191,1,2.69771e-06,-0.00199825,0.0002625,419.026
0,3323917,3,phononTS,0.00416,0.000790078,-0.00098262,7.12555e-05,137.624,0.001146,1,0.00100131,-0.00100252,0.0002625,308.397
0,3323917,4,phononTF,0.00241083,0.00100131,-0.00100252,0.000262499,308.397,0.00119493,1,0.000832066,-0.000772505,-0.0002625,493.285
0,3324518,7,phononL,0.000949299,0.000998392,-0.0010045,0.000262498,1055.99,0.000280965,1,0.00109629,-0.00152966,-0.0002625,1194.94
0,3329926,7,phononL,0.0018773,0.0004932,-0.000834972,-0.000102831,221.275,0.001146,1,0.000995206,-0.00100186,0.0002625,605.237
0,3330977,10,phononTF,0.000523598,0.00189799,-0.0020548,-0.0002625,878.38,0.000382,1,0.00100298,-0.00299984,0.0002625,1718.04
0,3330978,3,phononTF,0.00449573,0.000927271,-0.000648651,-4.35027e-05,276.303,0.0005873,1,0.00105402,-0.000804286,-0.0002625,584.864
0,3331104,14,phononTS,0.00129452,0.00190389,0.00156624,-0.0002625,1285.34,0.000764,1,0.0019971,0.00200445,0.0002625,1790.67
0,3331632,19,phononTS,0.000567598,0.00102804,-0.00103467,-0.000262498,1104.04,0.000382,1,0.00100344,-0.00099828,0.0002625,1277.08
0,3347199,29,phononTS,0.000454359,-0.00106281,0.000912177,-0.0002625,1516.22,0.000382,1,-0.000998238,0.00100058,0.0002625,2046.8
0,3354326,2,phononTF,0.00116617,0.000311372,-0.00156334,-0.0002625,3.91615,0.000382,1,-2.05835e-06,-0.00199607,0.0002625,481.396
0,3356894,3,phononTF,0.00726149,0.000975964,-0.000989786,0.000116966,0.170622,0.001146,1,0.00100416,-0.00100305,0.0002625,573.226
0,3358777,32,phononTF,0.000431125,-2.57292e-06,-0.00199718,0.000262498,3940,0.000431125,1,-0.000482259,-0.00240139,-0.0002625,4182.72
0,3358777,2,phononTS,0.000695674,0.005,-0.00195571,3.31824e-05,662.731,0.000695674,1,0.00141806,-0.005,0.000100776,4049.52
0,3358904,16,phononTF,0.000949496,3.25424e-06,-0.00200272,0.0002625,263.55,0.000949496,1,-0.000545432,-0.00247689,-0.0002625,795.831
0,3365834,15,phononTS,0.00305058,0.000986826,-0.000845773,-0.00013123,639.964,0.000382,1,0.000998832,-0.000997411,0.0002625,2068.24
0,3365834,33,phononTS,0.000640706,0.000998832,-0.000997411,0.000262498,2068.24,0.000640706,1,-0.00154698,0.00152178,-0.0002625,3234.86
0,3366718,16,phononTS,0.000416891,-0.000940696,-0.00141524,-0.000262498,1183.7,0.000382,1,-0.000997226,-0.00100423,0.0002625,1431.79
0,3367645,17,phononTS,0.000396222,0.00043708,-0.00127816,-0.000262498,365.652,0.000382,1,-0.000998672,-0.000999136,0.0002625,933.974
0,3368548,26,phononTS,0.00125612,-0.000723219,-0.00019503,-0.000262498,623.408,0.000382,1,5.5664e-08,6.74327e-07,0.0002625,960.265
0,3369432,14,phononTS,0.000480676,0.00219643,0.00149511,-0.000262498,2858.28,0.000382,1,0.00100125,0.000995987,0.0002625,3370.31
0,3381924,24,phononTF,0.000734292,0.00100386,-0.00100332,0.000262498,1731.67,0.00052531,1,0.00124453,-0.00106603,-0.0002625,1916.85
0,3381924,2,phononTF,0.00217684,0.000622033,-0.00113995,0.000262498,6.05077,0.000290432,1,0.000308027,-0.000811729,-0.0002625,218.443
0,3382587,24,phononTS,0.00046349,0.000896496,-0.00090493,-0.0002625,284.254,0.000382,1,0.000998524,-0.000995702,0.0002625,682.631
0,3382638,22,phononTS,0.000585891,0.000898773,-0.0023476,-0.0002625,884.708,0.000382,1,0.00100484,-0.00300456,0.0002625,1539.96
0,3387164,2,phononTF,0.00579067,0.00100231,-0.000994569,0.00023436,90.7454,0.000764,1,0.00100422,-0.000996359,0.0002625,268.068
0,3392957,17,phononTS,0.000446785,4.11435e-05,-0.00194093,-0.0002625,1691.58,0.000382,1,4.26124e-06,-0.00200482,0.0002625,2061.52
0,3395828,5,phononTS,0.000502925,0.000998576,0.00099841,0.0002625,3.53948,0.000502925,1,0.00118532,0.00205889,-0.0002625,1265.71
0,3395828,4,phononTF,0.00201031,0.000625079,-0.00112254,0.000262498,3.53948,0.000570864,1,0.000776032,-0.00128582,-0.0002625,173.806
0,3400817,19,phononTS,0.000423945,0.000987372,-0.00101096,-0.0002625,189.228,0.000382,1,0.000996106,-0.000997676,0.0002625,525.664
0,3406213,11,phononL,0.000396548,0.00100452,-0.000996694,0.000262498,824.132,0.000396548,1,0.0010742,-0.00142525,-0.0002625,952.38
0,3406213,6,phononTS,0.00063912,0.000589235,-0.00113529,0.000262498,13.5547,0.00060215,1,-0.000788259,-0.000840097,-0.0002625,599.107
0,3406544,6,phononTS,0.00381776,0.00286423,0.000414301,0.000118524,48.4885,0.00277996,1,0.00227525,0.000705449,-0.0002625,1369.18
0,3407146,8,phononTF,0.000587496,0.000914101,-0.001035,-0.000262498,207.176,0.000382,1,0.000996029,-0.000997356,0.0002625,367.655
0,3407146,4,phononTF,0.000945731,0.000622035,-0.00112726,0.000262498,9.8858,0.000496995,1,0.00158784,-0.000235665,-0.0002625,432.089
0,3407681,15,phononTS,0.000525157,0.00100199,-0.000995532,0.0002625,200.347,0.000525157,1,0.0010802,-0.000910448,-0.0002625,508.902
0,3414064,6,phononTS,0.00130743,-6.45107e-05,-0.00205134,-0.000262498,1575.03,0.000382,1,3.67945e-06,-0.00200497,0.0002625,1730.65
0,3414815,6,phononTF,0.000880115,0.00100046,-0.0010025,0.0002625,146.517,0.000348625,1,0.000596127,-0.000189426,-0.0002625,837.385
0,3416560,4,phononTS,0.00161884,0.000998544,-0.000995533,0.0002625,486.504,0.000521007,1,0.00103056,-0.00100007,-0.0002625,949.621
0,3416717,47,phononTS,0.000863482,0.000998075,0.00100445,0.000262498,3292.33,0.000459944,1,0.00105747,0.000847308,-0.0002625,3496.49
0,3417884,21,phononTS,0.000533751,-0.00199645,3.48231e-06,0.000262498,3378.78,0.000533751,1,-0.00265547,0.000153384,-0.0002625,3691.8
0,3424241,22,phononTS,0.00109923,0.000864712,-0.00215007,-0.0002625,559.179,0.000382,1,0.00099805,-0.00299975,0.0002625,1282.64
0,3427850,8,phononL,0.000630541,0.00100181,-0.00100234,0.000262498,694.28,0.000630541,1,0.000906404,-0.000542018,-0.0002625,826.152
0,3428396,11,phononTS,0.000555997,0.00145374,-0.00194257,-0.0002625,669.992,0.000382,1,0.00199655,-0.00199843,0.0002625,1208.66
0,3430656,11,phononTF,0.000548154,0.00188359,-0.00189032,-0.0002625,3114.46,0.000382,1,0.0020043,-0.00200409,0.0002625,3443.38
0,3430656,10,phononL,0.000521885,0.00176288,-0.00177655,0.000262498,3114.46,0.000521885,1,0.0010849,-0.00176067,-0.0002625,3271.74
0,3435200,40,phononTF,0.000717855,0.000729625,-0.000996162,-0.000262498,627.327,0.000382,1,0.000996498,-0.000997368,0.0002625,818.09
0,3435414,5,phononTS,0.000516553,0.000666118,-0.00112522,-0.0002625,21.2464,0.000382,1,0.00200016,-0.00200071,0.0002625,777.704
0,3435870,10,phononTF,0.000548321,0.000756259,-0.00122991,-0.000262498,177.094,0.000382,1,0.000996639,-0.00100181,0.0002625,362.508
0,3436783,31,phononTS,0.000410006,-0.000313943,-0.00253552,-0.0002625,3233.95,0.000382,1,-0.000997903,-0.00100143,0.0002625,4062.73
0,3437938,24,phononTS,0.00047882,4.21115e-05,-0.00180224,-0.000262498,632.775,0.000382,1,3.4179e-06,-0.00200112,0.0002625,833.608
0,3438024,8,phononTS,0.000587088,0.00106298,-0.00102492,-0.000262498,1001.7,0.000382,1,0.0010042,-0.000997059,0.0002625,1170.09
0,3443214,27,phononTS,0.00122898,4.13397e-05,-0.0020821,-0.0002625,994.128,0.000382,1,9.31326e-07,-0.00200314,0.0002625,1331.51
0,3445143,16,phononTS,0.00212614,0.000940628,-0.000982487,-0.000262498,1672.63,0.000382,1,0.000998517,-0.00100329,0.0002625,1834.64
0,3445924,23,phononTS,0.00048409,0.0010708,-0.00109046,-0.0002625,429.331,0.000382,1,0.000996163,-0.00100039,0.0002625,737.828
0,3445924,22,phononTS,0.00120231,0.00114544,-0.00118053,0.000262498,429.331,0.000894232,1,0.001084,-0.00109337,-0.0002625,584.732
0,3451161,8,phononTS,0.000429012,0.00125399,-0.000793518,-0.0002625,1498.17,0.000382,1,0.00100179,-0.00100197,0.0002625,2294.2
0,3451705,11,phononTF,0.000466229,0.00113655,-0.00331856,-0.0002625,2064.44,0.000382,1,0.00100289,-0.00299633,0.0002625,2634.22
0,3452222,17,phononTF,0.00136956,0.000999639,-0.000998119,0.0002625,684.983,0.000742069,1,0.00128858,-0.00126723,-0.0002625,1077.21
0,3452911,17,phononTF,0.000892829,0.000864132,-0.000897172,-0.0002625,1123.33,0.000382,1,0.000997256,-0.00100192,0.0002625,1452.25
0,3453243,19,phononTS,0.00050478,0.00116764,-0.00194259,-0.0002625,938.911,0.000382,1,0.00200201,-0.00199766,0.0002625,1655.63
0,3460128,7,phononTS,0.0004421,-0.000173319,-0.00106186,-0.0002625,13.8639,0.000382,1,-0.00100026,-0.00100478,0.0002625,751.922
0,3460128,6,phononTS,0.00142035,0.000653614,-0.00111894,0.000262498,13.8639,0.000918316,1,0.00056776,-0.00107347,-0.0002625,182.922
0,3463001,24,phononTF,0.000858136,4.00035e-06,-0.00199805,0.000262498,287.552,0.000432588,1,0.00016469,-0.0018114,-0.0002625,460.914
0,3463657,24,phononTS,0.000790776,0.00107901,-0.000932939,-0.0002625,669.174,0.000382,1,0.000998688,-0.00100163,0.0002625,979.142
0,3465338,22,phononTS,0.000461756,0.000721704,0.00031196,-0.000262498,1568.33,0.000382,1,0.00200234,-0.00199956,0.0002625,2514
0,3465897,16,phononTF,0.000490096,0.000932119,-0.000758181,-0.000262498,511.734,0.000382,1,0.00199783,-0.00199905,0.0002625,1035.89
0,3466558,11,phononL,0.000688983,0.00232172,-0.00211105,-0.0002625,958.691,0.000382,1,0.00199784,-0.00200167,0.0002625,1200.38
0,3467928,9,phononTF,0.000397199,0.0013259,-0.00062845,-0.0002625,517.915,0.000382,1,0.000997325,-0.000998546,0.0002625,947.924
0,3471120,19,phononTS,0.00256457,0.000955742,-0.000954901,-8.93881e-05,818.937,0.000764,1,0.00100437,-0.00100259,0.0002625,923.292
0,3476507,10,phononTS,0.000659325,0.00100025,-0.000999843,0.000262498,435.39,0.000659325,1,0.000847181,-0.00221308,-0.0002625,925.169
0,3478178,17,phononTF,0.00116411,-0.000572681,0.00263135,-0.0002625,927.593,0.000764,1,-0.000999353,0.00300467,0.0002625,3499.08
0,3478182,16,phononTS,0.000967889,0.00196096,0.000453609,-0.000262498,1144.79,0.000382,1,0.0020026,7.23171e-07,0.0002625,1412.41
0,3478182,14,phononTS,0.00161572,0.00213863,0.000669726,0.000262498,967.491,0.000703386,1,0.00204385,0.00116269,-0.0002625,1233.98
0,3487197,27,phononTF,0.000628376,0.00156202,-0.00153294,-0.000262498,2563.81,0.000382,1,0.000995272,-0.00100075,0.0002625,2843.78
0,3488817,10,phononTF,0.000576523,0.00110418,-0.00086129,-0.0002625,1790,0.000382,1,0.00100132,-0.0009993,0.0002625,2125.16
0,3488817,4,phononTS,0.000962133,0.000309516,-0.000474183,0.000262498,660.653,0.00041574,1,-8.96147e-05,-0.00041085,-0.0002625,905.319
0,3489152,27,phononTF,0.00104539,0.00199725,-3.61409e-06,0.000262498,2818.58,9.77039e-05,1,0.00196559,-8.45199e-05,-0.0002625,2978.93
0,3489694,20,phononL,0.000564295,0.000998335,0.000995952,0.000262498,2314.43,0.000564295,1,0.000976697,0.00171618,-0.0002625,2477.85
0,3490119,26,phononTS,0.00101223,0.00100109,-0.0010023,0.0002625,679.162,0.000633834,1,0.000990422,-0.000808224,-0.0002625,1089.66
0,3491819,2,phononTS,0.00334431,0.00100105,-0.00100354,0.0002625,129.496,0.00117042,1,-0.00034302,-0.00078892,-0.0002625,1424.94
0,3498102,15,phononTS,0.000905635,-6.96771e-05,-0.000337478,-0.000262498,1904.53,0.000764,1,-2.18629e-06,-3.28117e-06,0.0002625,2132.65
0,3498478,20,phononTS,0.000567429,-0.000862409,-0.00210803,-0.0002625,2007.25,0.000382,1,-0.000999031,-0.000999991,0.0002625,2921.77
0,3498949,18,phononTS,0.000698114,0.0020034,4.62545e-07,0.0002625,4232.28,0.000698114,1,0.0042537,0.00252005,-0.0002625,6638.97
0,3499307,9,phononTS,0.000458462,5.07041e-05,-0.00188068,-0.0002625,425.69,0.000382,1,4.23757e-06,-0.00199712,0.0002625,1070.72
0,3505505,11,phononTF,0.000602123,0.00139303,-0.000606168,-0.0002625,740.382,0.000382,1,0.00200003,3.25707e-06,0.0002625,1351.07
0,3505505,10,phononTF,0.000515337,0.000786034,-0.00121559,0.000262498,740.382,0.000515337,1,0.0012199,-0.0007062,-0.0002625,992.95
0,3505965,18,phononTS,0.00217775,0.000965569,-0.00106839,-0.0002625,288.197,0.000764,1,0.000997302,-0.00100169,0.0002625,624.628
0,3508242,6,phononTS,0.00107139,0.000780999,-0.00108375,-0.0002625,66.1085,0.000382,1,0.000996264,-0.00100142,0.0002625,468.136
0,3508242,7,phononTS,0.000471936,0.000996264,-0.00100142,0.000262498,468.136,0.000471936,1,0.00196947,-0.00108,-0.0002625,869.006
0,3508735,39,phononTS,0.000476726,-0.00199521,0.00199855,0.0002625,2899.88,0.000476726,1,-0.00197281,0.00193106,-0.0002625,4045.86
0,3515813,8,phononTF,0.000971538,0.000566015,-0.00146446,-0.000262498,171.062,0.000382,1,-2.05445e-06,-0.00200218,0.0002625,459.154
0,3519573,16,phononTS,0.00123556,0.000979889,-0.000944828,-0.000262498,896.131,0.000382,1,0.000995907,-0.000996835,0.0002625,1061.66
0,3521285,15,phononTS,0.000535542,0.000969565,-0.000927838,-0.0002625,257.61,0.000382,1,0.000997856,-0.00100291,0.0002625,736.745
0,3522693,24,phononTF,0.000877302,0.000711913,-0.00123941,-0.000262498,188.689,0.000382,1,0.000998765,-0.00099735,0.0002625,380.782
0,3524443,25,phononTF,0.000757758,0.000884219,-0.00105554,-0.0002625,197.912,0.000382,1,0.00100075,-0.000995377,0.0002625,690.473
0,3525411,29,phononTS,0.00048427,-0.00356883,0.005,-5.96706e-05,4984.66,0.000382,1,-0.00199508,0.00199929,0.0002625,6531.77
0,3525468,4,phononTF,0.00268542,0.00104926,-0.00095253,-0.0002625,603.843,0.001146,1,0.00100055,-0.00100457,0.0002625,920.858
0,3525468,2,phononTF,0.00440484,0.000562654,-0.00253816,-0.000253528,116.359,0.000485203,1,0.000546621,-0.00255569,-0.0002625,713.648
0,3526234,35,phononL,0.000461982,0.00300377,0.00100122,0.0002625,6868.13,0.000461982,1,0.00240837,0.00105505,-0.0002625,7844.38
0,3527945,13,phononTF,0.00100847,0.00118281,-0.00284399,-0.0002625,1528.13,0.000382,1,0.000997508,-0.00300101,0.0002625,1880.51
0,3529015,15,phononTS,0.000382259,0.00200711,-0.00106033,-0.000262498,1600.72,0.000382,1,0.00199859,-0.00200338,0.0002625,1997.43
0,3533189,30,phononTS,0.000649945,0.00108608,-0.000927449,-0.000262498,794.358,0.000382,1,0.00100175,-0.00100382,0.0002625,948.813
0,3534112,2,phononTF,0.00372251,0.00105665,-0.00304503,0.000193517,37.7992,0.001146,1,0.00100314,-0.00299807,0.0002625,1123.05
0,3534112,12,phononTF,0.00184378,0.00100314,-0.00299807,0.000262498,1123.05,0.00122988,1,0.00177209,-0.00396694,-0.0002625,1539.77
0,3535224,10,phononTF,0.000453916,0.000693031,-0.00073505,-0.000262498,3951.66,0.000382,1,0.00100244,-0.00100322,0.0002625,4149.98
0,3535224,6,phononTS,0.000680383,0.00151831,-0.00121842,0.000262498,2593,0.000424035,1,0.00121346,-0.000928895,-0.0002625,2865.42
0,3535337,11,phononTF,0.0011972,0.000234556,-0.00172254,-0.0002625,194.332,0.000764,1,-8.72745e-07,-0.00199506,0.0002625,763.457
0,3539903,4,phononTF,0.00510745,0.001058,-0.00104322,-5.04364e-07,192.535,0.000382,1,0.00100335,-0.000997747,0.0002625,843.698
0,3542210,13,phononTS,0.000661693,-2.29075e-06,-0.00200385,0.000262498,1574.35,0.000661693,1,0.000825572,-0.00299045,-0.0002625,2108.08
0,3545867,7,phononTS,0.000962234,0.000976114,-0.00089624,-0.0002625,198.156,0.000764,1,0.00100159,-0.000997951,0.0002625,565.176
0,3552535,12,phononTS,0.000388128,-0.00195834,0.000112368,-0.0002625,394.17,0.000382,1,-0.00199707,-3.62761e-06,0.0002625,1916.24
0,3553529,7,phononTF,0.000475692,0.00144563,-0.000580869,-0.000262498,1334.87,0.000382,1,0.00100203,-0.00099625,0.0002625,1574.56
0,3555929,6,phononTS,0.000884673,0.000316701,-0.000564184,-0.0002625,0.859674,0.000382,1,6.85457e-07,1.33642e-06,0.0002625,670.583
0,3559732,17,phononTS,0.00226924,0.000999632,-0.00100146,0.000262498,733.63,0.00150019,1,0.000921851,-0.00170993,-0.0002625,1062.33
0,3563188,4,phononL,0.00533181,-0.00023095,-0.00190393,-3.83349e-05,174.229,0.001528,1,-2.73204e-06,-0.00199897,0.0002625,1056.23
0,3565206,20,phononTS,0.000627361,7.37248e-07,-0.00199936,0.0002625,762.587,0.000627361,1,8.52736e-05,-0.00207849,-0.0002625,1070.92
0,3573144,16,phononTF,0.00160893,-0.00199557,-6.32809e-07,0.000262498,2189.01,0.000874322,1,-0.00173202,0.000320462,-0.0002625,2387.86
0,3574504,24,phononL,0.000785019,0.000233578,0.000233816,-0.000262498,1491.74,0.000382,1,3.23416e-06,-2.38584e-06,0.0002625,1611.98
0,3579395,11,phononTF,0.000414662,0.00113756,-0.0028275,-0.0002625,1497.49,0.000382,1,0.000996318,-0.00300255,0.0002625,1837.82
0,3579432,20,phononTF,0.000493731,0.00216435,0.00186933,-0.0002625,5202.21,0.000382,1,0.00200133,0.00200185,0.0002625,5534.64
0,3589220,2,phononTS,0.00469057,0.000872243,-0.00109561,0.000136345,907.213,0.000382,1,0.000995121,-0.000998844,0.0002625,1024.22
0,3591629,10,phononTS,0.000442055,0.000543471,-0.00107594,-0.000262498,180.936,0.000382,1,0.000995596,-0.00100288,0.0002625,438.215
0,3593834,18,phononTF,0.000433141,0.000298469,0.00163297,-0.0002625,2136.64,0.000382,1,-2.45653e-06,0.00200155,0.0002625,2556.93
0,3594822,11,phononTS,0.00050473,-0.00100476,-0.000997921,0.000262498,3311.09,0.00050473,1,-0.00107446,-0.00182223,-0.0002625,3666.58
0,3600867,16,phononTS,0.000448213,0.000923426,-0.00105347,-0.000262498,271.822,0.000382,1,0.000998052,-0.000996675,0.0002625,426.794
0,3601072,2,phononL,0.00333615,0.000632657,-0.00105371,4.57053e-05,52.5196,0.001146,1,0.000997958,-0.0010031,0.0002625,218.489
0,3604764,12,phononTF,0.000975621,-0.000174121,-0.00174901,-0.000262498,433.462,0.000382,1,-0.000996545,-0.00099959,0.0002625,800.01
0,3606394,7,phononTF,0.00218635,0.00130113,-0.000616299,-0.0002625,373.196,0.000764,1,0.00200085,2.05798e-06,0.0002625,1010.37
0,3606394,9,phononTF,0.00042451,0.00200085,2.05798e-06,0.000262498,1010.37,0.00042451,1,0.00244963,-0.000506507,-0.0002625,1266.22
0,3608291,6,phononL,0.00173278,-0.0029591,-0.00104415,4.80717e-05,4.26102,0.000382,1,-0.00300167,-0.00100285,0.0002625,3371.38
0,3611123,3,phononTF,0.00185475,0.000681057,-0.0010963,-0.0002625,50.9117,0.000382,1,0.00100067,-0.00100016,0.0002625,472.539
0,3611123,24,phononTS,0.00127171,0.00100067,-0.00100016,0.000262498,472.539,0.00104331,1,0.00123338,-0.00107357,-0.0002625,677.813
0,3611123,2,phononTS,0.00136734,0.000692991,-0.00116853,0.000262498,50.9117,0.000569658,1,0.00134163,-0.0010701,-0.0002625,358.181
0,3614491,20,phononTS,0.000523055,0.000999266,0.001002,0.000262498,1515.52,0.000523055,1,0.00091202,0.00106768,-0.0002625,1670.56
0,3614491,18,phononTF,0.000958895,0.00130954,0.00025118,0.000262498,1263.34,0.000524593,1,0.00154452,0.00050029,-0.0002625,1452.28
0,3614825,11,phononTS,0.00159605,-0.000960267,0.00105146,-0.000262498,1020.81,0.000382,1,-0.00100326,0.000997372,0.0002625,1194.62
0,3614825,12,phononTS,0.000915428,-0.00100326,0.000997372,0.000262498,1194.62,0.000495256,1,-0.00204403,-0.00156855,-0.0002625,2190.49
0,3618400,16,phononTF,0.000513567,0.00112664,-0.000864952,-0.0002625,524.325,0.000382,1,0.00100328,-0.0009969,0.0002625,855.989
0,3618575,35,phononTF,0.000603091,-1.83251e-06,0.00200001,0.000262498,7237.37,0.000603091,1,-0.00182322,0.0007316,-0.0002625,7941.5
0,3618575,21,phononTF,0.00288438,0.000599803,-0.00112458,0.000262498,149.842,0.000896372,1,0.00074286,-0.000944325,-0.0002625,320.522
0,3618799,10,phononTS,0.000413529,0.000237643,0.000917717,-0.000262498,1073.8,0.000382,1,-1.94506e-06,-9.82434e-07,0.0002625,1452.5
0,3620191,34,phononTS,0.000691929,-0.000292745,-0.000896223,-0.0002625,988.532,0.000382,1,-0.000997025,-0.00099518,0.0002625,1634.38
0,3621380,13,phononTF,0.000592501,0.00089429,-0.00111076,-0.0002625,672.997,0.000382,1,0.00100441,-0.00100052,0.0002625,1163.79
0,3621599,2,phononL,0.00101941,0.00032357,-0.000868576,-0.0002625,2.62018,0.000764,1,1.96205e-06,-0.00199962,0.0002625,373.003
0,3622118,9,phononTF,0.000663771,0.00200457,-0.00200006,0.000262498,2118.81,0.000361753,1,0.00217067,-0.00178892,-0.0002625,2294.18
0,3622750,13,phononL,0.000598872,-0.000474542,-0.00169311,-0.000262498,786.23,0.000382,1,-1.55342e-06,-0.00200192,0.0002625,931.399
0,3631917,11,phononTS,0.0010086,0.001005,-0.000999538,0.000262498,436.802,0.000817524,1,-0.00173989,-0.00329621,-0.0002625,1704.71
0,3638203,21,phononTS,0.000407146,0.00208185,-0.001769,-0.0002625,3883.17,0.000382,1,0.00200393,-0.00200321,0.0002625,4293.82
0,3638387,27,phononTF,0.000644537,-0.000719438,0.000648384,-0.0002625,988.772,0.000382,1,-0.00100231,0.00100113,0.0002625,1639.47
0,3639400,6,phononTS,0.00128477,0.00081858,-0.00106912,-0.0002625,18.9821,0.000382,1,0.000999039,-0.000998153,0.0002625,407.914
0,3642197,8,phononTF,0.001163,0.000556753,-0.00117053,-0.000262498,231.881,0.000382,1,-7.28326e-07,-0.00199679,0.0002625,591.306
0,3642730,28,phononTS,0.000528424,0.00106946,-0.00269638,-0.000262498,1808.7,0.000382,1,-3.9935e-06,-0.00199771,0.0002625,2298.84
0,3645601,9,phononTS,0.000621274,0.00107051,-0.000923087,-0.000262498,863.219,0.000382,1,0.00100419,-0.00100293,0.0002625,1018.76
0,3652140,23,phononTS,0.000439371,-0.00105541,-0.00100528,-0.000262498,3718.66,0.000382,1,-0.00100468,-0.00100467,0.0002625,3876.19
0,3652801,14,phononTS,0.00043559,-0.000385209,-9.18533e-05,-0.0002625,1043.49,0.000382,1,-2.50837e-07,-3.73561e-06,0.0002625,1557.04
0,3652969,21,phononTF,0.00168939,0.00200337,3.4546e-06,0.000262498,919.129,0.000342665,1,0.00217329,-0.000162979,-0.0002625,1093.1
0,3654166,3,phononTS,0.00118199,0.00100385,-0.000999972,0.0002625,17.875,0.000995,1,0.0012051,-0.000950698,-0.0002625,651.808
0,3654172,3,phononTF,0.00391512,0.000975032,-0.001024,0.000219698,366.964,0.001146,1,0.000999716,-0.000995716,0.0002625,645.455
0,3659699,8,phononTS,0.000860444,0.00154199,-0.000971474,-0.000262498,2407.56,0.000764,1,0.00100125,-0.000999183,0.0002625,2677.9
0,3661431,20,phononTS,0.000460587,-0.00120632,-0.000308087,-0.0002625,3260.54,0.000382,1,-0.00199559,-3.17651e-06,0.0002625,4719.18
0,3666219,20,phononTS,0.000536147,0.000980339,-0.00105553,-0.000262498,909.608,0.000382,1,0.000996499,-0.000996895,0.0002625,1065.54
0,3666219,2,phononTF,0.00224219,0.000639784,-0.00105928,0.000152991,142.657,0.00192957,1,0.000274516,-0.000528149,-0.0002625,388.375
0,3668358,16,phononTF,0.000947758,-0.00116591,-0.000869626,-0.0002625,1025.51,0.000382,1,-0.000999927,-0.00100169,0.0002625,1362.92
0,3669058,20,phononL,0.000697671,-0.00134285,-0.00106046,-0.0002625,1641.62,0.000382,1,-0.000995422,-0.000997381,0.0002625,1884.71
0,3673279,9,phononTS,0.000597248,0.00200053,-1.75281e-06,0.000262498,3279.06,0.000597248,1,0.00140547,7.37867e-05,-0.0002625,3572.49
0,3673279,5,phononTS,0.0008625,0.00224512,-0.005,0.000140859,1735.35,0.000645723,1,0.00169645,-0.00374977,-0.0002625,3901.18
0,3676568,2,phononTS,0.00210271,0.000809957,-0.00207059,-0.0002625,8.61301,0.000764,1,0.00100177,-0.0030031,0.0002625,776.532
0,3676568,21,phononTS,0.000719438,0.00100177,-0.0030031,0.000262498,776.532,0.000165141,1,0.00119658,-0.0030145,-0.0002625,974.476
0,3677418,13,phononTS,0.000863254,-0.000998572,-0.000997517,0.0002625,998.652,0.000743455,1,-0.00202047,-0.00109629,-0.0002625,2028.13
0,3677565,5,phononTS,0.0019085,0.000821694,-0.00105494,-0.0002625,11.0438,0.000382,1,0.00100215,-0.00100146,0.0002625,400.151
0,3679223,23,phononTS,0.000732685,8.05385e-05,0.00205759,-0.000262499,1359.44,0.000382,1,-4.90126e-06,0.00199901,0.0002625,1515.15
0,3681054,11,phononTF,0.000713026,0.00115817,-0.00082091,-0.0002625,1697.62,0.000382,1,0.000998709,-0.000995156,0.0002625,2041.41
0,3681054,4,phononTF,0.000715293,-0.000127501,-0.005,-8.23963e-05,951.288,0.000715293,1,0.00348121,-0.00401912,-0.0002625,3303.26
0,3681731,2,phononTF,0.00395777,0.000878578,-0.00112634,0.00012488,31.1114,0.000764,1,0.00100495,-0.000999217,0.0002625,209.714
0,3681731,14,phononTS,0.00147229,0.00100495,-0.000999217,0.000262498,209.714,0.00066619,1,0.000997053,-0.00118135,-0.0002625,405.068
0,3682143,14,phononL,0.000748375,0.00017292,-0.000301331,-0.0002625,269.93,0.000382,1,3.88682e-06,2.04464e-06,0.0002625,634.099
0,3683970,10,phononTS,0.000403226,0.000998229,-0.000996212,0.0002625,1261.26,0.000403226,1,0.00152541,-0.000824929,-0.0002625,1866.55
0,3684736,3,phononTS,0.00136799,0.000815572,-0.00106592,-0.0002625,1.76181,0.000382,1,0.0010004,-0.00100411,0.0002625,392.312
0,3684736,15,phononTS,0.000734633,0.0010004,-0.00100411,0.000262498,392.312,0.000734633,1,0.00107563,-0.0010519,-0.0002625,547.357
0,3685830,16,phononTF,0.000427785,0.00186615,-0.000185569,-0.0002625,808.765,0.000382,1,0.00199892,-2.40552e-06,0.0002625,1141.93
0,3692179,13,phononTS,0.000455599,0.000921454,-0.000941053,-0.000262498,319.659,0.000382,1,0.000997845,-0.0010029,0.0002625,475.318
0,3696657,2,phononTS,0.00180481,0.000807397,-0.00105988,-0.0002625,15.2298,0.000382,1,0.00100098,-0.00100077,0.0002625,437.47
0,3696657,23,phononTS,0.000785589,0.00100098,-0.00100077,0.000262498,437.47,0.000598046,1,0.00153472,-0.000803472,-0.0002625,745.526
0,3696677,32,phononTS,0.000684783,0.005,0.00129829,3.09467e-07,1363.97,0.000382,1,0.000999834,-0.00100223,0.0002625,3331.8
0,3698439,23,phononTS,0.000434074,-0.000311554,-0.00215552,-0.000262498,1956.19,0.000382,1,-0.000997602,-0.00100363,0.0002625,2473.54
0,3706924,22,phononTS,0.000415163,0.00108479,0.000275297,-0.0002625,2315.51,0.000382,1,0.000996379,0.00099799,0.0002625,2977.57
0,3710382,17,phononTS,0.000445546,3.19746e-06,-0.00200429,0.000262498,1201.89,0.000445546,1,7.47488e-05,-0.00205774,-0.0002625,1359.22
0,3711233,20,phononTS,0.00185539,0.000769343,-0.000946102,-0.000262498,172.51,0.000764,1,0.000996961,-0.00100273,0.0002625,390.161
0,3715264,16,phononTS,0.000460056,-0.00104283,-0.0013507,-0.0002625,1852.57,0.000382,1,-0.000998514,-0.000996792,0.0002625,2322.75
0,3715636,24,phononTS,0.00114607,0.000998998,-0.00299987,0.000262498,1051.82,0.00050371,1,0.00191752,-0.00282351,-0.0002625,1432.21
0,3716417,12,phononTS,0.000747725,-0.00108889,0.000919399,-0.000262498,3103.47,0.000382,1,-0.00100435,0.0010034,0.0002625,3257.4
0,3717450,2,phononTF,0.00395546,0.000298101,-0.00168812,-0.0002625,303.276,0.000764,1,4.41793e-06,-0.00200067,0.0002625,738.552
0,3717450,19,phononTS,0.00129977,4.41793e-06,-0.00200067,0.000262499,738.552,0.00129977,1,5.15242e-05,-0.00205307,-0.0002625,894.472
0,3719018,12,phononTS,0.00049597,0.00235037,-0.000472935,-0.0002625,944.409,0.000382,1,0.00200209,-0.0019996,0.0002625,1916.28
0,3721657,20,phononTS,0.000382922,7.52502e-05,-0.00142901,-0.000262498,704.247,0.000382,1,0.000999348,-0.000998767,0.0002625,1123.36
0,3726473,1,phononTS,0.01,0.000998782,-0.000999599,0.000261622,0,0.002674,1,0.000998778,-0.00099977,0.0002625,493.009
0,3726628,8,phononTF,0.000937375,-0.000544433,0.000465899,-0.0002625,701.743,0.000382,1,-0.000995532,0.00099809,0.0002625,1737.91
0,3726628,2,phononTF,0.00228534,0.00134289,-0.000184706,-0.000242077,3.31994,0.00228534,1,0.00193454,-0.000291902,-0.0002625,588.48
0,3734031,14,phononTS,0.000501623,0.000314981,-0.00106133,-0.000262498,852.738,0.000382,1,0.00300299,0.00100004,0.0002625,2009.73
0,3734482,20,phononTF,0.000714131,0.000283294,0.000341386,-0.000262498,1070.16,0.000382,1,-2.81583e-06,5.88017e-07,0.0002625,1274.76
0,3734482,18,phononTS,0.00117932,0.000761756,-0.00122443,0.000262498,405.861,0.000572076,1,0.000523079,-0.00208279,-0.0002625,804.234
0,3736945,20,phononTF,0.00257325,-0.00264116,0.00258412,-0.000117616,795.107,0.000764,1,-0.00199949,0.00200007,0.0002625,2403.37
0,3741037,20,phononTS,0.000467638,-7.6402e-05,-0.00300448,-0.000262498,3742.2,0.000382,1,0.00100368,-0.00299734,0.0002625,4180.36
0,3741901,8,phononTS,0.000484939,0.000962623,-0.00119269,-0.000262498,271.741,0.000382,1,0.000995505,-0.000995087,0.0002625,472.848
0,3743171,4,phononTS,0.00374598,0.00111629,-0.0010545,0.000241876,517.723,0.001528,1,0.000998022,-0.00100311,0.0002625,1142
0,3745548,14,phononTS,0.000437669,-2.48764e-06,-3.6959e-06,0.0002625,2126.78,0.000437669,1,-0.000944,0.000531883,-0.0002625,2990.56
0,3749760,34,phononTS,0.000454631,2.46866e-06,-3.15966e-06,0.0002625,780.678,0.000454631,1,0.000295812,5.70896e-05,-0.0002625,1220.06
0,3758398,6,phononTF,0.000476783,0.00199575,-0.00200441,0.0002625,968.563,0.000476783,1,0.00192544,-0.0019194,-0.0002625,1288.91
0,3758398,3,phononTS,0.00204346,0.000630666,-0.00117419,0.000262498,32.296,0.00204346,1,0.00457299,-0.005,0.000234,1826.36
0,3758677,2,phononTF,0.0017069,0.00084772,-0.00112245,-0.0002625,155.432,0.000764,1,0.00099616,-0.000998988,0.0002625,489.419
0,3759339,26,phononTS,0.000427261,0.00101068,-0.00201055,-0.0002625,858.43,0.000382,1,0.000999782,-0.00299849,0.0002625,1680.89
0,3759957,2,phononTS,0.0029573,6.70566e-05,-0.00196269,-0.0002625,122.911,0.001146,1,-3.13916e-06,-0.00200218,0.0002625,673.619
0,3764063,6,phononTF,0.000883085,0.000306799,-0.00161895,-0.0002625,397.467,0.000382,1,-3.73708e-06,-0.00199946,0.0002625,823.749
0,3765367,9,phononTS,0.000546839,-0.000995818,-0.000996569,0.000262498,1078.16,0.000546839,1,-0.000408926,-0.000902394,-0.0002625,1369.39
0,3766627,10,phononTS,0.000976869,-4.51808e-05,-0.0019543,-0.0002625,570.002,0.000382,1,1.96144e-06,-0.0020028,0.0002625,1260.19
0,3766686,35,phononTF,0.000410843,0.0013069,-0.00132034,-0.000262498,1182.61,0.000382,1,0.000995669,-0.00100048,0.0002625,1388.44
0,3768144,2,phononTS,0.00379632,0.00178326,-0.00201768,0.000117825,457.957,0.000764,1,0.00199515,-0.00199568,0.0002625,1629.34
0,3769371,17,phononTS,0.000970749,-1.94373e-05,0.000202575,-0.000262498,943.619,0.000382,1,3.25937e-06,-4.62877e-06,0.0002625,1152.73
0,3771923,5,phononTF,0.000412992,0.00163851,0.00172727,-0.0002625,40.3455,0.000382,1,0.00099837,0.00100037,0.0002625,1338.67
0,3775211,8,phononTS,0.000549564,0.000998679,-0.00100067,0.000262498,817.319,0.000549564,1,0.000977424,-0.00108643,-0.0002625,982.729
0,3775211,6,phononTF,0.00100603,0.00107023,-0.00129881,-0.000261336,655.405,0.000709451,1,0.00108494,-0.00130995,-0.0002625,761.709
0,3775996,27,phononTS,0.000523518,0.000914954,-0.00179598,-0.0002625,3658.8,0.000382,1,4.11984e-06,-0.00200099,0.0002625,4674.12
0,3777666,13,phononTF,0.00317454,0.000866998,-0.00116237,-0.0002625,441.725,0.000764,1,0.00100106,-0.00100364,0.0002625,779.016
0,3781896,10,phononTS,0.000579948,0.00262503,-0.00211232,-0.0002625,2958.58,0.000382,1,0.00199894,-0.00199858,0.0002625,4038
0,3784373,14,phononL,0.000382577,0.000131137,0.000451795,-0.0002625,2576.55,0.000382,1,3.11515e-06,3.45962e-06,0.0002625,2839.9
0,3786253,7,phononTS,0.000564123,0.00106713,0.000981991,-0.000262498,1277.58,0.000382,1,0.00099615,0.00100024,0.0002625,1438.79
0,3788555,23,phononTF,0.000468751,-0.00095293,-0.000671779,-0.0002625,12033.1,0.000382,1,-0.00100336,-0.000995523,0.0002625,12612.4
0,3791201,18,phononTS,0.00057353,0.000737773,-0.00119663,-0.000262498,381.492,0.000382,1,-0.000998437,-0.00100483,0.0002625,1106.32
0,3791499,10,phononTS,0.00256806,4.66884e-06,-0.00199746,0.0002625,960.4,0.000450235,1,5.64848e-05,-0.00193804,-0.0002625,1487.05
0,3792427,6,phononL,0.00165173,0.000315872,-0.00154438,-0.0002625,22.0446,0.000382,1,-3.9836e-06,-0.00200396,0.0002625,311.269
0,3792749,20,phononTF,0.000459981,0.00100995,-0.000942603,-0.000262498,434.858,0.000382,1,0.00100164,-0.000998096,0.0002625,593.32
0,3792749,17,phononTS,0.00103762,0.000963883,-0.00129937,0.000262498,199.218,0.000827358,1,0.00149027,-0.00131631,-0.0002625,464.722
0,3793124,15,phononTS,0.000396348,-0.00200154,7.00694e-08,0.000262498,6580.55,0.000396348,1,-0.00208451,7.95121e-05,-0.0002625,6734.76
0,3794494,7,phononTS,0.000493649,0.00106472,-0.00106536,-0.0002625,18.4673,0.000382,1,0.000999527,-0.0010003,0.0002625,427.869
0,3798277,5,phononTF,0.000583743,0.000432358,-0.000493979,-0.0002625,590.612,0.000382,1,3.89014e-06,4.84599e-06,0.0002625,1091
0,3804503,17,phononTS,0.000769672,0.000184929,-0.000588139,-0.000262498,278.508,0.000382,1,3.10538e-06,-0.00199696,0.0002625,874.08
0,3807043,4,phononTS,0.00243716,-0.000998893,-0.00100444,0.0002625,231.853,0.00110971,1,-0.000959032,-0.000928108,-0.0002625,1005.85
0,3807298,16,phononL,0.00050058,0.00128864,-8.65374e-05,-0.000262498,1347.8,0.000382,1,8.0769e-07,2.64561e-06,0.0002625,1606.63
0,3807498,6,phononTS,0.000537414,-0.000995492,-0.000998952,0.0002625,695.904,0.000537414,1,-0.00157791,-0.00103453,-0.0002625,1567.57
0,3807886,9,phononTS,0.000991544,0.000808527,-0.00105594,-0.0002625,39.1369,0.000382,1,0.00100039,-0.000999447,0.0002625,434.871
0,3815733,3,phononTS,0.00590802,0.00101814,-0.000981087,2.98541e-05,95.4892,0.000764,1,0.0010021,-0.00100036,0.0002625,502.616
0,3815733,5,phononTS,0.000555014,0.0010021,-0.00100036,0.000262498,502.616,0.000555014,1,0.00101798,-0.00108754,-0.0002625,667.195
0,3820720,48,phononTF,0.000608337,0.000996451,-0.00100305,0.000262498,1389.26,0.00054987,1,0.00147464,-0.00050372,-0.0002625,1648.49
0,3821453,18,phononTS,0.00118156,0.000698632,-0.00114651,-0.0002625,359.781,0.000382,1,0.000998419,-0.00100163,0.0002625,851.335
0,3821453,24,phononTS,0.000571782,0.000998419,-0.00100163,0.000262498,851.335,0.000571782,1,0.000917811,-0.000959878,-0.0002625,1020.12
0,3822133,12,phononTS,0.000416395,0.00105408,-0.00108499,-0.000262498,641.994,0.000382,1,0.000999143,-0.001,0.0002625,798.215
0,3825945,10,phononTS,0.00227124,-0.000995227,0.00100334,0.0002625,1212.05,0.000796755,1,-0.00105291,0.00109461,-0.0002625,2424.32
0,3826139,3,phononTF,0.00320612,0.000632665,-0.0011064,0.000240448,7.28764,0.000764,1,0.00100244,-0.00100264,0.0002625,121.612
0,3826139,4,phononTF,0.00199232,0.00100244,-0.00100264,0.000262498,121.612,0.00120276,1,0.00128507,-0.000720078,-0.0002625,322.055
0,3827601,23,phononTS,0.000392327,0.00046053,-0.00102256,-0.0002625,2342.45,0.000382,1,0.00100459,-0.00100327,0.0002625,2884.92
0,3827850,13,phononTS,0.000694785,0.000269268,-0.00105197,-0.000262498,251.934,0.000382,1,-0.00199972,-1.60678e-06,0.0002625,1163.4
0,3829063,14,phononTF,0.00116152,0.00030221,-0.00174397,-0.0002625,718.806,0.000764,1,5.61562e-07,-0.00199897,0.0002625,1500.88
0,3832010,5,phononTS,0.00200588,0.000905731,-0.00102606,-0.0002625,13.5662,0.000382,1,0.000995728,-0.00100388,0.0002625,651.367
0,3835946,14,phononTS,0.00097568,0.000871669,0.000300391,-0.0002625,431.008,0.000382,1,0.000996812,0.00099848,0.0002625,1711.08
0,3836558,16,phononTS,0.002093,0.000894376,-0.00187842,-0.0002625,685.023,0.000382,1,4.24296e-06,-0.00199946,0.0002625,1433.83
0,3836558,17,phononTS,0.000916265,4.24296e-06,-0.00199946,0.000262498,1433.83,0.000686781,1,2.96471e-05,-0.00218279,-0.0002625,1638.48
0,3838160,14,phononTS,0.000775193,-6.77565e-05,-0.00207669,-0.0002625,661.147,0.000382,1,-4.35547e-06,-0.00199697,0.0002625,972.103
0,3838163,3,phononTS,0.00243104,-1.88043e-06,-0.00200368,0.0002625,121.673,0.000930624,1,-0.000162968,-0.00194492,-0.0002625,1420.16
0,3838888,16,phononTS,0.000517355,0.00022288,-0.000378163,-0.0002625,1355.77,0.000382,1,0.00100092,-0.00100133,0.0002625,2739.54
0,3840732,24,phononTF,0.000543491,0.0010028,-0.000996004,0.0002625,660.77,0.000543491,1,0.00121973,-0.000756496,-0.0002625,1215.97
0,3840821,16,phononTS,0.000582405,0.000710364,-0.00101868,-0.000262498,835.753,0.000382,1,0.000995149,-0.000998535,0.0002625,1053.14
0,3840821,2,phononTF,0.00370035,0.000611973,-0.00114999,0.000262498,13.4812,0.00177399,1,0.000818623,-0.000909325,-0.0002625,196.793
0,3842282,12,phononTS,0.000493484,0.0004396,0.000291143,-0.0002625,4448.03,0.000382,1,4.11928e-06,-3.37949e-06,0.0002625,5050.06
0,3844049,8,phononTS,0.000573964,0.00100279,-0.0010005,0.000262498,774.126,0.000450713,1,-0.000213656,-0.000764004,-0.0002625,1273.26
0,3844204,2,phononTF,0.00467794,0.0008911,-0.00111455,-0.0002625,145.811,0.001146,1,0.00100042,-0.00100109,0.0002625,467.054
0,3845000,11,phononTF,0.000610521,-0.00100107,-0.000996631,0.0002625,2063.01,0.000610521,1,-0.00184804,-6.3801e-05,-0.0002625,2876.04
0,3845604,22,phononL,0.0011478,8.77776e-05,-0.000488917,-0.0002625,559.616,0.000382,1,-4.24235e-06,-2.1181e-06,0.0002625,828.669
0,3845604,21,phononTS,0.000902333,0.000179797,-0.000975715,0.000262498,559.616,0.000902333,1,0.000162606,-0.00100326,-0.0002625,719.713
0,3846242,24,phononTS,0.000397303,-0.00137737,-0.00106991,-0.0002625,2164.43,0.000382,1,-0.00100174,-0.000995033,0.0002625,2588.16
0,3850032,34,phononTS,0.000426332,0.00201162,0.00204009,-0.0002625,3815.93,0.000382,1,0.00200241,0.00200329,0.0002625,4165.66
0,3852053,17,phononTF,0.00130141,-3.09536e-05,-0.000145861,-0.0002625,1450.24,0.000382,1,-7.29183e-07,5.82915e-07,0.0002625,1785.95
0,3852053,18,phononTS,0.000721842,-7.29183e-07,5.82915e-07,0.000262498,1785.95,0.000198816,1,-0.000779493,9.22677e-05,-0.0002625,2130.07
0,3855264,12,phononTS,0.000747076,-0.00093321,-0.00104742,-0.000262498,1253.24,0.000382,1,-0.00100194,-0.00100196,0.0002625,1408.82
0,3858414,13,phononTF,0.000768796,0.00078046,-0.00127266,-0.000262498,202.571,0.000382,1,0.00100271,-0.000998837,0.0002625,390.6
0,3860766,3,phononTS,0.000842835,0.000811776,-0.00106186,-0.0002625,3.53644,0.000382,1,0.000996221,-0.00100272,0.0002625,422.187
0,3864418,9,phononTS,0.00236611,0.000962258,-0.00296401,-0.0002625,139.066,0.000382,1,0.00099674,-0.00299813,0.0002625,1235.54
0,3865865,24,phononTF,0.000830273,-0.00338141,-0.000552979,-0.0002625,6456.99,0.000382,1,-0.00300175,-0.000997952,0.0002625,6924.1
0,3865892,18,phononTS,0.00111782,0.00107452,-0.000752178,-0.000262498,155.613,0.000764,1,0.000995973,-0.00100165,0.0002625,364.149
0,3866722,2,phononL,0.00174857,0.0010005,-0.00100479,0.0002625,38.6128,0.000780878,1,0.000676901,-0.000998084,-0.0002625,432.648
0,3868333,23,phononTS,0.000600067,-8.33922e-07,4.73569e-06,0.000262498,1460.58,0.000600067,1,-9.9626e-05,-0.000524059,-0.0002625,1736.18
0,3869443,11,phononTS,0.000890277,0.00308639,0.000706927,-0.0002625,425.698,0.000382,1,0.00200418,4.76059e-06,0.0002625,6672.88
0,3870917,5,phononTS,0.00308133,0.000815107,-0.00103101,-0.0002625,46.2739,0.000764,1,0.000996596,-0.00100031,0.0002625,436.446
0,3870917,9,phononTS,0.00202598,0.000996596,-0.00100031,0.000262498,436.446,0.000838879,1,0.000937605,-0.000909037,-0.0002625,591.925
0,3873296,9,phononTS,0.00471216,0.000823844,-0.000823424,0.000209178,120.19,0.000382,1,0.00100016,-0.00100035,0.0002625,364.6
0,3880183,2,phononTS,0.00668708,0.000944936,-0.000988816,0.000231421,41.6283,0.002674,1,0.000999761,-0.000999515,0.0002625,300.728
0,3883856,21,phononTS,0.000405941,-0.00100386,-0.00100028,0.000262498,2195.28,0.000405941,1,-0.000940936,-0.00101897,-0.0002625,2357.1
0,3883856,5,phononTS,0.000470359,0.000818288,-0.00106405,0.000262498,1082.37,0.000470359,1,0.000588688,-0.000994964,-0.0002625,1287.26
0,3884732,13,phononTF,0.000476175,0.000691,-0.0012178,-0.000262498,162.199,0.000382,1,0.00100358,-0.00100472,0.0002625,366.826
0,3886451,19,phononTS,0.000961831,-0.000908557,-0.000916634,-0.0002625,1599.31,0.000382,1,-0.000997915,-0.000995033,0.0002625,2061.39
0,3886451,2,phononTF,0.00422077,0.000602411,-0.00107767,0.000256816,28.0327,0.00164165,1,0.000539602,-0.00115665,-0.0002625,185.961
0,3887286,28,phononTF,0.000417728,0.00115308,-0.000796212,-0.000262498,875.167,0.000382,1,0.000996094,-0.000995971,0.0002625,1048.66
0,3887645,22,phononTS,0.000440935,-0.00298844,-0.00063894,-0.0002625,5023.85,0.000382,1,-0.00200068,-0.00200015,0.0002625,6444.85
0,3887645,5,phononTF,0.000972933,0.000630964,-0.00113221,0.000262498,4.21238,0.000414944,1,0.00147872,-0.00030974,-0.0002625,392.331
0,3888590,17,phononTS,0.000486021,1.75206e-06,-0.00200033,0.000262498,2288.75,0.000486021,1,-3.03482e-06,-0.00195731,-0.0002625,2455.41
0,3895132,28,phononTS,0.000529267,0.000545636,-0.000212861,-0.000262498,1937.76,0.000382,1,-0.00100402,0.00100455,0.0002625,2635.95
0,3896222,15,phononL,0.00056712,-4.39442e-06,4.13372e-06,0.000262498,2172.73,0.00056712,1,-0.000334613,-5.77418e-05,-0.0002625,2293.07
0,3896591,19,phononTS,0.00308275,0.000701009,-0.000950954,-0.0002625,1758.56,0.000764,1,0.00100481,-0.000997134,0.0002625,2204.92
0,3897349,9,phononTF,0.00298381,0.00206994,-0.00191717,0.000127996,47.333,0.000764,1,0.00199652,-0.00200472,0.0002625,2265.98
0,3898441,28,phononTS,0.000580544,0.00100084,-0.000999062,0.0002625,909.079,0.000580544,1,0.00098701,-0.00108499,-0.0002625,1819.44
0,3899151,25,phononTS,0.00113804,7.98397e-06,8.22115e-05,-0.0002625,1222.63,0.000764,1,-5.70513e-07,-2.51836e-06,0.0002625,1770.06
0,3899559,11,phononTF,0.000425511,-4.83986e-06,4.88101e-06,0.000262498,1638.94,0.000425511,1,0.000467556,0.00040191,-0.0002625,1879.32
0,3899559,8,phononTF,0.00109595,0.000592329,-0.00119798,0.000262498,117.387,0.000463929,1,0.000504196,-0.00141485,-0.0002625,297.947
0,3901901,15,phononTF,0.000461957,0.00108723,-0.00311273,-0.0002625,6030.75,0.000382,1,0.000998286,-0.00299877,0.0002625,6355.56
0,3902274,8,phononTF,0.000622798,-1.0561e-06,-2.73323e-06,0.0002625,608.845,0.000501794,1,0.000426662,-0.000405118,-0.0002625,1471.16
0,3902543,6,phononTF,0.00107546,0.0009977,-0.000997281,0.0002625,33.9671,0.000680154,1,0.00142923,-0.000338096,-0.0002625,711.481
0,3903675,29,phononL,0.00100831,-1.49544e-05,-0.00227102,-0.0002625,921.207,0.000382,1,-4.15881e-06,-0.00199611,0.0002625,1154.49
0,3903763,25,phononTS,0.000861592,-5.28288e-05,-0.0020746,-0.000262498,3308.32,0.000382,1,1.04182e-06,-0.00199878,0.0002625,3479.07
0,3917076,8,phononTF,0.0008429,-0.005,-0.00151752,0.000134176,31.1661,0.000382,1,-0.00200173,2.47138e-06,0.0002625,2771.37
0,3921051,12,phononTF,0.000622473,0.000344675,-0.000414725,-0.0002625,1129.86,0.000382,1,1.12033e-06,2.09091e-06,0.0002625,1576.51
0,3922283,19,phononTS,0.00190346,0.00096604,-0.00105668,-0.0002625,393.672,0.000382,1,0.00100387,-0.00099808,0.0002625,706.806
0,3924489,2,phononTS,0.00576501,0.000690162,-0.00281052,-8.87271e-05,10.1018,0.00209055,1,0.00071512,-0.002786,-0.0002625,4267.99
0,3925856,9,phononTS,0.000686772,0.000835591,-0.00108521,-0.0002625,137.203,0.000382,1,0.000998576,-0.00100258,0.0002625,517.696
0,3926558,3,phononTF,0.00130745,0.000130169,-0.00183982,-0.0002625,141.475,0.000382,1,9.55428e-07,-0.00200351,0.0002625,836.969
0,3928547,6,phononTS,0.00233137,0.000196006,-0.00192307,-0.0002625,582.878,0.000382,1,-2.52475e-06,-0.00199879,0.0002625,1770.12
0,3928547,9,phononTF,0.000479673,-2.52475e-06,-0.00199879,0.000262498,1770.12,0.000479673,1,-0.00455353,-0.00057817,-0.0002625,3270.63
0,3928987,21,phononTF,0.000469498,0.00175002,-0.0022553,-0.0002625,2946.97,0.000382,1,0.00199845,-0.00199986,0.0002625,3326.03
0,3930311,35,phononTS,0.000799545,-0.00100492,0.00299559,0.000262498,2602.46,0.000603518,1,-0.00100579,0.00250082,-0.0002625,2857.63
0,3931097,16,phononL,0.00103116,0.00107487,-0.00227621,-0.000262498,1743.12,0.000382,1,0.00100331,-0.00300029,0.0002625,1907.87
0,3936976,7,phononTS,0.000711295,0.0010046,-0.000995772,0.0002625,31.3578,6.04649e-05,1,0.00128098,-0.000936157,-0.0002625,617.464
0,3939632,33,phononTS,0.000901598,-0.000724548,-0.00147513,-0.000262498,2753.02,0.000382,1,-0.00200265,-0.00199587,0.0002625,3306.56
0,3943757,7,phononTS,0.00110206,-4.12824e-06,-0.00199641,0.0002625,598.257,0.000347859,1,-0.000208717,-0.00219046,-0.0002625,1068.31
0,3945217,3,phononTS,0.00703136,0.000956139,-0.000915717,0.000243903,234.247,0.00191,1,0.00100295,-0.00100447,0.0002625,969.591
0,3947241,22,phononTS,0.000471826,0.00253147,-0.00213586,-0.0002625,2042.48,0.000382,1,0.00199665,-0.00199951,0.0002625,2641.93
0,3952065,11,phononL,0.000659752,0.000827535,-0.00105802,-0.0002625,89.0389,0.000382,1,0.000997485,-0.00100059,0.0002625,314.203
0,3952184,34,phononTF,0.000506226,-0.000876677,-0.00114919,-0.0002625,585.288,0.000382,1,-0.000998503,-0.00100276,0.0002625,918.484
0,3952991,9,phononTS,0.000636479,0.000223038,-0.00052022,-0.0002625,135.291,0.000382,1,-2.81021e-07,-6.14982e-07,0.0002625,752.447
0,3957061,12,phononTF,0.000402488,0.0010006,-0.000999887,0.0002625,1090.94,0.000402488,1,0.00124291,-0.00130201,-0.0002625,1644.77
0,3957198,34,phononTF,0.000537173,-0.000792767,-0.000736207,-0.000262498,585.46,0.000382,1,-0.00100493,-0.00100092,0.0002625,771.151
0,3959116,16,phononTS,0.00333722,-5.07861e-05,-0.00204748,-0.000213931,888.543,0.000382,1,-3.78897e-06,-0.0020028,0.0002625,1468.05
0,3966399,7,phononTF,0.000602555,0.0002128,-0.00182112,-0.0002625,468.203,0.000382,1,-2.73064e-06,-0.00199644,0.0002625,1175.49
0,3966841,27,phononTS,0.000708619,0.000910058,-0.00142544,-0.000262498,776.718,0.000382,1,0.00100173,-0.0010032,0.0002625,1025.45
0,3970919,2,phononTS,0.00215676,0.000865628,-0.00108118,-0.0002625,3.59048,0.000764,1,0.000996402,-0.000998286,0.0002625,741.04
0,3971159,18,phononL,0.00114906,0.000345711,-0.000836096,-0.0002625,1168.77,0.000382,1,0.00100361,-0.0009978,0.0002625,1485.95
0,3983368,16,phononTF,0.00105074,0.00187654,-9.11642e-05,-0.0002625,374.563,0.000382,1,0.00300156,0.00100156,0.0002625,1371.32
0,3984107,2,phononTS,0.00204832,0.000604077,-0.00164121,-0.0002625,46.0085,0.000382,1,0.0010022,-0.00299604,0.0002625,874.66
0,3991425,17,phononTS,0.000427459,0.000910705,-0.00100851,-0.000262498,527.446,0.000382,1,0.000997173,-0.000996549,0.0002625,688.3
0,3991824,7,phononTS,0.000788092,0.000789583,-0.00110061,-0.0002625,330.754,0.000382,1,0.00099865,-0.00100092,0.0002625,770.895
0,3994033,31,phononTF,0.000796017,-0.000428967,-0.000400649,-0.000262499,810.381,0.000382,1,-0.000999118,-0.00100041,0.0002625,1102.95
0,3994560,10,phononTS,0.000658182,0.000974557,-0.00106697,-0.0002625,1128.17,0.000382,1,0.00100073,-0.000995509,0.0002625,1438.97
0,3996820,10,phononTS,0.000554628,-0.00210469,0.000547833,-0.0002625,3911.74,0.000382,1,-0.00200309,-1.06829e-06,0.0002625,4473.28
0,3997291,3,phononTS,0.00562238,0.0010011,-0.000998752,0.0002617,0.357494,0.000382,1,0.00100447,-0.00100012,0.0002625,1032.26
0,3997743,30,phononTS,0.000442838,0.0010598,-0.00333278,-0.0002625,1811.86,0.000382,1,0.0010044,-0.00300075,0.0002625,2267.56
0,4001579,8,phononTS,0.000401654,0.00099702,-0.000999847,0.000262498,406.141,0.000401654,1,0.00109569,-0.000322818,-0.0002625,721.048
0,4001579,5,phononTS,0.0014066,0.000610015,-0.00110788,0.000262498,9.33816,0.000713582,1,0.000518874,-0.00105081,-0.0002625,165
0,4005806,31,phononTS,0.000566314,0.00100353,0.00100318,0.000262498,5100.34,0.000404306,1,0.00150876,0.00100701,-0.0002625,5358.89
0,4007794,13,phononTF,0.000414055,0.00107207,-0.00308932,-0.000262498,1942.42,0.000382,1,0.0010042,-0.00300194,0.0002625,2102.54
0,4011762,27,phononTS,0.00148854,0.00146123,-0.000979883,-0.000262498,747.689,0.000382,1,0.002,-0.00200201,0.0002625,1235.4
0,4012844,19,phononTS,0.000474426,-0.000303779,0.005,-4.46999e-05,9133.26,0.000474426,1,-0.000544545,0.00484636,-0.0002625,10420.5
0,4013051,23,phononTS,0.00129994,-0.00201432,-0.0013278,-0.0002625,2767.05,0.000382,1,-0.00199514,-0.00199656,0.0002625,3404
0,4016204,21,phononTS,0.000390041,2.62422e-05,-0.00206918,-0.000262498,1830.14,0.000382,1,-2.98734e-06,-0.00199711,0.0002625,2008.23
0,4016206,17,phononTF,0.000620018,2.89902e-05,-0.00166368,-0.0002625,1347.09,0.000382,1,0.000997219,-0.00299548,0.0002625,2419.94
0,4016206,3,phononTS,0.000675863,0.000637723,-0.00112538,0.000262498,28.3586,0.0002713,1,0.0006914,-0.00176591,-0.0002625,334.104
0,4017777,9,phononTS,0.000761162,0.0011603,-0.00148886,-0.0002625,352.427,0.000382,1,0.00200251,-0.00199605,0.0002625,1225.02
0,4022879,44,phononTS,0.00103421,-2.02068e-05,0.000376987,-0.0002625,3933.45,0.000382,1,4.48611e-06,-3.69592e-06,0.0002625,4429.66
0,4029395,27,phononTS,0.0034784,-0.00100195,-0.000997511,0.000252685,1313.3,0.001146,1,-0.00100118,-0.000995287,0.0002625,1530.94
0,4034634,6,phononTF,0.00195566,0.000369732,-0.00162329,-0.0002625,306.762,0.000764,1,-4.90915e-06,-0.00200169,0.0002625,753.533
0,4044719,17,phononTS,0.00076081,0.00150682,-0.00184045,-0.0002625,1405.27,0.000382,1,0.00200493,-0.00200053,0.0002625,1993.01
0,4046094,17,phononTS,0.00116064,0.000781696,-0.00104016,-0.0002625,2791.47,0.000382,1,0.00100314,-0.0010047,0.0002625,3218.72
0,4046830,8,phononTF,0.000500568,0.00075244,-0.00123445,-0.000262498,210.292,0.000382,1,0.000998164,-0.000997841,0.0002625,399.379
0,4046830,5,phononTS,0.00060164,0.000677085,-0.00116201,0.000262498,55.6176,0.00060164,1,0.000753227,-0.00120509,-0.0002625,210.657
0,4049327,28,phononTS,0.000719418,-0.00196742,0.00202397,-0.000262498,1306.94,0.000382,1,-0.00199545,0.00200454,0.0002625,1472.16
0,4060982,4,phononTF,0.00168868,-1.96984e-05,-0.00185627,-0.0002625,992.968,0.000382,1,1.20134e-07,-0.00199617,0.0002625,1326.73
0,4060982,8,phononTS,0.00107428,1.20134e-07,-0.00199617,0.000262498,1326.73,0.000893125,1,-1.94883e-05,-0.00203459,-0.0002625,1483.17
0,4063882,29,phononL,0.000864763,0.000286097,-0.00161763,-0.0002625,109.961,0.000382,1,5.85025e-07,-0.00200352,0.0002625,378.59
0,4064256,10,phononTS,0.00077087,0.00107897,-0.00189706,-0.0002625,911.106,0.000382,1,0.00200084,-0.00200275,0.0002625,1459.2
0,4066081,8,phononTF,0.00333197,0.000921351,-0.00111659,-0.0002625,93.5726,0.000764,1,0.000995745,-0.000998907,0.0002625,634.041
0,4066970,11,phononTF,0.000514982,0.000234265,-0.0017812,-0.000262498,636.964,0.000382,1,-4.01586e-06,-0.00200208,0.0002625,822.694
0,4068278,14,phononTF,0.000771729,0.000802203,-0.000776554,-0.000262498,396.535,0.000382,1,0.00100119,-0.00100385,0.0002625,581.835
0,4068278,2,phononTF,0.00501936,-0.000163937,-0.00132321,-0.000238692,5.29557,0.00083068,1,-0.000174338,-0.00133548,-0.0002625,661.636
0,4068769,22,phononL,0.000397067,-0.00200096,-0.00199962,0.000262498,1967.4,0.000397067,1,-0.00244574,-0.00192582,-0.0002625,2097.24
0,4076633,2,phononTS,0.002385,0.00103883,-0.00104797,-1.95951e-06,5.48595,0.000764,1,0.000999679,-0.00100339,0.0002625,255.756
0,4077684,3,phononTS,0.00405569,0.000873588,-0.00112831,0.000221521,57.1603,0.000764,1,0.00100428,-0.000998589,0.0002625,197.629
0,4077949,11,phononTS,0.000395107,-0.000286541,-0.000997605,-0.0002625,2370.5,0.000382,1,-0.000997844,-0.000998368,0.0002625,3033.82
0,4077949,3,phononTF,0.000744957,0.000607094,-0.00115019,0.000262498,63.132,0.000744957,1,0.000448869,-0.00118072,-0.0002625,232.745
0,4081611,7,phononTS,0.000509105,-0.00100003,0.000995851,0.0002625,1073.11,0.000509105,1,0.000212653,0.00165065,-0.0002625,2187.88
0,4081611,5,phononTF,0.00123507,-0.000398041,-0.000602049,0.000262498,305.283,0.00104527,1,0.000430466,0.000277302,-0.0002625,705.202
0,4081920,14,phononTS,0.000653099,0.00218965,-0.0020018,-0.000262498,3206.2,0.000382,1,0.0020007,-0.00200125,0.0002625,3402.96
0,4089379,15,phononTS,0.000518388,0.00211487,-0.000319459,-0.0002625,3773.85,0.000382,1,-0.000999986,0.000998696,0.0002625,6984.42
0,4098993,17,phononTF,0.00196132,0.000424561,-0.00160842,-0.0002625,246.069,0.000382,1,-2.19288e-06,-0.0020038,0.0002625,717.554
0,4098993,24,phononTF,0.000616818,-2.19288e-06,-0.0020038,0.000262498,717.554,0.000616818,1,-0.00128193,-0.000493383,-0.0002625,1340.93
0,4106429,13,phononTS,0.000896748,-0.00200495,-0.00200166,0.000262498,1150.09,0.00053091,1,-0.00179399,-0.00125795,-0.0002625,1494.14
0,4109483,7,phononTS,0.000920529,-2.15976e-05,-2.67016e-05,-0.000262498,533.26,0.000382,1,1.55387e-06,1.43576e-06,0.0002625,703.996
0,4109560,8,phononTF,0.00127153,-0.00215727,0.000256489,-0.000262498,1136.93,0.000764,1,-0.00199732,4.12674e-06,0.0002625,1326.25
0,4109735,16,phononTF,0.000495576,0.00215406,0.000174338,-0.000262498,1971.21,0.000382,1,0.0020029,3.10153e-06,0.0002625,2142.58
0,4110703,29,phononTS,0.000641208,0.00138317,-0.00200466,-0.0002625,1917.47,0.000382,1,0.0020021,-0.00200439,0.0002625,2559.54
0,4111116,6,phononTS,0.0013632,-0.000997756,-0.00100315,0.0002625,123.461,0.000501234,1,0.000987207,-0.00257221,-0.0002625,2504.23
0,4113295,11,phononTS,0.00100211,0.000998401,0.00100333,0.000262498,1655.09,0.000580801,1,0.000724008,0.001015,-0.0002625,1874.75
0,4113295,6,phononTS,0.00121372,0.000771889,-0.00120274,0.000262498,151.789,0.000858965,1,0.000667401,-0.00119567,-0.0002625,332.202
0,4113575,8,phononTS,0.000710674,-0.00254162,-0.000633045,-0.0002625,4009.5,0.000382,1,-0.00100183,-0.00100023,0.0002625,7845.33
0,4113575,4,phononTF,0.00169536,0.000625766,-0.00112671,0.000262498,152.9,0.000553228,1,-0.00219348,-0.00181447,-0.0002625,1102.52
0,4114876,28,phononTF,0.000571722,0.000496687,-0.00144326,-0.000262498,10968.2,0.000382,1,0.00100116,-0.00100328,0.0002625,11221.2
0,4118003,15,phononTF,0.000957668,0.000787296,-0.000772033,-0.000262498,294.998,0.000382,1,0.0010003,-0.000995676,0.0002625,478.582
0,4119806,19,phononTS,0.000498877,0.00104676,-0.00241831,-0.0002625,858.704,0.000382,1,0.000999554,-0.00299634,0.0002625,1442.34
0,4121698,8,phononL,0.000712716,-0.000188254,-0.0010633,-0.0002625,10.9725,0.000382,1,-0.00100353,-0.000995751,0.0002625,368.076
0,4121698,7,phononTS,0.00114912,0.000627021,-0.00113085,0.000262498,10.9725,0.000532067,1,0.000946998,-0.00119165,-0.0002625,236.782
0,4122732,29,phononTS,0.000479259,0.00199402,0.000978382,-0.0002625,1604.7,0.000382,1,0.000999629,0.000999948,0.0002625,2202.29
0,4129306,25,phononTF,0.000382653,0.00100049,-0.00299749,0.000262498,2219.07,0.000382653,1,0.00116849,-0.00320129,-0.0002625,2394.3
0,4131938,11,phononTS,0.000914808,-3.27144e-05,-0.00200849,-0.000262498,644.154,0.000382,1,-1.00484e-06,-0.0019963,0.0002625,800.733
0,4137289,18,phononTF,0.000570244,0.00182853,0.000159973,-0.000262498,556.376,0.000382,1,0.00200002,4.53448e-06,0.0002625,730.239
0,4137640,26,phononTS,0.000656474,0.000982911,0.00106816,-0.0002625,4935.89,0.000382,1,0.00100215,0.000996383,0.0002625,5802.12
0,4138406,7,phononL,0.000413719,0.000306746,-0.00156437,-0.0002625,28.8582,0.000382,1,-1.62251e-06,-0.00199521,0.0002625,309.937
0,4138833,13,phononTS,0.000683907,0.00103533,-0.00122283,-0.000262498,564.372,0.000382,1,0.000997473,-0.00100085,0.0002625,767.807
0,4140928,43,phononTF,0.00100733,0.000249155,-0.00180403,-0.0002625,944.874,0.000382,1,2.37568e-06,-0.00200477,0.0002625,1310.05
0,4141133,4,phononTS,0.000392542,0.00100357,-0.000995123,0.0002625,304.456,0.000392542,1,0.0010635,-0.00107261,-0.0002625,819.505
0,4145104,11,phononTF,0.000544372,-0.000438052,-0.00157862,-0.0002625,1041.38,0.000382,1,2.20448e-06,-0.00200319,0.0002625,1522.84
0,4146673,22,phononTS,0.000578455,0.00299953,0.00100435,0.0002625,6699.24,0.000578455,1,0.00291322,0.00102575,-0.0002625,7526.31
0,4147327,43,phononTF,0.000739411,0.000787452,0.000889735,-0.0002625,1491.06,0.000382,1,0.00100407,0.00100039,0.0002625,1889.49
0,4147327,21,phononTS,0.000554205,0.000991545,-0.00118621,0.000262499,510.455,0.000554205,1,-0.0011621,0.00304014,-0.0002625,2148.36
0,4153016,20,phononTF,0.000473575,-2.61614e-06,-2.68512e-06,0.0002625,3300.83,0.000473575,1,-0.000150759,0.000152781,-0.0002625,3814.38
0,4154088,23,phononTS,0.000481822,-7.28379e-05,-0.00191104,-0.000262498,1203.4,0.000382,1,-1.87571e-06,-0.00200052,0.0002625,1357.94
0,4157365,6,phononTS,0.000954788,0.000941851,-0.000915268,-0.000262498,595.726,0.000382,1,0.00100352,-0.0010003,0.0002625,751.172
0,4158608,9,phononTS,0.000408955,0.000809145,-0.00194021,-0.000262498,440.379,0.000382,1,0.000997311,-0.00299797,0.0002625,888.39
0,4158936,6,phononTS,0.00287236,0.000858602,-0.00110841,-0.0002625,238.949,0.000764,1,0.00100115,-0.00100232,0.0002625,656.117
0,4166795,5,phononL,0.000748758,0.000999014,-0.000999299,0.000262498,455.556,0.000400453,1,0.000951303,-0.000718424,-0.0002625,572.742
0,4173788,3,phononTF,0.000947187,-0.0016741,-0.00235644,-0.0002625,2.01459,0.000764,1,-0.00199867,-0.00200249,0.0002625,1322.61
0,4178206,9,phononTS,0.000632345,0.000652599,-0.000132236,-0.0002625,1014.96,0.000382,1,2.62439e-06,-3.32362e-06,0.0002625,1633.35
0,4184535,19,phononTS,0.000545438,0.00199694,-0.0020049,0.0002625,2042.63,0.000545438,1,0.00202672,-0.00182105,-0.0002625,2431.1
0,4186669,5,phononTF,0.00439149,0.0010123,-0.000995737,0.000257917,6.62245,0.001146,1,0.00100398,-0.00100432,0.0002625,133.88
0,4191728,3,phononTF,0.00585715,0.000919738,-0.00107347,0.000135941,43.2611,0.001146,1,0.000996894,-0.000996485,0.0002625,295.972
0,4194000,13,phononTS,0.000631525,5.58115e-05,0.00199692,-0.000262498,1921.08,0.000382,1,1.27535e-09,0.00199564,0.0002625,2085.72
0,4194713,8,phononTF,0.000731762,0.000839195,-0.00112787,-0.0002625,106.519,0.000382,1,0.000996585,-0.00100499,0.0002625,441.115
0,4197072,33,phononTS,0.0008833,0.00108384,-0.000870899,-0.0002625,1473.7,0.000382,1,0.00100221,-0.00100496,0.0002625,1880.18
0,4200504,22,phononTS,0.00043509,2.46846e-05,-0.000716887,-0.000262498,363.543,0.000382,1,2.42076e-06,-2.01174e-07,0.0002625,694.687
0,4201974,15,phononL,0.000426054,-0.000541836,0.00109306,-0.0002625,1548,0.000382,1,-0.000999269,0.00100086,0.0002625,1811
0,4202594,21,phononL,0.000942329,-0.000456318,-0.00347473,-0.000262498,1164.13,0.000382,1,0.000996722,-0.00299757,0.0002625,1476.51
0,4207923,22,phononTF,0.00409318,0.00105856,-0.00106985,0.000126451,949.607,0.000382,1,0.00100414,-0.00100377,0.0002625,1263.91
0,4208248,19,phononTF,0.000499974,0.000331206,0.00160291,-0.0002625,3409.23,0.000382,1,4.05339e-06,0.00199819,0.0002625,3844.96
0,4209160,12,phononTS,0.000622764,0.000505153,-0.00103128,-0.000262498,344.803,0.000382,1,0.00100131,-0.001003,0.0002625,616.625
0,4210531,2,phononTF,0.000563515,0.000816838,-0.00106591,-0.0002625,2.34868,0.000382,1,0.00100314,-0.00100462,0.0002625,351.36
0,4213879,22,phononTS,0.000504579,-7.99181e-05,-0.000302732,-0.000262498,3378.84,0.000382,1,2.37885e-06,1.27423e-06,0.0002625,3616.33
0,4217750,14,phononTS,0.00102178,0.000273126,-0.0019477,-0.000262498,886.668,0.000382,1,-3.43697e-06,-0.00200145,0.0002625,1103.04
0,4221869,39,phononTS,0.000802772,0.00100282,-0.00100027,0.0002625,1537.28,0.000802772,1,0.000960496,-0.000747524,-0.0002625,2173.28
0,4225786,42,phononTS,0.000502248,-0.00410675,0.00110729,-0.0002625,10170.9,0.000382,1,-0.00199619,-8.63776e-07,0.0002625,15643.8
0,4227716,14,phononTS,0.00104575,0.000933936,-0.00105572,-0.0002625,139.86,0.000382,1,0.00100082,-0.00100478,0.0002625,453.67
0,4227716,13,phononTS,0.000946155,0.00086705,-0.00110667,0.000262498,139.86,0.000515636,1,0.000763431,-0.00102684,-0.0002625,318.965
0,4229608,4,phononTS,0.000869372,0.00100406,-0.000996178,0.0002625,172.349,0.000869372,1,0.00115684,-0.000914397,-0.0002625,737.174
0,4233613,2,phononL,0.00594714,0.000928713,-0.00108195,0.000148823,21.9381,0.000764,1,0.00100028,-0.00100039,0.0002625,889.132
0,4248289,31,phononTS,0.000514128,0.00108036,-0.00091534,-0.000262498,714.825,0.000382,1,0.000996619,-0.00100118,0.0002625,890.638
0,4248898,13,phononTS,0.000603767,-5.09475e-05,-0.00105629,-0.000262498,333.45,0.000382,1,3.60202e-06,-0.00199592,0.0002625,725.972
0,4248898,11,phononTF,0.000455122,0.000641085,-0.00113407,0.000262498,10.5947,0.000455122,1,-0.0022643,-0.00131632,-0.0002625,976.752
0,4256104,14,phononTF,0.000420259,0.00199806,-4.14611e-07,0.0002625,1381.77,0.000420259,1,0.00174132,-0.000258246,-0.0002625,1763.41
0,4256973,29,phononTS,0.000624644,-0.0029963,-0.000999985,0.0002625,2530.9,0.000624644,1,-0.00256201,0.000190215,-0.0002625,4045.39
0,4256973,2,phononTS,0.00124732,0.000616819,-0.00122288,0.000262498,222.017,0.000869058,1,0.000551689,-0.00115762,-0.0002625,377.266
0,4259250,5,phononTF,0.000601985,0.00085851,-0.00106758,-0.0002625,392.766,0.000382,1,0.000996303,-0.000995141,0.0002625,726.84
0,4259250,4,phononTF,0.000790212,0.000720717,-0.00114002,0.000262498,392.766,0.000790212,1,0.00198113,7.03106e-05,-0.0002625,937.531
0,4261150,24,phononTS,0.000965505,0.00044851,-0.00233474,-0.0002625,349.694,0.000382,1,0.000999526,-0.00300458,0.0002625,1156.56
0,4263205,3,phononTS,0.00133949,0.000820545,-0.00207542,-0.0002625,18.9056,0.000382,1,0.000999006,-0.00300412,0.0002625,785.438
0,4264031,26,phononTS,0.0011014,0.000997209,-0.00100351,0.0002625,167.536,0.000523304,1,0.00128846,-0.000931931,-0.0002625,603.718
0,4265013,7,phononTF,0.000484802,0.00100222,0.00100301,0.000262498,1289.42,0.000484802,1,0.00154847,0.00147038,-0.0002625,1553.74
0,4266020,30,phononTF,0.000656095,0.00127512,-0.00277159,-0.000262498,1352.89,0.000382,1,0.00199773,-0.00200379,0.0002625,1704.36
0,4266211,22,phononTS,0.000761907,0.00100368,-0.000998363,0.0002625,1763.24,0.00058519,1,0.000999423,-0.00147739,-0.0002625,2263.5
0,4269381,33,phononTS,0.00095679,0.000995613,-0.000997719,0.0002625,379.103,0.00095679,1,0.000920039,-0.000940472,-0.0002625,995.522
0,4269613,6,phononTS,0.000734707,0.00100306,-0.000999216,0.0002625,554.502,0.000734707,1,0.00108794,-0.0011514,-0.0002625,1332.98
0,4269993,3,phononTS,0.00094584,-0.000206999,-0.00108007,-0.0002625,58.643,0.000382,1,-0.000999013,-0.000998343,0.0002625,764.293
0,4270294,36,phononTS,0.000490135,0.000535731,-0.00105706,-0.000262498,248.631,0.000382,1,0.000999245,-0.000997259,0.0002625,520.946
0,4274637,15,phononTS,0.000642156,0.000938387,-0.000905333,-0.000262498,250.442,0.000382,1,0.000996077,-0.000995563,0.0002625,406.077
0,4277265,24,phononTF,0.00095648,0.000886805,-0.000909013,-0.0002625,1337.8,0.000764,1,0.000997943,-0.00100274,0.0002625,1663.26
0,4279018,9,phononTS,0.000782559,0.00110558,-0.00239045,-0.0002625,30.7563,0.000382,1,-0.00100089,-0.00100161,0.0002625,4877.77
0,4279629,14,phononTF,0.000707625,0.0010435,-0.00104911,-0.000262498,1170.49,0.000382,1,0.00100289,-0.00100056,0.0002625,1328.43
0,4279689,20,phononTF,0.000468459,-0.000842281,0.000803149,-0.000262498,2095.24,0.000382,1,-0.000995313,0.000997113,0.0002625,2267.9
0,4280363,19,phononTS,0.0006601,0.00100373,-0.000998326,0.000262498,1702.76,0.0006601,1,0.000822295,-0.00119937,-0.0002625,1934.86
0,4282849,9,phononTS,0.000494792,-0.0020699,-9.85938e-06,-0.000262498,2679.59,0.000382,1,-0.00199684,-4.05716e-06,0.0002625,2843.71
0,4283854,18,phononTS,0.00168198,0.00206889,-0.000989404,-0.000262498,1339.72,0.000764,1,0.000997963,-0.0009965,0.0002625,1775.12
0,4288684,7,phononTS,0.0016505,0.000469651,-0.00190723,-0.0002625,394.455,0.000382,1,-1.13282e-06,-0.00200252,0.0002625,916.098
0,4290110,10,phononTF,0.000618444,-0.000703619,0.00273602,-0.000262498,2021.92,0.000382,1,-0.00100318,0.00299543,0.0002625,2218.52
0,4292184,8,phononTF,0.000540519,0.00236107,-0.00234786,-0.0002625,1572.46,0.000382,1,0.00200214,-0.00200122,0.0002625,2005.12
0,4292184,5,phononTS,0.00178699,0.000665546,-0.00108841,0.000262498,136.512,0.000396027,1,0.000656062,-0.00102696,-0.0002625,298.359
0,4292993,18,phononL,0.00155791,0.000766334,-0.00216363,-0.0002625,417.689,0.000382,1,0.00100361,-0.00299818,0.0002625,796.901
0,4297577,11,phononTF,0.00274367,0.00100954,-0.000991961,0.000255005,83.5102,0.000764,1,0.00100209,-0.00099906,0.0002625,186.098
0,4297577,17,phononTF,0.000427666,0.00100209,-0.00099906,0.000262498,186.098,0.000427666,1,0.000918262,-0.000806392,-0.0002625,362.017
0,4297652,6,phononTF,0.00339355,-3.46848e-05,-0.00194373,-9.39026e-05,44.6039,0.001146,1,-4.83899e-06,-0.00200221,0.0002625,525.827
0,4300792,10,phononTS,0.000533828,7.68466e-05,-8.99758e-05,-0.000262498,964.103,0.000382,1,-1.91718e-06,-3.15043e-06,0.0002625,1118.21
0,4300792,5,phononTF,0.00160855,0.000625781,-0.00112297,0.000262498,42.5543,0.000883989,1,0.000562029,-0.00117872,-0.0002625,201.841
0,4303028,5,phononTS,0.00405561,0.00133741,-0.000924346,7.61256e-05,670.692,0.001146,1,0.00100141,-0.001003,0.0002625,1920.59
0,4303028,8,phononTS,0.0003903,0.00100141,-0.001003,0.000262498,1920.59,0.0003903,1,0.000911897,-0.000967348,-0.0002625,2078.51
0,4308365,9,phononTS,0.000896766,-1.89042e-06,-0.00200381,0.0002625,452.991,0.000896766,1,-0.000340981,-0.00220716,-0.0002625,1244.46
0,4309649,19,phononTS,0.000965347,0.000829375,-0.0019539,-0.000262498,397.582,0.000382,1,3.37249e-06,-0.00200085,0.0002625,768.597
0,4315048,22,phononTS,0.000740571,0.00307767,0.00110616,-0.0002625,2319.29,0.000382,1,0.00299589,0.0010031,0.0002625,2677.19
0,4317585,28,phononTS,0.000896163,-4.37408e-06,4.57085e-06,0.000262498,2000.35,0.000896163,1,3.23131e-05,-4.33477e-05,-0.0002625,2173.84
0,4322778,23,phononL,0.00070423,0.0024101,0.000968253,-0.0002625,1241.12,0.000382,1,0.00300133,0.000996593,0.0002625,1532.44
0,4323244,6,phononTS,0.000616606,0.00106148,-0.000980554,-0.000262498,885.224,0.000382,1,0.000995762,-0.000999631,0.0002625,1068.05
0,4323244,2,phononTF,0.0011243,0.000607193,-0.00110393,0.000262498,19.6384,0.000485945,1,0.000818233,-0.00128197,-0.0002625,196.732
0,4324495,15,phononTF,0.000738453,0.00204252,0.000608504,-0.0002625,3508.83,0.000382,1,0.00299916,0.00100395,0.0002625,5068.61
0,4324495,2,phononL,0.00281671,0.000590284,-0.000980818,0.000262498,78.5743,0.000620247,1,0.00101578,-0.0011824,-0.0002625,211.275
0,4325180,19,phononTS,0.000455314,6.60775e-05,0.00100154,-0.0002625,3975.92,0.000382,1,-0.000995417,0.000996862,0.0002625,4839.46
0,4325857,12,phononTS,0.000389649,-0.000188853,-0.000414394,-0.0002625,1549.33,0.000382,1,-4.17095e-06,-1.05484e-06,0.0002625,2381.42
0,4325989,6,phononTF,0.000669704,0.000725184,-0.00121339,-0.000262498,209.63,0.000382,1,0.000995382,-0.000998364,0.0002625,396.199
0,4328263,12,phononTS,0.00356465,0.000771356,-0.00101797,0.000117504,13.5628,0.000764,1,0.00100039,-0.00100344,0.0002625,146.478
0,4333641,8,phononTS,0.00148301,0.0020697,-0.001935,-0.0002625,4351.83,0.000382,1,0.00200438,-0.00199835,0.0002625,4663.34
0,4333767,7,phononTS,0.000673856,0.00212307,6.5653e-05,-0.0002625,902.726,0.000382,1,0.0020043,4.87996e-06,0.0002625,1267.55
0,4333767,5,phononTF,0.000387999,0.000629591,-0.0011272,0.000262498,2.15982,0.000387999,1,0.000542899,-0.00105013,-0.0002625,162.904
0,4334684,3,phononTF,0.00627757,0.000912583,-0.000919094,0.000183065,36.0321,0.000382,1,0.00100456,-0.00100203,0.0002625,285.014
0,4335638,10,phononTS,0.000663752,0.00192287,-7.18921e-05,-0.0002625,626.741,0.000382,1,0.00200121,3.9268e-06,0.0002625,1090.3
0,4336134,6,phononTS,0.00106665,0.00318815,-0.005,-0.000106802,285.72,0.000382,1,-0.000998943,0.00100183,0.0002625,4266.74
0,4341426,24,phononTS,0.000383517,0.00099727,-0.00299589,0.000262498,3620.98,0.000383517,1,0.00343071,-0.000825567,-0.0002625,4664.52
0,4342441,13,phononTF,0.000419504,0.00182574,-0.00205531,-0.0002625,2002.12,0.000382,1,0.00200052,-0.00199616,0.0002625,2347.13
0,4343101,3,phononTF,0.00168476,0.00200417,-0.00200469,0.0002625,4.97865,0.000853333,1,0.00182416,-0.0017988,-0.0002625,811.987
0,4344744,32,phononTS,0.000458932,-0.000371262,0.000747105,-0.0002625,4014.65,0.000382,1,0.0010018,0.00100178,0.0002625,5108.48
0,4349410,9,phononTS,0.000636815,-0.00038566,-0.00168567,-0.0002625,1545.78,0.000382,1,-0.00199693,-0.00200415,0.0002625,2900.94
0,4349410,4,phononTS,0.00264568,0.000558831,-0.00126577,0.000262498,381.43,0.000933155,1,0.000558322,-0.000916695,-0.0002625,619.375
0,4353938,12,phononTS,0.000509925,0.00100127,-0.00100406,0.0002625,1040.31,0.000509925,1,0.00107549,-0.000985383,-0.0002625,1350.91
0,4360207,25,phononTF,0.000426129,0.00112856,-0.000836669,-0.0002625,1133.39,0.000382,1,0.000998643,-0.00100273,0.0002625,1470.33
0,4365739,3,phononTS,0.000921928,0.00182157,-6.0765e-05,-0.0002625,61.656,0.000382,1,0.00299613,0.000996916,0.0002625,1314.36
0,4374974,5,phononTS,0.00142985,0.00107749,-0.000970751,-0.000262498,277.106,0.000382,1,0.000999501,-0.00100483,0.0002625,452.689
0,4379882,5,phononTS,0.0020891,0.000821033,-0.00104895,-0.0002625,14.4755,0.000382,1,0.000997601,-0.000998518,0.0002625,402.119
0,4386921,15,phononTF,0.000706871,0.000844784,-0.00114405,-0.0002625,1069.54,0.000382,1,0.00100106,-0.00100477,0.0002625,1407
0,4388220,4,phononTF,0.00140109,0.00239028,0.000434039,-0.0002625,381.429,0.000382,1,0.00299614,0.000997249,0.0002625,1262.62
0,4388220,9,phononTS,0.000770041,0.00299614,0.000997249,0.000262498,1262.62,0.000206945,1,0.00280889,0.00192426,-0.0002625,1645.11
0,4388894,43,phononL,0.000537765,0.00147294,-0.00163482,-0.0002625,2294.72,0.000382,1,4.03401e-06,-0.00199983,0.0002625,3377.97
0,4392389,17,phononTF,0.000989467,0.000761043,-0.0011418,-0.0002625,647.409,0.000382,1,0.00100171,-0.000999687,0.0002625,1020.22
0,4398165,14,phononL,0.000675286,0.000544145,-0.000832139,-0.000262498,478.353,0.000382,1,0.000995359,-0.000998958,0.0002625,611.872
0,4400240,11,phononTF,0.000559484,0.000734667,-0.00124445,-0.0002625,405.195,0.000382,1,0.00100043,-0.000996881,0.0002625,786.394
0,4401616,8,phononTS,0.000396885,0.00197783,-0.000922594,-0.000262498,946.881,0.000382,1,0.00200029,1.8034e-06,0.0002625,1337.15
0,4402240,9,phononTS,0.000560855,0.00100438,-0.000998111,0.0002625,433.38,0.000560855,1,0.0010752,-0.00107411,-0.0002625,954.623
0,4402465,15,phononTF,0.00181,-0.000575881,-0.0016027,-0.0002625,1388.51,0.000764,1,-0.000996089,-0.00100119,0.0002625,1979.98
0,4402465,16,phononTS,0.000614144,-0.000996089,-0.00100119,0.000262498,1979.98,0.000614144,1,-0.00106365,-0.000713604,-0.0002625,2211.86
0,4403797,8,phononTS,0.00050809,9.46832e-05,-0.0024647,-0.000262498,1278.36,0.000382,1,-6.33527e-07,-0.002002,0.0002625,1537.12
0,4410965,3,phononTS,0.000460649,0.000998927,-0.000999858,0.0002625,34.1441,0.000460649,1,0.0011731,-0.000966669,-0.0002625,614.878
0,4410965,2,phononTS,0.000640668,0.000650585,-0.00106624,0.000262498,34.1441,0.000640668,1,-0.00109019,-0.00258114,-0.0002625,831.814
0,4414219,38,phononTF,0.000607187,0.00201602,-0.000220955,-0.0002625,2061.67,0.000382,1,0.00200278,2.36779e-06,0.0002625,2424.22
0,4415438,9,phononTS,0.00049065,-0.00200124,1.69558e-06,0.000262498,2885.89,0.00049065,1,-0.00200956,-0.000464965,-0.0002625,3146.87
0,4416677,2,phononTS,0.00392745,0.000816541,-0.00106527,-0.0002625,45.9605,0.001146,1,0.000999209,-0.000996321,0.0002625,436.068
0,4419805,8,phononTF,0.000796318,0.000315221,-0.0015744,-0.0002625,10.3298,0.000382,1,-1.69976e-06,-0.00199517,0.0002625,481.761
0,4422670,6,phononTS,0.000597365,0.000948809,-0.000913323,-0.0002625,1128.86,0.000382,1,0.0010025,-0.00099993,0.0002625,1441.33
0,4422670,5,phononTF,0.000454626,0.000895115,-0.000826716,0.000262498,1128.86,0.000454626,1,0.00154834,0.000302546,-0.0002625,1580.17
0,4440474,18,phononTS,0.000663207,0.00108196,1.63254e-05,-0.0002625,1730.67,0.000382,1,0.000995016,0.000998547,0.0002625,2536.96
0,4441257,10,phononTS,0.000742654,0.000998964,0.00100082,0.000262498,1441.62,0.000742654,1,0.000960303,0.000473506,-0.0002625,1717.85
0,4446328,7,phononTS,0.000974412,0.000689111,-0.00122252,-0.000262498,174.363,0.000382,1,-4.15046e-06,-3.59249e-06,0.0002625,711.637
0,4457968,12,phononTF,0.000845566,0.000935737,-0.00107185,-0.000262498,586.72,0.000382,1,0.000998618,-0.000997309,0.0002625,746.239
0,4458266,6,phononTS,0.000402446,0.00076353,-0.00105406,-0.0002625,524.793,0.000382,1,0.000997294,-0.00100121,0.0002625,938.786
0,4461742,12,phononTS,0.000611674,0.000801357,-0.00116957,-0.000262498,335.861,0.000382,1,0.000997631,-0.00100221,0.0002625,564.562
0,4461742,4,phononTS,0.000440239,0.000767452,-0.00121634,0.000262498,174.277,0.000440239,1,0.000778103,-0.00124918,-0.0002625,342.703
0,4467330,15,phononTF,0.00166863,-0.005,-0.000772724,0.000215164,2468.57,0.000718221,1,-0.00454717,-0.0013002,-0.0002625,5084.67
0,4470774,21,phononTF,0.000452015,0.000884254,-0.00109275,-0.0002625,1082.15,0.000382,1,0.00100081,-0.000998284,0.0002625,1407.98
0,4472935,6,phononTS,0.00166466,0.000811584,-0.00105914,-0.0002625,32.9342,0.000382,1,0.00100348,-0.000995195,0.0002625,426.282
0,4475468,15,phononTF,0.000541294,0.000256076,-0.00021947,-0.000262498,1325.4,0.000382,1,4.30929e-06,1.41198e-06,0.0002625,1511.84
0,4478659,24,phononTS,0.000797073,0.00157364,6.58818e-05,-0.000262498,4420.85,0.000382,1,0.00199838,-8.95543e-07,0.0002625,4671.64
0,4478812,13,phononL,0.000489768,0.00138515,-0.000569207,-0.0002625,1572.45,0.000382,1,0.00100421,-0.00100205,0.0002625,1867.2
0,4481905,31,phononTF,0.000507615,-0.0020042,-0.00199571,0.000262498,3292.09,0.000507615,1,-0.00232399,-0.00229916,-0.0002625,3499.18
0,4487541,29,phononTF,0.000396132,0.000997251,0.00100407,0.0002625,8454.76,0.000396132,1,0.000954995,0.000971462,-0.0002625,8928.41
0,4487541,20,phononL,0.000822372,0.00185642,-0.00215348,0.000262498,3892.43,0.000386719,1,0.00100526,-0.00170721,-0.0002625,4103.6
0,4488753,23,phononTF,0.000382263,0.00248135,-0.000538108,-0.0002625,1113.53,0.000382,1,0.00200478,1.73878e-06,0.0002625,1592.37
0,4489506,6,phononL,0.000710048,-0.000260005,-0.00236181,-0.0002625,1231.12,0.000382,1,-4.78621e-06,-0.00200457,0.0002625,1490.54
0,4489506,3,phononTS,0.00237619,0.000590445,-0.00111767,0.000262498,180.053,0.000511507,1,0.000599011,-0.00133904,-0.0002625,388.545
0,4491949,14,phononTF,0.000879562,-0.000999087,0.00100257,0.0002625,1824.6,0.000329129,1,-0.000931015,0.000924577,-0.0002625,2144.45
0,4495164,24,phononTF,0.000579501,0.00216048,0.00181348,-0.000262498,1807.29,0.000382,1,0.00199557,0.0019977,0.0002625,1981.16
0,4498451,3,phononTS,0.00429579,0.00171554,0.000423108,7.83838e-05,15.3654,0.0024639,1,0.00166842,0.000266766,-0.0002625,1624.85
0,4502397,12,phononL,0.000741661,-0.00132258,-0.000744651,-0.000262498,2776.07,0.000382,1,-0.00099946,-0.000996888,0.0002625,2902.91
0,4502397,8,phononTF,0.00119831,0.000734098,-0.00120278,0.000262498,341.751,0.000224109,1,0.000984394,-0.000910821,-0.0002625,536.094
0,4503017,16,phononTS,0.000590677,0.0010792,-0.000927905,-0.0002625,510.875,0.000382,1,0.0010045,-0.00100473,0.0002625,820.098
0,4506371,8,phononTS,0.0012866,0.00199718,0.00199578,0.0002625,2759.91,0.000761312,1,0.00224639,0.00207724,-0.0002625,3436.61
0,4508028,6,phononL,0.000512636,-0.00191471,-0.000879711,-0.0002625,2414.59,0.000382,1,-0.00200061,-2.10238e-06,0.0002625,2792.42
0,4508028,3,phononTF,0.000736112,0.000692618,-0.00122663,0.000262498,53.9292,0.000595359,1,0.00069019,-0.00122852,-0.0002625,210.769
0,4519883,4,phononTF,0.000508332,0.00085462,-0.00102483,-0.0002625,211.669,0.000382,1,0.00100086,-0.00100234,0.0002625,547.255
0,4519953,2,phononTS,0.00292552,0.00127388,-0.00124761,-0.000142625,201.683,0.000382,1,1.45574e-06,7.47824e-07,0.0002625,1001.42
0,4521079,17,phononTS,0.000554538,-0.000996094,-0.000997205,0.000262498,2406.15,0.000554538,1,-0.000962004,-0.000974236,-0.0002625,2576.22
0,4521079,12,phononTS,0.000760479,0.000437857,-0.00108312,0.000262498,301.342,0.000462019,1,0.000317445,-0.00118892,-0.0002625,506.039
0,4521079,2,phononTF,0.00293213,0.000582183,-0.00111863,0.000262498,110.235,0.00146011,1,0.000448133,-0.00128897,-0.0002625,279.376
0,4522198,12,phononTF,0.000685071,0.00164636,-0.00161403,-0.0002625,924.342,0.000382,1,0.00200449,-0.00200389,0.0002625,1591.63
0,4535866,3,phononTS,0.00106275,0.000964711,-0.00102503,-0.0002625,8.35022,0.000382,1,0.000998962,-0.000995036,0.0002625,419.027
0,4540378,25,phononTS,0.000430255,-0.00179676,-0.00102929,-0.0002625,2899.31,0.000382,1,-0.00200494,-2.20162e-07,0.0002625,3722.13
0,4541111,8,phononTS,0.000826599,0.000914208,-0.00306099,-0.000262498,1491.91,0.000382,1,0.000999035,-0.00300352,0.0002625,1662.92
0,4541111,4,phononTS,0.00650617,0.00045723,-0.00144975,-0.000140065,37.5903,0.0031511,1,0.000466614,-0.00145447,-0.0002625,342.831
0,4544843,6,phononTF,0.00145603,0.00116666,-0.00113038,-0.0002625,770.75,0.000764,1,0.000995412,-0.000995104,0.0002625,1448.01
0,4546694,15,phononTS,0.000405267,-0.00111949,0.000771437,-0.0002625,1369.55,0.000382,1,-0.00199525,0.00200483,0.0002625,2090.75
0,4552276,2,phononTF,0.00723342,0.00122847,-0.00107891,-0.000201073,61.2577,0.00477173,1,0.00126093,-0.00105181,-0.0002625,1186.41
0,4560382,16,phononTS,0.0014513,0.00199781,-3.17805e-06,0.000262498,455.187,0.000644827,1,-0.00194685,-0.00365351,-0.0002625,2305.64
0,4562070,11,phononTS,0.000646246,-0.0014362,-0.00233662,-0.0002625,1083.12,0.000382,1,-0.002996,-0.0010016,0.0002625,2636.26
0,4563942,18,phononTS,0.000602674,0.000157854,-0.00107559,-0.000262498,3961.73,0.000382,1,0.000999504,-0.000998896,0.0002625,4338.8
0,4569409,10,phononTF,0.00310207,0.000917287,-0.0009054,-0.000262498,331.443,0.000382,1,0.00100202,-0.00099804,0.0002625,492.678
0,4571252,28,phononTS,0.000682258,0.000954825,-0.000864235,-0.0002625,1370.21,0.000382,1,0.000999624,-0.00100091,0.0002625,1742.36
0,4571757,3,phononL,0.0055812,0.000876365,-0.000900572,0.000197201,0.405679,0.000764,1,0.00100259,-0.0010035,0.0002625,147.93
0,4574222,11,phononL,0.000943683,0.00114769,0.000492856,-0.0002625,876.993,0.000382,1,0.000997578,0.00100156,0.0002625,1432.82
0,4574947,17,phononTS,0.000428629,-0.000996285,0.00100423,0.000262498,10077.6,0.000428629,1,-0.00107357,0.00100106,-0.0002625,10259.5
0,4577107,19,phononTS,0.00042162,-0.000996367,0.000996346,0.000262498,3361.04,0.00042162,1,-0.000595743,0.000907767,-0.0002625,3621.59
0,4577315,34,phononTF,0.000725823,3.41972e-06,-0.00200297,0.0002625,1212.88,0.000725823,1,0.000161768,-0.00220349,-0.0002625,1734
0,4578864,3,phononTS,0.0037281,0.00139258,-0.00193736,-0.000189799,181.32,0.001528,1,0.00200393,-0.00200331,0.0002625,879.943
0,4579563,9,phononTS,0.000541192,0.00100145,-0.000997639,0.0002625,550.107,0.000541192,1,0.00105816,-0.00127941,-0.0002625,1466.9
0,4585289,17,phononTS,0.000756427,-0.00100041,-0.00100135,0.0002625,3020.84,0.000756427,1,-0.00102233,-0.00103183,-0.0002625,3490.54
0,4587219,5,phononTS,0.00559691,0.000996003,-0.000996189,0.00026239,160.643,0.000764,1,0.000995993,-0.000996161,0.0002625,496.329
0,4588465,7,phononTS,0.00257194,-0.000680488,0.00043463,-0.0002625,3.30002,0.000764,1,-0.00199595,0.00199556,0.0002625,1548.77
0,4590194,12,phononL,0.00159411,-0.000391848,-0.0019494,-0.0002625,1705.76,0.000764,1,4.24043e-06,-0.0020001,0.0002625,2136.95
0,4590392,4,phononTS,0.000828317,0.000815708,-0.00106347,-0.0002625,9.08079,0.000382,1,0.000996118,-0.000996848,0.0002625,397.605
0,4590392,3,phononTS,0.000704528,0.0006353,-0.00113009,0.000262498,9.08079,0.000704528,1,0.000737046,-0.000503997,-0.0002625,310.25
0,4593179,19,phononTF,0.000601502,-0.00233934,-0.00165459,-0.000262498,2360.7,0.000382,1,-0.00199944,-0.00200044,0.0002625,2578.68
0,4596813,11,phononTF,0.000523232,-0.000525834,-0.000588043,-0.000262498,934.097,0.000382,1,4.2303e-08,-2.0275e-06,0.0002625,1216.59
0,4597643,20,phononL,0.000476039,0.000243018,-0.00184343,-0.0002625,330.921,0.000382,1,-8.4148e-07,-0.00199647,0.0002625,565.896
0,4598881,20,phononL,0.00054925,0.00151844,0.000859044,-0.0002625,3126.77,0.000382,1,0.00299868,0.00100276,0.0002625,4370.46
0,4599720,29,phononTF,0.000558371,-0.00217539,0.00215855,-0.0002625,19454.4,0.000382,1,-0.00200353,0.00200466,0.0002625,19802.2
0,4602169,6,phononTF,0.00169134,0.000107099,-0.00186542,-0.0002625,127.744,0.000382,1,-3.3158e-06,-0.00200353,0.0002625,1118.8
0,4604313,4,phononTF,0.00224377,0.00166027,-0.000276287,-0.0002625,50.1788,0.000382,1,0.0020049,3.16076e-06,0.0002625,865.699
0,4606462,35,phononTF,0.000421468,-0.000602151,-0.00156718,-0.0002625,5399.04,0.000382,1,-4.06704e-06,-0.00200312,0.0002625,5976.97
0,4606799,38,phononTS,0.000530231,-0.0019297,6.23546e-05,-0.000262498,1552.28,0.000382,1,-0.00200123,-2.92845e-07,0.0002625,1724.58
0,4618718,9,phononTS,0.000693026,0.00100879,-0.00107493,-0.000262498,254.169,0.000382,1,0.00100233,-0.000997997,0.0002625,417.784
0,4619866,8,phononTS,0.000646078,0.000914154,-0.00105049,-0.0002625,374.546,0.000382,1,0.00100211,-0.0010008,0.0002625,687.637
0,4621744,21,phononTS,0.000441668,0.000906927,-0.000931934,-0.0002625,412.557,0.000382,1,0.000996653,-0.00100208,0.0002625,721.74
0,4621834,17,phononTS,0.000947915,0.00106496,-0.000912772,-0.0002625,1317.33,0.000382,1,0.0010044,-0.00099539,0.0002625,1708.92
0,4622174,10,phononTF,0.00046323,0.000991422,-0.00102107,-0.0002625,397.104,0.000382,1,0.0010025,-0.000999452,0.0002625,721.989
0,4622463,7,phononTF,0.00161658,0.000635468,-0.00130342,-0.0002625,123.453,0.000382,1,0.000998708,-0.000998197,0.0002625,497.488
0,4622463,9,phononTF,0.00111545,0.000998708,-0.000998197,0.000262498,497.488,0.000466075,1,0.00151123,-0.000529682,-0.0002625,758.39
0,4625192,21,phononTF,0.000384591,0.000790835,-0.00138199,-0.0002625,29.8046,0.000382,1,0.00100235,-0.000999797,0.0002625,429.5
0,4627623,26,phononTS,0.000581795,0.000999612,0.000996609,0.0002625,2968.84,0.000436037,1,0.00100778,0.00103929,-0.0002625,3281.6
0,4629183,3,phononL,0.00537129,0.000987839,-0.00117631,0.000196192,13.7097,0.000764,1,0.00100062,-0.000996172,0.0002625,263.405
0,4629340,3,phononTS,0.0040056,0.001002,-0.00099686,0.000259013,166.339,0.000382,1,0.00100328,-0.00100151,0.0002625,2038.39
0,4632049,10,phononTS,0.000385958,0.00185958,-0.000750541,-0.0002625,932.866,0.000382,1,0.00100396,-0.0010004,0.0002625,1537.3
0,4632049,8,phononTF,0.000887285,0.000565377,-0.00122249,0.000262498,221.91,0.000438767,1,0.000679486,-0.00131162,-0.0002625,384.336
0,4632539,20,phononTF,0.000476509,0.00114233,-0.00315499,-0.0002625,3488.15,0.000382,1,0.000996032,-0.00300068,0.0002625,3826.53
0,4634213,30,phononTS,0.000437267,-0.000179696,-0.00113637,-0.0002625,299.129,0.000382,1,-0.000997609,-0.0010039,0.0002625,1004.92
0,4634213,29,phononTS,0.00407438,0.00214952,-0.00133892,-0.000203178,299.129,0.000476769,1,0.00307657,-0.00201925,-0.0002625,1755.17
0,4635793,6,phononTS,0.00157932,0.00200365,2.13095e-06,0.0002625,294.934,0.000422327,1,0.00306187,0.00095752,-0.0002625,1449.69
0,4636767,14,phononTF,0.000789231,0.00192212,0.000120787,-0.0002625,1401.79,0.000382,1,0.00200417,-9.11554e-08,0.0002625,1836.04
0,4642182,8,phononTS,0.00192306,0.0017153,0.000748174,-0.0002625,563.922,0.000764,1,0.00199839,0.00199915,0.0002625,1592.61
0,4644381,19,phononTS,0.000541073,0.00123532,0.00149833,-0.0002625,5606.06,0.000382,1,3.45116e-06,1.19759e-06,0.0002625,6971.65
0,4644688,5,phononTS,0.00330629,0.000877159,-0.00107805,-0.0002625,177.036,0.000382,1,0.000997888,-0.00099766,0.0002625,541.457
0,4644688,13,phononTS,0.000919545,0.000997888,-0.00099766,0.000262498,541.457,0.000280373,1,0.000959474,-0.000972485,-0.0002625,697.873
0,4647611,19,phononTS,0.0005125,0.00100051,-0.001001,0.000262498,843.458,0.0005125,1,0.00159344,-0.000936855,-0.0002625,1138.09
0,4649122,6,phononTS,0.000684968,0.0010258,-0.0010595,-0.000262498,258.307,0.000382,1,0.00100152,-0.0010027,0.0002625,415.154
0,4649353,4,phononTS,0.000861749,0.00160067,-0.0032985,-0.0002625,27.6541,0.000382,1,0.00099742,-0.0030021,0.0002625,1230.93
0,4650246,12,phononTS,0.000619852,0.000941801,-0.00244519,-0.0002625,194.934,0.000382,1,0.0010009,-0.00300265,0.0002625,1016.34
0,4650408,12,phononTS,0.000701495,0.0012763,-0.00304526,-0.000262498,1103.66,0.000382,1,0.0010006,-0.00299968,0.0002625,1320.49
0,4650651,7,phononTS,0.000540368,0.000637868,-0.00195306,-0.0002625,495.034,0.000382,1,1.39229e-06,-0.00199951,0.0002625,1110.24
0,4654474,8,phononTS,0.000520532,0.00097735,-0.000917418,-0.000262498,302.813,0.000382,1,0.0010011,-0.000996984,0.0002625,462.725
0,4664895,5,phononL,0.00478157,0.000945916,-0.00102658,-3.29821e-05,19.3551,0.001146,1,0.00100494,-0.00100199,0.0002625,232.338
0,4666417,11,phononTS,0.000446369,3.71636e-05,-0.00196905,-0.0002625,773.411,0.000382,1,3.51204e-06,-0.00200162,0.0002625,1099.61
0,4667509,4,phononTS,0.00523329,0.000995977,-0.00114344,0.000170059,1257.66,0.000764,1,0.00100391,-0.00099673,0.0002625,1375.18
0,4668739,12,phononTS,0.000430279,0.00299882,0.00100024,0.0002625,3859.91,0.000430279,1,0.00304049,0.00122266,-0.0002625,4470.35
0,4669456,33,phononTS,0.00100279,0.00104798,-0.00301825,-0.000262498,3452.42,0.000382,1,0.000997448,-0.00299997,0.0002625,3608.59
0,4669456,34,phononTF,0.000537904,0.000997448,-0.00299997,0.000262498,3608.59,0.000537904,1,0.000287817,-0.00228815,-0.0002625,3947.35
0,4672795,15,phononTF,0.000444016,0.000212848,-0.000209133,-0.0002625,345.411,0.000382,1,4.67562e-06,-5.15197e-07,0.0002625,1064.85
0,4672795,14,phononTS,0.00103141,0.000837363,-0.000834986,0.000262498,345.411,0.000835761,1,0.000769454,-0.000827318,-0.0002625,507.357
0,4676512,24,phononTS,0.000439535,0.000999988,-0.000913848,-0.000262498,573.72,0.000382,1,0.000998763,-0.00099901,0.0002625,736.076
0,4678199,22,phononTS,0.000421096,0.0018065,-0.00309771,-0.0002625,7741.11,0.000382,1,0.00100441,-0.00299999,0.0002625,10730.9
0,4686486,42,phononTF,0.000395453,-0.00217629,0.000226711,-0.000262498,2845.67,0.000382,1,-0.00200281,2.0824e-06,0.0002625,3029.61
0,4690782,11,phononTF,0.00059969,0.000339854,-0.000349589,-0.000262498,327.62,0.000382,1,7.93441e-07,4.63261e-07,0.0002625,544.636
0,4691704,16,phononTS,0.00052421,-3.78447e-06,-0.00200434,0.000262498,1677.52,0.00052421,1,5.3454e-05,-0.00194491,-0.0002625,1833.1
0,4692141,31,phononTS,0.000694209,0.00100196,-0.00100142,0.0002625,1992.22,0.000694209,1,0.00108139,-0.000725636,-0.0002625,2420.95
0,4692569,8,phononTS,0.000672996,0.00100224,-0.00100005,0.0002625,513.869,0.000672996,1,0.000973747,-0.00102214,-0.0002625,1013.99
0,4693268,11,phononTS,0.000461565,0.00100432,-0.00100152,0.000262498,817.395,0.000461565,1,0.00107658,-0.00106332,-0.0002625,972.415
0,4696223,17,phononTS,0.000428926,0.00274362,-0.00197162,-0.000262498,3698.05,0.000382,1,0.00200098,-0.00199902,0.0002625,4031.42
0,4696223,2,phononTS,0.00246457,0.000620465,-0.00113898,0.000239275,10.9868,0.000882878,1,0.000336045,-0.00108014,-0.0002625,230.859
0,4696782,7,phononTF,0.00102753,0.000962092,-0.0011587,-0.000262498,870.76,0.000764,1,0.00100127,-0.000999455,0.0002625,1040.59
0,4702679,10,phononTF,0.00049849,0.00123401,-0.00119007,-0.000262498,514.993,0.000382,1,0.00100095,-0.000999897,0.0002625,695.163
0,4705485,6,phononTS,0.00213145,0.00103461,-0.00237908,-0.0002625,6.58763,0.000764,1,0.000998743,-0.00299885,0.0002625,845.375
0,4709729,18,phononTS,0.000898198,0.000886071,-0.00138201,-0.0002625,1418.68,0.000764,1,2.74784e-06,-0.00200337,0.0002625,2354.07
0,4710774,26,phononTF,0.000957239,0.00193514,8.14289e-05,-0.000262498,1335.24,0.000382,1,0.00200325,2.03038e-06,0.0002625,1495.11
0,4717325,21,phononTS,0.000428169,-0.000831716,0.000930955,-0.000262498,2392.26,0.000382,1,-0.00100289,0.00100472,0.0002625,2584.67
0,4718310,20,phononTS,0.000635165,0.000998116,0.00100285,0.000262498,2278.94,0.000371839,1,0.00103542,0.00108707,-0.0002625,2436.85
0,4721519,15,phononTF,0.000914618,0.00199947,3.75592e-06,0.000262498,2164.86,0.000632032,1,0.0025665,0.000566556,-0.0002625,2450.44
0,4724237,9,phononTS,0.000542878,0.000576172,-0.00120994,-0.000262498,167.504,0.000382,1,0.000997728,-0.00300381,0.0002625,919.561
0,4727788,10,phononTS,0.000479834,0.0010169,-0.00107503,-0.000262498,2165.64,0.000382,1,0.0010017,-0.000998275,0.0002625,2320.82
0,4731772,25,phononTF,0.00124308,0.00129452,-0.000806853,-0.000262498,808.947,0.000382,1,0.000995485,-0.000997401,0.0002625,1009.7
0,4732949,4,phononTS,0.00146746,0.00391298,-0.000534819,-0.0002625,13.6054,0.000382,1,0.00100385,-0.00299923,0.0002625,3837.09
0,4738106,10,phononL,0.000753468,0.00115928,-0.000245837,-0.000262498,715.585,0.000382,1,0.00100353,-0.000997395,0.0002625,887.51
0,4739970,17,phononTF,0.00051548,0.00130742,0.000633494,-0.0002625,900.477,0.000382,1,0.00199841,-3.60546e-06,0.0002625,1468.01
0,4743001,12,phononTS,0.000454396,0.000999188,-0.000998258,0.0002625,2156.77,0.000454396,1,0.00107941,-0.000910102,-0.0002625,2464.7
0,4746547,7,phononTS,0.00144159,0.00091544,-0.000987171,-0.0002625,246.825,0.000764,1,0.000997595,-0.000996784,0.0002625,730.735
0,4746646,16,phononTF,0.00047828,0.00088357,-0.00110979,-0.0002625,1137.2,0.000382,1,0.000998588,-0.00100103,0.0002625,1475.44
0,4750044,3,phononTF,0.00573151,0.00091246,-0.000924093,0.000124587,410.792,0.000764,1,0.00099797,-0.00100102,0.0002625,636.177
0,4755790,20,phononTF,0.000594322,0.000999633,-0.000997293,0.0002625,12.2997,0.000594322,1,0.00119443,-0.000931907,-0.0002625,540.524
0,4755790,19,phononTF,0.00141569,0.000610041,-0.00112806,0.000262498,12.2997,0.00082961,1,0.00101276,-0.000747127,-0.0002625,242.76
0,4757441,21,phononTS,0.000383932,-0.000704594,-0.000611189,-0.0002625,554.682,0.000382,1,-0.000997096,-0.000995539,0.0002625,1133.58
0,4757441,2,phononTF,0.00388785,0.000686085,-0.00175473,-1.30194e-05,17.2094,0.00141684,1,0.000452939,-0.00197953,-0.0002625,373.271
0,4759289,14,phononTF,0.000817493,0.00142857,-0.00142254,-0.000262498,1031.05,0.000382,1,0.000998608,-0.000997404,0.0002625,1274.21
0,4764792,27,phononTS,0.000537601,0.00205863,7.70178e-05,-0.0002625,3437.06,0.000382,1,0.00199976,1.78368e-06,0.0002625,4976.64
0,4765589,4,phononTS,0.00052173,0.000831206,-0.00105299,-0.0002625,36.9687,0.000382,1,0.00100174,-0.0010035,0.0002625,447.587
0,4768827,2,phononTS,0.00394445,0.000968425,-0.00102532,8.70364e-06,53.3716,0.000382,1,0.00100005,-0.00100197,0.0002625,392.095
0,4774446,33,phononL,0.000937742,0.000848342,-0.0023538,-0.0002625,507.697,0.000382,1,0.000996387,-0.00300272,0.0002625,977.722
0,4776187,3,phononTF,0.00639095,0.00100151,-0.00100687,0.000252004,8.22513,0.000382,1,0.000995936,-0.00100173,0.0002625,377.776
0,4777971,18,phononTS,0.000403667,0.000963975,-0.00108922,-0.0002625,487.068,0.000382,1,0.00100299,-0.00100324,0.0002625,823.173
0,4782178,34,phononTF,0.00116229,0.000463757,-0.00145355,-0.000262498,2634.54,0.000764,1,-3.10033e-06,-0.0019996,0.0002625,2898.7
0,4782354,15,phononTF,0.00038716,-4.75566e-06,0.00199736,0.000262498,3543.99,0.00038716,1,-3.75372e-05,0.00195613,-0.0002625,3701.58
0,4782884,14,phononTF,0.000922268,0.00106301,-0.000992351,-0.000262498,373.086,0.000382,1,2.24736e-06,1.86274e-06,0.0002625,834.208
0,4782884,4,phononTS,0.00248091,0.000708867,-0.00105139,0.000262498,122.116,0.000535221,1,0.00019506,-0.00115034,-0.0002625,411.741
0,4784525,5,phononTF,0.00455862,0.000943129,-0.0010441,0.000178597,60.7093,0.001146,1,0.000995061,-0.00100182,0.0002625,197.301
0,4784525,9,phononTF,0.000633592,0.000995061,-0.00100182,0.000262498,197.301,0.000633592,1,0.0019005,-9.23969e-06,-0.0002625,626.987
0,4786086,5,phononTF,0.000405198,0.00093181,-0.00109067,-0.0002625,590.125,0.000382,1,0.00100435,-0.000998791,0.0002625,911.198
0,4786973,5,phononTS,0.000519346,0.00193393,-0.00162753,-0.0002625,140.173,0.000382,1,0.00200154,-0.00199679,0.0002625,941.37
0,4786973,4,phononTS,0.000655366,0.000577193,-0.00112175,0.000262498,140.173,0.000655366,1,-0.000156245,-0.000965731,-0.0002625,479.382
0,4789450,12,phononTF,0.00111308,-0.000789518,-0.000776861,-0.000262498,835.367,0.000382,1,-1.14114e-06,4.78493e-06,0.0002625,1202.22
0,4789530,7,phononTF,0.00103176,0.000786701,-0.000960286,-0.0002625,170.075,0.000382,1,0.00100249,-0.000995489,0.0002625,885.75
0,4789530,13,phononTS,0.000476289,0.00100249,-0.000995489,0.000262498,885.75,0.000476289,1,0.000942851,-0.00104643,-0.0002625,1041.41
0,4792185,23,phononTS,0.00204468,0.000689671,-0.000994184,-0.000262498,228.889,0.000764,1,0.00100409,-0.00100475,0.0002625,457.74
0,4796645,10,phononTF,0.000838479,0.00199519,-0.0019971,0.000262498,1065.04,0.000838479,1,0.00148804,-0.00152235,-0.0002625,1332.24
0,4797393,32,phononTS,0.000793949,-0.00100495,-0.00100339,0.000262498,1722.79,0.000793949,1,-0.00200511,-0.000996754,-0.0002625,2137.28
0,4802919,2,phononTS,0.00442469,0.00195007,4.73286e-05,0.000155446,13.0349,0.000382,1,0.00199941,-1.78344e-07,0.0002625,630.277
0,4802919,18,phononTF,0.00119633,0.00199941,-1.78344e-07,0.000262498,630.277,0.000244542,1,0.00173508,0.000212717,-0.0002625,816.046
0,4804342,2,phononTF,0.000994211,0.000931343,-0.000935978,-0.0002625,89.6765,0.000382,1,0.000999724,-0.00100209,0.0002625,432.28
0,4807983,12,phononTF,0.000524027,0.000770639,-0.00135808,-0.0002625,482.792,0.000382,1,0.00100401,-0.000999799,0.0002625,916.122
0,4816166,30,phononTS,0.000714705,0.000930989,-0.00108936,-0.000262498,1878.05,0.000382,1,0.000998497,-0.00100493,0.0002625,2033.19
0,4820287,14,phononTS,0.000411502,0.000701189,-0.000953794,-0.000262498,1029.24,0.000382,1,0.000997961,-0.000998357,0.0002625,1249.11
0,4820921,31,phononTF,0.00041953,0.00219942,0.000156294,-0.000262498,3510.05,0.000382,1,0.00200493,3.60247e-06,0.0002625,3682.7
0,4821053,9,phononTF,0.000836501,0.000782268,-0.0012247,-0.000262498,1176.86,0.000382,1,0.000997362,-0.00100394,0.0002625,1358.71
0,4821053,6,phononTF,0.00145284,0.000572125,-0.00129086,-0.000236406,594.571,0.000750115,1,0.000592173,-0.00127248,-0.0002625,621.281
0,4829322,38,phononTS,0.0006626,0.000791071,-0.00111598,-0.0002625,336.136,0.000382,1,0.00100355,-0.000996641,0.0002625,783.718
0,4832246,12,phononL,0.000607308,0.000620557,-0.000151507,-0.0002625,562.554,0.000382,1,4.45884e-06,-3.16332e-06,0.0002625,1121.02
0,4832433,13,phononTS,0.000664083,0.00100288,-0.000996062,0.000262498,533.934,0.000664083,1,0.00103855,-0.000801921,-0.0002625,731.555
0,4835007,26,phononTF,0.000546121,0.00121261,-0.00117543,-0.000262498,1814.5,0.000382,1,0.000999363,-0.000997824,0.0002625,1991.41
0,4835058,15,phononTF,0.00091338,0.000730153,-0.00123773,-0.000262498,481.407,0.000382,1,0.000998478,-0.000997447,0.0002625,672.39
0,4836240,5,phononTS,0.000478047,0.00094959,-0.00106421,-0.000262499,341.153,0.000382,1,0.00100004,-0.000997394,0.0002625,499.165
0,4842414,8,phononTF,0.000555064,0.00124207,-0.00128536,-0.000262498,210.343,0.000382,1,0.00100417,-0.00100349,0.0002625,401.336
0,4843593,17,phononTS,0.000584203,0.00204347,-0.00195624,-0.000262498,3051.28,0.000382,1,0.00200329,-0.00200036,0.0002625,3223.83
0,4844378,5,phononTS,0.00039155,0.00133573,-0.00156857,-0.0002625,67.1189,0.000382,1,0.00200432,-0.00199526,0.0002625,825.553
0,4844378,4,phononTS,0.00121759,0.000667137,-0.00114188,0.000262498,67.1189,0.000280897,1,0.000566607,-0.00117817,-0.0002625,249.316
0,4847846,27,phononTF,0.000755194,0.00195868,3.29887e-05,-0.0002625,3050.88,0.000382,1,0.00199583,-1.15496e-06,0.0002625,3372.72
0,4850042,4,phononTS,0.00631022,0.000982808,-0.00100991,0.000219682,81.1814,0.001528,1,0.001005,-0.00100355,0.0002625,210.513
0,4850353,6,phononTS,0.00180689,0.000682265,-0.00107494,-0.0002625,9.23194,0.000764,1,0.00099758,-0.00100328,0.0002625,388.133
0,4851043,11,phononTF,0.000526481,0.00129357,-0.00271517,-0.0002625,1178.38,0.000382,1,0.00100149,-0.00299619,0.0002625,2523.28
0,4855625,19,phononTF,0.000705055,0.000191452,-4.90507e-05,-0.0002625,290.858,0.000382,1,2.97639e-06,4.56116e-06,0.0002625,640.498
0,4857688,2,phononTS,0.00274015,-0.00227363,0.00128285,-8.36813e-05,131.507,0.000764,1,-0.00200039,0.00199942,0.0002625,3863.53
0,4858073,24,phononL,0.00149361,-7.61788e-05,0.00057276,-0.0002625,1393.65,0.000382,1,-1.61005e-06,7.30775e-07,0.0002625,2154.06
0,4858470,9,phononTS,0.00063378,-0.000214808,-0.00113741,-0.0002625,967.506,0.000382,1,-0.00100341,-0.00100496,0.0002625,1657.02
0,4858763,4,phononTS,0.000712304,0.000596233,-0.00112259,-0.0002625,414.499,0.000382,1,0.000999139,-0.000998914,0.0002625,946.167
0,4858763,2,phononTS,0.00398149,0.00053526,-0.0011275,0.000207522,19.8008,0.00195561,1,0.000505215,-0.00120317,-0.0002625,209.49
0,4859361,9,phononTF,0.000753497,0.000902355,-0.00108061,-0.000262498,234.243,0.000382,1,0.00100386,-0.00100152,0.0002625,395.506
0,4866771,33,phononTS,0.000834644,4.43655e-05,-0.0010857,-0.000262498,1057.15,0.000382,1,3.37466e-06,2.21956e-06,0.0002625,1499.94
0,4866782,16,phononTS,0.000428305,0.00108737,-0.00269122,-0.000262498,1613.74,0.000382,1,0.00100224,-0.00300492,0.0002625,1836.57
0,4866858,24,phononTS,0.000535907,0.000817438,-0.00298315,-0.000262498,1658.59,0.000382,1,0.00100005,-0.00300069,0.0002625,1854
0,4866858,2,phononTS,0.00465806,0.000638329,-0.00113353,0.000262498,4.48805,0.000191307,1,0.000720237,-0.00126072,-0.0002625,187.856
0,4867183,17,phononTF,0.000557309,0.00299557,0.00100153,0.0002625,1959.52,0.000557309,1,0.00305993,0.00107169,-0.0002625,2321.23
0,4868015,12,phononTS,0.000941951,-2.48237e-06,-0.00199773,0.0002625,811.789,0.000941951,1,8.90233e-05,-0.00206114,-0.0002625,1644.62
0,4881189,12,phononTF,0.00076793,0.000818036,-0.00110414,-0.0002625,173.725,0.000382,1,0.000997459,-0.00100465,0.0002625,521.413
0,4881189,11,phononTF,0.000769055,0.000638613,-0.00120364,0.000262498,173.725,0.000769055,1,-0.00429932,0.00365951,-0.0002625,2249.98
0,4882615,9,phononTS,0.000452319,9.53473e-05,-0.000582304,-0.0002625,447.795,0.000382,1,2.31965e-06,-4.56765e-06,0.0002625,1024.89
0,4886704,28,phononL,0.000635071,0.00109136,-0.00124464,-0.000262498,1395.79,0.000382,1,0.00100271,-0.00100495,0.0002625,1511.49
0,4886704,5,phononTS,0.000761086,0.000631111,-0.00107712,0.000262498,136.488,0.000601431,1,0.00093301,-0.00103898,-0.0002625,357.602
0,4888004,18,phononTS,0.000665394,0.00108727,-0.000930522,-0.0002625,1317.08,0.000382,1,0.00099868,-0.000995403,0.0002625,1627.29
0,4891298,19,phononTS,0.000462438,-0.000224635,-0.00147837,-0.0002625,695.585,0.000382,1,-0.00100368,-0.00099763,0.0002625,1505.31
0,4898565,21,phononTS,0.00124208,0.000994836,-0.00106654,-0.0002625,431.124,0.000382,1,0.00100268,-0.00100299,0.0002625,743.669
0,4900525,16,phononTS,0.00101203,-0.00146123,0.00301541,-0.0002625,2255.55,0.000382,1,-0.00199873,0.00200066,0.0002625,3168.73
0,4900766,16,phononTS,0.0029809,0.000411179,-0.00240886,0.000158206,795.217,0.000382,1,4.19702e-06,-0.0020023,0.0002625,1268.96
0,4903613,29,phononTS,0.00153716,0.000357042,-0.000689397,-0.0002625,434.045,0.000764,1,-1.13974e-06,-1.61177e-06,0.0002625,1177.76
0,4905323,31,phononTS,0.000957717,-0.00104367,-0.00101017,-0.0002625,1479.74,0.000382,1,-0.00100111,-0.000997652,0.0002625,2350.03
0,4908394,22,phononTS,0.00107807,-0.00191488,-0.00206188,-0.000262498,2586.67,0.000764,1,-0.00199879,-0.00200429,0.0002625,2757.74
0,4909208,3,phononL,0.0062205,0.000858313,-0.000819528,-0.000214172,49.1128,0.00338754,1,0.000792767,-0.000806972,-0.0002625,661.581
0,4916321,9,phononTS,0.000849983,0.000609339,-0.00117825,-0.0002625,3.02937,0.000382,1,0.000996495,-0.00100062,0.0002625,435.88
0,4916321,8,phononTS,0.00151243,0.000632555,-0.00112942,0.000262498,3.02937,0.000383559,1,0.00053995,-0.0010455,-0.0002625,180.014
0,4917652,11,phononTS,0.001156,0.000663298,-0.000929844,-0.000262498,217.495,0.000382,1,0.000997079,-0.00100129,0.0002625,445.836
0,4918009,5,phononTS,0.00134704,0.000813034,-0.00206568,-0.0002625,15.6873,0.000382,1,0.000997828,-0.00299528,0.0002625,782.346
0,4920009,13,phononTS,0.000437778,0.00111492,0.00196446,-0.0002625,4654.56,0.000382,1,8.01322e-07,0.00200467,0.0002625,5491.16
0,4926584,26,phononTS,0.000509388,0.00107261,-0.000878175,-0.0002625,394.477,0.000382,1,0.001003,-0.000997629,0.0002625,759.927
0,4928809,25,phononL,0.000785747,-0.0013853,-6.86109e-05,-0.0002625,1337.65,0.000382,1,-0.00200174,-2.87212e-06,0.0002625,1786.14
0,4928809,26,phononTS,0.000393001,-0.00200174,-2.87212e-06,0.000262498,1786.14,0.000393001,1,-0.00208806,1.73394e-05,-0.0002625,1946.03
0,4931785,21,phononTF,0.00070859,-0.00100462,0.000914726,-0.0002625,579.503,0.000382,1,-0.00200041,0.00200157,0.0002625,2444.34
0,4932121,8,phononTS,0.000894155,0.00129749,-0.00151555,-0.0002625,327.486,0.000382,1,0.00200309,-0.00199724,0.0002625,1124.01
0,4936104,2,phononTF,0.0031212,0.00200436,-0.000966136,3.7043e-05,27.4263,0.000986156,1,0.00181617,-0.000747344,-0.0002625,1159.17
0,4936528,8,phononTF,0.000652308,0.00152341,-0.00152404,-0.0002625,409.167,0.000382,1,0.00200026,-0.00199913,0.0002625,919.197
0,4936832,21,phononTF,0.000739764,0.000720267,-0.000708569,-0.000262498,871.961,0.000382,1,-3.64739e-06,3.42447e-06,0.0002625,1213.41
0,4937757,10,phononTF,0.00115615,0.000995319,-0.000999785,0.0002625,320.102,0.000385659,1,0.00120643,-0.00117141,-0.0002625,866.921
0,4946241,18,phononTF,0.000568539,0.00100219,-0.00300334,0.000262498,1147.35,0.000568539,1,0.00496869,-0.00442378,-0.0002625,2476.07
0,4946477,13,phononTF,0.000486609,-8.21399e-08,-0.00200042,0.000262498,1035.12,0.000486609,1,0.000738845,-0.00127778,-0.0002625,1381.38
0,4947802,26,phononTS,0.000679593,-8.2372e-05,0.00202048,-0.000262498,3866.36,0.000382,1,3.74061e-06,0.00199557,0.0002625,4032.29
0,4949829,14,phononTF,0.00113513,0.0004989,-0.000575446,-0.000262498,459.752,0.000382,1,1.74453e-06,3.43873e-07,0.0002625,734.308
0,4950690,25,phononTS,0.000485126,-7.60661e-05,-0.000126925,-0.0002625,509.605,0.000382,1,-6.08207e-07,4.50826e-06,0.0002625,878.385
0,4952407,16,phononTS,0.000547719,-0.00108205,-0.000894568,-0.0002625,3272.49,0.000382,1,-0.00100018,-0.000999476,0.0002625,3631.04
0,4954563,14,phononTF,0.00038417,0.00309238,0.000899393,-0.0002625,2458.71,0.000382,1,0.00300275,0.000996504,0.0002625,2782.12
0,4958494,25,phononTS,0.000639578,0.000972911,-0.000970783,-0.0002625,862.355,0.000382,1,0.000998282,-0.00100417,0.0002625,1203.32
0,4958494,2,phononTF,0.00147658,0.000754903,-0.00111827,0.000262498,144.62,0.000157431,1,0.000846945,-0.00101184,-0.0002625,307.071
0,4961433,15,phononTS,0.000448349,0.00102548,-0.000967437,-0.000262498,1490.22,0.000382,1,0.00100387,-0.00100127,0.0002625,1646.73
0,4965634,10,phononTS,0.000796917,0.0010213,-0.000926718,-0.000262498,486.3,0.000382,1,0.000999869,-0.00099993,0.0002625,652.149
0,4967895,2,phononTS,0.00624109,0.000979246,-0.00100395,0.000149035,140.227,0.001146,1,0.000995438,-0.00100457,0.0002625,315.665
0,4968353,18,phononTF,0.000398839,-0.000378578,-0.000327867,-0.0002625,4188.09,0.000382,1,1.44566e-06,3.07991e-06,0.0002625,4622.77
0,4968353,6,phononTS,0.000659269,0.000608799,-0.00120744,0.000262498,114.614,0.000659269,1,0.000597599,-0.00171528,-0.0002625,373.78
0,4968498,23,phononTS,0.000450475,0.000132184,-0.000737209,-0.0002625,432.63,0.000382,1,-0.00100367,-0.00100274,0.0002625,1390.98
0,4968498,5,phononTF,0.0012905,0.000651935,-0.00110428,0.000262498,22.8217,0.000689027,1,0.000478843,-0.000917387,-0.0002625,199.794
0,4969661,2,phononTS,0.00123816,0.000902569,-0.00106744,-0.0002625,27.7721,0.000764,1,0.000996322,-0.000999922,0.0002625,716.095
0,4982337,20,phononTS,0.000735502,0.00106758,-0.00108737,-0.000262498,1605.43,0.000382,1,0.000998504,-0.00099626,0.0002625,1760.05
0,4983059,10,phononTF,0.000599698,0.000714521,-0.00128958,-0.000262498,1514.95,0.000382,1,0.00100357,-0.00100159,0.0002625,1717.07
0,4985087,4,phononTS,0.00123023,0.000865373,-0.000928406,-0.0002625,1718.99,0.000382,1,0.000997187,-0.00100438,0.0002625,2122.94
0,4985398,8,phononTF,0.000540259,0.000780239,-0.00279101,-0.0002625,1640.7,0.000382,1,0.00100003,-0.0029955,0.0002625,2001.86
0,4986351,16,phononTS,0.00043834,-0.00110921,-0.000272268,-0.0002625,760.607,0.000382,1,-0.000997684,-0.000995195,0.0002625,1446.71
0,4993871,11,phononL,0.000601761,0.000824024,-0.00328434,-0.0002625,2450.91,0.000382,1,0.00100431,-0.00299977,0.0002625,2692.24
0,4994278,18,phononTS,0.00085514,0.000921639,-0.000961705,-0.000262498,883.135,0.000382,1,0.000999672,-0.000995248,0.0002625,1041.65
0,4998073,24,phononL,0.000563762,-0.00100024,0.000999816,0.000262498,1751.75,0.000563762,1,-0.00106597,0.00132832,-0.0002625,1872.03
0,5002737,26,phononTS,0.000468968,-0.000698256,-0.00206269,-0.000262498,1377.89,0.000382,1,-0.00199839,-0.00199954,0.0002625,1868.11
0,5004193,2,phononTF,0.00512104,4.59848e-06,-0.00199195,0.000259255,394.864,0.000382,1,-1.36834e-06,-0.00199607,0.0002625,1019.82
0,5010166,15,phononTF,0.000936937,-0.00200481,2.68115e-06,0.0002625,3937.67,0.000488828,1,-0.00166373,-0.0003258,-0.0002625,4370.09
0,5013086,31,phononTS,0.000472336,9.01507e-07,7.033e-05,-0.000262498,2374.38,0.000382,1,9.51797e-08,4.93353e-06,0.0002625,2548.02
0,5013086,2,phononTS,0.00136684,0.000613474,-0.00112289,0.000262498,9.49975,0.000376597,1,0.000340046,-0.00105761,-0.0002625,223.716
0,5014760,20,phononTS,0.000437518,3.50934e-06,1.47444e-06,0.0002625,1618.09,0.000437518,1,-0.000345401,-8.40977e-05,-0.0002625,2311.4
0,5015084,38,phononTS,0.00223192,-0.00278697,-0.00175996,-0.000262498,1835.47,0.000764,1,-0.00199949,-0.00200405,0.0002625,2195.85
0,5016316,7,phononTS,0.00114891,0.00207691,-0.00199196,-0.0002625,1614.55,0.000382,1,0.00200001,-0.00200014,0.0002625,2235.27
0,5019681,7,phononTF,0.000891576,0.00026541,-0.000212755,-0.000262499,558.567,0.000382,1,-1.05827e-06,1.87398e-06,0.0002625,744.808
0,5022583,15,phononTS,0.000485669,0.000952745,-0.000951194,-0.000262498,1287.43,0.000382,1,0.00100045,-0.0010023,0.0002625,1444.63
0,5023852,24,phononTS,0.000396192,0.000954581,0.00171161,-0.000262498,4322.44,0.000382,1,2.94326e-06,0.00200059,0.0002625,4745.3
0,5026575,10,phononTF,0.000385939,0.00100115,-0.0010026,0.0002625,16.2741,0.000385939,1,0.00117938,-0.000943019,-0.0002625,535.549
0,5026575,9,phononTF,0.000629981,0.000644678,-0.00112178,0.000262498,16.2741,0.000629981,1,0.000242978,-0.00145686,-0.0002625,236.281
0,5026575,8,phononTS,0.000696448,0.000644678,-0.00112178,0.000262498,16.2741,0.000112143,1,0.00128224,-0.000846227,-0.0002625,362.121
0,5033019,13,phononTS,0.000541098,0.000936034,-0.00103114,-0.000262498,4049.15,0.000382,1,0.00100085,-0.00100053,0.0002625,4209.42
0,5035084,6,phononTS,0.000463778,0.000796322,-0.00108292,-0.0002625,168.705,0.000382,1,0.000997041,-0.0010016,0.0002625,564.674
0,5036229,22,phononTF,0.000456588,0.000998396,-0.00100248,0.0002625,439.302,0.000456588,1,0.00108737,-0.00107739,-0.0002625,940.543
0,5036962,19,phononL,0.000527438,0.000640745,-0.00113261,-0.0002625,1518.93,0.000382,1,0.00100016,-0.000996049,0.0002625,1767.26
0,5038296,4,phononTS,0.00140693,0.00100412,-0.000995991,0.0002625,15.8232,0.000765422,1,0.00119162,-0.00092301,-0.0002625,602.415
0,5042336,2,phononTS,0.00162573,0.000855927,-0.000867217,6.64167e-05,22.2297,0.000382,1,-0.00200218,0.00199899,0.0002625,1431.97
0,5044943,4,phononTS,0.000456914,0.000822097,-0.00105882,-0.0002625,8.54446,0.000382,1,0.00100107,-0.000996083,0.0002625,396.663
0,5044943,3,phononTS,0.00185577,0.000643128,-0.00112155,0.000262498,8.54446,0.00185577,1,0.000716662,-0.00175545,-0.0002625,326.369
0,5046673,40,phononTS,0.000530302,0.000923286,-0.00108484,-0.000262498,4235.62,0.000382,1,0.000999709,-0.000995336,0.0002625,4389.76
0,5048552,14,phononTF,0.00126465,2.00578e-06,-0.00199999,0.000262498,1623.85,0.000525361,1,-0.000498786,-0.00251521,-0.0002625,1895.22
0,5048675,24,phononTS,0.000515154,0.00161383,-0.00165223,-0.0002625,956.539,0.000382,1,0.00200294,-0.00200151,0.0002625,1559.26
0,5048675,21,phononTS,0.0014794,0.000449685,-0.000727268,0.000262498,417.168,0.000956658,1,0.000422354,-0.000982412,-0.0002625,631.045
0,5053968,24,phononTS,0.000988856,1.37586e-06,-0.00200424,0.000262498,1395.35,0.000988856,1,2.07978e-05,-0.00191559,-0.0002625,1555.2
0,5057424,30,phononTS,0.00115968,0.000923072,-0.00291981,-0.0002625,1177.4,0.000382,1,0.00100206,-0.00299712,0.0002625,1486.27
0,5061434,4,phononTF,0.00245921,-6.75629e-05,-0.00187629,-0.00019437,682.533,0.000382,1,1.37784e-06,-0.0019961,0.0002625,1017.41
0,5062001,23,phononTS,0.000896269,-0.000924655,-0.00100161,-0.0002625,1650.78,0.000382,1,-0.00100106,-0.00100259,0.0002625,2340.69
0,5076529,14,phononTS,0.000549368,-0.000924812,-0.000913018,-0.0002625,1393.37,0.000382,1,-0.00100354,-0.00100074,0.0002625,1701.51
0,5077035,26,phononTS,0.00202648,0.000544828,-0.000227498,-0.000262498,487.934,0.000382,1,0.000995323,0.000995622,0.0002625,1004.67
0,5077093,10,phononTS,0.00152808,0.000633758,-0.00189198,-0.0002625,527.338,0.000764,1,3.99792e-06,-0.0019999,0.0002625,1130.87
0,5080453,18,phononTF,0.000525279,0.000861675,-0.00111892,-0.0002625,161.533,0.000382,1,0.00100179,-0.00100217,0.0002625,493.418
0,5080818,17,phononTS,0.000753888,3.04757e-06,-0.00200362,0.000262498,1125.57,0.000753888,1,1.56559e-05,-0.000801139,-0.0002625,1639.37
0,5085173,6,phononTS,0.00321013,0.000776477,-0.00106105,-0.000262498,594.44,0.000764,1,0.00099822,-0.000996299,0.0002625,797.356
0,5089124,41,phononTS,0.000466229,-0.00100959,0.0012382,-0.000262498,1266.83,0.000382,1,-0.00200366,-1.33321e-06,0.0002625,1839.88
0,5093411,6,phononTS,0.000441813,0.00218496,0.000780271,-0.000262498,937.28,0.000382,1,0.000997801,-0.00100278,0.0002625,1706.66
0,5095340,9,phononTS,0.000819107,0.000855802,-0.00107273,-0.0002625,211.974,0.000382,1,0.000998186,-0.0010015,0.0002625,585.191
0,5095869,2,phononTF,0.00578386,0.00109365,-0.00109862,0.0001352,214.518,0.001146,1,0.0010027,-0.00100318,0.0002625,498.673
0,5095869,13,phononTS,0.000443144,0.0010027,-0.00100318,0.000262498,498.673,0.000443144,1,0.000955679,-0.00100723,-0.0002625,654.959
0,5095869,12,phononTS,0.000399525,0.0010027,-0.00100318,0.000262498,498.673,0.000399525,1,0.00120249,0.000564693,-0.0002625,1156.98
0,5095869,11,phononTF,0.00134515,0.0010027,-0.00100318,0.000262498,498.673,0.000329584,1,0.000737135,-0.00102741,-0.0002625,689.163
0,5102909,7,phononTS,0.000901496,0.00106959,-0.00092412,-0.000262498,778.618,0.000382,1,0.000997431,-0.000997512,0.0002625,933.426
0,5104877,7,phononTF,0.000679444,3.79595e-06,-0.00182571,-0.000262498,1655.62,0.000382,1,-4.00562e-07,-0.00199849,0.0002625,1827.5
0,5104877,4,phononTF,0.00157711,0.000645237,-0.00110859,0.000262498,639.596,0.000503669,1,0.00384346,-0.00173591,-0.0002625,1700.78
0,5105804,21,phononTF,0.000729388,-0.00171059,0.00345668,-0.0002625,7319.78,0.000382,1,-0.00100316,0.00299676,0.0002625,7960.86
0,5106909,26,phononL,0.000449363,-0.00211608,0.00159041,-0.0002625,4031.78,0.000382,1,-0.00199934,0.00200067,0.0002625,4287.26
0,5107095,16,phononTS,0.000848159,0.000998536,-0.00100102,0.000262498,398.634,0.000119832,1,0.00131358,-5.54891e-05,-0.0002625,815.321
0,5109613,20,phononTS,0.000573379,0.00200141,-0.00199525,0.000262498,3319.01,0.000573379,1,0.00198443,-0.00230862,-0.0002625,3550.5
0,5109613,14,phononTS,0.000443172,0.00295819,-0.00249944,0.000262498,1369.75,0.000443172,1,0.00302018,-0.00267705,-0.0002625,1564.29
0,5109677,10,phononTS,0.0010827,0.00100061,-0.000996753,0.0002625,1949.6,0.0010827,1,0.000932463,-0.000997017,-0.0002625,2755.3
0,5115409,23,phononL,0.00084005,0.000815194,-0.00105202,-0.0002625,930.887,0.000382,1,0.00100327,-0.00100049,0.0002625,1157.12
0,5115793,3,phononTF,0.00334007,9.28452e-06,-0.00200971,0.000231106,279.193,0.001146,1,-2.00655e-07,-0.00200038,0.0002625,781.599
0,5117077,21,phononTS,0.000525583,0.000988555,-0.000830698,-0.000262498,487.262,0.000382,1,-0.00100177,0.003003,0.0002625,1988.52
0,5117077,2,phononTS,0.00297993,0.000609121,-0.0010357,0.000175124,160.087,0.0012461,1,0.00104999,-0.00100697,-0.0002625,393.341
0,5119818,6,phononTF,0.00179548,0.000786227,-0.00103119,-0.0002625,198.041,0.000382,1,0.00100009,-0.000998828,0.0002625,556.934
0,5121265,8,phononL,0.000615583,1.29182e-06,-3.078e-06,0.0002625,34.0451,6.5916e-05,1,-0.00030018,0.000557592,-0.0002625,499.547
0,5121874,26,phononTS,0.000446088,-0.0022125,0.00260935,-0.0002625,8422.5,0.000382,1,-0.00200168,0.00200408,0.0002625,9734.12
0,5124791,18,phononTS,0.00097688,0.00100126,-0.000997151,0.000262498,4035.87,0.00097688,1,0.00102418,-0.00142634,-0.0002625,4291.17
0,5125279,4,phononTF,0.00350651,0.0019936,-0.00199498,0.000188305,655.148,0.001146,1,0.00199672,-0.00199771,0.0002625,812.754
0,5125664,11,phononTF,0.000569006,0.00102388,-0.00102108,-0.0002625,889.536,0.000382,1,0.00100164,-0.000998353,0.0002625,1518.15
0,5125664,5,phononTS,0.000460292,0.00413158,-0.005,-1.40431e-05,145.981,0.000460292,1,0.005,-0.00366217,-1.36913e-05,2307.77
0,5125664,4,phononTF,0.00330409,0.000675579,-0.00122495,0.000262498,145.981,0.000678058,1,0.000483865,-0.00146114,-0.0002625,326.579
0,5127880,26,phononL,0.000745125,0.00136152,-0.00190448,-0.0002625,499.79,0.000382,1,0.000996102,-0.00100301,0.0002625,889.383
0,5129493,5,phononTS,0.0021823,0.000996482,-0.00100023,0.0002625,1.35692,0.000188965,1,0.00108711,-0.000967972,-0.0002625,792.59
0,5131361,22,phononTF,0.000434646,0.00231993,-0.00172619,-0.0002625,1732.14,0.000382,1,0.00200354,-0.00199535,0.0002625,2131.49
0,5131361,3,phononTF,0.00252669,0.000632064,-0.00112775,0.000262498,0.945263,0.000954259,1,0.000266878,-0.000801425,-0.0002625,214.961
0,5132851,2,phononTS,0.0048117,-0.00100155,-0.000988759,0.000109071,18.87,0.000382,1,-0.00100353,-0.00100339,0.0002625,1326.07
0,5133804,17,phononL,0.00142519,-0.000262821,-0.00111292,-0.0002625,656.498,0.000382,1,-0.00100012,-0.00100145,0.0002625,992.296
0,5134067,11,phononTS,0.00272007,0.00107567,-0.000923611,-0.000262498,789.968,0.000382,1,0.000996533,-0.00100019,0.0002625,944.43
0,5134299,12,phononTS,0.000577574,0.00107165,-0.000934462,-0.000262498,909.476,0.000382,1,0.00100313,-0.00099625,0.0002625,1064.66
0,5134956,22,phononL,0.000493376,-0.000982495,0.000126781,-0.0002625,580.997,0.000382,1,-0.000997108,0.00100059,0.0002625,955.281
0,5135762,16,phononTS,0.000956444,8.22598e-06,-7.36407e-05,-0.0002625,1272.83,0.000382,1,-4.9622e-06,2.13145e-06,0.0002625,1677.01
0,5138206,2,phononTS,0.00159015,0.00192716,-0.00197036,-0.0002625,14.2326,0.000382,1,0.00200303,-0.00199712,0.0002625,1267.86
0,5144139,2,phononTS,0.0012371,4.0678e-07,-4.72898e-06,0.0002625,52.3458,0.000275799,1,9.0922e-05,4.53808e-05,-0.0002625,852.743
0,5144139,27,phononTF,0.000681607,0.00135706,0.000734973,-0.0002625,1142.43,0.000382,1,0.00200164,4.60347e-06,0.0002625,2008.65
0,5150721,21,phononTS,0.00110585,0.00108252,-0.00104716,-0.0002625,1540.4,0.000382,1,0.000996383,-0.00100065,0.0002625,1854.14
0,5154723,9,phononTS,0.00108663,0.00108407,-0.00229244,-0.0002625,1511.81,0.000382,1,0.00200273,-0.00200057,0.0002625,2324.48
0,5155633,8,phononTS,0.000428486,0.00118637,-0.000964275,-0.000262498,1579.19,0.000382,1,0.00100477,-0.000996237,0.0002625,1784.32
0,5156588,14,phononTS,0.00432489,-0.00100808,-0.0010165,0.00024035,202.358,0.000382,1,-0.000996436,-0.00100277,0.0002625,988.012
0,5156588,16,phononTF,0.00141041,-0.000996436,-0.00100277,0.000262498,988.012,0.000462992,1,-0.00133084,-0.00127279,-0.0002625,1189.25
0,5163038,14,phononTF,0.00155786,0.00200203,4.04586e-06,0.0002625,1958.58,0.000319829,1,0.00204668,5.17829e-05,-0.0002625,2749.8
0,5163967,11,phononTF,0.00052363,-0.000168153,-0.00185535,-0.0002625,1297.36,0.000382,1,-1.79064e-06,-0.00199727,0.0002625,1806.35
0,5165141,25,phononTS,0.000495018,0.000916345,-0.00101766,-0.000262498,1171.09,0.000382,1,0.00100036,-0.000995292,0.0002625,1351.9
0,5166353,11,phononTS,0.000703548,0.00300269,0.0010015,0.000262498,1863.82,0.000418909,1,0.00301583,0.000836374,-0.0002625,2055.73
0,5166532,6,phononTS,0.000853367,0.00106827,-0.00104798,-0.000262499,1986.34,0.000382,1,0.000997062,-0.00100147,0.0002625,2141.6
0,5169475,21,phononTF,0.000731032,0.0010015,-0.00100053,0.0002625,854.113,0.000197726,1,0.00120149,-0.00082163,-0.0002625,1206.05
0,5169523,4,phononTS,0.00182118,0.00093355,-0.000869069,-0.0002625,1935.38,0.000764,1,0.000997577,-0.00100058,0.0002625,2690.57
0,5169523,7,phononTS,0.000766894,0.000997577,-0.00100058,0.000262498,2690.57,0.00058502,1,0.000217116,-0.0010583,-0.0002625,3033.43
0,5174962,9,phononTF,0.00139454,0.000863747,-0.000810837,-0.0002625,461.798,0.000382,1,0.00100137,-0.000998852,0.0002625,882.989
0,5177937,10,phononTS,0.000464953,0.00121008,-0.00203127,-0.0002625,1191.71,0.000382,1,0.00100145,-0.00300055,0.0002625,1980.07
0,5178895,15,phononTF,0.000720331,0.00103098,-0.000970744,-0.000262498,1087.83,0.000382,1,0.000996879,-0.000997991,0.0002625,1245.19
0,5178895,5,phononTS,0.000493679,0.000602131,-0.00112656,0.000262498,441.76,0.000493679,1,0.00146465,-0.000775979,-0.0002625,857.202
0,5179484,4,phononTS,0.000769294,6.06597e-05,-0.00251391,-0.000262498,1852.23,0.000382,1,0.000996115,-0.00299917,0.0002625,2278.27
0,5179484,2,phononTS,0.00468089,0.00069035,-0.00109089,0.000111247,168.905,0.000837611,1,0.000688753,-0.00143806,-0.0002625,348.933
0,5179958,10,phononTS,0.00104479,0.00100196,0.000999325,0.000262498,2476.46,0.000305316,1,0.00105299,0.00109068,-0.0002625,2655.68
0,5180010,30,phononTF,0.000787606,0.00167354,-0.000360655,-0.0002625,1295.76,0.000382,1,0.00199882,-3.87882e-06,0.0002625,1721.3
0,5182280,18,phononTF,0.000629595,-0.00190192,-0.00208919,-0.000262498,1388.55,0.000382,1,-0.00199765,-0.0019996,0.0002625,1550.96
0,5184819,21,phononTS,0.000574977,0.00100376,0.00100071,0.000262498,1503.58,0.000574977,1,0.00108146,0.000996691,-0.0002625,1665.75
0,5185039,14,phononTS,0.00108874,0.000196265,-0.00100392,-0.000262498,2893.03,0.000382,1,-0.00100284,0.00100027,0.0002625,3756.04
0,5188650,14,phononTF,0.000582881,0.000228526,0.000185472,-0.000262498,4680.63,0.000382,1,-4.03224e-07,3.8052e-06,0.0002625,4859.25
0,5190046,11,phononTS,0.000394721,-0.000156585,-0.00110502,-0.0002625,171.185,0.000382,1,-0.000997074,-0.0010043,0.0002625,890.384
0,5190046,10,phononTS,0.00491223,0.000634101,-0.00142562,0.000122708,171.185,0.000927318,1,0.000656595,-0.00146376,-0.0002625,1146.16
0,5191155,10,phononTS,0.000979881,0.000995057,-0.000999823,0.0002625,701.032,0.000979881,1,0.0010734,-0.00105968,-0.0002625,1082.18
0,5195442,19,phononTS,0.000544605,0.00143776,-0.000977823,-0.000262498,304.388,0.000382,1,-0.00199826,3.38229e-06,0.0002625,1726.9
0,5199443,10,phononTS,0.00060117,0.000814302,-0.00104351,-0.0002625,63.9015,0.000382,1,0.00100456,-0.000998834,0.0002625,457.304
0,5204782,30,phononTS,0.000464753,0.000402426,-0.000944772,-0.0002625,435.963,0.000382,1,0.00100469,-0.00100429,0.0002625,887.315
0,5219749,21,phononTS,0.00111028,-0.000747409,-0.000991123,-0.000262498,3221.19,0.000382,1,-0.00100257,-0.000998259,0.0002625,3437.07
0,5223453,32,phononTS,0.00038629,-7.77654e-05,0.00207463,-0.000262498,5758.11,0.000382,1,-4.30763e-06,0.00200187,0.0002625,5912.9
0,5223817,6,phononL,0.000598781,0.000782543,-0.00107676,-0.0002625,75.6344,0.000382,1,0.00100434,-0.00100158,0.0002625,305.014
0,5223817,5,phononTS,0.000388281,0.000560745,-0.00115194,0.000262498,75.6344,0.000388281,1,0.000575482,-0.00142022,-0.0002625,289.344
0,5223817,4,phononTS,0.00123327,0.000560745,-0.00115194,0.000262498,75.6344,0.00123327,1,-0.000423067,-0.0013057,-0.0002625,493.439
0,5223817,3,phononTF,0.000953553,0.000560745,-0.00115194,0.000262498,75.6344,0.00054688,1,0.000446293,-0.00124607,-0.0002625,238.497
0,5224384,28,phononTF,0.000840028,-2.95395e-06,-1.19664e-06,0.000262498,1382.37,0.000234163,1,0.000186016,-0.000180331,-0.0002625,1557.4
0,5225690,20,phononTS,0.000462834,-1.6677e-05,0.000536762,-0.0002625,2699.57,0.000382,1,0.00099822,0.000999822,0.0002625,3646.25
0,5226797,10,phononTF,0.000704338,-0.00159294,-0.00159328,-0.0002625,1147.36,0.000382,1,-0.00200031,-0.00200408,0.0002625,1614.12
0,5228979,31,phononTF,0.000383333,0.000964706,-0.0010361,-0.0002625,11600.6,0.000382,1,0.000995862,-0.000996209,0.0002625,12287
0,5236568,29,phononTS,0.00177112,0.000927256,-0.000935087,-0.000262498,406.467,0.000382,1,0.00100207,-0.00100335,0.0002625,561.255
0,5237473,15,phononTS,0.000529807,-0.000960054,-0.0010712,-0.0002625,1333.15,0.000382,1,-0.000995298,-0.000998865,0.0002625,1643.92
0,5241816,11,phononTS,0.000664032,0.000515824,-0.000967081,-0.000262498,233.261,0.000382,1,0.00099782,-0.000995552,0.0002625,501.433
0,5242161,2,phononTF,0.00295165,0.000821367,-0.00111133,-0.0002625,104.826,0.000764,1,0.00100439,-0.000997567,0.0002625,454.273
0,5245062,14,phononL,0.000442904,0.00176181,-0.00212903,-0.0002625,1300.2,0.000382,1,0.00200193,-0.00199691,0.0002625,1558.17
0,5246382,42,phononTF,0.00128536,0.000202887,-0.000251269,-0.0002625,646.753,0.000382,1,3.46916e-06,-4.68258e-06,0.0002625,1376.57
0,5247148,28,phononTS,0.000638331,-9.28795e-06,0.0020584,-0.000262498,3314.12,0.000382,1,4.91013e-06,0.00199763,0.0002625,3495.53
0,5249478,23,phononTS,0.000571609,-0.00113835,0.000956886,-0.0002625,3613.89,0.000382,1,-0.00100107,0.00100457,0.0002625,5213.38
0,5251707,22,phononTS,0.000841823,0.000408632,-0.00108359,-0.000262498,216.614,0.000382,1,0.00200093,-0.00199963,0.0002625,896.046
0,5252762,21,phononTS,0.000448936,0.00201345,0.00106237,-0.0002625,23027.4,0.000382,1,0.00099753,0.00100141,0.0002625,24047.5
0,5252763,5,phononTS,0.00451042,0.00126353,-0.00024724,-0.000228091,183.708,0.00100373,1,0.00129693,-0.00032595,-0.0002625,538.876
0,5253840,28,phononL,0.000739309,0.00100444,-0.00100182,0.000262498,607.247,0.000739309,1,0.000661132,-0.00145468,-0.0002625,753.205
0,5256346,39,phononTF,0.000467279,0.00147197,0.000585982,-0.000262498,1718.77,0.000382,1,0.00100165,0.00100489,0.0002625,1963
0,5259885,15,phononTS,0.00042878,0.00110541,-0.000929766,-0.0002625,1009.7,0.000382,1,0.00100421,-0.00100382,0.0002625,1589.49
0,5266326,20,phononTS,0.00103486,0.000991932,-0.00111308,-0.0002625,192.909,0.000382,1,0.00100124,-0.00100318,0.0002625,918.482
0,5266326,19,phononTS,0.000447372,0.000964017,-0.0014428,0.000262498,192.909,0.000447372,1,0.000831701,-0.0017568,-0.0002625,439.828
0,5271675,5,phononTS,0.00346458,0.00199675,-0.00200101,0.0002625,11.8563,0.00153268,1,0.00191529,-0.00207299,-0.0002625,1159.21
0,5273165,2,phononTS,0.000560957,0.0008173,-0.00108347,-0.0002625,18.4314,0.000382,1,0.000995517,-0.00100212,0.0002625,405.145
0,5274030,29,phononTF,0.00046269,0.00156572,-0.00163447,-0.0002625,1272.79,0.000382,1,0.00199619,-0.00200442,0.0002625,1733.31
0,5274104,2,phononTF,0.0070923,0.000950718,-0.000951356,0.00020119,245.014,0.001528,1,0.00100031,-0.000997342,0.0002625,669.692
0,5276597,22,phononTS,0.000538559,0.00103763,-0.000983978,-0.000262498,1308.37,0.000382,1,0.00100261,-0.00100038,0.0002625,1473.18
0,5276597,2,phononTS,0.000559819,0.000547704,-0.00112247,0.000262498,72.9001,0.000559819,1,0.000474665,-0.0011522,-0.0002625,231.987
0,5277837,17,phononTS,0.000800457,0.000981008,-0.00108584,-0.000262498,697.448,0.000382,1,0.000999534,-0.000999589,0.0002625,857.489
0,5282627,21,phononTS,0.000473231,-0.00107863,0.000574651,-0.0002625,2708.19,0.000382,1,-0.00100459,0.000999019,0.0002625,3207.68
0,5282627,9,phononTS,0.000741744,0.000591798,-0.00170015,0.000262498,787.571,0.000741744,1,0.00140522,-0.00177539,-0.0002625,1139.89
0,5287092,14,phononTF,0.000388455,0.00263366,0.000588008,-0.0002625,1632.79,0.000382,1,0.00300206,0.00100264,0.0002625,2087.85
0,5292073,8,phononTF,0.000869759,0.000704873,-0.000749132,-0.000262498,724.734,0.000382,1,0.00099757,-0.000996296,0.0002625,918.529
0,5292510,20,phononTS,0.000972087,0.00131702,0.000429795,-0.000262498,1950.25,0.000382,1,0.00100345,0.000997305,0.0002625,2285.18
0,5292510,2,phononTF,0.00480171,0.00261875,0.000327572,-7.74603e-05,159.753,0.00140674,1,0.00254602,0.00041354,-0.0002625,1701.6
0,5295992,20,phononL,0.000714656,0.000567297,-0.00118566,-0.000262498,164.503,0.000382,1,0.000997118,-0.00100404,0.0002625,296.602
0,5304006,11,phononTF,0.000576115,-0.000848704,-0.000848568,-0.000262498,1885.24,0.000382,1,-0.000998606,-0.00100093,0.0002625,2054.58
0,5304006,4,phononTS,0.0037017,0.000889606,-0.00111126,0.000262498,1305.58,0.000448423,1,0.000908092,-0.00104597,-0.0002625,1472.07
0,5306287,20,phononTS,0.00181095,0.00109078,-0.00107732,-0.0002625,3509.11,0.000764,1,0.00100375,-0.000995806,0.0002625,6398.4
0,5310924,9,phononTF,0.000619433,0.00100077,-0.0014039,-0.0002625,102.547,0.000382,1,0.00200065,-0.00199767,0.0002625,679.942
0,5320813,6,phononL,0.00224404,0.000368145,-0.0017311,-0.0002625,414.02,0.000764,1,-4.1894e-06,-0.00199744,0.0002625,677.487
0,5322717,2,phononTF,0.00693411,0.0010086,-0.00100842,0.000240593,6.72774,0.002292,1,0.00100361,-0.00100354,0.0002625,286.553
0,5322950,34,phononTS,0.000452591,0.00304793,0.000956163,-0.000262498,9832.91,0.000382,1,0.00300081,0.00100024,0.0002625,9993.38
0,5328183,17,phononTF,0.000506481,0.00078243,-0.00081788,-0.0002625,2375.15,0.000382,1,0.000995479,-0.000996227,0.0002625,3083.11
0,5336720,23,phononTS,0.00044401,0.00108451,0.000988907,-0.000262498,1390.64,0.000382,1,0.000999299,0.000995757,0.0002625,1554.08
0,5336940,12,phononTS,0.00196835,0.000762032,-0.00109595,-0.0002625,134.289,0.000764,1,0.00100196,-0.000999269,0.0002625,898.213
0,5337699,20,phononTF,0.000635995,0.000357778,-0.000303319,-0.0002625,1051.8,0.000382,1,-2.56773e-06,-4.01324e-06,0.0002625,1469.73
0,5338542,8,phononTF,0.000476357,0.00115366,-0.000856734,-0.0002625,920.952,0.000382,1,0.000999145,-0.00100045,0.0002625,1262.77
0,5339906,11,phononTS,0.00076743,0.000331174,-0.00100876,-0.000262498,854.73,0.000382,1,0.00100264,-0.0010038,0.0002625,1175.96
0,5339998,2,phononTF,0.000634394,-3.656e-06,-0.00200166,0.0002625,176.602,0.000634394,1,-0.000509001,-0.0027749,-0.0002625,1026.18
0,5343978,19,phononTS,0.0004015,-0.000999978,-0.00100181,0.000262498,1270.1,0.0004015,1,-0.00107465,-0.00103789,-0.0002625,1425.28
0,5343978,4,phononTS,0.00101279,0.000610374,-0.00112081,0.000262498,97.7702,0.000625224,1,0.00177344,-0.00119418,-0.0002625,565.714
0,5345555,14,phononTS,0.00432978,0.00102965,-0.00131794,4.68674e-05,118.88,0.001146,1,0.00100418,-0.00100358,0.0002625,510.057
0,5346358,6,phononTS,0.000388062,0.000703195,-0.00108102,-0.000262498,163.808,0.000382,1,0.00100179,-0.000996814,0.0002625,383.186
0,5346513,14,phononTF,0.000822956,0.0013059,-0.000621564,-0.0002625,406.897,0.000382,1,0.00199814,-2.6678e-06,0.0002625,1041.91
0,5347831,10,phononTF,0.00148203,0.000508633,-0.00155769,-0.0002625,413.317,0.000764,1,4.81822e-06,-0.00200403,0.0002625,921.591
0,5351684,38,phononTS,0.000423144,-0.000843555,-0.000344991,-0.000262498,2440.55,0.000382,1,-2.83245e-06,-6.72196e-07,0.0002625,2825.35
0,5353915,4,phononTS,0.0029659,0.000915458,-0.00104183,-0.000112638,213.809,0.000382,1,0.00100125,-0.000996064,0.0002625,577.28
0,5355420,25,phononTS,0.00065681,-0.000975657,-0.00120843,-0.0002625,2467.42,0.000382,1,-0.0010034,-0.000996888,0.0002625,3211.93
0,5357854,22,phononTF,0.000920328,-3.92136e-06,-0.00199762,0.000262498,1244.96,0.000402962,1,0.00231883,-0.00423327,-0.0002625,2220.2
0,5358678,24,phononTS,0.000459069,-3.26557e-05,-0.000518541,-0.0002625,1087.03,0.000382,1,-2.45957e-06,-8.84167e-07,0.0002625,1641.5
0,5360385,30,phononL,0.000650423,-0.00119325,-0.000963745,-0.0002625,693.947,0.000382,1,-0.000997928,-0.000997925,0.0002625,920.406
0,5365646,8,phononTF,0.000447429,0.00020483,-0.00175764,-0.0002625,134.305,0.000382,1,1.05162e-06,-0.00199601,0.0002625,860.711
0,5366434,6,phononTS,0.00048261,0.000889757,-0.00207974,-0.0002625,189.994,0.000382,1,0.00100263,-0.00299711,0.0002625,951.929
0,5368000,32,phononTF,0.000397054,0.001193,-0.00118461,-0.000262498,1626.86,0.000382,1,0.00100399,-0.000998201,0.0002625,1802.61
0,5383793,8,phononTS,0.000734337,-9.55384e-05,0.00114178,-0.0002625,2368.83,0.000382,1,2.68377e-06,0.0019964,0.0002625,2907.81
0,5383793,5,phononTS,0.000853618,0.00134666,-0.00131312,0.000262499,848.899,0.000853618,1,0.00126138,-0.000904162,-0.0002625,1094.65
0,5383793,4,phononTF,0.000583066,0.00134666,-0.00131312,0.000262499,848.899,0.000583066,1,0.00124227,0.00303724,-0.0002625,2249.82
0,5383793,10,phononTF,0.00333172,0.00204042,-0.0009383,-0.000244646,493.495,0.000898652,1,0.00207663,-0.000900991,-0.0002625,1038.08
0,5384763,32,phononTS,0.00119704,0.000811883,-0.00105044,-0.0002625,418.791,0.000382,1,0.000995904,-0.000999278,0.0002625,812.192
0,5387411,18,phononTS,0.000508676,0.00149595,-0.00409492,-0.000262498,3577.95,0.000382,1,0.000996607,-0.00300186,0.0002625,4062.55
0,5395700,18,phononTS,0.000900367,0.00102712,0.000978889,-0.0002625,2514.31,0.000382,1,0.00100136,0.000998169,0.0002625,2848.95
0,5400341,10,phononL,0.000578911,-0.00175115,-0.00216581,-0.000262498,1974.19,0.000382,1,-0.00200258,-0.00200283,0.0002625,2092.39
0,5401726,28,phononTS,0.000403621,0.000996505,-0.000996062,0.000262498,401.536,0.000403621,1,-0.000150413,-0.000693748,-0.0002625,888.351
0,5402063,2,phononTS,0.00396491,0.00099842,-0.00100541,0.000257896,126.617,0.000764,1,0.000998813,-0.00100492,0.0002625,1122.97
0,5403133,7,phononTS,0.00054449,0.00108549,-0.00100006,-0.0002625,668.567,0.000382,1,0.00100175,-0.00100126,0.0002625,993.921
0,5403698,25,phononTS,0.000592339,-0.00196115,-3.30618e-05,-0.0002625,2333.3,0.000382,1,-0.00200318,4.69763e-06,0.0002625,2680.74
0,5405125,16,phononTS,0.000425418,2.19289e-06,-4.67865e-06,0.000262498,987.976,0.000425418,1,-0.0010355,0.000289306,-0.0002625,1432.79
0,5408396,27,phononTF,0.000971258,0.00249666,5.20826e-05,-0.0002625,2910.41,0.000382,1,0.00299654,0.00100365,0.0002625,3693.95
0,5408545,17,phononTF,0.000730812,0.00202318,-1.68955e-05,-0.0002625,1008.04,0.000382,1,0.00200202,-1.9876e-09,0.0002625,1404.98
0,5408914,19,phononTS,0.000507746,0.000571387,-0.00108251,-0.000262498,216.619,0.000382,1,0.000996468,-0.000997798,0.0002625,482.534
0,5412076,21,phononTS,0.000383526,-0.000209394,-0.00128592,-0.0002625,347.302,0.000382,1,-0.00099504,-0.001003,0.0002625,1117.41
0,5412248,3,phononTF,0.00121905,0.000422592,-0.000352998,-0.0002625,16.1204,0.000382,1,-1.45711e-06,-1.132e-06,0.0002625,582.96
0,5413639,5,phononTS,0.000855423,-0.00082633,0.000577466,-0.0002625,242.954,0.000382,1,-0.00200326,0.00199751,0.0002625,2495.81
0,5414255,2,phononTS,0.00259821,-0.000193228,-0.00107084,-0.0002625,14.2674,0.001528,1,-0.000998157,-0.00100309,0.0002625,742.087
0,5414255,11,phononTF,0.000426412,-0.000998157,-0.00100309,0.000262498,742.087,0.000426412,1,-0.00115706,-0.00100355,-0.0002625,911.729
0,5415620,13,phononTS,0.000624394,0.000221714,-0.00146043,-0.000262498,311.81,0.000382,1,0.00100146,-0.00299922,0.0002625,977.478
0,5418829,5,phononTS,0.00187658,0.00106261,-0.00117529,-0.000262498,853.51,0.000764,1,0.000999229,-0.000996888,0.0002625,1047.44
0,5423155,26,phononTS,0.000549921,0.000690669,-0.00107539,-0.000262498,1127.34,0.000382,1,0.00100359,-0.000996933,0.0002625,1366.3
0,5428422,16,phononTF,0.000572816,0.00169516,-0.000245375,-0.0002625,319.579,0.000382,1,0.00199903,-9.04437e-07,0.0002625,1133.87
0,5429933,11,phononTF,0.000390448,0.00134656,0.00062526,-0.0002625,563.939,0.000382,1,0.00200317,-3.70849e-06,0.0002625,1472.65
0,5431886,10,phononL,0.000424276,0.000405094,-0.00214176,-0.0002625,4628.74,0.000382,1,2.07251e-06,-0.00200372,0.0002625,6034.14
0,5436049,11,phononTS,0.000933542,0.00100449,0.00100197,0.000262498,1115.87,0.000933542,1,0.00107495,0.000987496,-0.0002625,1281.38
0,5436049,8,phononTS,0.00132661,0.000654185,-0.00112667,0.000262498,14.5724,0.000777792,1,-0.000436414,-0.000949424,-0.0002625,467.564
0,5442145,10,phononTS,0.000665304,0.000781834,-0.00101223,-0.0002625,277.126,0.000382,1,0.000996465,-0.00100356,0.0002625,681.307
0,5442956,15,phononTS,0.000528145,0.000263816,-0.000337313,-0.0002625,840.038,0.000382,1,-1.26029e-06,1.56077e-06,0.0002625,1389.49
0,5446921,8,phononTS,0.000998833,0.0010009,-0.000995426,0.0002625,412.806,0.000998833,1,0.00401586,-0.005,-9.13904e-05,2354.79
0,5448348,3,phononTF,0.00538295,0.00108738,-0.00107037,0.000125868,168.391,0.001146,1,0.000996064,-0.000995827,0.0002625,908.027
0,5450786,20,phononTF,0.00216041,0.000409213,-0.00160948,-0.0002625,493.719,0.000382,1,6.87924e-08,-0.0020042,0.0002625,955.951
0,5457409,11,phononL,0.000417675,0.00169956,-0.00247409,-0.000262498,2635.73,0.000382,1,0.00199672,-0.00199589,0.0002625,2780.52
0,5460939,13,phononTF,0.000453695,-0.00180092,0.000232354,-0.0002625,1277.81,0.000382,1,-0.00199879,3.15955e-06,0.0002625,2392.35
0,5462267,11,phononTF,0.00040457,-0.000172366,-0.00178738,-0.0002625,1442.78,0.000382,1,3.23973e-06,-0.00200356,0.0002625,1807.49
0,5470377,5,phononTS,0.000640628,0.000300173,-0.00153952,-0.0002625,56.6758,0.000382,1,-2.22402e-06,-0.00200106,0.0002625,673.225
0,5471411,26,phononTS,0.00165105,0.00245405,5.31322e-05,-0.000262498,1320.13,0.000382,1,0.00200291,4.30299e-06,0.0002625,1578.83
0,5472215,9,phononTS,0.00119936,-2.7768e-06,4.15004e-06,0.000262498,560.423,1.83252e-05,1,-7.89128e-06,0.00027376,-0.0002625,774.452
0,5473250,30,phononTF,0.000844993,-0.00192589,-0.000113295,-0.0002625,3134.77,0.000382,1,-0.00200444,3.21585e-08,0.0002625,3560.22
0,5474247,7,phononTS,0.0005632,0.0010035,-0.000999813,0.0002625,382.148,0.0005632,1,0.00100481,-0.000963154,-0.0002625,872.074
0,5474886,11,phononTS,0.000732822,0.00196396,-0.00135751,-0.0002625,486.915,0.000382,1,0.00200112,-0.00199735,0.0002625,1098.27
0,5475552,18,phononTS,0.000528557,0.000149873,0.000345967,-0.0002625,2639.5,0.000382,1,-0.00100369,-0.000999435,0.0002625,5042.3
0,5481246,4,phononTF,0.00203255,-0.00129852,-0.00261192,-0.0002625,913.813,0.001146,1,-0.00199966,-0.00199593,0.0002625,1864.56
0,5485005,9,phononTS,0.000552613,0.000984185,-0.0010681,-0.000262498,248.265,0.000382,1,0.000995716,-0.00100031,0.0002625,409.715
0,5485879,26,phononTS,0.000585713,0.00161696,-0.00208604,-0.0002625,1902.14,0.000382,1,0.00199804,-0.00199711,0.0002625,2379.59
0,5489723,14,phononTS,0.00133785,-0.00133837,-0.000706168,-0.0002625,2777.4,0.000382,1,2.75114e-06,4.28573e-06,0.0002625,6611.99
0,5490001,20,phononTS,0.000491104,-0.000195562,-0.00204922,-0.0002625,901.892,0.000382,1,-3.41519e-06,-0.00199832,0.0002625,1298.64
0,5490001,8,phononTF,0.00125174,3.41246e-05,-0.000812554,0.000262498,552.268,0.000520497,1,-0.000489741,-0.000213782,-0.0002625,835.663
0,5490384,23,phononTS,0.000988889,0.00192067,-0.00203811,-0.000262498,1196.93,0.000382,1,0.00200231,-0.0020007,0.0002625,1355.15
0,5491828,2,phononL,0.00347119,0.00036057,-0.00125516,0.000109901,9.36713,0.000764,1,0.00100479,-0.000999976,0.0002625,272.618
0,5495683,35,phononTS,0.000832837,0.00048897,-0.0010444,-0.0002625,578.001,0.000382,1,-1.09019e-06,-0.00200489,0.0002625,1550.49
0,5496725,19,phononTF,0.000560197,0.000343875,-0.00157473,-0.000262498,728.744,0.000382,1,-4.12169e-06,-0.00199665,0.0002625,953.501
0,5498232,22,phononTF,0.000504378,0.000317995,-0.000377543,-0.0002625,1136.44,0.000382,1,2.80649e-06,-1.43968e-06,0.0002625,1563.41
0,5498232,3,phononTS,0.00160234,0.000704512,-0.00108719,0.000262498,152.428,0.000684734,1,0.000658035,-0.0010634,-0.0002625,327.067
0,5500512,8,phononTS,0.000617799,0.000998352,-0.000997134,0.0002625,1570.6,0.000617799,1,0.00108677,-0.00105859,-0.0002625,1881.42
0,5503100,27,phononTF,0.000933089,0.00313207,0.000887876,-0.0002625,2772.17,0.000382,1,0.00299594,0.000997929,0.0002625,3102.26
0,5507457,19,phononTF,0.000415477,0.00123348,-0.000754736,-0.000262498,1228.07,0.000382,1,0.00100098,-0.000995296,0.0002625,1414.02
0,5507573,8,phononTF,0.00272683,0.00131417,-0.000666103,-0.000161156,721.068,0.000764,1,0.000995622,-0.000997595,0.0002625,1421.81
0,5507601,4,phononTF,0.00308777,4.22649e-07,-0.00199651,0.0002625,91.209,0.00086778,1,0.000228933,-0.00217857,-0.0002625,755.288
0,5507939,28,phononTS,0.00102743,0.000912127,-0.0025057,-0.0002625,3326.53,0.000382,1,0.00099925,-0.00299773,0.0002625,3859.45
0,5508405,21,phononTF,0.00102895,0.000223304,-0.0023592,-0.0002625,2993.08,0.000382,1,-1.03215e-07,-0.00199563,0.0002625,3389.05
0,5509888,10,phononL,0.00232056,2.49373e-05,-0.00200864,0.000241274,454.348,0.000764,1,-2.36211e-06,-0.00200446,0.0002625,2174.72
0,5509888,24,phononTS,0.000933236,-2.36211e-06,-0.00200446,0.000262498,2174.72,0.000794029,1,0.00279669,-0.00467,-0.0002625,3419.95
0,5509888,2,phononTS,0.0022272,0.000643174,-0.00113202,0.000262498,20.3018,0.000504112,1,-0.00107074,-0.00182466,-0.0002625,721.183
0,5516392,21,phononTS,0.00139825,0.00200721,-7.05286e-05,-0.0002625,2339.06,0.000382,1,0.00200327,-2.40493e-06,0.0002625,2665.51
0,5516392,22,phononTS,0.000425571,0.00200327,-2.40493e-06,0.000262498,2665.51,0.000425571,1,0.0027111,-0.00166534,-0.0002625,3345.76
0,5517855,22,phononTS,0.000414491,-0.00108172,0.00100917,-0.0002625,1639.25,0.000382,1,-0.00100321,0.000996659,0.0002625,1968.07
0,5522884,14,phononTF,0.0010139,0.00199758,3.06002e-06,0.0002625,585.755,0.0010139,1,0.00221275,-0.000251796,-0.0002625,1142.54
0,5525482,43,phononTF,0.000833132,0.000736206,-0.00132178,-0.0002625,1864.32,0.000382,1,0.00100174,-0.00100153,0.0002625,2262.82
0,5527523,27,phononTS,0.000590196,0.00111463,-0.00205486,-0.0002625,2617.81,0.000382,1,0.00200363,-0.00200389,0.0002625,3373.96
0,5530305,12,phononTS,0.000409268,0.000869646,0.000147979,-0.0002625,737.977,0.000382,1,-3.80699e-06,-3.15362e-06,0.0002625,1420.71
0,5530411,13,phononTS,0.000753209,0.00175434,-0.00207236,-0.000262498,1505.07,0.000382,1,0.00199631,-0.00200379,0.0002625,1712.25
0,5532147,36,phononTF,0.00051033,0.00438807,0.00246056,-0.0002625,3430.45,0.000382,1,0.00299852,0.00099789,0.0002625,12392.2
0,5539235,3,phononL,0.00418649,0.000871103,-0.00096965,0.00018366,137.239,0.000382,1,0.0010048,-0.0010039,0.0002625,260.049
0,5539235,4,phononTS,0.00344644,0.0010048,-0.0010039,0.000262498,260.049,0.00178185,1,0.000938272,-0.000926133,-0.0002625,432.969
0,5544242,24,phononTS,0.000530856,0.000778523,-0.00106584,-0.0002625,997.712,0.000382,1,0.00100443,-0.000995695,0.0002625,1405.76
0,5545876,2,phononTS,0.00509788,0.000967722,-0.00100056,0.000225844,238.996,0.001528,1,0.000995011,-0.00100424,0.0002625,633.222
0,5550627,24,phononTS,0.000399289,-0.00199926,1.57679e-05,-0.000262498,7849.77,0.000382,1,-0.00200043,-1.95834e-08,0.0002625,8006.55
0,5551072,12,phononTS,0.000452695,4.0756e-05,-0.00171444,-0.0002625,504.351,0.000382,1,5.21434e-07,-0.0019996,0.0002625,938.913
0,5552258,27,phononTS,0.000879007,0.00100115,-0.000995707,0.000262498,794.853,0.000879007,1,0.00120817,-3.75201e-05,-0.0002625,1185.86
0,5554688,23,phononTS,0.000531198,-0.00099618,-0.00100023,0.0002625,346.606,0.000531198,1,-0.00192863,-0.000219972,-0.0002625,1368.92
0,5556257,16,phononTF,0.000408095,5.25067e-05,-0.00187152,-0.0002625,2751.63,0.000382,1,-4.59071e-06,-0.00200213,0.0002625,3581.12
0,5557058,8,phononTF,0.000445953,0.000183535,-0.000220567,-0.000262498,651.863,0.000382,1,-4.92859e-06,2.21441e-06,0.0002625,831.195
0,5558787,20,phononTS,0.000438995,0.000953773,-0.00130832,-0.000262498,307.032,0.000382,1,0.00100452,-0.00100226,0.0002625,530.368
0,5559848,47,phononTF,0.000505155,0.00303224,0.00116167,-0.0002625,3641.5,0.000382,1,0.00299883,0.000995038,0.0002625,4496.29
0,5561215,18,phononTF,0.000407941,0.0015652,-0.000361233,-0.0002625,1096.9,0.000382,1,0.00199683,1.17923e-06,0.0002625,1554.19
0,5564980,12,phononTS,0.00104627,0.000796527,-0.000968789,-0.0002625,1687.24,0.000382,1,0.00100133,-0.000997905,0.0002625,2486.84
0,5567927,19,phononTS,0.000899417,0.00194029,-0.000214147,-0.000262498,1399.72,0.000382,1,0.00200037,-3.38319e-08,0.0002625,1601.94
0,5568985,19,phononTS,0.00324745,0.00200177,2.15546e-05,9.91856e-05,1308.15,0.000764,1,0.00199872,-2.83034e-06,0.0002625,2123.89
0,5569168,21,phononTS,0.000432001,0.000944671,0.000948493,-0.0002625,6395.16,0.000382,1,0.000998402,0.00100019,0.0002625,6709.27
0,5569210,2,phononTF,0.00422324,0.000407105,-0.00160758,-0.000157659,77.7365,0.000764,1,-3.67283e-06,-0.00200292,0.0002625,747.566
0,5571029,16,phononTS,0.000653696,0.00200132,-0.00199853,0.000262498,741.119,0.00034729,1,0.00194197,-0.00206776,-0.0002625,896.312
0,5571344,2,phononL,0.00570741,0.000752535,-0.00102959,9.70307e-05,2.19832,0.001146,1,0.0010008,-0.00100468,0.0002625,327.542
0,5572507,5,phononTS,0.000677082,0.000923942,-0.00108952,-0.0002625,395.021,0.000382,1,0.000998061,-0.00100396,0.0002625,703.893
0,5572507,4,phononL,0.00228722,0.000849825,-0.00117508,0.000262498,395.021,0.000457375,1,0.000960414,-0.00104696,-0.0002625,507.293
0,5576827,46,phononTF,0.000429751,0.000284079,-0.00225166,-0.0002625,5332.8,0.000382,1,-2.94062e-06,-0.00200466,0.0002625,5732.4
0,5577183,18,phononL,0.000933603,0.00179368,-0.00186369,-0.0002625,346.654,0.000382,1,0.00199658,-0.0019995,0.0002625,577.031
0,5577712,3,phononTS,0.00101725,0.000656893,-0.00111821,-0.0002625,2.3528,0.000382,1,-0.00200206,-1.93549e-06,0.0002625,1204.58
0,5578996,2,phononTF,0.000857229,0.000360657,-0.00158154,-0.0002625,81.5851,0.000382,1,7.92553e-08,-0.00199866,0.0002625,534.561
0,5580368,32,phononTF,0.000402273,0.00184663,-0.00011633,-0.0002625,1307.62,0.000382,1,0.00199643,1.39933e-06,0.0002625,1640.46
0,5581483,4,phononTF,0.000675938,0.000440281,-0.000519531,-0.0002625,528.589,0.000382,1,4.79774e-07,-2.08794e-07,0.0002625,1038.65
0,5582717,19,phononTS,0.000580747,0.00121023,-0.00283569,-0.000262498,2307.5,0.000580747,1,0.005,0.00229521,-0.000183687,4378.88
0,5583951,16,phononTS,0.000505654,-0.000658987,-0.000930669,-0.0002625,363.867,0.000382,1,-0.00099851,-0.000997618,0.0002625,1513.83
0,5592883,7,phononTS,0.00102488,0.000996424,-0.000996555,0.0002625,158.404,0.000551495,1,7.80979e-05,-0.000447753,-0.0002625,837.005
0,5594823,15,phononTS,0.000685438,-0.00199697,0.00199655,0.000262498,2050.21,0.000685438,1,-0.00221656,0.00305832,-0.0002625,2470.2
0,5599072,22,phononTF,0.000391504,-0.0019992,-0.00200345,0.000262498,1482,0.000391504,1,-0.000669989,-0.00318436,-0.0002625,2044.8
0,5602956,8,phononTF,0.00100519,0.000381714,-0.00160176,-0.0002625,421.085,0.000382,1,-3.81768e-06,-0.00199728,0.0002625,886.625
0,5604284,25,phononTF,0.00100259,6.38839e-05,-0.000575031,-0.000262498,295.654,0.000382,1,0.000996929,-0.00100474,0.0002625,679.544
0,5605853,43,phononTS,0.00114405,-3.64637e-06,-0.00200044,0.0002625,629.526,0.000870662,1,-4.20109e-05,-0.00205903,-0.0002625,1322.71
0,5607689,26,phononTS,0.00127585,0.000959505,-0.000927449,-0.0002625,263.352,0.000382,1,0.000997046,-0.00100346,0.0002625,573.548
0,5607987,13,phononTS,0.000599542,0.000666283,-0.00314505,-0.0002625,2321.47,0.000382,1,0.000996228,-0.00300316,0.0002625,2958.2
0,5607987,2,phononL,0.00292211,0.00152452,-0.000458881,8.7376e-05,18.2728,0.00108137,1,0.00109403,-0.00048254,-0.0002625,574.765
0,5609019,30,phononTF,0.000407684,7.38587e-05,-5.97875e-05,-0.0002625,7712.85,0.000382,1,2.05466e-06,3.98184e-06,0.0002625,8262.21
0,5621971,8,phononTF,0.000941687,0.000997539,-0.000998528,0.000262498,772.798,0.000941687,1,0.00079152,-0.00125109,-0.0002625,956.594
0,5627670,21,phononTS,0.0010497,0.0019374,-0.000100235,-0.0002625,1082.16,0.000764,1,0.00200038,3.08763e-06,0.0002625,1442.77
0,5628326,9,phononTS,0.00104924,0.00199557,-0.00143538,-0.000262498,560.591,0.000382,1,0.0019972,-0.00200176,0.0002625,853.333
0,5634383,14,phononTS,0.000418047,0.00109143,-0.000958242,-0.0002625,592.179,0.000382,1,0.000996064,-0.00100126,0.0002625,949.163
0,5636315,10,phononTS,0.0025017,0.00101861,0.00105307,-0.000197481,2457.54,0.000382,1,0.000995555,0.00100494,0.0002625,3002.43
0,5641262,11,phononTS,0.000432569,0.00105611,-0.00289615,-0.0002625,461.758,0.000382,1,0.000996743,-0.00300382,0.0002625,1047.72
0,5641870,7,phononTS,0.0035511,-0.00100613,-0.000990798,0.000204248,482.216,0.000382,1,-0.000999386,-0.000997769,0.0002625,1270.68
0,5643649,20,phononTS,0.000514442,-1.51713e-06,-0.00200124,0.000262498,927.533,0.000514442,1,7.28412e-05,-0.00192146,-0.0002625,1082.44
0,5645776,2,phononTS,0.00113539,-0.000666273,-0.00163471,-0.0002625,136.649,0.000764,1,-0.00200282,-0.00200102,0.0002625,1234.67
0,5646555,21,phononTF,0.000425201,0.000909654,-0.000909802,-0.000262498,1911.61,0.000382,1,0.000997569,-0.00100129,0.0002625,2072.96
0,5647354,20,phononL,0.000806741,0.000443765,-0.00178368,-0.000262498,411.906,0.000382,1,4.55178e-06,-0.00199739,0.0002625,546.643
0,5647354,8,phononTF,0.00224373,0.000518204,-0.00129895,0.000262498,146.379,0.000559285,1,0.00131696,-0.0018096,-0.0002625,495.242
0,5648459,5,phononL,0.00394808,0.000991366,-0.00102658,0.000251659,746.476,0.000382,1,0.000997405,-0.0010044,0.0002625,751.278
0,5648459,8,phononTS,0.0011873,0.000997405,-0.0010044,0.000262498,751.278,0.000390864,1,0.00105358,-0.0010475,-0.0002625,907.133
0,5649536,28,phononL,0.000520167,8.96229e-05,-0.00167483,-0.0002625,508.65,0.000382,1,-1.23378e-06,-0.00200095,0.0002625,1045.79
0,5656890,13,phononTS,0.000979778,0.00161311,-0.00443168,-0.0002625,1858.27,0.000382,1,-2.3154e-06,-0.0019977,0.0002625,3276.73
0,5662653,26,phononTF,0.00353867,0.00200479,-0.00252134,0.000171165,1037,0.001146,1,0.00199845,-0.00200003,0.0002625,2602.43
0,5670959,37,phononTS,0.000733902,0.000164247,-6.6591e-05,-0.0002625,730.546,0.000382,1,-4.35034e-06,4.70868e-06,0.0002625,1114.66
0,5673288,17,phononTS,0.000862017,0.00104323,-0.000655595,-0.000262498,2678.99,0.000382,1,0.000995603,-0.000995752,0.0002625,2920.2
0,5674506,23,phononTF,0.000613407,-4.49357e-06,-0.00200058,0.0002625,1621.3,0.000613407,1,-0.000204977,-0.00196985,-0.0002625,2151.87
0,5679865,12,phononTF,0.000831282,0.000435099,-0.00149585,-0.000262498,639.547,0.000382,1,3.00694e-06,-0.00200356,0.0002625,891.531
0,5689480,17,phononTS,0.00174318,0.000963678,-0.00109534,-0.0002625,1062.4,0.000382,1,0.000995434,-0.00100277,0.0002625,1883.14
0,5689480,18,phononTS,0.000980765,0.000995434,-0.00100277,0.000262498,1883.14,0.000771983,1,0.000905521,-0.00144918,-0.0002625,2138.03
0,5690266,9,phononTS,0.00136932,0.000729034,-0.00104884,-0.000262498,273.806,0.000764,1,0.00100004,-0.00100213,0.0002625,487.824
0,5692129,11,phononTF,0.00114781,0.000800562,-0.00108811,-0.0002625,2063.76,0.000764,1,0.000995348,-0.000996902,0.0002625,2416.58
0,5694629,12,phononTS,0.0010094,0.000995322,-0.00100197,0.0002625,531.157,0.000393146,1,0.00140695,0.000283717,-0.0002625,1611.68
0,5696414,8,phononTS,0.00178985,0.000855427,-0.00110291,-0.0002625,47.0832,0.000382,1,0.000995916,-0.000995136,0.0002625,464.076
0,5697877,17,phononTS,0.00055589,0.00149262,-0.00050167,-0.000262498,1912.48,0.000382,1,3.80353e-06,0.00200416,0.0002625,2961.58
0,5699342,29,phononTS,0.000888761,6.52248e-05,-0.00194824,-0.0002625,721.878,0.000764,1,7.81718e-07,-0.00199602,0.0002625,1099.75
0,5702690,32,phononTF,0.000730688,-0.00200073,2.98865e-06,0.000262498,2146.32,0.000730688,1,-0.00183263,0.000205796,-0.0002625,2321.51
0,5706842,20,phononTS,0.000775365,0.00106328,-0.000737897,-0.000262498,943.067,0.000382,1,0.00100143,-0.000996502,0.0002625,1167.93
0,5708492,17,phononTF,0.000696759,-0.000150642,-0.00180582,-0.000262498,363.859,0.000382,1,4.60079e-06,-0.0020028,0.0002625,536.973
0,5709753,9,phononTF,0.00117124,0.000782859,-0.00127579,-0.0002625,287.969,0.000382,1,0.00100383,-0.000998486,0.0002625,664.099
0,5710611,7,phononTF,0.000428597,0.00109826,-0.000896837,-0.0002625,909.624,0.000382,1,0.000999692,-0.000995308,0.0002625,1251.38
0,5710754,13,phononTS,0.00119077,1.60899e-06,-0.00200214,0.0002625,787.385,0.000504596,1,-4.56545e-05,-0.00234644,-0.0002625,1271.62
0,5716020,2,phononTS,0.00545764,0.00100635,-0.000731037,5.15307e-05,289.188,0.001146,1,0.00100002,-0.00100147,0.0002625,888.211
0,5716020,20,phononTF,0.000469298,0.00100002,-0.00100147,0.000262498,888.211,0.000469298,1,-0.000719905,-0.000566373,-0.0002625,1503.45
0,5723243,2,phononTS,0.0036891,0.000997817,-0.00108116,-0.0002625,34.14,0.000382,1,0.000997292,-0.000999668,0.0002625,445.271
0,5728508,12,phononTS,0.000566983,0.00108588,-0.0012801,-0.000262498,1086.76,0.000382,1,0.00100454,-0.0010007,0.0002625,1301.92
0,5730817,10,phononTS,0.000763152,0.000915633,-0.000956244,-0.000262498,281.564,0.000382,1,0.000998036,-0.00100035,0.0002625,470.486
0,5740517,2,phononTF,0.00442801,0.000909518,-0.00102605,0.000244582,21.5018,0.001146,1,0.00100442,-0.000997743,0.0002625,151.837
0,5743234,33,phononTS,0.000430159,-3.14928e-06,1.77058e-06,0.000262498,1781.64,0.000430159,1,0.000200492,-0.00126538,-0.0002625,2291.63
0,5743445,7,phononTS,0.000759973,0.000997646,-0.00100089,0.000262498,1035.2,0.000759973,1,0.000963264,-0.000954163,-0.0002625,1205.65
0,5746172,18,phononTS,0.000834021,1.63167e-06,-0.00208871,-0.000262498,899.472,0.000382,1,2.05066e-06,-0.00200264,0.0002625,1061.88
0,5748434,4,phononTF,0.000647438,0.000858767,-0.00110963,-0.0002625,130.634,0.000382,1,0.000998404,-0.000999702,0.0002625,461.068
0,5748434,2,phononTS,0.00207105,0.000688636,-0.00116972,0.000193712,50.391,0.000760466,1,0.000435993,-0.00204105,-0.0002625,436.994
0,5750366,20,phononTS,0.000747064,0.00104526,-0.000924757,-0.000262498,571.807,0.000382,1,0.00100289,-0.000998455,0.0002625,741.166
0,5753264,9,phononTF,0.000393028,-0.00210538,-0.00175536,-0.0002625,2267.83,0.000382,1,-0.00199998,-0.0020028,0.0002625,3162.26
0,5753264,3,phononTS,0.00324854,0.000598458,-0.0011086,0.000262498,33.7944,0.00112741,1,0.000672807,-0.0010354,-0.0002625,188.519
0,5753599,11,phononTS,0.000750495,-0.00389094,0.00186172,-0.0002625,54.1918,0.000382,1,-0.00200231,-0.00199989,0.0002625,5296.11
0,5754099,38,phononTF,0.00129668,0.00123992,0.00129059,-0.000262498,2926.56,0.000382,1,0.00100042,0.000996196,0.0002625,3119
0,5756111,13,phononL,0.000491214,0.0013214,-0.00202268,-0.000262498,1282.23,0.000382,1,0.0020009,-0.00199597,0.0002625,1439.8
0,5756256,7,phononTS,0.000673257,0.000360913,-0.00122059,-0.0002625,2510.86,0.000382,1,-0.000995452,-0.0010035,0.0002625,3587.89
0,5758714,14,phononTS,0.00105417,0.00160729,-0.00204568,-0.0002625,1632.19,0.000382,1,0.00200208,-0.00199594,0.0002625,2118.02
0,5762637,36,phononTS,0.00120483,-0.000584617,-0.00117941,-0.0002625,1422.69,0.000764,1,-0.000998398,-0.000996975,0.0002625,2254.05
0,5762863,12,phononTF,0.00125159,-0.000347902,0.000381592,-0.0002625,812.727,0.000382,1,-4.59086e-06,2.0127e-06,0.0002625,1728.92
0,5762863,13,phononTF,0.000834595,-4.59086e-06,2.0127e-06,0.000262498,1728.92,0.000633532,1,0.000423431,-0.000416397,-0.0002625,1966.74
0,5763263,14,phononTF,0.000525148,0.000500435,-0.000543477,-0.000262498,609.586,0.000382,1,0.00100409,-0.000998303,0.0002625,865.284
0,5765050,20,phononTS,0.000446475,0.0020698,-0.00302753,-0.0002625,3438.32,0.000382,1,0.00200053,-0.00200235,0.0002625,4292.11
0,5768896,25,phononTS,0.00089766,0.00109068,-0.000996388,-0.0002625,433.37,0.000382,1,0.00100277,-0.00100233,0.0002625,756.513
0,5770564,18,phononTF,0.00129981,0.000846652,-0.00112964,-0.0002625,1877.23,0.000764,1,0.00100052,-0.00099533,0.0002625,2218.33
0,5770564,2,phononTF,0.00131142,0.00066464,-0.00114834,0.000224101,49.844,0.000899974,1,0.000818103,-0.0013271,-0.0002625,211.09
0,5771068,3,phononL,0.00433962,0.000789512,-0.00108112,2.85491e-05,5.55158,0.001146,1,0.00100294,-0.00100414,0.0002625,298.607
0,5780037,20,phononTS,0.000636138,0.000705316,-0.0010773,-0.000262498,1230.7,0.000382,1,0.00100139,-0.000995613,0.0002625,1449.59
0,5780578,2,phononTF,0.00277672,0.000739872,-0.00126683,-0.0002625,0.923878,0.000382,1,0.00100392,-0.00100091,0.0002625,361.67
0,5784216,9,phononTF,0.000716308,0.00079489,-0.00124274,-0.000262498,425.67,0.000382,1,0.000999058,-0.000996335,0.0002625,615.026
0,5785376,8,phononTS,0.00045473,0.00124282,-0.00114802,-0.0002625,28.2667,0.000382,1,-4.50385e-06,-4.15668e-06,0.0002625,999.083
0,5785376,7,phononTS,0.00131754,0.000620029,-0.00116264,0.000262498,28.2667,0.00131754,1,0.00197947,-0.00231376,-0.0002625,657.49
0,5785376,6,phononTS,0.000657216,0.000620029,-0.00116264,0.000262498,28.2667,0.000342338,1,0.00156472,-0.00108451,-0.0002625,420.533
0,5788782,20,phononTF,0.000493929,0.000434376,-0.000512749,-0.0002625,818.892,0.000382,1,4.43719e-06,-3.4351e-06,0.0002625,1322.3
0,5793379,11,phononL,0.00121147,0.000996099,-0.000998278,0.000262498,526.841,0.000277365,1,0.00109379,-0.00154755,-0.0002625,668.632
0,5794011,24,phononTF,0.000619283,0.00192756,9.57202e-05,-0.000262498,1060.01,0.000382,1,0.00200365,4.2895e-06,0.0002625,1220.78
0,5794011,21,phononTF,0.00158461,0.000707638,-0.00113778,0.000262498,45.7845,0.00084421,1,-0.000915556,-0.00371287,-0.0002625,997.476
0,5794052,19,phononTF,0.00129465,0.000313646,-0.000248645,-0.000262498,1042.18,0.000764,1,2.68178e-07,4.05246e-06,0.0002625,1238.5
0,5799339,13,phononTF,0.000454737,0.000861206,-0.00107399,-0.0002625,405.999,0.000382,1,0.00100201,-0.00100354,0.0002625,740.843
0,5802868,6,phononTS,0.00145072,0.000576819,-0.00106485,-0.000262498,169.738,0.000382,1,0.001004,-0.000999299,0.0002625,420.341
0,5802868,7,phononTS,0.000692081,0.001004,-0.000999299,0.000262498,420.341,0.000692081,1,0.00297022,0.00245431,-0.0002625,1800.54
0,5802952,11,phononTF,0.00109847,0.000728247,-0.00121583,-0.000262498,353.128,0.000382,1,0.00100129,-0.000997066,0.0002625,540.501
0,5804506,25,phononTS,0.000652191,4.09481e-05,-0.00192328,-0.000262498,781.575,0.000382,1,-4.86465e-06,-0.00200161,0.0002625,939.147
0,5807804,19,phononTS,0.0014769,0.00207425,8.30673e-05,-0.000262498,1083.07,0.000764,1,0.00200002,-3.49347e-06,0.0002625,1237.47
0,5808635,31,phononTS,0.000525183,0.00193058,0.00184995,-0.0002625,1515.53,0.000382,1,0.00199796,0.00199661,0.0002625,1890.6
0,5808635,27,phononTF,0.000696143,0.00219777,0.00173517,0.000262498,1212.75,0.000696143,1,0.00284264,0.00104188,-0.0002625,1536.85
0,5808635,2,phononTS,0.000744675,0.000656085,-0.00107587,0.000262498,135.797,0.000467611,1,0.000677369,-0.00107258,-0.0002625,298.97
0,5813777,15,phononTF,0.000780009,-0.005,0.00320792,-0.000236191,2430.76,0.000382,1,-0.000998559,-0.00100159,0.0002625,4192.36
0,5814808,13,phononTS,0.00143267,-0.000845864,-0.00105732,-0.000262498,525.863,0.000382,1,-0.000999299,-0.00100135,0.0002625,716.078
0,5814808,15,phononTS,0.000392007,-0.000999299,-0.00100135,0.000262498,716.078,0.000392007,1,-0.00101539,-0.00115995,-0.0002625,914.773
0,5816655,17,phononTF,0.000424144,0.00199827,-9.36876e-07,0.000262498,6239.81,0.000424144,1,0.00209195,9.65401e-05,-0.0002625,6402.47
0,5816701,15,phononTS,0.000465289,-7.24077e-05,-5.34705e-06,-0.0002625,1990.7,0.000382,1,-2.16734e-06,1.49669e-06,0.0002625,2316.07
0,5817125,12,phononTS,0.000682841,-0.00235138,0.00202398,-0.0002625,2220.74,0.000382,1,-0.00200202,0.00199607,0.0002625,2691.53
0,5824443,8,phononTS,0.000519669,0.000773844,-0.00152027,-0.000262498,625.554,0.000382,1,0.00199591,-0.00200111,0.0002625,1144.58
0,5825926,3,phononTS,0.00490007,0.000936784,-0.00102294,9.3314e-05,94.9115,0.000382,1,0.00100366,-0.0010037,0.0002625,395.822
0,5825926,6,phononTF,0.000510581,0.00100366,-0.0010037,0.000262498,395.822,0.000510581,1,0.00121246,-0.000839506,-0.0002625,570.788
0,5827830,22,phononTS,0.000569181,-2.39196e-05,-0.00204388,-0.000262498,1992.36,0.000382,1,4.32615e-06,-0.00199894,0.0002625,2154.76
0,5829617,16,phononTS,0.000467998,0.00200191,-0.0019965,0.000262498,6851.08,0.000467998,1,0.00208779,-0.00202925,-0.0002625,7009.54
0,5829617,2,phononTS,0.00357406,-0.000299963,-0.000349976,0.00016302,2.24243,0.000405148,1,-0.00056605,-0.000401411,-0.0002625,560.479
0,5831625,11,phononTS,0.000587127,3.94207e-06,-0.00199806,0.000262498,1462.17,0.000587127,1,-6.26289e-05,-0.00192784,-0.0002625,1618.43
0,5831625,5,phononTS,0.00173198,-4.14385e-05,-0.0017003,0.000262498,1123.52,0.00026489,1,3.28986e-05,-0.00176262,-0.0002625,1279.19
0,5833816,17,phononTS,0.0022327,-0.000395995,0.00277475,-0.000148884,150.337,0.000382,1,-0.00100462,0.00299729,0.0002625,1843.55
0,5835765,18,phononTS,0.00061525,-0.00112304,-0.00205367,-0.0002625,433.794,0.000382,1,-1.0964e-06,-0.00200306,0.0002625,1621.79
0,5835765,2,phononTS,0.00451983,0.00066819,-0.00106405,7.03774e-05,75.8059,0.00188374,1,0.000304236,-0.00103919,-0.0002625,361.677
0,5838878,12,phononTS,0.000729247,0.00239512,-0.000891508,-0.0002625,1999.23,0.000382,1,-1.05445e-06,0.00200152,0.0002625,5548.56
0,5838878,5,phononTS,0.00219648,0.000648459,-0.00104666,0.000262498,82.5898,0.000471305,1,0.000571688,-0.000965912,-0.0002625,257.954
0,5839147,9,phononTF,0.000391843,-0.000242587,-0.00176687,-0.0002625,625.113,0.000382,1,4.51944e-06,-0.00200388,0.0002625,999.532
0,5839147,4,phononTS,0.00240465,0.000622057,-0.00113804,0.000262498,8.20003,0.000464295,1,-8.39827e-05,-0.000933423,-0.0002625,339.399
0,5840325,20,phononTF,0.000567974,0.00103343,-0.00102876,-0.000262498,270.73,0.000382,1,0.00100288,-0.00100064,0.0002625,428.054
0,5841140,23,phononTF,0.000512916,0.0009964,-0.000999318,0.000262498,864.116,0.000512916,1,0.00122861,-0.000709116,-0.0002625,1055.04
0,5841140,2,phononTS,0.000599812,0.000597278,-0.00116668,0.000262498,20.2974,0.000599812,1,0.000506841,-0.00119783,-0.0002625,178.677
0,5841699,7,phononTS,0.00166099,-4.06604e-05,-0.00200852,-2.84958e-07,1200.57,0.000382,1,2.98561e-06,-0.00200158,0.0002625,1280.97
0,5843708,33,phononTS,0.00148024,0.000924602,-0.000934729,-0.000262498,226.77,0.000382,1,0.000997959,-0.000998905,0.0002625,381.731
0,5847320,13,phononTF,0.000738943,0.000795325,-0.00274366,-0.000262498,944.961,0.000382,1,0.00100098,-0.00299672,0.0002625,1128.83
0,5847320,6,phononTF,0.00102757,0.00065211,-0.00107087,0.000262498,93.0055,0.000299663,1,0.000246436,-0.0015531,-0.0002625,336.343
0,5849300,16,phononL,0.00164998,0.00164912,-0.00185868,-0.0002625,2517.41,0.000382,1,0.00200159,-0.00200149,0.0002625,2765.1
0,5850434,11,phononTS,0.000558884,0.00200464,-0.0019972,0.000262498,3652.66,0.000558884,1,0.00198464,-0.00206469,-0.0002625,3813.04
0,5853575,19,phononTF,0.000892424,-0.00300316,-0.000995309,0.000262498,8703.71,0.000627196,1,-0.00342301,-0.000497597,-0.0002625,8951.88
0,5854533,10,phononTF,0.000740667,0.000335456,-0.000382865,-0.0002625,652.709,0.000382,1,2.8818e-06,9.98671e-07,0.0002625,1088.72
0,5856901,3,phononTF,0.00552671,0.000993491,-0.000997417,0.000258202,267.171,0.000764,1,0.000995368,-0.000999682,0.0002625,607.61
0,5863663,4,phononTF,0.000486778,0.000908489,-0.00111836,-0.0002625,629.6,0.000382,1,0.00100073,-0.000999872,0.0002625,955.258
0,5863663,2,phononTF,0.00333393,0.000721038,-0.00120416,-0.000248085,90.153,0.000584986,1,0.000729495,-0.0012131,-0.0002625,254.808
0,5867677,19,phononTF,0.000390282,0.000289758,-0.00164313,-0.0002625,394.294,0.000382,1,-1.22581e-06,-0.00199649,0.0002625,807.845
0,5873821,25,phononTS,0.00200032,-0.00119915,-0.00094562,-0.000262498,2308.59,0.000764,1,-0.000997598,-0.00100427,0.0002625,2508.29
0,5877675,31,phononTS,0.000823206,-0.00206886,5.77017e-05,-0.000262498,9307.4,0.000382,1,-0.0020018,-2.85314e-06,0.0002625,9480.71
0,5880097,12,phononTF,0.000591838,0.000906069,-0.00117421,-0.000262498,1914.95,0.000382,1,0.00100496,-0.00100122,0.0002625,2087.71
0,5880244,16,phononTF,0.000602225,0.00178125,-0.000249807,-0.0002625,314.979,0.000382,1,0.00200312,8.78392e-07,0.0002625,696.776
0,5882098,21,phononTS,0.000665892,0.000844602,-0.00106995,-0.000262498,504.648,0.000382,1,0.00100057,-0.0010035,0.0002625,694.545
0,5886045,19,phononTF,0.000897658,0.000582289,-0.00133324,-0.000262498,212.115,0.000382,1,-3.52522e-06,-0.00199896,0.0002625,518.615
0,5890055,17,phononTF,0.000704672,-4.83926e-06,-0.00200216,0.000262498,315.449,0.000704672,1,0.000540037,-0.00151161,-0.0002625,584.961
0,5891740,4,phononTS,0.00120231,0.00100441,-0.000996009,0.0002625,60.4346,0.000480075,1,0.00119976,-0.000956834,-0.0002625,660.632
0,5895197,20,phononTS,0.000831687,0.00112399,0.00310965,-0.0002625,1620.27,0.000382,1,0.00100131,0.000996167,0.0002625,10271.7
0,5896548,7,phononTS,0.0021419,-0.000201361,-0.000862573,-0.0002625,748.506,0.000382,1,-4.40185e-06,-2.18293e-06,0.0002625,1535.74
0,5896548,17,phononTS,0.00126411,-4.40185e-06,-2.18293e-06,0.000262498,1535.74,0.00118174,1,-0.000818512,0.000220812,-0.0002625,1905.91
0,5900458,20,phononTS,0.00099372,-4.68071e-05,-0.0017899,-0.0002625,1804.4,0.000382,1,4.43207e-06,-0.00199646,0.0002625,2204.36
0,5900458,5,phononTS,0.00113844,0.000592856,-0.00109494,0.000262498,15.6887,0.000674647,1,0.000662763,-0.000994193,-0.0002625,195.011
0,5901846,14,phononTS,0.000384144,0.00278157,-0.00418313,-0.0002625,2833.2,0.000382,1,0.00100405,-0.00100148,0.0002625,7650.29
0,5902461,5,phononTS,0.00438385,0.00103371,-0.000954002,-8.35386e-05,611.175,0.001146,1,0.00100396,-0.000998784,0.0002625,887.918
0,5905775,27,phononTS,0.000820762,0.00100042,-0.000998126,0.0002625,489.361,0.000820762,1,0.000916234,-0.00108274,-0.0002625,951.102
0,5909311,14,phononTS,0.000462192,0.00203831,-0.0025705,-0.000262498,1728.49,0.000382,1,0.00200396,-0.00199524,0.0002625,2010.4
0,5912664,5,phononTS,0.000914229,0.000648661,-0.00105421,-0.0002625,100.237,0.000382,1,0.000995007,-0.00100263,0.0002625,500.045
0,5920623,21,phononTF,0.000597007,-0.000624398,-0.0013821,-0.0002625,1583.29,0.000382,1,-0.00100437,-0.000999772,0.0002625,2041.68
0,5922557,24,phononTF,0.000758109,0.000794802,-0.00119186,-0.000262498,238.572,0.000382,1,0.00100235,-0.00099956,0.0002625,417.801
0,5922557,2,phononL,0.00207719,0.000711145,-0.00110585,0.000262498,84.6993,0.000763521,1,-0.00127943,-0.000973253,-0.0002625,471.542
0,5923086,39,phononTS,0.000570317,0.000563667,-0.00127321,-0.000262498,211.828,0.000382,1,0.00100372,-0.000995868,0.0002625,510.795
0,5925915,8,phononTS,0.000749653,-0.00100395,-0.000996367,0.0002625,674.841,0.000653044,1,-0.00202189,-0.00154041,-0.0002625,1649.88
0,5927174,31,phononTS,0.000454766,0.00198608,-0.0020889,-0.000262498,2599.88,0.000382,1,0.00200273,-0.00200447,0.0002625,2760.22
0,5927526,2,phononTS,0.00231114,-0.000288016,-0.000453431,-8.94144e-06,22.5181,0.000764,1,0.000997622,0.000998276,0.0002625,1332.31
0,5928044,8,phononTS,0.0015646,0.000543059,0.0020719,-0.000262498,2362.19,0.000382,1,-4.15827e-06,0.00200127,0.0002625,2644.25
0,5930113,18,phononTF,0.000507086,-0.00196168,0.00196967,-0.0002625,1689.92,0.000382,1,-0.00199525,0.00199801,0.0002625,2319.42
0,5936492,12,phononTF,0.000672191,-8.74671e-05,-0.000102339,-0.0002625,935.318,0.000382,1,-4.7851e-06,-3.9854e-06,0.0002625,1260.4
0,5936492,2,phononTS,0.00319148,-0.00235763,-0.00131345,-0.000143212,94.6015,0.000108402,1,-0.00233563,-0.00125316,-0.0002625,1428.95
0,5937348,10,phononTF,0.000586882,0.00112124,-0.00119349,-0.0002625,845.611,0.000382,1,0.00100287,-0.0010041,0.0002625,1206.65
0,5946095,8,phononTF,0.000437253,-0.000661213,-0.00053743,-0.0002625,66.4913,0.000382,1,-0.00199581,-8.4447e-08,0.0002625,1075.49
0,5946095,7,phononTS,0.000523045,0.000673376,-0.00107477,0.000262498,66.4913,0.000523045,1,0.00405665,0.000683381,-0.0002625,1398.96
0,5946316,15,phononTS,0.000737404,-0.000833104,-0.000648154,-0.0002625,729.282,0.000382,1,-0.00200165,-2.29307e-07,0.0002625,1762.65
0,5948136,5,phononTS,0.000670467,0.00100015,-0.0010046,0.0002625,471.364,0.000670467,1,0.00091179,-0.0010072,-0.0002625,959.417
0,5948136,3,phononTS,0.000783359,0.000643396,-0.00113631,0.000262498,16.3973,0.000586643,1,0.00140506,-0.00108796,-0.0002625,363.916
0,5948496,2,phononTF,0.00625391,0.000966654,-0.00105021,0.000105559,169.375,0.001528,1,0.00100327,-0.00100341,0.0002625,490.56
0,5952949,12,phononTS,0.000531447,0.000208128,0.00137557,-0.0002625,852.068,0.000382,1,-3.06406e-06,0.00199885,0.0002625,2004.97
0,5958335,5,phononTF,0.00125099,0.00216243,-0.00119021,-8.36372e-05,1376.24,0.000382,1,0.000998418,-0.00299964,0.0002625,2213.49
0,5959992,21,phononL,0.000986599,0.000995452,-0.00100159,0.0002625,797.502,0.000722914,1,0.00122001,-0.000832213,-0.0002625,1031.75
0,5960894,2,phononTF,0.00100056,0.00070822,-0.00124168,-0.000197636,61.0412,0.000382,1,0.000999091,-0.00100303,0.0002625,382.322
0,5970794,31,phononTS,0.000403097,-0.000920329,0.00108398,-0.000262498,5005.73,0.000382,1,-0.00100117,0.00099897,0.0002625,5159.83
0,5970794,2,phononTS,0.000778068,0.000634008,-0.00116224,0.000262498,21.4612,0.00030332,1,-0.000552805,-0.00328304,-0.0002625,913.771
0,5974168,15,phononTF,0.000559157,-0.000324512,-0.000299228,-0.0002625,708.382,0.000382,1,-4.45889e-06,-2.38658e-06,0.0002625,1119.71
0,5977287,23,phononTF,0.000409085,0.000568875,-0.000971243,-0.000262498,614.959,0.000382,1,0.00200351,-0.00199962,0.0002625,1186.08
0,5979209,29,phononL,0.00208234,0.000421423,-0.00241086,-0.000262498,496.125,0.000382,1,-4.80113e-06,-0.00199715,0.0002625,646.151
0,5984255,7,phononTS,0.000775261,0.000820242,-0.00110906,-0.0002625,376.394,0.000382,1,0.0010042,-0.00100008,0.0002625,809.693
0,5988327,24,phononTF,0.00103631,0.00225396,0.000234772,-0.000262498,1235.1,0.000382,1,0.00199613,1.92545e-06,0.0002625,1422.95
0,5992502,10,phononTS,0.00125181,0.00238632,0.000453755,-0.0002625,352.149,0.000382,1,0.00300221,0.00100337,0.0002625,1916.18
0,5994393,18,phononTF,0.00267488,-0.0008806,-0.00109706,-0.0002625,686.931,0.000764,1,-0.000995312,-0.00100487,0.0002625,1012.27
0,5996961,10,phononTF,0.000446311,0.000383207,-0.0024552,-0.0002625,3531.44,0.000382,1,0.00100297,-0.003002,0.0002625,4136.15
0,5998694,22,phononTS,0.000395303,2.36463e-06,-0.00199992,0.0002625,286.212,0.000395303,1,-0.00209699,-0.00453653,-0.0002625,1991.43
0,5999382,15,phononTS,0.000510149,1.49916e-08,-0.00200298,0.0002625,826.09,0.000510149,1,0.000183508,-0.00272521,-0.0002625,1535.15
0,6006238,4,phononTF,0.00112132,0.000808044,-0.000898684,-0.0002625,174.558,0.000764,1,0.000995787,-0.000996461,0.0002625,525.069
0,6007989,9,phononTS,0.00251194,0.00101634,-0.00101587,-0.0002625,1073.75,0.000382,1,0.000999847,-0.00100028,0.0002625,1415.76
0,6010701,20,phononTS,0.00160251,-7.9585e-07,-0.00199617,0.000262498,413.92,0.0012923,1,7.53593e-05,-0.00128322,-0.0002625,753.311
0,6012385,15,phononTF,0.0014189,-0.00147566,-0.00148294,-0.000262498,1159.41,0.000382,1,-0.00199943,-0.00199557,0.0002625,1428.7
0,6012385,20,phononTS,0.000620382,-0.00199943,-0.00199557,0.000262498,1428.7,0.000620382,1,-0.00192455,-0.00206483,-0.0002625,1603.6
0,6013341,25,phononTS,0.000460773,0.00208551,-0.0024059,-0.000262498,1296.86,0.000382,1,0.00199886,-0.0020031,0.0002625,1540.96
0,6014364,21,phononTF,0.000439035,0.00221133,-0.001734,-0.0002625,848.056,0.000382,1,0.00200015,-0.00199821,0.0002625,2022.82
0,6015189,11,phononTS,0.000532962,3.40869e-05,6.92491e-05,-0.000262498,1114.07,0.000382,1,-4.27776e-06,4.12926e-08,0.0002625,1269.49
0,6015189,4,phononTF,0.00316931,0.000596841,-0.00105381,0.000262498,70.2765,0.000571152,1,2.33694e-05,-0.00154427,-0.0002625,343.11
0,6017228,24,phononTF,0.000541262,0.00050578,-0.00142414,-0.000262498,253.423,0.000382,1,0.00100306,-0.000998193,0.0002625,502.884
0,6018912,14,phononTF,0.00040021,0.000866776,-0.00108678,-0.0002625,546.192,0.000382,1,-2.9972e-07,-0.00199906,0.0002625,1362.62
0,6018965,10,phononTS,0.000606572,0.00150997,-0.00155967,-0.0002625,1070.77,0.000382,1,-4.08234e-06,-0.00200116,0.0002625,2285.82
0,6021819,28,phononTF,0.000626029,0.00269919,0.000727089,-0.000262498,1550.95,0.000382,1,0.00299638,0.000997398,0.0002625,1749.6
0,6029591,27,phononTF,0.000843433,0.00311545,0.00114556,-0.0002625,1918.9,0.000382,1,0.00299626,0.00100237,0.0002625,2251.28
0,6032973,24,phononTS,0.00049087,-0.00313519,-0.000761363,-0.0002625,1895.55,0.000382,1,-0.00299997,-0.000995117,0.0002625,2587.22
0,6040522,9,phononTS,0.000718899,-0.000950065,0.00237024,-0.0002625,1599.13,0.000382,1,-0.00099628,0.00299688,0.0002625,2797.43
0,6043171,14,phononL,0.000509189,0.00141922,0.000781084,-0.0002625,1099.69,0.000382,1,0.00100361,0.0010039,0.0002625,1365.58
0,6045290,29,phononTS,0.000681681,-6.29178e-07,-0.0020016,0.000262498,1020.76,0.000681681,1,-4.4738e-05,-0.00202108,-0.0002625,1177.08
0,6045673,10,phononTS,0.000386411,5.30737e-05,-0.00206916,-0.000262498,402.261,0.000382,1,-3.1188e-06,-0.0019959,0.0002625,559.199
0,6048054,2,phononTS,0.00104567,0.000812249,-0.00104178,-0.0002625,222.85,0.000382,1,0.000998791,-0.00100074,0.0002625,614.846
0,6053189,18,phononTS,0.000620323,0.00107055,-0.00103349,-0.0002625,450.82,0.000382,1,0.00100483,-0.00100243,0.0002625,819.7
0,6053271,19,phononTS,0.00186935,0.000136428,-0.00203516,3.90977e-05,156.985,0.000382,1,2.82476e-06,-0.00199939,0.0002625,616.877
0,6053271,20,phononTS,0.000970149,2.82476e-06,-0.00199939,0.000262498,616.877,0.000752344,1,-7.0061e-05,-0.0021513,-0.0002625,805.531
0,6057060,38,phononTS,0.000987302,0.000924186,-0.00142202,-0.000262498,207.315,0.000382,1,0.0010043,-0.00100015,0.0002625,456.562
0,6058234,3,phononTS,0.00189716,0.000805261,-0.00205816,-0.0002625,34.403,0.000764,1,0.00100174,-0.00299725,0.0002625,805.884
0,6059968,8,phononTF,0.00108098,0.000999668,-0.00299663,0.000262498,1387.65,0.000195381,1,0.000817816,-0.00276927,-0.0002625,1566.22
0,6063925,26,phononTS,0.000492215,-0.00297596,-0.000982303,-0.000262498,3976.98,0.000382,1,-0.00299799,-0.0010044,0.0002625,4148.24
0,6064948,20,phononTS,0.00177497,0.0016848,0.000801704,-0.0002625,576.31,0.000764,1,0.000996247,0.00100272,0.0002625,1085.35
0,6066358,26,phononTS,0.000468415,0.00100136,-0.00109342,-0.0002625,633.145,0.000382,1,0.00100089,-0.000997073,0.0002625,1181.18
0,6066894,13,phononTS,0.000777203,8.25802e-05,4.46351e-05,-0.0002625,904.091,0.000382,1,-1.64652e-07,3.67708e-06,0.0002625,1781.01
0,6069951,7,phononTS,0.000495255,0.00101318,-0.0009187,-0.000262498,617.812,0.000382,1,0.000998848,-0.00100253,0.0002625,782.303
0,6071166,13,phononTS,0.000645071,1.06463e-05,-0.000564086,-0.0002625,1383.86,0.000382,1,4.21316e-06,3.46086e-06,0.0002625,1968.52
0,6072470,11,phononTF,0.00048544,0.000517044,-0.00140649,-0.000262498,1064.33,0.000382,1,0.000995123,-0.000995381,0.0002625,1308.18
0,6073313,14,phononTS,0.000519506,0.000546602,-0.000908724,-0.0002625,341.218,0.000382,1,0.000999062,-0.000999858,0.0002625,853.842
0,6073313,2,phononL,0.000584679,0.000638295,-0.00119567,0.000262498,28.8555,0.000584679,1,0.000536358,-0.00151081,-0.0002625,148.952
0,6074530,3,phononTF,0.00566043,0.0010687,-0.00103034,0.000166579,35.4952,0.000764,1,0.000995454,-0.00100388,0.0002625,555.827
0,6079524,10,phononTF,0.00095855,0.000165679,-0.00183461,-0.0002625,77.2469,0.000382,1,3.28743e-06,-0.00199653,0.0002625,538.209
0,6082469,18,phononTF,0.000532878,0.0011617,-0.000833253,-0.000262498,479.1,0.000382,1,0.00100454,-0.000999614,0.0002625,652.21
0,6084600,14,phononTS,0.000786086,-0.000659527,-0.00166567,-0.0002625,3010.45,0.000382,1,-0.00199503,-0.00200313,0.0002625,4637.79
0,6085931,41,phononTS,0.000388823,-0.00141967,-0.00135425,-0.0002625,9555.52,0.000382,1,0.00100151,-0.00299573,0.0002625,11664.4
0,6088860,8,phononTF,0.000626809,1.26027e-05,-0.00207703,-0.000262498,845.4,0.000382,1,-1.41888e-06,-0.00199994,0.0002625,1005.36
0,6091671,10,phononTF,0.000548689,0.000853697,-0.00106977,-0.0002625,91.7845,0.000382,1,0.00100362,-0.00100043,0.0002625,429.214
0,6092032,3,phononTF,0.00752095,0.000979214,-0.00104279,0.000222134,386.221,0.002674,1,0.00100353,-0.00100269,0.0002625,450.161
0,6094863,10,phononTS,0.000566021,-6.43137e-05,-0.000435033,-0.000262498,607.808,0.000382,1,-0.00100158,-0.00100491,0.0002625,1079.24
0,6095182,9,phononTS,0.0010923,0.00300474,0.000995439,0.0002625,1389.72,0.000668999,1,0.00467995,0.00054753,-0.0002625,3363.68
0,6100342,40,phononL,0.000463111,-0.000857985,-0.000627099,-0.0002625,4450.96,0.000382,1,-0.000995145,-0.000999514,0.0002625,4701.36
0,6102639,3,phononTS,0.00172999,0.000817032,-0.00106266,-0.0002625,1.07555,0.000382,1,0.00100232,-0.000998525,0.0002625,391.703
0,6107487,21,phononTF,0.0029945,-0.000244441,-0.00185011,-0.0002625,328.284,0.001146,1,-0.00100396,-0.00100088,0.0002625,1429.32
0,6109464,5,phononTS,0.0012116,0.000325313,-0.00160058,-0.0002625,77.3397,0.000382,1,-2.53944e-06,-0.00200175,0.0002625,676.81
0,6112996,14,phononTS,0.000567379,0.00190346,-8.32719e-05,-0.0002625,1346.95,0.000382,1,0.00199757,-1.20794e-06,0.0002625,2200.4
0,6118648,18,phononTS,0.000823232,0.0010044,-0.00100241,0.0002625,511.123,0.000288844,1,0.00178755,-0.000726504,-0.0002625,1232.74
0,6122694,17,phononTS,0.000649362,0.000842437,-0.000946583,-0.0002625,262.576,0.000382,1,0.00100183,-0.000997151,0.0002625,838.076
0,6123095,12,phononTF,0.000750067,0.000703113,-0.00276555,-0.000262498,1692.2,0.000382,1,0.000998376,-0.00300179,0.0002625,1884.2
0,6134042,14,phononTF,0.000973836,-0.000826936,-0.000904812,-0.000262498,1956.57,0.000382,1,-0.00100453,-0.00100185,0.0002625,2130.06
0,6136717,30,phononTF,0.000613761,0.00106683,-0.000855118,-0.0002625,993.151,0.000382,1,0.0019973,3.97417e-07,0.0002625,1809.52
0,6139198,2,phononTS,0.00294258,0.000813285,-0.00106713,-0.0002625,6.31329,0.000764,1,0.000998203,-0.00100141,0.0002625,397.788
0,6139198,19,phononTS,0.00131351,0.000998203,-0.00100141,0.000262498,397.788,0.000915937,1,0.00108672,-0.000935738,-0.0002625,552.831
0,6139357,7,phononTS,0.00173458,0.000315596,-0.00156787,-0.0002625,25.0515,0.000382,1,1.32303e-06,-0.00199774,0.0002625,631.839
0,6139578,26,phononL,0.00038998,0.00239792,0.00200124,-0.0002625,12023,0.000382,1,0.00199571,0.00199505,0.0002625,12273.6
0,6139846,19,phononTS,0.000823241,0.000758493,-0.000999679,-0.000262498,1061.76,0.000382,1,0.000997037,-0.000996043,0.0002625,1268.98
0,6141640,15,phononTS,0.000488907,0.000999547,-0.000998891,0.0002625,1270.27,0.000488907,1,0.0010311,-0.00154492,-0.0002625,1697.49
0,6143375,3,phononL,0.0029173,0.00132025,0.000424992,-0.0002625,12.2293,0.000382,1,0.00199942,0.00199946,0.0002625,711.617
0,6144500,36,phononTS,0.000416224,0.00118719,0.00133267,-0.000262498,5427.34,0.000382,1,0.00100108,0.00100458,0.0002625,5685.88
0,6144710,2,phononTS,0.00460927,-0.000895279,-0.000963217,-8.19529e-05,59.7995,0.000382,1,-0.000996249,-0.000999873,0.0002625,1420.68
0,6144710,27,phononTF,0.00118876,-0.000996249,-0.000999873,0.000262498,1420.68,0.00052543,1,-0.00280908,0.000771652,-0.0002625,2193.81
0,6146540,22,phononTS,0.000788704,-0.00213381,0.0012185,-0.0002625,1387.92,0.000382,1,-0.00199935,0.00199566,0.0002625,2379.14
0,6152324,17,phononTS,0.000751219,-0.00100253,-0.000995955,0.0002625,1141.83,0.000239765,1,-0.000771696,-0.00133253,-0.0002625,2486.78
0,6153680,2,phononTF,0.00284736,0.000941543,-0.00105788,0.000156561,97.3202,0.000382,1,0.000997106,-0.00100266,0.0002625,255.327
0,6153986,4,phononL,0.00343587,0.00101738,-0.00102503,0.000215766,69.0946,0.000382,1,0.00100442,-0.00100479,0.0002625,1051.44
0,6154746,27,phononTS,0.000392334,0.00106961,-0.00105201,-0.000262498,2669.33,0.000382,1,0.00100463,-0.00100059,0.0002625,2827.41
0,6158627,3,phononTS,0.000798634,0.000809283,-0.00106664,-0.0002625,5.84238,0.000382,1,0.000995966,-0.000995984,0.0002625,428.627
0,6161407,8,phononTS,0.000535718,0.000191538,-0.00107108,-0.000262498,298.014,0.000382,1,1.77193e-06,-0.00200282,0.0002625,681.805
0,6161407,6,phononTF,0.00131119,0.000678843,-0.00110323,0.000262498,45.5396,0.0003298,1,-2.09197e-06,-0.000348645,-0.0002625,386.467
0,6172150,9,phononL,0.000488039,0.000995973,-0.000998682,0.0002625,663.958,0.000488039,1,0.000422766,-0.000907038,-0.0002625,924.16
0,6174982,8,phononTS,0.000782763,-0.000565228,-0.00132823,-0.000262498,916.885,0.000382,1,-0.00100314,-0.0010035,0.0002625,1223.98
0,6178234,29,phononTS,0.000538006,-0.00199928,-0.0019952,0.000262498,2250.19,0.000538006,1,-0.00157817,-0.00208481,-0.0002625,2498.75
0,6181525,16,phononTS,0.00136289,0.0021023,-0.00260121,-0.0002625,1138.58,0.000382,1,0.00199906,-0.00199774,0.0002625,1679.05
0,6182339,16,phononTS,0.000439869,-0.000997882,0.000997846,0.0002625,134.539,0.000439869,1,-0.0013454,0.00102867,-0.0002625,4745.88
0,6183723,36,phononTS,0.0011275,0.000907672,-0.000924577,-0.000262498,386.54,0.000382,1,0.00099611,-0.000999784,0.0002625,540.836
0,6184469,6,phononTS,0.00131062,0.000800871,-0.00107092,-0.0002625,23.2705,0.000764,1,0.000999644,-0.00100121,0.0002625,419.903
0,6187833,17,phononTF,0.0011701,0.00101845,-0.00142526,-0.0002625,138.781,0.000382,1,0.00200417,-0.00200183,0.0002625,1061.88
0,6189129,3,phononL,0.00577175,0.00097869,-0.000985934,0.000245136,139.114,0.001146,1,0.00100185,-0.000995575,0.0002625,275.405
0,6193920,28,phononTF,0.0013399,0.00124062,-0.00277359,-0.000262498,1205.62,0.000382,1,0.00100472,-0.00299556,0.0002625,1389.84
0,6193935,49,phononTF,0.000600205,0.000365797,-0.00271288,-0.0002625,4341.27,0.000382,1,1.33048e-06,-0.00200092,0.0002625,5614.86
0,6194230,28,phononTS,0.000520596,0.00200402,-4.31435e-06,0.000262498,610.891,0.000520596,1,0.00195289,5.63669e-05,-0.0002625,767.111
0,6198936,5,phononL,0.00237557,0.000309123,-0.00156074,-0.0002625,4.25971,0.001146,1,-4.38204e-06,-0.00199605,0.0002625,287.131
0,6199526,14,phononTS,0.000413858,0.000720556,-0.00108902,-0.000262498,301.679,0.000382,1,9.97757e-07,-0.0019958,0.0002625,794.366
0,6201989,13,phononTF,0.000599407,0.00034411,-0.00161173,-0.0002625,853.36,0.000382,1,-1.13701e-06,-0.00199706,0.0002625,1512.5
0,6202657,24,phononTF,0.000452048,9.09121e-07,0.00199884,0.000262498,2305.31,0.000452048,1,-0.000268972,0.0022314,-0.0002625,2494.35
0,6206434,7,phononTS,0.000847561,-0.000154744,-0.00103187,-0.0002625,154.222,0.000382,1,-0.00100321,-0.00100303,0.0002625,899.367
0,6208662,10,phononTF,0.000504858,0.00190439,-0.00216529,-0.0002625,865.159,0.000382,1,0.00199689,-0.00199839,0.0002625,1207.4
0,6213078,9,phononTS,0.000472826,0.000843965,-0.0010771,-0.0002625,63.6827,0.000382,1,0.000995918,-0.000999828,0.0002625,440.232
0,6213078,8,phononTS,0.00097842,0.000692012,-0.00115438,0.000262498,63.6827,0.000760835,1,0.000214284,0.000498207,-0.0002625,717.642
0,6217358,21,phononTF,0.00056184,0.000133018,-0.00193693,-0.0002625,846.373,0.000382,1,-8.94701e-07,-0.00199763,0.0002625,1345.49
0,6220603,16,phononTS,0.000498942,0.00102535,-0.00151779,-0.000262498,244.662,0.000382,1,0.000999302,-0.000997948,0.0002625,522.805
0,6224721,15,phononTS,0.000692448,-0.000301526,-0.00103848,-0.0002625,2895,0.000382,1,-0.000995585,-0.00100124,0.0002625,3541.29
0,6227080,9,phononL,0.00110566,-5.27639e-05,-0.00060336,-0.0002625,114.268,0.000382,1,-3.65804e-07,-0.00199773,0.0002625,873.785
0,6227549,5,phononTS,0.000749361,0.005,0.00486991,9.45497e-06,136.936,0.000382,1,0.00199972,0.00199892,0.0002625,3759.49
0,6228084,39,phononTS,0.000686503,0.005,0.00245526,-0.000212305,5587.86,0.000382,1,0.00200042,2.9557e-06,0.0002625,7152.1
0,6233959,15,phononTS,0.000443801,0.000337697,-5.39501e-05,-0.000262498,3194.16,0.000382,1,-3.97483e-06,-1.68507e-06,0.0002625,3436.27
0,6240361,22,phononTS,0.00288725,9.01955e-05,-0.00206804,-0.0002625,623.974,0.000382,1,-8.50664e-07,-0.00199618,0.0002625,1098.21
0,6241528,29,phononTF,0.0004644,-0.000105924,-0.00191384,-0.0002625,4592.27,0.000382,1,1.19267e-06,-0.00199703,0.0002625,4961.07
0,6247514,19,phononTS,0.000881846,-6.88414e-05,-0.00196405,-0.000262498,828.993,0.000382,1,-2.02845e-06,-0.00200305,0.0002625,988.178
0,6247736,13,phononTS,0.000497402,0.000933351,-0.000826336,-0.0002625,1329.27,0.000382,1,0.000995433,-0.00100111,0.0002625,1717.19
0,6247736,11,phononL,0.00234068,0.000731286,-0.00115094,0.000212723,658.85,0.000700315,1,0.000545402,-0.000577612,-0.0002625,945.762
0,6248990,11,phononL,0.00120039,-0.00479801,-0.0018157,-0.0002625,3912.39,0.000382,1,-0.00200493,-0.00200243,0.0002625,4586.79
0,6255996,16,phononTS,0.000417555,4.80557e-05,-0.00208281,-0.0002625,3015.85,0.000382,1,-3.53578e-06,-0.00200124,0.0002625,3486.16
0,6257825,15,phononTS,0.000385849,-0.000972097,-0.000905547,-0.0002625,366.523,0.000382,1,-0.00100273,-0.000995947,0.0002625,1000.28
0,6257825,5,phononTF,0.00310921,0.000620739,-0.00111119,0.000262498,12.9638,0.00101007,1,0.00108596,-0.000714751,-0.0002625,252.48
0,6261637,13,phononTF,0.0011591,0.00134964,-0.000741045,-0.0002625,1051.28,0.000382,1,0.00200363,-6.14234e-07,0.0002625,1716.55
0,6261637,14,phononL,0.000657968,0.00200363,-6.14234e-07,0.000262498,1716.55,0.000508479,1,0.0015624,8.57567e-06,-0.0002625,1845.34
0,6262969,8,phononTS,0.000728651,0.000949439,-0.00118677,-0.000262498,240.149,0.000382,1,0.00100194,-0.000996718,0.0002625,449.661
0,6265256,16,phononTS,0.000577701,-7.39695e-05,-0.000109296,-0.0002625,820.334,0.000382,1,-7.88521e-07,1.93154e-06,0.0002625,1210.26
0,6267260,2,phononTS,0.00389547,0.001048,-0.00115164,0.000157927,0.572571,0.001146,1,0.00100353,-0.000999585,0.0002625,229.604
0,6267846,14,phononL,0.000428074,-0.00109401,-0.00200571,-0.0002625,1153.82,0.000382,1,-0.00199637,-0.00200427,0.0002625,1537.28
0,6268312,28,phononTS,0.000728759,-6.94199e-05,-0.000769697,-0.000262498,727.302,0.000382,1,-4.40751e-07,-4.2116e-06,0.0002625,1080.38
0,6268606,33,phononTS,0.000517265,-0.00255316,0.00391757,-0.000262499,3673.43,0.000382,1,0.0019961,-0.00199721,0.0002625,5934.88
0,6268606,28,phononTS,0.000746692,0.000716254,-0.00111848,0.000262498,145.009,0.000746692,1,0.00082561,-0.000523234,-0.0002625,456.768
0,6272438,23,phononTS,0.000385085,0.000938684,-0.00104565,-0.0002625,348.603,0.000382,1,0.000996904,-0.00100209,0.0002625,667.528
0,6274341,25,phononTF,0.00042133,-0.00100427,-0.00100253,0.000262498,3833.08,0.00042133,1,-0.000257203,-0.00226625,-0.0002625,4329.47
0,6280108,23,phononTS,0.000623189,-0.00100036,-0.00100354,0.000262498,1239.05,0.000623189,1,-0.00108777,-0.000994801,-0.0002625,1402.62
0,6284614,2,phononTS,0.00428913,2.17678e-05,-0.00177937,4.6376e-05,10.9387,0.001146,1,4.49357e-06,-0.00199587,0.0002625,1117.83
0,6285494,19,phononTS,0.000776469,-9.73846e-07,0.00199838,0.0002625,2563.79,0.000691077,1,-0.00230297,0.000968735,-0.0002625,4391.32
0,6286427,7,phononL,0.000741785,0.000999343,-0.00100372,0.000262498,471.121,0.000256316,1,0.00115442,-0.00168969,-0.0002625,633.362
0,6288118,16,phononTS,0.00051531,0.00300062,0.000996565,0.000262498,2826.9,0.00051531,1,0.00221227,0.00108961,-0.0002625,3188.76
0,6288118,11,phononTS,0.00143699,0.000602118,-0.00114127,0.000262498,17.8601,0.000756152,1,9.33575e-05,-0.000551335,-0.0002625,394.712
0,6289545,15,phononL,0.00527218,0.000952714,-0.000708133,0.000176043,432.425,0.001146,1,0.00100032,-0.000995746,0.0002625,920.082
0,6289545,19,phononL,0.00100899,0.00100032,-0.000995746,0.000262498,920.082,0.000388582,1,0.00126067,-0.00120433,-0.0002625,1040.56
0,6291267,11,phononTF,0.000779238,0.000386315,-0.00161787,-0.0002625,2287.57,0.000382,1,-2.43752e-06,-0.00200144,0.0002625,2747.73
0,6293103,6,phononTF,0.00285746,0.000919886,-0.00109299,-0.000218463,250.242,0.000764,1,0.000995921,-0.00100384,0.0002625,568.763
0,6295168,16,phononTS,0.000472066,0.001998,-8.82604e-05,-0.0002625,848.496,0.000382,1,0.00199866,-4.26557e-06,0.0002625,1173.85
0,6296467,5,phononTS,0.00385301,0.00121953,-0.00106199,2.7156e-05,16.4306,0.000764,1,-4.55397e-06,-2.45636e-07,0.0002625,921.071
0,6299522,6,phononTF,0.00058676,-0.000580418,0.000593042,-0.000262498,1256.6,0.000382,1,-0.000995215,0.00099756,0.0002625,1493.6
0,6299669,29,phononTF,0.000450403,7.63982e-07,0.00199899,0.000262498,4664.3,0.000450403,1,-0.000709143,0.00269721,-0.0002625,5000.55
0,6299842,16,phononTF,0.000586453,-0.000997606,-0.000997985,0.0002625,2392.33,0.000507468,1,-0.00118052,-0.00119441,-0.0002625,2750.26
0,6304187,4,phononTS,0.00391628,0.000930718,0.00114153,-0.0002625,113.23,0.000382,1,0.000995149,0.00100341,0.0002625,1684.34
0,6305797,6,phononTS,0.00138593,0.00107654,-0.0010637,-0.0002625,24.4237,0.000382,1,0.00100148,-0.000995465,0.0002625,444.394
0,6306042,11,phononTS,0.000776692,0.00192564,-0.00185476,-0.0002625,1195.57,0.000382,1,0.00200415,-0.00199885,0.0002625,2285.67
0,6306325,24,phononL,0.000549618,0.00099851,0.000997193,0.0002625,1191.5,0.000549618,1,0.00166099,0.00197785,-0.0002625,1960.54
0,6306325,23,phononTF,0.00127077,-0.000326439,-0.00096411,0.000262498,1191.5,0.000223641,1,8.25485e-05,-0.000484301,-0.0002625,1435.31
0,6308208,10,phononTS,0.000904102,0.00200497,-0.00200017,0.000262498,1414.06,0.000338972,1,0.00147924,-0.000945732,-0.0002625,1882.74
0,6308363,12,phononTF,0.000409272,-0.00185795,-0.00212704,-0.0002625,2058.42,0.000382,1,-0.00199625,-0.00199537,0.0002625,7398.93
0,6310727,7,phononTS,0.000828915,0.000906382,-0.00107141,-0.000262498,370.672,0.000382,1,0.000996048,-0.00100311,0.0002625,525.433
0,6310727,18,phononTF,0.000401788,0.000996048,-0.00100311,0.000262498,525.433,0.000401788,1,0.000743561,-0.00128247,-0.0002625,723.746
0,6315687,12,phononTS,0.000508085,0.00109311,-0.000947845,-0.000262498,1276.79,0.000382,1,0.00100171,-0.00100476,0.0002625,1432.45
0,6320362,31,phononTS,0.00152982,0.000370115,2.39807e-05,-0.0002625,403.954,0.000382,1,-2.51349e-06,3.86878e-06,0.0002625,1597.87
0,6320767,24,phononTF,0.000528879,-6.36026e-07,0.00207939,-0.000262498,2888.87,0.000382,1,0.00099972,0.00100446,0.0002625,3361.46
0,6320767,20,phononTF,0.000825417,0.005,0.00362022,-5.36149e-06,1480.98,0.000825417,1,0.00432296,0.005,-4.25297e-05,3908.43
0,6325640,11,phononTS,0.00051321,-0.000923378,-0.00102947,-0.000262498,1670.13,0.000382,1,-0.00100448,-0.00100262,0.0002625,1836.53
0,6326521,10,phononTS,0.000442063,-0.000999131,0.00100139,0.0002625,6.87416,0.000442063,1,-0.000305169,-0.000921061,-0.0002625,3171.76
0,6335318,8,phononTS,0.000916696,0.000978471,-0.00207264,-0.000262498,2886.46,0.000382,1,-8.35518e-07,-0.00199778,0.0002625,3289.35
0,6338880,17,phononTS,0.000503806,-0.00302655,-0.00107565,-0.0002625,5387.48,0.000382,1,-0.0030035,-0.00100117,0.0002625,6372.32
0,6339512,12,phononTS,0.000510621,0.00136094,0.000479648,-0.0002625,82.0249,0.000382,1,0.00200384,0.00199753,0.0002625,1358.79
0,6340475,16,phononTF,0.000716092,0.000129976,0.00192815,-0.0002625,3785.61,0.000382,1,2.87106e-06,0.00199684,0.0002625,4544.74
0,6346967,6,phononTS,0.00054202,0.000913167,-0.000928829,-0.0002625,127.405,0.000382,1,0.00100239,-0.000999349,0.0002625,436.567
0,6349262,12,phononTS,0.000598153,0.005,0.0014175,-1.7388e-05,3817.26,0.000382,1,-3.37739e-07,-0.00200011,0.0002625,5840.25
0,6351628,2,phononTF,0.0048792,0.00108125,-0.000937624,9.46552e-05,101.054,0.000764,1,0.00100147,-0.00100151,0.0002625,362.689
0,6355746,17,phononTF,0.00133323,-0.000564294,-0.0015116,-0.0002625,412.662,0.000382,1,-0.0020026,-0.00199651,0.0002625,1479.02
0,6355891,16,phononTF,0.00072146,0.00200231,3.17759e-06,0.000262498,3278.32,0.00072146,1,0.00143363,-0.000580714,-0.0002625,3567.9
0,6360794,14,phononTS,0.000403593,-0.00116181,0.005,-8.7446e-05,3593.7,0.000403593,1,-0.000344188,0.00428965,-0.0002625,6886.88
0,6360794,4,phononTF,0.00162515,0.000620997,-0.0011414,0.000262498,6.04303,0.00162515,1,0.000930812,-0.00107031,-0.0002625,207.538
0,6361842,10,phononTF,0.00111463,0.000662033,-0.00127175,-0.0002625,576.741,0.000382,1,0.000998106,-0.00099996,0.0002625,970.508
0,6362028,8,phononTS,0.000999635,0.000739376,-0.00108776,-0.0002625,238.274,0.000382,1,0.0009969,-0.00100445,0.0002625,658.562
0,6362790,26,phononTS,0.000637232,-0.000996362,-0.000998473,0.000262498,1371.17,0.000637232,1,-0.00106267,-0.00101362,-0.0002625,1537.11
0,6363488,17,phononL,0.00109355,0.000256796,-0.00168075,-0.000262498,603.241,0.000382,1,-4.24244e-06,-0.00199894,0.0002625,730.263
0,6363958,7,phononTF,0.000429399,0.00135164,-0.000671522,-0.0002625,595.428,0.000382,1,0.00100369,-0.000996659,0.0002625,1311.16
0,6364352,3,phononTS,0.000419211,0.000310952,-0.000564564,-0.0002625,9.68871,0.000382,1,-3.25701e-06,-2.31849e-06,0.0002625,677.225
0,6367318,15,phononTS,0.000457053,0.00101993,-0.00132624,-0.0002625,483.805,0.000382,1,0.000995682,-0.000998825,0.0002625,953.826
0,6381759,5,phononTS,0.000755036,0.000911276,-0.0010259,-0.0002625,173.969,0.000382,1,0.000997334,-0.00100232,0.0002625,811.709
0,6382785,10,phononTF,0.000969992,-3.30835e-06,-0.00199616,0.0002625,3939.84,0.000430248,1,-0.00043357,-0.00158264,-0.0002625,4663.21
0,6383538,25,phononTS,0.000632926,0.00192229,-8.14992e-05,-0.0002625,3058.06,0.000382,1,0.00199768,-1.69523e-06,0.0002625,3367.08
0,6383538,2,phononTS,0.00279829,0.000632029,-0.00113687,0.000247128,3.06067,0.00177731,1,1.0614e-05,-0.00131196,-0.0002625,325.888
0,6383667,13,phononTS,0.00444075,0.00102955,-0.00096207,3.46025e-05,1308.77,0.00191,1,0.000999848,-0.000996872,0.0002625,2005.34
0,6383667,15,phononTS,0.000606257,0.000999848,-0.000996872,0.000262498,2005.34,0.000606257,1,3.49709e-06,-0.00105764,-0.0002625,2414.18
0,6383718,11,phononTS,0.000535405,3.61185e-05,5.58913e-05,-0.000262498,708.848,0.000382,1,1.86116e-06,1.47728e-06,0.0002625,883.592
0,6383718,5,phononTF,0.000794775,0.000996328,-0.00085015,0.000262498,164.585,0.000549095,1,0.0011656,-0.000681385,-0.0002625,336.914
0,6387302,10,phononTS,0.000434241,0.000999491,-0.000998596,0.0002625,2332.32,0.000434241,1,0.000917895,5.66926e-05,-0.0002625,3642.63
0,6388683,30,phononTS,0.000711082,0.00199524,-0.001999,0.000262498,2044.2,0.000711082,1,0.00199767,-0.00159212,-0.0002625,2296.34
0,6392358,10,phononTS,0.000772042,0.000429283,-0.000944105,-0.0002625,469.598,0.000382,1,0.00100054,-0.000999345,0.0002625,906.612
0,6396540,21,phononL,0.000449351,-0.000714202,2.0626e-07,-0.000262498,1148.26,0.000382,1,-4.75917e-06,-2.93994e-06,0.0002625,1310.02
0,6398485,5,phononTF,0.00522125,0.00077135,-0.00123239,-0.00014032,352.533,0.0024344,1,0.000697889,-0.00117044,-0.0002625,697.944
0,6401564,17,phononTF,0.000814922,0.000141696,-0.000185854,-0.0002625,834.019,0.000382,1,-1.54659e-06,-3.53343e-06,0.0002625,1175.67
0,6403179,10,phononTS,0.000401506,0.0026002,0.00186055,-0.0002625,2836.66,0.000382,1,0.00199928,0.00199638,0.0002625,3469.73
0,6404652,4,phononL,0.000542196,0.00142645,-0.00036017,-0.0002625,88.6428,0.000382,1,0.00200227,4.14973e-06,0.0002625,492.286
0,6405496,13,phononTS,0.000429497,0.00197089,-0.00208403,-0.000262498,2281.09,0.000382,1,0.00199562,-0.00200222,0.0002625,2457.41
0,6409397,13,phononTF,0.00161604,0.000996393,-0.00100425,0.000262498,507.014,0.000899303,1,0.00123524,-0.00119311,-0.0002625,687.341
0,6409490,25,phononTS,0.000549987,0.00132056,-0.00011368,-0.0002625,531.861,0.000382,1,0.00200396,8.66295e-07,0.0002625,1164.45
0,6410348,11,phononTF,0.000442105,0.000866534,-0.000841594,-0.0002625,685.604,0.000382,1,0.0009966,-0.00100464,0.0002625,1022.3
0,6413588,28,phononTF,0.00109143,0.000783904,-0.00125007,-0.000262498,842.465,0.000382,1,0.000998532,-0.000996459,0.0002625,1027.52
0,6414171,4,phononTS,0.00220714,0.00102339,-0.000963811,2.86915e-05,696.237,0.000382,1,0.000998617,-0.0010005,0.0002625,1018.87
0,6415448,4,phononTF,0.00370645,0.000842707,0.000812411,-0.0002625,822.76,0.000764,1,0.000995049,0.0010008,0.0002625,2016.05
0,6415448,23,phononTF,0.000707763,0.000995049,0.0010008,0.000262498,2016.05,0.000707763,1,0.00177948,0.000152522,-0.0002625,2394.99
0,6423029,22,phononTS,0.000430987,0.00290315,0.00163563,-0.0002625,4054.46,0.000382,1,0.00300164,0.00100309,0.0002625,4660.38
0,6427728,17,phononTS,0.000390169,0.000221319,-0.00197761,-0.000262498,1626.66,0.000382,1,-1.2735e-06,-0.00199859,0.0002625,1834.14
0,6432272,18,phononTF,0.000854788,0.00183855,0.000128604,-0.0002625,414.64,0.000382,1,0.00199513,6.58641e-07,0.0002625,1275.85
0,6434301,10,phononTS,0.000490546,-0.005,5.33622e-06,5.92395e-06,1448.67,0.000382,1,-0.00300033,-0.00100268,0.0002625,6571.79
0,6434369,26,phononTS,0.000815701,0.00148878,-0.000476311,-0.000262498,1974.42,0.000382,1,0.000999708,0.000999643,0.0002625,2579.22
0,6437936,15,phononTF,0.000455986,0.00135644,0.000600291,-0.0002625,977.241,0.000382,1,0.000998534,0.00100087,0.0002625,1648.79
0,6444601,20,phononTS,0.000675784,7.99407e-05,0.000837066,-0.000262498,1316.72,0.000382,1,-0.000995716,0.00299509,0.0002625,2200.92
0,6447023,5,phononL,0.00079183,-0.000115259,-0.000899015,-0.0002625,474.333,0.000382,1,-0.000996025,-0.00099692,0.0002625,853.884
0,6447023,3,phononTF,0.00219239,0.000658481,-0.00105432,0.000262498,106.298,0.0010788,1,0.0010916,-0.00054669,-0.0002625,358.416
0,6447476,25,phononTF,0.000410509,0.000238929,-0.00169298,-0.000262498,431.004,0.000382,1,0.00100073,-0.000998839,0.0002625,775.634
0,6447476,12,phononTS,0.00144817,0.000625223,-0.00116174,0.000262498,91.4258,0.000194036,1,0.000661048,-0.00109482,-0.0002625,247.254
0,6448473,3,phononL,0.00487627,0.00102473,-0.000970945,0.000222906,91.1934,0.000764,1,0.00099942,-0.00100215,0.0002625,295.125
0,6449641,13,phononTF,0.000427,0.0013873,-0.00152728,-0.0002625,1037.81,0.000382,1,0.00199711,-0.00200441,0.0002625,1793.16
0,6449888,8,phononTF,0.000562984,0.00111456,-0.00111041,-0.0002625,860.929,0.000382,1,0.00100124,-0.000995742,0.0002625,1189.06
0,6449888,3,phononTF,0.00229909,0.000229757,-0.00150951,-5.40337e-05,1.51531,0.000715402,1,0.000443294,-0.00175087,-0.0002625,309.693
0,6454762,27,phononTS,0.000822833,0.00096529,-0.000890309,-0.0002625,709.17,0.000382,1,0.00100157,-0.00100262,0.0002625,1480.59
0,6456950,24,phononTF,0.000414745,0.00025989,-0.000322075,-0.000262498,1103.51,0.000382,1,-3.79698e-06,4.03341e-06,0.0002625,1302.88
0,6457086,10,phononTS,0.00071759,0.000916649,-0.000993758,-0.0002625,341.53,0.000382,1,0.00100381,-0.000999559,0.0002625,664.771
0,6462000,11,phononTF,0.00080061,0.00199706,-0.00199822,0.000262498,1082.87,0.000563141,1,0.00216802,-0.0018344,-0.0002625,1254.9
0,6464235,11,phononTF,0.000400417,0.0010045,-0.00100153,0.000262498,779.293,0.000400417,1,-0.000327446,0.000299024,-0.0002625,1358.28
0,6465293,18,phononTS,0.00107907,0.00103713,-0.00106427,-0.000262498,371.766,0.000382,1,0.000996709,-0.000999696,0.0002625,527.756
0,6470243,22,phononTS,0.000587602,0.000896013,-0.00157897,-0.0002625,1097.72,0.000382,1,0.00100182,-0.00100076,0.0002625,2043.98
0,6478711,13,phononTF,0.000384439,0.000730149,-0.000716724,-0.0002625,667.472,0.000382,1,0.000997536,-0.00100414,0.0002625,1058.87
0,6485244,20,phononTS,0.00131745,0.00100032,-0.00099959,0.000262498,889.089,0.000917008,1,0.000958242,-0.00126992,-0.0002625,1105.01
0,6487382,7,phononTF,0.000492839,-0.000126414,-0.000154647,-0.0002625,11.129,0.000382,1,2.10163e-06,4.5606e-06,0.0002625,1073.84
0,6487962,9,phononTS,0.000482169,0.00103591,-0.00289289,-0.0002625,1408.55,0.000382,1,0.000997335,-0.00300415,0.0002625,2007.61
0,6489670,26,phononTF,0.000627443,-8.47709e-05,-0.00211393,-0.0002625,1606.86,0.000382,1,1.58002e-06,-0.00200283,0.0002625,1931.07
0,6494110,16,phononTF,0.000425377,0.00216794,0.0041224,-0.0002625,171.677,0.000382,1,-0.000996073,0.00100365,0.0002625,4042.01
0,6496045,7,phononTS,0.000957227,0.000954697,-0.00101443,-0.0002625,124.913,0.000382,1,0.000998702,-0.00100454,0.0002625,449.075
0,6497836,20,phononTF,0.00155966,0.000604537,-0.00250117,0.000184033,1445.18,0.000382,1,0.000999947,-0.00299819,0.0002625,1666.54
0,6498880,27,phononTF,0.000390006,0.00229,-0.000114498,-0.0002625,6855.46,0.000382,1,0.00200385,4.50347e-06,0.0002625,7247.86
0,6499012,15,phononTS,0.00040871,0.00199689,-1.66898e-06,0.0002625,1088.98,0.00040871,1,0.001911,-4.49749e-05,-0.0002625,1426.42
0,6499427,2,phononTS,0.00451152,0.000920463,-0.000575927,-5.79798e-05,315.013,0.001146,1,0.000999302,-0.000999203,0.0002625,1299.08
0,6505769,2,phononTS,0.00537899,0.00102117,-0.000981786,0.0001332,107.086,0.000764,1,0.00100044,-0.0010015,0.0002625,618.276
0,6505769,17,phononTS,0.00128013,0.00100044,-0.0010015,0.000262498,618.276,0.00128013,1,0.000841334,-0.000770228,-0.0002625,852.274
0,6508814,12,phononTS,0.000567253,0.000976275,-0.00087134,-0.0002625,359.497,0.000382,1,0.000996978,-0.000997575,0.0002625,746.036
0,6511153,2,phononTS,0.00260359,0.000549618,-0.00105366,-0.000239695,26.2804,0.000382,1,0.00100153,-0.00100029,0.0002625,426.596
0,6515472,10,phononL,0.0010092,0.00100601,-0.00176142,-0.000262498,1886.54,0.000382,1,-4.66182e-06,-0.00200007,0.0002625,2104.67
0,6520162,3,phononTS,0.000746328,0.000620699,-0.00112061,-0.0002625,13.9589,0.000382,1,0.00100471,-0.00100227,0.0002625,449.465
0,6520162,2,phononL,0.00249096,0.0006145,-0.00108651,0.000262498,13.9589,0.000748807,1,0.000910774,-0.000955678,-0.0002625,133.63
0,6522918,39,phononTS,0.000394669,0.00107896,-0.00126641,-0.0002625,4966.28,0.000382,1,0.000995382,-0.000999804,0.0002625,5390.59
0,6525359,22,phononTF,0.000625976,0.000712302,-0.00126399,-0.000262498,175.271,0.000382,1,0.00100472,-0.000995677,0.0002625,371.681
0,6534883,18,phononTS,0.000555303,0.00100117,0.00100306,0.000262499,8388.29,0.000555303,1,0.00255031,0.000302916,-0.0002625,9044.11
0,6536423,47,phononTS,0.00076825,0.000600578,-0.00196106,-0.0002625,1129.2,0.000382,1,-1.26129e-06,-0.00199791,0.0002625,1711.12
0,6536622,26,phononTF,0.000400093,-0.000671742,0.000589843,-0.0002625,2696.94,0.000382,1,-1.10153e-06,2.84922e-06,0.0002625,3296.65
0,6545178,12,phononTS,0.000479237,0.00170539,-0.00208303,-0.000262498,5122.04,0.000382,1,0.00199941,-0.0019991,0.0002625,5340.39
0,6551482,36,phononTF,0.00130772,0.00100252,-0.000998599,0.000262498,370.509,0.00101922,1,0.00127902,-0.000771617,-0.0002625,559.407
0,6552517,15,phononTF,0.000859328,-0.000282809,-0.000317924,-0.000262498,2278.16,0.000382,1,-0.000997317,-0.000997325,0.0002625,2618.12
0,6553410,13,phononTS,0.00042799,0.000493355,-5.72443e-05,-0.000262498,2767.51,0.000382,1,0.000997404,0.00100219,0.0002625,3259.25
0,6553474,2,phononTS,0.004212,-3.38817e-06,-3.11508e-06,0.0002625,7.48632,0.0032927,1,6.4713e-06,-4.81699e-05,-0.0002625,1726.02
0,6563450,32,phononTF,0.00116004,-0.00116304,0.000489523,0.000107762,1643.14,0.000382,1,-0.000999032,0.00100128,0.0002625,2180.52
0,6565148,35,phononTS,0.000428151,0.00141101,0.00117544,-0.0002625,2993.73,0.000382,1,0.000998558,0.00100424,0.0002625,3543.86
0,6569724,4,phononTS,0.00288021,-0.0012912,-0.00235968,-0.000145723,1686.59,0.000764,1,-0.00200365,-0.00200228,0.0002625,2581.24
0,6569947,15,phononTF,0.000620002,0.00100191,-0.000998997,0.000262498,1546.61,0.000620002,1,-0.000177135,-0.000550547,-0.0002625,2002.68
0,6578961,30,phononTS,0.000565247,0.00207898,-0.00202106,-0.000262498,12134,0.000382,1,0.00200491,-0.00200072,0.0002625,12294.7
0,6587653,10,phononTS,0.000422824,-2.5459e-06,-0.00199853,0.0002625,817.866,0.000422824,1,7.84093e-05,-0.00191483,-0.0002625,1126.08
0,6593522,16,phononTF,0.00152165,0.000494343,0.000525121,-0.000132116,314.216,0.000764,1,0.00099832,0.000997389,0.0002625,1175.67
0,6593522,4,phononTS,0.00213494,0.000635933,-0.00113012,0.000262498,6.02636,0.00104385,1,0.0006548,-0.000550181,-0.0002625,289.386
0,6600132,13,phononTS,0.000947031,-1.59698e-05,-0.00132366,-0.0002625,577.749,0.000382,1,2.72705e-06,-0.00199679,0.0002625,1207.05
0,6604669,9,phononTS,0.000635574,0.000712518,-0.000816873,-0.000262498,228.031,0.000382,1,0.000999209,-0.00100098,0.0002625,477.488
0,6605584,9,phononTF,0.00129261,0.000999475,-0.00100001,0.0002625,240.344,0.000770803,1,0.000969612,-0.000971756,-0.0002625,595.678
0,6606128,43,phononTS,0.00051026,0.0013464,-0.000338293,-0.000262498,2719.98,0.000382,1,3.17624e-06,-2.00154e-06,0.0002625,3264.74
0,6608844,7,phononTS,0.000403053,0.00123484,-0.00128854,-0.000262498,956.256,0.000382,1,0.000998345,-0.000996369,0.0002625,1216.1
0,6609344,5,phononTF,0.000531223,-4.13756e-06,-0.00199942,0.0002625,11.0359,0.000531223,1,-0.000722659,-0.00277767,-0.0002625,878.047
0,6609344,4,phononTS,0.0021104,0.00438984,-0.00497405,-0.000144188,11.0359,0.000456776,1,0.00432497,-0.00495824,-0.0002625,1832.1
0,6609388,3,phononTS,0.00702314,0.000998898,-0.000996285,0.00022864,119.007,0.001146,1,0.00100356,-0.000997127,0.0002625,534.595
0,6609413,6,phononTS,0.00228394,0.000820245,-0.00207641,-0.0002625,168.174,0.000382,1,0.000999454,-0.00300371,0.0002625,933.844
0,6613293,21,phononTF,0.00111462,-0.00181957,0.000147838,-0.0002625,521.947,0.000382,1,-0.00199527,-3.81834e-07,0.0002625,1545.49
0,6615077,19,phononTS,0.000679629,0.000714608,-0.00100714,-0.000262498,183.859,0.000382,1,0.00100091,-0.000999292,0.0002625,406.571
0,6618363,2,phononTF,0.00429836,0.00105594,-0.000969027,-7.49378e-05,10.2167,0.000764,1,0.00100072,-0.00100446,0.0002625,463.042
0,6618363,24,phononTS,0.000770408,0.00100072,-0.00100446,0.000262499,463.042,0.000196931,1,0.00096966,-0.000918726,-0.0002625,621.703
0,6618592,13,phononTS,0.00040335,0.00194855,6.6293e-05,-0.0002625,3133.43,0.000382,1,0.00200357,-4.34858e-06,0.0002625,3484.17
0,6619725,8,phononTF,0.000651657,0.00100464,0.000998619,0.000262498,2809.8,0.000651657,1,0.0015184,0.000402161,-0.0002625,3103.35
0,6622861,47,phononTS,0.000395351,-0.00182404,0.00194506,-0.000262498,3241.25,0.000382,1,-0.00199517,0.00200436,0.0002625,3434.69
0,6623542,11,phononTS,0.000438911,0.00191398,-4.67471e-05,-0.0002625,818.209,0.000382,1,0.0019993,-2.89053e-06,0.0002625,1132.81
0,6626064,13,phononTF,0.000519255,0.000748357,-0.00123356,-0.000262498,177.097,0.000382,1,0.0010013,-0.00100036,0.0002625,364.471
0,6629819,16,phononTF,0.00104529,0.000808539,-0.000905426,-0.0002625,430.227,0.000382,1,0.00100257,-0.000999426,0.0002625,794.936
0,6631606,4,phononTS,0.00075891,0.000478401,9.00526e-05,-0.0002625,97.5501,0.000382,1,2.22028e-06,2.11409e-06,0.0002625,838.137
0,6633559,11,phononL,0.000858938,0.000172468,-0.000695268,-0.000262498,359.37,0.000382,1,0.00100258,-0.00100186,0.0002625,553.692
0,6636570,14,phononTS,0.000389137,0.00104384,-0.00306538,-0.0002625,1713.13,0.000382,1,0.00100267,-0.00300111,0.0002625,3285.68
0,6638465,9,phononTF,0.000427859,-0.00200095,-0.00200285,0.0002625,550.684,0.000427859,1,-0.002429,-0.00243414,-0.0002625,1030.47
0,6641700,13,phononTS,0.000430109,0.000960068,-0.000933305,-0.000262498,1054.94,0.000382,1,0.000999259,-0.000996004,0.0002625,1214.45
0,6642793,2,phononTS,0.00375051,2.60554e-06,-0.00200088,0.000251888,97.3697,0.001146,1,2.64843e-06,-0.00199952,0.0002625,774.241
0,6644727,20,phononTF,0.000902778,0.000976142,-0.00094111,-0.0002625,609.925,0.000382,1,0.00100371,-0.000997138,0.0002625,927.048
0,6647242,10,phononTS,0.000728374,0.00207835,-8.72179e-05,-0.0002625,2460.58,0.000728374,1,0.005,-0.0017132,0.000101622,3918.96
0,6647944,24,phononTS,0.000779002,0.00105565,-0.00108364,-0.000262498,284.397,0.000382,1,0.00100074,-0.000998253,0.0002625,454.971
0,6647944,3,phononTS,0.000997195,0.000706848,-0.00110079,0.000262498,48.1464,0.000755634,1,0.00234287,0.00125349,-0.0002625,1084.16
0,6647944,2,phononTF,0.00113237,0.000706848,-0.00110079,0.000262498,48.1464,0.000289396,1,-0.000335358,-0.000489455,-0.0002625,471.928
0,6650849,6,phononTF,0.000459864,0.000814699,-0.00105903,-0.0002625,5.24428,0.000382,1,0.00100413,-0.000997432,0.0002625,355.371
0,6650989,27,phononTF,0.000402292,0.00145837,-0.00138382,-0.0002625,2690.43,0.000382,1,0.00199691,-0.00200122,0.0002625,3770.24
0,6652404,17,phononL,0.000489262,0.00192185,-0.00127338,-0.000262498,1147.05,0.000382,1,0.00199737,-0.00200211,0.0002625,1312.58
0,6655783,5,phononTF,0.000721726,0.000839255,-0.00108064,-0.0002625,21.4873,0.000382,1,0.0010029,-0.00100357,0.0002625,363.3
0,6657397,2,phononTF,0.00138137,0.000810677,-0.000947209,-0.0002625,87.3179,0.000382,1,0.00099985,-0.00100041,0.0002625,438.178
0,6658572,19,phononTS,0.00131904,4.87067e-06,-0.001995,0.000262498,794.039,0.000651597,1,8.54397e-05,-0.00206747,-0.0002625,969.33
0,6658663,9,phononTS,0.000629963,0.00100293,-0.000996057,0.000262498,746.976,0.000629963,1,0.000965058,-0.000833271,-0.0002625,949.245
0,6660986,7,phononL,0.000392183,0.000399926,-0.000598349,-0.0002625,327.027,0.000382,1,-8.27364e-08,4.73537e-06,0.0002625,667.487
0,6663021,28,phononTS,0.000772496,0.000965722,-0.000960574,-0.0002625,465.414,0.000382,1,0.00100038,-0.000997647,0.0002625,1562.46
0,6667641,11,phononTS,0.000384508,-0.00194219,-0.00205952,-0.0002625,4331.52,0.000382,1,-0.00200059,-0.00199755,0.0002625,4646.87
0,6670683,15,phononTS,0.00225698,0.00198702,-4.19628e-05,0.000190859,563.579,0.000382,1,0.00199866,-4.65625e-08,0.0002625,1015.16
0,6678493,24,phononTS,0.000738838,0.000739583,-0.00100556,-0.000262498,394.524,0.000382,1,0.00100325,-0.00100091,0.0002625,613.534
0,6679522,11,phononTF,0.000429743,0.000243893,0.000241706,-0.000262498,2469.43,0.000382,1,-4.041e-07,1.52464e-06,0.0002625,2656.7
0,6684436,3,phononTS,0.00500002,0.00101863,-0.000993281,0.00011631,96.9387,0.000382,1,0.00099523,-0.000995406,0.0002625,451.255
0,6692324,11,phononTF,0.000721703,-0.000992028,0.00308812,-0.0002625,5591.58,0.000382,1,-0.00100412,0.00300497,0.0002625,5970.08
0,6693099,10,phononTS,0.000678199,0.001262,-0.00181759,-0.000262498,1375.15,0.000382,1,0.00299899,0.00100374,0.0002625,2533.12
0,6693099,6,phononTF,0.000629807,0.000717519,-0.000971477,0.000262498,523.447,0.000629807,1,0.000562588,-0.000821625,-0.0002625,692.976
0,6693099,5,phononTS,0.000827086,0.000717519,-0.000971477,0.000262498,523.447,0.000827086,1,-0.0015229,0.00192729,-0.0002625,1818.01
0,6696185,8,phononTF,0.000495125,0.00122893,-0.00267441,-0.0002625,2278.9,0.000382,1,0.00199579,-0.00199581,0.0002625,2963.23
0,6696185,4,phononTS,0.0015574,0.00121823,-0.00140185,0.000262498,1221.31,0.000918324,1,0.0013021,-0.0014454,-0.0002625,1378.56
0,6696956,27,phononTS,0.00154527,-0.000113856,0.000770599,-0.0002625,1754.09,0.000382,1,3.50187e-06,-3.78044e-06,0.0002625,2437.24
0,6702950,19,phononTS,0.000406925,-0.00304661,-0.0010695,-0.000262498,6069.56,0.000382,1,-0.00299885,-0.000997563,0.0002625,6224.86
0,6703808,35,phononTF,0.00058584,-0.00100374,-0.00100356,0.000262498,1136.36,0.00058584,1,-0.00106309,-0.000936125,-0.0002625,1295.45
0,6706194,8,phononTS,0.00163924,-1.05922e-06,-0.00199503,0.000262498,802.78,0.00084502,1,-4.02011e-06,-0.00175219,-0.0002625,1010.92
0,6706406,15,phononTS,0.00152551,0.000882528,-0.00108065,-0.0002625,719.847,0.000382,1,0.000996259,-0.00100002,0.0002625,1081.67
0,6708452,38,phononTS,0.000406844,-8.58044e-05,-0.00208729,-0.0002625,845.321,0.000382,1,-3.61457e-06,-0.00200137,0.0002625,1153.23
0,6721851,19,phononTS,0.00116681,-0.0010028,0.00100304,0.000262498,4019.1,0.00041093,1,-0.00179125,0.000664566,-0.0002625,4413.3
0,6723823,19,phononTS,0.000505667,0.00191176,-0.00194539,-0.000262498,1717.66,0.000382,1,0.00200051,-0.00199901,0.0002625,1873.77
0,6723824,4,phononTS,0.00261522,0.00127803,-0.00447186,-7.79359e-05,9.02068,0.000382,1,0.000999523,-0.00300137,0.0002625,2427.87
0,6724697,6,phononTS,0.000527153,0.000704494,-0.00105128,-0.0002625,6.12508,0.000382,1,0.00100264,-0.00100171,0.0002625,392.567
0,6725140,24,phononTS,0.000532929,0.000687257,-0.000444364,-0.000262498,812.988,0.000382,1,0.00100096,-0.00100414,0.0002625,1146.08
0,6725780,2,phononTF,0.00367429,0.000642939,-0.00130381,-0.000241424,207.934,0.000764,1,0.00100182,-0.00100286,0.0002625,540.066
0,6726077,23,phononTS,0.00209057,-0.000211934,-0.00140683,-0.000262498,2559.98,0.000382,1,0.000997823,-0.00100465,0.0002625,3077.56
0,6730514,7,phononTS,0.00167335,0.000914718,-0.00091739,-0.0002625,457.803,0.000382,1,0.00100053,-0.00100012,0.0002625,765.679
0,6735483,10,phononTF,0.000739518,0.00078568,-0.00115172,-0.000262498,175.4,0.000382,1,6.50468e-07,-0.00200165,0.0002625,554.212
0,6739620,22,phononL,0.000860377,0.00187928,0.000239768,-0.0002625,1026.49,0.000382,1,0.00200239,0.00199768,0.0002625,1714.7
0,6740669,2,phononTF,0.00487137,0.000903753,-0.00107965,0.000195601,150.508,0.001146,1,0.000996745,-0.000997198,0.0002625,278.122
0,6740669,17,phononTS,0.00117649,0.000996745,-0.000997198,0.000262498,278.122,0.000749929,1,0.00251413,-0.00254145,-0.0002625,1091.01
0,6741694,6,phononTS,0.000505372,0.00219125,-0.00191684,-0.000262498,748.909,0.000382,1,0.00200491,-0.00199857,0.0002625,943.902
0,6741995,14,phononTF,0.000791805,-0.00106562,0.000945355,-0.0002625,1852.75,0.000382,1,-0.00100193,0.00100149,0.0002625,2330.61
0,6745334,21,phononTS,0.00222818,-0.000939151,-0.00104097,0.000211951,668.608,0.000382,1,-0.000996875,-0.00100323,0.0002625,1486.29
0,6746022,19,phononTS,0.0014502,0.000107452,-0.00206167,-0.0002625,419.439,0.000764,1,-3.27399e-06,-0.00199621,0.0002625,1036.2
0,6746408,6,phononTS,0.00106054,-4.88485e-06,-0.00199808,0.0002625,7.22557,0.000338271,1,-0.000489755,-0.00202881,-0.0002625,913.401
0,6749463,40,phononTS,0.000579535,0.00194931,-6.4513e-05,-0.0002625,3140.37,0.000382,1,0.00200115,-3.56344e-07,0.0002625,3514.7
0,6751007,16,phononTF,0.000410484,0.005,0.00151154,0.000255575,2157.38,0.000410484,1,-3.90307e-05,0.00351766,-0.0002625,5421.8
0,6751845,17,phononTF,0.00104974,0.00136683,-0.000578296,-0.0002625,430.205,0.000764,1,0.00199721,1.28799e-06,0.0002625,1031.32
0,6754536,20,phononTS,0.000550796,0.00102198,-0.00132376,-0.0002625,3901.51,0.000382,1,0.00100421,-0.000999451,0.0002625,4652.61
0,6754610,19,phononL,0.00053055,-4.48211e-06,-0.0019954,0.0002625,941.657,0.00053055,1,0.000223163,-0.00234869,-0.0002625,1324.86
0,6756298,12,phononTS,0.0019396,0.00100364,-0.000998286,0.0002625,1590.41,0.00112033,1,0.000914064,-0.00097476,-0.0002625,2386.96
0,6759971,8,phononTS,0.000734882,0.00173228,-0.00109088,-0.0002625,2060.55,0.000382,1,0.000999327,-0.00100206,0.0002625,2729.23
0,6764046,15,phononTF,0.000750304,0.00117135,-0.00119406,-0.000262498,142.38,0.000382,1,0.000997182,-0.000995155,0.0002625,318.295
0,6764743,28,phononTF,0.000785613,0.000125857,-0.00016248,-0.0002625,1501.13,0.000382,1,-3.96962e-06,-9.07338e-07,0.0002625,1837.64
0,6773251,9,phononTS,0.000479954,0.00212731,-0.00191702,-0.0002625,1033.43,0.000382,1,0.00199796,-0.00199915,0.0002625,1400.95
0,6778733,35,phononTS,0.00042129,0.00136223,-0.00105544,-0.0002625,665.66,0.000382,1,0.000998791,-0.00100149,0.0002625,1120.1
0,6781887,2,phononTS,0.00500846,0.000989574,-0.0010066,0.000196698,61.5169,0.000382,1,0.000997321,-0.000997785,0.0002625,240.816
0,6783043,15,phononTS,0.000394933,-0.00211816,-7.42129e-05,-0.0002625,18259.1,0.000382,1,-0.00200483,2.28614e-06,0.0002625,18665.2
0,6785146,4,phononTF,0.000756122,7.29226e-05,-0.0020564,-0.0002625,348.853,0.000382,1,2.75632e-06,-0.00200128,0.0002625,1083.69
0,6789845,22,phononTS,0.000409174,0.00202056,0.005,7.89327e-05,3861.86,0.000382,1,-0.00200324,0.00200136,0.0002625,5846.96
0,6791069,18,phononTS,0.000614908,-0.00305402,-0.00100531,-0.0002625,2388.51,0.000382,1,-0.00300155,-0.000995199,0.0002625,2703.19
0,6791561,17,phononTS,0.000782617,-0.000698975,-0.00151961,-0.000262498,612.123,0.000382,1,-0.00199951,-0.00199765,0.0002625,1165.71
0,6793037,22,phononTF,0.000626569,0.000581386,0.000628884,-0.0002625,1098.36,0.000382,1,0.000998153,0.00100448,0.0002625,1559.01
0,6797157,11,phononTS,0.000551523,0.0009242,-0.00108226,-0.0002625,143.26,0.000382,1,0.00099828,-0.000995803,0.0002625,452.248
0,6797180,10,phononTS,0.000492605,0.000823479,-0.00105654,-0.0002625,8.37517,0.000382,1,0.00100478,-0.000996735,0.0002625,399.266
0,6798226,8,phononTF,0.000852682,0.000834117,-0.000980205,-0.0002625,182.263,0.000382,1,0.0010045,-0.00100141,0.0002625,696.806
0,6801055,7,phononTS,0.000411526,2.81376e-06,-0.00192548,-0.000262498,559.432,0.000382,1,-1.3161e-06,-0.00200122,0.0002625,714.682
0,6802899,30,phononTS,0.000980802,0.00106779,-0.000929585,-0.000262498,603.526,0.000382,1,0.000999298,-0.000997906,0.0002625,758.596
0,6802987,20,phononTF,0.000517996,0.00200077,-1.37877e-06,0.0002625,605.647,0.000517996,1,0.00376436,0.000799749,-0.0002625,1892.78
0,6805076,4,phononTS,0.00390468,8.60823e-06,-0.00200113,0.000246853,1496.29,0.000382,1,3.06793e-06,-0.00199875,0.0002625,1534.97
0,6806037,19,phononTS,0.000636361,0.000995447,-0.0030002,0.000262498,1179.4,0.000636361,1,0.000976751,-0.00291316,-0.0002625,1344.39
0,6806757,2,phononTS,0.00552566,0.000963838,-0.000659852,0.000117107,426.468,0.000382,1,0.00100218,-0.000996901,0.0002625,958.711
0,6807548,19,phononTF,0.00052213,0.000340704,-0.00171557,-0.0002625,687.77,0.000382,1,-4.45646e-06,-0.00200318,0.0002625,1098.78
0,6807828,14,phononTF,0.000809182,0.00118278,-0.00121366,-0.0002625,1458.54,0.000764,1,0.000995817,-0.000997121,0.0002625,1838.73
0,6812167,35,phononTF,0.000589628,-0.000926369,-0.00113821,-0.0002625,1935.84,0.000382,1,8.08075e-07,-0.00199554,0.0002625,3085.89
0,6812799,3,phononTS,0.00565715,0.00100749,-0.000989793,0.000135954,86.0725,0.00191,1,0.00100209,-0.000997069,0.0002625,858.273
0,6812799,7,phononTF,0.000849269,0.00100209,-0.000997069,0.000262498,858.273,0.000849269,1,0.00118188,-0.00115191,-0.0002625,1030.51
0,6814680,9,phononTS,0.000437555,0.00100289,-0.0010004,0.000262498,362.045,0.000437555,1,0.00108074,-0.00107572,-0.0002625,516.605
0,6824451,8,phononTS,0.000684235,-3.35419e-05,-0.00173058,-0.000262498,1245.03,0.000382,1,-2.63557e-06,-0.00200216,0.0002625,1462.21
0,6825403,3,phononTS,0.00331065,-0.00168552,-0.000208031,-0.000138384,150.115,0.000807519,1,-0.00173943,-0.00019563,-0.0002625,1065.69
0,6832861,4,phononTF,0.00158772,0.000850881,-0.00107535,-0.0002625,45.6631,0.000382,1,0.000997188,-0.000996745,0.0002625,382.292
0,6837996,31,phononTF,0.000611041,-0.000796869,-0.0011993,-0.000262498,2067.01,0.000382,1,-3.04725e-06,-0.00199634,0.0002625,2441.23
0,6842927,24,phononL,0.000424759,0.000712777,-0.00119076,-0.000262498,182.036,0.000382,1,0.00100442,-0.00100012,0.0002625,303.562
0,6843657,13,phononTS,0.00187785,0.000782422,-0.00120835,0.000111475,369.987,0.000382,1,2.81302e-06,-0.00199698,0.0002625,706.863
0,6843657,23,phononTS,0.0013533,2.81302e-06,-0.00199698,0.000262498,706.863,0.000845452,1,0.000947455,-0.00208044,-0.0002625,1099.13
0,6847646,21,phononTF,0.00262671,0.000561909,-0.000513485,-0.000262498,518.562,0.000764,1,0.00100322,-0.00100327,0.0002625,769.705
0,6847646,26,phononTS,0.00122737,0.00100322,-0.00100327,0.000262498,769.705,0.000586944,1,0.000987204,-0.000922948,-0.0002625,945.828
0,6851606,8,phononTF,0.00128091,0.00085927,-0.00081904,-0.0002625,1188.91,0.000764,1,0.00100011,-0.000998922,0.0002625,1979.54
0,6851606,3,phononTS,0.000997133,0.000638716,-0.00111889,0.000262498,64.5614,0.000441911,1,0.00109178,-0.00104774,-0.0002625,322.192
0,6856510,29,phononTS,0.000674888,-0.00099652,0.00099576,0.0002625,1757.07,0.000674888,1,-0.000907986,0.00101046,-0.0002625,2238.36
0,6856734,11,phononTS,0.00226077,0.00211327,0.00208211,-0.0002625,856.199,0.000382,1,0.00200435,0.00199863,0.0002625,2336.87
0,6857160,3,phononTF,0.00115823,0.000823538,-0.00105402,-0.0002625,9.37698,0.000382,1,0.0009962,-0.000999921,0.0002625,353.574
0,6858014,11,phononTS,0.000690116,0.00104507,-0.000893863,-0.0002625,733.479,0.000382,1,0.000995282,-0.00100039,0.0002625,1097.46
0,6858014,7,phononTF,0.000721945,0.000619616,-0.00111116,0.000262498,6.13795,0.000721945,1,0.00165128,-0.000415703,-0.0002625,433.217
0,6862680,15,phononL,0.000506834,-0.00134581,-0.000987969,-0.0002625,945.232,0.000382,1,-0.000996258,-0.00100064,0.0002625,1187.73
0,6862680,5,phononTF,0.00171879,0.000624501,-0.00114586,0.000262498,9.30314,0.00041994,1,0.0010493,-0.000844981,-0.0002625,245.508
0,6863830,8,phononTS,0.000448101,0.00276281,0.00184958,-0.000262498,2268.65,0.000382,1,0.00299699,0.00100423,0.0002625,2625.8
0,6863830,5,phononTF,0.00167964,0.000441624,-0.000856005,0.000262498,590.228,0.000921941,1,-3.1976e-05,-0.00132068,-0.0002625,848.122
0,6870611,15,phononTS,0.000540776,0.000952111,-0.000960258,-0.0002625,354.571,0.000382,1,0.00100154,-0.00100355,0.0002625,1028.9
0,6872840,25,phononTF,0.000912125,0.00134569,-0.00140778,-0.000262498,637.785,0.000382,1,0.00200171,-0.00200439,0.0002625,945.562
0,6875097,27,phononTS,0.000505987,0.00199635,-0.00200488,0.000262498,2550.54,0.000505987,1,0.00202583,-0.00201933,-0.0002625,2727.34
0,6876648,4,phononTS,0.00292515,0.00197185,-0.00200375,7.22083e-05,8.32133,0.000764,1,0.00200345,-0.0019973,0.0002625,608.918
0,6880484,7,phononTS,0.000751503,0.000999548,-0.000996628,0.0002625,112.667,0.000751503,1,0.000964451,-0.000980081,-0.0002625,903.647
0,6883032,20,phononTF,0.00118618,0.000148613,-0.000152526,-0.0002625,830.711,0.000764,1,7.28125e-07,4.56124e-06,0.0002625,1171.5
0,6884366,30,phononTS,0.00159865,0.0010773,-0.00108487,-0.000262498,679.31,0.000764,1,0.000998198,-0.000995878,0.0002625,833.309
0,6884366,38,phononTS,0.000512524,0.000998198,-0.000995878,0.000262498,833.309,0.000512524,1,0.000809052,-0.000959526,-0.0002625,1032.36
0,6886913,4,phononTS,0.00290017,0.000990706,-0.00135714,-0.0002625,140.964,0.000764,1,0.000996202,-0.00100286,0.0002625,599.494
0,6887660,6,phononTS,0.000735878,0.000855554,-0.00103097,-0.0002625,184.476,0.000382,1,0.000999477,-0.000995553,0.0002625,559.659
0,6890335,34,phononTS,0.0004102,-0.000896399,-0.00107684,-0.0002625,1501.2,0.000382,1,-0.000998214,-0.000999504,0.0002625,1859.19
0,6890911,21,phononTS,0.000507383,0.000999841,-0.00100365,0.0002625,178.831,0.000507383,1,0.001232,-0.00105404,-0.0002625,592.528
0,6891531,3,phononTS,0.00421615,0.000979187,-0.0012442,6.21699e-05,6.24452,0.001528,1,0.000999087,-0.00100261,0.0002625,280.156
0,6895312,6,phononTS,0.000762899,0.000824768,-0.00105082,-0.0002625,20.9006,0.000382,1,0.00100133,-0.000995729,0.0002625,408.36
0,6895312,5,phononTS,0.00055589,0.000648209,-0.00110591,0.000262498,20.9006,0.00055589,1,0.000690193,-0.00104829,-0.0002625,190.225
0,6895312,4,phononTF,0.000907582,0.000648209,-0.00110591,0.000262498,20.9006,0.000490677,1,0.000289383,-0.000672337,-0.0002625,249.092
0,6896142,20,phononTS,0.000541283,-0.000502742,-0.00185433,-0.0002625,841.539,0.000382,1,2.63745e-06,-0.0020005,0.0002625,1428.97
0,6897559,30,phononTF,0.000659547,0.000931081,-0.000657293,-0.000262498,573.795,0.000382,1,2.67619e-06,-0.00200077,0.0002625,1109.12
0,6899619,6,phononTS,0.000605771,0.000845491,-0.00107476,-0.0002625,54.4403,0.000382,1,0.000999691,-0.000995683,0.0002625,431.745
0,6901821,8,phononTS,0.00109876,0.000520571,0.000982144,-0.000262498,3493.35,0.000382,1,0.000999228,0.00100163,0.0002625,3761.43
0,6902054,16,phononTS,0.000790087,-0.00155261,-0.00103103,-0.000262498,1691.09,0.000382,1,-0.00100358,-0.00100316,0.0002625,1962.91
0,6902455,19,phononTF,0.000572587,0.00157765,-0.00166172,-0.0002625,1093.37,0.000382,1,0.00200014,-0.00200139,0.0002625,1567.59
0,6902550,9,phononTS,0.000384785,-0.000162305,-0.000937725,-0.000262498,910.123,0.000382,1,-0.00199653,0.00199561,0.0002625,2135.85
0,6902550,5,phononTS,0.00111591,0.000692354,-0.000954796,0.000262498,247.221,0.00111591,1,0.000832038,-0.000905999,-0.0002625,446.673
0,6907911,6,phononTS,0.00234543,-3.21414e-06,-0.00199989,0.0002625,1020.61,0.00012922,1,5.58377e-05,-0.00194562,-0.0002625,1615.4
0,6909873,30,phononTF,0.000411394,0.000436982,-0.00244339,-0.0002625,1422.95,0.000382,1,9.35864e-07,-0.00200106,0.0002625,1889.21
0,6910423,9,phononTS,0.000457923,0.00263154,-0.00256791,-0.0002625,1900.2,0.000382,1,0.00199912,-0.00199865,0.0002625,2697.69
0,6910423,4,phononTF,0.0013811,0.000735567,-0.00125555,0.000262498,151.016,0.000822899,1,0.000186793,-0.00172537,-0.0002625,416.195
0,6913878,8,phononTS,0.000519515,0.00165914,-0.00114495,-0.0002625,392.162,0.000382,1,0.0010019,-0.000997736,0.0002625,1979.97
0,6914360,15,phononTS,0.00071617,0.0010024,-0.00100349,0.000262498,1631.59,0.000371931,1,0.00104086,-0.0010869,-0.0002625,1799.7
0,6916926,23,phononTF,0.000682041,0.000831849,-0.00115904,-0.0002625,589.163,0.000382,1,0.000995743,-0.00100308,0.0002625,930.677
0,6919613,7,phononTS,0.00514884,0.00107813,-0.00107267,-0.000184872,128.481,0.000764,1,0.000999173,-0.00100182,0.0002625,537.027
0,6924601,19,phononTS,0.00168287,0.00118141,-0.000879883,-0.0002625,645.495,0.000382,1,0.00100316,-0.00100431,0.0002625,1081.61
0,6924735,9,phononTS,0.000420183,8.60901e-05,0.0012358,-0.0002625,3477.96,0.000382,1,0.000998764,0.00100055,0.0002625,4232
0,6926628,6,phononTF,0.000430814,0.00085772,-0.00112346,-0.0002625,144.414,0.000382,1,0.00100113,-0.00100016,0.0002625,481.963
0,6926702,18,phononTS,0.000513687,2.61544e-06,-4.07745e-06,0.000262498,1329.1,0.000513687,1,0.000177633,-0.000450762,-0.0002625,1612.77
0,6930348,25,phononTF,0.000531785,0.00012026,0.000141005,-0.0002625,3454.84,0.000382,1,-2.95422e-06,8.72874e-07,0.0002625,3900.67
0,6931542,8,phononTF,0.000389827,0.000791978,-0.00116927,-0.000262498,208.144,0.000382,1,0.00100167,-0.00100228,0.0002625,383.519
0,6931625,4,phononTF,0.000404911,-0.000580299,0.00196265,-0.0002625,25.995,0.000382,1,-0.000996835,0.00299612,0.0002625,1677.16
0,6935365,4,phononTF,0.000974204,0.000714857,-0.00266153,-0.0002625,748.815,0.000382,1,0.00100182,-0.00300487,0.0002625,1158.85
0,6935527,3,phononTF,0.00491115,0.000944902,-0.000712005,-0.00011392,103.637,0.00159339,1,0.000827975,-0.000590374,-0.0002625,795.329
0,6937037,21,phononL,0.000401204,0.000455508,-0.00141422,-0.000262498,641.875,0.000382,1,7.66256e-07,-0.00200499,0.0002625,816.493
0,6937977,22,phononTS,0.000616655,0.00200264,1.56151e-06,0.0002625,4709.3,0.000616655,1,0.00208368,8.47493e-05,-0.0002625,5017.55
0,6938903,45,phononTS,0.000502409,0.000581201,-0.00183489,-0.000262498,864.581,0.000382,1,-0.00199994,0.00199539,0.0002625,2526.54
0,6940904,11,phononTF,0.000848523,0.00188336,0.0019767,-0.0002625,2208.08,0.000382,1,0.00199952,0.00199835,0.0002625,2535.77
0,6940904,6,phononTS,0.00120194,0.000754434,-0.000979725,0.000262498,81.1331,0.000589418,1,-0.00104358,0.000656324,-0.0002625,907.011
0,6952920,14,phononTS,0.000667785,0.0014854,9.60779e-05,-0.0002625,1122.1,0.000382,1,0.00199785,1.02891e-06,0.0002625,1665.21
0,6955305,22,phononTS,0.000591475,0.000739805,-0.00224465,-0.000262498,1874.85,0.000382,1,2.34145e-06,-0.00199862,0.0002625,2218.68
0,6955406,5,phononL,0.00101137,0.00154388,-0.00205588,-0.000262498,776.183,0.000382,1,0.00199603,-0.00199868,0.0002625,906.452
0,6956752,8,phononTF,0.000402517,0.00120517,-0.000792644,-0.000262498,165.95,0.000382,1,0.000999914,-0.000998709,0.0002625,345.247
0,6960233,4,phononTS,0.0011814,6.02184e-05,-0.000471399,-0.000262499,604.04,0.000382,1,-3.67963e-06,8.34482e-07,0.0002625,867.035
0,6961192,19,phononTS,0.000601213,-0.000609739,-0.00104865,-0.0002625,744.165,0.000382,1,-0.00100351,-0.00100347,0.0002625,1459.06
0,6961675,20,phononTF,0.000384069,0.000998426,-0.00100123,0.0002625,1722.81,0.000384069,1,0.000909956,-0.00120202,-0.0002625,2077.75
0,6961675,17,phononTS,0.000425759,-0.00336184,0.00182287,-0.0002625,992.081,0.000425759,1,-0.005,0.00301061,-2.54712e-05,3298.67
0,6964303,18,phononTS,0.000738261,-8.84236e-05,-0.00116927,-0.000262498,506.863,0.000382,1,1.39213e-06,-2.97761e-06,0.0002625,977.114
0,6966004,25,phononTS,0.000710475,-0.00146595,-0.00201119,-0.000262498,1081.13,0.000382,1,-0.00200352,-0.00200411,0.0002625,1366.81
0,6966767,2,phononL,0.000639319,0.000884887,-0.000879397,-0.0002625,142.352,0.000382,1,0.00100225,-0.00100275,0.0002625,373.568
0,6966917,3,phononTS,0.00427693,0.000737355,-0.00104765,-0.000246148,127.998,0.000764,1,0.00100234,-0.000999199,0.0002625,494.303
0,6966978,31,phononTF,0.00100805,0.000790825,-0.00123999,-0.0002625,1026.9,0.000382,1,2.0693e-06,-0.00200145,0.0002625,1800.4
0,6972303,2,phononTF,0.002348,0.000334363,-0.000639377,-0.0002625,504.844,0.000382,1,2.57562e-06,3.12809e-06,0.0002625,1100.43
0,6972508,25,phononTF,0.00122647,-0.000359954,0.000357212,-0.0002625,638.332,0.000382,1,-3.98e-06,2.25089e-06,0.0002625,1537.87
0,6974724,10,phononL,0.000513049,0.00120568,-0.00166597,-0.000262498,845.401,0.000382,1,0.000996666,-0.00100068,0.0002625,1007.75
0,6978439,2,phononTS,0.00543968,0.000849415,-0.00113495,0.000235838,33.3711,0.000382,1,0.00100185,-0.00100352,0.0002625,479.874
0,6983291,8,phononTF,0.000948404,0.00138896,-0.00140013,-0.0002625,543.641,0.000382,1,0.00200374,-0.00200449,0.0002625,1146.67
0,6986886,5,phononL,0.000903625,-0.000605353,-0.00102046,-0.0002625,74.2801,0.000382,1,-0.00100325,-0.000998572,0.0002625,574.308
0,6987166,43,phononTS,0.000940486,0.00195263,-0.00199741,-0.000262498,624.679,0.000382,1,0.000999505,-0.003002,0.0002625,1189.27
0,6990478,20,phononTS,0.00066498,0.00306497,0.00200494,-0.000262498,4328.26,0.000382,1,0.00200213,0.00199908,0.0002625,4760.38
0,6990479,3,phononTS,0.00670046,0.00085374,-0.0013116,2.86398e-05,497.38,0.00118799,1,0.000902503,-0.00126963,-0.0002625,834.618
0,7004343,14,phononTF,0.000409737,0.00174897,-0.00225956,-0.0002625,2184.63,0.000382,1,0.00199892,-0.00200145,0.0002625,2564.68
0,7006482,8,phononTF,0.000616739,0.00100477,-0.000996875,0.0002625,168.739,0.000417487,1,0.000825778,-0.00118857,-0.0002625,521.463
0,7010779,21,phononTS,0.000475767,4.14036e-05,-0.00137032,-0.0002625,3332.21,0.000382,1,1.70844e-06,-0.00200382,0.0002625,3940.2
0,7018922,28,phononTS,0.000714281,-1.86505e-07,-0.00199758,0.000262498,1769.83,0.000714281,1,-0.000417655,-0.00195296,-0.0002625,2029.06
0,7021158,35,phononTS,0.000475738,-0.00100476,-0.00100319,0.000262498,3301.46,0.000475738,1,-0.000949493,-0.0009478,-0.0002625,3457.19
0,7021254,2,phononTF,0.00472949,0.000115232,-9.65727e-05,1.76598e-05,163.576,0.000382,1,-2.8705e-06,-1.727e-06,0.0002625,1037.97
0,7021254,16,phononTS,0.00130962,-2.8705e-06,-1.727e-06,0.000262498,1037.97,0.000477289,1,0.000265856,0.000762735,-0.0002625,1392.22
0,7021676,3,phononTF,0.00470272,-2.71716e-05,2.7476e-05,0.000231388,131.806,0.001146,1,4.18751e-06,-4.80826e-06,0.0002625,733.015
0,7022893,16,phononL,0.00216724,0.00056626,-0.000401945,-0.000262498,1068.88,0.000382,1,3.82736e-06,2.34004e-06,0.0002625,1234.2
0,7028192,6,phononTS,0.000551244,0.000868324,-0.00105308,-0.0002625,189.52,0.000382,1,0.000999328,-0.00100214,0.0002625,585.886
0,7029555,6,phononTF,0.000611436,0.000843234,-0.00101463,-0.0002625,146.331,0.000382,1,0.000995368,-0.000997457,0.0002625,483.607
0,7029903,4,phononTF,0.000432189,0.000339339,-0.000344408,-0.000262498,484.823,0.000382,1,9.78668e-07,-4.19334e-06,0.0002625,697.292
0,7030107,23,phononTF,0.000388558,0.000145291,-0.00014123,-0.0002625,1015.31,0.000382,1,-3.0621e-07,1.81822e-07,0.0002625,1351.6
0,7034255,34,phononTS,0.000712772,0.000996085,-0.000997081,0.0002625,625.555,0.000712772,1,0.000980153,-0.000913495,-0.0002625,946.715
0,7035007,3,phononTF,0.000737171,-0.000450718,-0.000361968,-0.0002625,18.3304,0.000382,1,-0.00100198,-0.000998404,0.0002625,958.567
0,7036154,18,phononTS,0.00186411,0.000686472,-0.00105328,-0.000262498,501.777,0.000382,1,2.62618e-07,4.47604e-06,0.0002625,985.266
0,7039017,8,phononTS,0.000513767,0.00100344,-0.000996643,0.0002625,80.8888,0.000513767,1,0.00108746,-0.000921492,-0.0002625,876.213
0,7039184,23,phononTS,0.000529794,0.000792686,-0.000937296,-0.000262498,487.807,0.000382,1,0.0010037,-0.000999296,0.0002625,702.806
0,7040263,19,phononTS,0.000553869,0.00187166,0.00198972,-0.0002625,2126.55,0.000382,1,0.00200041,0.0020013,0.0002625,2534.04
0,7041290,20,phononTS,0.00156075,1.47327e-06,4.50126e-06,0.0002625,699.852,0.000440364,1,7.86136e-05,-5.95149e-05,-0.0002625,1055.26
0,7041839,10,phononTS,0.000833246,0.00100296,-0.00100208,0.000262498,405.168,0.000833246,1,0.00105576,-0.00118526,-0.0002625,613.379
0,7041839,2,phononTS,0.00610861,0.000665257,-0.000909133,-0.000234379,2.79301,0.00188188,1,0.000708112,-0.000836999,-0.0002625,865.091
0,7042772,7,phononTF,0.000968137,0.00123674,-0.0012068,-0.000262498,301.849,0.000382,1,0.000999098,-0.00100176,0.0002625,484.716
0,7043460,19,phononTF,0.000750011,0.00105927,-0.00095404,-0.0002625,1460.25,0.000382,1,0.00100258,-0.00100112,0.0002625,1776.93
0,7046972,8,phononTS,0.000382579,0.000826678,-0.00158256,-0.000262498,492.691,0.000382,1,0.00199584,-1.42257e-07,0.0002625,1196.14
0,7050752,8,phononTS,0.000515789,0.00108552,-0.00128537,-0.000262498,306.225,0.000382,1,0.00100096,-0.000999586,0.0002625,522.666
0,7050784,13,phononTF,0.000840726,0.00114507,-0.00114387,-0.0002625,634.26,0.000382,1,0.000996701,-0.000995765,0.0002625,972.016
0,7051753,29,phononTS,0.000574041,0.00118025,-0.00193947,-0.0002625,9116.39,0.000382,1,0.000997202,-0.00100498,0.0002625,9698.07
0,7051753,22,phononTF,0.000906926,-0.000622715,0.00040504,0.000262498,1730.88,0.000500997,1,-0.00182798,-0.000723787,-0.0002625,2247.96
0,7055482,3,phononTF,0.00436101,0.00087546,-0.00114841,-0.000104302,121.031,0.000764,1,0.00100245,-0.000999765,0.0002625,421.548
0,7057430,31,phononTS,0.000902189,-0.00100318,-0.00100162,0.000262498,1346.96,0.000518597,1,-0.00109568,-0.00167101,-0.0002625,1654.47
0,7057688,13,phononTS,0.000461034,0.00100337,-0.00100012,-0.000262498,742.189,0.000382,1,0.000997082,-0.00100257,0.0002625,912.044
0,7058375,2,phononTS,0.00744748,0.000996401,-0.000985441,0.000195604,244.77,0.002292,1,0.000996099,-0.000998012,0.0002625,430.1
0,7063935,6,phononTF,0.000562124,0.000904721,-0.0011203,-0.0002625,296.802,0.000382,1,0.000999875,-0.00100498,0.0002625,622.763
0,7065108,31,phononTF,0.000750101,0.000582402,-0.000947671,-0.000262498,538.71,0.000382,1,-2.06242e-06,-0.00199888,0.0002625,963.419
0,7065479,14,phononTS,0.00144422,0.001096,-0.00237307,-0.0002625,936.359,0.000764,1,0.000995048,-0.00300428,0.0002625,2146.57
0,7067610,30,phononTS,0.00104582,0.00026724,-0.000781218,-0.000262499,501.773,0.000382,1,-2.97145e-06,-5.168e-07,0.0002625,883.697
0,7070021,18,phononTS,0.000539543,8.32645e-05,-0.00202436,-0.0002625,607.305,0.000382,1,-3.46475e-06,-0.00199724,0.0002625,939.762
0,7070571,25,phononTS,0.000761918,0.00100019,-0.000999909,0.000262498,644.629,0.000761918,1,-9.76908e-05,-0.000969539,-0.0002625,1089.78
0,7073078,22,phononTS,0.0011838,-0.00200361,-0.00200253,0.0002625,3216.95,0.00067022,1,-0.0020812,-0.00233698,-0.0002625,3673.19
0,7075052,6,phononTF,0.00278773,0.00314287,0.00117438,-0.0002625,153.349,0.000382,1,0.00300354,0.000999341,0.0002625,1507.15
0,7075052,16,phononTF,0.000515963,0.00300354,0.000999341,0.000262499,1507.15,0.000515963,1,0.00378466,0.000162472,-0.0002625,1890.35
0,7083004,18,phononTS,0.0008878,0.000950208,-0.000978842,-0.000262498,552.228,0.000382,1,0.00099508,-0.0010037,0.0002625,726.504
0,7084854,4,phononTS,0.00154632,0.00100288,-0.00299809,0.0002625,89.068,0.000509787,1,0.00119477,-0.00394474,-0.0002625,1253.14
0,7086730,26,phononTS,0.000401159,0.00177517,-0.0020277,-0.000262498,3812.99,0.000382,1,0.00200306,-0.00200495,0.0002625,4026.39
0,7087934,12,phononTF,0.00142345,0.00176993,-0.00170987,-0.000262498,1453.04,0.000382,1,0.000999406,-0.0010004,0.0002625,1810.8
0,7089700,9,phononTS,0.000431348,-7.47708e-05,-0.00191805,-0.000262498,683.185,0.000382,1,3.61741e-06,-0.00199672,0.0002625,837.591
0,7089700,5,phononTF,0.000540837,0.000621618,-0.00114283,0.000262498,6.72144,0.000540837,1,0.000439939,-0.000999878,-0.0002625,177.475
0,7093139,15,phononTF,0.000435346,0.000770022,0.0011865,-0.0002625,2634.35,0.000382,1,0.00100379,0.0010012,0.0002625,3194.68
0,7094196,16,phononTS,0.000738798,-0.000961123,0.000911466,-0.0002625,3840.54,0.000382,1,-0.000997169,0.0010022,0.0002625,6919.6
0,7094196,3,phononTS,0.00311842,0.000637481,-0.00110003,0.000262498,15.7809,0.000711164,1,0.00156272,-0.00126257,-0.0002625,398.619
0,7096741,15,phononTF,0.000766152,-9.53142e-05,-0.00188138,-0.0002625,773.92,0.000382,1,-2.28705e-06,-0.00199605,0.0002625,1099.46
0,7096836,12,phononTS,0.000873565,4.94628e-07,-0.00200246,0.0002625,566.913,0.000616303,1,-0.00107971,-0.00357017,-0.0002625,1963.24
0,7101962,10,phononTS,0.000602582,0.000960769,-0.000955455,-0.000262498,1475.1,0.000382,1,0.00100389,-0.000998803,0.0002625,1644.84
0,7105518,28,phononTF,0.00083555,0.000706007,-0.00124604,-0.000262498,180.948,0.000382,1,0.000998039,-0.000999307,0.0002625,374.618
0,7107009,8,phononTS,0.000459384,0.00107539,-0.00095447,-0.000262498,1492.19,0.000382,1,0.00100407,-0.00100314,0.0002625,1662.25
0,7108644,3,phononTF,0.00530451,0.000906112,-0.00109889,0.000205483,137.731,0.000764,1,0.00100039,-0.00100053,0.0002625,479.378
0,7109276,11,phononTF,0.000400624,0.000639947,-0.000842996,-0.0002625,1198.91,0.000382,1,1.54043e-06,-0.00200468,0.0002625,1899.18
0,7117571,19,phononL,0.00417757,0.000848134,-0.00102579,0.000110249,280.864,0.001146,1,0.00100089,-0.000995055,0.0002625,321.283
0,7119812,25,phononTS,0.00102239,0.00423625,0.00302559,-0.0002625,1196.48,0.000382,1,0.00100398,-0.00299997,0.0002625,6161.48
0,7120211,8,phononTS,0.000514803,-0.00054246,0.00170613,-0.0002625,325.318,0.000382,1,-0.00199791,0.00199577,0.0002625,2167.47
0,7121714,21,phononTS,0.000418843,0.00107671,-0.000931756,-0.000262498,1495.96,0.000382,1,0.0010025,-0.00100448,0.0002625,1650.72
0,7121714,14,phononTS,0.00145855,0.000699135,-0.00146045,0.000262498,493.493,0.000369853,1,0.000818106,0.00027419,-0.0002625,1216.94
0,7124833,28,phononTS,0.000558909,0.000914625,-0.00105302,-0.000262498,966.56,0.000382,1,0.00100013,-0.00100312,0.0002625,1136.33
0,7127726,21,phononTF,0.000502033,-4.40598e-06,-0.00200101,0.000262498,995.503,0.000502033,1,4.22971e-05,-0.00195811,-0.0002625,1153.47
0,7136503,4,phononTF,0.00360036,0.00108321,-0.00109215,-0.0002625,914.705,0.000382,1,0.000995194,-0.000998527,0.0002625,1571.42
0,7137490,10,phononTF,0.000772284,0.000895164,-0.000842357,-0.0002625,339.913,0.000382,1,0.00100481,-0.000996629,0.0002625,782
0,7137490,4,phononTF,0.00226505,0.000641934,-0.00111696,0.000262498,6.71938,0.00169376,1,0.000917347,-0.000827087,-0.0002625,208.4
0,7144723,19,phononTS,0.00117519,0.00107292,-0.00105158,-0.0002625,466.337,0.000382,1,0.000999606,-0.000999498,0.0002625,780.986
0,7147260,18,phononTS,0.000416738,-0.00200262,-0.00199712,0.000262498,4492.1,0.000416738,1,-0.000219694,-0.00107001,-0.0002625,5248.63
0,7151770,19,phononTS,0.00052704,-3.53894e-06,0.00200485,0.000262498,2183.5,0.00052704,1,-0.000719517,0.00205933,-0.0002625,2512.36
0,7154090,26,phononTS,0.00248924,0.00100217,-0.000939366,-0.000262498,477.847,0.000764,1,0.000997893,-0.00100493,0.0002625,641.239
0,7158213,35,phononL,0.000486232,-0.00124407,-0.000871971,-0.0002625,2796.64,0.000382,1,-0.00100031,-0.000998503,0.0002625,3030.08
0,7161637,9,phononTF,0.000435202,-0.000932131,0.000925545,-0.0002625,2844.95,0.000382,1,-0.0010001,0.00100494,0.0002625,3164.67
0,7162984,14,phononTS,0.000429546,0.00254227,0.000544675,-0.000262498,5431.27,0.000382,1,0.000999618,0.000995548,0.0002625,6048.59
0,7166114,4,phononTF,0.00237727,0.000899178,-0.000890928,0.000183961,452.542,0.000764,1,0.00100095,-0.00100036,0.0002625,547.835
0,7175553,18,phononTS,0.000540335,-0.000329061,-0.000493161,-0.000262498,644.445,0.000382,1,-1.76849e-06,-0.00200458,0.0002625,1240.38
0,7175553,3,phononTS,0.000478926,0.000639763,-0.00114001,0.000262498,11.2622,0.000478926,1,0.000700499,-0.00107403,-0.0002625,166.564
0,7175553,2,phononTF,0.00156311,0.000639763,-0.00114001,0.000262498,11.2622,0.000291476,1,0.000923747,-0.000803493,-0.0002625,224.208
0,7179764,21,phononTS,0.000559456,0.000902897,-0.00223527,-0.0002625,1251.65,0.000382,1,0.000996403,-0.00299857,0.0002625,1948.87
0,7183375,7,phononTS,0.00200413,0.00082302,-0.0010624,-0.0002625,43.231,0.000764,1,0.00100169,-0.00100305,0.0002625,433.137
0,7185121,25,phononTS,0.00045416,2.02099e-05,-0.00195248,-0.0002625,913.653,0.000382,1,-2.33362e-06,-0.00200066,0.0002625,1239.11
0,7192814,15,phononTS,0.000432411,0.00106274,-0.000947282,-0.0002625,369.446,0.000382,1,0.0010029,-0.00100288,0.0002625,681.916
0,7199656,12,phononTS,0.000392754,0.000806487,-6.31229e-05,-0.0002625,65.6812,0.000382,1,0.0010049,0.00100466,0.0002625,960.404
0,7202663,11,phononTS,0.000441404,-0.00206822,-7.67973e-05,-0.0002625,972.033,0.000382,1,-0.00200023,-1.45002e-06,0.0002625,1318.68
0,7203901,14,phononTS,0.00125648,-1.84904e-05,0.000242909,-0.000262498,2653.85,0.000764,1,5.63944e-07,2.90583e-06,0.0002625,2861.32
0,7203901,3,phononL,0.00087846,0.000637818,-0.00107925,0.000262498,25.0174,0.000459266,1,-8.18627e-05,-0.00155546,-0.0002625,219.986
0,7211056,15,phononTS,0.000455729,3.66445e-06,-2.49938e-06,0.000262498,4739.23,0.000455729,1,1.54545e-05,7.62242e-05,-0.0002625,4900.36
0,7213713,8,phononTS,0.000437614,0.00107734,-0.00110764,-0.0002625,1653.6,0.000382,1,0.00100079,-0.00100022,0.0002625,2013.72
0,7215558,8,phononTS,0.000501187,-0.000215012,-0.000106445,-0.0002625,127.847,0.000382,1,-0.00100211,0.00100339,0.0002625,1147.73
0,7216226,23,phononTF,0.000445421,-0.00178513,-0.00240354,-0.0002625,6831.98,0.000382,1,-0.00199577,-0.00199541,0.0002625,7290.9
0,7216226,3,phononTS,0.00125108,0.000632246,-0.00112876,0.000262498,1.90203,0.000398069,1,0.00225435,0.00121735,-0.0002625,1033.11
0,7218789,15,phononTF,0.000611177,0.000265116,-0.00167818,-0.0002625,725.843,0.000382,1,-2.46997e-06,-0.00200477,0.0002625,1125.96
0,7219773,31,phononTS,0.000419995,0.000998825,-0.00100446,0.000262498,724.959,0.000419995,1,0.000984361,-0.00103206,-0.0002625,881.591
0,7219784,2,phononTF,0.00587568,0.000691721,-0.001326,2.28631e-05,699.319,0.000382,1,0.000997561,-0.000996878,0.0002625,979.662
0,7220444,8,phononTS,0.000859793,0.000972366,-0.000974327,-0.000262498,1293.57,0.000382,1,0.000996923,-0.000998808,0.0002625,1450.19
0,7221965,2,phononTS,0.00655619,0.000958922,-0.00101308,5.0405e-05,2.42709,0.001146,1,0.00100037,-0.00100352,0.0002625,364.994
0,7226521,14,phononTF,0.000929338,0.000301123,-0.000273345,-0.0002625,524.513,0.000382,1,2.21664e-06,3.26676e-06,0.0002625,932.046
0,7226570,3,phononTS,0.00479279,0.000991475,-0.00105308,0.000162285,55.8695,0.000764,1,0.00100113,-0.000999433,0.0002625,232.563
0,7226570,7,phononTF,0.00180978,0.00156053,-0.000352034,-0.000203398,613.547,0.000585752,1,0.00149823,-0.000300969,-0.0002625,703.008
0,7226657,4,phononL,0.00334618,0.00119444,-0.00127502,5.12781e-05,91.0683,0.001146,1,0.00099956,-0.00100286,0.0002625,975.655
0,7228092,13,phononTS,0.000569206,0.00103754,-0.00107165,-0.000262498,2099.9,0.000382,1,0.000998443,-0.000997453,0.0002625,2255.08
0,7229949,16,phononTS,0.00358004,0.000996373,-0.00100378,0.000261964,449.927,0.000764,1,0.000996656,-0.00100377,0.0002625,460.95
0,7229949,19,phononTF,0.000660893,0.000996656,-0.00100377,0.000262498,460.95,0.000660893,1,-0.00024947,-0.00216937,-0.0002625,993.565
0,7229949,18,phononTS,0.000630077,0.000996656,-0.00100377,0.000262498,460.95,0.000630077,1,0.00108595,-0.00108215,-0.0002625,614.98
0,7232095,18,phononTF,0.000545477,-0.000543754,-0.000756874,-0.0002625,714.858,0.000382,1,-0.000995691,-0.000999479,0.0002625,1199.14
0,7237158,6,phononTS,0.000591274,0.00165247,0.0012219,-0.0002625,9.95832,0.000382,1,0.00199655,0.00200467,0.0002625,1584.44
0,7237207,2,phononTF,0.00272006,0.00160817,-0.00210619,-0.000166056,2.52836,0.000382,1,0.000997734,-0.00100332,0.0002625,1035.63
0,7237207,20,phononTS,0.00191892,0.000997734,-0.00100332,0.000262499,1035.63,0.000949231,1,0.00105837,-0.00145192,-0.0002625,1292.84
0,7242599,3,phononTF,0.000571637,0.000363097,-0.00158633,-0.0002625,71.9177,0.000382,1,-4.10678e-06,-0.00200023,0.0002625,526.358
0,7244834,2,phononL,0.00343106,-0.00122263,-0.00160743,-0.0002625,128.92,0.001146,1,-0.00200256,-0.00199915,0.0002625,2072.71
0,7245474,37,phononTS,0.000618308,0.00200249,1.94966e-06,0.000262498,3095.92,0.000618308,1,0.00290129,0.000474832,-0.0002625,3508.65
0,7245474,34,phononTS,0.00121496,0.0018103,-0.000965161,0.000262498,2524.14,0.000385788,1,0.00143901,-0.00182314,-0.0002625,2916.02
0,7254669,25,phononTF,0.000459415,0.00189126,-0.00211872,-0.0002625,8188.87,0.000382,1,0.00199571,-0.00200029,0.0002625,8516.27
0,7255152,26,phononTS,0.000412954,2.679e-05,-0.00197515,-0.000262498,1017.65,0.000382,1,4.52217e-06,-0.00199826,0.0002625,1178.26
0,7255352,15,phononTS,0.000581052,0.00106549,-0.00290712,-0.0002625,1286.88,0.000382,1,0.000998921,-0.00300391,0.0002625,1643.45
0,7256386,20,phononTF,0.000856196,0.00199668,-0.00200113,0.000262498,3317.89,0.000856196,1,0.00204849,-0.00204128,-0.0002625,3475.89
0,7260237,8,phononTS,0.00076806,0.000963955,-0.00103026,-0.000262498,842.555,0.000382,1,0.000996492,-0.00100499,0.0002625,1009.7
0,7262842,6,phononTS,0.000593964,0.000998384,-0.00100273,0.000262498,574.096,0.000593964,1,0.00107299,-0.000815659,-0.0002625,769.67
0,7263912,20,phononTS,0.00189099,-0.000113184,-0.00108906,-0.0002625,982.208,0.000764,1,-0.00100426,-0.00100315,0.0002625,1773.22
0,7263912,21,phononTS,0.000711066,-0.00100426,-0.00100315,0.000262498,1773.22,0.000711066,1,-0.00104573,-0.000792225,-0.0002625,1974.27
0,7264288,5,phononTF,0.00248924,0.000815954,-0.000896223,-1.16061e-05,2.25611,0.001146,1,0.00200036,-0.00200247,0.0002625,743.101
0,7276513,8,phononTF,0.000727243,0.000910919,-0.00107335,-0.0002625,509.692,0.000382,1,0.0010045,-0.00100054,0.0002625,830.89
0,7277364,9,phononTS,0.000572293,-0.00106888,-0.000564021,-0.0002625,515.763,0.000382,1,-0.00199877,2.61808e-06,0.0002625,1814.75
0,7278306,14,phononTS,0.000572095,0.00191477,-0.000426351,-0.0002625,835.517,0.000382,1,0.00200397,-7.91645e-07,0.0002625,1334.89
0,7279452,7,phononTF,0.000489503,0.00100238,-0.00100324,0.000262498,492.518,0.000489503,1,0.00123961,-0.00072979,-0.0002625,682.567
0,7295959,22,phononTF,0.000432091,-4.73476e-06,-4.6131e-06,0.000262498,1035.2,0.000432091,1,-8.28105e-05,9.58603e-05,-0.0002625,1196.36
0,7295959,2,phononTS,0.000794647,0.000662134,-0.00113031,0.000262498,17.3467,0.000794647,1,0.000716292,-0.00117414,-0.0002625,177.158
0,7302014,13,phononTF,0.000582132,-0.000443657,0.000393519,-0.0002625,759.3,0.000382,1,-1.02681e-06,-9.47085e-07,0.0002625,2164.32
0,7302737,2,phononTS,0.00685573,0.000961827,-0.00104142,-8.3148e-05,173.971,0.001146,1,0.000996643,-0.000999228,0.0002625,1164.07
0,7307891,18,phononTS,0.000456551,-0.00107086,-0.000421185,-0.0002625,1090.19,0.000382,1,-0.00200486,-2.24268e-06,0.0002625,1934.32
0,7312199,2,phononTS,0.00550705,0.000949957,-0.000984644,-0.0001288,18.3127,0.000764,1,0.000997099,-0.000999072,0.0002625,923.034
0,7320034,4,phononTF,0.000758858,0.000723779,-0.00120882,-0.0002625,8.16663,0.000382,1,0.00199612,3.53668e-06,0.0002625,717.279
0,7321665,11,phononTF,0.000936944,0.000757856,-0.00125732,-0.000262498,189.841,0.000764,1,1.40464e-06,-0.00199834,0.0002625,547.63
0,7324040,21,phononTF,0.000437194,0.00107059,0.00141191,-0.000262498,2222.56,0.000382,1,0.00199883,0.00200154,0.0002625,2612.7
0,7325240,35,phononTS,0.000714789,-0.00199647,-0.00200212,0.000262498,2731.85,0.000271024,1,-0.00204967,-0.0019272,-0.0002625,2888.36
0,7326612,7,phononTS,0.00132703,-6.93566e-08,0.00200439,0.0002625,972.653,0.00097667,1,8.21404e-05,0.00296219,-0.0002625,1764.71
0,7328036,4,phononTF,0.000897996,0.000306966,0.000363111,-0.0002625,1.35689,0.000382,1,-2.3589e-06,-4.66347e-06,0.0002625,990.883
0,7329580,9,phononTS,0.00216815,0.00102641,-0.00107337,-0.0002625,1218.3,0.000382,1,0.00099507,-0.00100202,0.0002625,1441.3
0,7334742,18,phononTS,0.000666619,-0.00204118,4.07099e-05,-0.0002625,1876.96,0.000382,1,-0.00200321,-3.16235e-06,0.0002625,2542.08
0,7337847,7,phononL,0.000750218,-0.000201459,0.000150058,-0.0002625,1094.6,0.000382,1,4.13899e-06,4.65734e-06,0.0002625,1556.84
0,7338148,19,phononTF,0.000489699,0.00206162,-0.00205024,-0.0002625,2235.56,0.000382,1,0.00200225,-0.00199582,0.0002625,2553.55
0,7338148,4,phononTS,0.00111256,0.000654114,-0.00110777,0.000262498,18.2181,0.00061486,1,0.000771417,-0.00133855,-0.0002625,245.331
0,7339280,23,phononL,0.000567685,-0.000725034,-0.00268102,-0.000262498,1113.25,0.000382,1,-0.00199519,-0.00199776,0.0002625,1417.4
0,7350824,15,phononTS,0.00136984,0.000663984,-0.00312652,-0.0002625,1996.05,0.000382,1,0.000999811,-0.00299711,0.0002625,2985.15
0,7357868,26,phononTF,0.000677459,0.00129471,-0.00117385,-0.000262498,788.123,0.000382,1,-0.00100063,-0.000997475,0.0002625,1571.86
0,7358550,24,phononTF,0.00168761,0.000693785,-0.000974699,-0.000262498,606.542,0.000382,1,0.000995476,-0.00100386,0.0002625,805.768
0,7358692,17,phononTS,0.000433779,0.00199846,-2.84702e-06,0.000262498,1727.68,0.000433779,1,0.00192432,-3.7473e-05,-0.0002625,1895.47
0,7358692,8,phononTF,0.000603168,0.000619981,-0.00111823,0.000262498,22.3745,0.000603168,1,0.00046535,-0.000934093,-0.0002625,194.541
0,7363017,24,phononTS,0.000481734,-0.000655255,-0.00102791,-0.0002625,1841.2,0.000382,1,-0.000995086,-0.00100112,0.0002625,2307.7
0,7363506,15,phononTS,0.00055851,-7.1264e-05,-0.00205053,-0.000262498,1527.64,0.000382,1,7.69112e-08,-0.00200251,0.0002625,1697.59
0,7365818,21,phononL,0.000455393,0.00163086,-0.00241613,-0.0002625,1769.48,0.000382,1,0.00200033,-0.00199919,0.0002625,2308.75
0,7366796,26,phononTS,0.000757537,0.00112221,0.000959666,-0.0002625,1019.99,0.000382,1,0.00100014,0.00100171,0.0002625,1391.01
0,7370043,13,phononTS,0.000773857,0.000943809,-0.00116289,-0.000262498,677.97,0.000382,1,0.00100137,-0.00100082,0.0002625,868.755
0,7371114,17,phononTF,0.000401684,0.00200401,1.03193e-06,0.000262498,1855.8,0.000401684,1,0.00205129,6.21003e-05,-0.0002625,2014.24
0,7371425,23,phononTF,0.000539294,0.00258327,-0.00267524,-0.000262498,1600.59,0.000382,1,0.00199605,-0.00200402,0.0002625,1908.14
0,7372366,17,phononTS,0.000728282,0.00202342,6.07002e-05,-0.000262498,1467.97,0.000382,1,0.00199721,-1.45537e-06,0.0002625,1624.3
0,7372366,5,phononL,0.000983488,0.000625274,-0.00112129,0.000262498,3.02079,0.000381671,1,-0.000561712,-0.00108788,-0.0002625,243.195
0,7372960,12,phononL,0.000795631,-8.33442e-05,-0.000536015,-0.0002625,823.349,0.000382,1,-4.94215e-06,8.01293e-07,0.0002625,1102.94
0,7375061,14,phononTS,0.000460278,-0.00255918,-0.005,0.000215098,1458.35,0.000382,1,-0.000999855,0.000998845,0.0002625,5777.49
0,7375396,10,phononTS,0.00095117,0.000908299,-0.00101365,-0.0002625,25.1159,0.000382,1,0.00099796,-0.000996372,0.0002625,665.358
0,7377440,4,phononTS,0.00382151,0.00103155,-0.00100779,6.99648e-05,755.708,0.001146,1,0.00100424,-0.00100402,0.0002625,993.358
0,7377896,21,phononTF,0.000887595,0.000849764,-0.000877772,-0.0002625,5863.21,0.000382,1,0.00100311,-0.000997695,0.0002625,6530.42
0,7378675,22,phononL,0.000516483,-0.000231472,-0.000844722,-0.000262498,411.492,0.000382,1,-0.00100361,-0.000997713,0.0002625,586.408
0,7381225,22,phononTS,0.000569204,0.00206662,-0.00204855,-0.000262498,1542.4,0.000382,1,0.00200487,-0.00199852,0.0002625,1698.53
0,7381991,8,phononTS,0.000479418,0.00103316,-0.00104602,-0.000262498,1221.53,0.000382,1,0.00100341,-0.000995443,0.0002625,1383.2
0,7382286,6,phononTS,0.000714665,0.000833568,-4.9206e-05,-0.0002625,63.6886,0.000382,1,0.000998435,0.00100202,0.0002625,900.301
0,7382286,5,phononTF,0.000689826,0.000668703,-0.00110043,0.000262498,63.6886,5.82072e-05,1,0.000598057,-0.00117121,-0.0002625,223.346
0,7385021,16,phononTS,0.000808154,0.00107191,-0.0017373,-0.000262498,1391.61,0.000382,1,-0.000999813,0.00100469,0.0002625,2612.51
0,7385827,27,phononTS,0.000518274,0.000598452,-0.000995961,-0.000262498,186.902,0.000382,1,0.00100002,-0.00100147,0.0002625,438.057
0,7387162,28,phononTF,0.000543798,-0.000185236,0.00251437,-0.000262498,3091.26,0.000382,1,-0.000999216,0.00300249,0.0002625,3443.22
0,7389565,4,phononTF,0.000803801,0.000518652,-0.000498526,-0.0002625,397.994,0.000382,1,3.89651e-06,-2.83954e-06,0.0002625,927.616
0,7392825,11,phononL,0.000779457,0.00130494,-7.74476e-05,-0.000262498,2887.34,0.000382,1,0.00200233,-4.71531e-06,0.0002625,3048.21
0,7395707,5,phononTF,0.00327152,0.000338089,-0.00160972,-0.0002625,27.779,0.000764,1,6.99969e-08,-0.00200187,0.0002625,488.8
0,7397734,19,phononTF,0.00149314,0.000996889,-0.000995575,0.0002625,1029.2,0.000752464,1,0.00173079,-0.00033749,-0.0002625,1714.72
0,7399821,14,phononTS,0.00615218,0.00101542,-0.000997064,0.000253007,446.188,0.000764,1,0.000996512,-0.000999746,0.0002625,980.769
0,7401364,7,phononTF,0.000805369,4.4341e-06,2.11947e-06,0.0002625,7.82925,0.000731769,1,-0.00030648,0.000558436,-0.0002625,826.25
0,7401364,6,phononTS,0.00142689,0.000626261,-0.00111051,0.000262498,7.82925,0.000233113,1,0.00128458,-0.00143673,-0.0002625,367.027
0,7403334,20,phononTS,0.000567515,0.00102978,0.000990867,-0.0002625,2305.65,0.000382,1,0.000999017,0.00100298,0.0002625,2637.24
0,7403820,15,phononTF,0.000850778,0.00145585,-0.000470519,-0.0002625,538.754,0.000764,1,0.00200384,9.38126e-07,0.0002625,1069.65
0,7404561,18,phononTF,0.000439605,0.000664819,-0.0012415,-0.000262498,372.413,0.000382,1,-4.05722e-06,-0.00199685,0.0002625,710.649
0,7406949,21,phononTS,0.000930048,-0.00300247,-0.000997746,0.000262498,4054.17,0.000891081,1,-0.00306972,-0.0019496,-0.0002625,4449.49
0,7409058,27,phononTS,0.000571655,0.0010024,-0.000995096,0.000262498,1816.06,0.000571655,1,0.00106872,-0.00102199,-0.0002625,1972.01
0,7409994,21,phononTS,0.000670614,0.000999311,-0.00299626,0.000262498,4129.87,0.000670614,1,0.000980572,-0.00293909,-0.0002625,4292.2
0,7409994,14,phononTS,0.000563854,0.00152871,-0.00218148,0.000262498,2377.91,0.000563854,1,9.98947e-05,-0.00190161,-0.0002625,2944.26
0,7410584,15,phononTF,0.00126412,6.39164e-05,-0.00193697,-0.000262498,650.01,0.000382,1,2.85932e-06,-0.0019959,0.0002625,809.064
0,7410709,8,phononTS,0.000979321,0.000817145,-0.00106594,-0.0002625,4.97015,0.000382,1,0.00100382,-0.000995192,0.0002625,396.463
0,7411942,18,phononTF,0.00133979,-0.000201783,-0.00174265,-0.0002625,866.035,0.000382,1,3.30439e-06,-0.00200111,0.0002625,1519.74
0,7419372,14,phononTS,0.000397117,0.00280918,0.000933341,-0.000262498,1423.55,0.000382,1,0.00299646,0.000999815,0.0002625,1619.22
0,7419372,12,phononTF,0.000402527,0.00303987,0.000750033,0.000262499,1244.58,0.000402527,1,0.00296952,0.000697846,-0.0002625,1404.28
0,7419372,2,phononTS,0.00376574,0.000734102,-0.00123398,0.000223223,218.786,0.00186728,1,0.000811402,-0.00130547,-0.0002625,361.539
0,7421463,13,phononTS,0.000588055,-0.00208637,-0.00207928,-0.000262498,1017.26,0.000382,1,-0.00199669,-0.00200296,0.0002625,1171.41
0,7424330,31,phononTF,0.000634893,1.53196e-05,-0.00203143,-0.000262498,1224.28,0.000382,1,1.6882e-06,-0.00199611,0.0002625,1381.79
0,7424967,23,phononTS,0.000481665,0.000966073,0.00103101,-0.000262498,13786.5,0.000382,1,0.000995904,0.00100297,0.0002625,13954.4
0,7424967,6,phononTS,0.000512341,0.000593511,-0.00114672,0.000262498,17.3739,0.000512341,1,0.000566244,-0.00121609,-0.0002625,201.871
0,7425510,21,phononTS,0.000899875,0.00150247,-0.00302986,-0.0002625,322.107,0.000382,1,0.00100138,-0.00299705,0.0002625,1340.76
0,7428683,22,phononTS,0.000466599,-6.02655e-05,-0.00155032,-0.000262498,1633.26,0.000382,1,-4.62775e-06,-0.00200325,0.0002625,1875
0,7434592,34,phononTF,0.000648298,0.000324775,-0.0017232,-0.000262498,750.161,0.000382,1,-2.80453e-06,-0.00200086,0.0002625,951.947
0,7438741,13,phononTS,0.00268272,0.000725427,-0.000858754,0.000112071,463.828,0.000382,1,0.000995865,-0.00100172,0.0002625,595.818
0,7439906,7,phononTS,0.00057656,0.000365704,-0.00190297,-0.0002625,23.4051,0.000382,1,-1.88338e-06,-0.00199795,0.0002625,654.735
0,7444988,19,phononTF,0.00143586,0.00112214,-0.00115814,-0.0002625,797.051,0.000382,1,0.00100365,-0.000998682,0.0002625,1139.04
0,7445619,11,phononTF,0.000826045,0.000740332,-0.00120319,-0.000262498,162.714,0.000382,1,0.000995164,-0.00100072,0.0002625,346.193
0,7454430,6,phononTF,0.000895332,0.000941499,-0.00107083,-0.0002625,46.2832,0.000382,1,0.00100428,-0.000999331,0.0002625,408.452
0,7456487,9,phononTS,0.00111433,-0.00201057,-0.00194747,-0.0002625,2656.22,0.000382,1,-0.00199551,-0.00200259,0.0002625,2986.88
0,7464111,9,phononTF,0.000415646,0.00206829,-8.60741e-05,-0.000262498,2715.66,0.000382,1,0.00200259,-2.88961e-06,0.0002625,2875.53
0,7466708,8,phononTF,0.0011069,0.000406685,0.000339625,-0.0002625,2364.6,0.000382,1,0.000998537,0.000998984,0.0002625,2978.74
0,7466948,25,phononTF,0.000715104,0.00112474,-0.0029028,-0.0002625,1778.12,0.000382,1,0.00100463,-0.00299973,0.0002625,2431.28
0,7466948,23,phononL,0.00192577,0.00160901,-0.00211902,0.000262498,1333.51,0.000968875,1,0.000981228,-0.002337,-0.0002625,1491.23
0,7467709,10,phononTS,0.000392197,0.000421851,-0.0004429,-0.000262498,1008.47,0.000382,1,0.00199509,-3.73991e-06,0.0002625,1634.16
0,7470589,34,phononTF,0.00122363,0.0015688,-0.00148575,-0.0002625,437.513,0.000382,1,0.00200147,-0.00199671,0.0002625,942.457
0,7470589,35,phononTS,0.000577579,0.00200147,-0.00199671,0.000262498,942.457,0.000577579,1,0.00195962,-0.00215542,-0.0002625,1134.92
0,7471598,23,phononTS,0.000596483,0.000841238,-0.00103902,-0.0002625,329.401,0.000382,1,0.00100317,-0.00100341,0.0002625,716.77
0,7473733,10,phononL,0.00125916,-0.00165765,0.00219206,-0.000262498,1559.78,0.000764,1,-0.00200044,0.00200006,0.0002625,1684.87
0,7474099,13,phononTS,0.00110784,-0.0026376,-0.005,0.000166995,920.346,0.000577581,1,-0.00493101,-0.00284919,-0.0002625,13286.2
0,7476671,43,phononTF,0.000431945,-6.11485e-07,-0.0020023,0.000262498,1645.97,0.000431945,1,-0.000472401,-0.00249807,-0.0002625,1906.07
0,7476671,2,phononTF,0.000412494,0.000631302,-0.00112578,0.000262498,1.69125,0.000412494,1,3.9805e-05,-0.000539535,-0.0002625,299.573
0,7476784,18,phononTS,0.000505359,-0.000700011,-0.00217396,-0.000262498,1047.6,0.000382,1,3.06567e-06,-0.00199659,0.0002625,1376.5
0,7478679,30,phononTF,0.000449931,0.00175704,-0.00175946,-0.0002625,632.278,0.000382,1,0.001995,-0.00200012,0.0002625,1300.11
0,7478758,26,phononTS,0.000638326,0.00100357,-0.00100029,0.000262498,1231.32,0.000638326,1,0.0005927,-0.00106368,-0.0002625,1491.16
0,7480182,24,phononTF,0.00236414,0.00110045,0.00112631,1.52348e-07,2274.58,0.000382,1,0.00100118,0.00100369,0.0002625,2494.28
0,7480182,25,phononTF,0.00129789,0.00100118,0.00100369,0.000262498,2494.28,0.000721484,1,0.000341597,0.000346863,-0.0002625,2817.7
0,7481310,16,phononTS,0.00040737,-0.00083904,-0.000259937,-0.0002625,1709.25,0.000382,1,-0.00100359,-0.0010028,0.0002625,2394.82
0,7481310,13,phononTF,0.000542596,-0.000727095,-0.000228017,0.000262498,1226.93,0.000542596,1,-0.000503567,4.88097e-05,-0.0002625,1415.39
0,7482475,5,phononTF,0.00331569,-0.00172777,0.00227993,-0.0002625,161.984,0.001146,1,-0.00200346,0.00199803,0.0002625,1950.29
0,7487707,3,phononL,0.00236735,0.000322727,-0.00156864,-0.0002625,9.7769,0.001146,1,8.09123e-07,-0.00199857,0.0002625,292.947
0,7493844,9,phononTS,0.00120396,0.00101266,-0.00221747,-0.000262498,2765.31,0.000382,1,-2.79389e-06,-0.00199919,0.0002625,3172.65
0,7496582,12,phononTS,0.000511693,0.00105231,-0.00109101,-0.000262498,538.628,0.000382,1,0.000999591,-0.00100078,0.0002625,694.732
0,7497306,12,phononL,0.000613892,-0.000677073,-0.00054401,-0.000262498,677.514,0.000382,1,-0.00100266,-0.000995016,0.0002625,821.674
0,7497879,9,phononTF,0.000889412,0.00029111,-0.00176911,-0.000262498,796.862,0.000382,1,1.78183e-06,-0.00200041,0.0002625,987.562
0,7498751,28,phononTS,0.000420893,0.00191256,-0.000759654,-0.0002625,1816.65,0.000382,1,0.00199761,-9.14993e-07,0.0002625,2510.32
0,7504206,3,phononTF,0.00668752,0.00104655,-0.00104546,0.000184241,139.755,0.002292,1,0.000999425,-0.000996333,0.0002625,381.255
0,7504206,6,phononTS,0.00125789,0.000999425,-0.000996333,0.000262498,381.255,0.000438106,1,0.000997627,-0.000925798,-0.0002625,543.915
0,7504206,5,phononTF,0.00115447,0.000999425,-0.000996333,0.000262498,381.255,0.000575575,1,0.00122159,-0.000787812,-0.0002625,562.526
0,7505522,18,phononTS,0.000406084,-0.001764,0.000916487,-0.000262498,3281.67,0.000382,1,-0.000998012,0.000995571,0.0002625,3621.03
0,7505697,30,phononTS,0.000537575,-7.3168e-05,-0.0013393,-0.000262498,1103.5,0.000382,1,-0.00199749,-0.00199645,0.0002625,1859.64
0,7513609,7,phononTF,0.001116,0.00045834,-0.00149608,-0.000262498,333.916,0.000382,1,5.83764e-07,-0.00200469,0.0002625,590.898
0,7513609,8,phononTS,0.000536347,5.83764e-07,-0.00200469,0.000262498,590.898,0.000536347,1,-3.20969e-05,-0.00204196,-0.0002625,759.858
0,7513673,3,phononTS,0.00300989,0.000522482,-0.000523905,-0.000100169,96.9953,0.000764,1,-0.00100338,0.00100241,0.0002625,1054.64
0,7513673,4,phononL,0.00148249,-0.00100338,0.00100241,0.000262498,1054.64,0.000839444,1,-0.00115369,0.000536379,-0.0002625,1188.96
0,7515152,5,phononTF,0.000587788,-9.19154e-05,-0.00188933,-0.0002625,52.4197,0.000382,1,-1.39007e-06,-0.0019996,0.0002625,571.6
0,7515256,25,phononTS,0.00179516,0.000998162,-0.0010741,-0.0002625,416.924,0.000764,1,0.000995392,-0.00100432,0.0002625,805.508
0,7516840,25,phononTS,0.00127511,0.00100079,-0.00164152,-0.0002625,672.726,0.000382,1,0.000997663,-0.000996349,0.0002625,1278.56
0,7516840,26,phononTS,0.000512453,0.000997663,-0.000996349,0.000262498,1278.56,0.000512453,1,0.00103281,-0.0010815,-0.0002625,1436.8
0,7518397,17,phononTS,0.000592865,-3.66305e-06,6.31592e-07,0.000262498,635.687,0.000592865,1,9.59789e-05,-0.000686391,-0.0002625,953.816
0,7518397,4,phononL,0.00120571,0.000633491,-0.000966203,0.000262498,125.425,0.000747214,1,0.00130305,-0.000678841,-0.0002625,294.169
0,7520174,18,phononTS,0.000427902,0.000824837,-0.0010525,-0.0002625,60.3861,0.000382,1,0.001002,-0.00100447,0.0002625,448.344
0,7522346,4,phononTS,0.0028976,-0.00293396,0.00266783,-0.000233667,258.819,0.00118424,1,-0.00297599,0.00267196,-0.0002625,4520.39
0,7523589,8,phononTS,0.000517911,0.000999117,-0.00100204,0.0002625,218.792,0.000517911,1,0.00107185,-0.00109199,-0.0002625,527.591
0,7525964,21,phononTS,0.000671306,-0.00109984,0.00292381,-0.000262498,2784.34,0.000382,1,-0.00100264,0.00299772,0.0002625,2962.5
0,7527949,34,phononTS,0.000513042,-1.54621e-06,-0.00199797,0.0002625,4480.23,0.000513042,1,9.97307e-05,-0.00197288,-0.0002625,5674.49
0,7528608,29,phononTF,0.000549691,-0.000831634,0.000938536,-0.000262498,1505.59,0.000382,1,-0.000996373,0.000997827,0.0002625,1676.45
0,7531224,26,phononTF,0.000664312,0.00201384,-0.00217007,-0.0002625,2589.53,0.000382,1,0.00100191,-0.00300142,0.0002625,3459.53
0,7538782,21,phononL,0.00053688,0.000857061,-0.00201131,-0.0002625,606.293,0.000382,1,0.00100094,-0.00299666,0.0002625,1023.6
0,7548070,21,phononTS,0.000466142,0.00175837,-0.00118768,-0.000262498,2115.18,0.000382,1,-3.75863e-06,-2.69315e-06,0.0002625,2893.22
0,7548133,6,phononTF,0.00295714,0.00108887,-0.000896458,0.0001107,24.1032,0.000382,1,0.00100179,-0.000998705,0.0002625,271.786
0,7555488,7,phononTF,0.00139135,0.00137537,-0.00254309,-0.0002625,13.9905,0.000764,1,0.000998119,-0.00299576,0.0002625,1022.85
0,7556334,13,phononTF,0.000435284,0.000841692,-0.000830158,-0.000262498,194.278,0.000382,1,0.00100263,-0.00100411,0.0002625,366.289
0,7564464,16,phononTF,0.00066315,0.000877384,-0.00111358,-0.0002625,1035.08,0.000382,1,0.00100378,-0.000999882,0.0002625,1364.66
0,7566174,38,phononTS,0.000478038,6.48275e-05,-0.000622783,-0.0002625,514.335,0.000382,1,-2.3315e-06,1.06091e-06,0.0002625,2074.93
0,7567358,33,phononTS,0.000460494,6.70233e-05,-0.00207058,-0.000262498,1042.34,0.000382,1,5.43214e-07,-0.00199812,0.0002625,1197.33
0,7568618,9,phononTF,0.00050389,-4.15024e-06,-0.00200207,0.000262498,2071.04,0.00050389,1,-0.000198281,-0.00224392,-0.0002625,2252.36
0,7570421,11,phononTF,0.000449654,0.00116986,-0.00116259,-0.0002625,960.287,0.000382,1,0.00100119,-0.000998452,0.0002625,1475.89
0,7570421,6,phononTS,0.00252427,0.000632026,-0.001154,0.000262498,17.0484,0.00193344,1,0.00148869,-0.000925872,-0.0002625,377.653
0,7572608,12,phononTF,0.000736074,0.000744318,-0.00123899,-0.000262498,184.573,0.000382,1,0.000997374,-0.00100409,0.0002625,373.697
0,7572970,6,phononTS,0.00076679,0.00137242,0.0019346,-0.0002625,7.63743,0.000382,1,2.85116e-06,-1.97543e-06,0.0002625,5199.93
0,7586101,20,phononTS,0.00114582,0.00200859,-0.00195524,-0.000262498,637.084,0.000382,1,0.00200474,-0.00200425,0.0002625,799.894
0,7593082,2,phononTS,0.00119395,0.000817485,-0.00105894,-0.0002625,7.80141,0.000382,1,0.00100111,-0.000995048,0.0002625,397.763
0,7596446,16,phononTS,0.00199023,0.00104073,-0.00103328,0.000254221,276.437,0.000382,1,0.001004,-0.000999885,0.0002625,296.583
0,7596446,26,phononTS,0.00157037,0.001004,-0.000999885,0.000262498,296.583,0.000560462,1,0.00108822,-0.00107322,-0.0002625,451.113
0,7597247,32,phononTS,0.000401052,0.000979335,-0.00098071,-0.000262498,535.111,0.000382,1,0.000998622,-0.00100109,0.0002625,696.077
0,7598027,2,phononTS,0.00285555,-0.000175342,-0.0020183,0.000185897,29.8397,0.000764,1,4.92195e-06,-0.00199953,0.0002625,497.082
0,7602199,20,phononTS,0.000562917,7.2259e-05,0.00157675,-0.000262498,7214.85,0.000382,1,1.50229e-07,0.00200184,0.0002625,7465.38
0,7602756,9,phononTF,0.000912075,-0.00100372,0.000997987,0.0002625,1445.51,0.000377771,1,-0.00151781,0.00132755,-0.0002625,1968.39
0,7603616,25,phononTS,0.000450153,0.000815015,-0.0010781,-0.0002625,740.595,0.000382,1,0.00100267,-0.000995558,0.0002625,1131.06
0,7604029,33,phononTS,0.000402202,8.28578e-05,-0.00110138,-0.0002625,2961.82,0.000382,1,1.37706e-06,-0.00199512,0.0002625,4449.24
0,7607407,6,phononL,0.00167292,0.000938969,-0.00123769,-0.0002625,428.451,0.001146,1,0.000999945,-0.000999467,0.0002625,658.875
0,7607440,18,phononTS,0.000982237,0.000964404,-0.000892205,-0.0002625,352.68,0.000382,1,0.000999904,-0.00099804,0.0002625,713.606
0,7607440,19,phononTS,0.000425519,0.000999904,-0.00099804,0.000262498,713.606,0.000425519,1,0.00099579,-0.00102464,-0.0002625,876.634
0,7615790,21,phononTS,0.00113731,0.00132562,-0.000119666,-0.0002625,584.327,0.000764,1,0.00199837,-1.25678e-07,0.0002625,1210.88
0,7616397,17,phononTS,0.000676197,-0.0020048,4.86785e-06,0.0002625,1825.24,0.000676197,1,-0.00197192,9.42732e-05,-0.0002625,2141.69
0,7617770,9,phononTS,0.00100129,0.00238531,-0.000895177,-0.0002625,2357.89,0.000764,1,0.00199971,-0.00199745,0.0002625,3328.62
0,7619429,9,phononTS,0.000891901,-0.000130987,-0.0019934,-0.0002625,1660.51,0.000382,1,-1.53626e-07,-0.00199901,0.0002625,2424.18
0,7619719,6,phononTS,0.00095037,0.000988605,-0.00108417,-0.000262498,1252.94,0.000382,1,0.000998161,-0.00100208,0.0002625,1416.82
0,7620817,36,phononL,0.00132917,-0.000459336,-0.00138535,-0.0002625,850.228,0.000382,1,-0.00100382,-0.000995754,0.0002625,1173.15
0,7621156,12,phononTS,0.000970714,4.04113e-07,1.07583e-06,0.000262498,777.202,0.000538454,1,-8.20858e-05,-6.00464e-05,-0.0002625,933.017
0,7622968,4,phononTS,0.00288439,0.00092425,-0.00104959,-0.0002625,2.21831,0.000764,1,0.00100121,-0.00100009,0.0002625,372.303
0,7622968,16,phononTF,0.000426132,0.00100121,-0.00100009,0.000262498,372.303,0.000426132,1,0.00147669,-0.000584593,-0.0002625,616.625
0,7626373,8,phononTS,0.000798241,0.000825679,-0.0010725,-0.0002625,6.92775,0.000382,1,0.00100188,-0.00100305,0.0002625,425.323
0,7627453,8,phononTF,0.000586905,-0.0001004,-0.00179315,-0.0002625,12.1253,0.000382,1,-2.17405e-06,-0.00200198,0.0002625,528.174
0,7630627,28,phononL,0.000416963,0.000467026,-0.000999656,-0.000262498,191.602,0.000382,1,0.000995534,-0.000998932,0.0002625,329.522
0,7632412,14,phononTF,0.00121442,0.000997723,-0.00100231,0.000262498,2054.78,0.00101815,1,0.000815124,-0.000744598,-0.0002625,2245.86
0,7632412,4,phononTS,0.00113427,0.000625669,-0.00115086,0.000262498,111.055,0.000672595,1,0.00130349,-0.00150197,-0.0002625,479.242
0,7632419,4,phononTS,0.00217546,0.00313876,0.00262061,-0.0002625,61.5158,0.000382,1,-0.0010001,-0.000999586,0.0002625,4327.68
0,7633097,3,phononTS,0.00288374,0.000478559,-0.00103651,0.000235586,120.8,0.000764,1,0.000996509,-0.00099849,0.0002625,331.852
0,7633809,24,phononTF,0.000833241,0.000379901,-0.00154865,-0.0002625,531.803,0.000382,1,0.000996079,-0.00100231,0.0002625,1113.03
0,7634091,22,phononTF,0.000646321,0.000779914,-0.00123267,-0.000262498,170.527,0.000382,1,0.000996312,-0.00100237,0.0002625,355.043
0,7637293,8,phononTS,0.000531037,0.000560333,4.23415e-05,-0.000262498,483.643,0.000382,1,-3.48415e-06,-7.37372e-07,0.0002625,761.789
0,7638191,2,phononTS,0.00504711,0.000988685,-0.000988871,8.56754e-05,175.484,0.000764,1,0.000997716,-0.000997834,0.0002625,418.746
0,7638191,28,phononTS,0.00111508,0.000997716,-0.000997834,0.000262498,418.746,0.00111508,1,0.000683598,-0.00105274,-0.0002625,643.63
0,7639498,21,phononTS,0.0004508,0.00075086,-0.00108808,-0.000262498,492.188,0.000382,1,0.000995357,-0.000996569,0.0002625,718.218
0,7641992,8,phononTS,0.00133279,0.000788498,-0.00107617,-0.0002625,148.678,0.000382,1,0.000996545,-0.000997154,0.0002625,547.899
0,7646232,3,phononTS,0.00441303,0.00101168,-0.000997223,0.000218417,33.3549,0.001146,1,0.00100433,-0.000996099,0.0002625,143.064
0,7646232,4,phononTS,0.00264709,0.00100433,-0.000996099,0.000262498,143.064,0.000269488,1,0.00117243,-0.000262237,-0.0002625,498.727
0,7648186,13,phononTS,0.00126147,0.00100276,0.000999881,0.0002625,1980.47,0.000873629,1,0.000927624,0.00104606,-0.0002625,2902.14
0,7648899,20,phononTS,0.000457796,0.00300319,0.00100384,0.000262498,2995.48,0.000457796,1,0.00305052,0.000912593,-0.0002625,3152.08
0,7649577,25,phononTF,0.000688773,-0.00103033,0.00103302,-0.0002625,3479.26,0.000382,1,-0.000996297,0.000996932,0.0002625,3794.55
0,7651556,26,phononTF,0.000992758,0.000301127,-0.00174555,-0.0002625,2251.77,0.000382,1,1.89809e-06,-0.00200179,0.0002625,2643.71
0,7652464,28,phononTF,0.000697423,0.000995492,-0.00300154,0.0002625,1510.74,0.000697423,1,0.00128288,-0.00334108,-0.0002625,1920.78
0,7652464,2,phononTS,0.0037963,0.00153308,-0.00313636,-0.000194556,14.4865,0.00121936,1,0.00149119,-0.00308519,-0.0002625,1122.1
0,7657161,16,phononTS,0.000492674,-0.00100482,0.000996685,0.000262498,1633.49,0.000492674,1,-0.000674982,0.00250549,-0.0002625,2228.93
0,7662890,5,phononL,0.00104617,8.28266e-07,0.00199659,0.0002625,4.84349,0.000210844,1,-0.000284019,0.00284867,-0.0002625,911.356
0,7662969,11,phononTF,0.000440508,0.000870782,-0.00116433,-0.0002625,434.918,0.000382,1,0.000997773,-0.00100184,0.0002625,770.87
0,7662969,9,phononTS,0.000408446,0.00458343,-0.005,0.000259389,116.136,0.000408446,1,0.00122078,-0.00166112,-0.0002625,3529.63
0,7662969,8,phononTS,0.00115716,0.00062422,-0.00117263,0.000262498,116.136,0.000393392,1,0.000809292,-0.000240147,-0.0002625,500.297
0,7664138,23,phononTF,0.000818661,0.00107623,-0.000932743,-0.000262498,3956.08,0.000382,1,0.00100092,-0.000999113,0.0002625,4115.84
0,7665238,28,phononTF,0.000523992,0.00181482,-0.0022962,-0.0002625,3197.74,0.000382,1,0.00100271,-0.00300425,0.0002625,3934.77
0,7666287,19,phononTF,0.000439691,0.00118834,-0.000850049,-0.0002625,1351.17,0.000382,1,0.00100372,-0.00100144,0.0002625,1694.89
0,7668233,15,phononTF,0.00070954,0.00148437,-0.000496639,-0.0002625,158.099,0.000382,1,0.0019996,3.55582e-06,0.0002625,1070.19
0,7672992,15,phononTF,0.000445097,0.00308544,-0.000406819,-0.000262498,1090.31,0.000382,1,0.00200335,-0.00200225,0.0002625,1711.28
0,7679185,20,phononTF,0.000524618,0.000838878,-0.00108198,-0.000262498,558.636,0.000382,1,4.6497e-06,-0.00199897,0.0002625,959.637
0,7679253,34,phononTF,0.000435098,0.00178806,-0.00178852,-0.000262498,3050.71,0.000382,1,0.00199781,-0.00200124,0.0002625,3231.15
0,7681094,6,phononTS,0.0016274,0.000833207,-0.00106502,-0.0002625,27.9203,0.001146,1,0.000997895,-0.00100325,0.0002625,411.855
0,7682072,6,phononTS,0.00113752,0.000762519,-0.001061,-0.0002625,94.7041,0.000382,1,0.00099599,-0.000997817,0.0002625,456.36
0,7685108,13,phononTS,0.000414678,-0.00104373,-0.000862485,-0.0002625,2974.57,0.000382,1,-0.000997601,-0.00100105,0.0002625,3347.39
0,7686967,9,phononTS,0.00170387,0.000353974,-6.68044e-05,-0.0002625,830.501,0.000382,1,-2.16624e-06,4.46894e-06,0.0002625,1530.19
0,7687866,37,phononTS,0.000518255,-0.00124518,-5.76904e-06,-0.000262498,2762.82,0.000382,1,-0.00200167,3.99583e-06,0.0002625,3101.02
0,7687866,33,phononTS,0.00111498,0.000547297,-0.00228115,0.000262498,699.122,0.000601801,1,0.000651093,-0.00220181,-0.0002625,878.347
0,7688790,28,phononTS,0.000443197,0.00122118,-0.00146212,-0.0002625,815.429,0.000382,1,-3.9432e-06,-7.57821e-07,0.0002625,1700.27
0,7691096,7,phononTF,0.00380067,0.00113621,-0.000891747,-0.000196919,797.076,0.00191,1,0.000999705,-0.000999189,0.0002625,1079.25
0,7691096,8,phononTS,0.000549916,0.000999705,-0.000999189,0.000262498,1079.25,0.000549916,1,0.00106052,-0.000579225,-0.0002625,1328.16
0,7692393,9,phononTS,0.00136115,-0.00251825,0.00137869,-0.0002625,84.8584,0.000382,1,-0.00199513,3.72294e-06,0.0002625,4754.81
0,7692393,8,phononTS,0.000880814,0.000652301,-0.00112172,0.000262498,84.8584,0.000880814,1,0.000562307,-0.00104503,-0.0002625,238.97
0,7693236,22,phononTF,0.000739563,3.64365e-06,-0.00200158,0.000262498,890.241,0.000739563,1,-0.00019483,-0.00181138,-0.0002625,1067.25
0,7697858,13,phononTF,0.000624861,-0.000185849,-0.00175491,-0.000262499,699.27,0.000382,1,-0.000999093,-0.00100363,0.0002625,1064.62
0,7698551,20,phononTF,0.000477414,0.00100106,-0.00100211,0.000262498,1843.91,0.000477414,1,0.000787892,-0.00126164,-0.0002625,2029.44
0,7699245,3,phononTF,0.00423188,0.000640016,-0.00113349,0.000247176,22.5803,0.000382,1,0.000997764,-0.00100122,0.0002625,136.338
0,7702835,8,phononTF,0.00158896,0.00122339,-0.000879866,-0.0002625,841.789,0.000382,1,0.00100437,-0.00100204,0.0002625,1239.96
0,7704506,16,phononL,0.00249509,-0.00156911,0.00190218,-0.0002625,592.325,0.000382,1,3.5765e-06,0.00200134,0.0002625,3789.2
0,7705288,27,phononTF,0.00103112,0.000309387,-0.00160092,-0.0002625,735.255,0.000382,1,-2.91461e-06,-0.00199852,0.0002625,1194.2
0,7705582,28,phononTS,0.000405392,-0.00109235,-0.001806,-0.0002625,915.37,0.000382,1,-0.00200426,-0.00200371,0.0002625,1849.31
0,7706653,9,phononTS,0.000627776,-0.00208434,-0.00191959,-0.000262498,949.051,0.000382,1,-0.00200154,-0.00199668,0.0002625,1103.38
0,7706682,11,phononTS,0.000470671,0.00099377,-0.00117456,-0.000262498,507.949,0.000382,1,0.00100049,-0.00099578,0.0002625,707.924
0,7707147,30,phononTF,0.000461592,0.00069278,0.001338,-0.0002625,2378.4,0.000382,1,0.00100024,0.000996577,0.0002625,2797.13
0,7708340,29,phononTS,0.000424258,0.00148788,-9.91879e-05,-0.000262498,1664.54,0.000382,1,0.00199884,3.25824e-07,0.0002625,1953.52
0,7712929,2,phononTF,0.00495306,0.000618676,-0.001383,-0.000183327,70.4593,0.00191,1,0.00100188,-0.0010003,0.0002625,582.986
0,7716241,3,phononTF,0.00594634,0.00104934,-0.00105977,7.67097e-05,262.343,0.000764,1,0.00100017,-0.00100248,0.0002625,953.215
0,7718415,26,phononTS,0.000443243,0.00292698,0.00104223,-0.0002625,3915.1,0.000382,1,0.00299924,0.00100022,0.0002625,4253.07
0,7721911,31,phononTF,0.000888079,-0.00239376,-0.000186905,-0.0002625,3510.34,0.000382,1,-0.00200499,1.75002e-06,0.0002625,3957.95
0,7722100,6,phononTF,0.00189711,0.000875395,-0.0011045,-0.0002625,956.016,0.000382,1,0.00099524,-0.000995458,0.0002625,1284.97
0,7722100,8,phononTF,0.000548012,0.00099524,-0.000995458,0.000262498,1284.97,0.000548012,1,0.000596483,-0.00133848,-0.0002625,1506.03
0,7723068,18,phononTS,0.000504307,0.000474044,-0.00201428,-0.000262498,703.876,0.000382,1,-4.8393e-06,-0.00199867,0.0002625,972.355
0,7727433,10,phononTF,0.000497991,0.00160523,-0.000368462,-0.0002625,438.31,0.000382,1,0.00199786,-2.74863e-07,0.0002625,891.744
0,7727501,31,phononTS,0.000465076,0.00100741,-0.00177948,-0.000262498,1080.5,0.000382,1,0.00200494,-0.00200315,0.0002625,1482.56
0,7729821,23,phononTS,0.000498915,0.000835023,-0.00104133,-0.0002625,753.549,0.000382,1,0.000995017,-0.00100056,0.0002625,1157.79
0,7730786,4,phononTS,0.00083054,0.000690554,-0.00108326,-0.0002625,70.8021,0.000382,1,0.00100432,-0.000997856,0.0002625,468.219
0,7732156,3,phononTS,0.00430565,0.00103887,-0.000992587,0.000216235,421.629,0.001528,1,0.00099708,-0.000997435,0.0002625,592.872
0,7733344,18,phononTS,0.000966603,0.000914014,-0.000922637,-0.0002625,348.757,0.000382,1,0.000995647,-0.000996911,0.0002625,696.597
0,7733344,17,phononTS,0.000746498,0.000832381,-0.000848364,0.000262498,348.757,0.000746498,1,0.00165805,-0.00117625,-0.0002625,726.973
0,7733355,8,phononTF,0.00152151,0.00039625,-0.00165068,-0.0002625,1058.27,0.000382,1,-1.23311e-07,-0.00199732,0.0002625,1501.03
0,7736271,7,phononTS,0.000852881,0.00149805,-0.000962727,-0.000262498,368.336,0.000382,1,0.00100149,-0.00100303,0.0002625,636.686
0,7737338,5,phononTF,0.00383195,-0.00175245,-0.000202351,-0.0002625,5.1491,0.001528,1,-0.00200309,-1.51e-06,0.0002625,1218.15
0,7740703,17,phononTS,0.000799483,-1.76182e-06,-0.00199919,0.000262498,2713.43,0.000799483,1,-6.50266e-05,-0.00204047,-0.0002625,2882.53
0,7740875,21,phononTF,0.00118922,0.0016617,-0.000354329,-0.0002625,771.907,0.000382,1,0.00199791,-3.59734e-06,0.0002625,1199.16
0,7742022,22,phononTS,0.00110505,0.00105779,-0.000710075,-0.0002625,618.294,0.000382,1,0.00100072,-0.000996518,0.0002625,1027.88
0,7743445,14,phononTF,0.000503507,0.00268897,-0.00090715,-0.000262498,1776.15,0.000382,1,-2.09849e-06,-0.00200084,0.0002625,2709.33
0,7743913,12,phononTF,0.000529677,0.00194245,-0.000167323,-0.000262498,1342.22,0.000382,1,0.00200019,2.91291e-06,0.0002625,1513.96
0,7748150,7,phononTS,0.00337954,0.00088176,0.000318672,-0.0002625,3.87686,0.000764,1,0.00100238,0.000998714,0.0002625,986.608
0,7748150,10,phononTS,0.000692083,0.00100238,0.000998714,0.000262498,986.608,0.000692083,1,0.00105296,0.000915988,-0.0002625,1143.17
0,7749334,9,phononTF,0.000410181,0.00146432,-0.000530541,-0.0002625,514.468,0.000382,1,0.00200083,-3.70984e-06,0.0002625,1398.15
0,7756148,25,phononTF,0.000781267,-0.00100158,-0.000998483,0.000262498,852.718,0.000467322,1,-0.000797263,-0.00117121,-0.0002625,1028.67
0,7757497,19,phononTF,0.000768794,-0.00216821,-0.000163473,-0.0002625,4284.26,0.000382,1,-0.00199577,-5.11703e-07,0.0002625,4628.41
0,7770519,6,phononL,0.000800552,0.000874495,0.000403405,-0.0002625,1.34923,0.000382,1,0.000999561,0.00100248,0.0002625,562.432
0,7772240,2,phononL,0.0044485,0.0018083,-0.000973574,-0.000193246,31.2186,0.001528,1,0.00100123,-0.00100448,0.0002625,783.47
0,7778246,10,phononTS,0.00100455,0.0010645,-0.00109655,-0.000262498,760.741,0.000764,1,0.00100305,-0.00100216,0.0002625,939.596
0,7779801,18,phononTS,0.000979037,0.000844073,-0.00106499,-0.0002625,35.9656,0.000382,1,0.00100338,-0.000995226,0.0002625,415.86
0,7780191,21,phononTS,0.000781091,0.005,0.00151586,-0.000169301,1450.31,0.000416981,1,0.00498049,0.00151171,-0.0002625,3145.2
0,7780191,10,phononTS,0.00103425,0.000641164,-0.00077762,0.000262498,777.87,0.000320133,1,2.07624e-05,-0.00227473,-0.0002625,1397.2
0,7785772,23,phononL,0.000401142,0.00028776,-0.00317632,-0.0002625,8080.58,0.000382,1,4.98131e-06,-0.00199584,0.0002625,8580
0,7787086,22,phononTF,0.001634,-1.76761e-06,4.13851e-07,0.0002625,393.603,0.000700118,1,-0.000316208,0.000563398,-0.0002625,1217.93
0,7791284,27,phononTS,0.000470077,0.00180021,-0.000802033,-0.000262498,3177.18,0.000382,1,0.00100383,-0.00100291,0.0002625,3520.42
0,7793437,6,phononTF,0.000500751,0.000298032,-0.00164988,-0.0002625,308.971,0.000382,1,2.84268e-06,-0.00200415,0.0002625,724.155
0,7795033,14,phononTS,0.00105509,0.00199593,-0.00199759,0.000262498,1427.75,0.000638588,1,0.00284892,-0.0011915,-0.0002625,1926.14
0,7795404,20,phononTS,0.000423806,-0.00128242,-0.00204453,-0.0002625,3075.06,0.000382,1,-0.00199665,-0.00200386,0.0002625,3747.43
0,7795421,6,phononTS,0.00177662,0.000823695,-0.00104492,-0.0002625,21.0691,0.001146,1,0.000999195,-0.000998389,0.0002625,411.812
0,7795421,5,phononTS,0.000595872,0.000648196,-0.00109146,0.000262498,21.0691,0.000364342,1,2.81771e-05,-0.0015198,-0.0002625,389.062
0,7795421,4,phononL,0.0011249,0.000294954,3.66009e-05,-6.83455e-05,21.0691,0.00056514,1,1.11426e-05,8.57506e-05,-0.0002625,529.231
0,7797047,21,phononTS,0.00108537,0.000161565,-0.00195979,-0.0002625,1839.38,0.000382,1,3.91429e-06,-0.00199617,0.0002625,2224.92
0,7797881,9,phononTS,0.000722131,0.000914731,-0.000913481,-0.0002625,1216.44,0.000382,1,0.00099694,-0.000996013,0.0002625,1524.63
0,7797881,2,phononTS,0.000613947,0.000635022,-0.00112205,0.000262498,5.90121,0.000613947,1,0.000573699,-0.00117869,-0.0002625,179.609
0,7804931,26,phononTF,0.000513509,0.001002,-0.00100099,0.000262498,3305.92,0.000513509,1,0.000920972,-0.000913437,-0.0002625,3466.74
0,7804931,11,phononTS,0.00153172,0.000524851,-0.00113483,0.000262498,68.7098,0.000611828,1,0.000655406,-0.00222564,-0.0002625,540.34
0,7822009,29,phononTF,0.000637337,0.00234075,-0.00232403,-0.0002625,4101,0.000382,1,0.0019975,-0.00199506,0.0002625,4534.48
0,7829601,24,phononTF,0.000574356,0.00273918,0.000722839,-0.000262498,1651.62,0.000382,1,0.00299644,0.000998979,0.0002625,1846.39
0,7829825,27,phononTS,0.000474773,-0.00165077,0.00108274,-0.000262498,2392.93,0.000382,1,-0.00100345,0.00100287,0.0002625,2715.03
0,7832727,26,phononTS,0.00099104,-0.00107733,0.00123582,7.3246e-05,1079.07,0.000382,1,-4.83736e-06,4.95982e-06,0.0002625,2125.82
0,7835195,6,phononTS,0.00194379,0.00104611,-0.00108004,-0.000262498,1091.95,0.000764,1,0.000996771,-0.00100178,0.0002625,1249.17
0,7838775,8,phononTF,0.00109776,0.002005,-0.0019963,0.0002625,246.759,0.000576,1,0.00253765,-0.00247372,-0.0002625,776.947
0,7839733,12,phononTF,0.000576587,0.00368488,0.00355409,-0.0002625,2782.16,0.000382,1,0.000997165,0.00100418,0.0002625,4928.2
0,7839733,5,phononTF,0.00149295,0.000387882,-0.000747956,0.000262498,344.314,0.00111493,1,0.000916752,-0.00118723,-0.0002625,614.755
0,7846761,9,phononTS,0.001501,0.00204736,-0.00137697,-0.0002625,1614.19,0.000382,1,0.00200371,-0.00200027,0.0002625,2792.64
0,7847390,3,phononL,0.00494209,0.000796699,-0.000941277,0.000180205,3.70584,0.001146,1,0.00100308,-0.000999741,0.0002625,398.904
0,7848916,6,phononTS,0.000500428,0.00101545,-0.000953304,-0.0002625,416.933,0.000382,1,0.00100412,-0.00099944,0.0002625,894.309
0,7848916,5,phononTS,0.00125668,-0.00365376,0.005,-0.000143033,416.933,0.00125668,1,-0.0035851,0.00484446,-0.0002625,2979.89
0,7851332,25,phononTS,0.000939834,0.000967627,-0.00107439,-0.000262498,212.798,0.000382,1,0.00100208,-0.000995434,0.0002625,380.413
0,7852707,20,phononTS,0.000639279,0.00109363,0.000991464,-0.0002625,898.677,0.000382,1,0.00100134,0.000999023,0.0002625,1270.05
0,7854496,15,phononTS,0.000786153,7.37081e-05,7.58488e-05,-0.0002625,4389.8,0.000382,1,-4.89075e-07,-4.52628e-06,0.0002625,4699.56
0,7855582,23,phononTF,0.000482,0.000259124,-0.00148328,-0.0002625,845.144,0.000382,1,1.19765e-06,-0.00199783,0.0002625,1263.85
0,7857111,10,phononTS,0.00275752,0.000535427,-0.00194822,-2.6393e-05,777.014,0.001146,1,2.74161e-06,-0.00200497,0.0002625,996.072
0,7857782,2,phononTS,0.00164996,0.00100123,-0.00099842,0.0002625,5.81045,0.00141772,1,0.00118286,-0.000936733,-0.0002625,589.686
0,7860834,4,phononL,0.00343787,0.000620464,-0.000920382,0.000154435,29.8212,0.001146,1,0.00100015,-0.0009955,0.0002625,197.881
0,7863182,27,phononL,0.000728902,0.00174887,-0.00249908,-0.000262498,1592.09,0.000382,1,0.00200055,-0.00199633,0.0002625,1736.22
0,7864814,17,phononTS,0.00103388,0.00097472,0.00020905,-0.000262498,1391.34,0.000382,1,2.30142e-06,1.24102e-06,0.0002625,1819.53
0,7866169,21,phononTS,0.00269283,0.00100251,-0.000997986,0.000262498,546.808,0.00191892,1,0.000971364,-0.000522055,-0.0002625,795.75
0,7869601,14,phononTS,0.000406605,-0.000370711,-0.00096725,-0.0002625,1820.85,0.000382,1,-0.00100416,-0.000999332,0.0002625,2436.57
0,7873329,2,phononTF,0.00385742,0.0010026,0.000997741,0.0002625,53.4298,0.00164992,1,0.00055919,0.000493144,-0.0002625,3202.34
0,7874088,27,phononTS,0.00139425,-0.000948679,-0.0011466,-0.0002625,1632.27,0.000382,1,-0.000997514,-0.00100403,0.0002625,2380.82
0,7881534,14,phononTF,0.000497092,0.00286784,0.00117049,-0.0002625,2526.07,0.000382,1,0.00300157,0.00100122,0.0002625,3371.34
0,7881534,4,phononL,0.00178548,0.000641568,-0.00112564,0.000262498,8.34673,0.000279208,1,0.000683021,-0.00168026,-0.0002625,149.599
0,7883212,8,phononL,0.00127505,0.000307669,-0.00149438,-0.0002625,242.877,0.000382,1,3.11559e-07,-0.00199968,0.0002625,540.491
0,7883212,14,phononTS,0.000383345,3.11559e-07,-0.00199968,0.000262498,540.491,0.000383345,1,8.5224e-05,-0.00202207,-0.0002625,700.206
0,7884193,16,phononTS,0.000427856,0.0019135,-0.00132368,-0.000262498,1052.7,0.000382,1,0.00199553,-0.0020009,0.0002625,1367.93
0,7885314,18,phononTS,0.000665879,0.00129683,-0.000376538,-0.0002625,1089.35,0.000382,1,0.0019998,-1.4058e-06,0.0002625,2282.7
0,7886566,2,phononTS,0.00259083,0.00100464,-0.00100332,0.0002625,19.9692,0.00114961,1,0.00121019,-0.000933578,-0.0002625,619.151
0,7887452,6,phononTS,0.000667076,0.00135194,-0.000478881,-0.0002625,206.463,0.000382,1,0.00199685,1.62928e-06,0.0002625,973.952
0,7888713,4,phononL,0.00179206,0.00112375,-0.00134327,-0.0002625,29.9465,0.000382,1,0.000996094,-0.00100205,0.0002625,289.427
0,7888713,20,phononTS,0.000473034,0.000996094,-0.00100205,0.000262498,289.427,0.000473034,1,0.000813613,3.23774e-05,-0.0002625,740.44
0,7890906,4,phononTS,0.00133863,0.00100268,-0.00100134,0.0002625,209.501,0.000740561,1,0.00117667,-0.000922275,-0.0002625,787.251
0,7892733,3,phononTF,0.00144419,0.000767068,-0.00119239,-0.0002625,79.3096,0.000382,1,0.000999277,-0.00100081,0.0002625,423.428
0,7893612,25,phononTS,0.0010797,-0.00100305,-0.000995448,0.000262498,1225.01,0.000561419,1,-0.00119731,-0.001232,-0.0002625,1466.16
0,7896579,2,phononTF,0.00488909,0.000775791,-0.000723167,-0.000155682,10.2367,0.000764,1,0.00100427,-0.00100333,0.0002625,1192.09
0,7899442,25,phononTS,0.000522583,0.00287724,-0.005,-0.000142389,970.161,0.000522583,1,0.0035707,-0.00409756,-0.0002625,2200.9
0,7900532,21,phononTS,0.000749559,-0.000485383,-0.000751585,-0.000262498,768.316,0.000382,1,-0.00100467,-0.00100101,0.0002625,1080.96
0,7902158,4,phononTS,0.00315938,0.000797077,-0.00108155,-0.0002625,44.4074,0.000382,1,0.000996382,-0.00100425,0.0002625,440.284
0,7902158,11,phononTF,0.000633876,0.000996382,-0.00100425,0.000262498,440.284,0.000633876,1,0.000797712,-0.00108916,-0.0002625,617.307
0,7906774,6,phononTS,0.000582058,0.000368215,-0.00148723,-0.0002625,173.478,0.000382,1,4.62296e-06,-0.0019967,0.0002625,834.201
0,7911169,5,phononTS,0.000448066,0.000817107,-0.00106652,-0.0002625,2.23368,0.000382,1,0.000999289,-0.00100123,0.0002625,391.542
0,7912044,7,phononTF,0.000593486,0.00140563,-0.00148744,-0.0002625,228.115,0.000382,1,0.00200023,-0.00199806,0.0002625,788.185
0,7913015,2,phononTF,0.00602169,0.000947336,-0.000949191,0.000215302,209.451,0.001146,1,0.000995478,-0.000995665,0.0002625,430.914
0,7913816,18,phononTS,0.000626301,0.00100046,-0.00099607,0.0002625,1308.88,0.000626301,1,0.000922862,-0.000920741,-0.0002625,1822.9
0,7914684,23,phononTF,0.000386675,-0.00194095,2.93141e-05,-0.000262498,1447.52,0.000382,1,-0.00099721,-0.000999281,0.0002625,1891.94
0,7915171,14,phononTF,0.000557385,0.000965422,-0.000927676,-0.000262498,723.416,0.000382,1,0.001005,-0.000995009,0.0002625,882.784
0,7915171,10,phononTF,0.00244902,0.000883801,-0.000845529,0.000262498,548.156,0.00132195,1,0.000995156,-0.00108651,-0.0002625,734.029
0,7920428,7,phononTS,0.000470438,-1.37019e-05,-9.84552e-05,-0.0002625,637.023,0.000382,1,4.34925e-06,4.52089e-06,0.0002625,1203.52
0,7924940,5,phononTS,0.000685461,0.000634463,-0.000882223,-0.0002625,678.248,0.000382,1,0.000996496,-0.00100022,0.0002625,1189.35
0,7932487,17,phononTF,0.000596681,-4.50143e-06,-2.01602e-06,0.0002625,11312.2,0.000596681,1,-0.000195117,-0.000242047,-0.0002625,11673.5
0,7936426,21,phononTS,0.000596541,-0.00194975,-0.00193022,-0.0002625,5654.76,0.000382,1,-0.00200315,-0.00200199,0.0002625,6006.15
0,7936426,15,phononTF,0.00135777,0.000622037,-0.00111731,0.000262498,3.92915,0.00024384,1,0.000448759,-0.00125748,-0.0002625,173.872
0,7937559,17,phononTF,0.000834181,0.00199567,-0.00200342,0.000262498,1755.45,0.000242221,1,0.00231452,-0.00233115,-0.0002625,1963.41
0,7941019,11,phononTF,0.00165272,0.000788267,-0.00116927,-0.000262498,277.142,0.000382,1,0.000997334,-0.00100484,0.0002625,452.155
0,7941019,12,phononTF,0.00119369,0.000997334,-0.00100484,0.000262498,452.155,0.00119369,1,-0.005,0.00498772,2.01234e-05,2985.98
0,7946595,10,phononTS,0.000498082,0.005,0.00122305,-0.000121142,1297.4,0.000382,1,0.000999766,-0.000999333,0.0002625,5175.13
0,7956620,16,phononTS,0.000526373,0.000652889,-0.00116239,-0.000262498,256.035,0.000382,1,4.41738e-06,-0.00199839,0.0002625,717.677
0,7958182,39,phononTF,0.000462188,-0.000392731,-0.000468222,-0.0002625,2115.78,0.000382,1,-4.00186e-06,-2.0682e-06,0.0002625,2591.69
0,7958781,17,phononTS,0.000441536,0.000997056,-0.000996959,0.000262498,6283.97,0.000441536,1,0.00184462,-0.000914566,-0.0002625,6661.25
0,7958795,20,phononTS,0.000406161,-0.000998655,0.000995441,0.0002625,494.657,0.000406161,1,0.00157269,-0.00151839,-0.0002625,2657.27
0,7960597,19,phononL,0.000784825,0.000868508,-0.000694098,-0.0002625,414.337,0.000382,1,0.00100031,-0.00100345,0.0002625,693.431
0,7960873,10,phononTS,0.000723829,0.000920554,-0.00103885,-0.0002625,485.855,0.000382,1,0.00100261,-0.00100191,0.0002625,1493.19
0,7960943,15,phononTS,0.00049447,0.00107228,-0.000613267,-0.0002625,437.266,0.000382,1,0.000997567,-0.00100353,0.0002625,920.752
0,7962680,30,phononTS,0.000388256,0.00093366,-0.00105395,-0.000262498,1253.43,0.000382,1,0.00100215,-0.000995007,0.0002625,1408.66
0,7965868,3,phononTF,0.00401758,0.00115918,-0.00118682,-0.000101254,17.3242,0.001528,1,0.00100498,-0.000996138,0.0002625,500.887
0,7967148,15,phononTS,0.00131031,-0.000850764,-0.00166747,-0.0002625,488.203,0.000382,1,-0.00199803,-0.00200016,0.0002625,1469.74
0,7969288,12,phononTS,0.00051055,0.00133565,-0.00104981,-0.000262498,490.376,0.000382,1,0.0009951,-0.00100102,0.0002625,720.323
0,7969783,14,phononTS,0.000445717,-0.00409856,-0.00230156,-0.0002625,4265.02,0.000382,1,-0.00199987,-4.41419e-06,0.0002625,6264.28
0,7970399,13,phononTF,0.00144717,0.00199765,4.15566e-06,0.000262498,2554.71,0.000463263,1,0.00177767,-0.000181405,-0.0002625,2733.44
0,7972777,24,phononTF,0.000691501,4.06828e-06,-0.00199877,0.0002625,355.296,0.000691501,1,-0.000764248,-0.00268646,-0.0002625,1044.03
0,7972777,3,phononTS,0.000581151,0.00059097,-0.0012667,0.000262498,160.393,0.000581151,1,1.2917e-05,-0.00182652,-0.0002625,545.234
0,7974954,36,phononTS,0.000401788,0.000422553,-0.000854497,-0.0002625,1364.68,0.000382,1,-3.75352e-07,4.79899e-06,0.0002625,2216.88
0,7978881,18,phononTF,0.000590863,0.00163459,-0.00230221,-0.0002625,2015.66,0.000382,1,0.00200335,-0.00199869,0.0002625,2902.68
0,7979687,19,phononTF,0.000543691,0.000185679,-0.000199243,-0.0002625,452.899,0.000382,1,4.66943e-06,-4.53281e-06,0.0002625,804.356
0,7979687,18,phononTS,0.00124335,0.000366688,-0.000393953,0.000262498,452.899,0.00124335,1,0.000329079,-0.000482495,-0.0002625,610.632
0,7981505,19,phononTF,0.000856233,0.000437126,-0.00157716,-0.000262498,720.722,0.000764,1,3.83184e-06,-0.00199663,0.0002625,959.535
0,7981643,2,phononTF,0.00779493,0.00099878,-0.00100127,0.000260673,230.683,0.000764,1,0.00100048,-0.000999382,0.0002625,2486.02
0,7982457,14,phononTS,0.000760569,0.000763622,-0.00107545,-0.000262498,198.118,0.000382,1,0.000997111,-0.00100312,0.0002625,403.627
0,7982839,12,phononTF,0.000394689,0.00100108,-0.0010015,0.000262498,997.69,0.000394689,1,0.000724501,-0.00124141,-0.0002625,1189.09
0,7982839,4,phononTF,0.000814379,0.000745801,-0.00108014,0.000262498,68.4882,0.000454204,1,0.00178602,-0.00150277,-0.0002625,483.371
0,7984776,3,phononTF,0.00501616,0.00112125,-8.1129e-05,0.000219307,111.147,0.001528,1,0.00100199,-0.00100269,0.0002625,751.991
0,7988733,14,phononTS,0.000600989,0.00092246,-0.00126568,-0.000262498,651.813,0.000382,1,0.00100371,-0.000996089,0.0002625,864.723
0,7992809,2,phononTS,0.00455167,1.13882e-05,4.67036e-06,0.000218658,19.3779,0.000382,1,4.96393e-06,3.77393e-06,0.0002625,394.756
0,7995265,26,phononTS,0.000729951,0.000999005,-0.000996514,0.000262498,1534.7,0.000313019,1,0.00107534,-0.000914404,-0.0002625,1708.98
0,7995483,22,phononTS,0.000665765,-4.09527e-05,-9.04858e-05,-0.0002625,2136.17,0.000382,1,-2.62649e-06,-2.92096e-07,0.0002625,2451.35
0,7998150,25,phononL,0.000412795,0.00300247,0.000996486,0.000262498,2006.25,0.000412795,1,0.00308791,-0.00102859,-0.0002625,2398.42
0,7998225,32,phononL,0.00038902,0.00204187,0.000405066,-0.0002625,7268.78,0.000382,1,0.00199865,-7.99458e-07,0.0002625,7772.19
0,7998226,3,phononTS,0.00385169,0.000478089,-0.00117701,6.76838e-05,628.165,0.0015162,1,0.000428907,-0.0010811,-0.0002625,823.397
0,8002705,14,phononTF,0.000553208,-0.000222168,0.00021952,-0.000262498,2169.87,0.000382,1,2.22649e-06,-4.42667e-06,0.0002625,2353.09
0,8005067,10,phononL,0.00128287,0.000475245,7.4935e-05,-0.0002625,291.768,0.000382,1,-1.01541e-06,1.72893e-06,0.0002625,722.717
0,8006684,49,phononTS,0.000560091,-0.00221423,-0.00204341,-0.0002625,6667.38,0.000382,1,-0.00199763,-0.00200494,0.0002625,7076.48
0,8010676,3,phononTS,0.00288952,0.00100345,-0.000997431,0.0002625,56.9766,0.00179091,1,0.00105389,-0.00107137,-0.0002625,598.249
0,8011802,22,phononTS,0.000424314,0.00199808,1.95902e-06,0.000262498,2907.94,0.000424314,1,0.00146396,-0.00143909,-0.0002625,3508.96
0,8014564,9,phononTS,0.000724191,0.000658108,-0.000999376,-0.000262498,204.506,0.000382,1,0.00100397,-0.00099753,0.0002625,441.929
0,8015658,16,phononTS,0.000984996,0.00107272,-0.00105456,-0.000262498,1013.87,0.000382,1,0.000999927,-0.000995054,0.0002625,1168.95
0,8015758,25,phononL,0.0025907,-8.9989e-05,-0.000140315,8.26131e-05,752.188,0.000764,1,4.81591e-06,1.18132e-06,0.0002625,798.875
0,8022283,3,phononTS,0.00351117,0.00105366,-0.00102394,0.000200342,1.18495,0.000382,1,0.00100379,-0.000997621,0.0002625,406.589
0,8023678,8,phononTF,0.000390799,0.000519037,-0.000862874,-0.0002625,1444.93,0.000382,1,8.2464e-08,3.58543e-06,0.0002625,1992.92
0,8024502,2,phononTS,0.00101559,-0.00039241,-0.000630078,-0.0002625,185.433,0.000382,1,-0.00200153,-4.25687e-06,0.0002625,1321.98
0,8028513,23,phononTS,0.000396379,-0.00252963,0.000619566,-0.0002625,3915.04,0.000382,1,-0.0030002,-0.00099836,0.0002625,5202.32
0,8028513,22,phononTS,0.000551071,-0.00205906,0.00223748,0.000262498,3915.04,0.000551071,1,-0.00208321,0.00217867,-0.0002625,4076.58
0,8028839,28,phononTF,0.00085061,-0.00133148,0.000711872,-0.000262498,1859.13,0.000382,1,-0.000999934,0.000996272,0.0002625,2062.95
0,8031874,15,phononTF,0.000392028,0.000773001,-0.00290217,-0.000262498,1875.57,0.000382,1,0.00199961,3.74495e-06,0.0002625,2881.05
0,8031874,12,phononTF,0.00158701,0.000724828,-0.00116005,0.000262498,94.3926,0.000502169,1,0.000460052,-0.00140574,-0.0002625,286.236
0,8035656,19,phononTF,0.000843118,0.00077087,-0.00273435,-0.0002625,1864.16,0.000382,1,0.000998878,-0.00299907,0.0002625,2259.75
0,8037243,27,phononTS,0.000430252,0.00191823,-0.00197815,-0.0002625,1875.15,0.000382,1,0.00199737,-0.00199887,0.0002625,2206.28
0,8043088,11,phononTF,0.000400824,-0.000312882,-0.00160521,-0.0002625,3817.45,0.000382,1,-0.00100114,-0.00100276,0.0002625,5596.03
0,8044598,19,phononTF,0.000441122,0.000745268,-0.00131383,-0.000262498,577.496,0.000382,1,0.000999959,-0.00100473,0.0002625,773.86
0,8045716,2,phononTF,0.00546293,0.000988708,-0.00100323,0.000237959,9.47936,0.000764,1,0.000997751,-0.000995872,0.0002625,362.545
0,8045716,16,phononTF,0.00265757,0.000997751,-0.000995872,0.000262498,362.545,0.000452511,1,0.00116819,-0.000796223,-0.0002625,537.929
0,8046069,4,phononTF,0.00348067,0.000943846,-0.00107333,0.000100823,1.71565,0.001146,1,0.0010037,-0.00100079,0.0002625,400.771
0,8046069,12,phononTF,0.00119739,0.0010037,-0.00100079,0.000262498,400.771,0.000836997,1,0.000818272,-0.000774077,-0.0002625,579.838
0,8046069,3,phononTF,0.00321835,0.000630317,-0.00112852,0.000262498,1.71565,0.000931851,1,0.000470819,-0.000960709,-0.0002625,175.123
0,8047173,6,phononTS,0.000769128,-9.31713e-05,-0.000414905,-0.000262498,400.982,0.000382,1,-1.45483e-06,4.19683e-06,0.0002625,648.934
0,8047173,3,phononTS,0.00331493,-0.000393407,-0.00108805,8.96419e-05,60.5194,0.00053114,1,-0.000267485,-0.00045838,-0.0002625,661.417
0,8052059,2,phononTS,0.00368914,0.00100063,-0.00100649,0.000252365,60.0492,0.001528,1,0.000999392,-0.00100397,0.0002625,1168.18
0,8055942,26,phononTS,0.000655905,0.000568998,-0.00303499,-0.0002625,2106.78,0.000382,1,0.0010001,-0.00299633,0.0002625,2630.58
0,8056936,11,phononTS,0.00138833,-0.000258714,0.000959551,-0.0002625,971.124,0.000382,1,-0.000998079,0.000997797,0.0002625,3277.08
0,8056936,16,phononTS,0.000611718,-0.000998079,0.000997797,0.000262498,3277.08,0.000611718,1,-0.000804733,0.000254345,-0.0002625,3638.55
0,8056936,10,phononTS,0.001289,-0.000900136,-0.000366396,2.33128e-05,971.124,0.000614814,1,0.000250007,0.000246937,-0.0002625,2274.87
0,8058546,39,phononTS,0.000637936,-4.45672e-06,-0.00194174,-0.0002625,556.803,0.000382,1,4.92399e-06,-0.0020041,0.0002625,1053.22
0,8060067,4,phononL,0.00073877,0.000301915,-0.00054897,-0.0002625,13.4177,0.000382,1,3.3605e-06,3.54861e-06,0.0002625,321.172
0,8061210,2,phononTS,0.00164426,0.000568123,-0.00103256,-0.0002625,4.50939,0.000764,1,0.00100355,-0.00100056,0.0002625,438.802
0,8061597,6,phononTF,0.00186187,0.000378348,-0.00155514,-0.0002625,101.301,0.000764,1,-4.73507e-06,-0.00200208,0.0002625,570.767
0,8062639,8,phononTS,0.000408987,0.000831863,-0.0020632,-0.0002625,48.8674,0.000382,1,0.00100003,-0.00299539,0.0002625,818.184
0,8064261,46,phononTS,0.000667605,-0.00207859,-0.00211291,-0.0002625,1201.12,0.000382,1,-0.00199762,-0.00200123,0.0002625,3133.03
0,8074548,11,phononTS,0.000493306,0.00116178,-0.00155233,-0.0002625,1949.22,0.000382,1,0.000995236,-0.000998534,0.0002625,2566.42
0,8075936,16,phononTF,0.00129369,0.00199662,-0.00199906,0.0002625,889.88,0.000615749,1,0.00220976,-0.0022627,-0.0002625,1818.62
0,8083310,10,phononTS,0.000478725,-0.00199775,-4.64344e-06,0.000262498,2660.95,0.000478725,1,-0.00308827,-0.00151179,-0.0002625,3331.66
0,8083960,6,phononTS,0.00345358,0.00099944,-0.00099637,0.0002625,378.709,0.000616267,1,0.000956603,-0.000911559,-0.0002625,855.477
0,8087917,17,phononTS,0.000492455,1.7504e-05,-0.0012552,-0.000262498,499.002,0.000382,1,-2.48702e-06,-0.00199694,0.0002625,840.875
0,8088947,15,phononTS,0.000621354,0.000168249,-0.00125881,-0.000262498,311.573,0.000382,1,0.000999699,-0.000999759,0.0002625,689.294
0,8092593,8,phononTS,0.000552226,4.108e-06,-0.000411165,-0.0002625,50.1572,0.000382,1,-5.74444e-07,-2.71545e-06,0.0002625,1039.76
0,8095734,3,phononTF,0.000477827,0.000996081,0.00100408,0.0002625,22.8269,0.000477827,1,0.000239814,0.00167203,-0.0002625,1270.59
0,8099029,26,phononTS,0.00106548,-1.45197e-06,-1.29959e-06,0.0002625,714.119,0.000812673,1,6.8789e-05,-6.22634e-05,-0.0002625,1139.11
0,8102608,19,phononTS,0.000476567,-0.00192467,-5.56528e-05,-0.0002625,2758.6,0.000382,1,-0.00199528,7.62124e-07,0.0002625,3273.96
0,8103437,10,phononTS,0.00050134,-0.00107441,0.000997462,-0.000262498,2709.7,0.000382,1,-0.0010006,0.00100436,0.0002625,2873.46
0,8104421,26,phononTS,0.000904172,0.00191447,0.0019278,-0.000262498,2702.2,0.000382,1,0.00199941,0.00200211,0.0002625,2856.65
0,8106581,26,phononTF,0.000637866,0.000269732,0.000306237,-0.000262498,1592.65,0.000382,1,-1.2024e-06,4.44732e-06,0.0002625,1790.51
0,8114338,9,phononTF,0.000655497,0.000819166,-0.00105526,-0.0002625,34.8256,0.000382,1,0.000999447,-0.00099827,0.0002625,381.65
0,8118305,22,phononTS,0.00044592,0.00100283,-0.000996019,0.000262498,1570.47,0.00044592,1,0.00257001,0.00108743,-0.0002625,2523.79
0,8125043,14,phononTS,0.000445405,0.0040173,-0.005,-3.25732e-05,2610.81,0.000382,1,-0.00100406,0.000995625,0.0002625,6092.32
0,8134302,18,phononTS,0.00181648,0.000973798,-0.0010634,-0.0002625,371,0.000382,1,0.000995416,-0.00100212,0.0002625,694.237
0,8134698,7,phononTS,0.000750883,0.000836028,-0.00104293,-0.0002625,22.877,0.000382,1,0.000995976,-0.00100483,0.0002625,725.556
0,8137866,18,phononTF,0.000763233,0.00261304,0.000543521,-0.0002625,4381.31,0.000382,1,0.0029963,0.00099839,0.0002625,4852.3
0,8139113,6,phononTS,0.00271312,0.000631627,-0.00110468,0.000228547,27.0982,0.000382,1,0.00100393,-0.00100252,0.0002625,190.542
0,8144013,14,phononTF,0.000877381,0.000675796,-0.000972807,-0.000262498,522.753,0.000764,1,-0.000996989,0.000999056,0.0002625,1322.23
0,8145461,9,phononTF,0.00058546,0.000930701,-0.00105075,-0.000262498,1247.35,0.000382,1,4.99811e-06,-0.00200056,0.0002625,1673.39
0,8145910,23,phononTS,0.00128262,-0.000656107,0.00014001,-0.0002625,1616.06,0.000382,1,5.26491e-07,0.00200247,0.0002625,3090.18
0,8145910,25,phononTS,0.000707607,5.26491e-07,0.00200247,0.000262498,3090.18,0.000306199,1,3.40484e-05,0.00202665,-0.0002625,3258.64
0,8153959,24,phononTF,0.000569189,-0.000658504,0.0005886,-0.0002625,1241.46,0.000382,1,-0.0010046,0.00100372,0.0002625,1688.81
0,8155870,27,phononTS,0.000693798,-5.21359e-05,0.00258564,-0.000262498,1963.67,0.000382,1,-4.69791e-06,0.00200421,0.0002625,2264.85
0,8158822,5,phononTS,0.000488391,0.00090945,-0.00099533,-0.0002625,402.023,0.000382,1,0.0010035,-0.00100271,0.0002625,959.908
0,8163456,3,phononTF,0.00592861,0.000973089,-0.000975149,8.77293e-05,146.453,0.000382,1,0.000997622,-0.000997507,0.0002625,471.452
0,8164490,10,phononTF,0.00605505,0.00108228,-0.00109257,0.000124069,292.816,0.001528,1,0.00100468,-0.000998932,0.0002625,382.622
0,8169013,10,phononTF,0.000553123,-0.000192769,-0.000378107,-0.0002625,2149.02,0.000382,1,4.32705e-06,-2.16146e-06,0.0002625,2589.99
0,8170965,9,phononTS,0.000933312,-0.00209116,7.9393e-05,-0.0002625,1179.85,0.000382,1,-0.00200464,4.21956e-06,0.0002625,1488.52
0,8171075,20,phononTF,0.000486136,-0.00127262,0.00126522,-0.0002625,4932.37,0.000382,1,-0.000999326,0.0010007,0.0002625,5513.31
0,8171075,7,phononTF,0.0010072,0.0012711,-0.00197309,0.000262498,446.153,0.0010072,1,0.00146508,-0.00177497,-0.0002625,625.821
0,8173514,7,phononTF,0.000385763,0.0013695,-0.000694624,-0.0002625,265.425,0.000382,1,0.000999158,-0.000998885,0.0002625,687.362
0,8175466,12,phononTF,0.000599753,0.000997235,0.00100313,0.000262498,5239.73,0.000599753,1,0.000973224,-0.00393347,-0.0002625,6817.72
0,8175466,6,phononTS,0.00141378,0.000566638,-0.00056211,0.000262498,606.181,0.0010539,1,0.0017674,-0.00340232,-0.0002625,1704.31
0,8175624,16,phononL,0.00146692,0.000908623,-0.00143249,-0.000262498,219.383,0.000382,1,0.000995041,-0.00100119,0.0002625,348.229
0,8175917,2,phononTS,0.00113474,0.000820974,-0.00103646,-0.0002625,36.6226,0.000382,1,0.00100438,-0.00100045,0.0002625,448.663
0,8177322,15,phononTF,0.000707784,0.000892601,-0.00087296,-0.0002625,286.594,0.000382,1,0.000996461,-0.000999734,0.0002625,611.095
0,8180264,21,phononTF,0.00051988,0.000772052,-0.00121608,-0.0002625,798.396,0.000382,1,0.000995424,-0.000996309,0.0002625,1168.04
0,8180526,4,phononTF,0.000518958,0.000794625,-0.000753969,-0.000262498,766.659,0.000382,1,0.00100204,-0.00099638,0.0002625,950.198
0,8184214,2,phononTF,0.00491713,0.000954795,-0.00104572,0.000203684,120.591,0.001146,1,0.000997121,-0.000996855,0.0002625,381.369
0,8187250,11,phononTS,0.00183418,0.00128875,-0.0001372,-0.0002625,380.301,0.000382,1,0.00199616,-2.03815e-06,0.0002625,1196.17
0,8187465,27,phononTS,0.000698231,0.00199792,0.00200143,0.0002625,2493.9,0.000698231,1,0.0019967,0.00243214,-0.0002625,3249.99
0,8188118,3,phononTF,0.00435961,0.000496721,-0.00105603,0.000234091,168.542,0.001528,1,0.000999421,-0.000998925,0.0002625,319.193
0,8188332,9,phononTS,0.00107475,-0.00100253,0.000997498,0.0002625,725.749,0.00107475,1,-0.00132441,0.00149929,-0.0002625,1688.62
0,8188332,7,phononTF,0.00206075,0.000556951,-0.00102101,0.000262498,210.018,0.000443491,1,0.000558292,-0.00108438,-0.0002625,368.959
0,8190653,10,phononTS,0.000669291,0.00296548,0.00101093,-0.000262498,1694.89,0.000382,1,0.00300042,0.00100459,0.0002625,1871.41
0,8190653,4,phononTS,0.00150103,0.000645503,-0.000372283,0.000262498,714.545,0.00135097,1,-0.00109345,-0.00197331,-0.0002625,1591.04
0,8191837,16,phononTF,0.000984619,0.00100181,0.00100217,0.000262498,1749.82,0.000288577,1,0.000498186,0.00158275,-0.0002625,2026.49
0,8193368,5,phononTF,0.00145472,0.000806484,-0.00108632,-0.0002625,28.3722,0.000382,1,0.00100232,-0.000998341,0.0002625,381.476
0,8193943,22,phononTF,0.000913404,6.63394e-05,-8.37045e-05,-0.0002625,1121.06,0.000382,1,-1.02051e-06,1.30776e-06,0.0002625,1443.17
0,8197995,19,phononTS,0.000572621,0.00206055,-0.00188798,-0.0002625,813.847,0.000382,1,0.00200313,-0.00199971,0.0002625,1711.74
0,8199874,10,phononTS,0.000566524,0.00100376,-0.000997108,0.000262498,754.072,0.000346347,1,0.00105937,-0.00105688,-0.0002625,909.666
0,8200833,8,phononTS,0.000436207,0.000915943,-0.000935747,-0.0002625,831.956,0.000382,1,0.000997413,-0.00100383,0.0002625,1451.97
0,8200833,6,phononTF,0.00108767,0.000559185,-0.000908387,0.000262498,520.279,0.000609433,1,0.000936873,-0.00101639,-0.0002625,740.152
0,8200833,5,phononTS,0.000432513,0.000559185,-0.000908387,0.000262498,520.279,0.000432513,1,0.000328834,-0.000424435,-0.0002625,821.433
0,8203745,15,phononTS,0.00122909,0.000338988,-0.00249762,-0.000262498,2172.2,0.000764,1,0.000997097,-0.00300462,0.0002625,2564.17
0,8204712,10,phononTF,0.000495977,-0.000654669,0.00140431,-0.000262498,1376.81,0.000382,1,4.64934e-07,0.00200065,0.0002625,1692.88
0,8214093,19,phononTF,0.00068657,-0.00140767,-0.000643269,-0.0002625,988.747,0.000382,1,-0.00100409,-0.00100315,0.0002625,1440.07
0,8216764,22,phononTF,0.000575613,0.000691991,-0.00125719,-0.000262498,2414.54,0.000382,1,0.00100389,-0.00100446,0.0002625,2610.76
0,8217847,6,phononTF,0.00142375,0.000815194,-0.00105446,-0.0002625,38.9364,0.000382,1,0.000996632,-0.00099564,0.0002625,386.197
0,8218940,18,phononTS,0.0005097,0.00361928,-0.00037722,-0.0002625,10834.9,0.000382,1,-0.00300257,-0.000998785,0.0002625,14282.2
0,8224066,15,phononTF,0.00138954,0.000730017,-0.000774202,-0.000262498,380.27,0.000764,1,0.000995273,-0.00100423,0.0002625,568.51
0,8226117,10,phononTF,0.00108279,0.00274312,-0.0043507,-0.0002625,2035.03,0.000382,1,-0.00199694,-0.00199587,0.0002625,5000.69
0,8229724,2,phononTS,0.00330707,-3.91669e-08,-0.00188674,0.000211266,2.19805,0.000764,1,-2.49548e-06,-0.00199782,0.0002625,467.416
0,8229905,15,phononTS,0.00110818,0.000926779,-0.00117733,-0.000262498,1288.35,0.000382,1,0.00100206,-0.00100045,0.0002625,1481.8
0,8230884,15,phononTF,0.00133942,0.000326267,-0.00164381,-0.0002625,315.423,0.000764,1,3.75455e-06,-0.00200021,0.0002625,742.83
0,8230884,3,phononTF,0.00192696,0.000630838,-0.00113342,0.000262498,5.0758,0.00114993,1,0.000250959,-0.000837356,-0.0002625,229.349
0,8230884,2,phononTS,0.00115887,0.000630838,-0.00113342,0.000262498,5.0758,0.00115887,1,0.00462461,0.005,0.000135828,2114.01
0,8232478,3,phononL,0.00564376,0.00101332,-0.000991096,0.000230298,89.7183,0.002292,1,0.00100347,-0.00100427,0.0002625,651.009
0,8233148,8,phononTS,0.00112155,0.000656483,-0.00108413,-0.000262498,191.264,0.000382,1,0.00100364,-0.0010001,0.0002625,438.719
0,8233349,4,phononTS,0.00378515,-0.000214337,0.000244407,-0.000177342,5.52286,0.00164263,1,-0.000541384,0.000538206,-0.0002625,956.896
0,8234356,25,phononTS,0.00104709,0.000983252,-0.000808251,-0.000262498,217.889,0.000382,1,0.00099629,-0.000996603,0.0002625,419.1
0,8235121,5,phononTS,0.000587895,0.000995941,-0.000996697,0.0002625,584.123,0.000587895,1,0.00103241,-0.00101303,-0.0002625,915.698
0,8235868,30,phononTF,0.00041522,0.000179093,-0.000168057,-0.000262498,2103.64,0.000382,1,-4.20369e-06,3.73703e-06,0.0002625,2278.52
0,8240429,14,phononTS,0.000569361,-0.000975873,0.000975683,-0.000262498,1897.04,0.000382,1,-0.000998396,0.000998085,0.0002625,2053.7
0,8240603,11,phononTS,0.00109269,0.00293379,0.00101294,-0.000262498,1991.02,0.000382,1,0.0030019,0.00100459,0.0002625,2152.87
0,8243052,17,phononTS,0.000579099,0.00103782,-0.00109343,-0.0002625,2921.21,0.000382,1,0.00100058,-0.00100478,0.0002625,3236.81
0,8245820,3,phononTS,0.0029394,0.00105913,-0.00105689,-8.40414e-05,7.56661,0.000382,1,0.00100367,-0.00100037,0.0002625,571.041
0,8246018,7,phononTF,0.00100786,0.00355133,0.000400026,-0.000262498,1620.48,0.000382,1,0.00300327,0.00100205,0.0002625,1910.11
0,8246751,12,phononL,0.000437421,0.00237703,-0.00277323,-0.0002625,1508.25,0.000382,1,0.00199663,-0.00199832,0.0002625,1893.77
0,8248607,5,phononTS,0.000813643,0.000851172,-0.00213081,-0.0002625,159.701,0.000382,1,0.00099701,-0.00300049,0.0002625,893.932
0,8262395,4,phononTS,0.00302236,0.000842616,-0.00101407,-0.0002625,41.0648,0.000382,1,0.000997186,-0.00100383,0.0002625,435.506
0,8263717,19,phononTS,0.00052987,0.00181084,-0.00195726,-0.0002625,607.088,0.000382,1,0.00200032,-0.00200055,0.0002625,1401.03
0,8263717,5,phononTS,0.00106775,0.000636172,-0.00111443,0.000262498,13.1209,0.000734023,1,0.000584807,-0.00102904,-0.0002625,169.523
0,8266299,22,phononTS,0.000560697,8.40106e-05,2.78553e-05,-0.000262498,1980.8,0.000382,1,-2.41542e-06,2.13781e-06,0.0002625,2146.83
0,8268563,3,phononL,0.002016,0.00104698,7.61632e-05,-0.000148352,10.5365,0.000382,1,0.000995039,0.000999738,0.0002625,941.452
0,8274477,7,phononTS,0.00100902,0.00304057,0.000622273,-0.0002625,257.379,0.000382,1,0.003003,0.00100124,0.0002625,1577.16
0,8275708,25,phononTS,0.0010297,0.00100124,-0.000997271,0.000262498,528.158,0.0010297,1,-0.00102452,-0.00293935,-0.0002625,1448.16
0,8281747,22,phononTS,0.000528909,0.00115306,-0.0029254,-0.0002625,5169.71,0.000382,1,0.00100219,-0.00300201,0.0002625,5545.88
0,8281747,9,phononTF,0.000474035,0.000571335,-0.00109436,0.000262498,52.1899,0.000474035,1,0.00101961,-0.000686084,-0.0002625,292.794
0,8281747,8,phononTF,0.000528629,0.000571335,-0.00109436,0.000262498,52.1899,0.000528629,1,-0.00043067,-0.00293307,-0.0002625,732.947
0,8286393,21,phononTS,0.000985923,0.000944337,-0.00130738,-0.000262498,290.426,0.000382,1,0.000996999,-0.00100055,0.0002625,513.793
0,8289046,30,phononTS,0.000575717,0.00243424,-0.00198594,-0.000262498,2813.82,0.000382,1,0.00100069,-0.00299536,0.0002625,3457.37
0,8289795,4,phononTS,0.00151983,-6.84097e-05,-0.00120502,-0.000262498,682.448,0.000382,1,0.000995722,-0.00100086,0.0002625,1129.07
0,8294256,2,phononTS,0.00236537,0.000809265,-0.000131625,-0.0002625,29.8921,0.000382,1,0.000999448,0.00100404,0.0002625,959.35
0,8301056,38,phononTS,0.000613447,-0.000541573,-0.00148022,-0.000262498,2766.79,0.000382,1,-0.00100419,-0.000998822,0.0002625,3110.55
0,8303382,11,phononTF,0.000666548,0.00071502,-0.000944461,-0.000262498,270.268,0.000382,1,0.00100282,-0.0010027,0.0002625,466.204
0,8307958,2,phononTF,0.00383062,0.00115535,0.00112225,-8.06762e-06,139.155,0.00105234,1,0.000973687,0.00128182,-0.0002625,1461.98
0,8308756,2,phononTF,0.00290176,0.00142039,-0.00114772,0.000185269,4.47,0.00108316,1,0.00165901,-0.00127897,-0.0002625,1427.94
0,8313310,4,phononTS,0.00178922,0.000786462,-0.00106846,-0.0002625,45.3027,0.000382,1,0.00100334,-0.000996635,0.0002625,448.694
0,8313581,30,phononTS,0.000445955,-0.00281819,-0.000915546,-0.000262498,2727.23,0.000382,1,-0.00299868,-0.000997894,0.0002625,2921.01
0,8313581,2,phononTF,0.00122375,0.000611293,-0.00112717,0.000262498,10.7538,0.000472991,1,0.000561424,-0.00108068,-0.0002625,168.903
0,8315173,15,phononTS,0.000636308,-6.04453e-05,-0.000660235,-0.000262498,510.801,0.000382,1,-2.50658e-06,-2.28006e-06,0.0002625,821.145
0,8316851,9,phononTS,0.000554817,0.000960276,-0.0013592,-0.0002625,1352.39,0.000382,1,0.00100465,-0.000999157,0.0002625,1825.51
0,8321011,10,phononTF,0.000508886,-0.000922327,-0.000907457,-0.0002625,661.055,0.000382,1,-0.00100073,-0.000997205,0.0002625,982.607
0,8322495,19,phononTS,0.000568618,-0.000286808,-2.90356e-05,-0.000262498,862.49,0.000382,1,2.09165e-06,1.52576e-06,0.0002625,1080.72
0,8323639,5,phononTF,0.000534255,0.00200194,3.79875e-06,0.0002625,871.595,0.000534255,1,0.00229579,0.000321799,-0.0002625,1480.91
0,8331140,23,phononTS,0.000796812,0.00202992,-0.00197876,-0.0002625,973.088,0.000382,1,0.00200308,-0.00199815,0.0002625,1293.43
0,8331140,26,phononTS,0.000383497,0.00200308,-0.00199815,0.000262498,1293.43,0.000383497,1,0.00196342,-0.00134475,-0.0002625,1606.13
0,8331760,24,phononTS,0.000408226,-0.00195539,0.000655368,-0.0002625,4091.78,0.000382,1,-0.000998822,0.000997353,0.0002625,4970.4
0,8334079,10,phononTS,0.000411805,0.000589847,-0.00107511,-0.000262498,529.596,0.000382,1,0.001001,-0.00100465,0.0002625,776.159
0,8337010,9,phononTS,0.000537428,-3.85221e-06,0.00200103,0.0002625,3378.39,0.000537428,1,5.6014e-05,0.00206069,-0.0002625,4142.07
0,8337380,18,phononTS,0.000543549,5.76571e-07,-0.00200476,0.000262498,1057.69,0.000543549,1,0.000457429,-0.000526682,-0.0002625,1658.86
0,8337380,16,phononTS,0.00106818,2.92953e-05,-0.000689152,0.000262498,425.924,0.00080488,1,-4.0345e-05,-0.000778631,-0.0002625,603.291
0,8338708,37,phononTS,0.000420484,0.000377557,-0.0022033,-0.0002625,1114.34,0.000382,1,0.000999272,-0.00100117,0.0002625,2212.38
0,8342441,6,phononTF,0.000598527,0.000760394,-0.00124382,-0.0002625,23.5128,0.000382,1,0.000998428,-0.00100308,0.0002625,377.472
0,8343509,22,phononTF,0.000433412,0.000997517,-0.00100285,0.000262498,419.408,0.000433412,1,0.000782559,-0.000732704,-0.0002625,605.963
0,8349982,3,phononTS,0.000388028,0.000763662,-0.000925924,-0.0002625,57.1501,0.000382,1,0.00099722,-0.00100329,0.0002625,494.38
0,8352595,22,phononTS,0.00136288,0.000720544,-0.00107647,-0.000262498,253.963,0.000382,1,0.000996482,-0.000997117,0.0002625,468.442
0,8355540,16,phononTS,0.000762795,-0.00110068,-0.005,1.80435e-05,1978.36,0.000762795,1,0.000720163,-0.00354638,-0.0002625,3653.69
0,8356813,13,phononTS,0.000558834,0.00101007,-0.00283475,-0.0002625,787.238,0.000382,1,0.001003,-0.00300147,0.0002625,1182.36
0,8367435,11,phononTS,0.000723138,8.27405e-05,1.45868e-05,-0.0002625,928.391,0.000382,1,-6.48244e-07,-7.66292e-07,0.0002625,1257.84
0,8367618,28,phononTS,0.000587803,-0.000998405,0.00099639,0.0002625,1381.28,0.000587803,1,-0.00104788,0.000946233,-0.0002625,1849.12
0,8369863,8,phononTS,0.000806295,0.000618585,-0.000907147,-0.0002625,2.049,0.000382,1,0.000996477,-0.000995946,0.0002625,447.275
0,8373844,17,phononTS,0.000384105,0.00100199,-0.000996949,0.000262498,1179.93,0.000384105,1,0.000918329,-0.000916851,-0.0002625,1334.08
0,8374244,18,phononTS,0.00089684,0.00105219,-0.00145374,-0.000262498,1460.05,0.000382,1,0.000999061,-0.00100357,0.0002625,1716.57
0,8374541,24,phononTF,0.000653029,0.000958648,-0.000798359,-0.0002625,448.364,0.000382,1,0.00100233,-0.000997977,0.0002625,801.919
0,8376984,20,phononTF,0.000473152,-0.00173008,0.00220623,-0.0002625,4180.15,0.000382,1,-0.00100236,0.00300356,0.0002625,4701.01
0,8377035,10,phononTF,0.00104729,0.000891696,-0.00272166,-0.0002625,165.816,0.000382,1,0.00100149,-0.00299674,0.0002625,1326.55
0,8377870,15,phononTS,0.000600485,-0.000982789,-0.000841058,-0.000262498,435.611,0.000382,1,-2.57333e-06,-0.00199676,0.0002625,1041.02
0,8378292,19,phononTF,0.000570745,0.00200053,-3.75113e-07,0.0002625,5118.42,0.000570745,1,0.00217935,4.47549e-05,-0.0002625,5637.62
0,8378468,14,phononTF,0.000577961,0.000778053,-0.000799142,-0.000262498,1569.47,0.000382,1,0.000995971,-0.000999393,0.0002625,1753.01
0,8380304,27,phononTS,0.000627407,3.66727e-05,4.12647e-05,-0.000262498,2100.51,0.000382,1,-3.34132e-06,2.37114e-06,0.0002625,2272.57
0,8381232,7,phononTS,0.000561393,0.000842245,-0.00208945,-0.0002625,57.6408,0.000382,1,0.000995049,-0.0030011,0.0002625,863.028
0,8385833,3,phononTS,0.00041588,0.000823124,-0.00122371,-0.0002625,9.1378,0.000382,1,0.000995531,-0.000995657,0.0002625,724.789
0,8385833,2,phononTS,0.00244382,0.000776575,-0.00115987,0.000117619,9.1378,0.000911792,1,-0.00179654,0.00171297,-0.0002625,1303.23
0,8393789,32,phononTS,0.000396887,0.002005,-3.2754e-06,0.000262498,1359.55,0.000396887,1,0.00208592,-8.57783e-05,-0.0002625,1513.81
0,8396082,2,phononL,0.00376624,0.00112371,3.8129e-05,-0.0002625,5.99975,0.000764,1,1.32889e-06,2.37598e-06,0.0002625,948.403
0,8398344,6,phononTS,0.00201868,0.000817893,-0.00106454,-0.0002625,10.1317,0.000764,1,0.000998923,-0.000995085,0.0002625,398.755
0,8398372,21,phononTS,0.000477487,-0.00104336,-0.00109219,-0.0002625,1110.03,0.000382,1,-0.00100419,-0.00100372,0.0002625,1425.23
0,8398761,13,phononL,0.00076301,0.00219342,0.00172445,-0.000262498,1659.54,0.000382,1,0.00199912,0.00200217,0.0002625,1780.38
0,8398761,11,phononL,0.000662343,0.000604497,-0.00102213,0.000262498,283.3,0.000662343,1,0.0006553,-0.000716971,-0.0002625,401.914
0,8404583,25,phononTS,0.00137468,-0.00124928,-0.000924621,-0.000262498,2152.7,0.000382,1,-0.000996574,-0.00100402,0.0002625,2361.99
0,8408899,23,phononTF,0.000645298,0.000995747,0.00100457,0.000262498,1690.93,0.000645298,1,0.000934233,0.00107139,-0.0002625,1850.23
0,8414431,10,phononL,0.000648787,-2.33712e-06,-0.00200004,0.0002625,698.063,0.000648787,1,-0.000157964,-0.00243721,-0.0002625,1119.89
0,8415601,27,phononTS,0.000888819,-0.00100095,0.00299601,0.0002625,2486.43,0.000888819,1,-0.00244788,0.000448184,-0.0002625,6221.73
0,8417391,14,phononTF,0.000548949,-4.07657e-06,-4.11426e-06,0.0002625,2438.03,0.000548949,1,-0.00050896,0.000461853,-0.0002625,2969.96
0,8417394,27,phononTS,0.000874103,0.00103485,-0.00306033,-0.000262499,1016.1,0.000764,1,0.000999797,-0.00299753,0.0002625,1200.64
0,8417645,17,phononTF,0.000492065,-0.000862813,-0.000886307,-0.0002625,1064.64,0.000382,1,-0.00100162,-0.000996348,0.0002625,1395.03
0,8424241,5,phononTF,0.00199889,0.000763814,-0.00122904,-0.000262498,217.133,0.000382,1,0.000999666,-0.000999095,0.0002625,404.457
0,8428284,22,phononTF,0.000425802,-0.000512165,-0.000556402,-0.000262498,1706.43,0.000382,1,-0.000996444,-0.0010018,0.0002625,1957.49
0,8428284,4,phononTF,0.000812708,0.000650166,-0.00113181,0.000262498,24.3184,0.000447607,1,0.0013137,-0.0017923,-0.0002625,344.972
0,8429154,23,phononTF,0.000413844,0.000203647,-0.00174581,-0.0002625,374.993,0.000382,1,1.7866e-06,-0.00200003,0.0002625,1108.37
0,8430637,14,phononTS,0.000581334,0.0010418,-0.00309517,-0.000262498,3713.54,0.000382,1,0.0010021,-0.0030041,0.0002625,3870.94
0,8433969,4,phononTS,0.000641089,0.00106891,-0.000931615,-0.000262498,1844.61,0.000382,1,0.00100219,-0.000996548,0.0002625,1999.81
0,8437793,13,phononTF,0.00054772,-0.000995358,-0.00100496,0.0002625,2526.09,0.00054772,1,-0.000754853,-0.00127079,-0.0002625,2903.4
0,8442542,26,phononTS,0.000631423,0.000995993,-0.000995247,0.000262498,1218.08,0.000631423,1,0.000974442,-0.000436093,-0.0002625,1494.22
0,8442542,5,phononTS,0.00107742,0.000663725,-0.00101178,0.000262498,272.791,0.000779047,1,0.000695624,-0.00101398,-0.0002625,429.378
0,8443537,3,phononL,0.00647512,0.00101811,-0.00101523,0.000260258,40.2425,0.001146,1,0.000997375,-0.00100341,0.0002625,329.443
0,8443537,6,phononTF,0.000719825,0.000997375,-0.00100341,0.000262498,329.443,0.000719825,1,0.00134298,-0.0012832,-0.0002625,533.474
0,8444678,23,phononTS,0.000498226,0.0019985,-0.00200093,0.0002625,1482.07,0.000498226,1,0.00205765,-0.00195649,-0.0002625,1821.42
0,8445863,4,phononTS,0.0011087,0.000848508,-0.00211502,-0.0002625,68.3427,0.000382,1,0.000998072,-0.00300483,0.0002625,814.458
0,8447735,11,phononTF,0.00162538,0.000712502,-0.00126964,-0.000262498,2013.3,0.000382,1,0.00100057,-0.00100237,0.0002625,2210.78
0,8448104,37,phononTS,0.000558557,0.0010137,-0.0029181,-0.0002625,7605.96,0.000382,1,0.00100433,-0.00300129,0.0002625,8097.41
0,8450168,14,phononTF,0.000798002,0.00142018,0.000507638,-0.000262498,791.637,0.000382,1,0.000999617,0.00100495,0.0002625,1039.91
0,8450878,17,phononTF,0.000716917,0.00103962,-0.00139278,-0.0002625,1365.72,0.000382,1,0.00199888,-0.00200378,0.0002625,2166.39
0,8458872,19,phononTS,0.000479505,0.00200397,-0.00199842,0.000262498,2256.64,0.000479505,1,0.00191616,-0.00220495,-0.0002625,2474.42
0,8460407,16,phononTS,0.000413797,-0.0009602,-0.00113213,-0.0002625,1154.71,0.000382,1,-0.000996645,-0.00100276,0.0002625,1524.32
0,8462791,5,phononTF,0.0036445,0.000888701,-0.00112839,8.09646e-05,496.571,0.000382,1,0.00100184,-0.00100109,0.0002625,573.577
0,8466735,25,phononTF,0.000418007,0.000682126,0.00276639,-0.000262498,7467.76,0.000382,1,0.000995108,0.00099744,0.0002625,8095.98
0,8474169,12,phononL,0.000998753,0.000998204,0.00099926,0.000262498,1596.66,0.000421673,1,0.000454153,0.000678494,-0.0002625,1751.41
0,8481496,23,phononTF,0.000506082,0.00199665,-0.00200382,0.0002625,892.743,0.000506082,1,0.0025012,-0.00255764,-0.0002625,1438.15
0,8483952,11,phononTS,0.000689766,0.00206559,-0.00183352,-0.000262498,639.055,0.000382,1,0.00199618,-0.00200112,0.0002625,830.659
0,8488351,10,phononTS,0.000839588,0.000910849,-0.000917981,-0.000262498,227.262,0.000382,1,0.000997661,-0.00100036,0.0002625,381.165
0,8489267,29,phononTS,0.000714299,-2.80736e-05,2.05793e-05,-0.0002625,2346.23,0.000382,1,-4.48203e-06,-4.92895e-06,0.0002625,2659.48
0,8496008,11,phononTS,0.00039562,-0.00108216,-0.000870264,-0.0002625,2814.08,0.000382,1,-0.00100374,-0.000997657,0.0002625,3181.13
0,8500524,29,phononL,0.000408438,0.00239584,-0.000349575,-0.0002625,3983.04,0.000382,1,0.00199874,1.54603e-06,0.0002625,4264.66
0,8501080,11,phononTS,0.000581108,0.000436111,-0.00128716,-0.000262498,184.274,0.000382,1,0.000996651,-0.00100279,0.0002625,512.593
0,8502232,10,phononTS,0.00117755,0.00242447,0.00105406,-0.0002625,1052.34,0.000382,1,0.00299538,0.000995069,0.0002625,1651.63
0,8507621,23,phononTS,0.00184304,0.00193768,-0.00194843,-0.000262498,602.181,0.000382,1,0.00199541,-0.0020039,0.0002625,757.839
0,8507621,24,phononTF,0.0010889,0.00199541,-0.0020039,0.000262498,757.839,0.000133036,1,0.00175424,-0.00175409,-0.0002625,948.019
0,8515512,46,phononTS,0.000491403,-1.53082e-07,0.0019978,0.0002625,1802.68,0.000491403,1,9.01225e-05,0.00196911,-0.0002625,2278.68
0,8517348,17,phononTS,0.000515746,0.00366919,-9.06238e-05,-0.0002625,4164.35,0.000382,1,0.00100024,0.000996077,0.0002625,5354.53
0,8518625,29,phononTS,0.000495326,0.00100597,-0.00308979,-0.000262498,1771.26,0.000382,1,0.000998884,-0.00300323,0.0002625,1932.74
0,8519473,14,phononTS,0.000387571,2.99397e-06,-2.63246e-06,0.000262498,1576.77,0.000387571,1,-0.000188353,9.13258e-05,-0.0002625,1792.51
0,8520320,21,phononL,0.000880031,0.000783196,-0.0016409,-0.0002625,1196.81,0.000382,1,3.37697e-06,-0.00200442,0.0002625,1580.48
0,8525781,13,phononL,0.000559213,0.000536213,-0.00105998,-0.000262498,771.21,0.000382,1,0.000999762,-0.00100125,0.0002625,902.63
0,8528214,17,phononTF,0.00073643,-0.00231764,-0.00166751,-0.000262498,1970.11,0.000382,1,-0.00199742,-0.00199718,0.0002625,2178.52
0,8528214,5,phononTS,0.00109963,0.000631445,-0.00112655,0.000262498,1.93794,0.000476293,1,0.000767084,-0.00105026,-0.0002625,187.234
0,8530861,15,phononTF,0.000632167,-0.000146298,-0.00217514,-0.0002625,1893.56,0.000382,1,1.6792e-07,-0.00200408,0.0002625,2234.4
0,8530861,3,phononTS,0.00420427,0.000543418,-0.00130989,5.91026e-05,34.593,0.000975858,1,0.000920333,-0.00124587,-0.0002625,264.451
0,8531004,14,phononTF,0.000667281,-0.00317896,-0.000818619,-0.000262498,2836.62,0.000382,1,-0.0029958,-0.00100139,0.0002625,3011.47
0,8531397,26,phononTS,0.000784501,-0.000106653,-0.00138726,-0.0002625,1115.21,0.000382,1,-4.14106e-06,-0.00200334,0.0002625,1712.5
0,8538798,16,phononTS,0.000519035,0.000919667,-0.00116416,-0.000262498,808.989,0.000382,1,0.000996517,-0.00100243,0.0002625,999.198
0,8541856,14,phononTS,0.000572606,2.63876e-06,0.00200131,0.0002625,2053.31,0.000572606,1,-6.15404e-05,0.00196811,-0.0002625,2364.63
0,8542246,12,phononTF,0.000566725,2.88347e-06,-3.01636e-06,0.000262498,859.678,0.000566725,1,-0.000413486,-0.000485745,-0.0002625,1105.17
0,8543961,4,phononTS,0.000822148,-0.000273,-0.00116041,-0.0002625,52.6924,0.000382,1,-0.00100266,-0.00100011,0.0002625,761.547
0,8544841,21,phononTF,0.000612254,-0.00136451,0.00129612,-0.0002625,1797.61,0.000382,1,-0.000995096,0.000995185,0.0002625,2770.39
0,8547395,8,phononTS,0.000679541,-0.000172959,-7.23779e-05,-0.0002625,9.43488,0.000382,1,-0.000999526,0.000996122,0.0002625,1115.42
0,8549689,10,phononTF,0.000804358,0.00276223,0.00147497,-0.0002625,2286.6,0.000382,1,0.0030044,0.000995128,0.0002625,2786.55
0,8554558,6,phononTS,0.000968874,0.000847074,-0.00107564,-0.0002625,24.874,0.000764,1,0.000998898,-0.000996429,0.0002625,401.34
0,8554558,5,phononTS,0.0023112,0.000695251,-0.00115484,0.000262498,24.874,0.000573198,1,0.000761282,-0.00065384,-0.0002625,295.134
0,8556442,21,phononTS,0.000652594,0.000913162,-0.0010804,-0.000262498,1437.27,0.000382,1,0.000996338,-0.00099706,0.0002625,1591.32
0,8562683,13,phononTF,0.000746667,0.000999698,-0.000995431,0.0002625,1222.3,0.000746667,1,0.0012642,-0.000765445,-0.0002625,1788.77
0,8563454,9,phononTS,0.00132211,0.00107751,-0.000653031,-0.000262498,255.442,0.000382,1,0.000997633,-0.000998508,0.0002625,485.913
0,8564134,20,phononTS,0.00104948,0.00100194,-0.000995367,0.0002625,390.018,0.00047704,1,0.00102478,-0.0010639,-0.0002625,1125.08
0,8565564,4,phononTF,0.00433066,0.000683228,-0.000814057,0.000182925,36.5811,0.001146,1,0.000996429,-0.000998562,0.0002625,825.141
0,8569446,18,phononTS,0.000617632,5.60589e-05,-0.00202059,-0.000262498,428.71,0.000382,1,3.94884e-06,-0.00199785,0.0002625,591.037
0,8569770,27,phononTS,0.000738016,0.000442608,0.000980962,-0.0002625,1140.39,0.000382,1,0.000999255,-0.000996846,0.0002625,2124.89
0,8572411,18,phononTS,0.000621296,0.000833845,-0.000920391,-0.000262498,184.923,0.000382,1,0.0010045,-0.00100086,0.0002625,376.786
0,8575948,13,phononTS,0.000401116,0.00154911,0.001965,-0.000262498,1745.8,0.000382,1,0.00200146,0.00199849,0.0002625,2006.02
0,8576214,10,phononTS,0.000618043,0.000907168,-0.00102737,-0.0002625,9.2319,0.000382,1,0.000997774,-0.000995537,0.0002625,642.406
0,8578072,15,phononTS,0.00225248,0.000804608,-0.00211635,-0.0002625,796.807,0.000382,1,0.000995651,-0.00300407,0.0002625,1538.22
0,8578861,21,phononTS,0.000842799,-0.00134987,-0.000128037,-0.0002625,3277.16,0.000382,1,-0.00100433,0.0010048,0.0002625,5248.61
0,8586629,17,phononTS,0.000981936,2.65222e-06,-0.00200115,0.0002625,1568.11,0.000981936,1,-0.000433445,-0.00191032,-0.0002625,2324.77
0,8595443,7,phononTS,0.00109194,-0.000627576,0.000957579,-0.0002625,1356.17,0.000382,1,-0.00100205,0.000998849,0.0002625,1779.32
0,8595443,8,phononTS,0.000470645,-0.00100205,0.000998849,0.000262498,1779.32,0.000470645,1,-0.000908843,8.26287e-05,-0.0002625,2162.75
0,8601429,21,phononTS,0.000461974,0.0019294,-0.00117003,-0.0002625,1952.7,0.000382,1,0.001999,-0.00200201,0.0002625,2673.76
0,8604069,9,phononTF,0.00568841,0.000950144,-0.00106342,2.33639e-05,175.845,0.000764,1,0.00100449,-0.000998909,0.0002625,1465.93
0,8605580,18,phononTF,0.000527347,-3.43891e-06,-2.21081e-06,0.0002625,2165.03,0.000527347,1,-0.00104901,0.000754888,-0.0002625,3089.45
0,8612757,8,phononTS,0.00144009,0.00099744,-0.00119094,-0.000262498,284.71,0.000764,1,0.00100072,-0.0010016,0.0002625,487.177
0,8617214,17,phononTS,0.00043936,0.00104261,-0.00066709,-0.000262498,260.502,0.000382,1,3.03731e-06,-1.14838e-06,0.0002625,736.115
0,8620484,11,phononTS,0.000902811,0.00103487,-0.0010872,-0.000262498,1180.66,0.000382,1,0.00100003,-0.00100289,0.0002625,1338.99
0,8624698,12,phononTS,0.000648173,-2.65273e-06,-0.0019954,0.000262498,2581.67,0.000648173,1,-1.95444e-05,-0.0019444,-0.0002625,2742.75
0,8631329,32,phononTF,0.000591854,-0.000705467,-0.0012935,-0.0002625,1354.52,0.000382,1,-0.000999464,-0.00100485,0.0002625,2211.43
0,8632142,19,phononTF,0.000490636,0.0023522,5.71808e-05,-0.0002625,2739.42,0.000382,1,0.00200456,0.00199841,0.0002625,4448.56
0,8632285,22,phononTF,0.000419815,0.00100797,-0.0010559,-0.000262498,554.798,0.000382,1,0.00100173,-0.00100414,0.0002625,713.046
0,8633069,5,phononTF,0.00051103,0.000961152,-0.000961458,-0.0002625,1117.33,0.000382,1,0.00100453,-0.000995329,0.0002625,1907.06
0,8635384,27,phononTS,0.000402212,0.000937508,-0.00212757,-0.0002625,1375.33,0.000382,1,0.000995468,-0.000999536,0.0002625,2287.82
0,8635384,14,phononTS,0.00089151,0.000806174,-0.00102684,0.000262498,474.231,0.000596193,1,0.00100421,-0.000784334,-0.0002625,717.223
0,8639316,11,phononL,0.00321373,0.000853434,-0.00133983,-0.000198306,515.899,0.000382,1,0.000995597,-0.000999042,0.0002625,659.002
0,8639316,14,phononL,0.0027819,0.000995597,-0.000999042,0.000262498,659.002,0.000539161,1,0.00153772,-0.00104468,-0.0002625,798.818
0,8641076,10,phononTS,0.000746755,0.00201627,-4.19105e-05,-0.000262498,1185.39,0.000382,1,0.00199842,6.66347e-07,0.0002625,1353.88
0,8641114,24,phononTS,0.000540524,-0.00177807,0.00141697,-0.0002625,2449.99,0.000382,1,-0.00199596,0.00199562,0.0002625,3739
0,8643018,28,phononTS,0.000555233,1.78793e-05,0.00193755,-0.000262498,1127.43,0.000382,1,-2.26032e-06,0.00200394,0.0002625,1294.06
0,8643362,23,phononTF,0.000629812,0.000892305,-0.00110398,-0.0002625,259.651,0.000382,1,0.00100374,-0.00100164,0.0002625,586.025
0,8643362,22,phononTS,0.00110104,0.000780874,-0.00120633,0.000262498,259.651,0.000398001,1,0.00344884,-0.0023054,-0.0002625,1293.36
0,8644159,3,phononTF,0.00272583,0.000809799,-0.00105349,-0.0002625,6.01743,0.000764,1,0.00100132,-0.000995196,0.0002625,356.828
0,8646562,23,phononTF,0.00157479,-0.000617054,-0.00145082,-0.0002625,1026.15,0.000764,1,-0.000997366,-0.00099599,0.0002625,1572.69
0,8648014,7,phononTS,0.00223463,0.000761495,-0.00127069,0.00016956,289.819,0.001146,1,0.0020022,-0.00199664,0.0002625,815.253
0,8649013,5,phononTF,0.0018286,0.00115501,-0.000808789,-0.000262498,741.487,0.000382,1,0.00100244,-0.000995026,0.0002625,913.701
0,8649013,10,phononTF,0.000411885,0.00100244,-0.000995026,0.000262498,913.701,0.000411885,1,0.000830091,-0.000590353,-0.0002625,1141.68
0,8652183,10,phononTS,0.000396428,-0.00300215,-0.000998483,0.0002625,2001.65,0.000396428,1,-0.00375671,-0.00154599,-0.0002625,3269.13
0,8652821,4,phononTF,0.000538486,0.000956763,-0.000834037,-0.0002625,81.7865,0.000382,1,0.00100394,-0.00100236,0.0002625,460.586
0,8663068,22,phononTS,0.000609483,0.00134369,-0.00174139,-0.000262498,852.287,0.000382,1,2.93054e-06,-0.00199844,0.0002625,1390.09
0,8665925,7,phononTS,0.00116992,0.000120279,-0.000191674,-0.0002625,13.3189,0.000382,1,-4.12913e-07,-2.59389e-07,0.0002625,662.868
0,8666068,29,phononTS,0.000594926,0.00109903,-0.000523896,-0.000262498,3104.33,0.000382,1,0.00100298,-0.000999669,0.0002625,3366.4
0,8666642,12,phononTS,0.000563415,0.000891267,0.000937909,-0.0002625,3348.23,0.000382,1,0.00100318,0.000995201,0.0002625,3739.73
0,8667242,7,phononTF,0.000805756,0.00130656,-0.00273857,-0.000262498,1258.66,0.000764,1,0.00100094,-0.00300211,0.0002625,1463.39
0,8668742,33,phononTS,0.000508644,0.00164028,-0.00196184,-0.0002625,640.62,0.000382,1,0.00200246,-0.00200072,0.0002625,1111.01
0,8670305,3,phononTS,0.000601822,0.000721812,-0.000422791,-0.0002625,27.1539,0.000382,1,4.5873e-06,1.45512e-06,0.0002625,737.77
0,8672201,32,phononTF,0.000440138,0.00138623,-0.00160399,-0.0002625,686.747,0.000382,1,0.00199626,-0.00200096,0.0002625,1267.73
0,8673836,11,phononTS,0.00119949,0.000238166,-0.00181412,-0.000262498,480.822,0.000764,1,-0.00100059,-0.00100491,0.0002625,1072.68
0,8674273,4,phononTS,0.0012794,0.00110464,-0.00103902,-0.0002625,142.057,0.000382,1,0.00100218,-0.00100391,0.0002625,616.225
0,8676760,37,phononTS,0.000552282,0.00107636,-0.00292591,-0.0002625,2536.65,0.000382,1,0.000999847,-0.00300461,0.0002625,2886.35
0,8681284,24,phononTS,0.00116188,0.000996195,-0.000996966,0.000262498,337.495,0.00116188,1,0.000936545,-0.00153397,-0.0002625,617.587
0,8681284,2,phononTS,0.00476752,-1.85299e-05,-0.00114855,-0.000219131,48.9721,0.000880669,1,-0.00020264,-0.00132769,-0.0002625,938.474
0,8682620,18,phononL,0.000503743,0.00299688,0.00100058,0.000262498,2870.06,0.000503743,1,0.00315546,0.00125762,-0.0002625,2988.39
0,8684716,19,phononTS,0.00125297,0.0019927,-0.00243463,-0.000262498,1858.52,0.000382,1,0.00200151,-0.00200063,0.0002625,2116.29
0,8686583,8,phononTF,0.0014272,-0.000873666,-0.000859996,-0.0002625,1544.5,0.000382,1,-0.000995597,-0.00100383,0.0002625,1882.1
0,8686583,9,phononTS,0.000383105,-0.000995597,-0.00100383,0.000262498,1882.1,0.000383105,1,-0.000942855,-0.00109431,-0.0002625,2038.19
0,8686719,7,phononTF,0.000521315,0.00122094,-0.000833215,-0.000262498,1096.07,0.000382,1,0.00100373,-0.00100104,0.0002625,1278.39
0,8688258,12,phononTS,0.000631192,-0.00204306,-4.54328e-05,-0.0002625,3560.55,0.000382,1,-0.00199604,-3.92419e-06,0.0002625,3872.78
0,8688882,18,phononTS,0.000454851,0.0013364,-0.000114208,-0.0002625,1079.37,0.000382,1,0.00200278,1.93549e-06,0.0002625,2014.43
0,8689013,19,phononTS,0.000609189,0.000681017,-0.00118032,-0.000262498,160.512,0.000382,1,0.00100388,-0.000998177,0.0002625,417.274
0,8689829,21,phononTS,0.000715433,0.00231501,-0.00411152,-0.0002625,977.482,0.000382,1,0.000998567,-0.00299574,0.0002625,3775.4
0,8693944,15,phononTS,0.0005036,0.000261617,-0.00153246,-0.0002625,107.518,0.000382,1,-4.87086e-06,-0.00200397,0.0002625,715.995
0,8696729,10,phononTS,0.000803535,0.00100281,-0.000998356,0.000262498,940.791,0.000470176,1,0.000940909,-0.000993242,-0.0002625,1105.73
0,8696729,3,phononTF,0.00159813,0.000583115,-0.00120674,0.000262498,115.129,0.000239577,1,0.000443641,-0.001316,-0.0002625,280.273
0,8697017,19,phononL,0.000426081,0.00103687,-0.00146075,-0.000262498,236.777,0.000382,1,0.000997082,-0.0010024,0.0002625,367.423
0,8699792,28,phononTS,0.000740456,0.000995091,-0.000998532,0.0002625,232.304,0.000740456,1,0.00100762,-0.000950177,-0.0002625,701.022
0,8699984,19,phononTS,0.000467982,0.00093066,-0.000789371,-0.000262498,216.553,0.000382,1,0.00100376,-0.00100458,0.0002625,418.093
0,8701514,6,phononTF,0.000792619,-0.00194156,0.00195319,-0.0002625,50.5632,0.000382,1,-0.0020015,0.00200352,0.0002625,1714.13
0,8702728,2,phononL,0.00440542,0.00100326,-0.00090362,1.18576e-05,225.941,0.000382,1,0.0010003,-0.000995735,0.0002625,509.64
0,8702934,6,phononTS,0.00115712,0.000916703,-0.00103827,-0.0002625,25.4013,0.000382,1,0.00100055,-0.00100112,0.0002625,742.377
0,8705472,11,phononTF,0.000508649,0.000218044,0.000312041,-0.000262499,1808.52,0.000382,1,0.000997954,0.00100336,0.0002625,2155.54
0,8706533,7,phononTF,0.00116472,-0.000963748,-0.00104387,-0.0002625,1465.55,0.000764,1,-0.00100297,-0.00100001,0.0002625,1781.27
0,8707459,22,phononTF,0.000383581,0.00100207,-0.00299969,0.000262498,2761.19,0.000383581,1,0.00115413,-0.00296808,-0.0002625,2929.88
0,8707459,13,phononTF,0.000564073,0.000215351,-0.000781874,0.000262498,1047.85,0.000564073,1,-0.000317513,-0.000325508,-0.0002625,1308.13
0,8711044,34,phononTS,0.0010195,0.00100174,-0.000997529,0.0002625,366.474,0.000241845,1,0.00105266,-0.00107276,-0.0002625,831.524
0,8714711,6,phononTF,0.00166091,0.000287332,-0.00035695,-0.0002625,2327.21,0.000382,1,-3.05442e-07,-2.6863e-06,0.0002625,2739.77
0,8717986,12,phononL,0.000483918,0.00100241,0.00100337,0.0002625,1820.57,0.000483918,1,0.00101696,0.00193043,-0.0002625,2408.01
0,8721460,24,phononTS,0.000618636,0.00125494,0.0010906,-0.000262498,1633.34,0.000382,1,0.0020029,-3.99218e-06,0.0002625,2134.73
0,8722857,26,phononTS,0.00159189,-0.000841927,-0.000548667,-0.0002625,784.912,0.000382,1,-0.00199899,-4.33013e-06,0.0002625,1792.26
0,8722857,30,phononTS,0.00100543,-0.00199899,-4.33013e-06,0.000262498,1792.26,0.000854877,1,-0.00247548,0.000986822,-0.0002625,2236.13
0,8725379,13,phononTS,0.00372756,0.000947031,-0.00106687,-6.00476e-05,950.674,0.001146,1,0.000999987,-0.000996097,0.0002625,1195.13
0,8725639,11,phononL,0.000458809,0.000349229,0.000135258,-0.0002625,480.298,0.000382,1,-4.73878e-06,-4.24107e-06,0.0002625,751.279
0,8725639,3,phononTS,0.00126594,0.000578272,-0.001093,0.000262498,233.805,0.000399469,1,0.000189162,-0.00156874,-0.0002625,561.542
0,8728341,19,phononTF,0.000594155,-0.000720836,-0.00123368,-0.0002625,1790.78,0.000382,1,-0.000997279,-0.00100166,0.0002625,2359.63
0,8731535,16,phononTS,0.000443253,-0.000678629,-0.00194679,-0.0002625,1684.49,0.000382,1,1.2423e-06,-0.00199897,0.0002625,2322.58
0,8732112,25,phononTS,0.000920835,0.00195362,9.21063e-05,-0.0002625,1298.52,0.000382,1,0.00199662,3.97483e-06,0.0002625,3996.28
0,8738960,18,phononTS,0.000460732,0.00193438,-0.00190709,-0.000262498,1768.39,0.000382,1,0.00199985,-0.00199596,0.0002625,1923.43
0,8741140,14,phononTS,0.00158931,-0.00104727,0.00222227,-0.0002625,4478.62,0.000382,1,-0.0019998,0.00200377,0.0002625,6162.58
0,8741223,4,phononTS,0.00160642,0.000815978,-0.00121237,0.000217107,76.3759,0.000382,1,0.00100365,-0.00099815,0.0002625,467.172
0,8747604,23,phononTS,0.00112743,0.000170532,0.000337799,-0.000262498,1196.62,0.000382,1,-7.60732e-08,4.12416e-06,0.0002625,1453.83
0,8748699,23,phononL,0.000818962,0.000436205,-0.000922605,-0.0002625,848.145,0.000382,1,0.00100076,-0.00100223,0.0002625,1134.48
0,8753021,22,phononTF,0.000530881,-0.000998249,0.00100474,0.0002625,238.913,0.000530881,1,-0.00165982,0.00158595,-0.0002625,1458.45
0,8753021,21,phononTF,0.000803444,-0.00106006,0.005,-0.000233817,238.913,0.000803444,1,-0.005,0.0017208,-0.00019939,3612.38
0,8755630,22,phononTF,0.000690709,0.00186096,0.000342016,-0.0002625,2678.65,0.000382,1,0.00100236,0.00100135,0.0002625,3431.24
0,8757283,20,phononTS,0.000604978,-0.000126956,-0.00199052,-0.0002625,4918.66,0.000382,1,-4.08953e-06,-0.00200263,0.0002625,5666.68
0,8759028,10,phononTS,0.000703755,0.00119823,-0.00186085,-0.0002625,586.152,0.000382,1,0.00200472,-0.00199776,0.0002625,1285.42
0,8760271,17,phononTS,0.000573989,1.55719e-06,-0.00200012,0.000262498,676.994,0.00047816,1,-0.00176325,-0.000307118,-0.0002625,1500.6
0,8766892,7,phononTS,0.000698534,1.46304e-05,-0.00145424,-0.0002625,1330.51,0.000382,1,4.47868e-06,-0.00200103,0.0002625,1874.92
0,8766892,6,phononTS,0.00109699,2.47821e-05,-0.000907447,0.000262498,1330.51,0.000425019,1,-0.00093304,2.1041e-05,-0.0002625,1879.17
0,8775055,13,phononTF,0.000834461,0.00302547,0.00102408,-0.0002625,4624.31,0.000382,1,0.00299976,0.000998932,0.0002625,4938.72
0,8782522,10,phononL,0.000771118,0.00064606,-0.00144622,-0.0002625,785.137,0.000382,1,0.000996998,-0.00100219,0.0002625,1071.35
0,8794413,39,phononTS,0.000414095,-0.000201144,-0.000262976,-0.000262498,5148.13,0.000382,1,-3.04514e-06,9.92281e-07,0.0002625,5395.38
0,8794613,29,phononTS,0.000386367,-0.00308747,-0.0018362,-0.0002625,5740.78,0.000382,1,-0.00299945,-0.00100006,0.0002625,7239.34
0,8795066,25,phononTS,0.000853878,0.00101086,-0.000924741,-0.0002625,618.702,0.000382,1,0.00100059,-0.00100154,0.0002625,941.471
0,8795811,23,phononTS,0.00100985,0.0021709,-0.00235784,-0.0002625,854.805,0.000382,1,0.00199883,-0.00199927,0.0002625,1351.2
0,8797396,9,phononTS,0.00101885,0.000839737,-0.00107279,-0.0002625,360.865,0.000382,1,0.000997148,-0.000997496,0.0002625,740.012
0,8799696,9,phononTS,0.00065347,0.00063712,-0.0010856,-0.0002625,345.411,0.000382,1,0.000998988,-0.00100097,0.0002625,737.021
0,8800399,10,phononTS,0.000711514,0.00105493,-0.00126404,-0.0002625,374.576,0.000382,1,0.000998516,-0.00100359,0.0002625,797.596
0,8802555,16,phononTS,0.000896243,0.000439613,-0.00103652,-0.000262498,559.971,0.000382,1,0.000996115,-0.0010017,0.0002625,835.557
0,8807879,12,phononTS,0.000488323,-0.00260763,-0.000661359,-0.0002625,3076.49,0.000382,1,-0.00100115,0.00100132,0.0002625,4635.22
0,8808358,2,phononTF,0.00104987,0.00160916,-0.00045628,-0.0002625,10.9969,0.000382,1,0.00200075,2.06578e-06,0.0002625,921.636
0,8811117,15,phononTS,0.00351288,2.21396e-06,-0.00199568,0.000249653,1118.1,0.001528,1,1.13751e-06,-0.00199643,0.0002625,1126.14
0,8814910,2,phononTF,0.00148793,0.000814415,-0.0010672,-0.0002625,5.13338,0.000382,1,0.000999053,-0.00100157,0.0002625,353.66
0,8820227,15,phononTF,0.000914737,0.00070529,-0.00133783,-0.000262498,1328.33,0.000382,1,0.00100101,-0.00100208,0.0002625,1533.88
0,8820308,27,phononL,0.00131659,-0.00184014,-0.000579496,-0.000262498,1504.9,0.000764,1,-0.00199925,-2.9714e-06,0.0002625,1652.46
0,8820308,23,phononL,0.0011244,0.000640138,-0.00113213,0.000262498,14.1759,0.00032848,1,0.00109273,-0.000729158,-0.0002625,165.982
0,8821779,16,phononTS,0.000579454,-0.000997692,-0.00100172,0.000262498,1369.33,0.000579454,1,-0.00034142,-0.00241172,-0.0002625,1979.95
0,8824415,17,phononTF,0.00180242,0.000118364,0.00225473,-0.0002625,2696.86,0.000764,1,-4.70032e-06,0.0020018,0.0002625,4042.81
0,8824727,17,phononTS,0.000663423,0.000997919,-0.00300006,0.000262498,2221.86,0.000328203,1,0.00100509,-0.00295025,-0.0002625,2386.17
0,8830152,23,phononTS,0.00103205,-0.000589832,0.000205711,-0.000262498,1020.99,0.000382,1,0.00199796,0.00200126,0.0002625,2113.95
0,8834448,26,phononTS,0.000397252,0.00200356,-0.00200036,0.0002625,1477.23,0.000397252,1,0.00298826,-0.00200832,-0.0002625,2477.12
0,8840027,36,phononTS,0.0005129,-0.00100094,0.00099605,0.0002625,2371.7,0.0005129,1,-0.00106368,0.000973482,-0.0002625,2711.76
0,8840739,14,phononTS,0.000487761,0.00143998,0.000979307,-0.000262498,2240.5,0.000382,1,0.00100285,0.00100498,0.0002625,2497.54
0,8841847,4,phononTF,0.000582113,0.0013221,-0.000603516,-0.0002625,62.6266,0.000382,1,0.00200076,-1.1164e-06,0.0002625,686.786
0,8845513,12,phononTS,0.000537148,0.00166541,0.00111754,-0.0002625,1443.87,0.000382,1,0.00100359,0.00100404,0.0002625,2064.98
0,8846276,20,phononTF,0.00165138,0.000193975,-0.00175376,-0.0002625,1038.12,0.000382,1,-4.21904e-06,-0.00200442,0.0002625,1418.2
0,8847799,10,phononTS,0.000604454,0.00209099,-0.000667063,-0.0002625,1059.39,0.000382,1,0.00200365,4.90432e-07,0.0002625,1716.05
0,8851849,18,phononTS,0.00046078,-0.00197321,0.00197481,-0.0002625,2447.54,0.000382,1,-0.0020006,0.00199692,0.0002625,3117.7
0,8857368,2,phononTS,0.00667159,0.00100137,-0.00100436,0.000232778,46.917,0.000764,1,0.000998602,-0.0010027,0.0002625,723.462
0,8863145,7,phononTS,0.00204642,-0.000925728,0.000912518,-0.0002625,1461.68,0.000764,1,-0.0010033,0.000995392,0.0002625,1770.28
0,8865099,28,phononTS,0.000412952,0.00170423,0.000810838,-0.000262498,910.958,0.000382,1,0.0020028,3.37054e-06,0.0002625,1304.06
0,8880658,28,phononTS,0.000445944,-0.000370979,0.00208172,-0.0002625,7642.23,0.000382,1,-4.16608e-06,0.00199805,0.0002625,9524.83
0,8883159,14,phononTS,0.00056376,6.11371e-05,-0.00199429,-0.000262498,714.721,0.000382,1,1.76481e-06,-0.00199622,0.0002625,878.95
0,8884628,12,phononTF,0.000625538,0.00130238,-0.00263803,-0.0002625,3288.77,0.000382,1,0.000996392,-0.00299811,0.0002625,3709.64
0,8885455,2,phononTS,0.00477874,-0.00103639,-0.00104595,6.05733e-05,159.143,0.000764,1,-0.00100442,-0.0010027,0.0002625,1116.15
0,8886169,20,phononTS,0.000636935,-9.68131e-08,4.79756e-06,0.0002625,1584.1,0.000636935,1,0.00248203,0.00449295,-0.0002625,4201.34
0,8887646,27,phononTS,0.000482872,0.00100452,-0.00100152,0.000262498,1803.41,0.000482872,1,0.00107985,-0.000697054,-0.0002625,2024.42
0,8887981,12,phononTF,0.000454593,0.00200312,-1.33808e-06,0.000262498,3620.59,0.000454593,1,0.00223471,-0.000211053,-0.0002625,3803.97
0,8887981,5,phononTS,0.00200467,-0.000636189,-0.00123102,0.000262498,837.266,0.00132847,1,0.000189301,-0.00159875,-0.0002625,1217.98
0,8888653,7,phononTF,0.000470306,0.000692979,-0.00125325,-0.000262498,210.551,0.000382,1,0.00100189,-0.00100211,0.0002625,406.197
0,8888653,4,phononTF,0.000749857,0.00205085,-0.005,0.000206946,13.669,0.000199976,1,0.0049956,-0.00276248,-0.0002625,2389.09
0,8888653,8,phononTF,0.000456151,0.005,-0.00276888,-0.000238408,2389.09,0.000456151,1,0.00494099,-0.0027121,-0.0002625,2422.27
0,8893026,22,phononTF,0.000509551,0.00150421,0.0015522,-0.000262498,1832.04,0.000382,1,0.0019963,0.00199931,0.0002625,2084.58
0,8893500,15,phononTS,0.000569708,-0.00275859,-0.000907993,-0.0002625,1835.06,0.000382,1,-0.00299972,-0.00100075,0.0002625,2511.6
0,8894592,28,phononTS,0.000431683,0.0029965,0.000997301,0.000262498,3877.8,0.000431683,1,0.00301227,0.0010803,-0.0002625,4038.44
0,8901026,18,phononTS,0.000430228,0.00209143,0.00205955,-0.000262498,2044.18,0.000382,1,0.0020022,0.00199746,0.0002625,2199.45
0,8903204,31,phononTS,0.000626338,0.000981114,-0.00101636,-0.000262498,1519.73,0.000382,1,0.00100023,-0.000999768,0.0002625,1690.57
0,8906636,7,phononTS,0.000390689,0.00098295,-0.000916658,-0.0002625,434.912,0.000382,1,0.000998964,-0.00100382,0.0002625,764.102
0,8917567,11,phononTS,0.000433975,-0.00294069,0.00202574,-0.000262498,4687.79,0.000382,1,-0.00200245,0.00200355,0.0002625,5085.49
0,8917567,3,phononTS,0.00144925,0.000624093,-0.00112595,0.000262498,3.8872,0.00144925,1,0.00207307,0.00106134,-0.0002625,960.959
0,8920518,2,phononTS,0.00595586,0.000752494,-0.00111043,0.00015662,82.6564,0.001528,1,0.00100337,-0.00099686,0.0002625,411.559
0,8922940,9,phononTF,0.000595897,0.000995634,-0.00100193,0.000262498,500.121,0.000595897,1,0.00022066,-0.00190873,-0.0002625,900.895
0,8926117,9,phononTF,0.00196236,0.000716363,-0.00132902,-0.000262498,437.277,0.000382,1,0.00100407,-0.00100489,0.0002625,647.415
0,8929022,27,phononTS,0.000439223,0.000974836,-0.000943263,-0.0002625,1635.48,0.000382,1,0.000997844,-0.00100156,0.0002625,1958.92
0,8929522,21,phononTF,0.00294916,0.000892922,-0.000872036,7.65649e-05,515.931,0.001528,1,0.000996714,-0.00099688,0.0002625,644.018
0,8932402,8,phononTS,0.000449689,-0.00193756,-8.80316e-05,-0.0002625,1362.29,0.000382,1,-0.00199629,-4.20001e-06,0.0002625,2108.09
0,8932402,3,phononTF,0.000860232,0.000629439,-0.00113178,0.000262498,9.37851,0.000584526,1,0.000724927,-0.0012543,-0.0002625,172.623
0,8934922,21,phononTF,0.0013372,0.0020014,3.79876e-06,0.0002625,1505.27,0.00029943,1,0.00201871,-9.61496e-06,-0.0002625,2095.89
0,8939787,25,phononTS,0.000388252,0.00215656,0.000772774,-0.000262498,4180,0.000382,1,1.7386e-06,-1.63668e-06,0.0002625,5019.59
0,8940096,2,phononTS,0.00446513,0.000720845,-0.00120294,0.000161967,521.487,0.000764,1,0.00100443,-0.0010028,0.0002625,714.712
0,8942570,16,phononTF,0.000448041,0.000938267,-0.00100408,-0.000262498,2704.18,0.000382,1,0.000996801,-0.000999813,0.0002625,2862.82
0,8942570,11,phononTS,0.000429095,-3.90782e-05,-0.00165853,0.000262498,842.279,0.000429095,1,0.0037921,-0.00492226,-0.0002625,2581.41
0,8943228,21,phononTF,0.00180928,0.00150369,-0.000522559,-0.000262498,809.137,0.000382,1,0.00100254,-0.000996384,0.0002625,1070.23
0,8948599,10,phononL,0.00169397,0.00161568,-0.000329281,-0.0002625,497.237,0.000764,1,0.00199885,1.15236e-06,0.0002625,772.508
0,8949048,15,phononTS,0.0020897,-0.00106668,0.00308671,-0.0002625,3608.71,0.000764,1,-0.00100001,0.00300244,0.0002625,4126.34
0,8950160,15,phononTS,0.000483712,-0.000977839,-0.00200907,-0.000262498,1507.28,0.000382,1,0.00200324,3.29591e-06,0.0002625,2778.48
0,8951155,19,phononTS,0.0012059,0.000684384,-0.00100387,-0.000262498,753.991,0.000382,1,0.000997531,-0.000997286,0.0002625,984.299
0,8955800,20,phononTS,0.000830952,7.65356e-05,-0.00170036,-0.0002625,634.122,0.000382,1,-3.04563e-06,-0.00199987,0.0002625,1073.82
0,8958803,29,phononTS,0.000410803,-0.00200008,2.34795e-06,0.000262498,10540.8,0.000410803,1,-0.0019129,-7.7126e-05,-0.0002625,10694.8
0,8964041,9,phononTS,0.000725825,0.00105356,-0.000488465,-0.000262498,719.411,0.000382,1,0.000996031,-0.000996986,0.0002625,990.618
0,8964365,23,phononTS,0.00223969,0.000861377,-0.00107494,-0.0002625,89.2173,0.000382,1,0.00100486,-0.00100374,0.0002625,809.706
0,8966255,12,phononTS,0.0013869,0.0017141,-1.736e-05,-0.000262498,1551.63,0.000382,1,0.00199511,2.06836e-06,0.0002625,1772
0,8967724,10,phononTF,0.000704617,0.000997076,0.00099799,0.0002625,1123.14,0.000577687,1,0.00116082,0.00117214,-0.0002625,1984.58
0,8967906,10,phononTF,0.000788828,0.000913704,0.000896827,-0.0002625,3872.54,0.000382,1,0.000997969,0.0009951,0.0002625,4579.98
0,8970931,27,phononTF,0.000538101,0.00099675,-0.000998664,0.0002625,715.727,0.000538101,1,0.00119518,-0.0011856,-0.0002625,1071.61
0,8973514,24,phononTS,0.00126044,0.00199519,0.0020038,0.000262498,8071.41,0.000300049,1,0.00217657,0.00256748,-0.0002625,8384.59
0,8973804,24,phononTS,0.000865048,0.00199769,0.00200366,0.0002625,1366.68,0.000865048,1,0.00194555,0.0019555,-0.0002625,2394.78
0,8980016,27,phononTS,0.000495565,-0.000921522,0.00304982,-0.000262498,9420.02,0.000382,1,-0.000999583,0.0029956,0.0002625,9576.35
0,8984368,2,phononTF,0.00529268,0.00103907,-0.00103187,0.000211817,32.3893,0.002292,1,0.0010046,-0.00100298,0.0002625,1368.93
0,8985088,2,phononTF,0.00339319,0.00220561,-0.00178083,-4.65601e-05,79.6717,0.000764,1,0.00200229,-0.00200225,0.0002625,894.905
0,8985303,9,phononTF,0.000508356,-6.80694e-05,7.43318e-05,-0.000262498,953.027,0.000382,1,3.78896e-06,-5.00356e-07,0.0002625,1113.15
0,8988750,9,phononTS,0.000467821,0.000996069,-0.00100343,0.000262498,412.752,0.000467821,1,0.000906847,-0.00106695,-0.0002625,567.903
0,8991444,23,phononTS,0.000564637,0.0008324,-0.000939915,-0.000262498,182.476,0.000382,1,0.00100138,-0.000996953,0.0002625,375.667
0,8998915,31,phononTS,0.00150858,0.00100508,-0.00103074,-0.000262498,264.74,0.000382,1,0.000997553,-0.000996257,0.0002625,441.348
0,8998915,32,phononTF,0.000814874,0.000997553,-0.000996257,0.000262498,441.348,0.000551263,1,0.0012677,-0.00122681,-0.0002625,630.611
0,8999585,9,phononTS,0.000627853,-0.000492849,-0.000140527,-0.0002625,1358.53,0.000382,1,2.42362e-06,-4.62123e-06,0.0002625,1938.15
0,9003557,9,phononTS,0.000653731,4.31468e-06,-0.00200343,0.000262498,493.873,0.000653731,1,0.000568115,-0.00192192,-0.0002625,779.65
0,9004203,22,phononTF,0.00138146,0.000189008,-0.00201714,-0.0002625,3607.81,0.000764,1,-4.28138e-06,-0.00199889,0.0002625,3958.78
0,9013158,12,phononL,0.000405544,-0.00138439,0.00143644,-0.0002625,1561.97,0.000382,1,-0.00100129,0.000995104,0.0002625,2042.84
0,9015929,4,phononL,0.00217243,0.000840635,-0.00113793,0.000117341,19.5461,0.000382,1,0.000996958,-0.00100122,0.0002625,157.579
0,9015929,8,phononL,0.00140301,0.000996958,-0.00100122,0.000262498,157.579,0.00083821,1,0.000432939,-0.000709674,-0.0002625,312.341
0,9016290,36,phononTF,0.000427879,0.000295999,-0.00108014,-0.000262498,348.296,0.000382,1,0.0010007,-0.00100454,0.0002625,663.618
0,9019363,6,phononL,0.00122031,0.000263527,-0.00153578,-0.0002625,239.101,0.000382,1,2.24197e-06,-0.00199866,0.0002625,519.739
0,9019470,16,phononTS,0.00186622,-0.000115618,-0.00133805,-0.0002625,1807.61,0.001146,1,2.22858e-06,-0.00200043,0.0002625,2251.82
0,9019545,4,phononTS,0.000840349,-0.000161026,-0.00109345,-0.0002625,256.501,0.000382,1,-0.00100019,-0.0010035,0.0002625,1007.84
0,9019939,9,phononL,0.00170694,0.000557656,-0.00106031,-0.000262498,244.904,0.000764,1,0.000995485,-0.00100476,0.0002625,373.778
0,9026426,18,phononTS,0.000628567,-0.00100136,0.000998374,0.000262498,1240.6,0.000338661,1,-0.00100227,0.000793958,-0.0002625,1446.4
0,9029664,18,phononTS,0.00275729,0.00108061,-0.000916364,-0.000262499,1188.45,0.000382,1,0.00100329,-0.000995815,0.0002625,1342.87
0,9033283,41,phononTS,0.00220272,0.000906991,-0.000478546,-0.000262498,1311.94,0.000382,1,0.00100463,-0.000995412,0.0002625,1584.53
0,9034066,18,phononTS,0.000895103,-0.00203745,-0.000180699,-0.000262498,5331.52,0.000382,1,-0.00199769,2.01386e-06,0.0002625,5526.76
0,9036594,24,phononTF,0.000750766,-0.000176394,0.000158422,-0.0002625,1110.96,0.000382,1,-0.000997572,0.0010023,0.0002625,1881.05
0,9047062,16,phononTF,0.000530976,-0.00137939,-0.00261071,-0.0002625,5438.41,0.000382,1,-0.00199741,-0.00199937,0.0002625,6045.14
0,9052088,11,phononTS,0.000729876,0.000606135,-0.00110886,-0.0002625,398.474,0.000382,1,0.0009973,-0.000999993,0.0002625,920.522
0,9052783,17,phononTS,0.000498471,-0.000998286,-0.000998036,0.0002625,1252.55,0.000498471,1,-0.00105817,-0.00107309,-0.0002625,1562.37
0,9060446,17,phononTS,0.00281605,0.000815515,-0.00106288,-0.000140492,307.242,0.001146,1,0.000999045,-0.000999887,0.0002625,824.311
0,9060667,5,phononTS,0.000957471,0.00115026,-0.000988848,-0.0002625,19.0729,0.000382,1,0.00100231,-0.000996632,0.0002625,470.474
0,9060667,11,phononTS,0.000440201,0.00100231,-0.000996632,0.000262498,470.474,0.000440201,1,0.000816761,-0.0010112,-0.0002625,670.959
0,9062111,26,phononTS,0.000562268,-0.00100394,-0.000997329,0.0002625,687.743,0.000562268,1,-0.00049272,-4.42816e-05,-0.0002625,1573.34
0,9062997,8,phononTF,0.000704063,0.00131726,-0.00156553,-0.0002625,4.63583,0.000382,1,0.00200241,-0.00200414,0.0002625,631.202
0,9065842,14,phononTS,0.000423506,0.00173166,0.000203997,-0.0002625,1455.18,0.000382,1,0.00200033,-4.09454e-06,0.0002625,1955.11
0,9065865,5,phononTS,0.000861952,-0.00242101,-0.000991382,-0.0002625,6.91504,0.000382,1,-0.00299849,-0.000996818,0.0002625,1776.98
0,9067309,24,phononTF,0.00199376,0.000773616,-0.00101389,-0.000262498,196.881,0.001146,1,0.00100387,-0.000995955,0.0002625,379.591
0,9067669,4,phononTS,0.00148267,0.00192866,-0.000134969,-0.0002625,22.2541,0.000382,1,0.00199809,-4.91008e-06,0.0002625,3257.23
0,9067669,30,phononL,0.000491214,0.00199809,-4.91008e-06,0.000262498,3257.23,0.000491214,1,0.00173904,-0.000410425,-0.0002625,3391.51
0,9068175,5,phononTF,0.000888138,0.000849126,-0.00119914,-0.000262498,567.237,0.000382,1,0.00100449,-0.00100144,0.0002625,740.407
0,9077851,18,phononTF,0.000993402,-0.000138057,0.000165931,-0.0002625,60.5819,0.000382,1,3.09201e-07,-3.92464e-06,0.0002625,721.171
0,9077851,24,phononTS,0.000413741,3.09201e-07,-3.92464e-06,0.000262498,721.171,0.000413741,1,-4.57442e-05,-2.37825e-05,-0.0002625,881.952
0,9080219,13,phononTS,0.00250676,0.000340172,-0.0021095,-0.0002625,1055.74,0.000764,1,-0.00100434,-0.000998278,0.0002625,2011.3
0,9085787,17,phononTS,0.000499054,0.00371748,0.005,-0.000181431,4399.85,0.000382,1,0.00100221,-0.00100304,0.0002625,8476.28
0,9087984,12,phononTS,0.00254037,0.00217109,-0.00125957,-0.0002625,796.343,0.000764,1,0.00200421,-0.00200015,0.0002625,1332.99
0,9087984,19,phononTF,0.000810951,0.00200421,-0.00200015,0.000262498,1332.99,0.000513259,1,0.00123738,-0.00268062,-0.0002625,1675.55
0,9088313,22,phononTF,0.000773354,0.000811713,-0.0011548,-0.000262498,665.797,0.000382,1,0.00100443,-0.000996354,0.0002625,838.983
0,9091745,13,phononTS,0.000443063,0.000924963,0.000911484,-0.0002625,1244.87,0.000382,1,0.0010008,0.000995547,0.0002625,2771.62
0,9094096,32,phononTF,0.000531361,0.00199726,4.19043e-06,0.0002625,1631.77,0.000531361,1,-8.72185e-05,-0.000707903,-0.0002625,2565.6
0,9103120,13,phononTS,0.000624205,-0.0022709,-0.00190219,-0.000262498,6743.57,0.000382,1,-0.00199819,-0.00200263,0.0002625,6976.82
0,9103120,4,phononTF,0.00090432,0.000629037,-0.00111387,0.000262498,7.61567,0.00090432,1,0.000776245,-0.00130153,-0.0002625,179.208
0,9103770,16,phononL,0.000494576,0.00100298,-0.00100166,0.0002625,389.539,0.000494576,1,0.00130945,-0.0015533,-0.0002625,698.432
0,9106464,12,phononTS,0.000825067,0.00199881,-4.02399e-06,0.000262498,1223.02,0.000547293,1,0.00194642,-8.94837e-05,-0.0002625,1393.19
0,9107492,14,phononTF,0.000658809,-0.000806221,-0.000714769,-0.000262499,1535.33,0.000382,1,-4.22203e-06,3.93791e-06,0.0002625,1891.96
0,9116810,31,phononTS,0.000834763,0.000792196,-0.00364448,-0.0002625,1046.69,0.000382,1,0.00100001,-0.00300162,0.0002625,4999.36
0,9122736,15,phononTF,0.000589949,-0.00199783,0.00199658,0.000262498,3195.31,0.000589949,1,-0.00151297,0.00251838,-0.0002625,3467.06
0,9122736,8,phononTS,0.000590361,0.000627112,-0.00112318,0.000262498,4.32631,0.000590361,1,0.00229194,-0.000276665,-0.0002625,715.315
0,9123063,13,phononTF,0.00073043,-0.00170715,0.00164833,-0.0002625,1870.94,0.000382,1,-0.00199532,0.00199662,0.0002625,2282.44
0,9123991,5,phononTS,0.00267952,0.000822378,-0.00207606,-0.0002625,21.3917,0.000764,1,0.00100437,-0.00300382,0.0002625,787.158
0,9126220,17,phononTS,0.00144703,-0.000202195,-0.000700044,-0.0002625,2111.95,0.000382,1,9.77188e-07,-4.19611e-06,0.0002625,2812.31
0,9126366,13,phononL,0.000382329,0.00199882,2.38128e-06,0.000262498,9736.03,0.000382329,1,0.00266736,-0.000277145,-0.0002625,9903.99
0,9126781,16,phononTS,0.000667278,-0.00200266,2.64133e-06,0.0002625,798.049,0.000667278,1,-0.00277358,-1.17533e-05,-0.0002625,1499.47
0,9126781,3,phononL,0.00126603,0.000656697,-0.0011895,0.000262498,45.3893,0.000682668,1,0.000599487,-0.000817567,-0.0002625,168.661
0,9126806,21,phononTS,0.0004496,0.00199643,-0.00200141,0.000262498,964.437,0.0004496,1,0.00203157,-0.00152881,-0.0002625,1236.29
0,9127942,11,phononTF,0.00152021,-0.000284499,0.000298198,-9.34591e-05,1490.59,0.000382,1,-4.85857e-06,3.66951e-06,0.0002625,1867.67
0,9127942,13,phononTS,0.000459695,-4.85857e-06,3.66951e-06,0.000262499,1867.67,0.000459695,1,0.00297909,-0.00383594,-0.0002625,3352.71
0,9128853,3,phononTS,0.000999288,0.000835565,-0.00105661,-0.0002625,18.0568,0.000764,1,0.00100407,-0.000999918,0.0002625,404.301
0,9130144,11,phononTS,0.000588556,0.00100426,-0.00100022,0.000262498,406.386,0.000588556,1,0.000972086,-0.00109058,-0.0002625,564.655
0,9136004,36,phononTS,0.000502347,0.000997129,-0.00100191,0.000262498,1266.33,0.000502347,1,0.00109723,-0.000918839,-0.0002625,1444.68
0,9144463,27,phononTF,0.00121113,0.00112367,0.000810784,-0.0002625,1293.76,0.000382,1,0.000997984,0.0010007,0.0002625,1998.46
0,9148564,9,phononTS,0.000782662,7.4083e-07,-0.00207021,-0.0002625,1090.09,0.000382,1,3.36085e-06,-0.00199774,0.0002625,1928.5
0,9149714,10,phononTS,0.000991185,-0.000928312,-0.000404974,-0.000262498,2312.4,0.000382,1,-0.00100384,-0.000999967,0.0002625,2606.85
0,9151360,15,phononTS,0.00112647,1.24752e-05,-0.00059954,-0.0002625,915.527,0.000382,1,-0.00100278,-0.0010019,0.0002625,1807.28
0,9155578,3,phononTS,0.00401415,2.61804e-05,2.42277e-05,0.000259866,222.099,0.00191,1,-2.22482e-06,-3.89846e-06,0.0002625,656.81
0,9155690,14,phononTS,0.000757611,-0.0019981,-0.00199939,0.0002625,1200.78,0.00038515,1,-0.00368228,-0.000719325,-0.0002625,2792.1
0,9166744,20,phononL,0.000432972,0.00021873,0.00150532,-0.0002625,1095.1,0.000382,1,-8.20491e-07,0.00199685,0.0002625,1400.15
0,9166744,16,phononTF,0.0019819,0.0010027,0.00147097,0.000113591,582.7,6.79904e-05,1,0.00125962,0.00175973,-0.0002625,749.657
0,9166989,11,phononTS,0.00220187,-1.9454e-06,-4.9291e-06,0.000262498,671.645,0.000442551,1,0.000926129,-0.000413239,-0.0002625,1113.33
0,9167963,37,phononTS,0.00078088,0.000805316,-0.000925203,-0.000262498,1176.96,0.000382,1,0.00100152,-0.0010041,0.0002625,1374.16
0,9169022,8,phononTS,0.000423765,0.000542402,-0.00122641,-0.000262498,237.908,0.000382,1,-2.19909e-07,-3.51105e-06,0.0002625,779.68
0,9170123,10,phononTF,0.000574764,0.00199902,-0.00200484,0.0002625,638.196,0.000574764,1,0.0019516,-0.00204254,-0.0002625,953.877
0,9170968,2,phononTF,0.00377482,-2.77833e-05,-2.35289e-05,0.000117374,3.46995,0.001146,1,8.46729e-07,-1.28769e-06,0.0002625,1665.12
0,9173651,17,phononTF,0.000551344,0.000951431,-0.000932347,-0.000262498,457.913,0.000382,1,0.0010032,-0.000996775,0.0002625,616.612
0,9177904,11,phononTS,0.000503059,0.000718572,-0.000936807,-0.000262498,509.586,0.000382,1,-7.00389e-07,-0.00200225,0.0002625,998.528
0,9181346,14,phononTS,0.0013552,0.000670656,-0.00157418,-0.0002625,82.3849,0.000382,1,1.54391e-06,-0.00199721,0.0002625,714.824
0,9185161,20,phononTF,0.00213712,-4.69515e-05,-0.000546653,-0.000262498,496.232,0.000382,1,-0.00100159,-0.000998229,0.0002625,887.024
0,9185350,19,phononTS,0.000396792,2.56466e-06,-0.0019982,0.0002625,2113.19,0.000396792,1,-7.33786e-05,-0.00207294,-0.0002625,2462.56
0,9188245,16,phononTS,0.000712489,-2.51805e-06,1.01333e-06,0.000262498,1351.2,0.000712489,1,-9.0278e-05,7.42034e-05,-0.0002625,1505.63
0,9188245,4,phononTS,0.00101116,0.000668553,-0.000947588,0.000262498,529.376,0.000540448,1,0.00103651,-0.000430782,-0.0002625,862.226
0,9189613,16,phononTF,0.000890581,0.000667824,-0.00121152,-0.000262498,306.197,0.000382,1,0.000999519,-0.00100179,0.0002625,515.46
0,9189613,5,phononTS,0.00208094,0.005,0.000697858,0.000191786,115.03,0.0005416,1,0.0044145,0.000235895,-0.0002625,4800.25
0,9190826,26,phononTS,0.000541254,-0.00315584,-6.89308e-05,-0.0002625,3520.33,0.000382,1,-0.0030035,-0.0010007,0.0002625,4290.6
0,9194332,9,phononTF,0.000488052,0.000438648,-0.000378872,-0.0002625,599.591,0.000382,1,-1.97419e-06,2.36797e-06,0.0002625,1066.14
0,9195970,15,phononTS,0.000394768,-0.00100833,0.00191412,-0.000262498,1503.74,0.000382,1,-0.00100468,0.00100022,0.0002625,1892.93
0,9195970,3,phononTS,0.004928,0.000469538,-0.00119375,0.000104904,8.59777,0.00151897,1,0.00028284,-0.00120958,-0.0002625,282.773
0,9199991,5,phononTF,0.00107273,0.000230386,-0.000199069,-0.0002625,317.981,0.000382,1,1.28154e-06,1.81301e-06,0.0002625,680.075
0,9200353,14,phononTF,0.000861152,-0.00170889,-0.00223718,-0.000262498,1259.08,0.000382,1,-0.00200106,-0.00200228,0.0002625,1459.6
0,9203177,20,phononL,0.000396383,0.000695769,-8.84834e-06,-0.0002625,2867.83,0.000382,1,-2.10443e-06,-5.25084e-07,0.0002625,3188.02
0,9203534,4,phononTF,0.00318007,0.000728649,-0.00124118,-0.0002625,21.2646,0.001146,1,4.6331e-06,-0.00199758,0.0002625,538.545
0,9204662,17,phononTF,0.000512115,0.00115583,-0.000687087,-0.000262498,269.793,0.000382,1,-2.32779e-06,-0.00199586,0.0002625,824.157
0,9206766,3,phononTF,0.00353146,0.000959121,-0.00094871,7.98649e-05,114.402,0.000382,1,0.00100186,-0.00100185,0.0002625,634.247
0,9206766,4,phononTF,0.00270325,0.00100186,-0.00100185,0.000262498,634.247,0.00133792,1,0.00106313,-0.000929334,-0.0002625,794.216
0,9206929,14,phononTS,0.000993971,0.00105743,0.000944839,-0.000262498,1653,0.000764,1,0.00100089,0.00100281,0.0002625,1808.63
0,9206929,2,phononTF,0.00159011,0.000643374,-0.00115515,0.000262498,16.9666,0.000515331,1,0.000307721,-0.0014444,-0.0002625,229.934
0,9207615,5,phononTF,0.00136528,-2.57865e-05,-0.00213165,-0.0002625,6.99842,0.000382,1,-1.50875e-06,-0.00199607,0.0002625,586.544
0,9207615,9,phononTS,0.000953074,-1.50875e-06,-0.00199607,0.000262498,586.544,0.000953074,1,0.000810079,-0.00225373,-0.0002625,933.305
0,9207615,4,phononTF,0.00169141,0.000647393,-0.00114317,0.000262498,6.99842,0.000725777,1,0.000264474,-0.00150472,-0.0002625,229.009
0,9229028,13,phononTF,0.000604769,-0.0011701,-0.00112711,-0.0002625,1760.5,0.000382,1,-0.00100476,-0.000997113,0.0002625,2455.59
0,9231918,16,phononTS,0.00245977,0.00137467,-0.00206391,-0.0002625,838.19,0.000382,1,0.00200412,-0.00199677,0.0002625,1446.76
0,9235750,22,phononL,0.00192199,0.00124361,-0.00117927,-0.000262498,445.312,0.000764,1,0.00100037,-0.000999319,0.0002625,563.705
0,9237188,26,phononL,0.00103123,-0.000544878,0.000152912,-0.000262498,1846.71,0.000382,1,-7.46835e-09,2.89425e-06,0.0002625,1989.91
0,9237744,12,phononTF,0.00112773,0.000908498,-0.00108938,-0.0002625,136.029,0.000382,1,0.000996692,-0.000996903,0.0002625,783.147
0,9238809,5,phononTF,0.00382203,0.000969318,-0.00102446,0.000210432,478.827,0.000764,1,0.00099855,-0.00100087,0.0002625,497.892
0,9240466,3,phononTS,0.00805592,0.00100475,-0.00102872,0.00024008,8.12159,0.001146,1,0.00100214,-0.00100349,0.0002625,153.857
0,9241081,2,phononTS,0.00141027,0.000821426,-0.00207212,-0.0002625,9.4293,0.001146,1,0.000997703,-0.00300038,0.0002625,775.855
0,9242845,25,phononL,0.00304992,-4.11825e-05,-0.000837516,-0.000262498,1655.75,0.000764,1,1.5902e-09,3.29619e-06,0.0002625,1837.86
0,9248427,14,phononL,0.00117863,0.00105769,0.00077324,-0.000112867,3982.15,0.000382,1,0.00100024,0.00100466,0.0002625,4296.1
0,9248427,15,phononTS,0.000563566,0.00100024,0.00100466,0.000262498,4296.1,0.000563566,1,0.000988445,0.00102993,-0.0002625,4462.54
0,9249894,23,phononTS,0.000713832,0.000997689,-0.00121366,-0.000262498,241.055,0.000382,1,0.000995851,-0.000999538,0.0002625,448.761
0,9249894,2,phononTS,0.00289447,0.000641522,-0.00112818,0.000262498,8.18885,0.00155205,1,0.00050366,-0.00142005,-0.0002625,251.185
0,9252203,15,phononTS,0.000515455,0.000919635,-0.00106278,-0.000262498,275.796,0.000382,1,0.00100204,-0.0010026,0.0002625,431.7
0,9252830,19,phononTS,0.00082844,0.000928141,-0.00108232,-0.000262498,1280.09,0.000382,1,0.00099602,-0.00100383,0.0002625,1435.6
0,9253447,16,phononTS,0.000505118,-9.6939e-05,0.000825328,-0.0002625,1325.03,0.000382,1,-0.000997467,-0.00100397,0.0002625,2355.77
0,9254089,27,phononL,0.000490461,-4.02108e-06,-0.00199829,0.000262498,2504.36,0.000490461,1,-1.3111e-05,-0.00257812,-0.0002625,2648.47
0,9254732,17,phononTS,0.00053132,3.90447e-05,-0.00196214,-0.000262498,1098.13,0.000382,1,4.19345e-06,-0.00200081,0.0002625,1266.65
0,9254841,2,phononTS,0.00193507,-0.000202069,-0.00108425,-0.0002625,40.2133,0.000382,1,-0.000997922,-0.00100113,0.0002625,748.442
0,9255689,17,phononTS,0.000481217,0.000997294,-0.00100495,0.000262498,3872.48,0.000481217,1,0.000929849,-0.00120758,-0.0002625,4071.75
0,9256831,5,phononL,0.00337955,0.00107216,-0.00180206,-0.0002625,3659.41,0.001146,1,0.00199865,-0.00199716,0.0002625,4036.32
0,9264577,18,phononTF,0.000477978,-0.000715625,-0.00122991,-0.000262498,1274.96,0.000382,1,-0.00100294,-0.00100053,0.0002625,1465.19
0,9266313,5,phononTS,0.00101353,0.000820623,-0.00207607,-0.0002625,14.9772,0.000764,1,0.00100271,-0.00299687,0.0002625,776.702
0,9266313,4,phononTS,0.00150479,0.000638535,-0.00115528,0.000262498,14.9772,0.000534853,1,0.000698579,-0.00119639,-0.0002625,173.046
0,9270220,28,phononTF,0.000648852,0.000995302,-0.00100032,0.000262498,707.641,0.000648852,1,0.00143499,-0.000501271,-0.0002625,959.835
0,9274414,24,phononL,0.000858626,0.000136619,-0.00224327,-0.0002625,985.024,0.000382,1,-9.77991e-07,-0.00199782,0.0002625,1336.32
0,9275920,13,phononL,0.00126571,0.00028183,-0.000537511,-0.0002625,109.784,0.000382,1,5.63368e-08,-6.12945e-07,0.0002625,410.851
0,9277043,18,phononTS,0.00183211,0.000911686,-0.00266201,-0.000262498,1742.17,0.000382,1,0.000995807,-0.00300248,0.0002625,1971.36
0,9277097,19,phononTF,0.000941451,-0.0020797,-0.00192762,-0.000262498,2146.96,0.000382,1,-0.00199532,-0.00199527,0.0002625,2306.99
0,9288253,5,phononTS,0.000561785,0.000362919,0.00043568,-0.0002625,68.978,0.000382,1,1.1234e-06,0.00199571,0.0002625,1297.24
0,9288253,4,phononTF,0.00147383,0.000724712,-0.00112434,0.000262498,68.978,0.000618431,1,0.00107036,-0.00158333,-0.0002625,315.987
0,9289728,13,phononTS,0.00265896,-1.39723e-05,-0.00169395,-6.53259e-06,109.114,0.000382,1,4.83421e-06,-0.00199621,0.0002625,929.334
0,9291775,36,phononTS,0.000519549,-4.58511e-05,-0.00202822,-0.000262498,1190.82,0.000382,1,-3.77282e-06,-0.0019953,0.0002625,1360.53
0,9292134,12,phononTF,0.000407043,-4.9838e-06,-0.00200126,0.000262498,3152.85,0.000407043,1,0.00156056,-0.000492312,-0.0002625,3820.75
0,9292392,22,phononTS,0.00083272,0.000291465,-0.0019923,-0.0002625,627.291,0.000382,1,2.6267e-06,-0.00200112,0.0002625,1346.31
0,9294708,20,phononTS,0.000382006,0.000897249,0.00122285,-0.0002625,1029.32,0.000382,1,0.0019997,0.00199949,0.0002625,2042.31
0,9297408,26,phononTS,0.000777729,4.92928e-06,-0.00199978,0.0002625,345.979,0.000549459,1,-7.85943e-05,-0.002939,-0.0002625,1152.73
0,9298690,13,phononL,0.0019727,-0.000357555,-0.000612437,-0.0002625,809.394,0.000382,1,-2.93759e-06,-3.27124e-06,0.0002625,1095.21
0,9298690,14,phononTF,0.0012642,-2.93759e-06,-3.27124e-06,0.000262498,1095.21,0.000685178,1,-7.17207e-05,7.15101e-05,-0.0002625,1255.46
0,9301089,10,phononTF,0.000648165,0.000867889,-0.0011223,-0.0002625,416.564,0.000382,1,0.00100113,-0.000999698,0.0002625,748.282
0,9304016,11,phononTF,0.00281838,0.00157171,-0.00350633,-0.000142801,765.971,0.000382,1,0.000995442,-0.00299754,0.0002625,1060.93
0,9307180,9,phononTF,0.000472144,-0.00151765,0.000404164,-0.0002625,639.281,0.000382,1,-0.00200021,1.27935e-07,0.0002625,1646.02
0,9312196,13,phononTS,0.000403847,6.82029e-05,-0.0020548,-0.0002625,1518.64,0.000382,1,-9.5342e-07,-0.00200223,0.0002625,1910.28
0,9318519,2,phononTS,0.00206924,0.00199899,1.07012e-06,0.0002625,4.48772,0.00172588,1,0.00194611,-1.8042e-05,-0.0002625,914.687
0,9318949,19,phononTS,0.000509363,0.00204263,-0.00224129,-0.000262498,2288.29,0.000382,1,0.00199758,-0.00200081,0.0002625,2507.11
0,9321357,14,phononTF,0.000485096,0.00193632,-0.0020411,-0.0002625,2858.18,0.000382,1,0.00199803,-0.00200224,0.0002625,3176.15
0,9321357,9,phononTS,0.000891386,0.000632622,-0.00112464,0.000262498,3.93121,0.000268922,1,0.000650099,-0.00120004,-0.0002625,159.172
0,9330025,30,phononTF,0.000808955,0.000255853,-0.000115823,-0.0002625,904.966,0.000382,1,-2.52635e-06,2.2029e-06,0.0002625,1284.53
0,9331525,8,phononTF,0.000531863,0.000446228,-0.000475937,-0.0002625,339.707,0.000382,1,1.8557e-06,2.91973e-06,0.0002625,843.516
0,9331525,4,phononTF,0.000545983,0.000622088,-0.00112117,0.000262498,6.26691,0.000545983,1,0.000932337,-0.0014208,-0.0002625,209.208
0,9340299,11,phononTF,0.000993466,-0.000747033,-0.00141918,-0.0002625,365.231,0.000382,1,-0.00200359,-0.00200292,0.0002625,1332.82
0,9344803,7,phononTS,0.000388884,0.000894085,-0.00234583,-0.0002625,193.472,0.000382,1,0.00100172,-0.0030016,0.0002625,1125.55
0,9345192,17,phononTS,0.000510531,0.00100026,-0.00299786,0.000262498,1624.38,0.000510531,1,0.00178229,-0.00300991,-0.0002625,1974.8
0,9346782,20,phononTS,0.00047316,-1.54777e-06,0.00199752,0.0002625,1844.21,0.00047316,1,5.87116e-05,0.00198696,-0.0002625,2333.36
0,9348128,17,phononTS,0.000388156,1.49274e-05,-0.000387428,-0.0002625,980.425,0.000382,1,3.14491e-06,4.54546e-06,0.0002625,1465.5
0,9349793,3,phononTS,0.00353781,0.000598681,-0.00115213,0.000221568,30.4039,0.000764,1,0.000996202,-0.000996534,0.0002625,196.009
0,9349860,6,phononTF,0.000777716,5.71255e-05,-0.00195549,-0.000262498,1860.18,0.000382,1,-4.5711e-06,-0.00199957,0.0002625,2019.21
0,9357687,10,phononTS,0.00108423,0.000767795,-0.000976595,-0.0002625,1142.27,0.000382,1,0.00099802,-0.00100013,0.0002625,1552.96
0,9361949,23,phononL,0.000419185,-0.000559969,-0.000727269,-0.000262498,561.184,0.000382,1,-0.00100251,-0.00100075,0.0002625,700.213
0,9365600,15,phononTS,0.000755812,-0.00103051,0.00105709,-0.0002625,3727.32,0.000382,1,-0.000998154,0.000995694,0.0002625,4196.38
0,9383265,2,phononTS,0.00484749,0.000977326,-0.000938206,0.000197056,184.009,0.000764,1,0.000998797,-0.000998603,0.0002625,626.63
0,9383265,19,phononTF,0.00354787,0.003013,-0.00115627,-0.000139906,626.63,0.00228327,1,0.00316138,-0.000991424,-0.0002625,1797.9
0,9387261,15,phononTF,0.00301186,0.000127571,-0.00190079,-0.0002625,2233.22,0.001146,1,1.17022e-06,-0.00199975,0.0002625,2564.68
0,9388076,10,phononL,0.000696696,-0.000602013,-0.00108368,-0.0002625,420.698,0.000382,1,-0.00100474,-0.00100421,0.0002625,925.294
0,9399225,5,phononTF,0.00136943,0.00137857,-0.00142785,-0.0002625,99.6537,0.000382,1,0.00100063,-0.000996658,0.0002625,576.553
0,9401453,24,phononTS,0.000754467,-2.88394e-06,-0.00200365,0.000262498,2289.42,0.000754467,1,-3.71244e-06,-0.00199037,-0.0002625,2458.63
0,9408384,24,phononTS,0.000498845,-1.22198e-05,-0.000904888,-0.0002625,1406.99,0.000382,1,0.00100009,-0.000997737,0.0002625,1992.22
0,9409010,3,phononTF,0.00633367,0.000938208,-0.000945371,0.000203823,156.971,0.001146,1,0.000997368,-0.000996444,0.0002625,2409.28
0,9413256,9,phononTS,0.000856969,0.00235023,0.00121801,-0.0002625,19.7473,0.000382,1,0.000999509,0.001004,0.0002625,3384.76
0,9427414,12,phononTS,0.000391874,0.00195561,-0.0019232,-0.0002625,1275.73,0.000382,1,0.00200136,-0.00199916,0.0002625,1701.3
0,9430894,23,phononTF,0.00122718,0.000889061,-0.00106206,-0.0002625,226.632,0.000382,1,0.00100456,-0.00100295,0.0002625,718.797
0,9430894,24,phononTS,0.000444445,0.00100456,-0.00100295,0.000262498,718.797,0.000444445,1,-0.00196028,0.00458716,-0.0002625,2873.28
0,9432976,14,phononTS,0.000486659,0.000924213,-0.00103174,-0.000262498,530.35,0.000382,1,0.000999391,-0.00100483,0.0002625,685.58
0,9433904,10,phononTS,0.000824596,0.00100178,-0.00100043,0.0002625,294.811,0.000510505,1,0.000784486,-0.00140292,-0.0002625,855.136
0,9437780,27,phononTF,0.000915038,0.00118781,-0.00118456,-0.000262498,573.338,0.000382,1,0.000997871,-0.00100102,0.0002625,751.199
0,9443367,21,phononTS,0.000616879,0.00107426,-0.00012598,-0.0002625,1749.49,0.000382,1,0.00199572,3.8373e-06,0.0002625,2542.63
0,9445026,21,phononTF,0.000912462,0.00134008,-0.00259218,-0.0002625,561.761,0.000382,1,0.00100005,-0.00300454,0.0002625,1030.76
0,9445725,9,phononTF,0.000871739,0.000670895,-0.00135981,-0.0002625,322.94,0.000382,1,0.0010015,-0.000996965,0.0002625,717.803
0,9446976,4,phononTS,0.000710067,0.000825718,-0.00105645,-0.0002625,19.827,0.000382,1,0.00100337,-0.000996475,0.0002625,407.538
0,9455835,24,phononTF,0.000402826,0.00100184,0.000995496,0.000262498,1504.29,0.000402826,1,0.0012078,0.00118012,-0.0002625,1682.18
0,9462347,12,phononTS,0.0011654,0.00099715,-0.00100411,0.000262498,1588.96,0.000258939,1,0.000253096,-0.000763213,-0.0002625,1934.84
0,9463127,15,phononTS,0.00137171,-0.000624817,-0.00128359,-0.0002625,1497.39,0.000382,1,-0.000998431,-0.00100039,0.0002625,2068.24
0,9463186,11,phononTS,0.00399052,0.000999704,-0.00100721,0.000247704,582.109,0.001528,1,0.000999242,-0.00100478,0.0002625,888.565
0,9464865,13,phononTS,0.000449147,0.00138214,-0.000537023,-0.0002625,865.806,0.000382,1,0.000997921,-0.00100183,0.0002625,1514.59
0,9469924,13,phononTS,0.00103081,0.000277715,-0.000233101,-0.000262498,653.702,0.000382,1,0.00100119,-0.000997086,0.0002625,1114.35
0,9470390,15,phononTF,0.000996126,0.00134848,-0.000727921,-0.000262498,680.984,0.000382,1,0.000995693,-0.000998932,0.0002625,897.444
0,9471934,2,phononTS,0.00624313,0.000888275,-0.00107322,0.000219024,502.448,0.001528,1,0.000999497,-0.0010046,0.0002625,632.174
0,9471934,27,phononTS,0.000453209,0.000999497,-0.0010046,0.000262498,632.174,0.000453209,1,0.00245509,0.000913365,-0.0002625,1521.5
0,9472413,6,phononTS,0.00149134,-1.77907e-06,-4.72051e-06,0.000262498,876.74,0.000634958,1,-7.34061e-05,1.44304e-06,-0.0002625,1038.79
0,9474220,17,phononTS,0.00045517,2.65267e-06,-3.55353e-06,0.000262498,1221.06,0.00045517,1,-0.000459818,-6.49646e-06,-0.0002625,1487.08
0,9474248,13,phononTF,0.000602113,0.000408853,-0.00245477,-0.0002625,623.226,0.000382,1,2.73951e-06,-0.00199691,0.0002625,1909.24
0,9482455,12,phononTS,0.00217618,0.00125182,-0.00100644,-0.0002625,328.108,0.000764,1,0.00100118,-0.000996528,0.0002625,821.782
0,9487970,21,phononTS,0.000428397,0.000710006,0.00092619,-0.0002625,5521.93,0.000382,1,0.00099545,0.00100267,0.0002625,5944.26
0,9489145,42,phononTS,0.000788799,0.00110898,-0.000708363,-0.0002625,868.959,0.000382,1,0.00199621,-4.4678e-06,0.0002625,1838.77
0,9490682,13,phononTF,0.000616694,0.00181264,-0.000231259,-0.000262498,1250.39,0.000382,1,0.0019995,2.86563e-06,0.0002625,1430.12
0,9491072,11,phononTF,0.000430647,0.000997358,-0.00100079,0.0002625,206.777,0.000430647,1,0.000951266,-0.000955968,-0.0002625,523.11
0,9497664,23,phononTS,0.000582997,-0.000619314,0.000352985,-0.0002625,658.632,0.000382,1,-0.000995306,0.000997183,0.0002625,2115.6
0,9506074,7,phononTS,0.000592156,-4.55229e-06,0.00199705,0.0002625,1722.36,0.000592156,1,-3.03671e-05,0.00192387,-0.0002625,2042.64
0,9507034,3,phononTS,0.0044903,0.000991557,-0.000997148,0.000155291,6.36595,0.000764,1,0.00100248,-0.00100219,0.0002625,186.718
0,9513498,23,phononTS,0.000624407,0.00119343,0.000308669,-0.000262498,914.898,0.000382,1,0.00100375,0.00100487,0.0002625,1242.09
0,9523247,2,phononTS,0.000689414,0.00132067,0.000429179,-0.0002625,60.8991,0.000382,1,0.00200444,0.00200186,0.0002625,1380.58
0,9525425,2,phononTF,0.00543196,0.000810115,-0.00110317,-1.2464e-05,29.3588,0.000515145,1,0.000462033,-0.000767986,-0.0002625,828.365
0,9526019,9,phononTS,0.00261863,0.0019393,-0.000286392,-0.0002625,697.257,0.001146,1,0.00200252,2.24317e-06,0.0002625,1134.06
0,9526019,10,phononTS,0.000933762,-0.005,-0.00418062,-0.000141179,1134.06,0.000933762,1,-0.00454203,-0.00371202,-0.0002625,4052.7
0,9526036,4,phononTF,0.00155335,0.000296252,-0.00163871,-0.0002625,466.75,0.000764,1,-8.37849e-08,-0.00200328,0.0002625,884.526
0,9526036,2,phononTS,0.00485957,0.000788822,-0.00141375,-0.000255332,420.911,0.00115162,1,0.000786771,-0.00142541,-0.0002625,781.399
0,9526144,4,phononTF,0.0013791,0.00138808,0.000551191,-0.0002625,340.34,0.000764,1,0.00200263,0.00200406,0.0002625,1425.19
0,9527135,7,phononL,0.00174847,0.000339249,-0.000823445,-0.000262498,260.965,0.000764,1,0.000997861,-0.000998175,0.0002625,420.341
0,9527993,29,phononTF,0.00123832,-0.00150328,-0.00107216,-0.000262498,1124.75,0.000382,1,-0.00199798,-4.78737e-06,0.0002625,1549.75
0,9532685,12,phononTS,0.000502223,-0.000823978,-0.005,-0.000240765,3452.58,0.000502223,1,-0.000745109,-0.00492073,-0.0002625,5308.37
0,9533867,16,phononTF,0.00052745,0.00112222,-0.000841518,-0.0002625,1209.67,0.000382,1,0.000997888,-0.00100073,0.0002625,1544.74
0,9535355,5,phononL,0.000676575,0.00250626,0.000743483,-0.0002625,470.609,0.000382,1,0.00300405,0.00100172,0.0002625,758.664
0,9536066,26,phononTF,0.000771789,0.0008975,-0.00025916,-0.0002625,3118.35,0.000382,1,0.000997761,-0.00299803,0.0002625,4222.53
0,9537998,3,phononTS,0.00361705,0.00103356,-0.00103686,0.000233835,8.89794,0.000764,1,0.000999836,-0.00100072,0.0002625,156.028
0,9538133,21,phononTF,0.00044631,-0.0014838,-0.00108128,-0.0002625,2544.59,0.000382,1,-0.00199547,-4.58203e-06,0.0002625,4258.09
0,9542357,9,phononTF,0.000396279,-0.0014985,0.0014259,-0.000262498,1188.79,0.000382,1,-0.000998133,0.00100423,0.0002625,1437.66
0,9550641,7,phononTS,0.00104721,0.00077392,-0.00109069,-0.0002625,464.64,0.000382,1,0.000995034,-0.00099681,0.0002625,907.834
0,9556173,9,phononTS,0.000505146,0.00107828,-0.00283823,-0.000262498,1787.1,0.000382,1,0.000995702,-0.00299719,0.0002625,1976.55
0,9558297,22,phononTF,0.000444288,0.00071967,-0.001222,-0.000262498,420.134,0.000382,1,0.00100261,-0.000995567,0.0002625,609.521
0,9565812,7,phononTS,0.000797342,0.000816413,-0.00131077,-0.0002625,712.661,0.000382,1,0.00100105,-0.00100361,0.0002625,1220.32
0,9566202,10,phononTF,0.00435373,0.000590163,-0.00134192,-0.000131848,175.402,0.000764,1,0.000997588,-0.000995916,0.0002625,1104.51
0,9569805,16,phononTS,0.000888524,0.0010019,-0.000997799,0.0002625,140.813,0.000417411,1,0.00152388,-0.000991266,-0.0002625,668.83
0,9574967,10,phononTS,0.000694844,0.000996996,-0.00100329,0.000262498,557.473,0.000694844,1,0.0010792,-0.00105923,-0.0002625,734.693
0,9574967,4,phononTS,0.00159473,0.000280552,-0.000826421,0.000262498,311.915,0.00113145,1,0.000239437,-0.00165053,-0.0002625,672.088
0,9576202,12,phononTS,0.000460338,0.00103446,-0.00287803,-0.0002625,1562.51,0.000382,1,0.000995309,-0.00300002,0.0002625,2493.17
0,9582539,8,phononTF,0.000658183,0.000900084,-0.000875155,-0.0002625,23.2837,0.000382,1,0.00100338,-0.000996466,0.0002625,377.654
0,9584713,10,phononTS,0.000767656,0.000951482,-0.00132007,-0.000262498,2717.39,0.000382,1,0.000999867,-0.000999696,0.0002625,2944.24
0,9589472,30,phononTF,0.000457079,-0.00104189,-0.00133663,-0.0002625,1199.4,0.000382,1,-0.00100353,-0.000998923,0.0002625,1566.07
0,9593842,26,phononL,0.000711632,-9.49063e-07,8.32404e-07,0.0002625,753.971,0.000711632,1,-0.00150211,0.000334161,-0.0002625,1371.38
0,9594939,6,phononTF,0.00119252,0.000744272,-0.000864196,-0.0002625,91.1643,0.000764,1,4.5225e-07,-4.51532e-07,0.0002625,638.194
0,9595869,6,phononTF,0.000544428,-0.000143244,-7.81924e-05,-0.0002625,575.886,0.000382,1,3.93932e-06,-4.81721e-06,0.0002625,912.613
0,9596684,15,phononTS,0.00143362,0.000875865,-0.00010651,-0.0002625,375.6,0.000382,1,0.00100456,0.000997735,0.0002625,1328.96
0,9596786,26,phononTF,0.000524189,0.00181484,0.000240041,-0.000262498,1005.41,0.000382,1,0.00200179,3.49914e-06,0.0002625,1185.3
0,9597086,12,phononTS,0.00053122,0.000379514,-0.00289746,-0.0002625,1375.3,0.000382,1,0.000998356,-0.00300122,0.0002625,2400.8
0,9597432,6,phononTS,0.000532995,0.000820137,-0.0020644,-0.0002625,7.12983,0.000382,1,0.000999523,-0.00300151,0.0002625,832.781
0,9597432,5,phononTF,0.00258139,0.000640751,-0.0011273,0.000262498,7.12983,0.000604163,1,0.000798718,-0.00125455,-0.0002625,174.933
0,9599804,2,phononL,0.00548717,0.00103837,-0.000926491,0.000101367,244.73,0.000382,1,0.000997448,-0.00100004,0.0002625,969.869
0,9601900,14,phononTF,0.00150497,0.000996894,-0.00100243,0.000262498,664.1,0.00150497,1,0.00122324,-0.000822385,-0.0002625,842.336
0,9602113,12,phononTF,0.000599064,-5.59187e-05,-0.00213271,-0.0002625,1505.41,0.000382,1,0.00099732,-0.00100393,0.0002625,2499.99
0,9602113,2,phononL,0.00585718,0.000124056,-0.0012659,-0.000113609,918.9,0.00135681,1,0.00027366,-0.00117415,-0.0002625,1481.85
0,9604052,27,phononTF,0.000673146,0.0015425,0.00149852,-0.000262498,2457.15,0.000382,1,0.000997325,0.000999718,0.0002625,2727.42
0,9606993,20,phononTF,0.000547536,-0.00177815,-0.005,-0.000244556,5028.68,0.000547536,1,-0.00179746,-0.00497955,-0.0002625,10722.3
0,9608552,3,phononTS,0.000900656,0.000822569,-0.00107041,-0.0002625,23.2738,0.000382,1,0.000997851,-0.000999249,0.0002625,441.808
0,9616931,6,phononTF,0.00151894,-3.91638e-06,-0.0019964,0.0002625,417.454,0.000771093,1,-0.000151667,-0.00218445,-0.0002625,1104.17
0,9618889,34,phononTF,0.000444148,0.00234967,-0.005,-0.000194861,1889.35,0.000444148,1,0.00225105,-0.00491271,-0.0002625,3589.52
0,9622679,3,phononTF,0.0054291,0.00101775,-0.00101395,0.000240715,54.0493,0.00191,1,0.00100449,-0.00100253,0.0002625,189.274
0,9623489,2,phononTF,0.00499321,0.000952838,-0.00104362,0.000209353,2.05324,0.001146,1,0.00100074,-0.00100229,0.0002625,188.563
0,9624030,31,phononTF,0.000582813,0.000599475,0.00139315,-0.0002625,2284.98,0.000382,1,-1.70601e-06,0.00199984,0.0002625,2765.98
0,9625999,25,phononTF,0.000433266,0.000658733,-0.000963748,-0.000262498,781.658,0.000382,1,0.00100223,-0.000997771,0.0002625,991.796
0,9625999,2,phononTS,0.0011607,0.00064849,-0.00104474,0.000262498,620.398,0.000594901,1,0.000714029,-0.00090079,-0.0002625,808.028
0,9627784,21,phononTF,0.000695288,-0.00117675,-0.00118835,-0.000262498,2516.53,0.000382,1,-0.000998356,-0.00100122,0.0002625,2691.32
0,9628333,20,phononTF,0.000736601,-3.43315e-05,-0.00189358,-0.0002625,1688.75,0.000382,1,-1.59477e-06,-0.00199832,0.0002625,2014.01
0,9629781,22,phononTF,0.00139754,-0.000953104,0.000974776,-9.28334e-05,402.339,0.000764,1,0.0019987,0.00200336,0.0002625,2331.51
0,9631944,31,phononTF,0.00073794,0.00139817,-0.00133574,-0.0002625,459.809,0.000382,1,0.00199799,-0.00199711,0.0002625,1077.01
0,9645361,2,phononTF,0.000550464,-0.000637029,0.000505992,-0.0002625,63.3301,0.000382,1,-0.00200031,0.00199783,0.0002625,1325.29
0,9646244,12,phononTS,0.000565329,0.00181905,0.000965171,-0.0002625,2706.72,0.000382,1,0.00100358,0.0010018,0.0002625,3413.25
0,9667031,4,phononTF,0.00205395,0.00129559,-0.00052983,-0.000262498,368.319,0.000382,1,0.000995002,-0.00100205,0.0002625,617.365
0,9668633,3,phononTS,0.00368186,0.00199131,-0.00193285,0.000194531,364.999,0.000764,1,0.00200174,-0.00199697,0.0002625,1963.39
0,9668633,4,phononTS,0.00185491,0.00200174,-0.00199697,0.000262498,1963.39,0.00148436,1,0.00200205,-0.00206056,-0.0002625,2143.41
0,9669446,16,phononTS,0.0015232,0.000210664,-0.00106986,-0.000262498,746.779,0.000382,1,3.04255e-06,-0.00200158,0.0002625,1161.44
0,9670643,11,phononTS,0.000407498,0.000999946,-0.000995024,0.000262498,485.833,0.000407498,1,0.00149959,-0.000923879,-0.0002625,754.57
0,9671507,2,phononTF,0.00388919,0.000515689,-0.00167057,-0.000111689,130.182,0.000382,1,-1.17346e-06,-0.00199647,0.0002625,817.712
0,9671507,33,phononTF,0.00038821,-1.17346e-06,-0.00199647,0.000262498,817.712,0.00038821,1,-0.00015127,-0.00216362,-0.0002625,988.194
0,9674732,6,phononTS,0.000750748,0.000807325,-0.00107559,-0.0002625,38.2975,0.000382,1,0.000995314,-0.00100225,0.0002625,429.981
0,9680399,26,phononTS,0.00041643,7.77678e-05,-0.00192023,-0.0002625,308.894,0.000382,1,4.2654e-06,-0.00199612,0.0002625,885.682
0,9682492,8,phononTS,0.00106724,0.00100453,-0.00299885,0.0002625,350.914,0.00101155,1,0.00108667,-0.0032235,-0.0002625,1538.69
0,9683714,25,phononTS,0.000569388,0.000257461,-0.000249522,-0.000262498,424.09,0.000382,1,-0.0009977,-0.00100452,0.0002625,978.998
0,9683740,7,phononTS,0.000593668,-0.00226953,0.00183307,-0.000262498,3220.56,0.000382,1,-0.00199931,0.00200251,0.0002625,3464.14
0,9684687,13,phononTF,0.00158884,0.002,4.1084e-06,0.0002625,615.209,0.000806034,1,0.00216162,0.0001962,-0.0002625,952.022
0,9689918,7,phononTS,0.00161049,0.000913606,-0.0010411,-0.0002625,12.6003,0.000764,1,0.00100395,-0.00100493,0.0002625,643.885
0,9692623,19,phononTS,0.000496465,3.79505e-05,-0.00133585,-0.000262498,157.25,0.000382,1,-0.000996275,0.000999808,0.0002625,1081.91
0,9694261,18,phononTS,0.000682488,0.000219858,-0.00124613,-0.000262498,525.767,0.000382,1,-4.09128e-06,-3.82872e-06,0.0002625,1029.69
0,9695554,5,phononTF,0.00268388,0.00114775,-0.000339391,-0.000207127,145.303,0.000788542,1,0.00115872,-0.00034936,-0.0002625,911.166
0,9698467,23,phononTS,0.000554106,0.000738785,-0.00102963,-0.000262498,374.287,0.000382,1,0.00099705,-0.000999039,0.0002625,588.553
0,9698467,19,phononL,0.00157661,0.00058819,-0.00110887,0.000262498,186.294,0.00056678,1,0.000472154,-0.00154414,-0.0002625,316.307
0,9698789,37,phononTF,0.000668548,-0.000512128,-0.000895651,-0.0002625,1765.59,0.000382,1,2.98813e-06,-3.3912e-06,0.0002625,2892.22
0,9699155,18,phononL,0.000605739,0.000169245,-0.00061405,-0.0002625,1650.22,0.000382,1,-3.4383e-06,4.05414e-06,0.0002625,1957.62
0,9705715,27,phononTS,0.00057795,0.000315392,-4.05446e-05,-0.0002625,1615.63,0.000382,1,0.00100115,0.00100084,0.0002625,2571.43
0,9706310,27,phononTS,0.000549913,-0.00030961,-0.000447639,-0.000262498,599.353,0.000382,1,0.0010047,0.000995013,0.0002625,1273.24
0,9711559,6,phononTS,0.000655451,0.000912153,-0.00103786,-0.0002625,78.6654,0.000382,1,0.000995335,-0.000995137,0.0002625,772.549
0,9721004,5,phononTF,0.00210606,0.000202091,-0.00174446,-0.0002625,54.6905,0.000764,1,1.02954e-06,-0.00199816,0.0002625,770.072
0,9721613,14,phononTS,0.000704862,0.00110817,-0.000866457,-0.0002625,1048.81,0.000382,1,1.41386e-06,-0.00199833,0.0002625,1945.87
0,9723131,13,phononTS,0.000427101,0.000823728,-0.000507408,-0.000262498,1340.73,0.000382,1,0.000997608,-0.00100468,0.0002625,1636.39
0,9728862,20,phononTF,0.000728586,-0.00248989,-0.000439288,-0.000262498,2053.87,0.000382,1,-0.00200079,-9.78766e-07,0.0002625,2313.8
0,9732527,12,phononTS,0.000547736,0.000753927,-0.00176583,-0.000262498,841.858,0.000382,1,3.04599e-06,-0.00199653,0.0002625,1189.36
0,9732711,24,phononTF,0.00356986,0.000769155,-0.00124075,-0.000262498,643.062,0.000382,1,0.0010006,-0.00100399,0.0002625,830.714
0,9734565,19,phononTF,0.00128549,0.000685247,-0.0007923,-0.000262498,1425.33,0.000764,1,-3.91772e-06,0.00199621,0.0002625,2365.89
0,9737461,3,phononTF,0.00691579,0.000962793,-0.00104255,0.000229694,117.721,0.00191,1,0.000999937,-0.00100297,0.0002625,197.154
0,9739595,13,phononTF,0.00044505,-0.000543805,-0.000615916,-0.0002625,313.036,0.000382,1,-0.00100174,-0.000999736,0.0002625,785.066
0,9744650,6,phononTS,0.00191939,-0.000215586,-0.00116464,-0.0002625,1064.13,0.000764,1,-4.15956e-06,-0.00199578,0.0002625,1571.51
0,9745951,31,phononTS,0.000597717,-0.000996729,0.000999931,0.000262498,4736.64,0.000597717,1,-0.00133954,0.00107241,-0.0002625,4981.58
0,9746868,29,phononTS,0.000589056,-0.00199909,-0.00199527,0.000262498,2298.39,0.000589056,1,-0.00266915,-0.00315495,-0.0002625,2844.61
0,9751684,12,phononTF,0.00318393,0.00276072,-0.000362215,0.000251061,170.698,0.00110752,1,0.00131018,-0.00119887,-0.0002625,1450.6
0,9752819,43,phononTS,0.000394079,-3.09653e-06,-0.00200312,0.000262498,1718.22,0.000394079,1,-0.00233945,-0.00458906,-0.0002625,2833.07
0,9753215,4,phononTF,0.00177372,0.000892151,-0.00110425,-0.0002625,214.027,0.000382,1,0.000995138,-0.00100229,0.0002625,540.652
0,9753215,21,phononTS,0.0010144,0.000995138,-0.00100229,0.000262498,540.652,0.000706702,1,0.00106079,-0.000929012,-0.0002625,715.57
0,9753215,2,phononTF,0.0015292,0.000671204,-0.00110816,0.000207711,36.7746,0.0015292,1,0.000345641,-0.00134021,-0.0002625,232.712
0,9754396,16,phononTS,0.00056101,0.000909886,1.83799e-05,-0.0002625,1726.68,0.000382,1,0.000998733,0.00100136,0.0002625,2559.54
0,9754396,2,phononTF,0.0019784,0.000629382,-0.00114045,0.000262498,11.5631,0.000622153,1,-0.00016229,-0.000489521,-0.0002625,368.984
0,9756882,12,phononTS,0.000643719,0.00100428,0.000998008,0.0002625,835.125,0.000643719,1,0.00205523,0.00128719,-0.0002625,1751.36
0,9759051,20,phononTS,0.000388036,-0.00118484,-0.000804689,-0.000262498,1648.44,0.000382,1,-5.566e-08,0.00199921,0.0002625,2733.76
0,9759051,17,phononTS,0.00102302,0.00125052,-0.000762857,0.000262498,752.468,0.000476574,1,0.00119995,-0.000687283,-0.0002625,907.463
0,9766361,12,phononTS,0.00046431,-0.00130812,-0.00187501,-0.0002625,2902.08,0.000382,1,-0.000996633,-0.00099679,0.0002625,3695.53
0,9773028,7,phononTF,0.00349968,0.000997375,-0.00100726,0.000231743,74.6984,0.001528,1,0.00100261,-0.000997638,0.0002625,246.549
0,9775746,26,phononTS,0.00052455,5.84001e-05,-0.00252064,-0.000262498,1151.63,0.000382,1,0.00299517,0.00099958,0.0002625,2580.89
0,9779869,19,phononTF,0.000460881,0.00114299,0.00100573,-0.0002625,3759.5,0.000382,1,-0.00100386,-0.00100356,0.0002625,5554.84
0,9782453,5,phononTF,0.00247836,0.000295365,0.000242282,-0.0002625,10.6607,0.000382,1,2.40135e-06,-9.96368e-07,0.0002625,1243.67
0,9782453,9,phononL,0.00119059,2.40135e-06,-9.96368e-07,0.000262498,1243.67,0.00090353,1,-0.000313448,-0.00230492,-0.0002625,1695.11
0,9784220,14,phononTF,0.00053765,0.00213388,-2.21841e-05,-0.0002625,949.476,0.000382,1,0.00199857,-2.96268e-06,0.0002625,1281.98
0,9784220,6,phononTF,0.000522706,0.000631843,-0.0011259,0.000262498,2.34255,0.000522706,1,0.000689089,-0.001059,-0.0002625,161.389
0,9786957,16,phononTS,0.000624288,9.82789e-05,-0.000617965,-0.0002625,673.746,0.000382,1,2.65662e-06,3.73097e-07,0.0002625,1306.14
0,9787341,16,phononTF,0.000622154,0.00220739,-0.00222057,-0.000262498,2431.22,0.000382,1,0.0019999,-0.00199844,0.0002625,2612.37
0,9787341,2,phononTS,0.00494677,0.000346729,0.000428827,-0.000213697,15.2245,0.00159532,1,0.000345045,0.000421212,-0.0002625,1994.83
0,9791964,35,phononTF,0.000624491,0.00480507,0.000493439,-0.0002625,6967.91,0.000382,1,0.00299833,0.00100205,0.0002625,9570.73
0,9796814,14,phononTS,0.00040093,0.00169687,-0.00211785,-0.0002625,1392.6,0.000382,1,0.000995171,-0.0010037,0.0002625,2473.01
0,9799483,3,phononTS,0.00508247,0.000987191,-0.000981191,0.000253353,171.192,0.001528,1,0.00100488,-0.000997124,0.0002625,603.856
0,9799967,16,phononTF,0.00084664,-0.00160131,0.002357,-0.0002625,1298.6,0.000382,1,-0.00199713,0.00199602,0.0002625,2267.62
0,9799967,2,phononTS,0.00249177,0.000632723,-0.0011269,0.000262498,1.37245,0.00116307,1,0.000557162,-0.00105077,-0.0002625,175.904
0,9800646,5,phononTS,0.00377351,0.000386856,-0.000923551,-7.0522e-05,649.163,0.000567672,1,8.8016e-05,-0.00096629,-0.0002625,1068.11
0,9805142,3,phononTS,0.00394558,-0.000948165,-0.000544425,8.05953e-07,202.86,0.000382,1,-0.000997004,-0.000995639,0.0002625,1548.33
0,9806042,10,phononTF,0.000480742,0.000784745,-0.00101373,-0.000262498,188.89,0.000382,1,0.00100222,-0.000999343,0.0002625,368.986
0,9807677,3,phononTS,0.000549963,1.31494e-06,-1.68338e-06,0.0002625,33.2959,0.000549963,1,-0.000326602,0.000548156,-0.0002625,1032.96
0,9809788,6,phononTF,0.000396114,0.00164648,-0.000280893,-0.0002625,159.501,0.000382,1,0.00199638,4.79689e-06,0.0002625,981.603
0,9812025,25,phononTS,0.000737532,0.00265376,-0.00048591,-0.000262498,3563.47,0.000382,1,0.00300052,0.000995687,0.0002625,4190.95
0,9812039,26,phononTS,0.000478451,-0.00199581,-1.24069e-06,0.000262498,1335.77,0.000478451,1,-0.00196596,-0.000786989,-0.0002625,1690.76
0,9812039,2,phononTF,0.00140487,0.000623435,-0.0011308,0.000262498,11.1661,0.000787054,1,0.000999442,-0.000822245,-0.0002625,223.466
0,9814967,6,phononTF,0.000641417,-0.000995361,0.00100383,0.0002625,1464.94,0.000641417,1,-0.00175782,0.00183487,-0.0002625,2223.93
0,9815502,7,phononTS,0.000879414,0.00196604,-0.00185666,-0.0002625,1091.32,0.000382,1,0.000997555,-0.00300261,0.0002625,2262.74
0,9816584,4,phononTF,0.00172693,0.000429817,-0.00135908,-0.0002625,20.2586,0.000382,1,-4.90104e-06,-0.00200231,0.0002625,504.185
0,9818930,16,phononTS,0.000408336,0.000999228,-0.00100041,0.000262498,1009.6,0.000408336,1,0.000975405,-0.0010227,-0.0002625,1166.25
0,9820092,6,phononTF,0.00188889,0.000995375,-0.0010002,0.0002625,9.44948,0.000922395,1,0.00104029,-0.00105376,-0.0002625,717.455
0,9821133,2,phononTF,0.00265326,0.000943935,-0.00102592,0.000155233,77.1171,0.001146,1,0.00100455,-0.000995276,0.0002625,257.951
0,9826426,17,phononTF,0.00129742,0.00068384,-0.00157399,-0.000262498,1548.75,0.000382,1,2.92725e-06,-0.00200196,0.0002625,1860.37
0,9826855,17,phononTS,0.000512735,0.000915116,-0.000681481,-0.0002625,2870.61,0.000382,1,0.00100368,-0.000999946,0.0002625,3353.75
0,9826855,14,phononTS,0.00256603,0.000986399,-0.000302941,0.000262498,2174.28,0.00100599,1,0.000807667,-0.000254316,-0.0002625,2370.13
0,9830691,7,phononTS,0.000714898,-0.00099993,0.000998481,0.000262498,1259.23,0.000714898,1,-0.000919138,0.000931569,-0.0002625,1414.66
0,9833580,6,phononTF,0.000686772,0.000837739,-0.000833798,-0.000262498,860.187,0.000382,1,0.000999447,-0.00100309,0.0002625,1033.9
0,9834539,28,phononTS,0.000568934,0.00180109,-0.00203891,-0.000262498,551.237,0.000382,1,0.00199953,-0.00199973,0.0002625,760.644
0,9839287,16,phononL,0.000765272,0.00099535,-0.00300305,0.000262498,826.446,0.000765272,1,0.000930013,-0.00171284,-0.0002625,1085.19
0,9852690,8,phononTS,0.000435624,0.000954501,-0.00103745,-0.0002625,28.4639,0.000382,1,0.001004,-0.00100066,0.0002625,420.695
0,9854028,30,phononTF,0.000410017,0.00133466,0.001335,-0.000262498,2706.56,0.000382,1,0.00199509,0.00199627,0.0002625,3030.82
0,9855430,14,phononTF,0.000478329,0.000775014,-0.0011746,-0.0002625,1188.87,0.000382,1,0.000997128,-0.000998639,0.0002625,1543.64
0,9855819,21,phononTS,0.000436325,-0.00105774,-0.000105499,-0.0002625,600.585,0.000382,1,-0.00199857,0.00199957,0.0002625,1977.77
0,9857916,9,phononL,0.00165692,0.000274296,-0.00163552,-0.0002625,232.642,0.000764,1,-3.74934e-06,-0.00200145,0.0002625,496.611
0,9858444,30,phononTF,0.000478798,0.000139014,-0.000120498,-0.0002625,2802.99,0.000382,1,3.285e-06,-3.58011e-06,0.0002625,3138.15
0,9860682,3,phononTF,0.00540584,0.00104356,-0.00105806,9.99489e-05,45.4468,0.000382,1,0.000997749,-0.000999916,0.0002625,632.195
0,9860682,5,phononTS,0.00274081,0.000997749,-0.000999916,0.000262498,632.195,0.000659691,1,0.000917933,-0.000911587,-0.0002625,786.178
0,9861201,11,phononTS,0.0011459,6.81296e-05,-0.00191446,-0.000262498,739.432,0.000382,1,-3.76229e-06,-0.00200373,0.0002625,893.931
0,9864404,12,phononTF,0.00234088,-0.000832123,0.0011378,-0.0002625,2157.58,0.001146,1,-0.00100152,0.000998105,0.0002625,2496.89
0,9865134,16,phononTS,0.000495081,0.00105824,-0.000727768,-0.0002625,259.475,0.000382,1,0.00100412,-0.000995376,0.0002625,688.143
0,9865844,3,phononTF,0.00500003,0.00179057,-0.00223406,-0.0002625,4.24727,0.001146,1,0.00199697,-0.00199715,0.0002625,1014.41
0,9867509,28,phononTS,0.000599519,9.06688e-05,-0.00208476,-0.000262498,1772.52,0.000382,1,2.71541e-06,-0.00200432,0.0002625,1926.49
0,9876494,26,phononTF,0.000431606,-0.00261662,0.00399483,-0.0002625,5758.36,0.000382,1,-0.001001,0.00300472,0.0002625,8004.26
0,9877366,14,phononTS,0.00047365,-2.8661e-06,-0.00199712,0.000262498,1641.86,0.00047365,1,-5.66123e-05,-0.00194324,-0.0002625,1814.63
0,9878104,10,phononTS,0.00261688,0.00110225,-0.000188722,-0.0002625,76.5439,0.000382,1,0.00100438,-0.000998201,0.0002625,889.538
0,9879254,3,phononTF,0.00528949,0.000853364,-0.0011675,3.25795e-05,118.563,0.001146,1,0.000995845,-0.00100338,0.0002625,584.337
0,9879990,10,phononTS,0.00125867,0.00100477,-0.00100404,0.000262498,390.896,0.000759658,1,0.000923617,-0.000948052,-0.0002625,566.687
0,9880403,19,phononTF,0.00274228,-0.000714451,-0.00229109,-0.000210301,1484.88,0.000468634,1,-0.000696381,-0.00228342,-0.0002625,3605.72
0,9882252,15,phononTF,0.00103907,0.000111715,-0.00202653,-0.0002625,710.288,0.000382,1,0.000999267,-0.00299558,0.0002625,1553.82
0,9887446,7,phononTF,0.000624604,0.000544566,-0.000486483,-0.0002625,5.13837,0.000382,1,-2.4904e-06,3.75296e-06,0.0002625,910.521
0,9892289,15,phononTS,0.000483893,1.50021e-06,-0.00199513,0.000262498,1296.94,0.000483893,1,-4.44628e-05,-0.00204959,-0.0002625,1470.52
0,9895555,11,phononTF,0.000880755,0.0023828,0.000656223,-0.0002625,1799.73,0.000382,1,0.00300142,0.00100428,0.0002625,2259.98
0,9896834,10,phononTS,0.000738592,-0.00108762,0.000972512,-0.000262498,983.872,0.000382,1,-0.00100097,0.00100087,0.0002625,1142.72
0,9896904,2,phononTF,0.000636987,0.000315889,-0.00155946,-0.0002625,17.953,0.000382,1,-4.45076e-06,-0.0020023,0.0002625,501.35
0,9897429,20,phononL,0.000561022,0.00232253,0.000311932,-0.0002625,9919.64,0.000382,1,0.00200217,-4.5379e-06,0.0002625,10181.8
0,9898716,12,phononL,0.000495587,0.00199754,-0.00199905,0.000262498,795.455,0.000495587,1,0.00259659,-0.0018052,-0.0002625,947.803
0,9900643,20,phononTF,0.000602875,-0.0019992,0.00199708,0.000262498,1969.95,0.000602875,1,-0.00169207,0.00224376,-0.0002625,2164.71
0,9903970,7,phononTF,0.00108543,0.000537984,-0.00162783,-0.0002625,535.953,0.000382,1,4.50237e-06,-0.00200032,0.0002625,979.414
0,9905536,10,phononTS,0.000966445,0.000911258,-0.00106971,-0.0002625,201.502,0.000382,1,0.00100014,-0.000997137,0.0002625,664.907
0,9908017,10,phononTS,0.000561831,0.00102058,-0.00098476,-0.000262498,1129.42,0.000382,1,0.00100428,-0.00100305,0.0002625,1286.15
0,9908017,7,phononTS,0.000725359,0.000787457,-0.00078095,0.000262498,386.204,0.000436281,1,0.00051681,-0.00175298,-0.0002625,819.956
0,9909284,16,phononTS,0.00303528,0.00102501,-0.00083134,-2.78539e-05,221.133,0.001146,1,0.000999464,-0.00100181,0.0002625,350.41
0,9911120,2,phononTS,0.00192248,0.000807874,-0.00107766,-0.0002625,21.4327,0.000764,1,0.00100418,-0.000995752,0.0002625,415.528
0,9915821,20,phononTS,0.00177889,-0.00191408,0.00060679,-0.0002625,1589.74,0.000382,1,-0.00199748,-1.79903e-06,0.0002625,2183.51
0,9916396,13,phononTF,0.000585835,0.00181219,0.000228338,-0.000262498,1228.92,0.000382,1,0.00200014,-1.57387e-06,0.0002625,1408.44
0,9916396,2,phononTS,0.00466305,0.00100126,-0.000875672,-0.000210076,92.8931,0.000837088,1,0.000997591,-0.000931475,-0.0002625,501.934
0,9920073,34,phononTS,0.000565731,-0.000969139,-0.00118916,-0.0002625,3502.64,0.000382,1,-0.00100143,-0.00100199,0.0002625,3915.21
0,9921745,8,phononTF,0.000591567,-0.000164728,-3.42216e-05,-0.0002625,285.141,0.000382,1,-0.00100435,0.000998701,0.0002625,1168.2
0,9921774,8,phononTF,0.000459893,0.00135351,-0.000579921,-0.0002625,136.135,0.000382,1,0.00200387,9.35482e-07,0.0002625,742.099
0,9926391,12,phononTF,0.000546675,0.00151097,-0.000417009,-0.0002625,429.722,0.000382,1,0.002003,-4.03851e-06,0.0002625,921.798
0,9926755,3,phononTS,0.00239476,0.000818248,-0.00107771,-0.0002625,27.9174,0.000764,1,0.00100278,-0.000999353,0.0002625,417.421
0,9926755,10,phononTS,0.000612734,0.00100278,-0.000999353,0.000262498,417.421,0.000612734,1,-0.000465519,-0.00142576,-0.0002625,1009.31
0,9927691,3,phononTS,0.00303666,0.000979277,-0.000967528,-0.0002625,329.102,0.001146,1,0.000996853,-0.00100257,0.0002625,976.989
0,9930175,24,phononTS,0.000460324,0.00322473,0.000712424,-0.000262498,4335.8,0.000382,1,0.00299712,0.000998846,0.0002625,4592.87
0,9930175,2,phononTS,0.00246178,0.000636851,-0.00121521,0.000262498,229.103,0.000951592,1,0.000720297,-0.00117211,-0.0002625,397.924
0,9930575,3,phononTS,0.00774241,0.000991459,-0.000994641,0.000224205,177.591,0.000764,1,0.000997473,-0.0010018,0.0002625,1085.66
0,9930696,18,phononTS,0.00060703,0.000115473,-2.82278e-06,-0.0002625,1012.43,0.000382,1,-3.13645e-06,-5.04953e-07,0.0002625,1378.44
0,9933386,2,phononTF,0.00339775,0.00078386,-0.00117812,-0.000170088,248.39,0.001146,1,0.00100483,-0.000996119,0.0002625,1006.14
0,9934934,11,phononL,0.000688313,0.00093519,-0.00272243,-0.000262498,1439.72,0.000382,1,0.00100342,-0.00299529,0.0002625,1556.73
0,9936907,18,phononTF,0.00040145,0.00115479,-0.00112489,-0.0002625,2525.92,0.000382,1,0.0010009,-0.0010047,0.0002625,2879.45
0,9936907,17,phononTS,0.000415982,0.000920067,-0.000880173,0.000262499,2525.92,0.000415982,1,-0.000189152,-0.000819577,-0.0002625,2976.78
0,9941335,2,phononTF,0.00412614,-0.00100801,-0.00105157,0.000253973,55.4279,0.001528,1,-0.000995299,-0.000997558,0.0002625,1011.49
0,9941335,36,phononL,0.000407502,-0.000995299,-0.000997558,0.000262498,1011.49,0.000407502,1,-0.00098514,-0.000327485,-0.0002625,1167.63
0,9947579,8,phononTS,0.001922,0.00117075,-0.00211041,-0.0002625,852.655,0.000382,1,0.00200492,-0.00200397,0.0002625,1391.23
0,9949934,10,phononTS,0.000802471,6.86303e-05,-0.00206743,-0.0002625,1555.94,0.000382,1,6.17016e-07,-0.00199905,0.0002625,1866.11
0,9950580,5,phononTS,0.00414973,8.40483e-05,1.05509e-05,6.01528e-05,339.381,0.001146,1,5.25696e-07,-2.10316e-06,0.0002625,1855.48
0,9950925,14,phononTS,0.00139368,0.00200438,1.84842e-06,0.0002625,1993.65,0.000624557,1,0.00191658,-3.44599e-05,-0.0002625,2309.46
0,9955825,9,phononTS,0.000701357,0.000795656,-0.00103897,-0.0002625,364.216,0.000382,1,0.00100454,-0.000998047,0.0002625,769.639
0,9960153,7,phononTF,0.000653984,0.00152724,-0.00048296,-0.000262498,3693.94,0.000382,1,0.000995159,-0.00100376,0.0002625,3969.52
0,9963112,4,phononTS,0.00206825,0.000897227,-0.00101152,0.000143186,16.1698,0.000764,1,0.000998272,-0.0010019,0.0002625,200.944
0,9967617,15,phononTS,0.00124919,0.00103073,-0.00103341,-0.0002625,1869.82,0.000382,1,0.000996997,-0.000998487,0.0002625,2182.66
0,9967889,2,phononTF,0.00492666,0.000895513,-0.00109132,6.40812e-05,1019.72,0.000382,1,0.000996557,-0.00100379,0.0002625,2055.55
0,9967889,12,phononTS,0.000594407,0.000996557,-0.00100379,0.000262498,2055.55,0.000594407,1,0.00109612,-0.00154311,-0.0002625,2333.88
0,9971015,10,phononTF,0.00200039,0.000303012,-0.00163066,-0.0002625,483.817,0.001146,1,8.40918e-07,-0.00199864,0.0002625,904.478
0,9971015,30,phononTF,0.000550001,8.40918e-07,-0.00199864,0.000262498,904.478,0.000550001,1,0.000416418,-0.00150475,-0.0002625,1151.28
0,9971021,3,phononTS,0.00683691,0.000996292,-0.00100177,0.000259158,13.771,0.000382,1,0.000996874,-0.00100201,0.0002625,186.614
0,9971435,24,phononTF,0.000578092,-0.001957,-0.00203313,-0.000262498,2043.18,0.000382,1,-0.00200324,-0.00199657,0.0002625,2201.28
0,9972383,5,phononTS,0.000510239,0.000671483,-0.00105425,-0.0002625,91.9683,0.000382,1,0.00100007,-0.000998125,0.0002625,482.852
0,9972383,4,phononTS,0.00102619,0.00061181,-0.00105946,0.000262498,91.9683,4.29919e-05,1,0.000672868,-0.000969012,-0.0002625,247.289
0,9975799,16,phononTS,0.00152148,-6.56613e-05,-0.00202036,-0.0002625,962.432,0.001146,1,1.02268e-06,-0.00200306,0.0002625,1959.4
0,9975799,2,phononTS,0.00418428,6.7776e-05,-0.00106537,2.63841e-05,0.164161,0.00139955,1,-0.000503201,-0.00108934,-0.0002625,735.964
0,9977632,12,phononTS,0.000471752,0.00103901,-0.00112495,-0.0002625,450.789,0.000382,1,0.000995753,-0.000996467,0.0002625,819.879
0,9984384,3,phononTS,0.00358812,0.00204071,1.03989e-05,-0.0002625,42.3151,0.000382,1,0.00200494,6.07285e-07,0.0002625,1484.28
0,9986369,19,phononTS,0.000493563,-0.000111239,-0.00105846,-0.0002625,489.867,0.000382,1,-0.000997958,-0.00100285,0.0002625,1261.48
0,9990497,3,phononTS,0.00404933,0.00105492,-0.00101683,0.00024224,88.7716,0.000676842,1,0.00104041,-0.0011763,-0.0002625,462.456
0,9994390,22,phononTS,0.000695542,0.000243999,-0.00126724,-0.0002625,1289.9,0.000382,1,0.000996123,-0.000999642,0.0002625,1989.76
