Run ID,Event ID,Track ID,Particle Name,Start Energy [eV],Start X [m],Start Y [m],Start Z [m],Start Time [ns],Energy Deposited [eV],Track Weight,End X [m],End Y [m],End Z [m],Final Time [ns]
0,5512,12,phononTS,0.000408496,-0.00156514,0.00275797,-0.0002625,924.455,0.000382,1,-0.00100285,0.00299955,0.0002625,3853.23
0,7102,8,phononTF,0.000393954,-0.000764107,0.00261423,-0.0002625,3159.42,0.000382,1,7.14021e-07,-1.74616e-06,0.0002625,8963
0,8477,5,phononTF,0.0014151,0.00221629,-0.00011685,-0.0002625,8.00594,0.000382,1,0.0019977,3.81499e-06,0.0002625,276.158
0,16322,3,phononTS,0.00119108,0.00249318,0.0021544,-0.0002625,13.863,0.000382,1,0.00199859,0.00200302,0.0002625,2224.84
0,18763,18,phononTF,0.000482529,-0.00149524,-0.00143467,-0.0002625,3871.71,0.000382,1,-0.00199943,-0.002001,0.0002625,5312.52
0,24246,9,phononTF,0.000564594,0.0020042,-0.00199818,0.000262498,2720.24,9.66197e-05,1,0.00150493,-0.00151396,-0.0002625,2869.35
0,29511,2,phononTF,0.000427358,0.00139973,-0.000881109,-0.0002625,73.6148,0.000382,1,0.00100161,-0.000998634,0.0002625,570.758
0,29534,7,phononTS,0.000491527,0.000514811,-0.000775468,-0.000262498,2414.35,0.000382,1,0.00200432,-3.21821e-06,0.0002625,2760.94
0,30026,6,phononTS,0.000606165,0.00329217,0.0010316,-0.000262498,983.099,0.000382,1,0.00299777,0.000996075,0.0002625,1102.09
0,35723,10,phononL,0.00148779,-0.00100035,-0.000999494,0.0002625,2712.58,0.00148779,1,-0.00104892,0.000416968,-0.0002625,3039.42
0,36450,5,phononTF,0.000487344,0.00167277,0.000449146,-0.0002625,478.88,0.000382,1,0.00100301,0.00100288,0.0002625,1011.62
0,39710,3,phononTF,0.00275378,0.00238733,-0.000359505,-0.0002625,68.7906,0.000382,1,0.00200293,2.802e-06,0.0002625,325.746
0,43587,11,phononTS,0.000558584,0.00447768,0.00270555,-0.0002625,13911.2,0.000382,1,0.000997183,-0.00100123,0.0002625,17492.7
0,47562,2,phononTS,0.000593798,0.00251518,-0.000413274,-0.0002625,144.415,0.000382,1,0.00199862,-2.35682e-07,0.0002625,2048.46
0,52282,9,phononTF,0.000834184,0.00144558,-0.00139613,-0.0002625,3287.14,0.000382,1,-1.9722e-06,-0.00200454,0.0002625,4032.71
0,58504,7,phononTS,0.000495415,0.00396547,0.00121333,-0.000262498,1651.89,0.000382,1,0.00199522,0.0020007,0.0002625,2095.09
0,61529,5,phononL,0.000484633,0.00204976,-0.000349866,-0.0002625,607.497,0.000382,1,0.00199807,3.66975e-06,0.0002625,818.321
0,64803,12,phononTS,0.000734012,-0.00119859,0.00303811,-0.0002625,3974.49,0.000382,1,-0.00100021,0.00299922,0.0002625,9476.17
0,64803,10,phononTF,0.00153948,0.00365002,-0.000260513,0.000262498,930.043,0.000887906,1,0.0036971,-0.000213622,-0.0002625,1020.64
0,65328,8,phononTS,0.000651405,0.00262549,-0.00315463,-0.0002625,1944.81,0.000382,1,0.00200172,-0.0019993,0.0002625,5715.41
0,66178,3,phononTS,0.00298635,0.00239032,-0.00173609,0.000149922,9.69396,0.001146,1,0.00200326,-0.00199521,0.0002625,739.169
0,74867,10,phononL,0.000983806,0.00219138,-0.000401082,-0.000262498,1244.53,0.000382,1,0.00200498,3.58225e-06,0.0002625,1319.87
0,76959,2,phononTS,0.00171878,0.00236566,-0.000373586,-0.0002625,371.721,0.000382,1,0.00199572,2.34651e-06,0.0002625,690.335
0,77178,5,phononTS,0.000402657,0.00114045,0.00101192,-0.0002625,3539.48,0.000382,1,0.000997983,0.00100023,0.0002625,3828.54
0,77839,6,phononTF,0.000964383,6.17045e-07,7.76906e-07,0.0002625,884.456,0.000737388,1,-9.55194e-05,0.000184753,-0.0002625,1516.9
0,80756,6,phononTF,0.000920154,0.00200011,-1.32422e-06,0.0002625,5222.81,0.000920154,1,0.00194074,5.82471e-05,-0.0002625,5769.05
0,80756,3,phononTF,0.00151852,0.002757,-0.000473137,0.000262498,86.1552,0.000945953,1,0.00250772,-0.000841166,-0.0002625,208.348
0,85650,7,phononTF,0.000634907,-0.000277385,0.00215834,-0.0002625,195.235,0.000382,1,3.96157e-07,0.0020005,0.0002625,1380.17
0,90029,2,phononTF,0.00254025,0.00211484,-0.000126258,-0.0002625,21.9142,0.000764,1,0.00199765,-3.52868e-06,0.0002625,588.556
0,90469,8,phononTF,0.000762861,0.00222633,-0.00023434,-0.000262498,3101.58,0.000382,1,0.00199677,4.69205e-06,0.0002625,3207.82
0,91624,6,phononTS,0.000596535,0.000743231,-0.00304371,-0.000262498,5610.11,0.000382,1,0.000995553,-0.00300098,0.0002625,5723.94
0,93312,3,phononTS,0.00243939,0.00297278,0.000608149,-0.0002625,36.1281,0.000382,1,0.00299735,0.00100274,0.0002625,562.403
0,93312,5,phononTS,0.00193772,0.00299735,0.00100274,0.000262498,562.403,0.000818173,1,0.00326187,0.0010893,-0.0002625,684.076
0,94828,6,phononTF,0.00101004,0.00200107,-2.96147e-06,0.000262498,2480.2,0.000273246,1,0.00190573,-0.000172248,-0.0002625,2577.66
0,96868,17,phononL,0.000463943,-0.00100311,0.00300047,0.0002625,10898.6,0.000463943,1,-0.000200537,0.0032054,-0.0002625,11288.2
0,100412,22,phononTF,0.000550371,-1.81733e-06,-0.00199845,0.000262498,5235.35,0.000550371,1,0.000803696,-0.00282039,-0.0002625,5451.85
0,101216,7,phononTS,0.00213158,0.00296567,-9.35357e-05,-0.000262498,1299.2,0.000764,1,0.00199822,2.66942e-06,0.0002625,1520.72
0,110423,14,phononTS,0.000804868,0.000604497,-0.0028865,-0.0002625,10713.2,0.000382,1,0.00199666,-0.00199961,0.0002625,11712.2
0,111056,17,phononL,0.00168541,0.00298849,0.000760227,-0.0002625,1097.89,0.000764,1,0.00300172,0.000999418,0.0002625,1295.16
0,112652,35,phononTS,0.000400269,-0.000976698,-0.00108475,-0.000262498,8601.83,0.000382,1,-0.00100278,-0.000998173,0.0002625,8699.57
0,121971,6,phononTS,0.00084496,2.41454e-05,0.00202553,-0.0002625,4539.5,0.000382,1,-4.15945e-06,0.00199557,0.0002625,4808.06
0,123214,13,phononTS,0.000965314,0.00103741,-0.00103303,-0.0002625,1694.25,0.000764,1,0.00100486,-0.000999636,0.0002625,2320.52
0,123484,4,phononTS,0.00132265,0.00100179,-0.000995422,0.0002625,1053.7,0.00132265,1,0.00096897,-0.000995276,-0.0002625,1808.15
0,124387,24,phononL,0.000611157,0.00259779,-0.000419674,-0.0002625,1971.67,0.000382,1,0.00199551,-2.23853e-06,0.0002625,2306.38
0,125590,2,phononTS,0.000654092,0.00356899,0.00161825,-0.0002625,1688.95,0.000382,1,3.77196e-06,-0.00199608,0.0002625,3968.18
0,128874,17,phononTS,0.000599883,-5.28957e-05,-4.38885e-05,-0.0002625,9148.62,0.000382,1,-5.37789e-10,4.90269e-06,0.0002625,9618.02
0,130558,8,phononL,0.00045964,0.000104912,0.00229142,-0.0002625,2534.2,0.000382,1,2.48901e-06,0.00199642,0.0002625,3699.91
0,140278,7,phononTS,0.000474747,0.00140162,-0.000775589,-0.000262498,740.137,0.000382,1,0.00199768,-0.00199583,0.0002625,1027.73
0,140278,6,phononTF,0.000601982,0.00419634,-0.005,-0.000155301,740.137,0.000601982,1,0.00406512,-0.00483084,-0.0002625,1651.66
0,140330,14,phononTF,0.00129616,0.002925,0.000801992,-0.0002625,752.008,0.000382,1,0.00299547,0.00100069,0.0002625,1549.75
0,147561,17,phononTF,0.000462863,-0.00258905,-0.00261271,-0.0002625,3122.07,0.000382,1,-0.00199603,-0.00200144,0.0002625,3635.58
0,147627,16,phononTF,0.000525143,-0.00176375,0.00235382,-0.0002625,1433.55,0.000382,1,-0.00199888,0.00199801,0.0002625,4669.24
0,149557,22,phononTS,0.00301044,0.00229942,0.000304922,-9.54184e-05,904.745,0.000759298,1,0.00130336,-0.000749155,-0.0002625,1261.84
0,149949,5,phononTF,0.000828118,0.00211338,-0.000120656,-0.0002625,123.508,0.000382,1,0.00199627,7.28945e-07,0.0002625,996.867
0,157238,6,phononTF,0.000601228,0.00321921,0.000834584,-0.0002625,958.233,0.000382,1,0.00299891,0.00099991,0.0002625,1289.04
0,158137,9,phononTS,0.000429579,-0.000251321,-0.00228237,-0.0002625,711.479,0.000382,1,-0.00199543,-4.74862e-06,0.0002625,3633.82
0,158449,6,phononTS,0.000766701,0.00297635,0.000964592,-0.0002625,3534.25,0.000382,1,0.00300384,0.000995106,0.0002625,4119.01
0,158517,21,phononTS,0.000485247,-0.00292244,0.00098849,-0.000262498,5209.21,0.000382,1,-0.00200307,0.00199646,0.0002625,5505.11
0,161048,17,phononTF,0.000685042,0.00320149,0.000754617,-0.0002625,1712.74,0.000382,1,0.00300019,0.000995097,0.0002625,2009.37
0,161471,3,phononTS,0.000781568,0.00221725,-3.42447e-05,-0.000262498,303.931,0.000382,1,0.0019959,-3.61043e-06,0.0002625,414.39
0,162347,13,phononTS,0.00045912,0.00122411,0.00195735,-0.0002625,5527.68,0.000382,1,0.00199953,0.00200045,0.0002625,9312.89
0,168611,9,phononTF,0.000515318,0.0020559,-0.00220454,-0.0002625,192.767,0.000382,1,0.00200088,-0.00200089,0.0002625,580.777
0,171719,7,phononTS,0.000913624,0.00133,-0.000442243,-0.000262498,2467.48,0.000382,1,0.00100054,-0.000996863,0.0002625,2643.93
0,172249,18,phononTS,0.000633584,-0.00199615,2.52681e-06,0.000262498,6324.57,0.000633584,1,-0.00219315,-0.000227989,-0.0002625,6451.47
0,175093,7,phononTS,0.000603546,0.00137314,2.79424e-05,-0.0002625,1048.18,0.000603546,1,-0.00232241,-0.005,0.000254316,2359.83
0,176413,6,phononTS,0.00158745,-0.00299725,-0.000998892,0.0002625,821.012,0.000447758,1,-0.000478283,-0.00397472,-0.0002625,3553.08
0,185294,22,phononTS,0.000427707,0.004885,0.005,-7.37055e-05,12229,0.000382,1,-0.00200478,-0.00200211,0.0002625,14320
0,185534,19,phononL,0.000444444,-0.00100483,0.000998398,0.000262499,4652.2,0.000444444,1,-0.00123525,0.000911688,-0.0002625,4718.18
0,189255,10,phononTS,0.000511569,0.00106807,0.000300247,-0.0002625,876.246,0.000382,1,0.000997065,0.000997286,0.0002625,1565.25
0,192204,18,phononTF,0.000404088,-0.00226835,0.00233083,-0.0002625,5155.74,0.000382,1,-0.0020046,0.00200103,0.0002625,5462.38
0,194760,10,phononTS,0.00123319,-0.000305984,-0.00195095,-0.000262498,6244.61,0.000382,1,3.32531e-06,-0.00199537,0.0002625,6368.88
0,195032,5,phononTS,0.000728559,0.00203139,-0.00203905,-0.000262498,1946.75,0.000382,1,0.00199555,-0.00199777,0.0002625,2036.06
0,195252,9,phononTS,0.000783918,0.00204766,-2.97917e-05,-0.0002625,306.614,0.000382,1,0.00199943,4.13706e-06,0.0002625,931.36
0,195890,8,phononTF,0.000684264,0.00267061,0.000869207,-0.0002625,803.015,0.000382,1,0.0020023,0.00200269,0.0002625,1310.9
0,196682,9,phononL,0.000980147,-0.00205993,-0.00117819,-0.000262498,4114.32,0.000764,1,-0.00200245,-0.00199702,0.0002625,4218.65
0,196736,6,phononTF,0.0012,0.00132606,-0.00131421,-0.000262498,741.101,0.000382,1,0.00100439,-0.00100441,0.0002625,859.053
0,201516,6,phononTF,0.000680971,0.00226219,-0.000243303,-0.0002625,205.715,0.000382,1,0.00200488,3.26226e-06,0.0002625,569.172
0,201959,16,phononTS,0.000688806,0.00254987,0.00197797,-0.000262498,2045.64,0.000382,1,0.00100263,0.00100191,0.0002625,2420.3
0,204223,4,phononTF,0.00104924,0.00193503,-6.13218e-05,-0.0002625,383.607,0.000764,1,0.00199561,2.62832e-06,0.0002625,689.749
0,207952,6,phononTS,0.00151046,0.00300478,0.00100366,0.000262498,1632.42,0.000811433,1,0.00292704,0.00103798,-0.0002625,1732.66
0,212623,18,phononTS,0.000984476,0.00200443,-0.00199851,0.000262498,2397.74,0.000602437,1,0.00276432,-0.00257003,-0.0002625,2624.06
0,215163,10,phononTS,0.000888982,0.00373516,0.00107815,-0.000262498,12136.6,0.000382,1,0.0029983,0.000996414,0.0002625,12318.6
0,221460,3,phononTF,0.00254143,0.0023643,-0.000345568,-0.0002625,11.7967,0.001146,1,0.00200002,-1.90358e-06,0.0002625,262.062
0,223850,5,phononTS,0.00103534,0.00300964,0.00104926,-0.0002625,585.586,0.000764,1,0.0029994,0.00100376,0.0002625,1039.68
0,224993,9,phononTF,0.000691975,0.0030046,0.000996139,0.000262498,2182.59,0.000691975,1,0.00323613,0.000731085,-0.0002625,2291.99
0,228763,3,phononTS,0.00204963,0.000844666,-0.00014105,-0.0002625,95.2905,0.000764,1,0.00100405,-0.000998973,0.0002625,3520.87
0,228763,6,phononTF,0.00077943,0.00100405,-0.000998973,0.000262498,3520.87,0.00077943,1,0.000804866,-0.0010584,-0.0002625,3620.55
0,233919,8,phononTF,0.000779993,0.00223293,-0.000226855,-0.0002625,1195,0.000382,1,0.00199875,2.25481e-06,0.0002625,1513.03
0,235292,7,phononL,0.000469954,0.00281503,0.000133433,-0.0002625,246.765,0.000382,1,0.0030004,0.000995818,0.0002625,579.397
0,235293,1,phononTS,0.01,0.00315395,-0.000725211,-0.000199337,0,0.00291736,1,0.00324741,-0.000729695,-0.0002625,1141.71
0,240385,6,phononTF,0.000475482,0.00210672,0.00188441,-0.0002625,1029.59,0.000382,1,0.00199832,0.00199809,0.0002625,1664.13
0,240385,3,phononTF,0.00186989,0.00279111,-0.000704214,0.000262498,33.7742,0.000947733,1,0.00308591,-0.000413949,-0.0002625,148.197
0,240956,2,phononTS,0.00146287,0.000369968,-0.00302772,-0.0002625,326.702,0.000382,1,0.000999973,-0.00299624,0.0002625,2850.87
0,241775,5,phononTS,0.000423041,0.000767575,-0.000878598,-0.0002625,641.643,0.000382,1,0.000999266,-0.000995429,0.0002625,1385.05
0,244408,4,phononL,0.00287503,0.005,-9.145e-05,-0.000182516,44.4853,0.000382,1,0.00199741,0.00200344,0.0002625,863.241
0,248162,21,phononTS,0.000978862,0.00214357,-0.00153888,-0.0002625,9607.37,0.000382,1,-0.00099914,-0.000996013,0.0002625,12562.5
0,254321,2,phononL,0.00144035,0.00300186,0.000997952,0.0002625,36.706,0.00133326,1,0.00297753,0.00140764,-0.0002625,403.769
0,259620,18,phononTF,0.000411678,0.005,-0.00410315,-4.34064e-05,9569.23,0.000382,1,0.000998476,-0.00300482,0.0002625,12959.3
0,264232,4,phononTF,0.00148313,0.00187158,-0.00215383,-0.0002625,539.374,0.000764,1,0.00199975,-0.00199774,0.0002625,2872.23
0,264232,2,phononTS,0.00164184,0.00292206,-0.000648888,0.000262498,58.5755,0.000285908,1,0.00404275,-0.00033981,-0.0002625,315.365
0,264450,11,phononTF,0.00115891,-0.00125623,-0.000774689,-0.0002625,2459.01,0.000764,1,-0.000999127,-0.00100206,0.0002625,3434.95
0,266845,2,phononTF,0.00101501,0.00232419,-0.000340925,-0.0002625,35.1606,0.000382,1,0.00199873,-4.51015e-06,0.0002625,275.884
0,269558,5,phononTS,0.00262396,0.000984236,0.0011957,-2.28548e-05,103.885,0.001146,1,0.000997728,0.000996838,0.0002625,5020.97
0,273617,27,phononTF,0.000757722,-0.000658669,0.00114814,-0.0002625,663.651,0.000382,1,0.00200424,0.00199567,0.0002625,8372.73
0,277027,6,phononTF,0.000418495,0.000624734,-0.000854446,-0.0002625,307.21,0.000382,1,0.00200155,-3.99643e-06,0.0002625,6182.4
0,277027,4,phononTS,0.00088482,0.00275651,-0.000659407,0.000262498,3.79645,0.000719334,1,-0.000190983,0.00108522,-0.0002625,657.693
0,278884,4,phononTF,0.00121506,0.00236753,-0.000354106,-0.0002625,31.9029,0.000382,1,0.00200043,1.18958e-06,0.0002625,282.606
0,281555,6,phononTF,0.00188124,0.00121152,0.000962229,-0.0002625,563.718,0.000764,1,0.00100216,0.000996146,0.0002625,1745.9
0,296163,6,phononTF,0.000698734,-0.000404362,0.00242282,-0.0002625,2579.79,0.000382,1,1.78541e-06,0.00200356,0.0002625,3520.32
0,297626,2,phononTS,0.000734537,0.00197749,-0.00202595,-0.0002625,470.735,0.000382,1,0.00200288,-0.00200418,0.0002625,936.779
0,300704,16,phononTS,0.000445726,0.0010794,0.00100921,-0.0002625,1071.86,0.000382,1,0.00100406,0.00100213,0.0002625,1938.8
0,300705,3,phononL,0.0036552,0.00305549,0.00108361,0.000141982,201.377,0.0012644,1,0.0030813,0.00172623,-0.0002625,655.477
0,301103,18,phononL,0.000851811,0.00112281,0.00112047,-0.0002625,1974.67,0.000382,1,0.00100322,0.00100166,0.0002625,2934.44
0,302439,10,phononTS,0.000406145,-4.84955e-05,3.92527e-05,-0.0002625,8964.52,0.000382,1,3.34705e-07,2.12543e-06,0.0002625,11946
0,307680,5,phononTS,0.0022329,-0.002124,-3.03767e-06,-0.0002625,127.37,0.000382,1,-0.0020013,2.8219e-06,0.0002625,2163.14
0,307775,12,phononTS,0.000644962,0.000275512,-0.00100752,-0.000262498,2418.78,0.000382,1,0.000998147,-0.000996661,0.0002625,2598
0,313829,4,phononTS,0.00173337,0.00290443,0.000157718,-0.0002625,12.8464,0.000382,1,0.00300174,0.00100152,0.0002625,413.732
0,321420,8,phononTS,0.000558373,-0.00298231,-0.000945083,-0.0002625,3264.11,0.000382,1,-0.00300303,-0.00100437,0.0002625,3551.6
0,324552,4,phononTF,0.00222735,0.000238209,0.00174397,-0.0002625,10.1895,0.000382,1,-2.30444e-06,0.00199898,0.0002625,991.193
0,325106,7,phononL,0.000553212,0.00200212,-2.39947e-06,0.000262498,1196.17,0.000553212,1,0.00229731,8.48894e-05,-0.0002625,1264.34
0,327475,13,phononTS,0.00051551,-0.00195412,-0.000279106,-0.0002625,11687.9,0.000382,1,-0.00199726,-3.17407e-06,0.0002625,14711.1
0,327851,13,phononTF,0.000420067,0.000998484,-0.00100217,0.0002625,5313.79,0.000420067,1,0.00134739,-0.000839332,-0.0002625,12983.1
0,330417,14,phononTF,0.000426775,-0.00102183,0.00101859,-0.0002625,13422.8,0.000382,1,-0.00100013,0.00100429,0.0002625,13692.8
0,345007,9,phononTS,0.000537196,-0.000215906,0.00302202,-0.0002625,4026.67,0.000382,1,3.29543e-06,0.00199649,0.0002625,4767.52
0,345007,3,phononTF,0.000746616,0.0027563,-0.000781074,0.000262498,26.2755,0.00039826,1,0.00258736,-0.000941511,-0.0002625,124.566
0,348919,3,phononTF,0.00144433,0.00236915,-0.000320375,-0.0002625,8.34404,0.000382,1,0.00200084,2.45179e-07,0.0002625,257.532
0,348919,4,phononTS,0.000923695,0.00200084,2.45179e-07,0.000262498,257.532,0.000435234,1,0.00116615,5.64333e-05,-0.0002625,452.837
0,350306,3,phononL,0.00304359,0.0011323,-0.000977706,-0.0002625,8.96187,0.000764,1,0.00100471,-0.00100204,0.0002625,903.8
0,353275,9,phononTS,0.000576124,-0.00200054,-3.3782e-06,0.000262498,12201.3,0.000576124,1,-0.000461477,0.00054572,-0.0002625,12550.3
0,358072,2,phononTS,0.00140761,0.0010016,0.00100347,0.0002625,12.2946,0.000710777,1,0.00104423,0.00103625,-0.0002625,3730.1
0,358211,18,phononTS,0.00111197,0.00199974,-0.00217659,-0.0002625,5516.5,0.000382,1,0.0019987,-0.00200044,0.0002625,5838.21
0,361871,12,phononTS,0.000625551,0.00295903,0.000463545,-0.000262498,5605.26,0.000382,1,0.00300289,0.000997679,0.0002625,5758.96
0,365320,5,phononTS,0.00199182,-0.000547457,-0.000984101,-0.0002625,1845.97,0.000764,1,-0.00100152,-0.000995724,0.0002625,4210.89
0,368905,6,phononTS,0.000788188,0.00192144,0.00196333,-0.000262498,698.726,0.000382,1,0.00199787,0.00200097,0.0002625,794.967
0,370782,3,phononTS,0.00253696,0.00187392,0.00112674,-0.0002625,7.48896,0.000382,1,0.000997565,0.00100262,0.0002625,1486.46
0,371270,12,phononTS,0.000490576,-0.000560058,0.000184907,-0.000262498,1029.72,0.000382,1,2.14041e-06,-3.35071e-06,0.0002625,1195.81
0,373806,7,phononL,0.000857758,0.00237002,-0.000311526,-0.0002625,612.444,0.000382,1,0.00200106,4.91674e-06,0.0002625,1130.94
0,376076,18,phononTS,0.000417449,-0.00202179,0.00199267,-0.000262498,5123.54,0.000382,1,-0.00200304,0.00200125,0.0002625,5213.31
0,385289,6,phononTF,0.000958297,0.00200475,2.24665e-06,0.0002625,5238.18,0.000622987,1,0.00470642,-0.000700359,-0.0002625,5850.77
0,387534,16,phononL,0.000437216,0.00374379,0.000989888,-0.000262498,3500.82,0.000382,1,0.00299687,0.00100171,0.0002625,3598.45
0,388022,4,phononTS,0.0012571,0.000284894,-1.96955e-05,-0.0002625,450.475,0.000382,1,-9.41844e-07,3.9747e-06,0.0002625,1253.89
0,393499,9,phononTS,0.000588907,-0.00229112,-0.000814881,-0.0002625,4426.73,0.000382,1,-0.00200044,-0.00199677,0.0002625,5752.95
0,395262,4,phononTF,0.00238158,0.00307823,0.00101441,-0.0002625,28.9415,0.000382,1,0.00200498,-2.57849e-06,0.0002625,1573.59
0,398957,17,phononTF,0.000413766,0.00312151,0.00053772,-0.0002625,3448.13,0.000382,1,0.00299839,0.000995224,0.0002625,4812.25
0,400213,5,phononTS,0.00427925,0.00234004,0.000843582,2.2692e-05,943.736,0.000382,1,0.00299642,0.00100298,0.0002625,1531.04
0,400213,7,phononTF,0.00170629,0.00299642,0.00100298,0.000262498,1531.04,0.0014705,1,0.00293081,0.00106918,-0.0002625,1622.36
0,400692,10,phononTF,0.000416074,0.000751158,0.00103387,-0.0002625,2059.1,0.000382,1,0.000996025,0.00100194,0.0002625,2554.71
0,404090,15,phononTS,0.000737265,0.00187883,0.00114008,-0.0002625,6750.91,0.000382,1,0.00100141,0.00099607,0.0002625,8466.72
0,406862,4,phononL,0.00108204,0.0012382,0.00140354,-0.0002625,135.568,0.000382,1,0.0009979,0.000998027,0.0002625,696.987
0,407592,14,phononTF,0.000486643,-0.00191762,7.88657e-05,-0.0002625,12249.4,0.000382,1,-0.00199692,2.21344e-06,0.0002625,12710.3
0,409338,6,phononTS,0.00101548,0.000285306,-2.51447e-05,-0.0002625,977.968,0.000382,1,4.97685e-06,-7.95192e-07,0.0002625,3073.57
0,411879,6,phononTF,0.000861326,-0.00373491,-0.000433387,-0.0002625,4810.27,0.000382,1,-0.00299914,-0.000995877,0.0002625,5690.93
0,416402,7,phononTF,0.000646195,0.00100396,-0.00100193,0.0002625,1771.34,0.000290199,1,0.00107354,-0.00106907,-0.0002625,1954.21
0,418583,12,phononTF,0.000478175,0.005,0.00200666,0.000143107,7587.71,0.000478175,1,0.00491472,0.00191671,-0.0002625,8132.9
0,418583,3,phononTS,0.000926515,0.00275679,-0.000696588,0.000262498,8.97681,0.000303188,1,0.00279893,-0.000664724,-0.0002625,98.3528
0,422771,10,phononTF,0.000541358,0.00208884,-0.001899,-0.0002625,2245.56,0.000382,1,0.00199795,-0.00200203,0.0002625,2752.33
0,423641,16,phononTS,0.000607304,-0.00303818,-0.000962335,-0.0002625,8549.05,0.000382,1,-0.00299556,-0.00100361,0.0002625,12233.6
0,425246,24,phononL,0.00125311,-0.000383499,-0.00295018,-0.0002625,1712.64,0.000382,1,0.00100161,-0.00100186,0.0002625,2395.23
0,426210,6,phononTS,0.000607207,0.00203417,0.00204009,-0.000262498,1513.93,0.000382,1,0.0020019,0.00200096,0.0002625,1603.33
0,426210,2,phononTF,0.00521922,0.00253921,-0.000658864,-0.000174405,323.062,0.00137067,1,0.00231158,-0.000434128,-0.0002625,379.854
0,429773,16,phononTF,0.000489175,0.00199685,-1.54432e-07,0.000262498,1057.18,0.000489175,1,0.00229778,0.000312397,-0.0002625,1173.72
0,432504,4,phononTS,0.000608594,0.000388064,-0.00440556,-0.0002625,76.8421,0.000382,1,-0.00300358,-0.000999833,0.0002625,2341.66
0,433827,11,phononTS,0.000411932,-0.00294055,-0.00132298,-0.000262498,11060,0.000382,1,-0.00300452,-0.000995248,0.0002625,11187.6
0,435702,20,phononTS,0.000721442,0.00198283,-0.00195286,-0.0002625,3950.54,0.000382,1,0.00199693,-0.00199992,0.0002625,8590.1
0,436167,7,phononTF,0.00119975,0.00199519,-3.36945e-06,0.000262498,750.694,0.00119001,1,0.00231805,0.000247286,-0.0002625,867.226
0,439369,15,phononTS,0.00046804,0.00258125,-0.00164697,-0.0002625,1319.02,0.000382,1,0.00200444,-0.0020043,0.0002625,2036.95
0,443993,14,phononTS,0.000542644,0.00301368,0.00105514,-0.0002625,1851.54,0.000382,1,0.0029969,0.0009998,0.0002625,2120.98
0,446495,7,phononL,0.000584567,0.000199041,0.00108671,-0.0002625,2158.25,0.000382,1,2.66869e-06,0.00199656,0.0002625,5004.34
0,447942,16,phononTF,0.000703127,0.00237424,-0.00151763,-0.0002625,5270.43,0.000382,1,0.00199967,-0.00199779,0.0002625,6371.05
0,449746,16,phononL,0.000988481,0.00023149,-0.00161259,-0.0002625,592.075,0.000764,1,-9.12844e-07,-0.00200339,0.0002625,1572.88
0,450142,10,phononTF,0.000473757,0.00244578,-0.000432671,-0.000262498,423.408,0.000382,1,0.00200359,4.88291e-06,0.0002625,562.942
0,450380,4,phononTF,0.00225069,0.00100025,0.00104338,-0.0002625,4.17808,0.000382,1,-1.0189e-06,0.0019989,0.0002625,871.869
0,450380,5,phononTS,0.00158589,-1.0189e-06,0.0019989,0.000262498,871.869,0.000481928,1,-0.000533354,0.00276663,-0.0002625,1095.24
0,450766,1,phononTF,0.01,0.00198598,1.82534e-05,0.000220428,0,0.002292,1,0.00200202,-2.2027e-06,0.0002625,739.153
0,453711,3,phononTF,0.000849423,0.00239398,-0.000400525,-0.0002625,50.3348,0.000382,1,0.00199956,-4.45956e-06,0.0002625,312.897
0,459262,18,phononTF,0.000546149,0.0030426,0.000823565,-0.0002625,7776.1,0.000382,1,0.00199803,-2.28278e-07,0.0002625,9249.37
0,459262,3,phononTS,0.00187965,0.00275213,-0.00116728,0.000262498,239.625,0.00117493,1,0.00332261,-0.00116737,-0.0002625,396.678
0,460378,12,phononTF,0.000458906,0.00184168,-0.00210168,-0.0002625,9328.64,0.000382,1,0.00199909,-0.00199605,0.0002625,9618.7
0,461145,17,phononTF,0.000589802,-0.00118785,-0.00119022,-0.0002625,1646.83,0.000382,1,-0.00100353,-0.00100209,0.0002625,1948.47
0,463987,8,phononL,0.000689283,0.00384585,0.000664868,-0.0002625,1342.73,0.000382,1,0.00300214,0.000998399,0.0002625,1880.34
0,468502,16,phononTS,0.000999494,-0.000976307,0.0010538,-0.0002625,2304.22,0.000382,1,-0.00100078,0.000999573,0.0002625,2861.56
0,469151,5,phononTS,0.00255991,-0.00210331,0.00196631,-0.0002625,1703.39,0.000764,1,-0.00200243,0.00200499,0.0002625,2813.03
0,475776,18,phononTS,0.000689556,0.00200037,-0.00200355,0.000262498,1419.47,0.000689556,1,0.00277306,-0.00241799,-0.0002625,1632.46
0,480969,4,phononL,0.000551103,-0.000561615,0.000613158,-0.0002625,1491.21,0.000382,1,-0.00100329,0.0010028,0.0002625,1711.26
0,481177,14,phononTS,0.000962091,-0.00205241,0.00200834,-0.0002625,3535.1,0.000382,1,-0.00199726,0.00199875,0.0002625,4646.13
0,483625,9,phononTF,0.000538091,-0.000472133,0.000478109,-0.0002625,7394.62,0.000382,1,3.15399e-06,1.12955e-07,0.0002625,8235.32
0,484752,3,phononTS,0.00307316,0.00300163,0.00100613,0.000178819,204.441,0.000382,1,0.0030041,0.000999557,0.0002625,523.34
0,484752,5,phononTF,0.000716413,0.0030041,0.000999557,0.000262498,523.34,0.000614808,1,0.00326924,0.000737876,-0.0002625,633.859
0,484752,4,phononTF,0.00164001,0.0030041,0.000999557,0.000262498,523.34,0.00164001,1,0.00422791,-0.000240131,-0.0002625,834.772
0,487471,6,phononTF,0.000462858,0.00251991,-0.000509743,-0.000262498,382.721,0.000382,1,0.00200196,1.89962e-06,0.0002625,536.869
0,488094,3,phononTF,0.00296956,0.00214991,-0.00417742,-0.0002625,133.288,0.000382,1,0.000998428,-0.00299555,0.0002625,1911.42
0,489981,8,phononTS,0.000574724,0.00204823,0.00018764,-0.000262498,1510.52,0.000382,1,0.00200493,3.18926e-06,0.0002625,1616.85
0,490843,4,phononTS,0.000721755,0.00104432,-0.000935221,-0.000262498,2220.25,0.000382,1,0.000995262,-0.0009974,0.0002625,2315.23
0,490843,2,phononL,0.00141247,0.00255689,-0.000112903,0.000262498,1867.14,0.000870988,1,0.00240737,0.000690372,-0.0002625,1971.66
0,491644,8,phononTF,0.000525503,-0.00127093,0.00135202,-0.0002625,4493.52,0.000382,1,-0.0010008,0.00100182,0.0002625,4801.54
0,493087,3,phononTS,0.00116043,0.0021139,-0.00158709,-0.0002625,319.606,0.000382,1,0.00199733,-0.00200363,0.0002625,603.475
0,495114,5,phononL,0.000387525,0.00218516,-0.00176124,-0.0002625,656.364,0.000382,1,0.00200036,-0.00200294,0.0002625,996.961
0,497298,3,phononL,0.00261807,0.00266793,-7.23526e-05,-0.0002625,19.3858,0.000382,1,0.00199742,3.89856e-06,0.0002625,191.941
0,498475,4,phononTS,0.00256367,1.22123e-06,-0.00200142,0.0002625,714.956,0.000887323,1,-0.000214566,-0.00242151,-0.0002625,1613.43
0,498611,20,phononTS,0.000483007,0.00100455,-0.0029959,0.000262498,1916.37,0.000483007,1,0.0010539,-0.00182174,-0.0002625,2183.38
0,498666,10,phononTS,0.000428385,-0.00106377,0.00250307,-0.0002625,2737.44,0.000382,1,-3.22368e-06,0.00200143,0.0002625,3816.79
0,500363,8,phononTF,0.000564224,-0.00010144,0.00207031,-0.0002625,4560.54,0.000382,1,3.17688e-07,0.0020036,0.0002625,5865.75
0,502559,18,phononTS,0.000466065,-0.000934566,0.00103577,-0.0002625,8361.59,0.000382,1,-0.00100106,0.00100284,0.0002625,9029.99
0,503082,4,phononL,0.00161641,0.00238389,-0.000114064,-0.0002625,11.0053,0.000382,1,0.00200301,-1.5666e-06,0.0002625,304.992
0,503155,2,phononTF,0.00047538,0.000544164,0.000515399,-0.0002625,25.5309,0.000382,1,3.96293e-06,2.86853e-06,0.0002625,1194.58
0,506541,5,phononTS,0.000797126,0.00196823,-2.76786e-05,-0.0002625,353.336,0.000382,1,0.00199895,2.26468e-06,0.0002625,629.128
0,507655,11,phononL,0.00114878,0.00157061,-0.00113432,-0.0002625,198.727,0.000382,1,0.00099825,-0.000995588,0.0002625,453.893
0,507655,12,phononTS,0.00071658,0.00099825,-0.000995588,0.000262498,453.893,0.000297229,1,-0.00126293,-0.00323186,-0.0002625,1064.75
0,509209,5,phononTS,0.000864891,0.0026405,-0.00225374,-0.0002625,763.76,0.000382,1,0.000998984,-0.00100191,0.0002625,2907.89
0,510649,2,phononTF,0.00230909,0.00238902,-0.000371198,-0.0002625,19.3891,0.000382,1,0.00199889,4.28011e-06,0.0002625,277.449
0,510649,16,phononTS,0.00130556,0.00199889,4.28011e-06,0.000262498,277.449,0.000214772,1,0.00167279,-0.000158199,-0.0002625,411.69
0,513488,16,phononL,0.00145918,0.00222987,-0.00155405,-0.0002625,201.159,0.000382,1,0.00199639,-0.00200382,0.0002625,437.977
0,519151,2,phononTF,0.00555439,0.00185246,-0.00187524,0.00016764,41.8081,0.000764,1,0.00199878,-0.001995,0.0002625,782.96
0,523353,4,phononTF,0.00115308,0.000512454,0.00049782,-0.0002625,273.803,0.000382,1,-4.19088e-06,-4.48177e-06,0.0002625,2393.06
0,531150,10,phononL,0.000498987,0.00116756,0.000293555,-0.0002625,1011.48,0.000382,1,0.00100327,0.00100413,0.0002625,1503.2
0,532647,17,phononTF,0.000412113,-0.0019559,-0.00195089,-0.000262498,20701.4,0.000382,1,-0.00200364,-0.00199822,0.0002625,20792
0,535395,4,phononTF,0.000722533,0.00193106,-5.90749e-05,-0.0002625,4755.12,0.000382,1,0.0020031,-3.23307e-06,0.0002625,5870.31
0,536642,7,phononL,0.000635907,0.00245092,-0.000223528,-0.000262498,911.529,0.000382,1,0.00200237,-3.2074e-06,0.0002625,990.533
0,543521,15,phononTF,0.000435908,0.00268307,0.0011719,-0.0002625,681.335,0.000382,1,0.00300126,0.00100394,0.0002625,1294.29
0,545463,6,phononTS,0.00061319,-0.000383477,-0.00100052,-0.0002625,204.271,0.000382,1,-0.00100459,-0.00100448,0.0002625,1345.25
0,546759,14,phononTF,0.000472856,-0.000545289,0.000525871,-0.000262498,2979.83,0.000382,1,-2.62133e-07,-3.24154e-06,0.0002625,3137.82
0,546759,2,phononTF,0.00145287,0.00316152,-0.000367824,0.000262498,730.416,0.00103416,1,0.00323375,-0.000405853,-0.0002625,821.71
0,550268,9,phononTS,0.000748804,0.00229388,0.00292537,-0.0002625,1169.7,0.000382,1,0.00199864,0.00200383,0.0002625,4635.27
0,552240,3,phononTS,0.000861508,0.00200545,-2.44059e-05,-0.0002625,823.446,0.000382,1,0.00199635,-6.97849e-07,0.0002625,1185.35
0,557680,24,phononTF,0.000710133,0.000362653,-0.00165042,-0.0002625,4160.99,0.000382,1,1.36788e-06,-0.00199669,0.0002625,4653.41
0,564517,8,phononTS,0.000398445,2.26533e-06,0.00200206,0.000262498,3941.65,0.000398445,1,-0.000832116,0.0025264,-0.0002625,4173.1
0,565131,6,phononTS,0.000604063,0.00275492,0.00201069,-0.0002625,508.585,0.000382,1,0.00200156,0.00200308,0.0002625,4981.45
0,565412,6,phononTS,0.00073426,-0.000836318,0.00111182,-0.0002625,5987.11,0.000382,1,-3.9974e-06,0.00200425,0.0002625,9742.23
0,565465,11,phononTF,0.00129547,0.00299963,0.00100452,0.000262498,4036.08,0.000430789,1,0.00315847,0.00115957,-0.0002625,4133.66
0,566369,9,phononTS,0.000406392,0.00259145,-6.32187e-05,-0.000262498,4723.33,0.000382,1,0.00199831,-4.14318e-06,0.0002625,4881.98
0,572719,11,phononTS,0.00135067,-0.00297095,-0.000985294,-0.0002625,2051.13,0.000382,1,-0.00299812,-0.000996726,0.0002625,2729.34
0,577850,20,phononTS,0.0006561,0.0020027,-0.00200306,0.000262498,6953.66,0.0006561,1,0.00202217,-0.00205495,-0.0002625,7045.57
0,578660,3,phononTS,0.00260059,0.00213418,-0.00181309,-0.0002625,45.5012,0.001146,1,0.00200205,-0.00199993,0.0002625,747.508
0,581525,4,phononTS,0.00174901,0.00195203,5.0798e-05,-0.000262498,238.353,0.000382,1,0.0019951,9.52746e-07,0.0002625,332.601
0,586256,4,phononTS,0.00173341,0.00234964,-0.000219801,-0.000262498,477.545,0.000764,1,0.00199999,1.99284e-06,0.0002625,619.454
0,586256,9,phononTF,0.000388309,0.00199999,1.99284e-06,0.000262498,619.454,0.000388309,1,0.00220717,-0.000182448,-0.0002625,721.828
0,586446,24,phononTS,0.00050053,0.00152418,0.00222037,-0.000262498,1643.23,0.000382,1,0.00199853,0.00200046,0.0002625,1800.1
0,586447,1,phononTF,0.01,0.00273488,-0.000842907,-0.000249078,0,0.00246719,1,0.00274325,-0.000843856,-0.0002625,246.441
0,587715,6,phononTS,0.000500289,0.00148193,0.000418562,-0.000262498,1482.2,0.000382,1,0.00100194,0.00100299,0.0002625,1677.11
0,587715,2,phononTS,0.00101723,0.00277773,-0.000698178,0.000262498,9.24651,0.000312955,1,0.00424307,-0.000173612,-0.0002625,342.748
0,588082,12,phononTF,0.000487599,0.00300382,0.000995447,0.000262498,2586.27,0.000487599,1,0.00331583,0.000580342,-0.0002625,2716.61
0,588082,2,phononTS,0.0036894,0.00303406,-0.000592405,0.000160714,185.692,0.00151312,1,0.00298149,-0.000697892,-0.0002625,271.73
0,597616,2,phononTS,0.000606848,0.00296884,0.000722379,-0.0002625,4.63236,0.000382,1,0.00300435,0.000997947,0.0002625,723.532
0,599132,3,phononTF,0.00216208,0.00238345,-0.000375146,-0.0002625,39.0553,0.001146,1,0.00199543,-4.33899e-07,0.0002625,296.637
0,599782,6,phononTF,0.000420199,-0.00210807,-0.00222864,-0.0002625,2502.72,0.000382,1,-0.00199875,-0.00199727,0.0002625,3195.94
0,600324,3,phononTF,0.0019707,0.00288522,-0.00110879,-0.0002625,291.747,0.000764,1,0.00199771,-0.00199981,0.0002625,663.902
0,603736,11,phononTF,0.000893696,0.00217363,0.000177285,-0.0002625,1437.68,0.000382,1,0.00200215,3.26758e-06,0.0002625,2484.65
0,604054,18,phononTF,0.000476522,-0.0023287,-0.00234143,-0.0002625,4595.69,0.000382,1,-0.00199999,-0.00199994,0.0002625,4958.78
0,604845,3,phononTS,0.00164953,0.00155319,-0.000104944,-0.0002625,73.9998,0.000382,1,0.00100269,0.0010027,0.0002625,1365.8
0,606496,8,phononTS,0.000505623,0.00304684,0.0010037,-0.0002625,214.34,0.000382,1,0.0029966,0.000998374,0.0002625,1090.08
0,606496,2,phononTS,0.00126507,0.005,-0.00304138,-0.00019418,86.1657,0.000148055,1,0.00458515,-0.00346447,-0.0002625,782.114
0,606724,8,phononTS,0.000438919,0.00200425,0.0020028,0.000262498,3304.5,0.000438919,1,0.00197041,0.00205315,-0.0002625,3393.72
0,609569,6,phononTS,0.00119748,-0.00100359,-0.00100249,0.000262498,5351.93,0.00119748,1,-0.00192868,-0.00126229,-0.0002625,5575.39
0,611657,14,phononL,0.00183324,0.00175451,-0.000780427,-0.0002625,1806.93,0.000382,1,0.00199559,-5.52168e-07,0.0002625,3384.11
0,622205,8,phononTS,0.000460077,0.00299509,0.00100077,0.0002625,630.388,0.000460077,1,0.00295292,0.00133981,-0.0002625,1376.09
0,623820,6,phononTF,0.000658635,0.000685674,-0.00131988,-0.0002625,495.62,0.000382,1,0.000997045,-0.00100161,0.0002625,1892.42
0,626061,5,phononTF,0.000449629,0.000915921,-0.003019,-0.000262498,1019.44,0.000382,1,0.00099612,-0.0029978,0.0002625,1110.97
0,626061,3,phononL,0.00236949,0.00271069,-0.00066986,0.000262498,15.0764,0.000628502,1,0.00323857,0.000785374,-0.0002625,197.765
0,628048,5,phononTF,0.000504628,0.00177917,-0.000154012,-0.000262498,386.7,0.000382,1,0.00200157,-4.54439e-06,0.0002625,489.696
0,628048,3,phononTS,0.000984152,0.0024421,-0.000421294,0.000262498,290.237,0.000984152,1,0.000485416,0.000524159,-0.0002625,723.159
0,636557,6,phononTF,0.000509431,-0.00141833,0.0014381,-0.0002625,363.173,0.000382,1,-0.000999169,0.00100498,0.0002625,2380.47
0,640924,6,phononTS,0.000729765,-0.000620122,0.001213,-0.0002625,1823.79,0.000382,1,-0.000997735,0.00100053,0.0002625,5549.8
0,645313,3,phononL,0.00217723,0.00188739,-0.000837263,-0.0002625,1.96744,0.000764,1,0.00100102,-0.00100133,0.0002625,226.968
0,646130,16,phononTF,0.000461273,0.000232364,-0.000224291,-0.000262498,5640.75,0.000382,1,-1.92468e-06,-1.1377e-06,0.0002625,5746.26
0,651719,7,phononTF,0.000492419,0.00199688,-0.00200345,0.000262498,1801.1,0.000492419,1,0.00154813,-0.00153984,-0.0002625,1943.42
0,651719,2,phononTS,0.00232065,0.00259712,-0.000662143,0.000262498,158.452,0.000474039,1,0.00380661,-0.000444327,-0.0002625,434.064
0,653448,8,phononTF,0.00261655,0.000999147,-0.00100114,0.000262498,834.926,0.000749473,1,0.000696772,-0.000689497,-0.0002625,951.525
0,658647,9,phononTF,0.000597572,0.00159916,-0.00158178,-0.000262498,1241,0.000382,1,0.00199874,-0.00199581,0.0002625,1375.08
0,659373,5,phononTS,0.000957887,0.00199806,-5.2115e-05,-0.0002625,1048.5,0.000764,1,0.00200059,2.3937e-06,0.0002625,1664.13
0,662707,7,phononTF,0.000621079,0.00117744,0.000820339,-0.000262498,3229.18,0.000382,1,0.000998011,0.00100311,0.0002625,3329.18
0,665472,47,phononTS,0.000862612,0.00011904,-0.0022144,-0.0002625,7690.49,0.000382,1,8.07149e-07,-0.00200069,0.0002625,8248.09
0,672385,15,phononTS,0.000468108,0.000854801,-0.00124265,-0.0002625,5617.12,0.000382,1,-0.000998781,0.00100134,0.0002625,7731.78
0,672385,2,phononTS,0.00057445,0.00274071,-0.000641657,0.000262498,10.3702,0.0002005,1,0.00323312,-0.00169034,-0.0002625,261.509
0,674198,3,phononTS,0.00152482,0.00312809,0.00104158,-0.0002625,4.69446,0.000382,1,0.00299791,0.00099912,0.0002625,1349.24
0,676522,30,phononTS,0.000835271,0.00204887,-4.72568e-05,-0.0002625,5481.75,0.000382,1,0.00199871,4.03771e-06,0.0002625,7057.71
0,676847,5,phononTS,0.000393035,0.00241946,0.00166821,-0.0002625,524.915,0.000382,1,0.00199603,0.00200361,0.0002625,1690
0,676847,2,phononTS,0.00141193,0.00274071,-0.000647717,0.000262498,12.7594,0.000588671,1,0.00271998,-0.000597197,-0.0002625,104.787
0,682125,7,phononTS,0.000844648,0.0025817,4.85607e-06,-0.000262498,339.623,0.000382,1,0.00299731,0.00100321,0.0002625,578.459
0,696309,20,phononTS,0.000453433,-3.42813e-06,-0.0026671,-0.000262498,2134.86,0.000382,1,3.73019e-06,-0.00199544,0.0002625,2303.86
0,697620,6,phononTF,0.00088479,0.00217027,0.000166672,-0.0002625,562.209,0.000382,1,0.00199742,-2.80856e-06,0.0002625,859.111
0,701940,6,phononL,0.00061333,0.00193716,0.00159328,-0.0002625,3189.05,0.000382,1,0.00200186,0.00200237,0.0002625,3847.74
0,705953,6,phononTS,0.00173034,0.00274544,-0.000922923,-0.000262498,426.696,0.000382,1,0.0019964,-0.00200406,0.0002625,713.679
0,706776,8,phononTS,0.000795277,-8.52681e-07,1.07548e-06,0.000262498,808.533,0.000795277,1,-0.000550896,-4.56666e-05,-0.0002625,961.228
0,708805,10,phononTF,0.000570604,-0.000670092,0.000287098,-0.0002625,3865.8,0.000382,1,-0.00100158,0.00100034,0.0002625,6452.7
0,709537,14,phononTF,0.00132494,-0.00175808,-0.00224216,-0.0002625,1764.53,0.000382,1,-0.00300481,-0.000999134,0.0002625,2708.05
0,710894,6,phononTS,0.00102149,0.00301205,0.00101383,-0.0002625,801.243,0.000382,1,0.00299807,0.000998233,0.0002625,1250.24
0,722681,2,phononL,0.000516393,0.00287985,0.000178814,-0.0002625,7.38548,0.000382,1,0.00299611,0.000995502,0.0002625,217.386
0,725047,11,phononL,0.00219234,0.0022803,6.61691e-05,-0.0002625,363.27,0.000764,1,0.00199607,8.05582e-08,0.0002625,565.864
0,727733,30,phononTS,0.000610146,0.000285594,0.00158475,-0.0002625,3452.89,0.000382,1,4.69082e-06,0.00200232,0.0002625,4176.57
0,727938,5,phononTS,0.000861732,0.0020264,2.43735e-05,-0.0002625,577.534,0.000382,1,0.00199536,-2.77957e-06,0.0002625,1232.39
0,732052,13,phononTF,0.000594696,0.00299989,0.00100492,0.000262498,289.847,0.000594696,1,0.00333608,0.00133607,-0.0002625,410.686
0,733781,12,phononTF,0.000433023,0.00376083,0.000309237,-0.0002625,1330.09,0.000382,1,0.00300282,0.00100357,0.0002625,2144.82
0,746034,8,phononTF,0.000507296,0.00199941,-0.00199716,0.0002625,2389.05,0.000507296,1,0.00178349,-0.00179642,-0.0002625,2596.32
0,746305,10,phononTS,0.000820375,0.00252798,0.0021726,-0.000262498,3228.18,0.000382,1,0.00199997,0.00199824,0.0002625,3388.66
0,754043,9,phononTF,0.000520745,0.00113766,-0.00114996,-0.0002625,1457.71,0.000382,1,0.000996771,-0.00100264,0.0002625,1746.9
0,761575,2,phononTS,0.0029387,0.00200455,3.81388e-06,0.0002625,868.759,0.000524039,1,0.00202509,5.68935e-05,-0.0002625,1048.15
0,763166,4,phononTF,0.000633915,0.00249302,0.000551546,-0.000262498,630.217,0.000382,1,0.00199816,3.25571e-07,0.0002625,787.686
0,763166,2,phononTF,0.00216131,0.00276018,-0.000687419,0.000262498,6.35522,0.00216131,1,0.005,-0.000649306,0.000244552,391.5
0,763167,3,phononTF,0.00468715,0.00474715,-0.00337349,0.000153626,496.04,0.00265397,1,0.00466872,-0.00345534,-0.0002625,1216.92
0,768246,4,phononTF,0.0010091,0.00139056,0.000600572,-0.0002625,832.351,0.000764,1,0.000999193,0.000998557,0.0002625,1488.19
0,768758,6,phononTS,0.000511324,0.000165882,-6.11077e-05,-0.0002625,312.537,0.000382,1,1.2538e-06,4.05272e-06,0.0002625,1671.71
0,772247,15,phononL,0.00049621,-0.00242761,0.00010729,-0.0002625,4345.65,0.000382,1,-0.00200156,-4.74285e-06,0.0002625,4567.8
0,775241,13,phononTF,0.000508569,0.000998022,-0.00100271,0.000262498,5361.46,0.000508569,1,0.000403077,-0.00158814,-0.0002625,5530.82
0,776878,15,phononTS,0.000596545,0.00160205,-0.00306291,-0.0002625,4599.95,0.000382,1,0.000999622,-0.00300167,0.0002625,6576.93
0,777814,7,phononTF,0.000490911,0.00112006,-0.00287828,-0.0002625,350.711,0.000382,1,0.00100072,-0.00300155,0.0002625,1958.33
0,779037,6,phononTF,0.000580813,0.00061349,-0.000600228,-0.0002625,684.04,0.000382,1,9.61719e-07,-4.27577e-07,0.0002625,1572.71
0,779142,6,phononTS,0.00137144,0.00200243,-0.00199631,0.0002625,1080.17,0.000102848,1,0.00197394,-0.00200892,-0.0002625,4265.11
0,780111,4,phononTS,0.00119611,0.00223723,-0.000252068,-0.0002625,193.264,0.000764,1,0.00200295,1.71683e-06,0.0002625,591.45
0,780111,2,phononTS,0.00435778,0.0026776,-0.000774151,-0.000167343,173.321,0.000912412,1,0.0027704,-0.00270835,-0.0002625,587.903
0,798640,3,phononTF,0.00304272,0.00176166,-0.00167968,-0.0002625,8.06148,0.000382,1,0.00200322,-0.0020046,0.0002625,503.344
0,799048,11,phononL,0.000789176,0.00100038,-0.00100151,0.000262498,2671.08,0.000720439,1,0.0016747,1.62246e-05,-0.0002625,2822.01
0,799048,6,phononTS,0.00197689,0.005,0.000632818,-0.000164455,894.324,0.00052453,1,0.00498064,0.000590907,-0.0002625,1319.13
0,802584,9,phononTF,0.000449308,-0.00149036,0.00249322,-0.000262498,1583.79,0.000382,1,-0.000999107,0.00300082,0.0002625,1734.38
0,802584,2,phononTS,0.00130897,0.00280174,-0.0005923,0.000262498,18.7875,0.000588087,1,0.00277546,-0.000434098,-0.0002625,122.613
0,802662,5,phononTF,0.000436995,0.00216501,-0.00215001,-0.0002625,3207.39,0.000382,1,0.00200391,-0.00199527,0.0002625,3508.81
0,805022,7,phononTF,0.000566559,0.00143121,0.00360607,-0.0002625,1162.18,0.000382,1,-0.00100177,0.000999379,0.0002625,7393.94
0,806680,4,phononTS,0.00115597,-0.000369591,-0.000945153,-0.0002625,0.639825,0.000382,1,-0.000997929,-0.000999397,0.0002625,983.526
0,806680,5,phononTS,0.000657231,-0.000997929,-0.000999397,0.000262498,983.526,0.000493309,1,-0.000956645,-0.000721427,-0.0002625,1100.39
0,806894,7,phononTF,0.000640891,-0.000170848,0.000563653,-0.000262498,3431.21,0.000382,1,-0.0009966,0.00100194,0.0002625,3627.03
0,811055,4,phononTS,0.000568835,0.00200458,-2.52031e-05,-0.0002625,431.852,0.000382,1,0.00199868,2.52961e-06,0.0002625,1080.47
0,816145,11,phononTS,0.000413814,0.00300393,0.00100239,0.000262498,1877.3,0.000413814,1,0.00298131,0.00096095,-0.0002625,1969.52
0,816777,16,phononTF,0.000760754,0.00180653,-0.00211094,-0.0002625,4229.49,0.000382,1,0.00100084,-0.00299549,0.0002625,5112.1
0,816777,4,phononTF,0.000925374,0.00331161,0.000122732,0.000262498,901.922,0.00058643,1,0.00293714,-0.000259439,-0.0002625,1030.23
0,816942,11,phononTS,0.000384984,0.00204388,-1.64866e-05,-0.0002625,2418.21,0.000382,1,0.00199548,3.99268e-06,0.0002625,3056.82
0,823285,20,phononTS,0.000384691,-0.005,-0.00383618,-0.000141976,10373.5,0.000384691,1,-0.00476897,-0.00373813,-0.0002625,13787.9
0,825765,4,phononTS,0.00193278,0.00191595,-0.00195338,-0.0002625,895.709,0.001146,1,0.00200169,-0.001996,0.0002625,1381.03
0,836172,12,phononTF,0.00053558,-0.00216478,-0.0021728,-0.000262498,4116.84,0.000382,1,-0.00199847,-0.00199802,0.0002625,4216.06
0,843112,10,phononTS,0.000613677,0.00098767,0.000784804,-0.0002625,3155.72,0.000382,1,0.000998501,0.000999533,0.0002625,5874.41
0,843828,5,phononL,0.000484822,0.00213728,-0.00291617,-0.0002625,5657.66,0.000382,1,0.00199697,-0.00199949,0.0002625,7991.72
0,846827,3,phononTS,0.00155082,0.00196637,-1.19597e-05,-0.0002625,1111.06,0.000764,1,0.00199652,4.10616e-06,0.0002625,1668.62
0,850683,3,phononTF,0.00247391,0.00137619,-0.00132496,-0.0002625,388.504,0.000382,1,0.000998461,-0.000999021,0.0002625,1649.08
0,855931,12,phononTS,0.000494501,0.000181866,0.000217016,-0.000262498,6053.17,0.000382,1,0.00100212,0.00100069,0.0002625,6310.35
0,858052,5,phononTF,0.000808226,-0.00267704,-0.00119557,-0.000262498,7458.07,0.000382,1,-0.00299733,-0.000999011,0.0002625,7572.92
0,862272,4,phononL,0.00208741,0.00238915,-0.00033659,-0.0002625,3.12521,0.000764,1,0.00200465,9.19743e-07,0.0002625,163.673
0,871164,14,phononTF,0.000862048,0.0042436,-0.005,-4.87068e-05,1219.81,0.000264289,1,0.00408948,-0.00483952,-0.0002625,3977.15
0,872460,7,phononTS,0.000617982,0.00194446,-0.00204226,-0.000262498,365.365,0.000382,1,0.0019962,-0.00200469,0.0002625,458.46
0,872580,14,phononTS,0.00102549,0.00185351,0.00163798,-0.0002625,10137.6,0.000382,1,0.00199568,0.00200179,0.0002625,10823.3
0,873251,6,phononTS,0.00108685,0.00373844,0.00181065,-0.000262498,1190.29,0.000764,1,0.0010041,-0.00100221,0.0002625,1896.09
0,875668,27,phononTF,0.000442774,-0.00366454,-0.00154133,-0.0002625,33718.8,0.000382,1,-0.00300293,-0.000999907,0.0002625,34210.3
0,885098,4,phononTS,0.00111281,0.000712637,-0.00189713,-0.0002625,69.136,0.000764,1,-5.71424e-07,-0.00200245,0.0002625,1073.17
0,885098,2,phononTF,0.00282489,0.00268007,-0.000747508,0.00020132,54.3567,0.00182804,1,0.00259666,-0.000664922,-0.0002625,136.264
0,886980,12,phononTF,0.000480099,0.00110032,-0.00306567,-0.0002625,2547.69,0.000382,1,0.000999182,-0.00300346,0.0002625,3009.84
0,888188,8,phononTS,0.000867868,0.00279114,0.00108169,-0.000262498,1594.42,0.000382,1,0.00299836,0.00100166,0.0002625,1709.51
0,888221,7,phononL,0.000530455,0.00379532,0.00110505,-0.0002625,1185.05,0.000382,1,0.00300091,0.000995572,0.0002625,1463.46
0,888221,3,phononTF,0.00179994,0.00277103,-0.000658779,0.000262498,4.40368,0.00179994,1,0.00308266,-0.000333421,-0.0002625,122.753
0,889241,3,phononL,0.0022638,0.000237546,-0.00204257,-0.0002625,687.207,0.000764,1,1.40313e-06,-0.00199612,0.0002625,2927.24
0,891359,8,phononTS,0.000743916,0.00312905,0.000727563,-0.0002625,1474.41,0.000382,1,0.00299837,0.00100431,0.0002625,2357.77
0,893110,8,phononTS,0.000490234,-0.000998241,0.0030009,0.000262498,4808.43,0.000490234,1,-0.000813487,0.00329487,-0.0002625,4940.89
0,893939,8,phononTF,0.000832748,8.99142e-05,0.00135634,-0.0002625,3535.71,0.000382,1,0.00200276,-4.20716e-06,0.0002625,4795.56
0,894981,5,phononTS,0.000884545,0.00345281,-0.000129526,-0.0002625,793.779,0.000382,1,0.00200458,0.0020048,0.0002625,2104.5
0,900050,3,phononTF,0.00261647,0.00289832,-0.00070822,-0.0002625,263.636,0.001528,1,0.0019971,1.53644e-06,0.0002625,1105.22
0,900526,8,phononTS,0.000833927,0.00285443,0.000861544,-0.0002625,7883.52,0.000382,1,0.00300408,0.000998167,0.0002625,8920.6
0,904557,2,phononTF,0.00105799,0.00225576,-0.000252054,-0.0002625,91.577,0.000382,1,0.00199635,8.6308e-07,0.0002625,309.943
0,906597,15,phononTS,0.000461214,0.005,-0.000847794,-2.86724e-05,3425.23,0.000382,1,0.0030046,0.0010014,0.0002625,4427.2
0,909465,13,phononTS,0.000570743,-0.000995624,0.000996829,0.0002625,2128.55,0.000570743,1,-0.00177652,0.0012803,-0.0002625,5604.51
0,910576,3,phononTS,0.00457021,0.0027794,0.000247095,-0.0002625,315.585,0.001528,1,0.00300094,0.00100132,0.0002625,743.114
0,910576,4,phononTS,0.00178646,0.00300094,0.00100132,0.000262498,743.114,0.000884258,1,0.00265109,0.000966093,-0.0002625,868.842
0,911425,6,phononTF,0.000729345,0.00200267,9.59345e-09,0.0002625,284.014,0.00022116,1,0.00157651,0.000342484,-0.0002625,549.908
0,916373,20,phononTF,0.000568975,0.00099956,-0.00299905,0.000262498,3870.01,0.000568975,1,0.000944994,-0.00305365,-0.0002625,3960.85
0,928150,26,phononTS,0.000531538,0.00301494,-0.00367567,-0.000262498,4898.94,0.000382,1,0.00200292,-0.00199514,0.0002625,5292.86
0,932692,5,phononL,0.00125031,0.000762769,-0.000334025,-0.0002625,401.557,0.000764,1,-3.13559e-07,-2.72278e-06,0.0002625,725.024
0,932692,3,phononTF,0.00112347,0.00241872,-0.000610171,0.000262498,95.7305,0.000701669,1,0.00257917,-0.000443706,-0.0002625,193.919
0,936344,8,phononTF,0.000434942,-0.00215713,0.00214324,-0.0002625,4058.94,0.000382,1,-0.00199627,0.00200381,0.0002625,5145.87
0,936344,2,phononTS,0.00520367,0.0016906,-0.00125587,-0.000237761,298.833,0.00264649,1,0.00169592,-0.00120566,-0.0002625,679.72
0,947128,8,phononTS,0.000477814,-0.000807452,0.00189276,-0.0002625,7619.97,0.000382,1,-0.000996231,0.00299888,0.0002625,10120.3
0,950018,2,phononL,0.000545668,0.000688107,-0.000160481,-0.0002625,22.0792,0.000382,1,-4.50301e-06,-4.87997e-06,0.0002625,402.237
0,950847,10,phononTF,0.00065977,0.00199598,4.74826e-06,0.000262498,1071.33,0.00065977,1,0.00283232,-0.000781201,-0.0002625,1288.82
0,950847,4,phononTF,0.000764661,0.00283602,-0.00059769,0.000262498,36.5701,0.000764661,1,0.00300713,-0.00077695,-0.0002625,136.266
0,952777,6,phononL,0.00218281,0.00300175,0.000996549,0.000262498,660.047,0.000517604,1,0.00304154,1.86786e-05,-0.0002625,779.213
0,956823,13,phononTS,0.00096252,3.08754e-05,0.00186578,-0.0002625,865.505,0.000382,1,-2.24709e-06,0.00199921,0.0002625,2429.24
0,957736,5,phononL,0.00205853,-0.005,-0.000788482,-0.000115324,30.035,0.000764,1,0.0010027,-0.00100457,0.0002625,1769.82
0,958399,20,phononTF,0.000471183,-0.00148682,0.00457846,-0.0002625,10422.9,0.000382,1,-0.00099505,0.00300472,0.0002625,10971.1
0,959443,7,phononTS,0.000448636,0.00301207,0.00097825,-0.000262498,1217.67,0.000382,1,0.00299643,0.000995933,0.0002625,1307.44
0,960884,10,phononTS,0.000437967,-0.00100904,0.00294715,-0.0002625,3222.78,0.000382,1,-0.000995868,0.0029958,0.0002625,3515.22
0,962205,8,phononTS,0.000486017,0.00288486,0.000253738,-0.0002625,422.642,0.000382,1,0.00299637,0.00100022,0.0002625,974.538
0,963569,4,phononTF,0.00181202,0.00231116,-0.000312225,-0.0002625,27.6391,0.001146,1,0.00200209,-3.6601e-06,0.0002625,262
0,963569,3,phononTS,0.00125543,0.00262021,-0.000620789,0.000262498,27.6391,0.00103897,1,0.00257012,-0.00109549,-0.0002625,169.693
0,964087,19,phononTF,0.000848538,-0.00175108,-0.00223862,-0.000262498,4074.7,0.000382,1,-0.00200047,-0.00199679,0.0002625,4182.49
0,975070,7,phononTS,0.000449086,0.00200312,5.4263e-07,0.000262498,426.487,0.000449086,1,0.00184108,0.000414086,-0.0002625,571.218
0,979381,17,phononL,0.00048519,0.00328243,0.00164602,-0.0002625,2642.82,0.000382,1,0.00100038,0.00100404,0.0002625,3961.18
0,982897,2,phononTF,0.00170796,-0.00229312,0.00215271,-0.0002625,44.4899,0.000764,1,-0.00199846,0.00200417,0.0002625,4216.9
0,987958,3,phononTS,0.00285688,0.00174872,-4.31822e-05,-0.0002625,34.0139,0.001146,1,0.00200052,1.66159e-06,0.0002625,1424.21
0,990996,4,phononTF,0.000737831,0.00127283,-0.000865984,-0.0002625,1148.47,0.000382,1,0.00099599,-0.00100432,0.0002625,1474.32
0,994629,9,phononTS,0.000445899,0.00197132,0.00213903,-0.0002625,3170.54,0.000382,1,0.00200363,0.00199719,0.0002625,3477.86
0,999743,5,phononTS,0.00197053,0.00290811,-0.000613537,-0.0002625,76.6553,0.000382,1,0.00100294,-0.00300139,0.0002625,937.12
0,1005595,9,phononTF,0.000992497,0.00250495,-0.000426853,-0.000262498,196.151,0.000382,1,0.00199765,1.17683e-06,0.0002625,343.949
0,1005595,15,phononTF,0.000581859,0.00199765,1.17683e-06,0.000262498,343.949,0.000581859,1,0.00273196,0.0007416,-0.0002625,543.813
0,1006041,9,phononTS,0.000718045,-3.64922e-06,-0.00200453,0.0002625,1398.64,0.000718045,1,5.20876e-05,-0.00184972,-0.0002625,1615.21
0,1008016,3,phononTS,0.00291152,0.00218898,-0.000269025,-0.0002625,1098.04,0.000764,1,0.00200285,1.17667e-06,0.0002625,1488.08
0,1008016,20,phononL,0.00196192,0.00200285,1.17667e-06,0.000262498,1488.08,0.00122048,1,0.00178562,0.000589258,-0.0002625,1576.66
0,1015138,5,phononTS,0.000408006,0.00240325,-0.00364478,-0.0002625,172.596,0.000382,1,0.00100178,-0.00299916,0.0002625,6363.8
0,1015370,9,phononTS,0.0015051,-0.000878525,0.00167531,-0.0002625,1197.87,0.000764,1,-0.00199839,0.00199746,0.0002625,8193.96
0,1020917,15,phononTS,0.000471984,0.00204697,-0.0020226,-0.000262498,1192.49,0.000382,1,0.00200091,-0.00200083,0.0002625,1284.72
0,1022867,12,phononTF,0.000437627,0.00196949,-0.00196659,-0.0002625,6868.27,0.000382,1,0.00199757,-0.00199621,0.0002625,7138.72
0,1022867,2,phononTF,0.0016165,0.00277945,-0.000670932,0.000262498,3.12183,0.000788981,1,0.0019335,0.000182186,-0.0002625,227.699
0,1022914,8,phononTF,0.000861273,0.00182806,-0.000407601,-0.000262498,1161.44,0.000382,1,0.00299938,0.000998758,0.0002625,1491.72
0,1032974,13,phononTF,0.000395937,2.01251e-05,0.000130992,-0.0002625,4437.65,0.000382,1,2.13294e-06,-2.01986e-06,0.0002625,6564.53
0,1033093,9,phononTF,0.000949111,0.00409168,0.000470838,-0.0002625,856.452,0.000382,1,2.42572e-06,-0.00199902,0.0002625,1901.19
0,1038900,14,phononTS,0.000940857,-0.00199975,4.42264e-06,0.000262498,8558.13,0.000940857,1,-0.00178511,4.96576e-05,-0.0002625,8667.66
0,1039010,16,phononTF,0.000409179,0.00204409,-5.93154e-05,-0.0002625,1662.5,0.000382,1,0.00200386,-3.90332e-06,0.0002625,2842.51
0,1042928,9,phononTF,0.000463356,0.00280702,0.00120028,-0.0002625,3599.15,0.000382,1,0.00299975,0.000997484,0.0002625,3909.87
0,1043289,26,phononTS,0.000756481,0.00182022,9.44464e-05,-0.000262498,13610.6,0.000382,1,0.00200407,1.73065e-06,0.0002625,13724.2
0,1053230,12,phononL,0.000625979,-0.00166617,0.00227783,-0.0002625,11374.5,0.000382,1,-0.0020033,0.00200447,0.0002625,11897.5
0,1065178,7,phononTF,0.000900031,0.00293799,0.000697546,-0.0002625,672.682,0.000382,1,0.00299939,0.000997786,0.0002625,1084.02
0,1066903,6,phononTS,0.0017629,0.00299724,0.000998062,0.0002625,1253.74,0.00116513,1,0.003035,0.00100468,-0.0002625,1435.49
0,1070544,6,phononTF,0.000968361,0.000677678,-0.00269057,-0.0002625,1137.76,0.000382,1,4.28474e-06,-0.00200214,0.0002625,3094.57
0,1070636,12,phononTS,0.000775207,0.00209045,-0.00240328,-0.000262498,780.057,0.000382,1,0.00200036,-0.00200322,0.0002625,918.212
0,1072634,2,phononTF,0.00184999,0.00235248,-0.000343357,-0.0002625,1822.56,0.000382,1,0.00199705,-2.27599e-06,0.0002625,2192.03
0,1072634,23,phononTS,0.000915281,0.00199705,-2.27599e-06,0.000262498,2192.03,0.000915281,1,-0.0027624,-0.00324718,-0.0002625,3255.81
0,1082258,12,phononTS,0.000414602,0.00100202,-0.00299977,0.000262498,8983.3,0.000414602,1,0.00168976,-0.00201895,-0.0002625,9250.53
0,1085215,13,phononTF,0.000487466,-0.000922551,-0.000740535,-0.000262498,6267.31,0.000382,1,-0.000997068,-0.000995511,0.0002625,6372.75
0,1088187,19,phononTF,0.000506048,0.00041878,-0.00244003,-0.0002625,554.409,0.000382,1,-3.69173e-06,-0.00200145,0.0002625,2481.03
0,1093757,2,phononTF,0.00338447,0.0017111,-0.00167126,-5.85576e-05,351.364,0.001146,1,0.0019974,-0.00199623,0.0002625,653.28
0,1097354,5,phononL,0.000999966,0.00149408,-0.00170702,-0.0002625,162.018,0.000382,1,0.000998464,-0.00100199,0.0002625,2724.44
0,1101370,18,phononTS,0.000561822,-0.00221045,0.00213738,-0.0002625,9714.32,0.000382,1,-0.00200316,0.00200476,0.0002625,10547.6
0,1103260,13,phononTS,0.000626009,-0.000532035,-0.00103042,-0.000262498,2570.39,0.000382,1,-0.00100008,-0.000999381,0.0002625,2711.73
0,1104588,9,phononTS,0.000536171,9.43821e-05,-0.00190257,-0.000262498,1382.75,0.000382,1,-4.23929e-06,-0.00199695,0.0002625,1488.92
0,1110997,3,phononTS,0.00191765,0.00220356,-0.00167482,-0.0002625,6.37893,0.000764,1,0.00200456,-0.00200004,0.0002625,554.997
0,1118180,3,phononTS,0.00193437,0.00100986,0.000867106,-0.0002625,26.7134,0.000382,1,0.00100113,0.00100434,0.0002625,1102.1
0,1118180,4,phononTS,0.00111892,0.00100113,0.00100434,0.000262498,1102.1,0.000651232,1,0.000983636,0.0010477,-0.0002625,1192.23
0,1118264,10,phononTS,0.000541328,0.00198914,-0.000473618,-0.000262498,4304.99,0.000382,1,0.00199859,2.40268e-06,0.0002625,4448.41
0,1119045,10,phononTS,0.000548417,-0.000769948,-0.00215944,-0.000262498,1778.87,0.000382,1,0.00100196,-0.00100455,0.0002625,2194.09
0,1123865,19,phononTS,0.000604381,-0.00160533,-0.00162961,-0.0002625,5336.02,0.000382,1,0.00100377,-0.00300265,0.0002625,7168.4
0,1128840,7,phononTF,0.000876354,0.000274321,0.0017312,-0.0002625,634.382,0.000382,1,4.65083e-06,0.00200366,0.0002625,1641.27
0,1130296,15,phononTS,0.000573915,0.0020419,-0.000780737,-0.000262498,7239.57,0.000382,1,0.00200372,-7.35e-07,0.0002625,7426.79
0,1131888,7,phononTS,0.000520079,-0.00150516,-0.000484256,-0.000262498,5041.03,0.000382,1,-0.00100076,-0.00100277,0.0002625,5230.84
0,1134940,3,phononTF,0.000728551,0.00174104,0.000252524,-0.0002625,163.074,0.000382,1,0.00200057,-2.10284e-06,0.0002625,643.452
0,1134940,2,phononTS,0.000576071,0.00279912,-0.000795347,0.000262498,163.074,7.14946e-05,1,0.00276971,-0.000841593,-0.0002625,252.486
0,1135720,9,phononTF,0.000741153,-0.00145807,0.0014585,-0.000262499,4343.78,0.000382,1,-0.00100286,0.00099916,0.0002625,4486.57
0,1142173,10,phononTS,0.000462043,0.00184318,0.00042436,-0.000262498,2673.88,0.000382,1,0.00200088,-1.80392e-06,0.0002625,2819.88
0,1142890,21,phononTS,0.000473997,-0.000949762,0.00102764,-0.0002625,11299.1,0.000382,1,-0.00100479,0.000998519,0.0002625,12409.2
0,1145468,13,phononTS,0.00061691,0.000421442,-0.00211714,-0.0002625,4736.95,0.000382,1,0.00100332,-0.00300448,0.0002625,6277.49
0,1151871,16,phononTF,0.000433621,0.00282596,0.000780644,-0.0002625,2402.09,0.000382,1,0.00300307,0.00100376,0.0002625,3587.22
0,1156035,8,phononTS,0.000506411,0.00269528,-5.71233e-05,-0.0002625,1302.63,0.000382,1,0.000997866,-0.00300377,0.0002625,3076.86
0,1158303,4,phononTF,0.00202208,0.00300053,0.000999684,0.000262498,1661.67,0.000304959,1,0.00324457,0.00123612,-0.0002625,1768.7
0,1164867,5,phononTF,0.00157638,-0.00184655,-0.00216786,-0.0002625,1036.02,0.000382,1,-0.0020032,-0.0020003,0.0002625,1718.65
0,1166757,7,phononTF,0.000608572,0.00131639,-0.00267305,-0.000262498,896.803,0.000382,1,0.00200149,-0.00200238,0.0002625,1083.87
0,1171905,14,phononTS,0.000926811,-0.00250173,0.00105102,-0.0002625,5611.15,0.000382,1,-0.00200016,2.81226e-06,0.0002625,6856.83
0,1172311,3,phononTF,0.00104925,0.0021069,-0.000105837,-0.0002625,242.839,0.000382,1,0.00199988,-2.99769e-06,0.0002625,803.189
0,1172311,17,phononTS,0.000545046,0.00199988,-2.99769e-06,0.000262498,803.189,0.000545046,1,0.00194915,4.38099e-05,-0.0002625,896.981
0,1172831,7,phononTF,0.000644486,0.000666482,-0.00198807,-0.000262498,1088.37,0.000382,1,0.000999522,-0.00300424,0.0002625,1311.91
0,1174090,3,phononL,0.00285241,0.00199723,-0.000126354,-0.0002625,76.7967,0.000382,1,0.00199741,-0.00200279,0.0002625,789.81
0,1174587,8,phononTS,0.000444284,0.00200157,3.71903e-06,0.0002625,1112.8,0.000444284,1,0.00196587,0.00068396,-0.0002625,1452.44
0,1177583,5,phononTS,0.0004062,0.00128698,9.19056e-05,-0.000262498,571.873,0.000382,1,0.000997124,0.000999161,0.0002625,794.595
0,1178113,8,phononTS,0.000474983,-0.00163012,-0.00225497,-0.0002625,3817.49,0.000382,1,-0.00199694,-0.00200208,0.0002625,4787.12
0,1178114,3,phononTF,0.00580126,0.00405908,-0.000780167,-9.53643e-05,819.005,0.00224303,1,0.00422119,-0.000411816,-0.0002625,906.871
0,1179571,3,phononTF,0.00182825,0.00304818,0.000851335,-0.0002625,46.5574,0.000764,1,0.00299786,0.00100129,0.0002625,1035.47
0,1179622,17,phononTS,0.000480146,0.0003261,0.000389156,-0.0002625,4193.5,0.000382,1,0.0010008,-0.000997481,0.0002625,5152.98
0,1181239,3,phononTS,0.00173344,0.0019962,0.0019999,0.0002625,306.682,0.00100186,1,0.000771355,0.00233463,-0.0002625,2160.98
0,1184394,6,phononTS,0.000591728,0.00161893,0.00241837,-0.0002625,1733.51,0.000382,1,0.00100454,0.00100362,0.0002625,2841.43
0,1187447,7,phononTS,0.000599717,-0.000959735,0.00303088,-0.0002625,5705.97,0.000382,1,-0.00100137,0.00299821,0.0002625,6152.79
0,1190850,10,phononL,0.000491723,0.0013412,0.000782249,-0.0002625,5126.85,0.000382,1,-0.00199615,3.33625e-06,0.0002625,6219.34
0,1193440,7,phononTS,0.000979745,-0.00199501,-0.00199816,0.0002625,551.191,0.00083559,1,-0.00203432,-0.00203859,-0.0002625,10629.2
0,1199269,34,phononTS,0.000461344,0.00200056,-3.23196e-06,0.000262498,2504.98,0.000461344,1,0.00198858,3.80216e-05,-0.0002625,2595.45
0,1200492,5,phononTS,0.00136471,0.000998003,0.000999008,0.0002625,172.984,0.000150496,1,-0.000233848,0.00151563,-0.0002625,1325.74
0,1200651,20,phononTF,0.000513745,-0.00274999,-0.00237048,-0.0002625,4332.91,0.000382,1,-0.00300044,-0.00100034,0.0002625,4831.39
0,1206852,4,phononTF,0.00157964,0.00230765,-0.000244337,-0.0002625,670.551,0.000382,1,0.00199581,3.53542e-06,0.0002625,1236.87
0,1206852,18,phononTF,0.000781879,0.00199581,3.53542e-06,0.000262498,1236.87,0.000781879,1,0.00174825,-0.000177925,-0.0002625,1343.06
0,1208483,8,phononTS,0.000509144,0.00311665,0.00104367,-0.0002625,352.565,0.000382,1,0.00299981,0.000995101,0.0002625,835.427
0,1210638,16,phononTF,0.000410804,0.00333262,-0.00067943,-0.000262498,4710.27,0.000382,1,0.001996,-0.00199917,0.0002625,5044.13
0,1210638,4,phononTS,0.000768981,0.00268548,-0.000918924,0.000262498,253.733,0.000768981,1,0.00255351,3.05032e-05,-0.0002625,476.717
0,1211356,10,phononTS,0.000672597,0.00156203,-0.000217249,-0.000262498,822.597,0.000382,1,0.00200071,4.23029e-06,0.0002625,975.107
0,1214452,20,phononTS,0.000473879,-0.000938637,-0.00185118,-0.0002625,2978.93,0.000382,1,-4.90155e-06,-0.00199719,0.0002625,4241.01
0,1216746,2,phononTF,0.00096807,0.00129103,-0.00260449,-0.0002625,9.00165,0.000382,1,0.00099984,-0.0029981,0.0002625,769.684
0,1218750,7,phononTF,0.000551887,0.00172441,-0.00227202,-0.0002625,553.983,0.000382,1,0.00099871,-0.0029965,0.0002625,1148.01
0,1221647,4,phononTF,0.00256432,0.00267336,0.000604126,-0.0002625,620.691,0.001146,1,0.0029996,0.001002,0.0002625,1227.54
0,1221647,2,phononTS,0.00222663,0.00258379,-0.000638262,0.000209484,79.6741,0.000321866,1,0.0020332,-0.00205236,-0.0002625,392.56
0,1221755,14,phononTS,0.000639234,0.00141385,-0.000429212,-0.000262498,871.914,0.000382,1,0.00200396,-0.00199753,0.0002625,1217.97
0,1228124,7,phononTF,0.000610442,0.00070743,-0.00288912,-0.0002625,1319.51,0.000382,1,0.000995946,-0.00299654,0.0002625,1634.1
0,1228931,15,phononL,0.00043843,0.00310409,0.000472661,-0.0002625,2088.17,0.000382,1,0.00300064,0.000995204,0.0002625,3326.13
0,1240287,7,phononL,0.000463033,0.00300447,0.000998076,0.0002625,2418.07,0.000463033,1,0.00281066,0.00129284,-0.0002625,2558.62
0,1241055,6,phononTF,0.000480477,0.00210286,-6.73437e-05,-0.0002625,250.19,0.000382,1,0.00200483,6.53179e-07,0.0002625,528.005
0,1252452,1,phononL,0.01,0.00198842,-2.82878e-06,0.00025595,0,0.000382,1,0.00199618,6.31117e-07,0.0002625,865.826
0,1260592,5,phononTF,0.000453729,0.000369369,0.000345162,-0.0002625,397.176,0.000382,1,-4.45587e-06,-1.96422e-06,0.0002625,2401.99
0,1263291,13,phononTS,0.000524859,0.00108726,-0.000970883,-0.000262498,1688.77,0.000382,1,0.00100368,-0.000997347,0.0002625,1788.98
0,1272362,4,phononTF,0.00252117,0.00456145,0.00252721,-0.0002625,685.009,0.000382,1,0.00200132,-0.0020009,0.0002625,3214.7
0,1276220,11,phononTF,0.000576927,0.00205799,0.00194429,-0.0002625,3868.25,0.000382,1,0.0019961,0.00200349,0.0002625,4511.31
0,1280497,6,phononTS,0.0014737,-2.75204e-05,0.000130035,-0.0002625,3972.84,0.000382,1,1.928e-06,4.94329e-06,0.0002625,6197.6
0,1280749,8,phononTF,0.000587133,0.00486452,0.00248139,-0.0002625,353.257,0.000382,1,0.00299759,0.00100328,0.0002625,1732.08
0,1283571,5,phononTF,0.00110463,0.00229367,-0.000283453,-0.000262498,669.231,0.000764,1,0.00200131,-2.77852e-06,0.0002625,783.352
0,1283571,3,phononTF,0.0014,0.00280843,-0.000129401,0.000262498,340.405,0.000364138,1,0.00371781,-0.000675492,-0.0002625,553.538
0,1289508,6,phononTS,0.000606142,0.000999568,-0.00300006,0.0002625,2658.1,0.000285556,1,0.00134399,-0.00241978,-0.0002625,3020.28
0,1289992,6,phononL,0.00126302,-0.00129581,0.00196872,-0.000262498,1428.16,0.000382,1,4.19423e-06,0.00200102,0.0002625,1579.5
0,1292900,8,phononTS,0.000544873,-0.00194875,-0.0011976,-0.000262498,3993.69,0.000382,1,-0.00100081,-0.000999392,0.0002625,4215.26
0,1294230,19,phononL,0.000941915,0.00304934,0.000364316,-0.0002625,257.585,0.000382,1,0.00299964,0.00100431,0.0002625,435.273
0,1297837,10,phononTF,0.00110885,-0.00129822,0.00329295,-0.0002625,1024.21,0.000382,1,-0.00100241,0.00300119,0.0002625,4102.84
0,1299982,6,phononTS,0.000560897,0.00496492,0.005,-0.000183469,5409.4,0.000382,1,-0.00099976,0.000999994,0.0002625,8637.49
0,1301006,12,phononTF,0.000431477,-0.0017993,-0.00159179,-0.000262498,9263.79,0.000382,1,-0.00200213,-0.00200192,0.0002625,9390.78
0,1301673,7,phononTS,0.00108417,-0.00359699,-0.00261316,-0.0002625,1466.41,0.000764,1,-0.00300455,-0.00100266,0.0002625,2533.91
0,1301673,3,phononTF,0.000538817,0.00276861,-0.000627583,0.000262498,49.9279,0.000538817,1,0.00265563,-0.000513425,-0.0002625,143.997
0,1301673,2,phononTS,0.0013163,0.00276861,-0.000627583,0.000262498,49.9279,0.000681468,1,0.00281251,-0.000697362,-0.0002625,145.66
0,1305150,4,phononTF,0.000894478,0.00231467,-0.00169435,-0.0002625,667.109,0.000382,1,0.00199866,-0.00199716,0.0002625,1017.92
0,1307013,18,phononTS,0.000817456,0.005,0.000586936,-0.000201976,4932.26,0.000382,1,0.00100236,-0.00299744,0.0002625,7536.16
0,1308580,6,phononTF,0.000510503,-0.00195449,0.00203973,-0.000262498,4226.4,0.000382,1,-0.001997,0.00199901,0.0002625,4316.84
0,1314489,14,phononTS,0.000818207,0.00181786,-0.00106583,-0.000262498,585.636,0.000382,1,0.00199657,-4.73827e-06,0.0002625,825.886
0,1314490,1,phononTS,0.01,0.00323838,-0.000804952,7.20001e-06,0,0.000850451,1,0.00324272,-0.000784375,-0.0002625,643.179
0,1316725,16,phononTS,0.00048828,0.00201808,-0.00193738,-0.0002625,4238.35,0.000382,1,0.00199507,-0.00200254,0.0002625,4534.1
0,1316916,12,phononTS,0.000537127,0.00204953,-0.00199607,-0.0002625,907.78,0.000382,1,0.00199593,-0.00199648,0.0002625,2043.52
0,1317805,2,phononTS,0.00462458,0.00193913,-0.00113382,-0.0002625,250.63,0.002292,1,0.00199599,-0.00200314,0.0002625,1487.03
0,1333139,11,phononTS,0.00073375,-0.00103031,0.00144555,-0.000262498,3092.59,0.000382,1,-0.00100256,0.00100322,0.0002625,3230.8
0,1333140,1,phononTS,0.01,0.00308574,-0.00046522,-0.000259235,0,0.00456332,1,0.00308587,-0.000465983,-0.0002625,120.214
0,1337176,5,phononL,0.000765534,0.0019618,-6.91259e-05,-0.000262498,218.012,0.000382,1,0.00200181,-4.29489e-06,0.0002625,280.63
0,1337281,8,phononTS,0.000755053,-0.00103977,-0.000957368,-0.0002625,4090.38,0.000382,1,-0.000995362,-0.00099914,0.0002625,5742.69
0,1337736,25,phononTF,0.000670144,-0.00121472,0.00273523,-0.000262498,3033.28,0.000382,1,-0.000997869,0.00300436,0.0002625,3142.67
0,1338772,2,phononTF,0.00103808,0.00199736,-3.75848e-06,0.0002625,45.0677,0.000421693,1,0.00253013,-0.000554177,-0.0002625,780.821
0,1341740,12,phononTS,0.000433592,0.00179386,-0.00284041,-0.000262498,11302.6,0.000382,1,0.00200483,-0.00200263,0.0002625,11505.4
0,1350020,18,phononTF,0.000655207,0.000734278,0.00128485,-0.0002625,2700.59,0.000382,1,0.00100321,0.00100327,0.0002625,3036.06
0,1352072,6,phononTF,0.00137252,0.00119689,0.00098079,-0.0002625,13875.6,0.000382,1,0.00100018,0.0010034,0.0002625,14371.4
0,1354113,2,phononTF,0.00143797,0.00238635,-0.000388381,-0.0002625,22.5274,0.000764,1,0.0019951,1.81055e-06,0.0002625,284.032
0,1354272,17,phononTS,0.000409004,0.00133157,-0.000389167,-0.0002625,265.439,0.000382,1,0.00199853,4.52482e-06,0.0002625,4048.1
0,1356579,2,phononTS,0.000629884,-0.00134025,-0.000110909,-0.0002625,436.889,0.000382,1,-0.00200435,2.88624e-06,0.0002625,1887.86
0,1358174,9,phononTF,0.000608952,-0.00076245,-0.00275042,-0.0002625,2383.62,0.000382,1,2.16462e-06,-0.0020045,0.0002625,2805.02
0,1361115,3,phononL,0.00287922,0.00199966,-0.0017754,-0.0002625,30.5306,0.000764,1,0.00200497,-0.00199544,0.0002625,3017.56
0,1368156,17,phononTF,0.000553329,2.10583e-06,-3.6241e-06,0.000262498,997.96,0.000553329,1,-0.000165572,-0.000164868,-0.0002625,1096.26
0,1370133,7,phononTF,0.000461747,-4.16712e-06,-0.00199511,0.0002625,1170.09,0.000461747,1,-0.000513705,-0.00253758,-0.0002625,2113.28
0,1375283,12,phononTS,0.000440674,-0.00198747,0.00169484,-0.0002625,8252.69,0.000382,1,-0.00200115,0.00200297,0.0002625,9578.4
0,1375289,9,phononTF,0.000615079,0.00134614,-0.00222593,-0.000262498,969.913,0.000382,1,0.000995851,-0.00299844,0.0002625,1154.9
0,1376628,16,phononL,0.000648156,0.00103132,0.00214652,-0.0002625,5464.09,0.000382,1,6.97645e-07,0.00200156,0.0002625,5841.47
0,1388231,8,phononTS,0.000597951,-0.000292875,0.00313469,-0.0002625,777.098,0.000382,1,-3.83468e-06,0.00199798,0.0002625,3011.76
0,1392093,16,phononTF,0.000402296,0.000339308,0.0016505,-0.0002625,1876.42,0.000382,1,-3.57876e-06,0.00199984,0.0002625,2245.03
0,1396063,8,phononTS,0.000853073,0.00200275,1.95604e-06,0.0002625,430.857,0.000853073,1,0.00154873,0.000662978,-0.0002625,834.488
0,1397373,23,phononTS,0.000568977,0.00179256,0.00222101,-0.000262499,1616.82,0.000382,1,0.00199748,0.00200176,0.0002625,1743.35
0,1397811,16,phononTS,0.000509112,0.000892653,0.00106794,-0.0002625,4546.38,0.000382,1,0.000997083,0.00100342,0.0002625,6137.27
0,1399065,4,phononTF,0.00113858,0.000694954,0.00132968,-0.0002625,3.48829,0.000382,1,2.42523e-06,0.0019983,0.0002625,757.882
0,1399433,24,phononTS,0.000437213,0.00286496,0.00207138,-0.0002625,9441.19,0.000382,1,0.00200314,0.0019999,0.0002625,10039
0,1401943,2,phononTF,0.000729517,0.00220342,-0.00176568,-0.0002625,171.696,0.000382,1,0.00199672,-0.0020028,0.0002625,594.879
0,1402103,10,phononTS,0.000500339,0.00194337,4.46887e-05,-0.000262498,916.817,0.000382,1,0.00199687,2.70798e-06,0.0002625,1010.19
0,1403365,7,phononTF,0.00059441,0.00292193,-6.5391e-05,-0.000262498,496.314,0.000382,1,0.00200017,0.00199852,0.0002625,910.76
0,1403892,10,phononTS,0.00047414,0.00280131,-0.00192368,-0.000262498,5110.1,0.000382,1,0.0019979,-0.00199768,0.0002625,5304.91
0,1404716,2,phononTF,0.00277093,0.00214537,-0.000141908,-0.0002625,42.4625,0.001146,1,0.00200253,-3.5438e-06,0.0002625,619.065
0,1407148,9,phononTF,0.000441067,0.00247176,-0.000400075,-0.000262499,114.228,0.000382,1,0.00200391,-5.7336e-08,0.0002625,255.288
0,1408795,25,phononTF,0.00110481,-0.00294169,-0.000945538,-0.000262498,3677.13,0.000382,1,-0.00300311,-0.00100454,0.0002625,3768.22
0,1410268,27,phononTF,0.000732031,-4.94527e-06,-0.00196349,-0.000262498,3685.94,0.000382,1,-1.41927e-06,-0.00199641,0.0002625,3776.1
0,1412691,4,phononTF,0.00178059,0.000615822,0.000613358,4.4422e-05,728.929,0.000764,1,-4.73989e-06,9.81303e-07,0.0002625,1270.91
0,1421553,8,phononTF,0.000827894,0.00234709,-0.000916481,-0.000262498,727.458,0.000382,1,0.00199875,-8.49223e-07,0.0002625,935.136
0,1427132,7,phononTS,0.000887164,0.00194578,-0.0019872,-0.000262498,1699.84,0.000382,1,0.00200161,-0.00200145,0.0002625,1789.76
0,1427291,5,phononTF,0.000950411,0.00228049,-0.000270735,-0.0002625,243.017,0.000382,1,0.00200191,-1.80705e-07,0.0002625,578.311
0,1435521,14,phononTS,0.000485742,0.00212037,0.00201595,-0.0002625,5375.14,0.000382,1,0.0019956,0.00199759,0.0002625,9780.01
0,1436994,28,phononTS,0.000976991,0.0020315,-4.61496e-05,-0.000262498,10308.1,0.000382,1,0.00200463,4.91758e-06,0.0002625,10397.6
0,1440881,5,phononL,0.0027804,0.00222049,8.07839e-05,-0.000262498,434.455,0.000764,1,0.00199868,-4.16933e-06,0.0002625,500.173
0,1445740,5,phononTF,0.000905389,0.00136438,0.000589187,-0.0002625,59.0121,0.000764,1,0.000997119,0.00100272,0.0002625,1065.18
0,1452733,17,phononTS,0.000650746,0.000724774,0.00097928,-0.0002625,202.057,0.000382,1,0.00100141,0.00100228,0.0002625,1938.12
0,1455141,5,phononTF,0.00156564,0.0014944,0.00126607,-0.000262498,951.633,0.000382,1,0.00100304,0.00099768,0.0002625,1091.64
0,1463792,9,phononTF,0.000383487,-0.005,0.000929408,0.000119199,1323.29,0.000383487,1,-0.0048066,0.00107961,-0.0002625,3915.56
0,1469550,18,phononTS,0.000457237,-0.00190121,-0.000845207,-0.0002625,6495.06,0.000382,1,-0.00200417,-3.09414e-06,0.0002625,7877.95
0,1469556,12,phononTS,0.000439075,0.000190271,-0.00303527,-0.0002625,1864.33,0.000382,1,-7.81468e-07,-0.00200089,0.0002625,2483.7
0,1470549,9,phononTS,0.000615341,0.00378984,-0.00276418,-0.0002625,12683.3,0.000382,1,0.00200169,-0.00200348,0.0002625,17263.2
0,1473476,7,phononL,0.00186672,0.00100301,-0.00100102,0.000262498,420.171,0.000707489,1,0.00108799,-0.00191195,-0.0002625,533.388
0,1473754,13,phononTF,0.00063222,-5.40293e-05,-0.0028352,-0.000262498,2187.4,0.000382,1,-0.00100455,-0.00099609,0.0002625,2567.65
0,1473754,2,phononTF,0.00275559,0.00275037,-0.00065079,0.000262498,5.63288,0.000811588,1,0.00307369,-0.000324204,-0.0002625,125.441
0,1487261,6,phononTF,0.000805659,0.00234956,0.000119488,-0.0002625,825.915,0.000382,1,0.00199785,-1.52063e-06,0.0002625,1361.62
0,1487699,33,phononTS,0.00047979,0.00284114,0.000235726,-0.0002625,4982.12,0.000382,1,0.00299634,0.00100397,0.0002625,5355.38
0,1490387,14,phononTF,0.000392957,-0.00156985,0.00242424,-0.000262498,6738.02,0.000382,1,-0.0010032,0.00300236,0.0002625,6903.16
0,1491393,8,phononTF,0.000419656,0.000599183,0.00141361,-0.000262498,1042.24,0.000382,1,0.00100005,0.000998948,0.0002625,1176.48
0,1491393,3,phononTS,0.00156081,0.00277434,-0.000704357,0.000262498,61.7976,0.000979997,1,0.0027763,-0.000672644,-0.0002625,153.159
0,1492758,4,phononL,0.00290122,0.00189305,-0.000653533,-0.0002625,3.16687,0.000764,1,0.000998548,-0.000996318,0.0002625,446.159
0,1492887,6,phononTS,0.00174574,0.00104073,-0.00101052,-0.000262498,9593.8,0.000382,1,0.00100386,-0.000996453,0.0002625,9685.88
0,1498144,19,phononL,0.000601055,0.000532492,-0.00234399,-0.000262498,11664,0.000382,1,4.73125e-06,-0.00200346,0.0002625,11753.6
0,1498572,13,phononTS,0.000423262,0.00218097,0.00232319,-0.000262498,10429,0.000382,1,0.00199605,0.00199664,0.0002625,10565.2
0,1498708,9,phononTS,0.000731338,0.00112064,0.00104343,-0.0002625,3026.38,0.000382,1,0.0009954,0.00100006,0.0002625,3342.87
0,1499107,6,phononTS,0.000901817,-0.000469315,0.00188063,-0.0002625,4489.51,0.000382,1,1.59917e-06,0.00199844,0.0002625,6473.02
0,1499353,3,phononTF,0.00118026,0.0016322,0.0014959,-0.0002625,42.3623,0.000764,1,0.0010002,0.000995458,0.0002625,1908.17
0,1502955,9,phononL,0.000386985,0.00200039,-3.98647e-06,0.000262498,1908.09,0.000386985,1,0.00277407,1.86677e-05,-0.0002625,2008.12
0,1507313,14,phononTF,0.000975538,0.00225008,0.00178159,-0.0002625,1207.05,0.000382,1,0.00200136,0.00199918,0.0002625,1609.69
0,1513221,17,phononTS,0.000705387,0.00200485,-3.67532e-06,0.000262498,854.692,0.000705387,1,0.00399637,-0.000578198,-0.0002625,1296.7
0,1514065,6,phononTS,0.000617396,-0.000888886,0.000239493,-0.0002625,2441.56,0.000382,1,-1.57686e-06,-3.78622e-06,0.0002625,4043.08
0,1514618,16,phononTS,0.00067302,-0.00212428,0.00287963,-0.0002625,10523,0.000382,1,-0.00200334,0.0020027,0.0002625,15212.5
0,1521203,15,phononTS,0.000416592,0.00201813,-0.00201775,-0.000262498,607.244,0.000382,1,0.00199852,-0.00199858,0.0002625,696.977
0,1524084,15,phononTS,0.000508997,-0.00125496,-0.00188076,-0.0002625,5368.11,0.000382,1,-0.00199909,-0.0020049,0.0002625,8539.1
0,1524323,10,phononTS,0.000676074,0.00204388,-0.000786602,-0.000262498,1930.84,0.000382,1,0.000999658,-0.0010019,0.0002625,2169.54
0,1527590,5,phononTF,0.000995661,0.00187997,0.000149833,-0.0002625,317.241,0.000382,1,0.00199986,4.97884e-06,0.0002625,1974.62
0,1528563,3,phononTS,0.000416526,0.00393888,0.00112871,-0.0002625,1704.76,0.000382,1,0.002998,0.000996738,0.0002625,5640.14
0,1528563,2,phononTF,0.00112537,0.00233037,-0.000951976,0.000262498,1704.76,0.000840606,1,0.00250332,-0.00126443,-0.0002625,1818.19
0,1529687,15,phononTS,0.000775773,0.00104937,-0.00106425,-0.0002625,2389.96,0.000382,1,0.000998591,-0.000999583,0.0002625,2675.33
0,1530716,12,phononTS,0.00119097,0.00226099,-0.00387575,-0.0002625,647.752,0.000382,1,8.21296e-10,-0.00200432,0.0002625,2765.03
0,1533454,2,phononTS,0.00197593,-0.00107865,-0.00395799,-0.0002625,272.804,0.000382,1,-0.00200031,-0.00200491,0.0002625,2079.19
0,1533660,8,phononTS,0.00039253,0.000997913,-0.00100484,0.000262498,1021.73,0.00039253,1,0.000905987,-0.00091925,-0.0002625,1126.69
0,1536898,5,phononL,0.00122124,0.00118159,-0.00244215,-0.0002625,733.397,0.000764,1,0.00100224,-0.0029976,0.0002625,1800.45
0,1537905,37,phononTS,0.000489571,0.00195597,-0.00203687,-0.000262498,6695.49,0.000382,1,0.00199731,-0.00200442,0.0002625,6784.86
0,1538352,8,phononTS,0.000507628,0.00303094,0.00108129,-0.000262498,5608.46,0.000382,1,0.0030043,0.00100217,0.0002625,5705.01
0,1539017,2,phononL,0.000600334,0.0028887,0.000855381,-0.0002625,149.529,0.000382,1,0.00300247,0.00100329,0.0002625,951.3
0,1539599,4,phononTF,0.00275724,0.00173535,0.000139474,-0.0002625,198.075,0.001528,1,0.00100274,0.000995431,0.0002625,630.389
0,1543142,30,phononTS,0.000708332,-0.00194244,-8.42586e-06,-0.0002625,2073.86,0.000382,1,-0.00199768,1.69623e-06,0.0002625,3502.72
0,1544200,2,phononL,0.000458436,0.00291948,0.000136864,-0.0002625,40.7501,0.000382,1,0.00299878,0.0010031,0.0002625,258.654
0,1546710,9,phononTS,0.000851366,0.00171842,0.0019603,-0.000262499,3069.23,0.000382,1,0.0019993,0.00200465,0.0002625,3186.36
0,1554437,15,phononTS,0.000721288,-7.59829e-05,-0.00198727,-0.0002625,4159.38,0.000382,1,-2.58421e-06,-0.00200396,0.0002625,5227.42
0,1557495,4,phononTF,0.00147457,0.00219806,-0.000192651,-0.0002625,121.529,0.000382,1,0.00199682,3.03996e-07,0.0002625,528.45
0,1557495,5,phononTS,0.00038397,0.00199682,3.03996e-07,0.000262498,528.45,0.00038397,1,0.00200398,0.000255932,-0.0002625,643.905
0,1557495,3,phononTS,0.00119229,0.00280178,-0.000771516,0.000262498,121.529,0.000727358,1,0.00201321,-0.000718234,-0.0002625,309.683
0,1557702,6,phononTS,0.000809308,0.00100088,-0.000998295,0.000262498,660.532,0.000809308,1,0.000951454,-0.000973735,-0.0002625,750.151
0,1558997,11,phononTS,0.00117651,0.000223563,-4.29808e-05,-0.0002625,732.345,0.000764,1,9.81259e-07,-5.28885e-07,0.0002625,1505.55
0,1558997,3,phononTF,0.00052413,0.00278101,-0.0006777,0.000262498,6.69746,0.00052413,1,0.00300388,-0.000715441,-0.0002625,108.532
0,1566327,23,phononTF,0.00056028,-0.000993008,0.00335559,-0.0002625,5927.22,0.000382,1,-0.000999651,0.00300116,0.0002625,6280.12
0,1566619,5,phononTF,0.000829868,0.00043459,1.27606e-05,-0.000262498,4351.11,0.000382,1,4.74124e-06,-3.31891e-06,0.0002625,4479.77
0,1566922,6,phononTS,0.000409116,0.00183668,-0.000750529,-0.000262498,1086.37,0.000382,1,0.00199602,1.79218e-06,0.0002625,1277.76
0,1571658,17,phononTS,0.000936548,0.00180746,-0.000966391,-0.000262498,9415.49,0.000382,1,0.00100288,-0.000999018,0.0002625,9608.8
0,1572708,10,phononL,0.000426064,0.000753887,0.00139898,-0.0002625,989.654,0.000382,1,0.00100197,0.000996523,0.0002625,1221.54
0,1576630,10,phononTF,0.00156904,0.000563602,-0.000370589,-0.0002625,2644.95,0.000382,1,2.71787e-07,-1.34833e-06,0.0002625,3392.18
0,1588799,7,phononTS,0.000412033,0.00193319,-0.000654449,-0.000262498,832.805,0.000382,1,0.00199906,-1.45707e-06,0.0002625,1000.11
0,1596397,6,phononTS,0.000649928,0.00276588,-1.90574e-06,-0.000262498,1209.96,0.000382,1,0.000996132,-0.000995655,0.0002625,1618.89
0,1597011,17,phononTF,0.00047036,-0.000287544,0.000295681,-0.0002625,8231.47,0.000382,1,2.19087e-07,-4.7312e-06,0.0002625,9033.68
0,1597577,7,phononL,0.000551186,-0.00300928,-0.00223496,-0.0002625,1923.47,0.000382,1,-0.00200181,-0.00199556,0.0002625,2840.62
0,1597577,3,phononTF,0.00227739,0.00278635,-0.00098565,0.000262498,192.585,0.00186423,1,0.00296732,-0.000798804,-0.0002625,292.873
0,1600071,6,phononTS,0.00076783,1.29274e-07,0.00200108,0.0002625,2011.52,0.000222014,1,-0.00254581,-0.000495665,-0.0002625,3297
0,1600101,15,phononL,0.00044408,0.00199506,-0.00200078,0.000262498,3896.28,0.00044408,1,0.00192951,-0.00129722,-0.0002625,3990.54
0,1600677,13,phononTF,0.000643631,-0.00305849,0.005,0.000142992,1321.02,0.000227714,1,-0.00275922,0.00467827,-0.0002625,4055.26
0,1605642,22,phononTS,0.00108424,0.00176447,-0.00113591,-0.0002625,1856.3,0.000382,1,0.00100328,-0.000999942,0.0002625,2417.69
0,1605642,24,phononTF,0.00052514,0.00100328,-0.000999942,0.000262498,2417.69,0.00052514,1,0.00125432,-0.000761211,-0.0002625,2525.92
0,1605643,3,phononTS,0.00652909,0.00229749,-0.000602319,-0.000179468,125.746,0.000729633,1,0.00230188,-0.00059851,-0.0002625,482.019
0,1606265,5,phononL,0.00104653,-0.00222006,-0.000767332,-0.0002625,1536.51,0.000382,1,-0.00299595,-0.00100068,0.0002625,1850.59
0,1607692,13,phononTS,0.00135523,0.00193229,-4.25493e-05,-0.000262498,3741.13,0.000382,1,0.00200085,5.15961e-07,0.0002625,3836.68
0,1610793,12,phononTS,0.0004831,-0.000998251,0.00299702,0.000262498,7487.21,0.0004831,1,0.000166747,0.00170264,-0.0002625,7847.58
0,1610914,11,phononTS,0.000473114,-2.84844e-06,-1.00341e-06,0.000262498,1625.22,0.000473114,1,-0.000836565,-0.000184376,-0.0002625,1826.79
0,1611205,3,phononTF,0.000647602,0.00220812,-0.00177807,-0.0002625,293.132,0.000382,1,0.00199661,-0.00199826,0.0002625,708.865
0,1611932,7,phononTS,0.00145344,0.00158445,-0.00188661,-0.0002625,983.172,0.000382,1,0.00199818,-0.00200058,0.0002625,1911.44
0,1616310,4,phononTS,0.000590336,0.00286277,9.7058e-05,-0.0002625,41.118,0.000382,1,0.00299841,0.000999753,0.0002625,464.476
0,1616310,3,phononTF,0.0020812,0.00272714,-0.000805634,0.000262498,41.118,0.000814564,1,0.00320925,-0.00123177,-0.0002625,185.401
0,1616449,4,phononTS,0.000473515,0.00200084,-3.88719e-06,0.0002625,173.179,0.000473515,1,0.00172366,0.000212395,-0.0002625,440.078
0,1617812,6,phononTF,0.000532564,-4.44938e-06,3.81458e-06,0.000262498,1812.89,0.000532564,1,0.000202781,-0.000233994,-0.0002625,1918.77
0,1619092,7,phononTS,0.000787423,0.000514549,-0.00196228,-0.000262498,1949.24,0.000382,1,-2.91999e-06,-0.00199769,0.0002625,2097.37
0,1620252,12,phononTF,0.00121421,0.00233319,0.0023983,-0.0002625,3194.1,0.000764,1,0.0020039,0.00199992,0.0002625,3768.77
0,1622403,28,phononTS,0.000636624,-0.00136589,-0.00110666,-0.0002625,13943.3,0.000382,1,-0.000996159,-0.00100176,0.0002625,14619.8
0,1626335,4,phononL,0.0023781,0.00144992,-0.00100661,-0.0002625,53.8605,0.001146,1,0.00200189,6.87785e-07,0.0002625,424.294
0,1626724,10,phononTS,0.00063799,0.00105518,-0.000983696,-0.000262498,7024.97,0.000382,1,0.00100102,-0.00100421,0.0002625,7114.64
0,1626802,3,phononTS,0.000399595,0.00204148,-2.78202e-05,-0.0002625,3.28245,0.000382,1,0.00200036,3.32542e-06,0.0002625,854.5
0,1629685,23,phononTS,0.000530529,0.00195873,4.37647e-05,-0.000262498,1581.04,0.000382,1,0.00199887,-1.554e-06,0.0002625,1670.18
0,1630960,10,phononTF,0.000599032,-1.05252e-05,0.00407827,-0.0002625,4906.11,0.000382,1,-0.00100095,0.00300229,0.0002625,6785.18
0,1636131,5,phononTS,0.000703863,0.00199633,-5.28695e-07,0.000262498,2502.81,0.000253411,1,0.00283083,-0.000200886,-0.0002625,2704.88
0,1638040,5,phononTF,0.000667713,0.00226482,-0.000272041,-0.0002625,323.197,0.000382,1,0.00200199,3.46861e-06,0.0002625,651.083
0,1641867,2,phononTS,0.00118361,0.00309765,0.000647538,-0.0002625,38.3376,0.000382,1,0.00299649,0.00100433,0.0002625,863.176
0,1641867,9,phononL,0.000528135,0.00299649,0.00100433,0.000262498,863.176,0.000528135,1,0.00316433,0.00155066,-0.0002625,947.078
0,1642987,13,phononTS,0.000404537,0.000648856,0.00226263,-0.0002625,4622.79,0.000382,1,-0.00100299,0.000999718,0.0002625,8303.12
0,1643273,21,phononTF,0.000542566,0.00182281,0.000184904,-0.000262498,1468.79,0.000382,1,0.00200297,7.39061e-07,0.0002625,1568.96
0,1643888,5,phononTF,0.00215929,0.00107362,0.00107063,-0.0002625,487.343,0.000382,1,0.000999859,0.00100066,0.0002625,3400.23
0,1644982,9,phononL,0.000669281,0.00237188,0.00190928,-0.0002625,114.103,0.000382,1,0.00199966,0.00199584,0.0002625,656.246
0,1647602,7,phononTS,0.000520215,-0.00076914,-0.0041882,-0.000262498,5458.25,0.000382,1,-0.0010012,-0.000999481,0.0002625,6147.39
0,1648511,5,phononTS,0.00148263,0.0020952,-0.00179369,-0.0002625,117.2,0.000764,1,0.00200199,-0.0019991,0.0002625,696.366
0,1648859,10,phononTF,0.000733155,-0.00134994,0.00124884,-0.000262498,931.191,0.000382,1,-0.00100205,0.00100288,0.0002625,1050.69
0,1656398,6,phononTF,0.000391936,0.00112229,-0.00156746,-0.0002625,2595.08,0.000382,1,0.00199632,-0.00200061,0.0002625,4707.77
0,1656398,3,phononTF,0.00246088,0.00277378,-0.000684199,0.000262498,13.7778,0.00122521,1,0.00297104,-0.000746381,-0.0002625,113.301
0,1657655,8,phononTS,0.000762019,-0.00359706,0.00032596,-0.000262498,8614.72,0.000382,1,2.55919e-06,-0.00199737,0.0002625,9420.15
0,1659202,3,phononTS,0.00201579,0.00192997,0.000120706,-0.0002625,21.3469,0.000764,1,0.000995715,0.000996214,0.0002625,584.767
0,1668348,6,phononTS,0.000773172,0.00199701,0.00200065,0.000262498,596.884,0.000274343,1,0.0019457,0.00201354,-0.0002625,686.942
0,1668865,14,phononTF,0.000712364,0.00300449,0.0010032,0.000262498,2036.56,0.000626888,1,0.00367775,0.000328936,-0.0002625,2223.07
0,1669442,7,phononTS,0.000819573,-0.0014648,-0.00201638,-0.000262498,2120.97,0.000382,1,-0.00200376,-0.00200204,0.0002625,2267.19
0,1670090,4,phononTS,0.00301473,0.000997221,-0.0010031,0.0002625,6.47792,0.000516045,1,-0.00141362,0.000467904,-0.0002625,1716.59
0,1671945,12,phononL,0.000563595,-0.00188672,-0.00224735,-0.0002625,10112.7,0.000382,1,-0.00199743,-0.00200395,0.0002625,10620.3
0,1675898,4,phononTS,0.00290723,0.0017309,0.000154698,-0.0002625,145.067,0.000764,1,0.00200407,1.54197e-06,0.0002625,921.837
0,1676534,5,phononTS,0.00079662,0.00215291,0.00100784,-0.000262498,1228.7,0.000382,1,0.00300018,0.00100105,0.0002625,1425.43
0,1680225,6,phononTF,0.00082351,-0.00032613,-0.00254635,-0.0002625,3273.08,0.000382,1,2.78264e-06,-0.00199981,0.0002625,6459.85
0,1680225,2,phononTS,0.00499979,0.00280598,-0.000418725,1.77445e-05,158.835,0.00230694,1,0.00276479,-0.000787986,-0.0002625,250.225
0,1680565,2,phononTS,0.000628391,0.003162,-0.00173082,-0.0002625,20.9834,0.000382,1,0.00200271,-0.00199807,0.0002625,1193.91
0,1684855,7,phononTS,0.000608495,0.00200145,2.48327e-06,0.0002625,1208.15,0.000608495,1,0.00196522,0.000273951,-0.0002625,1604.42
0,1688700,2,phononTS,0.00614732,0.00293746,0.00100643,0.000230823,257.475,0.001528,1,0.00299902,0.000999702,0.0002625,815.095
0,1696200,9,phononTF,0.000617204,-0.000540261,-0.000534926,-0.000262498,2537.39,0.000382,1,-0.00099628,-0.00100423,0.0002625,2681.71
0,1696742,6,phononTF,0.000484699,0.00216087,-0.000164649,-0.000262498,1946.81,0.000382,1,0.00200422,-3.14316e-06,0.0002625,2044.61
0,1696743,1,phononTF,0.01,0.00322935,-0.000884434,7.12529e-06,0,0.00277917,1,0.00326361,-0.000917754,-0.0002625,631.946
0,1698173,12,phononTS,0.000395745,0.00167171,-0.00200221,-0.000262498,6004.47,0.000382,1,0.0020045,-0.0020028,0.0002625,6128.22
0,1702342,6,phononTS,0.000577969,0.00302896,0.000955388,-0.0002625,1093.9,0.000382,1,0.00299922,0.000999335,0.0002625,1915.86
0,1702342,3,phononTF,0.000418295,0.00274449,-0.000619684,0.000262498,52.4883,0.000418295,1,0.00307394,-0.000719431,-0.0002625,167.146
0,1706289,14,phononTS,0.00041146,0.000994013,-0.00336162,-0.0002625,3763.2,0.000382,1,2.63688e-06,-0.00200124,0.0002625,6624.62
0,1710511,3,phononTS,0.00117584,0.00187654,0.005,-8.7923e-05,7.79596,0.000764,1,-4.30624e-06,0.00199543,0.0002625,2811.54
0,1719102,8,phononTS,0.000597445,0.00204984,0.00195992,-0.000262498,6627.9,0.000382,1,0.00199711,0.00200094,0.0002625,6722.43
0,1724778,16,phononL,0.000900908,0.000949103,-0.00122394,-0.000262498,1586.06,0.000382,1,-4.28076e-06,-0.00200035,0.0002625,1738.81
0,1724928,6,phononTF,0.000423685,0.00233667,-0.00137895,-0.0002625,445.301,0.000382,1,0.00100016,-0.0010033,0.0002625,1231.02
0,1727096,11,phononTS,0.00038789,-0.0010547,-0.000470065,-0.000262498,4676.67,0.000382,1,-0.000997729,-0.00100013,0.0002625,4830.42
0,1727097,3,phononTF,0.00449998,0.00213345,-0.000306782,0.000245063,183.236,0.00114013,1,0.0024292,-2.39575e-05,-0.0002625,429.557
0,1728721,4,phononL,0.00218716,0.00277766,-9.01623e-05,-0.000262498,233.464,0.000382,1,0.0020049,-3.27941e-06,0.0002625,334.014
0,1729559,5,phononTF,0.000464869,-0.000392854,0.000632966,-0.0002625,896.231,0.000382,1,-0.00200114,0.00199543,0.0002625,2023.72
0,1733386,3,phononTS,0.00292271,0.00185059,-0.00174708,-0.0002625,1122.19,0.000382,1,0.00199861,-0.00199965,0.0002625,1640.01
0,1733386,5,phononTF,0.00190375,0.00199861,-0.00199965,0.000262498,1640.01,0.00108393,1,0.00205713,-0.00204979,-0.0002625,1730.93
0,1735368,14,phononTF,0.000422683,0.000102609,-0.000101681,-0.0002625,9335.37,0.000382,1,3.34683e-06,-2.37995e-06,0.0002625,9614.62
0,1735368,2,phononTS,0.00103416,0.00277939,-0.000678522,0.000262498,2.89347,0.000986567,1,0.00276671,-0.000690935,-0.0002625,92.7142
0,1735698,12,phononTS,0.00139232,0.00202641,-0.00179086,-0.000262498,2390.44,0.000382,1,0.00199691,-0.00199871,0.0002625,2499.42
0,1741572,4,phononTF,0.00273369,0.00188772,0.000158755,-0.0002625,2.4091,0.000764,1,0.00100184,0.00100397,0.0002625,460.827
0,1741572,10,phononTS,0.000548515,0.00100184,0.00100397,0.000262498,460.827,0.000548515,1,0.00103577,0.000953444,-0.0002625,550.047
0,1741572,9,phononTF,0.00117325,0.00100184,0.00100397,0.000262498,460.827,0.000543275,1,0.00118102,0.00118551,-0.0002625,560.749
0,1743628,2,phononTF,0.00189156,-0.00163479,-7.83491e-05,-0.0002625,23.6919,0.000382,1,-0.00099514,-0.000999297,0.0002625,3404.26
0,1745796,23,phononTS,0.000754852,-5.1781e-05,-0.00196821,-0.000262498,6061.37,0.000382,1,-5.26684e-07,-0.00199771,0.0002625,6153.92
0,1747776,2,phononL,0.00229312,-0.0010327,0.00237584,-0.0002625,152.578,0.000764,1,-0.00100172,0.00299726,0.0002625,2003.67
0,1748586,2,phononTF,0.00118382,-0.000374391,0.00238534,-0.0002625,2.89875,0.000764,1,-0.00100449,0.00299973,0.0002625,1055.17
0,1751621,10,phononTF,0.000391139,0.00254605,-0.000536419,-0.000262498,1074.07,0.000382,1,0.00200494,-4.53619e-06,0.0002625,1232.59
0,1753404,3,phononTS,0.00571618,0.00187338,-0.000806357,-0.0002625,128.252,0.000764,1,0.000996776,-0.000996288,0.0002625,603.501
0,1753786,19,phononTF,0.000508098,0.000860928,-0.00307057,-0.0002625,2782.25,0.000382,1,0.00100016,-0.00299645,0.0002625,3897.42
0,1753817,2,phononTS,0.00215523,0.000948509,0.00101447,-0.0002625,116.247,0.000764,1,0.00100153,0.000996374,0.0002625,1387.83
0,1756725,17,phononTS,0.00062046,0.0019999,0.00199944,0.0002625,1542.97,0.00062046,1,0.00241962,0.0033365,-0.0002625,2538.32
0,1760388,2,phononTS,0.00185,0.00188144,-0.000830779,-0.0002625,2.81939,0.000382,1,0.00100193,-0.000996495,0.0002625,420.116
0,1761029,10,phononTS,0.000478745,-0.00100415,-0.00100206,0.000262498,8387.7,0.000478745,1,-0.00094134,-0.000236846,-0.0002625,8574.79
0,1766650,8,phononTS,0.000691449,0.0010027,-0.00299946,0.000262498,2797.14,0.000277697,1,0.000951384,-0.00298572,-0.0002625,2894.16
0,1769477,4,phononTS,0.000473835,0.0019404,-0.0019607,-0.0002625,915.088,0.000382,1,0.00199829,-0.00199935,0.0002625,2138.27
0,1773480,16,phononL,0.00063942,0.000506867,-0.00291207,-0.000262498,4349.69,0.000382,1,0.00100484,-0.00299786,0.0002625,4428.5
0,1776393,4,phononTF,0.00142768,0.005,0.000593925,-0.000113235,1188.51,0.000382,1,0.00300231,0.000999568,0.0002625,3262.59
0,1776393,6,phononTS,0.000728187,0.005,-0.00100025,0.000130509,3358.75,0.000728187,1,0.00407654,-0.00142536,-0.0002625,3997.55
0,1780224,5,phononTF,0.000661399,0.000212774,0.000207733,-0.0002625,633.602,0.000382,1,-4.7103e-06,-1.74183e-06,0.0002625,4618.94
0,1783141,2,phononTF,0.000912624,0.000463862,0.0015507,-0.0002625,3.9807,0.000382,1,1.82323e-06,0.0019975,0.0002625,855.909
0,1784251,6,phononTS,0.00154428,0.00199578,1.45727e-06,0.0002625,601.599,0.00124239,1,0.00180614,-4.13433e-05,-0.0002625,823.358
0,1785193,16,phononTS,0.000506906,-0.000979225,0.00297894,-0.0002625,12067.2,0.000382,1,-0.0010045,0.00300053,0.0002625,18111.8
0,1804852,8,phononTS,0.000517151,-8.94134e-05,0.00161573,-0.0002625,5331.17,0.000382,1,-1.42292e-06,0.00199701,0.0002625,6552
0,1813410,14,phononTF,0.000533412,0.00311016,-0.00141868,-0.0002625,3397.74,0.000382,1,0.00199701,-0.00199994,0.0002625,4118.5
0,1814270,17,phononTF,0.000538183,0.00336188,0.00149897,-0.0002625,8398.62,0.000382,1,0.00300261,0.00100237,0.0002625,8828.63
0,1814674,15,phononTF,0.000474179,0.000577456,-0.000273386,-0.0002625,2940.35,0.000382,1,-1.53223e-07,-4.2697e-07,0.0002625,3399.76
0,1815122,15,phononTF,0.000501508,-0.00129656,0.00131594,-0.0002625,2349.73,0.000382,1,-0.000995646,0.0010033,0.0002625,4004.94
0,1818020,3,phononL,0.00248853,0.00249371,-0.005,-0.000220417,49.2233,0.001528,1,0.00199741,-0.00199933,0.0002625,877.288
0,1820187,14,phononTS,0.000909104,-0.00191736,0.000807163,-0.0002625,2536.31,0.000382,1,-0.00200345,-3.94726e-06,0.0002625,3109
0,1820902,8,phononTS,0.00109377,3.26508e-05,-0.00198613,-0.0002625,1107.67,0.000382,1,1.63455e-06,-0.00200215,0.0002625,3517.15
0,1824515,12,phononTS,0.00077594,0.000995042,0.00100271,0.000262498,1705,0.00077594,1,-0.000477854,3.38168e-05,-0.0002625,2057.22
0,1825483,8,phononTS,0.000659224,0.000491796,0.00110929,-0.0002625,6191.74,0.000382,1,-0.00100251,-0.00100309,0.0002625,7664.03
0,1828937,13,phononTS,0.000570608,-0.000998007,0.000995315,0.000262498,2754.82,0.000570608,1,-0.000928436,0.000944901,-0.0002625,2850.35
0,1832853,2,phononTF,0.00078237,-0.000408264,0.00239215,-0.0002625,1.53853,0.000382,1,-0.00100403,0.00300491,0.0002625,1156.93
0,1834162,11,phononTF,0.000499515,0.00135671,0.00174231,-0.0002625,5558.81,0.000382,1,0.00199707,0.0020027,0.0002625,6046.95
0,1841556,11,phononL,0.000417444,-0.000315657,-0.000508639,-0.0002625,9018.37,0.000382,1,-3.33608e-06,-2.77197e-06,0.0002625,9278.29
0,1843975,20,phononTS,0.000490681,-5.97827e-05,0.00282617,-0.000262498,2574.19,0.000382,1,2.11685e-06,0.0019984,0.0002625,2773.08
0,1845809,9,phononTS,0.000438431,0.00205547,-4.98372e-05,-0.000262498,547.493,0.000382,1,0.00200244,2.20264e-06,0.0002625,641.609
0,1848562,2,phononTF,0.000557818,0.00239245,-0.000373586,-0.0002625,20.792,0.000382,1,0.00200291,1.10226e-06,0.0002625,278.603
0,1851925,6,phononTF,0.000992733,0.00241696,-0.000421808,-0.000262498,273.39,0.000382,1,0.00199842,-2.37697e-06,0.0002625,409.248
0,1852947,13,phononTF,0.00052428,-0.00183656,-0.00192153,-0.000262498,4480.49,0.000382,1,-0.000999617,-0.000999027,0.0002625,4714.09
0,1856123,9,phononTS,0.000443656,-1.07851e-06,4.25649e-06,0.000262498,1193.51,0.000443656,1,0.000348784,3.01149e-06,-0.0002625,1319.4
0,1856124,3,phononL,0.00452389,0.00241421,-0.00149725,-5.45448e-05,541.864,0.00139715,1,0.00194602,-0.00366983,-0.0002625,933.172
0,1865879,5,phononTS,0.00151953,-0.000111436,0.00121873,-0.0002625,5045.82,0.000382,1,0.00100245,0.00100494,0.0002625,6297.83
0,1867546,11,phononTS,0.000923271,0.00200476,-0.00200115,0.000262498,1315.27,0.000541363,1,0.00204854,-0.00196094,-0.0002625,1404.46
0,1872740,11,phononTS,0.000448288,0.000988528,0.00103181,-0.000262498,845.843,0.000382,1,0.00100077,0.00100492,0.0002625,935.536
0,1872741,3,phononL,0.00541884,0.00262116,-0.000532131,0.000229689,43.8498,0.000747243,1,0.00450839,-0.00130621,-0.0002625,281.784
0,1875006,9,phononTF,0.000884123,0.00208696,9.21825e-05,-0.0002625,303.153,0.000382,1,0.00199866,2.83476e-06,0.0002625,580.399
0,1875235,10,phononTF,0.00112605,0.00178554,-0.00180927,-0.000262498,917.224,0.000382,1,0.00100387,-0.00299757,0.0002625,1186.14
0,1883322,7,phononTS,0.000967652,0.00349844,0.00119071,-0.000262498,12586,0.000382,1,0.00299982,0.00100159,0.0002625,12743.7
0,1892102,9,phononTS,0.000513888,-0.00195762,8.04996e-06,-0.000262499,6089.03,0.000382,1,-0.00199516,-1.8205e-07,0.0002625,6180.74
0,1897499,16,phononTS,0.000463247,-3.0565e-05,-0.000586395,-0.000262498,9691.29,0.000382,1,-4.25592e-06,-1.31637e-06,0.0002625,9849.58
0,1900062,6,phononTF,0.00141373,-0.000373838,0.000385843,-0.0002625,2699.51,0.000382,1,-0.000996133,0.00100358,0.0002625,3601.65
0,1906969,2,phononTF,0.00166363,0.00227002,-0.00172275,-0.0002625,1319.69,0.000764,1,0.00200022,-0.00200152,0.0002625,1766.71
0,1907097,18,phononTF,0.000846069,0.00177196,-0.001776,-0.0002625,4131.21,0.000382,1,0.00199918,-0.00199991,0.0002625,4763.01
0,1909201,13,phononTF,0.000647047,0.00217916,0.00182828,-0.000262498,2568.86,0.000382,1,0.0020034,0.00200094,0.0002625,2668.14
0,1909494,6,phononTF,0.000573084,-0.000275687,8.0676e-05,-0.000262498,734.472,0.000382,1,2.89527e-06,-1.98892e-06,0.0002625,842.664
0,1914220,11,phononTS,0.000495699,0.000997179,-0.00249111,-0.0002625,956.144,0.000382,1,0.00100263,-0.00300081,0.0002625,1851.03
0,1916756,10,phononTF,0.000555764,0.00275874,0.00121251,-0.000262498,1232.74,0.000382,1,0.00299525,0.000998075,0.0002625,1338.71
0,1917702,3,phononL,0.00232176,0.00081159,0.00267083,-0.0002625,33.0331,0.000382,1,4.13614e-06,0.00199805,0.0002625,1125.49
0,1920898,2,phononTS,0.000914347,0.00205103,-0.00303238,-0.0002625,51.5017,0.000382,1,0.00199654,-0.00199722,0.0002625,2281.2
0,1925356,5,phononTS,0.000476414,0.00272187,0.00187595,-0.0002625,356.564,0.000382,1,0.00299961,0.00100414,0.0002625,4231.44
0,1926703,14,phononTS,0.000994072,0.000199378,0.000669484,-0.0002625,2797.83,0.000382,1,-4.54633e-08,-1.12281e-06,0.0002625,3462
0,1926703,15,phononTS,0.000525652,-4.54633e-08,-1.12281e-06,0.000262498,3462,0.000525652,1,-0.000760634,-0.00171805,-0.0002625,3843.74
0,1926703,2,phononTS,0.0023849,0.00277272,-0.000675452,0.000262498,0.511113,0.000820298,1,0.00105141,-0.0012997,-0.0002625,388.419
0,1930915,10,phononTF,0.000452271,0.00100396,-0.00300312,0.0002625,13318.9,0.000452271,1,0.00128869,-0.00329728,-0.0002625,13546.8
0,1930916,1,phononTS,0.01,0.0027161,-0.000814244,-0.0002381,0,0.00437832,1,0.00272388,-0.000787959,-0.0002625,302.683
0,1933456,12,phononTF,0.000496297,0.00111457,-0.00311654,-0.0002625,9158.64,0.000382,1,0.0009965,-0.00300464,0.0002625,9817.15
0,1939785,18,phononTF,0.000650998,-0.0022246,-0.00166882,-0.0002625,2485.94,0.000382,1,-0.00200262,-0.00199773,0.0002625,2835.43
0,1940123,5,phononTS,0.0010177,0.00233876,3.86653e-05,-0.000262498,437.091,0.000382,1,0.00200161,4.16499e-06,0.0002625,561.367
0,1940123,6,phononTF,0.000432852,0.00200161,4.16499e-06,0.000262498,561.367,0.000432852,1,0.00218445,0.000187554,-0.0002625,661.709
0,1942230,6,phononTS,0.000816369,-0.0021657,0.0011776,-0.0002625,3652.76,0.000382,1,-0.00200304,0.00199855,0.0002625,6068.59
0,1944694,21,phononTF,0.000589243,0.00224414,1.844e-05,-0.0002625,5326.02,0.000382,1,0.00199853,2.25102e-06,0.0002625,8043.72
0,1944698,4,phononTS,0.00204133,0.00188822,-0.000836948,-0.0002625,5.00214,0.000764,1,0.000998858,-0.00100339,0.0002625,430.1
0,1948762,29,phononTF,0.000654667,0.0023392,-0.0023224,-0.0002625,591.009,0.000382,1,0.00200072,-0.00199803,0.0002625,2728.75
0,1954570,6,phononTS,0.000519212,0.00368092,-0.000767554,-0.000262498,358.495,0.000382,1,0.00199658,4.61688e-06,0.0002625,734.808
0,1958460,11,phononTF,0.000446559,-0.00115725,-0.00285649,-0.0002625,3249.08,0.000382,1,-0.00200355,-0.00199804,0.0002625,12473.6
0,1964621,12,phononTF,0.000540831,0.00229303,0.000219894,-0.0002625,2286.42,0.000382,1,0.0019988,4.67839e-07,0.0002625,4047.01
0,1964698,6,phononTS,0.000626078,0.00199755,-3.80823e-06,0.000262498,552.038,0.000626078,1,0.00266283,-0.000555817,-0.0002625,764.44
0,1970386,20,phononTF,0.000382785,0.00330411,0.000690496,-0.0002625,4834.63,0.000382,1,0.00299709,0.000995672,0.0002625,5184.1
0,1971316,22,phononTS,0.000682581,-0.00183322,0.00276809,-0.0002625,2440.56,0.000382,1,-0.00099998,0.00299503,0.0002625,7345.75
0,1972100,22,phononL,0.000562116,0.00138079,0.000813279,-0.0002625,6502.84,0.000382,1,0.00100175,0.000995841,0.0002625,7019.77
0,1972200,6,phononTF,0.00301269,0.00200109,-0.00200222,0.000262498,545.35,0.000670145,1,0.00176269,-0.00175196,-0.0002625,652.885
0,1972705,7,phononTS,0.000508212,0.00200151,-6.04665e-07,0.000262498,1008.71,0.000508212,1,0.00183817,-0.000344144,-0.0002625,1145.05
0,1972705,2,phononTF,0.00168111,0.005,-0.00317217,-0.000115897,360.079,0.000738306,1,0.00482951,-0.00300238,-0.0002625,936.719
0,1973114,3,phononTF,0.000658781,0.00236296,-0.000380771,-0.0002625,220.032,0.000382,1,0.00199638,4.3144e-07,0.0002625,475.008
0,1977314,7,phononTS,0.0003953,0.00200133,1.5779e-06,0.0002625,963.236,0.0003953,1,0.00201896,-0.000656844,-0.0002625,1297.63
0,1979406,10,phononL,0.000468209,0.00200472,-4.7325e-07,0.000262498,3182.18,0.000468209,1,0.0024994,0.000453575,-0.0002625,3276.1
0,1979407,1,phononTF,0.01,0.00321863,-0.000757068,-4.74711e-05,0,0.00249634,1,0.00331548,-0.000662911,-0.0002625,297.264
0,1980869,5,phononTS,0.00147464,0.00100061,-0.00300143,0.000262498,6258.61,0.00113225,1,0.00076518,-0.00384046,-0.0002625,6462.35
0,1980869,3,phononTF,0.00279438,0.00270127,-0.00046474,0.000262498,748.948,0.00029326,1,0.0022777,-0.000295735,-0.0002625,877.428
0,1981299,12,phononTF,0.000505433,0.00166815,-0.000462035,-0.000262498,2315.13,0.000382,1,0.00199719,-6.74179e-07,0.0002625,2452.42
0,1981474,2,phononTS,0.00133585,0.00196545,-0.000257332,-0.0002625,769.889,0.000382,1,0.00199521,-4.67763e-06,0.0002625,1424.65
0,1982482,6,phononTF,0.000683288,0.00209406,-0.000140864,-0.0002625,173.961,0.000382,1,0.00200333,1.50172e-06,0.0002625,651.1
0,1983183,12,phononTS,0.000454191,-0.00195952,-0.00204846,-0.000262498,3077.06,0.000382,1,-0.00199724,-0.00199929,0.0002625,3166.18
0,1983184,1,phononTS,0.01,0.00315802,-0.000843545,-0.000215797,0,0.00451272,1,0.00308021,-0.00084042,-0.0002625,899.948
0,1983667,6,phononTS,0.000503283,-0.00137277,-0.00190517,-0.0002625,2246.68,0.000382,1,-0.0020005,-0.00199834,0.0002625,3971.48
0,1984964,4,phononTS,0.000594007,0.0009754,0.00118847,-0.000262498,1099.31,0.000382,1,0.000997975,0.000996252,0.0002625,1207.17
0,1986301,10,phononTF,0.000761152,0.000113652,-0.00235285,-0.0002625,741.949,0.000382,1,1.30314e-06,-0.00200416,0.0002625,1093.94
0,1988795,4,phononL,0.00149037,0.00173749,-0.0018924,-0.0002625,394.424,0.000382,1,0.00200406,-0.00199815,0.0002625,685.918
0,1993749,3,phononL,0.000826203,0.000468893,-0.000117058,-0.0002625,34.512,0.000382,1,3.36662e-06,-2.97469e-06,0.0002625,497.67
0,1993749,2,phononTF,0.00094046,0.00279652,-0.000687475,0.000262498,34.512,0.000409478,1,0.00254376,-0.000934161,-0.0002625,142.819
0,2001879,5,phononTS,0.00122895,0.00224788,-8.31537e-06,-0.000262498,1200.88,0.000382,1,0.00199605,-5.9159e-07,0.0002625,1315.87
0,2006549,3,phononTF,0.00135368,0.0013316,-0.00135472,-0.0002625,980.961,0.000764,1,0.00099516,-0.00100391,0.0002625,1225.75
0,2009362,19,phononTF,0.000475723,0.000481556,-0.00185299,-0.0002625,6318.57,0.000382,1,0.000997725,-0.00100381,0.0002625,6926.06
0,2010652,11,phononTF,0.000671184,-1.27476e-06,-2.34964e-06,0.0002625,12050.9,0.000486897,1,-0.000178662,0.000182583,-0.0002625,16230.9
0,2010709,8,phononTS,0.00118709,0.00204492,3.14983e-05,-0.0002625,1973.71,0.000382,1,0.00199688,-2.13583e-06,0.0002625,2834.45
0,2012557,15,phononTF,0.000699916,9.96082e-07,0.00199532,0.000262498,8530.45,0.000699916,1,-0.00031098,0.00233476,-0.0002625,8651.2
0,2012557,3,phononTS,0.00171175,0.00276602,-0.000672148,0.000262498,10.6866,0.00106809,1,0.00293414,-0.00080743,-0.0002625,126.185
0,2013479,7,phononTF,0.00038504,0.00205267,5.41378e-05,-0.000262498,2055.68,0.000382,1,0.00199925,2.93018e-06,0.0002625,2146.45
0,2020451,11,phononTS,0.000606916,4.20943e-06,7.64073e-07,0.0002625,2037.89,9.65862e-05,1,3.1303e-06,-2.45495e-05,-0.0002625,2227
0,2022142,4,phononTF,0.00129293,0.00239381,-0.000348112,-0.0002625,16.1389,0.000382,1,0.00200013,-2.24879e-06,0.0002625,273.848
0,2022142,5,phononTF,0.000555965,0.00200013,-2.24879e-06,0.000262498,273.848,0.000555965,1,0.00108048,-0.000467786,-0.0002625,485.328
0,2022582,11,phononTF,0.00065431,0.00268321,-0.00046845,-0.0002625,3528.14,0.000382,1,0.00200357,-3.34017e-06,0.0002625,4799.01
0,2022730,7,phononTF,0.000742521,-0.000108258,-0.0018908,-0.0002625,917.138,0.000382,1,4.06072e-06,-0.00200447,0.0002625,1386.89
0,2026902,4,phononTF,0.00287569,0.00138661,-0.0010916,-0.0002625,2.11547,0.000382,1,0.00100004,-0.00100492,0.0002625,710.966
0,2038446,3,phononTS,0.00366787,0.00263749,-0.000858389,-1.87754e-05,623.78,0.000764,1,0.00199942,-3.73687e-06,0.0002625,831.053
0,2042681,13,phononTF,0.000391658,0.00200214,0.00199575,0.000262498,5936.97,0.000391658,1,0.00191211,0.00208905,-0.0002625,6029.55
0,2043232,9,phononTS,0.000611303,0.00103647,-0.000369033,-0.0002625,1329.52,0.000382,1,0.00100492,-0.000995805,0.0002625,2128.72
0,2043232,2,phononTF,0.00182334,0.00278068,-0.00067031,0.000262498,7.19807,0.000459757,1,0.0024235,-0.00031755,-0.0002625,131.712
0,2043253,16,phononL,0.000541769,-2.22384e-06,-0.00200335,0.000262498,9010.77,0.000541769,1,0.00099458,-0.00157102,-0.0002625,9144.74
0,2045568,15,phononTS,0.00302482,0.00276297,-6.36172e-05,-0.000262498,166.472,0.001146,1,0.000996529,0.000995481,0.0002625,574.607
0,2046419,21,phononTF,0.000551447,0.00036551,-0.00357353,-0.0002625,20891.1,0.000382,1,0.000996163,-0.00300272,0.0002625,21607.8
0,2048733,13,phononTS,0.000458093,0.00100603,-0.00118622,-0.0002625,6477.63,0.000382,1,0.00100042,-0.00100353,0.0002625,7161.8
0,2052474,9,phononTS,0.000403951,-0.00249285,0.00197066,-0.000262498,2227.41,0.000382,1,-0.00199702,0.00199566,0.0002625,2374.93
0,2052620,8,phononL,0.00116325,0.000751091,0.0018766,-0.0002625,830.656,0.000382,1,-8.46684e-08,0.00200105,0.0002625,1408.81
0,2054511,5,phononTS,0.000385902,-0.00206314,0.00124011,-0.0002625,532.758,0.000382,1,-0.00200135,0.00199999,0.0002625,6771.84
0,2054511,2,phononTS,0.00107935,0.00274049,-0.000802662,0.000262498,26.7048,0.000466995,1,-0.00149386,0.00221155,-0.0002625,987.356
0,2056556,5,phononTS,0.000622545,0.0013736,-0.00272885,-0.0002625,1870.01,0.000382,1,0.000998064,-0.00300358,0.0002625,3357.12
0,2056556,6,phononTS,0.000541924,0.005,-0.00422561,-0.000214309,1933.33,0.000541924,1,0.0047692,-0.00408183,-0.0002625,1995.92
0,2056784,4,phononTF,0.00108156,0.000331495,-0.000316941,-0.0002625,445.686,0.000382,1,3.21472e-06,-9.63693e-07,0.0002625,802.544
0,2057371,4,phononTF,0.000565527,0.00303293,-0.000799377,-0.000262498,359.801,0.000382,1,0.00100394,-0.000995698,0.0002625,747.984
0,2059384,26,phononTS,0.000417312,-0.00100374,0.00300267,0.000262499,5317.95,0.000417312,1,-0.00156457,0.00265624,-0.0002625,5496.74
0,2060286,10,phononTS,0.000626133,0.000739369,0.000711826,-0.0002625,375.662,0.000382,1,-4.72888e-06,0.0020033,0.0002625,1423.94
0,2063899,20,phononTF,0.000503147,0.00224307,0.00024444,-0.000262498,1081.65,0.000382,1,0.00200335,-3.66832e-06,0.0002625,1189.17
0,2066011,15,phononTS,0.00045677,0.00303398,-0.0015819,-0.000262498,697.77,0.000382,1,0.00199503,-0.0019988,0.0002625,943.913
0,2072426,8,phononTS,0.000646956,0.00206119,0.00127994,-0.000262498,1001.36,0.000382,1,0.00199855,0.00199858,0.0002625,1182.78
0,2080134,10,phononTS,0.00041047,0.0010526,-0.000911118,-0.0002625,881.421,0.000382,1,0.00100178,-0.000997241,0.0002625,1222.45
0,2080134,2,phononTS,0.000790817,0.00276589,-0.000640333,0.000262498,14.0097,0.000543902,1,0.00281806,-0.000915159,-0.0002625,134.683
0,2082983,13,phononTF,0.000933888,0.000160908,-0.00184735,-0.0002625,2935.08,0.000382,1,-1.59813e-06,-0.00200188,0.0002625,3880.47
0,2084435,8,phononTS,0.00049282,0.00224405,-0.00106292,-0.000262498,1588.9,0.000382,1,0.00200396,-0.00199835,0.0002625,1809.81
0,2089119,11,phononTF,0.000697274,-0.00110282,0.00320152,-0.0002625,3819.34,0.000382,1,-0.000999345,0.00299814,0.0002625,4713.46
0,2094479,21,phononTS,0.000527711,0.00190603,-3.61323e-05,-0.000262498,1650.82,0.000382,1,0.00199727,3.99674e-06,0.0002625,1748.28
0,2094666,5,phononTS,0.0018152,-0.00237281,0.00147942,-0.0002625,3414.78,0.000382,1,-0.00100137,-0.000999519,0.0002625,5131.1
0,2095368,10,phononTF,0.000470637,0.000688386,0.000701524,-0.000262498,3858.03,0.000382,1,0.000998581,0.00100094,0.0002625,3974.3
0,2111507,5,phononTF,0.00046442,0.00214848,-5.13902e-05,-0.0002625,318.95,0.000382,1,0.00200285,-3.72657e-06,0.0002625,985.83
0,2111507,3,phononTS,0.000796202,0.00267595,-0.000693811,0.000262498,36.2271,0.000531095,1,0.00354759,-0.000655382,-0.0002625,237.812
0,2112830,12,phononTF,0.000557206,0.00200008,-0.00199641,0.000262498,1331.6,0.000557206,1,0.00131179,-0.00266751,-0.0002625,1519.03
0,2115225,10,phononTS,0.00106118,0.000996863,-0.0020954,-0.000262499,5638.23,0.000382,1,3.69437e-06,-0.00199534,0.0002625,5869.47
0,2118127,3,phononTF,0.000467017,-0.00148138,-0.000870556,-0.0002625,124.417,0.000382,1,-0.00300102,-0.00100416,0.0002625,1339.78
0,2118188,7,phononTS,0.00290924,-0.00248005,-0.005,-6.76169e-05,364.995,0.000764,1,0.00199825,-0.00199864,0.0002625,2641.55
0,2122305,24,phononTF,0.000493141,0.00199794,-1.82373e-06,0.000262498,918.431,0.000493141,1,0.00176865,-5.97242e-06,-0.0002625,1020.84
0,2123978,8,phononTF,0.000580527,0.000373799,-0.00251621,-0.0002625,4855.76,0.000382,1,-3.08514e-06,-0.00200111,0.0002625,6435.9
0,2123978,2,phononTS,0.00150194,0.00260287,-0.000765454,0.000262498,243.256,0.000808858,1,0.00234776,-0.00072948,-0.0002625,360.767
0,2124901,7,phononTF,0.000390372,0.00110015,-0.00110469,-0.0002625,463.692,0.000382,1,0.0010031,-0.00100249,0.0002625,929.595
0,2133415,16,phononTS,0.000481163,-4.26647e-05,0.00227152,-0.000262498,2821.08,0.000382,1,1.75594e-06,0.00199876,0.0002625,2937.25
0,2133531,12,phononTS,0.000506297,0.00201367,1.22888e-05,-0.000262498,328.601,0.000382,1,0.00200041,4.78999e-06,0.0002625,418.915
0,2138914,5,phononTS,0.00109894,0.00197699,0.00203196,-0.000262498,1491.32,0.000382,1,0.00200249,0.00200306,0.0002625,1583.84
0,2138914,2,phononTF,0.00468739,0.00324169,-0.00251683,-9.49376e-05,54.2158,0.000928846,1,0.00365362,-0.00191995,-0.0002625,833.207
0,2148878,9,phononL,0.000569413,-0.00176201,-0.00263755,-0.0002625,7611.56,0.000382,1,-0.00199756,-0.00199537,0.0002625,7892.05
0,2155098,11,phononTS,0.000604802,-0.00460053,-0.00383751,-0.0002625,2207,0.000382,1,-0.00299869,-0.000997318,0.0002625,12168
0,2157426,2,phononTF,0.0034532,0.002418,-0.000412172,-0.0002625,367.58,0.001528,1,0.00199579,3.07294e-06,0.0002625,606.043
0,2177198,4,phononL,0.00115673,0.000170505,-0.00205795,-0.000262498,2489.82,0.000382,1,1.06266e-06,-0.00199628,0.0002625,2554.05
0,2177309,15,phononTF,0.000590549,0.000770594,-0.00276577,-0.000262498,4330.57,0.000382,1,0.00099718,-0.00300339,0.0002625,4436.51
0,2180445,13,phononTS,0.000452218,0.00228061,-0.00204091,-0.0002625,10316.9,0.000382,1,0.00200018,-0.00199824,0.0002625,11235.5
0,2181494,5,phononTF,0.000779366,0.00223093,-0.00180676,-0.0002625,394.487,0.000382,1,0.00199584,-0.00199545,0.0002625,709.796
0,2181494,3,phononTS,0.0021662,0.00278046,-0.000598331,0.000262498,42.8803,0.00153141,1,0.0029995,0.000509122,-0.0002625,292.577
0,2185704,7,phononL,0.000690775,0.000998416,0.000999056,0.0002625,1628.03,0.00046268,1,0.00122805,0.000439998,-0.0002625,1801.76
0,2186072,10,phononTF,0.000443807,-0.000133813,-0.00194246,-0.0002625,9944.81,0.000382,1,-3.69911e-06,-0.00200315,0.0002625,10603.2
0,2191464,17,phononTF,0.000470276,-0.000312865,0.00230668,-0.000262498,1881.8,0.000382,1,-4.79572e-06,0.00199756,0.0002625,1998.97
0,2191638,3,phononTS,0.00241444,0.00122908,-0.005,-0.000157345,3.17966,0.000382,1,0.00100493,-0.00299506,0.0002625,1389.65
0,2191638,4,phononTF,0.00164969,0.00100493,-0.00299506,0.000262498,1389.65,0.000417478,1,0.00119884,-0.00318013,-0.0002625,1490.53
0,2193167,5,phononTS,0.00147146,7.44481e-07,4.72243e-06,0.000262498,850.195,0.000971606,1,4.4318e-05,4.16897e-05,-0.0002625,939.438
0,2193513,5,phononTF,0.000629253,0.00224547,-0.00175545,-0.0002625,156.539,0.000382,1,0.0020049,-0.00199765,0.0002625,610.605
0,2194241,25,phononTS,0.000655955,-0.005,-0.0014416,-0.000115173,3248.19,0.000281588,1,-0.00499487,-0.00154061,-0.0002625,4707.6
0,2198095,5,phononTF,0.0005154,0.00100688,0.00114041,-0.0002625,2004.22,0.000382,1,0.0010026,0.000998748,0.0002625,3939.98
0,2198095,3,phononTS,0.00117276,0.00331794,-0.000688773,0.000262498,261.358,0.000420441,1,0.00371467,-0.000782663,-0.0002625,399.327
0,2198727,7,phononTS,0.000445552,0.00269168,-0.00139277,-0.0002625,906.175,0.000382,1,0.00199501,-0.00199875,0.0002625,1464.09
0,2202628,5,phononTF,0.000605479,0.00124412,-0.00334275,-0.0002625,915.043,0.000382,1,0.000997771,-0.00299694,0.0002625,1954.72
0,2205680,14,phononTF,0.000521018,0.00186964,-0.00213257,-0.0002625,1406.41,0.000382,1,0.00199872,-0.00200192,0.0002625,2983.53
0,2211560,5,phononTF,0.00108139,0.00188342,-0.00187972,-0.0002625,593.783,0.000382,1,0.0019998,-0.00199706,0.0002625,1114.51
0,2211628,9,phononTS,0.000664361,0.00200384,-0.00199628,0.000262498,1584.69,0.000664361,1,0.00173525,-0.00202781,-0.0002625,1700.73
0,2211628,6,phononTS,0.00147207,0.00301901,-0.000686077,0.000262498,951.63,0.000343363,1,0.0027591,-0.000777276,-0.0002625,1073.11
0,2217747,9,phononTS,0.00128007,-0.000317669,-0.000946024,-0.0002625,1554.11,0.000764,1,-0.000997308,-0.00100257,0.0002625,2411.41
0,2218434,19,phononTF,0.00118657,0.00150332,-0.00250279,-0.0002625,3743.83,0.000382,1,0.00199523,-0.00199875,0.0002625,4196.95
0,2218434,20,phononTS,0.000715021,0.00199523,-0.00199875,0.000262498,4196.95,0.000715021,1,0.00202548,-0.00222942,-0.0002625,4308.7
0,2224701,17,phononTS,0.000450985,0.00218475,-0.000336744,-0.000262498,3619.13,0.000382,1,4.17589e-06,-0.001996,0.0002625,4138.26
0,2225496,4,phononTS,0.000420499,0.00101942,-0.00321154,-0.000262499,822.369,0.000382,1,0.00100171,-0.00300066,0.0002625,932.409
0,2227228,11,phononL,0.00051937,-0.00257423,-0.000546424,-0.000262498,4494.97,0.000382,1,-0.00300387,-0.00099894,0.0002625,4584.57
0,2228854,6,phononL,0.00208546,0.00164496,0.000378882,-0.0002625,216.037,0.000382,1,0.00200352,2.07847e-06,0.0002625,516.77
0,2242728,25,phononTF,0.000457382,0.00342495,0.00457546,-0.0002625,7448.85,0.000382,1,0.0009954,-0.00100288,0.0002625,20984.4
0,2245140,15,phononTS,0.00072976,-2.05398e-06,0.00199687,0.000262498,18641.2,0.000105655,1,-3.27092e-05,0.00207251,-0.0002625,18737.5
0,2246883,5,phononTS,0.00125724,0.00198023,5.53581e-05,-0.000262498,891.56,0.000382,1,0.00199986,2.65734e-06,0.0002625,981.307
0,2246883,3,phononTF,0.000958536,0.00283582,-0.000581878,0.000262498,91.0729,0.000282769,1,0.0044952,0.000963322,-0.0002625,491.25
0,2247429,5,phononTF,0.00216842,0.00136425,-0.000649131,-0.0002625,1401.47,0.000764,1,0.00100122,-0.000997307,0.0002625,2156.66
0,2247429,7,phononTS,0.000643624,0.00100122,-0.000997307,0.000262499,2156.66,0.000643624,1,-0.0017495,0.00174746,-0.0002625,2853.13
0,2256310,6,phononTS,0.00053217,-5.64621e-05,-0.0020477,-0.0002625,1426.01,0.000382,1,4.89433e-06,-0.00199545,0.0002625,6899.92
0,2257251,3,phononTS,0.00143878,3.59187e-05,-0.00198393,-0.0002625,127.005,0.001146,1,-2.64104e-06,-0.00200273,0.0002625,1077.31
0,2261542,4,phononTS,0.00287882,0.0020051,0.00213603,-0.0002625,317.888,0.000382,1,0.00200249,0.00200395,0.0002625,1918.1
0,2262680,3,phononL,0.0029247,-0.00154174,0.00240345,-0.0002625,12.1182,0.000764,1,-0.00200238,0.00199834,0.0002625,5621.69
0,2266853,2,phononL,0.00106979,0.0029048,0.000192359,-0.0002625,156.91,0.000764,1,0.00300201,0.000998079,0.0002625,364.242
0,2268266,19,phononTS,0.0006683,5.50831e-05,-0.00202028,-0.000262498,654.115,0.000382,1,-5.8033e-08,-0.00200239,0.0002625,745.842
0,2273002,20,phononTF,0.000416862,0.00164111,-0.00164835,-0.0002625,5358.98,0.000382,1,0.00100031,-0.000997484,0.0002625,6080.64
0,2275914,13,phononTF,0.000457611,-0.000141135,0.00178673,-0.0002625,3851.43,0.000382,1,4.30383e-06,0.00199856,0.0002625,4979.05
0,2280234,4,phononTS,0.000715657,0.00234341,-3.27405e-05,-0.000262498,1456.89,0.000382,1,0.0020046,-2.69422e-06,0.0002625,1581.51
0,2280234,2,phononTS,0.000914418,0.00271366,-0.000466885,0.000262498,176.247,0.000602578,1,9.06285e-05,0.00202189,-0.0002625,831.304
0,2288707,16,phononTS,0.000585707,0.00200268,-0.00199854,0.000262498,946.746,0.000585707,1,0.00208735,-0.00171259,-0.0002625,1070.71
0,2292814,16,phononTF,0.000667474,0.000423355,0.000425432,-0.000262498,8113.59,0.000382,1,-1.23559e-06,5.68761e-07,0.0002625,8250.46
0,2292924,4,phononTS,0.00157634,0.00051359,-0.00264561,-0.0002625,1458.58,0.000764,1,-4.40716e-06,-0.00199625,0.0002625,1844.73
0,2305742,3,phononTS,0.00261898,0.005,0.00273151,-0.000250833,316.196,0.000382,1,0.00300028,0.00100307,0.0002625,5079.48
0,2305742,5,phononTF,0.00172014,0.00300028,0.00100307,0.000262498,5079.48,0.000771203,1,0.00332799,0.00132398,-0.0002625,5198.81
0,2307734,7,phononTS,0.000667191,0.00195928,0.0020127,-0.000262498,3528.58,0.000382,1,0.0019985,0.00199847,0.0002625,3623.27
0,2309622,10,phononTF,0.000824361,0.00202715,-0.00202678,-0.000262498,616.58,0.000382,1,0.00199739,-0.00200056,0.0002625,706.733
0,2310848,10,phononTS,0.000422345,0.00200316,-0.000183321,-0.0002625,1309.99,0.000382,1,0.00199851,-2.58828e-06,0.0002625,1633.63
0,2311468,11,phononTS,0.000397971,7.70847e-05,-0.00220585,-0.0002625,9731.25,0.000382,1,-1.96045e-06,-0.00200416,0.0002625,10532.4
0,2314229,2,phononTF,0.0008472,0.00239519,-0.000340421,-0.0002625,16.8962,0.000382,1,0.0020007,-2.88621e-06,0.0002625,274.096
0,2317761,3,phononTF,0.00433015,0.00345626,0.000531453,-0.0002625,590.02,0.00191,1,0.00300001,0.00100455,0.0002625,920.774
0,2320713,2,phononTS,0.000762079,0.00105453,0.0010723,-0.0002625,1122.33,0.000382,1,0.00100306,0.000998771,0.0002625,5799.44
0,2320842,9,phononTS,0.000578449,0.00213503,3.20401e-05,-0.0002625,7408.92,0.000382,1,0.00199637,1.71352e-06,0.0002625,7714.54
0,2325439,14,phononTF,0.000478877,0.000856785,0.00263293,-0.0002625,6765.03,0.000382,1,3.72904e-07,0.00199907,0.0002625,7470.64
0,2325730,12,phononTF,0.00130336,0.00125995,-0.0027411,-0.0002625,11022.6,0.000382,1,0.00100472,-0.00300238,0.0002625,11871.5
0,2331648,4,phononTF,0.00155097,0.00311726,-0.00259515,-0.0002625,154.861,0.000764,1,0.00199654,-0.00200313,0.0002625,832.885
0,2332719,10,phononTS,0.00039792,0.00302634,0.00107391,-0.0002625,1227.05,0.000382,1,0.00299779,0.00100473,0.0002625,1524.72
0,2336525,11,phononL,0.000473222,0.00100101,-0.0010024,0.000262498,15308.2,0.000473222,1,0.00128311,0.000283273,-0.0002625,15463.2
0,2342312,8,phononTS,0.000645746,0.00193117,0.0020027,-0.000262498,937.668,0.000382,1,0.00200162,0.0019958,0.0002625,1033.6
0,2342912,21,phononTS,0.000419928,0.00235153,-0.00228367,-0.0002625,2909.64,0.000382,1,0.00200172,-0.00200307,0.0002625,4949.78
0,2348736,6,phononTS,0.00119208,0.00100385,-0.00299726,0.000262498,2869,0.000310937,1,0.00265143,0.00252188,-0.0002625,4072.68
0,2350578,5,phononTF,0.000533231,0.00120181,-0.00320599,-0.0002625,1722,0.000382,1,0.00100285,-0.00300075,0.0002625,2139.31
0,2350578,3,phononTF,0.00264596,0.00278099,-0.000672277,0.000262498,2.5357,0.000880103,1,0.00273522,-0.000709197,-0.0002625,93.043
0,2352088,9,phononTF,0.000529327,0.003504,0.00134449,-0.000262498,1786.18,0.000382,1,0.00299551,0.00100129,0.0002625,1930.67
0,2355212,2,phononTF,0.000679615,0.0019668,-0.000361681,-0.0002625,1.25042,0.000382,1,0.000996354,-0.000995714,0.0002625,1665.39
0,2355213,1,phononL,0.01,0.00291951,-0.000761551,-0.00013645,0,0.003378,1,0.00307234,-0.000764687,-0.0002625,204.264
0,2366000,4,phononTF,0.00114551,0.00246573,4.25094e-05,-0.000262498,890.459,0.000382,1,0.00200048,3.84943e-06,0.0002625,1024.66
0,2378103,9,phononTF,0.000598275,-0.000214509,0.00190583,-0.000262498,5150.06,0.000382,1,-4.91273e-07,0.00200356,0.0002625,5251.48
0,2379096,6,phononL,0.0011742,0.00199628,-0.00055952,-0.000262498,545.395,0.000382,1,0.00200308,-3.28442e-06,0.0002625,627.623
0,2386169,10,phononL,0.000692763,0.000133814,0.00238093,-0.0002625,1616.49,0.000382,1,1.72474e-06,0.00200305,0.0002625,2502.78
0,2387169,13,phononL,0.00062747,0.00198709,-0.00148089,-0.0002625,4787.16,0.000382,1,0.00199635,-0.00200263,0.0002625,5505.35
0,2390770,11,phononTF,0.000965405,0.00179225,-0.000182834,-0.000262498,356.96,0.000764,1,0.000996174,-0.00100038,0.0002625,572.736
0,2398589,9,phononTS,0.000759562,0.000976142,0.00102745,-0.0002625,3921.32,0.000382,1,0.00100119,0.00100271,0.0002625,4190.23
0,2399743,15,phononTS,0.000750244,0.00336369,0.000744272,-0.0002625,5550.6,0.000382,1,0.00300303,0.00100124,0.0002625,6282.26
0,2400961,8,phononTS,0.000417495,-0.00300411,-0.00100274,0.000262498,4826.7,0.000417495,1,-0.00304498,-0.00106986,-0.0002625,4922.15
0,2401124,20,phononTS,0.000551735,0.00300304,0.00100285,0.000262498,5584.69,0.000551735,1,0.0035461,0.000977775,-0.0002625,5738.81
0,2404193,12,phononTS,0.000925684,-0.005,0.00383332,-0.000236941,1218.34,0.000925684,1,-0.004996,0.00382092,-0.0002625,2630.97
0,2405781,9,phononTF,0.000485004,0.00286192,0.000821938,-0.0002625,9290.47,0.000382,1,0.000998475,-0.00100451,0.0002625,12605.3
0,2410579,14,phononTS,0.00064738,-0.00207449,-0.00205099,-0.000262498,1988.43,0.000382,1,-0.00200025,-0.00200018,0.0002625,2089.49
0,2416476,12,phononTS,0.000768593,2.12358e-06,-0.00200331,0.000262498,4348.67,0.000768593,1,-3.15212e-05,-0.00170692,-0.0002625,4470.82
0,2418742,4,phononTF,0.00295533,0.00245365,-0.00141485,-0.0002625,21.9096,0.001146,1,0.00200456,-0.00200086,0.0002625,524.422
0,2418742,6,phononL,0.000553742,0.00200456,-0.00200086,0.000262498,524.422,0.000553742,1,0.00280546,-0.0019159,-0.0002625,627.463
0,2420250,10,phononTF,0.000561933,0.00165868,-0.00234739,-0.0002625,753.452,0.000382,1,0.00100416,-0.00300434,0.0002625,1301.46
0,2432650,7,phononTF,0.000508463,0.0012781,-0.00100129,-0.0002625,719.859,0.000382,1,0.00099991,-0.00100416,0.0002625,2206.89
0,2439421,7,phononTF,0.000405128,0.000136348,-0.0018842,-0.0002625,1602.15,0.000382,1,3.90193e-06,-0.00200382,0.0002625,2078.31
0,2441100,4,phononTF,0.00190496,0.00243593,-0.000333532,-0.0002625,33.427,0.001146,1,0.00199661,4.1962e-06,0.0002625,302.515
0,2441492,6,phononTS,0.000665309,0.00194488,-0.00263061,-0.0002625,610.928,0.000382,1,0.00200446,-0.00199841,0.0002625,2775.12
0,2442663,16,phononTF,0.000436758,-0.00290582,0.000906251,-0.0002625,3475.73,0.000382,1,-0.00200416,3.98508e-06,0.0002625,4184.16
0,2443126,15,phononTS,0.000520624,-0.00200349,0.00199946,0.000262498,4035.42,0.000520624,1,-0.00195226,0.00194748,-0.0002625,4129.57
0,2457414,3,phononTF,0.00225372,0.00237828,-0.00135952,-0.0002625,44.3163,0.000764,1,0.00199721,-0.00200173,0.0002625,375.536
0,2460402,5,phononTF,0.00164001,0.00235318,-0.000199899,-0.0002625,612.666,0.000764,1,0.00200193,-3.34794e-06,0.0002625,851.66
0,2460533,13,phononTS,0.000607738,0.00317624,-0.005,-0.00026106,6000.83,0.000382,1,0.000999087,-0.00300234,0.0002625,6547.56
0,2462352,9,phononTF,0.00103673,-0.00216996,0.00183518,-0.000262498,4306.29,0.000382,1,-0.00200267,0.00199686,0.0002625,4404.61
0,2464145,7,phononTS,0.000575011,0.00199986,3.81975e-06,0.000262498,401.938,0.000575011,1,0.0020167,-5.14103e-05,-0.0002625,491.75
0,2468055,2,phononTS,0.000749928,0.00289223,0.000156285,-0.0002625,3.96028,0.000382,1,0.00299505,0.00100365,0.0002625,396.626
0,2476707,11,phononTF,0.000509232,-0.00145199,0.00169415,-0.0002625,4375.52,0.000382,1,-0.00100306,0.00100351,0.0002625,5252.58
0,2478035,4,phononTS,0.00105903,-0.0040887,0.00101484,-0.0002625,303.648,0.000382,1,-0.00300394,-0.000998688,0.0002625,6163.26
0,2479060,7,phononTS,0.000882908,0.00134546,0.0018883,-0.0002625,3975.73,0.000382,1,5.76103e-07,-2.67943e-06,0.0002625,6324.23
0,2487324,3,phononTS,0.00223458,0.00166136,-0.00105972,-0.0002625,134.377,0.000764,1,0.000996668,-0.000998789,0.0002625,718.933
0,2488856,17,phononTS,0.000760284,0.00211054,0.000722943,-0.0002625,8432.2,0.000382,1,0.001995,4.86926e-06,0.0002625,8983.87
0,2489501,13,phononTF,0.000610981,0.00100071,-0.00100247,0.0002625,915.989,0.000610981,1,-0.000783588,-0.00278728,-0.0002625,1798.9
0,2492423,6,phononTF,0.00103249,0.00166288,-0.00232348,-0.000262498,2343.5,0.000764,1,0.00200261,-0.00199825,0.0002625,2464.07
0,2497281,30,phononL,0.000446554,-2.62468e-07,0.00199872,0.000262498,4401.87,0.000446554,1,-0.00108666,0.000198461,-0.0002625,4652.19
0,2508720,16,phononTF,0.000714603,0.0018657,0.00385006,-0.0002625,708.692,0.000382,1,-0.000999718,-0.0010032,0.0002625,7825.61
0,2512927,4,phononTF,0.00273776,0.00233441,-0.000394606,-0.0002625,131.223,0.000764,1,0.00200306,2.2124e-06,0.0002625,388.511
0,2515199,28,phononTF,0.000976766,0.00105862,0.000719636,-0.000262498,1021.35,0.000382,1,0.000996113,0.000996493,0.0002625,1129.2
0,2516866,3,phononTF,0.00252377,0.00238464,-0.000374486,-0.0002625,15.3745,0.000382,1,0.00199651,-1.41774e-06,0.0002625,272.653
0,2517446,11,phononTS,0.000550526,0.00203286,-4.56441e-05,-0.0002625,188.546,0.000382,1,0.00199625,4.09508e-06,0.0002625,680.168
0,2518263,3,phononTS,0.00150403,0.00254647,-0.000169164,-0.0002625,3.19724,0.000382,1,0.00199658,4.58368e-06,0.0002625,1378.1
0,2520834,5,phononTS,0.00273043,0.000766187,0.000244693,-0.0002625,161.568,0.001146,1,0.000996912,0.00100287,0.0002625,855.566
0,2524493,10,phononTS,0.000584977,-0.00100343,0.00334394,-0.0002625,988.602,0.000382,1,-0.000998445,0.00299929,0.0002625,3770.47
0,2527281,6,phononTF,0.000657792,0.00221868,-0.00173881,-0.000262498,608.25,0.000382,1,0.0019955,-0.00199841,0.0002625,716.812
0,2527455,9,phononL,0.000512546,0.000284356,-0.00302703,-0.0002625,11504.5,0.000382,1,0.000999577,-0.00300472,0.0002625,12646
0,2530619,17,phononTS,0.000502864,0.00203558,0.00208473,-0.0002625,13521.6,0.000382,1,0.00200334,0.00200452,0.0002625,14218.1
0,2534895,15,phononTF,0.00045827,-0.00300084,-0.00100433,0.000262498,9892.87,0.00045827,1,-0.00370721,-0.00170141,-0.0002625,10085.2
0,2540714,12,phononTF,0.0013556,-0.00383023,0.005,-0.000225804,3015.04,0.000382,1,3.67202e-06,0.00199971,0.0002625,4477.08
0,2541620,8,phononTS,0.0014047,0.000591368,0.00410566,-0.0002625,2174.37,0.000382,1,-0.000997954,0.00300281,0.0002625,3559.81
0,2544857,15,phononTF,0.000425452,9.1952e-05,-0.00188683,-0.0002625,2337.62,0.000382,1,4.70692e-06,-0.00199963,0.0002625,2618.36
0,2545185,11,phononL,0.000711135,-0.00168882,0.00192469,-0.0002625,6029.76,0.000382,1,-0.00200192,0.00200148,0.0002625,6236.01
0,2545535,8,phononTF,0.00124851,0.00227674,-0.00190114,-0.0002625,238.705,0.000382,1,0.00199588,-0.00199785,0.0002625,564.465
0,2545535,15,phononTF,0.000835789,0.00199588,-0.00199785,0.000262498,564.465,0.000835789,1,0.00165613,-0.00184214,-0.0002625,681.102
0,2546756,16,phononTF,0.00048345,0.00216449,-0.005,9.71715e-05,6177.02,0.000382,1,0.00200301,-0.00199675,0.0002625,9610.48
0,2546909,9,phononTS,0.000696112,0.00196085,0.00194318,-0.000262498,2704.82,0.000382,1,0.00199657,0.00199671,0.0002625,2797.76
0,2548602,10,phononTS,0.00111466,0.00100492,0.00104339,-0.000262498,2090.56,0.000382,1,0.000997795,0.000995126,0.0002625,2181.74
0,2551191,10,phononTS,0.000968775,0.00127116,-0.00105978,-0.000262498,1614.02,0.000382,1,0.000996427,-0.000995821,0.0002625,1735.38
0,2553466,4,phononTF,0.00134362,0.0021537,-0.00179984,-0.0002625,119.569,0.000382,1,0.00200252,-0.00199794,0.0002625,724.242
0,2553466,5,phononTS,0.0008266,0.00200252,-0.00199794,0.000262498,724.242,0.0008266,1,0.00200757,-0.00195829,-0.0002625,815.684
0,2553481,12,phononTS,0.00126385,-2.65332e-06,-0.00199665,0.000262498,4295.96,0.000507736,1,0.00194288,-0.0029169,-0.0002625,4725.79
0,2560544,2,phononTS,0.00266887,0.00199642,-2.94059e-06,0.0002625,4.64075,0.00101525,1,0.00196543,3.59835e-05,-0.0002625,928.432
0,2561814,10,phononTS,0.000437473,0.0025477,-0.00293284,-0.000262498,2307.48,0.000382,1,0.00199588,-0.00200359,0.0002625,2554.49
0,2565923,6,phononTF,0.00041326,0.00222625,-0.000258846,-0.0002625,480.122,0.000382,1,0.00199845,-8.66915e-07,0.0002625,805.742
0,2567498,5,phononTF,0.000882557,0.000373327,0.00161815,-0.0002625,2467.36,0.000382,1,-1.74747e-06,0.00200267,0.0002625,4352.11
0,2567498,2,phononTS,0.00578046,0.00195611,0.000200595,-0.000227258,1242.52,0.000600411,1,0.00193634,0.000170896,-0.0002625,1253.22
0,2570538,15,phononTS,0.00144765,0.00299569,0.00100296,0.000262499,9161.32,0.00035103,1,0.00252353,7.98069e-05,-0.0002625,9400.37
0,2574352,6,phononTF,0.00106382,0.0018418,-0.00233226,-0.0002625,645.847,0.000382,1,0.00100217,-0.00299892,0.0002625,1273.64
0,2574352,10,phononTF,0.000640295,0.00100217,-0.00299892,0.000262498,1273.64,0.000298588,1,0.00107196,-0.00284407,-0.0002625,1369.73
0,2576462,3,phononTS,0.00218754,0.000872797,-0.00204245,-0.0002625,58.4211,0.000764,1,0.000997221,-0.00299649,0.0002625,836.777
0,2579935,14,phononTS,0.000658036,0.00100304,-0.0029986,0.000262498,4053.49,0.000658036,1,0.00127186,-0.00303626,-0.0002625,4169.38
0,2583196,7,phononTF,0.00058865,0.00232866,-0.000235796,-0.0002625,537.156,0.000382,1,0.00199941,2.85951e-06,0.0002625,888.063
0,2591701,21,phononTF,0.000513096,0.00223283,0.000231623,-0.000262498,3283.88,0.000382,1,0.00200116,3.48946e-07,0.0002625,3389.98
0,2593773,19,phononTS,0.000432678,0.00330549,-0.005,-0.000124787,5015.01,0.000382,1,-0.00200233,9.01521e-07,0.0002625,7336.71
0,2596873,11,phononTS,0.000529766,0.00169389,0.00052094,-0.0002625,676.256,0.000382,1,0.000995459,0.00100406,0.0002625,1304.72
0,2602089,5,phononTS,0.000583284,0.00210833,-0.0038882,-0.0002625,1324.6,0.000382,1,0.00100368,-0.00300012,0.0002625,4548.74
0,2602089,4,phononTF,0.00125228,0.00184171,-0.000272928,0.000262499,1324.6,0.000704633,1,0.0015473,-0.000466235,-0.0002625,1436.26
0,2602730,16,phononTF,0.000511735,-0.00131207,-0.000742412,-0.0002625,12919.7,0.000382,1,-0.00100486,-0.000997212,0.0002625,13264.1
0,2604598,11,phononTF,0.0006219,-0.000448074,0.000439294,-0.000262498,6682.49,0.000382,1,2.07698e-06,-5.26896e-07,0.0002625,6822.83
0,2612486,4,phononTS,0.00126701,0.00219915,-0.000309793,-0.0002625,327.585,0.000764,1,0.00200189,3.26885e-06,0.0002625,734.514
0,2612486,2,phononTS,0.000733087,0.00275594,-0.00085622,0.000262498,59.3404,0.000733087,1,0.00303044,-0.000579319,-0.0002625,198.367
0,2612553,4,phononTF,0.00147296,0.00120072,-0.000913428,-0.0002625,1059.7,0.000764,1,0.000996553,-0.00099769,0.0002625,1383.99
0,2613641,4,phononTS,0.00162702,0.00122844,-0.00139626,-0.0002625,210.599,0.000382,1,-1.24382e-06,-0.00200471,0.0002625,788.452
0,2614811,6,phononTS,0.000494998,0.00140579,0.00147426,-0.0002625,966.707,0.000382,1,0.00100238,0.000998571,0.0002625,1668.48
0,2625681,21,phononTF,0.000715613,0.00175451,-0.00174744,-0.0002625,4365,0.000382,1,0.00200087,-0.00200367,0.0002625,5124.45
0,2626802,13,phononTS,0.000755813,0.00125054,-0.00298569,-0.000262498,7122.27,0.000382,1,0.00100072,-0.00300236,0.0002625,7236.67
0,2630914,3,phononL,0.0022122,0.00200408,-8.88997e-07,0.0002625,66.1606,0.00104985,1,0.0021555,0.000311609,-0.0002625,293.3
0,2631937,7,phononTS,0.000585851,0.00195053,0.00162445,-0.0002625,483.384,0.000382,1,0.0019956,0.00200462,0.0002625,1121.19
0,2637794,7,phononTF,0.000629417,0.00310283,0.00111098,-0.0002625,591.945,0.000382,1,0.00299576,0.000998474,0.0002625,873.08
0,2638778,20,phononTS,0.000530163,-0.000283855,0.00199596,-0.0002625,20273,0.000382,1,-1.82187e-06,0.00199932,0.0002625,21105.8
0,2639038,5,phononTS,0.00135846,0.00297005,0.000881426,-0.0002625,3207.76,0.000382,1,0.00300062,0.000995236,0.0002625,4140.92
0,2641404,11,phononTS,0.000405351,0.00298822,0.000912323,-0.0002625,1249.58,0.000382,1,0.00300447,0.000997244,0.0002625,2328
0,2646197,9,phononTS,0.000697802,-1.18994e-06,-0.00200001,0.000262498,4735.5,0.000697802,1,4.97127e-05,-0.00197259,-0.0002625,4824.93
0,2646893,4,phononTS,0.0019954,2.94797e-05,-0.000347471,-0.000262498,3403.52,0.000382,1,2.9085e-06,2.23292e-06,0.0002625,3529.62
0,2649162,20,phononTF,0.000422414,0.00294369,0.000625136,-0.0002625,1011.38,0.000382,1,0.00300288,0.000995156,0.0002625,1758.16
0,2656733,27,phononTS,0.000551504,-0.00264289,-0.0021359,-0.0002625,15832.4,0.000382,1,-0.000996853,-0.000999961,0.0002625,18891.2
0,2657380,8,phononTS,0.000557769,0.005,0.00361505,-8.64323e-05,3785.75,0.000557769,1,0.00475319,0.00358877,-0.0002625,4643.38
0,2657380,2,phononTS,0.00191217,0.00276129,-0.000694487,0.000262498,6.2581,0.000984475,1,0.00122087,7.75925e-05,-0.0002625,358.109
0,2662665,14,phononTF,0.000425615,0.00185355,0.00184372,-0.0002625,6998.2,0.000382,1,0.00200266,0.00199789,0.0002625,7289.43
0,2666147,8,phononTS,0.000801358,-4.43525e-05,-0.0019822,-0.000262498,2225.88,0.000382,1,-2.95495e-06,-0.00200003,0.0002625,2318.02
0,2672915,12,phononTF,0.000582367,0.000746201,0.000987302,-0.000262498,5558.92,0.000382,1,0.00100101,0.00099646,0.0002625,5664.07
0,2673040,11,phononTF,0.000704802,0.000831083,0.000987278,-0.0002625,4120.9,0.000382,1,0.00100167,0.00100052,0.0002625,8301.5
0,2675766,20,phononTS,0.000648042,0.00251848,-0.000261841,-0.000262498,822.888,0.000382,1,0.00299641,0.00100221,0.0002625,1113.19
0,2677801,17,phononTS,0.000496281,-3.09561e-05,0.00194953,-0.0002625,3366.31,0.000382,1,2.72425e-06,0.00200131,0.0002625,4192.6
0,2685850,3,phononTS,0.00262094,0.00288003,0.000153243,-0.0002625,8.53519,0.001146,1,0.00299832,0.00099796,0.0002625,399.907
0,2688855,10,phononTS,0.000602633,0.000746153,0.00165591,-0.000262498,2575.22,0.000382,1,0.000998422,0.00100389,0.0002625,2758.31
0,2690370,14,phononTS,0.000696557,1.99734e-06,-0.00183315,-0.000262498,1760.03,0.000382,1,0.000998968,-0.00100133,0.0002625,2044.64
0,2690656,11,phononTS,0.00135537,0.00314064,0.000561048,-0.0002625,250.281,0.000382,1,0.00200454,-1.77841e-06,0.0002625,1638.38
0,2692640,7,phononL,0.000382491,0.00228759,6.15023e-05,-0.000262498,596.405,0.000382,1,0.00200467,-1.69869e-06,0.0002625,663.862
0,2692640,3,phononTS,0.00121171,0.00253486,-0.000799921,0.000262498,93.036,0.00076834,1,0.0025114,-0.000836087,-0.0002625,185.726
0,2713217,8,phononL,0.000713307,1.16026e-07,-1.1525e-06,0.000262498,2257.6,0.000713307,1,-0.000285644,0.000320148,-0.0002625,2332.23
0,2716032,12,phononTS,0.00104808,0.00199833,5.43116e-05,-0.0002625,204.116,0.000382,1,0.00200216,7.25879e-07,0.0002625,385.093
0,2716961,15,phononTF,0.00055707,6.16339e-05,-0.000331028,-0.0002625,2212.02,0.000382,1,-4.64755e-06,1.21872e-06,0.0002625,2786.01
0,2717215,11,phononTF,0.000533787,0.0017804,0.000190832,-0.000262498,490.766,0.000382,1,0.00200261,1.67463e-06,0.0002625,594.64
0,2721025,3,phononTS,0.00151351,0.00282652,-0.000459062,-0.000262498,477.392,0.000382,1,0.00200077,-0.00200105,0.0002625,832.673
0,2721301,4,phononTS,0.000918203,0.00272712,8.1656e-05,-0.0002625,184.073,0.000382,1,0.00200201,4.83164e-06,0.0002625,1469.91
0,2731696,8,phononTF,0.00039435,0.00280538,0.000811561,-0.000262498,1347.06,0.000382,1,0.00300339,0.00100147,0.0002625,1448.43
0,2733656,4,phononTS,0.000613507,0.0019363,-0.000861117,-0.0002625,54.1974,0.000382,1,0.00100033,-0.000997303,0.0002625,490.773
0,2738465,2,phononTS,0.00162088,0.00202423,-4.35251e-05,-0.0002625,892.848,0.000764,1,0.00199666,4.61382e-06,0.0002625,1856.06
0,2739825,8,phononTF,0.000651847,0.000112031,-0.00212285,-0.0002625,1782.7,0.000382,1,-1.2917e-06,-0.00200478,0.0002625,2114.06
0,2743159,11,phononTS,0.000480232,-0.00139991,-0.000734182,-0.0002625,2963.68,0.000382,1,-0.00099721,-0.000997658,0.0002625,3419.04
0,2743944,16,phononTF,0.000530318,0.00199801,-0.00200113,0.0002625,2763.05,0.000530318,1,0.00178316,-0.00168761,-0.0002625,3449.66
0,2744524,13,phononTS,0.000629012,0.00116631,0.00136759,-0.0002625,677.294,0.000382,1,4.79189e-06,0.00200159,0.0002625,1511.49
0,2747681,7,phononTS,0.000729795,2.60944e-06,-4.19419e-06,0.000262498,2888.12,0.000729795,1,-3.19554e-05,0.000237557,-0.0002625,3000.83
0,2752606,15,phononTF,0.0010981,0.000330929,0.000337358,-0.000262498,914.011,0.000382,1,-4.0969e-06,-3.73698e-06,0.0002625,1035.68
0,2757733,10,phononTS,0.000461556,0.00112871,-7.05045e-06,-0.0002625,6768.94,0.000382,1,0.00200464,3.58891e-06,0.0002625,8374.39
0,2758990,4,phononTS,0.00147802,0.00165399,-0.00105388,-0.0002625,23.1873,0.000382,1,0.000995817,-0.00100381,0.0002625,658.931
0,2759342,11,phononTF,0.00183152,0.000772508,-0.00276511,-0.000262498,1134.44,0.001146,1,0.00100366,-0.00299542,0.0002625,1240.43
0,2760231,12,phononTF,0.000944305,-9.76669e-07,1.88779e-06,0.000262498,2080.28,0.000944305,1,-0.000436356,-0.000401927,-0.0002625,2217.26
0,2763137,15,phononTF,0.000420092,0.00300315,0.00100224,0.000262499,1810.44,0.000420092,1,0.00330291,0.00071573,-0.0002625,1924.88
0,2772000,15,phononTS,0.000532668,0.00269618,-0.00192978,-0.000262498,435.059,0.000382,1,0.00199842,-0.00199945,0.0002625,608.977
0,2781018,12,phononTS,0.00100135,0.00257734,0.00312773,-0.0002625,3269.53,0.000382,1,0.00199814,0.00199547,0.0002625,6237.62
0,2783141,4,phononL,0.00108276,0.00166484,-0.00016907,-0.0002625,346.359,0.000382,1,0.00199677,-4.69294e-06,0.0002625,559.629
0,2793962,16,phononTS,0.00181834,-0.00214261,0.00454801,-0.0002625,2456.08,0.000382,1,-0.00100426,0.00299815,0.0002625,3835.22
0,2800086,8,phononTF,0.00113272,0.00300965,0.000914708,-0.000262498,4002.78,0.000764,1,0.0029983,0.000999713,0.0002625,4094.49
0,2807760,7,phononTF,0.000501723,6.71095e-05,0.000186346,-0.0002625,693.079,0.000382,1,-1.82315e-06,1.96254e-06,0.0002625,1828.4
0,2808523,9,phononTF,0.000668743,0.00242208,-0.005,-0.000221618,8518.85,0.000382,1,0.00199671,-0.0019989,0.0002625,10965.6
0,2808634,6,phononTS,0.000771473,0.00307926,-0.00045212,-0.000262498,712.121,0.000382,1,0.000997143,0.000997968,0.0002625,1204.69
0,2817080,10,phononTF,0.000841361,0.000996991,0.00100439,0.0002625,1828.8,0.000841361,1,0.00073915,0.000753471,-0.0002625,2844.01
0,2823148,6,phononTF,0.000776066,0.005,-0.0020292,0.000162435,521.936,0.000382,1,0.00199622,-0.00199772,0.0002625,4545.82
0,2823216,4,phononTF,0.000606401,-0.00051794,-0.005,-0.000182148,560.117,0.000382,1,0.000998612,-0.00300104,0.0002625,2634.84
0,2825281,22,phononTS,0.000396627,-6.62667e-05,-0.00107828,-0.000262498,13050.8,0.000382,1,-4.01604e-06,-0.00200055,0.0002625,13263.8
0,2825282,1,phononTS,0.01,0.00273483,-0.000783621,-0.000258364,0,0.00359375,1,0.00273575,-0.000781923,-0.0002625,335.213
0,2828939,7,phononTF,0.00105965,0.00264864,0.000643818,-0.0002625,354.423,0.000382,1,0.00299553,0.000998701,0.0002625,601.897
0,2831476,23,phononTF,0.0011187,0.00185529,0.00215277,-0.0002625,7339.26,0.000382,1,0.0019957,0.00200018,0.0002625,7630.18
0,2838094,5,phononTS,0.00186399,0.00287859,0.000179844,-0.0002625,11.0512,0.001146,1,0.00299703,0.000997363,0.0002625,409.135
0,2838094,4,phononL,0.00050969,0.00276016,-0.000637671,0.000262498,11.0512,0.00050969,1,0.00282571,3.71451e-05,-0.0002625,102.896
0,2838221,6,phononTS,0.000811152,0.000742228,-0.000279303,-0.0002625,140.618,0.000382,1,2.14011e-07,-1.81645e-06,0.0002625,931.171
0,2847677,6,phononTS,0.00104641,0.00378356,0.00123238,-0.000262498,1129.09,0.000382,1,0.00300443,0.000995615,0.0002625,1329.25
0,2847677,7,phononTS,0.00044889,0.00300443,0.000995615,0.000262498,1329.25,0.00044889,1,0.0029552,0.00102726,-0.0002625,1418.59
0,2853048,6,phononTF,0.000416493,0.00192889,-7.31987e-05,-0.000262498,1218.26,0.000382,1,0.00200206,-3.06775e-06,0.0002625,1309.8
0,2854306,8,phononTF,0.00104497,-0.0014885,-0.00101315,-0.000262498,2186.5,0.000382,1,-0.00199536,-0.00200371,0.0002625,2410.67
0,2855061,17,phononTF,0.00102592,0.00125114,-0.00282841,-0.0002625,1978.29,0.000382,1,0.00100172,-0.00299668,0.0002625,3174.32
0,2858511,2,phononTF,0.0013138,0.00267891,-0.00190853,-0.0002625,9.06165,0.000764,1,0.00199679,-0.00199974,0.0002625,649.205
0,2861398,7,phononTF,0.00051437,0.000470391,-0.00160591,-0.0002625,1632.86,0.000382,1,-3.87549e-06,-0.00199912,0.0002625,2057.69
0,2863367,9,phononTF,0.000388211,0.00187013,0.00212287,-0.0002625,2560.44,0.000382,1,0.00199848,0.00199757,0.0002625,3037.28
0,2864034,11,phononTF,0.000595218,0.00199951,-0.00199651,0.000262498,854.09,0.000595218,1,0.00183284,-0.00222528,-0.0002625,958.054
0,2872515,7,phononTF,0.000594847,0.00114158,-0.00270108,-0.0002625,2750.94,0.000382,1,0.00100407,-0.00300223,0.0002625,5923.82
0,2874773,11,phononL,0.00157979,0.00164489,-0.00188443,-0.0002625,1870.71,0.000382,1,-3.20454e-06,-0.00199871,0.0002625,2525.29
0,2886508,10,phononTS,0.000603312,-2.46928e-06,-0.00199657,0.000262498,8250.93,0.000603312,1,-4.19176e-05,-0.0019489,-0.0002625,8340.04
0,2889923,9,phononTF,0.000786734,0.00289269,-0.000847771,-0.0002625,3894.85,0.000382,1,0.00199745,-0.00200351,0.0002625,4710.1
0,2891608,6,phononTS,0.00040009,0.0019945,-0.00186849,-0.0002625,676.501,0.000382,1,0.00199559,-0.00199629,0.0002625,1803.73
0,2891986,4,phononTS,0.00274728,-0.0013727,0.00193967,-0.0002625,10.8504,0.000382,1,-0.00199621,0.00200023,0.0002625,1279.87
0,2896573,10,phononTF,0.000417713,0.000829225,-0.00316532,-0.000262498,598.162,0.000382,1,0.000995644,-0.0029983,0.0002625,696.688
0,2898783,12,phononTF,0.00039241,6.90607e-07,4.70145e-06,0.000262498,5549.48,0.00039241,1,8.50505e-05,9.36692e-05,-0.0002625,5641.87
0,2904672,13,phononTS,0.00066425,0.00198815,-0.00185928,-0.0002625,1189.87,0.000382,1,0.00200266,-0.00199725,0.0002625,1502.55
0,2909595,9,phononTF,0.000442728,0.0010039,-0.00299797,0.0002625,1946.8,0.000442728,1,1.58523e-05,-0.00397707,-0.0002625,2827.36
0,2910024,11,phononTS,0.000402621,0.00181686,-0.00220968,-0.000262498,2153.9,0.000382,1,0.00099991,-0.00300109,0.0002625,2411.57
0,2916392,3,phononTF,0.00289925,0.00113614,-0.000674935,-0.00023982,16.1722,0.000764,1,0.00100042,-0.00100298,0.0002625,571.141
0,2916699,2,phononTF,0.00228575,0.00220237,-0.000158646,-0.0002625,16.056,0.000382,1,0.00199506,-2.76791e-06,0.0002625,422.855
0,2917475,9,phononTF,0.000565657,0.00252788,0.00050582,-0.0002625,686.08,0.000382,1,0.00300202,0.000995671,0.0002625,1127.73
0,2918894,6,phononTS,0.00265759,-0.00289104,-0.000947007,-0.0002625,2744.21,0.001146,1,-0.00100429,0.000997357,0.0002625,5418.73
0,2922036,15,phononTF,0.000763426,-0.000657101,-0.000661944,-0.000262498,11614,0.000382,1,-0.00100059,-0.00100401,0.0002625,11736.6
0,2924216,19,phononTF,0.000402833,-0.00113301,0.00297967,-0.0002625,5189.59,0.000382,1,-0.00100187,0.00299825,0.0002625,5530.88
0,2925641,4,phononTF,0.00202823,0.00238319,-0.00133479,-0.0002625,4.16891,0.000382,1,0.00199687,-0.00200275,0.0002625,343.58
0,2925923,9,phononTF,0.000387322,0.00222924,-0.0017858,-0.0002625,476.728,0.000382,1,0.0020047,-0.00200013,0.0002625,855.869
0,2927235,5,phononTF,0.00103874,0.00190988,-0.00186672,-0.0002625,113.664,0.000382,1,0.0019957,-0.00199528,0.0002625,873.9
0,2928832,2,phononTF,0.00293096,0.00210441,-0.00106381,-0.0002625,416.577,0.001528,1,1.27584e-07,-0.00200358,0.0002625,1991.36
0,2930468,12,phononTF,0.000406343,-0.00186008,-0.000142162,-0.0002625,938.147,0.000382,1,-0.00200489,-2.03474e-06,0.0002625,1819.09
0,2930955,5,phononTS,0.000550855,-0.00207706,0.000486074,-0.0002625,1815.64,0.000382,1,-0.00199575,2.81028e-06,0.0002625,5907.53
0,2933001,1,phononL,0.01,0.0019818,8.86939e-06,0.000175248,0,0.002292,1,0.00200386,4.65701e-06,0.0002625,1193.24
0,2938709,9,phononTF,0.000648316,0.00307175,0.00113989,-0.0002625,2278.51,0.000382,1,0.00299734,0.00100346,0.0002625,2563.07
0,2940374,12,phononTS,0.00196975,0.00201007,-0.00199005,-0.000262498,534.295,0.000382,1,0.00200454,-0.00199843,0.0002625,624.149
0,2941788,6,phononL,0.000884128,0.00245073,-0.00194958,-0.0002625,894.319,0.000382,1,0.00199989,-0.0019995,0.0002625,1299.56
0,2941825,5,phononTF,0.00189346,0.00244437,-0.00046433,-0.000262498,176.263,0.000764,1,0.00199588,3.65772e-06,0.0002625,319.955
0,2943145,17,phononTS,0.000549675,0.000436816,0.00310765,-0.0002625,13241.2,0.000382,1,1.56244e-06,0.00199706,0.0002625,19014.4
0,2949792,4,phononTF,0.00109486,0.00221216,0.000221318,-0.0002625,56.5558,0.000382,1,0.00199635,-3.63277e-06,0.0002625,658.491
0,2954658,4,phononTF,0.00302593,0.00188969,0.00208283,-0.0002625,45.4805,0.001528,1,0.00199814,0.00200066,0.0002625,2518.91
0,2960654,19,phononTF,0.000716115,-0.00112051,-0.000889398,-0.0002625,2274.38,0.000382,1,-0.00100455,-0.00100254,0.0002625,5512.63
0,2964008,11,phononTF,0.000529916,-0.00300152,-0.000997087,0.0002625,2819.12,0.000529916,1,-0.00375466,-0.000236835,-0.0002625,3227.49
0,2964008,3,phononTS,0.0017835,0.00257408,-0.000640165,0.000262498,93.4274,0.000757818,1,0.00196923,0.0010827,-0.0002625,481.16
0,2971494,4,phononTS,0.000652503,0.00201913,-0.00175668,-0.0002625,60.428,0.000382,1,0.00200035,-0.00200366,0.0002625,2851.59
0,2973844,13,phononTS,0.0008468,0.000986488,0.00152756,-0.000262498,7120.75,0.000382,1,0.000997622,0.00100289,0.0002625,7264.57
0,2975193,4,phononTS,0.00499481,0.00377862,-0.00392153,-0.000202915,1104.82,0.000951386,1,0.00380752,-0.00392469,-0.0002625,2647.83
0,2981434,15,phononTF,0.000402236,0.00200457,-0.00199957,0.000262498,2639.41,0.000402236,1,0.00175356,-0.00222183,-0.0002625,2747.07
0,2982473,27,phononTF,0.000975983,0.00218349,0.00156661,-0.0002625,1895.09,0.000764,1,0.00199678,0.00199969,0.0002625,2446.26
0,2985485,3,phononTS,0.00185413,0.000969258,0.000242864,-0.0002625,26.1638,0.000382,1,-3.5617e-06,-2.40041e-07,0.0002625,1139.15
0,2985485,6,phononTS,0.00140763,-3.5617e-06,-2.40041e-07,0.000262498,1139.15,0.00115322,1,0.00433844,-0.00497562,-0.0002625,2347.52
0,2986094,5,phononTS,0.000686154,-0.00225243,-0.00108378,-0.0002625,7962.79,0.000382,1,-0.000996559,-0.00100269,0.0002625,13729.9
0,2987386,10,phononTF,0.000396116,-0.00183007,-0.00165294,-0.0002625,4577.31,0.000382,1,-0.0020008,-0.00200442,0.0002625,5314.15
0,2987386,3,phononTS,0.000384504,0.00274715,-0.000788043,0.000262498,667.928,0.000384504,1,0.00293471,-0.000321729,-0.0002625,821.255
0,2987546,6,phononTF,0.000773274,5.48815e-07,-0.00199577,0.000262498,840.968,0.000637134,1,0.000568262,-0.00258119,-0.0002625,1006.9
0,2991350,5,phononTS,0.000585471,-3.33181e-05,0.00199564,-0.0002625,1630.17,0.000382,1,-2.62634e-06,0.00199798,0.0002625,2778.92
0,2996342,13,phononTF,0.000822883,0.0034224,0.00137887,-0.0002625,8075.36,0.000382,1,0.00300379,0.0010011,0.0002625,10040.7
0,2996342,3,phononTF,0.000526634,0.00276569,-0.000751384,0.000262498,16.6852,0.000526634,1,0.00294707,-0.00072454,-0.0002625,114.633
0,2996342,2,phononL,0.000775919,0.00276569,-0.000751384,0.000262498,16.6852,0.000735109,1,0.00351796,-0.00100586,-0.0002625,120.133
0,2996846,12,phononL,0.000432855,0.00277893,-1.92187e-05,-0.000262498,3212.61,0.000382,1,0.0030024,0.000995206,0.0002625,3338.99
0,2999298,8,phononTF,0.0017812,0.00223586,-0.000240442,-0.0002625,408.3,0.000382,1,0.00200285,3.89789e-06,0.0002625,728.682
0,2999336,6,phononTS,0.000489903,0.0014334,-0.000707256,-0.0002625,1482.9,0.000382,1,0.00199605,-0.00199893,0.0002625,5917.98
0,3000282,10,phononTF,0.000561826,0.00199914,3.84518e-06,0.000262498,3147.32,0.000561826,1,0.00227041,-0.000280657,-0.0002625,3260.21
0,3000581,8,phononTS,0.0005216,0.00111072,0.00245472,-0.0002625,977.68,0.000382,1,0.00299891,0.00100092,0.0002625,3620.17
0,3004824,2,phononTS,0.000387617,3.78218e-05,0.000138816,-0.0002625,69.1862,0.000382,1,-3.26906e-07,3.73603e-06,0.0002625,5420.62
0,3004905,8,phononTS,0.000602756,-0.00196936,0.00204647,-0.000262498,8760.77,0.000382,1,-0.0020041,0.00200419,0.0002625,8850.08
0,3011492,13,phononTS,0.000396457,1.37418e-06,0.00199533,0.000262499,9246.92,0.000396457,1,1.31365e-05,0.00148124,-0.0002625,9388.95
0,3014020,11,phononTF,0.00104262,7.00654e-05,-0.00203991,-0.000262498,1238.48,0.000764,1,5.15346e-07,-0.0020001,0.0002625,1329.69
0,3015566,14,phononTS,0.000424594,-0.00202442,0.00193082,-0.000262498,4288.02,0.000382,1,-0.00199765,0.00200139,0.0002625,4384.45
0,3021513,4,phononTF,0.00201436,0.00212612,-0.000116968,-0.0002625,13.0581,0.000382,1,0.00200486,-2.07248e-06,0.0002625,578.832
0,3030085,2,phononTS,0.00163694,-4.86123e-05,0.00207489,-0.0002625,32.7477,0.000382,1,-5.03361e-07,0.00199777,0.0002625,3287.4
0,3030338,5,phononL,0.000412973,-0.00315631,-0.00137687,-0.0002625,3029.01,0.000382,1,-0.00300195,-0.000998444,0.0002625,3631.6
0,3034584,19,phononTS,0.000586086,0.00093322,-0.00370216,-0.000262498,16177.3,0.000382,1,0.00200257,-0.00200102,0.0002625,16577.8
0,3034590,8,phononTF,0.000464437,-0.00127738,-0.000769075,-0.0002625,2799.23,0.000382,1,-0.000995222,-0.00100228,0.0002625,5837.19
0,3034772,4,phononTS,0.00199948,-0.00233755,0.00259131,-0.0002625,155.193,0.001146,1,-0.00200111,0.0020013,0.0002625,9903.28
0,3040441,20,phononTS,0.00154403,0.00240741,-0.00177527,-0.000262498,380.129,0.000764,1,0.000996232,-0.000996744,0.0002625,710.034
0,3040463,3,phononTS,0.00147283,0.00204835,-0.000857797,-0.0002625,70.822,0.000382,1,0.000995638,-0.00100369,0.0002625,788.422
0,3040608,12,phononTF,0.000953746,-0.00115383,0.00315811,-0.0002625,6725.39,0.000764,1,-0.00099711,0.00299543,0.0002625,7018.92
0,3041441,20,phononTF,0.00048856,0.00206376,-0.0019589,-0.0002625,12089.2,0.000382,1,0.00199709,-0.0019999,0.0002625,13491.6
0,3042375,7,phononTF,0.000589686,0.000154899,0.000286351,-0.000262498,3703.84,0.000382,1,1.89989e-06,3.49595e-06,0.0002625,3813.38
0,3044714,10,phononTS,0.000536803,0.000484323,0.00371819,-0.0002625,2184.98,0.000382,1,3.30349e-06,0.00199668,0.0002625,6559.93
0,3049307,8,phononTS,0.000393683,4.36757e-06,-0.00199571,0.000262498,1269.8,0.000393683,1,-0.00332888,-0.0040381,-0.0002625,2009.13
0,3062461,4,phononTS,0.000648584,0.000932419,-8.34821e-05,-0.0002625,600.276,0.000382,1,-4.46373e-06,-3.31273e-06,0.0002625,1248.2
0,3063791,10,phononTF,0.000863553,0.00420363,-0.00170906,-0.000262498,853.721,0.000382,1,-0.00300259,-0.000997634,0.0002625,2124.18
0,3066668,10,phononTS,0.000518038,0.00096248,-0.00295809,-0.000262498,6020.59,0.000382,1,0.00100427,-0.00300381,0.0002625,6109.68
0,3072583,8,phononTS,0.00059697,0.00301198,0.000952184,-0.0002625,5359.67,0.000382,1,0.00300497,0.00099919,0.0002625,5811.71
0,3076767,17,phononTS,0.000427272,0.00200929,0.00198923,-0.0002625,3946.21,0.000382,1,0.00200164,0.0019975,0.0002625,8983.73
0,3079312,17,phononTS,0.000448106,0.000369113,-0.00394479,-0.0002625,9450.62,0.000382,1,0.00199813,-0.00199684,0.0002625,10717
0,3086195,13,phononTF,0.000691187,-0.00355526,-0.005,-0.000187014,2069.38,4.54365e-05,1,-0.00349277,-0.00493781,-0.0002625,3436.02
0,3088475,8,phononTF,0.00122752,-0.000194784,0.00209113,-0.0002625,1025.19,0.000764,1,8.50696e-07,0.00199898,0.0002625,2495.81
0,3093702,7,phononTF,0.00082779,7.1225e-05,-7.297e-05,-0.0002625,699.233,0.000382,1,-8.74917e-07,-4.7001e-06,0.0002625,1469.59
0,3106049,38,phononTS,0.00178529,-0.00198001,-2.48167e-05,-0.000262498,3107.43,0.000382,1,-0.00200334,2.36815e-06,0.0002625,3197.08
0,3110309,12,phononL,0.00051318,0.000160552,-0.00210544,-0.0002625,3396.44,0.000382,1,3.99125e-06,-0.00200083,0.0002625,3718.53
0,3120455,13,phononTF,0.000551079,-0.00265975,-0.000665991,-0.0002625,928.296,0.000382,1,-0.00300324,-0.00100394,0.0002625,2270.13
0,3121295,4,phononTF,0.000817658,0.00180232,0.000348126,-0.0002625,1478.87,0.000382,1,0.00199752,-3.25406e-06,0.0002625,3022.07
0,3122296,14,phononTS,0.000629985,-0.00112328,-0.00200771,-0.0002625,8525.92,0.000382,1,-0.00100026,-0.000999194,0.0002625,14773.5
0,3125256,21,phononL,0.000502884,-0.000905873,0.000544416,-0.0002625,5570.89,0.000382,1,-0.000997017,0.000997747,0.0002625,6350.14
0,3127612,2,phononTF,0.000466665,0.00213803,-0.00018352,-0.0002625,238.03,0.000382,1,0.00199816,-4.28102e-07,0.0002625,635.122
0,3133670,8,phononTS,0.000484698,-1.8883e-07,0.00200186,0.000262498,2045.2,0.000484698,1,0.00106093,0.00251111,-0.0002625,2307.28
0,3136496,12,phononL,0.000526584,-0.000360348,-0.00263435,-0.0002625,4684.64,0.000382,1,1.8408e-06,-0.00200103,0.0002625,5403.73
0,3137989,9,phononTS,0.000835366,0.00197842,-0.000955572,-0.0002625,738.379,0.000382,1,0.000996228,-0.000999316,0.0002625,2115.4
0,3140040,13,phononTF,0.000729662,0.000935741,-0.000932931,-0.0002625,1563.85,0.000382,1,0.00100215,-0.00100223,0.0002625,2020.95
0,3140308,14,phononTS,0.000613956,0.00216233,0.005,-0.000125021,1295.74,0.000382,1,-1.6377e-06,0.00199621,0.0002625,2770.65
0,3147969,8,phononTS,0.000568348,0.000714949,0.00190114,-0.0002625,2305.06,0.000382,1,-4.22247e-06,0.0020024,0.0002625,2679.52
0,3148250,33,phononL,0.000504054,-0.000108557,0.000155225,-0.0002625,11544.7,0.000382,1,5.5208e-07,-1.30008e-06,0.0002625,11738.2
0,3156972,14,phononTF,0.000589902,-0.000101336,-0.00180362,-0.0002625,1506.1,0.000382,1,4.8209e-06,-0.00199634,0.0002625,2003.87
0,3159467,8,phononL,0.000476459,-0.00201768,-0.000906017,-0.0002625,5458.06,0.000382,1,-0.00300269,-0.00100353,0.0002625,5988.44
0,3161119,8,phononTF,0.000403064,0.00165241,-0.00165338,-0.0002625,491.148,0.000382,1,0.00200021,-0.0020015,0.0002625,1120.89
0,3162964,7,phononTS,0.000580456,-0.00297365,-0.00117109,-0.000262499,3282.5,0.000382,1,-0.00299684,-0.000998484,0.0002625,3388.31
0,3167970,3,phononTS,0.00239175,0.00295814,0.000571066,-0.0002625,13.154,0.000382,1,0.00300488,0.00100013,0.0002625,556.823
0,3168527,3,phononTS,0.0025421,0.00258771,-0.0016199,-0.0002625,389.363,0.000382,1,0.00199665,-0.00199787,0.0002625,760.492
0,3168527,6,phononTS,0.00106427,0.00199665,-0.00199787,0.000262498,760.492,0.000857763,1,0.00221733,-0.0014071,-0.0002625,932.8
0,3172780,11,phononTS,0.00220956,-0.00300151,-0.000997802,0.000262498,5520.21,0.000698814,1,-0.00304552,-0.000774855,-0.0002625,5630.69
0,3174795,10,phononTF,0.000760737,-0.00127013,0.00327085,-0.0002625,9849.32,0.000382,1,-0.000999576,0.00299862,0.0002625,10651.4
0,3177062,10,phononTF,0.000649795,0.00274013,-0.000745428,-0.000262498,563.202,0.000382,1,0.00199559,-1.18989e-06,0.0002625,764.594
0,3179398,22,phononTS,0.000385662,-0.005,0.0029982,0.000159962,22175.2,0.000385662,1,-0.00419502,0.00334517,-0.0002625,23128.2
0,3179399,1,phononTS,0.01,0.00292418,-0.00103401,-0.000244041,0,0.00306283,1,0.00292481,-0.00105214,-0.0002625,300.558
0,3179454,5,phononL,0.00159738,0.00211829,0.0016194,-0.0002625,678.589,0.000382,1,0.00200034,0.0020014,0.0002625,1186.17
0,3186192,2,phononTS,0.000512443,0.00167247,-0.000303774,-0.0002625,13.6122,0.000382,1,0.00300055,0.00100467,0.0002625,647.28
0,3190898,6,phononTF,0.00121284,0.00279512,-0.000564972,-0.000262498,671.909,0.000382,1,0.000999338,-0.00299853,0.0002625,1204.84
0,3196023,2,phononTF,0.00144729,0.00231206,-0.000373037,-0.0002625,61.9309,0.000382,1,0.0020008,1.12628e-06,0.0002625,311.845
0,3196898,6,phononTS,0.000507085,3.47307e-05,0.00215026,-0.0002625,2106.56,0.000382,1,-1.71379e-06,0.00200431,0.0002625,2644.5
0,3197618,5,phononTF,0.000615865,0.000628461,-0.000613926,-0.0002625,1192.02,0.000382,1,-7.52708e-07,-1.64513e-06,0.0002625,3604.81
0,3197618,3,phononTF,0.00141567,0.00278796,-0.000657748,0.000262498,23.8305,0.000625262,1,0.0025419,0.00045302,-0.0002625,261.735
0,3198152,9,phononL,0.000390484,-0.00229155,0.00286801,-0.0002625,1300.47,0.000382,1,-0.00200497,0.0020041,0.0002625,1575.55
0,3199513,3,phononTF,0.00207847,0.00218714,-0.000195538,-0.0002625,62.052,0.001146,1,0.00200053,-1.33311e-07,0.0002625,466.241
0,3205981,14,phononTF,0.000494105,-0.005,-0.0035137,0.000124217,5970.03,0.000494105,1,-0.00453243,-0.00305315,-0.0002625,7636.21
0,3206620,4,phononTF,0.0004482,0.00116318,-0.000810164,-0.0002625,881.231,0.000382,1,2.65839e-06,1.18206e-06,0.0002625,1889.17
0,3209269,11,phononTF,0.0023813,1.04137e-06,-0.00200002,0.000262498,1110.12,0.00094649,1,-9.24564e-05,-0.00205229,-0.0002625,1202.38
0,3214322,12,phononTS,0.000519645,0.000101398,-0.00297949,-0.0002625,3788.21,0.000382,1,4.7748e-06,-0.0019981,0.0002625,4439.99
0,3214322,2,phononTF,0.00131321,0.00269152,-0.000707641,0.000262498,28.5323,0.00116668,1,0.00294109,-0.00059876,-0.0002625,133.712
0,3218206,7,phononTF,0.000693315,-0.000399442,-0.0023917,-0.0002625,1031.25,0.000382,1,2.3224e-06,-0.00200493,0.0002625,1424.35
0,3225193,14,phononTS,0.000939657,-0.00215333,-0.00116308,-0.000262498,1933.81,0.000382,1,-0.00199871,-0.00200173,0.0002625,2135.79
0,3225306,11,phononTF,0.000472227,0.00170994,0.00170971,-0.000262498,4016.35,0.000382,1,0.00199912,0.00199939,0.0002625,4130.32
0,3229782,12,phononTS,0.000719559,0.00318716,0.00395937,-0.0002625,10991.3,0.000382,1,3.29538e-06,0.00200493,0.0002625,14828.2
0,3230122,3,phononTS,0.000414379,-0.00157537,-0.00200689,-0.0002625,722.126,0.000382,1,-0.00200217,-0.00199714,0.0002625,1909.72
0,3231932,2,phononTF,0.000904164,-0.00101247,-0.00299707,-0.0002625,30.0231,0.000382,1,-0.00200165,-0.00200125,0.0002625,1727.41
0,3232073,13,phononTF,0.000742265,0.00199802,-3.86787e-06,0.000262499,1726.13,0.000742265,1,0.00216209,-0.000166276,-0.0002625,1824.32
0,3233590,10,phononTS,0.000387253,0.00102943,-0.00102526,-0.000262498,2292.99,0.000382,1,0.00100057,-0.00100259,0.0002625,2383.44
0,3236432,4,phononTF,0.000843536,0.00240213,-0.000409264,-0.0002625,197.295,0.000382,1,0.00200353,1.74201e-06,0.0002625,463.147
0,3240708,2,phononTF,0.00107373,-0.000941461,0.000796406,-0.0002625,475.049,0.000382,1,-0.00200008,0.00200306,0.0002625,2516.09
0,3244996,3,phononTF,0.00136369,0.00214978,-0.00180525,-0.0002625,645.304,0.000382,1,0.00199963,-0.00200184,0.0002625,1249.05
0,3245020,3,phononTS,0.00226255,0.00199789,-0.00199643,0.0002625,33.5259,0.000514493,1,0.00242896,-0.00193373,-0.0002625,1999.38
0,3246900,6,phononTS,0.00173096,0.000129365,0.00273703,-0.0002625,1086.65,0.000382,1,-0.00100038,0.00300332,0.0002625,4052.88
0,3253637,4,phononL,0.00187525,0.00149336,0.000635832,-0.0002625,618.709,0.000382,1,0.00100471,0.000997809,0.0002625,970.827
0,3255145,2,phononTS,0.000630207,0.00216908,-0.000401927,-0.0002625,335.324,0.000382,1,0.00199865,-1.06087e-06,0.0002625,622.892
0,3255566,5,phononTS,0.000572901,-0.00317362,-0.00199895,-0.000262498,5413.05,0.000382,1,-0.00300355,-0.000996577,0.0002625,5643.48
0,3257246,15,phononTS,0.000402048,-0.00166296,0.000258749,-0.0002625,6135.63,0.000382,1,-0.00199664,-9.09687e-08,0.0002625,6853.12
0,3262858,5,phononTS,0.00160385,0.000995894,-0.00100104,0.000262498,903.051,0.00044785,1,0.00032392,-0.000989065,-0.0002625,1074.59
0,3263440,6,phononTS,0.000869312,2.15526e-06,-0.00200444,0.0002625,2100.35,0.000483601,1,1.35285e-05,-0.00219977,-0.0002625,2924.55
0,3265859,18,phononL,0.000438998,-0.00199518,0.00200185,0.0002625,2378.41,0.000438998,1,-0.00216829,0.00270343,-0.0002625,4257.39
0,3269465,17,phononTF,0.000511165,-0.0015258,-0.00151769,-0.0002625,7575.06,0.000382,1,-0.00200309,-0.00200309,0.0002625,8016.52
0,3272088,12,phononTS,0.00080438,-0.000995245,0.00300417,0.000262498,13048.6,0.00072884,1,-0.000944709,0.0029682,-0.0002625,13141.6
0,3275055,10,phononTS,0.000628959,-0.00304577,-0.00112776,-0.0002625,6260.74,0.000382,1,-0.00300115,-0.000996096,0.0002625,7170.11
0,3275550,14,phononTS,0.000396673,0.00238719,0.000532432,-0.0002625,11397.8,0.000382,1,0.000995486,-0.000995143,0.0002625,13678.6
0,3275551,1,phononTS,0.01,0.00259536,-0.000701436,-0.000248679,0,0.00479452,1,0.00258066,-0.000683683,-0.0002625,230.914
0,3282765,5,phononTS,0.000634797,-0.003593,-0.000359912,-0.0002625,2282.91,0.000382,1,-0.0029992,-0.000999438,0.0002625,6376.33
0,3287296,3,phononTF,0.00120833,0.00236792,-0.000365702,-0.0002625,29.4556,0.000382,1,0.00199556,4.4282e-06,0.0002625,284.383
0,3287296,2,phononTS,0.00272282,0.00274028,-0.000735831,0.000262498,29.4556,0.00166252,1,0.00373021,-0.00247358,-0.0002625,433.551
0,3288979,7,phononL,0.000580056,-0.000165477,-0.0006243,-0.0002625,5620.29,0.000382,1,9.67111e-08,2.98392e-06,0.0002625,7214.61
0,3294339,6,phononL,0.000756441,0.000546947,-0.000148034,-0.0002625,353.27,0.000382,1,4.68003e-06,-4.89816e-06,0.0002625,768.085
0,3298979,13,phononTS,0.00103976,-0.00199929,-2.04571e-06,0.000262498,2615.69,0.000212618,1,-0.00143937,-3.56929e-06,-0.0002625,2769.91
0,3299278,10,phononTS,0.000687664,0.0020418,0.00212669,-0.0002625,1172.14,0.000382,1,0.00200081,0.00199902,0.0002625,1857.47
0,3301767,23,phononTS,0.00057115,0.00199863,-4.90271e-06,0.000262498,16456.9,0.00057115,1,-0.000919341,-0.00425432,-0.0002625,17415.9
0,3309355,5,phononTF,0.00102184,0.000999936,0.000997908,0.0002625,42.6106,0.000687212,1,-1.20188e-05,0.000660827,-0.0002625,936.55
0,3309932,20,phononTS,0.000559216,0.00188857,0.0020219,-0.0002625,5119.48,0.000382,1,0.00200426,0.00199627,0.0002625,5418.74
0,3309932,2,phononTF,0.00281184,0.0027754,-0.00067531,0.000256858,0.453515,0.000844876,1,0.00332015,-0.00121509,-0.0002625,159.193
0,3314538,2,phononTS,0.00106548,-0.000203035,-0.005,-1.62994e-05,297.08,0.000382,1,0.00100203,-0.00299958,0.0002625,3451.83
0,3314717,7,phononTF,0.000494162,0.00205753,-0.00167212,-0.000262498,744.65,0.000382,1,0.00199965,-0.00200177,0.0002625,859.058
0,3315695,4,phononTF,0.000993858,0.0017008,-0.00235118,-0.0002625,184.162,0.000382,1,4.58045e-06,-0.00200088,0.0002625,2148.61
0,3319767,2,phononTF,0.000591166,0.00225165,-0.000263325,-0.0002625,345.921,0.000382,1,0.00200189,-1.47109e-06,0.0002625,564.094
0,3320516,2,phononTS,0.00143953,0.00235924,-0.00141296,-0.0002625,55.8663,0.000382,1,0.00200327,-0.00199958,0.0002625,421.79
0,3323577,11,phononTS,0.000512839,-3.11361e-06,-0.00199863,0.000262498,6873.47,0.000512839,1,1.7854e-05,-0.00197739,-0.0002625,6963.37
0,3325174,7,phononTF,0.00055626,0.00200091,4.03767e-06,0.000262498,981.466,0.00055626,1,0.00142048,-0.000568418,-0.0002625,1147.45
0,3327393,7,phononTS,0.000507359,0.00204659,1.35284e-05,-0.0002625,267.279,0.000382,1,0.00199785,1.65794e-06,0.0002625,935.582
0,3328875,12,phononTF,0.000495644,0.000996236,-0.000995338,0.0002625,2378.61,0.000495644,1,-0.000346439,0.000328088,-0.0002625,7339.75
0,3334703,11,phononTS,0.000898667,0.00097486,-0.000990847,-0.000262498,1997.04,0.000382,1,0.000999032,-0.000996951,0.0002625,2091.14
0,3336128,16,phononTF,0.000456559,0.00223399,-0.00178405,-0.000262498,826.428,0.000382,1,0.00200372,-0.00200328,0.0002625,931.44
0,3350245,12,phononTF,0.000734628,-0.00299971,-0.00100199,0.000262498,4982.02,0.000734628,1,-0.00278929,-0.00119531,-0.0002625,5084.94
0,3350496,3,phononTS,0.00205172,0.00196688,0.00212363,-0.0002625,200.133,0.000382,1,0.00199912,0.00199558,0.0002625,1250.72
0,3351592,13,phononTS,0.000751527,0.00371464,0.000933498,-0.000262498,1050.89,0.000382,1,0.0030021,0.000995685,0.0002625,1227.19
0,3353847,8,phononTF,0.000574846,-0.00196729,0.00258889,-0.000262498,4099.66,0.000382,1,-0.000995563,0.00100137,0.0002625,4441.97
0,3354728,4,phononTS,0.00263506,0.00302429,0.00047271,-0.0002625,61.0513,0.000764,1,0.0030043,0.000999535,0.0002625,5608.86
0,3357199,3,phononTF,0.00141949,0.00200366,2.97973e-06,0.0002625,52.8549,0.000396801,1,0.00152278,0.000348369,-0.0002625,474.669
0,3358839,9,phononL,0.000571701,-0.00100496,-0.000996189,0.0002625,4443.74,0.000571701,1,-0.000705172,0.000406366,-0.0002625,5061.47
0,3363888,16,phononTS,0.000811441,0.00296799,0.000783677,-0.0002625,824.798,0.000382,1,0.00300205,0.000996951,0.0002625,1144.43
0,3365528,11,phononTS,0.000405156,-0.00195561,3.62083e-05,-0.0002625,2638.51,0.000382,1,-0.00199713,-2.59016e-06,0.0002625,4532.72
0,3371250,4,phononTF,0.00181122,0.00390256,0.00112233,-0.0002625,438.204,0.000764,1,0.00199751,0.00199695,0.0002625,1384.89
0,3371250,3,phononTF,0.00183392,0.00375691,-0.000657051,0.000262498,438.204,0.00104157,1,0.00346752,-0.000688006,-0.0002625,547.413
0,3381364,5,phononTS,0.00084419,0.00199176,-0.00195009,-0.0002625,255.346,0.000382,1,0.00199718,-0.00200291,0.0002625,688.228
0,3381693,9,phononTS,0.000828407,-0.00199918,-0.00200428,0.000262498,1379.55,0.000828407,1,-0.00195772,-0.00198682,-0.0002625,1473.23
0,3385431,2,phononTS,0.000582621,-0.000736457,-0.000400741,-0.0002625,5.60858,0.000382,1,-0.000996997,-0.000997528,0.0002625,1364.6
0,3387056,5,phononTS,0.00147843,0.00196721,-4.54118e-05,-0.0002625,419.873,0.000382,1,0.00200385,-3.64917e-06,0.0002625,948.933
0,3387056,6,phononTS,0.000774265,0.00200385,-3.64917e-06,0.000262498,948.933,0.000774265,1,0.00197052,-8.12415e-05,-0.0002625,1045.66
0,3387056,3,phononTF,0.00122828,0.00299199,-0.000803684,0.000262498,73.1914,0.000614481,1,0.00248799,-0.000293402,-0.0002625,225.501
0,3387056,2,phononTF,0.00108406,0.00299199,-0.000803684,0.000262498,73.1914,0.00093896,1,0.0031588,-0.000672273,-0.0002625,171.01
0,3393395,14,phononTS,0.000453695,0.000579095,-0.00312288,-0.0002625,700.424,0.000382,1,-2.2962e-06,-0.00200266,0.0002625,5803.66
0,3394765,13,phononTF,0.000903741,0.00230147,-0.000288997,-0.0002625,414.59,0.000382,1,0.00200416,-1.64721e-06,0.0002625,798.814
0,3400246,12,phononTS,0.000430375,0.00159504,0.0011533,-0.0002625,2399.36,0.000382,1,-1.64131e-06,-2.81108e-07,0.0002625,4103.55
0,3408721,11,phononTS,0.000466967,-0.00211405,-0.00143617,-0.0002625,2402.95,0.000382,1,-0.00199509,-0.00199889,0.0002625,7566.22
0,3414282,14,phononTS,0.000484798,0.0027337,0.00102811,-0.0002625,1255.96,0.000382,1,0.00299555,0.00100026,0.0002625,2061.55
0,3416214,3,phononTS,0.00116801,0.00212625,0.00155927,-0.0002625,19.9111,0.000382,1,0.00200356,0.00199745,0.0002625,890.626
0,3417413,3,phononTF,0.00126861,-0.000372177,0.0023857,-0.0002625,4.72676,0.000382,1,-0.00100206,0.00299792,0.0002625,1055.28
0,3422976,2,phononTF,0.00126549,0.00238377,-0.000323797,-0.0002625,4.04226,0.000382,1,0.0019975,1.19191e-06,0.0002625,258.108
0,3423530,3,phononTS,0.00302307,0.00186265,-0.000953232,-0.0002625,176.511,0.001146,1,0.00100459,-0.000995741,0.0002625,575.055
0,3424885,3,phononTF,0.00256868,0.00135346,-0.00336037,-0.0002625,1.13346,0.000382,1,0.000996027,-0.00300319,0.0002625,6572.75
0,3430831,11,phononTS,0.000538091,0.000628869,-5.68073e-05,-0.0002625,290.834,0.000382,1,-4.88039e-06,3.5919e-06,0.0002625,1113.63
0,3431649,4,phononTF,0.000561736,0.00241711,-0.000418303,-0.0002625,27.591,0.000382,1,0.00199941,-4.08598e-06,0.0002625,297.546
0,3433251,7,phononTF,0.000627477,0.00327618,0.00285696,-0.0002625,4550.92,0.000382,1,0.00199742,9.92345e-07,0.0002625,13995.6
0,3433564,13,phononTS,0.00039364,0.000358874,0.0010314,-0.0002625,3726.44,0.000382,1,0.00100393,0.000997203,0.0002625,5360.47
0,3434856,2,phononTF,0.00272653,0.0028827,0.000874484,-0.0002625,8.38219,0.000382,1,0.00300175,0.000996534,0.0002625,1058.71
0,3435437,3,phononTF,0.00192684,0.00185861,0.000145239,-0.0002625,22.9994,0.000382,1,0.000995013,0.000998988,0.0002625,476.9
0,3438565,6,phononTS,0.000544269,0.00250945,0.00100244,-0.0002625,6045.31,0.000382,1,0.00300066,0.00100254,0.0002625,6768.38
0,3439111,7,phononTS,0.00107104,0.00200244,-4.88674e-06,0.000262498,1568.77,0.000281641,1,0.000981195,-0.00200367,-0.0002625,2014.92
0,3443215,8,phononTS,0.000572871,-0.000996322,0.00300394,0.0002625,1742.83,0.000572871,1,-0.00103725,0.00296507,-0.0002625,1921.49
0,3443215,6,phononTF,0.000705645,-0.005,0.00175505,-0.000149635,913.417,0.000705645,1,-0.00282363,-9.1357e-05,-0.0002625,4327.9
0,3445077,10,phononTF,0.000712615,0.00100469,0.00100239,0.0002625,1342.31,0.000247387,1,0.000920081,0.000913367,-0.0002625,1755.18
0,3447669,3,phononTS,0.00232098,0.00196431,-0.000899505,-0.0002625,25.9592,0.000382,1,0.000995034,-0.000996445,0.0002625,649.024
0,3448988,6,phononTF,0.000479763,-0.00308493,-0.00194327,-0.0002625,3837.86,0.000382,1,-0.00100441,0.00099856,0.0002625,5375.95
0,3448988,3,phononL,0.000505751,0.00286675,-0.000640055,0.000262498,78.4893,0.000505751,1,0.00397784,-0.000451727,-0.0002625,213.223
0,3452564,3,phononTS,0.0029311,0.00200016,-1.98325e-06,0.000262498,416.056,0.000835743,1,0.000978612,-0.00148526,-0.0002625,786.107
0,3454441,13,phononTF,0.00045094,-0.00322631,0.000771024,-0.000262498,10181.6,0.000382,1,-0.00199705,4.89364e-06,0.0002625,10455.8
0,3454441,2,phononTS,0.00275521,0.00288367,-0.000600017,0.000262498,148.951,0.000364953,1,0.00266672,-0.00054693,-0.0002625,263.29
0,3457406,5,phononTS,0.00219794,0.00233938,0.0016634,-0.000262498,1086.07,0.000382,1,0.00099833,0.00100386,0.0002625,1399.39
0,3463015,11,phononTF,0.0015954,0.000996985,0.00100047,0.000262498,806.462,0.000920011,1,0.000690571,0.00133677,-0.0002625,926.598
0,3470789,4,phononL,0.00273124,0.00231948,0.00197488,-0.0002625,14.5588,0.000764,1,0.0019988,0.00199791,0.0002625,764.485
0,3471186,3,phononTS,0.00124841,0.00238693,-0.000116276,-0.0002625,195.833,0.000764,1,0.00199659,3.76082e-06,0.0002625,1796.72
0,3472243,5,phononL,0.000518278,0.00325021,0.00047947,-0.000262498,586.376,0.000382,1,0.00299615,0.000998566,0.0002625,671.323
0,3472839,6,phononTF,0.00188729,0.00272712,0.000749069,-0.0002625,2181.54,0.000764,1,0.00199735,4.929e-07,0.0002625,2581.9
0,3473484,12,phononL,0.000429826,0.00106056,0.00187224,-0.0002625,11194.3,0.000382,1,0.00100446,0.00100123,0.0002625,11450.1
0,3479843,5,phononTF,0.000423878,-0.000553243,-0.00053224,-0.000262498,2793.76,0.000382,1,-2.1846e-06,4.43396e-06,0.0002625,2953.13
0,3485837,4,phononL,0.00197282,0.000337652,-0.00297767,-0.000212127,26.09,0.000382,1,4.50573e-06,-0.00200203,0.0002625,1153.45
0,3485837,5,phononTF,0.00122486,-0.000946113,-0.005,0.000188979,1153.45,0.000780831,1,-0.000655234,-0.00471999,-0.0002625,2994.07
0,3486220,25,phononTS,0.000553637,0.00283349,0.00022005,-0.0002625,1317.15,0.000382,1,0.0020026,-4.12054e-06,0.0002625,1922.96
0,3488869,5,phononTS,0.000422114,7.78994e-05,0.00195199,-0.000262498,885.39,0.000382,1,1.21274e-06,0.00200182,0.0002625,981.499
0,3490432,8,phononTS,0.000608034,-0.00184869,-0.000256944,-0.000262498,2788.37,0.000382,1,-0.00199866,1.63062e-06,0.0002625,2914.11
0,3494009,10,phononTS,0.000603932,0.00105032,0.000995454,-0.000262498,2791.24,0.000382,1,0.00100142,0.000998744,0.0002625,2881.91
0,3494009,2,phononTF,0.00129358,0.00275237,-0.000667063,0.000262498,4.0268,0.000536569,1,0.00309746,-0.000997922,-0.0002625,125.495
0,3495854,11,phononTS,0.000482416,0.00183299,-0.00309632,-0.000262498,1608.82,0.000382,1,0.000997102,-0.00300355,0.0002625,1803.47
0,3496720,4,phononTF,0.00236971,0.00186594,0.000141265,-0.0002625,9.38802,0.000764,1,0.00099828,0.000996347,0.0002625,463.504
0,3498113,9,phononTS,0.000470205,0.001019,0.000723379,-0.000262498,1732.56,0.000382,1,0.000995828,0.00100051,0.0002625,1849.47
0,3498113,4,phononTS,0.000857272,0.00267473,-0.000269011,0.000262498,259.116,0.000522395,1,0.0027142,-0.000508424,-0.0002625,371.501
0,3501078,10,phononTF,0.000493724,-0.000297712,1.08496e-05,-0.000262498,3496.04,0.000382,1,-3.2385e-06,-1.77203e-06,0.0002625,3605.83
0,3503383,8,phononTS,0.00138243,-0.00101383,0.00305854,-0.0002625,16076.2,0.000764,1,-0.000999594,0.00300397,0.0002625,17726.9
0,3506802,3,phononTF,0.00298857,0.00199966,-0.00199628,0.0002625,18.7478,0.00128629,1,0.00147172,-0.00252511,-0.0002625,1965.76
0,3506802,4,phononTS,0.00170229,0.00147172,-0.00252511,-0.000262498,1965.76,0.00170229,1,0.00377495,-0.005,9.00299e-05,2595
0,3517464,13,phononTS,0.00110425,0.00100468,0.000998621,0.000262498,2146.19,0.000696916,1,-0.000181521,0.000166293,-0.0002625,2455.94
0,3519888,2,phononL,0.00123932,0.00182778,0.000358254,-0.0002625,86.6782,0.000382,1,0.00200303,-4.21274e-06,0.0002625,527.568
0,3521334,4,phononTF,0.00152925,0.000455818,0.00155393,-0.0002625,22.4534,0.000382,1,-1.33901e-06,0.00199673,0.0002625,869.454
0,3528322,10,phononTS,0.000433096,0.00200369,-1.40341e-05,-0.0002625,6527.4,0.000382,1,0.00200416,2.61203e-06,0.0002625,6987.98
0,3541500,3,phononTS,0.00129751,0.00295847,0.000630259,-0.0002625,119.443,0.000382,1,0.00300356,0.00100217,0.0002625,633.145
0,3541500,2,phononTS,0.00202199,0.00279181,-0.000558456,-9.01847e-05,119.443,0.000946233,1,0.00291025,-0.000547469,-0.0002625,231.685
0,3542039,9,phononTS,0.000550862,0.00204009,-0.00163942,-0.0002625,213.935,0.000382,1,0.00200031,-0.00200445,0.0002625,918.844
0,3542039,3,phononTF,0.00259207,0.00276027,-0.000689626,0.000262498,9.79838,0.00064386,1,0.00130031,-0.00179765,-0.0002625,342.676
0,3543604,7,phononL,0.000744163,0.000867929,-0.0029191,-0.0002625,2905.03,0.000382,1,0.000997355,-0.00300058,0.0002625,3516.28
0,3544368,6,phononTS,0.000607119,0.00155234,-0.000957826,-0.0002625,1033.08,0.000382,1,0.000999566,-0.00100206,0.0002625,1798.23
0,3544368,3,phononTS,0.000762277,0.00273509,-0.000700055,0.000262498,11.4593,0.000762277,1,0.00270204,-0.000731497,-0.0002625,100.945
0,3544368,2,phononTS,0.00218006,0.00273509,-0.000700055,0.000262498,11.4593,0.000891588,1,0.00267954,-0.000718523,-0.0002625,101.191
0,3547471,4,phononTF,0.00202816,0.00159206,0.00051982,-0.0002625,93.5137,0.000764,1,0.00100254,0.00100493,0.0002625,679.859
0,3551342,2,phononTF,0.00202588,0.00218258,-0.00165772,-0.0002625,9.26927,0.000382,1,0.00199838,-0.00199821,0.0002625,478.006
0,3552430,18,phononTS,0.000740086,0.00180515,0.00198669,-0.0002625,731.697,0.000382,1,0.00100154,0.00100395,0.0002625,1609.65
0,3554232,7,phononTS,0.00147941,0.00173909,-0.000911279,-0.0002625,908.687,0.000382,1,0.00100198,-0.00100375,0.0002625,1465.42
0,3556426,7,phononTF,0.00166942,0.000403319,-0.000377297,-0.0002625,822.502,0.000382,1,0.0010022,-0.00100452,0.0002625,1300.68
0,3558918,7,phononTF,0.000706359,0.005,0.00362088,-0.000184722,3239.97,0.000382,1,-0.00100136,-0.000998334,0.0002625,5559.11
0,3559708,4,phononTF,0.00155064,0.00217513,-0.000178813,-0.0002625,133.138,0.000382,1,0.00199525,4.3725e-06,0.0002625,533.594
0,3559719,20,phononTF,0.000829138,0.000715159,-0.00127807,-0.0002625,2609.83,0.000382,1,0.000996606,-0.000999173,0.0002625,3322.02
0,3559983,8,phononL,0.000708407,0.0005356,-0.000191003,-0.0002625,2621.77,0.000382,1,2.92817e-06,-3.98204e-06,0.0002625,3059.37
0,3562702,22,phononL,0.000677355,-0.00300177,-0.00100494,0.000262498,10474.2,0.000677355,1,-0.0024871,-0.00120384,-0.0002625,10556.9
0,3566054,4,phononTS,0.00232894,-0.00110115,0.005,-0.00020356,606.91,0.000764,1,-0.00200331,-0.00200403,0.0002625,4073.25
0,3567660,2,phononTF,0.00212139,0.000358081,0.00167001,-0.0002625,107.411,0.000764,1,2.16974e-06,0.00200364,0.0002625,3527.21
0,3568537,8,phononTS,0.000478321,0.000149857,0.00178769,-0.0002625,1482.52,0.000382,1,8.37353e-07,0.00199669,0.0002625,5457.38
0,3568786,10,phononTS,0.000838183,0.00204444,-0.00204381,-0.000262498,1966.21,0.000382,1,0.00200245,-0.00199855,0.0002625,2055.3
0,3569998,5,phononTF,0.00146348,0.00200022,-0.00199846,0.0002625,1774.82,0.00065961,1,0.00195389,-0.00206782,-0.0002625,2322.27
0,3570836,18,phononTF,0.000518595,-0.00100424,0.000999689,0.000262498,5899.79,0.000518595,1,-0.0018107,0.00017572,-0.0002625,6116.61
0,3570949,9,phononTS,0.000756477,0.00196853,5.76803e-05,-0.0002625,8198.69,0.000382,1,0.00199672,3.11606e-06,0.0002625,9031.57
0,3571141,6,phononTF,0.000484983,-0.000390023,-0.00162685,-0.0002625,120.931,0.000382,1,-0.00100083,-0.00100087,0.0002625,1143.94
0,3578261,10,phononTS,0.000532293,0.00171471,0.000120624,-0.0002625,6722.19,0.000382,1,0.00199727,-3.76009e-06,0.0002625,7045.01
0,3580533,19,phononTS,0.000813138,-0.000907025,0.000969637,-0.0002625,2014.74,0.000382,1,-0.00100446,0.00100121,0.0002625,3492.44
0,3581809,5,phononTF,0.00124068,0.00218753,-0.00019103,-0.0002625,380.104,0.000764,1,0.00200038,3.27145e-07,0.0002625,682.735
0,3589123,10,phononTS,0.00130555,0.00196663,0.005,-0.000245236,474.475,0.000382,1,-0.00099521,0.000999136,0.0002625,2680.68
0,3592964,6,phononTS,0.00058676,-0.00195684,-0.00184428,-0.0002625,2030.07,0.000382,1,-0.00199932,-0.00199763,0.0002625,3254.34
0,3593942,9,phononTS,0.000778782,0.000945403,0.00116766,-0.000262498,1595.51,0.000382,1,0.000999134,0.000995298,0.0002625,1705.35
0,3594329,6,phononTS,0.000534216,0.001411,-0.0015888,-0.000262498,919.651,0.000382,1,0.00200452,-0.00200101,0.0002625,1108.81
0,3594329,3,phononTF,0.00236901,0.00278023,-0.000727483,0.000262498,22.7577,0.00150084,1,0.000292635,0.000763994,-0.0002625,539.313
0,3596123,4,phononTS,0.00130567,-0.0036758,-0.0022029,-0.000262498,3246.67,0.000382,1,-0.00300415,-0.000997808,0.0002625,3534.52
0,3596123,5,phononTS,0.000508486,-0.00300415,-0.000997808,0.000262498,3534.52,0.000508486,1,-0.00297809,-0.00102709,-0.0002625,3624.12
0,3601793,4,phononTS,0.00152099,0.00210654,-0.000770851,-0.0002625,206.079,0.000382,1,0.00199993,-3.13709e-06,0.0002625,3431.1
0,3603234,15,phononTS,0.000828809,5.29849e-05,1.49083e-06,-0.000262498,1190.22,0.000382,1,4.49563e-06,-3.44118e-06,0.0002625,1280.81
0,3612463,2,phononTS,0.00402069,0.00102202,-0.00285587,-0.000186351,1804.26,0.000764,1,0.00100498,-0.00299782,0.0002625,2503.34
0,3612786,15,phononL,0.000753495,-0.00200341,2.50809e-06,0.000262498,4506.08,0.00019178,1,-0.00269478,-5.43414e-06,-0.0002625,4598.94
0,3614749,23,phononTF,0.000425046,-3.14064e-06,-0.00200267,0.000262498,2518.7,0.000425046,1,-0.000176451,-0.00217248,-0.0002625,2617.77
0,3618006,11,phononTS,0.0004819,0.00191077,4.08863e-05,-0.0002625,5514.29,0.000382,1,0.00199578,-3.05266e-06,0.0002625,6728.55
0,3623380,7,phononTS,0.00187753,0.00183618,0.000102663,-0.0002625,1052.68,0.000382,1,0.00199695,-3.95026e-06,0.0002625,1390.18
0,3623497,13,phononTS,0.000391305,-0.000858871,0.00176777,-0.0002625,16318.2,0.000382,1,-0.000997859,0.0010007,0.0002625,16866.8
0,3625264,10,phononTS,0.000452101,-0.005,-0.00286462,-2.08988e-05,6428.85,0.000382,1,-0.00300128,-0.00100149,0.0002625,8454.21
0,3627288,10,phononTF,0.000753761,-0.00215637,-0.00203883,-0.000262498,5940.68,0.000382,1,-0.00199614,-0.00199864,0.0002625,6036.98
0,3627874,9,phononTF,0.000744078,0.00183506,-0.000181156,-0.0002625,1609.43,0.000382,1,0.00200286,-8.37144e-07,0.0002625,2107.86
0,3629232,12,phononTF,0.00047508,0.00216804,-0.00212752,-0.0002625,4255.32,0.000382,1,0.00200388,-0.00200285,0.0002625,5555.93
0,3631565,9,phononTF,0.000574008,0.0020224,-0.00169559,-0.0002625,1837.9,0.000382,1,0.00200327,-0.00200331,0.0002625,3137.22
0,3631565,2,phononL,0.00134495,0.00283193,-0.000674293,0.000262498,12.5089,0.000743121,1,0.00296572,-0.000505979,-0.0002625,77.604
0,3633024,4,phononTS,0.000781522,0.00105798,-0.000926289,-0.0002625,1547.58,0.000382,1,0.00100273,-0.00100491,0.0002625,5546.96
0,3636108,11,phononTS,0.000508112,0.000210649,0.000821528,-0.0002625,12378.7,0.000382,1,-0.000998196,0.00100379,0.0002625,12854.3
0,3636108,2,phononTS,0.00136053,0.00272933,-0.000652098,0.000262498,14.1895,0.000488667,1,0.00192994,-0.000467012,-0.0002625,209.364
0,3642805,9,phononTS,0.000437937,0.000725647,-0.00302685,-0.0002625,11046.5,0.000382,1,0.00100493,-0.00299653,0.0002625,11397.8
0,3645897,13,phononTS,0.000557138,0.00195803,0.00162383,-0.0002625,2483.56,0.000382,1,0.00200239,0.0019952,0.0002625,4065.47
0,3650324,13,phononL,0.000468347,0.00222344,0.000954347,-0.000262498,9967.36,0.000382,1,0.0030047,0.00100349,0.0002625,10068.2
0,3655727,15,phononTF,0.000781712,0.00100237,-0.00300335,0.0002625,1666.78,0.000781712,1,0.00147795,-0.00346816,-0.0002625,2826.83
0,3656952,3,phononTS,0.00054043,0.00200707,0.000273197,-0.000262498,1141.5,0.000382,1,0.00200485,2.20588e-07,0.0002625,1259.37
0,3665174,11,phononTS,0.00040176,-0.00300006,-0.000996422,0.0002625,2481.7,0.00040176,1,-0.00325137,-0.000946765,-0.0002625,3668.77
0,3670137,10,phononTF,0.00194634,0.00264391,0.000460514,-0.0002625,1119.95,0.000382,1,0.00299708,0.00100113,0.0002625,1418.94
0,3670195,5,phononTF,0.00130672,0.00269825,-0.00128818,-0.0002625,165.518,0.000382,1,0.00100057,-0.00300322,0.0002625,1709.27
0,3670484,3,phononTF,0.00113227,0.000273967,0.00026623,-0.0002625,32.6647,0.000764,1,4.42549e-06,-3.69478e-06,0.0002625,950.183
0,3670484,2,phononTS,0.000568279,0.00284073,-0.000754082,0.000262498,32.6647,0.000568279,1,0.0015708,-0.00147299,-0.0002625,334.786
0,3680602,16,phononTS,0.000488394,-0.000707595,0.000713024,-0.000262498,1679.98,0.000382,1,4.0923e-06,1.33386e-06,0.0002625,1915.85
0,3681316,3,phononTF,0.000403772,0.00241819,-0.000407939,-0.0002625,82.5643,0.000382,1,0.00200295,-2.19249e-06,0.0002625,350.5
0,3681316,2,phononTS,0.00175597,0.00283342,-0.000813684,0.000262498,82.5643,0.000966135,1,0.00278328,-0.000717697,-0.0002625,180.278
0,3682720,9,phononTF,0.000404254,0.000849377,-0.00114128,-0.0002625,1047.75,0.000382,1,0.000995497,-0.00099987,0.0002625,2430.61
0,3684422,19,phononTF,0.000941101,0.000822712,-0.00138677,-0.0002625,2240.88,0.000382,1,0.000997285,-0.00100499,0.0002625,3647.05
0,3684646,7,phononTS,0.000387115,-0.00195024,-2.71561e-06,-0.000262498,2781.29,0.000382,1,-0.00199707,-1.51024e-06,0.0002625,2872.01
0,3687210,11,phononTF,0.000583457,0.000336793,-0.0023436,-0.000262498,5814.53,0.000382,1,4.32482e-06,-0.00199711,0.0002625,5936.25
0,3687211,1,phononTF,0.01,0.00228021,-0.000469536,-0.000251841,0,0.000496519,1,0.00225824,-0.000491147,-0.0002625,608.327
0,3688377,5,phononTF,0.00105941,0.005,0.00117025,-0.000202713,125.696,0.000382,1,0.00100228,-0.00300191,0.0002625,2448.99
0,3688563,4,phononTS,0.00240507,0.00202453,0.00198548,-0.0002625,436.734,0.000382,1,0.00199624,0.00200321,0.0002625,3085.53
0,3688731,15,phononTF,0.000431561,-8.00281e-07,-0.00200006,0.000262498,1505.34,0.000431561,1,0.000566627,-0.00143091,-0.0002625,1669.69
0,3700077,4,phononTF,0.000596218,0.000192493,0.00220336,-0.0002625,883.83,0.000382,1,-1.97577e-06,0.00200195,0.0002625,1715.75
0,3706217,9,phononTF,0.000548759,-0.00266506,4.08481e-05,-0.000262499,3172.75,0.000382,1,-0.00299568,-0.000997664,0.0002625,3399.84
0,3706559,3,phononTS,0.00294995,0.00225037,-0.000441932,-0.0002625,3.64768,0.000382,1,0.00200189,-1.59729e-06,0.0002625,635.14
0,3706559,5,phononTS,0.00155745,0.0026994,-0.00225294,7.65682e-05,635.14,0.000952735,1,0.00216006,-0.000919324,-0.0002625,1433.64
0,3706559,4,phononTF,0.000868826,0.00200189,-1.59729e-06,0.000262498,635.14,0.000350217,1,0.00193582,-7.1462e-05,-0.0002625,726.506
0,3712055,20,phononTS,0.000482882,-8.29823e-05,-0.000300937,-0.0002625,670.879,0.000382,1,-0.00100394,0.000997564,0.0002625,1771.11
0,3713219,14,phononTS,0.000410034,0.00300062,0.00100254,0.000262499,11753.4,0.000410034,1,0.00268528,0.00224809,-0.0002625,12030.6
0,3715398,8,phononTS,0.000463795,-0.00102991,-0.000941791,-0.0002625,21248.6,0.000382,1,-0.000999541,-0.000999213,0.0002625,22175.3
0,3729685,8,phononTF,0.00045109,0.00277517,-0.00149168,-0.000262498,799.061,0.000382,1,0.00100454,-0.00100437,0.0002625,1148.96
0,3734070,34,phononTF,0.000466199,0.00221429,-0.00175996,-0.000262499,4223.94,0.000382,1,0.00200031,-0.00199825,0.0002625,4330.07
0,3736490,3,phononTS,0.00184544,0.000952441,-0.00378485,-0.0002625,92.3834,0.000382,1,0.000995859,-0.00299716,0.0002625,993.752
0,3736968,28,phononTS,0.000678066,-0.000850054,-0.0010011,-0.0002625,1614.32,0.000382,1,-0.00100381,-0.00100102,0.0002625,2139.16
0,3738631,14,phononTF,0.000635954,0.00298092,-0.00102958,-0.000262498,377.786,0.000382,1,0.00199528,-0.00200205,0.0002625,631.306
0,3740327,11,phononTS,0.00105015,0.00133564,-4.34097e-05,-0.0002625,5489.65,0.000764,1,0.0020043,1.62483e-06,0.0002625,6347.86
0,3745460,4,phononTS,0.00147279,0.000961757,-0.00272766,-0.000262498,802.909,0.000382,1,0.000998622,-0.00300216,0.0002625,919.391
0,3753034,5,phononTS,0.00143726,0.00210488,-0.00073605,-0.0002625,177.06,0.000764,1,0.00199941,-2.84972e-06,0.0002625,774.712
0,3753203,11,phononTS,0.00131242,0.00302429,0.00105467,-0.000262498,920.799,0.000382,1,0.00300181,0.000999525,0.0002625,1010.36
0,3753625,21,phononTF,0.000408267,-0.0012632,-0.00120296,-0.000262498,14903.5,0.000382,1,-0.000995589,-0.000996412,0.0002625,15012.5
0,3753998,2,phononTF,0.000968064,-0.00228737,-0.00153363,-0.0002625,55.5412,0.000764,1,-0.00299532,-0.00100115,0.0002625,6464.11
0,3759668,5,phononTF,0.000516476,-0.00488732,0.0030609,-0.0002625,3480.47,0.000382,1,0.00100229,0.000995404,0.0002625,5149.24
0,3762389,7,phononTS,0.000566612,0.003063,-0.00115595,-0.000262498,2632.35,0.000382,1,0.00100227,0.000995726,0.0002625,3207.98
0,3763081,10,phononTS,0.000612668,-0.00299933,-0.00100038,0.0002625,9672.65,0.00049592,1,-0.00290582,-0.0011572,-0.0002625,10117.2
0,3777068,9,phononTF,0.000422212,2.49038e-06,-1.13956e-06,0.000262498,5283.68,0.000422212,1,0.000552131,-0.000559056,-0.0002625,5445.62
0,3778134,4,phononL,0.00286819,0.000350686,-0.000450752,-0.0002625,486.027,0.000764,1,1.93953e-06,-4.54459e-07,0.0002625,902.751
0,3780332,12,phononTF,0.000386098,-0.00155431,-0.00154944,-0.0002625,8334.12,0.000382,1,-0.00200206,-0.00200044,0.0002625,8862.82
0,3780546,8,phononTF,0.00115477,0.00299921,0.000675221,-0.0002625,325.473,0.000764,1,0.00299522,0.000999022,0.0002625,665.992
0,3782275,10,phononL,0.000539397,-0.00109773,-0.00080742,-0.0002625,4577.42,0.000382,1,-0.00100041,-0.00100427,0.0002625,4773.05
0,3782275,2,phononL,0.00129361,0.00275513,-0.000657188,0.000262498,4.23708,0.000258344,1,0.00218403,-0.000156376,-0.0002625,106.653
0,3783006,7,phononTS,0.00267541,0.00296321,0.00070586,-0.0002625,308.6,0.001146,1,0.00299992,0.000998573,0.0002625,901.868
0,3785425,3,phononL,0.00167262,0.00266742,0.00132777,-0.0002625,10.8108,0.001146,1,0.00299645,0.00100357,0.0002625,1368.07
0,3787287,4,phononTF,0.00275929,0.00262918,-9.1743e-05,-0.0002625,1388.15,0.000382,1,0.00199636,-0.00199931,0.0002625,1870.63
0,3790508,19,phononTS,0.00039474,-0.000659872,0.00202228,-0.0002625,5845.14,0.000382,1,-2.21913e-06,0.00200426,0.0002625,7318.93
0,3791634,20,phononTS,0.00105239,0.00246238,0.000942999,-0.000262498,1101.69,0.000382,1,0.00200145,0.00200164,0.0002625,1359.51
0,3791634,24,phononTF,0.000584074,0.00200145,0.00200164,0.000262498,1359.51,0.000584074,1,0.00170861,0.00170511,-0.0002625,1474.41
0,3792736,6,phononTF,0.000971414,0.000831261,-0.00284509,-0.000262498,2919.78,0.000382,1,0.000999129,-0.00300451,0.0002625,3017.97
0,3792736,3,phononTF,0.0018337,0.00279373,-0.000812555,0.000262498,181.686,0.000708875,1,0.00454511,-0.00326026,-0.0002625,712.837
0,3799098,3,phononTF,0.000758161,0.00185097,-0.00151493,-0.0002625,86.0012,0.000382,1,0.00100488,-0.000998634,0.0002625,604.38
0,3799163,6,phononTF,0.000550576,0.005,0.00444563,-0.000258087,5095.1,0.000550576,1,-0.005,-0.00100018,-0.000219236,8130.27
0,3799163,3,phononTS,0.000735051,0.00271913,-0.000488869,0.000262498,207.113,0.000735051,1,0.00270799,-0.000436177,-0.0002625,297.237
0,3799163,2,phononL,0.00162818,0.00271913,-0.000488869,0.000262498,207.113,0.000649199,1,0.00227392,-0.000153024,-0.0002625,290.917
0,3800631,2,phononL,0.00206994,0.00286549,0.000120123,-0.0002625,16.4473,0.000764,1,0.00299503,0.000997022,0.0002625,238.06
0,3801939,25,phononTS,0.00214849,0.00203272,3.65192e-05,-0.000262498,1566.46,0.000764,1,0.00199682,3.59266e-06,0.0002625,1659.65
0,3804832,7,phononL,0.000836096,-0.00264286,0.00196153,-0.0002625,9680.89,0.000382,1,-0.00199863,0.00200003,0.0002625,10162.9
0,3805832,4,phononTF,0.00199423,0.00305992,-6.39866e-05,-0.000138179,120.838,0.000382,1,0.00100198,0.000997894,0.0002625,633.845
0,3811000,4,phononTS,0.00130587,8.25761e-06,-5.45245e-05,-0.0002625,1208.31,0.000382,1,-3.71771e-07,-2.39256e-06,0.0002625,3775.41
0,3813868,12,phononL,0.000905343,0.00155896,-0.000433218,-0.0002625,197.485,0.000764,1,0.00199588,8.99201e-08,0.0002625,368.494
0,3820724,7,phononL,0.000545224,-0.00161227,0.00158001,-0.0002625,11049.6,0.000382,1,-0.00199638,0.00200176,0.0002625,11304.5
0,3822528,8,phononTF,0.000908602,-0.000613737,0.000599771,-0.0002625,3903.41,0.000764,1,-0.000997857,0.000999632,0.0002625,5277.83
0,3827417,14,phononTS,0.000386184,0.00127008,-0.005,3.06811e-05,5901.72,0.000386184,1,0.00350602,-0.00247947,-0.0002625,7518.5
0,3833408,2,phononTF,0.00080416,-0.000387182,0.00237898,-0.0002625,20.3598,0.000382,1,-0.00100235,0.00299877,0.0002625,1068.09
0,3835593,25,phononTS,0.000429845,-0.00128532,0.00295641,-0.000262498,18704.9,0.000382,1,-0.00100108,0.00299809,0.0002625,18822.5
0,3837390,5,phononTS,0.00113026,0.005,-0.00304034,7.4851e-05,583.844,0.000382,1,-4.66333e-06,-0.00200012,0.0002625,3636.42
0,3840074,11,phononL,0.000506839,-0.000246656,0.00179353,-0.000262498,4693.59,0.000382,1,-1.51614e-06,0.00200359,0.0002625,4762.51
0,3841974,16,phononL,0.000709709,-0.00144704,0.00217193,-0.0002625,9119.83,0.000382,1,-0.00199913,0.00199747,0.0002625,9703.37
0,3843040,19,phononTS,0.000689133,0.00303224,0.000929232,-0.0002625,2776.82,0.000382,1,0.00299951,0.0010016,0.0002625,4851.95
0,3846579,12,phononTS,0.00128689,0.00158817,0.00113393,-0.0002625,580.136,0.000382,1,0.000996757,0.000996887,0.0002625,1080.46
0,3846579,13,phononTS,0.000899853,0.000996757,0.000996887,0.000262498,1080.46,0.000383637,1,0.00105089,0.00101726,-0.0002625,1170.13
0,3847449,3,phononTS,0.00135313,-0.000379116,-0.000948731,-0.0002625,1056.17,0.000382,1,-0.00100302,-0.00100045,0.0002625,2035.92
0,3850331,5,phononTS,0.00123536,0.00199519,3.67506e-06,0.000262498,831.087,0.00054984,1,0.00196431,-2.26868e-05,-0.0002625,920.593
0,3855240,14,phononTS,0.000484977,0.000612893,1.19661e-05,-0.0002625,2750.7,0.000382,1,1.7279e-06,-1.09727e-06,0.0002625,6105.11
0,3857029,12,phononTS,0.000491731,0.00105398,0.00101304,-0.000262498,4215.34,0.000382,1,0.00100318,0.00100281,0.0002625,4305.54
0,3857411,7,phononTS,0.00154861,0.000402307,6.78286e-05,-0.0002625,697.738,0.000382,1,-0.000996026,0.00100468,0.0002625,1707.71
0,3858832,15,phononTF,0.000481049,-0.0020817,-0.00180327,-0.0002625,9439.26,0.000382,1,-0.00299952,-0.0010042,0.0002625,10593.2
0,3863723,8,phononTF,0.00187856,0.00181356,-0.00180005,-0.0002625,184.636,0.000382,1,0.00199987,-0.00199583,0.0002625,487.756
0,3863723,10,phononTF,0.000706719,0.00199987,-0.00199583,0.000262498,487.756,0.000706719,1,0.00144797,-0.00301435,-0.0002625,718.162
0,3867215,8,phononTF,0.000894932,-0.00077245,-0.00124261,-0.0002625,9200.16,0.000382,1,-0.00100116,-0.00100427,0.0002625,9518.59
0,3869820,20,phononTF,0.000448658,0.0024976,-0.00149396,-0.000262498,1023.84,0.000382,1,0.00199733,-0.00200192,0.0002625,1175.94
0,3870900,20,phononTS,0.000579413,6.07375e-07,2.83647e-06,0.0002625,1890.72,0.000579413,1,-5.52738e-05,-1.07305e-05,-0.0002625,2252.61
0,3872820,12,phononTF,0.000420573,0.000319568,0.000573517,-0.000262498,908.209,0.000382,1,0.00099959,0.000997497,0.0002625,1081.04
0,3872828,3,phononTS,0.000834162,0.00300036,0.000997606,0.0002625,667.197,0.000834162,1,0.00296492,0.00166372,-0.0002625,1310.96
0,3872828,2,phononTS,0.000756414,0.0029618,2.67216e-06,0.000262498,667.197,0.000517022,1,0.00291625,-3.92627e-05,-0.0002625,756.287
0,3880235,11,phononTF,0.000424141,-0.00156625,-0.00241681,-0.0002625,11644.2,0.000382,1,-0.00200105,-0.00199718,0.0002625,12328.9
0,3883493,14,phononTF,0.000566221,0.00330585,0.00158651,-0.0002625,1490.71,0.000382,1,0.0030035,0.00100465,0.0002625,3545.65
0,3885941,19,phononTF,0.000847482,-0.00376231,-0.00152808,-0.0002625,2466.92,0.000382,1,-0.000997682,-0.000999913,0.0002625,4962.86
0,3890811,4,phononTS,0.00265665,0.0019549,0.00189317,-0.0002625,173.021,0.000764,1,0.00199598,0.0019951,0.0002625,1441.94
0,3896271,8,phononTF,0.000754769,0.00180411,-0.00161408,-0.0002625,943.47,0.000382,1,0.0020015,-0.00200307,0.0002625,2499.7
0,3898408,3,phononTS,0.000418408,0.00288439,0.000225237,-0.0002625,855.505,0.000382,1,0.00300164,0.00100133,0.0002625,1224.65
0,3898408,2,phononTF,0.000661351,0.00276714,-0.000550857,0.000262498,855.505,0.000546614,1,0.00247699,-0.000680367,-0.0002625,965.564
0,3902497,4,phononTS,0.00225313,-0.00254409,0.00178832,-0.0002625,652.899,0.000382,1,-0.00200122,0.00199817,0.0002625,4939.55
0,3904274,8,phononTF,0.000578452,0.00200105,-1.69836e-06,0.0002625,1441.15,0.000578452,1,0.00190989,-9.063e-05,-0.0002625,1811.08
0,3904278,3,phononTS,0.00116684,0.00103269,-0.00300101,-0.0002625,17.3199,0.000382,1,0.00100059,-0.00300092,0.0002625,3225.57
0,3904527,2,phononTS,0.00107064,0.00300176,0.00100091,0.0002625,55.8344,0.00107064,1,0.003246,0.000233977,-0.0002625,660.103
0,3908268,12,phononTS,0.000688917,0.00202498,4.96728e-05,-0.0002625,351.61,0.000382,1,0.00199901,-1.4991e-06,0.0002625,620.147
0,3909050,6,phononTS,0.0010852,0.00352687,-0.000825105,-0.000262498,845.242,0.000382,1,0.00099634,0.00100235,0.0002625,1443.62
0,3909507,2,phononTF,0.00611092,0.00287007,0.000836141,-1.52331e-05,111.585,0.001528,1,0.00299889,0.000996664,0.0002625,807.991
0,3910494,10,phononL,0.00105643,0.00071418,-0.00337554,-0.0002625,1990.66,0.000764,1,0.000995268,-0.00299852,0.0002625,2421.48
0,3910715,2,phononTF,0.00105532,0.000109671,0.00190698,-0.0002625,12.2818,0.000382,1,1.20484e-06,0.0019976,0.0002625,1019.13
0,3910715,7,phononTS,0.000530787,1.20484e-06,0.0019976,0.000262498,1019.13,0.000530787,1,-0.00219897,-0.000318364,-0.0002625,1600.49
0,3911340,5,phononTF,0.000406936,-0.000205836,-0.00221525,-0.0002625,7936.13,0.000382,1,1.24825e-06,-0.00200266,0.0002625,8452.29
0,3912497,9,phononTF,0.000783845,-0.00299692,-0.00100212,0.0002625,628.074,0.000783845,1,-0.00216131,-0.00181885,-0.0002625,4582.01
0,3919039,12,phononTS,0.000492279,0.00223531,-0.000842468,-0.000262498,748.064,0.000382,1,0.0020048,1.3598e-06,0.0002625,952.557
0,3922018,8,phononTS,0.000463462,0.00161423,-0.00249761,-0.0002625,4778.53,0.000382,1,0.00199578,-0.00199842,0.0002625,6420.93
0,3924357,4,phononTF,0.00113579,0.000889397,-0.00230019,-0.0002625,308.093,0.000764,1,0.00200159,-0.00200194,0.0002625,1156.33
0,3927551,14,phononTS,0.00123205,0.00172799,-0.00105742,-0.0002625,928.314,0.000382,1,0.00100424,-0.000995788,0.0002625,1465.08
0,3946527,12,phononTF,0.000541467,-0.00252388,-0.000528187,-0.0002625,6015.07,0.000382,1,-0.00199546,-3.46119e-06,0.0002625,6972.76
0,3950042,17,phononTF,0.000609807,-0.000544826,0.00245656,-0.000262498,1459.42,0.000382,1,-0.000999919,0.00299513,0.0002625,1612.92
0,3950950,8,phononTF,0.000444809,-0.000326974,0.00166713,-0.000262498,1711.76,0.000382,1,1.80865e-06,0.00200222,0.0002625,1832.43
0,3951223,2,phononTS,0.00413997,0.00199544,-0.00199165,0.000216469,302.95,0.000764,1,0.00199717,-0.00200079,0.0002625,482.477
0,3960825,16,phononTF,0.000818152,0.00109075,0.000836074,-0.0002625,1327.76,0.000382,1,0.0010047,0.000996194,0.0002625,2197.56
0,3962468,7,phononTS,0.000597752,0.00193066,-0.000761163,-0.000262498,2164.33,0.000382,1,0.000998824,-0.00100173,0.0002625,2384.62
0,3965487,11,phononTF,0.000526947,0.00203684,-4.06703e-05,-0.000262498,1945.17,0.000382,1,0.00199554,2.96314e-06,0.0002625,2035.63
0,3970094,21,phononTF,0.00220797,0.00235604,-0.00163154,-0.0002625,1464.28,0.001146,1,0.00199845,-0.00199518,0.0002625,2285.1
0,3971530,6,phononL,0.000461489,0.00156971,-0.00260342,-0.0002625,7435.4,0.000382,1,0.00100276,-0.0030048,0.0002625,7722.88
0,3971924,7,phononTF,0.0010462,-0.00199966,1.27647e-06,0.0002625,3691.57,0.000615457,1,-0.00157038,-0.000444115,-0.0002625,5209.06
0,3978603,18,phononTF,0.000528171,-0.00121796,0.000796792,-0.0002625,13581,0.000382,1,-0.00100332,0.00100138,0.0002625,14395.1
0,3978963,8,phononTS,0.00116306,0.00200105,2.69278e-06,0.0002625,1271.51,0.000705464,1,0.00172894,-9.51302e-07,-0.0002625,1506.52
0,3979395,11,phononTF,0.000754094,0.000701572,-0.00128466,-0.000262498,1895.1,0.000382,1,0.00100158,-0.000997992,0.0002625,2009.58
0,3980601,6,phononL,0.000415855,0.0020024,-0.00200338,0.0002625,1416.8,0.000415855,1,0.00155675,-0.00219272,-0.0002625,1883.67
0,3982687,3,phononL,0.00321922,0.00254686,-5.68828e-05,-0.000230507,562.2,0.000382,1,0.00200034,-2.7247e-06,0.0002625,783.797
0,3989272,18,phononTF,0.00078478,0.00199615,-1.86193e-06,0.000262498,8318.18,0.00078478,1,0.005,-0.00143044,-0.000195983,8907.28
0,3989599,8,phononTS,0.000501267,-0.000424484,-0.00347302,-0.0002625,6463.61,0.000382,1,0.000999737,-0.00299571,0.0002625,6978.88
0,3990442,6,phononTS,0.00123047,0.00101198,-0.00300863,-0.0002625,282.113,0.000382,1,0.00100333,-0.00299993,0.0002625,2401.69
0,3991191,7,phononTF,0.000800005,0.000962875,-0.000894694,-0.0002625,1967.63,0.000382,1,0.000999593,-0.00100276,0.0002625,6666.26
0,4001450,22,phononTS,0.000676247,0.00100197,-0.000997863,0.0002625,5225.9,0.000676247,1,0.00178015,-0.00103161,-0.0002625,5504.85
0,4001676,3,phononTS,0.00102621,0.000123056,-0.00135835,-0.0002625,76.3304,0.000382,1,-2.46816e-06,-0.00200285,0.0002625,1847.29
0,4002216,10,phononTF,0.000564474,-0.00100148,-0.00100079,0.000262498,2348.56,0.000564474,1,-0.00125303,-0.000761149,-0.0002625,2456.26
0,4004770,7,phononTS,0.00072161,0.00123817,-0.00136769,-0.0002625,1362.53,0.000382,1,-0.000997643,0.000999815,0.0002625,2190.24
0,4006274,8,phononTS,0.00134012,4.73157e-07,0.00200461,0.000262498,4371.64,0.000928021,1,1.79536e-06,0.00195277,-0.0002625,4462.29
0,4013952,14,phononL,0.000393075,0.00199546,1.04834e-06,0.000262498,8214.52,0.000393075,1,0.00172812,-0.000254739,-0.0002625,8285.72
0,4015840,22,phononTS,0.000838336,-0.00131458,-0.005,-3.11709e-05,8432.79,0.000382,1,-1.7224e-06,0.00199724,0.0002625,10250.5
0,4015840,23,phononTS,0.000443306,-1.7224e-06,0.00199724,0.000262498,10250.5,0.000443306,1,-0.000173698,0.00219218,-0.0002625,10371.6
0,4019465,15,phononTF,0.00042611,0.00134461,0.00131116,-0.000262498,14587,0.000382,1,0.00100484,0.000997134,0.0002625,14707.8
0,4019637,15,phononTF,0.000467405,-0.00045652,0.00238272,-0.0002625,5374.77,0.000382,1,-0.000995673,0.00300203,0.0002625,6222.52
0,4026590,2,phononTS,0.00141248,0.00211929,-3.1437e-05,-0.0002625,316.541,0.000764,1,0.00199551,-4.27152e-06,0.0002625,720.319
0,4028543,2,phononTF,0.00124478,-2.80138e-06,0.00199793,0.0002625,54.6299,0.000601154,1,-0.00067284,0.00267775,-0.0002625,987.468
0,4030056,11,phononL,0.000433048,0.0020012,0.00200219,0.000262498,1688.2,0.000433048,1,0.00200939,0.00202315,-0.0002625,1750.5
0,4031606,10,phononTF,0.000728197,-0.00279986,-0.00118248,-0.000262498,15096.8,0.000382,1,-0.0020036,-0.00199748,0.0002625,15311.5
0,4042463,5,phononTF,0.00173162,0.00314181,0.000859136,-0.0002625,541.042,0.000764,1,0.00299829,0.000997709,0.0002625,1518.55
0,4052942,14,phononL,0.000731175,-0.00250803,-0.00113728,-0.0002625,5396.01,0.000382,1,-0.00299782,-0.000996205,0.0002625,6464.54
0,4053141,37,phononTF,0.000431586,0.000549691,0.000567171,-0.0002625,10333.7,0.000382,1,0.000999081,0.00100036,0.0002625,11155.3
0,4053335,5,phononL,0.000602913,4.76547e-06,3.61111e-06,0.0002625,17247.1,0.000602913,1,-0.000329733,-5.84407e-05,-0.0002625,17386.1
0,4053633,13,phononTF,0.00123683,0.000667621,0.000951878,-0.000262498,1337.48,0.000382,1,0.000996085,0.000998275,0.0002625,1451.69
0,4058351,9,phononTF,0.000968842,-0.00236576,0.00164233,-0.0002625,10293.6,0.000764,1,-0.000995669,0.00299761,0.0002625,11930.4
0,4059354,13,phononL,0.000476324,-0.00323779,-0.00140083,-0.000262498,11411.1,0.000382,1,-0.00300327,-0.00100139,0.0002625,11487.7
0,4059499,2,phononTS,0.000655006,0.00294735,0.000530248,-0.0002625,68.7701,0.000382,1,0.00299695,0.000996804,0.0002625,632.546
0,4059500,1,phononTF,0.01,0.00324671,-0.000321355,-0.000224896,0,0.00280715,1,0.00322743,-0.000302326,-0.0002625,1227.29
0,4063894,3,phononTS,0.00190212,0.00188402,-0.000833185,-0.0002625,4.95733,0.000382,1,0.00100087,-0.0010022,0.0002625,423.728
0,4067293,6,phononTF,0.00201827,0.00157199,0.00248224,-0.0002625,6532.79,0.000382,1,0.00200063,0.00200035,0.0002625,9096.33
0,4073998,9,phononTF,0.000604492,0.0016086,0.00161246,-0.0002625,2555.96,0.000382,1,0.00200222,0.00199998,0.0002625,2947.3
0,4075458,16,phononTS,0.000546399,0.00200876,0.00193376,-0.000262498,3929.04,0.000382,1,0.00200496,0.0020033,0.0002625,4024.9
0,4076158,8,phononTS,0.00051938,0.00130155,-0.00192783,-0.0002625,3481.9,0.000382,1,0.00200482,-0.00199683,0.0002625,6492.76
0,4078584,3,phononTS,0.0020631,0.0029628,0.000352904,-0.0002625,292.438,0.000764,1,0.00300301,0.000998503,0.0002625,625.997
0,4078584,4,phononTS,0.000563373,0.00300301,0.000998503,0.000262498,625.997,0.00038479,1,0.0029159,0.00125049,-0.0002625,746.325
0,4078710,7,phononTS,0.0011101,-0.000504471,-0.00325781,-0.0002625,539.352,0.000382,1,-0.00200402,-0.00199556,0.0002625,2021.1
0,4080750,6,phononTS,0.000844406,0.00330471,-0.000360687,-0.0002625,403.641,0.000382,1,0.00200051,-7.50639e-07,0.0002625,1212.79
0,4084552,7,phononTS,0.000408351,0.00050663,-0.00198707,-0.0002625,958.182,0.000382,1,2.00386e-06,-0.00199759,0.0002625,1694.89
0,4086320,21,phononTF,0.000467789,0.0020031,0.00199617,0.000262498,2922.98,0.000467789,1,0.00203907,0.00207344,-0.0002625,3014.45
0,4087556,13,phononTF,0.000524565,0.000998368,-0.00300122,0.000262498,6057.8,0.000524565,1,0.000929357,-0.00330204,-0.0002625,6168.59
0,4087556,2,phononTF,0.000798515,0.00291455,0.000132014,0.000262498,430.45,0.000362361,1,0.00284814,0.000193304,-0.0002625,521.718
0,4097241,4,phononTS,0.0026917,-0.00281387,0.000114524,0.000137964,121.774,0.000634554,1,-0.0035543,0.00128408,-0.0002625,1128.09
0,4097719,5,phononTS,0.00114806,0.00188107,-0.000850684,-0.0002625,6.12879,0.000764,1,0.00100184,-0.0010025,0.0002625,425.444
0,4097719,4,phononTS,0.00094032,0.00276031,-0.000698872,0.000262498,6.12879,0.000375812,1,0.00353533,0.000796883,-0.0002625,355.016
0,4102600,5,phononL,0.00102893,-0.00217407,-0.000963312,-0.0002625,464.257,0.000382,1,-0.00299792,-0.00100127,0.0002625,1196.7
0,4107291,5,phononTF,0.000882112,0.00125062,0.00125815,-0.0002625,1064.48,0.000382,1,0.000999764,0.000995228,0.0002625,1829.13
0,4107606,3,phononTS,0.00287962,0.00270764,0.00102181,-0.0002625,250.266,0.001146,1,0.00299932,0.000997023,0.0002625,2287.82
0,4111311,3,phononTF,0.00229768,0.00242879,-0.000174267,-0.0002625,31.3025,0.000382,1,0.00200469,4.11622e-06,0.0002625,568.633
0,4117956,3,phononTF,0.0028952,0.00253887,-0.000505024,-0.0002625,33.0317,0.000764,1,0.00199626,1.08284e-06,0.0002625,312.523
0,4119858,24,phononTF,0.000740725,-0.005,0.000996056,-0.00014537,3252.87,0.000382,1,-0.00199593,0.00199622,0.0002625,6522.06
0,4122702,7,phononTF,0.00218173,-0.000504268,-0.000485051,-0.000262498,851.877,0.000382,1,-0.00100463,-0.00100268,0.0002625,1004.31
0,4124725,6,phononTF,0.000595651,0.00200149,-3.96577e-06,0.0002625,3773.58,0.000595651,1,0.00169667,-0.000307245,-0.0002625,4005.94
0,4125839,4,phononTS,0.000403279,0.00242289,-0.000578938,-0.0002625,61.2834,0.000382,1,0.00299875,0.000996966,0.0002625,505.896
0,4129380,2,phononTS,0.000805075,-0.00301214,-0.00188025,-0.0002625,39.6614,0.000382,1,-0.00200063,-0.00199768,0.0002625,3868.47
0,4131236,3,phononTF,0.00153435,0.0023833,-0.000392727,-0.0002625,41.01,0.000382,1,0.00200243,-3.41122e-07,0.0002625,300.458
0,4132270,18,phononTS,0.00146371,-0.000259142,-0.000673901,-0.000262498,5595.59,0.000382,1,0.00100446,-0.000999724,0.0002625,5876.21
0,4137632,7,phononTS,0.000523757,-0.00474367,0.005,-0.00023742,5689.82,0.000523757,1,-0.00496393,0.00474904,-0.0002625,6488.32
0,4139089,20,phononTF,0.0016339,0.000857751,-0.003233,-0.0002625,2267.23,0.000382,1,0.000997126,-0.00300201,0.0002625,2913.08
0,4139089,21,phononTF,0.000649374,0.000997126,-0.00300201,0.000262498,2913.08,0.000649374,1,0.0012659,-0.00327734,-0.0002625,3024.57
0,4139570,4,phononTF,0.000916017,0.000672158,-0.000679876,-0.0002625,308.069,0.000382,1,0.00100185,-0.00100135,0.0002625,826.551
0,4139884,5,phononTS,0.000657965,0.00187526,0.00112684,-0.0002625,778.537,0.000382,1,0.00199966,0.00199642,0.0002625,1555.13
0,4139884,3,phononL,0.000936618,0.00240416,-0.000339122,0.000262498,399.889,0.000518791,1,0.00222529,-0.00100179,-0.0002625,493.103
0,4140194,8,phononL,0.000529238,-9.87199e-05,0.00162782,-0.0002625,3963.68,0.000382,1,3.79476e-06,0.00200494,0.0002625,4760.06
0,4140931,12,phononTS,0.000512751,0.000214384,-0.00287571,-0.0002625,4703.96,0.000382,1,0.00100281,-0.00299538,0.0002625,5508.82
0,4142803,18,phononL,0.000454475,-0.00245583,-0.000967153,-0.0002625,22966.7,0.000382,1,-0.00299849,-0.000995711,0.0002625,25586
0,4143717,11,phononTS,0.000698639,0.000287986,-0.00225212,-0.0002625,3948.68,0.000382,1,-4.81568e-06,-0.00199887,0.0002625,5634.31
0,4145353,6,phononTS,0.000653096,-0.00398513,-0.000597064,-0.0002625,3021.71,0.000382,1,-0.00299894,-0.000995352,0.0002625,9668.78
0,4145871,5,phononTF,0.00172618,-0.000422894,-0.00177199,-0.000262498,1783.09,0.000382,1,2.09521e-06,-0.00200176,0.0002625,1912.68
0,4149665,9,phononTS,0.0005044,0.00298876,0.000786484,-0.0002625,751.811,0.000382,1,0.00300489,0.00100253,0.0002625,1648.36
0,4159467,20,phononTF,0.00147186,-0.00206066,0.0018253,-0.0002625,5232.23,0.000382,1,-0.00199682,0.0020044,0.0002625,5584.12
0,4163395,7,phononTF,0.000550345,-0.00216019,-0.000159748,-0.0002625,3706.52,0.000382,1,-0.00200381,4.48363e-06,0.0002625,4195.89
0,4165891,12,phononTF,0.000770111,-0.000998963,0.00299863,0.000262498,7064.26,0.000770111,1,-0.00127647,0.00283377,-0.0002625,7173.39
0,4170195,5,phononL,0.000947766,0.00023954,0.00411257,-0.0002625,1479.24,0.000382,1,-0.00100168,0.00299543,0.0002625,3396.66
0,4170965,17,phononTS,0.000402546,-0.000997585,0.000996072,0.000262498,1351.22,0.000402546,1,-0.00103253,0.000945228,-0.0002625,1440.4
0,4173876,4,phononTS,0.00217678,0.00392231,0.00094781,-0.0002625,173.388,0.000764,1,0.00300492,0.000997104,0.0002625,1194.95
0,4178935,9,phononTF,0.00057348,-0.00100448,0.00300488,0.000262498,4227.17,0.00057348,1,-0.00119884,0.00280737,-0.0002625,4328.79
0,4181477,6,phononTS,0.000789223,0.00226962,0.00175777,-0.000262498,717.74,0.000382,1,0.00199689,0.00199744,0.0002625,852.912
0,4183852,2,phononTF,0.00132177,0.00189185,-0.00210902,-0.0002625,126.759,0.000382,1,0.00199766,-0.00199908,0.0002625,3763.11
0,4184041,4,phononTS,0.000556684,0.00199559,-0.00200266,0.0002625,811.034,0.000556684,1,0.00132388,-0.00351734,-0.0002625,1494.3
0,4184675,14,phononTS,0.000526376,-0.0029961,-0.000999499,0.000262498,9781.63,0.000526376,1,-0.00293344,-0.00079464,-0.0002625,9895.32
0,4185204,5,phononTS,0.00108626,0.00211694,0.000831166,-0.0002625,468.087,0.000382,1,0.00300363,0.00100485,0.0002625,1574.27
0,4185218,13,phononL,0.00176966,-0.00235472,-0.00126816,-0.0002625,1482.55,0.000382,1,-0.0029971,-0.000999249,0.0002625,1767.16
0,4196623,6,phononTS,0.00244586,0.00304477,0.000745947,-0.0002625,815.792,0.000764,1,0.00300053,0.00100042,0.0002625,2167.75
0,4196623,8,phononTS,0.000404703,0.00300053,0.00100042,0.000262498,2167.75,0.000404703,1,0.00293039,0.00108711,-0.0002625,2271.14
0,4196824,20,phononTF,0.000424547,0.00243058,0.000434223,-0.0002625,6901.27,0.000382,1,0.00200404,2.84295e-06,0.0002625,7862.64
0,4198712,3,phononTS,0.000474982,0.000995451,0.000999236,0.0002625,322.711,0.000474982,1,-0.000537583,0.00253862,-0.0002625,1192.59
0,4200340,2,phononTS,0.00217243,0.005,0.00102266,-0.000105342,208.407,0.000764,1,0.00199564,-0.00200086,0.0002625,1357.99
0,4201816,14,phononTS,0.000585478,0.00211297,-0.000901436,-0.0002625,1684.64,0.000382,1,0.000998172,-0.00100022,0.0002625,20633.9
0,4202372,11,phononTS,0.000859857,-0.00358991,0.00236176,-0.0002625,3918.32,0.000382,1,-0.00200214,0.0019951,0.0002625,8238.9
0,4202962,8,phononTS,0.000491285,0.00337054,0.000154639,-0.0002625,4761.67,0.000382,1,0.00200467,-9.85805e-07,0.0002625,9595.83
0,4203799,2,phononTF,0.0012407,-0.000524884,0.00253707,-0.0002625,4.75729,0.000764,1,-0.000999726,0.0029961,0.0002625,1159.51
0,4203799,13,phononTS,0.000443489,-0.000999726,0.0029961,0.000262498,1159.51,0.000443489,1,-0.00105633,0.00206522,-0.0002625,1373.62
0,4204322,2,phononTS,0.00210502,0.00248355,-0.000467573,-0.000237583,460.024,0.000764,1,0.00100479,-0.00100059,0.0002625,1049.69
0,4204889,2,phononTS,0.0013362,0.0010561,-0.00296989,-0.0002625,928.736,0.000382,1,0.00100382,-0.00300444,0.0002625,2265.78
0,4212302,14,phononTF,0.000987645,-0.00207288,0.000171615,-0.0002625,3118.56,0.000382,1,-0.000996545,0.00300266,0.0002625,4887.75
0,4215223,12,phononTF,0.000555686,-0.00086898,0.00112189,-0.0002625,4440.67,0.000382,1,-0.000999695,0.00099602,0.0002625,4716.55
0,4222304,8,phononTS,0.000831418,0.0021153,0.00109788,-0.0002625,790.864,0.000382,1,0.00299639,0.00100228,0.0002625,1566.08
0,4225217,13,phononTS,0.00129781,0.000920605,-0.00222762,-0.000262498,809.218,0.000382,1,2.78999e-06,-0.00199823,0.0002625,1026.66
0,4228997,2,phononTF,0.0024522,0.000290607,0.00170677,-0.0002625,587.898,0.000382,1,8.68804e-07,0.0019955,0.0002625,1910.82
0,4240582,4,phononTS,0.00279821,0.00238179,-0.000356836,-0.0002625,26.3555,0.000382,1,0.00200193,-1.53478e-06,0.0002625,342.723
0,4254037,9,phononTF,0.000648179,-0.000718381,0.00272469,-0.0002625,4575.87,0.000382,1,-0.00100088,0.00299894,0.0002625,7616.66
0,4254038,1,phononTF,0.01,0.002841,-0.00106461,-3.70417e-05,0,0.00300169,1,0.0029491,-0.00109132,-0.0002625,203.44
0,4260922,18,phononL,0.00044018,0.00157532,-0.00245263,-0.0002625,17642.8,0.000382,1,0.00200149,-0.00199646,0.0002625,19881
0,4270998,2,phononTS,0.00199928,0.00108733,-0.000906988,-0.0002625,64.1117,0.000382,1,0.00100034,-0.00100341,0.0002625,827.54
0,4273262,6,phononTF,0.000578808,0.00210828,-0.000115718,-0.0002625,676.82,0.000382,1,0.00199829,-1.82615e-06,0.0002625,3865.82
0,4274646,6,phononTF,0.000800369,0.00229812,-0.000309523,-0.000262498,500.815,0.000382,1,0.00200201,-2.28759e-06,0.0002625,616.599
0,4277492,2,phononTS,0.000405007,0.00143393,-0.00141806,-0.0002625,80.485,0.000382,1,-2.6234e-06,-0.00200313,0.0002625,730.112
0,4280850,3,phononTS,0.00278267,-0.00317127,-0.00191277,-0.0002625,5.78303,0.001146,1,-0.00299796,-0.000998417,0.0002625,5854.98
0,4281016,4,phononTF,0.000924431,0.00164164,-0.0023755,-0.0002625,1204.39,0.000382,1,0.000995098,-0.0030037,0.0002625,2742.64
0,4284701,11,phononTF,0.00128507,0.00094937,-0.000237198,-0.0002625,759.444,0.000382,1,-1.28014e-06,-2.62094e-06,0.0002625,1674.4
0,4291538,4,phononTS,0.00240257,-0.00200149,-0.00199821,0.000262498,1675.62,0.00132095,1,-0.0015253,-0.00149518,-0.0002625,1860.55
0,4291825,7,phononTF,0.000413808,0.000277357,-0.0015439,-0.000262498,1854.21,0.000382,1,-1.87105e-06,-0.00199676,0.0002625,1988.85
0,4305471,12,phononTS,0.000772971,0.00303776,0.000962515,-0.0002625,2036,0.000382,1,0.00299756,0.000998444,0.0002625,7636.92
0,4305622,20,phononL,0.000569523,-0.000371179,0.000301547,-0.0002625,2270.67,0.000382,1,-4.06796e-07,-2.78148e-06,0.0002625,3087.39
0,4307214,4,phononL,0.00277316,0.00199537,-0.00199551,0.0002625,554.902,0.00191345,1,0.00178041,-0.00259973,-0.0002625,824.122
0,4308759,14,phononTS,0.000609822,4.48684e-06,0.00200182,0.000262498,4498.67,0.000269444,1,-4.60603e-05,0.00204336,-0.0002625,4592.84
0,4311346,3,phononTF,0.0010085,0.000352245,-0.00153283,-0.0002625,538.209,0.000382,1,-3.0821e-06,-0.00199914,0.0002625,2029.26
0,4312727,19,phononTF,0.000427857,0.000739754,0.00263986,-0.0002625,4625.94,0.000382,1,-1.55733e-06,0.00200373,0.0002625,5205.03
0,4314800,4,phononTS,0.00151609,0.00228796,7.84066e-05,-0.0002625,539.928,0.000764,1,0.00199525,3.36343e-06,0.0002625,1496.71
0,4314800,6,phononTS,0.000524385,0.00199525,3.36343e-06,0.000262498,1496.71,0.000524385,1,0.00215931,-2.274e-05,-0.0002625,1601.13
0,4320579,5,phononTS,0.00131298,0.0029603,0.000986529,-0.0002625,342.621,0.000382,1,0.00299627,0.00100359,0.0002625,849.738
0,4321079,12,phononTS,0.000781227,0.00130197,-0.000955076,-0.0002625,882.628,0.000382,1,0.00100308,-0.000999725,0.0002625,1630.11
0,4321079,2,phononTF,0.000956686,0.00254782,-0.000503304,0.000262498,596.327,0.000956686,1,0.00222803,-0.000179887,-0.0002625,715.238
0,4322647,8,phononTS,0.00113469,0.00200113,0.00199976,0.0002625,516.978,0.000288411,1,0.00125112,0.00200775,-0.0002625,2293.92
0,4322982,6,phononTS,0.000525337,0.00201461,-5.2344e-05,-0.0002625,839.527,0.000382,1,0.00199843,1.67263e-06,0.0002625,1109.15
0,4323770,10,phononTF,0.000505669,-0.00300295,-0.00100303,0.0002625,1242.86,0.000505669,1,-0.00343309,-0.000583751,-0.0002625,4284.29
0,4323770,2,phononTS,0.00205981,0.00260856,-0.00063584,0.000262498,116.075,0.000484743,1,0.00257471,-0.000598812,-0.0002625,205.473
0,4326135,5,phononTS,0.000446358,0.00266383,-0.000242533,-0.000262498,378.298,0.000382,1,4.90562e-07,-0.00199692,0.0002625,990.513
0,4326135,3,phononTS,0.000718159,0.00280191,-0.000374464,0.000262498,79.1406,0.000718159,1,0.00278774,-9.97134e-05,-0.0002625,197.771
0,4326135,2,phononTF,0.00198739,0.00280191,-0.000374464,0.000262498,79.1406,0.000829618,1,0.00194352,-0.0010348,-0.0002625,290.768
0,4328026,3,phononTS,0.00273299,4.69882e-05,-0.00182869,-0.0002625,70.7013,0.000764,1,6.22855e-07,-0.00199721,0.0002625,1015.67
0,4328060,7,phononTS,0.000758769,0.00246849,-0.000821263,-0.0002625,341.36,0.000382,1,0.0019998,-0.00200156,0.0002625,801.599
0,4330220,8,phononTS,0.000505695,0.00196758,-5.02287e-05,-0.0002625,493.803,0.000382,1,0.00199754,4.07273e-06,0.0002625,1326.55
0,4334587,14,phononTS,0.000453341,0.0030044,0.000999978,0.000262498,4882.92,0.000453341,1,0.00296768,0.000958873,-0.0002625,4972.32
0,4334588,1,phononTS,0.01,0.00283009,-0.00103234,-0.000178132,0,0.00326288,1,0.00291794,-0.00105117,-0.0002625,559.675
0,4350003,11,phononTF,0.00055596,-0.0010038,0.00300274,0.000262498,4815.47,1.55047e-05,1,-0.00120851,0.00423832,-0.0002625,5073.34
0,4355073,8,phononTF,0.000507684,-0.000646185,0.00263554,-0.0002625,5075.58,0.000382,1,-0.000996729,0.00299789,0.0002625,6417.77
0,4366046,15,phononTS,0.000456478,0.00270016,0.000979877,-0.0002625,1137.86,0.000382,1,0.00299835,0.000999611,0.0002625,2366.41
0,4366792,10,phononTS,0.000626178,0.000858172,0.00141898,-0.0002625,4232.65,0.000382,1,0.00100042,0.00100263,0.0002625,6060.52
0,4368232,10,phononTS,0.000496116,0.00199891,-0.00200108,0.000262498,1024.48,0.000496116,1,0.00197897,-0.001956,-0.0002625,1114.28
0,4371806,8,phononTF,0.000394084,-0.0015555,0.000824148,-0.0002625,4864.59,0.000382,1,-0.00300145,-0.000996617,0.0002625,6105.52
0,4374215,8,phononTS,0.000439997,-0.000858811,0.00335247,-0.0002625,4494.45,0.000382,1,-0.00100147,0.00299686,0.0002625,4903.05
0,4374215,3,phononTS,0.000655076,0.00283325,-0.000585079,0.000262498,25.9123,0.000493934,1,0.00280673,-0.00120177,-0.0002625,188.808
0,4374215,2,phononTF,0.00240091,0.00283325,-0.000585079,0.000262498,25.9123,0.000831482,1,0.00242142,-0.000172227,-0.0002625,160.513
0,4379257,25,phononTS,0.00092268,-0.000513222,0.00336002,-0.0002625,10575.5,0.000382,1,-0.00100141,0.0030002,0.0002625,11088.7
0,4380057,2,phononTS,0.00219398,0.00403344,-0.00271891,-0.0002625,540.505,0.000382,1,0.00100364,-0.000996871,0.0002625,2139.52
0,4380057,16,phononTF,0.00141448,0.000819932,-0.00103713,0.000146914,2139.52,0.000603159,1,-0.00016029,-4.1528e-05,-0.0002625,2433.87
0,4383140,2,phononTS,0.000453068,-5.04073e-05,0.000365599,-0.0002625,488.962,0.000382,1,3.92376e-06,-1.8076e-06,0.0002625,2246.58
0,4386643,7,phononL,0.000942126,0.00185183,0.000273531,-0.0002625,1925.14,0.000382,1,0.0019958,-3.88278e-06,0.0002625,2130.41
0,4393514,11,phononL,0.00104627,0.00299609,0.000999972,0.000262498,1321.05,0.000869249,1,0.00307709,0.00101134,-0.0002625,1383.72
0,4395421,4,phononTF,0.000619434,0.00139646,0.00140817,-0.0002625,1085.98,0.000382,1,0.00100095,0.000997058,0.0002625,2202.74
0,4397048,5,phononTF,0.00118327,-0.000914069,0.000929494,-0.0002625,637.952,0.000382,1,-0.000999536,0.00100443,0.0002625,1404.1
0,4397124,8,phononTS,0.000652559,0.00213969,-8.71306e-06,-0.0002625,10473,0.000382,1,0.00199858,4.30299e-06,0.0002625,10786.3
0,4399561,9,phononTF,0.000445877,-1.19947e-05,0.000241988,-0.0002625,9460.46,0.000382,1,-1.48721e-06,1.1994e-06,0.0002625,9771.32
0,4401333,8,phononTF,0.000550434,0.00161708,-0.000237467,-0.0002625,7808.18,0.000382,1,0.00199932,-4.32558e-06,0.0002625,8426.7
0,4404111,7,phononTS,0.000464406,-0.000226873,0.00165731,-0.000262498,1271.7,0.000382,1,2.47871e-06,0.00199899,0.0002625,1413.38
0,4405558,7,phononTS,0.000386456,0.00205994,-0.00200412,-0.0002625,2362.72,0.000382,1,0.00200488,-0.00200115,0.0002625,2849.7
0,4406339,12,phononTS,0.000887397,-0.00210334,-7.23477e-07,-0.0002625,3476.27,0.000382,1,-0.00200377,-3.92587e-06,0.0002625,3776.9
0,4410100,4,phononTS,0.00282038,-0.00299598,-0.000998971,0.0002625,1.04007,0.000683457,1,-0.0029849,-0.000953748,-0.0002625,1405.2
0,4410572,3,phononTS,0.00266345,0.00130147,-0.000965434,-0.0002625,34.05,0.000764,1,0.00100333,-0.00100156,0.0002625,750.581
0,4412174,17,phononTS,0.0003923,0.000611655,-0.005,-1.43561e-06,17397.7,0.000382,1,-0.00100154,-0.00100223,0.0002625,21536.7
0,4412895,7,phononTF,0.000500549,0.00167707,-0.0016776,-0.000262498,1348.13,0.000382,1,0.00200003,-0.00199544,0.0002625,1466.98
0,4414005,3,phononTS,0.00230925,0.0029282,0.000207537,-0.0002625,25.8619,0.000382,1,0.00299547,0.00100283,0.0002625,411.399
0,4414538,6,phononTS,0.000799055,-0.00104084,0.0011976,-0.0002625,2619.02,0.000382,1,-0.000995701,0.00100037,0.0002625,3166.63
0,4414924,2,phononTS,0.000770358,0.00287821,0.000153805,-0.0002625,17.1586,0.000382,1,0.00300282,0.00100439,0.0002625,424.834
0,4415904,8,phononTS,0.00065465,0.00100067,-0.00100203,0.000262498,6304.07,0.000306307,1,0.000968684,-0.000996851,-0.0002625,6395.25
0,4418383,10,phononTS,0.000707336,0.00104619,0.00101909,-0.0002625,1854.26,0.000382,1,0.00100191,0.00100178,0.0002625,3107.23
0,4418651,25,phononTF,0.000455057,-0.00118597,0.00320254,-0.000262498,11557.9,0.000382,1,-0.000997047,0.0030037,0.0002625,11659.3
0,4422846,3,phononTS,0.00284661,0.00237244,-0.000349297,-0.0002625,6.76325,0.000382,1,0.00199795,8.68166e-07,0.0002625,320.881
0,4424397,4,phononTF,0.0026968,0.00184986,-0.000146882,7.50644e-05,51.7522,0.000764,1,0.00199653,1.52619e-07,0.0002625,1384.34
0,4425776,4,phononTS,0.000412255,0.000153099,-0.00108222,-0.000262498,668.87,0.000382,1,0.0010006,-0.000996567,0.0002625,865.543
0,4425776,2,phononTF,0.00149869,0.00275687,-0.000632054,0.000262498,337.56,0.000111636,1,0.00208376,-2.81946e-06,-0.0002625,520.573
0,4428534,2,phononL,0.00146727,0.00255896,0.000105199,-0.0002625,5.29263,0.000382,1,0.00200136,-4.71799e-06,0.0002625,191.819
0,4429121,11,phononTS,0.00038777,0.00205728,-0.00199056,-0.0002625,5031.17,0.000382,1,0.002004,-0.00200336,0.0002625,5301.33
0,4430431,10,phononTF,0.000683025,-0.00181442,-0.000176623,-0.0002625,3597.79,0.000382,1,-0.0010034,-0.00100304,0.0002625,8317.33
0,4433211,2,phononTS,0.00464775,0.00192499,-0.000714726,-0.000262498,800.237,0.001146,1,0.00199941,4.8433e-07,0.0002625,976.7
0,4434238,11,phononTF,0.000585361,0.00199352,4.80388e-05,-0.000262498,332.755,0.000382,1,0.000995014,-0.00100327,0.0002625,597.994
0,4439219,7,phononTF,0.000478465,-0.00230662,-0.00236042,-0.0002625,1782.66,0.000382,1,-0.00199712,-0.00199664,0.0002625,3342.28
0,4439669,7,phononTS,0.000456214,0.000972056,-0.00303725,-0.0002625,2329.31,0.000382,1,0.000998187,-0.00299523,0.0002625,4937.01
0,4439669,2,phononTS,0.00183983,0.00280443,-0.000708933,0.000262498,18.5692,0.000690542,1,0.0021961,-0.000290711,-0.0002625,210.182
0,4441204,8,phononTS,0.000390814,0.000416353,0.00274666,-0.000262498,3754.96,0.000382,1,-0.000995444,0.00100184,0.0002625,4182.23
0,4449045,2,phononL,0.00217228,0.00238466,-0.000335745,-0.0002625,0.823005,0.000764,1,0.00199565,4.61215e-06,0.0002625,162.169
0,4456148,3,phononTS,0.00066715,-0.000113547,0.00183655,-0.0002625,382.329,0.000382,1,-0.0019951,0.00199665,0.0002625,2430.41
0,4456521,6,phononTS,0.00133029,0.000579962,-0.000141135,-0.0002625,117.583,0.000764,1,-1.4993e-06,-4.36792e-06,0.0002625,944.401
0,4459233,6,phononTS,0.000403971,0.00170774,0.00185672,-0.0002625,1626.99,0.000382,1,0.00199799,0.00199822,0.0002625,3053.79
0,4460709,2,phononTS,0.000403603,0.00116396,0.000722488,-0.0002625,318.457,0.000382,1,-8.56456e-07,0.00200215,0.0002625,1035.39
0,4462135,29,phononTF,0.000548284,0.00236593,0.000373343,-0.0002625,5938.89,0.000382,1,0.0019988,-3.5699e-06,0.0002625,8833.99
0,4462136,3,phononTF,0.00593449,0.00176221,-0.00149177,-2.11324e-05,74.9402,0.00104927,1,0.0023001,-0.00123405,-0.0002625,486.933
0,4464581,7,phononTS,0.00407673,0.00205351,3.99864e-05,0.00018284,281.122,0.0012426,1,0.00215975,5.58075e-05,-0.0002625,387.344
0,4474419,4,phononTS,0.000467414,0.000987019,0.00101662,-0.0002625,724.591,0.000382,1,0.000999905,0.00100155,0.0002625,999.217
0,4474900,9,phononTS,0.00101591,2.73638e-06,-0.00200004,0.000262498,10412.8,0.000838143,1,-0.000319743,-0.00193839,-0.0002625,10539.7
0,4477408,6,phononL,0.00149954,0.0014534,-0.0011122,-0.0002625,146.922,0.000382,1,0.00100397,-0.00100312,0.0002625,388.971
0,4477569,6,phononTF,0.000814621,2.72898e-07,3.43409e-06,0.000262498,2744.76,0.000484396,1,0.000318081,-0.000316234,-0.0002625,2863.54
0,4478315,6,phononTF,0.000737594,0.00190576,-0.000237567,-0.0002625,1719.79,0.000382,1,0.00199756,-3.57296e-06,0.0002625,2029.83
0,4487144,11,phononTS,0.000417733,0.00195314,-0.0019664,-0.000262498,625.475,0.000382,1,0.0020037,-0.00199663,0.0002625,720.253
0,4487144,2,phononTS,0.000782592,0.00271892,-0.000835701,0.000262498,83.7523,0.000782592,1,0.00275123,-0.000902891,-0.0002625,183.063
0,4488151,20,phononTS,0.000398095,0.000869887,-0.00225185,-0.0002625,3545.2,0.000382,1,0.00199947,-0.00200063,0.0002625,4517.73
0,4492233,7,phononTF,0.000485767,-0.000250378,-0.00254049,-0.000262498,6072.06,0.000382,1,3.27076e-06,-0.00199601,0.0002625,6219.81
0,4492505,19,phononTF,0.000526588,-0.000408295,-0.00161272,-0.0002625,117.062,0.000382,1,-0.00200435,-0.00199705,0.0002625,1073.77
0,4493203,10,phononTS,0.00110822,0.00272345,-0.00214773,-0.0002625,1068.4,0.000382,1,0.00199931,-0.0019975,0.0002625,1941.82
0,4494181,11,phononL,0.000425628,5.44983e-05,-0.00149186,-0.0002625,2040.95,0.000382,1,-3.42452e-06,-0.00200203,0.0002625,2278.82
0,4507822,8,phononTF,0.000980548,-0.00203516,-7.2735e-05,-0.000262498,1223.58,0.000382,1,-0.00200405,2.68635e-06,0.0002625,1314.96
0,4507822,9,phononTF,0.000590392,-0.00200405,2.68635e-06,0.000262498,1314.96,0.000590392,1,-0.00257932,-0.000565047,-0.0002625,1480.07
0,4509210,7,phononTS,0.000730902,0.005,-0.00458378,-0.000147071,1848.49,0.000382,1,0.000997657,-0.00100243,0.0002625,3648.89
0,4511197,12,phononTF,0.000574701,0.00319645,0.000980284,-0.000262498,3941.45,0.000382,1,0.00299502,0.000999574,0.0002625,4041.15
0,4516459,7,phononTS,0.0012249,0.005,0.00178211,-0.000202912,1640.37,0.000382,1,0.00100151,-0.00100311,0.0002625,3024.79
0,4519284,25,phononTS,0.000390545,0.00100829,0.000797893,-0.0002625,573.113,0.000382,1,0.000999862,0.00100499,0.0002625,8816.22
0,4522655,11,phononL,0.00200074,-0.0014998,-0.00159334,-0.0002625,123.738,0.000382,1,-0.00199818,-0.0020013,0.0002625,1613.6
0,4522655,13,phononTS,0.00109336,-0.00199818,-0.0020013,0.000262498,1613.6,0.000423968,1,-0.00373599,-0.000816118,-0.0002625,2024.91
0,4525167,7,phononL,0.000408736,0.00199717,3.19587e-06,0.000262498,505.301,0.000408736,1,0.0029452,8.95709e-05,-0.0002625,622.069
0,4526144,2,phononTS,0.00286402,0.000947855,-0.00148127,-0.0002625,1572.15,0.000382,1,1.82418e-07,-0.0019958,0.0002625,2310.77
0,4526416,12,phononTS,0.000505144,-0.00298348,-0.00143068,-0.000262498,6718.65,0.000382,1,-0.00300404,-0.000997606,0.0002625,6855.84
0,4526499,4,phononTF,0.00228849,0.00129039,0.000701921,-0.0002625,84.3021,0.000382,1,0.000999805,0.000997307,0.0002625,771.238
0,4526930,5,phononTS,0.00116819,0.000967654,0.0010826,-0.000262498,515.937,0.000382,1,0.000996326,0.00100318,0.0002625,612.995
0,4530229,16,phononL,0.000442267,0.00241086,0.00246501,-0.000262498,1368.98,0.000382,1,0.00199615,0.00200406,0.0002625,1458.21
0,4530978,27,phononTF,0.000538789,-0.000479428,0.000493337,-0.000262498,3816.71,0.000382,1,-0.00100115,0.00100499,0.0002625,3970.72
0,4532872,6,phononTS,0.00171524,-0.000631384,0.0030206,-0.0002625,732.536,0.000764,1,-0.00100087,0.00300443,0.0002625,2295.52
0,4534104,6,phononTF,0.000516605,0.00224473,-0.000238606,-0.0002625,96.4973,0.000382,1,0.00199523,-6.91182e-07,0.0002625,418.865
0,4538021,12,phononTS,0.000542978,0.00296876,0.000956304,-0.000262498,985.339,0.000382,1,0.00300186,0.000996138,0.0002625,1074.71
0,4552470,4,phononTF,0.00143544,0.0020027,4.04761e-06,0.0002625,36.3911,0.000685323,1,0.00158497,0.000409794,-0.0002625,421.193
0,4559846,5,phononTS,0.000546177,-0.00405738,-0.000634987,-0.0002625,337.88,0.000382,1,-0.00200157,-0.00200458,0.0002625,7264.29
0,4559846,3,phononTS,0.00258857,0.00255514,-0.000875559,0.000262498,203.454,0.00190358,1,0.00257891,-0.000841883,-0.0002625,293.654
0,4568773,16,phononTS,0.00103943,5.64519e-05,0.000535525,-0.0002625,5229.3,0.000382,1,0.000998029,-0.00100468,0.0002625,6923.25
0,4568802,6,phononTS,0.000446044,0.000930329,0.00355834,-0.0002625,1123.47,0.000382,1,0.00199986,0.00200495,0.0002625,5150.92
0,4569621,6,phononL,0.000708095,0.00199653,0.00199624,0.000262498,7839.89,0.000708095,1,0.00170895,0.00144654,-0.0002625,7928.47
0,4572397,6,phononTS,0.000533086,-0.00182687,-0.00202326,-0.000262498,1161,0.000382,1,-0.00199717,-0.00199825,0.0002625,1268.91
0,4574847,2,phononTS,0.00233744,0.000893063,0.00326356,-0.0002625,183.676,0.000382,1,0.00300467,0.00100495,0.0002625,5123.96
0,4577823,11,phononTS,0.000421749,0.00135438,-0.00194164,-0.0002625,1987.71,0.000382,1,0.00200252,5.49119e-07,0.0002625,7633.35
0,4577824,1,phononTS,0.01,0.00253102,-0.000939765,-0.000258179,0,0.00322792,1,0.00252909,-0.000944149,-0.0002625,383.48
0,4578304,12,phononTF,0.000509454,-0.00100091,0.000998925,0.000262498,1021.29,0.000509454,1,-0.000826345,0.000761035,-0.0002625,1126.34
0,4580300,14,phononTS,0.000475569,-0.00360898,0.00299343,-0.0002625,5542.02,0.000382,1,-0.0020027,0.00199903,0.0002625,7642.75
0,4581762,2,phononTS,0.00155043,0.00272859,-0.000738167,-0.0002625,59.894,0.000382,1,0.00199668,-0.00199836,0.0002625,464.382
0,4582339,20,phononTF,0.000521422,0.000370632,0.00174716,-0.0002625,670.869,0.000382,1,8.20066e-07,0.00200285,0.0002625,1283.86
0,4582356,9,phononTF,0.000568431,-0.00200125,-0.00200485,0.0002625,3061.21,0.000568431,1,-0.00234179,-0.00280197,-0.0002625,3797.2
0,4586352,10,phononTS,0.000546297,-0.00100271,0.00099991,0.000262498,1323.38,0.000546297,1,-0.00306827,-0.00122923,-0.0002625,1880.04
0,4587982,19,phononTF,0.000846345,0.0020028,-4.5711e-06,0.000262498,958.553,0.000846345,1,0.00173677,-0.000252115,-0.0002625,1068.6
0,4592138,10,phononTF,0.000508046,0.0035648,0.000415405,-0.000262499,2320.78,0.000382,1,0.00299593,0.0010024,0.0002625,2486.99
0,4592138,2,phononTS,0.0011444,0.0025397,-0.000774671,0.000262498,254.998,0.000273859,1,0.00257805,-0.000591412,-0.0002625,361.272
0,4596377,6,phononTF,0.00049772,0.00222197,-0.000221912,-0.000262498,512.619,0.000382,1,0.00199642,2.38566e-06,0.0002625,617.708
0,4601336,6,phononTF,0.000925261,0.00187643,0.00187387,-0.0002625,1436.48,0.000382,1,0.00199885,0.00199905,0.0002625,3017.59
0,4603856,3,phononTS,0.00144909,0.00299921,0.00100137,0.0002625,54.9757,0.00128845,1,0.00273953,0.00133329,-0.0002625,1501.44
0,4604703,10,phononTS,0.000736068,-0.00300473,-0.000995397,0.0002625,3942.61,0.000336557,1,-0.00277461,-0.000724879,-0.0002625,4478.78
0,4604871,17,phononL,0.000411518,0.00152746,0.00215222,-0.0002625,1313.54,0.000382,1,0.00100439,0.00100071,0.0002625,3140.39
0,4605010,5,phononTF,0.000533418,0.000629732,-0.00263347,-0.0002625,378.408,0.000382,1,0.0010014,-0.00299525,0.0002625,5369.7
0,4609873,26,phononTS,0.000491148,0.000430591,-0.00142302,-0.000262498,4121.85,0.000382,1,0.000995225,-0.000998777,0.0002625,4308.61
0,4611182,8,phononTF,0.000408982,0.00230437,-0.000299448,-0.000262498,2572.73,0.000382,1,0.00199636,2.0008e-06,0.0002625,2689.09
0,4614769,7,phononTF,0.000499893,0.00274598,-0.000725299,-0.000262498,204.918,0.000382,1,0.00200232,-7.27509e-07,0.0002625,404.001
0,4616470,7,phononTF,0.00102443,0.00199894,9.29661e-07,0.000262498,1373.72,0.000297589,1,0.00169756,-0.000293769,-0.0002625,1488.97
0,4617263,10,phononTS,0.000437213,-0.00299709,-0.00100166,0.000262498,8303.64,0.000437213,1,-0.000522096,0.00102658,-0.0002625,8899.13
0,4623256,4,phononTS,0.000524883,0.00238853,-0.00015829,-0.0002625,515.092,0.000382,1,0.0020043,-4.54693e-06,0.0002625,902.847
0,4625013,30,phononL,0.00278355,0.00214351,-0.00175424,-0.0002625,157.563,0.000382,1,0.00199659,-0.00200429,0.0002625,360.162
0,4629521,12,phononTS,0.000558663,0.00199677,-0.00262045,-0.0002625,15094.7,0.000382,1,0.00200252,-0.00200442,0.0002625,15756.9
0,4633491,13,phononTF,0.000526639,-0.00100079,-0.00100419,0.000262498,6923.57,0.000526639,1,-0.000279544,-0.00156719,-0.0002625,7109.16
0,4634080,12,phononTF,0.000563102,0.00165274,0.00177712,-0.000262498,3652.06,0.000382,1,0.00299811,0.000996458,0.0002625,3945.16
0,4639842,9,phononL,0.000555239,-0.00216544,0.000187444,-0.000262498,9673.2,0.000382,1,-0.00200345,-2.82285e-06,0.0002625,9739.33
0,4643023,3,phononTS,0.00121125,0.00189078,0.00117688,-0.0002625,160.013,0.000382,1,0.000997059,0.00099884,0.0002625,1703.57
0,4645217,3,phononTS,0.000571959,0.00101181,-0.00104171,-0.0002625,17.4459,0.000382,1,0.000998215,-0.00100291,0.0002625,625.787
0,4645543,5,phononTF,0.000405605,-0.000639733,0.00262136,-0.0002625,4358.66,0.000382,1,-0.00100089,0.00299753,0.0002625,6744.36
0,4648379,9,phononTS,0.000437338,0.00201413,-0.000204245,-0.0002625,421.769,0.000382,1,0.00200011,-4.44979e-06,0.0002625,966.803
0,4649710,13,phononTF,0.000841487,0.00108559,0.000909157,-0.0002625,2334.03,0.000382,1,0.000996032,0.000997025,0.0002625,3129.32
0,4662162,14,phononTS,0.000680369,0.0019114,0.00181449,-0.000262498,1704.96,0.000382,1,0.00100309,0.000996674,0.0002625,1976.83
0,4663267,7,phononTF,0.000437248,-0.000555162,0.00342347,-0.0002625,891.431,0.000382,1,-0.00099599,0.00299912,0.0002625,2471.43
0,4666799,13,phononTF,0.000550847,-0.00192623,0.00204794,-0.000262498,7726.2,0.000382,1,-0.000996868,0.00299564,0.0002625,7970.5
0,4669100,7,phononTS,0.000697782,0.00102083,-0.00095962,-0.0002625,2495.12,0.000382,1,0.000999331,-0.000998061,0.0002625,3035.76
0,4670711,18,phononTF,0.000512628,0.00321756,0.0012217,-0.0002625,1409.51,0.000382,1,0.00299639,0.00100272,0.0002625,1722.96
0,4672360,6,phononTF,0.00182739,0.00256541,-0.000280581,-0.0002625,200.996,0.000764,1,0.00199501,1.21649e-06,0.0002625,818.067
0,4676974,9,phononTS,0.000653004,0.00195976,0.00062753,-0.0002625,3540.16,0.000382,1,0.00200375,4.92398e-06,0.0002625,11579.4
0,4682789,5,phononTF,0.00222125,0.00274858,-0.00266926,-0.0002625,274.565,0.000764,1,0.00199554,-0.0019971,0.0002625,2061.72
0,4683817,10,phononTS,0.000738421,0.00216332,8.54121e-05,-0.000262498,878.627,0.000382,1,0.00100174,-0.00100161,0.0002625,1213.17
0,4687724,8,phononTF,0.000562771,0.00225521,-0.000265079,-0.0002625,656.443,0.000382,1,0.00200456,-3.77316e-06,0.0002625,983.854
0,4688991,6,phononTS,0.00125443,0.00128673,0.000702664,-0.0002625,1134.75,0.000382,1,0.00100019,0.00100266,0.0002625,1847.78
0,4694219,9,phononTS,0.000658054,0.00236383,0.000957986,-0.0002625,1238.97,0.000382,1,0.00299733,0.0010027,0.0002625,2062.18
0,4695171,14,phononTS,0.000557054,0.0016196,-0.00167693,-0.0002625,482.8,0.000382,1,0.000998375,-0.00299999,0.0002625,1491.9
0,4696086,16,phononTS,0.000516038,0.003206,-0.000114467,-0.0002625,11424,0.000382,1,0.00300215,0.00100245,0.0002625,12708.6
0,4696087,1,phononTF,0.01,0.00326779,-0.000168369,-0.000256602,0,0.00393857,1,0.0032839,-0.000162135,-0.0002625,630.109
0,4696965,10,phononTS,0.00111381,-0.00115541,-0.00210309,-0.0002625,2173.84,0.000382,1,-0.00200071,-0.00199586,0.0002625,3187.74
0,4705328,5,phononTS,0.000461924,0.00242609,-2.63327e-05,-0.0002625,387.913,0.000382,1,0.00200306,-3.27472e-06,0.0002625,911.349
0,4710993,24,phononTS,0.000410496,0.00302261,0.00127877,-0.0002625,29390.3,0.000382,1,0.00299621,0.000995968,0.0002625,35075.1
0,4711980,3,phononTF,0.00177763,0.0020014,-0.00200133,0.0002625,456.749,0.00153135,1,0.00148011,-0.00250245,-0.0002625,918.355
0,4711980,2,phononTF,0.00155365,0.00304397,-0.000999097,0.000262498,456.749,0.000766885,1,0.00273471,-0.00124847,-0.0002625,571.626
0,4712042,4,phononTF,0.00251271,0.00117394,0.000831596,-0.0002625,68.9982,0.000764,1,0.000997198,0.00099934,0.0002625,1059.43
0,4712292,9,phononL,0.000542243,0.00144283,0.00076474,-0.000262498,1650.15,0.000382,1,0.00100214,0.000998876,0.0002625,1729.16
0,4712617,20,phononTS,0.000455629,0.00204544,0.00196967,-0.000262498,5793.42,0.000382,1,0.00200196,0.00199979,0.0002625,5883
0,4713707,6,phononTF,0.000652232,0.000902535,0.00111122,-0.0002625,239.22,0.000382,1,-2.13211e-06,0.00199642,0.0002625,942.709
0,4714111,3,phononTF,0.00124743,0.0022142,-0.000114338,-0.0002625,155.821,0.000382,1,0.00199678,-1.67581e-06,0.0002625,563.533
0,4721317,11,phononTF,0.000940425,0.00184273,-8.63406e-05,-0.000262498,6855.48,0.000382,1,0.00200249,-3.69248e-06,0.0002625,6952.06
0,4723253,4,phononTF,0.00275607,-0.00101022,0.000981368,0.000111343,644.434,0.000764,1,-0.000996255,0.000996059,0.0002625,7129.3
0,4724853,6,phononTF,0.000723253,-0.000777169,0.000789716,-0.0002625,10175.4,0.000382,1,-0.00100065,0.00100379,0.0002625,17568.9
0,4728911,8,phononTS,0.00109651,0.00199713,0.00199898,0.000262498,1737.41,0.000311113,1,-0.00026224,0.00251856,-0.0002625,2233.9
0,4731891,5,phononTS,0.00292651,-0.00195579,-0.000113765,-0.0002625,267.774,0.000764,1,-0.00200366,-6.33854e-07,0.0002625,1201.3
0,4736299,7,phononTS,0.000691652,0.0020025,-0.00199542,0.0002625,2439.78,0.000691652,1,0.00202702,-0.00202488,-0.0002625,2618.9
0,4737167,6,phononTS,0.0016307,0.0028321,4.42505e-05,-0.000262498,907.457,0.000382,1,0.00199947,-4.28763e-06,0.0002625,1102.41
0,4737400,2,phononTF,0.00172837,0.00213514,-0.00185638,-0.0002625,1849.37,0.000764,1,0.000998615,-0.00300197,0.0002625,2280.92
0,4749962,2,phononTF,0.000793224,0.0023392,-0.000320662,-0.0002625,35.3269,0.000382,1,0.00200216,2.61083e-06,0.0002625,275.74
0,4749963,1,phononTS,0.01,0.00227747,-0.000688621,-0.00026043,0,0.00117027,1,0.00227739,-0.000688568,-0.0002625,515.843
0,4752285,6,phononTF,0.00208575,0.00321438,0.000792692,-0.0002625,350.657,0.001146,1,0.00299763,0.00100025,0.0002625,1263.87
0,4754452,25,phononL,0.00107072,0.00164743,0.00208369,-0.0002625,3260.37,0.000382,1,0.00199512,0.00200301,0.0002625,3471.25
0,4754452,26,phononTF,0.0005682,0.00199512,0.00200301,0.000262498,3471.25,0.0005682,1,0.0016979,0.0023139,-0.0002625,3587.35
0,4760196,2,phononTS,0.00693929,0.00199242,-0.00200299,0.000239383,45.3282,0.002674,1,0.00199902,-0.00199898,0.0002625,542.948
0,4771807,3,phononTF,0.00263777,0.00214132,-0.000121531,-0.0002625,23.2784,0.000382,1,0.00199929,-2.34557e-06,0.0002625,598.265
0,4772442,12,phononTS,0.000460345,4.62066e-07,-0.00200489,0.000262498,3625.72,0.000460345,1,-0.000746439,-0.00269707,-0.0002625,3863.52
0,4778509,27,phononL,0.000732841,0.00200384,0.0019969,0.000262498,10642.9,0.000732841,1,-0.00263215,-0.005,-0.000111569,11629.8
0,4780370,10,phononTS,0.000456557,-0.000771566,-0.00175109,-0.000262498,1221.23,0.000382,1,-3.16851e-06,-0.00199794,0.0002625,1420.5
0,4780370,2,phononL,0.000660399,0.00246714,-0.000814314,0.000262498,251.407,0.000462977,1,0.0021758,-0.00122126,-0.0002625,330.756
0,4783946,9,phononTS,0.000449621,-0.000982038,0.00295026,-0.000262498,6517.48,0.000382,1,-0.00100453,0.00299974,0.0002625,6607.12
0,4787176,3,phononL,0.000979252,0.00222256,-0.00173512,-0.000262498,1351.92,0.000382,1,0.00200151,-0.00200367,0.0002625,1421.99
0,4794815,9,phononTF,0.000605445,0.00299734,0.000996662,0.0002625,2089.91,0.000605445,1,0.00298504,0.00121026,-0.0002625,2291.61
0,4796865,2,phononTS,0.000798192,0.00286644,0.00103006,-0.0002625,1.22995,0.000382,1,0.00299921,0.00100104,0.0002625,1878.81
0,4796904,3,phononTF,0.00060903,0.00282923,-0.0027698,-0.0002625,10.8698,0.000382,1,0.00199829,-0.00200198,0.0002625,3207.04
0,4797481,19,phononTS,0.000670694,-0.000409483,0.00100279,-0.000262498,4664.86,0.000382,1,-0.00100319,0.000995307,0.0002625,4820.39
0,4799433,8,phononTS,0.00038722,-0.000114203,8.57793e-06,-0.0002625,10537.6,0.000382,1,-2.86335e-06,-1.08241e-06,0.0002625,10842.3
0,4809842,5,phononTF,0.000782221,0.00234032,-1.00171e-05,-0.000262498,1657.86,0.000382,1,0.00199977,4.28251e-06,0.0002625,1773.6
0,4812541,9,phononTS,0.00084147,0.00167816,-0.000939412,-0.000262498,5162.47,0.000382,1,0.000997538,-0.00100295,0.0002625,5333.93
0,4818441,5,phononTF,0.00120604,0.00172697,0.000264364,-0.000262498,266.935,0.000764,1,0.00200098,2.69095e-06,0.0002625,377.7
0,4821004,13,phononTS,0.00046375,-0.00200475,4.52762e-06,0.000262498,6291.01,0.00046375,1,-0.00195097,0.000586985,-0.0002625,6448.18
0,4828204,8,phononTS,0.000754305,-0.000107845,4.23242e-05,-0.0002625,1513.58,0.000382,1,2.57144e-06,4.06858e-06,0.0002625,6090.67
0,4833800,16,phononTF,0.000454116,0.00175518,-0.000238271,-0.000262498,1418.85,0.000382,1,0.0020017,-1.34355e-06,0.0002625,1526.08
0,4835776,4,phononTF,0.00160609,0.00228406,-0.000279954,-0.0002625,44.3125,0.000382,1,0.00200145,4.06834e-06,0.0002625,270.437
0,4836902,7,phononTF,0.00166639,0.00266457,0.000652081,-0.000262498,607.272,0.000382,1,0.00300112,0.00100171,0.0002625,729.602
0,4844311,3,phononTS,0.000911626,-0.00363593,0.000143755,-0.0002625,1768.46,0.000382,1,-0.00100437,0.000995781,0.0002625,4990.78
0,4852928,19,phononL,0.00054749,0.00184929,0.000587357,-0.0002625,3431.77,0.000382,1,0.00200214,-2.21281e-06,0.0002625,3691.87
0,4853282,16,phononTF,0.000858976,0.005,0.000135407,-0.00014941,2820.13,0.000382,1,0.00199677,-0.00199573,0.0002625,5469.75
0,4853373,4,phononL,0.00100446,0.00230716,0.00127022,-0.0002625,782.316,0.000382,1,0.00199921,0.00199755,0.0002625,1007.77
0,4857168,12,phononTF,0.000479946,0.00189764,-0.00011926,-0.0002625,9650.42,0.000382,1,0.00199866,-1.70033e-06,0.0002625,10588.4
0,4857637,8,phononTF,0.00060031,-0.00156987,0.00235077,-0.0002625,2337.91,0.000382,1,-0.00199919,0.00199582,0.0002625,3376.7
0,4861515,6,phononTF,0.000712732,-0.00276593,-0.00115281,-0.0002625,2689.65,0.000382,1,-0.00300449,-0.000998107,0.0002625,4055.02
0,4866402,12,phononL,0.000506344,-0.0014184,-0.00248993,-0.0002625,7915.25,0.000382,1,-0.00200286,-0.00199613,0.0002625,8224.05
0,4870131,10,phononTS,0.000460171,0.000365962,0.00176577,-0.0002625,817.48,0.000382,1,-0.000996556,0.00299817,0.0002625,1948.07
0,4870813,3,phononTF,0.00184639,0.00301631,-0.000487028,-0.0002625,18.5229,0.000764,1,0.000999891,-0.00100464,0.0002625,685.344
0,4885879,16,phononTS,0.00052269,3.33575e-06,-0.00199516,0.000262498,11606.3,0.00052269,1,-0.000196999,-0.00309469,-0.0002625,11853.7
0,4886252,6,phononL,0.000494761,0.000618195,0.000857253,-0.0002625,2707.09,0.000382,1,0.00100146,0.00100214,0.0002625,4032.34
0,4886253,3,phononL,0.00640888,0.00223858,-0.00181436,-0.000210194,1744.14,0.0033347,1,0.00232112,-0.00183045,-0.0002625,1754.81
0,4888960,3,phononTS,0.00508125,0.00206764,-0.0004425,-0.000248445,434.351,0.00207685,1,0.00201676,-0.000518369,-0.0002625,962.799
0,4892853,13,phononTF,0.00224437,0.00209985,-0.00228243,-0.000262498,403.294,0.000382,1,0.0019981,-0.00200075,0.0002625,512.021
0,4897862,2,phononTS,0.00253175,0.00300259,0.00126449,2.24876e-05,397.009,0.000382,1,0.00299913,0.000999864,0.0002625,1166.79
0,4899594,4,phononTS,0.000869456,0.00252778,-0.00100121,-0.000262498,345.231,0.000382,1,0.000999508,-0.00300221,0.0002625,840.01
0,4901268,2,phononTS,0.000676859,-0.00182725,-0.00119235,-0.0002625,27.4656,0.000382,1,-0.00100478,-0.000996168,0.0002625,2216.04
0,4902537,2,phononTF,0.00202344,0.00238049,-0.000299347,-0.0002625,27.4648,0.000382,1,0.00200004,8.07427e-07,0.0002625,278.17
0,4904725,2,phononTS,0.0015864,0.000359717,-4.47766e-05,-0.0002625,87.8035,0.000382,1,2.58579e-06,1.17763e-07,0.0002625,1100.09
0,4915850,3,phononTF,0.00222213,0.00238495,-0.00133628,-0.0002625,1.23944,0.000382,1,0.00200272,-0.00200039,0.0002625,339.215
0,4919574,16,phononTS,0.000692384,-0.00199887,-2.76396e-06,0.000262498,6485.94,0.000692384,1,-0.00198569,-2.92501e-05,-0.0002625,6575.58
0,4920097,10,phononTF,0.00100911,-0.00247226,0.00248835,-0.0002625,220.968,0.000382,1,-0.001998,0.00200483,0.0002625,2345.22
0,4922378,4,phononTS,0.00173799,0.0026665,-0.000773602,-0.000262498,1217.09,0.000764,1,0.00200022,-1.53826e-06,0.0002625,1455.08
0,4922427,6,phononTF,0.000454702,0.000999414,-0.00100091,0.0002625,1351.56,0.000454702,1,0.000283973,-0.000235948,-0.0002625,1755.72
0,4928930,7,phononTS,0.000421284,0.00200173,1.62971e-06,0.000262498,997.263,0.000421284,1,0.00208625,1.42903e-06,-0.0002625,1096.05
0,4933252,4,phononTS,0.00104791,0.00122564,-0.00270678,-0.0002625,14.0105,0.000382,1,0.000996001,-0.00299746,0.0002625,1102.87
0,4933548,3,phononTF,0.00100999,0.00258252,0.000450169,-0.0002625,9.62709,0.000382,1,0.000999519,0.000998489,0.0002625,1845.77
0,4933635,4,phononL,0.00298242,0.00176309,-0.0013028,-0.0002625,1138.29,0.000764,1,0.000996406,-0.00100122,0.0002625,4154.34
0,4936342,10,phononTS,0.000443071,-0.000950022,-0.00102359,-0.0002625,2468.22,0.000382,1,-0.001003,-0.000996279,0.0002625,5174.89
0,4941482,6,phononTS,0.000796864,0.000999287,-0.000970096,-0.0002625,739.845,0.000382,1,0.000998856,-0.000999936,0.0002625,1111.04
0,4944042,11,phononTS,0.000695131,0.00200258,-0.00199833,0.0002625,4998.65,9.00001e-05,1,0.00173573,-0.00195874,-0.0002625,5229.86
0,4946288,4,phononTF,0.00260134,0.000134687,0.000862483,-0.0002625,912.074,0.001146,1,-0.00200133,0.00200158,0.0002625,1788.54
0,4946447,10,phononTS,0.000480791,0.00193059,-0.00131906,-0.0002625,1022.12,0.000382,1,0.00199895,-0.0020014,0.0002625,3013.56
0,4950411,8,phononTF,0.000650962,0.00213996,-0.000119261,-0.0002625,935.642,0.000382,1,0.00199921,2.35938e-06,0.0002625,1617.75
0,4951017,6,phononTS,0.000557688,-0.000624517,-0.000371443,-0.0002625,3957.14,0.000382,1,-0.00100368,-0.000999166,0.0002625,5790.62
0,4953863,3,phononTS,0.00187702,0.00136617,0.00199773,-0.0002625,1762.53,0.000382,1,0.000999322,0.000996497,0.0002625,2979.25
0,4953863,16,phononL,0.000449487,0.000999322,0.000996497,0.000262498,2979.25,0.000449487,1,0.000796216,0.00158833,-0.0002625,3067.63
0,4955684,4,phononTF,0.00246149,0.00188261,-0.00387483,-0.000187188,87.0204,0.000382,1,0.000997952,-0.00300427,0.0002625,1061.28
0,4959351,6,phononL,0.000624796,0.00100493,-0.000996048,0.000262498,3345.13,0.000624796,1,0.000717003,-0.000952915,-0.0002625,3412.62
0,4959351,2,phononTS,0.000721867,0.00284399,-0.00068143,0.000262498,41.0723,0.00014349,1,0.00229559,-0.000725672,-0.0002625,193.593
0,4960271,3,phononTS,0.00142665,0.00164929,-0.000670708,-0.0002625,496.22,0.000382,1,0.00100455,-0.00100121,0.0002625,1317.86
0,4961790,11,phononTS,0.00116991,0.000171752,-0.00273067,-0.000262498,1215.9,0.000382,1,-2.50869e-06,-0.00200415,0.0002625,1404.36
0,4966429,10,phononTF,0.000472955,0.00205988,-6.01377e-05,-0.0002625,126.109,0.000382,1,0.00200128,-4.55586e-06,0.0002625,497.856
0,4970064,15,phononTS,0.000429798,0.000224995,0.000965756,-0.0002625,3745,0.000382,1,0.00100426,0.000995786,0.0002625,5335.85
0,4971716,2,phononTF,0.00167138,-0.0026157,0.00291632,-0.0002625,1.87808,0.000382,1,-0.00199724,0.00200418,0.0002625,3385.43
0,4975619,22,phononTF,0.000794963,0.00176847,0.000391815,-0.0002625,675.499,0.000382,1,0.000995467,0.00100273,0.0002625,1263.48
0,4976244,10,phononTS,0.000469084,0.00198343,-0.0020007,-0.000262498,2599.22,0.000382,1,0.00200462,-0.00199822,0.0002625,2691.29
0,4983125,13,phononTS,0.000985086,0.0025312,-0.00181645,-0.000262498,3936.14,0.000382,1,0.00200022,-0.00199825,0.0002625,4097.55
0,4987733,5,phononTS,0.00127647,0.00295369,-0.00210143,-0.0002625,4218.38,0.000382,1,0.00199631,-0.00200067,0.0002625,4945.45
0,4991584,18,phononTS,0.00213269,0.00315759,0.00104493,-0.0002625,921.012,0.000382,1,0.00300346,0.00100223,0.0002625,1127.6
0,4991584,19,phononTS,0.001725,0.00300346,0.00100223,0.000262498,1127.6,0.000605511,1,0.00231238,-0.000716632,-0.0002625,1504.68
0,4993271,8,phononTS,0.000686798,0.00372845,-0.000431346,-0.000262498,1876.66,0.000382,1,0.00300365,0.00100361,0.0002625,2212.19
0,4994460,8,phononTF,0.0010723,0.00223539,-0.00176978,-0.0002625,1518.18,0.000382,1,0.00199827,-0.00199566,0.0002625,2734.17
0,5002505,4,phononTF,0.0018244,0.00238261,0.00161627,-0.0002625,759.426,0.000764,1,0.00199736,0.00200391,0.0002625,1943.53
0,5007173,8,phononTS,0.000553387,0.00271473,-0.000753628,-0.000262498,658.376,0.000382,1,0.0020038,-0.0020029,0.0002625,965.326
0,5007173,4,phononTS,0.00280836,0.0031459,-0.000547213,0.000262498,361.068,0.00133836,1,0.00316793,-0.000548062,-0.0002625,450.976
0,5009549,7,phononTF,0.000423108,0.000133758,0.000321067,-0.0002625,4538.79,0.000382,1,0.000999343,0.000997539,0.0002625,5128.27
0,5009653,30,phononTS,0.000539476,0.00168983,1.33292e-05,-0.000262498,618.987,0.000382,1,0.00200422,3.6881e-07,0.0002625,741.175
0,5021426,15,phononTS,0.000569948,0.00195448,-0.00193714,-0.000262498,598.088,0.000382,1,0.00200395,-0.00200203,0.0002625,693.27
0,5033631,7,phononTS,0.000406571,-0.00192265,8.97401e-06,-0.0002625,9230.34,0.000382,1,-0.00199668,-3.673e-06,0.0002625,10392.3
0,5038597,16,phononTF,0.000772524,-0.000995117,0.00299927,0.000262498,4466.23,0.000772524,1,-0.000523534,0.00254495,-0.0002625,4610.73
0,5041515,19,phononTS,0.000583211,0.00137272,-0.00303457,-0.0002625,3663.79,0.000382,1,0.000998025,-0.00300205,0.0002625,5112.54
0,5045125,4,phononTS,0.000747793,-0.00127868,-0.00146272,-0.0002625,1091.55,0.000382,1,3.68256e-06,2.37034e-06,0.0002625,4723.02
0,5048179,9,phononTS,0.00065053,0.00189591,6.21849e-05,-0.0002625,3423.21,0.000382,1,0.00200221,-7.93299e-07,0.0002625,3805.94
0,5050601,2,phononTF,0.00211478,0.0024496,-0.000437623,-0.0002625,50.2453,0.000382,1,0.00200107,1.18307e-06,0.0002625,330.303
0,5050601,12,phononTF,0.00155689,0.00200107,1.18307e-06,0.000262498,330.303,0.000950299,1,0.00365484,0.00072662,-0.0002625,669.467
0,5053423,16,phononTF,0.000512086,-0.000339926,-0.00164641,-0.0002625,8966.03,0.000382,1,1.72031e-06,-0.00200183,0.0002625,10079.3
0,5053630,4,phononTF,0.00261545,0.00129072,0.000694583,-0.0002625,70.5439,0.001146,1,0.000998422,0.000997381,0.0002625,761.397
0,5060037,9,phononTS,0.000565318,0.00100473,-0.00299644,0.000262498,2119.72,0.000565318,1,0.000655238,-0.00375532,-0.0002625,2325.32
0,5060037,3,phononTS,0.00249757,0.00300176,-0.000866838,0.000262498,157.262,0.000785791,1,0.00108834,0.00131862,-0.0002625,719.812
0,5064480,7,phononTS,0.000647687,1.55554e-06,0.0019986,0.000262498,3154.24,0.000647687,1,-0.00201552,0.005,-2.52624e-05,3819.59
0,5069404,5,phononTF,0.00385046,0.00275992,-0.00131374,-0.000262498,1086.31,0.001146,1,0.00200346,-0.00200091,0.0002625,1285.07
0,5070714,9,phononTF,0.000523637,0.00199569,-3.64591e-06,0.000262498,2840.05,0.000523637,1,0.00172037,-0.000268227,-0.0002625,2951.15
0,5074248,12,phononTS,0.00160923,0.00188339,-0.00253623,-0.0002625,1147.57,0.000382,1,0.00199583,-0.00200042,0.0002625,3344.22
0,5077751,8,phononTS,0.000398753,0.00175429,0.00103446,-0.0002625,4427.78,0.000382,1,0.00100261,0.000998634,0.0002625,5549.65
0,5079934,3,phononTS,0.00171253,0.00299521,-4.90353e-05,-0.0002625,296.54,0.000764,1,0.00300335,0.000995129,0.0002625,751.086
0,5081098,3,phononTF,0.00223366,0.00111876,0.000882141,-0.0002625,71.0386,0.000382,1,0.00100381,0.000999183,0.0002625,750.684
0,5081098,8,phononTF,0.00177974,0.00100381,0.000999183,0.000262498,750.684,0.000858671,1,0.00118358,0.000835277,-0.0002625,850.224
0,5082651,7,phononTS,0.000809379,0.00300913,-0.000329706,-0.000262498,80.0972,0.000382,1,2.23062e-06,0.00199668,0.0002625,786.52
0,5085086,7,phononL,0.000513926,0.000654925,-0.00125201,-0.000262498,2658.11,0.000382,1,7.46615e-07,-0.00199697,0.0002625,2784.76
0,5086974,2,phononTS,0.00292703,0.000658639,-0.00252782,0.000118286,86.1539,0.000382,1,0.000996384,-0.00299555,0.0002625,736.326
0,5089590,6,phononTS,0.000402989,0.00247766,-9.27724e-05,-0.000262498,337.556,0.000382,1,0.00199945,-3.90779e-06,0.0002625,485.888
0,5089786,2,phononTS,0.00146759,0.001903,-0.00329705,-0.0002625,111.514,0.000382,1,0.00100311,-0.00299756,0.0002625,2443.51
0,5093533,4,phononTS,0.00251342,0.00110535,0.00103756,-0.0002625,505.287,0.000382,1,0.00100083,0.000997587,0.0002625,806.797
0,5095345,3,phononTF,0.00189868,0.00235908,-0.000356456,-0.0002625,47.0315,0.000764,1,0.00200149,3.51219e-06,0.0002625,297.017
0,5096944,5,phononL,0.000594938,0.00109398,-0.0005418,-0.000262498,258.043,0.000382,1,0.00100204,-0.000996363,0.0002625,334.189
0,5097910,15,phononL,0.00117756,0.00227634,-0.000141847,-0.0002625,303.79,0.000382,1,0.00200187,-8.27924e-07,0.0002625,508.554
0,5109394,20,phononTF,0.000692173,0.000295778,-0.0017128,-0.0002625,9853.74,0.000382,1,0.000999949,-0.000998674,0.0002625,10822.6
0,5114111,6,phononTF,0.0011427,0.00234932,-0.00155334,-0.0002625,565.388,0.000382,1,0.00200079,-0.00200094,0.0002625,973.637
0,5116468,11,phononTF,0.00105129,-0.000199136,0.00021274,-0.000262498,692.849,0.000382,1,-0.000996597,0.000996198,0.0002625,904.28
0,5116971,4,phononTF,0.00204717,0.00036037,0.000374443,-0.0002625,1067.85,0.000382,1,-3.87181e-06,-1.1567e-06,0.0002625,1905.3
0,5117062,4,phononTF,0.00130752,-0.000140803,-8.17313e-05,-0.0002625,608.674,0.000382,1,-3.89528e-06,-9.87687e-07,0.0002625,1730.31
0,5123099,7,phononTS,0.00062005,-0.00200125,1.9186e-05,-0.000262498,1417.08,0.000382,1,-0.00200369,1.60064e-06,0.0002625,1511.23
0,5129506,8,phononTS,0.000665164,0.00209812,-0.000252688,-0.000262498,9396.19,0.000382,1,0.00200341,3.46229e-06,0.0002625,9517.49
0,5132732,16,phononTS,0.000511673,-0.00187489,0.000892381,-0.0002625,6853.44,0.000382,1,-0.00199951,-5.11421e-07,0.0002625,10220.9
0,5142613,24,phononTS,0.00137296,-0.005,-0.00499092,-0.000139078,2133.21,0.000382,1,0.00200396,0.00200392,0.0002625,6483.14
0,5142613,31,phononTS,0.000870975,0.00200396,0.00200392,0.000262499,6483.14,0.000133875,1,0.00203856,0.00178583,-0.0002625,6596.51
0,5146062,11,phononTS,0.00168205,-0.000135801,0.00102484,-0.0002625,2320.25,0.000764,1,-0.00100029,0.000996812,0.0002625,3843.72
0,5146168,10,phononTF,0.000464992,0.0013452,0.000646124,-0.0002625,121.232,0.000382,1,0.00100267,0.00100061,0.0002625,737.476
0,5152972,3,phononTS,0.000385489,0.00210314,-0.00187755,-0.0002625,515.731,0.000382,1,0.00200012,-0.00200318,0.0002625,2166.87
0,5161836,7,phononTF,0.000558732,0.00311225,0.000608888,-0.0002625,482.304,0.000382,1,0.00300433,0.00100147,0.0002625,858.091
0,5162176,12,phononL,0.00125592,-0.00112222,-9.5116e-06,-0.0002625,261.124,0.000382,1,-0.00200269,3.52249e-06,0.0002625,1507
0,5172656,8,phononL,0.000613271,-0.00180798,0.00187648,-0.0002625,2781.33,0.000382,1,-0.00199634,0.00200396,0.0002625,3374.86
0,5179167,10,phononTS,0.000603707,-0.00383753,0.005,-0.000152202,3954.92,0.000382,1,-0.00199875,0.00200133,0.0002625,6596.82
0,5179454,20,phononTF,0.000572616,0.00326626,0.000742374,-0.0002625,714.499,0.000382,1,0.00299724,0.000999141,0.0002625,1445.22
0,5180929,11,phononL,0.000654626,-0.000103861,0.000581808,-0.0002625,7735.58,0.000382,1,0.000998482,0.000996968,0.0002625,8338.47
0,5190446,24,phononTF,0.000478427,0.00100154,-0.00300385,0.000262498,8636.52,0.000478427,1,0.00103729,-0.00332895,-0.0002625,8750.25
0,5192175,17,phononTF,0.000689219,-0.000818932,-0.00119061,-0.0002625,2450.23,0.000382,1,-0.00100417,-0.00099777,0.0002625,3019.63
0,5198095,9,phononTS,0.000419559,-0.00156115,0.0028676,-0.0002625,6398.31,0.000382,1,-0.000995643,0.00299623,0.0002625,7389.14
0,5200778,13,phononTS,0.00132561,-0.00252392,-0.00253661,-0.000262498,1759.16,0.000382,1,-0.00199642,-0.00199615,0.0002625,1954.06
0,5203930,19,phononL,0.000465145,0.00356278,0.000963042,-0.000262498,3489.69,0.000382,1,0.00300303,0.00100066,0.0002625,3572.29
0,5205178,2,phononTS,0.00190421,0.00105043,-0.00109233,-0.0002625,177.658,0.000382,1,0.0010015,-0.000996389,0.0002625,1662.38
0,5207552,6,phononTS,0.000473871,0.000970511,0.000988992,-0.0002625,673.044,0.000382,1,0.00100164,0.000999668,0.0002625,941.682
0,5207552,4,phononTS,0.00173348,0.00236454,-0.000419675,0.000262498,222.511,0.00101409,1,0.0020058,-0.000346354,-0.0002625,354.461
0,5207577,17,phononTF,0.000486871,0.00185694,-0.00179225,-0.0002625,23843.7,0.000382,1,0.00200317,-0.0019961,0.0002625,24349.6
0,5216288,9,phononTS,0.000553908,0.00200105,-0.0019986,0.000262498,5236.42,0.000553908,1,0.00205586,-0.00198396,-0.0002625,5326.34
0,5217297,8,phononTF,0.000773927,0.00014478,-0.00186421,-0.0002625,4478.45,0.000382,1,2.83911e-06,-0.00200161,0.0002625,5150.59
0,5219956,4,phononL,0.000704959,0.00214349,-0.000335951,-0.0002625,92.7939,0.000382,1,0.00200115,1.71021e-06,0.0002625,234.496
0,5219956,3,phononTF,0.00246135,0.00228584,-0.000673612,0.000262498,92.7939,0.000574382,1,0.00328368,0.000239686,-0.0002625,343.227
0,5226092,3,phononTS,0.00132103,-0.00197971,-0.00221276,-0.0002625,15.2639,0.000382,1,-0.0020046,-0.00199695,0.0002625,3728.05
0,5244614,9,phononL,0.000647869,0.000642317,0.000122031,-0.0002625,4393.94,0.000382,1,0.00100044,0.00100001,0.0002625,5185.13
0,5247581,6,phononTF,0.000798523,0.000997503,-0.000997231,0.000262498,1661.45,0.000293491,1,0.00390107,0.00202751,-0.0002625,2385.88
0,5248357,3,phononTS,0.000411086,0.00189275,0.000109919,-0.0002625,106.147,0.000382,1,0.000995732,0.000996298,0.0002625,663.084
0,5248357,2,phononTS,0.00307611,0.00278976,-0.000776456,0.000262498,106.147,0.00111802,1,0.00124261,-0.00355407,-0.0002625,716.548
0,5250764,15,phononTS,0.000620024,0.00211526,-0.00100429,-0.0002625,7598.67,0.000382,1,0.00199973,-3.16577e-06,0.0002625,8146.58
0,5265148,13,phononTF,0.000388967,0.00190652,9.35252e-05,-0.0002625,1176.99,0.000382,1,0.00199866,-4.25728e-07,0.0002625,1454.96
0,5267647,3,phononTF,0.00041785,0.00170418,0.000279827,-0.000262498,1410.44,0.000382,1,0.00199665,5.04289e-07,0.0002625,1523.81
0,5270137,11,phononTS,0.000813567,5.04394e-05,1.05442e-05,-0.0002625,13605.1,0.000382,1,-4.44644e-07,4.8926e-06,0.0002625,13878.2
0,5271131,4,phononTS,0.00120231,0.00203739,0.00197473,-0.0002625,914.152,0.000382,1,0.00200494,0.00200383,0.0002625,1095.53
0,5271827,14,phononTF,0.000513051,-0.00113894,0.005,0.000185278,2750.63,0.000382,1,-0.00199982,0.00200124,0.0002625,4192.78
0,5273871,7,phononTS,0.000533223,0.00200058,0.00200398,0.0002625,1605.73,0.000533223,1,0.00325977,0.00124111,-0.0002625,8500.59
0,5276188,4,phononTS,0.00200769,0.005,0.00411657,-0.000164584,117.674,0.000319286,1,0.00474078,0.00394279,-0.0002625,1249.63
0,5277403,9,phononTS,0.000753043,-0.000424313,-0.005,-1.77699e-05,7342.91,0.000382,1,0.002002,-0.00200081,0.0002625,8641.42
0,5277561,14,phononTS,0.000638802,0.00448442,-0.000816404,-0.000262498,2845.36,0.000382,1,0.00300112,0.000997522,0.0002625,3289.46
0,5278007,4,phononTF,0.000630417,0.00107183,-0.00307494,-0.000262498,4297.07,0.000382,1,0.000996013,-0.00300263,0.0002625,4388.71
0,5279720,9,phononTS,0.000810664,0.00192716,-0.000720604,-0.0002625,1186.57,0.000382,1,0.00200303,-7.26503e-07,0.0002625,1718
0,5285598,7,phononTF,0.000542239,-0.000383931,0.000366074,-0.0002625,310.804,0.000382,1,-1.57938e-06,-9.97903e-07,0.0002625,3592.54
0,5286510,11,phononTF,0.00112724,0.000809138,-0.00326311,-0.0002625,8699.23,0.000382,1,0.0010037,-0.00299735,0.0002625,9894.61
0,5290217,8,phononTS,0.000500127,-3.5287e-05,-0.00254461,-0.0002625,5309.19,0.000382,1,3.87617e-06,-0.00200129,0.0002625,7000.55
0,5290217,3,phononTS,0.00261083,0.005,0.000250704,-0.000154125,170.523,0.00097276,1,0.00457051,0.000763439,-0.0002625,848.09
0,5291264,2,phononTF,0.000487281,0.00112922,-0.0031246,-0.0002625,58.4099,0.000382,1,0.000996802,-0.00299708,0.0002625,2607.04
0,5292448,2,phononL,0.000646322,0.00187214,0.00021634,-0.0002625,33.6777,0.000382,1,0.000999754,0.00100116,0.0002625,327.094
0,5292861,6,phononTF,0.0011152,0.00150772,-0.00152069,-0.000262498,404.193,0.000382,1,0.00199865,-0.00200259,0.0002625,552.413
0,5292862,1,phononTS,0.01,0.00283713,-0.000909826,-0.000233324,0,0.00480875,1,0.0028374,-0.000911068,-0.0002625,440.852
0,5301721,18,phononTS,0.000560079,0.00036905,-0.00199493,-0.0002625,1103.65,0.000382,1,-4.98704e-06,-0.00200478,0.0002625,2040.01
0,5302649,8,phononTS,0.000531992,0.00116455,-0.0010231,-0.0002625,501.043,0.000382,1,0.00100442,-0.00100355,0.0002625,1460.5
0,5304280,21,phononL,0.000484347,-0.000385285,0.000914026,-0.0002625,5778.49,0.000382,1,-0.00100201,0.000997203,0.0002625,6105.58
0,5304702,15,phononTS,0.000454531,-0.00142659,-0.000956179,-0.000262498,6253.16,0.000382,1,-0.000998831,-0.00100365,0.0002625,6388.89
0,5305297,3,phononTF,0.00272346,-0.0017772,-0.00121001,-0.0002625,104.136,0.001146,1,-0.00199714,-2.73649e-06,0.0002625,2114.56
0,5308069,5,phononTS,0.00044901,0.00304816,0.000949877,-0.0002625,25.1126,0.000382,1,0.00299537,0.00100227,0.0002625,788.442
0,5312420,7,phononL,0.00115516,-0.001337,0.000524018,-0.0002625,1114.63,0.000382,1,-0.000995967,0.000995687,0.0002625,1510.34
0,5312561,3,phononTF,0.00229264,0.00108419,-0.00389422,-0.0002625,809.617,0.000382,1,0.00100227,-0.000999327,0.0002625,1956.56
0,5313123,10,phononTF,0.000844282,-1.81126e-05,-0.00198157,-0.0002625,3872.19,0.000382,1,-1.77066e-06,-0.00199642,0.0002625,4142.08
0,5322875,8,phononL,0.000777981,0.0021641,-0.00135145,-0.0002625,280.995,0.000382,1,0.00200181,-0.00199844,0.0002625,555.383
0,5322875,2,phononL,0.00259708,0.005,-0.000751475,-0.000129976,125.185,0.000807335,1,0.00496242,-0.000592756,-0.0002625,388.634
0,5323053,7,phononL,0.000454299,0.00284267,3.46509e-05,-0.0002625,1183.15,0.000382,1,1.04345e-06,1.67637e-06,0.0002625,2251.87
0,5329627,4,phononTF,0.00236213,-8.95877e-05,0.00191018,-0.0002625,20.7059,0.000382,1,1.50172e-06,0.00199502,0.0002625,1160.35
0,5332199,5,phononTS,0.0016809,0.00205429,-9.2149e-05,-0.0002625,474.718,0.000382,1,0.0019992,7.55492e-07,0.0002625,1533.35
0,5333548,2,phononTF,0.000681582,-0.00265559,0.00267974,-0.0002625,263.936,0.000382,1,-0.00199535,0.00200153,0.0002625,5945.48
0,5333549,1,phononTF,0.01,0.00300256,-0.000743045,-0.000243456,0,0.00118507,1,0.00299776,-0.000755484,-0.0002625,654.361
0,5334110,4,phononTF,0.000533488,0.00411223,-0.005,-1.52306e-05,972.877,0.000382,1,0.00199948,-0.00199994,0.0002625,5530.45
0,5335235,7,phononTF,0.000521001,0.00121397,-0.000638692,-0.0002625,168.839,0.000382,1,0.00200441,-2.23663e-06,0.0002625,1296.82
0,5337096,3,phononTF,0.000622613,0.00261863,-0.000605593,-0.0002625,931.796,0.000382,1,0.00199916,-3.85447e-06,0.0002625,1463.85
0,5341375,11,phononTS,0.00120335,0.00105194,0.000980406,-0.0002625,716.045,0.000382,1,0.00100457,0.000999374,0.0002625,1564.13
0,5346054,14,phononTF,0.001003,-0.00159934,0.00160001,-0.0002625,10534.2,0.000382,1,-0.00200304,0.00200243,0.0002625,11198.9
0,5346874,17,phononTF,0.000560307,0.000719003,-0.00127146,-0.0002625,8460.6,0.000382,1,0.000999267,-0.00100295,0.0002625,12934.4
0,5347587,6,phononTF,0.00141161,0.00310934,0.00120508,-0.0002625,6450.03,0.000382,1,0.00299823,0.00100056,0.0002625,6953.47
0,5349102,4,phononTS,0.00288446,0.00160461,-0.0027467,-0.0002625,652.552,0.000382,1,0.000995489,-0.00300178,0.0002625,2571.42
0,5349690,21,phononTS,0.000423732,3.76807e-05,0.00232162,-0.0002625,7197.64,0.000382,1,-4.50145e-06,0.00199737,0.0002625,8143.67
0,5352776,6,phononTS,0.00196231,0.00176651,-4.49549e-05,-0.0002625,473.027,0.000382,1,0.0020049,-1.86519e-06,0.0002625,1346.76
0,5352776,8,phononTS,0.000950411,0.0020049,-1.86519e-06,0.000262498,1346.76,0.000514274,1,0.00284437,4.93078e-05,-0.0002625,1546.21
0,5353454,7,phononTS,0.00104301,0.00227631,-0.00204556,-0.000262498,1084.61,0.000382,1,0.00199535,-0.00200107,0.0002625,1201.75
0,5353454,8,phononTS,0.000540442,0.00199535,-0.00200107,0.000262498,1201.75,0.000540442,1,0.00130702,-0.000569233,-0.0002625,1533.8
0,5356669,23,phononTS,0.000821153,-0.00147869,0.00335166,-0.0002625,2729.02,0.000382,1,-0.00200334,0.0020041,0.0002625,3482.62
0,5361036,10,phononTS,0.000497864,0.0014738,-0.00210654,-0.0002625,3449.42,0.000382,1,0.00200261,-0.00200357,0.0002625,7935.61
0,5362136,7,phononTS,0.000721005,-0.000170178,0.00122098,-0.0002625,723.683,0.000382,1,-0.00100415,0.000997736,0.0002625,1264.74
0,5363943,4,phononTF,0.000549954,0.00223697,-0.00185956,-0.0002625,757.956,0.000382,1,0.00200013,-0.00200171,0.0002625,1680.62
0,5363943,2,phononTF,0.000384024,0.005,-0.000542153,0.000194019,43.3449,0.000384024,1,0.00417611,-0.00082553,-0.0002625,614.042
0,5365585,13,phononTS,0.000654267,0.0019972,3.42772e-06,0.000262498,584.459,0.000654267,1,0.0019868,0.000525986,-0.0002625,733.412
0,5370355,6,phononTF,0.000466236,0.000143222,-0.00214545,-0.0002625,1733.56,0.000382,1,9.81317e-07,-0.00200095,0.0002625,2022.6
0,5372372,16,phononTS,0.000578227,-0.00200459,-0.00199824,0.000262498,7786.21,0.000578227,1,-0.00202726,-0.00200782,-0.0002625,7881.07
0,5372373,1,phononTF,0.01,0.00315594,-0.000900411,-3.29413e-05,0,0.00404383,1,0.00331438,-0.00105924,-0.0002625,604.258
0,5373739,5,phononTS,0.00244655,0.00242775,-0.000418805,-0.000262498,348.861,0.000764,1,0.0020022,-4.47035e-07,0.0002625,518.785
0,5374466,11,phononTS,0.000581344,0.00284603,0.00104049,-0.0002625,1781.62,0.000382,1,0.00300265,0.000997186,0.0002625,2845.83
0,5383791,9,phononTS,0.000562279,-0.00204153,0.00205252,-0.0002625,4178.94,0.000382,1,-0.00200437,0.00200331,0.0002625,5393.41
0,5387816,10,phononTS,0.0012956,0.00199899,0.00200241,0.0002625,1590.68,0.0012956,1,0.00202503,0.00257124,-0.0002625,1893.06
0,5388086,17,phononTF,0.000709626,-0.000623224,-0.000523166,-0.0002625,957.512,0.000382,1,-1.01951e-06,-3.27614e-06,0.0002625,1386.53
0,5389752,7,phononTF,0.000459851,-0.00212312,-0.00201538,-0.0002625,1539.63,0.000382,1,-0.00199624,-0.00200141,0.0002625,3323.84
0,5395077,1,phononTF,0.01,0.00198549,-8.28563e-06,0.000226441,0,0.001146,1,0.00200207,1.94951e-06,0.0002625,820.7
0,5399731,5,phononTF,0.00202099,0.00199739,-0.00199575,0.000262498,2601.57,0.000330593,1,0.00247458,-0.00253385,-0.0002625,2756.22
0,5400848,9,phononTS,0.00101302,0.00306232,-0.000238136,-0.000262498,452.838,0.000382,1,0.0020022,-4.48698e-06,0.0002625,698.969
0,5402296,13,phononTS,0.000737083,0.00200306,-0.00200069,0.000262498,1447.45,0.000737083,1,0.00271942,-0.00192746,-0.0002625,1624.11
0,5408199,6,phononTS,0.000624611,-0.00303884,-0.00110169,-0.0002625,1554.37,0.000382,1,-0.00299519,-0.00100149,0.0002625,3426.9
0,5414590,15,phononL,0.000485743,0.00111293,-0.000830201,-0.0002625,11358.8,0.000382,1,0.00099727,-0.000999847,0.0002625,11553.3
0,5415183,9,phononTS,0.000389438,0.00197967,-0.0019587,-0.0002625,361.934,0.000382,1,0.00199853,-0.0020044,0.0002625,1216.25
0,5421059,4,phononTF,0.00297576,0.000101534,0.00210048,-0.000190279,25.0265,0.000382,1,-4.1137e-07,0.00200201,0.0002625,1637.95
0,5422860,9,phononTF,0.00048488,0.00178923,-0.000275827,-0.0002625,1786.91,0.000382,1,0.00199604,-2.46381e-06,0.0002625,2465.05
0,5451370,12,phononTS,0.000611756,0.00110003,-0.00181366,-0.0002625,2097.76,0.000382,1,0.000998338,-0.00100034,0.0002625,6707.05
0,5451542,7,phononL,0.000439435,0.00224182,-0.000222039,-0.0002625,137.203,0.000382,1,0.00199847,2.92761e-06,0.0002625,345.117
0,5451553,5,phononL,0.000857509,0.00199892,0.002004,0.000262498,774.044,0.000811916,1,0.00230026,0.00197644,-0.0002625,841.965
0,5452215,8,phononTF,0.000759678,0.00168623,-0.000493671,-0.000262498,1236.63,0.000382,1,3.6968e-06,-2.32856e-06,0.0002625,1572.14
0,5467637,15,phononTS,0.00150867,-0.00145292,0.00357542,-0.000262499,4897.5,0.000382,1,-0.000997009,0.00300185,0.0002625,5088.57
0,5467951,4,phononTF,0.000820603,-0.00130614,0.000679268,-0.0002625,2493.35,0.000382,1,-0.000998642,0.000999887,0.0002625,4882.56
0,5468095,11,phononTS,0.000597112,0.00386868,0.0042331,-0.0002625,2767.05,0.000382,1,0.00100147,0.00100287,0.0002625,4119.29
0,5468554,8,phononTS,0.000388555,-0.000715763,-0.00209011,-0.000262498,4739.05,0.000382,1,-3.18383e-06,-0.00199522,0.0002625,4916.74
0,5468554,3,phononTF,0.000504588,0.00267295,-0.00068447,0.000262498,88.6569,0.000504588,1,0.00466406,0.00131439,-0.0002625,579.949
0,5472897,16,phononTF,0.000951017,-0.005,-0.000559141,-4.11939e-05,6954.71,0.000490449,1,-0.000737406,0.00106139,-0.0002625,13933.1
0,5473778,3,phononTS,0.00236062,0.00195075,0.000615998,-0.0002625,380.965,0.000764,1,0.0020048,-6.07723e-07,0.0002625,2067.06
0,5477461,13,phononTF,0.00199152,0.00085596,-0.00314007,-0.0002625,729.928,0.000382,1,0.000996118,-0.002997,0.0002625,1250.55
0,5477461,14,phononTF,0.00111382,0.000996118,-0.002997,0.000262498,1250.55,0.000126695,1,0.000269023,-0.00227392,-0.0002625,1447.77
0,5479343,7,phononTS,0.00071439,0.0010044,0.00099903,0.000262498,1253.83,0.00071439,1,0.00268847,-0.000158476,-0.0002625,1654.08
0,5480374,14,phononL,0.000507474,0.0030357,0.000610198,-0.0002625,405.73,0.000382,1,0.00300321,0.000999357,0.0002625,908.975
0,5481158,2,phononTF,0.00101349,0.00230283,-0.00125421,-0.0002625,772.279,0.000382,1,0.00200069,-0.00199701,0.0002625,1059.51
0,5482349,9,phononTS,0.000667077,-0.00195248,-0.00209084,-0.0002625,2972.71,0.000382,1,-0.00199831,-0.00199929,0.0002625,3724.99
0,5484014,12,phononTS,0.000410615,-0.000316844,0.00349675,-0.000262498,5343.37,0.000382,1,-0.000999189,0.00299611,0.0002625,5552.54
0,5485001,14,phononTF,0.00060459,0.00224301,-0.00220214,-0.0002625,1966.18,0.000382,1,0.00199974,-0.00199735,0.0002625,2273.35
0,5489981,3,phononTS,0.00114747,-0.000995292,0.000998754,0.0002625,66.2231,0.000443953,1,-0.00209449,0.00118294,-0.0002625,5192.14
0,5497069,9,phononL,0.000803048,0.00219264,-0.0012591,-0.000262498,3834.98,0.000382,1,0.00199826,-0.00199782,0.0002625,3935.08
0,5502008,2,phononTS,0.00107775,0.00290358,0.000144191,-0.0002625,11.2649,0.000382,1,0.00300495,0.000995527,0.0002625,405.292
0,5505088,12,phononTS,0.00117106,0.000959293,-0.0010536,-0.000262498,1325.98,0.000764,1,0.0009985,-0.00100012,0.0002625,1419.15
0,5505178,34,phononTF,0.00166058,0.000226688,0.000246924,-0.000262498,4367.35,0.000764,1,0.00100059,0.00100331,0.0002625,4573.18
0,5505572,8,phononTS,0.000701691,0.000273905,0.00300515,-0.000262498,3252.23,0.000382,1,1.70337e-06,0.00200054,0.0002625,3488.66
0,5510064,2,phononTS,0.00160818,0.00238882,-0.000334553,-0.0002625,2.24661,0.000382,1,0.00199936,-1.19839e-07,0.0002625,316.438
0,5510827,11,phononTF,0.000483097,0.00216848,0.000163847,-0.0002625,17547.8,0.000382,1,0.00199657,-4.90926e-06,0.0002625,17844.6
0,5512011,10,phononTS,0.000611571,-0.00199555,-2.01644e-06,0.000262498,2698.06,0.000611571,1,-0.00200147,-1.72722e-05,-0.0002625,2792.26
0,5512011,3,phononL,0.00112091,0.00286707,-0.000650857,0.000262498,35.742,0.000497711,1,0.0030364,-0.000260894,-0.0002625,109.805
0,5514588,15,phononTS,0.000668148,0.00232171,0.00200506,-0.0002625,3944.4,0.000382,1,0.00199985,0.00199777,0.0002625,4693.22
0,5520519,9,phononTF,0.000633762,0.000520589,-0.005,0.000154969,2711.07,0.000633762,1,0.000161964,-0.00465079,-0.0002625,3350.41
0,5521180,3,phononTS,0.00102875,0.00136439,-0.00249682,-0.0002625,4.42102,0.000382,1,0.00100393,-0.00299917,0.0002625,974.663
0,5523219,12,phononTS,0.000905359,0.000202465,-0.00334811,-0.0002625,296.316,0.000764,1,4.94033e-07,-0.00200093,0.0002625,2619.87
0,5524831,4,phononTS,0.00112085,0.00102969,0.000883214,-0.0002625,1395.84,0.000382,1,0.000999586,0.00100427,0.0002625,4087.35
0,5528870,8,phononTF,0.000534097,-0.000500407,0.000369527,-0.0002625,1120.94,0.000382,1,-0.000996212,0.00100303,0.0002625,1685.67
0,5528870,2,phononTF,0.000549265,0.00281579,-0.000903797,0.000262498,62.267,0.000549265,1,0.00217926,-0.00155873,-0.0002625,242.51
0,5528871,1,phononL,0.01,0.00256397,-0.00073013,-9.62891e-05,0,0.00329468,1,0.00249958,-0.000797895,-0.0002625,722.187
0,5530444,5,phononTS,0.000840172,0.00105296,0.000537486,-0.0002625,651.118,0.000382,1,0.00100384,0.00100148,0.0002625,1510.58
0,5535631,23,phononTF,0.000517054,0.00185467,-0.00185958,-0.0002625,10118.2,0.000382,1,0.00199877,-0.00199746,0.0002625,10407.3
0,5536678,6,phononTS,0.000693358,-0.000755069,0.000104618,-0.0002625,371.122,0.000382,1,-0.000998752,0.000995832,0.0002625,5692.38
0,5538396,11,phononTF,0.000617416,0.0010676,-0.00306469,-0.000262498,6831.26,0.000382,1,0.00100217,-0.0030026,0.0002625,6922.45
0,5538733,3,phononTF,0.000846427,0.00237729,-0.000353787,-0.0002625,30.386,0.000382,1,0.00199606,4.35982e-06,0.0002625,286.151
0,5540995,11,phononTS,0.000538082,0.00196052,0.000359784,-0.0002625,5431.86,0.000382,1,0.00200407,2.45635e-06,0.0002625,6064.75
0,5542437,19,phononTF,0.000530275,0.00172442,-0.000268876,-0.0002625,369.81,0.000382,1,0.000997073,-0.000999436,0.0002625,898.019
0,5544491,4,phononTS,0.00159196,0.00158188,-0.00329047,-0.0002625,11.839,0.000764,1,0.00100015,-0.00299789,0.0002625,6002.01
0,5546099,18,phononTS,0.00108762,-0.00112093,0.00241775,-0.0002625,6780.5,0.000382,1,-4.8437e-06,0.00200219,0.0002625,8966.9
0,5547355,5,phononL,0.00127817,0.00247291,-0.00123325,-0.000262498,847.432,0.000382,1,0.0019963,-0.0020011,0.0002625,963.815
0,5547676,2,phononTF,0.00225024,-0.00143169,0.00281443,-0.0002625,66.0944,0.000764,1,-0.000997775,0.00300279,0.0002625,4442.85
0,5547676,9,phononTS,0.000791906,-0.000997775,0.00300279,0.000262498,4442.85,0.000697424,1,-0.00295025,0.00419903,-0.0002625,4897.32
0,5548805,6,phononTS,0.000736799,0.00324601,0.00104586,-0.000262498,2680.03,0.000382,1,0.00300374,0.000997722,0.0002625,2796.81
0,5549844,24,phononTS,0.000642846,0.00207268,0.00205543,-0.0002625,9746.34,0.000382,1,0.00200462,0.00200358,0.0002625,10300.7
0,5550702,15,phononL,0.000591397,-0.00198736,-0.00142712,-0.0002625,5559.54,0.000382,1,-0.00200183,-0.00200173,0.0002625,6115.2
0,5551503,27,phononL,0.000398498,0.00200101,-4.24808e-06,0.000262498,8088.19,0.000398498,1,0.00209494,-0.000593458,-0.0002625,8173.62
0,5551580,5,phononL,0.000584582,0.00192785,-0.00228343,-0.000262498,1846.54,0.000382,1,0.00199918,-0.00199634,0.0002625,1914.22
0,5553622,8,phononTS,0.00162376,-0.00218403,-0.00233153,-0.000262498,2827.89,0.000764,1,-0.0020015,-0.0020037,0.0002625,2963.95
0,5555328,12,phononTF,0.000490105,0.000678444,0.000861115,-0.0002625,5863.89,0.000382,1,-0.0010041,0.00300288,0.0002625,7306.17
0,5556372,10,phononTF,0.00101188,0.00183533,0.00126515,-0.0002625,743.457,0.000382,1,-2.33766e-06,0.00199829,0.0002625,2212.06
0,5556926,8,phononTF,0.00100962,-0.00240872,0.005,1.63855e-05,1909.37,0.000382,1,0.0029988,0.00100319,0.0002625,4289.51
0,5559322,9,phononTS,0.000540039,0.000443478,0.000434179,-0.000262498,2840.44,0.000382,1,-0.00200468,0.00199853,0.0002625,3402.75
0,5559389,7,phononTS,0.000745146,-0.00200412,0.00200284,0.000262498,4299.22,0.000384805,1,-0.00273199,0.00050708,-0.0002625,4645.35
0,5560618,9,phononTF,0.000419946,0.00139457,0.000583725,-0.0002625,3634.77,0.000382,1,0.00199561,-3.75385e-06,0.0002625,8028.08
0,5560618,2,phononTS,0.000715168,0.00275388,-0.000692862,0.000262498,4.38895,0.00023718,1,0.00269615,-0.000745537,-0.0002625,98.9401
0,5560698,14,phononTS,0.000393582,0.00200293,3.02986e-06,0.000262498,1024.25,0.000393582,1,0.00202981,5.15293e-06,-0.0002625,1118.96
0,5562005,4,phononTF,0.00173372,0.00127685,-0.000889963,-0.0002625,308.04,0.000382,1,0.000997278,-0.00100026,0.0002625,970.714
0,5566802,10,phononTS,0.00155089,0.00110575,-0.000990858,-0.0002625,354.705,0.000764,1,0.000998581,-0.000997622,0.0002625,657.85
0,5567979,5,phononTS,0.000497879,0.00131275,-0.000817643,-0.000262498,327.721,0.000382,1,0.00100102,-0.000996484,0.0002625,461.653
0,5570777,13,phononTF,0.000426061,-4.41042e-05,-0.00204509,-0.0002625,11005.7,0.000382,1,1.84229e-06,-0.00199825,0.0002625,11458.7
0,5572679,4,phononTS,0.00304881,0.000723219,-0.000109787,-0.0002625,766.609,0.000382,1,-2.70243e-07,-2.92529e-06,0.0002625,1447.64
0,5578326,6,phononTS,0.00194715,0.000902194,-0.00295359,-0.000262498,2097.71,0.000764,1,0.00100212,-0.00300363,0.0002625,2195.77
0,5581748,7,phononTF,0.00163976,0.00199905,3.29786e-06,0.000262498,658.016,0.00160264,1,0.00255433,-0.000569891,-0.0002625,821.445
0,5581748,2,phononL,0.00271359,0.00276947,-0.000686744,0.000262498,14.2861,0.000618257,1,0.00230357,-0.000720764,-0.0002625,90.5321
0,5583505,6,phononTF,0.00125046,-0.00209816,-0.00210242,-0.0002625,471.31,0.000382,1,-0.00199751,-0.00199634,0.0002625,1710.52
0,5585154,12,phononTS,0.000453941,-0.00207949,0.00297659,-0.000262498,10420.5,0.000382,1,-0.00200383,0.0019971,0.0002625,10637.1
0,5585154,3,phononL,0.00184778,0.00283916,-0.000639736,0.000262498,19.3443,0.000698404,1,0.0034082,-0.000839482,-0.0002625,105.888
0,5585912,20,phononTS,0.00052403,-0.00201073,-0.00205871,-0.0002625,3225,0.000382,1,-0.00200476,-0.00200358,0.0002625,4906.83
0,5587745,8,phononTF,0.000552509,-0.00333645,-0.00134137,-0.000262498,9418.16,0.000382,1,-0.00299827,-0.00100386,0.0002625,9539.69
0,5589346,3,phononTS,0.00260298,0.0010963,-0.00155782,-0.0002625,275.395,0.000764,1,3.4091e-07,-0.00199992,0.0002625,1050.29
0,5590905,16,phononTS,0.0012201,0.00200413,-0.00199748,0.000262498,1827.78,0.000825988,1,0.00303807,-0.00159335,-0.0002625,2073
0,5594030,10,phononL,0.00145976,0.00242548,-0.00171085,-0.000262498,373.589,0.000382,1,0.00200044,-0.00200391,0.0002625,454.085
0,5598866,10,phononTF,0.000516155,0.00203531,-0.000829745,-0.0002625,1385.74,0.000382,1,-0.00100323,-0.000999788,0.0002625,3957.25
0,5599624,14,phononTS,0.000698341,0.00149774,7.21574e-06,-0.0002625,2100.46,0.000382,1,0.00300084,0.00100454,0.0002625,2908.22
0,5603232,5,phononTF,0.00211484,-0.000999136,-0.000999385,0.000262498,1388.23,0.000562983,1,-0.00134811,-0.00132577,-0.0002625,1510.74
0,5604015,7,phononTF,0.000457052,0.00221827,-0.000215383,-0.000262498,548.573,0.000382,1,0.00200237,2.64254e-06,0.0002625,652.674
0,5604799,1,phononTS,0.01,0.00200709,-1.21777e-07,0.000230664,0,0.003056,1,0.00200148,-1.19843e-07,0.0002625,813.553
0,5604799,5,phononTS,0.0012762,0.00200148,-1.19843e-07,0.000262498,813.553,0.0012762,1,0.00203409,-5.3501e-05,-0.0002625,906.278
0,5607808,20,phononTF,0.000634109,0.000347316,0.000369068,-0.0002625,9409.57,0.000382,1,4.50183e-06,-4.28609e-06,0.0002625,11227.9
0,5610544,10,phononTS,0.000567199,0.00124712,-0.0011453,-0.0002625,360.318,0.000382,1,-0.00300277,-0.000998226,0.0002625,2250.36
0,5614158,4,phononTS,0.00200739,0.00200028,-3.42836e-07,0.0002625,1.5492,0.00137334,1,-0.000918091,-0.00242212,-0.0002625,1097.79
0,5617073,4,phononTF,0.00135959,0.00161266,0.00159558,-0.0002625,43.0516,0.000764,1,0.00200274,0.00199925,0.0002625,981.237
0,5617073,3,phononTS,0.0021162,0.00274059,-0.000702544,0.000262498,43.0516,0.000859303,1,0.0027544,-0.00074533,-0.0002625,134.899
0,5619643,19,phononTS,0.000550653,-0.00199331,-0.00246212,-0.0002625,1921.46,0.000382,1,-0.00199905,-0.00199537,0.0002625,3214.5
0,5625316,7,phononTS,0.000741112,-0.00197745,-0.00222557,-0.000262499,2733.07,0.000382,1,-0.00200207,-0.00200499,0.0002625,2843.49
0,5625316,2,phononTF,0.000749487,0.00282213,-0.000636044,0.000262498,11.6111,0.000749487,1,0.00303662,-0.000910041,-0.0002625,121.46
0,5626172,14,phononTF,0.000545733,0.0016812,0.00032285,-0.000262498,2037.54,0.000382,1,0.00199777,2.22971e-06,0.0002625,2155.98
0,5626172,2,phononTS,0.000538785,0.00271619,-0.000690648,0.000262498,17.1412,0.000538785,1,0.00275376,-0.000735505,-0.0002625,106.35
0,5628133,14,phononTS,0.000573046,0.00206636,0.00073705,-0.0002625,1962.58,0.000382,1,0.0020013,-2.97603e-06,0.0002625,2536.14
0,5634639,12,phononTS,0.000584409,0.000816944,-0.00313249,-0.0002625,5564.44,0.000382,1,0.00100144,-0.00300201,0.0002625,6147.64
0,5638676,24,phononTS,0.00056225,0.00229107,0.00230033,-0.0002625,440.446,0.000382,1,0.00299899,0.00100489,0.0002625,2663.55
0,5639102,3,phononTF,0.00293554,0.00235472,-0.000116745,-0.0002625,294.163,0.000382,1,0.0020047,3.92295e-06,0.0002625,529.346
0,5640303,2,phononTS,0.00117972,0.000373691,-2.36257e-05,-0.0002625,320.538,0.000382,1,-3.64688e-06,3.09616e-06,0.0002625,1096.42
0,5644021,8,phononTF,0.000403325,-0.00295141,0.00165823,-0.0002625,10442.9,0.000382,1,-0.00300151,-0.000995943,0.0002625,11714.4
0,5644021,4,phononTS,0.00153767,0.00276451,-0.00061032,0.000262498,14.7267,0.000744679,1,0.00453681,0.000698273,-0.0002625,454.605
0,5647290,9,phononTF,0.000507898,-0.00199784,-0.00200475,0.0002625,787.701,0.000507898,1,-0.00259816,-0.00228287,-0.0002625,2041.51
0,5648461,10,phononTF,0.00105694,0.000744387,-0.00285118,-0.0002625,4472.39,0.000382,1,0.00100479,-0.0029975,0.0002625,4793.04
0,5650702,6,phononL,0.00144624,0.00253406,-0.000125961,-0.0002625,117.417,0.000382,1,0.00200031,-1.83316e-06,0.0002625,471.806
0,5654248,8,phononL,0.00104091,-0.000210755,-0.000498194,-0.0002625,3234.74,0.000382,1,-8.66175e-07,-4.56187e-06,0.0002625,4243.67
0,5654248,9,phononTF,0.000439874,-8.66175e-07,-4.56187e-06,0.000262498,4243.67,0.000439874,1,-0.00140042,0.000172296,-0.0002625,4528.07
0,5655212,6,phononTF,0.00113353,0.00195023,-0.00183529,-0.0002625,1022.81,0.000382,1,0.0019957,-0.00199798,0.0002625,1505.37
0,5656111,4,phononTS,0.00122913,0.00165969,-0.00226931,-0.0002625,122.779,0.000382,1,0.00200122,-0.00200173,0.0002625,1078.39
0,5657222,5,phononTS,0.000595831,0.00147099,-0.00145396,-0.000262498,1512.61,0.000382,1,0.00199608,2.58634e-06,0.0002625,1836.43
0,5659126,4,phononTF,0.00217307,0.00136916,-0.00135917,-0.0002625,8.99489,0.000382,1,1.10037e-06,-0.00200495,0.0002625,588.712
0,5661972,8,phononTS,0.000527607,0.000297214,-0.00302262,-0.000262498,3670.55,0.000382,1,4.47684e-06,-0.00199855,0.0002625,3911.25
0,5663947,4,phononTF,0.0024442,0.0027661,-0.000789589,-0.000262498,331.97,0.000382,1,0.00199575,-3.02555e-07,0.0002625,540.993
0,5663947,19,phononTF,0.0014487,0.00199575,-3.02555e-07,0.000262498,540.993,0.000343512,1,0.00182863,-0.000153461,-0.0002625,639.3
0,5667428,6,phononL,0.00052949,-0.000680885,0.00159542,-0.000262498,4344.83,0.000382,1,-0.00100471,0.00100362,0.0002625,4438.3
0,5667797,23,phononTS,0.00150482,0.00222449,-0.0010709,-0.0002625,2138.19,0.000382,1,0.0010048,0.00100273,0.0002625,7149.31
0,5668227,10,phononTS,0.000789452,0.00352282,-0.000717451,-0.000262498,426.271,0.000382,1,-2.89891e-06,0.00200282,0.0002625,1260.99
0,5683248,14,phononTS,0.000855509,0.00170724,-0.0030747,-0.0002625,230.628,0.000382,1,0.000996346,-0.00300407,0.0002625,1914.64
0,5683248,16,phononTF,0.000387442,0.000996346,-0.00300407,0.000262498,1914.64,0.000387442,1,2.89084e-05,-0.00351107,-0.0002625,2135.18
0,5683949,4,phononL,0.000562004,0.00315987,0.000643154,-0.0002625,414.816,0.000382,1,0.00300301,0.00100381,0.0002625,785.38
0,5684880,4,phononTS,0.0012951,0.00115193,-0.00169284,-0.0002625,456.06,0.000382,1,-0.00200116,0.00200131,0.0002625,1970.18
0,5690256,3,phononL,0.00287843,0.000825001,-0.00157505,-0.0002625,948.604,0.001146,1,0.00100441,-0.00300068,0.0002625,1648.3
0,5690685,19,phononTS,0.000505042,0.00151437,-0.00116731,-0.000262498,2171.97,0.000382,1,0.00200004,-0.00199826,0.0002625,2399.35
0,5690685,2,phononTS,0.000508292,-0.00441848,0.005,-5.60256e-05,17.7192,0.000508292,1,-0.00444201,0.00471211,-0.0002625,2323.48
0,5694565,6,phononL,0.000576174,-0.00330303,-0.000492104,-0.000262498,3220.63,0.000382,1,-0.00300034,-0.00100481,0.0002625,3307.28
0,5701720,14,phononL,0.000709837,0.00100132,0.00170763,-0.000262498,4912.74,0.000382,1,0.00200043,0.00200284,0.0002625,5040.32
0,5703424,25,phononL,0.000779181,0.000163713,-0.00284481,-0.0002625,4238.76,0.000382,1,0.00100076,-0.00100003,0.0002625,4677.95
0,5706987,6,phononL,0.00177291,-0.00391145,-0.000676753,-0.0002625,1538.03,0.000382,1,-0.0019994,-4.45117e-06,0.0002625,3405.03
0,5708364,19,phononTS,0.000481027,0.00195472,-0.00204518,-0.000262498,1193.91,0.000382,1,0.00199592,-0.00199944,0.0002625,1283.01
0,5708595,3,phononTS,0.00278104,0.00202644,-0.00198131,0.000212658,80.0219,0.000764,1,0.00200438,-0.00200058,0.0002625,737.846
0,5709252,2,phononTF,0.000883722,0.00237079,-0.000393658,-0.0002625,539.325,0.000382,1,0.00199619,-4.93101e-06,0.0002625,797.007
0,5712526,5,phononTS,0.000471016,0.00160786,-0.00102535,-0.0002625,510.512,0.000382,1,0.000995022,-0.00100456,0.0002625,995.799
0,5713398,3,phononTF,0.00286833,-0.00285868,-0.000900216,-0.0002625,9.66342,0.000764,1,-0.00299648,-0.000997282,0.0002625,4407.44
0,5713930,3,phononTS,0.00288249,0.00190433,-0.000819478,-0.0002625,16.8484,0.000764,1,0.000999898,-0.000995874,0.0002625,447.662
0,5717446,3,phononTF,0.000631284,0.00360434,0.000384153,-0.0002625,147.085,0.000382,1,0.00300421,0.000996782,0.0002625,812.655
0,5717889,14,phononTS,0.000400173,-0.00151945,-0.000473781,-0.000262498,4665.57,0.000382,1,-0.00200172,-3.40392e-06,0.0002625,4847.51
0,5719432,2,phononL,0.00469589,0.00137844,-0.00307914,-0.0002625,526.117,0.001146,1,0.000997216,-0.00299616,0.0002625,1093.62
0,5720880,10,phononTF,0.000433814,-0.00106939,0.00293669,-0.0002625,4122.89,0.000382,1,-0.00100363,0.0030007,0.0002625,4579.09
0,5720880,6,phononTS,0.00045096,0.005,0.00162226,-0.000160347,2000.82,0.00045096,1,0.00443354,0.0020398,-0.0002625,3137.65
0,5720902,5,phononTF,0.000453052,0.000733302,-0.0032699,-0.0002625,187.146,0.000382,1,0.00100061,-0.0030027,0.0002625,2227
0,5721622,9,phononTS,0.00088561,-0.00170121,-0.00202536,-0.000262498,2526.51,0.000382,1,-0.001999,-0.00200463,0.0002625,2645.9
0,5727424,4,phononTS,0.00159256,0.00197157,7.26477e-05,-0.000262498,421.381,0.000382,1,0.00200456,4.30563e-06,0.0002625,517.387
0,5730864,3,phononTS,0.00225923,0.00206268,-9.16316e-05,-0.0002625,80.4611,0.000382,1,0.0020028,-2.47708e-06,0.0002625,903.254
0,5732377,5,phononTF,0.000867558,-0.00215186,-0.0019407,-0.0002625,592.755,0.000382,1,-0.00200199,-0.00200094,0.0002625,5158.53
0,5737557,8,phononL,0.000688673,-4.44436e-06,-5.13042e-07,0.0002625,8667.88,0.000688673,1,-6.20078e-05,0.000569644,-0.0002625,9002
0,5738044,10,phononTS,0.000865398,0.00301894,0.000947432,-0.000262498,2699.49,0.000382,1,0.0030042,0.00100243,0.0002625,2791.03
0,5742232,16,phononTS,0.00117529,0.00100844,-0.00256034,-0.000262498,11896.8,0.000764,1,0.00100456,-0.00300007,0.0002625,12035.8
0,5744195,7,phononTS,0.000596284,0.00294544,0.000381034,-0.0002625,476.855,0.000382,1,0.00299847,0.00100348,0.0002625,1140.04
0,5748981,19,phononTF,0.00108616,0.00263179,-0.000620711,-0.0002625,2000.61,0.000382,1,0.00200359,6.14083e-08,0.0002625,3603.35
0,5750795,8,phononTF,0.000506877,0.000567749,0.000616177,-0.0002625,6635.76,0.000382,1,1.42618e-06,-1.12563e-06,0.0002625,11664.3
0,5750795,2,phononTF,0.00106961,0.00249655,0.000252761,0.000262498,538.051,0.00021357,1,0.00148413,-0.000429045,-0.0002625,774.119
0,5754706,2,phononTF,0.000478772,0.00235806,-0.000353818,-0.0002625,26.8826,0.000382,1,0.00199898,-2.62887e-06,0.0002625,276.686
0,5764824,5,phononTS,0.00107659,4.43137e-05,4.13526e-05,-0.0002625,1945.17,0.000382,1,-3.71509e-06,2.23423e-06,0.0002625,2568.94
0,5765486,6,phononL,0.000734524,0.00073752,-0.00161084,-0.0002625,561.459,0.000382,1,2.78318e-06,-0.00199909,0.0002625,1103.43
0,5765957,10,phononTF,0.00143298,0.00222919,-0.00222117,-0.0002625,604.96,0.000382,1,0.00200137,-0.00200003,0.0002625,814.989
0,5769834,3,phononTS,0.0020133,-0.0019972,0.0020019,0.0002625,24.5602,0.00128153,1,-0.00345841,0.00143181,-0.0002625,8336.7
0,5770350,2,phononTF,0.00158518,0.00238627,-0.000405143,-0.0002625,33.2623,0.000382,1,0.00199519,-5.23317e-07,0.0002625,296.621
0,5770914,4,phononL,0.000850124,0.00237877,-0.000370437,-0.0002625,60.5933,0.000382,1,0.00199785,-3.11841e-06,0.0002625,223.874
0,5776619,17,phononTS,0.000498221,0.00097604,-0.00197796,-0.000262498,941.142,0.000382,1,0.00100286,-0.0029962,0.0002625,1164.32
0,5782958,13,phononTS,0.000982803,0.00107043,-0.00211371,-0.0002625,2446.75,0.000382,1,0.000995561,-0.00300419,0.0002625,3923.78
0,5785221,7,phononTS,0.000828086,0.00202225,0.00184158,-0.000262498,810.669,0.000382,1,0.00200402,0.00199945,0.0002625,916.983
0,5795767,2,phononTS,0.000404354,0.00300546,0.000336004,-0.0002625,1.33378,0.000382,1,0.00299977,0.000996251,0.0002625,1132.31
0,5799257,14,phononTF,0.000724608,0.00114431,0.000862185,-0.0002625,2051.49,0.000382,1,0.00100414,0.000995373,0.0002625,2376.21
0,5801413,5,phononTF,0.00183886,0.000967031,-0.00303099,-0.0002625,3394.27,0.000382,1,0.00100271,-0.00299649,0.0002625,7095.56
0,5802665,10,phononTS,0.000671736,0.000997117,-0.0010044,0.000262498,907.874,0.000671736,1,0.00121339,-0.00065285,-0.0002625,1049.52
0,5802666,1,phononTF,0.01,0.00248905,-0.000530051,-0.000260333,0,0.00284688,1,0.00249452,-0.000535452,-0.0002625,426.095
0,5802803,3,phononTS,0.00217556,0.00288501,0.000148913,-0.0002625,10.6119,0.000382,1,0.00299715,0.00100182,0.0002625,404.811
0,5812908,5,phononTF,0.00112364,0.00154044,0.00246104,-0.000262498,3085.32,0.000382,1,0.00200126,0.00200154,0.0002625,3228.46
0,5818276,18,phononTS,0.000871199,0.00100366,0.00100167,0.000262498,745.462,0.000492783,1,0.0017988,0.00109123,-0.0002625,933.53
0,5821443,9,phononTS,0.00125972,0.00229363,-0.00225848,-0.0002625,5899.9,0.000382,1,0.00200014,-0.00200455,0.0002625,6593.43
0,5824629,5,phononTF,0.000770266,0.000767276,-0.00277825,-0.000262498,656.786,0.000382,1,0.00100283,-0.00300341,0.0002625,762.513
0,5824739,7,phononTS,0.00059449,-0.00085994,0.000955403,-0.0002625,113.637,0.000382,1,-0.000995094,0.000999518,0.0002625,1623.56
0,5825215,4,phononTS,0.000911911,0.00379253,0.00110431,-0.0002625,396.966,0.000382,1,0.00300193,0.00100237,0.0002625,1520.21
0,5825609,16,phononTF,0.000792288,0.000997328,-0.00300479,0.000262498,2968.32,0.00064679,1,0.00148087,-0.00348521,-0.0002625,3115.61
0,5828962,2,phononL,0.000624331,0.00349429,0.00088002,-0.0002625,471.935,0.000382,1,0.00300179,0.000999533,0.0002625,759.498
0,5829823,9,phononTS,0.000530703,-0.00251512,0.00290003,-0.000262498,3795.74,0.000382,1,-0.00200278,0.00199977,0.0002625,4035.1
0,5830182,13,phononTF,0.0004601,0.000996106,0.00100232,0.000262498,16714.9,0.0004601,1,0.000423599,0.00044767,-0.0002625,16878.2
0,5832105,2,phononTS,0.00160442,0.000820315,-0.000686773,-0.0002625,127.898,0.000382,1,0.000998751,-0.000999501,0.0002625,1216.19
0,5837372,11,phononTS,0.000682781,0.0028656,0.0013526,-0.0002625,1284.43,0.000382,1,0.00300349,0.000999931,0.0002625,1607.79
0,5840873,8,phononTF,0.000545711,-0.000599681,0.00423515,-0.0002625,7403.46,0.000382,1,-0.000997609,0.00299874,0.0002625,8923.93
0,5840895,21,phononTF,0.000568879,-0.00299639,-0.000999286,0.000262498,5049.32,0.000568879,1,-0.0033042,-0.00150628,-0.0002625,5192.54
0,5849413,3,phononL,0.000560564,0.00279576,0.000225044,-0.0002625,902.75,0.000382,1,0.0029998,0.000999045,0.0002625,2072.31
0,5858484,6,phononTF,0.000567727,0.00188661,-9.29153e-05,-0.0002625,129.168,0.000382,1,0.00199537,2.99844e-06,0.0002625,960.696
0,5859559,13,phononTS,0.00076275,-0.00209307,-0.000860219,-0.0002625,3150.02,0.000382,1,-0.00199725,-3.74326e-06,0.0002625,6903.33
0,5863356,4,phononTS,0.000627732,0.00235726,-0.00130944,-0.0002625,14.1892,0.000382,1,0.00199909,-0.00200129,0.0002625,408.331
0,5865825,5,phononTF,0.00131188,-0.00223571,-0.00176268,-0.000262498,3568.82,0.000382,1,-0.00199684,-0.00199914,0.0002625,3675.53
0,5867233,7,phononTF,0.000642958,0.000696945,0.000707215,-0.0002625,4856.88,0.000382,1,0.00100192,0.000999363,0.0002625,7113.63
0,5867233,3,phononTS,0.000912678,0.00299086,-0.000266339,0.000262498,196.359,0.000717951,1,-0.00175346,-0.00444051,-0.0002625,1290.53
0,5867675,9,phononTS,0.000466535,0.00357604,-0.00168076,-0.0002625,1454.8,0.000382,1,0.00200449,-0.00199848,0.0002625,2471.37
0,5868006,11,phononL,0.000571326,-0.00183903,0.00258193,-0.000262498,13044.6,0.000382,1,-0.00200086,0.00200079,0.0002625,13130.9
0,5871028,22,phononTS,0.000701651,0.002024,2.4841e-05,-0.000262498,204.99,0.000382,1,0.0019954,-2.70976e-06,0.0002625,294.545
0,5871621,3,phononTS,0.0028456,-0.00104541,0.0029617,-0.0002625,117.506,0.000382,1,-0.000997458,0.00300251,0.0002625,1137.66
0,5872237,8,phononTF,0.000526029,-0.00106658,-0.000967932,-0.000262499,4192.18,0.000382,1,-0.000999393,-0.000995012,0.0002625,4283.25
0,5872237,2,phononTS,0.000713583,0.0028315,-0.000853528,0.000262498,92.5569,0.000435928,1,0.00275233,-7.64518e-05,-0.0002625,281.994
0,5873006,11,phononL,0.000491847,0.00132541,0.000865842,-0.0002625,863.212,0.000382,1,0.000997989,0.00100417,0.0002625,1355.4
0,5876419,7,phononTS,0.00052479,0.00168043,-0.00429668,-0.0002625,3049.91,0.000382,1,0.00199548,-0.00199763,0.0002625,4360.98
0,5876498,31,phononTF,0.000649693,2.04295e-06,3.96065e-06,0.000262498,7275.13,0.000146785,1,-0.00119375,-0.00246159,-0.0002625,7768.7
0,5877357,8,phononTF,0.000762163,0.000695317,-0.00323422,-0.0002625,9897.19,0.000382,1,0.00100226,-0.0029978,0.0002625,10239.8
0,5877357,2,phononTF,0.00165636,0.00261118,-0.000587769,0.000262498,153.689,0.000805968,1,0.00246487,-0.000733084,-0.0002625,250.252
0,5881525,7,phononL,0.000616303,-0.00200199,-0.00199839,0.0002625,5430.18,0.000616303,1,-0.00230183,-0.0014983,-0.0002625,5601.47
0,5884897,12,phononTS,0.000509992,-0.000996371,-0.00100406,0.000262498,13260.5,0.000509992,1,-0.000846381,-0.00127089,-0.0002625,13387.1
0,5893662,7,phononTS,0.000512758,0.002938,0.000328468,-0.000262498,1773.51,0.000382,1,0.00199888,-7.04332e-07,0.0002625,2003.72
0,5901328,5,phononTF,0.000751851,0.0021037,0.00235586,-0.0002625,657.404,0.000382,1,0.00300455,0.000995566,0.0002625,2874.38
0,5903320,12,phononTS,0.00051567,-0.000272905,-0.00204437,-0.000262498,7238.17,0.000382,1,-4.14154e-06,-0.00200405,0.0002625,7353.93
0,5904733,7,phononTS,0.000925987,0.00294935,0.000957755,-0.0002625,188.2,0.000382,1,0.00300408,0.000995024,0.0002625,804.747
0,5922603,8,phononTF,0.000597043,2.24029e-05,-8.15744e-05,-0.000262498,6545.97,0.000382,1,2.79504e-08,4.03222e-06,0.0002625,6637.73
0,5922799,7,phononTF,0.000672022,-0.000635566,0.000624605,-0.0002625,1676.23,0.000382,1,-0.00100485,0.00099597,0.0002625,3072.69
0,5924761,8,phononTS,0.0037871,0.00295578,0.00164731,-0.0002625,729.818,0.000764,1,0.00200357,0.00200185,0.0002625,1169.03
0,5926037,13,phononTS,0.000874951,-4.85824e-06,-0.00199875,0.000262498,7977.62,0.000187935,1,-0.000320104,-0.000927931,-0.0002625,8227.52
0,5929810,9,phononTF,0.000399616,0.00285717,0.000846856,-0.0002625,1109.43,0.000382,1,0.00299877,0.000995067,0.0002625,1592.97
0,5930874,8,phononTS,0.000506704,0.000955497,-0.000244975,-0.000262498,963.957,0.000382,1,0.000998893,-0.000996791,0.0002625,1149.59
0,5932878,4,phononTS,0.000813001,-0.00147059,0.00295433,-0.0002625,340.345,0.000382,1,-0.00100239,0.00300358,0.0002625,1476.03
0,5938893,11,phononTF,0.000658472,0.00097598,-0.000968633,-0.0002625,2158.44,0.000382,1,0.00100245,-0.000996449,0.0002625,2428.82
0,5939897,12,phononTS,0.000417505,0.00338433,-0.00248371,-0.0002625,972.484,0.000382,1,0.00200202,-0.00200127,0.0002625,2719.46
0,5945872,10,phononTS,0.00116551,0.0010242,-0.000969073,-0.0002625,842.728,0.000382,1,0.000997155,-0.000999912,0.0002625,3152.8
0,5947021,2,phononTF,0.000680095,0.00294478,0.000866658,-0.0002625,19.341,0.000382,1,0.00299964,0.000996674,0.0002625,2139.51
0,5947420,8,phononTS,0.000629428,2.23505e-05,0.00194467,-0.000262498,808.848,0.000382,1,4.76366e-06,0.00200021,0.0002625,904.541
0,5951161,3,phononTF,0.0070194,0.0019087,-0.00209725,0.000150111,787.465,0.002674,1,0.00200016,-0.00200247,0.0002625,1056.77
0,5951781,20,phononTF,0.000740388,-0.000528668,0.0014802,-0.000262498,3492.71,0.000382,1,-0.00100292,0.00100417,0.0002625,3638.95
0,5952688,4,phononTF,0.00201679,0.00234045,-0.000351345,-0.0002625,19.6439,0.000764,1,0.00199587,4.75535e-06,0.0002625,266.773
0,5953973,2,phononTF,0.00167534,0.00229056,-0.000266193,-0.0002625,12.3468,0.000382,1,0.00199939,5.04782e-07,0.0002625,446.535
0,5962888,5,phononTS,0.000574445,0.00201004,0.0015245,-0.0002625,1085.78,0.000382,1,0.00200404,0.00199715,0.0002625,4340.37
0,5970899,4,phononTS,0.000882349,0.000948888,0.00109284,-0.0002625,6800.44,0.000382,1,0.000996257,0.000997236,0.0002625,9601.39
0,5970934,5,phononTF,0.000551295,0.00224865,-0.00221272,-0.0002625,1509.28,0.000382,1,0.00199769,-0.00200495,0.0002625,1820.22
0,5973083,4,phononTS,0.00113284,0.000956798,0.000953425,-0.0002625,1498.15,0.000382,1,0.000995971,0.000996656,0.0002625,1815.33
0,5973181,4,phononTF,0.000938236,0.000876688,-0.00147173,-0.0002625,745.146,0.000382,1,-4.52004e-06,-0.00200184,0.0002625,1194.76
0,5973704,8,phononTS,0.000683568,0.00100388,-0.0030039,0.000262498,2247.21,0.000683568,1,0.00120231,-0.00346779,-0.0002625,2401.05
0,5975694,4,phononTF,0.00152193,0.0018474,0.000181662,-0.0002625,81.6181,0.000382,1,0.0020026,1.51036e-06,0.0002625,586.887
0,5976806,8,phononTF,0.000738397,0.00229724,-0.000603797,-0.0002625,1117.97,0.000382,1,0.00100092,-0.000996493,0.0002625,2212.43
0,5979098,14,phononTF,0.00108503,-0.00200353,-0.00199775,0.0002625,12476.7,0.00108503,1,-0.00218653,-0.00179239,-0.0002625,13294.1
0,5979718,32,phononTS,0.00129865,0.00302271,0.000882875,-0.0002625,1754.11,0.000382,1,0.00299949,0.000995656,0.0002625,2538.45
0,5986997,25,phononTS,0.00059181,0.00113261,-0.00298083,-0.0002625,4362.26,0.000382,1,0.000996351,-0.00299837,0.0002625,6335.35
0,5997335,4,phononTF,0.00142331,0.00199801,-3.25403e-06,0.0002625,786.849,0.00124355,1,0.0030216,-0.000808623,-0.0002625,1199.63
0,5998428,9,phononTS,0.000791493,0.0019643,-4.1868e-05,-0.000262498,1535.24,0.000382,1,0.00199633,3.9181e-06,0.0002625,1624.57
0,5998429,1,phononL,0.01,0.00277249,-0.00067506,0.000259875,0,0.00174147,1,0.00280638,-0.000584168,-0.0002625,62.5229
0,5999891,7,phononTF,0.000689038,0.00300128,0.00100321,0.000262498,814.291,0.000689038,1,0.00316883,0.00130513,-0.0002625,926.344
0,6001418,2,phononTS,0.00293711,0.00234687,-0.00137797,-0.0002625,39.5307,0.000764,1,0.0019995,-0.00200442,0.0002625,414.293
0,6001418,6,phononTS,0.00101324,0.0019995,-0.00200442,0.000262498,414.293,0.000458944,1,0.00229779,-0.000788958,-0.0002625,692.411
0,6004090,11,phononTS,0.00114097,0.000970479,0.00104661,-0.000262498,3276.93,0.000382,1,0.00100325,0.000996269,0.0002625,3366.2
0,6004986,2,phononTS,0.00139021,0.000455884,9.9938e-05,-0.0002625,460.833,0.000764,1,-0.000995822,0.000999857,0.0002625,1168.14
0,6010984,4,phononL,0.000399742,-0.000357503,-0.00142025,-0.0002625,256.239,0.000382,1,4.04077e-06,-0.0020044,0.0002625,1403.14
0,6012017,10,phononTF,0.000507262,-0.00149113,-0.00148189,-0.0002625,7399.78,0.000382,1,-0.00099572,-0.00100211,0.0002625,8102.52
0,6017039,12,phononTS,0.000722726,0.00300606,0.000751338,-0.000262498,1437.09,0.000382,1,0.00299945,0.0010042,0.0002625,1552.84
0,6017039,2,phononL,0.00159047,0.00275399,-0.000679988,0.000262498,11.3641,0.000537106,1,0.00323749,-0.0017404,-0.0002625,154.048
0,6027873,16,phononTS,0.000607691,-0.00199523,-0.0020445,-0.000262498,12365.8,0.000382,1,-0.00199556,-0.00199903,0.0002625,12456.8
0,6029908,8,phononL,0.000755939,0.00159801,0.00263151,-0.0002625,4164.09,0.000382,1,0.00199919,0.00200197,0.0002625,4828.23
0,6043784,5,phononTS,0.00064795,0.0021346,-0.00184492,-0.0002625,408.651,0.000382,1,0.00200405,-0.00200006,0.0002625,978.247
0,6047578,8,phononL,0.000719225,0.00190043,-0.000770556,-0.000262498,2463.06,0.000382,1,0.00200286,4.43882e-06,0.0002625,2564.06
0,6048614,11,phononTS,0.000460201,0.00276282,0.00191442,-0.000262498,5557.37,0.000382,1,0.00200282,0.001999,0.0002625,5746.04
0,6050549,20,phononTF,0.000394336,0.00145366,-0.00245559,-0.0002625,1654.17,0.000382,1,0.0010037,-0.00300259,0.0002625,2735.09
0,6051407,11,phononTS,0.000928146,0.00112253,-0.000390909,-0.0002625,595.656,0.000382,1,5.51881e-08,-1.45907e-07,0.0002625,2337.14
0,6054675,7,phononTS,0.000533749,-0.000139919,0.00109286,-0.0002625,2242.86,0.000382,1,-0.00199698,0.00199864,0.0002625,3016
0,6061870,12,phononTF,0.000618377,0.002527,-0.00145567,-0.000262498,1574.2,0.000382,1,0.00200249,-0.00199783,0.0002625,1731.44
0,6064803,4,phononTF,0.00188987,0.00239546,-0.00166339,-0.0002625,762.214,0.000382,1,0.00199629,-0.00200087,0.0002625,1149.8
0,6066716,5,phononTS,0.00100842,0.00446914,0.0035026,-0.0002625,208.848,0.000382,1,0.00199834,3.86065e-06,0.0002625,2772.32
0,6066716,4,phononTS,0.00178124,0.005,-0.00272461,8.20639e-05,208.848,0.0010035,1,0.00469764,-0.00180785,-0.0002625,936.393
0,6072929,2,phononL,0.000405747,-0.000611436,-0.00102853,-0.0002625,707.154,0.000382,1,-0.00100196,-0.00100148,0.0002625,1504.65
0,6072930,3,phononTF,0.00845577,0.000944587,-0.00026682,-0.000222025,1225.17,0.00431122,1,0.00101357,-0.000190593,-0.0002625,1555.55
0,6074359,3,phononTF,0.00244368,0.0022893,-0.000387816,-0.0002625,72.7846,0.000382,1,0.00199564,2.91204e-06,0.0002625,325.744
0,6075319,11,phononTS,0.000625879,-0.00212401,-0.00146938,-0.0002625,481.95,0.000382,1,-0.00300082,-0.000997626,0.0002625,2528.56
0,6077467,8,phononTS,0.000663657,-0.00437611,-0.000210069,-0.0002625,168.298,0.000382,1,-0.00100123,0.00300273,0.0002625,3675.2
0,6083172,14,phononTF,0.000542225,0.000563648,-0.000588506,-0.0002625,1551.28,0.000382,1,0.000997514,0.000999313,0.0002625,2314.5
0,6086584,2,phononTF,0.000911902,0.00213862,-0.00160612,-0.0002625,91.4873,0.000382,1,0.00200294,-0.00199842,0.0002625,585.941
0,6086748,3,phononTS,0.00302244,0.00104646,0.00101728,-0.0002625,3.19979,0.000764,1,0.000995208,0.000999239,0.0002625,1236.1
0,6091020,11,phononTS,0.000460816,0.00205058,-0.00104985,-0.000262498,598.062,0.000382,1,0.00200266,-0.00200427,0.0002625,815.659
0,6094717,12,phononTS,0.000484748,0.00200942,-0.0028455,-0.000262498,11449,0.000382,1,0.0020016,-0.00199915,0.0002625,11647.5
0,6095268,18,phononTS,0.000487266,-0.00392089,-0.00163756,-0.0002625,17728.4,0.000382,1,2.0864e-06,0.00199942,0.0002625,19354.1
0,6095849,4,phononTF,0.000541241,0.00081125,-0.0032515,-0.0002625,168.794,0.000382,1,0.000998824,-0.00299565,0.0002625,1018.47
0,6095849,3,phononTS,0.000769367,-0.00146633,-0.005,0.000110527,168.794,0.000769367,1,-0.00144266,-0.00445421,-0.0002625,2202.42
0,6097411,12,phononTS,0.00045864,-0.00200466,-0.00200111,0.000262498,4852.33,0.00045864,1,0.000449314,-0.000748929,-0.0002625,5388.31
0,6102918,18,phononTF,0.000544947,-0.00278762,-0.000914579,-0.0002625,11541.3,0.000382,1,-0.00300319,-0.00100187,0.0002625,12037.6
0,6102918,3,phononTS,0.000397566,0.0028663,-0.000443826,0.000262498,60.8002,0.000397566,1,0.00448512,0.000267588,-0.0002625,422.404
0,6104749,18,phononTF,0.000532622,0.000999483,0.00100378,0.000262498,6799.87,0.000532622,1,0.000705365,0.000696149,-0.0002625,6915.49
0,6110930,5,phononTF,0.00170476,0.00231274,-0.00163767,-0.0002625,642.453,0.000382,1,0.00199623,-0.00200163,0.0002625,1127.4
0,6110930,7,phononTF,0.000609197,0.00199623,-0.00200163,0.000262498,1127.4,0.000609197,1,0.00183683,-0.00180047,-0.0002625,1228.63
0,6111400,19,phononTF,0.000410221,-0.00122741,0.00339009,-0.0002625,3023.8,0.000382,1,-0.00200396,0.00199721,0.0002625,6584.32
0,6111453,22,phononTS,0.000383665,1.19012e-05,-0.00194808,-0.000262498,1468.89,0.000382,1,-4.58631e-06,-0.00199705,0.0002625,1558.88
0,6116173,23,phononTF,0.000679067,-0.00200142,-0.00199809,0.000262498,6070.32,0.000679067,1,-0.00124087,-0.00122295,-0.0002625,6276.76
0,6117415,4,phononTS,0.00249013,0.00247222,-0.005,4.73803e-05,216.575,0.000764,1,4.70722e-07,-0.00200301,0.0002625,3052.33
0,6121766,5,phononTF,0.00144226,0.000321342,-0.00179308,-0.0002625,3590.87,0.001146,1,3.02611e-06,-0.00200416,0.0002625,3922.79
0,6123231,2,phononTF,0.00110883,0.00118627,-0.000815883,-0.0002625,107.326,0.000382,1,0.000995373,-0.00100027,0.0002625,3188.17
0,6129156,14,phononL,0.000637164,0.00311524,-0.000922937,-0.0002625,4334.63,0.000382,1,0.00199783,-2.3268e-07,0.0002625,4913.14
0,6134857,2,phononTS,0.00060727,-0.000536182,-0.00104182,-0.0002625,264.912,0.000382,1,-0.000998442,-0.0009962,0.0002625,1742.81
0,6135325,7,phononTF,0.000671916,0.00121834,0.00096645,-0.0002625,5507.71,0.000382,1,0.000999506,0.00100322,0.0002625,6014.86
0,6143866,6,phononTS,0.00154293,-0.000951024,0.00293435,-0.000262498,3576.03,0.000764,1,-0.00100329,0.00299648,0.0002625,3670.92
0,6157054,12,phononL,0.000471854,0.00337511,-0.00247369,-0.0002625,697.506,0.000382,1,0.0020004,-0.00199811,0.0002625,2017.69
0,6161342,5,phononTS,0.00124484,0.000782667,-0.00207443,-0.0002625,987.245,0.000382,1,9.56543e-07,-0.00200367,0.0002625,1546.85
0,6167948,7,phononTS,0.000426735,0.00205431,7.93127e-06,-0.000262498,1130.77,0.000382,1,0.0020022,1.48877e-06,0.0002625,1221.89
0,6178299,2,phononL,0.00095815,0.00221404,-0.00166508,-0.0002625,15.0041,0.000382,1,0.00200243,-0.0020028,0.0002625,305.68
0,6180882,11,phononTS,0.00079979,-0.00203008,-9.26591e-05,-0.000262498,1653.14,0.000382,1,-0.00200417,2.67514e-06,0.0002625,1751.62
0,6183841,10,phononTS,0.000421384,-0.00150842,7.45454e-05,-0.0002625,6999.06,0.000382,1,-0.000995828,-0.000999983,0.0002625,7769.31
0,6189016,2,phononTS,0.000906118,0.005,-0.0016468,8.51084e-05,236.654,0.000382,1,0.00199914,0.00199827,0.0002625,1592.82
0,6189017,1,phononTS,0.01,0.00202311,-0.00117145,-0.000216719,0,0.00260067,1,0.00199992,-0.00118759,-0.0002625,1054.75
0,6191268,5,phononL,0.000409091,-0.00100314,-0.00100499,0.0002625,1097.06,0.000409091,1,-0.00149823,-0.00107711,-0.0002625,1724.6
0,6196460,11,phononTS,0.000479499,0.00255042,0.000799448,-0.0002625,16924.7,0.000382,1,0.00299528,0.00100052