Run ID,Event ID,Track ID,Particle Name,Start Energy [eV],Start X [m],Start Y [m],Start Z [m],Start Time [ns],Energy Deposited [eV],Track Weight,End X [m],End Y [m],End Z [m],Final Time [ns]
0,3393,15,phononTS,0.000518277,-0.00200261,-0.00218543,-0.000262498,1396.38,0.000382,1,-0.00200412,-0.00200398,0.0002625,1502.68
0,4399,16,phononTS,0.000492138,-0.00200018,0.00200342,0.000262498,755.894,0.000492138,1,-0.00199745,0.00179983,-0.0002625,864.537
0,6699,5,phononL,0.000899813,0.000823259,9.11362e-05,-0.000262498,1515.82,0.000382,1,2.71986e-06,3.68201e-06,0.0002625,1620.67
0,8391,1,phononTS,0.01,-0.00102524,0.00101414,9.43428e-05,0,0.003438,1,-0.000996111,0.000998038,0.0002625,553.633
0,8391,4,phononL,0.000425216,-0.000996111,0.000998038,0.000262498,553.633,0.000425216,1,-0.00102886,0.000545884,-0.0002625,629.035
0,19676,2,phononTF,0.00186798,-0.000346625,0.000386284,-0.0002625,6.49314,0.000382,1,2.61684e-06,4.59813e-06,0.0002625,516.523
0,28962,8,phononTF,0.00107688,-0.00176466,0.00152403,-0.0002625,505.195,0.000382,1,-0.00100432,0.00100029,0.0002625,1490.21
0,37791,5,phononTS,0.000900292,-0.000886921,-0.0014194,-0.0002625,162.906,0.000382,1,-0.000997419,-0.0010016,0.0002625,1231.7
0,39486,8,phononTF,0.000600538,0.000598459,-0.00260788,-0.0002625,1739.36,0.000382,1,0.00100374,-0.00299735,0.0002625,2553.49
0,40603,5,phononTS,0.000759898,-0.00043704,-0.000995155,-0.0002625,502.1,0.000382,1,-3.92888e-06,-0.00200267,0.0002625,1225.71
0,41685,5,phononTF,0.00056849,-0.00189455,0.00189024,-0.0002625,321.316,0.000382,1,-0.00200326,0.00199573,0.0002625,601.934
0,42494,33,phononTF,0.000420027,-0.000861016,0.000383331,-0.0002625,790.143,0.000382,1,-9.60082e-07,-1.15884e-06,0.0002625,1401.29
0,60717,2,phononTS,0.0017285,-0.00101368,0.00103057,-0.0002625,138.418,0.000382,1,-0.00100278,0.00100253,0.0002625,1034.95
0,61870,15,phononTS,0.000600946,0.00200301,3.24193e-06,0.000262498,4457.99,0.000461708,1,0.00191171,-0.000172152,-0.0002625,4570.71
0,65278,7,phononTF,0.000486627,-0.00148909,0.00145828,-0.000262498,112.582,0.000382,1,-0.00099987,0.000995795,0.0002625,259.851
0,65856,7,phononTS,0.000610317,-0.00303263,-0.000906967,-0.000262498,946.06,0.000382,1,-0.00299903,-0.00100136,0.0002625,1043.85
0,66247,11,phononTF,0.000468197,-0.000997571,0.00100034,0.000262498,832.252,0.000468197,1,-0.00146691,0.000733098,-0.0002625,968.998
0,66247,2,phononTF,0.000772193,-0.00155069,0.00153075,0.000262498,441.996,0.000400271,1,-0.00181824,0.00118191,-0.0002625,562.247
0,67229,9,phononTS,0.00103801,-0.00130575,-0.0017066,-0.000262498,9603.96,0.000382,1,-0.00199802,-0.00200377,0.0002625,9796.08
0,67229,10,phononTS,0.000483794,-0.00199802,-0.00200377,0.000262498,9796.08,0.000483794,1,-0.0020153,-0.00229659,-0.0002625,9915.48
0,71768,9,phononL,0.000402257,0.0031628,0.000205805,-0.0002625,3917.15,0.000382,1,0.00300017,0.00100291,0.0002625,4438.69
0,73890,18,phononTS,0.00156281,-0.00297226,-0.000907032,-0.000262498,8870.92,0.000382,1,-0.00300186,-0.000999459,0.0002625,8969.01
0,76970,4,phononL,0.00241911,-0.00139678,0.00235797,-0.0002625,7.36558,0.000382,1,-0.00100279,0.00299606,0.0002625,215.634
0,82558,8,phononTS,0.000752205,-0.00105283,-0.00105078,-0.0002625,1033.97,0.000382,1,-0.00100158,-0.00100144,0.0002625,2108.32
0,84933,4,phononTF,0.0020964,-0.00113952,0.00114567,-0.0002625,107.456,0.000764,1,-0.00100277,0.00100292,0.0002625,299.495
0,88699,18,phononTF,0.000464822,0.000168031,0.000165895,-0.000262498,16342.2,0.000382,1,-1.81911e-06,-9.45843e-07,0.0002625,16441
0,93479,2,phononTF,0.000854845,-0.00119424,0.00123558,-0.0002625,90.4364,0.000382,1,-0.00100197,0.00100366,0.0002625,300.204
0,104324,7,phononTF,0.000890986,-0.00117495,0.00114258,-0.0002625,1233.5,0.000382,1,-0.00100275,0.000999943,0.0002625,1531.32
0,107764,13,phononTF,0.0010945,-0.000334071,7.97623e-05,-0.000262498,1314.4,0.000382,1,1.82452e-06,-4.99226e-06,0.0002625,1429.8
0,112665,5,phononTS,0.00152797,-0.00195305,0.00198126,-0.0002625,467.862,0.000382,1,-0.00199646,0.00200314,0.0002625,917.606
0,113511,25,phononTF,0.000446894,0.00135568,-0.000656863,-0.0002625,5225.83,0.000382,1,0.00100131,-0.00100137,0.0002625,5596.02
0,123237,13,phononTF,0.000817477,-0.00127087,0.00126113,-0.000262498,491.212,0.000382,1,-0.00100181,0.00100238,0.0002625,601.459
0,123589,1,phononTF,0.01,-0.00104379,0.000961076,0.000228003,0,0.001528,1,-0.000998246,0.00100303,0.0002625,251.776
0,129624,2,phononTF,0.00134864,0.000711708,-0.000740376,-0.0002625,604.331,0.000382,1,0.000996443,-0.00100161,0.0002625,1617.07
0,136040,13,phononTF,0.000539686,-0.00157637,0.000408132,-0.000262498,214.689,0.000382,1,-0.00100211,0.00100052,0.0002625,381.997
0,136041,1,phononTF,0.01,-0.00124094,0.000748788,-0.000169111,0,0.00447737,1,-0.00115205,0.000834646,-0.0002625,1075.44
0,136750,5,phononTS,0.00180113,-0.00190752,-0.00126438,-0.0002625,757.974,0.000382,1,-0.00200128,-0.00200419,0.0002625,1671.29
0,137877,13,phononTS,0.000660432,-0.00100712,0.00102199,-0.000262498,263.794,0.000382,1,-0.000995452,0.000998539,0.0002625,358.828
0,138479,7,phononL,0.000412899,-0.000792907,0.00320565,-0.0002625,2905.83,0.000382,1,-0.00100369,0.0030014,0.0002625,3422.47
0,141318,15,phononTF,0.000533901,0.000213381,-0.000132524,-0.0002625,2543.98,0.000382,1,3.99867e-06,-2.61281e-06,0.0002625,4629.9
0,144684,3,phononTF,0.000622053,-0.00111676,0.00121498,-0.0002625,25.3083,0.000382,1,-0.000996277,0.00100333,0.0002625,421.327
0,150551,2,phononTF,0.000430764,-0.00195971,0.00196482,-0.0002625,28.1795,0.000382,1,-0.00200172,0.00200453,0.0002625,765.141
0,152831,9,phononTF,0.000746202,0.00143403,0.00131338,-0.0002625,935.774,0.000382,1,0.00100443,0.000996292,0.0002625,1333.24
0,153442,28,phononTS,0.000408078,-0.00264424,-0.00112668,-0.0002625,9695.41,0.000382,1,-0.00299661,-0.00100481,0.0002625,15630.7
0,154669,6,phononTF,0.00163202,-0.000999839,0.000995245,0.000262498,1101.58,0.000844152,1,-0.00203692,-2.73494e-05,-0.0002625,1366.62
0,156000,14,phononL,0.000778158,-0.00105852,0.00160869,-0.0002625,455.772,0.000382,1,-0.000998857,0.00100326,0.0002625,714.427
0,159614,5,phononTF,0.00159142,-0.00139129,0.00139266,-0.0002625,225.152,0.001146,1,-0.000995075,0.00100398,0.0002625,453.684
0,159614,4,phononTF,0.000580471,-0.00124862,0.00155415,0.000262498,225.152,0.000580471,1,-0.00125023,0.00143998,-0.0002625,318.295
0,164522,2,phononTF,0.00230885,-0.00108904,0.000885577,-0.0002625,81.9053,0.000382,1,-0.000996284,0.00099557,0.0002625,329.857
0,165114,15,phononTS,0.00114836,-0.00303737,-0.00109412,-0.0002625,11474.7,0.000382,1,-0.00300167,-0.00100301,0.0002625,12996
0,169212,5,phononTF,0.00080905,-0.000910418,-0.00109436,-0.000262498,1576.69,0.000382,1,-0.00100335,-0.0010019,0.0002625,1669.33
0,173296,15,phononTS,0.000632812,-0.00102417,0.000777086,-0.000262498,1108.85,0.000382,1,-0.00100232,0.000998734,0.0002625,1219.9
0,174991,11,phononTF,0.000579547,-0.00104109,0.000959295,-0.000262498,22009,0.000382,1,-0.000998879,0.000999371,0.0002625,22099.4
0,178098,9,phononTS,0.000647595,0.000999585,-0.00100471,0.0002625,4858.02,0.000647595,1,0.00204071,-0.00295947,-0.0002625,8315.41
0,179217,4,phononTS,0.000893768,0.00110887,-0.00195739,-0.0002625,989.098,0.000382,1,0.00199925,-0.00199839,0.0002625,1817.38
0,179383,12,phononTF,0.000392208,0.00199541,-0.00199973,0.000262498,8169.34,0.000392208,1,0.00225743,-0.00224977,-0.0002625,8278.46
0,179470,5,phononTF,0.000480358,-0.00193989,0.00193673,-0.000262498,580.366,0.000382,1,-0.00199903,0.0019986,0.0002625,671.428
0,180541,5,phononTF,0.0026216,-0.00199922,0.00199952,0.0002625,365.059,0.000437823,1,-0.00183574,0.0021572,-0.0002625,560.88
0,180906,4,phononTS,0.00172796,-0.00105578,0.000831155,-0.0002625,602.435,0.000764,1,-3.40815e-06,-2.07463e-06,0.0002625,6337.82
0,181616,9,phononTS,0.000906391,0.00280525,-0.000138351,-0.0002625,7942.23,0.000382,1,0.0020046,-1.83424e-06,0.0002625,9133.24
0,181937,18,phononTS,0.000417313,9.92801e-05,-0.00195206,-0.000262499,26782.6,0.000382,1,4.17118e-06,-0.0019979,0.0002625,26880.3
0,181938,3,phononTF,0.00553299,-0.00122301,0.00120781,0.00019947,323.509,0.00166112,1,-0.00101977,0.000994428,-0.0002625,417.256
0,182439,6,phononTF,0.00123912,-0.000994553,0.000992795,-0.0002625,842.134,0.000382,1,-0.0010042,0.00100215,0.0002625,1111.86
0,183938,3,phononTF,0.00138595,-0.000349951,0.000364053,-0.0002625,17.0591,0.000382,1,1.51828e-06,-2.33242e-06,0.0002625,516.794
0,194321,13,phononTF,0.000635777,-0.00108961,0.00281818,-0.0002625,2212.54,0.000382,1,-0.000999222,0.00300098,0.0002625,2508.06
0,196310,6,phononTF,0.0016049,-0.000160577,0.0001704,-0.0002625,99.5238,0.000382,1,-1.31288e-06,2.73907e-06,0.0002625,983.071
0,197338,7,phononTF,0.000824652,-0.000125966,-0.000130883,-0.0002625,1218.21,0.000382,1,-3.78716e-07,-1.817e-06,0.0002625,1901.07
0,203066,3,phononTS,0.000779349,-0.0011026,0.00262488,-0.0002625,9.98784,0.000382,1,-0.000999131,0.00299769,0.0002625,552.286
0,206632,3,phononTF,0.00198143,0.000432423,0.00158367,-0.0002625,150.209,0.000382,1,0.00099552,0.00100362,0.0002625,929.34
0,206632,4,phononTS,0.00148707,0.00099552,0.00100362,0.000262498,929.34,0.000581169,1,0.000987566,0.00171806,-0.0002625,1107.4
0,207491,8,phononTF,0.000522206,-0.00142228,-0.00140974,-0.0002625,1396.4,0.000382,1,-0.000998492,-0.00100204,0.0002625,2107.44
0,208082,8,phononTS,0.00121209,-0.000995611,0.00113491,-0.0002625,219.652,0.000382,1,-0.000997865,0.00100412,0.0002625,940.081
0,210068,20,phononTF,0.000382473,-0.002003,0.00199868,0.0002625,3314.48,0.000382473,1,-0.0019905,0.00200933,-0.0002625,3854.04
0,216262,12,phononTF,0.000384509,-0.000847657,0.000885938,-0.0002625,6491.61,0.000382,1,-0.00100013,0.000999639,0.0002625,6973.88
0,217844,8,phononL,0.00134005,-0.00037068,0.000528688,-0.0002625,1652.75,0.000764,1,-0.00200089,8.1529e-07,0.0002625,3032.32
0,219385,8,phononTS,0.00146637,-0.00199553,0.00200401,0.000262498,267.475,0.00146637,1,-0.00198871,0.00181328,-0.0002625,375.842
0,224450,13,phononTS,0.000494804,-0.000995014,0.000997883,0.000262498,3541.42,0.000494804,1,-0.000707422,0.000983836,-0.0002625,3660.33
0,231869,14,phononTF,0.000453839,0.00199837,-0.00199856,0.000262498,16204.4,0.000453839,1,0.00197595,-0.00207523,-0.0002625,16295.8
0,232391,7,phononTS,0.000674528,-0.000250805,0.00108276,-0.000262498,1110.68,0.000382,1,-0.00100343,0.000997264,0.0002625,1298.27
0,232391,3,phononTF,0.00248838,-0.0013702,0.00151706,0.000262498,31.8569,0.000912596,1,-0.00183516,0.00197594,-0.0002625,175.817
0,233463,6,phononTS,0.00062047,-0.00140191,0.00101651,-0.0002625,967.824,0.000382,1,-0.00100231,0.0010016,0.0002625,2855.2
0,234585,10,phononTS,0.000950529,-0.00400289,0.00313271,-0.0002625,8407.45,0.000764,1,-0.00200063,1.69642e-06,0.0002625,9646.32
0,234968,5,phononTF,0.000485052,-0.000235867,0.000235492,-0.0002625,19.7301,0.000382,1,-4.34182e-07,-4.51885e-06,0.0002625,660.038
0,234968,4,phononTS,0.000892566,-0.00141303,0.00143554,0.000262498,19.7301,0.000548976,1,-0.00119307,0.000952182,-0.0002625,177.751
0,236087,3,phononTF,0.00293256,-0.00200169,0.00199967,0.0002625,168.932,0.000644884,1,-0.00227745,0.0022883,-0.0002625,507.416
0,237456,10,phononTS,0.0010607,-7.70538e-05,0.000631926,-0.0002625,8111.72,0.000382,1,-3.11631e-06,2.49725e-06,0.0002625,10495.3
0,238727,1,phononL,0.01,-0.000955677,0.00100393,0.000209575,0,0.002674,1,-0.00100182,0.000998574,0.0002625,332.033
0,244318,10,phononTF,0.000581614,0.000423011,-0.00254729,-0.000262498,19252.2,0.000382,1,0.00100059,-0.00299979,0.0002625,19411.1
0,244997,8,phononTF,0.000492576,-0.00295667,0.00229866,-0.000262498,3785.98,0.000382,1,-0.00100475,0.00100279,0.0002625,4206.7
0,246141,21,phononTF,0.000426212,-0.00213864,-0.00185725,-0.0002625,2830.64,0.000382,1,-0.00199596,-0.00199697,0.0002625,4176.24
0,246142,1,phononTS,0.01,-0.00186652,0.0014491,-0.000239843,0,0.00299755,1,-0.00181526,0.00146013,-0.0002625,160.129
0,247051,13,phononTF,0.000598453,0.0005596,0.002278,-0.000262498,2718.78,0.000382,1,-6.55326e-07,0.00200415,0.0002625,2869.26
0,249093,7,phononTF,0.000730757,-0.0015129,0.00149462,-0.000262498,803.991,0.000382,1,-0.00199715,0.00199619,0.0002625,953.291
0,258056,2,phononTF,0.00163104,-0.00166048,0.0014315,-0.000262498,294.67,0.000764,1,-0.00200167,0.0019982,0.0002625,447.676
0,260786,11,phononTS,0.00040337,0.000192733,0.00130736,-0.000262498,5481.92,0.000382,1,-0.000995809,0.00100376,0.0002625,5749.17
0,263912,21,phononTS,0.000459749,-0.000996392,0.00299708,0.000262498,740.989,0.000459749,1,-0.00101837,0.00298969,-0.0002625,831.564
0,265669,7,phononTF,0.000559667,-0.00181759,0.000180946,-0.0002625,5060.81,0.000382,1,-0.00199628,-1.26208e-06,0.0002625,5540.41
0,274004,8,phononTS,0.000502011,0.00103252,-0.0036276,-0.0002625,4304.24,0.000382,1,0.00100365,-0.00299504,0.0002625,7280.64
0,274834,14,phononTS,0.000949583,-0.000954996,0.000962028,-0.000262498,1133.92,0.000382,1,-0.00100455,0.000995151,0.0002625,1223.19
0,275798,5,phononL,0.000621992,-0.00141196,0.00174935,-0.000262498,387.021,0.000382,1,-0.00200405,0.00199561,0.0002625,477.009
0,277264,3,phononTS,0.00548,8.12174e-05,0.00200215,0.000198035,300.536,0.001146,1,-3.95179e-06,0.00200123,0.0002625,858.801
0,283316,4,phononTF,0.00330665,0.000319975,0.002258,-0.000262498,537.361,0.000382,1,2.36806e-06,0.00200183,0.0002625,653.436
0,283979,5,phononTF,0.00199178,-0.00169027,0.00177493,-0.000262498,227.889,0.000764,1,-0.00199754,0.00199736,0.0002625,341.762
0,285166,7,phononTS,0.00140868,-0.000966345,0.000944715,-0.000262498,313.181,0.000382,1,-0.00100316,0.00100399,0.0002625,412.198
0,285166,12,phononTF,0.000981042,-0.00100316,0.00100399,0.000262498,412.198,0.000402016,1,-0.00201277,0.00199485,-0.0002625,670.447
0,287479,16,phononTS,0.000603034,-0.00104545,0.00120844,-0.0002625,453.147,0.000382,1,-0.001005,0.000996212,0.0002625,751.092
0,288335,7,phononTF,0.000540243,0.00246619,0.00159096,-0.0002625,6918.38,0.000382,1,0.00300413,0.000996618,0.0002625,7646.13
0,289190,3,phononTF,0.000783347,-0.000685004,0.00174049,-0.0002625,15.6432,0.000382,1,-4.80309e-06,0.00199815,0.0002625,353.576
0,289232,5,phononTS,0.00114804,-0.00103287,0.00303961,-0.0002625,1125.8,0.000382,1,-0.00100144,0.00300167,0.0002625,1777.82
0,290610,5,phononTF,0.000641604,-5.03044e-05,-6.87645e-05,-0.000262498,558.493,0.000382,1,-0.00100217,-0.00100148,0.0002625,803.627
0,290961,5,phononTF,0.0017216,-0.00275752,0.000661779,-0.000262498,1711.29,0.000764,1,-0.00200144,-7.10916e-07,0.0002625,1908.22
0,295430,9,phononTS,0.000704229,-0.00204792,0.00208412,-0.000262498,279.892,0.000382,1,-0.00199724,0.0019958,0.0002625,376.94
0,297201,18,phononTS,0.000421414,-0.000782435,0.00183616,-0.000262498,1112.3,0.000382,1,-0.00100479,0.00100476,0.0002625,1314.26
0,297201,2,phononTS,0.00233211,-0.000898102,0.00219347,3.26898e-05,539.426,0.000760812,1,-0.00196071,0.00128592,-0.0002625,801.519
0,299669,3,phononTS,0.000719881,-0.000997666,0.00100434,0.0002625,25.9383,0.000719881,1,-0.00100191,0.000957313,-0.0002625,743.188
0,303401,4,phononTF,0.00221946,-0.00170614,0.00159628,-0.0002625,377.945,0.000764,1,-0.00200381,0.00200447,0.0002625,635.832
0,307306,13,phononTS,0.000472111,-0.000995461,0.0029999,0.000262498,5443.53,0.000472111,1,-0.000554764,0.0029766,-0.0002625,5581.66
0,308991,3,phononTF,0.0022137,2.6599e-05,0.00202448,-0.0002625,80.29,0.000764,1,2.84722e-06,0.00200083,0.0002625,2730.45
0,310797,7,phononTS,0.00101194,-0.000998389,0.00300043,0.000262498,1100.91,0.000662902,1,-0.000212408,0.0030722,-0.0002625,1288.26
0,310797,4,phononTS,0.00252887,-0.000674401,0.00166032,0.000262498,822.79,0.00036632,1,-0.00209138,0.00259507,-0.0002625,1162.67
0,312213,5,phononTS,0.000608369,-0.000145911,0.00205062,-0.0002625,2078.87,0.000382,1,-2.99146e-06,0.00200278,0.0002625,2589.18
0,319540,17,phononTS,0.000446697,-0.00137504,0.00246865,-0.0002625,5351.95,0.000382,1,-0.00100392,0.0030001,0.0002625,5970.31
0,319932,4,phononTS,0.00127352,0.000658584,-0.000454862,-0.0002625,1351.18,0.000382,1,-3.1735e-06,-2.62923e-06,0.0002625,3358.51
0,321391,7,phononTS,0.00174637,-0.0029956,-0.000995314,0.0002625,1416.17,0.000680164,1,-0.0030199,-0.00131847,-0.0002625,1661.88
0,321708,4,phononTS,0.000788826,-0.00211424,0.00299113,-0.0002625,3673.97,0.000382,1,-0.00200277,0.00200157,0.0002625,4500.02
0,321708,2,phononTS,0.00115224,-0.0012735,0.00152067,0.000262498,75.7803,0.000198483,1,-0.00122113,0.0014605,-0.0002625,170.523
0,323143,7,phononTS,0.000596508,-0.00145823,0.00169009,-0.000262498,1364.33,0.000382,1,-0.00100039,0.000997896,0.0002625,1570.54
0,325762,22,phononTS,0.000708853,-0.000978041,-0.00107295,-0.000262499,9448.9,0.000382,1,-0.00100225,-0.000995135,0.0002625,9545.36
0,327645,6,phononL,0.00178537,0.000637698,-0.000522682,-0.0002625,425.101,0.000764,1,0.000998083,-0.0010014,0.0002625,1036.02
0,333475,9,phononTS,0.000736993,-0.00123016,0.0010483,-0.000262498,3959.87,0.000382,1,-0.000995715,0.00100255,0.0002625,4075.65
0,334289,4,phononTS,0.00111064,-0.00120263,0.00224372,-0.0002625,241.665,0.000764,1,-0.0010019,0.003004,0.0002625,631.78
0,334289,3,phononTS,0.000776842,-0.00140336,0.00148345,0.000262498,241.665,0.000776842,1,-0.00174894,0.00152851,-0.0002625,366.73
0,334380,11,phononTS,0.00133274,-0.000802164,0.000949068,-0.000262498,176.357,0.000764,1,4.47961e-06,-3.54113e-06,0.0002625,452.529
0,336134,2,phononTS,0.000605724,0.000999408,-0.000998158,0.0002625,9.06024,0.00048772,1,0.0010951,-0.000991859,-0.0002625,969.833
0,337914,4,phononTS,0.000477189,-0.0012593,0.00179291,-0.000262498,725.958,0.000382,1,-0.000996742,0.000995025,0.0002625,930.611
0,338117,13,phononTF,0.000498562,0.00340981,0.00116927,-0.0002625,6573.53,0.000382,1,0.00300062,0.00100288,0.0002625,7166.69
0,338527,3,phononTS,0.00654744,-0.00105477,0.00101954,-0.000158489,328.093,0.002292,1,-0.000996114,0.000997551,0.0002625,1062.71
0,338791,14,phononTF,0.000506004,-0.00113865,-0.000647492,-0.0002625,6600.61,0.000382,1,-0.00099724,-0.000996284,0.0002625,6953.56
0,341017,6,phononTS,0.000776038,0.000859591,0.003979,-0.0002625,458.578,0.000382,1,0.00200054,0.00199687,0.0002625,2980.19
0,343176,5,phononTS,0.000680932,-0.00196362,-0.00202293,-0.0002625,360.898,0.000382,1,-0.00199808,-0.00199896,0.0002625,6709.8
0,343918,4,phononTS,0.00189586,-0.00200202,0.00199952,0.000262498,539.901,0.0014046,1,-0.00091789,-0.000181581,-0.0002625,1019.56
0,343918,2,phononTS,0.00183325,-0.00135496,0.00150911,0.000262498,7.84103,0.00141943,1,0.000946602,-0.000473464,-0.0002625,572.124
0,343919,3,phononL,0.00721983,-0.00115048,0.00122282,-0.000193461,127,0.00340633,1,-0.00116987,0.00129947,-0.0002625,514.526
0,344303,14,phononTS,0.000609905,0.00313989,0.0010303,-0.0002625,5898.05,0.000382,1,0.00300205,0.000997222,0.0002625,6534.07
0,347143,3,phononTF,0.00252942,-0.00129088,0.00129025,-0.0002625,64.5298,0.001146,1,-0.00100457,0.000996546,0.0002625,292.736
0,347324,5,phononTS,0.00123289,-0.00199967,0.00199956,0.0002625,1452.72,0.000377024,1,-0.00196143,0.00221101,-0.0002625,3620.12
0,347614,14,phononL,0.000808346,-0.000360182,0.00131828,-0.0002625,4632.62,0.000382,1,3.78278e-07,-2.71703e-06,0.0002625,5117.22
0,348430,9,phononTS,0.000861531,-4.88114e-05,-4.36795e-05,-0.0002625,3446.1,0.000382,1,-1.62551e-06,-3.71338e-06,0.0002625,3903.13
0,348430,3,phononTS,0.000676123,-0.00122641,0.00155827,0.000262498,34.8516,0.000100205,1,-0.0022315,0.00253632,-0.0002625,337.263
0,350380,10,phononTF,0.000533612,-0.00129021,0.00129663,-0.000262498,923.894,0.000382,1,-0.00100183,0.00100327,0.0002625,1038.18
0,355647,6,phononTF,0.000458215,-0.00335897,-0.000833688,-0.0002625,566.538,0.000382,1,-0.00300011,-0.00100457,0.0002625,2229.81
0,355799,31,phononTS,0.00135659,-0.00132612,-0.00231884,-0.0002625,985.455,0.000764,1,-5.23925e-07,-0.00200337,0.0002625,2879.03
0,358082,3,phononTF,0.00186031,-0.00115126,0.00115424,-0.000262498,821.943,0.000382,1,-0.00100325,0.000998173,0.0002625,919.035
0,358618,2,phononTS,0.00105417,-0.00103679,0.000970395,-0.0002625,19.3735,0.000382,1,-0.00100278,0.00100026,0.0002625,1182.02
0,358685,8,phononTS,0.000936346,5.44582e-05,0.00202891,-0.000262498,1582.68,0.000382,1,-3.64784e-06,0.0020039,0.0002625,1678.23
0,360608,6,phononTS,0.00246411,-0.00203253,0.00195527,-0.000262498,792.153,0.000382,1,-0.00200215,0.00200338,0.0002625,881.572
0,362326,16,phononTF,0.000551402,-0.00127535,0.000732477,-0.000262498,8879.12,0.000382,1,-0.00100198,0.00100184,0.0002625,8990.45
0,362451,25,phononTS,0.00100423,0.00200448,-1.16876e-06,0.000262498,4806.68,0.000822425,1,0.00204624,-3.29401e-05,-0.0002625,4896.06
0,365456,10,phononTS,0.00225008,0.00295435,0.000523381,-0.0002625,570.575,0.000382,1,0.00300342,0.000998448,0.0002625,4754.81
0,365456,14,phononTF,0.00149415,0.00300342,0.000998448,0.000262498,4754.81,0.000317859,1,0.00254475,0.000522853,-0.0002625,4899.18
0,366329,2,phononL,0.000891922,-0.00110627,0.00145824,-0.0002625,168.05,0.000382,1,-0.00100269,0.00100101,0.0002625,317.184
0,366330,1,phononTS,0.01,-0.00126554,0.0015577,-0.000169081,0,0.00336467,1,-0.00123821,0.00144974,-0.0002625,341.495
0,367400,2,phononTS,0.00433964,-0.000773998,0.000988155,-0.000160954,28.2314,0.000382,1,-0.00100209,0.000995797,0.0002625,524.312
0,382238,11,phononTF,0.000620244,-0.0012957,0.00131321,-0.000262498,5093.06,0.000382,1,-0.00199715,0.00199585,0.0002625,5283.11
0,382961,5,phononTF,0.00120434,-0.00177643,0.00177036,-0.000262498,499.923,0.000382,1,-0.00199614,0.00199969,0.0002625,604.93
0,383276,8,phononTS,0.000551341,-0.00108734,0.00108456,-0.000262498,1268.35,0.000382,1,-0.00100174,0.00100208,0.0002625,1372.58
0,384883,13,phononTS,0.000452235,-3.65462e-05,0.00194649,-0.000262498,2690.96,0.000382,1,-6.84453e-07,0.00199937,0.0002625,2783.93
0,387220,21,phononTF,0.000592558,-0.000997121,-0.000998458,0.000262498,13733.7,0.000592558,1,-0.000718163,-0.000780161,-0.0002625,13844.2
0,392172,5,phononTS,0.00277183,-0.00110416,-0.00047347,-0.0002625,265.88,0.000382,1,-0.00100092,-0.00100214,0.0002625,1584.1
0,393746,4,phononTF,0.000400773,-0.00102077,0.00107851,-0.0002625,1017.72,0.000382,1,-0.00100068,0.000999117,0.0002625,1292.21
0,394727,2,phononTF,0.000694372,-0.00110247,0.00111205,-0.0002625,49.6823,0.000382,1,-0.00100195,0.00100014,0.0002625,424.578
0,398050,5,phononTF,0.000563256,0.000707496,-0.000704672,-0.0002625,79.915,0.000382,1,0.000995169,-0.00100485,0.0002625,996.524
0,400934,15,phononTF,0.000461858,0.00325868,0.00127709,-0.000262498,8394.86,0.000382,1,0.0029983,0.00100431,0.0002625,8505.44
0,411927,22,phononTS,0.000559188,-0.00187569,-0.000434726,-0.0002625,518.037,0.000382,1,-0.00299545,-0.000995198,0.0002625,4187.75
0,412222,5,phononTS,0.000787411,-6.60038e-05,0.00204416,-0.000262498,1824.65,0.000382,1,1.99813e-06,0.00200399,0.0002625,1920.37
0,413713,15,phononTF,0.000615075,-0.00196601,-3.16305e-05,-0.0002625,5215.52,0.000382,1,-0.00199636,4.3851e-07,0.0002625,5486.1
0,414784,2,phononTS,0.00101813,-0.0019643,0.00125669,-0.000262498,471.994,0.000382,1,-0.00199957,0.00200111,0.0002625,653.805
0,417449,3,phononTF,0.000782238,-0.00110383,0.0011228,-0.0002625,12.5346,0.000382,1,-0.00100316,0.00100133,0.0002625,389.544
0,418271,3,phononTS,0.00078362,-0.00119685,0.00125846,-0.0002625,15.6555,0.000764,1,-0.00099632,0.00100253,0.0002625,275.25
0,419152,9,phononTF,0.000593776,-0.000996659,0.00100127,0.000262498,549.047,2.71144e-05,1,-0.000669861,0.00131709,-0.0002625,667.87
0,419300,10,phononL,0.000684979,5.84009e-05,0.00245655,-0.000262498,3693.68,0.000382,1,-2.33517e-06,0.00199664,0.0002625,3769.76
0,419602,8,phononTS,0.000700556,-0.00176325,0.00202711,-0.000262498,608.006,0.000382,1,-0.00199624,0.0020004,0.0002625,720.138
0,422217,2,phononTS,0.000583222,-0.00143607,0.00100593,-0.0002625,4.8409,0.000382,1,-0.000997653,0.00100388,0.0002625,290.871
0,422354,10,phononTS,0.00133773,-0.00100218,0.00300291,0.0002625,723.674,0.00113085,1,-0.00100687,0.00359239,-0.0002625,1042.93
0,423287,43,phononTF,0.000555861,-0.00213439,-0.00213776,-0.0002625,5546.26,0.000382,1,-0.00200186,-0.00199804,0.0002625,6024.78
0,424305,12,phononTS,0.000625099,-0.00191784,-0.00141096,-0.0002625,740.654,0.000382,1,-0.00200353,-0.00199749,0.0002625,1738.48
0,425086,8,phononL,0.000685868,0.000127273,-0.00283339,-0.0002625,1886.32,0.000382,1,-9.84518e-07,-0.00199789,0.0002625,3214.76
0,425086,2,phononTS,0.000661425,-0.00146491,0.00156439,0.000262498,111.215,0.000661425,1,-0.00145995,0.00159569,-0.0002625,206.371
0,425087,1,phononTS,0.01,-0.00124736,0.00217481,-0.000231997,0,0.00187153,1,-0.00128019,0.00209626,-0.0002625,255.283
0,425409,3,phononTS,0.00177684,0.00116625,0.00189189,-0.0002625,42.6075,0.000764,1,0.00200019,0.00199656,0.0002625,819.542
0,425440,8,phononTS,0.000499265,-0.0019535,2.40434e-05,-0.0002625,1871.52,0.000382,1,-0.00199724,1.57468e-06,0.0002625,2159.6
0,426226,2,phononTS,0.00267308,-0.00254852,0.000305038,-6.83511e-05,15.8603,0.000764,1,-0.00199896,-2.80835e-06,0.0002625,545.185
0,428211,6,phononTS,0.000646386,-0.00112822,0.000993295,-0.0002625,806.77,0.000382,1,-0.000995893,0.000997019,0.0002625,1731.64
0,429742,3,phononTF,0.00202692,0.00100579,-0.00107517,-0.0002625,1131.33,0.000764,1,0.00100045,-0.000999154,0.0002625,2974.05
0,429742,4,phononTS,0.000818762,0.00100045,-0.000999154,0.000262498,2974.05,0.000818762,1,0.000936439,-0.00120354,-0.0002625,3087.77
0,432231,3,phononTF,0.00246062,-0.00167914,0.00177408,-0.0002625,9.31394,0.000382,1,-0.00200239,0.00200375,0.0002625,241.294
0,432231,4,phononTS,0.00162315,-0.00200239,0.00200375,0.000262498,241.294,0.000765571,1,-0.00204675,0.0019135,-0.0002625,343.176
0,433993,4,phononTS,0.00150116,-0.00199332,-0.000175879,-0.000247124,912.218,0.000382,1,-0.00200126,3.33673e-06,0.0002625,3264.71
0,433993,5,phononTS,0.000544568,-0.00200126,3.33673e-06,0.000262498,3264.71,0.000544568,1,-0.00204874,0.000513936,-0.0002625,3411.77
0,441457,6,phononTS,0.0021273,-0.00106391,-0.00157061,-0.0002625,1118.13,0.000382,1,1.31189e-06,-0.00200267,0.0002625,1872.51
0,442141,11,phononTF,0.000548008,0.000609585,0.00139471,-0.0002625,2670.91,0.000382,1,0.000999682,0.000998306,0.0002625,3701.89
0,447425,6,phononTS,0.000636603,1.61986e-05,1.67929e-05,-0.000262498,584.469,0.000382,1,-4.6748e-06,-3.14243e-06,0.0002625,674.195
0,448975,4,phononTF,0.00103856,-0.005,-0.0011417,-0.000106776,1060.83,0.000382,1,-0.00199537,2.77653e-06,0.0002625,2749.46
0,449855,11,phononTS,0.000422807,0.00115105,-4.8377e-05,-0.000262498,6572.43,0.000382,1,0.00200376,1.76201e-06,0.0002625,6773.92
0,449856,1,phononTF,0.01,-0.00136984,0.00139453,-0.000255876,0,0.00391091,1,-0.0014765,0.00141498,-0.0002625,390.302
0,450137,4,phononTS,0.00156165,-0.00103537,0.00104086,-0.0002625,47.9481,0.000382,1,-0.00100182,0.00100359,0.0002625,941.949
0,451683,7,phononTS,0.000492289,1.29215e-07,-0.000588682,-0.000262498,3345.37,0.000382,1,0.000995591,0.00100018,0.0002625,3727.87
0,452048,7,phononTF,0.000414012,-0.000460014,0.000518628,-0.000262498,3365.31,0.000382,1,-2.25739e-07,1.68492e-06,0.0002625,3516.1
0,454037,5,phononTS,0.00247488,-0.00102738,0.00105563,-0.000262498,371.075,0.000382,1,-0.00100271,0.0010015,0.0002625,460.564
0,456275,5,phononTS,0.00171417,-0.00098194,0.000983439,-0.000262498,823.259,0.000764,1,-0.000995155,0.000995872,0.0002625,914.914
0,460082,6,phononTS,0.000443715,-0.00089706,0.00104187,-0.0002625,218.892,0.000382,1,-0.00099801,0.000996008,0.0002625,523.008
0,465089,11,phononTS,0.00073265,-0.0010344,0.00281663,-0.0002625,2164.75,0.000382,1,-0.000996361,0.0030001,0.0002625,2714.61
0,466217,4,phononTS,0.000693685,9.43033e-07,0.00199542,0.0002625,428.41,0.000693685,1,2.75951e-05,0.00203342,-0.0002625,1399.24
0,466217,3,phononTS,0.00225269,-0.00100999,0.00126647,0.000262498,428.41,0.00105265,1,-0.00155468,0.00148859,-0.0002625,594.614
0,468810,16,phononTS,0.00207697,-0.00100143,0.00179705,-0.000262498,259.846,0.000764,1,-0.00100128,0.00100114,0.0002625,450.672
0,471455,7,phononTS,0.000753753,0.000842209,0.000208436,-0.000262498,1475.36,0.000382,1,-0.00100351,0.00100261,0.0002625,1880.02
0,472908,5,phononTS,0.000425544,0.00100721,0.005,2.335e-05,902.856,0.000382,1,-0.000995802,0.00299911,0.0002625,5276.09
0,475146,6,phononTS,0.000597323,-0.00188234,0.00113489,-0.0002625,659.783,0.000382,1,-0.00199924,0.00199586,0.0002625,1036.53
0,475732,2,phononTS,0.000921749,-0.00197743,0.00167843,-0.0002625,17.0395,0.000764,1,-0.00200266,0.00199991,0.0002625,518.8
0,481932,3,phononL,0.00549567,-0.00126403,0.00116889,-8.71253e-05,119.721,0.000764,1,-0.000998421,0.00100432,0.0002625,171.035
0,482571,18,phononTS,0.00140905,0.00123593,0.00126094,-0.0002625,933.549,0.000382,1,-9.25864e-07,0.0019959,0.0002625,1801.14
0,483164,4,phononTS,0.000680916,0.000605722,0.00108486,-0.0002625,1.86412,0.000382,1,0.000998702,0.00100108,0.0002625,823.109
0,483637,1,phononTS,0.01,-0.00198928,0.00206012,0.000155378,0,0.000382,1,-0.00199508,0.0019975,0.0002625,598.486
0,485948,12,phononTS,0.000533393,0.00329743,-0.00025977,-0.000262498,1949.93,0.000382,1,0.00200432,-0.0019984,0.0002625,2368.37
0,486098,7,phononTF,0.000691224,0.000723989,0.0012745,-0.000262498,1794.51,0.000382,1,0.000999857,0.00100487,0.0002625,1906.1
0,490707,21,phononTS,0.000611444,-0.000996967,-0.00100168,0.000262498,1039.5,0.000611444,1,-0.00178508,-0.00268777,-0.0002625,1418.53
0,491852,5,phononL,0.00206773,-0.00113954,0.00109534,-0.0002625,161.826,0.000382,1,-0.00100088,0.000999952,0.0002625,417.736
0,492212,20,phononTF,0.000707399,9.73466e-08,-0.00200139,0.000262498,1437.38,0.000427613,1,-4.06153e-05,-0.00207193,-0.0002625,1528.62
0,498984,9,phononL,0.000490082,-0.0012386,0.00176858,-0.0002625,126.039,0.000382,1,-0.00200254,0.002002,0.0002625,653.809
0,502331,22,phononTS,0.00121984,0.00196065,-0.00213129,-0.0002625,1537.71,0.000764,1,0.00200149,-0.00199623,0.0002625,5510.97
0,504856,6,phononTF,0.000844784,-0.00308563,-0.00108454,-0.0002625,4976.25,0.000382,1,-0.002997,-0.000996263,0.0002625,5253.56
0,509931,33,phononTS,0.000444766,-0.00114088,-1.41698e-05,-0.0002625,6503.78,0.000382,1,-0.000995024,-0.00100463,0.0002625,7640.64
0,510993,7,phononTS,0.000501191,-0.00104096,0.000694944,-0.000262498,1839.14,0.000382,1,-0.000996156,0.000997859,0.0002625,1958.92
0,511577,9,phononTF,0.000722821,-0.000998858,0.00100361,0.0002625,323.53,0.000722821,1,-0.00044733,0.00042318,-0.0002625,983.654
0,514148,25,phononTF,0.000580431,-0.00161102,0.00173565,-0.0002625,1167.56,0.000382,1,-0.00200208,0.00200347,0.0002625,1544.81
0,514958,5,phononTS,0.000504108,-0.000741882,0.00206942,-0.000262498,203.864,0.000382,1,-0.00199875,0.00199729,0.0002625,487.715
0,521130,11,phononTS,0.000857753,0.00120734,0.00138268,-0.0002625,3995.34,0.000382,1,-0.00199834,-0.00199529,0.0002625,5903.15
0,522707,1,phononL,0.01,-0.000985113,0.000845239,0.000170297,0,0.002292,1,-0.000999253,0.00100468,0.0002625,508.118
0,528953,7,phononTS,0.000403683,0.000334182,-0.00233562,-0.000262498,2017.46,0.000382,1,0.000999637,-0.00299544,0.0002625,2241.9
0,534249,2,phononTF,0.00297298,-0.00101174,0.00298238,0.000235165,397.168,0.000382,1,-0.00100047,0.00299839,0.0002625,622.815
0,535601,10,phononTF,0.00121404,-0.00132211,0.000685811,-0.0002625,1739.86,0.000764,1,-0.000998196,0.000995626,0.0002625,2619.08
0,542122,7,phononTS,0.000544565,0.00214019,-1.93936e-06,-0.0002625,470.532,0.000382,1,0.00199937,-3.4727e-06,0.0002625,1758.47
0,542122,3,phononTF,0.00173822,-0.00138278,0.00152516,0.000262498,6.70748,0.00137124,1,-0.00148469,0.00141866,-0.0002625,100.05
0,544380,8,phononTS,0.0005976,-3.885e-06,-0.00200488,0.0002625,3108.88,0.0005976,1,3.63792e-05,-0.00197727,-0.0002625,3294.49
0,544380,3,phononTF,0.00273368,-0.00114104,0.00123449,0.000262498,92.3127,0.000551272,1,-0.000790682,0.00157163,-0.0002625,215.493
0,545521,14,phononTS,0.000532132,0.00295041,0.00123277,-0.0002625,6638.18,0.000382,1,0.00300103,0.00100273,0.0002625,8752.56
0,551619,29,phononTS,0.000639673,-0.00100197,0.000995041,0.000262498,868.063,0.000639673,1,-0.0018485,0.000932814,-0.0002625,1065.1
0,553687,20,phononTS,0.000918088,-0.00200168,-0.0019998,0.000262498,7321.7,0.000815709,1,-0.00204854,-0.00200697,-0.0002625,7418.04
0,558540,14,phononTF,0.000637908,0.00172174,-0.000273974,-0.000262498,815.955,0.000382,1,0.00199715,3.06152e-08,0.0002625,927.765
0,562709,5,phononL,0.00111711,-0.00156187,0.00194735,-0.000262498,161.795,0.000382,1,-0.00200246,0.00199508,0.0002625,236.61
0,566351,14,phononTS,0.000657006,-4.10363e-05,0.000438684,-0.0002625,4727.84,0.000382,1,1.25773e-07,1.18604e-06,0.0002625,6425.15
0,568728,12,phononTF,0.00117733,0.00210742,0.000151417,-0.0002625,956.696,0.000382,1,0.00199987,2.36575e-06,0.0002625,1504.23
0,569817,22,phononTF,0.00100916,-0.000996288,0.000995496,0.000262498,2879.68,0.000712518,1,-0.000568419,-0.000201624,-0.0002625,3134.41
0,575650,12,phononTS,0.000902039,-0.00200446,-0.00197307,-0.000262498,1555.88,0.000382,1,-0.00199787,-0.00200488,0.0002625,1646.99
0,578532,24,phononTS,0.000589444,-0.00103072,-0.000105666,-0.0002625,3243.92,0.000382,1,-0.00199987,4.92245e-07,0.0002625,7093.32
0,578982,9,phononTS,0.00054417,-0.00199797,0.00199903,0.0002625,140.859,0.00054417,1,-0.00251116,0.00226624,-0.0002625,472.285
0,580182,2,phononTF,0.00087812,-0.00185107,0.00195486,-0.0002625,17.5437,0.000382,1,-0.00200464,0.00199643,0.0002625,767.055
0,580925,4,phononTS,0.000823249,-0.000983935,0.00223449,-0.000262498,404.946,0.000382,1,-0.0010019,0.00300007,0.0002625,591.705
0,581475,6,phononTS,0.000600702,0.00282301,0.00105053,-0.0002625,2270.81,0.000382,1,0.00300067,0.00100473,0.0002625,3773.2
0,581475,3,phononTF,0.00203919,-0.00137212,0.00145963,0.000262498,176.15,0.000788656,1,-0.00109096,0.00174052,-0.0002625,289.104
0,581478,7,phononTF,0.000453742,-0.00266487,0.00148706,-0.000262498,614.718,0.000382,1,-0.00199891,0.00199648,0.0002625,789.276
0,583162,13,phononTF,0.000804463,-0.00199948,-0.00200436,0.000262498,1455.8,0.000804463,1,-0.00195263,-0.00197504,-0.0002625,1546.3
0,585002,6,phononTS,0.00063121,-0.00200413,1.65916e-06,0.000262498,795.664,0.00063121,1,-0.00197138,5.13688e-05,-0.0002625,884.926
0,585002,3,phononTS,0.00182279,-0.0013954,0.00147757,0.000262498,16.6408,0.000799842,1,-0.00149315,0.00127826,-0.0002625,132.19
0,586414,6,phononTF,0.000799397,-0.00171046,0.000292791,-0.000262498,967.655,0.000382,1,-0.00200406,3.75224e-06,0.0002625,1081.9
0,591769,2,phononTS,0.00108598,-0.0013922,0.00153301,-0.0002625,2.20197,0.000382,1,-0.00199637,-1.97163e-06,0.0002625,433.463
0,598808,18,phononTF,0.00143577,-0.00114715,0.00315567,-0.0002625,904.528,0.000382,1,-0.000997672,0.00299806,0.0002625,1598.8
0,603573,16,phononTS,0.000632813,-4.5364e-06,0.00200255,0.0002625,633.541,0.000632813,1,2.62266e-05,0.00196546,-0.0002625,812.443
0,603700,10,phononTS,0.000651654,0.00285533,-0.00176893,-0.0002625,6387.24,0.000382,1,0.00199605,-0.0019978,0.0002625,7131.66
0,615909,4,phononTF,0.000397943,-0.00227446,0.00228251,-0.000262498,3040.33,0.000382,1,-0.00199789,0.00200427,0.0002625,3152.53
0,617242,17,phononTF,0.000563725,0.00341933,0.00218741,-0.000262498,2463.02,0.000382,1,-2.84368e-06,0.00200432,0.0002625,3084.84
0,619608,5,phononTS,0.0011007,-0.0010283,0.00104241,-0.0002625,72.6284,0.000764,1,-0.00099739,0.00100326,0.0002625,788.046
0,626531,5,phononTF,0.000703576,-0.000917371,0.000916104,-0.0002625,362.49,0.000382,1,-0.00100268,0.00100299,0.0002625,1401.82
0,628147,9,phononTF,0.00112043,0.000637596,-0.000655461,-0.0002625,237.788,0.000382,1,0.000996708,-0.00100366,0.0002625,1053.59
0,629840,7,phononTS,0.000726618,-0.0020451,-0.0014503,-0.0002625,123.182,0.000382,1,-0.00199986,-0.00199872,0.0002625,1633.38
0,637707,2,phononTF,0.000858772,3.16664e-05,0.00229939,-0.0002625,102.744,0.000382,1,2.63163e-06,0.00200312,0.0002625,710.233
0,638132,3,phononTF,0.00195676,-0.000699179,0.00270606,-0.0002625,786.785,0.000764,1,-0.000999463,0.00299791,0.0002625,1860.13
0,639088,11,phononTF,0.000427646,0.000400534,-0.00238019,-0.0002625,4089.75,0.000382,1,0.000998801,-0.00300262,0.0002625,4898.01
0,640378,18,phononTF,0.000469463,-0.00189133,0.00188774,-0.0002625,557.205,0.000382,1,-0.00200468,0.00200055,0.0002625,839.227
0,640437,7,phononTS,0.00050207,0.00231911,0.00201046,-0.0002625,851.016,0.000382,1,0.0030005,0.000998603,0.0002625,1663.39
0,641370,4,phononTF,0.00228914,-0.00124322,0.00124242,-0.0002625,298.026,0.000764,1,-0.000997515,0.00100333,0.0002625,512.672
0,641755,10,phononTF,0.000571527,-0.00264844,-0.000500254,-0.0002625,4714.52,0.000382,1,-0.00299887,-0.00100095,0.0002625,6089.49
0,642026,2,phononTF,0.000404295,-0.0018087,0.00188362,-0.0002625,84.424,0.000382,1,-0.00199593,0.0019959,0.0002625,481.066
0,642254,8,phononTS,0.000484617,-0.000917209,0.00228503,-0.000262498,9077,0.000382,1,-0.00099635,0.00300434,0.0002625,9259.26
0,646476,6,phononL,0.00042845,-0.000686146,0.00132105,-0.0002625,427.646,0.000382,1,-0.00099506,0.000996032,0.0002625,655.108
0,647182,12,phononTF,0.000388515,-0.000230813,-0.00176636,-0.000262498,3571.33,0.000382,1,2.62528e-06,-0.00199751,0.0002625,3677.35
0,655260,7,phononTS,0.00146395,0.000995134,-0.00300185,0.0002625,659.843,0.00029564,1,0.00184494,-0.00291647,-0.0002625,4521.83
0,655492,5,phononTF,0.000745835,-0.00115288,0.000843922,-0.0002625,320.899,0.000382,1,-0.000997779,0.0010033,0.0002625,613.807
0,655603,13,phononTS,0.000600539,-0.00205393,-0.000510978,-0.0002625,1886.91,0.000382,1,-0.00200058,1.75461e-06,0.0002625,5360.6
0,656972,18,phononTF,0.0010875,-0.00199741,-4.9803e-06,0.0002625,1290.35,0.000366782,1,-0.00182506,-0.000171527,-0.0002625,3184.78
0,664533,5,phononTS,0.00103419,-0.00122972,0.0015121,-0.000262498,587.494,0.000382,1,-0.00100137,0.000997361,0.0002625,750.229
0,667145,9,phononTF,0.000626409,-0.000646193,0.00334708,-0.0002625,2767.14,0.000382,1,-0.00100075,0.00300189,0.0002625,3139.34
0,670424,3,phononTS,0.00184892,-0.00214217,0.00191236,-0.0002625,41.2757,0.000382,1,-0.0019972,0.00200449,0.0002625,1954.46
0,670928,5,phononTF,0.000489902,-0.00118081,0.00040094,-0.000262498,440.744,0.000382,1,3.22258e-06,-0.00199901,0.0002625,923.246
0,675357,6,phononTF,0.00276002,-0.00142273,0.00159129,-0.0002625,80.0548,0.001528,1,-0.000996886,0.000997588,0.0002625,330.399
0,679189,16,phononTF,0.000675604,0.00017106,-0.000162782,-0.0002625,122.592,0.000382,1,0.000999767,-0.000995581,0.0002625,784.533
0,679389,20,phononTS,0.000670318,0.005,-0.00249261,4.90898e-05,11030,0.000382,1,0.00199669,3.61447e-07,0.0002625,14162.7
0,681932,9,phononTS,0.000931761,-0.000998992,0.000995998,0.0002625,334.59,0.000688151,1,-0.000745218,0.000815708,-0.0002625,845.715
0,682147,3,phononTF,0.00055681,-0.00121263,0.00122459,-0.000262498,516.362,0.000382,1,-0.00100078,0.00100208,0.0002625,620.439
0,688496,2,phononTS,0.000605796,-0.000988204,0.00140519,-0.0002625,202.532,0.000382,1,-0.000999799,0.00100074,0.0002625,485.914
0,688727,17,phononTS,0.00042705,-0.00108102,-0.000706989,-0.0002625,12076.3,0.000382,1,-0.000996496,-0.000997567,0.0002625,13948.7
0,694871,3,phononTF,0.00297137,-0.00125071,0.00123793,-0.0002625,10.9392,0.000382,1,-0.00100456,0.00100138,0.0002625,443.998
0,695045,23,phononTS,0.000554169,-0.00195038,0.000161807,-0.0002625,464.07,0.000382,1,-0.00199734,-1.56071e-06,0.0002625,984.576
0,695746,6,phononTF,0.00160967,0.00341166,0.000600477,-0.0002625,4508.19,0.000764,1,0.00300268,0.000999688,0.0002625,4905.71
0,697935,5,phononTS,0.000655344,-0.00136668,0.00164509,-0.0002625,76.4021,0.000382,1,-0.000997503,0.00100087,0.0002625,559.346
0,697935,4,phononL,0.00246518,-0.00137074,0.00145988,0.000262498,76.4021,0.000921048,1,-0.0012061,0.00209878,-0.0002625,167.277
0,699072,2,phononTS,0.00720097,-0.00206816,0.00200338,0.000131615,56.2336,0.00191,1,-0.00200463,0.0019968,0.0002625,374.64
0,700281,8,phononTS,0.000625273,-4.79598e-05,0.00278596,-0.0002625,7760.39,0.000382,1,-0.000998367,0.00300359,0.0002625,9313.58
0,703498,11,phononTS,0.000694828,4.71728e-06,0.00199931,0.000262498,459.584,0.000134901,1,0.000681532,0.00324958,-0.0002625,756.165
0,705573,7,phononTS,0.000481754,-0.00170576,0.00204136,-0.000262498,395.718,0.000382,1,-0.00200076,0.00199563,0.0002625,518.367
0,707569,3,phononTS,0.00274002,-3.30901e-06,0.00199568,0.0002625,10.5817,0.000642316,1,-5.62355e-05,0.00202942,-0.0002625,513.511
0,708028,12,phononTS,0.000448,-0.000527511,0.000297023,-0.0002625,411.974,0.000382,1,-0.000999384,0.000997874,0.0002625,1012.86
0,708028,2,phononTS,0.000435777,-0.00140692,0.00155386,0.000262498,20.6783,0.000435777,1,-0.00141941,0.00149816,-0.0002625,110.688
0,709591,4,phononTS,0.0024725,0.00103241,-0.00163192,-0.0002625,16.9277,0.001146,1,0.00100194,-0.000998571,0.0002625,3827.41
0,709591,3,phononTS,0.00278744,-0.00141486,0.00143995,0.000262498,16.9277,0.000569643,1,-0.000914024,0.00150936,-0.0002625,167.267
0,712499,1,phononTS,0.01,-0.000983536,0.000956413,0.00024794,0,0.00191,1,-0.00100246,0.00100297,0.0002625,438.546
0,713852,9,phononTS,0.00119258,-0.00120437,0.00214982,-0.0002625,240.58,0.000382,1,-0.0020017,0.0020027,0.0002625,631.909
0,716339,2,phononTS,0.000718221,-0.00149428,0.00158877,-0.000262498,492.496,0.000382,1,-0.00100168,0.00299779,0.0002625,806.593
0,720974,10,phononTS,0.000791129,-0.00100068,0.00299771,0.000262498,10627.5,0.000453141,1,-0.001063,0.00376708,-0.0002625,10812.5
0,722817,3,phononL,0.00700659,-0.00208212,0.00189657,0.0001551,645.388,0.00191,1,-0.00200462,0.00199571,0.0002625,663.532
0,724444,4,phononTF,0.00112786,0.00199958,-0.00199574,0.0002625,1057.27,0.000407205,1,0.00178357,-0.00178988,-0.0002625,1267.38
0,728390,5,phononTF,0.0021495,-0.00200295,-2.56754e-06,0.0002625,802.184,0.000787196,1,-0.00222636,0.000230107,-0.0002625,1561.17
0,728986,2,phononTS,0.00101469,-0.00162233,0.00305373,-0.0002625,909.023,0.000382,1,-0.00100229,0.00299575,0.0002625,1426.13
0,729619,16,phononTF,0.000856192,0.0017529,-0.00188653,-0.0002625,14128.3,0.000382,1,0.00200023,-0.00199705,0.0002625,14443.2
0,731141,13,phononTS,0.000713139,-0.000971449,0.000984412,-0.0002625,97.6192,0.000382,1,-0.00100427,0.00100018,0.0002625,442.919
0,733359,6,phononTF,0.00100706,-0.00186877,0.00199024,-0.0002625,98.705,0.000764,1,-0.00200419,0.00199709,0.0002625,1138.91
0,735100,12,phononTF,0.0011181,-0.00217518,0.00218606,-0.000262498,1211.58,0.000764,1,-0.00200474,0.00200384,0.0002625,1311.49
0,735297,10,phononTS,0.00046014,-0.00057562,-0.00052075,-0.000262498,5361.3,0.000382,1,-0.00200497,-3.83652e-06,0.0002625,5680.24
0,736876,17,phononTF,0.000459359,-0.00100269,0.00299739,0.000262498,18881.6,0.000459359,1,-0.00122766,0.00302887,-0.0002625,18983.7
0,737894,11,phononTF,0.000438213,-0.00084797,-0.00314688,-0.0002625,6366.18,0.000382,1,-0.00199654,-0.00199836,0.0002625,8089.25
0,738430,12,phononL,0.000470808,0.00203225,-0.000647813,-0.0002625,12129.1,0.000382,1,0.00200323,-1.71234e-06,0.0002625,12395.2
0,741283,20,phononTF,0.0011701,0.000887628,-0.0029113,-0.0002625,3158.11,0.000382,1,0.00099911,-0.00300102,0.0002625,4187.05
0,746196,16,phononL,0.000785742,0.000821817,0.001924,-0.0002625,1595.67,0.000382,1,4.95792e-06,0.00200471,0.0002625,2301.63
0,746644,17,phononTF,0.000474834,0.00236764,-0.000372481,-0.0002625,6300.78,0.000382,1,0.0019993,3.71294e-06,0.0002625,12370.1
0,747694,21,phononTF,0.00161782,-0.00219355,0.000205017,-0.000262498,1000.61,0.000382,1,-0.00199972,7.17121e-07,0.0002625,1103.01
0,749370,18,phononTF,0.000424945,0.00259461,-0.000420319,-0.000262498,8471.59,0.000382,1,0.0019973,-3.0291e-06,0.0002625,8631.78
0,755136,7,phononL,0.000624056,-0.00278087,9.33407e-05,-0.0002625,2241.28,0.000382,1,-0.00199638,-8.54075e-07,0.0002625,2940.78
0,759559,14,phononTF,0.00043176,0.00199807,-0.00200226,0.000262498,4600.57,0.00043176,1,0.00177448,-0.00176978,-0.0002625,4706.01
0,762704,12,phononTS,0.000607818,-0.000998818,0.000952499,-0.000262498,595.387,0.000382,1,-0.000999166,0.000995423,0.0002625,691.073
0,772730,3,phononTF,0.000909685,-0.00107239,0.00108514,-0.000262498,1216.13,0.000382,1,-0.000995205,0.00100379,0.0002625,1308.03
0,779696,5,phononTF,0.000486053,-7.08723e-07,-1.9575e-06,0.000262498,711.01,0.000486053,1,0.000518466,0.000504345,-0.0002625,864.221
0,779696,2,phononTS,0.00302117,-0.00138669,0.00150601,0.000262498,6.54176,0.00123555,1,-0.00154318,0.00153912,-0.0002625,110.375
0,780250,10,phononTS,0.000553711,-0.00378619,-0.000924073,-0.0002625,9299.13,0.000382,1,-0.00299525,-0.000999144,0.0002625,10812.1
0,780596,22,phononTF,0.000387865,0.000687119,0.00130258,-0.000262498,1915.36,0.000382,1,0.000998258,0.00100076,0.0002625,2031.87
0,780967,2,phononTF,0.00667383,-0.00115753,0.000834375,-4.0006e-05,254.974,0.001146,1,-0.00100302,0.000996849,0.0002625,320.492
0,781159,21,phononTF,0.000960487,-0.000999373,0.000998759,0.000262498,261.904,0.000422018,1,-0.000838846,0.000985698,-0.0002625,358.139
0,782212,9,phononTF,0.000898132,0.00100264,-0.00100277,0.000262498,1473.18,0.000898132,1,-0.00179987,-0.00250435,-0.0002625,2039.06
0,784908,9,phononTF,0.000966344,-0.00099632,0.00100277,0.000262498,1017.22,0.000645118,1,-0.00126823,0.000728693,-0.0002625,1128.95
0,785422,9,phononTF,0.000529223,-0.000312923,-0.00101651,-0.000262498,6879.72,0.000382,1,2.03879e-06,-0.001999,0.0002625,7097.56
0,786826,11,phononTS,0.000645067,-0.000835013,-0.00102957,-0.0002625,6269.74,0.000382,1,-0.00100143,-0.00100113,0.0002625,6934.2
0,790515,12,phononTF,0.000546393,0.00287705,0.0033369,-0.0002625,3469.54,0.000382,1,0.00199719,0.00199818,0.0002625,6480.73
0,791237,7,phononTS,0.00119494,-0.00215386,0.00167161,-0.0002625,599.31,0.000382,1,-0.00199879,0.00199593,0.0002625,1306.99
0,793897,7,phononTF,0.000832326,0.00100487,0.00100184,0.000262498,1040.98,0.000538733,1,0.000244126,0.00176987,-0.0002625,1246.7
0,796409,6,phononTF,0.00147803,-0.0010022,0.00100366,0.000262498,332.13,0.00130963,1,-0.000699748,0.000699179,-0.0002625,448.524
0,796529,3,phononTF,0.000435068,-0.00188165,0.000272523,-0.0002625,87.3036,0.000382,1,-0.002004,4.94608e-06,0.0002625,731.307
0,798683,2,phononL,0.0012559,-0.00123255,0.0012073,-0.0002625,10.2505,0.000382,1,-0.000998473,0.00100417,0.0002625,148.592
0,798683,7,phononTS,0.00052408,-0.000998473,0.00100417,0.000262498,148.592,0.00052408,1,-0.0013214,0.00126779,-0.0002625,291.371
0,798786,16,phononTS,0.000389676,-0.00200343,3.68512e-06,0.000262498,5017.6,0.000389676,1,-0.00103752,0.000405464,-0.0002625,5257.13
0,806848,3,phononTF,0.000477302,-0.00181928,0.00182574,-0.0002625,290.752,0.000382,1,-0.00199644,0.00199651,0.0002625,489.803
0,809018,4,phononTF,0.00173335,-0.00178464,0.00221592,-0.0002625,1357.19,0.000382,1,-0.0020017,0.00200102,0.0002625,1877.1
0,810828,10,phononL,0.000685351,-0.00157743,-0.00236269,-0.0002625,8214.5,0.000382,1,-0.00200448,-0.00200006,0.0002625,8753.25
0,810829,1,phononTS,0.01,-0.000994375,0.00171454,-0.000216808,0,0.00321625,1,-0.000996818,0.00172953,-0.0002625,517.22
0,811957,2,phononTS,0.00175228,0.0022436,0.005,5.92639e-05,206.538,0.000382,1,0.000995709,0.00100103,0.0002625,3156.61
0,814512,5,phononTS,0.000968295,-0.00100025,0.000999822,0.000262498,591.418,0.000968295,1,-0.00103942,0.000964209,-0.0002625,680.755
0,814512,2,phononL,0.000578697,-0.00141792,0.00154978,0.000262498,46.9785,0.000578697,1,-0.00158486,0.000244244,-0.0002625,200.663
0,816236,5,phononTF,0.000669072,-0.000881873,0.00115168,-0.0002625,447.823,0.000382,1,-0.0009977,0.00100051,0.0002625,780.58
0,818639,5,phononL,0.00185469,0.000369675,0.00188946,-0.0002625,351.334,0.000764,1,-2.5862e-06,0.00200322,0.0002625,870.109
0,818776,21,phononTS,0.000770351,3.90746e-05,-0.00221241,-0.000262498,6000,0.000382,1,4.68127e-06,-0.00200046,0.0002625,6112.7
0,825613,5,phononL,0.00123869,-0.000916906,0.000573918,-0.000262498,1069.09,0.000764,1,-0.00100112,0.00100292,0.0002625,1143.62
0,826481,6,phononTF,0.00138376,0.00163014,-0.00235037,-0.0002625,1717.92,0.000382,1,0.00100095,-0.00299586,0.0002625,13108.1
0,828256,7,phononTS,0.000575026,-0.00185391,0.00197477,-0.0002625,589.694,0.000382,1,-0.00199874,0.00199956,0.0002625,897.237
0,828337,13,phononTF,0.00042201,0.0022849,0.00230194,-0.0002625,13335.6,0.000382,1,1.30013e-07,-1.66295e-06,0.0002625,14724.2
0,828337,2,phononTF,0.00246773,-0.00142503,0.00144831,0.000262498,125.921,0.000908141,1,0.000176383,-0.000156666,-0.0002625,524.536
0,830424,11,phononTF,0.00175033,-0.00159446,0.00237037,-0.0002625,590.54,0.000382,1,-0.000999994,0.00100137,0.0002625,1395.5
0,830651,4,phononTS,0.00118111,-0.000772742,0.00101028,-0.0002625,1338.72,0.000382,1,-0.000999795,0.0009968,0.0002625,1826.83
0,834792,6,phononTS,0.000553333,-0.00438852,-0.000578809,-0.0002625,705.912,0.000382,1,-0.00300316,-0.00100426,0.0002625,1710.54
0,840734,10,phononTS,0.00060512,0.0024228,0.00204405,-0.0002625,5126.13,0.000382,1,0.00200265,0.00199669,0.0002625,5474.4
0,844510,12,phononTS,0.000493005,-0.0020049,1.41657e-06,0.000262498,8514.21,0.000493005,1,-0.00309516,-0.000192882,-0.0002625,8765.68
0,845211,11,phononL,0.000505436,-0.00104931,0.00147053,-0.000262498,673.402,0.000382,1,-0.00100136,0.000995605,0.0002625,750.304
0,851455,8,phononTF,0.000465413,-0.00334907,0.000829328,-0.0002625,2465.08,0.000382,1,-0.00199557,-1.03294e-06,0.0002625,4049.93
0,851455,3,phononTS,0.00239471,-0.00126484,0.00139271,0.000262498,71.8734,0.000401623,1,-0.00124296,0.00172913,-0.0002625,198.283
0,852392,20,phononTS,0.00080952,7.92904e-05,-0.00124527,-0.0002625,3143.5,0.000382,1,-2.94302e-06,-0.00199716,0.0002625,3697.78
0,860769,8,phononTS,0.000480108,-4.85372e-05,0.00248975,-0.0002625,4120.39,0.000382,1,2.23571e-06,0.00200223,0.0002625,4839.44
0,861731,7,phononTF,0.00100591,-0.00128599,0.00167725,-0.000262498,347.936,0.000764,1,-3.60671e-06,0.00200188,0.0002625,614.505
0,863212,13,phononTF,0.000486494,0.00136673,0.00136951,-0.0002625,10435.3,0.000382,1,0.0010005,0.00100478,0.0002625,12938
0,864115,7,phononTS,0.000551164,-0.00156553,0.00140203,-0.000262498,196.514,0.000382,1,-0.0020012,2.74034e-07,0.0002625,505.897
0,865335,22,phononTS,0.000809571,-0.00199837,0.00199885,0.000262498,435.223,0.000395152,1,-0.00202534,0.00196901,-0.0002625,524.76
0,865915,17,phononTS,0.000559903,-0.00204221,0.000524051,-0.000262498,537.229,0.000382,1,-0.00200081,1.63315e-06,0.0002625,686.131
0,870945,16,phononTF,0.00106487,0.00100426,-0.000996217,0.0002625,491.589,0.000603915,1,0.000751456,-0.000755718,-0.0002625,2289.81
0,876232,19,phononTS,0.000417041,0.00199901,0.00199866,0.000262498,3506.45,0.000417041,1,0.00319829,0.00132162,-0.0002625,3793.44
0,876233,1,phononTS,0.01,-0.0011885,0.00113787,-0.000227727,0,0.00343144,1,-0.00118208,0.00118215,-0.0002625,363.882
0,876233,5,phononTS,0.00196878,-0.000999983,0.00119377,-5.64261e-05,363.882,0.00036967,1,-0.00102812,0.00126583,-0.0002625,463.278
0,879093,2,phononTF,0.0027965,-0.000172155,0.000124204,-0.0002625,452.884,0.000764,1,2.86979e-06,-4.62614e-06,0.0002625,1348.85
0,879093,5,phononTS,0.0013476,2.86979e-06,-4.62614e-06,0.000262498,1348.85,0.000698588,1,-1.14099e-05,-1.97848e-05,-0.0002625,1443.53
0,879519,8,phononTF,0.00089889,0.00099562,0.000998991,0.000262498,1268.96,0.000614955,1,0.00105594,0.000927887,-0.0002625,1360.38
0,879816,6,phononTF,0.000432687,-0.00115551,-0.00284871,-0.0002625,680.321,0.000382,1,-0.00199603,-0.00199571,0.0002625,5736.72
0,884262,6,phononTS,0.000894167,0.0020427,-0.000270786,-0.0002625,2148.72,0.000382,1,0.00200488,5.3657e-07,0.0002625,3193.58
0,888426,6,phononL,0.000924365,-0.000977618,0.00171108,-0.000262498,978.097,0.000382,1,-0.000998723,0.000995098,0.0002625,1073.08
0,888426,4,phononTF,0.0011654,-0.00113953,0.00189965,0.000262498,529.678,0.000853971,1,-0.0015013,0.00165036,-0.0002625,651.056
0,890178,2,phononTF,0.00123617,0.00065093,-0.00063881,-0.0002625,107.654,0.000764,1,0.0010027,-0.000999828,0.0002625,1059.46
0,893272,2,phononTF,0.00804463,-0.00195053,0.00195372,0.000221879,979.252,0.002674,1,-0.00199527,0.00199728,0.0002625,1310.36
0,893307,24,phononL,0.000430577,0.00105717,-0.00257092,-0.0002625,15865.5,0.000382,1,0.0010048,-0.0030006,0.0002625,16193.5
0,893308,1,phononTF,0.01,-0.00106305,0.00147542,-0.000247229,0,0.00528971,1,-0.00106146,0.00147525,-0.0002625,669.607
0,897294,8,phononTF,0.000510377,-0.00192126,-0.00198742,-0.0002625,3299.32,0.000382,1,-0.00200271,-0.0020019,0.0002625,4444.32
0,898070,10,phononTF,0.000727163,-0.000299094,-0.0017077,-0.0002625,1903.62,0.000382,1,-6.15383e-08,-0.00199831,0.0002625,3184.84
0,898210,3,phononTS,0.00230762,-0.00196184,-3.60706e-05,-0.0002625,174.497,0.000382,1,-0.00200251,-4.44991e-06,0.0002625,1843.82
0,901836,4,phononTS,0.00185658,-0.000118904,0.00195355,-0.0002625,5.04484,0.000382,1,4.46383e-06,0.00200238,0.0002625,1203.13
0,901836,5,phononTS,0.00105245,4.46383e-06,0.00200238,0.000262498,1203.13,0.000959481,1,-4.82256e-05,0.00204603,-0.0002625,1296.64
0,902156,6,phononTS,0.000611647,-0.00105716,0.0017281,-0.000262498,672.822,0.000382,1,-0.00100038,0.000998054,0.0002625,855.707
0,905427,5,phononTS,0.00272634,-0.00105054,0.00094525,-0.000262498,260.839,0.000382,1,3.30893e-07,0.00199925,0.0002625,577.894
0,906680,9,phononTS,0.000454008,-0.00100191,0.00300022,0.0002625,3609.21,0.000454008,1,-0.00152029,0.00299537,-0.0002625,6963.83
0,918043,17,phononTS,0.000435563,-0.00139346,0.00108166,-0.0002625,9376.28,0.000382,1,-0.000998868,0.000997389,0.0002625,9787.61
0,920607,4,phononTS,0.00152807,-0.000640123,0.00176153,-0.0002625,27.6962,0.000382,1,2.30737e-06,0.0020001,0.0002625,389.177
0,921270,5,phononTS,0.00039629,0.00107118,-0.00298353,-0.000262498,4000.8,0.000382,1,0.000995457,-0.00300296,0.0002625,4099.98
0,921459,18,phononTF,0.000392236,-0.00340339,-0.000564732,-0.0002625,783.408,0.000382,1,-0.00300154,-0.00100039,0.0002625,1151.65
0,925535,13,phononTS,0.00176473,-0.000996327,0.000996026,0.0002625,1473.69,0.000554349,1,-0.00102003,0.00141095,-0.0002625,1746.76
0,926368,3,phononTF,0.00251225,-0.00176035,0.00175237,-0.0002625,43.0256,0.000764,1,-0.00200025,0.00200095,0.0002625,258.136
0,929741,21,phononTS,0.000470436,1.99517e-06,0.00199501,0.000262498,12236.4,0.000470436,1,-0.00070801,0.00203896,-0.0002625,12412.7
0,932562,8,phononTF,0.000499951,0.00157647,-0.00359965,-0.0002625,2950.37,0.000382,1,0.00099622,-0.00300368,0.0002625,3732.2
0,935044,10,phononTF,0.000454942,-0.00196078,-3.9462e-05,-0.000262498,3159.79,0.000382,1,-0.00199863,-6.92764e-07,0.0002625,3250.15
0,935784,9,phononTS,0.000689289,-0.00216138,-2.12085e-05,-0.0002625,4249.53,0.000382,1,-0.00199663,4.34386e-06,0.0002625,4564.33
0,935799,11,phononTS,0.000750912,-0.00197325,0.000100681,-0.0002625,1623.45,0.000382,1,-0.00200082,4.26424e-06,0.0002625,1917.51
0,937804,11,phononTF,0.000454223,0.00223997,-0.00175084,-0.000262498,6414.14,0.000382,1,0.00200279,-0.0019992,0.0002625,6521.48
0,938434,7,phononTS,0.000574467,-0.000476414,0.00183663,-0.0002625,369.531,0.000382,1,-0.000999704,0.0029976,0.0002625,1315.33
0,940717,19,phononTF,0.000610085,-0.0017256,0.000270899,-0.0002625,3315.64,0.000382,1,-0.00200102,-7.46695e-07,0.0002625,3650.55
0,943033,14,phononTF,0.000505952,0.000224238,0.000625768,-0.0002625,16140.7,0.000382,1,0.00199783,0.00200499,0.0002625,25416.8
0,944325,10,phononTF,0.000402991,-0.000857691,-0.00114459,-0.0002625,8283.81,0.000382,1,-0.000998594,-0.000997258,0.0002625,9473.46
0,945628,18,phononTF,0.000543526,-0.00113248,-0.00113954,-0.0002625,1064.8,0.000382,1,-0.00100128,-0.00100118,0.0002625,1677.18
0,946541,16,phononTF,0.00122391,-2.65148e-06,0.00200172,0.000262498,1394.4,0.000883168,1,0.000227802,0.00224341,-0.0002625,1500.86
0,948897,9,phononTF,0.000434828,-0.00200016,0.00200329,0.000262498,5495.54,0.000434828,1,0.000515591,-0.00104821,-0.0002625,6183.37
0,953685,11,phononTS,0.000869525,0.00100165,-0.0029977,0.000262498,4538.72,0.000589801,1,0.00105397,-0.00302186,-0.0002625,4628.26
0,953685,2,phononTS,0.00183049,-0.00193818,0.00108053,0.000262498,310.428,0.000589784,1,-0.00192748,0.00106519,-0.0002625,404.909
0,953939,3,phononTS,0.00306746,-0.000947106,0.00253764,-0.0002625,31.0479,0.001528,1,-0.000995169,0.0029986,0.0002625,863.584
0,957745,2,phononTS,0.000440159,-0.00108761,0.00218017,-0.0002625,105.07,0.000382,1,-0.00100063,0.0030049,0.0002625,491.243
0,960678,4,phononTS,0.00205182,-0.00135866,0.000968941,-0.0002625,80.1208,0.000382,1,-0.0010037,0.000997315,0.0002625,373.945
0,960678,5,phononTS,0.00163227,-0.0010037,0.000997315,0.000262498,373.945,0.0012501,1,-0.000523878,0.000994078,-0.0002625,516.989
0,963182,7,phononTS,0.000496793,-0.000785579,0.00250561,-0.0002625,471.22,0.000382,1,-0.00100457,0.00299524,0.0002625,825.314
0,966477,2,phononTF,0.00536346,-0.00201538,0.00198761,0.000242032,519.183,0.001146,1,-0.00199931,0.0020024,0.0002625,1107.34
0,966713,14,phononTF,0.000444237,-0.00135766,-0.000193374,-0.0002625,4360.77,0.000382,1,-1.41418e-06,3.69274e-06,0.0002625,5193.13
0,966974,2,phononTF,0.00414276,-0.00100138,0.000998368,0.0002625,226.047,0.00126347,1,-0.000218345,0.000210015,-0.0002625,505.044
0,968061,18,phononTS,0.000446226,-0.00100548,-0.00140745,-0.0002625,11213.8,0.000382,1,-0.000996916,-0.000999393,0.0002625,11962.4
0,968135,9,phononTS,0.000445072,-0.00229175,-0.00145392,-0.0002625,4214.53,0.000382,1,-0.000995286,-0.00099818,0.0002625,5179.4
0,968243,8,phononTF,0.00076158,0.00161465,0.00240944,-0.0002625,2028.18,0.000382,1,0.00200402,0.00200422,0.0002625,7044.07
0,973996,3,phononTF,0.00595048,-0.00198303,0.00202104,0.000201912,213.12,0.001528,1,-0.00200279,0.0020013,0.0002625,302.018
0,976253,10,phononTS,0.000946231,-0.00116649,0.00304058,-0.000262498,666.038,0.000382,1,-0.00100352,0.00299598,0.0002625,774.386
0,982774,11,phononTS,0.000569116,-0.000945082,0.000976379,-0.0002625,334.776,0.000382,1,-0.000996487,0.0010024,0.0002625,691.994
0,985877,5,phononTS,0.00104021,-0.00199213,0.00202968,-0.000262498,222.577,0.000382,1,-0.00200078,0.00200401,0.0002625,312.326
0,985877,6,phononTF,0.000516787,-0.00200078,0.00200401,0.000262498,312.326,0.000516787,1,-0.000914765,0.00104378,-0.0002625,579.091
0,986496,2,phononL,0.000771725,-0.000478973,0.00193653,-0.0002625,1040.77,0.000382,1,3.88686e-06,0.00200257,0.0002625,1195.93
0,992746,17,phononTF,0.000479187,-0.00183494,0.00382378,-0.0002625,6823.78,0.000382,1,-0.00100343,0.00299871,0.0002625,11282.6
0,994280,6,phononTF,0.000422737,0.00314762,0.0011077,-0.0002625,1213.62,0.000382,1,0.00300093,0.000996538,0.0002625,3202.12
0,997368,7,phononTS,0.000622038,-0.00273426,0.00156743,-0.000262498,740.401,0.000382,1,-0.00200309,3.72895e-06,0.0002625,1093.83
0,1001270,2,phononTF,0.00223654,-0.00156331,0.0016116,-0.0002625,147.934,0.000764,1,-0.00099942,0.00100276,0.0002625,415.033
0,1005747,2,phononTS,0.00615892,-0.000832431,0.00227928,-0.0002625,460.632,0.000764,1,-0.00100419,0.00300241,0.0002625,717.348
0,1006562,5,phononTF,0.00171243,-0.0010029,0.00099646,0.000262498,2153.39,0.000553157,1,-0.00144482,0.00125842,-0.0002625,2286.06
0,1010858,2,phononTS,0.00264068,-0.000877571,0.00229745,6.21939e-05,63.7309,0.001528,1,-0.00199616,0.0020005,0.0002625,877.928
0,1010859,1,phononTF,0.01,-0.000920195,0.00184888,-0.000245923,0,0.00233711,1,-0.000923752,0.00184518,-0.0002625,1172.88
0,1014540,7,phononTS,0.000786083,0.0015636,0.00100392,-0.0002625,2418.76,0.000764,1,0.00200317,-4.41587e-06,0.0002625,5253.72
0,1018848,4,phononTS,0.00149293,0.00041984,-0.00179455,-0.0002625,559.778,0.000382,1,-1.19965e-06,-0.00199619,0.0002625,3330.9
0,1019918,5,phononTS,0.00152466,-0.00197859,0.00197489,-0.0002625,923.51,0.000764,1,-0.00200478,0.00199818,0.0002625,1103.09
0,1019918,4,phononTF,0.00161959,-0.0019524,0.00195159,0.000262498,923.51,0.00161959,1,-0.00221008,0.00191899,-0.0002625,1029.02
0,1020747,18,phononTF,0.00152329,-0.000878054,0.00103296,-0.0002625,540.001,0.000382,1,-0.00100409,0.00100244,0.0002625,852.485
0,1024997,6,phononTF,0.000766224,-0.00167025,0.00168012,-0.0002625,603.718,0.000382,1,-0.00199998,0.0019964,0.0002625,948.182
0,1025314,4,phononTS,0.00296388,-0.000972705,0.00105912,0.000237114,15.0349,0.001146,1,-0.000998529,0.00100104,0.0002625,121.326
0,1028239,4,phononTS,0.000826963,0.0020021,0.00200242,0.0002625,15.0839,0.000469556,1,0.00417288,0.00306621,-0.0002625,1618.01
0,1031795,18,phononTS,0.000725941,-0.00104678,0.000962202,-0.0002625,5640.28,0.000382,1,-0.00100385,0.00099931,0.0002625,7718.97
0,1035622,4,phononTS,0.0016585,-0.00104309,0.00104065,-0.000262498,810.752,0.000764,1,-0.000995811,0.00100061,0.0002625,899.853
0,1039276,5,phononTS,0.00153956,-0.00108449,0.00097947,-0.0002625,340.371,0.000764,1,-0.00100254,0.0010026,0.0002625,535.356
0,1041333,5,phononTS,0.000471393,0.00454536,-0.00342473,-0.0002625,2223.66,0.000382,1,0.0019965,2.3798e-06,0.0002625,5922.21
0,1041773,9,phononL,0.000487121,0.00218511,0.00115043,-0.0002625,2709.45,0.000382,1,0.00199554,0.00199766,0.0002625,3701.69
0,1042398,4,phononL,0.00127062,-0.000656434,0.000233621,-0.000262498,1859.21,0.000382,1,-3.01387e-06,-1.02493e-06,0.0002625,1953.58
0,1042398,11,phononTS,0.000529508,-3.01387e-06,-1.02493e-06,0.000262498,1953.58,0.000529508,1,2.75356e-05,-7.05482e-06,-0.0002625,2043.15
0,1044021,14,phononTF,0.000580974,0.00199572,0.00199575,0.000262498,5244.41,0.000580974,1,0.00134445,0.00132653,-0.0002625,5427.71
0,1045591,8,phononTS,0.00220487,-0.00115306,0.00100796,-0.0002625,1066.95,0.000382,1,-0.000995116,0.000996488,0.0002625,1586.33
0,1046972,6,phononTF,0.000424656,-0.00221204,0.00181289,-0.000262498,2277.86,0.000382,1,-0.00199873,0.00199796,0.0002625,2380.81
0,1046973,1,phononL,0.01,-0.00126848,0.00154407,-9.04259e-05,0,0.00327064,1,-0.00118814,0.00144714,-0.0002625,237.045
0,1051077,15,phononTF,0.000580802,-4.02168e-06,0.00200278,0.000262498,4922.11,7.55437e-05,1,-0.00074311,0.00125541,-0.0002625,5123.24
0,1054301,6,phononTS,0.00051135,-0.001315,0.00103078,-0.000262498,149.356,0.000382,1,-0.00100429,0.00100151,0.0002625,272.99
0,1059987,5,phononTS,0.0021012,7.40609e-05,0.00204819,-0.000262498,1170.26,0.000764,1,4.25418e-06,0.00200403,0.0002625,1265.99
0,1060401,3,phononTF,0.0005661,-0.00110093,0.00290188,-0.0002625,71.877,0.000382,1,-0.000997337,0.00300248,0.0002625,834.783
0,1060401,2,phononTF,0.000675297,-0.00115238,0.00150317,0.000262498,71.877,0.000459817,1,-0.000981317,0.00122401,-0.0002625,181.307
0,1067359,5,phononTS,0.000863525,-0.0010666,0.00234889,-0.0002625,298.325,0.000382,1,-0.00100418,0.00300203,0.0002625,759.13
0,1067694,31,phononTS,0.000629472,0.00100234,0.00100469,0.000262498,4989.96,0.000629472,1,0.000708361,0.00117415,-0.0002625,5121.14
0,1069639,15,phononL,0.000595234,-0.000699085,0.000224759,-0.000262498,7279.47,0.000382,1,-4.88975e-06,3.70065e-06,0.0002625,7376.69
0,1070127,2,phononTF,0.000422124,-0.00245696,0.00155386,-0.0002625,369.912,0.000382,1,-0.00199693,0.00200242,0.0002625,975.484
0,1070128,3,phononTS,0.00651871,-0.00109932,0.00197328,0.000120826,316.688,0.00257577,1,-0.00109785,0.00199903,-0.0002625,867.739
0,1074697,13,phononTS,0.00038565,-0.00070018,0.00246047,-0.000262498,2729.06,0.000382,1,-0.000999795,0.00299542,0.0002625,2900.35
0,1076941,10,phononTF,0.000409283,-0.00171204,-0.00170089,-0.000262498,2451.95,0.000382,1,-0.00200208,-0.00200314,0.0002625,2566.87
0,1077129,13,phononTS,0.000563815,2.7308e-08,5.09515e-07,0.000262498,3953.26,0.000563815,1,0.00323699,0.00357092,-0.0002625,4852.34
0,1079012,17,phononTS,0.00057835,0.00195446,-0.00211121,-0.0002625,2334.28,0.000382,1,0.00200073,-0.00200297,0.0002625,2828.57
0,1079141,5,phononTF,0.000504805,0.000630552,0.000756795,-0.0002625,1520.23,0.000382,1,-2.12963e-06,-4.34821e-06,0.0002625,1820.75
0,1082141,2,phononTS,0.000664831,0.00139554,0.00171535,-0.0002625,581.448,0.000382,1,0.00100004,0.00100393,0.0002625,1384.16
0,1083328,3,phononTS,0.00274969,0.000106103,0.00287439,-0.0002625,104.408,0.000382,1,3.29578e-06,0.002002,0.0002625,2523.19
0,1085365,4,phononTS,0.00306229,-0.00200339,0.0019961,0.0002625,967.246,0.000807336,1,-0.0013174,0.00246673,-0.0002625,1379.35
0,1086100,11,phononTS,0.000427007,-0.00272293,-0.00345132,-0.0002625,13522.2,0.000382,1,-0.00299645,-0.00100356,0.0002625,15159.4
0,1091069,7,phononTS,0.00089999,0.000641022,-0.002506,-0.0002625,3581.89,0.000382,1,-0.00200464,4.4683e-06,0.0002625,5125.31
0,1091903,11,phononTS,0.000405067,-0.000998798,0.00100262,0.000262498,392.647,0.000405067,1,-0.0014598,0.00102976,-0.0002625,533.048
0,1092698,9,phononTF,0.000468715,0.001609,0.00169952,-0.0002625,6081.69,0.000382,1,0.00200107,0.00199547,0.0002625,6762.8
0,1092698,2,phononTS,0.00194261,-0.00138786,0.00147303,0.000262498,11.9485,0.000831353,1,-0.00147091,0.0019015,-0.0002625,153.349
0,1093461,11,phononTS,0.000900121,0.000204682,-0.000143512,-0.0002625,1258.48,0.000382,1,-0.00099749,-0.000999619,0.0002625,2001.86
0,1096925,7,phononTS,0.000966629,-0.000848083,-0.000531455,-0.000262498,1437.57,0.000764,1,-0.000996036,-0.00100262,0.0002625,1588.69
0,1099753,6,phononTF,0.00107784,-0.00132968,0.000668325,-0.000262498,2061.23,0.000764,1,-0.0010016,0.00100452,0.0002625,2182.35
0,1101800,10,phononTS,0.000933591,0.000691396,-0.00123066,-0.0002625,4264.07,0.000382,1,0.00100103,-0.000998472,0.0002625,5663.77
0,1101947,12,phononTS,0.000472291,-0.000241144,0.00240198,-0.000262498,1857.92,0.000382,1,-3.86612e-06,0.00199713,0.0002625,2007.64
0,1114370,2,phononTS,0.00632646,-0.0010285,0.0010515,-0.0002625,170.099,0.001528,1,-0.0009975,0.000998505,0.0002625,444.935
0,1116930,25,phononTS,0.000382942,0.000749106,-0.00133588,-0.0002625,4001.63,0.000382,1,5.61564e-07,-0.00199835,0.0002625,4705.65
0,1119581,3,phononTF,0.00266044,-0.000240488,-0.0016801,9.00614e-05,7.10767,0.001146,1,1.27234e-06,-0.00200238,0.0002625,1806.3
0,1120047,23,phononTS,0.000463482,2.35159e-05,-0.00244117,-0.0002625,10825.2,0.000382,1,3.19082e-06,-0.00200093,0.0002625,11339.7
0,1120657,7,phononTS,0.0011824,-0.00203435,0.00195071,-0.000262498,340.024,0.000764,1,-0.00199732,0.00199892,0.0002625,434.071
0,1121573,4,phononTS,0.00224613,-0.000982405,0.000963382,-0.0002625,735.132,0.001146,1,-0.00100049,0.000995387,0.0002625,1662.65
0,1121675,19,phononTF,0.0014308,-0.00111388,0.00104298,-0.0002625,589.818,0.000382,1,-0.00100419,0.00100425,0.0002625,1054.77
0,1122950,22,phononTF,0.00156804,-0.000997077,0.000999884,0.000262498,1150.09,0.000657169,1,-0.00204311,0.00201166,-0.0002625,1415.82
0,1126209,11,phononL,0.001569,-0.00192007,-0.00160096,-0.0002625,4045.81,0.000382,1,-0.00200312,-0.00200322,0.0002625,5376.15
0,1126442,10,phononTS,0.000590776,-0.000752805,-0.000768605,-0.000262498,6065.06,0.000382,1,-0.00100039,-0.000998083,0.0002625,6196.71
0,1126509,6,phononTS,0.00207616,0.0027977,2.70258e-05,-0.0002625,3290.26,0.000382,1,0.00200144,1.10701e-08,0.0002625,4180.85
0,1131635,9,phononTF,0.00127702,-0.00200206,-0.00200075,0.000262498,1086.99,0.00127702,1,-0.000505505,-0.004419,-0.0002625,1593.39
0,1132473,12,phononTS,0.000420581,-0.00101687,-0.00104964,-0.000262498,2263.74,0.000382,1,-0.00100025,-0.000999009,0.0002625,2353.69
0,1136701,7,phononTS,0.00125967,-0.00108188,0.001833,-0.0002625,1392.77,0.000382,1,-4.66465e-06,0.00199659,0.0002625,2671.46
0,1138026,10,phononTS,0.000495425,-0.00200168,0.00159017,-0.0002625,1811.26,0.000382,1,-0.00199899,0.00200083,0.0002625,2416.64
0,1142371,6,phononTF,0.00191637,-0.00193551,-7.33257e-05,-0.0002625,896.386,0.000764,1,-0.00200004,2.62548e-06,0.0002625,1171.28
0,1143853,14,phononTF,0.000748807,-0.00233389,0.00194618,-0.0002625,826.171,0.000382,1,-0.0019976,0.00199769,0.0002625,1171.97
0,1144471,3,phononTF,0.00590562,-0.00101641,0.000979741,0.000216355,249.288,0.000382,1,-0.000998842,0.000996944,0.0002625,318.441
0,1144471,5,phononTF,0.00299686,-0.000998842,0.000996944,0.000262498,318.441,0.00128286,1,-0.000530338,0.000540059,-0.0002625,462.021
0,1153130,2,phononTS,0.00220203,-0.005,0.0020195,-0.000233617,260.33,0.001146,1,0.00200167,0.00200237,0.0002625,5402.31
0,1160296,7,phononTS,0.000599479,0.00200487,-0.00200227,0.000262498,4662.19,0.000185368,1,0.00084478,0.000316914,-0.0002625,5169.58
0,1161446,8,phononTF,0.00132786,-0.000824308,0.002831,-0.0002625,1249.43,0.000382,1,-0.000995271,0.00299743,0.0002625,2717.15
0,1162446,14,phononTS,0.00150912,-0.00100424,0.00300487,0.000262498,2701.32,0.000489493,1,0.00267084,-0.000752617,-0.0002625,3677.41
0,1164793,15,phononTS,0.000403833,0.00220334,-1.01978e-05,-0.0002625,6515.45,0.000382,1,0.00200184,1.84197e-06,0.0002625,7067.44
0,1165660,3,phononTF,0.000676989,0.00135063,-0.00136511,-0.0002625,27.8782,0.000382,1,0.000996398,-0.00100084,0.0002625,1091.75
0,1167334,9,phononTF,0.000579255,0.000392537,-0.0035226,-0.0002625,3526.69,0.000382,1,0.00100063,-0.00300158,0.0002625,4521.88
0,1167835,12,phononTF,0.000709521,-0.00264999,-0.00292537,-0.0002625,1882.97,0.000382,1,-0.0020029,-0.00200119,0.0002625,3793.96
0,1169268,8,phononTS,0.000489919,0.00212184,0.00100462,-0.0002625,9259.49,0.000382,1,0.00200077,0.00199744,0.0002625,13957
0,1170760,1,phononTF,0.01,-0.0010258,0.000984504,0.000216828,0,0.003056,1,-0.00100019,0.00100118,0.0002625,1028.45
0,1171433,9,phononTF,0.000578197,0.00140802,0.00258513,-0.0002625,13571.8,0.000382,1,0.00200325,0.00199819,0.0002625,24182.4
0,1171433,3,phononTF,0.00121788,-0.00136631,0.0014995,0.000262498,5.0931,0.000305184,1,-0.00126781,0.00159285,-0.0002625,97.9104
0,1173465,5,phononTS,0.00133168,0.00105256,0.00107519,-0.000262498,4072.75,0.000382,1,0.00100267,0.00100427,0.0002625,4168.4
0,1178278,7,phononTF,0.000657908,0.00199918,0.00199966,0.000262498,7457.98,0.000657908,1,0.00254966,0.00147812,-0.0002625,7617.02
0,1185844,5,phononTS,0.000771358,0.000508982,0.000987591,-0.0002625,331.417,0.000382,1,0.000997188,0.000997061,0.0002625,808.748
0,1186795,15,phononTS,0.000675176,-0.00199864,0.00199633,0.0002625,163.978,0.000675176,1,-0.00204602,0.00208442,-0.0002625,358.149
0,1189625,17,phononTS,0.000504107,-0.0026791,0.00359523,-0.000262498,1689.4,0.000382,1,-0.00200079,0.00199941,0.0002625,2045.16
0,1193928,14,phononTS,0.000721942,0.000834468,0.00498966,-0.000262498,6410.97,0.000721942,1,0.000841612,0.005,-6.45696e-05,6444.75
0,1195430,6,phononTS,0.0028276,-0.000978317,0.000700029,-5.03087e-05,348.906,0.000382,1,-0.000997008,0.000995194,0.0002625,678.997
0,1198069,11,phononTF,0.000424409,0.00100009,0.00100459,0.0002625,5031.57,0.000424409,1,0.000943849,0.000950508,-0.0002625,5213.3
0,1200186,3,phononTF,0.00216228,-0.00360457,-0.00162086,-0.0002625,14.4601,0.000764,1,-0.00299889,-0.00100408,0.0002625,1189.6
0,1202597,4,phononTS,0.002657,-0.000673058,0.0017476,-0.0002625,13.3211,0.001146,1,-4.97715e-06,0.00199749,0.0002625,383.629
0,1203164,10,phononTF,0.00122603,-0.000900952,0.00115723,-0.0002625,720.323,0.000764,1,-0.000996178,0.00100039,0.0002625,1215.48
0,1210008,10,phononTF,0.00144904,-0.000224693,-0.00177492,-0.0002625,1205.94,0.000382,1,4.0632e-06,-0.00200023,0.0002625,2367.82
0,1215089,10,phononL,0.000402684,-0.000781436,0.00124298,-0.000262498,4566.95,0.000382,1,-0.00100062,0.00100469,0.0002625,4635.91
0,1216470,2,phononTS,0.000451258,-0.000977436,0.00212623,-0.0002625,81.2872,0.000382,1,-0.00199956,0.00200174,0.0002625,1546.99
0,1216893,11,phononTS,0.00119839,0.00184529,-0.000971275,-0.000262499,12893.7,0.000764,1,0.00100296,-0.000999323,0.0002625,13092
0,1220101,17,phononTF,0.000595661,-0.00199761,0.00199711,0.000262498,1230.47,0.000595661,1,-0.00216341,0.00215451,-0.0002625,1328.46
0,1221558,5,phononTS,0.000664321,-0.000947977,0.00110846,-0.0002625,152.921,0.000382,1,-0.000996309,0.000996607,0.0002625,648.658
0,1226607,5,phononTF,0.00046614,0.00021225,0.00177387,-0.0002625,1975.6,0.000382,1,-1.05344e-06,0.00199768,0.0002625,3851.31
0,1226960,6,phononTS,0.000470217,0.00104562,-0.00324571,-0.000262498,1880.46,0.000382,1,0.000996276,-0.00299672,0.0002625,1998.05
0,1227514,11,phononTS,0.000617006,0.000123701,0.00198475,-0.0002625,821.867,0.000382,1,-2.17666e-06,0.00200124,0.0002625,1965.76
0,1232488,2,phononTF,0.00129124,-0.00114474,0.000955261,-0.0002625,703.36,0.000764,1,-0.000996073,0.000997293,0.0002625,1276.08
0,1235080,23,phononTS,0.000625048,-0.000975544,0.00145869,-0.000262498,942.154,0.000382,1,-0.000995753,0.000996967,0.0002625,1082.69
0,1235120,5,phononTS,0.00137081,-0.00185722,0.000883814,-0.0002625,616.625,0.000382,1,1.7387e-06,2.54306e-07,0.0002625,1926.02
0,1235871,19,phononTS,0.00169304,-0.00200005,3.10795e-06,0.0002625,343.913,0.00064571,1,-0.00171335,-0.000300127,-0.0002625,629.833
0,1236841,7,phononTS,0.000431029,-0.00111024,0.00112847,-0.0002625,886.325,0.000382,1,-0.0010023,0.000997234,0.0002625,1619.95
0,1236958,7,phononTS,0.00111968,-0.00200141,0.00199883,0.0002625,468.995,0.00051412,1,-0.0020015,0.00198495,-0.0002625,656.571
0,1241387,4,phononTS,0.00168661,0.000388412,0.00113774,-0.0002625,16.1232,0.000382,1,0.000995196,0.000996073,0.0002625,693.002
0,1250767,5,phononTF,0.00101584,-0.000998624,0.00299536,0.000262498,818.084,0.000159712,1,-0.000489522,0.00351901,-0.0002625,972.789
0,1259258,3,phononTF,0.00286389,-0.00187716,0.0019142,-0.0002625,381.418,0.000382,1,-0.00200294,0.00200161,0.0002625,943.701
0,1261302,8,phononTS,0.00302862,-0.000850632,0.00212063,-0.0002625,1022.86,0.000764,1,-0.0010046,0.00300467,0.0002625,2440.83
0,1264254,21,phononTF,0.000561798,-0.00200139,0.00199852,0.0002625,784.946,0.000561798,1,-0.00171442,0.00174394,-0.0002625,1015.09
0,1266128,3,phononTF,0.00268156,-0.000341623,0.00187237,-0.0002625,8.48266,0.000764,1,1.60556e-06,0.00200074,0.0002625,475.527
0,1273795,5,phononTS,0.00100372,-0.00104172,0.00278979,-0.0002625,268.77,0.000382,1,-0.00100335,0.00299519,0.0002625,811.915
0,1278420,3,phononTS,0.00288578,-0.00107542,0.00104885,-0.0002625,1185.47,0.000764,1,-0.00100387,0.00100216,0.0002625,1377.04
0,1283286,15,phononTF,0.000635968,0.00247731,0.00218359,-0.0002625,7423.73,0.000382,1,0.00200233,0.00200062,0.0002625,13860.1
0,1284229,11,phononTF,0.000540078,-0.00300249,-0.000998966,0.0002625,1041.18,0.000540078,1,-0.00400055,-0.0020153,-0.0002625,1560.85
0,1284249,12,phononTS,0.000608846,-0.00402463,0.00026161,-0.000262498,5083.32,0.000382,1,-0.00200479,0.00199863,0.0002625,5580.74
0,1295971,5,phononTS,0.00139584,-0.000914508,0.00181296,-0.000262498,571.591,0.000382,1,-0.000995544,0.00100049,0.0002625,762.628
0,1295971,10,phononTF,0.000867033,-0.000995544,0.00100049,0.000262498,762.628,0.000867033,1,-0.00101633,0.000979068,-0.0002625,852.652
0,1296685,3,phononTS,0.00233665,-7.47713e-06,0.00207107,0.000180791,223.845,0.000764,1,-1.93578e-06,0.00200341,0.0002625,966.36
0,1296685,8,phononTF,0.000558688,-0.00265646,-0.005,-0.000221964,966.36,0.000558688,1,-0.0032261,-0.00480115,-0.0002625,3387.89
0,1298798,3,phononTF,0.00206684,-0.00120612,0.00121304,-0.0002625,125.074,0.000382,1,-0.000996797,0.00100055,0.0002625,331.808
0,1300068,11,phononTF,0.000773863,-0.000997832,-0.000999841,0.0002625,958.574,0.000386592,1,-0.000688148,-0.00132185,-0.0002625,1194.47
0,1303182,2,phononTF,0.000736884,-0.00119613,0.00119876,-0.000262498,231.411,0.000382,1,-0.00100131,0.00100279,0.0002625,333.102
0,1304045,5,phononTF,0.000885416,-0.00143502,-0.000564358,-0.0002625,582.347,0.000382,1,-0.000999378,-0.0010011,0.0002625,1234.33
0,1305967,6,phononTF,0.000837819,-0.00118444,0.00110406,-0.0002625,1462.7,0.000382,1,-0.000995047,0.000999999,0.0002625,1760.41
0,1311978,5,phononTS,0.0011495,-0.00130366,0.0018739,-0.0002625,176.077,0.000382,1,-0.00199682,0.00200218,0.0002625,578.367
0,1311978,6,phononTF,0.000476866,-0.00199682,0.00200218,0.000262498,578.367,0.000476866,1,-0.0025535,0.00144999,-0.0002625,739.906
0,1314955,19,phononL,0.000671898,-0.00156383,-0.00226057,-0.000262498,3927.21,0.000382,1,-0.00199632,-0.00200466,0.0002625,4006.57
0,1316738,6,phononTS,0.000520304,-0.00168922,0.00152718,-0.000262498,439.772,0.000382,1,-0.000997803,0.000996277,0.0002625,653.199
0,1317636,11,phononL,0.000481182,0.000209307,0.00146628,-0.000262498,895.986,0.000382,1,1.94156e-06,0.00199909,0.0002625,980.149
0,1317679,20,phononTS,0.00106062,7.00774e-05,0.00186491,-0.0002625,7818.45,0.000382,1,6.52342e-07,0.00200372,0.0002625,13977.5
0,1317679,21,phononTS,0.000405632,6.52342e-07,0.00200372,0.000262499,13977.5,0.000405632,1,0.00420297,0.0049991,-0.0002625,14937.4
0,1317894,24,phononTF,0.000527754,-0.0010123,-0.00300553,-0.000262498,9565.77,0.000382,1,-0.00199998,-0.00199822,0.0002625,9823.39
0,1320031,2,phononTF,0.00195406,-0.00118699,0.00119839,-0.0002625,45.7566,0.000382,1,-0.000995425,0.00099749,0.0002625,249.845
0,1323378,2,phononTS,0.000608816,-0.00111754,0.00140497,-0.0002625,588.552,0.000382,1,-0.000996932,0.00100113,0.0002625,2034.51
0,1328288,4,phononTS,0.0015847,-0.000963866,0.00217991,-0.0002625,1995.92,0.000382,1,-0.00100382,0.00299826,0.0002625,2726.82
0,1337628,8,phononTS,0.000523923,-0.00102627,-0.00125135,-0.0002625,15400,0.000382,1,-0.00100466,-0.00100448,0.0002625,16252.6
0,1341076,5,phononTF,0.00076615,-0.00147212,0.00173203,-0.000262498,174.193,0.000382,1,-0.00200208,0.00199697,0.0002625,319.916
0,1345331,4,phononTF,0.000821791,-0.00081944,0.000820184,-0.0002625,42.0728,0.000382,1,-0.000997962,0.000999178,0.0002625,1049.2
0,1353977,6,phononTF,0.0011454,-0.00136316,0.00251322,-0.0002625,653.342,0.000382,1,-0.000998326,0.0030023,0.0002625,1080.77
0,1356771,11,phononTF,0.000719752,0.00183988,0.00207951,-0.0002625,1243.88,0.000382,1,0.00200296,0.00199636,0.0002625,2174.76
0,1356771,2,phononTS,0.00238355,-0.00101816,0.0020497,0.000262498,410.576,0.00085622,1,-0.00105496,0.00208681,-0.0002625,500.114
0,1357662,19,phononL,0.000909042,0.000701825,-0.00196301,-0.000262498,12517.4,0.000764,1,4.7696e-06,-0.00200193,0.0002625,12610.8
0,1363146,19,phononTS,0.000718965,-0.00191724,0.00186138,-0.0002625,5971.34,0.000382,1,-0.00199842,0.0019977,0.0002625,6296.4
0,1364591,2,phononTS,0.00187746,0.000916318,-0.000917565,0.000250171,15.137,0.000382,1,0.000998879,-0.000995331,0.0002625,637.972
0,1365528,5,phononTF,0.000391798,0.00307561,0.00107413,-0.0002625,3270.34,0.000382,1,0.0030018,0.0010011,0.0002625,4061.74
0,1366939,8,phononTF,0.00050622,-0.00087726,0.000957436,-0.0002625,1163.05,0.000382,1,-0.00099569,0.000995424,0.0002625,1478.22
0,1369714,17,phononTF,0.000419111,0.00136421,-0.00137877,-0.0002625,1747.31,0.000382,1,0.00100221,-0.0010046,0.0002625,2440.24
0,1371639,4,phononTS,0.0014978,-0.00272401,-0.00212638,-0.0002625,143.634,0.000764,1,-0.00300477,-0.00100159,0.0002625,9779.59
0,1376997,5,phononTF,0.000624927,-0.0013394,-0.000627078,-0.0002625,230.214,0.000382,1,-0.00099878,-0.00100209,0.0002625,1027.68
0,1377959,3,phononTS,0.00300877,-0.00100066,0.00299722,0.0002625,1306.63,0.00185105,1,-0.000994686,0.002981,-0.0002625,1491.63
0,1378145,4,phononTS,0.000935861,-0.00187637,0.00289141,-0.0002625,2145.5,0.000382,1,-0.000998481,0.00300141,0.0002625,3118.28
0,1379265,7,phononTS,0.00128169,-0.000406218,0.000996814,-0.000262498,860.681,0.000382,1,-0.000996628,0.000996366,0.0002625,1020.63
0,1382779,6,phononTF,0.000840077,-0.000996971,0.00300402,0.000262498,1651.36,0.000840077,1,-0.000521496,0.00349315,-0.0002625,1798.66
0,1383347,17,phononTS,0.001142,-0.00103458,0.000948092,-0.000262498,778.107,0.000382,1,-0.000997093,0.00100198,0.0002625,871.159
0,1386899,12,phononTF,0.000419309,0.00227007,0.00303206,-0.0002625,10857.2,0.000382,1,0.00100339,0.000997201,0.0002625,12172.3
0,1390517,6,phononTS,0.000808877,-0.000756313,0.00384541,-0.000262498,2292.72,0.000382,1,-0.00100126,0.00299607,0.0002625,2498.6
0,1392207,16,phononTF,0.000446569,-0.00010124,0.00189807,-0.0002625,21648.7,0.000382,1,-2.06448e-06,0.00199985,0.0002625,21928.1
0,1400367,3,phononTS,0.00146322,-0.00272441,0.00196844,-0.0002625,3.48293,0.000382,1,-0.00200167,0.00199675,0.0002625,950.938
0,1402022,9,phononTS,0.000710756,-0.00204063,-2.00535e-05,-0.0002625,7004.66,0.000382,1,-0.00200085,3.29363e-06,0.0002625,8104.05
0,1402861,4,phononTS,0.00248904,-0.00193809,0.000109969,-0.0002625,13.2478,0.000764,1,-0.00199922,4.43216e-06,0.0002625,925.129
0,1402973,6,phononL,0.00144922,-0.00173461,0.000756958,-0.0002625,2084.87,0.000382,1,-0.00200435,-5.59763e-07,0.0002625,2398.46
0,1404766,2,phononTS,0.0013596,-0.000952789,0.00101837,-0.0002625,1063.63,0.000382,1,-0.000995775,0.000998242,0.0002625,1331.75
0,1406306,4,phononTF,0.00112194,-0.0011776,0.00118532,-0.000262498,392.546,0.000764,1,-0.00100239,0.00100284,0.0002625,492.287
0,1407389,7,phononTS,0.000982201,-0.0004279,0.00129441,-0.0002625,1759.94,0.000382,1,2.47476e-06,-1.24812e-06,0.0002625,4250.53
0,1408921,14,phononTF,0.00107152,-2.51121e-07,0.00200174,0.0002625,9321.04,0.000459123,1,0.000185426,0.00181462,-0.0002625,9723.32
0,1410093,10,phononTS,0.00190634,-0.00100422,0.00100137,0.000262498,361.349,0.000502278,1,-0.00109627,0.000714823,-0.0002625,485.875
0,1411635,15,phononTS,0.00112858,-0.00107322,0.00278835,-0.0002625,479.195,0.000382,1,-0.000998653,0.00300475,0.0002625,1288.87
0,1413963,4,phononTS,0.000494697,-0.00396912,-0.000988321,-0.0002625,711.862,0.000382,1,-0.00299601,-0.00100113,0.0002625,4092.07
0,1415857,22,phononTF,0.000958547,-0.00234005,0.00166005,-0.0002625,1253.28,0.000382,1,-0.00199913,0.00199869,0.0002625,2078.11
0,1415976,9,phononTF,0.000452373,0.000164504,-0.00234038,-0.000262498,8263.21,0.000382,1,0.0010003,-0.00299615,0.0002625,8471.22
0,1416540,4,phononTS,0.00192893,-0.00083249,0.000297104,-0.0002625,15.4733,0.000382,1,-0.000998514,-0.00100133,0.0002625,864.39
0,1418394,13,phononTS,0.00112557,-0.000964684,0.001051,-0.000262498,455.768,0.000382,1,-0.000998141,0.00100163,0.0002625,545.014
0,1420912,13,phononTF,0.000694901,0.000997241,-0.000999429,0.000262498,790.622,0.000694901,1,-0.00057799,0.000517803,-0.0002625,1176.62
0,1423149,3,phononL,0.00120564,0.00248722,-0.0015425,-0.0002625,194.579,0.000382,1,0.000999139,-0.00100199,0.0002625,2377.11
0,1426276,6,phononTS,0.000568233,2.2002e-06,0.00200444,0.0002625,803.303,0.000568233,1,3.3233e-05,0.00195576,-0.0002625,982.057
0,1426276,3,phononTS,0.00140783,-0.005,-0.000784048,-0.000158887,11.6959,0.000755139,1,-0.00483052,-0.000760808,-0.0002625,840.712
0,1427692,2,phononTS,0.000574417,-8.14389e-07,0.00199821,0.0002625,934.933,0.000574417,1,0.000431136,0.00224611,-0.0002625,1550.58
0,1433827,7,phononTF,0.000601246,-0.00220034,0.000173499,-0.0002625,120.281,0.000382,1,-0.00199792,-2.11243e-06,0.0002625,767.468
0,1438364,11,phononTF,0.000843503,-0.00100045,0.00116408,-0.000262498,286.126,0.000764,1,-0.000995046,0.000996687,0.0002625,382.887
0,1442022,8,phononTF,0.0006983,-0.00118374,0.00120383,-0.000262498,1583.1,0.000382,1,-0.00199587,0.00199866,0.0002625,1798.04
0,1442022,2,phononTS,0.00242609,-0.00106409,0.00149584,0.000262498,131.875,0.000767,1,-0.00100072,0.0014569,-0.0002625,227.276
0,1446987,5,phononTF,0.00190756,-0.0017678,0.001748,-0.000262498,483.878,0.000764,1,-0.00200183,0.00199734,0.0002625,591.762
0,1446987,3,phononTS,0.00054687,-0.00140695,0.00158773,0.000262498,37.535,0.00054687,1,-0.0015759,0.00149307,-0.0002625,149.891
0,1452760,4,phononTF,0.000451597,-0.00129599,0.00130367,-0.000262498,843.13,0.000382,1,2.93728e-06,-3.70008e-06,0.0002625,1171.18
0,1453891,24,phononTS,0.000531907,-0.00246828,-0.00204426,-0.000262498,3621.43,0.000382,1,-0.00200374,-0.00200032,0.0002625,3765.53
0,1454200,8,phononTS,0.000401708,0.00100355,0.000995595,0.0002625,1046.17,0.000401708,1,0.00102936,0.0010251,-0.0002625,6452.45
0,1455038,13,phononTS,0.00050047,0.000446938,0.000756161,-0.0002625,7255.6,0.000382,1,0.000997372,0.000999869,0.0002625,8411.75
0,1455345,10,phononTS,0.000889575,-0.00297098,0.00190555,-0.0002625,1338.1,0.000382,1,-0.00199673,0.0020021,0.0002625,2005.99
0,1457287,8,phononTS,0.00172278,-0.00199555,0.0019996,0.0002625,591.113,0.00122804,1,-0.00203895,0.00204093,-0.0002625,769.985
0,1461385,14,phononTF,0.000501081,0.00135852,-0.00137495,-0.0002625,410.779,0.000382,1,0.00100329,-0.00100498,0.0002625,1495.53
0,1462679,8,phononTS,0.000620807,-0.00324663,-8.66299e-05,-0.000262498,4288.83,0.000382,1,-0.00200353,-0.00199971,0.0002625,4742.03
0,1462749,6,phononTS,0.000892703,-0.00138358,0.00201273,-0.0002625,1967.42,0.000382,1,-0.00199582,0.00200071,0.0002625,2444.09
0,1463563,5,phononTF,0.00211854,-0.00176439,0.00223438,-0.0002625,635.527,0.000382,1,-0.00200489,0.00200405,0.0002625,2594.83
0,1465878,12,phononTS,0.00070831,0.00196013,0.00204742,-0.0002625,742.116,0.000382,1,0.00200324,0.00200361,0.0002625,2155.71
0,1467667,5,phononTS,0.000592258,-0.00128481,0.00197321,-0.000262498,654.801,0.000382,1,-0.00199673,0.00200006,0.0002625,831.783
0,1471240,4,phononTS,0.000587136,0.00200034,-0.00200461,0.0002625,266.031,0.000587136,1,0.00204302,-0.00215695,-0.0002625,2647.43
0,1471314,14,phononTS,0.000452796,0.00184357,0.00090426,-0.0002625,1803.3,0.000382,1,0.00100181,0.000997807,0.0002625,4138.41
0,1472196,25,phononTS,0.000551662,5.41859e-05,-1.59222e-05,-0.0002625,1014.08,0.000382,1,7.57207e-07,-4.70266e-06,0.0002625,1288.17
0,1474709,14,phononTS,0.00052489,-0.000996264,-0.000997734,0.0002625,12192.1,0.00052489,1,-0.00103746,-0.00095159,-0.0002625,12370.3
0,1475801,5,phononTF,0.000780962,0.000665262,0.000657265,-0.0002625,629.553,0.000382,1,0.000996246,0.000999369,0.0002625,1664.7
0,1480475,6,phononTF,0.000751125,0.000705112,-0.00317119,-0.0002625,1465.93,0.000382,1,0.00100134,-0.00300042,0.0002625,3670.95
0,1481880,13,phononTF,0.000714603,-4.61105e-06,0.0019956,0.0002625,669.688,0.000527676,1,0.000190391,0.00180512,-0.0002625,1074.73
0,1486188,5,phononTS,0.000850291,-0.000800859,0.00102171,-0.000262498,373.776,0.000382,1,-0.00100181,0.000998867,0.0002625,482.068
0,1492056,6,phononTF,0.00115693,-0.00125482,0.000718907,-0.000262498,218.244,0.000382,1,-0.00100489,0.00100302,0.0002625,330.295
0,1493602,6,phononTS,0.000656519,0.0031531,0.000864506,-0.0002625,3287.92,0.000382,1,0.00300189,0.00100445,0.0002625,4432.59
0,1493603,1,phononL,0.01,-0.00140137,0.00190128,3.42339e-05,0,0.00175101,1,-0.00126003,0.00199134,-0.0002625,196.463
0,1495000,2,phononTF,0.00181281,-0.00182746,0.00182843,-0.0002625,300.708,0.000382,1,-0.00199945,0.00200025,0.0002625,1439.95
0,1502299,1,phononL,0.01,-0.0010492,0.000996963,0.00017609,0,0.001528,1,-0.000995754,0.000999508,0.0002625,673.88
0,1504508,3,phononTS,0.00154622,-0.00104238,0.00113126,-0.0002625,39.5316,0.000382,1,-0.000999616,0.000997024,0.0002625,444.783
0,1504508,4,phononTF,0.000717449,-0.000999616,0.000997024,0.000262498,444.783,0.000717449,1,-0.00123356,0.00123837,-0.0002625,551.478
0,1507138,11,phononTS,0.000824832,-0.00195594,-0.000395115,-0.0002625,343.115,0.000382,1,-0.00199776,3.61781e-06,0.0002625,10382.4
0,1512714,18,phononTF,0.00076806,-0.00168524,0.00168243,-0.000262498,421.139,0.000382,1,-0.000996357,0.000998021,0.0002625,610.12
0,1517040,15,phononL,0.000717948,-0.00154706,0.0027548,-0.000262498,3544.58,0.000382,1,-0.000996303,0.00300429,0.0002625,3631.61
0,1523013,3,phononTF,0.000960145,-0.00273405,-0.000682217,-0.0002625,756.03,0.000382,1,-0.00300363,-0.00100342,0.0002625,1991.92
0,1523543,3,phononTS,0.0018646,-3.40661e-05,0.000823816,-0.0002625,1499,0.000382,1,3.1379e-06,2.61558e-06,0.0002625,1929.28
0,1532960,7,phononTS,0.00065926,-0.00107197,0.00204751,-0.0002625,2255.4,0.000382,1,-0.000995353,0.00299622,0.0002625,2922.41
0,1533147,4,phononTS,0.0016521,0.00102075,-2.10971e-05,-0.0002625,121.987,0.000382,1,0.00199528,0.00200039,0.0002625,3490.44
0,1533147,9,phononL,0.00112983,0.00199528,0.00200039,0.000262498,3490.44,0.00112983,1,0.0015278,0.00246573,-0.0002625,3583.28
0,1533147,3,phononTS,0.00131851,-0.00133048,0.00134876,0.000262498,121.987,0.000514393,1,-0.00172615,0.0017818,-0.0002625,290.312
0,1533342,4,phononTF,0.000650356,-0.00128951,0.0012982,-0.000262498,217.361,0.000382,1,-0.00100423,0.00099953,0.0002625,331.633
0,1533562,15,phononTS,0.000755161,0.000955484,-0.000740821,-0.000262498,1354.94,0.000382,1,0.000998578,-0.00100475,0.0002625,1470.09
0,1533608,3,phononTS,0.00218314,0.00187862,0.00117624,-0.0002625,706.469,0.000382,1,0.00199534,0.00199593,0.0002625,3504.01
0,1533944,3,phononTS,0.00272508,0.000976143,-0.000894944,-0.0002625,5.51105,0.000382,1,0.00100276,-0.00100172,0.0002625,2017.02
0,1534160,2,phononTF,0.000745619,-0.00116838,0.00121603,-0.0002625,31.1239,0.000382,1,-0.00100426,0.0010003,0.0002625,236.433
0,1535110,10,phononL,0.000816876,-0.00118835,0.00247373,-0.000262498,263.703,0.000382,1,-0.00100164,0.00300333,0.0002625,346.967
0,1549408,8,phononTS,0.0015655,3.21236e-06,0.00198255,-0.0002625,690.249,0.000382,1,-3.11636e-06,0.00199839,0.0002625,1097.09
0,1555337,5,phononTF,0.000840129,-0.00147377,0.00160035,-0.0002625,1226.76,0.000382,1,-0.00099597,0.00100432,0.0002625,2386.24
0,1560023,3,phononTS,0.00220504,-0.00171504,0.00323049,-0.0002625,514.775,0.001528,1,-0.00199863,0.00200232,0.0002625,2545.9
0,1563100,2,phononTF,0.00186546,-0.0017323,0.00174967,-0.0002625,16.635,0.000764,1,-0.00200358,0.00200316,0.0002625,238.26
0,1563708,14,phononTS,0.000736374,0.00227557,-3.15383e-05,-0.000262498,1666.65,0.000382,1,0.0019979,4.52007e-06,0.0002625,1783.63
0,1566827,5,phononTS,0.00160514,-0.00179297,0.00180322,-0.000262498,237.422,0.000382,1,-0.00100353,0.00099871,0.0002625,493.389
0,1570366,10,phononTS,0.000788264,-0.000997235,0.00100206,0.000262498,2314.27,0.000788264,1,-0.00094361,0.000993558,-0.0002625,2405.46
0,1571794,2,phononL,0.00470759,-0.00160067,0.000975661,-0.0002625,275.197,0.000382,1,-0.00100135,0.00100372,0.0002625,533.552
0,1572401,6,phononTS,0.000916737,-0.00155797,0.00184239,-0.000262498,578.458,0.000382,1,-0.00199823,0.00199679,0.0002625,726.013
0,1576565,7,phononTS,0.000553661,-0.00207319,-0.000860517,-0.0002625,1546.22,0.000382,1,-0.00200183,1.85077e-06,0.0002625,4247.24
0,1579097,3,phononTS,0.00290167,-0.00199568,-7.43261e-05,0.000224988,6.54529,0.000382,1,-0.00200471,-1.59996e-06,0.0002625,586.793
0,1579630,4,phononTF,0.000869082,-0.00212879,0.00185603,-0.0002625,478.897,0.000382,1,-0.00200463,0.0020012,0.0002625,1023.27
0,1583616,14,phononL,0.000548438,2.34103e-07,0.00200441,0.0002625,5024.41,0.000548438,1,-0.00155089,0.00122865,-0.0002625,5722.47
0,1585236,4,phononTS,0.00193012,-0.00103754,0.00261951,-0.0002625,156.027,0.000382,1,-0.00100033,0.00300187,0.0002625,675.926
0,1585585,6,phononL,0.00127693,0.00154197,0.00181153,-0.0002625,1914.28,0.000764,1,0.000997264,0.000998701,0.0002625,2434.04
0,1585585,4,phononTF,0.000818603,-0.0011533,0.00140641,0.000262498,133.5,0.000555118,1,-0.00166962,0.000792398,-0.0002625,300.953
0,1592116,6,phononTS,0.00141606,-4.87492e-05,0.00172485,-0.000262498,796.643,0.001146,1,-3.9423e-06,0.00199925,0.0002625,913
0,1592250,4,phononL,0.000498087,-0.00100102,0.001004,0.0002625,255.457,0.000498087,1,-0.000746434,0.00143419,-0.0002625,413.793
0,1593022,11,phononTS,0.000425823,-0.00199976,-5.13498e-07,0.0002625,1556.92,0.000425823,1,-0.00208471,0.00041595,-0.0002625,3135.7
0,1598791,14,phononTS,0.000552339,-0.00197859,0.00200862,-0.0002625,1814.55,0.000382,1,-0.00200443,0.00199533,0.0002625,3765.68
0,1604902,4,phononTS,0.000633582,-0.00200251,-0.00200478,0.000262498,1442.87,0.000633582,1,-0.0019998,-0.00202742,-0.0002625,1532.59
0,1610953,7,phononTS,0.000519646,-0.00102032,0.00302941,-0.0002625,1830.31,0.000382,1,-0.00099544,0.00299562,0.0002625,2914.82
0,1610975,12,phononTS,0.000599387,-0.00239415,-0.00208854,-0.0002625,2792.14,0.000382,1,-0.0020026,-0.00200347,0.0002625,9951.22
0,1612516,8,phononL,0.00053669,-0.00165901,-0.00198725,-0.0002625,3920.66,0.000382,1,-0.0019974,-0.00200001,0.0002625,4128.89
0,1612771,7,phononTS,0.000997063,1.2309e-05,0.00345358,-0.0002625,10651.5,0.000382,1,-0.00100496,0.00300421,0.0002625,13215.4
0,1612889,5,phononTS,0.00206117,-0.00200425,0.00199987,0.000262498,387.266,0.00104183,1,-0.0017159,0.00202002,-0.0002625,507.781
0,1613497,16,phononTF,0.000808869,-0.00141789,0.00117456,-0.000262498,1377.18,0.000382,1,-0.00100359,0.00100194,0.0002625,1504.35
0,1615080,3,phononTS,0.00304054,-0.00119268,0.00121372,-0.0002625,40.4815,0.000382,1,-0.000997822,0.00100279,0.0002625,290.055
0,1617611,6,phononTS,0.000962597,-0.00140437,0.00200312,-0.000262498,904.773,0.000382,1,-0.00199804,0.00199782,0.0002625,1060.43
0,1619944,9,phononL,0.000546938,0.00132866,0.000775608,-0.000262498,4829.37,0.000382,1,0.000998386,0.00100209,0.0002625,4902.18
0,1621824,4,phononTS,0.00278858,2.86757e-05,0.00185927,-0.0002625,383.83,0.000382,1,-4.83087e-06,0.00200399,0.0002625,909.351
0,1621824,6,phononTF,0.00180677,-4.83087e-06,0.00200399,0.000262498,909.351,0.000397413,1,0.000437376,0.00245765,-0.0002625,1050.22
0,1626561,4,phononTS,0.00180865,-0.00133175,0.00191788,-0.000262498,712.118,0.000764,1,-0.00200496,0.00199842,0.0002625,880.22
0,1630380,13,phononTS,0.00117888,-0.000995353,0.000998462,0.0002625,382.263,0.000531226,1,-0.00103087,0.00109269,-0.0002625,577.783
0,1632037,3,phononL,0.000539547,-0.00151436,0.00160364,-0.0002625,36.7342,0.000382,1,-0.00199872,0.00200446,0.0002625,347.514
0,1632603,5,phononTF,0.00174144,-0.00159294,0.00148799,-0.000262498,147.92,0.000382,1,-0.000998048,0.00100087,0.0002625,311.039
0,1632898,18,phononTF,0.00068306,-0.00200089,-8.20504e-07,0.000262498,2283.63,0.000171823,1,-0.00174519,0.000267318,-0.0002625,2393.56
0,1635132,14,phononTF,0.000831445,0.00453829,-0.00297022,-0.000262498,5478.85,0.000382,1,4.36541e-06,-3.37518e-07,0.0002625,6421.26
0,1639700,15,phononTF,0.00105142,0.00125328,0.000746913,-0.0002625,2019.09,0.000382,1,0.0010038,0.000996565,0.0002625,2343.99
0,1640263,10,phononTS,0.000477319,0.00393076,0.00112672,-0.0002625,6273.13,0.000382,1,0.00299622,0.0009967,0.0002625,8234.89
0,1652280,3,phononTS,0.00305334,-0.00236116,-0.00295084,-0.0002625,32.8115,0.000382,1,-0.00199837,-0.00199664,0.0002625,2579.73
0,1653154,5,phononTS,0.00226229,-0.00191359,0.00024014,-0.0002625,682.113,0.000382,1,-0.00200313,-1.56241e-06,0.0002625,1040.24
0,1655601,13,phononTF,0.000532401,0.0014908,0.00150417,-0.0002625,16845.6,0.000382,1,0.00199741,0.00200341,0.0002625,17908.6
0,1656011,11,phononTS,0.00132445,-0.00194891,1.32476e-05,-0.0002625,3374.8,0.000764,1,-0.00199864,3.30131e-06,0.0002625,5661.08
0,1657340,8,phononTF,0.000382543,0.00138923,0.0013748,-0.0002625,6862.75,0.000382,1,0.00100339,0.000999139,0.0002625,8049.91
0,1669024,1,phononTF,0.01,-0.00202829,0.00201508,0.00024247,0,0.00191,1,-0.00200475,0.0020012,0.0002625,731.244
0,1669024,3,phononTS,0.00232911,-0.00277439,0.00279084,4.1919e-05,731.244,0.000850695,1,-0.00184638,0.00225281,-0.0002625,1186.5
0,1673145,3,phononTS,0.00081707,-5.64948e-05,0.002028,-0.0002625,161.641,0.000382,1,-4.88109e-06,0.0020026,0.0002625,909.048
0,1673145,2,phononTF,0.00102649,-0.00159375,0.00192019,0.000262498,161.641,0.000328226,1,-0.0017415,0.00177884,-0.0002625,258.073
0,1673252,8,phononTS,0.000551584,0.000801993,-0.00095516,-0.000262498,6197.96,0.000382,1,0.00100359,-0.00100021,0.0002625,6306.08
0,1673377,6,phononTS,0.00226683,-0.00200455,0.000172832,-0.0002625,1014.02,0.000764,1,-0.00200478,-1.74154e-06,0.0002625,1228.1
0,1677428,16,phononTS,0.000387782,0.00227929,0.0012443,-0.0002625,3891.24,0.000382,1,0.00299545,0.000998042,0.0002625,5233.05
0,1684469,5,phononTF,0.000698627,-0.00124746,0.0014396,-0.0002625,121.29,0.000382,1,-0.000998903,0.000999079,0.0002625,674.273
0,1685848,9,phononTS,0.000887101,-0.000995073,0.00299654,0.000262498,7642.6,0.000192011,1,-0.000991601,0.00295966,-0.0002625,7737.67
0,1686550,9,phononTF,0.000409244,4.65134e-06,-0.00199707,0.0002625,3621.36,0.000409244,1,-0.000267532,-0.00172807,-0.0002625,3870.44
0,1687082,14,phononTS,0.000529831,-0.00203782,0.00338882,-0.0002625,352.233,0.000382,1,-0.000998343,0.00300154,0.0002625,3210.81
0,1694960,4,phononTS,0.000864087,-0.000995328,-0.0010977,-0.000262498,954.031,0.000382,1,-0.00100347,-0.00100093,0.0002625,1054.27
0,1696945,3,phononTF,0.00290631,-0.00105409,0.000761775,-0.0002625,1128.58,0.000764,1,-0.00100223,0.000999462,0.0002625,3818.1
0,1697757,7,phononTF,0.000406267,-0.000998125,0.00100463,0.000262498,1120.28,0.000406267,1,-0.000922184,0.00093237,-0.0002625,1211.93
0,1701017,23,phononTF,0.000386766,-0.000797587,0.000810794,-0.0002625,956.065,0.000382,1,-0.00099856,0.00100224,0.0002625,3248.67
0,1703110,2,phononTF,0.000960687,-0.000360842,0.000373558,-0.0002625,42.0091,0.000382,1,4.90998e-06,-1.07304e-06,0.0002625,549.62
0,1703385,4,phononL,0.00105001,-0.00292253,-0.00140889,-0.0002625,424.005,0.000382,1,-0.00300297,-0.00100077,0.0002625,1147.49
0,1703385,5,phononTS,0.000569185,-0.00300297,-0.00100077,0.000262498,1147.49,0.000569185,1,-0.00300106,-0.000788514,-0.0002625,1258.53
0,1704027,19,phononTS,0.00166742,-0.00265351,0.00172251,-0.0002625,1049.46,0.000382,1,-0.00200478,0.00199799,0.0002625,1662.16
0,1706640,2,phononTF,0.000457443,-0.00158434,0.00185603,-0.0002625,70.3264,0.000382,1,-0.00199976,0.00199973,0.0002625,324.371
0,1710875,11,phononL,0.000725748,-0.000823689,-0.00126153,-0.000262498,1353.49,0.000382,1,-1.77216e-06,-0.00200268,0.0002625,1492.79
0,1712170,10,phononTS,0.000704295,-0.00197,0.00201525,-0.000262498,990.819,0.000382,1,-0.00199802,0.00200131,0.0002625,1083.57
0,1713324,3,phononTS,0.00190653,-0.00100725,0.00102134,-0.0002625,1206.23,0.000764,1,-0.000995069,0.00100072,0.0002625,2132.75
0,1713582,9,phononTS,0.000455314,-0.000944697,-0.00264717,-0.0002625,2762.21,0.000382,1,1.04864e-06,-0.00200003,0.0002625,4722.5
0,1716441,16,phononTF,0.000731283,0.00322005,0.000940684,-0.0002625,3484.43,0.000382,1,0.00299829,0.0010027,0.0002625,3789.99
0,1718087,9,phononTS,0.000600628,0.00198825,0.00270871,-0.0002625,2662.7,0.000382,1,0.00199972,0.00199595,0.0002625,4118.07
0,1718087,2,phononTS,0.00516454,-0.00204201,0.00161672,-0.000192264,48.0061,0.00176963,1,-0.00252263,0.00206547,-0.0002625,332.665
0,1722026,3,phononTS,0.00244975,0.00200205,-0.00011975,-0.0002625,62.0123,0.000764,1,0.00199847,3.53962e-06,0.0002625,1587.31
0,1723003,1,phononL,0.01,-0.00175032,0.00199148,9.7939e-05,0,0.001528,1,-0.00199765,0.00199851,0.0002625,455.183
0,1723676,13,phononTS,0.000534032,-0.00102257,0.00110506,-0.0002625,402.381,0.000382,1,-0.00100429,0.00099972,0.0002625,698.961
0,1724704,12,phononTS,0.00053264,0.00012648,0.00126354,-0.0002625,7959.67,0.000382,1,0.000997234,0.000998178,0.0002625,11655.5
0,1725007,16,phononTS,0.000416977,0.00102537,-0.00296462,-0.000262498,7427.39,0.000382,1,0.000996659,-0.00299549,0.0002625,7520.1
0,1725008,1,phononTS,0.01,-0.00147928,0.00180347,-0.000252505,0,0.00172852,1,-0.00151268,0.00181783,-0.0002625,276.14
0,1727917,13,phononTF,0.000638363,7.32487e-05,6.83446e-05,-0.000262498,8359.71,0.000382,1,-2.58376e-06,-4.42202e-06,0.0002625,8451.37
0,1728774,5,phononTF,0.000531863,-0.00191947,0.00215328,-0.000262498,338.474,0.000382,1,-0.00200013,0.00199598,0.0002625,434.85
0,1729794,5,phononTF,0.000671286,-0.00212826,0.00186547,-0.0002625,1016.93,0.000382,1,-0.0019961,0.0020032,0.0002625,1692.11
0,1734814,15,phononTS,0.000433146,-0.00174843,0.00207275,-0.0002625,4088.25,0.000382,1,-0.00200495,0.00200326,0.0002625,6204.42
0,1736780,4,phononTF,0.000515756,-0.00119797,0.00123467,-0.0002625,36.9975,0.000382,1,-0.00100167,0.00100264,0.0002625,461.427
0,1739189,3,phononTF,0.00207435,-0.00259745,-0.00136051,-0.0002625,556.204,0.000382,1,-0.00199521,-0.00200359,0.0002625,1825.61
0,1739189,19,phononTF,0.000385165,-0.00199521,-0.00200359,0.000262498,1825.61,0.000385165,1,-0.00191117,-0.00191892,-0.0002625,1917.78
0,1741731,9,phononTF,0.00063956,0.00199893,-0.00199675,0.000262498,7517.48,7.91321e-05,1,0.00226629,-0.00175511,-0.0002625,7627.45
0,1744305,7,phononTS,0.000745285,0.000222097,-0.000155419,-0.0002625,345.099,0.000382,1,0.000998471,-0.00100373,0.0002625,1124.33
0,1755865,17,phononTF,0.000489641,0.00200459,-0.00199557,0.000262498,18914.6,0.000489641,1,0.00209579,-0.00208194,-0.0002625,19007
0,1757316,5,phononTF,0.00277662,-0.00176259,0.001777,-0.0002625,126.222,0.001528,1,-0.0019971,0.00200035,0.0002625,444.474
0,1758501,14,phononTS,0.00052777,-0.000998586,0.000996988,0.0002625,978.753,0.00052777,1,-0.00102575,0.000708416,-0.0002625,1215.25
0,1763155,24,phononL,0.000520372,5.08195e-05,0.0019322,-0.000262498,439.547,0.000382,1,-5.47171e-07,0.00200494,0.0002625,502.29
0,1775836,18,phononTF,0.000670872,0.00306421,-0.00100181,-0.000262498,12591.3,0.000382,1,0.00200149,4.24626e-06,0.0002625,12858.8
0,1779026,10,phononTF,0.0015986,-0.000808555,0.00288954,-0.0002625,960.094,0.000382,1,-0.00100467,0.00300372,0.0002625,2059.72
0,1779070,6,phononTF,0.000395724,-0.00130594,0.00270234,-0.0002625,986.165,0.000382,1,-0.00100489,0.00299617,0.0002625,1852.62
0,1781276,13,phononTF,0.00110115,0.000434686,-0.00155052,-0.0002625,2059.38,0.000382,1,3.90019e-06,-0.00200161,0.0002625,6593.6
0,1784254,16,phononTS,0.000626137,-0.000957973,0.00266616,-0.000262498,1750.72,0.000382,1,-0.000995788,0.00299704,0.0002625,1874.12
0,1787147,11,phononTS,0.000647607,0.00171416,0.000664629,-0.0002625,5944.87,0.000382,1,-6.77282e-07,0.00200238,0.0002625,8329.44
0,1788410,6,phononTF,0.00164245,-0.00133841,0.00120888,-0.000262498,139.766,0.000382,1,-0.00200488,0.00199597,0.0002625,341.392
0,1789234,8,phononL,0.000617614,0.00330438,0.00117787,-0.0002625,1573.79,0.000382,1,0.00299626,0.00100386,0.0002625,3331.17
0,1790705,4,phononTS,0.000634591,-0.00120196,0.0014167,-0.0002625,995.293,0.000382,1,2.17917e-06,0.00200208,0.0002625,2138.01
0,1791584,8,phononTF,0.000871259,-0.00236078,-0.00188012,-0.0002625,2334.78,0.000382,1,-0.00200325,-0.00199722,0.0002625,2927.64
0,1793201,14,phononTF,0.000441839,0.00310464,0.00089662,-0.0002625,10948.2,0.000382,1,0.00299869,0.00100459,0.0002625,11725
0,1796477,9,phononTS,0.000572317,-0.00152654,-0.000974278,-0.000262498,10517.5,0.000382,1,-0.00100299,-0.00100237,0.0002625,10667
0,1797993,5,phononTS,0.000386265,-0.00266594,0.00193961,-0.0002625,123.747,0.000382,1,-0.00200098,0.00199831,0.0002625,1960.64
0,1800243,7,phononTS,0.00153837,-0.00185376,0.00173332,-0.0002625,1518.51,0.000382,1,-0.00199864,0.00199626,0.0002625,2432.82
0,1800285,11,phononL,0.000384601,-0.00140673,0.00172183,-0.000262498,222.922,0.000382,1,-0.00199563,0.00199682,0.0002625,313.872
0,1802213,11,phononTF,0.000885282,-0.0015281,0.000456449,-0.0002625,6151.25,0.000382,1,-0.00199981,-3.17706e-06,0.0002625,7160.54
0,1804406,27,phononTS,0.000511991,-0.000956526,0.00303501,-0.0002625,3436.8,0.000382,1,-0.000999375,0.00299681,0.0002625,3906.4
0,1805340,6,phononTF,0.000481867,-0.00172411,0.000451442,-0.0002625,116.266,0.000382,1,-0.0019961,3.11374e-06,0.0002625,517.725
0,1805578,5,phononTS,0.00162326,0.00100152,0.000995207,0.0002625,844.875,0.00059084,1,0.00105522,0.000968997,-0.0002625,2318.04
0,1807431,8,phononTS,0.000873045,0.0033671,0.00240955,-0.0002625,5068.7,0.000382,1,0.000997692,0.00100287,0.0002625,7359.01
0,1810217,6,phononTF,0.000442095,0.00152315,-0.00147573,-0.000262498,1440.71,0.000382,1,0.00200082,2.89093e-06,0.0002625,1742.49
0,1812119,12,phononTS,0.000633716,0.00195912,0.00207659,-0.000262498,7002.73,0.000382,1,0.00200114,0.00199619,0.0002625,7099.38
0,1812471,5,phononTS,0.000537173,4.6632e-05,0.000228308,-0.000262498,1219.6,0.000382,1,1.27973e-06,4.76849e-06,0.0002625,1330.12
0,1817065,7,phononTS,0.00111911,-0.0019577,0.00201168,-0.000262498,523.335,0.000382,1,-0.00199721,0.00200373,0.0002625,614.657
0,1817233,21,phononTS,0.000439803,0.00200345,-0.00200131,0.000262499,6803.59,0.000439803,1,0.00141259,-0.00280539,-0.0002625,7037.6
0,1819256,7,phononTS,0.000915678,-0.00132712,0.00297359,-0.000262498,630.885,0.000382,1,-0.000995745,0.00299725,0.0002625,754.78
0,1821993,20,phononTS,0.000623307,0.000420844,-0.00147366,-0.0002625,6306.18,0.000382,1,-2.43256e-06,-0.00200496,0.0002625,7629.77
0,1825348,7,phononTS,0.000943716,-0.00334043,-0.000836298,-0.0002625,1020.51,0.000382,1,-0.00299574,-0.000996854,0.0002625,1907.31
0,1825883,11,phononTF,0.00123512,-0.000997294,0.00100067,0.000262498,200.101,0.000345246,1,-0.000574037,0.000593348,-0.0002625,334.872
0,1826033,4,phononTS,0.000906005,0.00012321,0.00222616,-0.0002625,526.177,0.000382,1,-2.96998e-07,0.00200044,0.0002625,2026.37
0,1826033,2,phononTS,0.000619344,-0.00147431,0.0015586,0.000262498,35.2471,0.000619344,1,-0.00151756,0.0018431,-0.0002625,152.83
0,1828212,7,phononTS,0.00103544,-0.00297263,-0.000960201,-0.0002625,5855.41,0.000382,1,-0.00299671,-0.000997926,0.0002625,6665.69
0,1830515,17,phononTS,0.000500829,1.91019e-05,0.000252781,-0.0002625,4162.36,0.000382,1,2.68199e-06,-4.89649e-07,0.0002625,4946.59
0,1832675,19,phononTS,0.000652727,-0.0013617,-0.00198327,-0.0002625,3422.6,0.000382,1,-0.00199673,-0.00200463,0.0002625,4028.03
0,1833160,7,phononTS,0.000425897,-0.00244572,-0.00045271,-0.0002625,1017.24,0.000382,1,-0.00100305,-0.00100466,0.0002625,2619.31
0,1837878,3,phononTS,0.000825042,-0.00184272,0.00103341,-0.000262498,477.665,0.000382,1,-0.000998234,0.00100161,0.0002625,676.461
0,1838655,7,phononTF,0.000977084,0.000144641,0.00214312,-0.0002625,539.037,0.000382,1,3.53604e-06,0.0020008,0.0002625,825.776
0,1840466,5,phononTF,0.00120359,-0.00199838,4.48627e-06,0.0002625,3230.6,0.000773801,1,-0.0029266,0.000501455,-0.0002625,4086.55
0,1840466,2,phononTS,0.00237104,-0.00131774,0.00149052,0.000262498,332.142,0.00132926,1,-0.000459417,0.00207396,-0.0002625,572.541
0,1840780,18,phononTS,0.000693768,0.000358079,-0.00178235,-0.0002625,1965.96,0.000382,1,3.10194e-07,-0.00199897,0.0002625,2393.14
0,1845338,3,phononTF,0.00176238,-0.00205826,0.00193397,-0.0002625,73.0116,0.000382,1,-0.00199667,0.00199842,0.0002625,865.603
0,1848296,3,phononTF,0.00253253,-0.0018407,0.00188215,-0.0002625,8.18466,0.000382,1,-0.00199999,0.00200352,0.0002625,396.483
0,1861658,6,phononTF,0.000679787,-6.97447e-05,0.00192952,-0.0002625,5213,0.000382,1,4.08146e-07,0.00199995,0.0002625,5853.53
0,1861658,3,phononL,0.00144458,-0.00133986,0.00152786,0.000262498,14.7942,0.000863201,1,-0.00147794,0.000962301,-0.0002625,99.3314
0,1861658,2,phononTS,0.00164302,-0.00133986,0.00152786,0.000262498,14.7942,0.000701536,1,0.00107111,0.00254841,-0.0002625,555.033
0,1865485,5,phononTS,0.000710725,-0.000565846,0.00167328,-0.0002625,228.218,0.000382,1,1.42652e-06,0.00199784,0.0002625,761.14
0,1869946,6,phononTF,0.000722452,-0.0015617,0.00157037,-0.000262498,184.544,0.000382,1,-0.00200125,0.001998,0.0002625,322.694
0,1870200,2,phononTS,0.000889938,-0.0012263,0.00272784,-0.0002625,442.887,0.000764,1,-0.0010018,0.0029953,0.0002625,842.472
0,1870966,5,phononTF,0.000808348,-0.00241278,0.00242384,-0.0002625,215.334,0.000382,1,-0.00200305,0.00199918,0.0002625,735.135
0,1871916,5,phononTS,0.00137215,-6.05348e-05,-0.00114146,-0.0002625,391.954,0.000382,1,-3.69469e-06,-0.00199897,0.0002625,1300.58
0,1871916,9,phononTF,0.000914182,-3.69469e-06,-0.00199897,0.000262498,1300.58,0.00077066,1,6.34104e-05,-0.00170104,-0.0002625,1411
0,1884029,8,phononL,0.000465191,-0.00288099,9.05448e-05,-0.0002625,2242.04,0.000382,1,-0.00300385,-0.000999625,0.0002625,3566.01
0,1887746,10,phononL,0.000537765,0.000701239,0.00197458,-0.0002625,1371.97,0.000382,1,0.00100215,0.00100109,0.0002625,1748.18
0,1889675,12,phononTF,0.000877302,0.00199879,0.00200302,0.000262498,1236.67,0.000352463,1,0.00219769,0.00215668,-0.0002625,1337.57
0,1890272,18,phononTF,0.00047948,-0.00167682,0.000319991,-0.0002625,11575.2,0.000382,1,-3.17963e-06,0.00199884,0.0002625,12823.2
0,1894673,6,phononTS,0.000584159,-3.64153e-06,0.00200122,0.0002625,277.476,0.000584159,1,0.000788433,0.00215626,-0.0002625,663.611
0,1899348,2,phononTS,0.00547084,-0.000778144,0.00100318,6.66732e-05,228.233,0.001528,1,-0.00100178,0.00100022,0.0002625,493.862
0,1899348,9,phononTS,0.000432294,-0.00100178,0.00100022,0.000262498,493.862,0.000432294,1,-0.0014447,0.000780976,-0.0002625,646.714
0,1899518,9,phononTF,0.000591857,-0.00200314,4.41365e-06,0.000262498,4901.55,0.000591857,1,-0.00175467,-0.000240552,-0.0002625,5009.77
0,1901279,13,phononTS,0.000901711,-0.000939027,-0.000779326,-0.0002625,2180.61,0.000382,1,-0.00100462,-0.00100467,0.0002625,3117.17
0,1904071,2,phononTF,0.00109794,-0.00171532,0.00228079,-0.0002625,50.3932,0.000382,1,-0.0020021,0.00199926,0.0002625,712.91
0,1904072,1,phononTS,0.01,-0.00144781,0.00126508,9.56179e-05,0,0.00236304,1,-0.00141156,0.00127375,-0.0002625,200.537
0,1904968,3,phononTS,0.0018955,-0.00198518,0.00197971,-0.0002625,732.929,0.000382,1,-0.00199647,0.0020033,0.0002625,1734.64
0,1904968,5,phononTS,0.000609578,-0.00199647,0.0020033,0.000262498,1734.64,0.000609578,1,-0.00195543,0.00198959,-0.0002625,1825.03
0,1904968,4,phononTF,0.000794606,-0.00199647,0.0020033,0.000262498,1734.64,0.000794606,1,-0.00222792,0.001763,-0.0002625,1841.11
0,1904968,2,phononTS,0.001364,-0.00146842,0.00125352,0.000262498,732.929,0.000789051,1,-0.00142273,0.00121219,-0.0002625,822.032
0,1906247,2,phononTF,0.000875143,-0.000378751,0.000377352,-0.0002625,74.9472,0.000382,1,-2.07355e-06,9.43336e-08,0.0002625,776.691
0,1906787,10,phononTS,0.00105828,0.00138102,-0.00274705,-0.0002625,5712.2,0.000382,1,0.000995117,-0.00299564,0.0002625,6157.61
0,1909642,8,phononTS,0.000499929,-0.000996128,0.00100032,0.0002625,2134.43,0.000499929,1,-0.00103638,0.000920018,-0.0002625,8774.05
0,1909643,1,phononTF,0.01,-0.00170417,0.000770573,-0.000257738,0,0.00282033,1,-0.00170074,0.000774146,-0.0002625,833.185
0,1911885,35,phononTS,0.000428674,0.000998133,-0.00299614,0.0002625,5673.49,0.000428674,1,0.00102815,-0.00303309,-0.0002625,6763.49
0,1915653,17,phononTS,0.0004097,-0.00162518,0.00198921,-0.0002625,232.04,0.000382,1,-0.00199888,0.00199829,0.0002625,684.085
0,1917164,2,phononTF,0.00083073,-0.00020084,0.00219274,-0.0002625,160.295,0.000382,1,-3.56618e-06,0.00200329,0.0002625,826.58
0,1917611,6,phononTS,0.000542608,-0.00095375,0.00103391,-0.000262498,653.225,0.000382,1,-0.00100413,0.000998977,0.0002625,742.414
0,1924399,2,phononTF,0.00107141,-0.00110196,0.00112934,-0.0002625,26.9267,0.000382,1,-0.00100184,0.000995183,0.0002625,406.975
0,1925011,12,phononTS,0.00213707,-0.0019981,0.00199802,0.000262498,1054.9,0.000523691,1,-0.00199899,0.00158863,-0.0002625,1188.48
0,1926662,8,phononTS,0.000555277,0.00199961,5.44216e-07,0.000262498,9446.96,0.000555277,1,0.0022105,4.41936e-05,-0.0002625,9556.11
0,1927356,5,phononTS,0.000581547,-0.00100146,0.00100256,0.000262498,302.939,0.000433193,1,-0.000550047,0.000798325,-0.0002625,455.654
0,1927356,2,phononTS,0.00216243,-0.00136062,0.00150723,0.000262498,1.07251,0.00127941,1,-0.00192874,6.48042e-05,-0.0002625,324.574
0,1929132,1,phononTF,0.01,-8.27643e-06,0.00200631,0.00022793,0,0.00191,1,4.42597e-06,0.00199637,0.0002625,1911.36
0,1929132,8,phononTS,0.00189942,4.42597e-06,0.00199637,0.000262498,1911.36,0.000503805,1,-0.00124769,-0.000333404,-0.0002625,2427
0,1929404,5,phononTF,0.00305661,-0.00178001,-0.00232081,-0.0002625,524.165,0.000764,1,-0.00199803,-0.00200431,0.0002625,7186.04
0,1929720,2,phononL,0.00168036,-0.000704074,0.00126598,-0.000262498,725.936,0.000382,1,2.20627e-07,0.00199893,0.0002625,855.382
0,1931101,12,phononTS,0.00111663,-0.00033705,-0.00195225,-0.0002625,1657.38,0.000382,1,-0.00100286,-0.000997338,0.0002625,2464.18
0,1932837,5,phononTS,0.00103708,0.000946643,-0.000344515,-0.0002625,739.278,0.000382,1,0.00100466,-0.000995016,0.0002625,7985.81
0,1934425,3,phononTF,0.000907206,-0.000257513,0.000416586,-0.0002625,98.3769,0.000382,1,-2.2056e-06,-4.63626e-06,0.0002625,616.709
0,1936315,12,phononTF,0.000677946,0.00065235,-0.000958326,-0.0002625,7713.22,0.000382,1,0.00100308,-0.00100189,0.0002625,8229.88
0,1939032,2,phononTF,0.00106526,-0.00112762,0.00113447,-0.0002625,66.1264,0.000382,1,-0.00099838,0.00100124,0.0002625,1028.47
0,1939032,10,phononL,0.000508195,-0.00099838,0.00100124,0.000262498,1028.47,0.000508195,1,-0.000793645,0.00106934,-0.0002625,1093.57
0,1939959,9,phononTS,0.000666751,-0.00105247,-0.000961183,-0.000262498,1665.18,0.000382,1,-0.00100344,-0.000998328,0.0002625,1754.32
0,1942717,3,phononTS,0.00492196,-0.000977861,0.00296961,-6.12278e-05,24.6352,0.001146,1,-0.000996967,0.00299884,0.0002625,410.095
0,1942717,5,phononTS,0.000642198,-0.000996967,0.00299884,0.000262498,410.095,0.000602322,1,-0.00084611,0.0033335,-0.0002625,544.422
0,1944836,3,phononL,0.00183069,-0.00100367,0.0030033,0.0002625,14.2938,0.000374323,1,-0.000939406,0.00373782,-0.0002625,312.216
0,1946311,2,phononTF,0.000653133,-0.00120135,0.00127123,-0.0002625,9.67039,0.000382,1,-0.000996882,0.000995676,0.0002625,229.188
0,1947741,14,phononTS,0.000620769,-0.000271156,0.00142673,-0.000262498,1270.14,0.000382,1,-0.000998698,0.0029993,0.0002625,1626.84
0,1949811,19,phononTF,0.000901544,-0.00110173,0.00110707,-0.0002625,287.237,0.000382,1,-0.000995796,0.00100077,0.0002625,567.848
0,1952279,26,phononTF,0.000503764,0.005,-0.00182875,-0.000238743,7810.49,0.000382,1,0.00199718,2.46435e-06,0.0002625,9088.52
0,1953904,2,phononTF,0.00183206,-0.00066983,0.000675746,-0.0002625,49.734,0.000382,1,-3.25881e-06,1.6445e-06,0.0002625,421.72
0,1955318,18,phononTS,0.000569704,-0.00203315,0.00205426,-0.000262498,276.703,0.000382,1,-0.00199719,0.00199939,0.0002625,371.258
0,1961906,5,phononTS,0.000469725,-0.00100248,0.00299594,0.0002625,438.269,0.000469725,1,-0.000947968,0.00354003,-0.0002625,1003.73
0,1969039,6,phononTS,0.00109215,0.000618317,0.00149299,-0.0002625,1169.03,0.000382,1,0.00099875,0.000996593,0.0002625,2039.55
0,1969039,7,phononTF,0.000419849,0.00099875,0.000996593,0.000262498,2039.55,0.000419849,1,0.00056764,0.000580598,-0.0002625,2175.83
0,1972156,7,phononTF,0.000602854,-0.00142669,0.00235355,-0.0002625,593.359,0.000382,1,-0.00100487,0.00300083,0.0002625,1700.01
0,1973221,2,phononTS,0.0017044,-0.000898216,0.00184871,-0.0002625,131.383,0.000764,1,-2.53523e-06,0.00200135,0.0002625,557.043
0,1977706,17,phononTS,0.000926155,3.29563e-05,-8.81317e-06,-0.0002625,1407.3,0.000382,1,3.56745e-06,4.16208e-06,0.0002625,1684.24
0,1977874,10,phononTF,0.000709213,0.00216207,-0.00226698,-0.0002625,1071.01,0.000382,1,0.00199527,-0.00200349,0.0002625,3458.51
0,1977903,5,phononL,0.00247886,-0.00258527,-0.00132081,-0.0002625,62.7484,0.000382,1,-0.0019981,-0.00200315,0.0002625,2769.26
0,1977903,7,phononTS,0.000487834,-0.0019981,-0.00200315,0.000262498,2769.26,0.000487834,1,-0.00202709,-0.00197452,-0.0002625,2862.57
0,1978665,3,phononTS,0.00549771,-0.00137775,0.00192367,-2.65968e-05,25.9382,0.000382,1,-0.00099916,0.000998072,0.0002625,548.986
0,1979620,9,phononL,0.000596702,-0.00141561,-0.00133104,-0.0002625,8950.38,0.000382,1,-0.00100059,-0.000995593,0.0002625,9196.18
0,1979621,1,phononTF,0.01,-0.0010437,0.00193545,-0.000254191,0,0.00220226,1,-0.00105264,0.00192694,-0.0002625,442.016
0,1979727,17,phononTS,0.000388122,0.000946121,0.00145976,-0.000262498,22953.3,0.000382,1,0.000995363,0.000997617,0.0002625,23093.7
0,1980306,3,phononTS,0.0011976,-0.00393805,0.00163987,-0.0002625,73.0206,0.000764,1,-0.00200336,1.2596e-06,0.0002625,4467.32
0,1983046,11,phononTS,0.000619841,-0.000962926,-0.000951162,-0.000262498,5965.87,0.000382,1,-0.000995494,-0.000999297,0.0002625,6055.16
0,1984407,4,phononTS,0.000765186,-0.00200149,0.00199599,0.0002625,635.425,0.000149142,1,-0.00284449,0.00179217,-0.0002625,1042.35
0,1993898,20,phononTS,0.00041637,0.00276978,-0.000166086,-0.0002625,10142.7,0.000382,1,0.00199962,-3.58237e-06,0.0002625,11574.9
0,1994035,6,phononTF,0.00207108,-8.42435e-05,0.00209383,-0.000262498,237.605,0.000382,1,4.26127e-06,0.00200095,0.0002625,330.118
0,1996038,5,phononTF,0.00167797,-0.00113444,-0.000875696,-0.0002625,508.497,0.000382,1,-0.000999712,-0.00100493,0.0002625,3194.33
0,1996038,11,phononTF,0.000526571,-0.000999712,-0.00100493,0.000262498,3194.33,0.000526571,1,-0.000542722,-0.000560836,-0.0002625,3335.62
0,1996380,12,phononTF,0.000530187,-0.00100215,0.00300062,0.0002625,3686.81,0.000530187,1,-0.000299832,0.00244974,-0.0002625,10139.3
0,2000773,17,phononTS,0.00117312,-0.00116755,-0.00209783,-0.0002625,7421.82,0.000382,1,-3.29848e-06,-0.00199514,0.0002625,9341.01
0,2001519,3,phononTS,0.00350809,-0.00138449,0.00171453,-4.42898e-05,49.3066,0.000382,1,-0.00200029,0.00200349,0.0002625,217.69
0,2005841,4,phononTF,0.0023609,0.00223066,-0.000224405,-0.0002625,2247.65,0.000764,1,0.00200244,2.13174e-06,0.0002625,2593.21
0,2005841,6,phononTF,0.000672716,0.00200244,2.13174e-06,0.000262498,2593.21,6.00517e-05,1,0.00230411,-0.00167309,-0.0002625,2923.88
0,2009278,10,phononTS,0.000590455,-0.00100707,-0.000107435,-0.0002625,895.85,0.000382,1,-0.000996149,-0.000998717,0.0002625,1512.4
0,2011878,4,phononTF,0.00217404,-0.0011072,0.00110184,-0.0002625,104.018,0.000764,1,-0.00100261,0.000996067,0.0002625,477.827
0,2012856,4,phononTF,0.000992142,-0.00147702,0.00145831,-0.000262498,337.085,0.000382,1,-0.00200163,0.00200063,0.0002625,494.343
0,2012856,25,phononTF,0.000557492,-0.00200163,0.00200063,0.000262498,494.343,0.000337681,1,-0.00229569,0.00193762,-0.0002625,604.26
0,2015266,9,phononL,0.00188157,-0.00140066,0.00159627,-0.000262498,586.108,0.001146,1,-0.00200454,0.00200139,0.0002625,684.937
0,2016144,6,phononTS,0.000447105,-0.00203985,4.37685e-05,-0.0002625,382.788,0.000382,1,-0.00200293,3.61239e-07,0.0002625,959.021
0,2021629,11,phononTS,0.000550041,-0.005,0.000765235,-5.45908e-05,3958.96,0.000550041,1,-0.00233725,0.00398954,-0.0002625,5157.28
0,2022458,4,phononTF,0.00176964,0.00142052,-0.00378525,-0.0002625,2.20482,0.000382,1,0.000998239,-0.00300169,0.0002625,1751.68
0,2024690,5,phononTF,0.00122774,-0.000348666,0.00034961,-0.0002625,49.6678,0.000382,1,3.19834e-06,1.33287e-06,0.0002625,543.803
0,2030213,2,phononTS,0.00164474,-0.00120498,0.00155688,-0.0002625,72.9564,0.000764,1,-0.00100247,0.00100165,0.0002625,333.229
0,2032703,7,phononTF,0.00059305,-0.000276111,0.00033516,-0.000262498,2243.38,0.000382,1,-0.0010004,0.0010045,0.0002625,2436.36
0,2032703,2,phononTS,0.00545602,-0.001992,0.00168473,-0.000245805,90.0526,0.000985291,1,-0.00199384,0.00165427,-0.0002625,217.1
0,2042649,7,phononTF,0.0010727,-4.73151e-06,-0.00200468,0.000262498,2029.24,0.000501368,1,-0.0004305,-0.00151505,-0.0002625,2174.52
0,2045392,6,phononTS,0.0012784,-0.000325642,-0.001052,-0.0002625,3442.42,0.000382,1,-2.97106e-06,-0.00199987,0.0002625,6039.95
0,2045827,7,phononTS,0.000908682,0.000996553,-0.00099814,0.000262498,4914.35,0.000311241,1,0.00340493,0.000220462,-0.0002625,5440.48
0,2056500,15,phononTS,0.00176522,1.8251e-06,0.00199767,0.000262498,1148.44,0.000571506,1,-0.000233727,0.00292051,-0.0002625,1367.95
0,2056538,5,phononTS,0.000553118,0.000954683,0.00101829,-0.0002625,388.381,0.000382,1,0.00100461,0.000997304,0.0002625,1188.69
0,2058786,5,phononTS,0.000598905,6.99991e-05,0.000913048,-0.000262498,1087.72,0.000382,1,-6.45878e-07,4.8731e-06,0.0002625,1302.13
0,2063210,4,phononTF,0.00151384,-0.000420182,0.00159258,-0.000262498,1329.22,0.000382,1,-5.24303e-07,0.00200407,0.0002625,1464.11
0,2063210,7,phononTS,0.000486689,-5.24303e-07,0.00200407,0.000262498,1464.11,0.000486689,1,-0.000492332,0.00334107,-0.0002625,1766.76
0,2063699,3,phononTS,0.00079742,-0.00109019,-0.000372755,-0.0002625,3.22804,0.000382,1,-0.000999176,-0.00100058,0.0002625,680.732
0,2064209,9,phononTS,0.000460502,0.00204472,0.000153352,-0.000262498,5370.86,0.000382,1,0.00199718,4.98178e-06,0.0002625,5473.46
0,2066249,4,phononTS,0.0012536,-0.00125578,0.00107486,-0.000262498,738.334,0.000764,1,-0.000999871,0.000997559,0.0002625,858.436
0,2066249,2,phononTS,0.000955027,-0.00141474,0.000933326,0.000262498,640.89,0.000287499,1,-0.00159343,0.00199657,-0.0002625,881.474
0,2071269,20,phononTS,0.000453963,-0.00194062,-0.00202293,-0.000262498,5699.09,0.000382,1,-0.00199677,-0.00199949,0.0002625,5793.84
0,2072124,10,phononTS,0.000680273,0.005,-0.00464041,0.000146756,1353.14,0.000415512,1,-0.0010745,0.00255953,-0.0002625,4637.55
0,2072960,5,phononTF,0.00189702,-0.00135838,0.001455,-0.0002625,134.319,0.000382,1,-0.00200218,0.00199801,0.0002625,1588.39
0,2072960,6,phononTS,0.000896324,-0.00200218,0.00199801,0.000262498,1588.39,0.000376634,1,-0.00168833,0.0043408,-0.0002625,2099.55
0,2076014,4,phononTS,0.000436362,-0.00144465,0.00121928,-0.000262498,114.884,0.000382,1,-0.0019971,4.67359e-06,0.0002625,398.324
0,2077503,7,phononTS,0.000861692,-0.00113938,0.00299417,-0.0002625,313.497,0.000382,1,-0.00100375,0.0029983,0.0002625,618.236
0,2077975,10,phononTS,0.000453258,-0.000996538,0.00302123,-0.000262498,1930.88,0.000382,1,-0.00100055,0.00299527,0.0002625,2025.63
0,2078233,3,phononTS,0.00244075,-0.00181312,-0.00121342,-0.0002625,416.346,0.000382,1,-0.00199664,-0.00200227,0.0002625,1189.33
0,2081756,5,phononTF,0.000903648,-0.00141337,0.000812854,-0.000262498,193.132,0.000382,1,-0.00100299,0.00100285,0.0002625,319.972
0,2082232,3,phononTS,0.00147755,-0.00104489,0.00103316,-0.0002625,191.382,0.000382,1,-0.00100345,0.00100399,0.0002625,728.179
0,2083489,23,phononL,0.000633581,0.00118124,0.000864189,-0.0002625,2301.16,0.000382,1,0.000999687,0.00100217,0.0002625,2728.25
0,2085606,2,phononTS,0.00216203,0.0012112,0.0011212,-0.0002625,124.035,0.000382,1,0.00100133,0.00100427,0.0002625,881.759
0,2089082,9,phononTS,0.000514892,0.0010036,-0.00300112,0.000262498,1962.95,0.000514892,1,0.00082838,-0.00346973,-0.0002625,2115.65
0,2089652,3,phononTF,0.00178213,-0.00132716,0.00131528,-0.0002625,11.4147,0.000382,1,-0.00100331,0.000997148,0.0002625,441.997
0,2091138,14,phononTF,0.000479706,0.005,-0.000515053,-0.00015252,5312.72,0.000479706,1,-0.005,-0.0001081,-4.81102e-05,9659.02
0,2092820,4,phononL,0.00248969,-0.00284555,-0.000834792,-0.0002625,937.927,0.000382,1,-0.0030038,-0.000999227,0.0002625,1162.17
0,2093165,21,phononTS,0.000482875,0.000947067,0.000258331,-0.000262498,16185.1,0.000382,1,0.0010048,0.000997059,0.0002625,16364.4
0,2094173,5,phononTF,0.0017207,-0.0015211,0.00153807,-0.000262498,294.454,0.000764,1,-0.0020015,0.00200194,0.0002625,440.675
0,2094775,13,phononTF,0.000427356,-0.0018291,0.00196569,-0.0002625,1295.98,0.000382,1,-0.00200418,0.00199634,0.0002625,1588.28
0,2096857,6,phononTF,0.000904021,-0.000664364,-0.00134759,-0.0002625,761.559,0.000382,1,4.74774e-06,-0.00199898,0.0002625,3345.04
0,2097534,13,phononTF,0.000452826,-0.00100337,-0.00100409,0.0002625,1579.14,0.000452826,1,-0.0015189,2.15947e-05,-0.0002625,2039.24
0,2098153,16,phononTS,0.000908501,-0.00157844,0.00109623,-0.000262498,650.722,0.000382,1,-0.000995975,0.00100128,0.0002625,813.81
0,2099360,9,phononTF,0.000691421,-0.000255391,0.00175834,-0.000262498,642.716,0.000382,1,1.73928e-08,0.00200343,0.0002625,751.075
0,2100382,12,phononTF,0.00051135,-0.0001739,0.000169616,-0.000262498,1820.25,0.000382,1,2.50122e-06,4.25923e-07,0.0002625,1919.37
0,2100647,10,phononTS,0.000432847,0.00103921,-0.00279812,-0.0002625,9525.11,0.000382,1,0.0010046,-0.00299975,0.0002625,10067.3
0,2100647,2,phononTF,0.00143021,-0.00139814,0.00166336,0.000262498,61.3031,0.000623972,1,-0.0012596,0.00179612,-0.0002625,157.183
0,2102280,5,phononL,0.000989472,-0.0011234,0.00135985,-0.0002625,630.543,0.000382,1,-0.001004,0.00100101,0.0002625,1120.38
0,2102280,9,phononTF,0.000535068,-0.001004,0.00100101,0.000262498,1120.38,0.000535068,1,-0.00154429,0.000457408,-0.0002625,1279.41
0,2102461,6,phononTF,0.00130738,-0.000641869,-0.000622582,-0.0002625,97.1372,0.000382,1,-0.00100197,-0.000997692,0.0002625,859.6
0,2107588,10,phononTF,0.00116596,-0.0011363,0.00118389,-0.0002625,109.588,0.000382,1,-0.000995129,0.00100248,0.0002625,407.072
0,2108223,6,phononTS,0.000938049,-0.00196517,0.00203605,-0.000262498,860.642,0.000382,1,-0.00200279,0.00200219,0.0002625,950.032
0,2108739,11,phononTS,0.000389611,-0.00195765,0.00217683,-0.000262498,195.844,0.000382,1,-0.00200005,0.00200134,0.0002625,301.257
0,2110320,8,phononTS,0.000428913,-0.00459352,0.00125243,-0.000262498,1872.79,0.000382,1,-0.00300024,-0.00099602,0.0002625,2404.66
0,2112323,16,phononL,0.000934048,-0.00235755,-0.00239162,-0.0002625,1779.22,0.000382,1,-0.00199837,-0.00199779,0.0002625,2308.17
0,2113384,2,phononTS,0.00607703,-0.00100142,0.00301929,8.12886e-05,294.199,0.001528,1,-0.00100225,0.00300459,0.0002625,1035.06
0,2113384,14,phononL,0.00190415,-0.00100225,0.00300459,0.000262498,1035.06,0.00176753,1,-0.00043545,0.00304352,-0.0002625,1118.19
0,2114050,17,phononL,0.00151418,-0.00200041,-2.1217e-07,0.0002625,532.274,0.000239552,1,-0.00230315,-0.000498181,-0.0002625,703.55
0,2115851,8,phononTS,0.000481227,-0.000960006,0.00288265,-0.0002625,2942.16,0.000382,1,-0.00100176,0.002998,0.0002625,3231.23
0,2117788,2,phononTF,0.00174698,-0.00206232,0.00211224,-0.0002625,194.001,0.000764,1,-0.000995471,0.00299888,0.0002625,583.062
0,2118579,9,phononTS,0.00069441,6.43968e-06,0.00230345,-0.0002625,1392.07,0.000382,1,4.52618e-06,0.00200315,0.0002625,1754.85
0,2119734,6,phononTS,0.000638358,0.0017634,0.000583752,-0.000262498,1435.2,0.000382,1,-4.26289e-06,0.00199524,0.0002625,1885.49
0,2119926,4,phononTF,0.00162838,-0.00012499,0.00211045,-0.0002625,58.1584,0.000764,1,3.33315e-06,0.00200011,0.0002625,560.442
0,2120425,12,phononTS,0.00059056,-0.000981277,0.00192548,-0.000262498,6878.07,0.000382,1,-0.0010002,0.00100328,0.0002625,7089.46
0,2126623,4,phononTS,0.000608517,-0.000937084,0.00116453,-0.0002625,695.049,0.000382,1,-0.000999681,0.000996433,0.0002625,915.061
0,2126715,5,phononTS,0.00102489,-0.00204614,0.00207184,-0.000262498,584.531,0.000382,1,-0.00199705,0.00199703,0.0002625,680.489
0,2126715,6,phononTS,0.000489031,-0.00199705,0.00199703,0.000262498,680.489,0.000489031,1,-0.00250762,0.00157682,-0.0002625,860.323
0,2128366,5,phononTF,0.000636613,-0.000829921,0.00117908,-0.0002625,971.252,0.000382,1,-0.000998999,0.00100391,0.0002625,1169.36
0,2129528,19,phononTS,0.000665563,-0.00196808,3.33098e-05,-0.000262498,462.07,0.000382,1,-0.00200255,4.59431e-06,0.0002625,552.025
0,2130395,10,phononTF,0.000679391,0.000805015,-0.0028062,-0.000262498,2457.14,0.000382,1,0.000999257,-0.00300364,0.0002625,2558.75
0,2131602,2,phononTS,0.00136666,-0.00346967,0.00418399,-0.0002625,67.0684,0.000764,1,-0.00100434,0.00100158,0.0002625,1988.34
0,2131678,3,phononTF,0.00104508,1.50781e-05,0.000111066,-0.0002625,3.97368,0.000764,1,-1.77322e-06,2.77585e-06,0.0002625,525.143
0,2132669,4,phononL,0.00211639,-0.00201852,0.00167458,-0.0002625,253.12,0.000382,1,-0.00200451,0.00199726,0.0002625,390.597
0,2138769,13,phononTF,0.00060409,0.00102933,-0.00302694,-0.0002625,11344.1,0.000382,1,0.000998561,-0.0029984,0.0002625,11665.6
0,2138794,2,phononTS,0.000791519,-0.00113431,0.00111503,-0.0002625,76.6988,0.000382,1,-0.0010049,0.00100319,0.0002625,517.165
0,2140269,6,phononL,0.00129924,-0.00158993,-0.00093161,-0.000262498,4601.68,0.000382,1,-0.00100344,-0.00100397,0.0002625,4686.6
0,2142434,4,phononTF,0.00142423,-0.00118008,0.00116559,-0.0002625,382.454,0.000382,1,-0.00100389,0.000998355,0.0002625,580.432
0,2144735,6,phononTS,0.00040119,-4.86146e-05,-3.69202e-05,-0.0002625,910.856,0.000382,1,-4.3478e-06,-3.11461e-06,0.0002625,1537.26
0,2146414,13,phononTS,0.000661107,-0.00204626,-4.83756e-05,-0.000262498,1020.32,0.000382,1,-0.00199879,3.86524e-06,0.0002625,1114.12
0,2146535,14,phononTF,0.000551744,-0.00108599,0.00108286,-0.000262498,531.958,0.000382,1,-0.00100093,0.000995634,0.0002625,624.221
0,2146719,6,phononTS,0.00103939,-0.00197616,0.00194408,-0.0002625,288.349,0.000382,1,-0.0020039,0.00199768,0.0002625,1305.99
0,2149660,12,phononTS,0.00178903,-0.00176427,0.00177497,-0.0002625,648.663,0.000382,1,-0.00199871,0.00199704,0.0002625,1203.54
0,2150774,6,phononL,0.00049798,-0.0015642,0.00177247,-0.0002625,6542.22,0.000382,1,-0.00199514,0.00199739,0.0002625,7088.88
0,2154733,8,phononTS,0.000493536,-0.00199548,0.00199681,0.000262498,317.988,0.000493536,1,-0.00196605,0.00194886,-0.0002625,410.581
0,2159786,3,phononTF,0.000906313,-0.00114487,0.0012955,-0.0002625,19.7898,0.000382,1,-0.000997867,0.000999515,0.0002625,241.789
0,2160006,14,phononL,0.00139486,-0.00128917,0.000647197,-0.0002625,344.678,0.000764,1,-0.000997675,0.00100171,0.0002625,591.28
0,2161372,24,phononTF,0.000581102,0.000904255,-0.00305359,-0.0002625,288.512,0.000382,1,0.00100495,-0.00299632,0.0002625,1805.37
0,2161886,10,phononTS,0.000668643,0.00287471,0.00346039,-0.0002625,7409.72,0.000382,1,0.00200011,0.00199906,0.0002625,8190.15
0,2164884,26,phononTS,0.000818019,-0.00117965,-0.000106447,-0.0002625,2595.04,0.000382,1,-0.00200049,4.96526e-06,0.0002625,3192.66
0,2165233,9,phononTS,0.000486493,-0.00203707,0.00204623,-0.000262498,505.56,0.000382,1,-0.00199527,0.00200408,0.0002625,594.727
0,2165317,19,phononTS,0.000628195,-0.00101604,0.00304834,-0.0002625,2704.38,0.000382,1,-0.00100339,0.00299716,0.0002625,3371.39
0,2165656,6,phononTS,0.000624113,-0.00180337,0.002984,-0.0002625,1373.28,0.000382,1,-0.000997286,0.00300283,0.0002625,4067.56
0,2166884,4,phononTS,0.000953044,-0.00102793,0.00105036,-0.0002625,203.9,0.000382,1,-0.00100007,0.000996251,0.0002625,561.358
0,2167781,8,phononTS,0.000543708,0.00096253,-0.00222007,-0.000262498,1059.5,0.000382,1,0.00199878,-0.00199883,0.0002625,1297.94
0,2167952,5,phononL,0.00113263,-0.00147107,0.00167624,-0.000262498,183.724,0.000382,1,-0.00199965,0.00199874,0.0002625,272.46
0,2170424,2,phononTS,0.00265017,-0.000998553,0.00144201,-0.000262498,604.006,0.000764,1,-0.000999706,0.00100028,0.0002625,743.059
0,2172574,2,phononTS,0.00276774,-0.00132114,0.00163271,5.45403e-05,315.318,0.000382,1,-0.00199792,0.00200195,0.0002625,472.147
0,2173248,5,phononTF,0.0020714,-0.00262504,0.000607664,-0.0002625,569.1,0.000382,1,-0.00200301,-1.29971e-06,0.0002625,1057.8
0,2177110,3,phononTF,0.001904,-0.00155522,0.00156343,-0.0002625,209.188,0.001146,1,-0.000995327,0.000997897,0.0002625,495.488
0,2180229,12,phononTF,0.000540276,0.00211767,-0.000114852,-0.0002625,1006.15,0.000382,1,0.00200295,-3.43496e-06,0.0002625,3206.16
0,2182439,5,phononTS,0.00122786,-0.00122297,0.00104318,-0.0002625,452.248,0.000764,1,-0.00100448,0.000999023,0.0002625,1022.07
0,2183186,2,phononTF,0.00282159,-0.00124432,0.00132258,-0.0002625,266.591,0.000382,1,-0.00100059,0.000999879,0.0002625,499.208
0,2186325,4,phononTF,0.00257666,-0.000659171,-0.00136493,-0.0002625,2626.34,0.000382,1,-6.37152e-07,-0.00199887,0.0002625,2900.13
0,2188963,9,phononTS,0.000830586,-0.00199721,0.00199841,0.000262498,2136.04,0.000830586,1,-0.00195671,0.00200531,-0.0002625,2227.55
0,2190269,12,phononTS,0.000892613,-0.000969368,-6.12027e-05,-0.000262498,718.687,0.000382,1,2.17764e-06,0.00199863,0.0002625,1170.41
0,2194444,11,phononTF,0.000578559,-0.00327757,0.00194763,-0.0002625,10998,0.000382,1,0.001001,-0.00300494,0.0002625,14019.1
0,2200139,14,phononTF,0.000474976,0.000758646,0.00119989,-0.000262498,2546.31,0.000382,1,0.000995351,0.00100017,0.0002625,2651.87
0,2203232,5,phononTS,0.000524652,0.00127919,0.000150037,-0.0002625,639.365,0.000382,1,0.00199777,2.09558e-06,0.0002625,1164.18
0,2205729,22,phononTS,0.000437534,-0.00203653,0.00201581,-0.0002625,9797.35,0.000382,1,-0.00200326,0.00199676,0.0002625,10067.1
0,2210131,9,phononTS,0.000801131,-0.000995763,0.00299725,0.0002625,1506.92,0.000219457,1,-0.000959657,0.00298969,-0.0002625,1690.36
0,2213142,2,phononTF,0.00113928,-0.00116623,0.000875983,-0.0002625,21.94,0.000382,1,-0.00100306,0.000998064,0.0002625,452.921
0,2213731,5,phononTS,0.000641243,-0.00102301,0.00298889,-0.0002625,357.935,0.000382,1,-0.00100487,0.00300295,0.0002625,1044.95
0,2214736,12,phononTS,0.000794003,0.00138655,-0.00266411,-0.0002625,4213.11,0.000764,1,0.00100257,-0.00299784,0.0002625,4682.35
0,2215196,9,phononTF,0.00087658,-0.000156437,0.00185171,-0.0002625,2458.86,0.000382,1,-1.27978e-06,0.00199917,0.0002625,2792.52
0,2216852,10,phononTF,0.000702883,-0.000895611,0.00110539,-0.0002625,8487.61,0.000382,1,-0.000999235,0.00100217,0.0002625,8767.52
0,2216852,2,phononTF,0.000464452,-0.00146245,0.00161943,0.000262498,39.1433,0.000464452,1,-0.00190168,0.00128342,-0.0002625,173.613
0,2218472,4,phononTS,0.00303078,-3.90274e-05,0.00104874,-0.0002625,688.51,0.001528,1,0.000996082,0.000995184,0.0002625,1170.82
0,2220174,3,phononTS,0.00089218,-0.00105425,0.00103855,-0.0002625,333.335,0.000382,1,-0.00100316,0.00100373,0.0002625,1100.61
0,2221621,13,phononTF,0.00121851,-0.00169408,0.000284014,-0.0002625,462.545,0.000382,1,-0.00199708,-3.39095e-06,0.0002625,1012.07
0,2221988,11,phononTF,0.000686928,0.000253782,0.000266082,-0.000262498,3064,0.000382,1,1.65246e-06,3.10348e-06,0.0002625,3173.92
0,2227391,3,phononTS,0.000465953,0.000327756,0.00112364,-0.0002625,123.281,0.000382,1,0.000995266,0.00099578,0.0002625,831.791
0,2229031,14,phononTF,0.000460788,-0.000726473,-0.000722467,-0.000262498,17677.2,0.000382,1,-0.000996023,-0.00100325,0.0002625,17789.1
0,2230761,1,phononTF,0.01,-0.000880735,0.000894227,0.000111975,0,0.001528,1,-0.000997143,0.00099962,0.0002625,759.65
0,2230761,6,phononTS,0.000782417,-0.000997143,0.00099962,0.000262498,759.65,0.000782417,1,-0.000958638,0.0010307,-0.0002625,849.079
0,2230761,16,phononTS,0.000479539,0.00099957,0.000995359,0.000262498,6933.64,0.000479539,1,0.000973404,0.000977273,-0.0002625,7024.41
0,2231420,7,phononTF,0.000772427,-0.000731707,0.00320575,-0.000262498,606.841,0.000382,1,-0.00100177,0.00299761,0.0002625,716.089
0,2234908,11,phononTF,0.000762717,-0.00200355,0.00200047,0.000262498,739.66,0.000414384,1,-0.00219423,0.00218269,-0.0002625,840.211
0,2240638,11,phononTS,0.000476497,0.00199804,-2.33242e-06,0.000262498,13749.4,0.000476497,1,0.00195995,-4.25194e-05,-0.0002625,13842.8
0,2245214,19,phononTS,0.000503995,1.02363e-05,0.000223106,-0.000262498,6323.05,0.000382,1,-2.56927e-06,-1.81278e-06,0.0002625,6434.82
0,2246199,11,phononTS,0.000515427,0.000542109,0.00196998,-0.000262498,1037.99,0.000382,1,-3.79172e-06,0.00200094,0.0002625,1185.3
0,2246199,3,phononTS,0.0017376,-0.00136202,0.00152174,0.000262498,3.348,0.000304358,1,-0.00133519,0.00154118,-0.0002625,93.0246
0,2246686,5,phononTS,0.000713498,-0.00136686,0.0010371,-0.0002625,1594.98,0.000382,1,-0.00100051,0.00100314,0.0002625,2072.44
0,2248935,4,phononTF,0.00262647,-0.000131994,0.000200615,-0.0002625,494.603,0.000382,1,-3.2975e-06,-4.19254e-06,0.0002625,898.49
0,2249528,3,phononTF,0.00135569,-0.00179693,0.00180687,-0.0002625,306.511,0.000382,1,-0.00199608,0.00200105,0.0002625,509.913
0,2249528,7,phononL,0.000904037,-0.00199608,0.00200105,0.000262498,509.913,0.000354184,1,-0.00326459,0.00196246,-0.0002625,658.058
0,2251412,12,phononTS,0.000482012,-0.00300284,-0.000995343,0.000262498,1847.09,0.000482012,1,-0.00209682,-0.000669758,-0.0002625,2072.11
0,2251965,5,phononTF,0.000735292,-0.00105355,0.00129319,-0.000262498,463.495,0.000382,1,-0.00199577,0.00199758,0.0002625,690.355
0,2255267,3,phononTF,0.00282825,-0.00172321,0.00172917,-0.0002625,20.8507,0.000764,1,-0.00200169,0.00200087,0.0002625,244.544
0,2255342,5,phononTS,0.000831797,0.0033163,0.00103945,-0.0002625,513.153,0.000382,1,0.00299634,0.000995934,0.0002625,2867.15
0,2255342,3,phononTF,0.00282582,0.00166808,-0.005,-7.84676e-05,420.735,0.00041249,1,0.00176746,-0.00490028,-0.0002625,2673.39
0,2258082,3,phononTF,0.00266196,-0.00274098,-0.000728769,-0.0002625,196.796,0.000382,1,-0.00300413,-0.00100022,0.0002625,1696.93
0,2258536,10,phononTF,0.000450352,-0.000130647,-0.00186038,-0.0002625,2519.71,0.000382,1,-1.22063e-06,-0.00199696,0.0002625,3187.84
0,2260418,7,phononTS,0.000518996,0.0029561,0.000963657,-0.0002625,6183.74,0.000382,1,0.00299756,0.000998142,0.0002625,13030
0,2260418,2,phononL,0.00059112,-0.0015231,0.00169733,0.000262498,93.9934,0.00059112,1,-0.00175469,0.00228382,-0.0002625,182.982
0,2262554,6,phononTS,0.000960614,0.00167489,4.55791e-05,-0.0002625,1025.52,0.000764,1,0.00200223,5.70263e-07,0.0002625,2417.45
0,2265808,7,phononTF,0.000576496,0.000635017,-0.00264203,-0.0002625,4303.65,0.000382,1,0.00100287,-0.00299597,0.0002625,6182.94
0,2267402,9,phononTF,0.00041314,-0.000139921,0.000148629,-0.0002625,306.109,0.000382,1,4.40907e-06,1.61536e-06,0.0002625,595.896
0,2267402,3,phononTF,0.0010955,-0.00136818,0.00150469,0.000262498,1.1215,0.000129174,1,-0.00181273,0.00095213,-0.0002625,156.049
0,2268054,11,phononTF,0.000424868,-0.00435463,-0.005,0.000249476,414.155,0.000424868,1,-0.00356736,-0.00420301,-0.0002625,1803.56
0,2268367,11,phononTF,0.000860522,-0.0011779,0.00112349,-0.0002625,457.424,0.000382,1,-0.00100044,0.0010016,0.0002625,937.483
0,2274801,8,phononTS,0.00121834,-0.000961006,0.00100666,-0.0002625,302.526,0.000382,1,-0.000999272,0.000996038,0.0002625,954.114
0,2275814,14,phononTS,0.000514623,-0.000444846,-0.0016498,-0.0002625,20328.6,0.000382,1,-4.09783e-06,-0.00199718,0.0002625,21621.5
0,2275815,1,phononTS,0.01,-0.00123416,0.0016992,-0.000233185,0,0.00357799,1,-0.00123068,0.00166271,-0.0002625,375.668
0,2276654,17,phononTF,0.000921959,0.000513071,-0.00239511,-0.0002625,9282.96,0.000382,1,-1.7927e-06,-0.00200151,0.0002625,10976.6
0,2276655,1,phononTF,0.01,-0.00214309,0.00131152,-5.4178e-05,0,0.00382061,1,-0.00203869,0.00121183,-0.0002625,848.113
0,2277211,29,phononTS,0.000504895,0.000987281,-0.00299618,-0.000262498,3105.02,0.000382,1,0.00100308,-0.00300251,0.0002625,3196.39
0,2279595,25,phononTF,0.000767237,-0.00108235,-0.000918718,-0.000262498,808.537,0.000382,1,-0.000995624,-0.0010021,0.0002625,900.821
0,2280149,10,phononTS,0.000590076,-0.00193486,0.00198468,-0.0002625,1881.01,0.000382,1,-0.00200185,0.00199648,0.0002625,2171.49
0,2281299,6,phononTS,0.00187022,0.00199719,2.9699e-05,-0.0002625,1141.24,0.000382,1,0.00199724,-1.48644e-06,0.0002625,1589
0,2281672,19,phononTF,0.000735338,-0.00103264,0.00310702,-0.0002625,1719.18,0.000382,1,-0.0009979,0.00300123,0.0002625,2746.67
0,2283272,2,phononTS,0.00175956,-0.00112412,0.00132681,-0.0002625,41.6343,0.000764,1,-0.00100022,0.000999166,0.0002625,304.644
0,2286122,5,phononTS,0.000383258,0.000970127,0.00105054,-0.0002625,1717.46,0.000382,1,0.000997749,0.00100087,0.0002625,2377.07
0,2286532,6,phononTS,0.000704452,-0.000840838,-0.000678832,-0.000262498,1119.64,0.000382,1,1.09953e-06,-0.00200382,0.0002625,1437.88
0,2287246,12,phononTS,0.00055556,-0.0020348,0.00197691,-0.000262498,3276.87,0.000382,1,-0.00200223,0.00199754,0.0002625,3366.74
0,2288683,21,phononTF,0.000400397,-0.000995915,0.00100176,0.0002625,12452.9,0.000400397,1,-0.00249943,0.00279754,-0.0002625,13677.1
0,2289031,4,phononL,0.00274355,-0.000325617,0.000372332,-0.0002625,97.2473,0.001528,1,-3.20976e-07,1.77759e-06,0.0002625,412.856
0,2289246,4,phononTS,0.00176687,-0.00085275,0.00301205,-0.0002625,3479.46,0.000764,1,-0.00100058,0.00299753,0.0002625,7568.56
0,2295072,15,phononTS,0.000410459,0.00303956,0.000960378,-0.0002625,6932.87,0.000382,1,0.00300244,0.000996196,0.0002625,7851.75
0,2304894,3,phononTS,0.00749412,-0.00179322,0.00197382,0.000115039,16.4151,0.001146,1,-0.00199953,0.00199739,0.0002625,242.765
0,2304894,5,phononTS,0.00064124,-0.00199953,0.00199739,0.000262498,242.765,0.00064124,1,-0.00165926,0.00326574,-0.0002625,524.902
0,2307968,14,phononTS,0.00118984,-0.00298479,-0.000868972,-0.0002625,4088.06,0.000382,1,-0.00300238,-0.00100125,0.0002625,5820.89
0,2310108,2,phononTS,0.00101328,-0.00239679,0.00185228,-0.0002625,390.991,0.000382,1,-0.00199537,0.0019967,0.0002625,1742.78
0,2313690,5,phononTS,0.000913195,-0.00228294,-0.00197169,-0.0002625,2184.48,0.000382,1,-0.00199605,-0.00200111,0.0002625,3010.66
0,2313690,2,phononTS,0.0010199,-0.00185053,0.0014587,0.000262498,408.195,0.000631867,1,-0.00143154,0.00123265,-0.0002625,558.658
0,2314166,7,phononTS,0.0022274,-0.00094184,0.00105652,-0.0002625,495.902,0.000764,1,-0.00100396,0.00100433,0.0002625,970.385
0,2318085,7,phononTS,0.00108799,0.00217923,0.000445894,-0.0002625,949.867,0.000764,1,0.00299911,0.00100433,0.0002625,1881.14
0,2321484,11,phononTS,0.000479659,-0.00200422,0.00200054,0.000262498,1688.18,0.000479659,1,-0.00194969,0.00201613,-0.0002625,1778.07
0,2322345,18,phononTS,0.000567679,-0.00110991,0.00372408,-0.0002625,9993.24,0.000382,1,-0.00100252,0.00299541,0.0002625,11818.7
0,2324241,2,phononTF,0.000386488,-0.00115298,0.00121014,-0.0002625,78.4392,0.000382,1,-0.000995259,0.00099838,0.0002625,282.736
0,2326876,7,phononTS,0.000743563,0.00300008,0.00100297,0.0002625,1328.28,0.000268153,1,0.00295771,0.000838917,-0.0002625,3169.08
0,2326933,20,phononTF,0.000419532,0.00126023,0.000759629,-0.0002625,9477.6,0.000382,1,0.00200302,-1.67441e-06,0.0002625,10705
0,2327579,2,phononL,0.00092514,-0.000329042,0.00229168,-0.0002625,394.46,0.000382,1,1.58369e-06,0.00200265,0.0002625,689.604
0,2332574,7,phononTS,0.000565787,-3.36505e-05,0.0020321,-0.000262498,5768.62,0.000382,1,1.30586e-06,0.00200137,0.0002625,5858.08
0,2334382,5,phononTS,0.00128523,-0.00196629,4.60122e-05,-0.000262498,932.241,0.000382,1,-0.00200181,4.00174e-06,0.0002625,1026.2
0,2335492,7,phononTF,0.00209187,-0.00291791,0.005,8.68355e-06,498.863,0.000124469,1,-0.000938874,0.00301068,-0.0002625,1901.7
0,2335802,5,phononTS,0.00129502,-0.000840454,0.0032414,-0.0002625,6489.13,0.000382,1,4.92445e-06,0.00199986,0.0002625,8429.12
0,2335802,6,phononTF,0.000476814,4.92445e-06,0.00199986,0.000262498,8429.12,0.000476814,1,2.24379e-06,0.00203772,-0.0002625,8519.36
0,2338553,3,phononTF,0.00236458,-0.000435594,0.00155169,-0.0002625,578.402,0.001146,1,-7.22669e-07,0.00200172,0.0002625,2062.07
0,2342088,19,phononTS,0.000963506,-5.28664e-05,0.00201059,-0.000262498,1793.75,0.000764,1,-3.81322e-06,0.00200157,0.0002625,1889.38
0,2344117,11,phononTF,0.000515326,-0.000791795,0.00321592,-0.0002625,15064.7,0.000382,1,-0.00100302,0.00300118,0.0002625,15790.6
0,2353347,5,phononTS,0.000601215,0.00190122,-0.00148595,-0.0002625,1762.31,0.000382,1,-0.00100115,0.00100329,0.0002625,3299.69
0,2353347,3,phononL,0.00200248,-0.00124376,0.00160838,0.000262498,186.323,0.00200248,1,-0.00107512,0.00170305,-0.0002625,250.859
0,2354141,2,phononTS,0.000658637,-0.00123467,0.00195603,-0.0002625,100.987,0.000382,1,-0.00199787,0.00200455,0.0002625,780.939
0,2356540,6,phononTF,0.000695014,-0.00106862,0.00123636,-0.000262498,164.542,0.000382,1,-0.000995116,0.00100447,0.0002625,267.508
0,2358819,5,phononTS,0.00153177,-0.000663115,-0.000957923,-0.000262498,633.927,0.000382,1,-0.00100422,-0.000999547,0.0002625,761.909
0,2361065,1,phononTF,0.01,-0.00103047,0.00102428,0.000137139,0,0.002292,1,-0.00100085,0.000996133,0.0002625,681.845
0,2361065,7,phononTS,0.000579291,-0.00100085,0.000996133,0.000262498,681.845,0.000579291,1,-0.000308801,0.000944934,-0.0002625,855.08
0,2361558,4,phononTS,0.00132114,-0.000621607,0.00316381,-0.0002625,308.144,0.000382,1,-5.27295e-07,0.00199981,0.0002625,1821.15
0,2362584,1,phononTF,0.01,-0.000980095,0.00102521,0.000194173,0,0.002674,1,-0.00100396,0.00100051,0.0002625,375.958
0,2363039,5,phononTF,0.00167248,-0.000731966,0.000752008,-0.0002625,907.544,0.000764,1,4.15225e-06,1.02525e-06,0.0002625,1292.91
0,2365613,9,phononTS,0.000476115,0.00239376,0.000977923,-0.0002625,489.951,0.000382,1,0.00299721,0.000997692,0.0002625,1932.1
0,2371251,6,phononTF,0.000539155,0.00130292,-0.00108392,-0.0002625,1819.67,0.000382,1,0.0010042,-0.000997285,0.0002625,2151.61
0,2372319,6,phononTS,0.000424198,-0.0019832,-0.00196317,-0.000262498,2647.14,0.000382,1,-0.00199904,-0.00199664,0.0002625,2738.99
0,2372609,15,phononTS,0.000767923,-0.00202853,0.00292915,-0.000262498,1479.81,0.000382,1,-0.0019953,0.00200038,0.0002625,1692.72
0,2373938,5,phononTS,0.00105893,-0.0017591,0.00167833,-0.0002625,782.651,0.000382,1,-0.00199897,0.00199602,0.0002625,1033.02
0,2375288,3,phononTF,0.000728457,-0.00121961,0.000965168,-0.0002625,472.22,0.000382,1,-0.000997075,0.000997314,0.0002625,725.143
0,2376529,20,phononTF,0.000512425,-0.000241076,0.000138828,-0.0002625,449.833,0.000382,1,4.31766e-07,3.69002e-06,0.0002625,2816.22
0,2378689,11,phononTS,0.000720692,-0.0010002,-0.00100491,0.000262498,5037.48,0.000720692,1,-0.00103408,-0.000721344,-0.0002625,5158.14
0,2380718,4,phononTF,0.00128558,-0.000511141,0.000537088,-0.0002625,104.147,0.000382,1,3.97253e-06,4.41141e-06,0.0002625,938.673
0,2382394,8,phononTS,0.000401217,0.00203582,0.00204948,-0.0002625,316.046,0.000382,1,0.00200188,0.00199901,0.0002625,1235.43
0,2384080,7,phononTS,0.000495428,-8.19088e-08,-3.38324e-06,0.000262498,995.651,0.000495428,1,1.03264e-05,5.02088e-05,-0.0002625,1085.8
0,2386687,9,phononTS,0.000658609,-0.00195041,0.00197407,-0.0002625,1103.57,0.000382,1,-0.00199941,0.00200411,0.0002625,1728.64
0,2388193,2,phononTS,0.000884745,-0.00300128,0.00321848,-0.0002625,115.663,0.000382,1,-0.00100217,0.000999663,0.0002625,2502.92
0,2394723,13,phononTS,0.000933863,-0.00098847,0.000954253,-0.000262498,3905.21,0.000382,1,-0.0010011,0.00100181,0.0002625,3995.43
0,2397384,10,phononTS,0.000900242,-0.000998401,0.00100356,0.0002625,824.94,0.000537209,1,-0.000960476,0.000762054,-0.0002625,1050.22
0,2398833,5,phononTF,0.00081983,-0.00174304,0.00176379,-0.000262498,129.625,0.000382,1,-0.00199795,0.00199851,0.0002625,238.088
0,2398997,5,phononTF,0.00102679,-0.00155843,0.00155739,-0.000262498,195.835,0.000382,1,-0.00200281,0.0020034,0.0002625,336.44
0,2399113,16,phononTS,0.00057293,-0.00090089,0.00304742,-0.000262498,22478.7,0.000382,1,-0.000995234,0.00299789,0.0002625,22576.3
0,2399113,2,phononTF,0.00205291,-0.00126711,0.0016798,0.000262498,68.1628,0.00119361,1,-0.00159181,0.00201818,-0.0002625,188.598
0,2402510,25,phononTF,0.000503038,-0.00219978,-0.000204066,-0.000262498,1080.01,0.000382,1,-0.00200442,8.20455e-07,0.0002625,1182.08
0,2406071,4,phononTS,0.000867984,-0.00197961,0.00205724,-0.0002625,575.58,0.000382,1,-0.00200148,0.00200262,0.0002625,1110.69
0,2407249,3,phononTS,0.00173342,-0.00287153,-0.000387989,-0.0002625,99.595,0.000382,1,-0.00299752,-0.000995431,0.0002625,2282.6
0,2408728,3,phononTS,0.00120679,-0.000964383,0.00103821,-0.000262498,1037.95,0.000764,1,-0.00100208,0.00100352,0.0002625,1127.54
0,2412636,13,phononTF,0.000410799,0.000997433,0.0010048,0.000262498,653.848,0.000410799,1,0.000731652,0.000727766,-0.0002625,765.142
0,2413051,10,phononTF,0.000456929,0.000180788,0.00182799,-0.0002625,12126.5,0.000382,1,3.01268e-06,0.0019974,0.0002625,12694
0,2417314,13,phononTF,0.000816673,-0.00244957,-0.000139076,-0.0002625,117.288,0.000382,1,-0.00300289,-0.000997732,0.0002625,734.323
0,2418201,8,phononTS,0.000395067,-0.00196637,0.000103561,-0.0002625,2507.26,0.000382,1,-0.0019993,4.11233e-06,0.0002625,2797.23
0,2418201,3,phononTF,0.00241199,-0.00316089,0.003124,-8.83183e-05,5.43181,0.000520963,1,-0.00330702,0.00298674,-0.0002625,630.457
0,2418632,7,phononTS,0.000500965,-0.00199863,0.00200276,0.000262498,2422.33,0.000500965,1,-0.00240846,0.000994337,-0.0002625,2668.77
0,2420264,9,phononTF,0.00106749,-0.00179099,0.00173703,-0.000262498,179.692,0.000382,1,-0.00199664,0.0019958,0.0002625,287.66
0,2420929,3,phononTF,0.00283909,-0.00124424,0.00123964,-0.0002625,2.15349,0.000382,1,-0.00099748,0.0010046,0.0002625,385.183
0,2421182,10,phononTF,0.000784592,-0.000747661,0.00125147,-0.000262498,733.825,0.000382,1,-0.00100129,0.000996093,0.0002625,842.963
0,2422451,5,phononTS,0.000493599,4.87902e-05,0.000612707,-0.0002625,1915.56,0.000382,1,1.42847e-06,2.90409e-06,0.0002625,4374.2
0,2424506,8,phononTS,0.000559198,2.82423e-05,0.00196673,-0.000262498,1614.45,0.000382,1,-1.6156e-06,0.0019961,0.0002625,1703.98
0,2425220,5,phononTS,0.00122094,-0.000385775,0.00193298,-0.0002625,270.803,0.000764,1,-3.62797e-06,0.00200383,0.0002625,675.023
0,2427727,5,phononTF,0.000794454,-0.000588082,0.001433,-0.0002625,125.363,0.000382,1,-3.28465e-06,0.002005,0.0002625,674.465
0,2429352,9,phononTS,0.000553549,-0.000974844,0.00101137,-0.000262498,985.611,0.000382,1,-0.00100204,0.000999228,0.0002625,1080.91
0,2429352,2,phononTS,0.00392114,-0.000938128,0.00118951,-5.2185e-05,836.658,0.00151596,1,-0.000794811,0.000683421,-0.0002625,949.779
0,2433314,6,phononTF,0.000941168,-0.00169741,0.00230884,-0.0002625,117.859,0.000382,1,-0.00199578,0.00199814,0.0002625,878.972
0,2433837,17,phononTF,0.000469763,-0.00161696,0.00240175,-0.0002625,826.196,0.000382,1,-0.00200155,0.00200367,0.0002625,1447.05
0,2435592,4,phononTS,0.00284292,-0.00151747,0.0018189,-0.000262498,1277.14,0.000764,1,-0.00199912,0.00199625,0.0002625,1431.7
0,2439290,10,phononTS,0.000897151,3.47816e-05,-0.00154425,-0.0002625,7839.27,0.000382,1,-3.17057e-06,-0.001999,0.0002625,8536.63
0,2440013,6,phononTS,0.00114264,-0.00200463,0.00199793,0.000262498,1241.92,0.000478514,1,-0.00347402,0.00145155,-0.0002625,1569.21
0,2440198,2,phononTF,0.00162829,-0.00116341,0.0011642,-0.0002625,31.6267,0.000764,1,-0.000995092,0.00100145,0.0002625,228.468
0,2443446,3,phononTS,0.0018487,-0.00103562,0.00145939,-0.000262498,800.978,0.000382,1,-0.000996733,0.000995579,0.0002625,944.742
0,2453006,4,phononL,0.000712924,-0.00302966,-0.00142498,-0.0002625,335.396,0.000382,1,-0.00299726,-0.000999902,0.0002625,1463.02
0,2454115,24,phononTF,0.000762957,-0.00215212,0.000574286,-0.0002625,2117.8,0.000382,1,-0.000995576,0.00100231,0.0002625,2862.32
0,2458427,6,phononTF,0.00122871,0.000279552,-0.00287628,-0.0002625,1717.3,0.000382,1,-9.15557e-08,-6.95407e-07,0.0002625,2473.92
0,2458427,7,phononTS,0.000685695,-9.15557e-08,-6.95407e-07,0.000262498,2473.92,0.000112772,1,-2.56779e-05,0.000573213,-0.0002625,2630.62
0,2464622,11,phononTS,0.000697566,-0.00100226,0.000999683,0.0002625,3196.58,0.000697566,1,-0.00103382,0.00103697,-0.0002625,3390.8
0,2467473,4,phononTS,0.000532576,-0.0020037,0.00199823,0.0002625,236.625,0.000532576,1,-0.00204584,0.00202084,-0.0002625,416.498
0,2469716,5,phononTF,0.0020288,0.00114345,-0.0011325,-0.0002625,70.6467,0.000382,1,0.00100487,-0.00100087,0.0002625,1716.4
0,2472582,2,phononTF,0.00151013,-0.00110392,0.00275963,-0.0002625,56.5876,0.000382,1,-0.000996216,0.00300265,0.0002625,683.368
0,2472582,22,phononTF,0.000398803,-0.000996216,0.00300265,0.000262498,683.368,0.000398803,1,-0.00104363,0.00295481,-0.0002625,773.983
0,2473474,3,phononTS,0.00204439,0.00194851,0.00202116,-0.0002625,283.038,0.001146,1,0.00199651,0.00200316,0.0002625,3019.94
0,2473747,19,phononTS,0.000592427,-0.000319992,0.00268076,-0.000262498,9281.12,0.000382,1,0.0010038,0.00100203,0.0002625,9691.06
0,2473748,1,phononTF,0.01,-0.00106404,0.00171578,-0.000241606,0,0.00306005,1,-0.00104691,0.00169802,-0.0002625,509.765
0,2478682,10,phononTS,0.00051827,-0.00095481,0.0010289,-0.0002625,1218.23,0.000382,1,-0.00100054,0.00100416,0.0002625,1846.3
0,2480562,15,phononTS,0.000427057,0.00201565,-2.29174e-06,-0.000262498,870.223,0.000382,1,0.00200067,-2.87358e-06,0.0002625,962.146
0,2482579,5,phononTF,0.000665128,-0.00122343,0.00289192,-0.0002625,1959.5,0.000382,1,-1.04126e-06,0.00199673,0.0002625,2922.32
0,2482583,3,phononTS,0.00584126,-0.00144899,0.00144229,0.000174549,71.2938,0.000764,1,-0.00200183,0.00199759,0.0002625,204.447
0,2483406,2,phononTF,0.00393065,-0.00166132,0.00167833,-0.0002625,164.314,0.000382,1,-0.00199698,0.00200464,0.0002625,332.141
0,2483406,15,phononTS,0.000619397,-0.00199698,0.00200464,0.000262498,332.141,0.000127717,1,-0.00199542,0.001949,-0.0002625,422.719
0,2487483,12,phononTF,0.000438717,0.00230293,-0.000230765,-0.000262498,5124.28,0.000382,1,0.00199508,1.82346e-06,0.0002625,5238.49
0,2487484,1,phononTS,0.01,-0.00140975,0.00183167,-0.000114392,0,0.00154975,1,-0.00140263,0.00177096,-0.0002625,430.6
0,2488963,14,phononTS,0.000437033,-0.00204382,-0.00213883,-0.0002625,2008.99,0.000382,1,-0.0020006,-0.00200382,0.0002625,2516.14
0,2495034,10,phononTS,0.000429796,-0.00136039,0.00409621,-0.0002625,3396.41,0.000382,1,-0.00100223,0.00299665,0.0002625,4233.5
0,2496958,16,phononTF,0.000861294,0.00119403,-0.000251792,-0.0002625,4252.46,0.000382,1,3.55521e-06,-4.68009e-06,0.0002625,4787.66
0,2498055,10,phononTS,0.000838526,-0.00304386,-0.00113129,-0.0002625,3577.61,0.000382,1,-0.00299647,-0.00100372,0.0002625,5086.73
0,2498375,14,phononTF,0.000458971,-0.00113275,0.00285864,-0.0002625,3274.43,0.000382,1,-0.00100483,0.00300352,0.0002625,3575.38
0,2499205,2,phononTF,0.00583978,-0.00130005,0.00129173,-3.68081e-05,394.656,0.001528,1,-0.00100413,0.000999302,0.0002625,747.092
0,2499205,7,phononTF,0.000953174,-0.00100413,0.000999302,0.000262498,747.092,0.000757311,1,-0.00130894,0.00131115,-0.0002625,863.997
0,2500707,13,phononTS,0.00061063,0.000990118,0.00177748,-0.0002625,13221.3,0.000382,1,0.0010038,0.00100022,0.0002625,13788.7
0,2507413,18,phononTF,0.000642306,-0.0017126,0.00228062,-0.000262498,7072.15,0.000382,1,-0.00199588,0.00200474,0.0002625,7184.64
0,2510874,10,phononTF,0.000600681,-0.00030679,-0.000856654,-0.0002625,6068.1,0.000382,1,0.00100258,-0.00299814,0.0002625,7419.64
0,2511056,5,phononTF,0.00140898,0.000729129,-0.000709635,-0.0002625,266.573,0.000382,1,0.00100432,-0.000997666,0.0002625,1168.52
0,2515553,10,phononTS,0.00150591,-0.00199808,-1.76467e-07,0.000262498,1528.03,0.00133729,1,-0.00207866,0.000743626,-0.0002625,1708.72
0,2524866,7,phononTS,0.000419094,0.00200131,0.00200457,0.0002625,3659.79,0.000419094,1,0.0020491,0.00124757,-0.0002625,4028.47
0,2525350,5,phononTF,0.00108708,0.00159443,-0.00155196,-0.0002625,109.494,0.000764,1,0.00199941,-0.00200404,0.0002625,1307.57
0,2527165,6,phononTF,0.00150877,8.83563e-05,0.00210006,-0.0002625,3766.02,0.000382,1,-4.96011e-06,0.00200216,0.0002625,4265.28
0,2527269,13,phononTF,0.00064636,-0.000291583,-0.00171441,-0.000262498,2270.6,0.000382,1,-5.98863e-07,-0.00200253,0.0002625,2384.58
0,2530248,9,phononTS,0.000462678,-0.00434379,0.00392562,-0.0002625,5762.55,0.000382,1,-0.00199544,0.00200172,0.0002625,8325.57
0,2530586,16,phononTS,0.00055856,-0.000655581,0.00164202,-0.0002625,998.347,0.000382,1,1.14574e-06,0.00200115,0.0002625,1960.51
0,2530587,1,phononTS,0.01,-0.00151144,0.00150637,-0.000187946,0,0.00284235,1,-0.0015058,0.00148014,-0.0002625,541.499
0,2533677,21,phononTS,0.000502272,-0.000935909,0.0016849,-0.000262498,4835.48,0.000382,1,-4.63377e-06,0.00200423,0.0002625,5058.69
0,2539063,3,phononTS,0.00076837,-0.00106388,0.0023536,-0.0002625,334.734,0.000382,1,-0.000999557,0.0029971,0.0002625,832.515
0,2541649,4,phononTS,0.0047918,-0.000972632,0.00318827,-0.000262498,413.158,0.000764,1,-0.000997874,0.00300059,0.0002625,520.443
0,2542650,5,phononTS,0.00152623,-0.00283893,-0.00022553,-0.000262498,1508.21,0.000382,1,-0.00200365,7.08787e-07,0.0002625,1716
0,2547060,4,phononTF,0.0009372,-0.00117662,0.00123588,-0.0002625,135.237,0.000382,1,-0.000996235,0.00100364,0.0002625,344.472
0,2548473,8,phononTF,0.000590975,-0.00300439,-0.0010014,0.0002625,4913.53,0.000590975,1,-0.00322212,-0.000948309,-0.0002625,5639.26
0,2554183,15,phononTF,0.000459335,0.000526982,0.00148922,-0.0002625,16636.8,0.000382,1,2.1134e-06,0.00199679,0.0002625,17587.2
0,2555437,5,phononTF,0.000414153,-2.3595e-06,0.00200393,0.000262498,775.639,0.000414153,1,0.000280455,0.00172261,-0.0002625,888.517
0,2560203,12,phononTF,0.00191786,-0.000966438,0.000941795,-0.000262498,1591.76,0.000382,1,-0.00100453,0.000998443,0.0002625,1682.55
0,2561832,5,phononTF,0.000586068,0.000143774,-0.005,0.000174043,993.507,0.000376056,1,-0.000652051,-0.00128485,-0.0002625,2496.2
0,2561832,2,phononTS,0.00183334,-0.000965066,0.00165807,0.000262498,145.661,0.000739251,1,-0.00130455,0.00168705,-0.0002625,270.398
0,2562300,2,phononL,0.00118039,-0.0016733,0.001707,-0.0002625,20.666,0.000764,1,-0.00200388,0.0019999,0.0002625,171.416
0,2564208,7,phononL,0.00111311,-0.000833678,0.00302764,-0.0002625,868.139,0.000382,1,-0.00100422,0.00300452,0.0002625,1781.13
0,2565917,21,phononTF,0.000525055,0.00337295,0.000865319,-0.0002625,9879.5,0.000382,1,0.00300155,0.00100199,0.0002625,11629.2
0,2566185,16,phononTS,0.000737294,-0.000953082,0.00101566,-0.000262498,525.818,0.000382,1,-0.000999557,0.000999974,0.0002625,615.8
0,2570558,6,phononTF,0.000622629,-0.00154664,0.00152727,-0.000262498,1482.59,0.000382,1,-0.00100227,0.000998569,0.0002625,1640.48
0,2571590,4,phononTF,0.00178277,-0.00200176,3.52611e-06,0.0002625,2237.94,0.000786323,1,-0.00206077,8.36877e-05,-0.0002625,2421.42
0,2573471,6,phononTF,0.000644562,0.00119561,-0.00318702,-0.0002625,2384.87,0.000382,1,0.00100279,-0.0030037,0.0002625,2701.08
0,2574371,2,phononTF,0.001574,0.000470656,-0.00196294,-0.0002625,65.0134,0.000382,1,0.00100346,-0.00300495,0.0002625,1183.3
0,2574567,10,phononTS,0.000563902,-0.00217963,0.00296001,-0.000262498,2164.28,0.000382,1,-0.00200089,0.00199965,0.0002625,2388.52
0,2575056,3,phononTS,0.00256847,-0.000827474,0.00156618,-4.18891e-05,98.4356,0.000382,1,-0.00100041,0.00300099,0.0002625,513.862
0,2575118,6,phononTS,0.000556624,0.000907377,0.005,3.55863e-05,517.48,0.000382,1,-0.00199582,0.00199821,0.0002625,4709.84
0,2576886,14,phononTS,0.000624255,-0.000947327,0.0010051,-0.0002625,181.347,0.000382,1,-0.00100169,0.00100109,0.0002625,454.076
0,2577767,8,phononTS,0.000874914,0.00299707,0.000997265,0.000262498,1179.64,0.000874914,1,0.00371453,-0.000267307,-0.0002625,1489.4
0,2578811,5,phononTS,0.000925525,0.00299568,0.000818817,-0.0002625,9646.68,0.000382,1,0.00300286,0.000996669,0.0002625,11175.5
0,2582867,4,phononTS,0.000865129,-0.00103747,0.00296892,-0.0002625,786.499,0.000382,1,-0.00100071,0.00300302,0.0002625,1412.28
0,2582867,2,phononTS,0.00228775,-0.00122147,0.00218871,0.000262498,490.011,0.00136527,1,-0.00120038,0.00220737,-0.0002625,579.747
0,2585070,8,phononTS,0.00146686,-0.00134773,-0.00319873,-0.000262498,2285.67,0.000764,1,0.00199741,0.00200427,0.0002625,3428.35
0,2590090,3,phononTS,0.00194701,0.00092261,0.00114148,-0.0002625,39.3236,0.000764,1,0.000995325,0.00100198,0.0002625,1070.38
0,2590721,17,phononTF,0.000584844,-0.00189497,0.00010683,-0.0002625,7370.98,0.000382,1,-0.000996937,0.000999624,0.0002625,10760.9
0,2593344,8,phononTS,0.000553969,-0.00123004,0.00157822,-0.000262498,345.102,0.000382,1,-0.00100293,0.000997396,0.0002625,516.528
0,2596775,3,phononTF,0.00189413,-0.00129031,0.00107409,-0.0002625,329.107,0.000382,1,-0.00100369,0.00100151,0.0002625,980.029
0,2601392,2,phononTF,0.00372205,0.0017838,0.00178475,-0.0002625,172.8,0.001146,1,0.00200087,0.00200102,0.0002625,895.712
0,2605606,10,phononTS,0.000519097,4.93973e-05,-3.22058e-06,-0.0002625,1889.35,0.000382,1,-1.7308e-06,4.01801e-06,0.0002625,2159.48
0,2606047,14,phononTS,0.000537261,-0.00204461,-0.00204141,-0.0002625,8982.36,0.000382,1,-0.00200456,-0.0020011,0.0002625,9609.55
0,2610791,20,phononTS,0.000811113,-0.000998516,0.00100012,0.000262498,1201.01,0.000811113,1,-0.00121401,0.00100473,-0.0002625,1310.95
0,2615178,12,phononTS,0.000477763,4.20262e-06,-0.000224311,-0.0002625,5230.74,0.000382,1,1.33225e-06,2.12527e-06,0.0002625,8790.83
0,2617219,2,phononTS,0.0013668,-0.000995533,0.00100345,0.0002625,2.78251,0.00112232,1,-0.000598552,5.71755e-05,-0.0002625,787.41
0,2622887,2,phononL,0.000901873,-0.00063201,-0.00122314,-0.0002625,576.775,0.000382,1,-0.000995625,-0.00100036,0.0002625,1066.12
0,2624637,19,phononL,0.000576718,-0.00196798,0.00119887,-0.000262498,373.732,0.000382,1,-0.00200168,0.00200152,0.0002625,476.412
0,2628302,3,phononTS,0.000959453,0.00236924,0.00229101,-0.0002625,3.90385,0.000382,1,0.0029983,0.00100362,0.0002625,1507.78
0,2629794,5,phononTS,0.000543596,0.000643949,-0.00202251,-0.0002625,1085.32,0.000382,1,4.07854e-06,-0.00200096,0.0002625,2376.86
0,2633547,2,phononTS,0.00108166,-0.00143821,0.00196147,-0.0002625,67.2588,0.000764,1,-0.00200432,0.0020007,0.0002625,593.33
0,2633548,1,phononTS,0.01,-0.00178189,0.00127235,-0.00025765,0,0.0049751,1,-0.00174099,0.0012464,-0.0002625,429.876
0,2636541,4,phononTS,0.000842667,-4.89159e-07,0.00200302,0.0002625,2710.44,0.000535562,1,3.81128e-05,0.00205146,-0.0002625,3822.92
0,2636541,2,phononTF,0.00208482,-0.00129995,0.00148018,0.000262498,72.6118,0.000896421,1,-0.00153502,0.00124262,-0.0002625,179.153
0,2639373,10,phononTS,0.000450214,-0.00107916,-0.00225532,-0.0002625,6155.71,0.000382,1,0.00200147,-0.00199703,0.0002625,10282.1
0,2640195,6,phononL,0.000439748,-0.00143722,0.00278867,-0.0002625,2525.96,0.000382,1,-0.00099756,0.00299958,0.0002625,3231.96
0,2641747,12,phononTF,0.000562448,-0.00115329,-0.00122268,-0.000262498,1069.84,0.000382,1,-0.000999108,-0.000998144,0.0002625,1173.13
0,2642252,4,phononTF,0.000393678,-0.00203701,0.000334885,-0.0002625,241.477,0.000382,1,-0.00199804,3.12476e-06,0.0002625,967.334
0,2642415,6,phononTS,0.000619886,-0.000963193,0.00105076,-0.0002625,814.787,0.000382,1,-0.00100402,0.00100449,0.0002625,1438.51
0,2644456,7,phononL,0.000625313,0.00199514,0.00199626,0.000262498,2115.34,0.000625313,1,0.00183718,0.00196939,-0.0002625,2179.15
0,2646626,2,phononTS,0.00520021,-0.00102455,0.00103013,0.00024245,515.39,0.00191,1,-0.00100336,0.000996112,0.0002625,524.631
0,2647206,7,phononTF,0.000513287,0.00174274,-0.0017395,-0.0002625,2355.63,0.000382,1,0.00199728,-0.00200296,0.0002625,4527.96
0,2647413,3,phononTF,0.0019217,-0.00118275,0.00117847,-0.0002625,172.073,0.000382,1,-0.000997721,0.00100224,0.0002625,371.904
0,2647413,8,phononTS,0.000893299,-0.000997721,0.00100224,0.000262498,371.904,0.000359261,1,-0.000680033,0.000565598,-0.0002625,532.755
0,2648702,11,phononTS,0.000871005,-0.00102992,-0.00102895,-0.000262499,14317.8,0.000382,1,-0.00100193,-0.000996271,0.0002625,14407.3
0,2650682,10,phononTF,0.000698211,-0.00115741,0.00116478,-0.0002625,387.633,0.000382,1,-0.000995751,0.00100196,0.0002625,682.16
0,2651639,13,phononTS,0.000571805,-0.000575507,0.00118947,-0.0002625,15016.9,0.000382,1,-0.00100105,0.000999222,0.0002625,15462
0,2651650,8,phononTS,0.000404439,-0.000958128,0.00127383,-0.000262498,242.813,0.000382,1,-0.00099754,0.000998968,0.0002625,362.764
0,2657092,8,phononTF,0.000717514,-0.00172717,0.000260325,-0.0002625,4479.06,0.000382,1,-0.00199984,4.65678e-11,0.0002625,5539.59
0,2659335,7,phononTS,0.000601427,-0.000867741,0.00300587,-0.0002625,882.203,0.000382,1,-0.000997449,0.00300205,0.0002625,1448.21
0,2660910,12,phononTF,0.000542978,-0.00234026,0.00175355,-0.000262498,3225.15,0.000382,1,-0.00199641,0.00199743,0.0002625,3344.09
0,2661582,9,phononTS,0.00060875,-2.94094e-06,0.00200318,0.000262498,827.872,0.00060875,1,0.000470053,0.00266304,-0.0002625,1031.42
0,2667866,9,phononTS,0.000655068,0.00096046,-0.00277698,-0.000262498,5407.21,0.000382,1,0.000996857,-0.00299761,0.0002625,5520.95
0,2669119,18,phononTS,0.000537933,0.00423438,-0.00069589,-0.000262499,4698.83,0.000382,1,0.0020018,-0.00199559,0.0002625,5204.52
0,2669971,7,phononL,0.000392453,-0.000560521,-0.000172797,-0.000262498,1870.74,0.000382,1,3.75537e-06,8.06895e-07,0.0002625,1956.11
0,2671171,7,phononTS,0.000779128,0.00301819,0.000787464,-0.000262499,4987.56,0.000382,1,0.00299692,0.000996835,0.0002625,5097.3
0,2672437,13,phononTS,0.000732024,0.00197993,-0.000225191,-0.000262498,2563.31,0.000382,1,0.00200037,-3.71018e-06,0.0002625,2676.27
0,2675150,2,phononTF,0.00410679,-0.00167731,0.00166673,-0.0002625,818.387,0.000382,1,-0.00200338,0.00200098,0.0002625,945.113
0,2676592,13,phononTS,0.000543107,-5.02981e-05,-0.000532475,-0.0002625,12525.5,0.000382,1,2.79214e-06,-6.84689e-07,0.0002625,13294.6
0,2680403,12,phononTS,0.000539351,-0.000583653,-0.005,-0.000240384,3515.92,0.000382,1,0.00200008,-0.00199625,0.0002625,5447.31
0,2683163,15,phononL,0.000392886,0.000809718,0.00218169,-0.000262498,900.275,0.000382,1,4.31554e-06,0.00199733,0.0002625,1005.94
0,2683867,26,phononL,0.000511837,0.00200245,-0.00200445,0.000262498,5511.49,0.000511837,1,0.00145223,-0.00227243,-0.0002625,5599.25
0,2685297,9,phononTF,0.000675166,-0.000204541,-0.00179239,-0.0002625,646.372,0.000382,1,-1.25563e-06,-0.0019955,0.0002625,1364.73
0,2686132,1,phononTF,0.01,-0.00219846,0.0021972,6.69117e-05,0,0.003438,1,-0.00200245,0.00200259,0.0002625,738.701
0,2686186,6,phononTS,0.00121277,0.00218162,0.0020475,-0.000262498,2815.42,0.000382,1,0.00199938,0.00200168,0.0002625,2921.48
0,2686186,7,phononTS,0.000489497,0.00199938,0.00200168,0.000262498,2921.48,0.000489497,1,0.00204937,0.00201098,-0.0002625,3011.8
0,2686186,3,phononTS,0.00116005,-0.00138766,0.00146183,0.000262498,11.9681,0.000293476,1,-0.0010419,0.0014179,-0.0002625,137.08
0,2686468,2,phononTS,0.000872356,-0.00120394,0.00173163,-0.000262498,391.917,0.000382,1,4.7293e-06,4.83143e-06,0.0002625,815.09
0,2686591,15,phononTF,0.000399383,-0.00100448,0.00300124,0.000262498,1162.94,0.000399383,1,-0.000505148,0.0025172,-0.0002625,1312.03
0,2687282,10,phononTS,0.000765626,0.00100008,-0.00319401,-0.0002625,3379.63,0.000382,1,0.000998944,-0.00299601,0.0002625,5043.75
0,2690209,17,phononTF,0.000797596,0.00259603,0.00223261,-0.0002625,6287.04,0.000382,1,0.00199975,0.00200345,0.0002625,6753.47
0,2690624,10,phononTS,0.000766484,-0.00104555,0.00103655,-0.0002625,754.262,0.000382,1,-0.00100163,0.00100051,0.0002625,1200.56
0,2690911,10,phononTF,0.000496496,-0.000996902,0.00300044,0.000262498,10033.5,0.000496496,1,-0.00142131,0.00256546,-0.0002625,10170.9
0,2692501,11,phononTS,0.000469741,-7.01759e-05,0.0031564,-0.0002625,2423.75,0.000382,1,-0.000998953,0.00299654,0.0002625,3818.38
0,2692804,10,phononTF,0.000517137,0.00405897,0.000749328,-0.0002625,25813.9,0.000517137,1,0.005,0.000527278,0.000204793,26247.3
0,2692904,3,phononTS,0.00198567,-0.00103579,0.00110593,-0.0002625,393.037,0.000382,1,-0.000998932,0.000998521,0.0002625,888.594
0,2692904,8,phononTS,0.00143631,-0.000998932,0.000998521,0.000262498,888.594,0.000577706,1,-0.00117877,0.000550444,-0.0002625,1039
0,2695569,11,phononTS,0.000595376,-0.00137053,0.00385854,-0.0002625,8432.1,0.000382,1,-4.3314e-06,0.00199553,0.0002625,9383.02
0,2697840,14,phononTF,0.00118081,-0.000288692,-0.000413891,-0.0002625,4680.75,0.000764,1,-5.0157e-07,-3.58424e-06,0.0002625,5841.16
0,2699049,1,phononTF,0.01,-0.00103808,0.00105232,0.000251571,0,0.003438,1,-0.00100058,0.00100158,0.0002625,902.927
0,2700915,9,phononTS,0.000535079,-0.000992961,-0.000931189,-0.0002625,1744.6,0.000382,1,-0.00100052,-0.000996641,0.0002625,3488.54
0,2703296,17,phononL,0.000454272,-0.00136077,0.00380743,-0.0002625,7239.66,0.000382,1,-0.000998936,0.00299515,0.0002625,8729.64
0,2704925,14,phononTF,0.000821952,2.75693e-06,-1.23975e-06,0.000262498,9239.25,0.00024683,1,-0.000455369,0.000465456,-0.0002625,9382.79
0,2707566,20,phononTS,0.000611262,5.31373e-05,-0.00199299,-0.000262498,3396.07,0.000382,1,-1.73064e-06,-0.00200074,0.0002625,3486.33
0,2707568,8,phononTF,0.00041538,0.000995249,0.000995451,0.000262498,808.192,0.00041538,1,0.00128569,0.00128495,-0.0002625,922.239
0,2711195,15,phononTS,0.00072246,-0.000395118,0.000481206,-0.0002625,1969.16,0.000382,1,-0.000996657,0.00100306,0.0002625,2573.44
0,2716326,13,phononTS,0.00076413,-0.000998524,-0.001017,-0.0002625,1775.72,0.000382,1,-0.00100026,-0.0010041,0.0002625,2057.21
0,2717699,13,phononTS,0.000472755,-0.000231315,0.00098768,-0.000262498,8453.08,0.000382,1,-0.00200364,-8.16503e-08,0.0002625,8861.87
0,2725352,10,phononTS,0.000609938,0.000425548,-0.0024673,-0.0002625,5466.82,0.000382,1,0.00100437,-0.00099906,0.0002625,6478.99
0,2725629,8,phononL,0.00137681,0.00200094,0.00199597,0.000262498,1504.11,0.000512447,1,0.00219243,0.00231301,-0.0002625,1575.25
0,2730559,10,phononTF,0.000712082,-0.0010699,0.00106808,-0.0002625,1179.52,0.000382,1,-0.000999907,0.000996294,0.0002625,2098.14
0,2731479,20,phononTF,0.000667266,-0.000229822,0.000165406,-0.0002625,770.62,0.000382,1,-3.21738e-06,3.15994e-07,0.0002625,1074.12
0,2732839,6,phononTF,0.000626124,0.00207593,-0.00154872,-0.0002625,2700.47,0.000382,1,0.00199707,-0.00199932,0.0002625,3243.19
0,2733538,4,phononTS,0.000550448,-0.00103861,0.000969985,-0.0002625,52.5186,0.000382,1,-0.000996678,0.0010041,0.0002625,883.051
0,2737510,8,phononTS,0.00142715,0.00200037,0.00200383,0.000262498,4866.2,0.000857078,1,0.00203101,0.00201284,-0.0002625,4958.22
0,2738216,17,phononTF,0.000557751,-0.00217628,0.00218676,-0.0002625,1237.98,0.000382,1,-0.00200219,0.0020039,0.0002625,1718.2
0,2738216,2,phononTF,0.00133772,-0.00135272,0.00151378,0.000262498,5.3387,0.000555575,1,-0.00102815,0.00300119,-0.0002625,305.433
0,2739079,13,phononTS,0.000966177,4.00827e-06,9.57059e-07,0.000262498,2638.08,0.000265058,1,-0.000170131,0.000755694,-0.0002625,2830.69
0,2740004,24,phononTF,0.000478569,0.00176234,-0.00175172,-0.0002625,1837.8,0.000382,1,0.00200003,-0.00199514,0.0002625,2589.94
0,2743498,9,phononTS,0.0007288,-0.000961133,0.00104704,-0.000262498,142.429,0.000382,1,-0.00100464,0.000997044,0.0002625,235.973
0,2744228,5,phononTF,0.000796054,-0.000995589,-0.000997896,0.000262498,855.689,0.000796054,1,-0.00131602,-0.00131999,-0.0002625,974.549
0,2746849,4,phononTF,0.00107618,-0.00120554,0.00127623,-0.0002625,84.9468,0.000382,1,-0.000998564,0.00100426,0.0002625,292.89
0,2750149,7,phononTS,0.00130556,-0.00200779,0.00142726,-0.000262498,486.899,0.000382,1,-0.00199715,0.00200456,0.0002625,645.333
0,2750943,3,phononTF,0.0021756,-0.0014255,0.0014347,-0.0002625,326.705,0.000382,1,-0.000996582,0.0009969,0.0002625,739.369
0,2754617,3,phononTF,0.00189273,-0.00101272,0.00114279,-0.0002625,6.47395,0.000382,1,-0.000995782,0.00100395,0.0002625,225.339
0,2755566,15,phononL,0.000551063,3.69181e-06,-4.07701e-06,0.000262498,9647.45,0.000551063,1,-0.000192663,0.00030271,-0.0002625,9718.29
0,2755791,12,phononTF,0.00112003,-0.00151235,0.00383709,-0.0002625,10492.2,0.000382,1,-0.00100187,0.00100156,0.0002625,11951.2
0,2758738,11,phononTS,0.000488808,-0.00283055,-0.000315735,-0.0002625,7373.68,0.000382,1,-0.00200415,-2.93579e-06,0.0002625,16974.4
0,2761419,33,phononTS,0.000524697,-0.000858219,0.000962,-0.0002625,1502.72,0.000382,1,-0.000997085,0.00100176,0.0002625,2000.59
0,2763035,2,phononTS,0.00147937,-0.00156422,0.00410715,-0.0002625,1470.48,0.000382,1,-0.00100441,0.00300163,0.0002625,2524.84
0,2763921,5,phononL,0.0017933,-0.000339801,0.00173452,-0.0002625,1199.12,0.000764,1,-3.8724e-06,0.0019961,0.0002625,1438.56
0,2767143,3,phononL,0.00194601,0.00173218,-0.00250953,-0.0002625,10.695,0.000382,1,0.00200286,-0.00199519,0.0002625,1718.74
0,2769839,11,phononL,0.00084959,3.67573e-05,0.000223072,-0.000262498,7788.82,0.000382,1,4.3353e-06,-3.73424e-06,0.0002625,7854.28
0,2772917,5,phononTF,0.000650408,0.000914566,0.00119631,-0.000262498,493.121,0.000382,1,0.00100262,0.000995864,0.0002625,593.159
0,2775825,13,phononTF,0.000415084,0.00145664,-0.00146795,-0.0002625,3709.25,0.000382,1,0.00100205,-0.000996407,0.0002625,5000.86
0,2776649,14,phononTS,0.000405116,-0.000283624,0.00270945,-0.000262498,787.163,0.000382,1,0.00100372,0.0010011,0.0002625,1199.97
0,2779603,10,phononTS,0.00111324,-0.00101386,-0.0009741,-0.000262498,9857.07,0.000382,1,-0.000995009,-0.000995304,0.0002625,9946.81
0,2779603,11,phononTS,0.000491033,-0.000995009,-0.000995304,0.000262498,9946.81,0.000491033,1,0.000837801,-0.00177552,-0.0002625,10348.4
0,2779603,3,phononTF,0.00197085,-0.00138047,0.00149327,0.000262498,9.29215,0.00031603,1,-0.000904248,0.00101845,-0.0002625,155.348
0,2784078,12,phononTF,0.000409021,0.000838644,-0.00116455,-0.000262498,1609.67,0.000382,1,0.000997756,-0.000998598,0.0002625,1707.77
0,2786601,11,phononTS,0.00118672,-0.00191552,0.00189258,-0.0002625,844.263,0.000382,1,-0.00199973,0.00199624,0.0002625,1312.41
0,2788197,4,phononTS,0.00146471,-4.54173e-05,0.00161757,-0.0002625,1646.87,0.000382,1,-1.97131e-06,0.00200127,0.0002625,1906.86
0,2789077,5,phononL,0.00102118,-0.000893913,0.00126917,-0.0002625,1043.06,0.000382,1,-0.000995706,0.00100297,0.0002625,1272.08
0,2792306,1,phononTF,0.01,-0.00101786,0.000981616,0.00023979,0,0.000382,1,-0.00100446,0.000995576,0.0002625,178.804
0,2795035,3,phononL,0.000954822,-0.00117348,0.00125123,-0.0002625,35.9606,0.000382,1,-0.00100398,0.000999499,0.0002625,172.115
0,2796250,2,phononL,0.00125859,-0.000386586,5.08696e-05,-0.0002625,5.3402,0.000382,1,4.76864e-06,3.98623e-06,0.0002625,534.514
0,2796735,12,phononTF,0.000451093,0.00240827,0.00068977,-0.0002625,9709.12,0.000382,1,0.00199806,-4.38671e-06,0.0002625,10581.6
0,2808899,20,phononTF,0.000386915,-0.00146154,0.00142623,-0.000262498,894.85,0.000382,1,-0.00100098,0.00100436,0.0002625,1036.06
0,2809168,2,phononTS,0.00136172,-0.000997612,0.00100363,0.0002625,548.341,0.00136172,1,-0.00104906,0.00106798,-0.0002625,738.518
0,2809383,9,phononTS,0.000432133,-0.00173561,0.002232,-0.000262498,1151.52,0.000382,1,-0.00200211,0.00199578,0.0002625,1285.73
0,2810131,13,phononTF,0.000463723,-0.00199794,-0.00200403,0.000262498,13721.7,0.000463723,1,-0.00150077,-0.00149106,-0.0002625,13873.4
0,2812539,10,phononTF,0.000592793,9.586e-05,-9.74976e-05,-0.000262498,1598.34,0.000382,1,-0.000995479,-0.000997376,0.0002625,1861.02
0,2816570,6,phononTF,0.000442599,-0.0013356,0.00106593,-0.000262498,761.065,0.000382,1,-0.00100098,0.00100227,0.0002625,876.166
0,2818005,3,phononL,0.00172951,0.000214464,-0.000210669,-0.0002625,1304.54,0.000382,1,0.00100257,-0.000995674,0.0002625,1853.71
0,2819924,8,phononTF,0.000513152,-0.00123888,0.00102099,-0.000262498,491.55,0.000382,1,-0.000999752,0.00100203,0.0002625,595.006
0,2821516,4,phononTS,0.00281595,-0.000623066,0.000972108,-0.0002625,67.7358,0.000764,1,-0.00100137,0.000998309,0.0002625,2537.59
0,2823011,2,phononTF,0.00232778,0.000292511,-0.000213025,-0.0002625,132.42,0.000382,1,0.000995135,-0.000998416,0.0002625,1029.91
0,2823011,6,phononTS,0.000440433,0.000995135,-0.000998416,0.000262498,1029.91,0.000440433,1,0.00120539,-0.0014237,-0.0002625,1179.84
0,2823488,13,phononTS,0.000607064,-0.005,0.00333816,-0.000107548,7512.39,0.000607064,1,-0.00441448,0.00384459,-0.0002625,9135.1
0,2826701,5,phononTF,0.00148286,0.000834272,-0.0033657,-0.0002625,4147.41,0.000382,1,0.00200249,-0.00200438,0.0002625,5273.56
0,2826701,6,phononTS,0.000822974,0.00200249,-0.00200438,0.000262498,5273.56,0.000822974,1,0.00201304,-0.00196094,-0.0002625,5363.82
0,2826701,2,phononTF,0.00739661,-0.00110969,0.0025766,2.04679e-05,468.141,0.00196014,1,-0.00121979,0.00246531,-0.0002625,832.881
0,2826805,14,phononL,0.00115696,0.000515129,-0.000313965,-0.0002625,2014.96,0.000382,1,-4.75733e-06,2.15326e-06,0.0002625,2846.51
0,2828466,6,phononTF,0.000402823,-0.0020043,-0.00199841,0.000262498,1880.72,0.000402823,1,-0.00224266,-0.00216454,-0.0002625,1985.63
0,2831689,3,phononTF,0.00271232,-0.00061603,0.00271294,-0.0002625,14.0518,0.000764,1,3.36647e-06,0.00200249,0.0002625,2813.76
0,2834832,12,phononTF,0.00113706,0.00100226,0.00100056,0.000262498,5960.58,0.000446349,1,0.00127038,0.00148656,-0.0002625,6099.78
0,2835019,4,phononTF,0.00252346,-0.00123502,0.00123737,-0.0002625,63.0543,0.000382,1,-0.000996262,0.0010041,0.0002625,276.184
0,2835019,5,phononTF,0.00100519,-0.000996262,0.0010041,0.000262498,276.184,0.000563607,1,-0.00240025,0.00170968,-0.0002625,574.544
0,2836803,9,phononTF,0.000631727,0.000170026,0.00182554,-0.000262498,497.649,0.000382,1,1.18157e-06,0.00200342,0.0002625,596.806
0,2837034,2,phononTS,0.00151941,-0.00104651,0.00113135,-0.0002625,42.366,0.000382,1,-0.000998323,0.000995941,0.0002625,447.699
0,2838755,22,phononTS,0.000407745,8.99695e-06,0.0013834,-0.0002625,6680.57,0.000382,1,4.25348e-06,0.00199819,0.0002625,7337.41
0,2839625,2,phononTF,0.00243045,0.000435073,0.00244759,-0.0002625,32.1057,0.000382,1,-1.11153e-06,0.00199822,0.0002625,5099.9
0,2841277,9,phononTS,0.000651001,-0.000494127,-0.000982972,-0.000262498,4120.55,0.000382,1,-0.00100128,-0.000999526,0.0002625,4269.28
0,2841314,4,phononTS,0.00239235,-0.00104008,0.00278425,-0.0002625,997.136,0.000382,1,-0.000996583,0.00300386,0.0002625,2164.63
0,2842797,6,phononTS,0.000758592,-0.00199535,0.00199634,0.000262499,6526.72,0.000381908,1,-0.00309962,0.000247092,-0.0002625,6942.82
0,2846505,6,phononTS,0.00111795,-0.000133238,0.00296522,-0.0002625,4287.33,0.000382,1,-0.00100437,0.00299513,0.0002625,6463.74
0,2848215,7,phononTS,0.000518737,4.99803e-05,0.00203267,-0.000262498,1466.26,0.000382,1,-1.41124e-06,0.00199959,0.0002625,1555.49
0,2848455,16,phononTF,0.000508237,0.00112679,-0.000873953,-0.0002625,11865.7,0.000382,1,0.000997092,-0.000997659,0.0002625,14489.7
0,2852305,9,phononTF,0.00149523,-0.00116789,0.000940042,-0.0002625,99.5665,0.000764,1,-0.0010014,0.00100228,0.0002625,390.313
0,2852305,2,phononTS,0.000712756,-0.00138832,0.00150703,0.000262498,5.6069,0.000712756,1,-0.00134767,0.00146134,-0.0002625,94.7312
0,2855363,12,phononTS,0.000398841,-0.00453947,-2.04288e-05,-0.000262499,4916.49,0.000382,1,-0.00199548,-0.0019998,0.0002625,5519.93
0,2856439,7,phononL,0.000913035,0.00195616,0.00142133,-0.0002625,1277.64,0.000382,1,0.00200098,0.00199826,0.0002625,1998.04
0,2858769,11,phononTS,0.000399645,-0.000967956,0.00108644,-0.0002625,253.311,0.000382,1,-0.00100121,0.000996767,0.0002625,1001.49
0,2860874,8,phononTS,0.000468803,-0.00199614,0.00200259,0.000262498,1785.84,0.000468803,1,-0.00309273,0.00192415,-0.0002625,2037.44
0,2862337,2,phononTF,0.000721396,0.000663167,0.000682418,-0.0002625,1504.75,0.000382,1,0.00200212,0.00200325,0.0002625,1957.79
0,2867544,2,phononTF,0.00123647,-0.000160538,0.000167313,-0.0002625,113.825,0.000382,1,-2.26264e-06,2.73087e-06,0.0002625,897.749
0,2871026,22,phononTS,0.00093941,-0.00250152,0.00108023,-0.0002625,2427,0.000382,1,-0.00200224,-1.34994e-06,0.0002625,6326.77
0,2872107,16,phononL,0.000586966,0.000669544,-0.000265542,-0.0002625,14734.2,0.000382,1,0.00100145,-0.000995461,0.0002625,16810.3
0,2873443,11,phononTS,0.000694478,-0.000996526,0.000995715,0.000262498,1186.32,0.000694478,1,-0.00093653,0.000954373,-0.0002625,1281.38
0,2874673,20,phononTS,0.00101662,3.47591e-05,-4.37384e-05,-0.0002625,3673.99,0.000764,1,1.95832e-06,-1.24839e-06,0.0002625,4330.88
0,2875776,2,phononTS,0.00135886,-0.00130243,0.00117356,-0.0002625,606.49,0.000382,1,-0.000997624,0.00100256,0.0002625,1004.02
0,2879121,18,phononTS,0.000421078,-3.27884e-05,-0.000116673,-0.0002625,9893.12,0.000382,1,-2.23692e-06,2.78817e-06,0.0002625,10393.4
0,2879131,9,phononL,0.000383902,0.00227214,-0.00149173,-0.000262498,6014.31,0.000382,1,0.00199679,-0.00199529,0.0002625,6099.08
0,2881291,9,phononTF,0.000921591,-0.00309384,-0.000946329,-0.0002625,2031.31,0.000382,1,-0.00300059,-0.00100045,0.0002625,2492.62
0,2884806,9,phononTF,0.000965395,-0.000699447,-0.00137134,-0.0002625,1961.34,0.000764,1,-0.00100012,-0.00100102,0.0002625,6028.02
0,2885020,7,phononTF,0.000855398,0.000378656,0.00386641,-0.0002625,275.482,0.000382,1,-1.85683e-07,0.00200156,0.0002625,1992.68
0,2885021,1,phononTF,0.01,-0.00151361,0.0014866,-0.000262128,0,0.00150993,1,-0.00151337,0.00148637,-0.0002625,245.131
0,2888403,18,phononL,0.000449623,-0.000319001,7.67416e-05,-0.0002625,1302.91,0.000382,1,-3.14709e-06,-4.12579e-06,0.0002625,1509.64
0,2890458,10,phononL,0.00103507,-0.00209337,0.00150455,-0.000262498,1184.81,0.000382,1,-0.00200211,0.00200188,0.0002625,1263.66
0,2896591,12,phononTF,0.000604827,-0.000669241,0.00111627,-0.0002625,1861.56,0.000382,1,-0.00100189,0.000999576,0.0002625,2172.27
0,2897576,6,phononTF,0.000771644,-0.00160669,0.000403842,-0.0002625,165.765,0.000382,1,-0.00200145,-7.85923e-07,0.0002625,561.88
0,2898063,4,phononL,0.00134769,-0.00186583,0.00141334,-0.0002625,254.309,0.000382,1,-0.00200471,0.00199894,0.0002625,762.047
0,2902220,12,phononTS,0.000444585,-0.0018708,-4.53273e-05,-0.0002625,3035.37,0.000382,1,-0.00200111,2.0306e-06,0.0002625,4746.41
0,2902846,5,phononTF,0.000543444,0.00170811,-0.000275699,-0.0002625,775.628,0.000382,1,0.000996528,-0.00100027,0.0002625,1764.38
0,2907890,4,phononL,0.000702492,-0.00177908,0.00157619,-0.000262498,1139.53,0.000382,1,-0.00199823,0.00199585,0.0002625,1216.75
0,2910218,8,phononTF,0.000532833,0.000132442,0.000137292,-0.0002625,699.102,0.000382,1,-4.47513e-06,3.47665e-06,0.0002625,1178.13
0,2912381,10,phononTS,0.000413949,-0.00199038,0.001974,-0.000262498,8902.36,0.000382,1,-0.00200239,0.00200413,0.0002625,8995.27
0,2912499,2,phononL,0.000388375,-0.00205788,0.00199603,-0.0002625,37.5477,0.000382,1,-0.0019968,0.00199734,0.0002625,343.264
0,2916269,9,phononTF,0.00103462,-0.000246345,0.000229784,-0.0002625,247.362,0.000382,1,-3.49071e-06,-1.57384e-06,0.0002625,567.124
0,2916938,5,phononL,0.0024918,-0.00200157,0.00199687,0.0002625,271.539,0.000349617,1,-0.00290765,0.00199912,-0.0002625,1642.28
0,2917879,6,phononTS,0.000758518,-0.000934435,0.00104465,-0.000262498,842.964,0.000382,1,-0.000999033,0.000997352,0.0002625,938.136
0,2919532,10,phononTF,0.000701686,3.22324e-05,0.00018923,-0.0002625,5197.44,0.000382,1,-4.67523e-06,-1.17153e-06,0.0002625,6450.39
0,2919612,12,phononTF,0.000480929,-0.000700635,0.0010751,-0.000262498,431.773,0.000382,1,-0.000997332,0.00100306,0.0002625,542.064
0,2923552,11,phononTF,0.000408737,-0.00100009,0.000999932,0.000262498,409.65,0.000408737,1,-0.00132145,0.000676572,-0.0002625,528.683
0,2924644,8,phononTS,0.000461375,1.86547e-05,-0.00207576,-0.0002625,1322.65,0.000382,1,4.60181e-06,-0.00200436,0.0002625,2463.1
0,2928757,6,phononTS,0.000968071,9.88068e-06,0.0019882,-0.0002625,482.459,0.000382,1,-2.94016e-06,0.00200006,0.0002625,1072.58
0,2932108,9,phononL,0.000959436,-0.000149761,5.63929e-05,-0.0002625,467.705,0.000382,1,0.000999941,0.000996154,0.0002625,1156.38
0,2932376,6,phononTS,0.00149646,-0.00124506,0.00122642,-0.000262498,326.735,0.000382,1,-0.00199511,0.00199998,0.0002625,574.409
0,2936248,4,phononTF,0.000985079,7.42568e-07,2.56884e-07,0.000262498,1093.44,0.000389809,1,0.000247007,-0.000243286,-0.0002625,1201.11
0,2937726,8,phononTS,0.000456206,-0.00199941,0.00199763,0.000262498,3765.19,0.000456206,1,-0.00194888,0.0020858,-0.0002625,3862.23
0,2938330,11,phononTF,0.000425367,1.43406e-06,0.00200196,0.000262498,3817.61,0.000425367,1,-0.000920411,0.00281454,-0.0002625,4049.18
0,2938949,4,phononTF,0.0011306,-0.00183605,0.00183185,-0.0002625,467.987,0.000382,1,-0.00199526,0.00200404,0.0002625,764.497
0,2940158,2,phononTS,0.00263175,-0.00187469,0.00196576,-0.0002625,673.313,0.000382,1,-0.00199735,0.00199829,0.0002625,1032.35
0,2943310,7,phononTS,0.000456028,-0.000912979,-0.0012958,-0.0002625,891.448,0.000382,1,-0.00100118,-0.00099989,0.0002625,1198.66
0,2944508,12,phononTS,0.00105279,-0.00195626,0.00203104,-0.000262498,1322.19,0.000382,1,-0.00199727,0.00200242,0.0002625,1411.68
0,2946345,11,phononTF,0.000404431,-0.00100409,0.00300041,0.000262498,1773.25,0.000404431,1,-0.000170872,0.00250032,-0.0002625,1972.59
0,2949198,12,phononTF,0.000634728,-0.00322181,0.00321398,-0.0002625,5566.8,0.000382,1,-0.00100497,0.000997676,0.0002625,6760.09
0,2949886,10,phononTS,0.0009812,-0.00044022,-0.00206262,-0.0002625,2896.69,0.000382,1,-1.24307e-06,-0.00200287,0.0002625,3321.15
0,2951418,3,phononL,0.00625797,-0.000929548,0.000983699,0.000193658,228.863,0.00191,1,-0.0010029,0.00100305,0.0002625,239.919
0,2954444,5,phononTF,0.000706395,-0.00100255,0.000997792,0.0002625,114.372,0.000622504,1,-0.000969467,0.000926171,-0.0002625,508.813
0,2955377,6,phononTF,0.000552589,-0.00119263,0.00118556,-0.0002625,427.049,0.000382,1,-0.00100345,0.00100005,0.0002625,729.058
0,2958359,16,phononTS,0.000572141,-0.00258861,-6.291e-06,-0.000262498,2096.04,0.000382,1,-0.0020025,4.28545e-06,0.0002625,2254.97
0,2959106,2,phononTF,0.00153137,-0.00121711,0.0012077,-0.0002625,52.3856,0.000382,1,-0.00100074,0.000999585,0.0002625,259.422
0,2961758,4,phononTF,0.00139874,-0.00126749,0.00128195,-0.0002625,217.314,0.000382,1,-0.00100007,0.00100171,0.0002625,440.541
0,2962164,5,phononTF,0.000412016,0.000162045,0.000286981,-0.0002625,782.229,0.000382,1,-4.7032e-06,-6.14672e-07,0.0002625,1291.28
0,2962636,2,phononTS,0.00101408,-0.00297049,-0.00108983,-0.0002625,37.7196,0.000382,1,-0.0029958,-0.00100198,0.0002625,1254.58
0,2962680,7,phononTF,0.000382979,-0.000383377,-0.0002557,-0.0002625,680.363,0.000382,1,-3.17917e-06,-1.28027e-06,0.0002625,1138.15
0,2962724,18,phononTF,0.000499875,-0.00117966,0.00281782,-0.000262498,6652.41,0.000382,1,-0.00100157,0.00300312,0.0002625,6752.46
0,2973031,6,phononTS,0.000399786,-0.00147529,0.00156841,-0.000262498,483.123,0.000382,1,-0.00199788,0.00200317,0.0002625,665.888
0,2973230,10,phononTF,0.00039751,-0.00214976,0.00176426,-0.0002625,3005.89,0.000382,1,-0.00199908,0.00200105,0.0002625,3319.25
0,2974782,22,phononTF,0.00181843,-0.00190069,0.00190564,-0.000262498,1082.72,0.000764,1,-0.0019979,0.00199807,0.0002625,1175.48
0,2975011,29,phononTS,0.000733943,-0.00172886,0.00183502,-0.000262498,1121.35,0.000382,1,-0.00200002,0.00200495,0.0002625,1250.08
0,2975012,3,phononTF,0.0068218,-0.000567211,0.00201891,-0.000202091,275.855,0.00296682,1,-0.000577095,0.00202543,-0.0002625,691.694
0,2978013,4,phononTS,0.00153027,-0.000532227,0.00187457,-0.0002625,240.389,0.000764,1,-3.31003e-06,0.00200038,0.0002625,555.225
0,2978558,4,phononTF,0.000452854,-0.00199508,0.0020001,0.0002625,31.3485,0.000452854,1,-0.00226842,0.00226661,-0.0002625,364.885
0,2983077,9,phononTS,0.000679071,7.20058e-05,0.000190125,-0.0002625,1513.64,0.000382,1,-8.68904e-07,-1.94416e-06,0.0002625,1950.93
0,2986205,4,phononTS,0.00154058,-0.00244012,0.00163935,-0.0002625,40.9162,0.000764,1,-0.00199825,0.0020006,0.0002625,4653.64
0,2988977,8,phononTF,0.000489582,0.00386451,0.00184777,-0.0002625,2684.14,0.000382,1,0.00300151,0.00100223,0.0002625,3288.7
0,2989240,6,phononTS,0.000467218,-0.000590785,0.00168483,-0.0002625,5791.54,0.000382,1,0.00199543,0.00200348,0.0002625,12861
0,2989282,20,phononTF,0.0004256,-0.000133154,-0.000139048,-0.0002625,9879,0.000382,1,2.45032e-06,-3.67829e-07,0.0002625,11977.1
0,2989521,4,phononTS,0.000841707,-2.24637e-05,0.00117507,-0.0002625,799.127,0.000382,1,-1.70783e-06,0.0019975,0.0002625,2402.89
0,2996164,9,phononTF,0.0017931,-0.00174394,0.00227777,-0.0002625,667.527,0.000764,1,-0.00200464,0.00200491,0.0002625,1319.57
0,3000458,14,phononTS,0.000660433,-0.00301454,-0.000989106,-0.000262498,1331.42,0.000382,1,-0.00299865,-0.0009951,0.0002625,1421.6
0,3000905,21,phononTS,0.000676895,-0.000990945,-0.000973185,-0.0002625,311.638,0.000382,1,-0.0010009,-0.00100339,0.0002625,1147.67
0,3001598,2,phononTS,0.00165167,-0.00229172,-0.000931734,-0.0002625,854.639,0.001146,1,-0.00299885,-0.00100468,0.0002625,2025.26
0,3005129,5,phononTS,0.000808048,-0.00140638,0.00158556,-0.000262498,780.036,0.000382,1,-0.00199635,-3.82555e-06,0.0002625,1129.46
0,3006619,2,phononTS,0.00100491,-0.00188451,0.000725549,-0.0002625,12.1556,0.000764,1,-0.0020024,-1.26314e-06,0.0002625,2066.52
0,3007307,16,phononTS,0.000582574,-0.00136145,0.00131709,-0.0002625,147.01,0.000382,1,-0.000995871,0.000996783,0.0002625,696.645
0,3007311,5,phononTF,0.000546073,-0.00168481,0.00169293,-0.0002625,110.491,0.000382,1,-0.00200007,0.00199573,0.0002625,324.455
0,3014038,13,phononTS,0.000909694,0.000258817,-0.005,-0.000210329,5866.42,0.000382,1,0.00200219,-0.00200067,0.0002625,7871.19
0,3014503,3,phononTF,0.000745886,-0.0012156,0.00120626,-0.0002625,246.895,0.000382,1,-0.000995771,0.000997017,0.0002625,675.541
0,3014919,2,phononTF,0.00136214,-0.00207179,0.00220206,-0.000262498,761.816,0.000382,1,-0.00199586,0.00199502,0.0002625,862.352
0,3016328,10,phononTS,0.000656072,-0.00104661,0.00108684,-0.0002625,160.113,0.000382,1,-0.00099637,0.000996046,0.0002625,818.819
0,3017299,3,phononTS,0.00233942,-0.000411655,0.00201972,-0.0002625,270.666,0.000382,1,3.07806e-06,0.00199566,0.0002625,675.51
0,3017970,9,phononTS,0.000433394,-0.00100074,0.00105583,-0.0002625,381.795,0.000382,1,-0.000999232,0.00100002,0.0002625,654.024
0,3018417,5,phononTS,0.000932793,-0.00198543,0.00189213,-0.0002625,325.352,0.000382,1,-0.00199596,0.00200488,0.0002625,834.03
0,3020173,5,phononTS,0.00182414,-9.09998e-05,0.00196194,-0.000262498,1222.2,0.000382,1,1.94027e-06,0.00199687,0.0002625,1319.85
0,3020744,15,phononTS,0.000780373,4.16344e-07,-3.89991e-06,0.000262498,7359.79,0.000780373,1,-4.85781e-05,7.46863e-06,-0.0002625,7449.95
0,3023255,9,phononTS,0.000791425,-0.00211067,0.00178554,-0.0002625,3984.72,0.000382,1,-0.00200122,0.00199766,0.0002625,4573.29
0,3025589,7,phononTF,0.000425963,-0.00210313,0.00221556,-0.0002625,1869.14,0.000382,1,-0.00200225,0.0019975,0.0002625,2174.67
0,3026178,12,phononTS,0.000586217,-0.0013369,0.00301045,-0.000262498,1380,0.000382,1,-0.00100229,0.00299636,0.0002625,1503.95
0,3026201,7,phononTF,0.000796087,0.000604034,5.66745e-05,-0.0002625,2918.06,0.000382,1,0.0010041,0.000996757,0.0002625,3556.26
0,3029314,4,phononTF,0.00121827,-0.00099611,0.00299581,0.0002625,480.099,0.000634911,1,-0.00102683,0.00296562,-0.0002625,1074.02
0,3029620,10,phononTF,0.000905209,3.48422e-06,-3.11961e-06,0.000262498,857.319,0.000905209,1,0.000681343,-0.000522779,-0.0002625,1034.15
0,3032098,2,phononTS,0.00124966,-0.000928695,0.00114824,-0.0002625,23.0934,0.000764,1,-0.00100066,0.00100045,0.0002625,705.232
0,3035652,11,phononTS,0.00138037,0.000442264,-0.0035026,-0.0002625,589.421,0.000382,1,-4.6544e-06,-0.00199918,0.0002625,2524.39
0,3037419,7,phononTF,0.000391596,-0.000427578,0.00144421,-0.000262498,391.482,0.000382,1,1.82557e-06,0.00199968,0.0002625,546.111
0,3040706,2,phononTS,0.00517124,-0.00164718,0.00163925,-0.0002625,42.6207,0.000764,1,-0.00200419,0.00200214,0.0002625,324.753
0,3042890,15,phononTS,0.000490849,0.000971797,-0.00103495,-0.000262498,1773.54,0.000382,1,0.0010044,-0.00100195,0.0002625,1863.39
0,3044355,4,phononTF,0.00269173,-0.00112284,-0.000984313,-0.0002625,218.946,0.000764,1,-0.00099631,-0.00100025,0.0002625,3015.52
0,3044964,4,phononTF,0.00108625,-0.00209925,0.00210674,-0.0002625,102.275,0.000764,1,-0.00199565,0.00200395,0.0002625,397.065
0,3048132,10,phononTF,0.000533312,0.00133714,-0.00125231,-0.000262498,2355.79,0.000382,1,0.000995819,-0.00100033,0.0002625,2474.62
0,3048132,4,phononTS,0.00254748,-0.00248442,0.00163125,0.000262498,1030.54,0.00165137,1,-0.00227178,0.00174474,-0.0002625,1148.61
0,3048647,3,phononTS,0.000690715,-0.00182956,0.000829225,-0.000262498,728.533,0.000382,1,-0.00100196,0.00100426,0.0002625,932.11
0,3048661,6,phononTS,0.000622228,-0.00110748,0.000966183,-0.0002625,453.961,0.000382,1,-0.00100424,0.00099807,0.0002625,750.745
0,3048805,2,phononTS,0.000590388,-0.00194894,-0.00145362,-0.0002625,1400.86,0.000382,1,-0.00199865,-0.00199797,0.0002625,2022.51
0,3049921,12,phononTS,0.000440495,0.000251333,5.71246e-05,-0.000262498,5314.25,0.000382,1,0.00200102,-3.61258e-06,0.0002625,5699.54
0,3049921,2,phononTS,0.00335122,-0.000869993,0.00146759,-0.000160161,292.453,0.0016739,1,-6.06806e-06,0.000413118,-0.0002625,539.158
0,3050246,18,phononTF,0.00120649,-0.000552945,-0.00254015,-0.0002625,1527.95,0.000382,1,-1.08505e-07,-0.00199822,0.0002625,6413.01
0,3050973,7,phononTS,0.000454809,-0.00126364,0.00141981,-0.000262498,97.0622,0.000382,1,0.0020023,-0.00200029,0.0002625,933.062
0,3051782,9,phononTS,0.000439832,-0.000666072,-0.00134933,-0.000262498,6947.12,0.000382,1,-0.00100046,-0.00100258,0.0002625,7099.55
0,3051782,4,phononTS,0.000871969,-0.00099264,0.000472635,0.000262498,445.482,0.000309702,1,-0.000976445,0.000452027,-0.0002625,538.857
0,3053037,5,phononL,0.000436158,0.00106916,-0.000279535,-0.000262498,589.341,0.000382,1,0.00199852,3.82612e-06,0.0002625,709.898
0,3055277,9,phononTS,0.000612304,0.00287354,-0.005,-0.000219225,1473.27,0.000382,1,-0.000999502,-0.0010049,0.0002625,3334.39
0,3056803,11,phononTS,0.000797742,3.72699e-06,0.00199933,0.0002625,241.59,0.000417037,1,0.000406078,0.00202811,-0.0002625,772.941
0,3067196,4,phononTF,0.00126386,0.00150179,0.00153046,-0.0002625,872.396,0.000764,1,0.00199729,0.00199767,0.0002625,1317.51
0,3067196,2,phononL,0.000702291,-0.0012834,0.00118689,0.000262498,245.576,0.000702291,1,-0.00177254,0.000559332,-0.0002625,351.46
0,3069308,9,phononTF,0.00151813,-0.000168112,-0.000181091,-0.000262498,2018.28,0.000764,1,2.50262e-06,-3.01603e-06,0.0002625,2117.57
0,3075483,7,phononTF,0.000419922,0.00100218,-0.00100193,0.000262498,1176.39,0.000419922,1,0.00080349,-0.000586135,-0.0002625,1304.13
0,3076985,2,phononTF,0.000991526,-0.00177409,0.0038566,-0.0002625,27.2086,0.000382,1,-0.000996131,0.00300238,0.0002625,1220.61
0,3078145,3,phononTF,0.00189898,-0.00121257,0.0012094,-0.0002625,25.087,0.000382,1,-0.000999744,0.0010047,0.0002625,231.262
0,3078177,16,phononL,0.000403788,-0.0030583,-0.00150047,-0.000262498,6886.89,0.000382,1,-0.00300134,-0.00100113,0.0002625,6965.45
0,3078259,6,phononTS,0.000795589,-0.0013636,0.00151404,-0.0002625,182.963,0.000382,1,-0.0010001,0.00099578,0.0002625,886.57
0,3078932,2,phononTF,0.00125406,-0.00158667,0.00143612,-0.000262498,986.76,0.000382,1,-0.000999653,0.00100257,0.0002625,1146.13
0,3082869,6,phononTS,0.000580262,-0.00100702,0.00111096,-0.0002625,449.306,0.000382,1,-0.00100261,0.00100301,0.0002625,752.28
0,3083494,7,phononTF,0.00149322,-0.000999758,0.000993534,-0.0002625,2149.53,0.000382,1,-1.59063e-06,0.00200183,0.0002625,4500.46
0,3085469,17,phononTS,0.000448798,-0.00151956,0.00195891,-0.000262498,1354.86,0.000382,1,-0.00199778,0.00200011,0.0002625,1500.69
0,3090486,6,phononTF,0.000485623,0.00242293,0.00151308,-0.0002625,2665.02,0.000382,1,0.0020032,0.00199652,0.0002625,11591.1
0,3092619,7,phononTS,0.000609108,0.00174161,-0.000897515,-0.0002625,6804.06,0.000382,1,0.00100042,-0.000997223,0.0002625,7519.84
0,3094391,9,phononTS,0.00113182,-0.00102007,0.00102543,-0.0002625,543.527,0.000764,1,-0.000995738,0.00100337,0.0002625,815.542
0,3094392,1,phononTF,0.01,-0.00194452,0.00127568,-0.00024821,0,0.00565656,1,-0.00195922,0.00126145,-0.0002625,957.624
0,3098824,12,phononL,0.000473522,-0.002,0.00200264,0.000262498,703.378,0.000473522,1,-0.00241507,0.00191117,-0.0002625,777.222
0,3099330,14,phononTS,0.000971671,-0.000996488,0.00100412,0.000262498,1236.06,0.000316868,1,-0.00101002,0.000594622,-0.0002625,1371.42
0,3099455,10,phononTS,0.000436999,-0.00204445,0.00171755,-0.000262498,929.779,0.000382,1,-0.00200282,0.0019961,0.0002625,1046.68
0,3099455,3,phononTS,0.00188915,-0.00134524,0.00150414,0.000262498,3.94354,0.000748548,1,-0.00183287,0.00147284,-0.0002625,150.603
0,3108180,4,phononTF,0.00112241,3.40077e-06,-1.0394e-06,0.0002625,2391.21,0.00047516,1,0.000258207,-0.000251183,-0.0002625,2825.95
0,3115301,6,phononTF,0.000926029,0.000528422,-0.000458261,-0.0002625,111.898,0.000382,1,0.000996389,-0.0010027,0.0002625,886.935
0,3116122,6,phononTF,0.00111652,0.00202281,-0.000235709,-0.000262498,4011.69,0.000382,1,0.00200154,-0.00199789,0.0002625,4355.08
0,3121891,14,phononTS,0.000587683,0.00201548,-0.0025258,-0.0002625,6231.61,0.000382,1,0.0020033,-0.00200452,0.0002625,7442.22
0,3123705,10,phononTS,0.000533156,-3.96976e-07,-0.00161241,-0.0002625,1210.59,0.000382,1,2.14366e-06,-0.0020002,0.0002625,1739.09
0,3129846,7,phononTF,0.000489597,0.00187488,-0.0021366,-0.0002625,4252.64,0.000382,1,0.0019999,-0.00200492,0.0002625,5743.99
0,3133220,20,phononTS,0.00156687,-0.000226726,0.000345243,-0.0002625,200.7,0.000764,1,1.89322e-06,-2.44031e-06,0.0002625,728.536
0,3136060,3,phononTF,0.00541683,-0.0016474,0.00164046,-0.000159636,598.318,0.000382,1,-0.00199736,0.00199792,0.0002625,710.422
0,3136901,4,phononTS,0.00188837,-0.0010016,0.00100253,0.000262498,447.308,0.000853724,1,-0.000230525,0.000998453,-0.0002625,633.096
0,3143272,8,phononTF,0.000582174,-0.00300075,-0.000703691,-0.0002625,2847.27,0.000382,1,-0.00199867,3.92147e-06,0.0002625,4316.05
0,3143917,2,phononTF,0.000649903,-0.00067878,0.00131342,-0.000262498,697.437,0.000382,1,-0.00100442,0.000996789,0.0002625,816.306
0,3151418,8,phononTS,0.000566905,-0.00304078,-0.00104129,-0.000262498,4389.37,0.000382,1,-0.00300149,-0.00100153,0.0002625,4478.63
0,3151725,23,phononL,0.00100692,-0.00135373,-0.000484911,-0.0002625,247.166,0.000382,1,-0.00100106,-0.000996367,0.0002625,963.766
0,3151725,24,phononTF,0.000451316,-0.00100106,-0.000996367,0.000262498,963.766,0.000451316,1,-0.00126327,-0.000958047,-0.0002625,1069.81
0,3155473,3,phononTF,0.00109608,0.00188653,0.00210889,-0.0002625,565.497,0.000382,1,0.00200479,0.00199641,0.0002625,2070.84
0,3156453,3,phononL,0.00620828,-0.000973146,0.000965827,0.0002373,1039.58,0.000382,1,-0.00100424,0.00100383,0.0002625,1045.82
0,3157971,2,phononTF,0.0011575,-0.000957341,0.000938851,-0.0002625,28.7965,0.000382,1,4.42569e-08,-3.89719e-06,0.0002625,571.03
0,3161637,1,phononTS,0.01,-0.00199579,0.00200321,0.000211603,0,0.003056,1,-0.00199978,0.00200013,0.0002625,848.109
0,3164466,14,phononTF,0.000577154,-0.00132115,0.0026769,-0.000262498,4750.38,0.000382,1,-0.00100477,0.00300475,0.0002625,4869.33
0,3165914,9,phononTF,0.000462205,-0.00100456,-0.00100267,0.000262498,3947.13,0.000462205,1,-0.00152965,-0.0014514,-0.0002625,4098.43
0,3171417,9,phononTF,0.000478932,0.00244286,0.000437084,-0.000262498,5292.4,0.000382,1,0.00199953,1.56353e-06,0.0002625,5431.65
0,3176566,17,phononTS,0.000632819,0.00239538,-0.005,0.000171948,7333.62,0.000382,1,-0.00300346,-0.000998407,0.0002625,8749.99
0,3176849,11,phononTF,0.000388492,-0.00156115,0.00156321,-0.000262498,617.954,0.000382,1,-0.000999287,0.00100027,0.0002625,781.385
0,3179706,16,phononTF,0.000701497,-0.000997585,0.00100022,0.000262498,15215,0.000701497,1,-0.00123023,0.000817636,-0.0002625,15319.7
0,3184450,1,phononTF,0.01,-0.00100669,0.0009885,0.000242598,0,0.002292,1,-0.00100294,0.000999283,0.0002625,542.693
0,3184450,7,phononTF,0.000532337,-0.00100294,0.000999283,0.000262498,542.693,0.000532337,1,-0.000716936,0.00127594,-0.0002625,655.464
0,3184450,6,phononTS,0.00195522,-0.00100294,0.000999283,0.000262498,542.693,0.000532114,1,-0.00100186,0.000768693,-0.0002625,655.596
0,3184546,12,phononTF,0.00042882,-0.00153603,0.000476118,-0.000262498,1750.27,0.000382,1,-0.00100357,0.00100272,0.0002625,1907.32
0,3184546,2,phononTF,0.000704526,-0.00148626,0.000298974,0.000262498,1263.36,0.000704526,1,-0.00115702,0.000565794,-0.0002625,1381.18
0,3185584,25,phononTS,0.000420769,0.005,-0.000820978,-0.000131123,13285,0.000382,1,0.00300049,0.00100297,0.0002625,13894.3
0,3185744,8,phononTF,0.000639752,-0.00148851,0.00252584,-0.0002625,1474.53,0.000382,1,-0.000996492,0.00300113,0.0002625,1917.11
0,3189603,15,phononTF,0.00110568,4.61225e-05,-0.00212818,-0.0002625,906.929,0.000382,1,-2.6017e-06,-0.00199724,0.0002625,1378.41
0,3191991,9,phononTF,0.000572551,-0.000797201,0.00119672,-0.000262498,99.9304,0.000382,1,-0.00099886,0.00100171,0.0002625,202.147
0,3194966,2,phononTS,0.000572386,0.000121255,-0.000212648,-0.0002625,281.853,0.000382,1,0.00199546,-0.00199654,0.0002625,1296.17
0,3196566,9,phononTS,0.0012487,-0.00184284,-0.000846628,-0.000262498,1116.21,0.000382,1,-0.00199666,2.95887e-06,0.0002625,1321.97
0,3197642,6,phononTS,0.000589932,0.000353605,0.00216845,-0.0002625,1769.83,0.000382,1,1.94922e-07,-4.88317e-06,0.0002625,6488.84
0,3197642,4,phononTS,0.00236863,-0.00136663,0.00150457,0.000262498,4.72289,0.000559183,1,-0.00190364,0.00150467,-0.0002625,157.003
0,3197821,2,phononTS,0.0014306,-0.00109331,0.00329043,-0.0002625,211.46,0.000382,1,-0.00100093,0.0030017,0.0002625,2823.57
0,3198633,9,phononTF,0.000568483,0.00142935,-0.005,0.000225223,3773.46,0.000568483,1,0.00157564,-0.00479362,-0.0002625,8027.49
0,3202861,14,phononTS,0.000520069,-0.000998644,0.000996449,0.0002625,8990.44,0.000520069,1,-0.000987069,0.000590896,-0.0002625,11145.9
0,3205955,22,phononTF,0.000866225,-0.00102451,0.00102264,-0.0002625,1125.04,0.000382,1,-0.00100445,0.0010036,0.0002625,1395.05
0,3205991,3,phononTF,0.0029621,-0.00199891,0.00199575,0.0002625,16.4902,0.00124486,1,-0.00233132,0.00224564,-0.0002625,369.514
0,3208656,6,phononTF,0.000434696,0.000891728,-0.00110787,-0.0002625,1574.1,0.000382,1,0.000995637,-0.00100221,0.0002625,2227.82
0,3208656,2,phononTF,0.000759606,-0.000660299,0.00228191,0.000262498,366.826,0.00041262,1,-0.000493312,0.00245773,-0.0002625,465.784
0,3215129,5,phononTS,0.00154618,5.47923e-05,-0.00193844,-0.000262498,3319.35,0.000382,1,2.76564e-06,-0.00200222,0.0002625,3414.38
0,3216442,6,phononTS,0.000526724,-0.000540996,0.0018028,-0.0002625,725.362,0.000382,1,4.46246e-06,0.00200058,0.0002625,1547.83
0,3217993,9,phononTS,0.000510578,-0.00316137,0.00162097,-0.0002625,1604.54,0.000382,1,-0.00199843,0.00199602,0.0002625,2399.18
0,3218998,5,phononTF,0.00118908,-0.00189128,0.00189806,-0.0002625,130.171,0.000382,1,-0.00199813,0.00200044,0.0002625,410.294
0,3220487,28,phononTF,0.000783959,0.00199908,1.75914e-06,0.000262498,5528.38,0.000392599,1,0.00170591,-0.000298513,-0.0002625,5643.5
0,3223523,12,phononTF,0.000911862,-0.00149896,0.00171574,-0.000262498,6191.61,0.000382,1,-0.00100201,0.00100198,0.0002625,6372.61
0,3224317,12,phononTS,0.00126224,-0.0020439,0.00257861,-0.0002625,967.126,0.000764,1,-0.002005,0.00199906,0.0002625,3273.61
0,3224527,26,phononTS,0.000433063,-0.00204029,-2.40226e-05,-0.0002625,12787.1,0.000382,1,-0.0019951,2.88237e-06,0.0002625,13690.4
0,3224932,11,phononTF,0.000509997,-0.00199864,0.00200314,0.000262498,7253.97,0.000509997,1,-0.00284673,0.00416021,-0.0002625,7679.92
0,3229119,25,phononTF,0.000460984,-0.00172255,0.00228817,-0.000262498,14432.2,0.000382,1,-0.00200471,0.0020023,0.0002625,14545.4
0,3229740,8,phononTS,0.000621512,0.00101409,-0.00298101,-0.000262498,9013.07,0.000382,1,0.00100436,-0.00299574,0.0002625,9107.46
0,3232685,14,phononL,0.000795685,-0.00220287,0.000580666,-0.0002625,757.875,0.000764,1,-0.00200141,-2.92264e-06,0.0002625,1196.34
0,3234121,6,phononTF,0.000581947,-0.00279783,0.00423122,-0.0002625,2067.7,0.000382,1,0.00100338,-0.000997561,0.0002625,3567.32
0,3235690,14,phononTS,0.000450919,-0.00352765,-0.000954785,-0.000262498,3995.46,0.000382,1,-0.0030049,-0.000998706,0.0002625,4144.35
0,3238511,9,phononTS,0.000390883,0.00108504,-0.000876568,-0.0002625,3979.26,0.000382,1,0.000997149,-0.000997126,0.0002625,6536.87
0,3239014,12,phononTS,0.000424349,0.000614976,-0.00197564,-0.0002625,2788.63,0.000382,1,0.000996796,-0.000999542,0.0002625,3923.09
0,3239014,2,phononTF,0.00146796,-0.00113952,0.0015496,0.000262498,150.602,0.000787592,1,-0.000249419,0.000657339,-0.0002625,384.336
0,3244376,2,phononTS,0.000585832,-0.000503751,0.0029174,-0.0002625,564.197,0.000382,1,-0.000995498,0.00300463,0.0002625,8610.62
0,3250725,18,phononTF,0.00087206,0.00300413,0.000996078,0.0002625,1847.93,0.000310308,1,0.00340867,0.000711164,-0.0002625,2538.22
0,3252734,3,phononTS,0.000695088,0.00125152,-0.00105295,-0.0002625,2.54187,0.000382,1,0.00200358,-5.18717e-07,0.0002625,1254.56
0,3253136,5,phononTF,0.00169779,1.97657e-05,0.00193229,-0.0002625,447.615,0.000382,1,3.50183e-06,0.00199851,0.0002625,720.634
0,3253136,6,phononTS,0.00114198,3.50183e-06,0.00199851,0.000262498,720.634,0.000631912,1,-1.67249e-05,0.0020245,-0.0002625,810.341
0,3257199,12,phononTF,0.000468951,0.00175452,0.0026701,-0.0002625,4886.19,0.000382,1,0.00200297,0.00199892,0.0002625,9129.34
0,3259551,3,phononTS,0.00197124,8.66958e-05,0.00126146,-0.0002625,568.265,0.000382,1,2.25257e-06,0.00200278,0.0002625,1231.54
0,3260742,2,phononTS,0.000644839,-0.000997421,0.00100499,0.0002625,185.793,0.000644839,1,-0.00106516,0.00107913,-0.0002625,722.88
0,3261008,1,phononTS,0.01,-0.000931566,0.000996492,0.000215742,0,0.001146,1,-0.00100422,0.000998575,0.0002625,510.24
0,3265642,9,phononTS,0.00058503,0.00100549,-0.00316299,-0.0002625,3499.4,0.000382,1,0.000999704,-0.00299857,0.0002625,3804.36
0,3266927,7,phononTF,0.0006641,-0.00195451,0.00215536,-0.000262498,389.202,0.000382,1,-0.00200097,0.0019959,0.0002625,485.473
0,3272128,2,phononTF,0.00134592,-0.0017418,0.00175072,-0.0002625,34.2598,0.000382,1,-0.00200121,0.00199598,0.0002625,252.849
0,3272128,6,phononTS,0.000840292,-0.00200121,0.00199598,0.000262498,252.849,0.000270522,1,-0.00173998,0.0019943,-0.0002625,369.184
0,3277497,6,phononTF,0.000586758,0.00326922,0.000726497,-0.0002625,501.937,0.000382,1,0.0029996,0.00099903,0.0002625,2843.71
0,3278281,2,phononTS,0.00126646,-0.005,-0.00231251,8.80016e-05,133.297,0.000764,1,-0.00300443,-0.00100468,0.0002625,3088.19
0,3279917,15,phononTS,0.00068376,-0.0019984,0.00200267,0.0002625,65.5878,0.00068376,1,0.000428726,0.00432819,-0.0002625,944.257
0,3280233,18,phononTF,0.000486226,-0.00102113,0.00296877,-0.0002625,1409.78,0.000382,1,-0.00100366,0.00300436,0.0002625,2646.58
0,3281403,8,phononTS,0.000599818,-0.000984428,0.00299844,-0.000262498,5380.47,0.000382,1,-0.00100462,0.00300118,0.0002625,5474.79
0,3281966,21,phononTS,0.000384293,-0.00288661,-0.00228914,-0.0002625,334.509,0.000382,1,-0.0020028,-0.00199797,0.0002625,2146.28
0,3283320,2,phononTS,0.00120903,-0.00189097,0.00195876,-0.0002625,720.91,0.000382,1,-0.0020022,0.00200107,0.0002625,1117.64
0,3286434,15,phononTS,0.00092104,-0.00100321,0.00100011,0.000262498,2031.01,0.00092104,1,-0.000962319,0.000788266,-0.0002625,2140.36
0,3287187,8,phononTF,0.00251542,-0.000152143,0.00186,-0.0002625,799.382,0.000382,1,-2.72463e-06,0.00200164,0.0002625,1088.91
0,3287474,4,phononTF,0.00137407,0.0014043,0.00110107,-0.0002625,17.7068,0.000764,1,0.000999645,0.00100142,0.0002625,1304.5
0,3287474,3,phononTS,0.000487745,-0.00143805,0.0015018,0.000262498,17.7068,0.000487745,1,0.000552954,-6.88901e-05,-0.0002625,498.355
0,3288153,13,phononTS,0.00134298,0.00205388,0.00197244,-0.000262498,2409.82,0.000764,1,0.00200309,0.00199547,0.0002625,2501.95
0,3291710,15,phononTF,0.000486351,0.00140481,-0.0025988,-0.0002625,5923.6,0.000382,1,0.00200479,-0.00200156,0.0002625,6360.27
0,3291953,7,phononTS,0.000582077,-0.00197466,-5.17606e-05,-0.000262498,731.22,0.000382,1,-0.00200168,2.10184e-06,0.0002625,820.622
0,3293418,12,phononTS,0.000535355,-0.0010425,0.00100545,-0.0002625,5078.99,0.000382,1,-0.00100224,0.00100173,0.0002625,5858.31
0,3295940,25,phononTF,0.000461397,0.00123537,-0.00324261,-0.000262498,16510.8,0.000382,1,0.000996427,-0.00300262,0.0002625,16617.8
0,3297976,11,phononTF,0.000900955,-0.000720625,0.00329031,-0.000262498,2131.44,0.000382,1,-0.00100032,0.00299782,0.0002625,2244.84
0,3300395,6,phononTS,0.000483029,-0.00205049,0.0019768,-0.000262498,756.801,0.000382,1,-0.00199691,0.00200475,0.0002625,846.173
0,3304382,10,phononTF,0.000443644,0.00194649,0.00205587,-0.0002625,13477.2,0.000382,1,0.00199649,0.0020035,0.0002625,13993.8
0,3304382,3,phononTS,0.00102397,-0.00196531,0.00162733,0.000262498,150.563,0.00102397,1,-0.00197666,0.00166396,-0.0002625,240.847
0,3304594,4,phononTS,0.000634812,-0.00103146,0.00103491,-0.0002625,134.075,0.000382,1,-0.000995516,0.00100462,0.0002625,491.959
0,3305086,4,phononTF,0.00286885,-0.00170139,0.00170738,-0.0002625,21.0091,0.000764,1,-0.00200018,0.0020047,0.0002625,252.11
0,3305086,15,phononTS,0.000570353,-0.00200018,0.0020047,0.000262498,252.11,0.000570353,1,-0.0024057,0.00241068,-0.0002625,418.491
0,3305086,14,phononTS,0.000658684,-0.00130249,0.00363277,-0.0002625,252.11,0.000658684,1,-0.000716578,0.005,0.000178387,918.747
0,3305901,14,phononTS,0.000387207,-2.20239e-05,-5.84143e-05,-0.0002625,3975.76,0.000382,1,4.02155e-06,-3.8867e-06,0.0002625,4458.13
0,3306661,8,phononTS,0.000774621,0.00378882,0.00113286,-0.0002625,5783.88,0.000382,1,0.00300033,0.000997234,0.0002625,6272.24
0,3306703,12,phononTS,0.000913496,0.00128159,9.28912e-05,-0.0002625,5954.7,0.000382,1,0.00200199,-4.59895e-06,0.0002625,6492.15
0,3306797,10,phononTS,0.000492359,0.00105857,0.000448955,-0.000262498,1852.21,0.000382,1,0.00200254,-4.08945e-06,0.0002625,2092.63
0,3306988,6,phononTS,0.000496374,-0.00159615,0.00174232,-0.000262498,598.069,0.000382,1,-0.00100353,0.00300297,0.0002625,891.609
0,3311062,18,phononTF,0.000637353,-0.00164242,0.00236226,-0.0002625,1305.94,0.000382,1,-0.000998073,0.00300366,0.0002625,1845.14
0,3314398,4,phononTF,0.0016187,0.00257456,0.00258901,-0.0002625,125.386,0.000382,1,0.00199768,0.00200439,0.0002625,2133.7
0,3314720,8,phononTS,0.000495752,0.00199918,-2.09372e-06,0.000262498,4848.32,0.000495752,1,0.00232606,-6.72189e-05,-0.0002625,4975.89
0,3314720,2,phononTF,0.000901151,-0.00133986,0.00150531,0.000262498,7.64719,0.000901151,1,-0.00115103,0.00132711,-0.0002625,108.298
0,3317155,3,phononTS,0.00682979,-0.00101111,0.00301994,3.10972e-05,1752.48,0.00191,1,-0.00100267,0.00299581,0.0002625,2226.31
0,3317375,9,phononTF,0.000631528,-6.65226e-05,8.95843e-05,-0.000262498,368.175,0.000382,1,-7.88267e-07,-2.81578e-06,0.0002625,460.495
0,3320769,14,phononTF,0.000695759,0.000409716,0.00240477,-0.0002625,4461.54,0.000382,1,1.09584e-06,0.00199638,0.0002625,6122.98
0,3322168,5,phononTS,0.00159704,-0.00199667,0.00203317,-0.000262498,432.702,0.000382,1,-0.00099653,0.00299883,0.0002625,733.041
0,3323565,2,phononTS,0.0063484,-0.000589861,0.000960596,-8.09983e-05,1670.36,0.001146,1,-0.00099555,0.000996906,0.0002625,1831.68
0,3324369,16,phononTF,0.00084198,-0.000998306,0.00300388,0.000262498,1124.34,0.00084198,1,-0.00131874,0.00272833,-0.0002625,1241.41
0,3330120,8,phononTF,0.000623147,1.47024e-05,-3.57968e-05,-0.000262498,1841.4,0.000382,1,4.60894e-06,3.05495e-06,0.0002625,1931.67
0,3332457,7,phononL,0.000884667,-0.00124603,0.00129902,-0.000262498,503.005,0.000382,1,-0.000999816,0.000995412,0.0002625,575.311
0,3333376,12,phononTS,0.00076787,2.68218e-06,0.00200222,0.000262498,1943.5,0.00076787,1,5.25895e-05,0.00194103,-0.0002625,2038.36
0,3338209,6,phononTS,0.000669271,-0.000990152,0.00134035,-0.000262498,256.868,0.000382,1,-4.76157e-06,0.00199915,0.0002625,521.828
0,3342905,5,phononTS,0.000857457,-0.00119286,0.000989528,-0.0002625,727.568,0.000382,1,-0.000997426,0.00100276,0.0002625,1068.48
0,3344738,6,phononTS,0.000825606,-0.00105606,0.00105349,-0.000262498,922.39,0.000382,1,-0.00100435,0.00100312,0.0002625,1016.53
0,3345412,8,phononL,0.000437546,-0.000976473,0.00131669,-0.0002625,1292.96,0.000382,1,-0.000995199,0.000996886,0.0002625,1498.85
0,3345830,15,phononTF,0.000659219,-0.000795545,0.000787441,-0.0002625,9204.71,0.000382,1,-0.000998644,0.000999492,0.0002625,9504.25
0,3346459,9,phononTS,0.000586095,0.00157902,-0.00137875,-0.0002625,2749.47,0.000382,1,0.00199604,-1.37153e-06,0.0002625,4704.16
0,3349046,5,phononTF,0.000515446,-0.00175279,0.00175517,-0.0002625,217.711,0.000382,1,-0.000998428,0.00099921,0.0002625,612.252
0,3356822,6,phononTF,0.00137962,-0.000999009,-0.000998639,0.000262498,780.884,0.00044673,1,-0.00177734,-0.00342076,-0.0002625,1247.25
0,3357290,11,phononTF,0.000537152,-0.00180479,0.00179239,-0.000262498,1297.64,0.000382,1,-0.00200328,0.00199897,0.0002625,1399.99
0,3360511,2,phononL,0.00696859,-0.00113855,0.000620163,-0.0002625,816.838,0.000764,1,-0.000996746,0.00100023,0.0002625,1178.44
0,3361472,10,phononTF,0.000772623,-0.00173553,2.86369e-05,-0.0002625,3370.33,0.000382,1,-0.00199829,-1.56319e-06,0.0002625,7720.24
0,3364111,10,phononTS,0.000755097,-0.00178081,0.00196781,-0.000262499,241.897,0.000382,1,-0.00199552,0.0019969,0.0002625,354.595
0,3364523,3,phononTF,0.00180921,-0.00103294,0.00109203,-0.0002625,11.9511,0.000382,1,-0.000995746,0.00100039,0.0002625,396.755
0,3365296,15,phononTS,0.00058276,-0.00276019,-0.000888041,-0.0002625,371.015,0.000382,1,-0.00300363,-0.00100371,0.0002625,1403.75
0,3365741,18,phononTS,0.00085447,0.000975121,-0.000995474,-0.0002625,918.142,0.000382,1,0.00100233,-0.000996513,0.0002625,1187.22
0,3365741,2,phononTS,0.00131191,-0.00118274,0.00149668,0.000262498,41.2869,0.000501935,1,-0.00316116,0.00247312,-0.0002625,480.658
0,3367720,5,phononTF,0.000510513,-0.00145544,0.000742101,-0.0002625,1289.64,0.000382,1,-0.0009987,0.000996289,0.0002625,1962.83
0,3367720,2,phononTF,0.00292274,-0.00137381,0.0015149,0.000262498,6.43585,0.000756456,1,-0.000923068,0.00108077,-0.0002625,146.17
0,3371717,13,phononTF,0.00099645,-0.0023041,0.00229241,-0.0002625,341.72,0.000382,1,-0.00199633,0.0019982,0.0002625,1527.6
0,3372858,25,phononTF,0.0011704,-0.00186229,0.00187356,-0.0002625,2854.87,0.000764,1,-0.00200222,0.00199973,0.0002625,4427.22
0,3372898,9,phononTS,0.000527419,-0.00097752,0.00148574,-0.000262498,139.972,0.000382,1,-0.00100179,0.00100149,0.0002625,284.025
0,3376059,4,phononTF,0.00233057,-0.000122188,0.00192443,-0.0002625,12.303,0.000764,1,-4.86301e-06,0.00200163,0.0002625,975.968
0,3378265,2,phononTS,0.000800293,0.000174164,0.00112331,-0.0002625,35.6124,0.000382,1,0.00199938,0.00200298,0.0002625,2433.03
0,3386672,5,phononL,0.00267175,0.000486215,0.0011963,-0.0002625,12.9058,0.001146,1,0.000996881,0.000995094,0.0002625,471.671
0,3387316,18,phononTF,0.00162463,-0.00228498,0.000187089,-0.000262498,1225.87,0.000382,1,-0.0019955,3.95381e-06,0.0002625,1336.74
0,3389659,4,phononTS,0.00291416,0.00325059,0.000880708,0.000136889,41.1521,0.000764,1,0.00299968,0.000995826,0.0002625,1981.17
0,3390644,5,phononTS,0.00279552,-0.00098366,0.00168728,-0.000262498,148.525,0.000764,1,-0.00100222,0.00100437,0.0002625,320.531
0,3393525,18,phononTF,0.00051844,0.00200037,0.00199529,0.000262498,12026.5,0.00051844,1,0.00154119,0.0015296,-0.0002625,12170.2
0,3394466,12,phononTF,0.000440621,-0.00149375,0.00149721,-0.000262498,140.731,0.000382,1,-0.000998779,0.000998815,0.0002625,291.076
0,3395079,4,phononTS,0.000388103,-0.00114151,0.00206045,-0.0002625,182.66,0.000382,1,-0.00199636,0.0019997,0.0002625,1155.21
0,3395566,6,phononTF,0.000593277,-0.00199714,-4.86553e-06,0.0002625,519.914,0.000593277,1,-0.001809,-0.000242506,-0.0002625,941.282
0,3396174,16,phononTF,0.000622274,-0.000506208,0.00201146,-0.000262498,1660.46,0.000382,1,-0.000997965,0.00099506,0.0002625,1888.15
0,3399121,6,phononTF,0.00114028,-0.000270905,0.0013554,-0.0002625,534.267,0.000382,1,4.19404e-06,0.00200341,0.0002625,992.151
0,3400724,8,phononTS,0.00178797,0.00099815,-0.00300216,0.000262498,5305.8,0.000180466,1,0.000958946,-0.00301039,-0.0002625,5400.78
0,3402676,7,phononTF,0.00196119,-0.00149699,0.00149671,-0.0002625,809.168,0.000764,1,-0.00199657,0.00200496,0.0002625,1264.03
0,3402864,7,phononTF,0.000697099,-0.00120794,0.00150023,-0.000262498,295.898,0.000382,1,-4.5638e-06,0.00200402,0.0002625,553.866
0,3403904,23,phononTS,0.000515447,-0.00305952,-0.000369624,-0.0002625,8778.3,0.000382,1,-0.00300178,-0.000997103,0.0002625,10014.3
0,3405710,5,phononL,0.00253175,0.00299563,0.000996169,0.000262498,1970.11,0.000355207,1,0.00253183,0.00107839,-0.0002625,2046.69
0,3408815,3,phononTS,0.00283854,-0.00098516,0.000999547,0.000113028,30.8074,0.001146,1,-0.00100028,0.00100086,0.0002625,296.567
0,3409181,4,phononL,0.00111809,-0.000677388,-0.00120876,-0.0002625,1325.43,0.000382,1,-0.0010035,-0.00100171,0.0002625,1583.15
0,3412261,4,phononTF,0.00147334,-0.00199796,0.0019975,0.0002625,51.6741,0.000719859,1,-0.00226217,0.00225282,-0.0002625,380.764
0,3412873,3,phononTS,0.0063364,-0.00203026,0.00201138,1.19543e-05,32.3445,0.000764,1,-0.00200376,0.00200281,0.0002625,294.69
0,3413268,17,phononTF,0.000470204,0.00185623,-0.00185175,-0.0002625,1047.38,0.000382,1,0.00200444,-0.00200478,0.0002625,2513.78
0,3417656,8,phononTS,0.000527289,2.52885e-06,7.9092e-07,0.000262498,878.589,0.000527289,1,-0.000472833,0.00106831,-0.0002625,1132.61
0,3423070,5,phononTS,0.00177661,-0.00109299,0.00126771,-0.0002625,364.605,0.000764,1,-0.000995464,0.000996013,0.0002625,938.081
0,3430142,4,phononTF,0.00169771,-0.000369357,0.000374158,-0.0002625,26.8951,0.000382,1,-9.40705e-07,3.77294e-06,0.0002625,719.656
0,3438860,6,phononTF,0.000996097,0.00200153,0.00200247,0.0002625,2854.71,0.000386474,1,0.00319265,0.000819895,-0.0002625,4574.21
0,3438891,10,phononL,0.000792163,-0.00100037,0.00299647,0.000262498,440.902,0.000336528,1,-2.85483e-05,0.00248223,-0.0002625,577.341
0,3440665,18,phononTS,0.000453658,-0.00240455,0.00195073,-0.0002625,566.913,0.000382,1,-0.00199655,0.00199676,0.0002625,1325.21
0,3451696,2,phononTF,0.00258611,-0.000349649,0.00164778,-0.0002625,673.703,0.000382,1,2.35172e-06,0.00199522,0.0002625,1044.6
0,3451963,5,phononTF,0.00110078,-0.00178796,0.00177181,-0.000262498,1074.56,0.000382,1,-0.00200138,0.00199588,0.0002625,1178.83
0,3455469,6,phononTF,0.000821786,-0.00270756,-0.00287325,-0.0002625,224.295,0.000382,1,-0.00199609,-0.00200304,0.0002625,2268.93
0,3455769,6,phononL,0.00102386,-0.000296635,0.000487426,-0.000262498,2513.3,0.000764,1,-1.34109e-07,-2.2472e-06,0.0002625,2598.08
0,3459088,10,phononL,0.00043715,0.000604539,-0.0012396,-0.0002625,12565.9,0.000382,1,0.00100021,-0.000995433,0.0002625,13587.8
0,3463658,22,phononTS,0.000454323,-0.00146758,0.00302534,-0.000262498,2495.04,0.000382,1,-0.000999034,0.00300276,0.0002625,2636.5
0,3463794,15,phononTF,0.000425025,-0.00217221,-4.46275e-05,-0.000262498,9600.41,0.000382,1,-0.00199838,-1.26368e-06,0.0002625,9697.8
0,3464348,5,phononTS,0.000981852,-0.000438035,-4.45901e-05,-0.0002625,2080.8,0.000382,1,1.65492e-06,3.1859e-06,0.0002625,2520.63
0,3466774,6,phononTS,0.00082739,-0.00141499,-4.4465e-05,-0.0002625,519.567,0.000382,1,-0.00199582,1.50455e-07,0.0002625,3797.91
0,3468565,5,phononTS,0.00169756,-0.00103091,0.000989438,-0.0002625,396.054,0.000382,1,-0.0010044,0.00100175,0.0002625,586.588
0,3471062,13,phononTS,0.000607071,0.00339551,0.00151553,-0.0002625,1986.12,0.000382,1,0.00199591,0.00200129,0.0002625,2877.96
0,3473089,4,phononTF,0.000841106,-0.00135391,0.00136924,-0.0002625,415.426,0.000382,1,-0.00199596,0.00199598,0.0002625,935.443
0,3474568,12,phononTS,0.000763177,0.00200278,1.16747e-06,0.000262498,3489.81,0.000763177,1,0.00196278,7.69956e-05,-0.0002625,3585.98
0,3476876,3,phononTS,0.00294653,-0.000339549,0.000380283,-0.0002625,18.4771,0.000764,1,-2.02054e-06,3.68501e-06,0.0002625,642.427
0,3480978,7,phononL,0.00097899,-0.00172945,0.000694711,-0.000262498,1106.66,0.000382,1,-0.00200055,1.32456e-06,0.0002625,1205.79
0,3483405,5,phononTF,0.000413627,-0.000339626,0.000358372,-0.0002625,139.634,0.000382,1,2.67417e-07,4.06058e-06,0.0002625,754.472
0,3483707,14,phononTF,0.00175456,0.00127479,-0.000772057,-0.0002625,2445.46,0.000382,1,0.00099937,-0.00100018,0.0002625,2740.98
0,3483975,4,phononTF,0.0013999,-0.00151838,0.00143411,-0.000262498,185.388,0.000382,1,-0.00199838,0.00199777,0.0002625,343.725
0,3485243,4,phononL,0.00200473,-0.00134172,0.000983427,-0.0002625,367.275,0.000382,1,-0.000995411,0.000998054,0.0002625,1782.17
0,3485794,13,phononTS,0.000681323,-0.00199953,4.74807e-06,0.000262498,7488.39,0.000681323,1,-0.00100557,0.00494249,-0.0002625,8556.87
0,3485987,8,phononTF,0.000506599,0.00138937,0.00134902,-0.0002625,384.797,0.000382,1,0.00199573,1.16786e-06,0.0002625,1639.92
0,3486541,18,phononTS,0.00120103,0.00093273,0.00105192,-0.000262498,1707.24,0.000382,1,0.00100293,0.00100349,0.0002625,1802.84
0,3488129,8,phononTS,0.000745911,-0.00240135,0.00195677,-0.000262498,3004.29,0.000382,1,-0.00199708,0.00200345,0.0002625,3136.91
0,3488493,18,phononTS,0.000486188,4.13136e-05,0.00218313,-0.0002625,720.26,0.000382,1,-4.11654e-06,0.00200381,0.0002625,1065.19
0,3488494,1,phononTS,0.01,-0.00107099,0.00210419,-0.000255086,0,0.00290002,1,-0.00101477,0.0021627,-0.0002625,467.389
0,3491675,21,phononTS,0.00045239,-0.00107193,0.00266519,-0.0002625,781.771,0.000382,1,-0.00100225,0.00300477,0.0002625,1777.63
0,3494706,12,phononTF,0.00103562,-0.000710355,0.00102093,-0.0002625,295.747,0.000382,1,-0.0019993,0.0020019,0.0002625,781.057
0,3496286,3,phononTS,0.000825824,-0.000998183,0.001052,-0.0002625,145.912,0.000382,1,-0.000998563,0.00100365,0.0002625,872.241
0,3497186,3,phononTS,0.00373139,0.000884492,0.000596699,1.65901e-05,220.447,0.000764,1,0.00099958,0.000998491,0.0002625,809.675
0,3500724,21,phononTS,0.000548076,-0.0031244,-0.00175446,-0.0002625,11528.5,0.000382,1,-0.00300073,-0.00100172,0.0002625,12455
0,3501058,6,phononTS,0.00229508,-5.91901e-05,0.000584273,-0.000204738,388.363,0.000382,1,-0.000997855,0.000998921,0.0002625,1069.12
0,3504469,4,phononL,0.00112898,-0.00119645,0.00127925,-0.0002625,14.6642,0.000382,1,-0.000996685,0.000997673,0.0002625,154.517
0,3506075,6,phononTS,0.00149718,0.00100462,0.00100218,0.000262498,1857.04,0.000735267,1,0.00141775,0.00145503,-0.0002625,2029.45
0,3507489,5,phononTF,0.000707483,-0.00230136,0.00229508,-0.0002625,2466.63,0.000382,1,-0.00199504,0.00200187,0.0002625,3461.57
0,3507489,3,phononTS,0.00231679,-0.0014085,0.00151532,0.000262498,10.7793,0.000781153,1,-0.00172011,0.00155975,-0.0002625,131.624
0,3508747,5,phononTS,0.00188914,-0.000988981,0.000979791,-0.0002625,681.138,0.001146,1,-0.00100018,0.000999982,0.0002625,965.557
0,3515115,3,phononTF,0.00169715,-0.00176996,0.00178214,-0.0002625,171.227,0.000382,1,-0.00200053,0.00200365,0.0002625,381.612
0,3523128,6,phononTF,0.00046203,-0.00148545,0.00150329,-0.000262498,357.658,0.000382,1,-1.8559e-06,-7.29045e-07,0.0002625,730.271
0,3524533,5,phononTF,0.000555088,-0.00239841,0.000379592,-0.0002625,1813.84,0.000382,1,-0.0020037,5.65325e-07,0.0002625,3974.91
0,3524533,2,phononTF,0.00247412,-0.00129868,0.00132648,0.000262498,77.8391,0.000228601,1,-0.00179446,0.00084129,-0.0002625,226.735
0,3524737,25,phononTS,0.00076639,-3.71861e-06,-1.16845e-07,0.000262498,1837.51,0.000203134,1,3.58995e-05,2.96144e-05,-0.0002625,1926.98
0,3527097,9,phononTS,0.000495,-0.00299548,-0.000998143,0.000262498,2520.71,0.000495,1,-0.00227555,-0.00029018,-0.0002625,2757.12
0,3530904,11,phononTS,0.000502628,-0.000995312,-0.000998383,0.000262499,6810.28,0.000502628,1,-0.00106863,-0.000992766,-0.0002625,6907.9
0,3530905,1,phononTS,0.01,-0.00113107,0.00117642,-0.000255333,0,0.00110477,1,-0.0011949,0.00125097,-0.0002625,213.859
0,3530905,7,phononTS,0.00315345,-0.00103775,-0.000660657,-0.000142416,213.859,0.000207397,1,-0.000956745,-0.000652499,-0.0002625,578.835
0,3533665,9,phononTF,0.000744053,-0.00205067,0.000625212,-0.0002625,1294.87,0.000382,1,-0.00300075,-0.000999264,0.0002625,1844.7
0,3533735,2,phononTS,0.000911453,0.000673289,0.000994222,-0.0002625,258.462,0.000382,1,0.00100499,0.00100345,0.0002625,831.396
0,3534468,6,phononTF,0.00111476,-0.00199591,-0.00199894,0.000262498,1197.23,0.000303921,1,-0.00119351,-0.00321115,-0.0002625,1471.1
0,3537067,4,phononTS,0.00272748,-2.19951e-06,0.00200073,0.0002625,139.358,0.00130426,1,0.00019903,0.00205534,-0.0002625,928.917
0,3540125,2,phononTF,0.00118686,-0.00169044,0.00169559,-0.0002625,26.1275,0.000382,1,-0.00199627,0.00199891,0.0002625,259.287
0,3541303,3,phononTF,0.00304052,0.000856403,0.000850589,0.000177314,55.1447,0.001146,1,0.00100459,0.00100181,0.0002625,1506.54
0,3542423,4,phononTS,0.000538303,-0.00031829,0.00198814,-0.0002625,567.224,0.000382,1,3.23798e-06,0.00200412,0.0002625,940.121
0,3543406,7,phononTS,0.000549641,-0.00302566,-0.000951749,-0.000262499,7476.91,0.000382,1,-0.00300049,-0.00099919,0.0002625,7569.31
0,3545077,4,phononTS,0.000740068,-0.00246798,-0.000871576,-0.0002625,1206.51,0.000382,1,-0.00300313,-0.000999797,0.0002625,2587.84
0,3547249,19,phononTS,0.000615338,-0.000999486,-0.000995268,0.000262498,11713.5,0.000615338,1,-0.00095877,-0.000954047,-0.0002625,11802.8
0,3547250,1,phononL,0.01,-0.00123587,0.00155741,-0.000232201,0,0.00326955,1,-0.00125472,0.00149351,-0.0002625,618.669
0,3549797,1,phononL,0.01,-0.00123401,0.000992167,0.000187576,0,0.000764,1,-0.000996724,0.000995927,0.0002625,687.008
0,3550800,8,phononTS,0.0004634,-0.00295042,-0.000941465,-0.0002625,2827.84,0.000382,1,-0.00299827,-0.00100433,0.0002625,3302.98
0,3552112,2,phononL,0.00065228,-0.00179021,0.000369047,-0.0002625,77.5092,0.000382,1,-0.00200228,-3.11052e-06,0.0002625,375.029
0,3557483,11,phononTF,0.000612642,-0.00173006,0.00159215,-0.0002625,4840.2,0.000382,1,-0.00200448,0.00200159,0.0002625,5225.48
0,3565142,8,phononTS,0.00128865,-0.000113732,0.000529466,-0.0002625,1424.19,0.000382,1,-7.22369e-08,3.02444e-06,0.0002625,1893.21
0,3571713,10,phononTS,0.000502276,-0.00247696,-0.000661436,-0.000262498,1946.36,0.000382,1,-0.00200422,-0.00200024,0.0002625,2247.14
0,3573011,19,phononTS,0.000508552,0.000558771,0.00119431,-0.0002625,4141.36,0.000382,1,6.37972e-07,4.48448e-06,0.0002625,6597.89
0,3573653,8,phononTF,0.00133172,-0.00180173,0.00178607,-0.0002625,374.245,0.000382,1,-0.00200183,0.0019962,0.0002625,887.44
0,3573653,11,phononTS,0.000626953,-0.00200183,0.0019962,0.000262498,887.44,0.000626953,1,-0.0019576,0.00184349,-0.0002625,994.786
0,3574209,4,phononTF,0.00289899,-0.0021281,7.69826e-05,-0.0002625,346.122,0.001528,1,-0.00199788,-2.26007e-06,0.0002625,724.134
0,3579714,10,phononTF,0.000474816,0.000280083,0.00174001,-0.0002625,1908.26,0.000382,1,-4.10626e-06,0.00200161,0.0002625,2470.66
0,3580078,4,phononL,0.000972554,0.000612578,-0.000551395,-0.0002625,51.2953,0.000382,1,0.000997815,-0.00100499,0.0002625,573.396
0,3584323,10,phononTS,0.000589156,-0.00164318,-0.000820738,-0.0002625,772.688,0.000382,1,-0.00199928,-0.00200459,0.0002625,1581.54
0,3587641,5,phononTF,0.00211638,-0.0022636,0.000391884,-0.0002625,206.56,0.000764,1,1.51159e-07,3.18831e-06,0.0002625,1055.66
0,3590015,7,phononTF,0.000487347,-0.00326629,0.00153966,-0.000262498,1515.48,0.000382,1,-0.00100296,0.00299503,0.0002625,1995.31
0,3590015,4,phononTS,0.000623658,0.00259215,-0.005,-0.000246582,525.003,0.000623658,1,0.00249268,-0.00484908,-0.0002625,3327.91
0,3591196,2,phononTS,0.00591754,-0.000566225,0.00174192,6.14956e-05,120.794,0.00166631,1,-0.000534857,0.00172146,-0.0002625,1032.28
0,3593700,15,phononTS,0.000612533,-0.000262969,0.0011019,-0.0002625,8828.42,0.000382,1,-3.45291e-06,0.00200298,0.0002625,9249.22
0,3593701,3,phononL,0.00451535,-0.00126429,0.00194987,0.000182048,358.614,0.00143326,1,-0.00141653,0.00171119,-0.0002625,448.545
0,3595158,15,phononTS,0.000560169,-0.00275747,-0.000995774,-0.0002625,11480.8,0.000382,1,-0.00299801,-0.00099588,0.0002625,12397
0,3600990,26,phononTF,0.00172304,-0.000995399,0.000999264,0.000262498,342.132,0.000637189,1,-0.00106674,0.000927903,-0.0002625,433.68
0,3603383,5,phononTF,0.000524039,-0.00175836,0.00173233,-0.0002625,223.468,0.000382,1,-0.00200218,0.00200172,0.0002625,554.258
0,3603581,18,phononL,0.00118547,-0.000507674,0.000922198,-0.000262498,3151.06,0.000764,1,-0.000996388,0.000997516,0.0002625,3229.13
0,3603684,8,phononTF,0.000464127,0.000559927,-0.00344387,-0.0002625,3178.98,0.000382,1,0.000999025,-0.00300198,0.0002625,5219.64
0,3606951,3,phononTF,0.00195422,-0.00148709,0.00141239,-0.000262498,648.873,0.000764,1,-0.00100004,0.000999071,0.0002625,793.172
0,3608107,3,phononTS,0.00115649,0.00106336,0.000210764,-0.0002625,1235.17,0.000382,1,0.00100263,0.00099532,0.0002625,3352.36
0,3609233,3,phononTS,0.000765803,-0.000995364,-0.0010031,0.0002625,32.7695,0.000765803,1,-0.00103788,-0.00103708,-0.0002625,1009.36
0,3609306,8,phononL,0.000573005,-0.0017946,0.000459972,-0.0002625,4112.87,0.000382,1,-0.00200242,3.33901e-06,0.0002625,7202.17
0,3609792,4,phononTF,0.00215659,-0.00192623,0.00188136,-0.0002625,148.426,0.000764,1,-0.00200355,0.00200207,0.0002625,711.869
0,3611565,18,phononTS,0.000513948,-0.000999241,0.00299624,0.0002625,7242,0.000513948,1,-0.00145342,0.00197619,-0.0002625,7730.69
0,3612546,7,phononTS,0.000555649,-0.00199949,0.00200495,0.000262498,490.8,0.000304227,1,-0.00199752,0.00197699,-0.0002625,581.858
0,3612987,10,phononTS,0.00205796,0.000984322,-0.00105712,-0.000262498,802.937,0.000382,1,0.000996179,-0.00100252,0.0002625,893.005
0,3624373,19,phononTF,0.00044984,0.00115319,-0.000921553,-0.000262498,3499.86,0.000382,1,0.000999098,-0.000999355,0.0002625,3595.97
0,3624919,5,phononTF,0.00280149,-0.0010594,-0.000895619,-0.0002625,2927.79,0.000764,1,-0.000999494,-0.00100419,0.0002625,3248.01
0,3631633,9,phononTS,0.000918005,-0.000268974,0.000731518,-0.0002625,350.187,0.000382,1,-0.00100216,-0.001,0.0002625,1118.37
0,3631709,2,phononL,0.00255529,-0.00211024,-0.00243113,-0.0002625,12.2558,0.000764,1,-0.00200098,-0.00199706,0.0002625,554.161
0,3633887,3,phononTS,0.00174816,-0.00105899,-0.000616183,-0.0002625,397.245,0.000764,1,-0.00100388,-0.000995985,0.0002625,1198.57
0,3633960,16,phononTF,0.000487766,-0.0029957,-0.00100139,0.0002625,4655.91,0.000487766,1,-0.00197001,-0.0019782,-0.0002625,7485.37
0,3634896,3,phononTS,0.00238847,-0.00300235,-0.00100434,0.0002625,38.7016,0.000914954,1,-0.00303713,-0.000957751,-0.0002625,981.097
0,3636207,15,phononTF,0.00108169,-8.57709e-05,0.00162048,-0.0002625,3629.28,0.000382,1,3.82574e-06,0.00199577,0.0002625,6475.56
0,3636207,16,phononTS,0.000472651,0.00357647,-0.00192433,-0.0002625,6475.56,0.000472651,1,0.005,-0.00348632,-5.33127e-05,7771.9
0,3640395,9,phononL,0.00100436,0.000864234,0.00128056,-0.0002625,5360.56,0.000382,1,0.000997126,0.0010015,0.0002625,5851.02
0,3644500,22,phononTS,0.000538785,0.00313987,0.00186417,-0.0002625,2705.68,0.000382,1,0.0030022,0.0010038,0.0002625,5124.94
0,3646968,7,phononTS,0.000930626,-0.00198844,-0.0019547,-0.000262498,1325.19,0.000382,1,-0.00199633,-0.00200128,0.0002625,1415.69
0,3649858,7,phononTS,0.000961086,-0.000959629,0.00100756,-0.0002625,740.467,0.000382,1,-0.00100295,0.000995176,0.0002625,1107.44
0,3650705,6,phononTF,0.000489396,0.000402171,0.000382279,-0.0002625,1080.57,0.000382,1,3.79986e-06,-8.39742e-07,0.0002625,1672.46
0,3654617,7,phononTS,0.000970664,0.00419061,0.000365303,-0.0002625,7595.18,0.000382,1,0.00299752,0.00100461,0.0002625,9644.9
0,3656283,5,phononTS,0.000588425,0.00153237,0.00189157,-0.0002625,387.943,0.000382,1,0.00200313,0.00200205,0.0002625,829.876
0,3656283,3,phononTS,0.000896025,-0.00126429,0.00138397,0.000262498,35.3301,0.000895371,1,-0.00154103,0.000991044,-0.0002625,187.197
0,3656283,2,phononTF,0.000438651,-0.00126429,0.00138397,0.000262498,35.3301,0.000438651,1,-0.00146814,0.00119002,-0.0002625,137.249
0,3657618,4,phononTS,0.00219839,-0.0011788,0.00124967,-0.0002625,2.92608,0.000382,1,-0.00100204,0.00100126,0.0002625,256.754
0,3658405,14,phononTS,0.000450144,0.00192991,0.000791082,-0.000262498,3297.16,0.000382,1,0.00199879,4.94092e-06,0.0002625,3484.59
0,3664707,3,phononTS,0.00086164,-0.00182454,0.00184058,-0.000262498,409.301,0.000382,1,-0.00200154,0.00199524,0.0002625,527.273
0,3667273,13,phononTF,0.000798027,-0.00100189,0.00100135,0.000262498,709.002,0.000614431,1,-0.000490539,0.00152609,-0.0002625,863.288
0,3672146,5,phononL,0.000753325,-0.00084876,0.00107412,-0.000262498,575.187,0.000382,1,-0.000998405,0.000996758,0.0002625,639.166
0,3677642,5,phononTS,0.00186024,0.005,-0.00447462,2.35703e-06,116.114,0.001146,1,0.00199596,-0.00199706,0.0002625,2327.8
0,3677730,8,phononTS,0.000457617,0.00215505,4.20021e-05,-0.000262498,9015.55,0.000382,1,0.00200364,3.73341e-06,0.0002625,9118.71
0,3682847,2,phononTF,0.00252173,-0.00121978,0.00122863,-0.0002625,23.2368,0.000382,1,-0.000999839,0.000998471,0.0002625,233.363
0,3685445,10,phononTS,0.00121215,-2.90818e-06,0.00199735,0.000262498,1564.83,0.00065914,1,-0.000196931,0.00200694,-0.0002625,1673.42
0,3685566,2,phononTF,0.00161349,-0.00184422,0.00186121,-0.0002625,106.528,0.000382,1,-0.000999952,0.000999753,0.0002625,444.09
0,3689022,5,phononTF,0.000851248,-0.00122439,0.00122086,-0.000262498,469.069,0.000382,1,-0.00100284,0.00100251,0.0002625,573.639
0,3693089,2,phononTF,0.00238164,-0.00196841,0.00186008,-0.0002625,196.843,0.000764,1,-0.00199514,0.00199564,0.0002625,385.825
0,3693171,7,phononTF,0.000439212,-0.00110604,0.00117204,-0.0002625,148.99,0.000382,1,-0.000999605,0.000997714,0.0002625,443.007
0,3693172,3,phononTF,0.00580284,-0.000305998,0.00120056,-0.000207129,286.323,0.0021543,1,-0.000307279,0.0011862,-0.0002625,507.965
0,3693562,11,phononL,0.000549902,-0.00220975,0.00137868,-0.0002625,1424.51,0.000382,1,-0.00199526,0.00199579,0.0002625,1683.15
0,3693999,11,phononTS,0.000687669,0.00239542,0.002217,-0.0002625,4379.38,0.000382,1,0.00300451,0.00100217,0.0002625,10731.2
0,3698576,6,phononTS,0.000567174,6.30734e-05,0.00129046,-0.0002625,1117.15,0.000382,1,0.000995049,0.000996827,0.0002625,2433.58
0,3702419,3,phononTS,0.00222051,0.00234211,0.00204673,-0.0002625,25.9693,0.000382,1,0.00199593,0.00200397,0.0002625,1270.51
0,3706681,3,phononTS,0.000598022,-0.000867834,0.00192242,-0.0002625,349.067,0.000382,1,-0.000999569,0.00100062,0.0002625,1129.94
0,3708327,2,phononTF,0.00199313,-0.00119789,0.00119325,-0.0002625,18.9101,0.000382,1,-0.000998388,0.000998982,0.0002625,222.458
0,3709373,5,phononTF,0.00134458,-0.000554602,0.00146609,-0.0002625,81.8336,0.000382,1,6.47049e-07,0.00200423,0.0002625,614.599
0,3710946,15,phononTS,0.000516888,0.00195265,0.00234202,-0.000262498,8320.83,0.000382,1,0.0019975,0.00200248,0.0002625,8445.13
0,3714051,10,phononL,0.000570923,-0.005,0.00144961,0.000147581,2280.8,0.000382,1,-0.00199869,0.00200313,0.0002625,3684.47
0,3714242,2,phononTS,0.00057136,-0.00162428,-0.000976562,-0.0002625,38.8554,0.000382,1,-0.00100333,-0.00100195,0.0002625,801.502
0,3715866,8,phononL,0.000434023,-0.00225543,-0.000106433,-0.0002625,670.305,0.000382,1,-0.00299699,-0.00100116,0.0002625,1106.12
0,3715958,6,phononTF,0.0011376,1.74642e-06,2.82359e-06,0.000262498,7678.91,0.00091332,1,-9.67488e-05,4.95582e-06,-0.0002625,7771.23
0,3717483,20,phononTS,0.000447023,-3.09406e-06,0.00199825,0.000262498,18278.2,0.000447023,1,-0.000808752,0.00194961,-0.0002625,18469.2
0,3717651,4,phononTF,0.00161273,-0.00159208,0.00155493,-0.000262498,567.941,0.000764,1,-0.00199783,0.00199683,0.0002625,705.87
0,3719267,12,phononL,0.000793084,-0.00199898,0.00200159,0.000262498,2017.53,0.000476019,1,-0.00248145,0.00221144,-0.0002625,2098.34
0,3720697,8,phononTS,0.000673478,-0.000996946,0.000997287,0.000262498,2028.77,0.000417863,1,-0.000815077,0.00190117,-0.0002625,2243.64
0,3720697,2,phononTS,0.00357997,-0.00090609,0.00145314,-6.18352e-05,1104.64,0.000852325,1,-0.000908627,0.00145038,-0.0002625,1138.98
0,3724241,4,phononTS,0.00165501,-0.00204268,0.00200894,-0.0002625,31.5013,0.000382,1,-0.0020032,0.00200395,0.0002625,863.375
0,3726746,8,phononL,0.000536322,0.0023055,-0.00116435,-0.000262498,3246.99,0.000382,1,0.00200494,-0.00199618,0.0002625,3359.4
0,3727222,10,phononTF,0.000719277,0.000773415,-0.00277519,-0.0002625,4872.43,0.000382,1,0.00099931,-0.00299995,0.0002625,7235.96
0,3731388,2,phononTS,0.000596175,-0.00100143,0.00274088,-0.0002625,310.857,0.000382,1,-0.000997215,0.00300118,0.0002625,612.61
0,3733274,12,phononTF,0.000521203,-0.00100339,0.000998562,0.000262498,638.065,0.000521203,1,-0.00102627,0.00102264,-0.0002625,728.123
0,3737255,6,phononTF,0.000569975,0.00187985,-0.00258461,-0.0002625,476.28,0.000382,1,-0.00299664,-0.00100146,0.0002625,6244.76
0,3740553,5,phononTS,0.0010701,0.00160252,0.00195675,-0.0002625,950.599,0.000382,1,0.0019998,0.00200413,0.0002625,2290.67
0,3740553,11,phononTS,0.000520317,0.00377125,0.00273883,-0.0002625,2290.67,0.000520317,1,0.005,0.00324845,0.000101659,2948.76
0,3740854,3,phononTF,0.00232666,-0.00148198,-0.00235102,-0.0002625,112.647,0.000382,1,-0.00199615,-0.00199836,0.0002625,6848.51
0,3742987,4,phononTS,0.00146567,-0.00105518,0.00103855,-0.000262498,360.622,0.000382,1,-0.00100392,0.000997581,0.0002625,453.984
0,3744343,6,phononTS,0.000699407,0.00193782,0.00261093,-0.0002625,1504.69,0.000382,1,0.00199719,0.00199814,0.0002625,1972.07
0,3744935,4,phononTS,0.000384499,-0.000653677,-2.26953e-05,-0.0002625,578.73,0.000382,1,4.61111e-06,8.37663e-07,0.0002625,1093.34
0,3750437,9,phononTF,0.000680698,-0.00100295,0.00299666,0.000262498,1503.08,0.000680698,1,-0.000705729,0.00328088,-0.0002625,1617.17
0,3755901,8,phononTS,0.000471572,-0.000999279,-0.00155731,-0.0002625,3957.37,0.000382,1,-0.00100018,-0.00100252,0.0002625,4363.53
0,3755901,3,phononTS,0.002194,-0.00121183,0.0012829,0.000262498,465.209,0.000402348,1,-0.00131751,0.00195819,-0.0002625,642.269
0,3756774,6,phononL,0.000486937,0.00199789,0.00200248,0.000262498,2420.51,0.000486937,1,0.00171801,0.00191899,-0.0002625,2488.06
0,3756774,2,phononTF,0.00151893,-0.00148575,0.00163001,0.000262498,237.592,0.000704885,1,-0.00140617,0.00155274,-0.0002625,329.461
0,3757716,2,phononTS,0.00282848,0.000430149,0.00198705,-6.81077e-05,182.082,0.000382,1,-2.39407e-06,0.00200459,0.0002625,786.024
0,3758549,5,phononL,0.000420513,-0.000252102,0.00258852,-0.000262498,996.493,0.000382,1,-3.757e-06,0.00199908,0.0002625,1086.36
0,3763018,3,phononTS,0.000749886,-0.00200361,1.06157e-06,0.0002625,139.057,0.00055171,1,-0.00259695,-0.00158043,-0.0002625,835.716
0,3764321,3,phononTS,0.00117283,-0.000960278,0.00119914,-0.0002625,356.676,0.000382,1,-0.000995657,0.000997903,0.0002625,579.95
0,3764648,12,phononTS,0.000791965,-0.00100222,0.00100124,0.000262499,1554.32,0.000301456,1,0.00168673,-0.00168161,-0.0002625,2235.39
0,3770194,22,phononTF,0.000679387,0.00300333,0.00100183,0.0002625,2216.35,0.000679387,1,0.00321009,0.00131637,-0.0002625,3512.06
0,3770949,3,phononL,0.000536905,-0.00134034,0.00266349,-0.0002625,885.194,0.000382,1,-0.000997855,0.00300496,0.0002625,1397.73
0,3774275,2,phononTS,0.00191154,-0.000116408,0.00205964,-0.0002625,95.612,0.000764,1,4.27464e-06,0.00199627,0.0002625,491.852
0,3775480,2,phononTF,0.00183035,-0.000238698,0.000981623,-0.0002625,12.0472,0.000382,1,-0.00100225,0.00299978,0.0002625,982.555
0,3779170,11,phononTS,0.000477547,-0.00300039,-0.0010039,0.000262498,5349.17,0.000477547,1,-0.0030059,-0.000978044,-0.0002625,5441.19
0,3780066,3,phononTS,0.000522238,-0.00197801,0.00054805,-0.0002625,640.01,0.000382,1,-0.00199768,2.0821e-06,0.0002625,934.767
0,3780066,2,phononL,0.000666943,-0.00195834,0.00109402,0.000262498,640.01,0.000666943,1,-0.00243688,0.00122648,-0.0002625,718.397
0,3781745,3,phononL,0.000805171,-0.00276552,-0.000177201,-0.0002625,176.86,0.000382,1,-0.00199875,-3.4449e-06,0.0002625,1217.57
0,3781783,6,phononTS,0.000724874,0.00105031,-0.00242663,-0.0002625,4098.55,0.000382,1,0.000998634,-0.00300148,0.0002625,5784.88
0,3781874,10,phononTS,0.000671147,-0.000994163,0.00104289,-0.000262498,625.564,0.000382,1,-0.000998841,0.00100435,0.0002625,716.179
0,3785688,4,phononTS,0.00250063,-0.00101136,-0.00366476,2.26951e-05,142.218,0.000382,1,0.00200445,4.22108e-06,0.0002625,2212.18
0,3786805,1,phononTS,0.01,-0.00132254,0.00144499,0.000221186,0,0.003438,1,-0.000999486,0.000995404,0.0002625,194.837
0,3795826,2,phononTS,0.00144895,-0.00100311,0.00184412,-0.000262498,108.79,0.000382,1,-4.42217e-08,0.00200025,0.0002625,338.661
0,3796058,23,phononTF,0.000605246,0.000946958,0.00112751,-0.0002625,8328.66,0.000382,1,0.00100108,0.000999077,0.0002625,8988.68
0,3799742,9,phononL,0.000549613,0.000237594,0.000874929,-0.0002625,3842.23,0.000382,1,0.000995147,0.00100174,0.0002625,4773.4
0,3800424,8,phononTS,0.000978618,-0.00142166,0.000697774,-0.000262498,1083.63,0.000382,1,-0.00200109,0.00200432,0.0002625,1388
0,3803911,17,phononL,0.00100309,-0.00191069,-0.00148653,-0.000262498,1497.63,0.000382,1,-0.00199685,-0.0020029,0.0002625,1577.69
0,3811275,3,phononTF,0.00231345,-0.00100232,0.00100435,0.0002625,482.62,0.00156444,1,-0.00116371,0.000834446,-0.0002625,777.777
0,3812653,1,phononTF,0.01,-0.00102194,0.0010122,0.000239865,0,0.00191,1,-0.00100188,0.00100079,0.0002625,289.079
0,3812653,7,phononTF,0.00154243,-0.00100188,0.00100079,0.000262498,289.079,0.000629734,1,-0.00221474,0.00170053,-0.0002625,557.061
0,3815511,13,phononTF,0.000519514,-0.00100059,-0.00100131,0.0002625,10906.2,0.000519514,1,-0.00147905,-0.000756384,-0.0002625,12407.6
0,3820157,6,phononTS,0.00141064,-0.000978576,0.00109672,-0.000262498,378.433,0.000382,1,-0.00100234,0.00100062,0.0002625,476.449
0,3820333,2,phononTF,0.00193001,-0.00113329,0.00113123,-0.0002625,241.002,0.000382,1,-0.00100238,0.0010035,0.0002625,621.807
0,3823908,10,phononL,0.000770916,0.00360082,1.39719e-05,-0.0002625,5218.46,0.000382,1,0.00199622,6.41312e-08,0.0002625,5679.02
0,3823908,2,phononTS,0.000823562,-0.00136047,0.0015042,0.000262498,18.6366,0.000576781,1,-0.00132018,0.00145795,-0.0002625,107.753
0,3823909,1,phononL,0.01,-0.00119455,0.00158037,-0.00024296,0,0.00311949,1,-0.00124591,0.0015811,-0.0002625,323.59
0,3824289,4,phononTS,0.00304142,-0.005,-0.00298661,-0.000181594,257.974,0.000152533,1,-0.00224035,-0.0034538,-0.0002625,3585.59
0,3825826,9,phononTF,0.00060373,-0.00354696,-0.00153094,-0.0002625,4310.77,0.000382,1,-0.00299804,-0.00100369,0.0002625,5573.97
0,3826576,28,phononTS,0.000420639,-0.000996262,-0.000996184,0.000262498,831.745,0.000420639,1,-0.000675993,-0.000713093,-0.0002625,976.139
0,3826996,5,phononTS,0.00196451,-0.000999428,0.00100204,0.0002625,200.697,0.000590208,1,-0.00146732,0.00125981,-0.0002625,519.067
0,3831422,11,phononTS,0.000384726,0.000958599,-0.000972199,-0.0002625,422.916,0.000382,1,0.00100031,-0.00100452,0.0002625,1386.11
0,3831842,8,phononTS,0.000617732,-0.005,0.00469052,-7.23873e-05,1478.56,0.000252323,1,-0.00320657,0.00340759,-0.0002625,2776.56
0,3831909,10,phononTS,0.000402226,-0.000999797,0.000999646,0.000262499,458.166,0.000402226,1,-0.00497561,-0.00348978,-0.0002625,1498.55
0,3839416,32,phononTS,0.00117809,0.00296773,0.00200674,-0.0002625,7954.84,0.000382,1,0.00199603,0.0020028,0.0002625,8634.68
0,3839779,11,phononTF,0.000833524,0.00200189,-3.31592e-06,0.000262498,17079.1,0.000833524,1,0.00232023,-0.000335204,-0.0002625,17198.5
0,3846200,20,phononTS,0.000610392,-0.0015239,0.00105149,-0.000262498,2216.13,0.000382,1,-0.00100309,0.000999906,0.0002625,2364.57
0,3848407,8,phononTF,0.00112784,-0.000995725,0.00300183,0.0002625,447.588,7.98618e-05,1,-0.00127518,0.00329287,-0.0002625,674.172
0,3853354,4,phononTS,0.00136522,-0.0018497,0.00165351,-0.0002625,151.11,0.000382,1,-0.0019996,0.00199625,0.0002625,421.527
0,3853354,5,phononTS,0.000760215,-0.0019996,0.00199625,0.000262498,421.527,0.000257107,1,-0.0031664,0.00224337,-0.0002625,682.244
0,3853802,2,phononTS,0.000946288,-8.1465e-05,0.0012168,-0.0002625,1738.58,0.000382,1,0.00099805,0.000998327,0.0002625,2699.81
0,3853803,3,phononTF,0.00484562,-0.00141854,0.00152037,0.000186406,39.215,0.000206089,1,-0.00167917,0.00205544,-0.0002625,176.989
0,3853931,10,phononL,0.000557671,0.00163533,-0.00213691,-0.0002625,2199.28,0.000382,1,0.00200095,-0.00199847,0.0002625,2602.58
0,3854256,3,phononTF,0.00239017,-0.00184227,0.00187924,-0.0002625,0.713967,0.000764,1,-0.00200171,0.00200337,0.0002625,389.252
0,3854366,7,phononTS,0.000905565,0.00162051,-0.00123322,-0.0002625,1298.28,0.000764,1,0.000996583,-0.00100435,0.0002625,2294.95
0,3857149,10,phononTS,0.00082313,0.000581705,0.00200451,-0.0002625,5307.27,0.000382,1,-1.10333e-06,0.00200195,0.0002625,6865.06
0,3857488,4,phononTS,0.00229534,0.00106603,0.00194583,-0.0002625,74.9019,0.000382,1,0.00200197,0.00200155,0.0002625,925.24
0,3858818,17,phononTF,0.000476918,-8.71386e-07,0.00200277,0.0002625,3440.85,0.000476918,1,0.000548199,0.00143733,-0.0002625,3764.92
0,3861299,3,phononTF,0.000509055,-0.000148166,0.000148037,-0.0002625,88.3083,0.000382,1,0.00100404,-0.000999511,0.0002625,673.962
0,3862250,6,phononTF,0.000566149,-0.00112946,0.002761,-0.0002625,585.769,0.000382,1,-0.000997666,0.00299859,0.0002625,1106.88
0,3862708,5,phononTF,0.00056097,-0.00101728,-0.00100132,-0.000262498,1307.17,0.000382,1,-0.000999086,-0.000998602,0.0002625,1397.13
0,3866576,20,phononTF,0.000648532,-3.19898e-06,-1.95308e-06,0.0002625,2047.18,0.000648532,1,-0.000151787,9.26519e-05,-0.0002625,4433.05
0,3868319,6,phononTS,0.00369066,-0.001057,0.000731153,-0.000262498,302.255,0.001146,1,-0.00100383,0.00100135,0.0002625,422.457
0,3878336,2,phononTF,0.000739411,0.000198161,0.00221165,-0.0002625,4.51226,0.000382,1,4.21713e-08,0.00200474,0.0002625,434.593
0,3878337,1,phononL,0.01,-0.00134202,0.00144835,-0.000168398,0,0.00351852,1,-0.00141581,0.00144735,-0.0002625,210.051
0,3880153,2,phononTF,0.000583156,-0.0003284,0.00186439,-0.0002625,191.318,0.000382,1,-4.32518e-06,0.00199673,0.0002625,648.504
0,3881367,28,phononTS,0.000404529,-0.00202126,-0.00107623,-0.0002625,5854.21,0.000382,1,-0.0019993,-0.00200422,0.0002625,7475.44
0,3881409,3,phononTS,0.00531646,-0.00115734,0.00126048,8.90731e-05,108.551,0.001146,1,2.83123e-07,-4.62409e-06,0.0002625,408.617
0,3884218,11,phononTS,0.000492536,2.01808e-06,-9.55134e-07,0.000262498,2907.72,0.000492536,1,-2.70574e-05,4.86761e-06,-0.0002625,2997.34
0,3885618,14,phononTF,0.000916793,0.00216527,0.00380702,-0.0002625,7506.08,0.000382,1,0.000995835,0.00100454,0.0002625,9526.5
0,3890303,3,phononTS,0.00149805,-0.000999728,0.0010021,0.0002625,1350.3,0.000759777,1,-0.000986935,0.000963756,-0.0002625,1801.29
0,3891806,2,phononTF,0.00162541,-0.00127152,0.00126609,-0.0002625,57.1735,0.000382,1,-0.0010001,0.000999895,0.0002625,279.086
0,3895457,5,phononTS,0.0020275,-9.33318e-07,-2.82764e-06,0.000262498,1404.23,0.000636309,1,0.00104999,-0.000244676,-0.0002625,1648.7
0,3898997,4,phononTS,0.000642569,-0.00200976,0.000161281,-0.000262498,1182.26,0.000382,1,-0.00200325,3.78157e-07,0.0002625,1287.62
0,3898998,1,phononL,0.01,-0.000955022,0.00129592,-0.000247298,0,0.00120708,1,-0.000946503,0.0012696,-0.0002625,439.07
0,3899966,17,phononTS,0.000500018,-0.0014195,-0.00136107,-0.0002625,4891.71,0.000382,1,-0.0019982,-0.00199655,0.0002625,8038.25
0,3900082,3,phononTS,0.000832173,-0.000976506,0.00106545,-0.000262498,721.652,0.000382,1,-0.00100074,0.00100485,0.0002625,816.736
0,3905380,19,phononTF,0.000647685,-0.000840969,-0.00116315,-0.000262498,4782.51,0.000382,1,-0.000998213,-0.00100395,0.0002625,4880.28
0,3907358,1,phononTS,0.01,-0.00200008,0.0019818,0.000216863,0,0.001528,1,-0.00200407,0.00200348,0.0002625,342.24
0,3911901,11,phononTF,0.000680702,0.000394337,0.000436555,-0.0002625,19528.2,0.000382,1,8.83307e-07,-1.16492e-06,0.0002625,27557.1
0,3911902,3,phononTS,0.00717183,-0.00117569,0.00105268,0.000186607,361.961,0.00106136,1,-0.000690332,0.00108689,-0.0002625,989.906
0,3914939,8,phononTS,0.000384506,0.00202028,-0.000158212,-0.000262498,5521.07,0.000382,1,0.00200287,3.40193e-06,0.0002625,5625.29
0,3915030,8,phononTF,0.000401511,0.00157247,0.00240688,-0.000262498,3723.23,0.000382,1,0.00199617,0.00199843,0.0002625,3858.15
0,3917629,2,phononTF,0.00294362,-0.00191806,0.00197274,-0.0002625,593.257,0.001146,1,-0.0020037,0.00200302,0.0002625,868.621
0,3921132,12,phononTF,0.000469911,-0.000176885,0.00188605,-0.0002625,1858.7,0.000382,1,1.03264e-06,0.00200186,0.0002625,3048.3
0,3922431,4,phononTF,0.000630586,-0.00192033,0.00192188,-0.000262498,149.538,0.000382,1,-0.00200214,0.00200122,0.0002625,241.507
0,3922431,2,phononTF,0.00281932,-0.00136832,0.00151239,0.000262498,54.3319,0.00172592,1,-0.00115362,0.00129019,-0.0002625,158.624
0,3922879,27,phononTS,0.000629164,-0.000436145,-0.00302057,-0.0002625,2412.09,0.000382,1,-2.27051e-06,-0.00199827,0.0002625,3735.01
0,3922880,1,phononTF,0.01,-0.00150202,0.00135656,-0.000174109,0,0.00535225,1,-0.00147817,0.00140259,-0.0002625,575.404
0,3923560,4,phononTS,0.00231804,0.00112233,0.000430181,-0.0002625,90.6197,0.001146,1,0.00199744,4.59267e-07,0.0002625,1005.12
0,3925458,3,phononTF,0.00060389,-0.00149527,0.00168859,-0.0002625,175.56,0.000382,1,-0.00199536,0.00199927,0.0002625,460.14
0,3925949,7,phononTS,0.00053424,0.000295304,0.000932941,-0.0002625,1715.11,0.000382,1,0.000998371,0.00100433,0.0002625,2766.98
0,3927650,15,phononTS,0.000938918,0.000993436,-0.00301678,-0.000262498,3157.72,0.000382,1,0.000995882,-0.00300008,0.0002625,3247.87
0,3932679,13,phononTS,0.000606449,-0.00104245,-0.00096664,-0.000262498,1511.84,0.000382,1,-0.00100439,-0.000997763,0.0002625,1601.27
0,3934798,4,phononTS,0.00211837,-0.00151329,0.00149024,-0.0002625,35.7983,0.000382,1,-0.00100202,0.00100237,0.0002625,312.259
0,3935948,10,phononTS,0.000413413,-0.000973497,-0.00103465,-0.000262498,2924.02,0.000382,1,-0.00100024,-0.00099627,0.0002625,3013.6
0,3937674,4,phononTS,0.00304261,-0.0017305,0.005,-9.87985e-05,76.23,0.000764,1,0.000995797,0.000995831,0.0002625,1858.12
0,3942176,3,phononTF,0.00163349,-0.000310654,0.000293343,-0.0002625,85.9357,0.000382,1,-3.89835e-06,-3.12691e-07,0.0002625,562.943
0,3943082,15,phononTS,0.000609833,0.00200116,0.00200458,0.000262498,4127.1,0.000609833,1,0.000507396,0.0029986,-0.0002625,4484.49
0,3943849,22,phononTS,0.000684593,0.001136,0.000976448,-0.0002625,12539,0.000382,1,0.00099767,0.00100115,0.0002625,12844.7
0,3947636,16,phononTF,0.000644497,0.00116069,-0.00275091,-0.000262499,4913.46,0.000382,1,0.00100121,-0.00300216,0.0002625,5019.58
0,3952316,3,phononTF,0.00181716,-0.00109318,0.00112067,-0.0002625,9.65001,0.000764,1,-0.000997213,0.000998666,0.0002625,386.503
0,3954482,8,phononTF,0.000414649,0.00164921,-0.00234636,-0.0002625,2466.27,0.000382,1,0.00199661,-0.00200374,0.0002625,4607.57
0,3955436,5,phononTS,0.00219849,-0.00303997,0.00286043,-0.0002625,189.308,0.000382,1,-0.0019982,0.00199627,0.0002625,5587.51
0,3955466,15,phononTF,0.000879473,-0.000559744,0.000406545,-0.0002625,528.642,0.000382,1,-0.000995347,0.000996203,0.0002625,2352.94
0,3955725,7,phononTF,0.000475503,0.000274086,-0.000237743,-0.000262498,3063.39,0.000382,1,4.81995e-08,3.6956e-06,0.0002625,3174.06
0,3955762,11,phononTS,0.00163795,-0.00199751,-0.00199722,0.0002625,654.479,0.000527559,1,-0.00158878,-0.00225036,-0.0002625,1516.77
0,3959866,2,phononTF,0.0016031,-0.00173799,0.00176388,-0.000262498,405.468,0.000382,1,-0.00200079,0.00199987,0.0002625,514.779
0,3960276,4,phononTS,0.00208524,-0.00107206,0.00226232,-0.0002625,144.83,0.000764,1,-0.0010048,0.00300224,0.0002625,505.538
0,3960287,5,phononTS,0.000802696,-0.00096436,0.00261617,-0.0002625,212.926,0.000382,1,-0.0010028,0.00299565,0.0002625,871.491
0,3961283,11,phononTS,0.000632584,-0.00201192,0.00230977,-0.000262498,1236.27,0.000382,1,-0.002,0.00199953,0.0002625,1357.22
0,3963875,2,phononTS,0.00154541,-0.00110167,0.000983353,-0.0002625,326.632,0.000764,1,-0.00100488,0.000997554,0.0002625,623.994
0,3963876,1,phononTS,0.01,-0.0010858,0.00123424,-0.000261208,0,0.00390771,1,-0.00108164,0.0012291,-0.0002625,145.349
0,3967169,5,phononL,0.0013111,-0.00145202,0.00154164,-0.0002625,732.669,0.000382,1,1.86428e-06,0.00200334,0.0002625,1171.18
0,3969418,2,phononL,0.000583441,-0.00106531,0.000530235,-0.000262498,808.935,0.000382,1,-0.000997678,0.00100097,0.0002625,885.761
0,3969913,8,phononTF,0.00101387,0.00111705,0.000900225,-0.0002625,1041.1,0.000382,1,0.000996404,0.000995069,0.0002625,1511.69
0,3971252,30,phononTF,0.000574442,-0.00124028,0.0032296,-0.0002625,6362.8,0.000382,1,-0.00100162,0.00299788,0.0002625,7696.71
0,3972572,8,phononTF,0.000617484,0.00160513,-0.00249397,-0.0002625,2160.45,0.000382,1,0.00199728,-0.00199787,0.0002625,5659.09
0,3974653,1,phononL,0.01,-0.00101093,0.00103271,0.000244328,0,0.00191,1,-0.00100232,0.000998424,0.0002625,1162.45
0,3977015,13,phononTS,0.00147821,-0.00203523,-3.66655e-05,-0.000262498,1347.19,0.000382,1,-0.00200384,4.57811e-06,0.0002625,1436.59
0,3977015,14,phononL,0.000390728,-0.00200384,4.57811e-06,0.000262498,1436.59,0.000390728,1,-0.00406615,-5.96649e-05,-0.0002625,1668.19
0,3979370,10,phononTF,0.00280058,-0.00263645,-0.000644189,-0.0002625,412.372,0.000382,1,-0.00300352,-0.000996274,0.0002625,1037.58
0,3979731,6,phononTS,0.000685758,-0.00131338,0.00197128,-0.000262498,285.502,0.000382,1,-0.000996823,0.000998819,0.0002625,515.774
0,3980882,4,phononTF,0.00301178,-0.000997469,0.000997219,0.0002625,42.2257,0.000797258,1,-0.000797067,0.000806774,-0.0002625,346.801
0,3981276,3,phononTF,0.00303905,-0.00325361,-0.00125328,3.55141e-05,63.0722,0.000382,1,-0.00300195,-0.00100103,0.0002625,1334.88
0,3983108,11,phononL,0.000828727,0.00299665,0.00100017,0.000262498,5439.63,0.000682893,1,0.00304579,0.000697681,-0.0002625,5507.71
0,3987054,11,phononTF,0.000651561,0.0016297,0.00161779,-0.0002625,1318.91,0.000382,1,0.00200377,0.00200398,0.0002625,2096.15
0,3987139,3,phononTF,0.00134113,-0.00173817,0.00175066,-0.0002625,32.3935,0.000764,1,-0.0019994,0.00200291,0.0002625,250.885
0,3988167,4,phononTS,0.00134469,0.00104129,-0.00101216,-0.0002625,626.526,0.000764,1,0.00100087,-0.000999645,0.0002625,1717.86
0,3989728,6,phononTS,0.00116558,-0.00127446,0.00106636,-0.0002625,6044.78,0.000382,1,-0.00099961,0.00100375,0.0002625,6591.06
0,3991594,10,phononTF,0.000796052,3.10371e-05,-0.0021919,-0.0002625,1380.41,0.000382,1,1.31897e-06,-0.00199862,0.0002625,2271.38
0,3992252,9,phononTF,0.000449277,0.0023517,-0.00234087,-0.0002625,3873.64,0.000382,1,0.00200381,-0.0020002,0.0002625,4486.45
0,3993551,8,phononTS,0.000570005,-3.59558e-05,0.00205164,-0.000262498,2007.65,0.000382,1,2.15262e-06,0.00200298,0.0002625,2096.77
0,3994365,5,phononTF,0.00196701,-0.000698148,0.00131594,-0.000262498,860.516,0.000382,1,-0.00100481,0.00100243,0.0002625,978.083
0,3995115,18,phononTS,0.000491528,0.000529807,0.000144464,-0.0002625,1221.38,0.000382,1,0.00199563,-0.00200073,0.0002625,2720.18
0,3997879,3,phononTS,0.00293116,-0.00199525,0.00199876,0.000262498,356.863,0.000619249,1,-0.00252289,0.00200346,-0.0002625,507.644
0,4000792,4,phononTF,0.000417418,0.00218973,0.00261606,-0.0002625,1716.72,0.000382,1,0.0029973,0.00100149,0.0002625,3638.13
0,4002919,7,phononTS,0.000512802,0.00231582,0.000997969,-0.0002625,505.111,0.000382,1,0.00199625,-2.28821e-06,0.0002625,2361.88
0,4008744,3,phononTS,0.0017174,-0.00133001,0.00117532,-0.0002625,165.835,0.000764,1,-0.00100164,0.000999016,0.0002625,437.068
0,4008845,13,phononTF,0.00066505,0.00268011,0.00134684,-0.0002625,5871.48,0.000382,1,0.00300099,0.001005,0.0002625,7207.09
0,4010646,17,phononL,0.000589079,0.00195189,6.14412e-05,-0.0002625,5199.55,0.000382,1,0.00200048,-7.01955e-07,0.0002625,5860.74
0,4011249,10,phononTF,0.000774117,0.00280739,0.000955206,-0.000262498,5675.68,0.000382,1,0.00299642,0.00100269,0.0002625,5774.38
0,4018631,33,phononTS,0.00042334,0.000239192,0.0024032,-0.000262498,7845.82,0.000382,1,-0.00100065,0.00300313,0.0002625,8141.78
0,4020543,8,phononTS,0.00106305,-0.00122934,0.00147828,-0.000262498,201.135,0.000382,1,-0.0009991,0.000998359,0.0002625,359.536
0,4023302,3,phononTS,0.000432793,-0.000959765,0.000952137,-0.000262498,489.183,0.000382,1,-0.00099701,0.000997265,0.0002625,582.35
0,4027493,4,phononTS,0.00238106,-0.00103863,0.00296378,-0.0002625,1235.71,0.000764,1,-0.0010029,0.00299504,0.0002625,1415.32
0,4031213,12,phononTS,0.00191885,-0.00215282,0.000495012,-0.0002625,548.183,0.000764,1,-0.00199645,4.2914e-06,0.0002625,1886
0,4036371,9,phononTS,0.000747075,-0.000996527,0.000996663,0.000262498,333.261,0.000193209,1,-0.000320201,0.000801456,-0.0002625,515.77
0,4037641,12,phononTS,0.00233298,-0.000962564,0.00105064,-0.000262498,2270.34,0.000764,1,-0.000996075,0.00100073,0.0002625,2359.59
0,4038087,3,phononL,0.00751261,-0.00201209,0.00194092,-0.000215311,247.692,0.00296158,1,-0.00204482,0.00192228,-0.0002625,1170.91
0,4049783,11,phononTS,0.000408478,0.00254845,-0.00356626,-0.0002625,6127.46,0.000382,1,0.000999275,-0.00300176,0.0002625,8446.82
0,4050377,2,phononTF,0.00264244,-0.000333806,0.000377754,-0.0002625,66.2231,0.000382,1,-2.78542e-06,1.02504e-06,0.0002625,570.534
0,4051861,13,phononTF,0.000475107,-0.000217416,-0.0002299,-0.0002625,612.121,0.000382,1,-2.22287e-07,-1.6745e-06,0.0002625,926.39
0,4053015,13,phononTF,0.000899207,0.000353569,-0.0016637,-0.0002625,3353.94,0.000382,1,0.000997788,-0.00100125,0.0002625,3902.03
0,4053886,19,phononTS,0.000506151,4.12971e-05,0.00215184,-0.000262499,4246.93,0.000382,1,-2.74518e-06,0.00199947,0.0002625,4349.99
0,4057744,21,phononTS,0.00060119,0.000247752,0.000687042,-0.0002625,6476.38,0.000382,1,0.00100199,-0.00100238,0.0002625,7773.86
0,4058855,11,phononTS,0.000428451,-0.00104404,0.00292914,-0.000262498,4517.47,0.000382,1,-0.000996446,0.00299923,0.0002625,4613.11
0,4061229,22,phononL,0.000911106,0.00126899,-0.005,-0.00019381,1538.68,0.000382,1,0.00199842,-0.00199631,0.0002625,2326.75
0,4061603,3,phononL,0.00756016,-0.00109304,0.000960648,0.000196465,512.681,0.002292,1,-0.00100115,0.000996018,0.0002625,525.599
0,4061603,5,phononTF,0.00128483,-0.00100115,0.000996018,0.000262498,525.599,0.000841077,1,-0.000737175,0.000720802,-0.0002625,636.635
0,4061999,18,phononTS,0.00106248,0.000131965,-5.28593e-05,-0.0002625,4505.3,0.000382,1,3.64226e-06,4.66449e-08,0.0002625,5877.33
0,4062691,7,phononTS,0.000793329,0.0034841,0.00289973,-0.0002625,93.3188,0.000382,1,0.00199805,0.00200169,0.0002625,2850.61
0,4063828,7,phononTF,0.00059521,-0.000335396,0.00165468,-0.0002625,705.169,0.000382,1,-0.00100449,0.000997222,0.0002625,1259
0,4064664,2,phononTS,0.00267531,-0.00108336,0.000697778,-0.000262498,467.203,0.000382,1,-0.00200335,3.71393e-06,0.0002625,727.012
0,4070033,2,phononTS,0.000700631,-0.00224773,0.00145179,-0.0002625,122.726,0.000382,1,-0.000995279,0.00100231,0.0002625,6149.04
0,4070517,7,phononTF,0.000528795,-0.00114302,0.00114856,-0.0002625,210.757,0.000382,1,-0.00100093,0.00100331,0.0002625,494.229
0,4071836,8,phononTS,0.0011492,0.00248914,0.00202767,-0.0002625,8765.14,0.000764,1,0.00199568,0.00199719,0.0002625,12743.5
0,4073558,4,phononTF,0.00100169,-0.00033967,0.000369346,-0.0002625,15.1978,0.000382,1,2.68355e-06,-4.22242e-06,0.0002625,519.963
0,4074812,3,phononTS,0.00298637,-0.00138273,0.00146239,0.000226889,30.9288,0.001146,1,-0.000998325,0.0010024,0.0002625,573.987
0,4084984,18,phononTS,0.000661255,0.00211426,9.20825e-05,-0.0002625,2351.27,0.000382,1,0.00200248,2.29873e-06,0.0002625,4015.32
0,4085550,8,phononTS,0.00106509,-0.0026272,-0.00196083,-0.0002625,963.155,0.000764,1,-0.00200382,-0.00200193,0.0002625,3893.17
0,4086967,11,phononTF,0.000537503,-0.005,-0.00135067,5.00119e-06,9262.28,0.000382,1,0.00100326,-0.000995264,0.0002625,18116.2
0,4087583,3,phononTF,0.00197674,-0.000336955,0.000352219,-0.0002625,42.5322,0.000382,1,-4.05625e-06,4.66689e-06,0.0002625,529.849
0,4087658,21,phononTF,0.000433732,-0.000175501,0.00177934,-0.000262499,9493.43,0.000382,1,-2.10188e-06,0.00200012,0.0002625,9596.78
0,4088810,1,phononTF,0.01,-0.000998103,0.000996115,0.000261525,0,0.000764,1,-0.000997661,0.000995686,0.0002625,246.544
0,4089460,5,phononTS,0.00131379,3.39618e-05,0.000342731,-0.0002625,5063.83,0.000382,1,-1.87367e-07,-4.06144e-06,0.0002625,5690.59
0,4089460,6,phononTF,0.000762132,0.00083517,-0.000835449,-0.0002625,5690.59,0.000382,1,0.000998409,-0.00100046,0.0002625,6137.28
0,4089460,2,phononTS,0.00217574,-0.00129616,0.00157846,0.000262498,153.374,0.00139046,1,-0.00125219,0.00148882,-0.0002625,250.721
0,4091707,4,phononTS,0.000689027,-0.00111649,0.000957825,-0.0002625,311.475,0.000382,1,-0.000997194,0.000998508,0.0002625,1404.25
0,4098013,2,phononTF,0.000642381,-0.00233841,0.00234398,-0.0002625,135.53,0.000382,1,-0.00199718,0.00200351,0.0002625,633.406
0,4104498,4,phononTS,0.00124925,-0.00014986,0.00209405,-0.0002625,540.93,0.000382,1,3.08629e-06,0.0019964,0.0002625,5731.7
0,4108135,4,phononTS,0.00269954,-0.00320828,-0.00104154,-0.0002625,9.92124,0.000764,1,-0.00299722,-0.00100175,0.0002625,3285.18
0,4108135,6,phononTF,0.000430801,-0.00299722,-0.00100175,0.000262498,3285.18,0.000430801,1,-0.00328774,-0.00129961,-0.0002625,3399.84
0,4110699,11,phononTS,0.000722032,-0.00134404,0.002046,-0.000262498,976.456,0.000382,1,-0.00199649,0.00200397,0.0002625,1142.72
0,4110699,3,phononTF,0.00129085,-0.00145551,0.00175253,0.000262498,296.791,5.09334e-05,1,-0.00104497,0.00142587,-0.0002625,427.05
0,4113334,15,phononTF,0.00264553,-0.00118877,0.000945138,-0.000262498,937.951,0.000382,1,-0.00100068,0.000999926,0.0002625,1036.61
0,4114309,11,phononTS,0.000684716,-0.00201871,-9.49257e-05,-0.000262498,1874.9,0.000382,1,-0.00200171,-1.81447e-06,0.0002625,1975.33
0,4114757,4,phononL,0.00050677,-0.00119386,0.00125637,-0.0002625,379.317,0.000382,1,-0.000995914,0.000998773,0.0002625,517.313
0,4114757,3,phononL,0.00220495,-0.0013918,0.00151397,0.000262498,379.317,0.00105845,1,-0.0020245,0.000705236,-0.0002625,509.559
0,4116817,2,phononTS,0.00146702,3.08385e-05,0.000500383,-0.0002625,1417.16,0.000382,1,-4.98866e-06,4.76848e-06,0.0002625,3561.08
0,4118375,15,phononTF,0.000418829,-0.0019983,-0.00200307,0.000262498,8220.82,0.000418829,1,-0.00259989,-0.00149165,-0.0002625,8386.24
0,4119692,10,phononTF,0.000538217,0.00364805,0.00328866,-0.0002625,7844.6,0.000382,1,0.00199824,0.00200169,0.0002625,8864.79
0,4120031,19,phononTS,0.00102549,0.0029584,-0.000378096,-0.0002625,9629.64,0.000382,1,0.00200351,-0.00199587,0.0002625,12711.5
0,4121912,5,phononTS,0.00142461,-0.00135046,5.73115e-05,-0.0002625,741.999,0.000382,1,-0.00199689,1.80975e-06,0.0002625,1241.34
0,4122454,19,phononTS,0.000390147,0.00197412,-0.0019479,-0.0002625,4894.72,0.000382,1,0.00199882,-0.00200259,0.0002625,6023.81
0,4127045,11,phononTF,0.00130001,-0.00189589,0.0019244,-0.0002625,128.056,0.000382,1,-0.00200488,0.00200077,0.0002625,407.787
0,4128498,7,phononTS,0.000522221,-0.00118569,0.000596423,-0.000262498,2963.11,0.000382,1,-0.0019977,5.40736e-07,0.0002625,3198.66
0,4131477,14,phononTS,0.000783455,-0.00101475,-0.0016022,-0.0002625,3287.62,0.000382,1,-0.00100404,-0.00100161,0.0002625,3839.34
0,4134402,8,phononTF,0.000503879,-0.00116486,0.000840034,-0.0002625,2249.13,0.000382,1,-0.000999982,0.00100263,0.0002625,2580.13
0,4141965,4,phononTS,0.00197733,-0.00103941,0.00263185,-0.0002625,694.654,0.000382,1,-0.00100382,0.00300493,0.0002625,1170.67
0,4141965,13,phononTS,0.000498352,-0.00100382,0.00300493,0.000262498,1170.67,0.000498352,1,-0.00050202,0.00350556,-0.0002625,1358.18
0,4142196,1,phononTF,0.01,-0.00101194,0.00101894,0.000198707,0,0.00191,1,-0.000996627,0.00100061,0.0002625,368.584
0,4144132,7,phononTF,0.000768572,-0.00185716,0.00185691,-0.0002625,489.054,0.000382,1,-0.00199896,0.00200071,0.0002625,1163.53
0,4144627,4,phononTS,0.000777553,-0.0010398,0.00104764,-0.0002625,129.565,0.000382,1,-0.0010013,0.000999215,0.0002625,575.164
0,4144627,2,phononTS,0.000403097,-0.00145025,0.00150759,0.000262498,19.1484,0.000403097,1,-0.00107077,0.00175811,-0.0002625,167.052
0,4150980,3,phononTF,0.000883652,-0.0010961,0.00110165,-0.0002625,544.909,0.000382,1,-0.000997862,0.000998268,0.0002625,824.274
0,4151264,10,phononTF,0.000549343,-0.000105034,0.000464633,-0.0002625,3687.88,0.000382,1,-4.62269e-08,0.00199922,0.0002625,6477.73
0,4152067,25,phononTS,0.00047613,-0.0020302,0.00195016,-0.0002625,10517.7,0.000382,1,-0.00200018,0.00200358,0.0002625,10785.6
0,4152907,12,phononTS,0.000617927,-3.08259e-05,-5.48979e-05,-0.0002625,6067.94,0.000382,1,1.5135e-06,-4.2062e-06,0.0002625,6573.49
0,4153876,5,phononTS,0.000613739,-0.000948322,0.00306697,-0.000262498,1068.62,0.000382,1,-0.000999979,0.00300398,0.0002625,1163.6
0,4154083,4,phononTS,0.00307551,-0.00108085,0.00206759,-0.0002625,9.43367,0.000764,1,-0.00100269,0.00100238,0.0002625,424.976
0,4154811,2,phononTS,0.00235752,-0.00102754,0.00187182,-0.0002625,236.206,0.001146,1,-0.00200224,0.00199709,0.0002625,1226.98
0,4157675,2,phononTS,0.000499726,-0.00180624,0.000704154,-0.0002625,479.715,0.000382,1,-0.00200042,3.20509e-06,0.0002625,1269.42
0,4159663,5,phononTS,0.00111621,-4.96682e-05,0.00196621,-0.000262498,1822.4,0.000382,1,2.81537e-06,0.00199671,0.0002625,1911.7
0,4160439,11,phononTS,0.000735688,0.0020049,-0.00199657,0.0002625,4089.41,0.000735688,1,0.00268736,-0.00241634,-0.0002625,4892.8
0,4160963,2,phononL,0.000874371,-0.00184798,0.00149965,-0.0002625,396.782,0.000382,1,-0.00200081,0.00200433,0.0002625,684.004
0,4163302,10,phononTS,0.000578639,0.0016079,0.00212439,-0.0002625,1667.64,0.000382,1,0.00199559,0.00200326,0.0002625,3094.28
0,4163302,2,phononL,0.00197006,-0.00141972,0.00163604,0.000262498,36.9711,0.000769771,1,0.000743736,-0.00307333,-0.0002625,636.496
0,4163621,7,phononTF,0.00105739,0.00204522,-0.00172488,-0.0002625,216.179,0.000382,1,0.00200035,-0.00200281,0.0002625,3704.43
0,4165961,8,phononTS,0.000474304,-0.00104657,0.00104628,-0.0002625,391.319,0.000382,1,-0.000995943,0.00100202,0.0002625,859.264
0,4169392,1,phononTS,0.01,-0.00102651,0.00109831,0.000214473,0,0.001146,1,-0.000995592,0.000997844,0.0002625,1028.98
0,4169848,4,phononTF,0.00304513,-0.00199971,0.00200453,0.000262498,1010.89,0.000277049,1,-0.000950857,0.00228596,-0.0002625,1239.06
0,4174219,3,phononL,0.00245319,-0.000479414,0.000266803,-0.0002625,21.0721,0.001528,1,-0.001003,0.000995684,0.0002625,1488.08
0,4174322,9,phononTF,0.000387941,-0.00180649,0.000203651,-0.000262498,4700.94,0.000382,1,-0.00199786,4.45567e-06,0.0002625,4802.48
0,4174322,2,phononTF,0.0049983,-0.00180992,-0.000863974,-0.000243007,1137.66,0.00254068,1,-0.00175793,-0.000833529,-0.0002625,1514.14
0,4174885,4,phononTF,0.0019112,0.000291167,0.00227955,-0.0002625,1023.42,0.000382,1,-8.3501e-07,0.00200055,0.0002625,1575.6
0,4177250,9,phononTS,0.000722875,-3.07226e-05,0.000182339,-0.0002625,1978.3,0.000382,1,1.14352e-06,3.60211e-06,0.0002625,2296.66
0,4182480,4,phononL,0.00123612,-0.00107763,-0.00039031,-0.0002625,18.3678,0.000382,1,-0.00100412,-0.00100131,0.0002625,365.605
0,4183084,11,phononL,0.000666707,-0.000393513,-0.000104543,-0.0002625,1287.53,0.000382,1,-2.86814e-06,-3.36875e-06,0.0002625,1505.55
0,4187239,18,phononTS,0.0011979,-0.00180785,0.000959989,-0.000262498,1348.81,0.000382,1,-0.0010041,0.000996638,0.0002625,1543.01
0,4188777,11,phononTF,0.000460929,-0.00200461,0.002004,0.000262498,664.386,0.000460929,1,-0.00244601,0.00156268,-0.0002625,804.323
0,4189260,4,phononTF,0.00124905,-0.000685693,0.000747498,-0.0002625,5.85039,0.000382,1,4.65178e-06,-1.77757e-06,0.0002625,401.849
0,4191651,9,phononTF,0.000961424,-0.00221236,0.00219962,-0.0002625,278.782,0.000382,1,-0.00200261,0.00200017,0.0002625,726.398
0,4193419,22,phononTF,0.000505318,-0.00306095,-0.000716858,-0.000262498,15768.2,0.000382,1,-0.00299948,-0.000995405,0.0002625,15876.3
0,4194406,14,phononTF,0.000383904,-0.0020028,-0.00200217,0.000262498,5043.61,0.000383904,1,-0.00203695,-0.00196661,-0.0002625,5133.89
0,4197947,6,phononTF,0.0004328,-0.00120472,0.00319561,-0.000262498,934.824,0.000382,1,-0.00100381,0.00299534,0.0002625,1037.15
0,4202361,10,phononL,0.00103584,0.000397758,-0.000288334,-0.0002625,2290.87,0.000382,1,0.00199843,4.14361e-06,0.0002625,3604.71
0,4208818,16,phononTS,0.000669094,-0.000660466,0.00204093,-0.0002625,616.743,0.000382,1,-4.68174e-06,0.00200357,0.0002625,948.137
0,4210010,7,phononTS,0.000495961,-0.000788166,0.00205454,-0.000262499,4023.76,0.000382,1,-1.1145e-06,0.00199504,0.0002625,4211.54
0,4210892,6,phononTS,0.000617948,0.0010001,-0.000997225,0.0002625,2920.42,0.000617948,1,0.000926504,-0.000956818,-0.0002625,3112.71
0,4213108,13,phononTF,0.000651318,0.00130304,0.005,0.00015529,386.161,0.000651318,1,0.00198273,0.00429712,-0.0002625,4861.92
0,4218426,15,phononTS,0.000654293,-0.002021,0.00134121,-0.000262498,420.501,0.000382,1,-0.00100473,0.0029954,0.0002625,806.684
0,4219093,8,phononL,0.000968364,-0.000460297,0.00384654,-0.000262498,2312.13,0.000382,1,9.38025e-07,0.00200028,0.0002625,2530.78
0,4220137,2,phononTS,0.00138688,0.00188311,0.00122189,-0.0002625,455.598,0.000382,1,0.0030015,0.00100481,0.0002625,1460.79
0,4221410,10,phononL,0.000642799,-0.00114873,0.00151297,-0.0002625,2026.62,0.000382,1,-0.000998395,0.000999904,0.0002625,2260.23
0,4221665,16,phononTS,0.000605891,-0.000978787,-0.000979936,-0.000262498,3444.47,0.000382,1,-0.00100356,-0.00100138,0.0002625,3534.16
0,4222686,2,phononTS,0.00277418,-0.00129134,0.00215921,-0.0002625,35.7877,0.000382,1,0.00100275,0.00100283,0.0002625,710.306
0,4225436,6,phononTS,0.000512239,-0.00175648,-0.00168094,-0.0002625,334.569,0.000382,1,-0.00199709,-0.00200347,0.0002625,1286.02
0,4225448,8,phononL,0.000517717,-0.00151745,0.00166503,-0.000262498,454.659,0.000382,1,-0.000998492,0.000996183,0.0002625,565.731
0,4228343,3,phononTS,0.000741292,-0.00104256,0.00105337,-0.0002625,379.355,0.000382,1,-0.00100496,0.00099995,0.0002625,758.083
0,4230652,10,phononTS,0.000393695,0.000133262,-0.000886583,-0.0002625,1433.47,0.000382,1,-3.56422e-06,4.30683e-06,0.0002625,2041.9
0,4232572,7,phononTS,0.000682281,0.00261718,-0.00489319,-0.0002625,674.486,0.000382,1,-0.00200227,3.36831e-06,0.0002625,3328.77
0,4238362,15,phononTS,0.000416502,-0.000736322,0.000560789,-0.0002625,5118.31,0.000382,1,-1.75736e-06,-4.26531e-06,0.0002625,6423.15
0,4241407,4,phononTS,0.00101037,-0.00203751,0.00193322,-0.0002625,411.093,0.000382,1,-0.00200235,0.00200466,0.0002625,974.591
0,4243254,2,phononTF,0.00223439,-0.00126161,0.00125095,-0.0002625,208.679,0.000382,1,-0.000997539,0.000997592,0.0002625,427.686
0,4245221,4,phononTF,0.00224357,-0.00139713,0.00141867,-0.0002625,296.425,0.000382,1,-0.00199738,0.00200308,0.0002625,568.12
0,4245221,5,phononTF,0.00147195,-0.00199738,0.00200308,0.000262498,568.12,0.00147195,1,-0.00272392,0.00283998,-0.0002625,781.117
0,4246311,11,phononTS,0.000435043,0.00198652,1.97684e-05,-0.0002625,3066.41,0.000382,1,0.00200199,4.78659e-06,0.0002625,5406.33
0,4247583,20,phononTS,0.000477054,0.00279196,0.0006924,-0.0002625,5933.69,0.000382,1,0.0029961,0.000999643,0.0002625,7386.71
0,4247622,11,phononTS,0.000686888,-0.000977824,0.00254474,-0.0002625,762.673,0.000382,1,-0.00100045,0.00300093,0.0002625,2180.16
0,4252058,10,phononTS,0.000542633,-0.00191169,0.00140769,-0.000262498,452.409,0.000382,1,-0.00100367,0.00300326,0.0002625,827.798
0,4254463,7,phononL,0.000922086,0.00163588,-0.00352199,-0.0002625,1187.36,0.000382,1,0.000999688,-0.00300373,0.0002625,2294.92
0,4254499,6,phononTF,0.000423815,-0.00277872,0.00172887,-0.000262498,1308.98,0.000382,1,-0.000996209,-0.000999495,0.0002625,1884.32
0,4258607,6,phononTF,0.000897827,-0.0028673,-0.00106967,-0.0002625,5695.42,0.000382,1,-0.00299809,-0.00100181,0.0002625,6666.65
0,4262954,9,phononTF,0.000489837,0.000674165,0.000657924,-0.000262498,1948.24,0.000382,1,0.00100081,0.00100402,0.0002625,2070.42
0,4269266,13,phononTS,0.0011798,0.00299794,0.000999099,0.0002625,1273.99,0.00047219,1,0.00329143,0.000286063,-0.0002625,4464.88
0,4271781,4,phononTF,0.00199355,-0.00121331,0.00131712,-0.0002625,56.9147,0.000764,1,-0.000996436,0.000997897,0.0002625,287.274
0,4272851,3,phononTF,0.0017414,-0.000316624,0.000373017,-0.0002625,27.109,0.000382,1,4.75478e-08,3.10789e-06,0.0002625,974.924
0,4272851,14,phononTS,0.00124082,4.75478e-08,3.10789e-06,0.000262498,974.924,0.000702327,1,0.000207161,-1.44057e-05,-0.0002625,1084.57
0,4273436,5,phononTF,0.000864903,-0.00178106,0.00222035,-0.000262498,1124.97,0.000382,1,-0.00200228,0.00199987,0.0002625,1229.74
0,4277368,8,phononTS,0.000706702,-0.00226443,-0.000909076,-0.0002625,1036.19,0.000382,1,-0.00299635,-0.00100331,0.0002625,1942.26
0,4278154,6,phononTF,0.000469091,0.000633682,-0.000624182,-0.0002625,753.135,0.000382,1,0.00100056,-0.00099997,0.0002625,7031.56
0,4280022,13,phononL,0.00106058,-0.00200127,7.50033e-07,0.0002625,5517.43,0.00106058,1,-0.00171419,-0.000312537,-0.0002625,6701.93
0,4280484,22,phononL,0.000842475,-0.00267905,0.00316368,-0.000262498,1017.33,0.000382,1,-0.00200418,0.00200187,0.0002625,1181.11
0,4283325,5,phononL,0.00196282,0.000184431,0.00139411,-0.0002625,287.345,0.000382,1,0.000995117,0.00099828,0.0002625,812.895
0,4283325,6,phononTS,0.00147668,0.000995117,0.00099828,0.000262498,812.895,0.00134833,1,-0.000675844,0.00222133,-0.0002625,1215.04
0,4285390,6,phononTS,0.000856359,-0.000951984,0.00144704,-0.000262498,389.946,0.000382,1,-0.000999412,0.000997514,0.0002625,528.604
0,4285685,18,phononTF,0.00105809,-0.00200396,-8.67989e-07,0.000262498,9922.39,0.000448369,1,-0.0015709,0.000475111,-0.0002625,10066.2
0,4287095,16,phononTS,0.000781986,-0.00102146,0.00105891,-0.000262498,933.65,0.000382,1,-0.00100223,0.00100404,0.0002625,1023.36
0,4287950,3,phononL,0.00265928,-0.0023159,0.000361865,-0.0002625,659.187,0.000764,1,-0.00199899,-1.58567e-06,0.0002625,1203.35
0,4288785,29,phononTS,0.00060769,-0.00189565,0.00436042,-0.0002625,12411.3,0.000382,1,-0.00100356,0.00300343,0.0002625,13544.6
0,4290296,4,phononTF,0.000865581,-0.00154429,0.00154772,-0.000262498,335.306,0.000382,1,-0.00199873,0.00199571,0.0002625,476.905
0,4291044,5,phononTS,0.000437903,-0.00195833,0.00197425,-0.0002625,738.69,0.000382,1,-0.00199555,0.00200473,0.0002625,1882.26
0,4291944,14,phononTS,0.000800251,-0.00491508,-0.00426046,-0.000262498,4915.59,0.000382,1,-0.00200306,-0.00200134,0.0002625,5601.2
0,4292451,5,phononTS,0.00183682,-0.00196007,0.00196359,-0.0002625,536.312,0.000382,1,-0.00199734,0.00200141,0.0002625,2855.66
0,4293095,11,phononTS,0.00110283,-0.000104426,-0.00274625,-0.0002625,4335.03,0.000382,1,0.000995485,-0.00299786,0.0002625,5085.61
0,4295159,2,phononTS,0.00113438,-0.00114485,0.005,-0.000237308,18.1007,0.000382,1,0.00200382,0.00199515,0.0002625,1536.54
0,4299011,3,phononTF,0.00139007,0.000173427,0.00177353,-0.0002625,84.3936,0.000764,1,0.00199706,0.00200424,0.0002625,793.199
0,4299035,16,phononL,0.000420477,0.00100457,0.000997035,0.000262498,4700.91,0.000420477,1,0.000683861,0.00149616,-0.0002625,4787.5
0,4299395,13,phononTF,0.00160849,-0.00119461,0.00120802,-0.000262498,1998.06,0.000382,1,-0.000995344,0.00100079,0.0002625,2100.5
0,4299503,12,phononTS,0.000936895,-0.00205035,0.00197335,-0.000262498,2015.07,0.000382,1,-0.0019963,0.00199709,0.0002625,2107.19
0,4301306,15,phononTS,0.000720258,-0.000892952,-7.22458e-05,-0.0002625,6065.46,0.000382,1,2.28157e-06,3.95095e-06,0.0002625,6693.06
0,4304802,4,phononL,0.000403372,-0.00112818,0.00370747,-0.0002625,356.501,0.000382,1,-0.00100034,0.00299626,0.0002625,922.203
0,4308884,16,phononTF,0.000602235,-0.00215411,-0.00183972,-0.000262498,4952.83,0.000382,1,-0.0020005,-0.00199956,0.0002625,5050.37
0,4310679,15,phononTF,0.000502668,0.000285635,0.0002871,-0.000262498,5627.41,0.000382,1,3.2057e-07,-4.56094e-06,0.0002625,5741.22
0,4311313,3,phononTS,0.00113441,0.000925739,-0.00276716,-0.0002625,152.788,0.000382,1,-0.00200151,-0.00200079,0.0002625,4195.24
0,4311313,9,phononTS,0.000463329,-0.00200151,-0.00200079,0.000262498,4195.24,0.000463329,1,-0.00197621,-0.00194614,-0.0002625,4284.7
0,4311942,6,phononTS,0.000992769,0.00195605,-0.00247604,-0.0002625,2639.07,0.000382,1,0.00200329,-0.00200292,0.0002625,3797.78
0,4311942,7,phononTS,0.000485996,0.00200329,-0.00200292,0.000262498,3797.78,0.000485996,1,0.00244352,-0.0019709,-0.0002625,3935.34
0,4312400,10,phononTS,0.0004644,-0.000827034,0.000591055,-0.0002625,8450.86,0.000382,1,-0.00200483,-4.14343e-06,0.0002625,8918.04
0,4313271,20,phononTF,0.00110478,-0.00099881,0.00100011,0.000262498,790.647,0.000620925,1,-0.00104252,0.000788201,-0.0002625,891.431
0,4316652,7,phononTS,0.000512615,-0.00300299,-0.000997575,0.0002625,1870.45,0.000512615,1,-0.00297697,-0.00100392,-0.0002625,2049.93
0,4323359,5,phononTF,0.000987294,0.000733742,-0.000727731,-0.0002625,188.835,0.000382,1,0.000995059,-0.000999727,0.0002625,963.142
0,4323825,21,phononTF,0.00042342,0.00143216,-0.00258766,-0.000262499,4906.69,0.000382,1,0.00100165,-0.00300257,0.0002625,5042.81
0,4324395,3,phononL,0.00288548,0.00147717,-0.00146743,-0.0002625,273.031,0.000764,1,0.00200002,-0.00199915,0.0002625,950.679
0,4337425,6,phononTS,0.00127107,-0.00114685,0.00118753,-0.0002625,107.274,0.000382,1,-0.00100182,0.00100353,0.0002625,460.681
0,4337930,4,phononL,0.00233332,0.000332678,0.000395261,-0.0002625,1257.37,0.000382,1,1.90508e-06,4.32608e-06,0.0002625,1976.7
0,4339629,7,phononTS,0.00160663,-0.00276609,0.000156463,-0.0002625,1897.98,0.000382,1,-0.00199919,1.23376e-06,0.0002625,2912.71
0,4341100,3,phononTF,0.00220955,-7.84922e-07,-4.41852e-06,0.0002625,111.187,0.000651929,1,0.000280758,-0.000279717,-0.0002625,897.519
0,4345087,2,phononTS,0.00188296,-0.00106468,0.00421017,-0.0002625,325.471,0.000764,1,2.4335e-06,0.00199815,0.0002625,1738.6
0,4346041,15,phononTS,0.00109742,7.18091e-07,-3.02784e-06,0.000262498,1391.59,0.000392876,1,-9.65955e-05,-0.000681613,-0.0002625,1560.41
0,4348290,4,phononTF,0.00203891,2.19817e-06,0.00199864,0.0002625,10.4945,0.000577889,1,0.00023121,0.00209023,-0.0002625,730.327
0,4349331,28,phononTS,0.000462466,-0.00299035,0.00290847,-0.0002625,3041.24,0.000382,1,-0.00199761,0.00200145,0.0002625,3918.95
0,4352822,3,phononTS,0.0027592,-0.00147376,0.00214152,-0.0002625,434.712,0.001146,1,-0.00100019,0.00300179,0.0002625,1302.62
0,4356075,22,phononTF,0.000900732,-0.000836946,-0.00123813,-0.0002625,362.934,0.000382,1,-3.70185e-06,-0.00199501,0.0002625,1807.06
0,4358188,10,phononTS,0.000600408,0.00099828,-0.00300135,0.0002625,7861.16,0.000600408,1,0.00103122,-0.00303895,-0.0002625,8055.68
0,4360937,4,phononTS,0.00124463,-0.00141299,0.00202696,-0.0002625,275.188,0.000382,1,4.8127e-06,3.7025e-06,0.0002625,1043.48
0,4364014,4,phononTF,0.000476864,-0.000709578,0.00127576,-0.000262498,849.813,0.000382,1,-0.00100318,0.000995367,0.0002625,963.345
0,4369724,12,phononTF,0.000882596,-0.00108558,0.00108056,-0.000262498,1139.88,0.000382,1,-0.00100264,0.00100093,0.0002625,1231.88
0,4370303,10,phononTF,0.000612207,0.000702705,0.0012813,-0.0002625,2623.28,0.000382,1,0.00100011,0.00099513,0.0002625,3213.56
0,4370303,3,phononTS,0.00118725,-0.00151419,0.00143695,0.000262498,81.2276,0.00118725,1,-0.00151679,0.0014206,-0.0002625,173.236
0,4379625,4,phononTS,0.00141317,-0.00197133,0.00187919,-0.0002625,342.65,0.000382,1,-0.00200298,0.00199961,0.0002625,945.447
0,4383634,6,phononTS,0.00123662,-0.00200621,0.00140719,-0.000262498,608.328,0.000382,1,-0.00200348,0.00200058,0.0002625,768.597
0,4401952,10,phononTS,0.00102055,-0.00300459,-0.000497534,-0.000262498,1823.08,0.000764,1,-0.00299783,-0.0010015,0.0002625,1969.44
0,4404031,9,phononTF,0.000539326,0.00200247,0.00199795,0.0002625,8015.73,0.000539326,1,0.00167465,0.00233985,-0.0002625,9081.23
0,4410085,10,phononTS,0.000926081,-0.000721013,0.00227183,-0.000262498,826.494,0.000382,1,-0.00100446,0.00299566,0.0002625,1021.99
0,4410754,4,phononTF,0.0012992,-0.00166927,-0.000477257,-0.0002625,1775.47,0.000764,1,0.000995488,-0.000997365,0.0002625,9305.63
0,4413059,10,phononTS,0.000491053,-0.00177225,0.00350187,-0.0002625,848.104,0.000382,1,-0.00100444,0.00299823,0.0002625,2080.96
0,4418546,5,phononTS,0.000964623,2.82507e-05,-0.00113265,-0.0002625,648.486,0.000382,1,-2.79002e-06,-0.00200077,0.0002625,1654.39
0,4422192,9,phononTF,0.00189725,-0.000744198,0.00325777,-2.55716e-05,773.712,0.000764,1,-0.00100011,0.00299937,0.0002625,1266.73
0,4422192,10,phononTS,0.000641243,-0.00100011,0.00299937,0.000262498,1266.73,0.000641243,1,-0.000930706,0.00295998,-0.0002625,1362.59
0,4422963,11,phononTS,0.000638168,-0.00262603,-0.00211282,-0.0002625,4425.12,0.000382,1,-0.000995962,-0.00100252,0.0002625,6329.33
0,4424776,10,phononTS,0.00156158,-0.00103976,0.00283057,-0.000262498,732.877,0.000382,1,-0.000998333,0.0030048,0.0002625,838.175
0,4427874,6,phononTS,0.000603594,-0.000120922,-0.00201416,-0.0002625,549.721,0.000382,1,-2.94195e-06,-0.00200283,0.0002625,2611.12
0,4429825,3,phononTS,0.00175284,4.01253e-05,0.000845593,-0.0002625,41.3559,0.000764,1,-4.5435e-06,-1.09658e-06,0.0002625,4260.77
0,4436872,15,phononTF,0.00126967,-0.00157944,0.002436,-0.000262498,1168.42,0.000382,1,-0.00200001,0.00199909,0.0002625,1305.64
0,4437153,4,phononTS,0.00106781,-0.00194833,0.00198412,-0.0002625,135.072,0.000382,1,-0.00199914,0.00199813,0.0002625,682.55
0,4437153,5,phononTS,0.000446615,-0.00199914,0.00199813,0.000262498,682.55,0.000446615,1,-0.0012136,0.000203065,-0.0002625,1078.49
0,4442598,31,phononTF,0.00039271,-0.00236579,0.00238703,-0.0002625,18069.3,0.000382,1,-0.0019972,0.00200382,0.0002625,23161.5
0,4443537,10,phononTF,0.000503394,-0.00166175,-0.000253541,-0.000262499,1762.93,0.000382,1,-0.002,-3.6298e-06,0.0002625,1881.33
0,4446524,2,phononTF,0.00273524,-0.00108276,0.0011515,-0.0002625,174.091,0.001146,1,-0.00100009,0.00100013,0.0002625,557.944
0,4446584,16,phononTS,0.000782453,-0.00271028,-0.00187533,-0.0002625,3095.99,0.000382,1,-0.00200411,-0.00200292,0.0002625,3458.91
0,4455943,7,phononL,0.000973211,-0.00115927,0.00250632,-0.0002625,109.568,0.000382,1,-0.000997092,0.00299569,0.0002625,349.006
0,4458921,8,phononTS,0.000560511,-0.000172923,-0.000538084,-0.000262498,1383.35,0.000382,1,-4.08729e-06,4.02626e-06,0.0002625,1545.36
0,4463211,6,phononL,0.00125891,-0.00130274,0.00112044,-0.0002625,1726.37,0.000382,1,-0.00100136,0.000996355,0.0002625,2366.71
0,4465007,10,phononL,0.00131098,-6.15948e-05,0.00102544,-0.0002625,1421.07,0.000382,1,0.000996678,0.000997212,0.0002625,1868.27
0,4465524,8,phononTF,0.001057,-0.00139955,0.00339149,-0.0002625,1898.15,0.000382,1,-0.000997624,0.00300013,0.0002625,3091.15
0,4465988,11,phononTF,0.000584385,0.000998508,-0.00100364,0.0002625,6383.46,0.000584385,1,0.00130218,-0.00100405,-0.0002625,6605.32
0,4466369,12,phononTF,0.000921732,0.00104232,0.000931367,-0.0002625,1718.61,0.000382,1,0.00199676,-3.72691e-06,0.0002625,2947.06
0,4467374,7,phononTF,0.000955656,-0.00228502,-0.00227479,-0.000262498,4996.48,0.000764,1,-0.0020012,-0.00200159,0.0002625,5108.8
0,4467570,7,phononTF,0.000630571,-0.000504941,0.00150653,-0.000262498,2335.9,0.000382,1,2.82338e-06,0.00200089,0.0002625,2486.82
0,4467570,4,phononTS,0.00261366,-0.00166366,0.0016948,0.000262498,1095.3,0.000662706,1,-0.00290636,0.0033458,-0.0002625,1495.39
0,4469621,2,phononL,0.00130535,-0.001967,0.000617205,-0.0002625,26.9372,0.000382,1,-0.00200185,4.44379e-06,0.0002625,451.697
0,4472550,18,phononTF,0.000705273,0.00199602,-1.16716e-06,0.0002625,4627.09,0.000103653,1,0.00248327,-0.00169383,-0.0002625,5297.51
0,4472758,15,phononTF,0.000565005,-0.000998866,0.000999276,0.0002625,4184.13,0.000565005,1,-0.000772424,0.000766204,-0.0002625,4595.25
0,4476041,3,phononTF,0.00147013,-0.00185452,0.00194817,-0.0002625,161.051,0.000382,1,-0.00199734,0.00199605,0.0002625,541.35
0,4481511,2,phononTF,0.000969854,-0.00170549,0.00177116,-0.0002625,15.9459,0.000382,1,-0.00200313,0.00200362,0.0002625,241.979
0,4482278,2,phononTS,0.000537739,0.00110507,0.00106558,-0.0002625,242.606,0.000382,1,0.00199814,0.00199546,0.0002625,2977.43
0,4486788,3,phononTF,0.00113604,-0.000445203,0.00155279,-0.0002625,255.302,0.000382,1,-3.26508e-06,0.00199834,0.0002625,902.968
0,4486788,11,phononTS,0.000519501,0.00126,0.005,0.000236526,902.968,0.000519501,1,-0.000586593,0.00224929,-0.0002625,2200.88
0,4487093,9,phononTS,0.000569535,0.003693,0.000754424,-0.0002625,5355.5,0.000382,1,0.00300074,0.00100302,0.0002625,5924.69
0,4487093,3,phononTS,0.00300044,-0.0015316,0.00170409,0.000262498,165.694,0.00153538,1,-0.00155676,0.00107978,-0.0002625,326.82
0,4491442,5,phononTS,0.000411365,5.41472e-05,3.44482e-05,-0.0002625,822.917,0.000382,1,-3.95456e-06,4.02819e-06,0.0002625,1221.78
0,4499512,10,phononL,0.00104647,-0.00187287,-0.0015563,-0.0002625,189.849,0.000382,1,-0.00199741,-0.0020044,0.0002625,1266.27
0,4502575,2,phononL,0.00164742,-0.000999674,0.00167249,-0.000262498,337.223,0.000764,1,-0.00100351,0.000999838,0.0002625,428.514
0,4505307,2,phononTS,0.000598373,-0.00105027,0.00102879,-0.0002625,38.6924,0.000382,1,-0.000997333,0.000999705,0.0002625,822.557
0,4506798,5,phononL,0.000390481,0.00223623,-0.00129812,-0.0002625,1139.33,0.000382,1,0.00199935,-0.00200073,0.0002625,1631.93
0,4512566,8,phononTF,0.000972664,-0.0010013,-0.000997528,0.000262498,2026.34,0.000336756,1,-0.000952945,-0.00105864,-0.0002625,2117.33
0,4512769,2,phononTS,0.000570386,-0.00199857,0.00200314,0.0002625,39.4146,0.000570386,1,-0.00203307,0.00205385,-0.0002625,577.796
0,4513847,13,phononL,0.000837268,0.00199444,0.000286688,-0.000262498,3619.57,0.000382,1,0.0019962,1.31464e-06,0.0002625,3686.84
0,4516501,15,phononTS,0.000447626,0.00179119,-8.81056e-05,-0.000262498,1544.86,0.000382,1,0.00200221,-3.88155e-06,0.0002625,1660.63
0,4520038,9,phononTS,0.000423849,4.8021e-05,-0.00186349,-0.0002625,5365.14,0.000382,1,2.39163e-06,-0.0020025,0.0002625,5794.97
0,4528583,3,phononL,0.00108914,-0.000452432,0.000321273,-0.0002625,659.897,0.000382,1,-3.62223e-06,1.00875e-06,0.0002625,1287.66
0,4529281,3,phononTS,0.00146421,-0.00107464,0.00103743,-0.000262498,514.828,0.000764,1,-0.00100245,0.000995827,0.0002625,615.115
0,4530368,6,phononTF,0.000817075,-0.00101446,0.00128206,-0.000262498,179.656,0.000382,1,-0.000999931,0.000998555,0.0002625,288.121
0,4530729,3,phononTS,0.00152347,-0.00102191,0.00296747,-0.0002625,220.1,0.000382,1,-0.000997768,0.00299888,0.0002625,1100.5
0,4533628,11,phononTS,0.000391027,-0.00202656,-2.47843e-06,-0.000262498,12925.1,0.000382,1,-0.00199504,4.49255e-06,0.0002625,13016.2
0,4540494,5,phononTS,0.000879586,-0.00197844,0.00201411,-0.0002625,544.909,0.000382,1,-0.00199593,0.00199571,0.0002625,993.671
0,4540805,18,phononTF,0.000686479,0.00038746,-0.00161937,-0.0002625,3738.92,0.000382,1,0.000999505,-0.000995329,0.0002625,4957.93
0,4544445,4,phononTS,0.000473383,-0.000972259,0.000981873,-0.000262498,185.499,0.000382,1,-0.00100095,0.000995308,0.0002625,275.122
0,4544716,4,phononTS,0.00235754,-0.00204546,0.0019741,-0.000262498,703.644,0.000764,1,-0.00200307,0.00199513,0.0002625,798.236
0,4546060,6,phononTF,0.000642729,-0.00214816,-0.0004068,-0.0002625,612.385,0.000382,1,-0.00199946,-1.23818e-06,0.0002625,1715.69
0,4549776,4,phononTF,0.00255185,-0.00106913,0.00107223,-0.0002625,16.8018,0.000764,1,-0.00099746,0.000997665,0.0002625,566.436
0,4553662,10,phononTF,0.000665,-0.0012742,0.00273946,-0.0002625,6276.67,0.000382,1,-0.00200483,0.00200249,0.0002625,6873.95
0,4553879,6,phononTS,0.000471794,-0.00116338,0.00135617,-0.0002625,1956.66,0.000382,1,-0.000998843,0.0029965,0.0002625,4129.64
0,4556218,5,phononTS,0.000779071,-0.00181907,0.0019191,-0.000262498,141.003,0.000382,1,-0.00200281,0.00199528,0.0002625,253.462
0,4559235,5,phononTF,0.00177548,-0.00124147,0.00126088,-0.0002625,57.4215,0.000764,1,-0.000996376,0.00100368,0.0002625,274.321
0,4559449,12,phononTS,0.000528656,0.00288373,0.000881572,-0.0002625,5319.48,0.000382,1,0.00299858,0.000996252,0.0002625,7001.39
0,4559849,3,phononL,0.00593632,-0.00110006,0.00114726,-2.46801e-05,349.884,0.001528,1,-0.00100199,0.00100272,0.0002625,387.487
0,4560620,6,phononTS,0.000410271,-0.000986919,0.00312685,-0.0002625,1281.65,0.000382,1,-0.00100264,0.0030027,0.0002625,2604.38
0,4561926,8,phononTS,0.000526284,-0.000911636,0.00295385,-0.0002625,3772.22,0.000382,1,-0.000995818,0.00300424,0.0002625,4097.27
0,4562593,8,phononTF,0.00077313,0.000254668,-0.00173126,-0.0002625,1777.24,0.000382,1,-1.57995e-06,-0.00199713,0.0002625,2106.82
0,4567233,13,phononTS,0.000866801,0.000998021,0.000999696,0.0002625,893.89,0.00051655,1,-0.000342407,0.00147565,-0.0002625,5497.91
0,4568964,24,phononTS,0.000468833,-0.000952657,0.00139916,-0.0002625,627.479,0.000382,1,-0.000999098,0.00100349,0.0002625,980.181
0,4569808,7,phononTS,0.000489683,-0.00200103,0.00203548,-0.0002625,472.403,0.000382,1,-0.00200064,0.00200429,0.0002625,746.807
0,4569827,5,phononTS,0.000658696,-0.00106134,-0.000313091,-0.0002625,457.482,0.000382,1,-0.00100254,-0.000996919,0.0002625,1027.73
0,4570394,7,phononTF,0.000896682,-0.00107656,0.00312102,-0.0002625,6605.78,0.000382,1,-0.00100445,0.00299603,0.0002625,9826.8
0,4570603,16,phononTF,0.000630506,0.000315899,-0.00242508,-0.0002625,533.738,0.000382,1,1.28624e-06,-0.00200112,0.0002625,8468.28
0,4573688,2,phononTS,0.000609768,-0.00113356,3.57359e-05,-0.0002625,96.038,0.000382,1,-0.00200063,-8.92821e-07,0.0002625,1378.43
0,4575516,7,phononTS,0.00128933,-0.000999497,0.000995688,0.0002625,567.029,0.000464929,1,-0.0009266,0.000814723,-0.0002625,790.945
0,4575829,7,phononTF,0.000739168,-0.00156607,0.00214078,-0.0002625,753.718,0.000382,1,-0.0020016,0.00199572,0.0002625,1143.73
0,4576630,9,phononTF,0.000614256,-0.000792044,0.00289564,-0.0002625,4383.19,0.000382,1,-0.00100211,0.00300135,0.0002625,5056.01
0,4576630,2,phononTF,0.00493846,-0.000896292,0.00138704,-1.13418e-05,148.098,0.000287137,1,-0.000970941,0.00145742,-0.0002625,527.26
0,4578376,2,phononTS,0.00184938,-0.00201443,0.00194755,-0.0002625,63.4761,0.000382,1,-0.00199705,0.00200216,0.0002625,578.082
0,4580213,12,phononTS,0.000686244,-0.000997465,0.00300372,0.000262498,9647.06,0.000281674,1,-0.000414544,0.00306308,-0.0002625,9808.4
0,4580291,7,phononTS,0.000649644,-0.00192268,0.00204773,-0.000262498,1001.86,0.000382,1,-0.00200276,0.00199949,0.0002625,1098.29
0,4580601,1,phononTS,0.01,-0.00192397,0.00215914,0.000252131,0,0.002674,1,-0.00199857,0.0020031,0.0002625,705.938
0,4583447,9,phononTF,0.000495796,-0.000997954,0.00300491,0.000262498,4951.4,0.000495796,1,-0.000798633,0.00269415,-0.0002625,5065.15
0,4583645,2,phononTF,0.000803585,1.20044e-05,1.11486e-05,-0.0002625,30.7217,0.000382,1,4.72035e-06,3.71338e-06,0.0002625,899.104
0,4584568,4,phononTF,0.00294536,-0.000148528,0.000146774,-0.0002625,3774.38,0.000764,1,4.80659e-07,-4.87734e-07,0.0002625,4818.3
0,4586361,11,phononTS,0.000687689,-0.00222058,-0.00104216,-0.0002625,5723.56,0.000382,1,-0.0029951,-0.00100329,0.0002625,8810.91
0,4586763,8,phononTS,0.00123038,-0.000963233,0.0010081,-0.0002625,384.567,0.000382,1,-0.000998779,0.00100199,0.0002625,884.767
0,4586824,9,phononTS,0.0004692,0.0020019,0.00200495,0.000262498,1767.28,0.0004692,1,0.00203246,0.00202181,-0.0002625,1856.83
0,4588856,8,phononTF,0.00141854,0.000281539,-0.000299315,-0.0002625,677.312,0.000382,1,0.000996342,-0.00100333,0.0002625,1185.07
0,4593460,2,phononTF,0.000656094,-0.00167286,0.00166991,-0.0002625,68.1176,0.000382,1,-0.00200107,0.00199532,0.0002625,307.601
0,4594802,7,phononTF,0.000474369,-0.00288096,-0.000873089,-0.0002625,1202.51,0.000382,1,-0.00300314,-0.00100207,0.0002625,2709.76
0,4597608,12,phononTS,0.000601589,-0.00196675,0.00195233,-0.000262498,427.422,0.000382,1,-0.00200455,0.00199975,0.0002625,520.675
0,4599152,8,phononTS,0.00132045,-0.00331195,-0.00103829,-0.0002625,1951.46,0.000382,1,-0.00299933,-0.00099787,0.0002625,5004.1
0,4602574,4,phononTF,0.000453399,-0.00121988,0.000784967,-0.0002625,1.73928,0.000382,1,-0.000997713,0.00100238,0.0002625,1267.74
0,4603585,5,phononTS,0.000531966,0.00460334,-0.005,-0.00022057,383.639,0.000382,1,0.000996156,-0.000999459,0.0002625,4256.54
0,4603585,3,phononTF,0.00104839,-0.00118374,0.00215855,0.000262498,291.941,0.000392827,1,-0.00133555,0.00223091,-0.0002625,387.833
0,4604244,13,phononTS,0.000795566,-0.000997696,0.00100061,0.000262498,3736.28,0.000795566,1,-0.00193974,0.00249827,-0.0002625,4090.79
0,4608924,8,phononTF,0.000821416,-0.000537895,0.00147778,-0.000262498,208.019,0.000382,1,-0.00100209,0.00100239,0.0002625,352.947
0,4610646,5,phononTS,0.000866108,-0.00200296,0.00199633,0.0002625,555.508,0.000866108,1,-0.00240509,0.00220264,-0.0002625,1119.64
0,4611770,13,phononTF,0.00085746,-0.000798728,0.000476974,-0.0002625,94.8648,0.000382,1,3.54051e-06,-5.05763e-07,0.0002625,976.82
0,4612456,4,phononL,0.000666209,0.000212453,-0.000146416,-0.0002625,645.048,0.000382,1,-1.81607e-06,-3.94012e-06,0.0002625,874.74
0,4612834,5,phononTS,0.000397606,-0.00388973,-0.00025836,-0.0002625,679.496,0.000382,1,-0.00299665,-0.0010029,0.0002625,7899.36
0,4625171,5,phononTS,0.00123756,0.00199688,0.00199665,0.000262498,1678.26,0.000621154,1,0.00201488,0.00196966,-0.0002625,1770.93
0,4629045,10,phononTS,0.000865598,0.00195188,0.00236754,-0.0002625,6835.09,0.000382,1,0.00199758,0.00199634,0.0002625,7733.35
0,4629494,3,phononTS,0.00130466,-0.00100577,0.00118268,-0.0002625,360.493,0.000764,1,-0.000997186,0.00100309,0.0002625,620.969
0,4633015,5,phononTF,0.000415165,0.000921287,-0.000934453,-0.000262498,1496.26,0.000382,1,-6.71446e-07,3.02838e-08,0.0002625,1738.32
0,4633015,3,phononL,0.00202635,-0.00149168,0.00152356,0.000262498,79.0589,0.0016159,1,-0.000802928,0.00180555,-0.0002625,178.283
0,4633683,3,phononL,0.000853354,1.89273e-05,-0.00285758,-0.0002625,15.3743,0.000382,1,0.000998011,-0.00299828,0.0002625,1765.33
0,4635525,9,phononTF,0.000854399,-0.0002603,0.00226429,-0.000262498,604.462,0.000382,1,1.46062e-06,0.00199568,0.0002625,714.966
0,4636660,14,phononTS,0.000655364,0.00274902,0.00279985,-0.0002625,769.382,0.000382,1,-0.00200023,-0.00200087,0.0002625,6281.52
0,4640303,11,phononTF,0.000494884,-0.00299947,-0.0010031,0.0002625,2166.03,0.000494884,1,-0.00305849,-0.000945323,-0.0002625,2348.01
0,4647152,13,phononTS,0.000968624,-0.00253249,-0.00154698,-0.0002625,3064.47,0.000382,1,-0.00100035,-0.001002,0.0002625,5012.86
0,4649951,10,phononTS,0.00298644,-0.000105815,-0.00118028,-0.0002625,387.81,0.000382,1,-4.36854e-06,-0.00200102,0.0002625,963.974
0,4654949,4,phononTS,0.00166753,-0.000958699,-0.000396277,-0.0002625,574.826,0.000764,1,-0.000995138,-0.0010049,0.0002625,1714.88
0,4655034,11,phononTS,0.00051923,-0.00200425,-0.00200204,0.0002625,4087.81,0.00051923,1,-0.00169798,-0.00232705,-0.0002625,4936.18
0,4656307,11,phononTS,0.00161901,-0.00105642,-0.000228308,-0.0002625,107.741,0.000764,1,-0.00100352,-0.00100469,0.0002625,666.571
0,4656323,3,phononTF,0.00109233,-0.00159937,0.00171469,-0.000262498,979.215,0.000382,1,-0.00200257,0.00200192,0.0002625,1107.16
0,4656323,6,phononTF,0.00053639,-0.00200257,0.00200192,0.000262498,1107.16,0.00053639,1,-0.00215254,0.00215222,-0.0002625,1204.22
0,4656323,2,phononL,0.00389742,-0.00260982,0.00373731,0.000228327,979.215,0.00197186,1,-0.00275923,0.0034029,-0.0002625,1491.98
0,4660112,4,phononTS,0.000433134,-0.00140719,-0.00201672,-0.000262498,4906.43,0.000382,1,-0.00199916,-0.0019979,0.0002625,5065.94
0,4660851,1,phononTS,0.01,-0.00191379,0.0016777,8.1623e-05,0,0.002674,1,-0.0020014,0.00199834,0.0002625,523.454
0,4663806,7,phononTS,0.000498544,-0.000250536,0.0018253,-0.000262498,472.216,0.000382,1,-1.20688e-06,0.00200307,0.0002625,599.311
0,4663806,4,phononTF,0.000796794,-0.00118638,0.00161748,0.000262498,149.713,0.000215028,1,-0.00115846,0.0016953,-0.0002625,241.172
0,4664735,2,phononTS,0.00158481,-0.000226762,-0.00195901,0.000146921,619.605,0.001146,1,-3.50128e-06,-0.00199939,0.0002625,4044.2
0,4665349,18,phononTF,0.000402947,1.0024e-06,0.00199961,0.000262498,4186.08,0.000402947,1,0.000455876,0.00155761,-0.0002625,4327.72
0,4666191,3,phononTS,0.000792432,-1.60713e-06,0.00201677,-0.0002625,504.257,0.000382,1,0.00100174,0.00100384,0.0002625,1423.37
0,4667956,16,phononTS,0.000518541,-0.000999625,0.00100121,0.000262499,284.112,0.000518541,1,-0.00157474,0.000943674,-0.0002625,444.254
0,4668609,10,phononTS,0.000442235,0.000953038,0.00098373,-0.0002625,2419.39,0.000382,1,0.00099914,0.00100327,0.0002625,3150.05
0,4670663,7,phononTS,0.000947216,-0.00365758,-0.000562263,-0.0002625,3668.82,0.000382,1,-0.000999081,0.00100452,0.0002625,5449.09
0,4671402,8,phononTS,0.000400733,0.0032755,0.00241331,-0.0002625,1671.62,0.000382,1,0.00200026,0.00200357,0.0002625,3846.74
0,4673949,6,phononTF,0.000702448,-0.00142919,0.00143349,-0.000262498,525.868,0.000382,1,-0.00100443,0.000999393,0.0002625,663.272
0,4674284,17,phononTS,0.000418674,-0.0019811,0.00197455,-0.0002625,5460.14,0.000382,1,-0.00200189,0.00200347,0.0002625,6468.86
0,4677830,8,phononTF,0.000686676,1.001e-05,7.79984e-05,-0.0002625,472.356,0.000382,1,2.88994e-06,7.65034e-07,0.0002625,2097.62
0,4679459,22,phononTS,0.000389053,-0.00240828,0.005,0.000154036,1469.45,0.000382,1,-4.37338e-07,0.00199665,0.0002625,2574.44
0,4679681,11,phononL,0.000715544,-0.000982444,0.00358635,-0.0002625,3487.05,0.000382,1,-0.00100368,0.00300185,0.0002625,3897.61
0,4680670,2,phononTS,0.00212372,0.000299749,0.00117646,-0.0002625,323.198,0.000764,1,0.00100473,0.00100251,0.0002625,1064.39
0,4680805,9,phononTS,0.000578594,-0.00195024,-0.00147639,-0.000262498,2852.04,0.000382,1,-0.00200271,-0.00200334,0.0002625,3001.33
0,4682161,17,phononTF,0.000519792,-0.00126897,0.00124739,-0.0002625,671.483,0.000382,1,-0.00100049,0.000997585,0.0002625,892.254
0,4684273,4,phononL,0.00298441,-0.000475263,0.00106883,-9.3314e-05,303.361,0.000382,1,-0.000997181,0.00100477,0.0002625,535.727
0,4686709,4,phononTF,0.00216688,-0.00197916,0.00201573,-0.0002625,162.23,0.000382,1,-0.00199708,0.00199775,0.0002625,702.144
0,4686709,6,phononL,0.000735684,-0.00199708,0.00199775,0.000262498,702.144,0.000313129,1,-0.00173495,0.00224116,-0.0002625,772.707
0,4688980,5,phononL,0.000574717,-0.00098291,0.00142346,-0.000262498,240.046,0.000382,1,-0.00100019,0.000999233,0.0002625,313.764
0,4689359,8,phononTF,0.000457709,-0.00142951,0.000546753,-0.000262498,3172.38,0.000382,1,-0.00199592,-3.35185e-06,0.0002625,3334.62
0,4690036,7,phononTF,0.0012912,-0.00180323,0.00180858,-0.000262498,579.726,0.000764,1,-0.00199937,0.00200137,0.0002625,681.185
0,4692046,6,phononTS,0.000977341,-1.88114e-06,-0.00199734,0.000262498,3324.52,0.000977341,1,4.19259e-05,-0.0020248,-0.0002625,3418.93
0,4694819,16,phononTF,0.000680011,0.00221134,0.00177921,-0.0002625,4370.05,0.000382,1,0.00200337,0.00199708,0.0002625,4887.91
0,4700903,3,phononTS,0.00203627,-0.00224532,0.00210245,-0.0002625,19.9675,0.000382,1,-0.00199549,0.00199548,0.0002625,868.898
0,4701442,5,phononL,0.00239568,-0.00277954,-0.00107581,-0.0002625,193.173,0.000764,1,-0.00300004,-0.000995203,0.0002625,3720.16
0,4706832,21,phononTS,0.000504965,0.00201969,-5.62426e-05,-0.000262498,16238.9,0.000382,1,0.00199683,-4.75944e-06,0.0002625,16333.3
0,4706832,2,phononTS,0.000463449,-0.00124962,0.00123896,0.000262498,317.716,0.000463449,1,-0.00118443,0.00220994,-0.0002625,538.61
0,4707135,25,phononTS,0.000621652,0.00282866,-0.00207171,-0.0002625,6325.53,0.000382,1,0.00100286,-0.00300311,0.0002625,7461.74
0,4707869,11,phononTS,0.000454591,-0.000658689,-0.000819068,-0.000262498,1201.48,0.000382,1,-0.000995615,-0.000998164,0.0002625,1338.3
0,4707931,6,phononTF,0.00088736,-0.00140652,0.00142496,-0.000262498,236.377,0.000382,1,-0.00199814,0.00199951,0.0002625,403.648
0,4708766,7,phononTS,0.000548886,0.00194809,0.00198223,-0.000262498,1016.72,0.000382,1,0.00200328,0.00199846,0.0002625,1108.35
0,4709565,3,phononTS,0.000440236,-0.001803,0.00185079,-0.0002625,117.235,0.000382,1,-0.00200404,0.00199992,0.0002625,476.596
0,4714563,3,phononTF,0.00136355,-0.00166911,0.00176223,-0.0002625,19.3088,0.000382,1,-0.00199693,0.00199524,0.0002625,252.591
0,4715862,3,phononL,0.00154558,-0.00239913,0.00234354,-0.0002625,529.364,0.000382,1,-0.00200099,0.00200281,0.0002625,1962.7
0,4716606,13,phononL,0.00048666,-0.005,-0.00105745,-0.000229177,1971.77,0.00048666,1,-0.0049873,-0.00103255,-0.0002625,3090.15
0,4717922,6,phononTF,0.00219824,-0.000666683,0.000630016,-0.0002625,1386.59,0.001146,1,-3.31784e-06,1.47547e-06,0.0002625,4526.2
0,4723214,8,phononTS,0.00271574,-0.000795443,0.00295286,-0.0002625,178.882,0.001146,1,-3.36216e-06,0.00200484,0.0002625,923.311
0,4724226,5,phononTF,0.00225723,-0.00143002,0.00143748,-0.000262498,164.749,0.000764,1,-0.000999656,0.000999898,0.0002625,302.999
0,4726796,15,phononL,0.00141265,-0.000647432,0.00297302,-0.0002625,1237.43,0.000382,1,-0.000999136,0.00299814,0.0002625,2002.91
0,4728358,5,phononTS,0.000454112,-0.00200485,-4.9308e-06,0.000262498,877.586,0.000454112,1,-0.00196103,0.000468959,-0.0002625,1019.67
0,4730642,12,phononL,0.000746577,0.00253291,0.00176082,-0.000262498,10413.9,0.000382,1,0.00299785,0.00100232,0.0002625,10528.8
0,4732238,9,phononTF,0.000952568,0.000996427,-0.00100406,0.000262498,1337.11,0.000952568,1,0.00132622,-0.00067686,-0.0002625,1457.47
0,4733361,5,phononTS,0.000510642,0.00185491,-0.00204837,-0.0002625,251.389,0.000382,1,0.00199677,-0.00200055,0.0002625,1955.8
0,4736613,10,phononTS,0.000681137,-0.000960137,0.000972462,-0.000262498,733.402,0.000382,1,-0.000998644,0.00100311,0.0002625,822.841
0,4740736,7,phononTS,0.000562298,0.000830866,-0.00261827,-0.0002625,781.923,0.000382,1,0.00100165,-0.00299636,0.0002625,1769.15
0,4741752,2,phononL,0.00157358,0.000623949,0.00121024,-0.0002625,253.204,0.000382,1,0.00100417,0.00100496,0.0002625,760.997
0,4742245,3,phononL,0.000840629,0.00264842,0.00160867,-0.0002625,1815.78,0.000764,1,0.00300159,0.000997274,0.0002625,2420.54
0,4745877,7,phononL,0.0012575,-0.000656595,0.00318057,-0.0002625,3995.21,0.000382,1,-0.00100216,0.00299903,0.0002625,5168.37
0,4748301,11,phononTS,0.000693921,9.56073e-06,-5.10113e-05,-0.0002625,2590.71,0.000382,1,-1.9339e-06,3.0214e-06,0.0002625,2864.77
0,4748491,2,phononTS,0.00114319,0.00374659,0.000843655,-0.0002625,2.33819,0.000764,1,0.00299504,0.000997256,0.0002625,3349.47
0,4755923,10,phononTS,0.000619089,-0.00200483,-1.3731e-06,0.000262498,3275.3,0.000619089,1,-0.00195156,1.06486e-05,-0.0002625,3365.39
0,4756415,2,phononTF,0.00110772,0.000909388,-0.000885193,-0.0002625,419.547,0.000382,1,0.00200285,-0.00199848,0.0002625,1360.72
0,4756416,1,phononTS,0.01,-0.00170976,0.00134824,-0.000245754,0,0.00211993,1,-0.00170569,0.00132532,-0.0002625,1161.06
0,4757774,2,phononTF,0.00175861,0.000897298,-0.00111882,-0.0002625,8.30748,0.000764,1,6.06667e-07,-0.00199757,0.0002625,9471.72
0,4759100,3,phononTF,0.00242422,0.000123893,0.000121364,-0.0002625,605.792,0.000382,1,4.84602e-06,3.9415e-06,0.0002625,1600.18
0,4759362,9,phononL,0.000793996,-0.00174529,0.000262198,-0.000262498,1357.57,0.000382,1,-0.00200485,1.30196e-06,0.0002625,1428.66
0,4759894,13,phononTF,0.000893707,-0.00100452,0.000998266,0.0002625,9466.84,0.000393597,1,-0.000508381,0.000316874,-0.0002625,10171.5
0,4768316,6,phononTS,0.000771037,0.000997457,-0.00100247,0.000262498,904.773,0.000444887,1,0.000906116,-0.000237124,-0.0002625,1094.56
0,4768876,23,phononTF,0.000542953,0.00246623,0.00248318,-0.000262498,4723.25,0.000382,1,0.00200094,0.00199962,0.0002625,4869.96
0,4770368,4,phononL,0.000547172,-0.000997102,0.000995808,0.0002625,648.636,0.000547172,1,-0.0011922,0.000734785,-0.0002625,786.717
0,4770622,14,phononTS,0.000940478,-0.00218171,0.000440777,-0.0002625,1911.92,0.000382,1,-0.00200382,1.24016e-06,0.0002625,2359.47
0,4772140,3,phononTF,0.00173604,-0.00105999,0.00112341,-0.0002625,153.701,0.000764,1,-0.00100409,0.000997637,0.0002625,529.781
0,4772140,2,phononTF,0.00180508,-0.00122768,0.00150072,0.000262498,153.701,0.00044592,1,-0.00223612,0.000272101,-0.0002625,444.846
0,4777523,14,phononL,0.000737474,-0.00138652,0.000845617,-0.0002625,1626.51,0.000382,1,-0.00100078,0.00100369,0.0002625,1847.18
0,4778190,5,phononTS,0.000635522,-2.61306e-05,0.00199478,-0.000262498,471.07,0.000382,1,-2.97587e-06,0.00200008,0.0002625,563.517
0,4778772,19,phononTS,0.00163808,-0.00100079,0.00299527,0.000262498,1409.81,0.000928086,1,-0.00104035,0.00291071,-0.0002625,1506.71
0,4781109,6,phononTS,0.000781069,-0.000279158,-0.00191281,-0.000262498,4066.11,0.000382,1,4.50057e-06,-0.00200291,0.0002625,4190.17
0,4784995,12,phononTS,0.00166309,0.00104673,0.0010281,-0.000262498,2241.55,0.000382,1,0.00100245,0.000996364,0.0002625,2330.91
0,4787627,4,phononTS,0.00125236,-0.00105797,0.00147736,-0.000262498,912.72,0.000382,1,-0.00199726,-1.16299e-06,0.0002625,1273.98
0,4788859,3,phononL,0.00163862,-0.00129595,0.00091647,-0.0002625,16.5379,0.000382,1,-0.00100273,0.00100011,0.0002625,632.226
0,4794900,8,phononTS,0.000463004,-0.000687701,-0.005,-0.000157063,7129.02,0.000382,1,0.000997897,-0.00300418,0.0002625,9944.97
0,4794900,3,phononTS,0.00190546,-0.00172269,0.0012733,0.000262498,814.287,0.000616293,1,-0.00129632,0.00127731,-0.0002625,951.483
0,4801438,3,phononTS,0.00162725,-0.00184396,-0.00112645,-0.0002625,7.69485,0.000382,1,-0.00200343,-0.00200436,0.0002625,845.814
0,4804473,3,phononTF,0.0037067,-0.000967262,0.000968997,0.000215707,8.51024,0.001146,1,-0.000995039,0.000998029,0.0002625,210.909
0,4811618,3,phononTS,0.000924382,0.00113312,-0.00113042,-0.0002625,23.4702,0.000382,1,0.00200244,-0.00200012,0.0002625,1116.13
0,4817177,4,phononTS,0.00210597,-0.000955291,0.000963787,-0.0002625,230.04,0.001146,1,-0.00100065,0.00100185,0.0002625,587.178
0,4818607,9,phononTS,0.00137379,-0.00134934,0.00239271,-0.0002625,866.553,0.000382,1,-0.00100359,0.0029981,0.0002625,1604.43
0,4818607,10,phononTS,0.000738649,-0.00100359,0.0029981,0.000262499,1604.43,3.34132e-05,1,-0.0010134,0.00305256,-0.0002625,1694.6
0,4828239,8,phononL,0.000530679,0.00203249,-0.00263133,-0.0002625,5042.73,0.000382,1,0.00100204,-0.00300393,0.0002625,5394.25
0,4832778,5,phononTS,0.000818435,4.93262e-06,0.0020045,0.000262498,1069.53,0.000168724,1,2.60887e-05,0.00201683,-0.0002625,1159.26
0,4833724,13,phononTS,0.000411017,-0.00199731,0.00199927,0.000262498,1498.47,0.000411017,1,-0.00203644,0.00196133,-0.0002625,1587.77
0,4836387,17,phononTF,0.00039952,-0.00322825,-0.000811789,-0.000262498,10483,0.000382,1,-0.00299752,-0.00099541,0.0002625,10587.6
0,4836802,8,phononTF,0.000428723,-0.00149955,0.00142964,-0.000262498,117.484,0.000382,1,-0.00199902,0.00199584,0.0002625,277.276
0,4837226,22,phononTS,0.000807018,-0.000997743,0.0029992,0.000262498,3803.58,0.000404198,1,-0.000957217,0.00268246,-0.0002625,3925.15
0,4838409,9,phononTS,0.00050394,-6.90986e-07,-3.16419e-06,0.0002625,1687.11,0.00050394,1,4.48681e-05,-1.22136e-05,-0.0002625,1867.75
0,4839547,2,phononL,0.000865461,-0.00208984,-0.00211998,-0.0002625,15.3891,0.000382,1,-0.00199678,-0.00200141,0.0002625,508.509
0,4839548,1,phononTS,0.01,-0.00153959,0.00109884,-0.000145235,0,0.0035132,1,-0.00154692,0.00108725,-0.0002625,1046.37
0,4840449,18,phononTS,0.000403298,0.00201654,0.00194619,-0.000262498,4787.41,0.000382,1,0.00200197,0.0020018,0.0002625,4877.32
0,4842236,7,phononTF,0.000641598,-0.000997481,-0.000995105,0.000262498,2814.92,0.000406971,1,-0.000936028,-0.00105348,-0.0002625,2905.96
0,4843010,14,phononTF,0.000609702,-0.00192984,0.00190038,-0.0002625,108.428,0.000382,1,-0.00199993,0.00200038,0.0002625,757.471
0,4843466,3,phononTS,0.000537398,-0.00194653,-0.00247314,-0.0002625,523.34,0.000382,1,-0.00199566,-0.00200038,0.0002625,6432.32
0,4843466,2,phononTS,0.00472626,-0.00131632,0.00168247,-0.000258512,523.34,0.000775545,1,-0.00131591,0.00168654,-0.0002625,525.238
0,4846663,5,phononTF,0.0016195,-0.00208538,0.00207522,-0.0002625,396.935,0.000764,1,-0.00199865,0.00200071,0.0002625,1655.72
0,4847903,6,phononTS,0.000436882,-0.000530508,-0.00212197,-0.0002625,1734.85,0.000382,1,0.0010013,-0.000998259,0.0002625,5904.32
0,4850121,8,phononTS,0.00053503,-0.000942456,0.000919616,-0.000262498,347.246,0.000382,1,-0.00100032,0.000995534,0.0002625,448.924
0,4852687,2,phononTF,0.00271289,-0.000758463,0.00275291,-0.0002625,502.35,0.001528,1,-0.00100474,0.00299721,0.0002625,1596.16
0,4852688,1,phononTS,0.01,-0.00134025,0.00152691,-0.000163745,0,0.00265277,1,-0.00134368,0.00158531,-0.0002625,495.36
0,4854567,7,phononTF,0.000687216,-0.00053383,0.000650097,-0.0002625,365.319,0.000382,1,-0.000995759,0.00099598,0.0002625,1103.42
0,4857108,2,phononTF,0.000821992,-0.000253216,0.000247113,-0.0002625,270.746,0.000382,1,4.93188e-06,-2.90935e-06,0.0002625,924.074
0,4857624,2,phononTF,0.00113359,0.000121396,0.00208873,-0.0002625,195.048,0.000382,1,-3.18622e-06,0.00200323,0.0002625,1256.12
0,4858532,16,phononTF,0.000385511,-0.00132679,0.00117286,-0.0002625,1843.28,0.000382,1,-0.00100457,0.000999738,0.0002625,2340.05
0,4860314,11,phononTS,0.000391868,-0.00175626,0.00196948,-0.000262498,1195.32,0.000382,1,-0.00200425,0.00199712,0.0002625,1311.58
0,4860745,16,phononTF,0.00148475,-0.000884188,0.000948577,-0.0002625,511.971,0.000382,1,-0.000998287,0.000995597,0.0002625,929.796
0,4863990,8,phononTF,0.00120759,-0.00179978,0.00216086,-0.0002625,2476.91,0.000382,1,-0.0019952,0.00200453,0.0002625,2801.2
0,4863990,9,phononL,0.000462761,0.00190658,-0.000874291,-0.0002625,2801.2,0.000462761,1,0.005,-0.00315669,0.00015373,3830.11
0,4868189,15,phononTS,0.000421677,-0.005,0.00192575,-0.000194632,5697.35,0.000421677,1,-0.00454645,0.00150073,-0.0002625,7189.68
0,4868878,7,phononTS,0.00178179,-0.00103611,0.0031208,-0.0002625,1043.03,0.000382,1,-0.00100005,0.0029991,0.0002625,2007.4
0,4876431,3,phononTS,0.00263798,0.00038224,0.000769841,-0.0002625,77.2257,0.000764,1,0.00199653,-3.6383e-06,0.0002625,827.123
0,4876728,19,phononTS,0.000625333,0.00100098,-0.0010006,0.000262498,1178.68,0.000625333,1,0.00107313,-0.0011953,-0.0002625,1291.96
0,4878612,9,phononTF,0.000490023,0.00173111,0.00178228,-0.0002625,1470.61,0.000382,1,0.00200278,0.00199636,0.0002625,3205.25
0,4880183,6,phononTS,0.000709276,-0.00181484,0.00207182,-0.0002625,192.542,0.000382,1,-0.00200375,0.00200211,0.0002625,530.123
0,4881776,5,phononTS,0.00067389,-0.00101802,0.00129159,-0.000262498,329.077,0.000382,1,-0.0010013,0.000995108,0.0002625,448.336
0,4882355,10,phononTS,0.00113451,-0.00179754,0.00116095,-0.000262498,928.99,0.000382,1,-0.00100404,0.00100147,0.0002625,1126.55
0,4883605,10,phononTF,0.000480382,0.000525062,0.000115008,-0.0002625,6272.66,0.000382,1,0.00200434,0.00199785,0.0002625,7474.95
0,4893574,4,phononTF,0.00299939,-0.0005204,0.000520853,-0.0002625,50.5966,0.001146,1,-4.57933e-06,-1.78243e-06,0.0002625,598.686
0,4895018,14,phononTF,0.00044429,-0.00109417,-0.00107885,-0.0002625,1031.49,0.000382,1,-0.00100159,-0.00100081,0.0002625,1308.87
0,4895018,2,phononTS,0.000629008,-0.00196548,0.00132401,0.000262498,368.565,0.000629008,1,-0.002049,0.00119728,-0.0002625,476.251
0,4895311,5,phononTS,0.000587958,-0.00193058,-3.34108e-05,-0.000262498,1732.2,0.000382,1,-0.00199831,-3.82493e-06,0.0002625,1831.38
0,4899195,12,phononTS,0.000605775,0.002834,0.000812834,-0.0002625,4519.58,0.000382,1,0.00300199,0.00100175,0.0002625,5120.86
0,4899588,5,phononTS,0.00100577,-0.00204592,0.00198779,-0.000262498,876.956,0.000764,1,-0.00200077,0.00200307,0.0002625,967.131
0,4899848,14,phononTS,0.000583516,-0.00192925,0.00195502,-0.0002625,828.741,0.000382,1,-0.00200132,0.0020046,0.0002625,1498.94
0,4903315,11,phononTS,0.0014664,-0.0011083,0.000357193,-0.0002625,636.133,0.000382,1,4.26925e-07,0.00200315,0.0002625,4668.51
0,4903913,10,phononTF,0.000453246,0.000199354,0.00181265,-0.000262498,475.371,0.000382,1,0.000999526,0.00100163,0.0002625,690.177
0,4903913,2,phononTF,0.00047992,-0.005,0.00138071,-0.000180192,14.1985,0.00047992,1,-0.00493289,0.00131426,-0.0002625,694.291
0,4907409,16,phononTF,0.000636539,-0.00232729,0.000315706,-0.0002625,350.367,0.000382,1,-0.00200064,2.78999e-06,0.0002625,706.022
0,4912964,17,phononTS,0.000435346,0.00302834,0.00229722,-0.0002625,1807.77,0.000382,1,0.00100209,-0.00100119,0.0002625,3828.52
0,4913215,19,phononTS,0.000440257,-0.00300344,-0.000998489,0.000262498,6204.56,0.000440257,1,-0.0044681,-0.000276946,-0.0002625,6544.3
0,4913556,2,phononTF,0.00196629,-0.000369666,0.00035933,-0.0002625,41.7545,0.000764,1,1.12292e-06,2.11859e-06,0.0002625,545.025
0,4913556,9,phononTS,0.000591987,0.00344074,-0.005,-9.32317e-05,545.025,0.000591987,1,0.00371322,-0.00457382,-0.0002625,1754.15
0,4913556,8,phononTS,0.000485051,-4.3035e-06,3.64191e-06,0.0002625,545.025,0.000485051,1,1.14164e-05,-0.000473874,-0.0002625,976.862
0,4913709,17,phononTS,0.000797231,-0.00248243,0.00478649,-0.000262498,1708.24,0.000382,1,-2.14521e-06,0.0019955,0.0002625,2416.22
0,4915192,4,phononTF,0.000469361,-0.00118346,0.00120581,-0.0002625,57.7877,0.000382,1,-0.00100194,0.00100165,0.0002625,261.851
0,4917413,9,phononTS,0.000449163,0.00097106,-0.00305311,-0.0002625,4956.35,0.000382,1,0.000995242,-0.00300137,0.0002625,5786.28
0,4920039,8,phononTF,0.000489525,-0.00168612,0.00189712,-0.0002625,1007.24,0.000382,1,-0.00199624,0.00199947,0.0002625,1343.87
0,4920545,13,phononTS,0.000429037,0.00267371,-5.17832e-05,-0.000262498,1436.01,0.000382,1,0.00199776,-2.84777e-06,0.0002625,1606.42
0,4922156,9,phononTS,0.000621844,-0.0018795,0.0011023,-0.0002625,631.833,0.000382,1,-0.00199778,0.00199976,0.0002625,2790.58
0,4922527,8,phononTS,0.000450199,-0.00103754,0.00233116,-0.000262498,567.031,0.000382,1,-0.000998538,0.00300326,0.0002625,736.609
0,4924516,9,phononTF,0.000807066,0.00232301,-0.00232394,-0.0002625,4139.37,0.000382,1,0.00200271,-0.00200054,0.0002625,4496.23
0,4925945,6,phononTS,0.00152775,0.0016059,0.000817183,-0.0002625,4074.44,0.000382,1,1.9312e-06,1.75928e-06,0.0002625,6489.37
0,4932860,4,phononTS,0.00111966,-0.00185421,0.00042946,-0.0002625,752.102,0.000382,1,-0.00199802,2.95597e-06,0.0002625,1332.32
0,4934721,1,phononTS,0.01,-0.0019577,0.00214055,0.000222168,0,0.001528,1,-0.00200001,0.0020043,0.0002625,468.222
0,4934875,12,phononTF,0.000468604,-0.000587035,0.000563719,-0.000262498,1519.73,0.000382,1,-0.00100499,0.00099548,0.0002625,1656.27
0,4935016,7,phononTF,0.000702127,-0.00100017,0.00300307,0.000262498,1331.88,0.000278557,1,-0.00100607,0.00273426,-0.0002625,1438.61
0,4936001,4,phononTF,0.00306614,-0.00171215,0.00170808,-0.0002625,29.7653,0.000764,1,-0.00200002,0.00200215,0.0002625,259.001
0,4936452,5,phononTS,0.000385453,-0.000999482,0.0010409,-0.0002625,283.348,0.000382,1,-0.00100352,0.000999875,0.0002625,737.798
0,4936846,4,phononTS,0.000737129,0.00124011,0.00185463,-0.0002625,373.285,0.000382,1,0.00199638,0.00200376,0.0002625,1306.11
0,4939979,14,phononTS,0.000575877,-0.00182738,0.00302072,-0.000262498,1151.05,0.000382,1,-0.00100198,0.00299965,0.0002625,1347.18
0,4939979,2,phononTS,0.000562337,-0.00134297,0.00176689,0.000262498,139.46,0.000312618,1,-0.00127231,0.00150267,-0.0002625,260.061
0,4941661,6,phononTS,0.00110184,0.00104209,0.00165068,-0.000262498,660.774,0.000382,1,0.00100475,0.0009965,0.0002625,828.907
0,4942747,22,phononTS,0.000438125,2.92422e-05,-0.00136634,-0.0002625,14004,0.000382,1,0.00100289,-0.00100175,0.0002625,14617.6
0,4945728,3,phononTS,0.00288878,-0.00186504,0.00111769,-0.0002625,9.75286,0.000382,1,-0.00100292,0.000995706,0.0002625,2827.44
0,4946874,2,phononTF,0.00177285,-0.00065017,0.0013677,-0.0002625,1040.83,0.000382,1,-0.00100166,0.00100468,0.0002625,1258.88
0,4951397,7,phononTS,0.00112308,-0.00203979,2.91697e-06,-0.0002625,320.765,0.000382,1,-0.0020049,-1.26717e-06,0.0002625,1032.96
0,4954553,12,phononTF,0.000481635,-0.00199714,0.0020012,0.000262498,2854.33,0.000481635,1,-0.00174641,0.00225155,-0.0002625,2962.96
0,4955559,5,phononL,0.00174176,-3.02253e-05,0.00214898,-0.0002625,1908.99,0.000764,1,-1.53086e-06,0.00200161,0.0002625,2588.57
0,4956901,19,phononTF,0.000475479,-0.00038292,0.000397248,-0.0002625,769.869,0.000382,1,1.17178e-06,8.83631e-08,0.0002625,1161.16
0,4960834,16,phononTS,0.000832101,0.00347144,-0.00249531,-0.000262498,2892.9,0.000382,1,0.00200431,-0.001995,0.0002625,3216.78
0,4961827,11,phononTF,0.000867634,-0.005,0.0012888,-0.000181751,6701.64,0.000382,1,-0.00199813,0.00200129,0.0002625,7274.93
0,4962080,2,phononTS,0.00239663,-0.00100285,0.00300152,0.0002625,548.298,0.000456937,1,-0.00100404,0.00330797,-0.0002625,1154.09
0,4962323,3,phononTS,0.00278908,0.00083958,0.002121,-0.0002625,45.6711,0.000382,1,-0.00100169,0.0029953,0.0002625,6031.49
0,4962484,11,phononL,0.00116427,-0.00114258,0.005,9.55853e-05,150.712,0.000459266,1,-0.000659327,0.00477316,-0.0002625,597.739
0,4963892,8,phononTS,0.000469614,-0.000203344,0.000928979,-0.000262498,1901.55,0.000382,1,0.00199865,-0.00200042,0.0002625,2596.66
0,4971282,7,phononTF,0.0005521,-0.000542576,0.0014404,-0.000262498,546.004,0.000382,1,-0.000996581,0.00100303,0.0002625,686.343
0,4972661,8,phononTF,0.000622649,-0.00299823,-0.000625456,-0.0002625,6381.92,0.000382,1,-0.00300145,-0.000998138,0.0002625,16430.3
0,4972661,2,phononTS,0.00193046,-0.00143985,0.00147767,0.000262498,32.28,0.000870489,1,-0.00070149,0.000230112,-0.0002625,331.127
0,4979549,9,phononTS,0.000436979,-0.00200395,1.4316e-06,0.0002625,6296.81,0.000436979,1,-0.00148614,-0.000416541,-0.0002625,7018.66
0,4986309,4,phononTF,0.0014678,-0.00112976,0.0012735,-0.0002625,16.8009,0.000764,1,-0.0010022,0.00100353,0.0002625,232.159
0,4990894,4,phononTS,0.00110628,-0.00107303,0.00105047,-0.0002625,899.051,0.000382,1,-0.000998737,0.000999146,0.0002625,1186.68
0,4991080,10,phononTS,0.000584156,-0.00226574,-0.00022982,-0.0002625,1112.37,0.000382,1,-0.00100173,0.000996436,0.0002625,1723.03
0,4991089,2,phononTF,0.00238132,0.000128164,0.00187309,-0.0002625,4.4541,0.000764,1,-3.61022e-07,0.00199514,0.0002625,612.698
0,4995765,10,phononTS,0.000496723,-0.00115069,-0.00102088,-0.0002625,543.725,0.000382,1,-0.00099557,-0.00099923,0.0002625,856.133
0,4995765,2,phononTF,0.00251427,-0.00148501,0.00178338,0.000262498,94.0968,0.00118792,1,-0.00170861,0.001462,-0.0002625,209.704
0,5003070,17,phononTF,0.000660737,0.00171215,0.000397771,-0.0002625,6351.81,0.000382,1,0.00100278,0.000998347,0.0002625,7282.51
0,5003433,20,phononTS,0.000460004,0.00104027,-0.000745623,-0.0002625,1219.74,0.000382,1,0.00100034,-0.0010014,0.0002625,1924.22
0,5004211,6,phononTS,0.000535724,0.00224917,0.000117147,-0.0002625,221.177,0.000382,1,0.00200141,4.94044e-06,0.0002625,1432.73
0,5005553,3,phononTF,0.00246778,-0.00171206,0.00128311,-0.0002625,75.3602,0.000764,1,-0.00299572,-0.0010045,0.0002625,656.614
0,5008545,12,phononTF,0.000602968,-0.00035443,0.00231387,-0.0002625,12933.6,0.000382,1,-0.00100278,0.00299598,0.0002625,13490.5
0,5019559,5,phononTS,0.000636926,-0.00108805,0.00105872,-0.0002625,356.525,0.000382,1,-0.000996654,0.00100001,0.0002625,871.256
0,5021932,26,phononTS,0.00084676,-0.00195703,0.00200016,-0.000262498,545.598,0.000382,1,-0.00200074,0.00199747,0.0002625,636.467
0,5024277,22,phononL,0.000578007,-0.00115083,0.0013269,-0.0002625,225.86,0.000382,1,-0.000999965,0.000997111,0.0002625,437.905
0,5024883,4,phononTS,0.00125842,-0.000788997,0.00215924,-0.0002625,490.387,0.000382,1,-6.13805e-07,0.0019991,0.0002625,836.434
0,5024883,5,phononTS,0.000810363,-6.13805e-07,0.0019991,0.000262498,836.434,0.00026879,1,0.000313115,0.00196604,-0.0002625,957.844
0,5025036,6,phononTS,0.000408258,-0.00200049,-0.0019997,0.000262498,2214.95,0.000408258,1,-0.00143369,-0.00197205,-0.0002625,2370.55
0,5025364,4,phononTS,0.000588278,-0.00204492,0.00172526,-0.000262498,788.378,0.000382,1,-0.00200029,0.00200148,0.0002625,904.953
0,5025802,3,phononTF,0.00130795,-0.00134088,0.0013484,-0.000262498,540.181,0.000382,1,-0.00199561,0.00199915,0.0002625,721.981
0,5028800,6,phononTF,0.000627856,-0.00145655,0.00147766,-0.000262498,385.148,0.000382,1,0.00100417,-0.000999354,0.0002625,989.595
0,5032711,18,phononL,0.000517639,-0.00221193,0.0028275,-0.0002625,596.936,0.000382,1,-0.000999832,0.00299556,0.0002625,914.762
0,5034984,16,phononTF,0.000553895,-0.005,-0.00432325,5.8366e-05,9043.47,0.000553895,1,-0.00471829,-0.00403146,-0.0002625,11411.7
0,5037820,1,phononTS,0.01,-0.00199201,0.00198926,0.00015685,0,0.00191,1,-0.00199972,0.0019955,0.0002625,612.023
0,5037823,8,phononTF,0.000413041,-0.000916644,0.000922473,-0.0002625,280.223,0.000382,1,-0.000997967,0.000998762,0.0002625,857.672
0,5039296,12,phononTF,0.000922915,-0.00178517,0.000115155,-0.0002625,4131.04,0.000382,1,-0.00199804,-3.89397e-06,0.0002625,5581.73
0,5041056,8,phononTF,0.000544182,0.00170142,0.00169936,-0.0002625,8066.29,0.000382,1,0.00199675,0.00200323,0.0002625,8420.63
0,5041056,3,phononTS,0.00161801,-0.00118849,0.00141992,0.000262498,128.297,0.000264817,1,-0.000327673,0.00134926,-0.0002625,327.419
0,5041790,6,phononTF,0.0011876,-0.00223617,-0.00223855,-0.0002625,5095.58,0.000382,1,-0.00200051,-0.00199625,0.0002625,7418.16
0,5044187,4,phononTS,0.000910381,-0.000984807,-7.63779e-05,-0.0002625,586.709,0.000382,1,-0.00100009,-0.0009972,0.0002625,1219.92
0,5044885,5,phononTS,0.00143976,-0.00099811,0.00100133,0.000262498,4081.15,0.00095956,1,0.000259249,-5.27403e-05,-0.0002625,4424.11
0,5046438,15,phononTF,0.000410781,-0.000298964,0.00260079,-0.0002625,4437.74,0.000382,1,1.25627e-06,0.00199541,0.0002625,5302.56
0,5048037,26,phononL,0.000836564,-0.000310464,0.00188621,-0.0002625,1141.79,0.000382,1,-3.25051e-07,0.00199937,0.0002625,1349.17
0,5052168,6,phononTF,0.000641614,-0.000927189,0.00105761,-0.0002625,461.059,0.000382,1,-0.000998728,0.000998934,0.0002625,1108.67
0,5053241,4,phononL,0.00188784,-0.0016582,0.0017548,-0.0002625,24.0767,0.000764,1,-0.00199925,0.00199566,0.0002625,171.701
0,5058212,6,phononTF,0.000719163,-0.00141149,0.00358452,-0.000262498,768.948,0.000382,1,-0.000998502,0.00299872,0.0002625,927.268
0,5059101,9,phononTS,0.000499146,0.00265858,0.00112421,-0.0002625,11390.8,0.000382,1,0.00300203,0.00100166,0.0002625,12389.1
0,5060424,6,phononTS,0.0027854,0.00299756,0.00100489,0.0002625,2375.29,0.000841823,1,0.0029213,0.00102422,-0.0002625,11355.5
0,5060701,7,phononTS,0.000419499,-0.000219619,0.00294423,-0.000262498,1197.47,0.000382,1,-0.000997712,0.00300402,0.0002625,1387.78
0,5062024,12,phononTF,0.000761488,-0.000525692,-0.00254771,-0.000262498,13018,0.000382,1,4.79569e-06,-0.00200257,0.0002625,13177
0,5062780,8,phononTF,0.000511231,-0.00200376,0.00200136,0.000262498,302.949,0.000511231,1,0.0020312,0.00274171,-0.0002625,1036.83
0,5065279,7,phononL,0.0006021,-0.000682958,0.00269135,-0.0002625,2860.16,0.000382,1,-0.00100478,0.00300097,0.0002625,3479.65
0,5065335,8,phononTF,0.000559503,-0.000998547,0.0010009,0.000262498,346.916,0.000186492,1,-0.000682935,0.00106118,-0.0002625,459.517
0,5065603,13,phononTF,0.000697577,-0.00185005,0.00213605,-0.0002625,804.058,0.000382,1,-0.00200001,0.00200031,0.0002625,1094.13
0,5066520,8,phononTF,0.00187884,0.00147326,-0.000509072,-0.0002625,5477.01,0.001146,1,0.00200263,2.97754e-06,0.0002625,7179.28
0,5067016,10,phononTS,0.0014344,-0.00170599,0.00240517,-0.0002625,787.641,0.000764,1,-0.000997882,0.00299552,0.0002625,1699.4
0,5067079,2,phononTF,0.00192103,-0.00121273,0.00121859,-0.0002625,20.8958,0.000764,1,-0.00100166,0.00100139,0.0002625,228.384
0,5070082,3,phononTF,0.00151192,-0.00154416,0.00153741,-0.000262498,336.907,0.000382,1,-0.00199936,0.00200329,0.0002625,480.088
0,5071207,2,phononTF,0.000802124,-0.000118273,0.000113055,-0.0002625,171.892,0.000382,1,4.68949e-06,-3.64644e-06,0.0002625,1210.58
0,5072505,28,phononTF,0.000550217,-0.000932928,0.000935074,-0.000262498,792.966,0.000382,1,-0.000998188,0.000999269,0.0002625,884.2
0,5074415,6,phononTF,0.00105138,5.73497e-05,-0.00161394,-0.0002625,965.343,0.000764,1,-2.17661e-06,-0.00200357,0.0002625,1694.86
0,5076611,4,phononTS,0.00190231,-0.0010265,0.00110257,-0.0002625,516.374,0.000382,1,-0.00100443,0.000998929,0.0002625,814.447
0,5084634,7,phononTF,0.00092936,2.52717e-06,0.00200166,0.000262498,587.86,0.00092936,1,4.98992e-05,0.00231571,-0.0002625,700.199
0,5084659,11,phononTF,0.000449333,-0.000669237,-0.000684988,-0.000262498,836.349,0.000382,1,-0.000995825,-0.00100448,0.0002625,955.566
0,5085576,7,phononTS,0.000752325,-0.00100319,0.00300406,0.000262498,652.146,0.000647204,1,-0.00100579,0.00341255,-0.0002625,786.917
0,5089934,9,phononTS,0.000822547,-0.00183216,0.00199596,-0.0002625,600.92,0.000382,1,-0.00200173,0.00200145,0.0002625,919.722
0,5091267,8,phononL,0.000463369,-0.00112438,0.00361239,-0.0002625,1860.3,0.000382,1,-0.000998482,0.00299699,0.0002625,2456.96
0,5092257,18,phononTS,0.000579569,-0.000998481,-0.00100055,0.000262498,1057.41,0.000579569,1,-0.0014498,-0.00104797,-0.0002625,1199.9
0,5093231,22,phononTF,0.000412838,-0.00239676,0.00417214,-0.0002625,927.182,0.000382,1,2.46681e-06,4.90447e-06,0.0002625,2939.76
0,5093911,4,phononTF,0.000932597,-0.00147278,0.0010891,-0.000262498,361.051,0.000764,1,-0.00199742,3.16953e-07,0.0002625,601.436
0,5096918,3,phononTF,0.00139435,-0.000921965,0.00106648,-0.0002625,73.0337,0.000382,1,-0.000995293,0.000995818,0.0002625,321.024
0,5100902,4,phononTF,0.00122696,-0.00188535,-0.00010343,-0.0002625,9.35616,0.000382,1,-0.00199549,1.64043e-06,0.0002625,553.321
0,5100902,5,phononTS,0.000710948,-0.00199549,1.64043e-06,0.000262498,553.321,0.000162806,1,-0.00167255,-3.9862e-05,-0.0002625,675.633
0,5102424,2,phononL,0.00283671,0.00112554,-0.00110817,-0.0002625,29.5846,0.000764,1,0.00199698,-0.00200296,0.0002625,650.582
0,5103228,7,phononTS,0.000385404,-0.00181024,0.000796675,-0.0002625,742.062,0.000382,1,-0.000996801,0.00100251,0.0002625,3196.9
0,5105137,3,phononTS,0.00494954,-0.00099985,0.000996206,0.0002625,676.151,0.00224396,1,-0.000667866,0.00104032,-0.0002625,821.277
0,5114882,7,phononTS,0.00147384,-0.0015765,0.00268105,-0.0002625,477.691,0.000764,1,-0.00100431,0.00300493,0.0002625,1290.68
0,5121612,4,phononTF,0.00105959,-0.0019951,0.00200368,0.0002625,279,0.000550752,1,-0.00223175,0.0022514,-0.0002625,708.043
0,5123864,14,phononTS,0.000392908,-0.000859762,-0.000990022,-0.0002625,14322.3,0.000382,1,-0.000995323,-0.00099543,0.0002625,14631.2
0,5124635,12,phononTF,0.000523056,-0.00298249,-0.000704009,-0.000262498,1848.38,0.000382,1,-0.00299931,-0.000995528,0.0002625,1957.81
0,5125587,15,phononTF,0.000688483,-0.0023769,-0.0001505,-0.0002625,340.532,0.000382,1,-0.000998257,0.00100309,0.0002625,2097.26
0,5126029,9,phononTF,0.000835871,-0.000815641,0.000818161,-0.000262498,263.476,0.000764,1,-0.000997621,0.000995254,0.0002625,363.304
0,5126191,7,phononTF,0.00143188,-0.000903288,0.00288542,-0.0002625,219.934,0.001146,1,3.51819e-06,0.00199794,0.0002625,1118.57
0,5133113,3,phononTF,0.00181753,-0.00169893,0.00177983,-0.0002625,20.2847,0.001146,1,-0.00200196,0.00199894,0.0002625,246.855
0,5134581,16,phononTS,0.000495392,-0.00100215,0.00100279,0.000262498,515.4,0.000495392,1,-0.000998314,0.00105807,-0.0002625,606.283
0,5136017,23,phononTS,0.00106798,-4.44987e-05,0.00221265,-0.0002625,4659.65,0.000382,1,-3.27269e-06,0.00199902,0.0002625,5207.08
0,5145337,5,phononTS,0.000681699,-0.000376799,-1.23395e-05,-0.0002625,1036.99,0.000382,1,1.38862e-06,-1.63807e-06,0.0002625,2202.45
0,5148889,10,phononTF,0.0017254,0.00137038,0.00111753,-0.0002625,880.544,0.000382,1,0.00100262,-0.00100193,0.0002625,2568.42
0,5151774,12,phononTF,0.0010761,-0.00203805,0.00204565,-0.000262498,1367.35,0.000382,1,-0.00199863,0.00200477,0.0002625,1457.76
0,5151774,13,phononTS,0.000492314,-0.00199863,0.00200477,0.000262498,1457.76,0.000492314,1,-0.00191859,0.00179252,-0.0002625,1573.36
0,5151774,3,phononTF,0.00112583,-0.00138402,0.00156793,0.000262498,10.2321,0.0006392,1,-0.00158648,0.00201651,-0.0002625,142.804
0,5153816,16,phononTS,0.000669464,0.000124615,0.000734075,-0.0002625,1184.26,0.000382,1,0.00199798,0.00200068,0.0002625,4881.99
0,5156774,5,phononTS,0.000803859,-0.000713089,0.0010239,-0.000262498,649.621,0.000382,1,-0.000999007,0.00100397,0.0002625,768.11
0,5158751,17,phononTS,0.000477208,-1.02525e-06,-0.00199933,0.000262498,10889.6,0.000477208,1,-2.07929e-05,-0.00204941,-0.0002625,10979.5
0,5159372,3,phononTS,0.00063141,0.00305335,-0.00144695,-0.0002625,22.9631,0.000382,1,0.00199971,-0.00200022,0.0002625,2577.33
0,5161453,34,phononTS,0.000428012,0.00203335,-0.00194166,-0.0002625,35335.7,0.000382,1,0.00200496,-0.00199621,0.0002625,36970.1
0,5161453,17,phononTS,0.000924544,-0.00237631,0.00209704,0.000262498,819.828,0.000924544,1,-0.00322545,0.0022519,-0.0002625,1022.87
0,5165033,5,phononTS,0.000760229,0.00275737,0.00194239,-0.000262498,2707.33,0.000382,1,0.00200305,0.00199728,0.0002625,2889.83
0,5168680,10,phononTS,0.000465491,-0.00103506,0.00171956,-0.000262498,177.58,0.000382,1,-0.00100062,0.000997414,0.0002625,355.68
0,5170871,10,phononTS,0.000590459,-0.00269185,-0.00151835,-0.000262498,2651.74,0.000382,1,0.00100493,0.00100361,0.0002625,3490.64
0,5170871,2,phononTF,0.00124776,-0.00114856,0.00174308,0.000262498,168.893,0.000603999,1,-0.000809218,0.00206942,-0.0002625,290.279
0,5170883,12,phononTS,0.000470324,-0.00158893,0.0020216,-0.000262498,602.066,0.000382,1,-0.00200326,0.00199572,0.0002625,736.22
0,5171459,11,phononTF,0.000547221,-0.00199698,-9.98067e-07,0.000262498,5024.71,0.000547221,1,-0.00222526,0.000216501,-0.0002625,5129.49
0,5171581,4,phononTS,0.000532785,0.00100408,0.001001,0.0002625,663.091,0.000532785,1,0.00125722,0.00104473,-0.0002625,1369.43
0,5171581,2,phononL,0.00108899,-0.00136161,0.00149801,0.000262498,7.19141,0.000378526,1,-0.00177357,0.00146251,-0.0002625,80.3055
0,5173118,11,phononTS,0.000503705,-0.000950418,0.0027342,-0.0002625,2296.48,0.000382,1,-0.000995065,0.00300145,0.0002625,2874.07
0,5181151,11,phononTF,0.000711463,0.00108629,0.00106079,-0.0002625,6642.27,0.000382,1,0.000996785,0.00100114,0.0002625,10856.1
0,5184400,17,phononTS,0.00092916,0.00182668,1.29486e-05,-0.0002625,2404.6,0.000764,1,0.00199537,-2.89451e-06,0.0002625,4910.38
0,5188026,6,phononTS,0.00170661,-0.00102117,-0.00111685,-0.0002625,551.737,0.001146,1,-0.000995891,-0.0010018,0.0002625,1142.78
0,5188027,1,phononL,0.01,-0.00125617,0.00165051,0.000150649,0,0.00381327,1,-0.000994761,0.00141126,-0.0002625,123.466
0,5193419,6,phononTS,0.000795554,-0.00199998,-5.84624e-07,0.000262498,7126.34,0.000301935,1,-0.00192945,-7.75188e-06,-0.0002625,7222.28
0,5195797,3,phononTF,0.00632358,-0.00104938,0.000937011,0.000146203,345.793,0.00191,1,-0.00100004,0.00099675,0.0002625,484.575
0,5196881,8,phononTS,0.000766353,0.00100366,-0.00299702,0.0002625,2648.67,0.000271998,1,0.00142676,-0.00303403,-0.0002625,3970.38
0,5200183,2,phononTS,0.000496722,-0.00106044,0.00193158,-0.0002625,162.107,0.000382,1,-0.00200498,0.00199843,0.0002625,506.01
0,5200860,4,phononTF,0.00106637,0.0030264,0.00101983,-0.0002625,576.026,0.000382,1,0.00300233,0.000995728,0.0002625,3646.56
0,5201454,5,phononTF,0.000496498,-0.00011985,0.000103047,-0.0002625,493.816,0.000382,1,-0.00100165,0.000998227,0.0002625,1549.66
0,5205276,7,phononTS,0.000387094,0.00296242,0.00149641,-0.000262498,2814.54,0.000382,1,0.00300111,0.000999766,0.0002625,2959.9
0,5210702,2,phononTF,0.00258712,-0.00168928,0.00169122,-0.0002625,386.857,0.000382,1,-0.00199757,0.00200157,0.0002625,621.233
0,5210882,5,phononTF,0.000811832,-0.000727905,-0.00127437,-0.0002625,171.257,0.000382,1,-0.000997471,-0.000997991,0.0002625,2978.52
0,5219220,7,phononTF,0.000754275,-2.23863e-05,0.00201595,-0.0002625,1319.91,0.000382,1,-1.44406e-06,0.00199611,0.0002625,1589.95
0,5221046,13,phononL,0.000707191,0.000999048,0.000996052,0.0002625,10454.6,0.000143763,1,0.00128656,0.00133869,-0.0002625,10909
0,5228906,5,phononTF,0.00202192,-0.000189782,0.00182076,-0.0002625,789.687,0.000382,1,-1.74084e-06,0.00200186,0.0002625,1224.23
0,5229942,17,phononTS,0.000579066,0.00011321,-0.0037953,-0.0002625,3287.43,0.000382,1,-1.60536e-06,-0.00199934,0.0002625,4700.47
0,5229943,1,phononTF,0.01,-0.001225,0.00146859,-0.000237778,0,0.00262123,1,-0.00119491,0.00149781,-0.0002625,250.391
0,5233776,19,phononTS,0.000471181,0.0011304,0.00104606,-0.0002625,3233.95,0.000382,1,0.00100274,0.00100159,0.0002625,4048.97
0,5234524,6,phononTS,0.000501398,-0.00096911,0.00113297,-0.0002625,1919.43,0.000382,1,-0.00100163,0.000996127,0.0002625,2420.12
0,5235916,3,phononTF,0.0018051,-0.000648264,0.000648187,-0.0002625,220.112,0.000764,1,-1.89698e-06,4.36635e-06,0.0002625,580.503
0,5240460,3,phononTS,0.00286229,-0.00137165,0.00202684,-0.0002625,458.141,0.000764,1,-0.00199602,0.00199731,0.0002625,896.224
0,5240460,6,phononTF,0.000618298,-0.00199602,0.00199731,0.000262498,896.224,0.000282115,1,0.00447305,0.00425329,-0.0002625,2093.32
0,5240460,5,phononTF,0.000423593,-0.00199602,0.00199731,0.000262498,896.224,0.000423593,1,-0.00222618,0.00221937,-0.0002625,1001.43
0,5241040,3,phononTF,0.00229436,0.00104523,-0.00271409,-0.0002625,887.611,0.000382,1,0.000999927,-0.00300472,0.0002625,2950.19
0,5241040,5,phononTS,0.000462074,0.000999927,-0.00300472,0.000262498,2950.19,0.000462074,1,0.00179385,-0.00291953,-0.0002625,3138.51
0,5244212,4,phononTF,0.000889387,-0.000863805,0.000866458,-0.0002625,29.629,0.000764,1,-0.00100112,0.000996195,0.0002625,288.97
0,5248102,6,phononTS,0.000886026,-0.00105628,0.00150654,-0.000262498,122.824,0.000382,1,-0.00100448,0.00100381,0.0002625,268.733
0,5248697,6,phononTS,0.00114166,-0.000976155,0.00303243,-0.0002625,506.022,0.000382,1,-0.000999142,0.00299629,0.0002625,1154.65
0,5248697,7,phononTS,0.00063396,-0.000999142,0.00299629,0.000262498,1154.65,0.000519153,1,-0.00109117,0.0029492,-0.0002625,1252.11
0,5248697,3,phononTS,0.00169531,-0.00136623,0.00163402,0.000262498,23.5204,0.00138952,1,-0.000734458,0.00158725,-0.0002625,191.353
0,5252436,9,phononTF,0.000700308,0.00228033,-0.000304469,-0.000262498,2018.43,0.000382,1,0.00200458,4.03371e-06,0.0002625,2134.13
0,5252517,5,phononTF,0.000811828,0.00257082,0.00136656,-0.0002625,478.446,0.000764,1,0.00299741,0.000997084,0.0002625,1355.08
0,5252637,11,phononTF,0.000682176,0.00175577,0.000108484,-0.0002625,3016.77,0.000382,1,0.00200396,2.59718e-06,0.0002625,4392.13
0,5252638,1,phononTF,0.01,-0.00139527,0.00153475,-0.000188627,0,0.00360632,1,-0.00121064,0.001721,-0.0002625,1392.22
0,5254768,2,phononTS,0.000384044,-0.00055945,0.000950029,-0.0002625,400.784,0.000382,1,-0.00100227,0.000995295,0.0002625,1173.98
0,5255129,6,phononTF,0.000650956,-0.00312793,-0.000846302,-0.0002625,1516.71,0.000382,1,-0.00300008,-0.00100409,0.0002625,1812.07
0,5255632,1,phononL,0.01,-0.000993084,0.000990185,0.000250167,0,0.001528,1,-0.0010036,0.00099712,0.0002625,375.649
0,5258251,16,phononTS,0.00118054,-0.000937922,0.000512447,-0.000262498,8363.75,0.000764,1,-0.00100182,0.000999423,0.0002625,8511.9
0,5261203,8,phononTS,0.00115597,-0.00160364,0.000743254,-0.0002625,2070.02,0.000382,1,-2.28667e-07,3.65617e-06,0.0002625,4681.79
0,5267425,7,phononTS,0.000419693,-0.00195852,-5.42672e-06,-0.000262498,2885.16,0.000382,1,-0.0019973,5.8922e-07,0.0002625,2976.37
0,5269386,3,phononTF,0.00657597,-0.00102654,0.00102987,0.000137523,18.2063,0.001528,1,-0.000996743,0.00100159,0.0002625,336.309
0,5271402,6,phononTS,0.000591074,-0.000579249,0.000553801,-0.000262498,2012.7,0.000382,1,4.33533e-06,3.05356e-06,0.0002625,2215.17
0,5272487,2,phononTF,0.00141757,-0.000219566,0.000245372,-0.0002625,58.2166,0.000382,1,1.76178e-06,2.11078e-06,0.0002625,699.332
0,5274405,10,phononTS,0.00041614,0.000464127,-0.005,4.68844e-05,4791.11,0.00041614,1,0.000283669,-0.00444123,-0.0002625,5651.3
0,5277431,4,phononTF,0.00176613,-0.00194632,0.00160716,-0.0002625,213.801,0.000382,1,2.00575e-06,0.00199785,0.0002625,1624.14
0,5280906,14,phononTF,0.000549881,0.00313951,0.000853102,-0.0002625,12231,0.000382,1,0.0030047,0.000995216,0.0002625,12518.7
0,5281211,17,phononTF,0.000788208,0.00199876,0.00199597,0.0002625,4802.01,0.000454222,1,0.00254026,0.00252095,-0.0002625,5116.48
0,5282700,4,phononTF,0.00125953,-0.00265493,-0.00066179,-0.0002625,1723.48,0.000382,1,-0.00299821,-0.00100076,0.0002625,2288.54
0,5284476,4,phononTS,0.00195179,0.000643009,0.000975952,-0.0002625,70.3772,0.001146,1,0.00100313,0.00100082,0.0002625,2190.37
0,5289020,22,phononTF,0.000724822,-0.00113243,-0.000876381,-0.0002625,3479.3,0.000382,1,-0.0010001,-0.00100403,0.0002625,3937.35
0,5293121,6,phononTS,0.00051723,-0.000997032,0.000999921,0.000262498,406.194,0.00051723,1,-0.00165386,9.72426e-05,-0.0002625,659.88
0,5297709,25,phononTF,0.000419996,0.000765314,-0.00145165,-0.000262498,15236.6,0.000382,1,0.000997906,0.000996782,0.0002625,15695
0,5298992,4,phononTF,0.00051727,-0.00200329,-0.00199693,0.0002625,326.675,0.00051727,1,-0.0017802,-0.0021849,-0.0002625,1577.29
0,5299784,7,phononTF,0.00156059,-0.00191254,9.48991e-05,-0.0002625,2190.13,0.000382,1,-0.00199534,-3.44558e-06,0.0002625,2654.07
0,5301177,15,phononTF,0.00077015,-0.00259868,0.00150902,-0.000262498,1691.34,0.000382,1,-0.00199642,0.00199778,0.0002625,1855.59
0,5301274,2,phononTF,0.00157463,-0.00115678,0.00115198,-0.0002625,106.27,0.000764,1,-0.000998696,0.000997998,0.0002625,301.244
0,5306221,4,phononTS,0.000583194,-0.000232109,0.00123646,-0.000262498,444.58,0.000382,1,1.13003e-06,0.00200336,0.0002625,642.715
0,5306395,13,phononTF,0.000604354,0.00219663,0.0022662,-0.0002625,753.661,0.000382,1,0.00199706,0.00199882,0.0002625,1954.12
0,5307462,9,phononTS,0.000564694,-0.00126254,0.00119214,-0.0002625,190.982,0.000382,1,-1.41679e-06,0.00199706,0.0002625,2347.96
0,5307462,2,phononTF,0.00279876,-0.00135188,0.00140507,0.000262498,67.4665,0.0011249,1,-0.00107013,0.00158876,-0.0002625,177.448
0,5308490,5,phononTS,0.00102835,0.00199569,0.00200113,0.000262499,515.548,0.000770741,1,0.0022912,0.00202198,-0.0002625,635.149
0,5310604,19,phononTS,0.0008492,-0.00100085,0.000998416,0.000262498,1848.94,0.0008492,1,-0.00105316,0.00154623,-0.0002625,2001.18
0,5313051,9,phononL,0.000772663,-0.00014752,-0.00225955,-0.0002625,2053.31,0.000382,1,3.06574e-07,-0.00199781,0.0002625,2257.14
0,5321611,10,phononL,0.00115774,-0.00225635,0.000267841,-0.0002625,530.819,0.000382,1,-0.00200305,0.00200493,0.0002625,894.884
0,5321666,10,phononTS,0.000736264,-0.00243063,-0.000635034,-0.0002625,616.194,0.000382,1,-0.00299897,-0.000997556,0.0002625,1159.88
0,5323148,17,phononTS,0.000472323,0.005,0.00296477,-6.04476e-05,11388.1,0.000382,1,0.00300244,0.000996448,0.0002625,12127.9
0,5326431,2,phononTF,0.00262175,-0.00124878,0.00125216,-0.0002625,650.18,0.001528,1,-0.00100289,0.00100258,0.0002625,974.326
0,5330654,4,phononTF,0.00223171,0.000388527,-0.000391249,-0.0002625,54.9344,0.000382,1,0.000995897,-0.000998972,0.0002625,745.608
0,5331204,22,phononTS,0.000593677,0.000998628,9.12592e-05,-0.000262498,4355.75,0.000382,1,0.00200329,-4.91947e-06,0.0002625,4583.28
0,5333941,4,phononTS,0.000578356,-0.0026268,-3.82398e-05,-0.0002625,33.2891,0.000382,1,-0.00199828,3.06884e-06,0.0002625,1698.66
0,5333981,6,phononTS,0.00066296,9.37239e-08,0.00199957,0.0002625,571.518,0.00066296,1,3.61112e-05,0.00195652,-0.0002625,3546.39
0,5337004,8,phononTS,0.000415574,-0.00379591,-0.00107991,-0.000262498,1642,0.000382,1,-0.00299514,-0.00100296,0.0002625,1831.53
0,5339643,4,phononTS,0.00220206,-0.000977245,-0.00121524,-0.0002625,3319.49,0.000382,1,-0.00099899,-0.0010003,0.0002625,3613.73
0,5345550,19,phononTS,0.000471969,-6.14888e-07,0.00200023,0.000262498,788.075,0.000471969,1,-7.99765e-05,0.00195083,-0.0002625,884.4
0,5347735,7,phononTF,0.000973185,0.000365146,-0.00366299,-0.0002625,4132.91,0.000382,1,0.00100363,-0.00299624,0.0002625,4681.42
0,5347735,8,phononTF,0.000384447,0.00100363,-0.00299624,0.000262498,4681.42,0.000384447,1,0.000818648,-0.00319993,-0.0002625,4783.5
0,5353531,4,phononTS,0.00075158,-0.00146701,0.00205018,-0.000262498,441.27,0.000382,1,-0.00200232,0.00199627,0.0002625,591.715
0,5353754,14,phononTS,0.000996304,-0.00224873,0.00258331,-0.0002625,2839.52,0.000382,1,-0.00200019,0.00199502,0.0002625,5438.25
0,5360408,15,phononTS,0.000516276,-0.00243361,0.005,0.000119657,7063.19,0.000382,1,-0.00200431,0.00200248,0.0002625,14744.7
0,5361721,7,phononTF,0.00158117,-0.00125768,0.00126817,-0.000262498,352.228,0.000382,1,-0.00099699,0.00100299,0.0002625,462.709
0,5362205,7,phononTS,0.000634722,-0.00199662,-3.37486e-06,0.000262498,3181.12,0.000634722,1,-0.00328663,-0.0020071,-0.0002625,3652.01
0,5362214,17,phononTF,0.000447233,-0.0027875,0.005,-5.63288e-05,8934.63,0.000382,1,1.67078e-06,0.00200193,0.0002625,13663.4
0,5372074,18,phononTS,0.000400878,-0.000474608,0.000951663,-0.000262498,913.61,0.000382,1,-0.00100478,0.000995886,0.0002625,1066.77
0,5373723,3,phononTS,0.000559188,-0.000120814,-2.13376e-05,-0.0002625,239.224,0.000382,1,-2.32284e-06,3.83165e-06,0.0002625,2554.32
0,5374611,8,phononTS,0.00117807,-0.00131958,0.00201224,-0.0002625,1946.54,0.000764,1,-0.00199678,0.00200472,0.0002625,2463.95
0,5374760,9,phononTS,0.000575351,-0.00198839,0.00200054,-0.0002625,1675.77,0.000382,1,-0.00200274,0.00199732,0.0002625,1957.76
0,5375345,14,phononTS,0.000565838,-0.00200353,0.000387607,-0.0002625,322.394,0.000382,1,-0.00199774,1.151e-07,0.0002625,717.477
0,5375968,5,phononTF,0.00174588,-0.000761526,0.00130208,-0.000262498,111.477,0.000382,1,-0.00100438,0.00299654,0.0002625,444.688
0,5376908,15,phononTF,0.000538906,-0.00145149,0.00145198,-0.000262498,102.207,0.000382,1,-0.00100254,0.000999875,0.0002625,243.762
0,5378800,8,phononTF,0.000660451,-0.000440136,0.0021195,-0.0002625,1098.84,0.000382,1,-0.000998183,0.00299655,0.0002625,3440.18
0,5378999,14,phononTS,0.000643404,-0.00101189,0.000985765,-0.0002625,5367.68,0.000382,1,-0.00100011,0.0010016,0.0002625,9731.08
0,5381937,4,phononTS,0.00156638,-0.00116592,0.00221986,-0.0002625,60.2543,0.000382,1,-0.000997201,0.002999,0.0002625,442.509
0,5383118,12,phononTS,0.000486197,-0.00381375,-0.000940728,-0.000262498,871.735,0.000382,1,-0.0030016,-0.000999624,0.0002625,1065.74
0,5383930,12,phononTS,0.00133506,-0.00199851,-0.00199721,0.000262498,1365.28,0.000509356,1,-0.00197446,-0.0019829,-0.0002625,1455.09
0,5390347,3,phononTF,0.0029867,-0.00183244,0.00185822,-0.0002625,121.181,0.000382,1,-0.00200299,0.00199794,0.0002625,514.255
0,5390347,4,phononTS,0.00201806,-0.00200299,0.00199794,0.000262498,514.255,0.000212276,1,-0.0029722,0.0016805,-0.0002625,743.981
0,5392469,20,phononTS,0.000439449,-0.00100269,0.00299982,0.000262498,2627.65,0.000439449,1,-0.00102995,0.00305447,-0.0002625,2720
0,5393244,14,phononTS,0.000603849,-0.000998101,0.00247772,-0.0002625,3192.23,0.000382,1,-0.000996162,0.00299816,0.0002625,3638.23
0,5393245,1,phononTS,0.01,-0.00104954,0.00181138,-0.000246388,0,0.00307583,1,-0.00100052,0.0018431,-0.0002625,385.983
0,5395566,6,phononTS,0.00150748,0.00130423,-0.00101265,-0.000262498,6032.02,0.000382,1,0.00100072,-0.00100019,0.0002625,6152.9
0,5398621,6,phononL,0.00104506,-0.000518419,0.00111249,-0.0002625,778.047,0.000382,1,-0.000997822,0.00100039,0.0002625,1012.15
0,5401571,6,phononTS,0.00131407,0.00204086,0.000374077,-0.0002625,131.427,0.000382,1,0.00199944,-1.07538e-06,0.0002625,2005.49
0,5408038,10,phononTS,0.000407212,-0.00100346,0.000997051,0.0002625,1385.78,0.000407212,1,-0.00101738,0.00103354,-0.0002625,1569.95
0,5408038,9,phononTF,0.00147761,-0.000989538,0.000960557,-0.000262498,1385.78,0.00147761,1,0.00305246,0.005,8.66217e-05,2365.94
0,5412201,5,phononTS,0.000794059,0.00104017,0.00104867,-0.000262498,343.094,0.000382,1,0.00100058,0.0010038,0.0002625,432.276
0,5416224,6,phononTS,0.000771904,-0.000919978,0.000947524,-0.000262498,331.18,0.000382,1,-0.000996369,0.000998736,0.0002625,427.229
0,5417448,10,phononTF,0.000394658,-0.00299734,-0.000997873,0.000262498,1385.57,0.000394658,1,-0.00356794,-0.000467561,-0.0002625,1547.86
0,5418659,13,phononTF,0.000771443,-0.000624055,0.0013787,-0.0002625,1818.66,0.000382,1,-0.000995665,0.00100343,0.0002625,2697.5
0,5419465,8,phononTF,0.000906807,-0.00199699,0.00199664,0.000262498,732.363,0.000116228,1,-0.00153736,0.00215579,-0.0002625,866.103
0,5419854,19,phononTS,0.000622695,-0.00172713,0.00210558,-0.0002625,254.517,0.000382,1,-0.00200499,0.0019986,0.0002625,780.271
0,5425317,11,phononTF,0.000905824,-0.00241612,0.00191526,-0.000262498,2803.52,0.000382,1,-0.00199892,0.0019981,0.0002625,2930.41
0,5425847,3,phononTF,0.000575697,-0.00186284,0.00190934,-0.0002625,34.2193,0.000382,1,-0.00200304,0.00199617,0.0002625,270.283
0,5432805,9,phononTF,0.00043816,0.00186304,-0.00186073,-0.0002625,2261.94,0.000382,1,0.00199588,-0.00199798,0.0002625,2548.83
0,5433202,12,phononTF,0.000549187,0.00199884,-0.00200425,0.0002625,3173.1,0.000549187,1,0.00183843,-0.00216659,-0.0002625,3369.1
0,5433743,9,phononTS,0.000665172,0.000778303,0.00093705,-0.000262499,8778.69,0.000382,1,0.00100207,0.000998567,0.0002625,8894.28
0,5435071,7,phononTF,0.00040685,-0.00206254,-0.00194026,-0.000262498,4823.57,0.000382,1,-0.00200028,-0.00199832,0.0002625,4914.67
0,5435555,6,phononTS,0.000772271,-0.000161837,0.005,0.000129586,523.122,0.000772271,1,0.000937515,0.00305127,-0.0002625,1691.83
0,5435830,17,phononTS,0.000699386,-0.00089524,0.00198053,-0.0002625,2697.49,0.000382,1,-0.00099804,0.001,0.0002625,6566.43
0,5436023,10,phononTF,0.000473534,0.000922935,-0.000995776,-0.0002625,8815.92,0.000382,1,0.000997875,-0.000998016,0.0002625,9089.82
0,5436233,7,phononTF,0.000392661,-0.0011669,0.00283608,-0.0002625,2051.98,0.000382,1,-0.00100163,0.00300162,0.0002625,2347.49
0,5439336,5,phononTF,0.00125502,0.000936917,0.00110863,-0.0002625,2567.45,0.000764,1,0.00100398,0.00100084,0.0002625,3309.7
0,5443358,8,phononTF,0.000751276,-0.00199592,0.00200371,0.0002625,3383.39,0.000483441,1,-0.00265464,0.00134563,-0.0002625,3749.39
0,5444372,5,phononTS,0.000398255,-0.000996327,-0.00100161,0.0002625,744.859,0.000398255,1,-0.000916736,-0.00101604,-0.0002625,1165.03
0,5444996,11,phononTF,0.000779095,0.0020012,0.00200222,0.000262498,1570.91,0.000779095,1,0.00209328,0.00190789,-0.0002625,1663.57
0,5445689,3,phononTF,0.00209218,-0.000519289,0.00253601,-0.0002625,79.7118,0.000764,1,-1.78126e-07,0.0020008,0.0002625,642.387
0,5445722,11,phononTS,0.000681106,0.000995607,0.000995048,0.000262498,699.559,0.000681106,1,-0.00495382,-0.005,7.46525e-05,2170.18
0,5445724,6,phononTF,0.000837708,-0.0024008,0.00238498,-0.0002625,1813.99,0.000382,1,-0.00200084,0.00199751,0.0002625,2206.87
0,5445950,19,phononTS,0.000579143,0.000382228,-0.00220003,-0.0002625,3349.34,0.000382,1,0.000998683,-0.00299565,0.0002625,6238.81
0,5450206,16,phononTS,0.000385796,6.80706e-05,-0.000857017,-0.0002625,12298.5,0.000382,1,2.57737e-06,5.281e-07,0.0002625,12894.6
0,5450683,15,phononTS,0.000699808,-0.00164635,0.00296565,-0.0002625,7451.01,0.000382,1,-0.00099982,0.00300138,0.0002625,9904.63
0,5450696,2,phononTS,0.00259312,-0.000677731,0.000292502,-0.000262498,1048.5,0.000764,1,-3.41424e-07,-2.96201e-06,0.0002625,1238.43
0,5451312,4,phononTS,0.00175613,-0.00189353,4.28623e-05,-0.0002625,3356.58,0.000382,1,-0.0019997,1.68175e-06,0.0002625,3850.88
0,5455345,8,phononTF,0.000959724,-0.005,0.00368427,-0.000251958,693.135,0.000382,1,-2.09541e-06,0.00200267,0.0002625,1869.88
0,5456731,4,phononTF,0.00245368,-0.00211618,0.000138482,-0.0002625,882.224,0.000382,1,-0.00199863,4.84961e-06,0.0002625,1263.28
0,5457686,7,phononTS,0.00267408,-0.00203996,0.0018657,-0.0002625,409.203,0.001146,1,-0.00200315,0.00200011,0.0002625,1511.87
0,5463180,6,phononTF,0.000668738,0.000409282,0.000392279,-0.0002625,805.983,0.000382,1,9.90077e-07,-1.54457e-07,0.0002625,1202.27
0,5464323,7,phononTF,0.00117433,-0.000999037,0.00299935,0.0002625,2025.71,0.000760697,1,-0.00107852,0.00292415,-0.0002625,2209.3
0,5466111,6,phononTS,0.000702243,-0.000971995,0.0010165,-0.0002625,1039.29,0.000382,1,-0.00100436,0.00100194,0.0002625,1329.53
0,5472467,15,phononTS,0.000614083,-6.68409e-05,-0.0020133,-0.0002625,4944.25,0.000382,1,2.86248e-07,-0.00200201,0.0002625,6069.6
0,5474598,6,phononTF,0.000701438,-4.96173e-06,0.00200068,0.0002625,693.985,0.000590642,1,8.39444e-06,0.00202406,-0.0002625,1441.58
0,5476413,5,phononTS,0.000744401,0.00295579,0.000979529,-0.0002625,1184.74,0.000382,1,0.00299518,0.00100078,0.0002625,10787.6
0,5477105,1,phononTF,0.01,-0.000960559,0.00104594,0.000147861,0,0.001146,1,-0.00100333,0.0010033,0.0002625,754.908
0,5483064,4,phononTS,0.00156483,-0.00101665,0.00140811,-0.0002625,117.112,0.000382,1,-0.000995908,0.000999523,0.0002625,370.906
0,5486403,10,phononL,0.000890052,1.68465e-06,6.06315e-07,0.000262498,19767.2,0.000753655,1,-3.68074e-05,-0.00030895,-0.0002625,19835.5
0,5491932,4,phononTS,0.000694618,-0.00137427,0.00196133,-0.0002625,3.42677,0.000382,1,0.0010034,-0.000997229,0.0002625,1379.8
0,5493514,23,phononTS,0.000508557,0.0030041,0.000995106,0.000262498,3062.57,0.000508557,1,0.0030419,0.00090348,-0.0002625,3160.08
0,5494606,6,phononTF,0.0004462,-0.00184819,0.00044213,-0.000262498,579.4,0.000382,1,0.00200235,-3.64494e-06,0.0002625,1276.4
0,5494607,1,phononTF,0.01,-0.000842928,0.00164679,-0.000165665,0,0.000897597,1,-0.000829428,0.00166106,-0.0002625,609.219
0,5495305,9,phononTS,0.00071808,0.00100563,-0.0010538,-0.000262498,4994.88,0.000382,1,0.000997253,-0.00100058,0.0002625,5085.13
0,5496041,20,phononTS,0.000395836,-0.00197811,0.0019449,-0.000262498,1585.96,0.000382,1,-0.00200308,0.00199962,0.0002625,1675.42
0,5496536,3,phononTF,0.002475,-0.00111857,0.00117115,-0.0002625,87.9492,0.001146,1,-0.000997241,0.00100392,0.0002625,478.639
0,5504968,4,phononTF,0.00282622,-0.00102566,0.00302647,-0.0002625,1.08273,0.000382,1,-0.00099918,0.00299928,0.0002625,1526.56
0,5504968,6,phononL,0.00148672,-0.00099918,0.00299928,0.000262498,1526.56,0.00148672,1,-0.00217889,0.00318775,-0.0002625,1668.1
0,5506193,3,phononTF,0.00179589,-0.00187408,0.000129927,-0.0002625,373.797,0.000382,1,-0.00199561,3.45185e-06,0.0002625,1321.29
0,5506348,2,phononTF,0.00277901,-0.00111897,0.0011261,-0.0002625,56.2666,0.001146,1,-0.000995881,0.000996585,0.0002625,435.939
0,5509176,6,phononTF,0.00186647,-0.00230941,-0.00263208,-0.0002625,251.379,0.000382,1,-0.00200455,-0.0020027,0.0002625,7886.68
0,5515982,22,phononTS,0.00048267,-0.000968092,0.000966536,-0.000262498,281.099,0.000382,1,-0.00100308,0.000996861,0.0002625,370.575
0,5518865,24,phononTS,0.00041151,0.000789706,0.00100716,-0.0002625,709.419,0.000382,1,0.0010037,0.00100359,0.0002625,1514.6
0,5521184,5,phononTF,0.000595099,-0.00171532,0.00229794,-0.0002625,164.976,0.000382,1,-0.00199896,0.00200201,0.0002625,689.184
0,5521615,26,phononTS,0.000640167,3.94385e-05,-0.00214122,-0.0002625,6503.66,0.000382,1,2.37644e-06,-0.00199543,0.0002625,7338.71
0,5523088,6,phononTS,0.000958084,-0.00189037,0.00283079,-0.0002625,2379.07,0.000764,1,-0.00200018,0.00199963,0.0002625,2978.95
0,5528240,13,phononTF,0.000477811,4.4488e-06,0.00199651,0.000262498,7726.24,0.000477811,1,6.45086e-05,0.00200196,-0.0002625,7817.04
0,5530566,24,phononL,0.00056621,-0.00228166,0.000173307,-0.000262498,7990.37,0.000382,1,-0.00199507,3.43905e-06,0.0002625,8059.71
0,5533165,7,phononTF,0.00108102,-0.00199862,0.00200016,0.000262498,742.066,0.000412912,1,-0.00499489,0.00365153,-0.0002625,1348.28
0,5540824,14,phononTS,0.000578257,-4.16781e-05,0.00166843,-0.0002625,1737.07,0.000382,1,-7.32014e-07,0.00199533,0.0002625,2596.81
0,5553617,5,phononTS,0.000706751,-0.00102216,0.000987093,-0.000262498,313.82,0.000382,1,-0.00100294,0.00100394,0.0002625,403.565
0,5555907,2,phononTF,0.00232133,-6.71596e-05,-0.00198641,-0.0002625,60.4247,0.000382,1,-2.85526e-06,-0.00199652,0.0002625,10244.9
0,5556122,16,phononTF,0.000600546,0.005,0.00168668,-2.55083e-05,2901.19,0.000382,1,0.00200311,3.67783e-06,0.0002625,3987.41
0,5561659,3,phononTS,0.00211417,-0.00111693,0.000249832,-0.0002625,89.1598,0.000382,1,-0.00100244,-0.000996359,0.0002625,653.034
0,5564376,8,phononTS,0.000685989,0.00199516,0.00199809,0.000262498,1578.36,0.000685989,1,0.00208636,0.001677,-0.0002625,1706.85
0,5574309,6,phononTF,0.000882925,-0.00149963,0.00149975,-0.000262498,116.5,0.000382,1,-0.000996597,0.00100242,0.0002625,267.469
0,5575204,15,phononTS,0.000497933,-0.00103247,0.00148065,-0.000262498,829.779,0.000382,1,-0.00100367,0.00099879,0.0002625,975.54
0,5578047,31,phononTS,0.000717148,-0.00181108,0.000790561,-0.000262498,1511.05,0.000382,1,-0.00200052,-3.51263e-06,0.0002625,1705.38
0,5581256,13,phononTF,0.000427583,-0.000865191,0.00128326,-0.0002625,2383.75,0.000382,1,-0.000995269,0.00100195,0.0002625,3694.04
0,5583342,5,phononTS,0.00190246,-0.00105974,0.00100301,-0.0002625,496.174,0.000764,1,-0.00100432,0.000996666,0.0002625,678.224
0,5584212,9,phononTF,0.000833557,-0.00221604,0.00178999,-0.000262498,1382.96,0.000382,1,-0.00200171,0.00199594,0.0002625,1486.21
0,5588062,14,phononTF,0.000542046,0.000637777,0.00137211,-0.0002625,4596.29,0.000382,1,-2.61254e-06,0.00200181,0.0002625,7828.94
0,5588409,10,phononTF,0.000643271,0.000865673,-0.00312793,-0.0002625,3701.03,0.000382,1,0.00100015,-0.00299996,0.0002625,4475.48
0,5592844,7,phononTF,0.00121684,-0.00118692,0.00118886,-0.0002625,336.561,0.000382,1,-0.00100228,0.000997606,0.0002625,638.724
0,5596812,21,phononTS,0.000488673,0.00314777,0.00101676,-0.0002625,4709.3,0.000382,1,0.00300475,0.00100156,0.0002625,5023.5
0,5598264,4,phononL,0.00225828,-0.000750115,-0.000356718,-0.0002625,664.251,0.001146,1,-0.00100128,-0.000995258,0.0002625,1069.58
0,5600768,7,phononTF,0.00104388,-0.00177453,0.00205258,-0.000262498,367.693,0.000382,1,-0.00199504,0.00200416,0.0002625,469.339
0,5600768,2,phononTF,0.00161682,-0.00137942,0.00158774,0.000262498,25.7018,0.000897616,1,-0.00117702,0.00143696,-0.0002625,126.854
0,5601732,6,phononL,0.000437887,-0.000315962,0.000228268,-0.0002625,1696.97,0.000382,1,4.30269e-06,9.33777e-07,0.0002625,2390.84
0,5602001,21,phononTF,0.000422453,-0.00162,0.00174105,-0.0002625,1883.09,0.000382,1,-0.00200491,0.00199831,0.0002625,4683.53
0,5602903,9,phononTS,0.00059228,-0.00100096,0.00299815,0.0002625,7054.53,0.000351138,1,-0.00279966,0.00455474,-0.0002625,8182.78
0,5603543,15,phononTS,0.000657766,-0.00297134,-0.00108998,-0.0002625,3279.45,0.000382,1,-0.00300303,-0.000997581,0.0002625,3743.09
0,5609322,1,phononTS,0.01,-0.00193784,0.00199499,0.000193501,0,0.002292,1,-0.00200363,0.00200058,0.0002625,746.182
0,5612600,6,phononTF,0.000434226,-0.000932779,0.00292839,-0.000262498,5301.48,0.000382,1,-0.00100458,0.00300054,0.0002625,5393.03
0,5612600,4,phononL,0.00150209,-0.00162916,0.00248652,0.000262498,336.583,0.00124866,1,-0.00204379,0.002401,-0.0002625,410.32
0,5612822,14,phononTF,0.00151469,-0.00133719,0.0013254,-0.000262498,244.601,0.000382,1,-0.00100157,0.00100187,0.0002625,364.731
0,5613159,8,phononTS,0.000550453,0.000516885,-0.00167691,-0.000262498,2698.91,0.000382,1,0.0019955,-0.00200112,0.0002625,3030.7
0,5616376,6,phononTF,0.000629136,-0.00107444,0.00108211,-0.000262498,8691.46,0.000382,1,-0.000997961,0.000997575,0.0002625,8783.56
0,5616640,32,phononTS,0.000894999,0.00356368,0.00113223,-0.0002625,1672.94,0.000382,1,0.00200076,0.00200487,0.0002625,4114.13
0,5620515,7,phononTF,0.000422851,-0.00172671,0.00189384,-0.0002625,122.595,0.000382,1,-0.00200065,0.00199663,0.0002625,446.11
0,5621017,5,phononTS,0.00145446,-0.000903342,0.00220291,-0.000262498,319.211,0.000382,1,-0.00099626,0.0030031,0.0002625,508.367
0,5621017,6,phononTS,0.000716813,-0.00099626,0.0030031,0.000262498,508.367,0.0002312,1,-0.00101441,0.00281673,-0.0002625,615.135
0,5622982,2,phononTF,0.00103466,-0.00113014,0.00112668,-0.0002625,184.239,0.000382,1,-0.00100057,0.00100311,0.0002625,374.129
0,5625658,17,phononTS,0.000410642,-0.000997145,0.00100396,0.000262498,16995.8,0.000410642,1,-0.000246319,0.00142907,-0.0002625,17206.8
0,5625915,16,phononTF,0.00102764,-0.0004886,-0.000280203,-0.000262498,1768.84,0.000382,1,-0.000997212,-0.00100186,0.0002625,1951.6
0,5627438,6,phononTS,0.000848886,0.00122168,-0.000964375,-0.0002625,1355,0.000382,1,0.000997493,-0.00100257,0.0002625,2414.12
0,5631808,27,phononTS,0.000424808,0.000955589,-0.000982933,-0.000262498,10975.8,0.000382,1,0.000999716,-0.00100374,0.0002625,11069.7
0,5633263,3,phononTF,0.000538604,-0.00264341,-0.000643812,-0.0002625,39.3877,0.000382,1,-0.00300313,-0.000996589,0.0002625,1134.82
0,5636606,14,phononTF,0.000776956,-0.00289083,-0.0028766,-0.0002625,375.543,0.000382,1,-0.00200012,-0.0020009,0.0002625,2657.96
0,5637809,10,phononTS,0.000718092,0.00299678,0.000999125,0.000262498,3967.36,0.000123827,1,0.00132608,0.00177253,-0.0002625,4349.79
0,5643662,4,phononTS,0.0028148,-0.000572004,0.00242604,-0.000262498,266.726,0.000764,1,-0.000995746,0.00300315,0.0002625,454.973
0,5644807,9,phononTF,0.0008526,0.000807515,0.0011906,-0.000262498,3391.99,0.000764,1,0.00100324,0.000996818,0.0002625,3493.68
0,5647994,5,phononTS,0.000969558,-0.000376239,4.72201e-05,-0.0002625,1731.28,0.000382,1,-4.95605e-06,7.11019e-07,0.0002625,2576.54
0,5648768,22,phononTS,0.00049714,-0.00200353,-3.13835e-07,0.000262498,659.314,0.00049714,1,-0.0019553,-0.000462909,-0.0002625,799.744
0,5649555,19,phononTS,0.000559111,-0.000741341,0.00301661,-0.000262498,7756.58,0.000382,1,-0.000997162,0.00299654,0.0002625,7871.02
0,5654076,8,phononTF,0.000885308,0.00250002,-0.00152065,-0.000262498,1530.68,0.000764,1,0.00200419,-0.00199944,0.0002625,1678.9
0,5655577,3,phononL,0.00301238,-0.00160327,0.00065429,-0.0002625,62.6907,0.000764,1,-0.00099542,0.000998907,0.0002625,1113.21
0,5658962,18,phononTS,0.00043285,0.00216337,-0.00204702,-0.0002625,1490.88,0.000382,1,0.00199906,-0.00200011,0.0002625,6776.18
0,5661150,6,phononTF,0.000947981,-0.000997158,0.00100024,0.000262498,369.916,0.000572078,1,-0.000546089,0.000546504,-0.0002625,511.985
0,5662415,6,phononTF,0.000414975,-0.00383404,0.00181594,-0.0002625,5217.13,0.000382,1,-0.00200369,4.86492e-06,0.0002625,7195.08
0,5662642,10,phononL,0.000419893,0.00100132,-0.00100395,0.0002625,5129.9,0.000419893,1,0.00069498,-0.00149255,-0.0002625,8808.44
0,5664244,13,phononTS,0.000527791,0.00200265,0.00200476,0.000262498,6606.22,0.000527791,1,0.00203182,0.00204046,-0.0002625,6695.72
0,5664630,16,phononTS,0.000637615,-0.00100029,0.00300491,0.000262498,2514.89,0.000637615,1,-0.000958762,0.00390053,-0.0002625,2722.52
0,5668388,9,phononTF,0.000579237,0.000520446,0.00147211,-0.000262498,1095.22,0.000382,1,0.00100126,0.00100464,0.0002625,1240.96
0,5668559,11,phononTS,0.00041664,0.00117731,6.5239e-05,-0.000262498,6013.83,0.000382,1,0.00100399,0.000996794,0.0002625,6233.89
0,5668559,2,phononTF,0.000925478,-0.00138553,0.00149027,0.000262498,6.22033,0.000925478,1,-0.00156898,0.00130523,-0.0002625,106.558
0,5670522,3,phononTS,0.000842537,9.28016e-05,0.0033508,-0.0002625,5.88585,0.000382,1,-0.000999228,0.00299893,0.0002625,1212.78
0,5673358,14,phononTS,0.00135549,-0.000997872,0.000996909,0.000262498,915.379,0.000574465,1,-0.00193099,0.000651394,-0.0002625,1139.74
0,5674222,11,phononTS,0.000618763,-0.00104683,0.00298568,-0.000262498,2923.4,0.000382,1,-0.000995316,0.00300473,0.0002625,3015.27
0,5675612,15,phononTS,0.000529691,-0.00203755,0.00189811,-0.0002625,1731.58,0.000382,1,-0.00200328,0.00200206,0.0002625,2243.38
0,5676370,3,phononTF,0.00292231,-0.000997612,0.000999977,0.0002625,976.126,0.00063652,1,-0.000546892,0.000592531,-0.0002625,1393.61
0,5677169,11,phononTS,0.000664248,-0.00175023,0.00034449,-0.000262498,4058.17,0.000382,1,-0.00200131,8.4328e-07,0.0002625,4202.04
0,5677738,6,phononTS,0.00105412,-0.00305068,-0.00100174,-0.0002625,729.457,0.000382,1,-0.00299534,-0.000996564,0.0002625,1000.63
0,5677738,4,phononTF,0.00105847,-0.00146562,0.00144129,0.000262498,129.26,0.000607804,1,-0.00179311,0.00177071,-0.0002625,249.592
0,5682458,4,phononTF,0.000488823,-0.00108141,0.000793595,-0.000262498,335.946,0.000382,1,-0.0020028,-4.38148e-06,0.0002625,566.323
0,5684368,14,phononTF,0.000995999,-0.00165215,-8.15638e-05,-0.0002625,4340.03,0.000382,1,-0.00200404,4.43326e-06,0.0002625,5162.92
0,5689142,3,phononTF,0.00268871,-0.00110041,0.00109843,-0.0002625,43.9153,0.001528,1,-0.00100282,0.00100277,0.0002625,415.403
0,5694833,4,phononTS,0.00274929,-0.00194616,0.00205358,-0.0002625,723.424,0.000764,1,-0.00200082,0.00200211,0.0002625,912.105
0,5695798,4,phononTF,0.000495836,-0.00268128,0.00266649,-0.0002625,118.048,0.000382,1,-0.00199557,0.00199784,0.0002625,760.548
0,5695798,2,phononTS,0.000804983,-0.00136113,0.00140099,0.000262498,22.3773,0.000804983,1,-0.00454861,0.00103368,-0.0002625,712.29
0,5696241,2,phononTF,0.000690018,-0.00112558,0.00130358,-0.0002625,310.623,0.000382,1,-0.00099773,0.00100273,0.0002625,533.285
0,5697076,5,phononTF,0.00242919,-0.00106082,0.00292969,-0.0002625,937.071,0.001146,1,-0.000998087,0.00299531,0.0002625,1965.6
0,5697076,6,phononTS,0.000519616,-0.000998087,0.00299531,0.000262498,1965.6,0.000519616,1,-0.00099123,0.00273682,-0.0002625,2080.39
0,5698603,3,phononTF,0.000776622,-0.0015283,0.000642752,-0.0002625,276.62,0.000382,1,-0.00200262,8.47355e-07,0.0002625,615.157
0,5701009,12,phononL,0.000563962,0.00066745,0.00161219,-0.0002625,2283.99,0.000382,1,1.27372e-07,0.00200154,0.0002625,2563.59
0,5702637,1,phononTF,0.01,-0.000984576,0.00100451,0.000259133,0,0.003438,1,-0.00100134,0.00100198,0.0002625,1343.36
0,5705572,4,phononTS,0.00112406,-0.0010004,0.00300345,0.0002625,22.3685,0.000833362,1,0.00282882,0.000551109,-0.0002625,1413.42
0,5709599,4,phononTF,0.00254006,-0.000491451,0.000347123,-0.0002625,249.078,0.000382,1,-2.31236e-07,2.22916e-06,0.0002625,769.506
0,5709708,29,phononTS,0.000598695,-0.00239844,2.8584e-05,-0.0002625,5030.62,0.000382,1,-0.00199995,7.18297e-07,0.0002625,5957.12
0,5710940,23,phononTF,0.000551184,0.00153247,-0.00161495,-0.0002625,17697.4,0.000382,1,0.00100346,-0.000995643,0.0002625,19678.2
0,5713212,10,phononTF,0.000470519,-2.36569e-06,-2.50376e-06,0.000262498,847.879,0.000470519,1,-0.00125618,-0.00319879,-0.0002625,1461.77
0,5713738,3,phononL,0.00266705,-0.000616551,-0.00127552,-0.0002625,1314.23,0.000764,1,-0.000998418,-0.000998129,0.0002625,3417.53
0,5713738,5,phononTS,0.000476288,-0.000998418,-0.000998129,0.000262498,3417.53,0.000476288,1,-0.00101154,-0.00109703,-0.0002625,3515.84
0,5717452,2,phononTS,0.000737907,-0.00136108,-0.00229156,-0.0002625,103.324,0.000382,1,-1.87763e-06,-0.00199657,0.0002625,4275.08
0,5717554,7,phononTS,0.000607264,0.000877308,0.000954998,-0.0002625,1749.32,0.000382,1,0.0010003,0.00100042,0.0002625,3203.48
0,5718840,2,phononL,0.000894541,-0.00108288,0.00103159,-0.000262498,561.214,0.000382,1,-0.000995572,0.000999074,0.0002625,624.002
0,5720525,22,phononTF,0.000411966,0.000934343,0.000938499,-0.000262498,8092.92,0.000382,1,0.00099628,0.00100391,0.0002625,8184.11
0,5722691,7,phononTF,0.00135294,-0.000817509,0.00112909,-0.0002625,3971.57,0.000764,1,4.31365e-06,0.00199622,0.0002625,4968.7
0,5727389,15,phononTF,0.000757392,-0.00100344,0.000995764,0.000262498,494.949,0.000644346,1,-0.000976238,0.000960151,-0.0002625,585.202
0,5729110,10,phononTS,0.000480522,-0.00074512,0.00303968,-0.000262498,904.855,0.000382,1,-0.000995463,0.00299966,0.0002625,1022.06
0,5729120,6,phononTS,0.00180866,-0.000995922,0.000996995,0.000262498,508.941,0.0010499,1,-0.00100072,0.000957493,-0.0002625,604.635
0,5730244,2,phononTS,0.00101547,0.00026788,-0.00285944,-0.0002625,78.6775,0.000382,1,0.000997597,-0.00299623,0.0002625,1425.85
0,5730245,1,phononL,0.01,-0.00114565,0.00157573,-0.000229835,0,0.00357282,1,-0.00124466,0.00157718,-0.0002625,191.26
0,5732491,6,phononTS,0.000836663,-0.00166618,0.00165237,-0.000262498,605.158,0.000382,1,-0.00200499,0.00199729,0.0002625,757.855
0,5734082,4,phononTS,0.00104751,0.00306523,0.00104088,-0.0002625,1927.91,0.000382,1,0.00300118,0.000998279,0.0002625,6099.32
0,5734082,2,phononTS,0.00248563,-0.00140436,0.00160096,0.000262498,33.3231,0.000999434,1,-0.00194959,0.00184251,-0.0002625,201.107
0,5736224,1,phononTS,0.01,-0.00100581,0.00101423,0.000220393,0,0.001146,1,-0.000998374,0.00100352,0.0002625,401.648
0,5736943,4,phononTS,0.00207749,0.00200378,0.00199564,0.0002625,124.727,0.00146285,1,0.00106339,0.00227743,-0.0002625,4054.69
0,5738880,10,phononTF,0.000492435,-0.00229784,0.00169632,-0.000262498,4334.62,0.000382,1,-0.0020027,0.00200418,0.0002625,4450.35
0,5739068,12,phononTF,0.000648018,-0.000778816,0.00123365,-0.000262498,567.168,0.000382,1,-0.00100298,0.000998899,0.0002625,672.779
0,5747794,6,phononTF,0.00107031,-6.97575e-07,0.00200462,0.0002625,1250.9,0.000674991,1,0.000477161,0.00249898,-0.0002625,1546.91
0,5748001,2,phononTF,0.00160185,-0.00110934,0.00110069,-0.0002625,210.308,0.000382,1,-0.00100348,0.00099747,0.0002625,677.631
0,5748597,4,phononTS,0.00261405,-0.00199611,0.00199937,-0.0002625,225.048,0.000764,1,-0.00200154,0.00199812,0.0002625,691.21
0,5754077,6,phononTS,0.000475201,-0.00097867,0.00137294,-0.0002625,3761.12,0.000382,1,-0.00100358,0.00100163,0.0002625,4413.22
0,5754077,3,phononTF,0.00227006,-0.000991806,0.00170675,0.000262498,1031.79,0.00173214,1,-0.000690378,0.00141874,-0.0002625,1146.47
0,5755054,3,phononTF,0.00150724,-0.00185461,-0.00185276,-0.0002625,1093.28,0.000764,1,-0.0020048,-0.00199523,0.0002625,1778.72
0,5755281,3,phononTF,0.00229629,-0.00177814,0.00177771,-0.0002625,34.5144,0.001146,1,-0.00200225,0.00200412,0.0002625,260.345
0,5757513,4,phononTF,0.00140745,0.000995765,0.005,-0.000243351,3368.52,0.000382,1,-0.0010032,0.00300014,0.0002625,4117.78
0,5762807,5,phononTS,0.000891278,-0.000986616,0.000976684,-0.000262498,168.306,0.000382,1,-0.00100179,0.00100058,0.0002625,257.99
0,5763128,20,phononTF,0.000472285,0.000996062,-0.00100175,0.000262498,8592.04,0.000472285,1,0.000968822,-0.00102815,-0.0002625,8682.15
0,5766572,8,phononTS,0.000603724,-0.00100422,0.00100191,0.0002625,10310.8,0.000195158,1,-0.000817015,0.000968666,-0.0002625,11735.1
0,5770070,4,phononTF,0.00060042,-0.00166131,0.00174154,-0.0002625,20.5056,0.000382,1,-0.00200397,0.00199821,0.0002625,258.799
0,5770429,4,phononL,0.00110421,-0.00193266,0.000401782,-0.0002625,425.503,0.000382,1,-0.0020046,-2.22061e-06,0.0002625,571.484
0,5770429,3,phononTF,0.00110488,-0.00186072,0.000805782,0.000262498,425.503,0.000487037,1,-0.00209203,0.00104847,-0.0002625,532.078
0,5771407,11,phononTS,0.000518458,-0.000775669,-0.00112771,-0.0002625,7260.1,0.000382,1,-0.000997637,-0.00100232,0.0002625,10225.7
0,5771407,4,phononTS,0.0016738,-0.000777604,0.00129163,0.000262498,566.519,0.000802466,1,-0.000210555,0.000800682,-0.0002625,760.507
0,5771407,2,phononTF,0.0044349,-0.00113697,0.00179904,6.15791e-05,247.801,0.00273284,1,-0.00148837,0.00119431,-0.0002625,386.759
0,5775846,16,phononTS,0.00175574,-0.00203493,0.00190465,-0.000262498,1178.99,0.001146,1,-0.00200382,0.00200333,0.0002625,1277.55
0,5781833,5,phononTF,0.000443462,-0.00159256,0.00152309,-0.000262498,443.767,0.000382,1,-0.00200094,0.00200084,0.0002625,586.566
0,5784486,8,phononTS,0.000401278,-0.00204347,9.56004e-05,-0.0002625,2618.04,0.000382,1,-0.00199954,-1.31175e-06,0.0002625,3107.51
0,5795015,7,phononTF,0.00122828,0.00191619,0.0020833,-0.0002625,1322.35,0.000382,1,0.00200022,0.00200297,0.0002625,2537.17
0,5798818,4,phononTS,0.00064915,-0.0019596,-0.00135409,-0.0002625,401.697,0.000382,1,-0.00199698,-0.00199505,0.0002625,1222.55
0,5798818,2,phononL,0.000812575,-0.00164445,0.00178021,0.000262498,236.022,0.000812575,1,-0.00254113,0.00178368,-0.0002625,347.301
0,5798894,10,phononTF,0.0012042,-0.000499432,0.00152263,-0.000262498,497.657,0.000382,1,-0.000999082,0.00299695,0.0002625,799.357
0,5802773,13,phononL,0.000806382,0.00114906,-0.00102252,-0.0002625,729.167,0.000382,1,0.000996983,-0.000998111,0.0002625,920.233
0,5804061,20,phononTF,0.000474746,-0.00173898,0.00246817,-0.0002625,3939.27,0.000382,1,-0.00199545,0.0020035,0.0002625,4618.45
0,5809534,9,phononTF,0.000561777,0.000996461,0.00100488,0.0002625,4427.24,0.000561777,1,0.000732242,0.00317129,-0.0002625,4959.28
0,5816553,3,phononTF,0.00136802,-0.00183272,0.000376133,-0.0002625,5.65726,0.000382,1,-0.00199887,-1.20869e-06,0.0002625,493.07
0,5817266,8,phononTS,0.000918158,-0.00296674,-0.000705302,-0.0002625,2622.33,0.000382,1,-0.00300268,-0.000998124,0.0002625,3909.41
0,5817714,6,phononTF,0.00165504,-0.00158628,0.00157985,-0.000262498,923.967,0.000382,1,-0.00200109,0.00199758,0.0002625,1059
0,5819269,10,phononTS,0.00152277,-0.0032282,-0.000957933,-0.000262498,2363.43,0.000382,1,-0.00299556,-0.000997229,0.0002625,2475.12
0,5820151,29,phononTS,0.000405814,-0.00300136,-0.000996851,0.0002625,4588.65,0.000405814,1,-0.00292942,-0.00174654,-0.0002625,5315.36
0,5821716,8,phononTS,0.000874971,-0.000953623,0.00152598,-0.000262498,258.379,0.000382,1,-0.00100406,0.00100315,0.0002625,407.114
0,5822056,13,phononTS,0.00080532,-0.0020323,0.0017672,-0.000262498,939.302,0.000382,1,-0.00199598,0.00199979,0.0002625,1054.33
0,5827045,3,phononTF,0.00249742,-0.00358868,-0.00160638,-0.0002625,436.075,0.000382,1,-0.00300258,-0.00100419,0.0002625,1830.05
0,5828988,12,phononTS,0.000756451,0.00225709,0.00203089,-0.0002625,2427.12,0.000382,1,0.00200397,0.00199593,0.0002625,3310.2
0,5829819,19,phononL,0.000451176,0.00173184,0.00105227,-0.0002625,4570.26,0.000382,1,0.00100273,0.00100411,0.0002625,5422.17
0,5829865,2,phononTF,0.00141555,-0.00161306,0.00161155,-0.0002625,822.204,0.000382,1,-0.00199974,0.00199502,0.0002625,1081.61
0,5830179,13,phononL,0.000750104,-0.000861371,0.000343943,-0.0002625,5386.21,0.000382,1,-2.69388e-06,-4.18821e-06,0.0002625,5737.35
0,5833759,4,phononTS,0.00300632,-5.05439e-05,-9.21333e-05,-0.000262498,1007.25,0.000764,1,-4.66856e-07,-3.04601e-06,0.0002625,1104.37
0,5836651,3,phononTF,0.00187917,-0.00127585,0.00134736,-0.0002625,584.824,0.000382,1,-0.00100046,0.00100318,0.0002625,824.664
0,5838841,16,phononTF,0.00043517,-0.005,0.00487696,0.000110401,3153.8,0.000382,1,0.00200461,0.00199783,0.0002625,10027.8
0,5839751,7,phononL,0.000568317,-0.00109707,0.000588484,-0.000262498,538.286,0.000382,1,-0.000996841,0.000999064,0.0002625,612.015
0,5839836,14,phononTS,0.000432053,1.76551e-05,5.19761e-05,-0.000262498,771.588,0.000382,1,-3.31273e-06,3.28793e-06,0.0002625,861.387
0,5840098,12,phononTS,0.000531356,-5.26549e-05,5.22512e-06,-0.000262498,1728.1,0.000382,1,-4.24818e-06,-2.57163e-06,0.0002625,1818.45
0,5844573,3,phononTS,0.00300407,-0.00118219,0.0012574,-0.0002625,2.50444,0.001146,1,-0.00100048,0.000997801,0.0002625,259.53
0,5844737,3,phononTF,0.000790454,-0.000667834,0.000659554,-0.000262498,836.153,0.000382,1,-0.000997297,0.000996287,0.0002625,957.397
0,5848578,5,phononTF,0.000553882,-0.00012439,0.000131086,-0.0002625,369.689,0.000382,1,-2.94079e-06,4.08669e-06,0.0002625,978.334
0,5853978,9,phononTS,0.000656213,0.002038,-9.33224e-06,-0.0002625,4721,0.000382,1,0.00199572,3.82003e-06,0.0002625,5189.78
0,5853978,4,phononTF,0.00183272,-0.00152848,0.00180946,0.000262498,104.888,0.000457577,1,-0.00134411,0.0019872,-0.0002625,204.887
0,5856303,23,phononTS,0.000577456,0.00351467,-0.00139822,-0.0002625,1558.76,0.000382,1,0.0019962,-0.00200063,0.0002625,5103.7
0,5856572,2,phononTS,0.000638332,-0.0010062,0.00104834,-0.0002625,503.333,0.000382,1,-0.000997619,0.000995054,0.0002625,765.407
0,5856670,4,phononTF,0.00303183,-0.00197111,0.00214651,-0.0002625,2.3825,0.001146,1,-0.00200451,0.00199724,0.0002625,1192.46
0,5857275,16,phononTS,0.000434487,0.000957809,-0.00101071,-0.0002625,11240.4,0.000382,1,0.00100069,-0.000995809,0.0002625,11882.9
0,5858699,6,phononTS,0.000429494,-0.00119323,0.00172407,-0.000262498,144.686,0.000382,1,1.4271e-06,0.00200383,0.0002625,411.624
0,5862816,21,phononTS,0.000417362,-0.000556053,0.00199294,-0.0002625,2818.94,0.000382,1,-3.1331e-06,0.00200142,0.0002625,11605.9
0,5863230,12,phononTF,0.00065743,-0.00142694,0.000985136,-0.000262498,347.705,0.000382,1,-0.00200322,-1.8833e-06,0.0002625,574.283
0,5863230,2,phononTS,0.00061098,-0.00133921,0.00138335,0.000262498,42.6343,0.00061098,1,-0.00167558,0.00227421,-0.0002625,266.194
0,5863769,16,phononTF,0.00047061,-0.000438976,0.000434351,-0.0002625,110.784,0.000382,1,1.89876e-06,-1.76824e-06,0.0002625,528.614
0,5863940,13,phononTS,0.00055014,-0.00204015,-0.00174037,-0.0002625,3286.07,0.000382,1,-0.00200385,-0.00199528,0.0002625,4094.87
0,5865987,5,phononTS,0.000818198,-5.33207e-05,0.00188642,-0.0002625,825.975,0.000382,1,-4.80141e-06,0.00200066,0.0002625,1379.79
0,5868625,8,phononTF,0.000818918,-0.00208575,0.0020942,-0.0002625,168.624,0.000382,1,-0.000996542,0.00099936,0.0002625,2232.62
0,5872516,17,phononTF,0.000862176,-0.00110606,0.00291263,-0.0002625,1178.66,0.000382,1,-0.00100459,0.00299616,0.0002625,1457.5
0,5872654,3,phononTS,0.0018238,0.00136795,0.00455835,-0.0002625,941.577,0.000764,1,1.70284e-06,0.00200013,0.0002625,2630.74
0,5876330,3,phononTF,0.00119956,-0.00283889,0.0011499,-0.0002625,294.715,0.000764,1,-0.00200453,0.00199798,0.0002625,768.648
0,5879270,10,phononTF,0.000581667,-0.00195303,0.00195154,-0.000262498,1527.64,0.000382,1,-0.0019962,0.00200152,0.0002625,1618.28
0,5880095,7,phononTS,0.00046997,-0.00202544,0.00201432,-0.000262498,923.124,0.000382,1,-0.00200054,0.00200185,0.0002625,1016.95
0,5881337,12,phononTS,0.00106128,0.00100079,0.000999736,0.000262498,1619.86,0.000672046,1,0.00268063,0.00196256,-0.0002625,2012.65
0,5884444,16,phononTF,0.00138205,-0.000713386,0.00129312,-0.000262498,773.323,0.000382,1,-0.000995503,0.00100254,0.0002625,886.854
0,5884468,9,phononTS,0.000758247,0.00211404,0.0019562,-0.0002625,1067.58,0.000382,1,0.00199621,0.00200225,0.0002625,1625.91
0,5886487,2,phononTS,0.000606452,-0.0010296,0.00103908,-0.0002625,35.0489,0.000382,1,-0.00100034,0.000996234,0.0002625,929.56
0,5888015,9,phononTF,0.000887321,-0.00100013,-0.000996306,0.000262498,2081.68,0.000183895,1,-0.00151509,-0.000788916,-0.0002625,2224.32
0,5889049,5,phononTS,0.00115257,-0.00203544,0.00182543,-0.0002625,47.0607,0.000382,1,-0.00200009,0.00199845,0.0002625,491.228
0,5889049,4,phononTF,0.00250462,0.005,-0.00125102,0.000203092,47.0607,0.000904207,1,0.0047791,-0.00148213,-0.0002625,1405.18
0,5889049,6,phononTS,0.00130566,0.0047791,-0.00148213,-0.000262498,1405.18,0.00130566,1,0.005,-0.00160505,-0.000248792,1455.1
0,5889913,4,phononTS,0.00286195,-0.00198674,0.00198065,-0.0002625,284.055,0.000382,1,-0.00200144,0.00200071,0.0002625,1045.76
0,5897889,3,phononL,0.00257955,0.000403411,0.00224336,-0.0002625,582.251,0.000382,1,0.00200134,0.00200018,0.0002625,953.355
0,5898635,9,phononTF,0.000558806,-1.22593e-05,0.000110032,-0.0002625,5368.52,0.000382,1,-0.00200158,-0.00199695,0.0002625,6478.82
0,5902877,17,phononL,0.00156949,-9.21589e-05,0.00012938,-0.0002625,716.709,0.000382,1,3.32991e-06,-4.86054e-06,0.0002625,1346.52
0,5902877,18,phononL,0.000512325,3.32991e-06,-4.86054e-06,0.000262498,1346.52,0.000512325,1,0.000906808,0.0018076,-0.0002625,1585.72
0,5903978,24,phononTS,0.000619079,-0.00100273,0.000995688,0.000262498,991.169,0.000619079,1,-0.001041,0.000939888,-0.0002625,1085.77
0,5910107,15,phononL,0.000773008,-0.000997081,0.00100135,0.000262498,604.79,0.000773008,1,-0.00170057,0.000726462,-0.0002625,704.931
0,5912025,10,phononTS,0.000465623,0.00107353,-0.00271701,-0.0002625,5811.55,0.000382,1,0.000995379,-0.00299616,0.0002625,6179.85
0,5914633,5,phononTF,0.000556603,-0.000652403,0.00136939,-0.0002625,923.882,0.000382,1,-0.000996688,0.00100063,0.0002625,1179.83
0,5915360,3,phononTS,0.000866586,-0.00104626,0.00107803,-0.0002625,192.205,0.000382,1,-0.000995789,0.00100102,0.0002625,768.875
0,5915360,2,phononL,0.000951074,-0.00129863,0.00146307,0.000262498,192.205,0.000121801,1,-0.00178435,0.00103945,-0.0002625,283.615
0,5919160,4,phononL,0.00126869,-0.00117529,0.00123749,-0.0002625,7.83586,0.000382,1,-0.000996399,0.000998249,0.0002625,143.624
0,5926869,9,phononTF,0.000699889,-0.00261727,-0.000601631,-0.0002625,2538.44,0.000382,1,-0.00300379,-0.00100124,0.0002625,3659.46
0,5927815,8,phononTF,0.000974614,-0.00173452,0.00227821,-0.0002625,6416.8,0.000382,1,-0.00199553,0.00200491,0.0002625,9195.47
0,5927815,3,phononTS,0.0015042,-0.00202075,0.00186261,0.000262498,489.972,0.000802023,1,-0.00251328,0.00265913,-0.0002625,713.304
0,5928750,4,phononL,0.00197441,-0.00112479,0.00217771,-0.0002625,440.166,0.000382,1,-0.00100471,0.00300362,0.0002625,651.993
0,5931315,6,phononTS,0.000673866,-0.00299554,-0.000995017,0.0002625,945.819,0.000673866,1,-0.00291471,-0.000239265,-0.0002625,3443.7
0,5932320,9,phononTS,0.000777053,-0.00159975,0.00146617,-0.0002625,1896.71,0.000382,1,-0.00199653,0.00199793,0.0002625,2417.01
0,5942986,11,phononTS,0.000846521,-0.00215258,-0.00133073,-0.0002625,9258.27,0.000382,1,-0.000997356,-0.000998114,0.0002625,12478.4
0,5948859,2,phononTS,0.00079178,-0.00182941,0.00187939,-0.0002625,101.704,0.000382,1,-0.00199972,0.00200212,0.0002625,560.365
0,5952459,3,phononTF,0.00289491,-3.60506e-06,-2.74866e-06,0.0002625,20.8203,0.0007798,1,0.00022823,-0.00024608,-0.0002625,767.369
0,5953256,20,phononTS,0.000555078,-0.00271019,-0.000138469,-0.0002625,1716.69,0.000382,1,-0.00199917,-2.17349e-06,0.0002625,2080.19
0,5953260,9,phononTF,0.00204496,0.00111667,-0.000848434,0.000169748,4383.21,0.000764,1,0.000999148,-0.00100204,0.0002625,5458.17
0,5955440,12,phononTS,0.000554208,-0.00200287,-0.00199635,0.0002625,4140.35,0.000554208,1,-0.00198441,-0.00196631,-0.0002625,4321.53
0,5956131,8,phononTS,0.00155106,0.00206088,3.31463e-05,-0.000262498,1416.41,0.000764,1,0.00199944,5.54857e-07,0.0002625,1511.9
0,5961892,10,phononTS,0.000622168,0.000984761,-0.000988786,-0.000262498,10625.1,0.000382,1,0.000996835,-0.00100219,0.0002625,10718.2
0,5962129,19,phononTF,0.000646108,-0.00144949,0.00137158,-0.0002625,3917.09,0.000382,1,-0.000997299,0.000995305,0.0002625,5180.09
0,5962398,4,phononTS,0.00135946,-0.00141811,0.0010946,-0.000262498,399.262,0.000764,1,-0.00100038,0.000996657,0.0002625,540.166
0,5962880,7,phononTS,0.000571147,0.00141476,-0.005,1.00618e-05,490.616,0.000571147,1,0.00148005,-0.0044871,-0.0002625,2472.19
0,5963931,2,phononTF,0.000489809,-0.00121647,0.00120986,-0.0002625,100.333,0.000382,1,-0.00100479,0.000998178,0.0002625,307.261
0,5964048,17,phononTS,0.000410182,-0.000993502,0.00108451,-0.000262498,1266.95,0.000382,1,-0.000995024,0.00100224,0.0002625,1365.49
0,5964845,9,phononTS,0.000444816,-0.00100229,0.00300339,0.0002625,5285.61,0.000444816,1,-0.000452962,0.00378811,-0.0002625,5814.53
0,5965229,6,phononTS,0.000393654,-0.00103545,0.00127911,-0.0002625,201.016,0.000382,1,-0.000995911,0.00100359,0.0002625,936.595
0,5972278,11,phononTS,0.000620146,-0.00165676,0.000203211,-0.0002625,773.062,0.000382,1,-0.00199897,-1.72323e-06,0.0002625,1762.47
0,5975327,14,phononTS,0.000597978,0.00462866,0.00427422,-0.0002625,4762.6,0.000382,1,0.00200431,0.0019995,0.0002625,5850.47
0,5975400,24,phononTS,0.000615381,0.000579693,-0.00200841,-0.0002625,6830.55,0.000382,1,-0.00299618,-0.000998659,0.0002625,10710.9
0,5976402,2,phononTS,0.00166763,-0.005,0.000123919,-0.000158212,150.736,0.000382,1,-0.00300047,-0.00100122,0.0002625,1625.15
0,5976402,11,phononTF,0.000838322,-0.00300047,-0.00100122,0.000262498,1625.15,0.000107629,1,-0.00267633,-0.000564754,-0.0002625,1758.81
0,5976475,7,phononTS,0.000453994,-0.000999205,0.00300162,0.0002625,554.363,0.000453994,1,-0.00101028,0.00351259,-0.0002625,1150.52
0,5976763,34,phononTS,0.000457535,-0.00102277,0.0014344,-0.000262498,12808.9,0.000382,1,-0.00100498,0.000996692,0.0002625,12946.2
0,5976890,4,phononTF,0.000562263,-0.00169918,0.00168184,-0.000262498,523.731,0.000382,1,-0.00200181,0.00200483,0.0002625,642.168
0,5978450,16,phononTS,0.000608422,0.00233734,0.00207061,-0.000262498,1778.3,0.000382,1,0.00199843,0.00199553,0.0002625,1907.92
0,5979859,15,phononTS,0.000403464,-5.39112e-06,-0.00181471,-0.000262498,6954.46,0.000382,1,-2.4556e-06,-0.00200452,0.0002625,7063.18
0,5981636,7,phononTF,0.000500075,0.000926762,-0.000820505,-0.0002625,1254.56,0.000382,1,0.000997407,-0.000995817,0.0002625,1547.63
0,5982657,3,phononTF,0.000926989,-0.00162415,0.00176025,-0.0002625,24.8084,0.000382,1,-0.00200372,0.00199996,0.0002625,271.796
0,5982803,5,phononTS,0.00171145,-0.000902143,0.00151773,-0.000262498,738.794,0.000382,1,-0.00199756,-3.37291e-07,0.0002625,1121.24
0,5985532,7,phononTS,0.0005375,-0.00104239,-0.00140173,-0.0002625,1351.07,0.000382,1,-0.00200385,-0.00199558,0.0002625,3020
0,5987882,7,phononTF,0.000851868,-0.00297435,0.00103968,-0.000262498,892.176,0.000382,1,-0.00199729,0.001997,0.0002625,1142.93
0,5987882,8,phononTS,0.000440096,-0.00199729,0.001997,0.000262498,1142.93,0.000440096,1,-0.00268144,0.00202236,-0.0002625,1315.1
0,5989054,25,phononTF,0.000857716,-0.00209571,-0.00167484,-0.0002625,1220.19,0.000382,1,-0.00200065,-0.00199812,0.0002625,2436.44
0,5991932,21,phononTS,0.000735632,-0.00165855,0.00106752,-0.000262498,1193.83,0.000382,1,-0.00200237,-1.08323e-08,0.0002625,1444.54
0,5995529,18,phononTF,0.000723129,-0.00100011,0.00299635,0.0002625,134.367,0.000112287,1,-0.000558564,0.0034544,-0.0002625,1178.76
0,5998696,13,phononTS,0.000387244,3.36599e-05,-2.87591e-05,-0.000262498,5193.94,0.000382,1,-2.99203e-06,1.80791e-06,0.0002625,5287.21
0,6002528,2,phononTF,0.000433346,0.00154567,-0.000135104,-0.0002625,580.597,0.000382,1,0.00200306,-0.00199691,0.0002625,7871.53
0,6002529,1,phononTF,0.01,-0.00103039,0.00181187,-0.000258139,0,0.00193541,1,-0.00103386,0.00181521,-0.0002625,649.732
0,6004123,8,phononTS,0.000791326,-0.00199397,0.00204904,-0.0002625,2771.02,0.000382,1,-0.00199748,0.0019956,0.0002625,3043.71
0,6004927,1,phononTF,0.01,-0.00104381,0.00115363,0.000187937,0,0.003056,1,-0.00100383,0.00100313,0.0002625,212.949
0,6007998,19,phononTF,0.000894748,-0.00178721,0.00178039,-0.0002625,3300.19,0.000382,1,-0.00200371,0.00199665,0.0002625,3800.03
0,6010818,17,phononL,0.00130681,0.00208955,0.00142397,-0.0002625,5637.77,0.000382,1,0.00199832,0.0019986,0.0002625,5881.07
0,6010818,18,phononTS,0.00048266,0.00199832,0.0019986,0.000262498,5881.07,0.00048266,1,0.00203794,0.00195734,-0.0002625,5970.3
0,6015764,8,phononL,0.000410115,-0.000359065,-0.00169844,-0.0002625,1173.19,0.000382,1,-1.81092e-06,-0.00199683,0.0002625,1529.08
0,6021384,3,phononTS,0.00238261,-0.00162934,-0.000181664,-0.0002625,1746.11,0.000382,1,-0.00200439,4.73102e-06,0.0002625,2648.44
0,6027123,12,phononTS,0.000557194,-0.00199936,-0.00199773,0.000262498,3507.35,0.000557194,1,-0.0019658,-0.00128199,-0.0002625,3683.16
0,6029728,12,phononTF,0.000881905,-0.00219492,0.00218126,-0.0002625,973.981,0.000382,1,-0.00199924,0.00199831,0.0002625,1348.78
0,6039212,27,phononTS,0.00113381,-0.00224455,0.00197542,-0.000262498,1340.45,0.000382,1,-0.00200159,0.00199743,0.0002625,1453.87
0,6040088,4,phononTS,0.00244394,-0.00253441,0.00102933,-0.0002625,30.7632,0.000764,1,-0.00199624,0.00200317,0.0002625,1065.02
0,6041912,10,phononTF,0.000508444,0.00312221,-0.00130272,-0.0002625,11340.5,0.000382,1,0.00200366,-1.04533e-06,0.0002625,12361.3
0,6042941,12,phononTF,0.00050432,0.000794088,-0.00318821,-0.0002625,130.006,0.000382,1,0.00100345,-0.00299679,0.0002625,2774.38
0,6045690,14,phononTS,0.000583809,-0.00101688,0.00304186,-0.0002625,1282.26,0.000382,1,-0.000997266,0.00300015,0.0002625,2335.83
0,6049577,2,phononTS,0.0013399,0.00194894,0.0025362,-0.0002625,299.21,0.000382,1,0.00199927,0.00199754,0.0002625,2017.98
0,6052402,3,phononTS,0.00108047,-0.00197241,0.00197152,-0.0002625,1392.14,0.000382,1,-0.00200151,0.0019979,0.0002625,2467.28
0,6053727,17,phononTF,0.000433212,0.000247012,0.000111707,-0.0002625,26586,0.000382,1,0.00100122,0.00100053,0.0002625,27253.3
0,6057465,3,phononTF,0.00209163,-0.00117142,0.00113051,-0.0002625,128.759,0.000764,1,-0.00100174,0.0010022,0.0002625,324.723
0,6058639,5,phononTF,0.00166137,-0.0018401,0.00184546,-0.0002625,366.35,0.000382,1,-0.00200131,0.00200115,0.0002625,849.37
0,6059855,5,phononL,0.0012552,-0.000998507,0.00100223,0.0002625,131.497,0.000556438,1,-0.000780674,0.000425702,-0.0002625,306.951
0,6062812,1,phononTS,0.01,-0.000993723,0.00104838,0.000226963,0,0.00191,1,-0.000999516,0.000999082,0.0002625,414.414
0,6068137,5,phononTF,0.00119616,0.00199575,0.00200315,0.0002625,1399.11,0.000893177,1,0.0012035,-0.00040472,-0.0002625,2328.22
0,6068503,7,phononTS,0.00183586,-0.00228338,0.000364104,-0.0002625,732.483,0.001146,1,-0.00200031,-3.62464e-06,0.0002625,1031.66
0,6069417,5,phononTF,0.000417531,-0.00128705,0.00126844,-0.000262498,237.568,0.000382,1,-0.00100455,0.000995957,0.0002625,349.741
0,6070375,5,phononTS,0.00101483,-0.00118581,0.00231566,-0.000262498,617.012,0.000382,1,-3.30574e-06,0.00200433,0.0002625,883.725
0,6074621,2,phononTF,0.000485489,-0.00142528,0.00140752,-0.0002625,154.581,0.000382,1,-0.00199687,0.00200001,0.0002625,419.824
0,6075953,7,phononTS,0.000493096,0.00200394,6.28113e-07,0.000262498,3971.4,0.000493096,1,0.00204316,0.000667197,-0.0002625,4140.17
0,6077693,11,phononTS,0.000416165,0.00299815,0.000999526,0.000262498,3532.71,0.000416165,1,0.00394906,0.000711557,-0.0002625,3758.09
0,6080149,13,phononTF,0.00067027,-0.000315004,0.00142768,-0.0002625,4130.98,0.000382,1,-0.00100089,0.000996804,0.0002625,8249.45
0,6080150,3,phononTS,0.00456944,-0.00227979,0.00263922,-0.000174381,30.9386,0.00120104,1,-0.00298641,0.00333742,-0.0002625,515.01
0,6081600,2,phononL,0.00107442,-0.000201071,0.00126945,-0.0002625,16.0404,0.000382,1,0.00099864,0.000997143,0.0002625,308.247
0,6081601,3,phononTF,0.00681845,-0.00139915,0.00146896,0.00011004,41.8392,0.00259715,1,-0.00155368,0.00145768,-0.0002625,113.695
0,6086264,2,phononTF,0.00290809,-0.0016882,0.00170336,-0.0002625,46.3954,0.000764,1,-0.00199966,0.0020026,0.0002625,1900.43
0,6088638,11,phononTS,0.000516615,-0.00297795,-0.000540888,-0.0002625,11467.7,0.000382,1,-0.00300412,-0.00100244,0.0002625,12753.6
0,6088638,3,phononTF,0.000790156,-0.00128362,0.00136781,0.000262498,111.559,0.000164735,1,-0.001435,0.00151852,-0.0002625,208.592
0,6089036,12,phononL,0.000755385,-0.00199843,0.0020027,0.000262498,1583.56,0.000369595,1,-0.0025373,0.00221378,-0.0002625,1668.29
0,6090650,4,phononTS,0.000906389,-0.000952146,0.00251808,-0.000262498,290.927,0.000382,1,-0.000995639,0.0030042,0.0002625,434.702
0,6092112,4,phononTF,0.000394095,0.000794014,-0.00121139,-0.000262499,1063.43,0.000382,1,2.80968e-06,-0.00199513,0.0002625,1274.33
0,6092112,2,phononTS,0.000480457,-0.00132653,0.00153848,0.000262498,36.2394,0.000480457,1,-0.0012949,0.00154024,-0.0002625,127.615
0,6095491,6,phononTS,0.000982897,0.00194686,0.00197462,-0.000262498,3327.27,0.000382,1,0.00199946,0.00199582,0.0002625,3419.25
0,6095491,2,phononTF,0.00108488,-0.00107308,0.00147779,0.000262498,230.695,0.000565596,1,-0.000928922,0.00126466,-0.0002625,332.705
0,6096859,22,phononTS,0.00145678,-7.17538e-07,-0.00200388,0.000262498,2135.44,0.00145678,1,-5.50779e-05,-0.00198871,-0.0002625,2227.02
0,6097287,4,phononTS,0.00287197,-0.000675402,0.000750958,-0.0002625,2.62683,0.000764,1,4.92058e-06,2.88276e-06,0.0002625,475.855
0,6099280,6,phononTS,0.000851142,-0.00164811,0.00373468,-0.0002625,3032.69,0.000382,1,-0.00100303,0.00300204,0.0002625,3695.95
0,6100320,4,phononTS,0.00186702,-0.00211407,0.002029,-0.0002625,917.537,0.000764,1,-0.00199867,0.00200105,0.0002625,1116.95
0,6100320,13,phononL,0.000623006,-0.00199867,0.00200105,0.000262498,1116.95,0.000623006,1,-0.00169893,0.00202888,-0.0002625,1184.82
0,6100995,2,phononTF,0.00235235,-0.00183816,0.00187593,-0.0002625,1.95346,0.001146,1,-0.00199632,0.00199849,0.0002625,390.005
0,6103932,6,phononTF,0.00140953,-0.00199326,0.00419961,-0.000262498,5956.22,0.000382,1,-1.91263e-06,0.00199948,0.0002625,6474.59
0,6104058,3,phononTS,0.000726962,-0.00168161,0.00108209,-0.000262498,529.225,0.000382,1,0.00100229,-0.00299813,0.0002625,1440.62
0,6105008,26,phononTS,0.000615328,-0.00200063,0.00199951,0.000262498,9393.35,0.000256463,1,-0.00190741,0.00197288,-0.0002625,9491.1
0,6106413,7,phononTS,0.000448738,0.00111819,-0.00301084,-0.0002625,2856.43,0.000382,1,0.000995858,-0.00300403,0.0002625,3361.52
0,6109505,7,phononTS,0.00137424,-0.00189377,0.00197055,-0.0002625,166.738,0.000382,1,-0.00199599,0.00199681,0.0002625,469.834
0,6109790,20,phononTF,0.00058868,-0.00209736,0.00202687,-0.000262498,522.455,0.000382,1,-0.000997707,0.00100107,0.0002625,796.782
0,6110226,5,phononTF,0.000521588,-0.000888259,0.00106237,-0.0002625,2389.8,0.000382,1,-0.000999962,0.000995126,0.0002625,5482.44
0,6113307,14,phononTS,0.000535204,-0.00204764,0.00156674,-0.0002625,3817.57,0.000382,1,-0.002,0.0019992,0.0002625,4772.06
0,6116286,3,phononTS,0.00276361,-0.0010672,0.0026372,-0.0002625,124.501,0.000382,1,-0.0010049,0.00299574,0.0002625,649.639
0,6116286,6,phononTF,0.00128847,-0.0010049,0.00299574,0.000262498,649.639,0.00115774,1,-0.00118171,0.00282657,-0.0002625,748.769
0,6121853,8,phononTF,0.000992043,-0.000551304,0.00145584,-0.000262498,1663.67,0.000382,1,6.96988e-07,0.00199783,0.0002625,1823.79
0,6123668,8,phononTS,0.000808721,0.00112565,0.00150511,-0.0002625,10495.8,0.000382,1,0.000998775,0.00100305,0.0002625,12048
0,6124814,4,phononL,0.00120662,-0.00150174,0.00200326,-0.000262498,1279.68,0.000382,1,-0.0019952,0.00199969,0.0002625,1357.58
0,6126437,2,phononTF,0.00198025,-0.00186222,0.0018722,-0.0002625,188.996,0.000382,1,-0.00199975,0.00200338,0.0002625,572.127
0,6129476,29,phononTS,0.000462171,-0.00155695,0.00238682,-0.0002625,7814.89,0.000382,1,-0.000997937,0.00299871,0.0002625,8317.47
0,6129757,2,phononTF,0.00157151,-0.00176279,0.000209954,-0.0002625,8.9717,0.000382,1,-0.00200439,3.36622e-07,0.0002625,503.031
0,6132228,2,phononTS,0.00097655,-0.00147362,0.00102937,-0.000262498,278.014,0.000382,1,-0.00100447,0.0010012,0.0002625,419.865
0,6132552,5,phononTF,0.000586769,0.000799215,0.00108146,-0.0002625,498.497,0.000382,1,0.00100013,0.000998605,0.0002625,1587.7
0,6135209,3,phononL,0.000552962,-0.00166296,0.0017829,-0.0002625,15.2179,0.000382,1,-0.00200257,0.00199688,0.0002625,160.886
0,6135209,2,phononTS,0.000688814,-0.00132334,0.00156893,0.000262498,15.2179,0.000688814,1,-0.00124506,0.0015385,-0.0002625,111.675
0,6136593,11,phononTF,0.000989441,0.000997962,0.00100416,0.000262498,1131.45,0.000610538,1,0.000910473,0.00109869,-0.0002625,1224.12
0,6141235,11,phononTF,0.000383408,-0.00169586,0.00166389,-0.000262498,2907.06,0.000382,1,-0.0020021,0.00200027,0.0002625,3027.19
0,6143317,3,phononTS,0.00129479,0.0019992,0.00200181,0.0002625,3517.95,0.000741218,1,0.0022598,0.00122101,-0.0002625,4326.02
0,6144098,6,phononTS,0.00103872,-0.00100386,0.0010043,0.0002625,164.667,0.00078992,1,-0.00095336,0.000914805,-0.0002625,553.268
0,6146075,4,phononTF,0.00228444,-0.000608264,0.00259873,-0.0002625,159.192,0.000382,1,2.95679e-06,0.00200134,0.0002625,1672.43
0,6148409,2,phononTS,0.00324161,-0.00102136,0.0010479,-0.000262498,693.061,0.000764,1,-0.000995162,0.00100266,0.0002625,782.602
0,6148409,19,phononTF,0.000476651,-0.00174605,0.000251086,-0.0002625,782.602,0.000382,1,-0.00199634,5.60877e-07,0.0002625,1216.26
0,6149831,8,phononTS,0.000884042,4.71382e-05,0.00177439,-0.0002625,1298.1,0.000382,1,1.8872e-06,0.00199905,0.0002625,3043.46
0,6153899,7,phononTF,0.00142167,-0.00132685,0.0013159,-0.000262498,319.382,0.000382,1,-2.67497e-06,3.1149e-06,0.0002625,650.994
0,6155753,3,phononTS,0.00532523,6.69463e-05,0.00135161,-0.000158898,783.527,0.000382,1,-4.96545e-06,0.00199883,0.0002625,1033.61
0,6159306,4,phononTF,0.000763437,-0.000875506,0.00119584,-0.0002625,400.153,0.000382,1,-0.000999964,0.00100407,0.0002625,799.101
0,6160012,1,phononL,0.01,-0.00215651,0.0019783,0.000129274,0,0.004202,1,-0.00199795,0.00200242,0.0002625,595.855
0,6161694,10,phononTF,0.000811172,-0.000724619,0.00273971,-0.000262498,1456.54,0.000382,1,-9.36828e-07,0.00200075,0.0002625,1655.08
0,6163115,8,phononTF,0.000797681,0.00214433,0.00214709,-0.0002625,6228.07,0.000382,1,0.00199792,0.00199643,0.0002625,6518.47
0,6165753,9,phononTS,0.000966419,-0.00421558,0.000109387,-0.0002625,106.412,0.000382,1,-0.00200309,0.00200419,0.0002625,1304.05
0,6170334,6,phononTS,0.00061267,-0.00204295,0.00204292,-0.0002625,653.762,0.000382,1,-0.00199661,0.00200427,0.0002625,1100.79
0,6172015,9,phononTF,0.000481964,0.00118652,0.00080176,-0.0002625,3681.1,0.000382,1,0.000997736,0.00100034,0.0002625,5985.76
0,6172015,4,phononTS,0.000599605,-0.00137551,0.00147698,0.000262498,10.8209,0.000599605,1,-0.00132397,0.000935967,-0.0002625,162.103
0,6172206,6,phononTS,0.000572709,0.000569394,0.00184876,-0.0002625,1950.65,0.000382,1,-0.000995204,-0.000997441,0.0002625,3892.22
0,6175684,7,phononTS,0.00113172,-0.000278381,0.0019956,-0.0002625,312.231,0.000382,1,-2.38302e-06,0.00200204,0.0002625,667.463
0,6176159,6,phononTS,0.000937869,0.00473738,0.00338866,-0.0002625,7754.04,0.000382,1,0.00299691,0.000995623,0.0002625,9196.45
0,6180643,21,phononTF,0.000575802,0.00119345,-0.00108485,-0.0002625,3798.84,0.000382,1,0.000997109,-0.000998154,0.0002625,4097.8
0,6184562,16,phononL,0.000536332,0.000664267,0.00118427,-0.000262498,4913.06,0.000382,1,0.00100279,0.0010041,0.0002625,4984.85
0,6188499,7,phononTS,0.000756325,-0.00102793,0.00300481,-0.0002625,837.456,0.000382,1,-0.00100075,0.00300342,0.0002625,1022.89
0,6190322,7,phononTS,0.00236107,-0.000203398,-0.000994021,-0.0002625,932.432,0.000764,1,8.04297e-07,-0.00199722,0.0002625,1973.15
0,6192833,9,phononTS,0.00039998,0.000193684,0.00106731,-0.0002625,323.339,0.000382,1,0.000996779,0.00100036,0.0002625,892.78
0,6194177,7,phononTF,0.00101109,0.0018505,0.000136374,-0.0002625,2918.91,0.000764,1,0.00199567,-4.57926e-06,0.0002625,3207.93
0,6194188,3,phononTS,0.00281568,-0.00160782,0.000688714,-0.0002625,13.392,0.000764,1,-0.00200291,-3.60163e-06,0.0002625,1605.79
0,6194188,5,phononTS,0.000539757,-0.00200291,-3.60163e-06,0.000262498,1605.79,0.000539757,1,-0.000804588,-0.000456034,-0.0002625,1881.47
0,6194608,5,phononTS,0.00114798,0.00298738,0.00103802,-0.0002625,1282.41,0.000382,1,0.00300072,0.000995498,0.0002625,1741.55
0,6196590,3,phononTF,0.00204625,-0.000544138,-0.00150942,-0.0002625,185.318,0.000764,1,-3.50243e-06,-0.00199945,0.0002625,1820.7
0,6198886,5,phononL,0.00239604,-0.000923993,0.00170628,-0.000142665,126.903,0.000382,1,-0.00100184,0.00100253,0.0002625,580.225
0,6201612,8,phononL,0.000436153,-0.000366826,0.00122635,-0.0002625,2956.49,0.000382,1,-0.00100457,0.000995849,0.0002625,4792.57
0,6201617,4,phononTF,0.00091201,-0.000745366,0.00324724,-0.0002625,2609.06,0.000382,1,-0.0010028,0.00299935,0.0002625,3659.33
0,6201998,2,phononTS,0.00433081,-0.000866337,8.95421e-05,-0.0002625,952.451,0.00191,1,3.4985e-06,7.94489e-07,0.0002625,1255.13
0,6202143,2,phononTS,0.00109284,-0.00161769,0.00180801,-0.0002625,39.848,0.000382,1,-0.00200288,0.00199566,0.0002625,326.275
0,6202737,8,phononTF,0.00076639,0.000998866,-0.00299512,0.000262498,8415.13,0.00076639,1,0.000831134,-0.00315431,-0.0002625,8513.3
0,6203084,3,phononL,0.0019451,0.000641058,-0.00271127,-0.0002625,150.869,0.000382,1,0.00100233,-0.00299823,0.0002625,1007.09
0,6203084,4,phononTS,0.00122356,0.00100233,-0.00299823,0.000262498,1007.09,0.000482101,1,0.00103929,-0.00304518,-0.0002625,1100.3
0,6203157,34,phononTF,0.000550222,0.000997142,-0.00300062,0.000262498,17970.2,0.000550222,1,0.000977923,-0.00319102,-0.0002625,18068.9
0,6207241,8,phononTS,0.000555621,0.00198808,-0.00221386,-0.0002625,1044.77,0.000382,1,0.00200217,-0.00200334,0.0002625,4251.46
0,6207798,5,phononTS,0.00236539,0.000217841,-0.0025103,-0.000262498,1388.75,0.000382,1,0.00199795,-2.04942e-06,0.0002625,1981.07
0,6214354,5,phononTS,0.000591576,-0.00272578,-0.00205029,-0.0002625,5027.19,0.000382,1,-0.00199823,-0.00199644,0.0002625,6667.09
0,6214852,2,phononTF,0.00196327,-0.000123435,0.00243125,-0.0002625,122.958,0.000764,1,3.19614e-06,0.00200033,0.0002625,1678.48
0,6214852,14,phononTS,0.000962158,3.19614e-06,0.00200033,0.000262498,1678.48,0.000370666,1,9.62821e-05,0.00199608,-0.0002625,1776.3
0,6215327,6,phononTF,0.000873515,0.00122918,-0.00121113,-0.0002625,701.401,0.000382,1,0.00199915,-0.00200022,0.0002625,1929.8
0,6216070,4,phononTF,0.000587857,-0.00198644,0.000233371,-0.0002625,304.011,0.000382,1,-0.00200004,-4.97685e-06,0.0002625,717.458
0,6216716,7,phononTS,0.000388919,0.000922746,-0.00173702,-0.0002625,3530.24,0.000382,1,0.00100004,-0.00100128,0.0002625,5299.35
0,6218255,10,phononTS,0.000425902,0.005,0.00134437,0.000179478,7640.89,0.000382,1,0.00200089,-0.00200497,0.0002625,8586.96
0,6218255,4,phononTF,0.00199242,-0.00123123,0.00157416,0.000262498,794.383,0.000875403,1,-0.0048356,-0.000501207,-0.0002625,1524.91
0,6221340,8,phononTF,0.000433617,-0.00100094,0.000996746,0.000262498,1223.96,0.000433617,1,-0.00141013,0.000741877,-0.0002625,1351.86
0,6221657,14,phononL,0.00045934,-0.00183421,0.000681269,-0.000262498,937.093,0.000382,1,-0.00100285,0.00100194,0.0002625,1050.38
0,6221837,5,phononTS,0.000510652,-0.000959941,0.00119593,-0.000262498,541.802,0.000382,1,-0.000996443,0.00100379,0.0002625,649.163
0,6222031,13,phononTS,0.000384591,0.000574033,-0.000237457,-0.000262498,7935.36,0.000382,1,0.00299513,0.000998193,0.0002625,8464.8
0,6222031,2,phononTF,0.00101021,-0.00127341,0.00156782,0.000262498,80.2277,0.00101021,1,-0.00102159,0.00132501,-0.0002625,188.191
0,6222725,4,phononTS,0.00124595,-0.00102328,0.00160523,-0.0002625,399.511,0.000382,1,-0.0009989,0.000997298,0.0002625,919.647
0,6225223,11,phononTF,0.000417668,-0.000754687,0.000762428,-0.000262498,420.457,0.000382,1,3.50537e-06,3.16556e-06,0.0002625,624.961
0,6225708,18,phononTS,0.000493287,0.00167525,0.000955728,-0.0002625,7660.13,0.000382,1,0.000997926,0.00100042,0.0002625,8900.52
0,6226490,9,phononTS,0.000408029,0.00198402,4.78366e-05,-0.000262498,2268.65,0.000382,1,0.00200286,-4.38023e-06,0.0002625,2360.51
0,6230555,17,phononTS,0.000419031,-0.005,0.000943056,-0.00025464,15311.9,0.000382,1,0.00100101,-0.00100181,0.0002625,17363.7
0,6232167,6,phononTS,0.00215323,-0.000973778,0.00154088,-0.000262498,381.948,0.000382,1,-0.0009957,0.00100057,0.0002625,533.356
0,6234838,18,phononTF,0.000420643,0.000374754,0.00235451,-0.0002625,9395.1,0.000382,1,3.4127e-06,0.00199736,0.0002625,9729.33
0,6237136,23,phononTS,0.00104482,0.000970118,0.00131091,-0.000262498,3702.74,0.000764,1,0.00100346,0.000998192,0.0002625,3826.83
0,6238590,5,phononTF,0.000430958,-0.00091118,0.00291594,-0.0002625,2242.34,0.000382,1,-0.000998018,0.00300263,0.0002625,7579.85
0,6240971,4,phononTF,0.00186678,-0.00100196,0.00100379,0.0002625,69.9167,0.00080024,1,-0.00100189,0.000972666,-0.0002625,355.061
0,6242056,6,phononTF,0.00135458,-0.00100039,0.000995925,0.000262498,664.088,0.000815124,1,0.000997714,0.000485644,-0.0002625,1052.08
0,6256455,8,phononTF,0.00070707,0.000835215,0.000583745,-0.0002625,290.035,0.000382,1,0.00199735,2.51084e-06,0.0002625,1052.97
0,6256752,8,phononL,0.000444444,0.00424725,0.000264065,-0.000262498,1644.6,0.000382,1,0.00300431,0.000998652,0.0002625,1819.72
0,6261414,3,phononTS,0.00280249,-0.00197263,3.74485e-05,-0.0002625,321.368,0.000382,1,-0.00199773,-3.65615e-06,0.0002625,1221.38
0,6263335,7,phononTS,0.000590504,-0.000998768,0.000996864,0.0002625,511.922,0.000590504,1,-0.000973941,0.00105161,-0.0002625,690.867
0,6266535,7,phononTS,0.000458176,-0.00137938,0.0037931,-0.0002625,2912.48,0.000382,1,-0.000996058,0.00299954,0.0002625,3740.84
0,6266535,3,phononTS,0.00305346,-0.00131076,0.00152391,0.000262498,33.5137,0.00014681,1,-0.0012657,0.00152274,-0.0002625,127.491
0,6267912,4,phononTF,0.000402662,-0.00192531,0.00208965,-0.0002625,99.6263,0.000382,1,-0.00200447,0.00199532,0.0002625,567.635
0,6267912,2,phononTS,0.00107307,-0.005,-0.00153836,0.000215971,4.93419,0.00105848,1,-0.00352034,-0.000713545,-0.0002625,1160.8
0,6271296,5,phononTS,0.00113871,-0.00103542,0.0020676,-0.000262498,670.618,0.000764,1,-0.00099687,0.00299893,0.0002625,884.152
0,6272012,3,phononTF,0.00184874,0.000374054,-0.000388514,-0.0002625,59.0069,0.000382,1,0.000997428,-0.000999876,0.0002625,1041.48
0,6272012,4,phononTS,0.00122041,0.00251675,-0.005,0.000202201,1041.48,0.000391639,1,0.00321082,-0.00379418,-0.0002625,2753.83
0,6272432,3,phononTF,0.00275704,-0.000636752,-0.000753479,-0.0002625,445.742,0.000764,1,-0.000997276,-0.00100342,0.0002625,977.623
0,6273432,8,phononTS,0.000444431,-0.00197046,0.00200337,-0.0002625,687.221,0.000382,1,-0.00200186,0.00200192,0.0002625,1152.25
0,6276442,9,phononTS,0.000466866,-0.00200563,-0.0026319,-0.0002625,4053.37,0.000382,1,-0.00200156,-0.00199721,0.0002625,4657.67
0,6276640,9,phononTS,0.000412519,0.0025223,-0.00191519,-0.000262498,5329.3,0.000382,1,0.00199822,-0.00200172,0.0002625,5483.75
0,6284188,4,phononTF,0.00193696,-0.00165777,0.00177222,-0.0002625,40.7105,0.000382,1,-0.00199588,0.00199531,0.0002625,276.066
0,6284852,3,phononTF,0.00135694,0.00043527,-0.000431073,-0.0002625,47.7096,0.000382,1,0.00099624,-0.00100367,0.0002625,703.715
0,6284875,8,phononTS,0.000746014,0.00104066,-0.000816823,-0.000262498,4583.89,0.000382,1,0.000996768,-0.00100414,0.0002625,4690.51
0,6294681,2,phononTS,0.0016646,-0.000369522,-0.00138383,-0.0002625,23.8557,0.000382,1,-0.000998877,-0.000997418,0.0002625,3647.91
0,6295031,6,phononL,0.000625794,-0.000316054,0.00213979,-0.0002625,903.079,0.000382,1,3.92982e-06,0.00199909,0.0002625,1155.99
0,6296313,9,phononTF,0.000741894,-0.00320801,-0.000319291,-0.000262498,11473.4,0.000382,1,0.00100199,-0.00100216,0.0002625,12235.4
0,6309973,9,phononTS,0.00156954,-0.0020459,0.00196645,-0.0002625