Run ID,Event ID,Track ID,Particle Name,Start Energy [eV],Start X [m],Start Y [m],Start Z [m],Start Time [ns],Energy Deposited [eV],Track Weight,End X [m],End Y [m],End Z [m],Final Time [ns]
0,40859,8,phononTF,0.000518585,0.00170437,-0.000365669,-0.0002625,3182.66,0.000382,1,0.00100394,-0.000999452,0.0002625,4028.59
0,40859,4,phononTS,0.000650998,-0.00321323,3.7747e-05,0.000262498,4.08256,0.000650998,1,-0.00421544,-0.000552287,-0.0002625,264.793
0,40859,3,phononTS,0.00170805,-0.00321323,3.7747e-05,0.000262498,4.08256,0.00155076,1,-0.00331058,-7.79841e-06,-0.0002625,101.992
0,77085,10,phononTS,0.000392428,-0.00300151,-0.00100099,0.000262499,5686.56,0.000392428,1,-0.00295174,-0.00159176,-0.0002625,5841.25
0,77086,1,phononTS,0.01,-0.00331238,-0.000301289,-0.000261089,0,0.00656712,1,-0.00331004,-0.000301875,-0.0002625,182.453
0,99241,3,phononL,0.00122796,-0.00256091,-1.89329e-05,-0.0002625,112.864,0.000382,1,-0.00200004,-3.92675e-06,0.0002625,278.024
0,108831,7,phononTS,0.000499153,-0.00299787,-0.00100197,0.000262498,452.974,0.000499153,1,-0.00350447,-0.000949992,-0.0002625,599.419
0,116037,9,phononTF,0.000662049,-0.00317848,-0.000793901,-0.000262498,1061.44,0.000382,1,-0.00299867,-0.000997092,0.0002625,1163.34
0,117442,5,phononTS,0.00149075,-0.00214353,-4.28416e-05,-0.0002625,739.779,0.000382,1,-0.00200309,-1.54629e-06,0.0002625,943.536
0,127855,6,phononTS,0.000626725,-0.00199713,-0.00200254,0.0002625,719.463,0.00056057,1,-0.0020338,-0.00258087,-0.0002625,1033.5
0,130501,6,phononL,0.000721947,-0.00199858,4.3367e-06,0.000262498,1218.9,0.000721947,1,-0.00199703,0.000275022,-0.0002625,1285.65
0,160388,3,phononTF,0.000699241,-0.00300266,-0.000997542,0.0002625,678.084,0.000639732,1,-0.00305643,-0.00134854,-0.0002625,1147.14
0,178722,4,phononTF,0.000579251,0.000514894,-0.002591,-0.0002625,773.746,0.000382,1,0.00100041,-0.00299541,0.0002625,1204.75
0,178722,2,phononTS,0.00166226,-0.005,0.00363425,-5.94275e-06,22.6847,0.00166226,1,-0.00479337,0.00354649,-0.0002625,1046.01
0,182178,2,phononTS,0.00518261,-0.00311071,0.000210492,-0.0002625,286.951,0.00191,1,-0.00199931,4.20386e-06,0.0002625,624.602
0,182178,6,phononTS,0.000405269,-0.00199931,4.20386e-06,0.000262498,624.602,0.000405269,1,-0.001973,-5.04632e-05,-0.0002625,716.88
0,182212,5,phononTS,0.000784766,-0.00305242,-0.000906058,-0.000262498,695.552,0.000382,1,-0.00300316,-0.00100241,0.0002625,793.318
0,192822,7,phononTS,0.000414997,-0.00200039,-0.00200177,0.0002625,638.574,0.000414997,1,-0.00191073,-0.00243937,-0.0002625,936.635
0,211440,3,phononTF,0.000711775,-0.00308035,-0.000810293,-0.0002625,1635.3,0.000382,1,-0.00299612,-0.000995425,0.0002625,1931.23
0,226708,3,phononTS,0.00243323,-0.0026511,3.00469e-06,-0.0002625,284.869,0.000764,1,-0.00200014,8.40527e-07,0.0002625,615.553
0,226708,5,phononTS,0.000415247,-0.00200014,8.40527e-07,0.000262498,615.553,0.000415247,1,-0.00178313,-4.142e-05,-0.0002625,725.424
0,232249,6,phononTS,0.000435144,-0.00226601,-0.00101654,-0.000262498,590.099,0.000382,1,-0.00300393,-0.000997817,0.0002625,771.393
0,232249,2,phononTS,0.000551102,-0.00330937,1.33455e-05,0.000262498,53.8548,0.000551102,1,-0.00370597,-4.77816e-06,-0.0002625,186.284
0,258459,11,phononTF,0.000724215,-0.00299533,-0.00100407,0.000262498,990.198,0.000724215,1,-0.00295699,-0.00117752,-0.0002625,1087.53
0,273042,8,phononTS,0.0022651,-0.00300256,-0.00100125,0.0002625,822.297,0.00126533,1,-0.00300828,-0.00121671,-0.0002625,1571.87
0,273042,7,phononTS,0.000681654,0.00312756,0.005,4.65766e-05,822.297,8.57517e-05,1,0.000786324,0.00202472,-0.0002625,2892.61
0,284595,5,phononTS,0.000407158,-0.00303676,-0.000422409,-0.000262498,180.153,0.000382,1,-0.00199838,1.16022e-06,0.0002625,426.481
0,284595,3,phononTS,0.00112593,-0.00315483,-0.000117517,0.000262498,51.7109,0.000878813,1,-0.00318371,-7.53571e-05,-0.0002625,144.338
0,290771,4,phononTS,0.00215705,-0.0016168,-0.000958388,-0.0002625,13.8975,0.000382,1,4.91232e-06,-0.00199698,0.0002625,796.639
0,290771,5,phononTF,0.000983158,4.91232e-06,-0.00199698,0.000262498,796.639,0.000665321,1,9.12541e-05,-0.00207308,-0.0002625,888.809
0,315429,4,phononTF,0.000403132,-0.00200191,-0.0019975,0.0002625,149.551,0.000403132,1,-0.00175486,-0.00223625,-0.0002625,1223.35
0,316717,5,phononTS,0.000423917,-0.0029856,-0.000495575,-0.000262498,171.572,0.000382,1,-0.00299751,-0.000995896,0.0002625,319.162
0,337558,6,phononTS,0.00131658,-0.00299657,-0.000997143,0.000262498,870.05,0.000978743,1,-0.00299575,-0.00156629,-0.0002625,1021.44
0,357526,4,phononTS,0.00130618,-0.00297855,-0.000689716,-0.0002625,948.056,0.000382,1,-0.00300283,-0.000997978,0.0002625,1494.34
0,386060,5,phononTS,0.00132503,5.64599e-05,0.000862896,-0.0002625,331.2,0.000382,1,0.000996725,0.000999625,0.0002625,1173.59
0,418641,6,phononTS,0.000680387,0.00105483,-0.000389603,-0.0002625,824.645,0.000382,1,0.000995001,-0.000995357,0.0002625,2393.17
0,418641,2,phononTS,0.00103158,-0.00318231,4.21276e-05,0.000262498,638.98,0.00103158,1,-0.00275148,-2.69731e-05,-0.0002625,779.9
0,441168,3,phononTS,0.00100954,-0.00262106,1.28045e-05,-0.0002625,19.0076,0.000382,1,-0.00199586,-3.65708e-06,0.0002625,341.498
0,462021,3,phononTS,0.000635227,-0.00211209,-0.0012731,-0.0002625,624.941,0.000382,1,-0.00199791,-0.00200011,0.0002625,1166.76
0,477364,7,phononTS,0.000489305,-0.00164251,0.00123555,-0.0002625,2040.59,0.000382,1,-0.000999711,0.000995939,0.0002625,2583.18
0,522300,2,phononTS,0.00078711,-0.00325879,0.000316544,-0.0002625,102.357,0.000382,1,-0.00199806,-4.29074e-06,0.0002625,493.642
0,523638,3,phononTF,0.00296099,0.00044974,-0.000455161,-0.0002625,62.2454,0.000764,1,0.00100344,-0.000995538,0.0002625,1418.62
0,523638,5,phononTF,0.000421911,0.00100344,-0.000995538,0.000262498,1418.62,0.000421911,1,0.00125305,-0.00123642,-0.0002625,1526.31
0,529158,8,phononTS,0.000905832,-0.00199553,0.002002,0.000262498,1228.36,0.000601421,1,-0.00216464,0.00272189,-0.0002625,1415.54
0,552243,5,phononL,0.00124873,-0.00200125,3.42601e-06,0.000262498,356.842,0.00124873,1,-0.00218557,-0.000695017,-0.0002625,453.194
0,552243,3,phononTS,0.000659786,-0.00325034,0.000131118,0.000262498,21.7177,0.000659786,1,-0.00299715,0.000218235,-0.0002625,142.175
0,552243,2,phononL,0.00184719,-0.00325034,0.000131118,0.000262498,21.7177,0.00093775,1,-0.00279653,0.000222592,-0.0002625,97.8118
0,553541,4,phononTF,0.00226302,-0.00262714,0.000416037,-0.0002625,57.1768,0.001146,1,-0.00199755,-4.59671e-06,0.0002625,667.855
0,553541,5,phononTF,0.000513361,-0.00199755,-4.59671e-06,0.000262498,667.855,0.000513361,1,-0.00245045,0.000918116,-0.0002625,879.38
0,559877,7,phononTF,0.000491774,-0.00120625,-0.00121335,-0.000262498,1373.26,0.000382,1,-0.00100054,-0.000998268,0.0002625,1476.53
0,575119,5,phononTF,0.000408757,-0.00316976,-0.000834962,-0.000262498,227.08,0.000382,1,-0.00299662,-0.00100283,0.0002625,325.972
0,575119,3,phononTS,0.00190129,-0.00319278,7.88623e-05,0.000262498,11.7646,0.00110437,1,-0.00301321,-9.01166e-05,-0.0002625,131.242
0,578221,6,phononTF,0.000480579,-0.00199802,0.00199865,0.000262498,832.302,0.000480579,1,-0.00244879,0.00155884,-0.0002625,972.624
0,582031,4,phononTF,0.000933862,-0.00200022,1.67884e-06,0.0002625,567.454,0.000933862,1,-0.0023259,0.00309022,-0.0002625,1525.94
0,582031,2,phononTS,0.00107294,0.005,0.00151291,-0.000158244,50.7778,0.000231793,1,0.00457883,0.00115058,-0.0002625,2764.35
0,612775,7,phononTS,0.000800413,-0.00297621,-0.0010206,-0.0002625,379.996,0.000382,1,-0.00300419,-0.00100048,0.0002625,649.762
0,614504,3,phononL,0.00661217,-0.00212331,5.76085e-05,0.000120508,254.81,0.001528,1,-0.00199866,-4.02379e-06,0.0002625,871.048
0,614504,6,phononTS,0.000428817,-0.00199866,-4.02379e-06,0.000262498,871.048,0.000428817,1,-0.00198341,0.000599321,-0.0002625,1028.43
0,614504,5,phononTF,0.000909278,-0.00199866,-4.02379e-06,0.000262498,871.048,0.000568803,1,-0.00228363,0.000280031,-0.0002625,984.287
0,614504,4,phononTS,0.00193813,-0.00199866,-4.02379e-06,0.000262498,871.048,0.00176108,1,-0.00195135,0.00026172,-0.0002625,990.401
0,619716,5,phononTF,0.000699811,-0.00141179,0.00260871,-0.0002625,583.807,0.000382,1,-0.000995315,0.0030027,0.0002625,1254.21
0,620446,5,phononL,0.00117387,-0.00100327,-0.000996419,0.0002625,129.682,0.000835338,1,-0.000693807,-0.000446469,-0.0002625,1265.44
0,623928,6,phononTF,0.00119652,-0.00281412,-0.000652756,-0.000262498,213.589,0.000382,1,-0.00299961,-0.00099769,0.0002625,331.376
0,651856,5,phononL,0.000591056,-0.000995903,0.0030046,0.0002625,2795.43,0.000591056,1,-0.00117832,0.0029013,-0.0002625,3055.21
0,652055,3,phononTS,0.00252666,-0.000245232,-0.00020227,-0.000115917,946.967,0.000382,1,-1.27863e-06,0.00199989,0.0002625,2581.48
0,660136,4,phononTS,0.00061909,-0.00336651,0.000122246,-0.0002625,6009.18,0.000382,1,-0.00199595,-1.95395e-07,0.0002625,7874.77
0,663943,7,phononTF,0.000409592,0.00200243,0.00199599,0.000262498,5133.37,0.000409592,1,0.00182864,0.00182932,-0.0002625,5232.53
0,663943,2,phononTS,0.000590402,-0.00329732,-0.000216009,0.000262498,108.881,0.000590402,1,-0.00329488,-0.000213577,-0.0002625,198.756
0,669782,4,phononTS,0.000903104,0.00345162,-0.005,-0.000244433,1784.11,0.000903104,1,0.00345688,-0.00499428,-0.0002625,2519.12
0,669782,2,phononTF,0.00286686,-0.00313163,2.04565e-06,0.000262498,128.533,0.00164741,1,-0.003286,-0.000153514,-0.0002625,225.928
0,675858,3,phononTF,0.00174465,-0.00473136,-0.000528325,-0.0002625,26.0331,0.000764,1,-0.00199558,0.00200123,0.0002625,1492.83
0,675858,2,phononTS,0.000555946,0.00311041,0.005,-0.000261794,26.0331,0.000555946,1,0.00309398,0.00498308,-0.0002625,1510.54
0,680649,6,phononTS,0.000767085,-0.00171743,1.95652e-05,-0.0002625,271.3,0.000382,1,-0.000998818,-0.00100462,0.0002625,971.867
0,705185,6,phononTS,0.000567233,4.51542e-06,1.99298e-06,0.0002625,156.555,0.000567233,1,-3.73192e-05,0.000330705,-0.0002625,1780.7
0,720781,4,phononTS,0.000386582,-0.000998074,0.00300471,0.0002625,602.629,0.000386582,1,-0.00102717,0.00274792,-0.0002625,3842.34
0,720782,1,phononTS,0.01,-0.00307296,0.000196496,-0.000200497,0,0.00770214,1,-0.00307911,0.000195673,-0.0002625,260.713
0,753570,4,phononTS,0.000597502,-0.00255592,-5.51707e-05,-0.000262499,809.692,0.000382,1,-0.00199537,-1.42924e-07,0.0002625,967.644
0,757072,8,phononTS,0.000439651,-0.001001,-0.00100071,0.000262498,3823.62,0.000439651,1,-0.00100953,-0.00106596,-0.0002625,3920.48
0,758874,7,phononTF,0.000555367,-0.00200373,4.33559e-06,0.000262498,1937.71,0.000555367,1,-0.00226727,0.000265356,-0.0002625,2048.04
0,781575,9,phononTF,0.000673811,-0.00200148,-1.00092e-06,0.000262498,780.143,0.000512759,1,-0.00146714,-0.000652047,-0.0002625,953.903
0,816183,6,phononTS,0.000756447,-0.000186238,0.00320582,-0.000262498,4125.1,0.000382,1,-4.06377e-06,0.00199769,0.0002625,4399.98
0,821730,6,phononTS,0.000504876,1.39319e-05,-0.0019921,-0.0002625,701.615,0.000382,1,2.41635e-06,-0.00199868,0.0002625,2607.18
0,821730,4,phononTS,0.00254778,-0.00180167,0.005,-0.000258923,6.52467,0.00148298,1,-0.0018002,0.00499636,-0.0002625,1266.84
0,829911,2,phononTF,0.000518004,-4.71851e-06,-0.00199792,0.0002625,225.63,0.000518004,1,0.000236805,-0.00174457,-0.0002625,1375.88
0,833998,11,phononTS,0.000411392,0.00100633,-0.00261781,-0.0002625,2843.36,0.000382,1,0.000999671,-0.00299762,0.0002625,6532.55
0,857095,8,phononTS,0.000455826,-0.0017307,-0.000868094,-0.0002625,1986.97,0.000382,1,-1.59638e-06,-0.00199508,0.0002625,2798.16
0,857096,3,phononTS,0.00737484,-0.00340735,0.00110075,9.97619e-05,421.994,0.00433485,1,-0.00343849,0.00116203,-0.0002625,699.891
0,859153,8,phononL,0.000809718,-0.005,-0.000496521,7.97488e-05,796.929,0.000382,1,-0.00200069,-1.42341e-06,0.0002625,1375.76
0,866054,3,phononTS,0.000671037,1.67284e-06,2.94765e-06,0.0002625,136.571,0.000671037,1,0.000793138,2.07941e-05,-0.0002625,1084.19
0,880462,5,phononTS,0.000541807,-0.00104194,0.0011657,-0.000262498,532.323,0.000382,1,-0.00100082,0.00100164,0.0002625,636.588
0,894949,4,phononTS,0.00138994,-0.00212722,2.61499e-06,-0.0002625,6.80686,0.000764,1,-0.00200383,-3.20451e-06,0.0002625,1025.26
0,912629,6,phononTF,0.000744624,-0.00269936,-0.00117298,-0.000262498,2934.62,0.000382,1,-0.00300023,-0.000998247,0.0002625,3046.67
0,915327,4,phononTF,0.000487501,-0.00257027,-0.00150019,-0.000262498,461.816,0.000382,1,-0.00300157,-0.00100077,0.0002625,608.701
0,915591,11,phononTF,0.000517928,0.003001,0.001,0.000262498,4112.79,0.000517928,1,0.0028239,0.000941896,-0.0002625,4210.53
0,921274,7,phononTF,0.000847256,-0.00200424,-4.59617e-06,0.000262498,948.011,0.000847256,1,-0.00205379,9.14724e-05,-0.0002625,1040.37
0,922484,7,phononTS,0.00043403,-0.00200088,-1.68544e-06,0.000262498,699.978,0.00043403,1,-0.00259418,0.00156873,-0.0002625,1046.58
0,928619,9,phononTF,0.000722842,-0.00120604,-0.000618371,-0.0002625,790.725,0.000382,1,-0.00100114,-0.000995514,0.0002625,2012.25
0,958264,1,phononTF,0.01,-0.0020118,8.62874e-06,0.000234883,0,0.001146,1,-0.00200477,1.73542e-06,0.0002625,718.01
0,966361,7,phononTF,0.000571459,-0.00199596,-0.00200346,0.0002625,390.744,0.000571459,1,-0.00184689,-0.00228347,-0.0002625,1263.91
0,968076,3,phononTS,0.00267302,-0.00261088,4.03562e-05,-0.0002625,4.9258,0.001146,1,-0.00200281,4.11593e-06,0.0002625,320.332
0,968076,4,phononL,0.00100167,-0.00200281,4.11593e-06,0.000262498,320.332,0.00100167,1,-0.00203562,-0.000222658,-0.0002625,385.786
0,969705,3,phononTS,0.00215239,-0.00262407,1.57799e-05,-0.0002625,17.7393,0.000382,1,-0.00199712,-4.64868e-06,0.0002625,345.357
0,972946,3,phononTS,0.000549918,-0.0029937,0.000515868,-0.000262498,670.706,0.000382,1,-0.00100247,-0.000998466,0.0002625,1162.65
0,972946,2,phononTS,0.00147422,-0.005,-0.00271825,0.000136535,670.706,0.000485546,1,-0.00382382,-0.00352864,-0.0002625,1662.67
0,1003138,1,phononL,0.01,-0.00303192,-0.00102422,0.00023387,0,0.002292,1,-0.00300402,-0.00100309,0.0002625,1326.15
0,1003138,6,phononTF,0.000814849,-0.0033945,-0.005,-0.000257058,1326.15,0.000814849,1,-0.00340253,-0.00496881,-0.0002625,2053.39
0,1003138,5,phononL,0.00141941,-0.00300402,-0.00100309,0.000262498,1326.15,0.00115672,1,-0.00294101,-0.00134528,-0.0002625,1396.01
0,1003138,4,phononTF,0.000414227,-0.00300402,-0.00100309,0.000262498,1326.15,0.000414227,1,-0.00281649,-0.00115057,-0.0002625,1425.95
0,1006749,4,phononTS,0.00135721,-0.00220131,9.44296e-05,-0.0002625,486.786,0.000382,1,-0.0020013,3.96404e-06,0.0002625,1062.24
0,1016018,2,phononL,0.000450774,-0.00310453,-0.000458901,-0.0002625,20.6385,0.000382,1,-0.0029997,-0.00099716,0.0002625,184.39
0,1035413,5,phononTF,0.000754037,-0.005,0.000962907,-0.000157204,1143.37,0.000382,1,-0.00200271,-2.28303e-06,0.0002625,2366.25
0,1035413,4,phononTS,0.000429509,-0.00468812,0.00169575,0.000262498,1143.37,0.000429509,1,-0.00480844,0.00369348,-0.0002625,1580.66
0,1035413,2,phononTF,0.00573965,-0.00292711,-9.76489e-05,0.00016105,36.6625,0.00263371,1,-0.00270003,-0.000319491,-0.0002625,177.372
0,1054722,5,phononL,0.000382408,3.81984e-06,0.00199865,0.0002625,264.149,0.000382408,1,0.000585598,0.00215407,-0.0002625,924.856
0,1057200,4,phononTS,0.000932765,-0.00274647,-0.000655013,-0.000262498,432.847,0.000382,1,-0.00299509,-0.00100318,0.0002625,577.001
0,1057200,5,phononTF,0.000433995,-0.00299509,-0.00100318,0.000262498,577.001,0.000433995,1,-0.00220492,0.00250565,-0.0002625,1224
0,1058700,4,phononTF,0.000395166,-0.0011341,-0.00112549,-0.0002625,837.599,0.000382,1,-0.00100417,-0.00100227,0.0002625,1165.88
0,1069305,5,phononTS,0.00103058,-0.00223202,0.00184203,-0.0002625,496.906,0.000382,1,-0.00199698,0.00199702,0.0002625,867.963
0,1069305,2,phononTF,0.00360985,-0.00472488,0.00144595,-8.99698e-05,5.10657,0.00244388,1,-0.00484128,0.00156464,-0.0002625,432.87
0,1071903,6,phononL,0.00149687,-0.00155817,0.00243201,-0.0002625,354.524,0.000764,1,-0.00100495,0.00299564,0.0002625,671.046
0,1075410,4,phononTS,0.0023385,-0.00100238,-0.000999963,0.0002625,1125.18,0.00163827,1,-0.000789202,-0.000324324,-0.0002625,2269.8
0,1077717,2,phononTF,0.00116946,-0.00307221,-0.000856382,-0.0002625,232.224,0.000764,1,-0.00299979,-0.000996428,0.0002625,517.446
0,1092060,5,phononTF,0.000770712,0.00100486,-0.00300086,0.0002625,823.009,0.000770712,1,0.00128813,-0.00271048,-0.0002625,2397.64
0,1092353,5,phononTS,0.000610904,-0.000287413,0.00107533,-0.0002625,183.19,0.000382,1,0.00100289,0.000997802,0.0002625,2449.89
0,1092353,3,phononTS,0.00122019,-0.00329759,0.000306343,0.000262498,81.4748,0.000633264,1,-0.00332015,0.000251676,-0.0002625,171.044
0,1145496,5,phononTF,0.000672249,-0.005,0.00260887,0.000228593,332.306,0.000382,1,1.74233e-06,1.91181e-06,0.0002625,2118.99
0,1187987,2,phononTS,0.00177593,0.00112567,8.48366e-06,-0.0002625,6.68837,0.000382,1,0.00199629,-4.99668e-06,0.0002625,1222.89
0,1187987,5,phononTF,0.00131828,0.00199629,-4.99668e-06,0.000262498,1222.89,0.000811721,1,0.00205318,-3.44694e-06,-0.0002625,1313.59
0,1215364,6,phononTS,0.000701467,-0.00299824,-0.00100006,0.000262498,1536.03,0.000701467,1,-0.00305012,-0.00103361,-0.0002625,1625.23
0,1215364,3,phononTS,0.00201464,-0.00322952,4.05381e-05,0.000262498,3.96308,0.00102491,1,-0.0032064,-0.000574321,-0.0002625,166.692
0,1239493,5,phononTS,0.000400188,-0.00300099,-0.00100464,0.000262498,548.248,0.000400188,1,-0.00226962,-0.00104165,-0.0002625,728.017
0,1246439,5,phononTF,0.0010451,-0.000999807,0.00300366,0.000262498,1394.49,0.00083717,1,-0.00109897,0.00328944,-0.0002625,1503.68
0,1246439,2,phononTS,0.00146618,-0.00322059,5.86562e-05,0.000262498,22.2964,0.00146618,1,-0.00327369,8.88587e-06,-0.0002625,116.577
0,1284574,3,phononTS,0.00181008,0.00262308,0.000412939,-0.0002625,24.6449,0.000382,1,0.00300277,0.00100343,0.0002625,2348.13
0,1313639,6,phononTS,0.00118674,-0.00327511,-0.000952909,-0.000262498,522.906,0.000382,1,-0.0029986,-0.000997511,0.0002625,639.514
0,1318748,4,phononTS,0.000530568,-0.00199741,0.0020028,0.0002625,714.309,0.000530568,1,-0.00121465,0.00199022,-0.0002625,992.647
0,1318748,2,phononL,0.00121176,-0.00307455,0.000304827,0.000262498,339.537,0.000881368,1,-0.0026924,0.000772446,-0.0002625,427.288
0,1318749,3,phononTS,0.00687934,-0.00278497,0.000837868,-0.000181067,270.586,0.00532113,1,-0.0027819,0.000840006,-0.0002625,733.71
0,1320353,7,phononTS,0.000579921,-0.00200355,1.3172e-06,0.000262498,1072.86,0.000579921,1,-0.00203784,3.35679e-05,-0.0002625,1162.32
0,1322805,3,phononTF,0.00268627,-0.00257123,0.00143606,-0.0002625,126.41,0.000764,1,-0.00200371,0.00200292,0.0002625,732.352
0,1322805,10,phononTS,0.000424816,-0.00200371,0.00200292,0.000262498,732.352,0.000424816,1,-0.00199468,0.0012979,-0.0002625,908.956
0,1329403,5,phononTF,0.000590394,-0.0030005,-0.00100379,0.0002625,429.056,0.000590394,1,-0.00327955,-0.000753514,-0.0002625,1665.31
0,1335192,6,phononTS,0.00100585,-0.00300494,-0.000999078,0.000262498,851.481,0.000351966,1,-0.00231088,-0.00184453,-0.0002625,1101.69
0,1346400,2,phononTF,0.00186759,-0.00386192,2.83372e-05,-0.0002625,152.104,0.000382,1,-0.00299615,-0.00100291,0.0002625,1096.07
0,1352701,2,phononL,0.0052965,-0.00281248,0.00010314,-0.0002625,67.7222,0.001146,1,-0.00200381,-4.93262e-06,0.0002625,275.129
0,1390561,6,phononTS,0.000526341,-0.00258542,0.00111019,-0.0002625,571.587,0.000382,1,3.19514e-06,4.78837e-06,0.0002625,1248.42
0,1391503,9,phononTS,0.000509564,-0.000981946,0.00155016,-0.0002625,3017.71,0.000382,1,-0.00100151,0.00100303,0.0002625,3619.02
0,1402876,5,phononTF,0.00128795,-0.00199824,3.34501e-06,0.0002625,467.311,0.00117233,1,-0.00169229,0.000309242,-0.0002625,912.406
0,1415583,7,phononTS,0.000409745,-0.00200118,0.00200169,0.000262498,1082.86,0.000409745,1,-0.00234298,0.00104365,-0.0002625,1316.79
0,1427015,6,phononTS,0.00166048,-0.00300087,-0.000999916,0.000262498,871.154,0.00166048,1,-0.00322801,-0.000419056,-0.0002625,1042.59
0,1427015,4,phononL,0.00125453,-0.00326509,6.61003e-05,0.000262498,32.6752,0.000229299,1,-0.00353644,1.15853e-05,-0.0002625,99.6533
0,1436495,2,phononTS,0.000953498,-0.00270764,-3.7297e-05,-0.000262498,354.168,0.000382,1,-0.00200285,-1.55112e-06,0.0002625,526.735
0,1466865,2,phononTS,0.000597027,-0.00299688,-0.000997898,0.0002625,391.925,0.000597027,1,-0.00299914,-0.00115196,-0.0002625,733.814
0,1480705,3,phononTS,0.00105292,-0.00100456,0.00100453,0.0002625,673.086,0.00105292,1,-0.00100518,0.000998889,-0.0002625,1293.66
0,1498739,4,phononTS,0.00229792,-0.000823143,5.01976e-05,-0.0002625,78.6026,0.000764,1,7.91812e-07,-2.97945e-06,0.0002625,853.335
0,1520434,5,phononTS,0.000528441,-0.00139304,-0.00134017,-0.0002625,228.696,0.000382,1,-0.00100067,-0.000997063,0.0002625,856.379
0,1520434,3,phononTS,0.000854448,-0.00331708,-0.000108798,0.000262498,88.2095,0.000854448,1,-0.00358309,1.41077e-05,-0.0002625,212.634
0,1521739,6,phononL,0.000885055,-0.00200175,0.00199878,0.000262498,1159.8,0.000465746,1,-0.00166796,0.00217164,-0.0002625,1231.19
0,1546073,2,phononTF,0.00111108,-6.66565e-07,3.41943e-06,0.0002625,29.682,0.00111108,1,0.000246232,-0.000233243,-0.0002625,1072.46
0,1550489,5,phononTF,0.000522963,-0.000326685,-0.00239816,-0.0002625,1659.57,0.000382,1,0.00100494,-0.00299654,0.0002625,2505.66
0,1625594,7,phononTF,0.000512783,-0.00100049,0.00300027,0.000262498,938.4,0.000512783,1,-0.000972599,0.00297336,-0.0002625,1028.52
0,1657952,7,phononL,0.000470996,-0.00300435,-0.00099983,0.000262498,1306.71,0.000470996,1,-0.00330715,-0.00121193,-0.0002625,1377.85
0,1672942,8,phononTS,0.000382783,1.21007e-07,-0.00199886,0.000262498,6068.39,0.000382783,1,0.000154574,-0.00127934,-0.0002625,6254.64
0,1672942,2,phononTF,0.000852896,-0.00339689,0.000386124,0.000262498,122.901,0.000627381,1,-0.00251776,0.00465933,-0.0002625,900.425
0,1678270,8,phononTF,0.000455302,-0.00290086,-0.000956892,-0.000262498,1551.58,0.000382,1,-0.00299908,-0.00100242,0.0002625,1644.02
0,1711008,5,phononTF,0.000861285,-0.00333662,-0.00132652,-0.000262498,1661.98,0.000382,1,-0.00299588,-0.000997041,0.0002625,1783.04
0,1749406,7,phononTS,0.00109715,-0.00100354,0.00299582,0.000262498,1034.05,0.000582581,1,-0.00100815,0.00297853,-0.0002625,1125.91
0,1753711,8,phononTS,0.00040524,-0.00299523,-0.000996582,0.000262498,925.161,0.00040524,1,-0.00298744,-0.000983274,-0.0002625,1017.9
0,1759875,2,phononTS,0.00157973,-0.00312946,-0.00048002,-0.0002625,8.57023,0.000382,1,-0.00300042,-0.000995909,0.0002625,320.248
0,1770024,3,phononTS,0.00131228,-0.00310451,-0.000465303,-0.0002625,8.25033,0.000764,1,-0.00299649,-0.000998662,0.0002625,322.168
0,1770024,2,phononTS,0.00232407,-0.00321253,6.8054e-05,0.000262498,8.25033,0.00199849,1,-0.00493933,-0.00274505,-0.0002625,640.147
0,1827393,6,phononTS,0.000839225,0.00490858,0.000207186,-0.0002625,5163.62,0.000382,1,-0.00200288,-0.0019987,0.0002625,9228.3
0,1862196,4,phononTS,0.0020228,-0.00104037,0.000317722,-2.34733e-05,190.938,0.000764,1,0.00199994,-0.00200367,0.0002625,1647.95
0,1862196,5,phononTS,0.000818503,0.00199994,-0.00200367,0.000262498,1647.95,0.00054985,1,0.0019764,-0.00209539,-0.0002625,1745.59
0,1862196,3,phononTS,0.000436775,-0.00333653,0.000374337,0.000262498,190.938,0.000436775,1,-0.00357256,7.95239e-05,-0.0002625,328.082
0,1871126,6,phononTF,0.000533556,-0.00200125,-4.41331e-06,0.000262498,507.36,0.000533556,1,-0.00249757,0.000505729,-0.0002625,658.704
0,1890140,4,phononL,0.00187083,-0.005,-0.00139694,-0.000134605,268.145,0.001146,1,0.00200096,-0.00199553,0.0002625,1403.27
0,1899467,4,phononTS,0.000542685,-0.00277903,4.73615e-05,-0.000262498,155.549,0.000382,1,-0.00199674,2.53149e-06,0.0002625,342.947
0,1918721,9,phononTS,0.00079787,-0.00299774,-0.000997977,0.000262498,1817.43,0.000545142,1,-0.00297858,-0.000980237,-0.0002625,1907.19
0,1927150,4,phononTS,0.000414435,-0.000723617,-6.91995e-05,-0.0002625,153.472,0.000382,1,4.86747e-06,-2.94622e-06,0.0002625,2120.4
0,1932645,14,phononTF,0.00184715,0.0020022,0.0020047,0.000262498,1163.37,0.000722212,1,0.00171269,0.00228251,-0.0002625,1276.43
0,1945666,2,phononTS,0.00145693,-0.00214272,4.80072e-05,-0.0002625,6.00637,0.000764,1,-0.0019999,4.95661e-06,0.0002625,505.267
0,1949887,5,phononTS,0.00106351,-0.00200396,0.00211124,-0.0002625,934.963,0.000382,1,-0.00199554,0.00199584,0.0002625,1240.52
0,1949887,6,phononTS,0.000584953,-0.00199554,0.00199584,0.000262498,1240.52,0.000584953,1,-0.00267667,0.00196575,-0.0002625,1412.24
0,1958577,6,phononTF,0.000446796,-0.00100166,0.000995949,0.000262498,695.191,0.000446796,1,-0.001466,0.00144451,-0.0002625,837.555
0,1958577,3,phononTS,0.000980462,-0.00322295,5.23633e-05,0.000262498,2.30118,0.0005758,1,-0.00320843,-2.95591e-06,-0.0002625,92.2222
0,1966255,6,phononTF,0.000423789,-0.00259751,0.00255103,-0.000262498,502.62,0.000382,1,-0.00199908,0.00199611,0.0002625,670.298
0,1970461,7,phononTF,0.00119938,-0.00100003,-0.00100391,0.0002625,832.695,0.00119938,1,-0.0012071,-0.00120629,-0.0002625,1043.28
0,1972354,6,phononTS,0.00091142,-0.00328137,0.000231477,-0.000262498,425.267,0.000382,1,-4.52658e-06,-0.00199537,0.0002625,1168.5
0,1972665,5,phononTS,0.000426846,4.37231e-06,0.00199686,0.000262498,3800.09,0.000426846,1,-1.8958e-05,0.00204717,-0.0002625,3889.74
0,1972919,2,phononTF,0.00096844,-0.00208757,0.00191072,-0.0002625,140.792,0.000382,1,-0.00199676,0.00199874,0.0002625,1563.92
0,1972919,5,phononTS,0.000528148,-0.00199676,0.00199874,0.000262498,1563.92,0.000528148,1,-0.00197008,0.00204624,-0.0002625,1653.42
0,1984883,5,phononTS,0.000530534,0.000352961,-0.000217271,-0.0002625,5473.07,0.000382,1,-0.00200194,0.00199984,0.0002625,7216.91
0,1984883,3,phononTF,0.000667874,-0.00314806,0.000206581,0.000262498,63.5009,0.000667874,1,-0.00316337,0.000234796,-0.0002625,153.598
0,1995368,6,phononTF,0.000554123,-0.00200245,-1.52084e-06,0.0002625,520.837,0.000253099,1,-0.00219559,0.000413918,-0.0002625,776.053
0,1997280,7,phononTF,0.000947841,0.00149951,-0.00298462,-0.000262498,1135.38,0.000382,1,0.00200409,-0.00199638,0.0002625,1359.09
0,2007341,8,phononTS,0.000581887,-0.000818285,0.00303929,-0.0002625,3957.45,0.000382,1,-0.000998376,0.00299554,0.0002625,5684.99
0,2010505,3,phononTS,0.00277028,0.00374867,0.00124205,-0.0002625,121.648,0.000764,1,0.00300353,0.00099993,0.0002625,2945.82
0,2024436,6,phononTS,0.00049887,0.00103388,0.005,-0.000190741,112.03,0.00049887,1,0.000944112,0.00481417,-0.0002625,2158.89
0,2032935,7,phononTS,0.000417764,-0.00299538,-0.00100316,0.000262498,401.165,0.000417764,1,-0.0030058,-0.000699425,-0.0002625,523.046
0,2032935,3,phononL,0.000981171,-0.00316726,-0.000206853,0.000262498,143.245,0.000981171,1,-0.00370801,-6.87933e-05,-0.0002625,225.982
0,2032935,2,phononTS,0.000618638,-0.00316726,-0.000206853,0.000262498,143.245,0.000618638,1,-0.00292574,-0.000184939,-0.0002625,256.03
0,2037760,3,phononTS,0.00210669,-0.00250935,2.75121e-05,-0.0002625,68.6404,0.000382,1,-0.00200139,2.04806e-06,0.0002625,363.276
0,2037760,7,phononTF,0.000677697,-0.00200139,2.04806e-06,0.000262498,363.276,0.000677697,1,-0.00165774,0.000344411,-0.0002625,485.886
0,2051229,5,phononTF,0.000471799,-0.00200169,0.00199669,0.0002625,184.508,0.000471799,1,-0.00178453,0.00220368,-0.0002625,1240.74
0,2065053,3,phononTS,0.000944931,-0.00210162,0.000502021,-0.0002625,22.3921,0.000382,1,-0.00100188,0.000998955,0.0002625,544.187
0,2065053,2,phononTS,0.00183203,-0.00320137,5.08959e-06,0.000262498,22.3921,0.00183203,1,-0.00281719,0.00044444,-0.0002625,190.223
0,2082053,7,phononTF,0.00130223,-0.00345602,-0.000542959,-0.000262498,994.36,0.000382,1,-0.00300492,-0.000999596,0.0002625,1136.48
0,2082053,8,phononTS,0.000827392,-0.00300492,-0.000999596,0.000262498,1136.48,0.000827392,1,-0.000995139,0.00105672,-0.0002625,1693.93
0,2089658,3,phononL,0.00306012,-0.00107277,-6.08618e-05,-0.0002625,212.624,0.000764,1,-0.000996013,-0.000997025,0.0002625,1698.81
0,2089658,6,phononTS,0.00049603,-0.000996013,-0.000997025,0.000262498,1698.81,0.00049603,1,-0.000736817,-0.00201126,-0.0002625,1935.94
0,2113305,6,phononTF,0.000636718,-0.00299964,-0.0010023,0.000262498,555.098,0.000636718,1,-0.00316132,-0.0011571,-0.0002625,652.779
0,2134114,4,phononTF,0.00231207,-0.00335608,-0.000646463,-0.0002625,397.063,0.000764,1,-0.0030006,-0.000999751,0.0002625,646.262
0,2137656,7,phononTS,0.00059124,-0.00200996,3.84737e-05,-0.000262498,431.551,0.000382,1,-0.0019956,2.88861e-07,0.0002625,523.598
0,2137656,3,phononTS,0.00133379,-0.00330127,-2.27103e-05,0.000262498,18.5424,0.000796966,1,-0.0030688,1.52035e-05,-0.0002625,130.166
0,2139235,6,phononTS,0.000429468,-0.00199686,-1.68738e-06,0.000262498,512.468,0.000429468,1,-0.00315128,0.000310014,-0.0002625,774.745
0,2163354,8,phononTS,0.000461458,-0.00322518,-0.000984124,-0.0002625,407.719,0.000382,1,-0.0029986,-0.00100018,0.0002625,741.126
0,2169262,7,phononTS,0.000436066,-0.00203248,0.00204332,-0.000262498,1555.48,0.000382,1,-0.00200255,0.00199538,0.0002625,1644.92
0,2169263,1,phononTF,0.01,-0.00348313,0.000127698,-0.000195619,0,0.00684771,1,-0.00342138,0.000187476,-0.0002625,476.902
0,2205907,3,phononTF,0.000487991,-0.00200463,-3.91978e-06,0.0002625,567.086,0.000487991,1,-0.00175673,4.51504e-05,-0.0002625,1194.11
0,2223751,3,phononTF,0.00287201,-0.00279233,0.00077888,-0.0002625,52.9053,0.000382,1,-0.00199562,9.20199e-08,0.0002625,435.156
0,2223751,8,phononTS,0.00101318,-0.00199562,9.20199e-08,0.000262498,435.156,0.00101318,1,-0.00202097,5.47768e-05,-0.0002625,524.608
0,2223751,7,phononTF,0.00136678,-0.00199562,9.20199e-08,0.000262498,435.156,0.00136678,1,-0.0018396,0.000193552,-0.0002625,535.635
0,2223751,2,phononTS,0.00166155,-0.00327513,0.000124758,0.000262498,52.9053,0.00140993,1,-0.00390762,-0.000659261,-0.0002625,288.715
0,2272537,9,phononTS,0.00131546,-0.0020022,-2.21411e-06,0.000262498,7238.36,0.000867008,1,-0.00441524,-0.00128555,-0.0002625,7770.37
0,2285557,6,phononTF,0.000477918,-0.00325505,-0.00132842,-0.0002625,304.865,0.000382,1,-0.00299602,-0.000999935,0.0002625,903.203
0,2299621,2,phononTS,0.00135935,-0.00150619,0.000882515,-0.0002625,346.966,0.000764,1,-0.00200153,0.00199955,0.0002625,3400.98
0,2304516,9,phononTF,0.00105098,-0.0033154,-0.000691403,-0.000262498,1475.49,0.000382,1,-0.00300096,-0.000999379,0.0002625,1592.75
0,2317086,10,phononTF,0.000565108,-0.00199588,0.00199903,0.000262498,1513.67,0.000565108,1,-0.00203314,0.00196231,-0.0002625,1603.99
0,2321030,4,phononTS,0.00115472,-0.00176264,-0.000606528,-0.0002625,16.5518,0.000382,1,-0.0029985,-0.00100255,0.0002625,794.012
0,2337586,2,phononL,0.00249565,-0.00199509,-2.13201e-05,0.000255367,305.298,0.000764,1,-0.001997,-3.17331e-06,0.0002625,569.721
0,2337586,5,phononL,0.000701061,-0.001997,-3.17331e-06,0.000262498,569.721,0.000235097,1,-0.00147905,0.000165933,-0.0002625,651.654
0,2341748,2,phononL,0.000915848,-0.00223026,0.00045701,-0.000262498,747.668,0.000382,1,-0.00199867,3.93903e-06,0.0002625,827.357
0,2355232,4,phononTS,0.00122421,-0.00306882,-0.000628989,-0.0002625,218.762,0.000382,1,-0.00300259,-0.000996739,0.0002625,749.393
0,2366533,3,phononTS,0.000786175,-0.00201597,-0.00132626,-0.0002625,563.3,0.000382,1,-0.00199565,-0.0019982,0.0002625,2984.78
0,2379831,2,phononTS,0.00124969,-0.00303889,-0.000805322,-0.0002625,113.275,0.000382,1,-0.00299688,-0.000995474,0.0002625,650.775
0,2384921,9,phononTF,0.000387637,0.0020025,-4.44794e-07,0.000262498,8231.58,0.000387637,1,0.00240468,-0.00041124,-0.0002625,8364.93
0,2403984,7,phononTS,0.000456125,-0.000997681,-0.00099912,0.000262498,3475.63,0.000456125,1,-0.00109831,-0.00104242,-0.0002625,3573.93
0,2403984,2,phononTS,0.00227515,-0.0032307,5.29483e-05,0.000262498,1.64257,0.00208535,1,-0.00325749,0.000161942,-0.0002625,100.78
0,2413082,7,phononTF,0.00234822,-0.00212664,-0.000126685,-0.0002625,108.38,0.001146,1,-0.00200096,3.92236e-07,0.0002625,708.041
0,2428887,8,phononTF,0.00136879,0.00310199,0.0011128,-0.0002625,213.088,0.000764,1,0.00200136,4.28117e-06,0.0002625,3842.56
0,2432245,4,phononTS,0.000860979,-0.00292279,0.000205027,-0.000262498,868.43,0.000382,1,-0.00200383,7.93918e-07,0.0002625,1086.58
0,2432245,6,phononL,0.000400092,-0.00200383,7.93918e-07,0.000262498,1086.58,0.000400092,1,-0.0019288,-0.000274421,-0.0002625,1153.87
0,2445542,4,phononTS,0.00158995,-0.00370285,-0.00057886,-0.000262498,778.138,0.000382,1,-0.00299917,-0.00100413,0.0002625,982.782
0,2445542,8,phononTF,0.000776205,-0.00299917,-0.00100413,0.000262498,982.782,0.000776205,1,-0.00319054,-0.000726473,-0.0002625,1092.47
0,2495160,2,phononTF,0.000560662,-0.00321636,-0.000776308,-0.0002625,16.0226,0.000382,1,-0.00299942,-0.00100053,0.0002625,481.6
0,2538380,5,phononTF,0.000401631,-0.0029457,-0.00105804,-0.000262498,144.548,0.000382,1,-0.00300278,-0.000997759,0.0002625,235.536
0,2554755,2,phononTS,0.000716155,-0.00262349,2.61764e-05,-0.0002625,599.234,0.000382,1,-0.0020036,8.67694e-07,0.0002625,1911.97
0,2567193,3,phononTS,0.0012184,-0.00263247,0.00098575,-0.0002625,153.946,0.000382,1,-0.00199549,0.00199826,0.0002625,687.058
0,2567193,6,phononTF,0.000575588,-0.00431277,-0.005,-0.000161572,687.058,0.000575588,1,-0.00422347,-0.00490777,-0.0002625,1996.42
0,2587553,6,phononTS,0.000391049,0.00099685,-0.00299928,0.000262498,2019.71,0.000391049,1,0.000338614,-0.00301821,-0.0002625,2188.97
0,2600713,5,phononTS,0.00158788,0.00200109,-0.0019995,0.000262498,2304.49,0.000833917,1,0.00327915,-0.00234754,-0.0002625,2588.7
0,2610894,3,phononTF,0.00278273,-0.00211978,-0.00188463,-0.0002625,35.9547,0.001146,1,-0.00200172,-0.00199873,0.0002625,1073.93
0,2610894,4,phononTS,0.000732599,-0.00200172,-0.00199873,0.000262498,1073.93,0.000732599,1,-0.0031756,0.000171125,-0.0002625,1557.64
0,2610894,2,phononTF,0.000453308,-0.00335384,3.117e-05,0.000262498,35.9547,0.000453308,1,-0.00356231,-0.000258785,-0.0002625,147.445
0,2610895,1,phononTF,0.01,-0.00370367,4.71601e-05,-0.000151026,0,0.00520802,1,-0.00369868,-2.37759e-05,-0.0002625,410.051
0,2693434,5,phononTS,0.00100098,-0.00300007,-0.00100065,0.0002625,169.099,0.00084675,1,-0.00295508,-0.00108847,-0.0002625,763.932
0,2725232,7,phononTS,0.000449148,0.00199536,-0.00199541,0.0002625,3240.37,0.000449148,1,0.00195481,-0.00227489,-0.0002625,3474.41
0,2725232,2,phononTS,0.00323438,-0.0032396,6.60759e-05,0.000256287,2.33909,0.0012271,1,-0.0032682,9.48315e-05,-0.0002625,90.8433
0,2734546,3,phononTS,0.000736744,-0.00299927,-0.00100182,0.0002625,44.1685,0.000736744,1,-0.00295831,-0.00129209,-0.0002625,653.299
0,2760556,7,phononTF,0.000508916,0.000995135,-0.00299574,0.000262498,1836.24,0.000508916,1,0.000819896,-0.0031683,-0.0002625,1935.49
0,2783893,7,phononTF,0.000557374,-0.000996363,0.00299683,0.000262498,1099.72,0.000557374,1,-0.00125145,0.0033252,-0.0002625,1217.05
0,2794260,2,phononTS,0.00167228,-0.00262513,2.57484e-06,-0.0002625,28.6939,0.000382,1,-0.00200186,-4.0217e-06,0.0002625,349.848
0,2798453,8,phononTF,0.000579048,-0.00199895,-2.94052e-06,0.000262498,344.333,0.000579048,1,-0.00233039,0.00031619,-0.0002625,463.775
0,2798453,2,phononTS,0.000758898,-0.00323045,4.49047e-05,0.000262498,25.107,0.000758898,1,-0.00415306,-0.000176068,-0.0002625,245.831
0,2802690,2,phononTS,0.00166977,-0.00258951,4.23876e-05,-0.0002625,18.5794,0.000382,1,-0.00200446,7.8148e-08,0.0002625,334.269
0,2854888,7,phononTS,0.00044341,0.000995822,0.00100357,0.000262498,2652.27,0.00044341,1,0.00497364,-0.00227731,-0.0002625,3592.68
0,2855422,3,phononTS,0.000987491,-0.00260581,7.6557e-06,-0.0002625,12.1595,0.000382,1,-0.00199642,-4.43247e-06,0.0002625,336.718
0,2861906,5,phononTF,0.000445854,-0.00233484,-0.00033075,-0.000262498,125.329,0.000382,1,-0.00199627,-4.09585e-06,0.0002625,245.974
0,2909844,4,phononTS,0.00291502,-0.00299707,-0.00100407,0.0002625,95.3461,0.00215255,1,-0.00297967,-0.00155915,-0.0002625,561.898
0,2951353,5,phononTF,0.000547626,-0.000148924,0.00214399,-0.0002625,727.233,0.000382,1,-2.7345e-06,0.00199826,0.0002625,1016.96
0,2951353,2,phononTF,0.00263268,-0.00305703,-5.83929e-05,0.000262498,54.443,0.00183226,1,-0.00283687,0.000150995,-0.0002625,158.226
0,2970877,5,phononTF,0.000416654,-0.00287633,-0.000878651,-0.0002625,237.934,0.000382,1,-0.00199809,-1.97163e-06,0.0002625,1335.09
0,2976272,6,phononTS,0.000516758,0.00305817,0.0016186,-0.0002625,3424.27,0.000382,1,0.00299889,0.000999619,0.0002625,3991.68
0,2976272,4,phononTS,0.00100725,-0.00329417,9.7467e-05,0.000262498,37.0594,0.000388151,1,-0.00304926,-0.000834517,-0.0002625,258.522
0,3019516,3,phononTF,0.00150089,0.00230167,-0.005,-0.000254761,260.59,0.000492079,1,0.00233005,-0.00497176,-0.0002625,2159.15
0,3050918,6,phononTS,0.000391128,-3.58187e-05,0.0014791,-0.0002625,3627.12,0.000382,1,0.00100317,0.00100051,0.0002625,5153.05
0,3059020,3,phononTS,0.000492695,-0.00260827,-0.00105821,-0.0002625,22.187,0.000382,1,-0.00199831,-0.00200028,0.0002625,530.75
0,3065399,5,phononTF,0.00206118,-0.00299709,-0.00100045,0.000262498,1079.48,0.00130848,1,-0.00290515,-0.00108748,-0.0002625,1171.92
0,3068664,2,phononTS,0.000839794,-0.00104383,-0.00112208,-0.0002625,16.92,0.000382,1,-0.00100397,-0.000997383,0.0002625,985.922
0,3087203,2,phononTS,0.000419566,-0.00343903,6.22798e-05,-0.000262498,237.601,0.000382,1,-0.00300297,-0.000997758,0.0002625,493.722
0,3103157,6,phononTS,0.000611994,-0.00452995,0.0008289,-0.000262498,1787.65,0.000382,1,-0.00300156,-0.00100196,0.0002625,2237.72
0,3103157,2,phononTF,0.00202782,-0.00328627,0.000283403,0.000262498,489.078,0.00123192,1,-0.00378485,-0.000199508,-0.0002625,637.982
0,3103789,3,phononTF,0.00129721,-0.00126576,-0.000877027,-0.0002625,61.4041,0.000382,1,-0.00100471,-0.00100163,0.0002625,914.481
0,3104266,5,phononTS,0.00141256,-0.00195591,-0.00112571,-0.0002625,1253.56,0.000382,1,-0.00200283,-0.00200071,0.0002625,2448.81
0,3126604,4,phononTS,0.000659359,-0.00042121,-0.00202,-0.0002625,402.212,0.000382,1,-8.768e-07,-0.00200027,0.0002625,1514.01
0,3126604,2,phononL,0.00109197,-0.00277118,-0.000253628,0.000262498,295.549,0.000744263,1,-0.00277222,-0.000165993,-0.0002625,358.277
0,3135906,7,phononTF,0.000615803,0.000997923,0.000998678,0.000262498,5028.56,0.000615803,1,0.000750648,0.00125813,-0.0002625,5137.31
0,3151010,6,phononTF,0.000480664,-0.00300162,-0.0009996,0.0002625,364.489,0.000480664,1,-0.00284381,-0.00115419,-0.0002625,559.851
0,3157770,4,phononTS,0.00225534,-0.00235301,0.00171797,-0.0002625,32.6474,0.000382,1,-0.00200169,0.00200145,0.0002625,542.938
0,3157770,6,phononTS,0.00067044,-0.00200169,0.00200145,0.000262498,542.938,0.00067044,1,-0.00204124,0.00197074,-0.0002625,632.369
0,3161937,3,phononL,0.00064607,-0.00153627,-0.000685263,-0.0002625,67.2272,0.000382,1,-0.00100038,-0.00100486,0.0002625,423.671
0,3162764,4,phononTF,0.00104398,-0.00271124,-0.000701462,-0.000262498,296.884,0.000382,1,-0.00300209,-0.000998555,0.0002625,411.955
0,3173482,2,phononTS,0.00100462,-0.00157155,0.00448603,-0.0002625,4.90628,0.000764,1,-0.00100471,0.00300078,0.0002625,1796.51
0,3186558,2,phononTS,0.00100444,-0.00200051,0.00200176,0.0002625,3.89006,0.000605635,1,-0.00215082,0.00204854,-0.0002625,968.345
0,3208661,4,phononTS,0.000441448,-0.00078405,-0.005,4.61993e-05,190.081,0.000382,1,0.00100451,-0.00100249,0.0002625,2723.56
0,3215634,6,phononTF,0.000582972,-0.000819561,-0.00117519,-0.0002625,2092.18,0.000382,1,-0.000997076,-0.00100324,0.0002625,2390.24
0,3215634,2,phononTF,0.000890841,-0.00321154,-0.000119037,0.000262498,35.8381,0.000890841,1,-0.00306549,-0.000259305,-0.0002625,132.163
0,3259203,4,phononTS,0.0027939,-0.00351507,0.000376252,-0.0002625,40.2247,0.000382,1,-0.00199901,-2.48502e-06,0.0002625,529.876
0,3273858,4,phononTF,0.00105175,-0.005,-0.00210001,-8.76287e-05,642.797,0.000382,1,0.00099506,-0.000998672,0.0002625,2133.85
0,3273858,6,phononTF,0.000506141,0.00099506,-0.000998672,0.000262498,2133.85,0.000506141,1,0.000940008,-0.00118019,-0.0002625,2231.94
0,3289093,5,phononTS,0.000516404,-0.000217227,0.0010411,-0.0002625,816.444,0.000382,1,-4.57457e-06,2.84195e-06,0.0002625,3382.64
0,3293926,4,phononTF,0.00151782,-0.0020026,2.17466e-07,0.0002625,244.546,0.00151782,1,-0.00165148,6.72128e-06,-0.0002625,713.263
0,3315619,8,phononL,0.000628184,-0.005,0.00126212,-3.71041e-05,574.999,0.000382,1,-0.00199951,-6.43463e-07,0.0002625,987.1
0,3337394,9,phononL,0.000575618,-0.00199803,-0.00200035,0.000262498,2199.09,0.000575618,1,-0.00254494,-0.00130244,-0.0002625,2314.36
0,3337395,1,phononTS,0.01,-0.00300126,-0.000260575,-0.000226127,0,0.00469678,1,-0.00301499,-0.0002261,-0.0002625,628.175
0,3342506,2,phononL,0.0028712,-0.00201195,0.00208106,0.000219428,1456.23,0.00103157,1,-0.00222428,0.00224012,-0.0002625,2360.37
0,3346701,3,phononTF,0.00245711,-0.00171204,0.00170112,-2.46559e-05,5.80991,0.000764,1,-0.00199858,0.00199726,0.0002625,512.368
0,3365498,2,phononTF,0.00285346,-0.00300188,-0.000995461,0.0002625,88.1292,0.00285346,1,-0.0034105,-0.000571661,-0.0002625,1315.21
0,3390058,3,phononTF,0.000588433,-0.00323116,-0.000755709,-0.0002625,350.749,0.000382,1,-0.00299747,-0.00100192,0.0002625,673.452
0,3406446,4,phononTF,0.000393408,-0.00363868,-0.000260789,-0.0002625,1628.88,0.000382,1,-0.00299566,-0.000998341,0.0002625,2743.98
0,3414593,5,phononTS,0.000495772,-0.00213458,-0.00177727,-0.0002625,156.09,0.000382,1,-0.00200472,-0.00199952,0.0002625,1239.03
0,3416870,2,phononTS,0.000486725,-0.00299962,-0.00100024,0.0002625,706.64,0.000486725,1,-0.00217667,-0.00106522,-0.0002625,1093.15
0,3428616,5,phononTS,0.0021054,0.00299983,0.0010026,0.000262498,1364.53,0.00200278,1,0.00296844,0.00104276,-0.0002625,1453.93
0,3431466,7,phononTS,0.000475619,-0.000995874,0.000997694,0.000262498,4750.36,0.000475619,1,-0.000951032,0.000784975,-0.0002625,4863.76
0,3431466,2,phononTF,0.000825166,-0.00317978,0.00022075,0.000262498,203.112,0.000825166,1,-0.00399292,0.00105234,-0.0002625,421.489
0,3461659,7,phononTF,0.000544586,-3.35749e-06,0.00200356,0.000262498,1522.25,0.000544586,1,-0.000214774,0.00179657,-0.0002625,1625.69
0,3469801,2,phononTS,0.00243521,-0.0013522,0.00265018,-0.0002625,1403.5,0.001146,1,-0.00100436,0.00300364,0.0002625,3473.5
0,3469801,6,phononTS,0.000610029,-0.00100436,0.00300364,0.000262498,3473.5,0.000610029,1,-0.00178982,0.00157752,-0.0002625,3808.3
0,3481915,6,phononTS,0.000440524,-0.0019705,-5.35491e-05,-0.000262498,946.097,0.000382,1,-0.00200353,3.05068e-06,0.0002625,1040.81
0,3494805,3,phononTS,0.000500926,-0.00271196,-0.00036566,-0.0002625,223.181,0.000382,1,-0.00300125,-0.00100154,0.0002625,734.243
0,3500328,7,phononTF,0.000555105,-0.00289369,-0.00108362,-0.0002625,1041.47,0.000382,1,-0.0030005,-0.00100049,0.0002625,1508.56
0,3564101,7,phononTF,0.000731855,3.78517e-06,-1.99385e-07,0.000262498,1535.06,0.000731855,1,0.000499142,-0.000192332,-0.0002625,1674.54
0,3569690,2,phononTS,0.00279546,-0.00264837,0.000244412,-0.0002625,81.5166,0.000764,1,-0.00100395,-0.000997561,0.0002625,1583.69
0,3587637,4,phononTS,0.000475583,-0.00300156,-0.000996705,0.0002625,408.543,0.000475583,1,-0.00251511,-0.000910057,-0.0002625,672.064
0,3600266,8,phononTF,0.000505465,-0.00200017,0.00200097,0.000262498,1010.52,0.000505465,1,-0.00183193,0.0021606,-0.0002625,1108.74
0,3616770,10,phononTS,0.000851627,-0.00199726,-2.56074e-06,0.000262498,1184.42,0.000851627,1,-0.00156597,-0.00102821,-0.0002625,1428.96
0,3616770,2,phononTF,0.00257507,-0.00293671,-1.01341e-05,-9.24851e-05,360.147,0.00226664,1,-0.00303147,-8.99608e-05,-0.0002625,396.702
0,3622052,4,phononTS,0.000460051,-0.000403354,-0.0028836,-0.0002625,2579.79,0.000382,1,0.000996196,-0.00300345,0.0002625,6052.95
0,3623248,4,phononTS,0.000396615,-0.000471054,0.000949424,-0.000262498,1450.06,0.000382,1,-0.00100414,0.00100239,0.0002625,1600.21
0,3623248,2,phononTS,0.000613236,-0.00322124,5.6029e-05,0.000262498,4.41075,0.000486485,1,-0.00216865,0.000429308,-0.0002625,252.279
0,3641667,4,phononTF,0.000562188,-0.00261318,0.000369948,-0.0002625,3.36493,0.000382,1,-0.00200076,2.65938e-06,0.0002625,1292.72
0,3641667,3,phononTF,0.000478804,-0.00321253,3.79417e-05,0.000262498,3.36493,0.000478804,1,-0.00366358,0.000505884,-0.0002625,146.287
0,3658498,4,phononTS,0.000391851,-0.00307299,-0.000546509,-0.000262498,527.975,0.000382,1,-0.00300032,-0.00100395,0.0002625,672.614
0,3665153,7,phononL,0.000436613,-0.000922402,-0.00121691,-0.000262498,1186.19,0.000382,1,-0.000996045,-0.0010024,0.0002625,1251.59
0,3665154,1,phononTS,0.01,-0.00345379,4.35885e-05,-0.000261276,0,0.00598831,1,-0.00345601,4.36162e-05,-0.0002625,212.968
0,3669167,5,phononTS,0.000928778,0.000187856,-0.00123508,-0.0002625,284.013,0.000382,1,0.0020029,-0.00199668,0.0002625,1476.38
0,3669488,2,phononTS,0.000706797,-0.000862558,0.00243604,-0.0002625,510.281,0.000382,1,-0.00100443,0.00300345,0.0002625,1409.31
0,3673568,8,phononTS,0.000385758,-0.00343326,0.00102764,-0.000262498,1144.95,0.000382,1,-0.00200374,0.00199727,0.0002625,1489.06
0,3674362,7,phononTS,0.000941741,-0.00199855,-4.87233e-06,0.000262498,331.176,0.000874782,1,-0.00146516,2.88749e-05,-0.0002625,481.548
0,3674362,3,phononTF,0.000661164,-0.00324376,6.95466e-05,0.000262498,4.24836,0.000661164,1,-0.00317502,-3.02976e-06,-0.0002625,95.8055
0,3679969,2,phononL,0.00306567,-0.00300412,-0.00100433,0.0002625,989.064,0.00263384,1,-0.00308296,-0.00129048,-0.0002625,1203.9
0,3696108,6,phononTF,0.000618538,-0.000999411,-0.000996803,0.0002625,598.031,0.000618538,1,-0.000821719,-0.000964152,-0.0002625,793.351
0,3740000,5,phononTF,0.000462282,-0.0014035,-0.000594257,-0.0002625,527.986,0.000382,1,-0.001003,-0.00100063,0.0002625,895.325
0,3741325,2,phononTF,0.000848551,0.00135391,0.002657,-0.0002625,6.45251,0.000382,1,0.00299832,0.000998692,0.0002625,2039.39
0,3751452,3,phononTS,0.00151159,-0.00103491,0.000968623,-0.0002625,863.64,0.000382,1,-0.00100374,0.000998224,0.0002625,3136.61
0,3754280,2,phononTS,0.00169467,-0.00327159,-0.005,-0.000135764,1121.69,0.000382,1,0.000998201,-0.00100001,0.0002625,3364.08
0,3762239,3,phononTF,0.000683341,-0.0029669,-2.46336e-05,-0.0002625,235.139,0.000382,1,-0.00100118,0.000995787,0.0002625,745.076
0,3762239,2,phononTF,0.00116253,0.00325963,0.005,-0.00010234,235.139,0.000734229,1,0.00334699,0.00480406,-0.0002625,3610.11
0,3782587,4,phononTS,0.00298054,-0.0013046,0.002026,-0.0002625,914.459,0.000382,1,-0.00199632,0.00200252,0.0002625,2078.83
0,3782587,6,phononTS,0.000807002,-0.00199632,0.00200252,0.000262498,2078.83,0.000807002,1,-0.0020495,0.00198545,-0.0002625,2170.56
0,3793527,5,phononL,0.000601278,-0.00303269,-0.000640276,-0.0002625,110.545,0.000382,1,-0.0030012,-0.000995429,0.0002625,321.221
0,3807081,5,phononTS,0.00118251,-0.0024965,-0.000594123,-0.000262498,664.067,0.000382,1,-0.00199787,3.34044e-06,0.0002625,862.519
0,3807081,6,phononTF,0.000723685,-0.00199787,3.34044e-06,0.000262498,862.519,0.000723685,1,-0.00218451,-0.000341445,-0.0002625,980.305
0,3819527,3,phononTS,0.00119536,-0.00295599,-0.000878808,-0.0002625,135.27,0.000382,1,-0.00300499,-0.000997328,0.0002625,627.555
0,3821022,5,phononTS,0.000566168,-0.00308004,0.000202391,-0.000262498,956.202,0.000382,1,-0.00200172,-4.26382e-06,0.0002625,1200.33
0,3827181,2,phononL,0.000999119,-0.00199654,-2.0742e-07,0.0002625,145.944,0.000999119,1,-0.000952736,-0.000170823,-0.0002625,401.312
0,3936460,3,phononTF,0.000682195,-0.00299957,-0.00100173,0.0002625,1181.21,0.000342613,1,-0.00291391,-0.000920644,-0.0002625,1365.42
0,3948961,6,phononL,0.000766468,-0.00300494,-0.000999265,0.000262498,1316.22,0.000297708,1,-0.00244027,-0.0011943,-0.0002625,1402.29
0,3954664,3,phononTS,0.00575132,-0.00247304,-0.000239512,0.00020545,339.876,0.001146,1,-0.00199836,-3.6837e-06,0.0002625,648.734
0,3954664,5,phononTF,0.000959706,-0.00199836,-3.6837e-06,0.000262498,648.734,0.000959706,1,-0.00203331,0.000188534,-0.0002625,747.652
0,3954664,4,phononTS,0.0026139,-0.00199836,-3.6837e-06,0.000262498,648.734,0.0016411,1,-0.00194263,0.000817747,-0.0002625,844.243
0,3973580,5,phononTS,0.000459615,0.00199665,0.00199591,0.0002625,1265.16,0.000459615,1,0.00293704,0.00223412,-0.0002625,2611.97
0,3973580,2,phononTF,0.00153665,0.005,0.000860642,-0.000228764,97.7248,0.00118613,1,0.00424018,0.000523293,-0.0002625,2448.07
0,4002712,7,phononTS,0.000419035,-0.00294472,-0.000996945,-0.000262498,1399.2,0.000382,1,-0.0029995,-0.00100317,0.0002625,1489.54
0,4020715,9,phononTS,0.000733828,-9.48015e-07,0.00199557,0.000262498,1595.11,0.000530295,1,0.00153004,0.00255735,-0.0002625,1933.16
0,4034158,8,phononTS,0.000580841,0.00226711,-0.00046662,-0.000262498,2907.89,0.000382,1,0.000998985,-0.000997992,0.0002625,3202.49
0,4038383,12,phononTS,0.000466304,0.000672182,0.00196347,-0.000262498,1449.31,0.000382,1,1.16888e-06,0.00200174,0.0002625,1619.92
0,4088474,7,phononTF,0.00172721,-0.00199964,2.93402e-06,0.000262498,334.412,0.000547183,1,-0.00178801,-0.000199261,-0.0002625,437.269
0,4095636,6,phononTS,0.000635358,-0.000995232,0.00100237,0.000262498,514.767,0.000397379,1,-0.0019744,-0.000762461,-0.0002625,917.547
0,4107805,5,phononTF,0.000855042,-0.00300323,-0.00100389,0.000262498,452.058,0.000555673,1,-0.00294403,-0.00106989,-0.0002625,543.293
0,4107805,3,phononL,0.00157852,-0.00317458,-1.77475e-05,0.000262498,94.4125,0.000847791,1,-0.00252706,0.000814601,-0.0002625,227.662
0,4128451,4,phononTS,0.00109573,-0.00308625,-0.000187448,-0.000262498,1091.73,0.000382,1,-0.00300445,-0.00100401,0.0002625,1288.63
0,4143407,6,phononTF,0.000918766,-0.00200421,2.50695e-06,0.000262498,1175.09,0.000918766,1,-0.00232697,-0.000329972,-0.0002625,1294.98
0,4145215,5,phononTS,0.00193002,-0.00200218,-2.9913e-06,0.000262498,331.111,0.00137604,1,-0.00305988,-0.000253094,-0.0002625,574.536
0,4167169,5,phononTS,0.000776912,-0.00200119,2.12456e-06,0.0002625,373.134,0.000776912,1,-0.00171705,4.12366e-05,-0.0002625,1419.06
0,4170578,5,phononTF,0.00115731,-0.000999164,-0.00100383,0.000262498,532.369,0.00115731,1,-0.000931418,-0.00124673,-0.0002625,636.443
0,4170578,2,phononTF,0.00106357,-0.00323325,4.93845e-05,0.000262498,2.4304,0.000749598,1,-0.00291193,-0.000275911,-0.0002625,121.77
0,4170579,1,phononTS,0.01,-0.00243324,-0.000226822,-0.000248616,0,0.00533583,1,-0.00243348,-0.00021626,-0.0002625,994.688
0,4186614,4,phononTS,0.000473631,-0.00198587,0.000108792,-0.0002625,979.391,0.000382,1,-0.00199715,-4.47004e-06,0.0002625,1281.43
0,4186614,2,phononTF,0.00102661,-0.00305349,0.00050481,0.000262498,549.178,0.00102661,1,-0.00200985,-0.00244527,-0.0002625,1112.96
0,4190426,6,phononL,0.000470297,-0.00218441,0.000175876,-0.000262498,593.356,0.000382,1,-0.00199546,-2.64754e-06,0.0002625,659.825
0,4221539,5,phononTS,0.000459531,-0.00199749,-2.34156e-06,0.0002625,370.492,0.000459531,1,-0.000917553,-0.000170191,-0.0002625,856.092
0,4221539,3,phononTS,0.00299854,-0.00326502,5.12643e-05,-4.10495e-05,89.5703,0.00248948,1,-0.00325021,9.12152e-05,-0.0002625,190.617
0,4222284,6,phononTS,0.000541212,0.0013808,-0.00184695,-0.0002625,1704.09,0.000382,1,0.00200305,-0.00199674,0.0002625,3546.26
0,4255679,3,phononL,0.000703064,-0.0026329,1.30211e-05,-0.0002625,352.921,0.000382,1,-0.00199695,-3.12578e-06,0.0002625,914.867
0,4295270,3,phononTF,0.000910803,-0.00210281,0.000115135,-0.0002625,1068.32,0.000382,1,-0.00199593,3.98075e-06,0.0002625,1443.02
0,4295742,5,phononL,0.00150048,-0.00172574,-0.000769507,-0.000262498,332.316,0.000382,1,-0.00199697,-0.0019961,0.0002625,481.043
0,4295742,3,phononTS,0.0022641,-0.00320673,4.1739e-05,0.000262498,16.2912,0.00179124,1,-0.00351886,6.50264e-06,-0.0002625,137.443
0,4324098,6,phononTF,0.000985226,-0.00326509,-0.000729918,-0.000262499,1526.07,0.000382,1,-0.00299584,-0.000997829,0.0002625,1637.27
0,4324098,2,phononTS,0.00329918,-0.00332823,0.000199195,-0.000144613,1032.04,0.00144906,1,-0.0033292,0.000208121,-0.0002625,1052.56
0,4326548,8,phononTF,0.000773141,-0.00334048,-0.00132563,-0.000262498,420.128,0.000382,1,-0.00300281,-0.00100086,0.0002625,540.526
0,4329394,5,phononTF,0.000531968,-0.00259557,-0.000583715,-0.000262498,178.901,0.000382,1,-0.00299939,-0.00100354,0.0002625,313.047
0,4337821,4,phononTS,0.00256959,0.00294789,0.000992555,-0.000251392,724.839,0.000382,1,0.00299644,0.00100273,0.0002625,4542.99
0,4346378,4,phononTF,0.000625461,-0.00299804,-0.000996624,0.000262498,1376.58,0.000625461,1,-0.00295327,-0.000949908,-0.0002625,1467.14
0,4346379,1,phononTS,0.01,-0.00334154,0.000462776,-0.000228184,0,0.00321438,1,-0.00331559,0.000460713,-0.0002625,256.17
0,4384275,3,phononTS,0.000695505,-0.00263699,0.00195429,-0.0002625,142.941,0.000382,1,-0.00199594,0.00199508,0.0002625,1031.58
0,4445037,6,phononTS,0.000833386,0.00199982,0.00199891,0.0002625,2835.29,0.000833386,1,0.00248252,0.000537749,-0.0002625,4276.64
0,4445218,9,phononTS,0.00102673,3.9877e-06,-4.52003e-07,0.000262498,1514.71,0.00102673,1,-3.04415e-05,-5.86977e-05,-0.0002625,1613.5
0,4454861,3,phononTS,0.00162717,-0.00306162,-0.000822617,-0.0002625,629.987,0.000382,1,-0.00300238,-0.000997064,0.0002625,850.791
0,4483767,8,phononTF,0.00303843,-0.00300457,-0.000997855,0.000262498,395.23,0.00107657,1,-0.00332509,-0.00130453,-0.0002625,512.807
0,4508933,8,phononTS,0.000505288,-0.00290511,-0.00132495,-0.0002625,2282.74,0.000382,1,-0.00300456,-0.000998913,0.0002625,3190.13
0,4509293,6,phononTS,0.000456994,-0.00199872,9.72532e-07,0.000262499,1082.5,0.000456994,1,-0.00134486,6.00888e-05,-0.0002625,1250.06
0,4509293,2,phononL,0.00434833,-0.00216527,-0.0044225,-7.90729e-06,658.701,0.00303414,1,-0.00253395,-0.00445022,-0.0002625,2325.76
0,4519536,4,phononTS,0.000507562,-5.1167e-05,0.00207643,-0.0002625,1096.45,0.000382,1,3.41693e-06,0.00200368,0.0002625,1568.05
0,4519536,2,phononTF,0.00228683,-0.00300459,0.000221098,0.000262498,309.731,0.000622631,1,-0.00281578,0.000460998,-0.0002625,415.318
0,4540501,4,phononTS,0.000829377,-0.000977716,-0.000715236,-0.0002625,575.613,0.000764,1,-0.000996089,-0.00100324,0.0002625,1169.58
0,4540501,2,phononTS,0.00140007,-0.00318931,1.66126e-05,0.000262498,13.4678,0.00105321,1,-0.00265197,2.3961e-06,-0.0002625,165.291
0,4563960,3,phononTS,0.0028641,-2.04887e-05,-0.00213608,-9.57807e-05,25.6233,0.000764,1,1.81248e-08,-0.00200241,0.0002625,1036.81
0,4566882,5,phononTF,0.000567737,-0.002516,0.00154248,-0.000262498,621.674,0.000382,1,-0.00199822,0.00200439,0.0002625,772.696
0,4577792,5,phononTS,0.00182868,-0.0020573,0.0018857,-0.0002625,616.585,0.000764,1,-0.0020031,0.0019958,0.0002625,824.935
0,4594213,9,phononTF,0.000572491,-0.005,-0.00301407,-0.000220082,2749.04,0.000382,1,-0.00299703,-0.00100178,0.0002625,4285.38
0,4595006,9,phononTF,0.000576395,-0.00199599,0.00200419,0.000262498,3145.56,0.000576395,1,-0.0023103,0.00170439,-0.0002625,3262.9
0,4613654,5,phononTS,0.000891374,-0.00321413,-0.000161881,-0.000262498,326.025,0.000382,1,-0.00300328,-0.00100215,0.0002625,533.618
0,4616942,3,phononTF,0.00046443,-0.00343026,-5.08074e-05,-0.000262498,199.4,0.000382,1,0.00100263,-0.00100085,0.0002625,1005.72
0,4651378,1,phononTF,0.01,-0.00297355,-0.00102031,0.000186395,0,0.000764,1,-0.00299628,-0.000996547,0.0002625,551.658
0,4651378,5,phononTF,0.00115274,-0.00299628,-0.000996547,0.000262498,551.658,0.000771579,1,-0.00284451,-0.000837505,-0.0002625,649.074
0,4652929,3,phononTS,0.00272644,0.000955809,-0.00313823,-0.0002625,389.594,0.000764,1,0.000998347,-0.00300276,0.0002625,3352.76
0,4652929,5,phononTF,0.000520355,0.000998347,-0.00300276,0.000262498,3352.76,0.000520355,1,0.0012616,-0.0027702,-0.0002625,3462
0,4652929,4,phononTF,0.000861557,0.000998347,-0.00300276,0.000262498,3352.76,0.000312411,1,0.00119572,-0.00304873,-0.0002625,3452.19
0,4660511,7,phononTS,0.000429819,-0.0016946,-0.000643747,-0.0002625,110.078,0.000382,1,-0.000999756,-0.00100442,0.0002625,703.143
0,4670907,6,phononTF,0.000678103,0.00109504,-0.0031122,-0.0002625,2069.62,0.000382,1,0.001005,-0.00299946,0.0002625,2561.42
0,4687461,4,phononTF,0.00229386,-0.00310609,0.000785261,-0.0002625,282.211,0.000382,1,-0.00200388,0.00200226,0.0002625,1064.95
0,4687461,7,phononTF,0.000408058,-0.00200388,0.00200226,0.000262498,1064.95,0.000408058,1,-0.00177333,0.00176555,-0.0002625,1171.19
0,4706692,6,phononTS,0.00236928,-0.000995031,0.000995763,0.000262498,841.468,0.00135199,1,-0.00245794,0.00319995,-0.0002625,1358.23
0,4714641,5,phononTS,0.000553957,-0.00100604,0.00163116,-0.0002625,340.47,0.000382,1,-0.000998439,0.0010002,0.0002625,1930.92
0,4717386,9,phononTS,0.000442656,0.00087389,-0.000349794,-0.0002625,522.984,0.000382,1,0.00200417,-4.58009e-06,0.0002625,2427.7
0,4729145,4,phononL,0.000938465,-0.00313157,-0.000471182,-0.0002625,9.53111,0.000382,1,-0.00300066,-0.000996801,0.0002625,172.544
0,4729145,3,phononTF,0.00143064,-0.00183609,0.005,-7.57343e-05,9.53111,0.00124447,1,-0.00183736,0.00493473,-0.0002625,1571.55
0,4735615,3,phononL,0.000439099,0.000792905,-0.000753485,-0.0002625,615.459,0.000382,1,0.00100255,-0.00100189,0.0002625,1610.29
0,4776599,8,phononL,0.0011078,-0.00103184,-0.000562835,-0.0002625,184.405,0.000382,1,0.000999256,-0.000995033,0.0002625,1178.03
0,4780442,3,phononTS,0.00179946,-0.000996791,0.00100355,0.0002625,502.313,0.00127476,1,-0.00107298,0.00030743,-0.0002625,3300.51
0,4835050,2,phononTS,0.00291304,-0.00199801,-0.00199709,0.0002625,10.7522,0.0013931,1,-0.00202507,-0.00184819,-0.0002625,1508.32
0,4843272,2,phononTF,0.000535488,-0.00129153,0.000874713,-0.0002625,29.0433,0.000382,1,-0.000998438,0.00099578,0.0002625,911.482
0,4844502,5,phononTS,0.000493844,-0.00387907,-0.000875164,-0.0002625,808.797,0.000382,1,-0.00299755,-0.00100121,0.0002625,1552.36
0,4857633,7,phononTS,0.00184331,-0.00134867,0.00171601,-0.000262498,600.886,0.000382,1,-0.000999592,-0.00100238,0.0002625,1191.42
0,4857633,8,phononTS,0.000817585,-0.000999592,-0.00100238,0.000262498,1191.42,0.000817585,1,0.000279236,-0.00146915,-0.0002625,1481.66
0,4866438,5,phononL,0.000454424,-0.00264791,-0.000996545,-0.0002625,174.522,0.000382,1,-0.00299967,-0.000996131,0.0002625,394.4
0,4869028,6,phononTF,0.000383706,-0.00230867,-0.000656991,-0.000262498,709.538,0.000382,1,-0.000995234,-0.000998385,0.0002625,981.425
0,4871588,5,phononTS,0.000533755,0.000834505,-0.00423693,-0.0002625,2545.93,0.000382,1,-3.8319e-06,0.00199787,0.0002625,4551.35
0,4871588,3,phononTF,0.00269354,-0.00303748,0.000595261,4.82306e-05,440.408,0.001231,1,-0.00307484,0.000557112,-0.0002625,606.568
0,4898655,8,phononTF,0.000828834,-0.0014813,0.000778723,-0.0002625,424.126,0.000382,1,-0.000999734,0.00100212,0.0002625,975.179
0,4902596,4,phononTS,0.000669184,-0.00292152,3.7787e-05,-0.000262498,348.379,0.000382,1,-0.00200206,1.9213e-06,0.0002625,559.914
0,4907929,4,phononTF,0.00079055,-0.00262312,-0.000972335,-0.0002625,53.3733,0.000382,1,-0.00199641,-0.00199633,0.0002625,522.98
0,4931279,7,phononTS,0.00081601,-0.00132277,-0.000946014,-0.0002625,383.671,0.000382,1,-0.000998676,-0.00100296,0.0002625,763.924
0,4936295,6,phononL,0.00056568,-0.00102079,-0.000288839,-0.000262498,912.788,0.000382,1,-0.000998834,-0.00100292,0.0002625,1007.61
0,4958437,7,phononTF,0.000577058,-0.00300476,-0.0010017,0.000262498,2447.83,0.000577058,1,-0.0024357,-0.000443752,-0.0002625,2611.17
0,4978428,2,phononTS,0.000992389,-0.00263961,1.46905e-05,-0.0002625,85.7756,0.000382,1,-0.00200366,7.87941e-08,0.0002625,412.088
0,4979202,4,phononTF,0.000901527,-0.00367347,-0.000332215,-0.000262498,417.072,0.000382,1,-0.00200469,-0.00200459,0.0002625,831.396
0,4992999,3,phononTF,0.000795151,-0.00149373,-0.000820013,-0.0002625,22.0103,0.000382,1,-0.00200243,3.25909e-06,0.0002625,2461.62
0,4997293,6,phononTS,0.000603665,-0.00302881,-0.00103185,-0.0002625,515.246,0.000382,1,-0.00300173,-0.00100441,0.0002625,1237.63
0,5008031,7,phononTS,0.000555266,-0.00300176,-0.00100129,0.000262498,481.125,0.000555266,1,-0.0029362,-0.00101426,-0.0002625,579.148
0,5008031,2,phononTS,0.000830694,-0.005,0.00204307,0.000226335,12.8192,0.000830694,1,-0.00401516,0.00330492,-0.0002625,2587.24
0,5027583,6,phononTF,0.000912465,0.000665358,-0.00134929,-0.000262499,4359.96,0.000382,1,0.00099669,-0.0010034,0.0002625,4481.53
0,5032282,10,phononTF,0.000394152,-1.72863e-06,4.90705e-06,0.000262498,1050.3,0.000394152,1,0.000517333,0.000506947,-0.0002625,1203.04
0,5044800,12,phononL,0.000438356,-0.0019984,1.24037e-06,0.000262498,3043.38,0.000438356,1,-0.00203818,0.000839242,-0.0002625,3149.33
0,5074315,3,phononL,0.00272011,-0.00167706,-0.00187663,-0.0002625,56.5465,0.000764,1,-0.00199835,-0.00200247,0.0002625,1962.27
0,5074315,5,phononTS,0.000650983,-0.00199835,-0.00200247,0.000262498,1962.27,4.99441e-05,1,-0.00199479,-0.00196176,-0.0002625,2053.33
0,5098788,3,phononTS,0.00196491,-0.00260206,-3.55128e-07,-0.0002625,64.9545,0.000382,1,-0.00200447,-2.18987e-06,0.0002625,377.451
0,5098788,5,phononTF,0.000636409,-0.00200447,-2.18987e-06,0.000262498,377.451,0.000636409,1,-0.00165905,-0.00033489,-0.0002625,499.127
0,5114946,2,phononL,0.000528836,-0.00244956,-0.00178794,-0.0002625,18.4774,0.000382,1,-0.00200279,-0.0019954,0.0002625,487.659
0,5129852,5,phononL,0.000614243,-0.00322444,-6.70222e-05,-0.000262498,338.408,0.000382,1,-0.0030044,-0.00100398,0.0002625,457.314
0,5143094,5,phononTF,0.000549206,-0.000112343,0.00189146,-0.0002625,188.385,0.000382,1,4.72544e-06,0.00200291,0.0002625,2526.42
0,5143094,3,phononTS,0.00182518,-0.00331865,-8.23828e-06,0.000262498,65.3088,0.00182518,1,-0.00351141,0.000497905,-0.0002625,224.208
0,5143094,2,phononTS,0.00112434,-0.00331865,-8.23828e-06,0.000262498,65.3088,0.000896349,1,-0.00349842,1.03681e-05,-0.0002625,171.383
0,5154833,4,phononTS,0.00188752,-0.00246171,0.000890478,-0.0002625,232.394,0.000382,1,-0.00200149,0.001996,0.0002625,761.962
0,5154833,6,phononL,0.000542447,-0.00200149,0.001996,0.000262498,761.962,0.000542447,1,-0.00232791,0.00174076,-0.0002625,835.614
0,5162236,2,phononTS,0.00100891,-0.00231412,1.8384e-05,-0.0002625,8.56056,0.000382,1,-0.00199774,-3.57462e-06,0.0002625,496.962
0,5182623,7,phononTF,0.00111129,-0.00100141,-0.000997587,0.0002625,307.182,0.000507662,1,-0.000556614,-0.00144988,-0.0002625,800.675
0,5184072,4,phononTF,0.00230109,-0.00264188,-0.00124906,-0.000117381,105.379,0.000382,1,-0.00299723,-0.00100428,0.0002625,700.631
0,5197584,6,phononTS,0.00101259,-0.00226511,-0.005,-0.000201564,806.802,0.000382,1,0.000997225,-0.000998485,0.0002625,3500.14
0,5209148,2,phononL,0.0014285,-0.00225018,-0.0018183,-0.0002625,77.6202,0.000382,1,-0.00200472,-0.00199628,0.0002625,529.889
0,5209148,5,phononTS,0.000941417,-0.00200472,-0.00199628,0.000262498,529.889,0.000750786,1,-0.00175989,-0.00158914,-0.0002625,680.538
0,5212650,2,phononL,0.00298459,-0.00196976,0.000309061,-0.0002625,23.8543,0.000382,1,-0.00200417,4.02173e-06,0.0002625,499.175
0,5238037,4,phononL,0.000694511,-0.00281758,-0.00115831,-0.000262498,1050.02,0.000382,1,-0.00300336,-0.00100194,0.0002625,1115.93
0,5253901,4,phononTF,0.000587556,-0.00213743,-0.000128514,-0.0002625,737.432,0.000382,1,-0.00200381,4.34382e-06,0.0002625,1215.36
0,5275172,8,phononTF,0.00047055,-0.00100263,0.00300166,0.000262498,2759.46,0.00047055,1,-0.000762111,0.00326894,-0.0002625,2869.39
0,5290411,5,phononTS,0.0004611,0.00203288,-3.97184e-05,-0.0002625,1724.24,0.000382,1,0.00200124,4.19237e-06,0.0002625,3135.93
0,5294173,3,phononTS,0.0019593,0.00100455,-0.000995437,0.0002625,35.6754,0.00161282,1,0.00203805,-0.00128708,-0.0002625,1235.33
0,5311537,5,phononTF,0.00102587,-0.00233437,0.0016587,-0.0002625,404.258,0.000382,1,-0.00200421,0.00200092,0.0002625,767.922
0,5311537,6,phononTS,0.000422625,-0.00200421,0.00200092,0.000262498,767.922,0.000422625,1,-0.00131744,0.00196279,-0.0002625,940.351
0,5316143,2,phononTS,0.000582349,-0.000995179,0.00100134,0.0002625,85.8335,0.000582349,1,-0.000918841,0.00115113,-0.0002625,1719.98
0,5317940,2,phononTS,0.00297976,-0.00262345,9.26368e-05,-0.0002625,83.7196,0.000764,1,-0.00200166,-3.6218e-06,0.0002625,402.7
0,5317940,4,phononTF,0.000507106,-0.00200166,-3.6218e-06,0.000262498,402.7,0.000507106,1,-0.00167002,-0.000342962,-0.0002625,523.91
0,5317940,3,phononTS,0.000740403,-0.00200166,-3.6218e-06,0.000262498,402.7,0.000740403,1,-0.00221647,1.53488e-05,-0.0002625,512.518
0,5320211,2,phononTS,0.00197641,-0.00214808,-2.75116e-05,-0.0002625,136.375,0.000764,1,-0.00199727,-1.05735e-06,0.0002625,772.974
0,5329929,4,phononTS,0.000395276,-0.00324376,-0.00338381,-0.0002625,728.864,0.000382,1,-0.00200159,-0.00200016,0.0002625,1833.8
0,5338024,13,phononTS,0.000564436,3.86286e-06,-0.00199922,0.000262498,1885.83,0.000564436,1,2.23137e-06,-0.00216748,-0.0002625,1992.15
0,5345530,5,phononTS,0.000449212,-0.00223501,0.000101001,-0.0002625,1238.27,0.000382,1,-0.00200138,4.75253e-06,0.0002625,1833.2
0,5359335,6,phononTF,0.000384296,-0.00365275,-0.000336592,-0.000262498,524.428,0.000382,1,-0.00299707,-0.00100439,0.0002625,708.156
0,5383075,7,phononL,0.000602153,-0.000141614,-0.000710045,-0.0002625,1071.59,0.000382,1,3.12845e-06,1.95038e-06,0.0002625,1476.99
0,5384331,4,phononTF,0.000543381,-0.00376034,4.73588e-05,-0.000262498,354.538,0.000382,1,-0.00100259,0.00100139,0.0002625,882.943
0,5394936,11,phononTS,0.000487669,-0.005,0.00481021,-0.000194159,1587.53,0.000382,1,-0.00199995,0.0020035,0.0002625,2471.96
0,5394936,2,phononTS,0.00169549,-0.005,-0.000912756,0.000257868,96.3411,0.000591051,1,-0.00359579,0.0012026,-0.0002625,974.835
0,5405463,4,phononTF,0.000956859,0.000780948,0.000765966,-0.000262498,2710.16,0.000382,1,0.00100137,0.000996977,0.0002625,2815.3
0,5405463,2,phononTF,0.0070555,-0.00369167,0.000441621,-0.000148741,979.489,0.00280763,1,-0.00375048,0.000260938,-0.0002625,1021.42
0,5405480,4,phononTS,0.000408581,4.28668e-06,-0.00200476,0.0002625,3688.65,0.000408581,1,5.33672e-05,-0.00197139,-0.0002625,3904.51
0,5435971,4,phononTS,0.00110501,-0.0029706,-0.000523622,-0.0002625,70.9967,0.000382,1,-0.0030008,-0.00100135,0.0002625,361.511
0,5435971,6,phononTS,0.000539888,0.00159106,-0.005,4.12714e-06,361.511,0.000539888,1,0.00359373,-0.00273279,-0.0002625,1979.78
0,5439918,4,phononTF,0.00238172,-0.00096363,-0.00124063,-0.0002625,32.1464,0.001146,1,2.68487e-06,-0.00199823,0.0002625,851.612
0,5439918,5,phononTF,0.000980156,2.68487e-06,-0.00199823,0.000262498,851.612,0.000980156,1,0.000190494,-0.00197782,-0.0002625,950.098
0,5439918,3,phononTS,0.00174959,-0.00322092,-1.38225e-07,0.000262498,32.1464,0.00174959,1,-0.00450405,-0.000669693,-0.0002625,334.687
0,5453725,5,phononTS,0.000421307,0.00099553,-0.00099971,0.0002625,1389.57,0.000421307,1,0.0010218,-0.000984856,-0.0002625,1574.69
0,5453725,3,phononTF,0.00071519,-0.0033239,0.000172898,0.000262498,26.0014,0.00071519,1,-0.00396119,0.000823134,-0.0002625,205.928
0,5453725,2,phononTF,0.000863412,-0.0033239,0.000172898,0.000262498,26.0014,0.000227963,1,-0.00320051,-5.18704e-05,-0.0002625,128.796
0,5476221,6,phononTS,0.000484428,-0.0019948,0.00221615,-0.000262498,990.711,0.000382,1,-0.00200359,0.00199593,0.0002625,1102.95
0,5483039,4,phononTF,0.00165988,0.000979422,-0.003063,-0.000262498,1200.03,0.000764,1,-3.00326e-06,-0.00199712,0.0002625,1465.86
0,5540593,2,phononTF,0.000603947,-0.0027648,0.0011429,-0.0002625,15.8678,0.000382,1,-0.00199788,0.00199971,0.0002625,650.1
0,5559322,7,phononL,0.000399814,-0.00199696,-0.00199808,0.000262498,842.344,0.000399814,1,-0.000971745,-0.00222074,-0.0002625,969.73
0,5580037,2,phononTS,0.000588189,-0.00295051,-0.000870358,-0.0002625,834.06,0.000382,1,-0.00299803,-0.000996546,0.0002625,2527.62
0,5580038,1,phononTS,0.01,-0.00279754,0.00015556,-0.000138332,0,0.00533076,1,-0.00282819,0.000200621,-0.0002625,422.579
0,5603768,4,phononTS,0.000406559,1.68635e-06,0.00200353,0.0002625,334.293,0.000406559,1,0.00251435,0.00423521,-0.0002625,1619.22
0,5605509,3,phononTS,0.00138696,-0.00264065,4.46791e-05,-0.0002625,18.8679,0.000764,1,-0.00200217,6.62171e-07,0.0002625,711.733
0,5612867,5,phononL,0.000472539,-0.00200365,-3.67629e-06,0.000262498,595.718,0.000472539,1,-0.00225623,-2.71624e-05,-0.0002625,661.91
0,5612867,2,phononTS,0.00187378,-0.00318426,6.61562e-05,0.000262498,54.7715,0.00140735,1,-0.00304497,0.000345181,-0.0002625,181.88
0,5622255,6,phononTS,0.000535394,5.86922e-05,-0.00201872,-0.000262498,1712.48,0.000382,1,-4.88417e-06,-0.00200445,0.0002625,1808.93
0,5623732,6,phononTS,0.000566912,-0.00367052,0.000918712,-0.000262498,875.37,0.000382,1,-0.00100345,0.0030033,0.0002625,1507.17
0,5624982,5,phononTS,0.000531785,-0.0019565,-0.00238328,-0.0002625,1799.66,0.000382,1,-0.000997189,-0.000997587,0.0002625,2840.48
0,5624982,2,phononTS,0.00112143,-0.00308105,-2.06906e-05,0.000262498,38.3622,0.00100258,1,0.00279955,0.00126075,-0.0002625,1311.1
0,5639096,6,phononL,0.000440175,-0.00199666,-4.97954e-06,0.000262498,322.95,0.000440175,1,-0.00232914,-0.000574697,-0.0002625,415.192
0,5653832,6,phononTF,0.000576168,-0.00213907,0.000117284,-0.0002625,856.006,0.000382,1,-0.0019985,-7.40308e-08,0.0002625,1143.75
0,5654729,6,phononTS,0.000553575,-0.00146326,-0.000971811,-0.000262498,548.149,0.000382,1,-0.00100489,-0.001001,0.0002625,690.726
0,5674033,4,phononTS,0.00100631,-0.00254616,-4.82947e-05,-0.0002625,61.022,0.000764,1,-0.00199604,-4.44123e-06,0.0002625,372.92
0,5680761,5,phononTS,0.000672156,-0.00302421,-2.20738e-05,-0.000262498,538.851,0.000382,1,-0.00200441,3.55147e-06,0.0002625,774.973
0,5700703,8,phononTF,0.000426932,0.00159001,0.000424806,-0.000262498,1690.22,0.000382,1,0.000998975,0.000999097,0.0002625,1857.41
0,5704915,3,phononTS,0.000526311,-0.00305018,-0.00162058,-0.0002625,347.846,0.000382,1,-0.0029966,-0.000997037,0.0002625,2549.51
0,5786574,6,phononTS,0.00104445,-0.00199897,4.61741e-06,0.000262498,456.182,0.00104445,1,-0.00203518,2.10927e-05,-0.0002625,549.495
0,5790353,7,phononTS,0.000550007,-0.0030014,-0.000996766,0.000262498,308.467,0.000550007,1,-0.00294452,-0.000805076,-0.0002625,420.433
0,5790353,2,phononTS,0.000496518,-0.00199119,-0.005,0.000142649,14.2376,0.000496518,1,-0.00141068,-0.00371021,-0.0002625,1519.74
0,5811622,6,phononTS,0.000486182,-0.00192126,-0.000187939,-0.000262498,666.083,0.000382,1,-0.00199969,1.8782e-06,0.0002625,779.3
0,5811622,2,phononTS,0.00385867,-0.005,0.00162966,-6.25657e-05,217.785,0.00385867,1,-0.00383064,0.000974098,-0.0002625,920.582
0,5815278,4,phononTS,0.00046433,-0.00299996,-0.000996701,0.0002625,1920.81,0.00046433,1,-0.00304599,-0.000993788,-0.0002625,2112.89
0,5815278,2,phononTF,0.00461295,-0.00314654,0.000382568,-0.0001624,1599.72,0.00337057,1,-0.00319222,0.000336768,-0.0002625,1649.15
0,5838194,5,phononTS,0.00206447,0.00120852,-0.00197877,-0.0002625,297.808,0.001146,1,0.00199636,-0.00200427,0.0002625,2521.25
0,5844946,8,phononTS,0.00118213,-0.00199939,0.00199829,0.0002625,540.416,0.000714029,1,-0.0016558,0.00282368,-0.0002625,969.546
0,5854987,3,phononL,0.00216289,-0.00199694,0.00199762,0.0002625,87.8541,0.000981281,1,-0.00159331,0.00165776,-0.0002625,846.332
0,5875876,3,phononL,0.001373,-0.00264128,-2.33586e-05,-0.0002625,65.8928,0.000382,1,-0.00199798,4.21514e-06,0.0002625,243.813
0,5885042,7,phononTS,0.00116214,-0.00199648,-0.0020003,0.000262498,2316.7,0.000884881,1,-0.00184682,-0.00199422,-0.0002625,2419.76
0,5886695,3,phononTF,0.000537064,-0.00213065,1.78154e-05,-0.0002625,66.2672,0.000382,1,-0.00200464,-2.31812e-06,0.0002625,1004.91
0,5888291,4,phononTS,0.000668632,-0.00191093,-0.00288015,-0.0002625,667.921,0.000382,1,-0.00199914,-0.00200401,0.0002625,1094.59
0,5889124,5,phononTS,0.000555122,0.000669679,0.000713861,-0.0002625,1251.1,0.000382,1,0.000996674,0.000997851,0.0002625,2267.51
0,5892701,3,phononTS,0.00249064,-0.00287023,0.00174764,-0.0002625,53.7278,0.001146,1,-0.00200084,0.00199568,0.0002625,1538.74
0,5895269,3,phononL,0.00155539,-0.00200305,-0.0019999,0.0002625,27.6977,0.000682009,1,-0.00103035,-0.00296335,-0.0002625,1231.58
0,5895269,2,phononTS,0.00266237,-0.00319031,1.62658e-05,0.000262498,27.6977,0.00248182,1,-0.00324014,4.89016e-05,-0.0002625,125.772
0,5897701,3,phononL,0.00285256,-0.00299816,-0.00100298,0.0002625,3.14368,0.00225174,1,-0.00284538,-0.000585448,-0.0002625,240.473
0,5900732,3,phononTS,0.000917346,-0.00193999,-0.00148967,-0.0002625,120.373,0.000382,1,-0.00299628,-0.000996756,0.0002625,2108.55
0,5900732,2,phononTS,0.000812101,-0.00352234,3.44951e-05,0.000262498,120.373,0.000812101,1,-0.00349511,1.62041e-05,-0.0002625,210.038
0,5935086,9,phononTS,0.000607456,-0.00295845,-0.00101979,-0.0002625,1263.62,0.000382,1,-0.00300441,-0.000997361,0.0002625,2018.19
0,5935086,8,phononTS,0.000562819,-0.00454542,0.000662101,-0.000262498,1263.62,0.000562819,1,-0.005,0.00034963,-0.00015212,1371.49
0,5935086,7,phononTF,0.000527571,0.005,0.00327108,2.62266e-05,1263.62,0.000527571,1,0.0044723,0.00273398,-0.0002625,3268.29
0,5936705,2,phononTS,0.000836915,-0.00153779,-0.000993451,-0.0002625,70.1306,0.000382,1,-0.000995479,-0.00100353,0.0002625,803.745
0,5945883,12,phononTS,0.000452988,-0.000999276,-0.000997177,0.000262498,1410.63,0.000452988,1,-0.000686119,-0.000652334,-0.0002625,1560.67
0,5993266,2,phononTS,0.00156858,-0.00314946,-0.00103869,-0.0002625,96.1443,0.001146,1,-0.0029975,-0.000999311,0.0002625,619.969
0,5996653,5,phononTF,0.000722053,-0.00200025,-0.00199544,0.0002625,875.895,0.000722053,1,-0.00142115,-0.00258349,-0.0002625,1210.76
0,6013867,3,phononL,0.00198291,-0.00238359,-0.00169877,-0.0002625,233.523,0.000764,1,-0.00199906,-0.00199583,0.0002625,716.108
0,6014414,6,phononTF,0.000696643,-6.03697e-05,0.0019414,-0.000262498,1668.83,0.000382,1,1.06022e-06,0.00200151,0.0002625,1759.9
0,6018685,2,phononTF,0.00130563,-0.000355204,-0.000362747,-9.79277e-05,35.453,0.000382,1,3.05395e-06,3.58751e-06,0.0002625,1671.33
0,6018685,6,phononL,0.000647422,3.05395e-06,3.58751e-06,0.000262498,1671.33,0.000647422,1,-0.000784969,0.000773636,-0.0002625,1810.15
0,6019102,4,phononTF,0.000505847,-0.00306674,-0.000869425,-0.0002625,1023.5,0.000382,1,-0.00300189,-0.000998866,0.0002625,1492.63
0,6019102,2,phononTS,0.00180164,-0.00284466,-0.000388353,0.000262498,930.144,0.00115082,1,-0.00276862,-0.000497058,-0.0002625,1035.74
0,6042449,6,phononTS,0.000642109,-0.00199754,-2.98101e-06,0.000262498,974.076,0.000642109,1,-0.00292995,-0.000298696,-0.0002625,1200.98
0,6050120,7,phononL,0.000851782,-0.00325206,-0.000473366,-0.0002625,1040.29,0.000382,1,-0.00300016,-0.000995461,0.0002625,1295.5
0,6058106,5,phononTS,0.00204594,-0.00138521,0.00303812,-0.0002625,10.9569,0.000764,1,-0.00100089,0.00299673,0.0002625,1208.14
0,6065212,6,phononTF,0.000739925,0.00300172,0.000997348,0.000262499,8432.53,0.000739925,1,0.0032782,0.000729498,-0.0002625,8543.94
0,6070187,4,phononTF,0.00190413,-0.00298484,-0.00089446,-0.0002625,24.1649,0.000764,1,-0.00300291,-0.000996981,0.0002625,468.118
0,6070187,5,phononTF,0.000962309,-0.00300291,-0.000996981,0.000262498,468.118,0.000962309,1,-0.00292147,-0.00107851,-0.0002625,560.169
0,6095031,7,phononTS,0.000700691,0.000859236,0.00457161,-0.0002625,1407.11,0.000382,1,-0.00099953,0.00299922,0.0002625,2764.19
0,6111222,2,phononTS,0.00158585,-0.000380589,-3.27093e-05,-0.0002625,1598.8,0.000382,1,2.62914e-06,-4.02194e-06,0.0002625,2380.81
0,6119649,4,phononL,0.00116347,-0.00199823,1.44333e-06,0.000262498,179.146,0.00116347,1,-0.000211157,0.00171147,-0.0002625,475.991
0,6131141,1,phononL,0.01,-0.00298889,-0.000997915,0.000260058,0,0.001528,1,-0.00299985,-0.000999227,0.0002625,884.364
0,6137170,4,phononTF,0.000762149,-0.00233728,0.0016725,-0.0002625,1525.32,0.000382,1,-0.00200044,0.00200319,0.0002625,1888.22
0,6144658,8,phononTS,0.000593966,0.00300158,0.00100349,0.000262498,2662.58,0.000497952,1,0.00196296,0.000798988,-0.0002625,2900.5
0,6146215,7,phononTS,0.000394608,-0.000998409,0.000996964,0.000262498,1016.65,0.000394608,1,-0.00102794,0.00102664,-0.0002625,1106.2
0,6146215,4,phononTS,0.00202423,-0.0027027,0.000832908,0.000262498,403.837,0.00112616,1,-0.00246696,0.000846625,-0.0002625,518.012
0,6170292,10,phononTS,0.000496083,-0.00483263,-0.005,8.35161e-05,1789.83,0.000496083,1,-0.00476193,-0.00433096,-0.0002625,2903.42
0,6189366,4,phononTS,0.00262567,-0.00200203,3.57922e-06,0.0002625,116.961,0.00261934,1,-0.00204215,-2.5008e-05,-0.0002625,890.164
0,6191181,3,phononTF,0.00268202,0.00112446,-0.00112757,-0.0002625,607.886,0.000382,1,-3.02318e-06,1.02088e-06,0.0002625,3159.01
0,6191181,6,phononTS,0.0015494,-3.02318e-06,1.02088e-06,0.000262498,3159.01,0.0013386,1,-4.23597e-05,-0.000936466,-0.0002625,3373.56
0,6200979,5,phononTS,0.000599671,-0.00330124,0.000463612,-0.000262498,471.133,0.000382,1,-0.00100375,-0.00100178,0.0002625,1001.83
0,6211880,5,phononTF,0.0008865,0.00100138,0.00100035,0.000262498,1661.87,0.00037203,1,0.000981741,0.00101909,-0.0002625,1751.87
0,6218238,8,phononTS,0.000456746,-0.00311435,-0.000410243,-0.0002625,301.823,0.000382,1,-0.00299649,-0.000997756,0.0002625,631.998
0,6266089,2,phononTS,0.000434357,0.00027359,0.000879215,-0.0002625,364.912,0.000382,1,-0.000995589,-0.00100246,0.0002625,3220.38
0,6266894,7,phononTF,0.000523723,0.000723321,-0.00328482,-0.000262498,1920.71,0.000382,1,0.00100359,-0.0030037,0.0002625,2033.65
0,6268477,4,phononTF,0.000530002,0.0022959,-0.000125668,-0.0002625,615.607,0.000382,1,0.00200168,2.49739e-06,0.0002625,2188.86
0,6268477,2,phononTS,0.000394051,-0.00297604,0.000147639,0.000262498,65.0114,0.000394051,1,-0.00292151,0.000742507,-0.0002625,223.96
0,6332078,2,phononTS,0.0013936,-0.00298571,-0.000369477,-0.0002625,30.252,0.000382,1,-0.00299778,-0.00099959,0.0002625,705.543
0,6341504,3,phononL,0.00201166,-0.00312455,-0.00047965,-0.0002625,7.09451,0.001146,1,-0.00299915,-0.00100158,0.0002625,169.36
0,6342994,2,phononTF,0.000846927,-0.00155061,0.00076667,-0.0002625,10.0022,0.000382,1,-0.0010043,0.000995138,0.0002625,600.765
0,6343527,4,phononTF,0.000556386,-0.00196151,4.84514e-05,-0.000262498,1869.96,0.000382,1,-0.00200456,-6.45886e-07,0.0002625,1960.58
0,6344303,2,phononTS,0.000815467,-0.00171019,0.000128253,-0.0002625,52.8524,0.000382,1,-0.00199812,-7.20015e-07,0.0002625,1398.47
0,6372631,4,phononTS,0.000431121,-0.00211559,0.000704497,-0.0002625,499.111,0.000382,1,-0.00100492,0.00100396,0.0002625,1129.85
0,6380575,3,phononTF,0.00473419,-0.00257579,0.00262881,-0.000195343,281.242,0.000764,1,-0.00199941,0.00200078,0.0002625,1449
0,6400123,5,phononTF,0.000618319,-0.00311707,-0.0010511,-0.0002625,450.36,0.000382,1,-0.00299809,-0.00099873,0.0002625,918.309
0,6401367,6,phononTS,0.000390764,-0.00199662,-4.39017e-06,0.000262498,341.452,0.000390764,1,-0.00202586,-7.91674e-05,-0.0002625,438.113
0,6414648,4,phononTS,0.00130538,-0.0028295,-0.000216045,-0.000262498,826.81,0.000382,1,-0.00200223,4.04055e-06,0.0002625,1033.01
0,6414648,7,phononTF,0.00050191,-0.00200223,4.04055e-06,0.000262498,1033.01,0.00050191,1,-0.00175414,-0.000234428,-0.0002625,1140.43
0,6416277,7,phononTS,0.000652961,-0.000997376,0.00300012,0.0002625,625.449,0.000652961,1,-0.000837724,0.00296884,-0.0002625,833.305
0,6460591,4,phononTS,0.00195526,-0.00449753,7.72561e-05,-0.0002625,189.269,0.000382,1,-0.00300147,-0.000998109,0.0002625,1175.01
0,6467891,3,phononTS,0.00223655,-0.00156313,-0.0016014,-0.0002625,155.547,0.000382,1,-0.00199915,-0.0019998,0.0002625,2992.44
0,6478220,6,phononTF,0.00129947,-0.00245585,-0.000393322,-0.0002625,680.364,0.000382,1,-0.00200025,1.55799e-06,0.0002625,958.712
0,6482515,3,phononTF,0.000719878,-0.00325878,-0.000750613,-0.000262498,544.796,0.000382,1,-0.00299588,-0.00100314,0.0002625,654.178
0,6489708,6,phononTF,0.000901385,-0.00200005,-2.43751e-06,0.000262498,391.051,0.000901385,1,-0.00250734,0.000497641,-0.0002625,542.527
0,6489709,1,phononTF,0.01,-0.00382928,0.000875908,-0.000204807,0,0.00469424,1,-0.00380187,0.000849775,-0.0002625,867.682
0,6491027,2,phononTS,0.00128874,-0.00305847,-0.000140441,-0.0002625,79.4481,0.000764,1,-0.00299857,-0.000997996,0.0002625,370.923
0,6528535,7,phononTF,0.000722665,-0.00200255,-5.95858e-07,0.000262498,965.047,0.000722665,1,-0.00216575,0.000195572,-0.0002625,1065.92
0,6528535,3,phononTS,0.00107009,-0.00351957,0.000119847,0.000262498,209.616,0.000692,1,-0.00345797,6.81401e-05,-0.0002625,309.8
0,6529310,3,phononTS,0.00278238,-0.00346695,0.000792216,-0.000230683,137.369,0.001146,1,-0.00200473,-4.4665e-06,0.0002625,980.027
0,6541686,4,phononTS,0.000521979,4.8174e-06,0.00199537,0.0002625,462.005,0.000521979,1,0.000328059,0.00229557,-0.0002625,2090.37
0,6541998,3,phononL,0.000799984,-0.00287713,-0.00046053,-0.0002625,28.0448,0.000382,1,-0.00300009,-0.000996601,0.0002625,188.962
0,6549228,3,phononL,0.00144556,0.00425354,0.00162767,-0.0002625,169.481,0.000764,1,0.00299644,0.000999748,0.0002625,3040.07
0,6565950,6,phononTS,0.000383741,-4.83361e-05,-0.00165939,-0.000262498,3810.1,0.000382,1,-4.71578e-06,-0.00199806,0.0002625,3934.32
0,6566393,3,phononTF,0.00603091,-0.00225729,-0.00225813,1.27358e-05,418.349,0.000764,1,-0.00199798,-0.00199792,0.0002625,872.625
0,6578539,4,phononTF,0.000538779,-0.00187782,7.35398e-05,-0.0002625,1766.1,0.000382,1,-0.00199888,-3.36096e-07,0.0002625,2156.75
0,6582739,3,phononTF,0.000702405,-0.00299943,-0.000995448,0.0002625,236.961,0.000702405,1,-0.00294157,-0.00108359,-0.0002625,730.932
0,6582739,2,phononTS,0.00116401,-0.00288566,-0.000255412,0.000262498,236.961,0.00116401,1,-0.005,-0.00260952,0.000202198,802.38
0,6587012,6,phononTS,0.000490085,-0.00299934,-0.00100305,0.000262498,1375.38,0.000490085,1,-0.00298273,-0.000822251,-0.0002625,1482.3
0,6589518,8,phononTS,0.000621191,3.63135e-06,0.00200049,0.000262498,1737.11,0.000621191,1,-3.22009e-05,0.0025417,-0.0002625,1888.57
0,6592447,6,phononTS,0.000491305,-0.00306901,-0.00170079,-0.000262498,1331.8,0.000382,1,-0.00299911,-0.000998477,0.0002625,1507.31
0,6599105,12,phononTF,0.000781208,-0.00200353,-4.36756e-06,0.0002625,2582.73,0.000781208,1,-0.00217127,-0.000177524,-0.0002625,2781.01
0,6608643,3,phononTS,0.00154868,-0.00305514,-0.000802097,-0.0002625,102.38,0.000764,1,-0.00300049,-0.00100385,0.0002625,553.776
0,6608643,4,phononTS,0.000479409,-0.00300049,-0.00100385,0.000262498,553.776,0.000479409,1,-0.00321774,-0.000921718,-0.0002625,670.044
0,6650697,5,phononTS,0.000994841,0.00199934,4.05184e-06,0.000262498,5056.73,0.000716995,1,0.00203266,3.43859e-05,-0.0002625,5146.22
0,6672370,7,phononTS,0.000745666,-0.00272578,-0.00101051,-0.0002625,1538.83,0.000382,1,-0.00300166,-0.00099519,0.0002625,1895.29
0,6678324,1,phononTS,0.01,-0.00301155,-0.000985634,0.000261877,0,0.001146,1,-0.0029958,-0.0010028,0.0002625,734.529
0,6678324,6,phononTS,0.000838674,-0.0029958,-0.0010028,0.000262498,734.529,0.000838674,1,-0.00182997,-0.000761316,-0.0002625,994.829
0,6681413,2,phononL,0.000553906,-0.00236758,-0.000347824,-0.0002625,611.222,0.000382,1,-0.00200203,-4.71732e-06,0.0002625,904.902
0,6735674,5,phononTF,0.000758988,-0.00200236,-4.8136e-06,0.0002625,1761.71,0.000758988,1,-0.00192604,-7.82482e-05,-0.0002625,2863.17
0,6737476,4,phononTS,0.00203239,0.00162206,-0.000778131,-0.0002625,164.631,0.000382,1,0.00200204,-3.00746e-06,0.0002625,1608.68
0,6737476,7,phononTS,0.00134445,0.00200204,-3.00746e-06,0.000262498,1608.68,0.00134445,1,0.00202732,-4.73197e-05,-0.0002625,1698.26
0,6751310,7,phononTS,0.00079588,-0.00199825,-0.00200026,0.000262498,1116.66,0.00079588,1,-0.00195706,-0.00192593,-0.0002625,1212.69
0,6751310,3,phononTS,0.00245571,-0.00323036,-0.000252559,0.000262498,592.863,0.0021279,1,-0.00241359,0.000523434,-0.0002625,848.734
0,6751310,2,phononTF,0.00178519,-0.00323036,-0.000252559,0.000262498,592.863,0.00110152,1,-0.00271197,0.000908657,-0.0002625,844.573
0,6752784,5,phononTS,0.000491581,-0.00182358,-3.15775e-05,-0.000262498,514.394,0.000382,1,-0.0019997,-1.85763e-06,0.0002625,620.321
0,6770135,4,phononTS,0.000790194,-0.0019623,0.000119775,-0.0002625,565.736,0.000382,1,-0.0019969,3.84627e-06,0.0002625,1357.34
0,6770135,2,phononTF,0.0012024,-0.00364971,-0.000110475,0.000262498,463.373,0.0012024,1,-0.00404347,6.30327e-05,-0.0002625,587.625
0,6774632,6,phononTS,0.000532871,-0.00115124,0.00302477,-0.000262498,2714.58,0.000382,1,-0.000995582,0.00299855,0.0002625,2821.13
0,6792661,7,phononTF,0.000465316,0.00221376,-0.000234372,-0.000262498,1484.16,0.000382,1,0.00200086,-4.98456e-06,0.0002625,1589.41
0,6815776,6,phononTS,0.000602093,-0.00210203,-4.58056e-05,-0.0002625,226.503,0.000382,1,-0.00200481,-2.05253e-06,0.0002625,912.491
0,6818600,3,phononTS,0.00301495,-0.0022764,0.00162362,-0.0002625,165.668,0.000382,1,-0.00199749,0.00200468,0.0002625,990.589
0,6818600,8,phononTF,0.000893678,-0.00199749,0.00200468,0.000262498,990.589,0.00040049,1,-0.0017387,0.00223327,-0.0002625,1099.24
0,6839108,9,phononTS,0.000435019,-0.00300077,-0.000997553,0.000262498,887.931,0.000435019,1,-0.00295659,-0.00133097,-0.0002625,1011.49
0,6860535,2,phononTF,0.000482895,0.00212577,-0.0018749,-0.0002625,15.4626,0.000382,1,0.00199681,-0.0020018,0.0002625,2544.94
0,6860929,8,phononL,0.000557826,-0.00310904,-0.000654238,-0.0002625,235.481,0.000382,1,-0.00299612,-0.000999787,0.0002625,447.446
0,6882415,6,phononTS,0.000872038,-0.00299604,-0.00100459,0.000262498,503.138,0.000638293,1,-0.00273985,-0.000975846,-0.0002625,620.378
0,6890687,4,phononL,0.000465104,-0.00245138,0.000196728,-0.000262498,1037.4,0.000382,1,-0.00199571,4.07047e-06,0.0002625,1115.93
0,6898938,5,phononTF,0.000385613,-0.000997854,0.00100495,0.000262498,1366.53,0.000385613,1,-0.0007888,0.00120497,-0.0002625,1469.53
0,6926796,2,phononTS,0.0013424,-0.00320928,-0.000969843,-0.0002625,78.197,0.000382,1,-0.00299709,-0.000999671,0.0002625,779.859
0,6926796,5,phononTF,0.000435379,-0.00299709,-0.000999671,0.000262498,779.859,0.000435379,1,-0.00280947,-0.00134882,-0.0002625,898.239
0,6926797,1,phononL,0.01,-0.00421959,-0.000112209,-0.000234493,0,0.00709594,1,-0.00420005,-0.000230655,-0.0002625,553.972
0,6933241,5,phononTS,0.00116862,-0.00208854,-1.79923e-05,-0.0002625,407.11,0.000764,1,-0.00199608,1.47671e-06,0.0002625,702.666
0,6934263,2,phononTS,0.0019511,-0.00200051,0.00200444,0.0002625,137.378,0.000685728,1,-0.0013442,0.00241814,-0.0002625,826.127
0,6943445,4,phononTS,0.0012157,0.00135596,-0.00204583,-0.0002625,63.3848,0.000382,1,0.00199983,-0.00200236,0.0002625,2742.93
0,6943552,6,phononL,0.00081118,-0.00207051,0.000764281,-0.000262498,252.821,0.000382,1,-0.00199832,-2.40838e-06,0.0002625,352.634
0,6943552,7,phononTF,0.000410035,-0.00199832,-2.40838e-06,0.000262498,352.634,0.000410035,1,-0.00280771,0.000318473,-0.0002625,542.879
0,6945576,5,phononTF,0.000797029,-0.00148437,-0.000692582,-0.0002625,174.972,0.000382,1,-0.00100412,-0.00100271,0.0002625,750.552
0,7025757,5,phononTS,0.00103801,-0.00300096,-0.0010021,0.0002625,1.50387,0.000803258,1,-0.00296363,-0.00117735,-0.0002625,739.693
0,7025757,4,phononTS,0.00147619,-0.00322493,4.93779e-05,0.000262498,1.50387,0.00111263,1,-0.00317947,9.68651e-05,-0.0002625,95.293
0,7034396,5,phononTS,0.000524663,-0.00171418,9.3445e-06,-0.0002625,2689.4,0.000382,1,-0.00199644,-7.77487e-07,0.0002625,3409.23
0,7039281,7,phononTF,0.00083754,-0.0015507,0.000557919,-0.000262498,1026.05,0.000382,1,-0.001,0.00100488,0.0002625,1180.84
0,7039281,8,phononTF,0.000392069,-0.001,0.00100488,0.000262498,1180.84,0.000392069,1,-0.00134238,0.00131444,-0.0002625,1301.82
0,7062209,6,phononTF,0.000412042,-0.00133698,0.000663336,-0.000262498,6423.51,0.000382,1,-0.000995558,0.00100058,0.0002625,6545.44
0,7066533,2,phononTF,0.00145736,-0.000276316,-0.00053369,-0.0002625,40.6223,0.000382,1,0.001004,-0.000998396,0.0002625,976.032
0,7086269,4,phononTF,0.000384046,-0.00160298,-0.000483456,-0.0002625,657.538,0.000382,1,-0.00099556,-0.000995358,0.0002625,1156.32
0,7089658,7,phononTF,0.000521438,-0.00225389,0.00170847,-0.000262498,1494.86,0.000382,1,-0.00199987,0.00199725,0.0002625,1607.57
0,7095795,3,phononTS,0.00249281,-0.00263618,6.73308e-05,-0.0002625,72.3452,0.000382,1,-0.00199831,4.32996e-06,0.0002625,402.583
0,7095795,7,phononTF,0.000963531,-0.00199831,4.32996e-06,0.000262498,402.583,0.000963531,1,-0.00148508,0.000521111,-0.0002625,556.285
0,7095795,6,phononTS,0.000944548,-0.00199831,4.32996e-06,0.000262498,402.583,0.00045721,1,-0.00204621,0.000446323,-0.0002625,540.219
0,7100004,4,phononTS,0.000842622,-0.00200207,3.11466e-06,0.0002625,791.239,0.00041216,1,-0.00197645,0.000453081,-0.0002625,1821.36
0,7103312,2,phononTS,0.00224001,-0.00293389,-0.000338482,-0.000262498,482.167,0.001146,1,-0.00299721,-0.00100393,0.0002625,649.171
0,7103312,6,phononTS,0.000535772,-0.00299721,-0.00100393,0.000262498,649.171,0.000535772,1,-0.00304065,-0.00104091,-0.0002625,738.416
0,7124267,2,phononL,0.00135158,-0.00188648,-0.000885499,-0.0002625,2.7109,0.000382,1,-0.00100046,-0.00100183,0.0002625,379.697
0,7124267,5,phononTF,0.000412068,-0.00100046,-0.00100183,0.000262498,379.697,0.000412068,1,-0.00129454,-0.00128931,-0.0002625,493.935
0,7125480,3,phononTF,0.00165536,-0.00295563,-0.000954071,-0.0002625,18.2174,0.000382,1,-0.00300366,-0.001004,0.0002625,795.352
0,7125480,8,phononTS,0.000973659,-0.00300366,-0.001004,0.000262498,795.352,0.000248621,1,-0.00329872,-0.00102861,-0.0002625,914.395
0,7126627,4,phononTS,0.000493822,-0.00162215,-0.00109979,-0.0002625,285.771,0.000382,1,-4.74221e-06,-0.00200044,0.0002625,1134.37
0,7126627,2,phononTS,0.00141198,-0.00324354,-6.60078e-05,0.000262498,193.783,0.000571877,1,0.000318174,-0.00271255,-0.0002625,1025.79
0,7140334,7,phononTS,0.00110366,-0.005,0.00123424,-0.000137574,481.68,0.000382,1,-0.00200271,-0.00200302,0.0002625,5212.88
0,7140334,8,phononL,0.000463606,-0.00200271,-0.00200302,0.000262498,5212.88,0.000463606,1,-0.00173001,-0.00233467,-0.0002625,5287.45
0,7147196,2,phononTS,0.00119708,-0.00305211,-0.000539046,-0.0002625,105.323,0.000382,1,-0.00300281,-0.0010028,0.0002625,386.456
0,7162189,4,phononTF,0.000479698,-0.00148181,0.00262042,-0.0002625,1074.35,0.000382,1,-0.00100236,0.00299972,0.0002625,2575.45
0,7162189,2,phononTS,0.000707475,-0.00307348,1.42098e-05,0.000262498,100.142,0.000707475,1,-0.00357312,0.000493494,-0.0002625,285.028
0,7167913,8,phononTF,0.00193523,-0.00100382,-0.00100459,0.000262498,732.276,0.00170662,1,-0.000756324,-0.000757088,-0.0002625,840.298
0,7177039,3,phononTF,0.000656427,-0.00114016,-0.00148221,-0.0002625,126.043,0.000382,1,0.000999726,-0.00300256,0.0002625,1059.08
0,7196530,8,phononTF,0.000657244,0.00199817,0.00200221,0.000262498,2616.55,0.000647744,1,0.00234164,0.00166115,-0.0002625,2739.14
0,7196530,4,phononTF,0.000925996,-0.00326159,8.1249e-05,0.000262498,10.2548,0.000925996,1,-0.00302963,-0.000316505,-0.0002625,136.056
0,7196530,3,phononTS,0.000686436,-0.00326159,8.1249e-05,0.000262498,10.2548,0.000385106,1,-0.00348523,0.000590788,-0.0002625,171.948
0,7204489,3,phononTS,0.000422707,-0.0020976,-6.77498e-05,-0.0002625,384.063,0.000382,1,-0.0019966,2.04216e-06,0.0002625,1625.6
0,7208192,4,phononTS,0.00297231,-0.00200204,-4.76725e-06,0.000262498,855.716,0.000241344,1,-0.00205313,-1.92382e-05,-0.0002625,945.701
0,7224420,8,phononTS,0.000641859,0.00100364,-0.000997276,0.000262498,2880.89,0.000641859,1,0.00103232,-0.00181502,-0.0002625,3074.24
0,7228718,5,phononTS,0.000471354,0.00149197,-0.00203186,-0.0002625,1629.68,0.000382,1,0.00200043,-0.0020033,0.0002625,2625.49
0,7230381,8,phononTS,0.000395689,-0.00189904,-4.5664e-05,-0.0002625,4141.61,0.000382,1,-0.00199864,3.57911e-06,0.0002625,5024.78
0,7246950,9,phononTF,0.00040034,4.7196e-06,0.0019969,0.000262498,3176.56,0.00040034,1,-0.000241459,0.00174562,-0.0002625,3284.82
0,7250887,9,phononTS,0.000934453,-0.00200034,-3.03608e-06,0.000262498,995.358,0.000830079,1,-0.00205429,2.47897e-05,-0.0002625,1084.73
0,7251435,5,phononTS,0.0011225,-0.005,-0.00455789,-0.000114876,671.251,0.0011225,1,-0.00459823,-0.00472663,-0.0002625,2026.03
0,7259840,6,phononTF,0.000691921,-0.00200364,0.00199969,0.000262498,526.127,0.000691921,1,-0.00179546,0.00220851,-0.0002625,629.389
0,7275404,5,phononTF,0.00090871,0.000221742,0.000205663,-0.000262498,2104.63,0.000382,1,3.52431e-06,-1.86387e-06,0.0002625,2208.18
0,7275404,8,phononTS,0.000382066,3.52431e-06,-1.86387e-06,0.000262499,2208.18,0.000382066,1,-0.000221279,-0.000417458,-0.0002625,2358.13
0,7298723,4,phononL,0.000408186,-0.00261443,-0.000971367,-0.0002625,9.82565,0.000382,1,-0.00199532,-0.00200198,0.0002625,306.514
0,7298723,3,phononTF,0.00265456,-0.0023961,-0.000186222,-7.93453e-05,9.82565,0.00213468,1,-0.00255748,-1.81654e-05,-0.0002625,247.72
0,7308131,9,phononTS,0.000778822,-0.00102984,-0.00104451,-0.000262499,4655.92,0.000382,1,-0.000997444,-0.00100131,0.0002625,4745.28
0,7327185,2,phononTS,0.00107505,-0.0016346,-0.00114457,-0.0002625,85.9057,0.000382,1,-2.91216e-06,-0.00200011,0.0002625,830.787
0,7327185,6,phononTS,0.000451599,-2.91216e-06,-0.00200011,0.000262498,830.787,0.000451599,1,-2.09475e-05,-0.00197303,-0.0002625,920.458
0,7338678,8,phononTS,0.000639045,-9.57485e-07,0.00200319,0.000262498,995.755,0.000639045,1,6.71765e-05,0.00304471,-0.0002625,1222.54
0,7339157,6,phononTF,0.000955002,-0.00200074,-0.00200321,0.0002625,2312.74,0.000955002,1,-0.0022239,-0.00178806,-0.0002625,2521.43
0,7339157,3,phononTF,0.00200352,-0.00315412,0.000107837,0.000262498,52.5634,0.000868831,1,-0.0030007,0.000315564,-0.0002625,154.252
0,7352007,6,phononTF,0.000674873,0.00110153,-0.000816417,-0.0002625,922.865,0.000382,1,0.00100333,-0.00100395,0.0002625,4878.29
0,7356979,6,phononTS,0.000445241,-0.005,-0.000176736,0.000172075,765.226,0.000445241,1,-0.00280689,-0.00206066,-0.0002625,2012.63
0,7414500,5,phononTS,0.00126429,-0.00319086,-0.000313436,-0.000262498,248.512,0.000764,1,-0.00300424,-0.00100383,0.0002625,432.487
0,7414500,3,phononTS,0.00119747,-0.00301769,0.000194963,0.000262498,167.121,0.000390589,1,-0.00306271,-9.24326e-05,-0.0002625,288.836
0,7428440,5,phononTS,0.000507016,-0.00100031,0.00100148,0.0002625,813.19,0.000507016,1,0.000280326,0.00053264,-0.0002625,1397.66
0,7446378,5,phononTS,0.001141,-0.00303345,-0.000723468,-0.0002625,88.4971,0.000382,1,-0.00299947,-0.00100092,0.0002625,555.944
0,7466951,7,phononTF,0.000902137,-0.00100343,0.00299593,0.000262498,1011.67,0.000902137,1,-0.000563534,0.00244702,-0.0002625,1165.86
0,7469000,4,phononTS,0.00067106,-0.005,3.1305e-05,-0.000158825,289.433,0.000382,1,-0.00199924,-0.00199703,0.0002625,1408.6
0,7488010,5,phononTS,0.00123736,-0.00263029,2.16851e-05,-0.0002625,28.6755,0.000382,1,-0.00199718,9.80138e-07,0.0002625,359.659
0,7498694,6,phononTS,0.000818315,-0.00201104,-5.50693e-05,-0.000262498,281.123,0.000382,1,-0.00199817,8.19619e-08,0.0002625,372.54
0,7531835,7,phononTS,0.000391952,-0.00171516,-7.83171e-05,-0.000262498,1244.39,0.000382,1,-0.00199768,2.49705e-06,0.0002625,1367.72
0,7556059,4,phononTS,0.000579504,-0.00299819,-0.00100265,0.0002625,663.308,0.000579504,1,-0.00258663,-0.00124912,-0.0002625,965.957
0,7586747,7,phononTS,0.000470576,-0.00296892,-0.00104853,-0.000262498,365.745,0.000382,1,-0.00299682,-0.00100231,0.0002625,455.211
0,7586747,2,phononTF,0.00145966,-0.00321681,2.47165e-05,0.000262498,10.7515,0.000510018,1,-0.00279274,0.000449982,-0.0002625,147.652
0,7595592,5,phononTF,0.000625874,-0.00299972,-0.000996345,0.0002625,1346.13,0.000491717,1,-0.00282646,-0.00117817,-0.0002625,1744.5
0,7597268,12,phononTS,0.000977881,0.00100397,0.000999853,0.000262498,4092.77,0.000891389,1,0.000973883,0.00100128,-0.0002625,4182.36
0,7601820,10,phononTF,0.000714997,-0.00268927,-0.000672019,-0.000262498,426.537,0.000382,1,-0.00300007,-0.000995231,0.0002625,544.677
0,7618747,4,phononTS,0.00128017,-0.00199891,0.00200189,0.000262498,712.808,0.000762685,1,-0.00197663,0.00198141,-0.0002625,802.518
0,7618747,2,phononTF,0.00224877,-0.00324272,4.23367e-05,0.000262498,4.15177,0.00211018,1,-0.003028,1.71436e-05,-0.0002625,105.137
0,7618748,3,phononTS,0.004035,-0.00115894,8.72976e-05,0.00026035,383.949,0.00366747,1,-0.00145035,4.94746e-05,-0.0002625,927.097
0,7624393,8,phononL,0.000564597,-0.00186704,-0.00194235,-0.0002625,1215.68,0.000382,1,-0.000996121,-0.000999277,0.0002625,2269.21
0,7648844,5,phononTS,0.000975052,-0.002626,3.09231e-05,-0.0002625,50.4656,0.000382,1,-0.00200264,3.13304e-06,0.0002625,372.426
0,7671197,8,phononTF,0.000607881,-0.00178154,-0.00176815,-0.000262498,812.803,0.000382,1,-0.0020022,-0.00199965,0.0002625,917.985
0,7681715,8,phononTS,0.000860992,-0.00272948,-0.00104411,-0.000262498,284.461,0.000382,1,-0.00300233,-0.000999359,0.0002625,400.636
0,7688877,5,phononTS,0.000636031,-3.64783e-06,-0.00199987,0.0002625,2301.49,0.000636031,1,0.000972659,-0.00234739,-0.0002625,2766.56
0,7688877,2,phononTS,0.000625723,-0.00293203,0.000219297,0.000262498,1384,0.000625723,1,-0.00384781,0.000235035,-0.0002625,1594.28
0,7699286,1,phononL,0.01,-0.00299626,-0.000998146,0.000260295,0,0.00382,1,-0.00299574,-0.000995256,0.0002625,445.571
0,7727683,3,phononTF,0.00278482,0.00243379,0.000642813,-0.0002625,2293.31,0.001528,1,0.00300166,0.000995333,0.0002625,5929.11
0,7738861,9,phononTF,0.000510583,0.00200154,-1.29393e-08,0.000262498,1152.34,0.000510583,1,0.00234159,0.000341391,-0.0002625,1274.57
0,7738875,3,phononTS,0.00225594,-0.00309823,-0.000171741,-0.0002625,41.7239,0.000382,1,-0.00299618,-0.0010033,0.0002625,986.502
0,7738875,5,phononTS,0.00159799,0.000780783,-0.005,4.97447e-05,986.502,0.00086021,1,0.00157134,-0.00427781,-0.0002625,2169.92
0,7743179,7,phononTF,0.002617,-0.00300179,-0.00100088,0.000262498,800.914,0.00220421,1,-0.00248316,-0.000499484,-0.0002625,954.456
0,7744956,4,phononTS,0.00121447,0.00083891,-0.00187095,-0.0002625,130.446,0.000764,1,2.63898e-06,-0.0020016,0.0002625,2662.36
0,7756033,3,phononTF,0.0011557,-0.00332765,-0.000637937,-0.0002625,1449.35,0.000382,1,-0.00300254,-0.000998021,0.0002625,1816.87
0,7758803,3,phononTS,0.00123824,-0.00262222,-9.38868e-06,-0.0002625,8.87367,0.000764,1,-0.00200454,5.22616e-07,0.0002625,328.483
0,7759235,7,phononTS,0.000585364,-0.00317998,-0.00100339,-0.000262498,704.511,0.000382,1,-0.00300436,-0.00100385,0.0002625,810.202
0,7760464,7,phononTS,0.000388755,-0.00332906,-0.00331687,-0.0002625,6418.42,0.000382,1,4.29445e-06,1.6797e-07,0.0002625,8460.88
0,7763407,5,phononTS,0.000415896,-0.0020294,-4.84078e-05,-0.000262498,433.22,0.000382,1,-0.00200356,4.98369e-06,0.0002625,525.491
0,7795548,3,phononTF,0.000952843,-0.00273083,-0.000742385,-0.000262498,972.216,0.000382,1,-0.00299554,-0.00099577,0.0002625,1081.76
0,7804220,6,phononTS,0.000442163,0.00100458,-0.00300482,0.000262498,4004.83,0.000442163,1,0.000555746,-0.00304857,-0.0002625,4143.48
0,7814512,4,phononTF,0.000903422,-0.00325929,-6.78541e-05,-0.000262498,151.13,0.000764,1,-2.3537e-06,-0.0020032,0.0002625,818.108
0,7814512,2,phononTS,0.00169996,-0.0032589,9.59553e-05,0.000262498,45.1577,0.000567979,1,-0.00345919,7.6281e-05,-0.0002625,153.988
0,7836131,5,phononTF,0.000429686,-0.00112158,-0.00444319,-0.0002625,837.555,0.000382,1,-0.00199753,-0.00200279,0.0002625,2667.27
0,7862802,8,phononTF,0.00043823,-0.00193028,0.000124637,-0.0002625,676.765,0.000382,1,-0.00200291,-4.10729e-06,0.0002625,956.415
0,7869982,3,phononTS,0.00358076,-0.0034602,-0.000702112,0.00014872,284.62,0.000764,1,-0.00299721,-0.000997202,0.0002625,392.701
0,7879386,5,phononTF,0.000673514,3.28506e-06,-9.61084e-07,0.000262498,2668.11,0.000673514,1,0.000154339,0.000156415,-0.0002625,2765.42
0,7897943,6,phononTS,0.000906505,0.00261918,0.00164874,-0.0002625,235.149,0.000382,1,0.000997074,0.0010033,0.0002625,4973.31
0,7897943,7,phononTS,0.000462113,0.000997074,0.0010033,0.000262498,4973.31,0.000462113,1,0.0009748,0.000801236,-0.0002625,5082.23
0,7914598,3,phononTS,0.00307491,-0.00310127,1.24864e-05,-0.0002625,22.7244,0.000764,1,-0.0029973,-0.00099858,0.0002625,341.033
0,7926017,3,phononTS,0.00598292,-0.00198602,-0.000261796,9.01633e-05,650.18,0.002292,1,-0.0019985,4.68925e-06,0.0002625,938.864
0,7926213,3,phononTF,0.000614376,-0.00299518,-0.00100136,0.0002625,1150.38,0.000614376,1,-0.00306007,-0.000938682,-0.0002625,1966.11
0,7969301,5,phononTF,0.000935769,-0.00186529,0.00214909,-0.0002625,999.476,0.000382,1,-0.00200272,0.00200418,0.0002625,1199.28
0,7994386,7,phononTS,0.000707073,-0.000641033,-0.00347879,-0.0002625,423.561,0.000382,1,-0.00200445,-0.00200113,0.0002625,2710.13
0,8001658,2,phononTS,0.000470892,-0.00320601,-0.00036815,-0.0002625,23.8056,0.000382,1,-0.00199602,-1.56715e-06,0.0002625,1540.38
0,8009320,2,phononTS,0.000795061,-0.00263117,4.92941e-05,-0.0002625,13.1051,0.000382,1,-0.00199855,4.90509e-06,0.0002625,342.616
0,8014941,5,phononTS,0.000632276,-0.00196202,0.000314169,-0.0002625,2122.04,0.000382,1,-0.00200122,-1.45323e-07,0.0002625,3767.29
0,8023325,3,phononTS,0.00267594,-0.00106006,-0.000991488,-0.0002625,13.8328,0.001146,1,-0.00100452,-0.00100049,0.0002625,1681.57
0,8027276,9,phononTS,0.000540964,-0.00299601,-0.00100355,0.000262498,1307.53,0.000540964,1,-0.00303188,-0.000955411,-0.0002625,1396.73
0,8037606,4,phononTF,0.000732719,-0.0012292,0.000761849,-0.000262498,459.464,0.000382,1,-0.00100301,0.000995493,0.0002625,565.161
0,8060300,3,phononTS,0.00191936,-0.00261412,1.71633e-05,-0.0002625,9.93971,0.000382,1,-0.00199837,-3.43394e-06,0.0002625,329.134
0,8060300,4,phononTS,0.000841491,-0.00199837,-3.43394e-06,0.000262498,329.134,0.000841491,1,-0.00202125,5.08254e-05,-0.0002625,418.698
0,8060300,2,phononTS,0.00179794,-0.00322987,3.77604e-05,0.000262498,9.93971,0.00103431,1,-0.00318477,8.01483e-05,-0.0002625,99.0288
0,8062039,9,phononTF,0.000825892,-0.00200079,4.02631e-06,0.000262498,905.918,0.000825892,1,-0.00183071,4.92019e-05,-0.0002625,1003.01
0,8064663,3,phononTF,0.000965071,-0.00230631,0.00157967,-0.0002625,83.1009,0.000382,1,-0.000996172,0.0030033,0.0002625,773.456
0,8064663,7,phononTS,0.000475209,-0.000996172,0.0030033,0.000262498,773.456,0.000475209,1,-0.000686898,0.00180645,-0.0002625,1042.09
0,8064663,2,phononTS,0.000736164,-0.00361645,0.000156042,0.000262498,83.1009,0.000536435,1,-0.00378033,0.000516701,-0.0002625,221.508
0,8073801,2,phononTS,0.00155743,-0.00262388,5.2254e-05,-0.0002625,11.0078,0.000382,1,-0.00199903,-4.21241e-07,0.0002625,337.824
0,8084597,12,phononTF,0.000420826,-0.00295016,-0.000949039,-0.0002625,253.07,0.000382,1,-0.00299703,-0.000995118,0.0002625,626.141
0,8097627,3,phononTF,0.00292882,-0.0031662,-0.000876395,-0.0002625,101.98,0.000764,1,-0.00300351,-0.00100299,0.0002625,713.141
0,8103935,2,phononTF,0.00232156,-0.000657293,0.000641856,-0.0002625,34.5551,0.000764,1,-0.00100454,0.00100284,0.0002625,2395.5
0,8114444,2,phononTS,0.000475929,-0.00261307,1.54054e-05,-0.0002625,7.95827,0.000382,1,-0.00200215,3.11573e-06,0.0002625,332.95
0,8139155,7,phononTS,0.000662794,-0.00200119,0.00199839,0.000262498,2669.71,0.000662794,1,-0.00227524,0.00170125,-0.0002625,2810.76
0,8162577,5,phononTS,0.0010426,-0.00199816,-2.32742e-06,0.000262498,785.688,0.000423613,1,-0.00197003,-2.83275e-06,-0.0002625,875.312
0,8167270,8,phononTS,0.000411459,3.84235e-06,-3.83856e-06,0.000262498,1368.88,0.000411459,1,0.000664019,9.9022e-05,-0.0002625,1543.58
0,8169980,4,phononTS,0.00208155,-0.00267267,7.71756e-05,-0.0002625,34.8854,0.000382,1,-0.00200288,1.86224e-06,0.0002625,384.348
0,8169980,6,phononTF,0.000629033,-0.00200288,1.86224e-06,0.000262498,384.348,0.000629033,1,-0.00153396,-0.000484151,-0.0002625,531.602
0,8169980,5,phononTS,0.0010442,-0.00200288,1.86224e-06,0.000262498,384.348,0.0010442,1,-0.0019995,5.75557e-05,-0.0002625,475.198
0,8169980,3,phononTF,0.000428052,-0.00334245,0.000152489,0.000262498,34.8854,0.000428052,1,-0.00326173,7.6103e-05,-0.0002625,126.745
0,8197452,3,phononTS,0.000412683,-0.00200167,0.00199629,-0.0002625,1484.98,0.000382,1,-0.0019993,0.00199969,0.0002625,1944.91
0,8205527,2,phononTS,0.00170438,-0.00303993,-0.000743789,-0.0002625,27.6214,0.000764,1,-0.00299571,-0.000998542,0.0002625,499.358
0,8208475,6,phononTS,0.0003823,-0.00188765,-0.000825428,-0.0002625,158.862,0.000382,1,-0.00100275,-0.000995752,0.0002625,763.587
0,8208475,4,phononTF,0.000521974,-0.00323995,5.64801e-05,0.000262498,6.79869,0.000521974,1,-0.00302253,0.000263496,-0.0002625,110.278
0,8208475,3,phononTS,0.00113448,-0.00323995,5.64801e-05,0.000262498,6.79869,0.00103507,1,-0.00325622,-7.90106e-06,-0.0002625,104.925
0,8232917,6,phononTS,0.000555316,-0.00199982,0.00200408,0.0002625,2317.04,0.000555316,1,-0.00183614,0.00306437,-0.0002625,2795.88
0,8247670,9,phononL,0.000681795,-0.000329028,0.00131691,-0.000262498,1390.28,0.000382,1,2.18318e-06,0.00200419,0.0002625,1491.71
0,8261149,6,phononTF,0.000496292,-0.00228592,4.68906e-05,-0.000262498,371.431,0.000382,1,-0.00200323,2.05954e-06,0.0002625,479.882
0,8269296,2,phononTF,0.00145676,0.005,-0.00101636,0.000104806,321.413,0.000764,1,-0.00100404,-0.000998642,0.0002625,4646.73
0,8284534,8,phononTS,0.000514973,-0.0010017,0.00299755,0.000262498,2462.69,0.000514973,1,-0.000957371,0.00291401,-0.0002625,2559.52
0,8284535,1,phononTF,0.01,-0.00269691,-0.000328036,-0.000230173,0,0.00719779,1,-0.0027228,-0.000311043,-0.0002625,235.367
0,8285204,5,phononTS,0.000976656,-0.00199516,0.0019972,0.000262499,1036.61,0.000976656,1,-0.00207326,0.00206591,-0.0002625,1139.23
0,8285204,2,phononTS,0.0071546,-0.00283453,0.000790803,-0.000116302,504.105,0.00577891,1,-0.00291027,0.00078506,-0.0002625,648.871
0,8290059,7,phononTS,0.000709452,-0.00295105,-0.000863992,-0.0002625,283.777,0.000382,1,-0.00299937,-0.000996604,0.0002625,789.113
0,8290564,5,phononTF,0.000860749,-0.00197487,4.13397e-05,-0.000262498,1042.09,0.000382,1,-0.00199891,-1.49542e-06,0.0002625,1132.47
0,8309715,9,phononTF,0.000461147,-0.00326521,-0.000746364,-0.0002625,539.98,0.000382,1,-0.00300479,-0.00100293,0.0002625,868.888
0,8360739,3,phononTS,0.000776593,-0.00299791,-0.00100062,0.0002625,480.406,0.000614921,1,-0.00343286,0.00024432,-0.0002625,979.483
0,8364307,3,phononTS,0.000509104,-0.00100082,0.000999496,0.0002625,126.969,0.000509104,1,-0.00467345,-0.00117939,-0.0002625,1427.5
0,8378582,3,phononTF,0.00299491,-0.00270238,-0.000389482,-0.0002625,7.36883,0.001146,1,-0.00200256,2.4347e-06,0.0002625,1229.33
0,8378582,4,phononTS,0.000915956,-0.00200256,2.4347e-06,0.000262498,1229.33,0.000260722,1,-0.00240932,-0.000564366,-0.0002625,1414.62
0,8383894,6,phononL,0.00051108,-0.00213915,5.5319e-05,-0.0002625,562.514,0.000382,1,-0.00200076,1.88968e-06,0.0002625,753.279
0,8405530,4,phononTF,0.000944129,-0.0013084,0.00131216,-0.0002625,343.281,0.000382,1,-0.00100469,0.00100142,0.0002625,2164.58
0,8406501,6,phononTS,0.000659611,-0.00260422,-2.61968e-05,-0.0002625,112.783,0.000382,1,-0.0019963,5.66274e-07,0.0002625,1044.95
0,8418787,4,phononTS,0.000760197,-0.000797265,-1.24523e-05,-0.0002625,860.659,0.000382,1,2.64843e-06,-1.49877e-06,0.0002625,1814.62
0,8422211,3,phononTS,0.000626832,-0.00170208,-0.00121092,-0.0002625,259.45,0.000382,1,-0.00199722,-9.46546e-07,0.0002625,3311.29
0,8424123,5,phononTS,0.00243059,-0.00299725,-0.00100398,0.000262499,2865.4,0.00117734,1,-0.00294775,-0.000982266,-0.0002625,2955.08
0,8431262,1,phononTS,0.01,-0.00299606,-0.000994691,0.000154352,0,0.002292,1,-0.00299861,-0.000996962,0.0002625,1971.39
0,8431262,7,phononTF,0.00110493,-0.00299861,-0.000996962,0.000262498,1971.39,0.000874273,1,-0.00266616,-0.0013438,-0.0002625,2093.12
0,8431262,6,phononTF,0.00104326,-0.00299861,-0.000996962,0.000262498,1971.39,0.00104326,1,-0.00382141,-0.00180162,-0.0002625,2187.86
0,8463158,4,phononTS,0.000879963,-0.00343671,-0.000535308,-0.000262498,801.31,0.000382,1,-0.00299896,-0.00100196,0.0002625,977.914
0,8472417,7,phononTF,0.000622231,0.0024866,-0.00246683,-0.000262498,2290.21,0.000382,1,0.00200321,-0.00200032,0.0002625,2436.97
0,8476294,8,phononTF,0.000550893,-0.0012172,0.00130772,-0.000262498,1974.13,0.000382,1,-0.000996869,0.000998639,0.0002625,2088.17
0,8477648,2,phononTS,0.000956277,-0.00287524,-0.000996206,-0.0002625,553.576,0.000382,1,-0.00299569,-0.0010015,0.0002625,1339.84
0,8482763,6,phononTF,0.000907205,-0.00100392,0.00300385,0.000262498,1468.95,0.000346561,1,-0.00072408,0.00330257,-0.0002625,1583.73
0,8545337,4,phononTF,0.00093678,-0.00395146,-0.005,7.49753e-05,991.572,0.000676178,1,-0.00243571,-0.00349589,-0.0002625,2288.3
0,8546684,4,phononTF,0.000462507,-0.0014547,0.000649952,-0.0002625,3652.84,0.000382,1,-0.000998878,0.00100376,0.0002625,5149.09
0,8554858,7,phononTS,0.000754335,-0.00208507,-0.00122448,-0.000262498,975.615,0.000382,1,-0.00199983,-0.00200437,0.0002625,1161.75
0,8573879,7,phononTS,0.000399495,-2.75738e-05,-2.36787e-05,-0.000262498,2119.07,0.000382,1,-5.72143e-07,9.21666e-08,0.0002625,2208.71
0,8573879,2,phononTS,0.000878096,-0.00297547,0.0005756,0.000262498,376.682,0.000878096,1,-0.00277782,0.000533626,-0.0002625,484.465
0,8581641,3,phononTS,0.00179546,-0.00295744,-0.000581434,-0.0002625,225.186,0.000764,1,-0.00300466,-0.00100016,0.0002625,494.239
0,8607471,2,phononL,0.000822169,0.000376701,0.000938087,-0.0002625,474.992,0.000382,1,0.000995566,0.000995679,0.0002625,1085.69
0,8641384,4,phononTS,0.000738586,-0.00301887,-0.000959867,-0.0002625,62.8302,0.000382,1,-0.0029992,-0.00100298,0.0002625,1061.28
0,8641384,3,phononTS,0.00173464,-0.00312074,1.70425e-05,0.000262498,62.8302,0.000598574,1,-0.000408679,-0.00133361,-0.0002625,675.715
0,8668440,9,phononTF,0.000796511,-0.000735871,-0.00127812,-0.0002625,731,0.000382,1,1.23629e-07,-0.00200453,0.0002625,1326.56
0,8678583,2,phononTS,0.000930745,-0.0020486,0.00151671,-0.0002625,104.788,0.000382,1,-0.000996545,0.00300013,0.0002625,851.107
0,8713530,7,phononTS,0.000536143,0.00199577,-0.00200471,0.000262498,1108.38,0.000536143,1,0.00266914,-0.00198436,-0.0002625,1278.98
0,8728745,2,phononTS,0.000723599,-0.00264655,4.35567e-05,-0.0002625,32.6008,0.000382,1,-0.00199742,-3.79594e-06,0.0002625,373.413
0,8733171,8,phononTF,0.000857104,-0.00200277,1.2283e-06,0.000262498,349.572,0.000857104,1,-0.00206841,-7.53731e-05,-0.0002625,441.238
0,8763313,3,phononTS,0.000713699,0.000407928,0.00038933,-0.0002625,11.0908,0.000382,1,0.00199792,0.00200339,0.0002625,3053.07
0,8763313,2,phononTS,0.00227575,-0.00321795,5.35019e-05,0.000262498,11.0908,0.00216481,1,-0.00307379,0.000751263,-0.0002625,193.558
0,8778475,7,phononTS,0.000495455,-0.00201359,-0.000902894,-0.000262498,855.281,0.000382,1,-0.00200289,-1.31657e-08,0.0002625,1062.67
0,8789619,8,phononTS,0.000709485,-0.00302633,-0.000963229,-0.000262498,653.933,0.000382,1,-0.00299908,-0.000995748,0.0002625,743.485
0,8789619,6,phononTS,0.000673537,-0.00375327,-0.000219239,0.000262498,453.785,0.000673537,1,0.00233685,0.00407478,-0.0002625,1819.57
0,8793425,5,phononL,0.000905347,-0.00200113,5.40397e-07,0.000262498,1353.36,0.000195115,1,-0.00148808,-0.000808861,-0.0002625,1475.54
0,8799403,9,phononTS,0.000494507,-0.00441841,0.000458185,-0.000262498,912.747,0.000382,1,-0.00200452,2.85538e-07,0.0002625,1440.58
0,8808844,5,phononTF,0.000451897,-0.00100208,0.00300325,0.0002625,1453.35,0.000451897,1,-0.000808931,0.00281372,-0.0002625,1655.57
0,8833008,6,phononTS,0.000446274,0.00199854,-0.00199611,0.0002625,724.46,0.000446274,1,0.00276548,-0.00232318,-0.0002625,1544.22
0,8850093,3,phononTS,0.00119966,-0.00305371,-0.000476925,-0.0002625,66.1991,0.000382,1,-0.00300136,-0.0010029,0.0002625,364.516
0,8855160,9,phononTF,0.000766588,-0.00187383,-0.00182325,-0.0002625,1024.07,0.000382,1,-0.00200398,-0.00199525,0.0002625,1558.11
0,8855161,1,phononTF,0.01,-0.00330194,8.5716e-05,-0.000261137,0,0.00591742,1,-0.00328704,8.78029e-05,-0.0002625,129.541
0,8878589,6,phononL,0.000580971,-4.89536e-06,0.00200076,0.000262498,10635.4,0.000580971,1,0.000702602,0.00194484,-0.0002625,10729.9
0,8907360,6,phononL,0.0004388,-0.00199718,-0.00200342,0.000262498,1639.84,0.0004388,1,-0.00244123,-0.002159,-0.0002625,1716.62
0,8907360,2,phononTF,0.00219707,-0.00361669,0.000122828,0.000262498,267.234,0.000884806,1,-0.00403369,0.000547231,-0.0002625,403.598
0,8908006,3,phononTF,0.000393824,-0.0022411,0.000253853,-0.0002625,72.4106,0.000382,1,-0.00199784,-3.48479e-08,0.0002625,575.359
0,8920779,6,phononTF,0.000562948,-0.00200014,0.00200383,0.000262498,3044.35,0.000562948,1,-0.0017264,0.0010164,-0.0002625,3262.55
0,8920779,3,phononTS,0.0028217,-0.00314913,0.000116207,0.000262498,26.0616,0.0028217,1,-0.005,-0.00157622,-0.000204904,513.276
0,8920779,2,phononTF,0.00126023,-0.00314913,0.000116207,0.000262498,26.0616,0.00126023,1,-0.00297908,9.78931e-05,-0.0002625,123.052
0,8926393,4,phononTF,0.00166317,-0.00115097,0.00285594,-0.0002625,906.649,0.000382,1,-0.000998915,0.00300059,0.0002625,1944.68
0,8938443,3,phononTS,0.00148675,-0.00299853,-0.00100105,0.0002625,510.887,0.00126,1,-0.00293297,-0.000595927,-0.0002625,785.643
0,8953746,4,phononTS,0.000754573,-0.00144752,-0.005,0.000104396,297.439,0.000382,1,0.0020032,-0.0020025,0.0002625,2474.17
0,8953746,2,phononTF,0.00077801,-0.00168255,0.005,1.6095e-06,181.3,0.000511323,1,-0.00173369,0.00479893,-0.0002625,1116.98
0,8953747,1,phononTF,0.01,-0.00296909,0.000134218,-9.60714e-05,0,0.00473697,1,-0.0029253,0.000176387,-0.0002625,274.112
0,8982314,12,phononTS,0.000591478,-0.00299568,-0.00100391,0.000262498,737.039,0.000591478,1,-0.0022241,-0.00132868,-0.0002625,942.462
0,8982314,2,phononTF,0.000972956,-0.00322008,6.22852e-05,0.000262498,15.1567,0.000525088,1,-0.00345958,0.000313641,-0.0002625,122.839
0,9028583,2,phononL,0.0026374,-0.00313571,-0.000511537,-0.0002625,18.8344,0.000382,1,-0.00299722,-0.000996675,0.0002625,176.734
0,9068727,7,phononTF,0.000721774,-0.00276272,-0.000757548,-0.0002625,234.605,0.000382,1,-0.00299519,-0.000999379,0.0002625,554.45
0,9069894,4,phononL,0.00252905,-0.000252115,-0.00187698,-0.0002625,76.6775,0.000382,1,-4.53098e-07,-0.00199973,0.0002625,1016.63
0,9069894,6,phononTS,0.000634833,-4.53098e-07,-0.00199973,0.000262498,1016.63,0.000634833,1,-7.61613e-06,-0.00197195,-0.0002625,1106.26
0,9072520,8,phononTS,0.00041325,-0.00136245,0.00246334,-0.0002625,338.8,0.000382,1,-0.00099986,0.00300314,0.0002625,1227.08
0,9075259,5,phononTS,0.00043262,-0.00297287,-0.000950583,-0.000262498,376.415,0.000382,1,-0.0030034,-0.00100289,0.0002625,465.716
0,9080598,6,phononTF,0.000813629,-0.00200072,3.46012e-06,0.000262498,837.582,0.000813629,1,-0.00181941,-0.000284204,-0.0002625,948.198
0,9088215,2,phononTS,0.0030558,-0.00100407,0.00100268,0.0002625,331.555,0.00200988,1,-0.00091516,0.00190153,-0.0002625,1843.2
0,9098877,9,phononTF,0.00124927,-0.00275408,-0.00125553,-0.000262498,544.302,0.000382,1,-0.00300407,-0.00100057,0.0002625,652.988
0,9107927,6,phononTS,0.000539914,-0.00100088,0.00299854,0.000262498,981.792,0.000539914,1,-0.000966162,0.00298018,-0.0002625,1071.75
0,9112255,6,phononTF,0.000742193,-0.00172257,-0.000105624,-0.0002625,411.283,0.000382,1,-0.00200364,4.9953e-06,0.0002625,1151.15
0,9143300,7,phononTS,0.000612882,0.00199891,-2.59501e-06,0.000262498,1211.2,0.000612882,1,0.00197294,2.75178e-05,-0.0002625,1300.79
0,9143300,2,phononTS,0.000881322,-0.00330487,0.000239008,0.000262498,200.979,0.000881322,1,-0.0035775,-0.000841514,-0.0002625,449.283
0,9153488,5,phononTF,0.000396882,-0.000564944,-0.000484354,-0.0002625,386.6,0.000382,1,-4.5771e-06,2.36854e-06,0.0002625,1097.23
0,9168371,3,phononL,0.00185512,-0.00156477,-0.000735962,-0.0002625,10.9105,0.000382,1,-0.00100005,-0.000995411,0.0002625,364.775
0,9168371,4,phononTF,0.0013463,-0.00100005,-0.000995411,0.000262498,364.775,0.00129829,1,-0.000772518,-0.000727593,-0.0002625,474.337
0,9168371,2,phononTF,0.00152912,-0.00325895,4.23851e-05,0.000262498,10.9105,0.00131288,1,-0.0030754,8.15453e-05,-0.0002625,109.089
0,9171005,7,phononTS,0.00091756,-0.000999658,-0.000998681,0.0002625,526.878,0.00091756,1,0.000845654,-0.00184657,-0.0002625,1343.91
0,9199464,4,phononTF,0.00237515,-0.00209189,-0.00190738,-1.81188e-05,117.659,0.000764,1,-0.00199543,-0.0020025,0.0002625,631.72
0,9199464,5,phononTS,0.00125151,-0.00199543,-0.0020025,0.000262498,631.72,0.00117428,1,-0.00206616,-0.0013062,-0.0002625,806.151
0,9199464,3,phononTS,0.00104606,-0.00306986,5.23008e-05,0.000262498,117.659,0.000337284,1,-0.00305774,0.000816379,-0.0002625,303.98
0,9218942,5,phononTS,0.00208632,-0.00299512,-0.00100001,0.0002625,223.937,0.00143562,1,-0.00291496,-0.0014544,-0.0002625,657.886
0,9244081,7,phononTF,0.00101549,0.000996838,-0.000995669,0.000262498,1166.96,0.00101549,1,0.00157609,-0.0015593,-0.0002625,1332.68
0,9252726,6,phononTF,0.00112674,-3.67116e-06,-2.24245e-06,0.000262498,2396.87,0.000464043,1,-0.000740257,0.000748432,-0.0002625,2598.05
0,9262954,4,phononL,0.00209521,-0.00254266,0.000103513,-0.0002625,67.8303,0.000382,1,-0.00199977,4.74557e-06,0.0002625,232.033
0,9286645,3,phononL,0.00216094,-0.00311906,-0.00047004,-0.0002625,7.12719,0.000382,1,-0.00300121,-0.000999152,0.0002625,170.085
0,9300767,4,phononTS,0.00195461,-0.00362422,0.00021388,-0.0002625,9.63036,0.000764,1,-0.00299956,-0.000999881,0.0002625,436.204
0,9300767,5,phononL,0.000772427,-0.00299956,-0.000999881,0.000262498,436.204,0.000772427,1,-0.00293957,-0.00155188,-0.0002625,518.431
0,9326933,2,phononL,0.000811611,-0.00267195,0.000252997,-0.000262498,573.425,0.000382,1,-0.00200164,-1.27953e-06,0.0002625,669.947
0,9348881,4,phononTF,0.000683116,0.005,0.00272782,0.000232294,380.349,0.000683116,1,0.00453763,0.00318984,-0.0002625,2753.82
0,9361951,2,phononL,0.000500169,-0.00199834,4.21117e-06,0.0002625,214.817,0.000500169,1,-0.0020398,0.000826561,-0.0002625,437.517
0,9374339,3,phononTS,0.000462514,-0.00261876,2.3248e-05,-0.0002625,3.34281,0.000382,1,-0.00199899,1.49915e-06,0.0002625,323.929
0,9374339,2,phononTF,0.0018906,-0.00323854,4.49968e-05,0.000262498,3.34281,0.00171441,1,-0.00270011,-0.000774626,-0.0002625,202.337
0,9391042,4,phononTS,0.000735092,-0.00200363,0.00200126,0.0002625,1045.06,0.000735092,1,-0.00199733,0.00284456,-0.0002625,1334.65
0,9391942,2,phononTS,0.00222009,-0.00341468,-0.000552487,-0.0002625,810.774,0.000382,1,-0.00300088,-0.00100394,0.0002625,1370.84
0,9395357,5,phononTF,0.000928367,-0.00251643,-0.000526042,-0.000262498,241.68,0.000382,1,-0.00300489,-0.000998762,0.0002625,388.629
0,9417717,4,phononTS,0.00135839,-0.00282332,-7.84147e-05,-0.0002625,66.1094,0.000382,1,-0.0019996,3.35762e-06,0.0002625,392.472
0,9423376,4,phononTS,0.00124121,-0.00301486,0.000882016,-0.0002625,242.116,0.000382,1,-0.000998758,-0.000998832,0.0002625,956.069
0,9426691,2,phononL,0.000792022,-0.00241233,0.000537517,-0.000262498,555.3,0.000382,1,-0.0020008,-1.62956e-06,0.0002625,649.701
0,9439905,4,phononL,0.000748135,-0.00258786,-0.00156756,-0.000262498,412.988,0.000382,1,-0.00299543,-0.00100256,0.0002625,509.037
0,9457384,12,phononTS,0.000383768,-0.00103702,0.00105268,-0.000262498,3918.39,0.000382,1,-0.00100053,0.00099526,0.0002625,4017.25
0,9483896,8,phononTS,0.000818852,-0.0010256,-0.000251538,-0.0002625,885.728,0.000382,1,-5.88842e-08,-4.5685e-06,0.0002625,1600.3
0,9528994,7,phononTF,0.000394688,-0.0010036,-0.000996394,0.000262498,8300.93,0.000394688,1,-0.00129448,-0.000725862,-0.0002625,8414.48
0,9528994,3,phononTF,0.000612495,-0.00310637,0.000117529,0.000262498,34.2529,0.000612495,1,-0.00216051,0.00107792,-0.0002625,281.86
0,9528994,2,phononTS,0.00128033,-0.00310637,0.000117529,0.000262498,34.2529,0.000713622,1,-0.00316413,-0.00084379,-0.0002625,253.306
0,9540197,8,phononL,0.00052408,-0.000996964,0.000995952,0.000262498,2059.39,0.00052408,1,-0.00124302,0.0010867,-0.0002625,2125.89
0,9540198,1,phononTF,0.01,-0.00342916,-0.000155382,-0.000192717,0,0.00668791,1,-0.00341269,-0.000189038,-0.0002625,202.945
0,9542076,6,phononTS,0.0005155,0.00200943,8.0503e-06,-0.0002625,1434.11,0.000382,1,0.0020048,3.82751e-06,0.0002625,2150.08
0,9557210,3,phononTS,0.00297541,-0.00114308,0.000925345,0.000109839,87.4285,0.000764,1,-0.000999871,0.000995773,0.0002625,630.977
0,9565499,6,phononTS,0.000469952,0.000148953,-0.00288884,-0.0002625,2126.91,0.000382,1,0.00100121,-0.00300109,0.0002625,3452.7
0,9565615,7,phononTS,0.000438121,-0.00200336,3.52822e-06,0.0002625,1364.43,0.000438121,1,-0.00196773,0.000542886,-0.0002625,1624.82
0,9571116,2,phononTS,0.0052066,-0.00293154,-0.000961935,-0.00016261,243.935,0.001146,1,-0.00299599,-0.000997319,0.0002625,495.955
0,9571116,12,phononTS,0.00106263,-0.00299599,-0.000997319,0.000262499,495.955,0.00106263,1,-0.00298707,-0.00105171,-0.0002625,587.156
0,9571116,11,phononTS,0.00105843,-0.00299599,-0.000997319,0.000262499,495.955,0.000717151,1,-0.00295475,-0.000998099,-0.0002625,587.1
0,9571116,10,phononTF,0.00103603,-0.00299599,-0.000997319,0.000262499,495.955,0.000347225,1,-0.00366833,-0.00168471,-0.0002625,683.469
0,9572910,8,phononTS,0.000416262,0.005,0.000323347,0.000192171,2970.16,0.000416262,1,0.00431704,0.000434753,-0.0002625,3814.06
0,9586627,6,phononTF,0.000751321,-0.00205601,-0.00205648,-0.000262498,545.626,0.000382,1,-0.00199916,-0.00199647,0.0002625,636.605
0,9586627,2,phononTF,0.000382698,-0.00317626,5.37621e-05,0.000262498,74.0921,0.000382698,1,-0.00255886,0.000766279,-0.0002625,261.777
0,9591678,3,phononTS,0.00184683,-0.00104134,0.00296337,-0.0002625,439.973,0.000382,1,-0.000998551,0.00300118,0.0002625,1280.66
0,9593056,7,phononTS,0.000395278,-0.00303065,-0.00104532,-0.0002625,809.774,0.000382,1,-0.00299909,-0.000997362,0.0002625,1615.25
0,9603791,5,phononTF,0.000790638,0.00185132,0.00220434,-0.0002625,154.261,0.000382,1,0.00199967,0.00199973,0.0002625,2029.79
0,9603791,6,phononTF,0.000394941,0.00199967,0.00199973,0.000262498,2029.79,0.000394941,1,0.00119749,0.00278569,-0.0002625,2241.96
0,9617810,5,phononTF,0.000455776,-0.00233271,-0.000276081,-0.0002625,5687.88,0.000382,1,-0.00199916,2.3339e-06,0.0002625,6044.06
0,9634645,8,phononL,0.000506735,-0.000996448,0.000997506,0.000262498,1490.01,0.000506735,1,-0.000412367,0.00106985,-0.0002625,1574.74
0,9669708,6,phononTS,0.00050663,-0.00225832,4.52226e-05,-0.0002625,155.325,0.000382,1,-0.00200333,2.51238e-06,0.0002625,726.022
0,9676165,2,phononTS,0.00399483,-0.00139957,0.000450638,-0.0002625,63.2725,0.000382,1,-0.00100301,0.000995359,0.0002625,1184.82
0,9685640,2,phononTS,0.000714434,0.00104614,-0.00304793,-0.0002625,231.322,0.000382,1,0.000996381,-0.00300342,0.0002625,1766.83
0,9685641,1,phononTS,0.01,-0.00304157,-0.000256272,-0.000184328,0,0.00842452,1,-0.00295359,-0.000264128,-0.0002625,441.155
0,9689839,5,phononTF,0.000583934,-0.000103352,-0.00188074,-0.0002625,511.514,0.000382,1,0.000997933,-0.00299689,0.0002625,1910.15
0,9697112,3,phononTS,0.00285645,-0.00303278,-0.000758004,-0.0002625,60.6998,0.001146,1,-0.00299767,-0.00100052,0.0002625,511.863
0,9706856,4,phononTS,0.00215715,-0.00263944,-3.26135e-06,-0.0002625,244.822,0.000764,1,-0.00200383,-3.01333e-06,0.0002625,575.011
0,9706856,6,phononTS,0.000447679,-0.00200383,-3.01333e-06,0.000262498,575.011,0.000447679,1,-0.00033813,0.00274263,-0.0002625,1188.93
0,9755715,5,phononTF,0.00046203,-0.00200303,0.00200274,0.0002625,755.209,0.00046203,1,-0.0015538,0.00155276,-0.0002625,987.287
0,9755715,3,phononTF,0.000461285,-0.00317786,-0.000231899,0.000262498,144.162,0.000461285,1,-0.00434016,0.000740609,-0.0002625,422.829
0,9755715,2,phononTS,0.000552663,-0.00317786,-0.000231899,0.000262498,144.162,0.000552663,1,-0.00259088,-0.000345236,-0.0002625,308.913
0,9772544,5,phononTS,0.00105815,-0.00100106,-0.000999393,0.000262498,839.624,0.00056009,1,-0.000910824,-0.00103528,-0.0002625,937.294
0,9775221,2,phononTS,0.000408325,-0.0037963,0.000557192,-0.000262498,380.047,0.000382,1,-0.00299959,-0.000997738,0.0002625,739.675
0,9791204,5,phononL,0.000522965,-0.00253143,-0.00056317,-0.000262498,603.461,0.000382,1,-0.00299712,-0.000996116,0.0002625,694.117
0,9791596,10,phononTS,0.000478574,-0.00258608,0.000977796,-0.000262498,578.163,0.000382,1,-0.00199752,0.00199803,0.0002625,841.257
0,9800651,4,phononL,0.000569735,-0.00230516,-0.000229665,-0.000262498,421.012,0.000382,1,-0.00199798,6.87369e-07,0.0002625,492.921
0,9807506,3,phononTS,0.000620865,-0.00237963,-4.12663e-05,-0.0002625,18.0985,0.000382,1,-0.00200344,3.49305e-06,0.0002625,505.492
0,9814443,6,phononTS,0.000526829,-0.005,-0.000219313,4.25653e-05,820.433,0.000526829,1,-0.00156523,-0.00320688,-0.0002625,4772.4
0,9814444,1,phononTF,0.01,-0.00309836,0.000250954,-0.000192654,0,0.00560602,1,-0.00305875,0.000291403,-0.0002625,153.965
0,9814752,2,phononTF,0.00303236,0.000740541,-0.00314378,5.52436e-05,458.343,0.000382,1,0.00100434,-0.00100213,0.0002625,2402.27
0,9814752,5,phononTF,0.000844579,0.00100434,-0.00100213,0.000262498,2402.27,0.000494711,1,0.00143171,-0.000751081,-0.0002625,2532.63
0,9824797,3,phononTF,0.00116783,0.00163425,0.00235437,-0.0002625,92.6229,0.000382,1,0.00199996,0.00199616,0.0002625,1543.82
0,9830442,6,phononTF,0.000838044,-0.00316483,-0.00115173,-0.000262498,212.117,0.000382,1,-0.00300327,-0.000996484,0.0002625,309.817
0,9830442,2,phononTS,0.00108808,-0.00320636,7.0516e-05,0.000262498,15.6415,0.00100974,1,-0.00191069,-0.00230183,-0.0002625,541.365
0,9842170,5,phononTS,0.000825421,-0.00300741,-0.00102497,-0.000262498,863.945,0.000382,1,-0.00300057,-0.00100192,0.0002625,953.656
0,9852327,10,phononTS,0.000507503,-0.00199656,0.00200219,0.000262498,1081.21,0.000507503,1,-0.00229542,0.00205593,-0.0002625,1204.77
0,9854328,4,phononTS,0.00172815,-0.00200423,-4.77973e-06,0.000262498,380.802,0.000547163,1,-0.00199639,-1.19506e-05,-0.0002625,472.28
0,9855765,5,phononL,0.00105104,-0.00282166,-7.12621e-05,-0.000262498,1138.29,0.000382,1,-0.00199637,9.02022e-08,0.0002625,1243.37
0,9855765,7,phononTF,0.000660172,-0.00199637,9.02022e-08,0.000262498,1243.37,0.000660172,1,-0.00247648,0.000597164,-0.0002625,1406.43
0,9867887,3,phononTF,0.000959925,-0.00202431,-2.43214e-05,-0.000262498,711.425,0.000382,1,-0.00199922,-1.50897e-07,0.0002625,801.508
0,9878406,6,phononL,0.000399308,-0.00214464,0.0017739,-0.0002625,2122.21,0.000382,1,-0.00200473,0.00199683,0.0002625,2358.83
0,9878407,1,phononTF,0.01,-0.00335657,0.000567508,-0.000245599,0,0.00357352,1,-0.00333773,0.000586644,-0.0002625,240.198
0,9926002,5,phononTF,0.00057582,-0.00200223,1.63906e-06,0.0002625,217.064,5.00544e-05,1,-0.00194843,4.32291e-05,-0.0002625,398.531
0,9940435,7,phononTS,0.000396119,-0.000998114,-0.0010038,0.000262498,809.379,0.000396119,1,-0.000987014,-0.00104119,-0.0002625,902.791
0,9940435,3,phononTF,0.000507323,-0.00322713,0.000200118,0.000262498,57.4421,0.000507323,1,-0.00345594,0.000429781,-0.0002625,163.075
0,9941857,4,phononTS,0.00111423,-0.00318613,-0.00104787,-0.0002625,1214.02,0.000382,1,-0.00300259,-0.00100254,0.0002625,1426.43
0,9950398,5,phononTF,0.000565289,-0.00112591,-0.00111358,-0.0002625,636.721,0.000382,1,-0.00100385,-0.00099712,0.0002625,1675.03
0,9950398,3,phononTS,0.00100834,-0.00298364,0.000375926,0.000262498,136.587,0.000750012,1,-0.0037826,0.000568498,-0.0002625,331.878
0,9950902,3,phononTF,0.000797122,0.00120295,-0.00264509,-0.0002625,567.12,0.000382,1,0.00200358,-0.0020021,0.0002625,1840.61
0,9955294,7,phononL,0.000481355,-0.00323823,-0.000540309,-0.000262498,364.684,0.000382,1,-0.00300444,-0.00100412,0.0002625,445.134
0,9959117,6,phononTS,0.000979693,-0.00299982,-0.00099567,0.000262498,845.684,0.000979693,1,-0.00299221,-0.000939952,-0.0002625,935.939
0,9983593,5,phononL,0.00038496,-0.00223129,-0.00144217,-0.000262498,1054.04,0.000382,1,-0.00199757,-0.00199667,0.0002625,1140.73
