Run ID,Event ID,Track ID,Particle Name,Start Energy [eV],Start X [m],Start Y [m],Start Z [m],Start Time [ns],Energy Deposited [eV],Track Weight,End X [m],End Y [m],End Z [m],Final Time [ns]
0,4061,14,phononTF,0.00118793,0.00199777,1.73745e-06,0.000262498,454.995,0.000188592,1,0.00141432,0.000501647,-0.0002625,731.203
0,8633,14,phononTF,0.00050257,-5.12127e-07,-0.00200153,0.000262498,1519.41,0.00050257,1,-0.000306576,-0.00175294,-0.0002625,1714.38
0,9098,8,phononTF,0.000826134,0.00280833,-0.00117699,-0.000262498,279.765,0.000382,1,0.00200359,-0.0020002,0.0002625,657.684
0,17902,6,phononL,0.00165653,0.0020045,-4.35067e-06,0.0002625,34.3786,0.00139058,1,0.00174299,0.000249606,-0.0002625,596.192
0,19024,11,phononTF,0.000606613,0.00199975,-0.0020031,0.000262498,1164.77,0.000513855,1,0.00183587,-0.00216646,-0.0002625,1337.65
0,20433,4,phononTF,0.000756569,0.00238765,-0.000336858,-0.0002625,3.97774,0.000382,1,0.0020009,1.73408e-06,0.0002625,459.783
0,27967,16,phononL,0.000445838,0.00312107,0.000850435,-0.0002625,6812.14,0.000382,1,0.00299575,0.00100103,0.0002625,7264.83
0,32664,10,phononTS,0.000500572,0.00200085,3.52171e-07,0.0002625,582.558,0.000500572,1,0.00208982,3.73148e-05,-0.0002625,1435.36
0,33193,6,phononTS,0.00134593,0.00195658,-0.00102156,-0.0002625,952.183,0.000382,1,0.00100124,-0.000999532,0.0002625,1750.76
0,33193,7,phononTF,0.00068248,0.00100124,-0.000999532,0.000262498,1750.76,0.000381067,1,0.0017313,-0.00172249,-0.0002625,2098.76
0,46842,20,phononTS,0.000750589,0.00255866,0.000662422,-0.000262498,547.154,0.000382,1,-0.000997951,-0.000999767,0.0002625,1919.55
0,54910,10,phononTF,0.000605228,0.00238655,-0.000344946,-0.0002625,120.11,0.000382,1,0.00199634,-6.32844e-07,0.0002625,562.293
0,54910,9,phononTS,0.000578304,0.00277676,-0.000689258,0.000262498,120.11,0.000578304,1,0.00272452,-0.000781231,-0.0002625,299.326
0,60485,14,phononTS,0.00043117,0.00198315,5.4907e-05,-0.000262498,612.504,0.000382,1,0.00199603,-3.68581e-06,0.0002625,769.228
0,65893,6,phononTS,0.000403229,0.00200022,1.69298e-06,0.000262498,474.098,0.000403229,1,0.00192345,2.54047e-05,-0.0002625,629.236
0,74550,4,phononTS,0.00471856,0.00196222,-7.60388e-05,0.000222271,352.814,0.001528,1,0.0020008,2.64616e-06,0.0002625,727.419
0,89463,6,phononTS,0.000533052,0.00200117,2.8583e-07,0.000262498,736.655,0.000533052,1,0.00307593,4.5738e-06,-0.0002625,1173.02
0,89463,4,phononTF,0.00145393,0.00281294,-0.000704899,0.000262498,125.602,0.00145393,1,0.00228623,-9.51871e-05,-0.0002625,411.193
0,89463,3,phononTS,0.00151641,0.00281294,-0.000704899,0.000262498,125.602,0.000603337,1,0.00306308,-0.000795459,-0.0002625,352.658
0,90154,2,phononTS,0.00177621,0.0013865,-0.0003349,-0.0002625,2.28615,0.000382,1,-5.36626e-08,3.93734e-06,0.0002625,1122.8
0,90154,18,phononTS,0.000684541,-5.36626e-08,3.93734e-06,0.000262498,1122.8,0.000684541,1,2.61903e-05,-6.5057e-06,-0.0002625,1296
0,91868,4,phononTS,0.00154957,0.0023865,-0.000331581,-0.0002625,9.10952,0.000764,1,0.0019973,-1.39773e-06,0.0002625,604.375
0,93040,12,phononTS,0.000761946,0.00200107,-4.56249e-06,0.000262498,473.102,0.000761946,1,0.00199776,8.73336e-05,-0.0002625,651.276
0,93040,4,phononTS,0.000647719,0.00266689,-0.00055107,0.000262498,67.4578,0.000647719,1,0.00265224,-0.000791537,-0.0002625,279.386
0,101408,9,phononTF,0.000621613,0.00241483,-0.0013323,-0.0002625,246.002,0.000382,1,0.00200033,-0.0019957,0.0002625,858.301
0,101408,8,phononTS,0.000422448,0.00282932,-0.000668901,0.000262498,246.002,0.000422448,1,0.00279352,-0.000663429,-0.0002625,410.252
0,107898,16,phononTS,0.000444945,-0.00130787,-0.005,0.000100484,1087.94,0.000444945,1,-0.00130073,-0.00452648,-0.0002625,2567.38
0,112062,2,phononTF,0.000995906,0.00138172,0.000657763,-0.0002625,3.44744,0.000382,1,-8.56043e-07,0.00199901,0.0002625,1197.85
0,112063,5,phononTF,0.00257184,0.00254499,-0.000633154,-5.31048e-05,614.563,0.00218087,1,0.00433112,0.00383259,-0.0002625,2048.59
0,123012,4,phononTF,0.0036673,0.00237276,-0.000300635,-0.0002625,43.1633,0.000764,1,0.00200092,3.6053e-06,0.0002625,504.895
0,130188,13,phononTS,0.0011421,0.00200159,-0.00200195,0.0002625,1121.6,0.0011421,1,0.00206898,-0.00198011,-0.0002625,1621.99
0,130188,11,phononTS,0.00251551,0.00195707,-0.00193138,-0.000212283,971.479,0.00113444,1,0.00196697,-0.00198576,-0.0002625,998.825
0,147642,10,phononTS,0.00125607,0.00258363,-2.87962e-05,-0.000262498,1027.41,0.000764,1,0.00200245,-3.64849e-06,0.0002625,1326.27
0,155795,7,phononTF,0.00050773,-9.22899e-07,0.00200245,0.0002625,1277.68,0.00050773,1,-0.00025761,0.00203099,-0.0002625,1654.67
0,157606,17,phononTS,0.000484515,0.00270566,-0.000720424,-0.0002625,478.707,0.000382,1,0.00199618,-7.82851e-07,0.0002625,1080.85
0,161861,8,phononTF,0.000894326,0.00239154,-0.000338983,-0.0002625,9.93696,0.000382,1,0.00199507,-5.525e-09,0.0002625,450.834
0,180356,11,phononTF,0.000502118,0.0019972,1.32021e-06,0.000262498,1070.02,0.000502118,1,0.00176957,-0.000189756,-0.0002625,1249.75
0,197519,4,phononTS,0.000722382,0.00268802,-0.00201007,-0.000262498,756.789,0.000382,1,0.00300168,0.00100042,0.0002625,1993.55
0,198064,11,phononTS,0.000383933,0.00199969,-0.00200224,0.000262498,1819.91,0.000383933,1,0.00193305,-0.00196335,-0.0002625,1993.52
0,198064,4,phononTS,0.0012918,0.00280318,-0.000653464,0.000262498,27.6084,0.00106994,1,0.00273445,-0.000655564,-0.0002625,191.023
0,209318,20,phononTS,0.000731918,-0.00099639,0.0029974,0.0002625,1291.57,0.000731918,1,-0.00299072,0.000986885,-0.0002625,6112.8
0,212557,8,phononTS,0.000475199,0.00288662,0.000161699,-0.0002625,1.73793,0.000382,1,0.00300194,0.000998097,0.0002625,718.375
0,216106,17,phononTS,0.000417613,0.00100257,-0.000999263,0.000262498,1336.96,0.000417613,1,0.0010417,-0.000966811,-0.0002625,1493.32
0,216106,15,phononTS,0.000883591,0.002176,-0.00122243,0.000262498,717.301,0.000664989,1,0.00230624,-0.000305764,-0.0002625,1118.95
0,219981,13,phononTS,0.000581416,0.00199717,-1.31921e-06,0.0002625,366.124,0.000581416,1,0.00205926,0.000580727,-0.0002625,949.817
0,220619,11,phononTS,0.000479791,0.00099745,-0.00300021,0.000262498,980.675,0.000479791,1,0.00103537,-0.00316443,-0.0002625,1172.2
0,220619,8,phononTS,0.000387297,0.00277449,-0.00065394,0.000262498,11.4026,0.000387297,1,0.0018414,-0.0002196,-0.0002625,458.557
0,220619,7,phononTS,0.000654848,0.00277449,-0.00065394,0.000262498,11.4026,0.000654848,1,0.00292007,-0.000658057,-0.0002625,199.51
0,227709,4,phononTF,0.00158264,0.00238822,-0.000337578,-0.0002625,19.5902,0.000382,1,0.00199951,2.40881e-06,0.0002625,458.133
0,227709,13,phononTS,0.000874374,0.00199951,2.40881e-06,0.000262498,458.133,0.000874374,1,0.000765295,-0.000834048,-0.0002625,1053.99
0,236562,6,phononTF,0.000607882,0.00237474,-0.000331269,-0.0002625,19.0857,0.000382,1,0.00200236,2.92391e-06,0.0002625,451.509
0,236562,5,phononTS,0.000497596,0.00274712,-0.00066546,0.000262498,19.0857,0.000497596,1,0.00205484,-0.00101952,-0.0002625,391.364
0,240511,4,phononTF,0.00108939,0.00241347,-0.000360966,-0.0002625,34.9555,0.000382,1,0.00200317,-3.09091e-06,0.0002625,485.212
0,242104,16,phononTF,0.000550171,0.00300343,0.000995006,0.000262498,9326.04,0.000550171,1,0.00275973,0.000698202,-0.0002625,9519.35
0,256113,13,phononTS,0.00103091,0.0019231,-0.000257619,-0.000262498,465.97,0.000382,1,0.00199881,-3.44062e-06,0.0002625,675.633
0,279888,18,phononTS,0.00056692,0.000978146,-0.00124024,-0.000262498,1034.07,0.000382,1,-6.66654e-07,-2.3476e-06,0.0002625,1605.18
0,310260,3,phononL,0.00164818,0.00288289,0.000414374,-0.0002625,14.266,0.001146,1,0.00300481,0.000996128,0.0002625,566.048
0,310260,2,phononTF,0.000622584,0.00277155,-0.000666269,0.000262498,14.266,0.000622584,1,0.00293035,-0.000530204,-0.0002625,182.884
0,315326,12,phononTF,0.00042594,-0.00259243,-0.000617805,-0.0002625,2468.84,0.000382,1,-0.00300057,-0.00100239,0.0002625,2927.49
0,317481,11,phononTF,0.000597247,0.00187977,-0.000151493,-0.0002625,96.3999,0.000382,1,0.00200129,3.83926e-06,0.0002625,593.16
0,317481,10,phononTF,0.000943477,0.00193894,-0.005,-0.000213817,96.3999,0.000943477,1,0.0019854,-0.00490727,-0.0002625,1491.24
0,317481,9,phononTS,0.000416696,0.00259616,-0.000793902,0.000262498,96.3999,0.000416696,1,0.00119907,-0.00180194,-0.0002625,722.789
0,317481,8,phononTS,0.000910315,0.00259616,-0.000793902,0.000262498,96.3999,0.000910315,1,0.00255298,-0.000165348,-0.0002625,395.41
0,327401,8,phononTS,0.00199999,0.00296725,0.000603247,-0.0002625,136.737,0.000382,1,0.00300278,0.000999722,0.0002625,1149.15
0,334587,22,phononTS,0.00202435,0.00281906,-0.000141322,-0.0002625,623.435,0.000382,1,0.00199992,1.16824e-06,0.0002625,1326.73
0,334587,24,phononTS,0.000619467,0.00199992,1.16824e-06,0.000262498,1326.73,0.000619467,1,0.00207483,-8.37107e-05,-0.0002625,1481.26
0,334587,23,phononTS,0.000979095,0.00199992,1.16824e-06,0.000262498,1326.73,0.000979095,1,0.00216015,-0.00059966,-0.0002625,1646.43
0,334587,3,phononTF,0.000690781,0.00281231,-0.000645553,0.000262498,93.401,0.000690781,1,0.00301064,-0.000475175,-0.0002625,272.279
0,334587,2,phononTS,0.000830811,0.00281231,-0.000645553,0.000262498,93.401,0.000592973,1,0.00184221,-0.00120463,-0.0002625,536.824
0,334588,3,phononTF,0.00341681,-0.000498136,0.00209508,-0.000223689,397.646,0.00149762,1,-0.000344593,0.00224969,-0.0002625,2373.52
0,341069,18,phononTS,0.000657948,0.00200193,3.18782e-07,0.000262498,1050.11,0.000657948,1,0.00275972,-4.21373e-05,-0.0002625,1391.48
0,354019,5,phononTS,0.00332792,0.00237795,-0.000804625,-0.0002625,841.632,0.001146,1,0.000997527,-0.000998235,0.0002625,1888.78
0,354019,7,phononTF,0.000794994,0.000997527,-0.000998235,0.000262498,1888.78,0.00010187,1,0.0012723,-0.000692141,-0.0002625,2088.9
0,370965,9,phononTF,0.000613263,0.00199556,-0.00200406,0.000262498,1943.04,0.000613263,1,0.00183854,-0.00177151,-0.0002625,2128.1
0,370965,5,phononTF,0.0020446,0.0027392,-0.00067806,0.000262498,80.4316,0.000959293,1,0.00232059,-0.00109828,-0.0002625,317.065
0,372048,4,phononTF,0.000453111,0.00285262,-0.000804394,-0.0002625,100.308,0.000382,1,0.00199868,-2.74474e-06,0.0002625,654.475
0,372048,3,phononTF,0.00232668,0.00270981,-0.000632826,0.000262498,100.308,0.0013564,1,0.00306813,-0.000264443,-0.0002625,319.747
0,372959,5,phononL,0.000605383,0.00238721,-0.000339487,-0.0002625,40.6608,0.000382,1,0.00199823,-6.76569e-07,0.0002625,318.498
0,379715,7,phononTF,0.000406735,0.00241996,-0.000362832,-0.0002625,69.6957,0.000382,1,0.00199658,5.95893e-07,0.0002625,526.036
0,381442,16,phononTS,0.000430495,0.0020713,-0.00236245,-0.0002625,5372.14,0.000382,1,0.00199941,-0.00200321,0.0002625,5840.91
0,383529,10,phononTS,0.00102723,0.00200338,-2.22898e-06,0.000262498,926.175,0.000499231,1,0.00183261,-8.43586e-05,-0.0002625,1117.99
0,386704,9,phononTS,0.000628762,0.000964305,-6.89414e-05,-0.000262498,1028.1,0.000382,1,0.000995291,-0.00100241,0.0002625,1414.12
0,386704,7,phononTS,0.00154069,0.000896968,-5.23814e-05,0.000262498,862.048,0.00109762,1,0.000919433,-9.3184e-05,-0.0002625,1025.53
0,386704,3,phononTS,0.0018753,0.00269866,-0.00100884,-0.000169627,50.3969,0.00129908,1,0.00318235,-0.000502781,-0.0002625,483.368
0,406511,7,phononTS,0.00114018,0.00277436,0.000360059,-0.0002625,551.02,0.000382,1,0.00300262,0.00100291,0.0002625,1231.04
0,406511,4,phononTS,0.000751201,0.00281823,-0.000662808,0.000262498,92.8265,0.000751201,1,0.00307643,-0.00149042,-0.0002625,485.546
0,406511,3,phononTF,0.00142174,0.00281823,-0.000662808,0.000262498,92.8265,0.00142174,1,0.00268731,-0.000803634,-0.0002625,260.448
0,409703,15,phononL,0.000428938,0.00318805,0.000417541,-0.0002625,1971.08,0.000382,1,0.00299792,0.00100407,0.0002625,2272.06
0,412260,20,phononTS,0.0004842,0.00200153,-0.00200305,0.000262498,6293.43,0.0004842,1,0.00301316,0.00046322,-0.0002625,7256.07
0,412260,14,phononL,0.000437395,0.00298496,-0.00033177,0.000262498,262.992,0.000437395,1,0.0030562,-8.37459e-05,-0.0002625,378.795
0,432511,12,phononTS,0.000760218,-0.00199993,0.00199771,0.0002625,1067.45,0.000760218,1,-0.00457594,0.00315517,-0.0002625,4112.8
0,434343,12,phononL,0.000904024,-0.001998,0.00200496,0.000262498,2840.98,0.000904024,1,-0.00174106,0.00159305,-0.0002625,2975.74
0,443327,3,phononL,0.000512505,0.0023949,-0.00132604,-0.0002625,24.7186,0.000382,1,0.00200159,-0.00199583,0.0002625,382.207
0,443327,2,phononTS,0.000503837,0.00278821,-0.000656256,0.000262498,24.7186,0.000503837,1,0.00269977,-0.000593228,-0.0002625,179.938
0,455151,8,phononTS,0.000565225,6.96649e-05,0.00185467,-0.0002625,2800.59,0.000382,1,9.71614e-07,0.001995,0.0002625,3173.16
0,458481,7,phononTF,0.000413426,0.00236977,-0.000349468,-0.0002625,18.9566,0.000382,1,0.00199559,3.17472e-06,0.0002625,462.504
0,459062,16,phononTS,0.000464177,0.00199894,2.07383e-07,0.0002625,374.453,0.000464177,1,0.00192373,-3.21606e-05,-0.0002625,709.289
0,471172,21,phononTS,0.000427803,0.00100299,0.00099506,0.000262498,2036.47,0.000427803,1,0.00147544,0.00104411,-0.0002625,2298.64
0,490043,15,phononTS,0.000474122,-0.00200399,-0.00200309,0.000262498,4372.53,0.000474122,1,-0.00230134,-0.00206288,-0.0002625,4593.17
0,495047,8,phononTF,0.000885873,0.0020885,-5.62491e-05,-0.0002625,428.538,0.000382,1,0.00200471,1.58997e-06,0.0002625,750.198
0,501069,15,phononTS,0.0010715,0.0019978,3.90768e-06,0.000262498,449.751,0.000467961,1,0.00248262,-0.00140886,-0.0002625,1029.62
0,508577,14,phononTS,0.000565494,0.00277551,-0.000799446,-0.000262498,223.824,0.000382,1,0.00200278,-0.00200361,0.0002625,800.073
0,508577,7,phononTF,0.00046105,0.0027363,-0.000658927,0.000262498,34.6087,0.00046105,1,0.00240533,-0.000289115,-0.0002625,249.964
0,517171,5,phononTS,0.000639585,-0.005,0.0012246,9.51551e-05,848.527,0.000639585,1,-0.00156969,0.00101956,-0.0002625,8379.13
0,522540,8,phononTF,0.00164876,0.00199518,-3.18639e-06,0.0002625,61.0085,0.00127098,1,0.00172825,0.000304309,-0.0002625,703.299
0,537717,16,phononTF,0.00152354,0.00200005,3.2652e-06,0.000262498,1083.9,0.00102779,1,0.00209711,8.78469e-05,-0.0002625,1245.48
0,563989,11,phononTS,0.000401038,0.000336518,-0.005,-9.44937e-05,1547.8,0.000401038,1,0.00268105,-0.00190804,-0.0002625,4019.83
0,563989,4,phononTF,0.000883865,0.00209965,-0.000619924,0.000262498,554.283,0.00014041,1,0.00170312,-0.000236728,-0.0002625,781.682
0,565137,15,phononTS,0.000680266,0.00200132,-0.00200205,0.000262498,2443.76,0.000680266,1,0.000792288,-0.00154956,-0.0002625,2969.69
0,571943,7,phononTS,0.000703985,0.00211916,-3.81067e-05,-0.0002625,605.485,0.000382,1,0.00200187,1.45387e-06,0.0002625,975.231
0,572542,2,phononTF,0.00216087,0.00200306,-1.87941e-06,0.0002625,135.2,0.00144366,1,0.0017212,-0.00023117,-0.0002625,622.81
0,583501,11,phononL,0.000388579,0.00200127,-1.75361e-06,0.000262498,641.535,0.000388579,1,0.00105063,-0.000198577,-0.0002625,847.156
0,583501,6,phononTS,0.000783992,0.00277821,-0.00067708,0.000262498,22.8778,0.000783992,1,0.00279505,-0.000729105,-0.0002625,185.914
0,583501,5,phononTF,0.0019437,0.00285581,-0.000336781,-0.000191694,22.8778,0.001706,1,0.0027352,-0.00140044,-0.0002625,550.258
0,583501,4,phononTS,0.000408178,0.00277821,-0.00067708,0.000262498,22.8778,0.000408178,1,0.00234698,-0.000743833,-0.0002625,288.059
0,586210,3,phononTS,0.000865537,0.00213077,0.00123176,-0.0002625,2.60715,0.000764,1,0.00200005,0.00200339,0.0002625,1093.1
0,586210,2,phononTS,0.00120238,0.00277193,-0.000678994,0.000262498,2.60715,0.000840202,1,0.0026866,-0.000710951,-0.0002625,161.191
0,592268,18,phononTS,0.000619325,0.00290445,0.000857337,-0.0002625,959.121,0.000382,1,0.00299736,0.000995167,0.0002625,2716.83
0,595607,12,phononTS,0.000414015,0.00197657,6.186e-05,-0.000262498,601.428,0.000382,1,0.00200127,3.18606e-06,0.0002625,762.918
0,595607,10,phononTS,0.00132581,0.0024357,-0.000328273,0.000262498,363.925,0.00132581,1,0.00195816,0.000217842,-0.0002625,724.718
0,602789,7,phononTF,0.000455464,0.000877012,0.00116146,-0.0002625,9.88908,0.000382,1,-0.000998892,0.00299665,0.0002625,1608.64
0,612581,9,phononL,0.00100384,0.00190523,-0.0018702,-0.0002625,544.165,0.000382,1,0.00200182,-0.00200035,0.0002625,768.277
0,612581,10,phononTS,0.000461328,0.00200182,-0.00200035,0.000262498,768.277,0.000461328,1,0.00196316,-0.0019513,-0.0002625,939.143
0,612581,5,phononTS,0.0015534,0.000299801,-0.0046247,0.000235251,9.27658,0.0015534,1,-1.05953e-05,-0.00454858,-0.0002625,1557.29
0,612581,4,phononTF,0.00105097,0.00278326,-0.000674728,0.000262498,9.27658,0.000689933,1,0.00227392,-8.46123e-05,-0.0002625,288.443
0,630246,17,phononTF,0.000636813,0.00167753,0.000298556,-0.000262498,1735.21,0.000382,1,0.000999004,0.00100011,0.0002625,2066.18
0,630246,8,phononTS,0.000618291,0.00179369,0.000173092,0.000262498,698.126,0.000618291,1,0.00170317,0.000772177,-0.0002625,992.359
0,630284,6,phononTF,0.00299411,0.00204031,-4.74041e-05,0.000205331,9.64208,0.001528,1,0.00199894,2.28522e-06,0.0002625,953.335
0,632364,14,phononTF,0.000480747,0.00199809,2.2586e-06,0.000262498,1005.29,0.000480747,1,0.00240242,-0.000339231,-0.0002625,1226.98
0,647670,16,phononL,0.000515049,0.00200012,-2.83946e-06,0.000262498,1983.04,0.000515049,1,0.00183367,-0.000163562,-0.0002625,2097.65
0,647670,14,phononTS,0.000689841,0.00279217,-0.00126479,0.000262498,1635.8,0.000326495,1,0.00277509,-0.000737801,-0.0002625,1901.52
0,649839,23,phononTS,0.000493908,0.00299726,0.00100372,0.000262498,2497.15,0.000493908,1,0.00307056,0.00202677,-0.0002625,2923.77
0,649839,2,phononL,0.00300573,0.00291004,-0.000771503,-0.000137782,86.7341,0.000615452,1,0.00279628,-0.000591724,-0.0002625,334.248
0,660985,3,phononTS,0.000576166,0.00288139,0.000156001,-0.0002625,9.66301,0.000382,1,0.00299611,0.00100105,0.0002625,733.164
0,676406,4,phononTF,0.00239254,0.00238416,-0.00033364,-0.0002625,5.80884,0.000382,1,0.00200209,3.6744e-07,0.0002625,440.657
0,689707,11,phononTS,0.000755415,0.00183319,-0.000721041,-0.000262498,3983.97,0.000382,1,0.0019967,-0.00199653,0.0002625,4493.25
0,689981,6,phononTF,0.00157818,0.00156992,-0.000415866,-0.000262498,2308.64,0.000764,1,0.00199633,8.87343e-07,0.0002625,2545.94
0,690928,5,phononTF,0.00283842,0.00199662,0.00200385,0.0002625,4.61354,0.00220365,1,0.00256522,0.00265378,-0.0002625,1820.04
0,719138,2,phononTS,0.00209572,0.0023576,-0.000336935,-0.0002625,44.3077,0.000382,1,0.00200013,-3.05613e-06,0.0002625,627.825
0,719761,6,phononTF,0.000455115,1.18426e-07,0.00200349,0.000262498,1228.05,0.000455115,1,0.000306979,0.00228685,-0.0002625,1428.29
0,719761,4,phononTF,0.000625884,0.00280502,-0.000632796,0.000262498,24.6232,0.000625884,1,0.00240053,-0.000997544,-0.0002625,250.152
0,720043,7,phononTS,0.000685544,0.00203661,-2.14402e-05,-0.000262498,959.793,0.000382,1,0.0019969,4.83126e-06,0.0002625,1116.18
0,728169,6,phononTF,0.000633445,0.00239676,-0.000341559,-0.0002625,24.6214,0.000382,1,0.00200176,-4.31989e-06,0.0002625,463.796
0,728169,5,phononTS,0.000458383,0.00279176,-0.000678796,0.000262498,24.6214,0.000458383,1,0.00274365,-0.000687495,-0.0002625,189.036
0,728336,3,phononTF,0.000612386,0.00238106,-0.00032434,-0.0002625,20.983,0.000382,1,0.00200153,-4.29068e-06,0.0002625,450.939
0,728671,11,phononTS,0.000394272,0.00213475,0.00135796,-0.0002625,630.386,0.000382,1,0.0020042,0.00200185,0.0002625,1859.35
0,728671,10,phononTS,0.00100912,0.00252641,-0.000573702,0.000262498,630.386,0.00100912,1,0.00244544,-0.00145647,-0.0002625,1017.45
0,732008,22,phononTF,0.000963933,0.000623107,-0.0011699,-0.0002625,1563.53,0.000382,1,-0.00200114,-0.00199809,0.0002625,4538.88
0,732008,16,phononTF,0.00108491,0.00289122,-0.00051894,0.000262498,177.395,0.00014804,1,0.00255065,-0.000847245,-0.0002625,388.461
0,732044,11,phononTF,0.000408277,0.00100055,-0.000997592,0.000262498,1014.09,0.000408277,1,0.000717003,-0.000658805,-0.0002625,1218.28
0,732904,10,phononTF,0.000440507,0.0007219,-0.00122866,-0.000262498,1209.56,0.000382,1,0.00100016,-0.000995588,0.0002625,1399.5
0,743473,18,phononTS,0.000807862,0.000998141,-0.00100058,0.0002625,1820.58,0.000807862,1,0.00102863,-0.000964621,-0.0002625,2156.35
0,750431,9,phononTS,0.000420208,9.14655e-05,-0.0021643,-0.0002625,420.003,0.000382,1,-0.00199525,3.33279e-06,0.0002625,4433.76
0,758561,8,phononTF,0.000562686,0.00199563,1.22609e-07,0.000262498,446.205,0.000562686,1,0.0035394,0.00276729,-0.0002625,1441.71
0,766491,13,phononTS,0.00118916,0.00200375,4.62991e-06,0.000262498,493.404,0.00118916,1,0.00200377,-8.09987e-05,-0.0002625,655.897
0,766545,10,phononTS,0.00102661,-0.00199624,4.0434e-06,0.000262498,5348.73,0.00102661,1,-0.00206023,6.25224e-05,-0.0002625,5506.22
0,766695,4,phononTF,0.000584744,0.00240055,-0.00133949,-0.0002625,58.8844,0.000382,1,0.00199899,-0.00200498,0.0002625,671.381
0,776244,10,phononL,0.000715342,0.00213607,-0.00164322,-0.0002625,1769.03,0.000382,1,0.00199824,-0.00200309,0.0002625,2017.51
0,776244,9,phononTS,0.000391474,0.00227391,-0.00128335,0.000262498,1769.03,0.000391474,1,0.00225099,-0.0012908,-0.0002625,1931.64
0,815593,20,phononTF,0.000782541,0.00203863,0.00187923,-0.0002625,2904.86,0.000382,1,0.00199772,0.00200376,0.0002625,3897.49
0,815593,15,phononTS,0.00077207,0.00298542,-0.000633711,0.000262498,489.197,0.000652273,1,0.00274843,9.60792e-05,-0.0002625,829.955
0,842882,3,phononTF,0.000510608,0.00238205,-0.000342084,-0.0002625,3.2475,0.000382,1,0.00199945,-1.70736e-06,0.0002625,442.479
0,864124,16,phononTF,0.000788158,-0.00112229,0.00100291,-0.0002625,3072.69,0.000382,1,-0.00100442,0.000998251,0.0002625,3725.81
0,872593,16,phononTF,0.00130306,0.00272792,-0.000679718,-0.000262498,408.813,0.000382,1,0.00199855,3.41207e-06,0.0002625,753.023
0,875148,2,phononTS,0.00248917,0.00103661,-0.000341018,-0.000184429,40.8211,0.001146,1,0.000996868,-0.00100418,0.0002625,948.49
0,875599,10,phononTF,0.000671626,0.000997836,0.00100112,0.000262498,848.34,0.000671626,1,0.00049935,0.000655305,-0.0002625,1106.03
0,875599,8,phononTS,0.000452687,0.00273099,-0.000659893,0.000262498,54.5217,0.000452687,1,0.00279805,-0.000736645,-0.0002625,210.228
0,875599,7,phononTS,0.000505853,0.00273099,-0.000659893,0.000262498,54.5217,0.000505853,1,0.00315031,0.000441198,-0.0002625,529.526
0,875599,6,phononTS,0.00200473,0.00273099,-0.000659893,0.000262498,54.5217,0.00130968,1,0.00265667,-0.000584692,-0.0002625,209.191
0,884504,8,phononTS,0.000569559,0.00199658,3.42751e-06,0.000262498,530.152,0.000569559,1,0.00205527,4.40355e-05,-0.0002625,685.951
0,886200,2,phononTS,0.00133476,0.00236748,-0.000359097,-0.0002625,51.4611,0.000764,1,0.00199748,-4.81065e-06,0.0002625,648.247
0,886343,15,phononTS,0.000492245,0.00299615,0.00100136,0.0002625,622.529,0.000492245,1,0.00380209,0.00105943,-0.0002625,1273.73
0,886343,3,phononTS,0.00084883,0.00278902,-0.000668422,0.000262498,11.8573,0.00084883,1,0.00270944,-0.000674334,-0.0002625,173.725
0,886343,2,phononTS,0.00237056,0.00278902,-0.000668422,0.000262498,11.8573,0.00138959,1,0.0015851,-0.000562769,-0.0002625,494.683
0,892693,17,phononTF,0.000590156,0.00213859,-0.000124935,-0.0002625,416.475,0.000382,1,0.00199889,-1.34917e-06,0.0002625,753.021
0,907049,3,phononTS,0.00306005,0.00212859,-0.0020376,-0.0002625,17.6085,0.000382,1,0.00199785,-0.00199574,0.0002625,926.25
0,916664,13,phononTF,0.000581815,0.00100462,-0.00300475,0.000262498,1543.73,0.000581815,1,0.00052242,-0.00258859,-0.0002625,1789.11
0,923738,4,phononTS,0.00110563,0.00138929,-0.000330854,-0.0002625,36.8689,0.000382,1,-4.9437e-07,3.18e-06,0.0002625,1158.15
0,951370,14,phononTF,0.00154758,-8.11626e-05,-0.00190395,-0.0002625,2241.75,0.000382,1,4.59528e-07,-0.00199889,0.0002625,2564.31
0,951370,15,phononTS,0.000535069,4.59528e-07,-0.00199889,0.000262498,2564.31,0.000535069,1,-8.04648e-05,-0.00223434,-0.0002625,2769.74
0,951370,2,phononTF,0.00378006,0.00296502,-0.00176987,-8.29334e-05,156.331,0.00282614,1,0.00276122,-0.0019155,-0.0002625,758.304
0,965464,4,phononTS,0.000501877,0.000882311,0.00117536,-0.0002625,18.8352,0.000382,1,-0.000999547,0.00300458,0.0002625,1939.68
0,965464,3,phononTS,0.000601616,0.00276416,-0.00065386,0.000262498,18.8352,0.000601616,1,0.00431358,0.000667406,-0.0002625,790.044
0,973129,6,phononTF,0.00195929,0.0023841,-0.000337207,-0.0002625,16.7082,0.000382,1,0.00199565,-3.26498e-06,0.0002625,454.074
0,973129,7,phononTS,0.0011072,0.00199565,-3.26498e-06,0.000262498,454.074,0.00104582,1,0.00168887,0.00015441,-0.0002625,703.394
0,973129,5,phononTF,0.00049314,0.00277255,-0.000671147,0.000262498,16.7082,0.00049314,1,0.00250587,-0.000340801,-0.0002625,216.979
0,974055,12,phononTS,0.00157665,0.0022499,-0.00144081,-0.000262498,630.138,0.000382,1,0.00199724,-0.00199962,0.0002625,952.87
0,974055,16,phononTF,0.000598971,0.00199724,-0.00199962,0.000262498,952.87,0.000559968,1,0.00295938,-0.00343225,-0.0002625,1516.2
0,977112,10,phononTS,0.000720166,0.005,0.00206946,0.000105965,652.047,0.000720166,1,0.00440494,0.00253056,-0.0002625,4541.8
0,977112,9,phononTS,0.000928327,0.00262243,-0.000274579,0.000262498,652.047,0.00052407,1,0.00340841,-5.83139e-05,-0.0002625,1010.29
0,977419,8,phononTF,0.000774366,-0.000634568,-0.00100596,-0.0002625,1060.68,0.000382,1,-0.00100174,-0.00100242,0.0002625,5751.87
0,977419,4,phononTF,0.000413,0.0027933,-0.000717878,0.000262498,36.6617,0.000413,1,0.00332945,-0.00124871,-0.0002625,315.981
0,989289,6,phononTF,0.00104845,0.00243341,-0.000367813,-0.0002625,7.03454,0.000382,1,0.00199909,-2.27743e-06,0.0002625,444.446
0,989289,7,phononTS,0.00042757,0.00199909,-2.27743e-06,0.000262498,444.446,0.00042757,1,0.00202152,0.000400719,-0.0002625,693.302
0,989905,8,phononTF,0.00352057,0.00183346,0.000202529,-2.95263e-05,755.347,0.001146,1,0.0020013,-2.30891e-06,0.0002625,2014.78
0,997569,7,phononTF,0.000616432,0.00182212,-0.0018129,-0.000262498,645.708,0.000382,1,0.00200333,-0.00200134,0.0002625,820.896
0,1000537,3,phononTF,0.000679869,0.00237094,-0.000374001,-0.0002625,53.9648,0.000382,1,0.00199573,-3.76761e-06,0.0002625,507.655
0,1000537,2,phononTS,0.000665414,0.00274614,-0.000744233,0.000262498,53.9648,0.000230321,1,0.00293612,-0.000826818,-0.0002625,249.677
0,1000961,2,phononTF,0.00282696,0.0021093,-0.000114698,-1.6426e-05,2.49282,0.000382,1,0.00199881,-3.20337e-06,0.0002625,517.414
0,1000961,16,phononTS,0.00100009,0.00199881,-3.20337e-06,0.000262498,517.414,0.000243169,1,0.00242478,-0.000907354,-0.0002625,955.64
0,1006238,11,phononTF,0.000432362,0.00187076,-0.00185121,-0.0002625,1190.77,0.000382,1,0.00200498,-0.00199684,0.0002625,1525.92
0,1006238,2,phononTF,0.000671136,0.00272746,-0.000735963,0.000262498,47.929,0.000671136,1,0.00409296,-0.00219101,-0.0002625,663.424
0,1014594,5,phononTF,0.001559,0.00238335,-0.00034499,-0.0002625,4.17821,0.000382,1,0.00199631,-3.86181e-06,0.0002625,442.674
0,1014594,9,phononTS,0.000833596,0.00199631,-3.86181e-06,0.000262498,442.674,0.000833596,1,0.00191312,7.37592e-05,-0.0002625,596.961
0,1014594,4,phononTS,0.000849247,0.00277039,-0.000686116,0.000262498,4.17821,0.000849247,1,0.0027886,-0.000667689,-0.0002625,160.898
0,1019369,18,phononTS,0.000494072,3.13681e-05,0.00258029,-0.000262498,4831.9,0.000382,1,1.10824e-06,0.00199744,0.0002625,5126.29
0,1020198,15,phononTF,0.000382362,0.0023257,-0.000396412,-0.0002625,128.475,0.000382,1,0.00199867,1.51314e-06,0.0002625,564.648
0,1023866,14,phononTS,0.00065636,0.00295147,0.000136529,-0.0002625,151.098,0.000382,1,0.0029992,0.00100219,0.0002625,909.315
0,1027954,13,phononTS,0.000597438,0.00208433,-0.00222645,-0.000262498,775.903,0.000382,1,0.00200236,-0.00199574,0.0002625,980.229
0,1049907,5,phononTF,0.00175408,0.00238401,-0.000336719,-0.0002625,1.49921,0.000764,1,0.00199734,2.97887e-06,0.0002625,441.076
0,1051393,11,phononTS,0.000403411,0.00207118,-3.817e-05,-0.000262498,324.53,0.000382,1,0.00199761,-4.76103e-06,0.0002625,479.785
0,1058580,2,phononTF,0.00119281,0.00186925,0.000173524,-0.0002625,138.485,0.000382,1,0.00100197,0.00100129,0.0002625,922.772
0,1062653,8,phononTF,0.000886642,0.00239057,-0.000349227,-0.0002625,7.49035,0.000382,1,0.00200334,-3.6009e-06,0.0002625,464.245
0,1065740,22,phononTS,0.00134012,0.00200142,-5.0775e-07,0.000262498,690.596,0.00130239,1,0.00197997,-0.00015858,-0.0002625,889.857
0,1073397,9,phononTS,0.000444894,0.00139006,-0.000342409,-0.0002625,60.2259,0.000382,1,-1.98884e-06,-2.37544e-06,0.0002625,1184.22
0,1073397,8,phononTS,0.000972753,0.00278211,-0.000682441,0.000262498,60.2259,0.000837116,1,0.00291735,8.64085e-05,-0.0002625,408.43
0,1076023,13,phononTS,0.000725549,0.000921716,0.00107133,-0.000262498,1073.49,0.000382,1,0.00099634,0.00100451,0.0002625,1228.32
0,1076967,9,phononTF,0.000441908,0.00238094,-0.000334165,-0.0002625,4.60155,0.000382,1,0.00199607,-1.22317e-06,0.0002625,439.79
0,1081666,8,phononTS,0.000421636,0.00205925,-0.00193983,-0.0002625,486.719,0.000382,1,0.0019984,-0.00200068,0.0002625,797.661
0,1088187,11,phononTF,0.000846818,0.00299619,0.000999015,0.000262498,739.452,0.000846818,1,0.00328935,0.00126373,-0.0002625,935.449
0,1089183,6,phononTS,0.000453173,0.0029846,7.76639e-05,-0.000262498,177.284,0.000382,1,0.0019994,-3.0194e-06,0.0002625,577.612
0,1093946,8,phononTS,0.000503801,0.000545471,-0.00229106,-0.000262498,2032.12,0.000382,1,0.00199642,-0.00199543,0.0002625,2606.71
0,1094636,8,phononL,0.000466489,0.00199579,-3.17416e-06,0.000262498,512.554,0.000466489,1,0.00222917,0.000329511,-0.0002625,639.008
0,1094832,16,phononTF,0.000721078,0.00176615,0.000287416,-0.0002625,865.031,0.000382,1,0.00199519,3.09264e-06,0.0002625,1244.91
0,1094832,4,phononTS,0.000895193,0.00277727,-0.000668136,0.000262498,5.96967,0.000262646,1,0.00183306,-0.000565198,-0.0002625,396.918
0,1108312,6,phononTF,0.000618618,0.00239726,-0.00134888,-0.0002625,78.8235,0.000382,1,0.0020038,-0.0020015,0.0002625,683.448
0,1128380,2,phononTF,0.00049828,0.00241742,-0.000351178,-0.0002625,161.771,0.000382,1,0.00199531,-3.04225e-06,0.0002625,611.378
0,1139002,10,phononTF,0.000710756,0.00200457,-4.54276e-06,0.0002625,708.923,0.000710756,1,0.0019218,6.07844e-05,-0.0002625,1028.6
0,1139002,3,phononTF,0.000990571,0.0027747,-0.000669745,0.000262498,23.9099,0.000716263,1,0.00267842,-0.000781373,-0.0002625,186.888
0,1145472,7,phononTF,0.00136376,2.09112e-06,-0.00199848,0.000262498,1438.03,0.000738811,1,8.62801e-05,-0.00190184,-0.0002625,1599.41
0,1155645,10,phononL,0.000493887,0.00299723,0.00099641,0.000262498,1175.97,0.000493887,1,0.00297238,0.000805031,-0.0002625,1289.01
0,1156434,21,phononTF,0.000808433,0.00299501,0.000997113,0.000262498,690.105,0.000679775,1,0.00174511,0.00215574,-0.0002625,1221.76
0,1170868,2,phononTS,0.0042654,0.000748182,-0.001067,0.000122346,39.367,0.001146,1,0.0010005,-0.00100168,0.0002625,1648.94
0,1170868,10,phononTF,0.000401706,0.0010005,-0.00100168,0.000262498,1648.94,0.000401706,1,0.00123429,-0.00118846,-0.0002625,1828.64
0,1171299,8,phononTF,0.00043263,0.0023867,-0.000335658,-0.0002625,2.42975,0.000382,1,0.00200126,4.841e-06,0.0002625,440.307
0,1173293,4,phononTF,0.000407691,0.00199696,-2.16585e-06,0.0002625,10.1039,0.000407691,1,0.0015958,0.000327178,-0.0002625,666.738
0,1173293,3,phononTF,0.00240489,0.00279927,-0.000660853,0.000262498,10.1039,0.00160589,1,0.00283253,-0.000664666,-0.0002625,167.525
0,1176622,10,phononTF,0.000720731,0.00300343,0.00100409,0.0002625,506.26,0.000594939,1,0.00231378,0.00176127,-0.0002625,1192.96
0,1177402,2,phononTS,0.00499154,0.00201166,4.22554e-05,3.23828e-05,33.8961,0.001528,1,0.00199924,2.29894e-06,0.0002625,782.229
0,1179769,6,phononTF,0.000496036,0.00238543,-0.000315957,-0.0002625,13.7463,0.000382,1,0.00200438,1.60684e-06,0.0002625,442.692
0,1179769,5,phononTS,0.000560552,0.00276648,-0.00063352,0.000262498,13.7463,0.000560552,1,0.00300223,-0.00100931,-0.0002625,291.117
0,1179769,4,phononTS,0.000855952,0.00276648,-0.00063352,0.000262498,13.7463,0.000675758,1,0.00282533,-0.00056443,-0.0002625,185.499
0,1183711,12,phononTS,0.000776853,0.00161113,0.000507102,-0.0002625,1482.07,0.000382,1,1.94101e-06,0.00200219,0.0002625,2981.04
0,1187255,9,phononTS,0.00113569,2.46087e-06,-0.00200044,0.000262498,2652.07,9.51854e-05,1,0.000155492,-0.00192329,-0.0002625,2840.67
0,1191308,11,phononTS,0.000468362,0.0019979,3.67925e-06,0.000262498,1267.84,0.000468362,1,0.00202311,-0.000575319,-0.0002625,1550.42
0,1191308,7,phononTS,0.00145071,0.00276631,-0.00067053,0.000262498,4.86157,0.000672874,1,0.00280991,-0.00074989,-0.0002625,162.588
0,1214224,7,phononTS,0.000627721,0.00339483,-0.00170232,-0.0002625,8.21138,0.000382,1,0.00199505,-0.00199697,0.0002625,2190.17
0,1232323,9,phononTF,0.000792471,0.00100068,0.00100312,0.0002625,6015.09,0.000296249,1,-0.0021733,-0.000685516,-0.0002625,7802.16
0,1246622,6,phononTF,0.00215334,0.001883,0.000154189,-0.0002625,27.9085,0.000382,1,0.00100133,0.00100191,0.0002625,826.038
0,1250519,2,phononTF,0.000615238,0.00239271,-0.000358166,-0.0002625,41.2997,0.000382,1,0.00200249,1.29937e-06,0.0002625,490.334
0,1266137,13,phononTS,0.00123681,0.00139685,-0.000937859,-0.0002625,2840.84,0.000382,1,0.000998863,-0.000996897,0.0002625,3327.94
0,1279760,17,phononTF,0.000646345,-0.00275115,-0.000747771,-0.0002625,5241.17,0.000382,1,-0.001997,-5.02251e-07,0.0002625,6140.48
0,1281843,5,phononTS,0.002042,0.00288653,0.000168603,-0.0002625,4.87987,0.000764,1,0.0030038,0.00100311,0.0002625,759.356
0,1281843,9,phononTF,0.000440747,0.0030038,0.00100311,0.000262498,759.356,0.000440747,1,0.00308431,0.000940529,-0.0002625,918.984
0,1299748,8,phononTS,0.00048207,0.00209608,-0.00194486,-0.0002625,1196.45,0.000382,1,0.00200435,-0.00200184,0.0002625,1507.74
0,1299748,7,phononTS,0.00113717,0.0021878,-0.00188788,0.000262498,1196.45,0.00113717,1,0.00316453,-0.00196326,-0.0002625,1594.41
0,1300670,12,phononTF,0.00112435,0.00200259,-0.0019955,0.000262498,1316.94,0.000955329,1,-4.77339e-05,-0.000996837,-0.0002625,2057.73
0,1304861,6,phononTF,0.000924936,0.000998883,0.00100046,0.0002625,32.0135,0.000596885,1,0.000547522,0.00141718,-0.0002625,1237.42
0,1304861,5,phononTF,0.000877651,0.00280433,-0.000666399,0.000262498,32.0135,0.000500717,1,0.00291532,-0.000802735,-0.0002625,199.536
0,1309503,11,phononTF,0.000650228,0.00212815,-0.00234483,-0.0002625,1079.43,0.000382,1,0.00199846,-0.00200248,0.0002625,1500.43
0,1309503,6,phononTS,0.000982037,0.00279245,-0.000574135,0.000262498,181.77,0.000488127,1,0.00278931,-0.000662666,-0.0002625,343.681
0,1332953,29,phononL,0.000571305,0.00300212,0.00100472,0.000262498,2104.51,0.000571305,1,0.00290417,0.00119522,-0.0002625,2218.37
0,1337760,7,phononTS,0.000903071,0.00295304,0.000796683,-0.0002625,1319.56,0.000382,1,0.00299988,0.000997001,0.0002625,1717.06
0,1337760,6,phononTF,0.00203054,0.00290621,0.000596366,0.000262498,1319.56,0.00150887,1,0.00299039,0.000669104,-0.0002625,1480.62
0,1345036,2,phononTF,0.00371814,0.00239602,-0.000342755,-0.0002625,47.2059,0.000382,1,0.00199946,-2.64024e-06,0.0002625,487.77
0,1345036,10,phononTS,0.000774263,0.005,0.00477052,-0.000198576,487.77,0.00029471,1,0.0049287,0.0047826,-0.0002625,2724.94
0,1347644,4,phononTS,0.00110185,0.00290946,-0.000889727,-0.0002625,29.5313,0.000382,1,0.00100179,-0.00300468,0.0002625,1269.5
0,1358454,7,phononTS,0.00245704,0.00108038,0.00107733,3.78429e-05,242.554,0.000382,1,0.000995809,0.000998416,0.0002625,1050.91
0,1369653,6,phononTS,0.000723549,0.00190583,-0.00186909,-0.0002625,45.4385,0.000382,1,0.00100127,-0.00300206,0.0002625,1214.16
0,1376442,12,phononL,0.00068938,-1.87579e-05,0.00178946,-0.0002625,1311.69,0.000382,1,4.82795e-06,0.00200438,0.0002625,1539.51
0,1376442,6,phononTS,0.00122991,0.00274957,-0.000674971,0.000262498,35.1405,0.00122991,1,0.00281632,-1.09532e-05,-0.0002625,348.87
0,1376442,5,phononTS,0.00095718,0.00274957,-0.000674971,0.000262498,35.1405,0.00095718,1,0.00273777,-0.000686106,-0.0002625,191.93
0,1376442,4,phononTS,0.00148856,0.00274957,-0.000674971,0.000262498,35.1405,0.00101451,1,0.00266621,-0.000721687,-0.0002625,204.531
0,1390575,12,phononTF,0.00043058,0.00355333,-2.56548e-05,-0.000262498,1317.25,0.000382,1,0.00299513,0.000995559,0.0002625,1731.89
0,1393245,18,phononTS,0.000478356,4.37192e-06,3.97177e-06,0.0002625,1508.99,0.000478356,1,5.3388e-06,-7.96757e-05,-0.0002625,1833.96
0,1418116,6,phononTS,0.00100117,0.00188705,-0.000844284,-0.0002625,21.5061,0.000764,1,0.000995291,-0.000995469,0.0002625,768.634
0,1418116,5,phononTF,0.00176975,0.00277881,-0.0006931,0.000262498,21.5061,0.000704927,1,0.00284263,-0.000775412,-0.0002625,181.249
0,1421434,5,phononTS,0.00110994,0.00192852,-0.00086859,-0.0002625,82.0992,0.000382,1,0.00100257,-0.000998969,0.0002625,848.472
0,1421434,10,phononTF,0.000456148,0.00100257,-0.000998969,0.000262498,848.472,0.000456148,1,0.00127328,-0.00132762,-0.0002625,1049.25
0,1421434,4,phononTS,0.00078939,0.00285446,-0.000738212,0.000262498,82.0992,0.000369872,1,0.00276389,-0.0017924,-0.0002625,519.337
0,1433037,12,phononTF,0.000414251,0.0020017,3.48071e-06,0.000262498,441.1,0.000414251,1,0.00153038,-0.00043011,-0.0002625,688.109
0,1433037,10,phononTS,0.00087448,0.005,-0.00138367,-6.57422e-05,162.3,0.00058679,1,0.00444395,-0.00155144,-0.0002625,3747.28
0,1433037,9,phononTS,0.000929237,0.00274889,-0.000717605,0.000262498,162.3,0.000682645,1,0.0026818,-0.00115576,-0.0002625,416.441
0,1437537,8,phononTS,0.000536688,0.00199697,-0.00200162,0.0002625,1168.51,0.000536688,1,0.00205364,-0.00192895,-0.0002625,1511.86
0,1437711,13,phononTS,0.000833416,0.00190143,-0.00122732,-0.0002625,1224.88,0.000382,1,0.00199593,-0.00199889,0.0002625,1908.78
0,1446986,4,phononTS,0.00199562,0.00288586,0.0001713,-0.0002625,4.47351,0.000764,1,0.00300079,0.000998837,0.0002625,749.266
0,1459869,11,phononTS,0.000714103,0.00199577,-3.10668e-06,0.000262498,465.008,0.000714103,1,0.00191417,-8.90387e-05,-0.0002625,619.01
0,1459869,4,phononTS,0.000440898,0.00277015,-0.000663933,0.000262498,29.3722,0.000440898,1,0.00284901,-0.000586642,-0.0002625,184.124
0,1460022,6,phononL,0.000785377,0.00407865,0.000544753,-0.000262498,556.508,0.000382,1,0.00300168,0.00100097,0.0002625,804.308
0,1460022,3,phononTS,0.00122674,0.00277534,-0.000670521,0.000262498,2.47854,0.00109802,1,0.00278754,-0.000747297,-0.0002625,157.659
0,1460779,9,phononTS,0.000892711,0.00190289,-0.000824329,-0.0002625,67.9508,0.000382,1,0.000996357,-0.000995288,0.0002625,822.151
0,1460779,8,phononTS,0.00110781,0.00280943,-0.00065337,0.000262498,67.9508,0.000755562,1,0.00254685,-0.00141419,-0.0002625,443.53
0,1460779,7,phononTF,0.00143818,0.00280943,-0.00065337,0.000262498,67.9508,0.00125081,1,0.00293407,-0.000519196,-0.0002625,234.601
0,1468980,3,phononTF,0.00215225,0.00238871,-0.00032928,-0.0002625,18.5276,0.000382,1,0.00200367,2.50552e-07,0.0002625,453.422
0,1468980,17,phononTS,0.00157897,0.00200367,2.50552e-07,0.000262498,453.422,0.00114775,1,0.00209236,-7.59373e-05,-0.0002625,607.616
0,1471415,10,phononTS,0.000760762,0.00289451,-0.00184677,-0.0002625,1937.52,0.000382,1,0.00200293,-0.00200192,0.0002625,2683.57
0,1471792,5,phononTF,0.000505568,0.00239688,-0.000330713,-0.0002625,11.7451,0.000382,1,0.00199528,4.90604e-06,0.0002625,452.152
0,1476567,10,phononTS,0.000407466,0.00200086,4.84297e-06,0.0002625,322.291,0.000407466,1,0.00115755,6.08791e-05,-0.0002625,1051.56
0,1477553,4,phononTF,0.00134235,0.00238737,-0.000328884,-0.0002625,34.8535,0.000382,1,0.00200116,1.23489e-06,0.0002625,469.403
0,1478107,16,phononTS,0.000618295,0.00101781,-0.00107393,-0.0002625,1601.61,0.000382,1,0.00100423,-0.000997576,0.0002625,1912.02
0,1478107,4,phononTF,0.0010819,0.00277162,-0.000674512,0.000262498,6.88835,0.00059778,1,0.00356339,-0.00126934,-0.0002625,359.504
0,1479005,3,phononTS,0.00111342,0.00280859,-0.000675512,3.21915e-05,127.608,0.000382,1,0.00199602,-3.66979e-06,0.0002625,941.512
0,1479005,2,phononTS,0.00107915,0.00275686,-0.000677613,0.000262498,127.608,0.00107915,1,0.00282127,-0.000579663,-0.0002625,306.853
0,1482918,13,phononTS,0.00165327,0.000928515,-0.000953255,-0.0002625,907.191,0.000382,1,0.000999391,-0.000998403,0.0002625,1246.21
0,1482918,18,phononTF,0.000854073,0.000999391,-0.000998403,0.000262498,1246.21,0.000613814,1,0.00145058,-0.00143798,-0.0002625,1494.57
0,1492501,10,phononL,0.000472359,0.00300261,0.00100496,0.000262498,756.192,0.000472359,1,0.00215843,0.000732293,-0.0002625,949.936
0,1492501,4,phononTS,0.00263343,0.00266625,-0.000758994,0.000171252,4.17072,0.00241397,1,0.00274325,6.55969e-05,-0.0002625,400.746
0,1492501,3,phononTS,0.000563114,0.00276769,-0.000669532,0.000262498,4.17072,0.000563114,1,0.00275356,-0.000699798,-0.0002625,160.768
0,1492501,2,phononTS,0.000661237,0.00276769,-0.000669532,0.000262498,4.17072,0.000661237,1,-0.00252872,0.00221983,-0.0002625,2062.84
0,1504304,11,phononTF,0.00100107,0.0020001,-2.77605e-06,0.000262498,703.855,0.00100107,1,0.00177514,0.00026233,-0.0002625,891.798
0,1504304,6,phononTF,0.000384092,0.00279035,-0.000652773,0.000262498,8.39952,0.000384092,1,0.00227035,-0.0012233,-0.0002625,286.679
0,1504304,5,phononTS,0.00234184,0.00279035,-0.000652773,0.000262498,8.39952,0.00167124,1,0.00273559,-0.000728741,-0.0002625,164.727
0,1507327,5,phononTF,0.000440009,0.00239114,-0.000335385,-0.0002625,4.88002,0.000382,1,0.00199986,-3.45937e-07,0.0002625,443.196
0,1507327,4,phononTF,0.00103221,0.00278241,-0.000670424,0.000262498,4.88002,0.00103221,1,0.00280422,-0.000688734,-0.0002625,161.943
0,1515635,8,phononL,0.00289754,0.0019734,-3.40169e-05,0.000228633,747.659,0.000382,1,0.00199693,3.45188e-06,0.0002625,1227.52
0,1515635,12,phononTS,0.00227565,0.00199693,3.45188e-06,0.000262498,1227.52,0.00170575,1,0.000763055,-0.00270078,-0.0002625,2290.72
0,1516187,7,phononTS,0.0014099,0.00200378,-0.00199699,0.0002625,996.849,0.00117739,1,0.00151631,-0.00373792,-0.0002625,2360.97
0,1516875,18,phononTF,0.000556702,0.000995353,0.000997858,0.000262498,2435.06,0.000556702,1,0.0011735,0.00116839,-0.0002625,2608.32
0,1516875,14,phononTF,0.000400934,0.00334702,0.00134055,0.000262498,1167.02,0.000400934,1,0.00346103,0.00146027,-0.0002625,1331.44
0,1533285,8,phononTF,0.000914869,0.00238685,-0.000338276,-0.0002625,3.00056,0.000382,1,0.00200245,3.83051e-06,0.0002625,441.145
0,1533285,7,phononTS,0.000557196,0.00277125,-0.000680382,0.000262498,3.00056,0.000557196,1,0.00280034,-0.000596174,-0.0002625,169.625
0,1535796,16,phononL,0.000655781,0.00264123,0.000146988,-0.0002625,603.559,0.000382,1,0.0020027,1.02141e-06,0.0002625,916.931
0,1537779,19,phononTS,0.000441018,0.00100392,-0.00299969,0.0002625,7229.71,0.000441018,1,0.00109767,-0.00344696,-0.0002625,7739.57
0,1539234,7,phononTS,0.000408874,0.00285502,0.00011869,-0.0002625,1117.47,0.000382,1,0.00300371,0.00100338,0.0002625,1860.72
0,1563677,4,phononTF,0.000392076,0.00237764,-0.000336601,-0.0002625,7.4314,0.000382,1,0.00200254,-3.47078e-06,0.0002625,440.214
0,1563677,3,phononTS,0.00106662,0.00275274,-0.000669729,0.000262498,7.4314,0.000348847,1,0.00274903,-0.000583635,-0.0002625,170.389
0,1563872,6,phononTS,0.000561618,0.00184938,-0.000808076,-0.0002625,87.9111,0.000382,1,0.00100234,-0.000997147,0.0002625,850.179
0,1565308,6,phononTS,0.00102257,0.00288586,0.000152867,-0.0002625,14.2705,0.000382,1,0.00299773,0.00100089,0.0002625,737.169
0,1571814,12,phononTS,0.000557251,0.00199686,4.28532e-06,0.0002625,1432.99,0.000557251,1,0.00206347,-5.81462e-05,-0.0002625,1899.56
0,1577418,5,phononTS,0.000487609,0.00199756,-3.17199e-06,0.0002625,1640.27,0.000487609,1,0.00202101,-3.5503e-05,-0.0002625,1976.83
0,1580125,6,phononTS,0.000850612,0.00311813,-0.000736265,-0.0002625,7.39648,0.000382,1,0.00199864,-8.3889e-07,0.0002625,745.311
0,1581973,3,phononTF,0.00159591,0.00245189,-0.000370888,-0.0002625,5.70682,0.000382,1,0.00200323,3.96145e-06,0.0002625,442.635
0,1581973,10,phononTF,0.000852565,0.00200323,3.96145e-06,0.000262498,442.635,0.000852565,1,0.00228385,0.000344051,-0.0002625,646.353
0,1581973,2,phononTS,0.00352762,0.002769,-0.000670547,0.000262498,5.70682,0.00280767,1,0.00283584,-0.000590042,-0.0002625,197.673
0,1584304,17,phononTS,0.000607473,0.00165394,-0.00208619,-0.000262498,1280.1,0.000382,1,0.00200157,-0.00200095,0.0002625,1510.92
0,1584304,2,phononTF,0.00253578,0.00283971,-0.000668897,0.000262498,58.2532,0.00216573,1,0.00277075,-0.000659601,-0.0002625,217.588
0,1585405,5,phononTS,0.000610597,0.00288258,0.000182938,-0.0002625,69.5496,0.000382,1,0.00299684,0.000998882,0.0002625,805.817
0,1585405,4,phononTS,0.00552115,0.00351757,-0.000190522,2.57076e-05,69.5496,0.00397765,1,0.00348007,-0.000205287,-0.0002625,1871.96
0,1630009,12,phononTS,0.000426841,0.00199691,-0.00200263,0.000262498,1553.98,0.000426841,1,0.00202783,-0.00175526,-0.0002625,1765.82
0,1630009,3,phononTF,0.000766816,0.00276238,-0.000608709,0.000262498,73.3845,0.000766816,1,0.00243833,-0.00030787,-0.0002625,280.163
0,1640718,17,phononTS,0.000650025,0.00200301,-0.00200193,0.000262498,1005.22,0.000467557,1,0.00205058,-0.00191749,-0.0002625,1162.19
0,1640718,3,phononTS,0.000918129,0.00278665,-0.000677862,0.000262498,16.5608,0.000687413,1,0.00304226,-0.000587308,-0.0002625,244.768
0,1640933,8,phononTS,0.000437945,0.00451544,0.00132648,-0.0002625,492.643,0.000382,1,0.00300313,0.00100097,0.0002625,2554.47
0,1647417,9,phononTS,0.000426426,0.00105244,0.000296427,-0.0002625,282.593,0.000382,1,-0.000995678,0.00100473,0.0002625,1882.3
0,1647417,8,phononTS,0.000758088,0.005,0.00245222,-0.000165001,282.593,0.000661061,1,0.00498862,0.00246796,-0.0002625,1492.2
0,1648213,13,phononTS,0.000672467,0.00100432,-0.0010004,0.000262498,759.52,6.88601e-05,1,0.000970467,-0.00104535,-0.0002625,921.29
0,1650365,4,phononTF,0.00147166,0.00235982,-0.000384728,-0.0002625,182.352,0.000764,1,0.00199562,-3.98374e-06,0.0002625,626.591
0,1655099,3,phononL,0.00092073,0.00239247,-0.000337495,-0.0002625,3.63862,0.000764,1,0.00200345,3.45813e-06,0.0002625,281.858
0,1655099,2,phononTS,0.00139771,0.00278149,-0.000678446,0.000262498,3.63862,0.000266646,1,0.00374718,-0.000767616,-0.0002625,401.716
0,1656313,9,phononTS,0.00116875,0.00197334,-0.00176082,-0.0002625,483.145,0.000764,1,0.00199992,-0.00199548,0.0002625,902.148
0,1665104,20,phononTF,0.000751347,0.00186539,-0.00188812,-0.0002625,1413.87,0.000382,1,0.00200482,-0.00199934,0.0002625,1749.77
0,1665870,6,phononTS,0.00047529,0.00200205,-3.49303e-06,0.000262498,451.786,0.00047529,1,0.00177035,7.54657e-05,-0.0002625,656.433
0,1665870,4,phononTS,0.00134084,0.00278392,-0.000648911,0.000262498,18.6829,0.00072865,1,0.00291585,-0.00153006,-0.0002625,389.987
0,1670587,10,phononTS,0.000389133,0.00299815,0.00100142,0.000262498,720.161,0.000389133,1,0.00296198,0.00117194,-0.0002625,915.481
0,1670587,7,phononTF,0.00178849,0.00277448,-0.000671303,0.000262498,1.3336,0.000906571,1,0.00372272,0.000342704,-0.0002625,444.08
0,1682938,6,phononTS,0.000960374,0.00280464,-0.000804947,-0.000262498,212.215,0.000382,1,0.00200115,-0.00200286,0.0002625,754.65
0,1683662,14,phononTS,0.000882956,3.54514e-05,0.000627885,-0.0002625,931.204,0.000382,1,-0.000998818,0.000998937,0.0002625,2758.14
0,1683662,2,phononTF,0.00126632,0.00280937,-0.00066234,0.000262498,50.4429,0.000874301,1,0.00248409,-0.00102497,-0.0002625,263.964
0,1688653,18,phononTF,0.000530394,-0.00100137,-0.000995001,0.0002625,1516.13,0.000530394,1,-0.00198136,-0.00206112,-0.0002625,2893.37
0,1688654,3,phononTF,0.00440278,0.0035544,-0.00048973,-0.000233853,90.1534,0.00316773,1,0.00353347,-0.00050861,-0.0002625,448.897
0,1706311,13,phononTF,0.000656441,0.00200075,1.87192e-07,0.0002625,634.239,0.000656441,1,0.00182743,0.000324118,-0.0002625,1047.16
0,1715438,3,phononL,0.00449686,0.00300408,0.000676716,4.92709e-05,6.17859,0.001528,1,0.00300249,0.00100147,0.0002625,2552.08
0,1715568,17,phononTS,0.00112763,0.00200301,-0.00200154,0.000262498,677.43,0.000787947,1,0.00202798,-0.00243623,-0.0002625,930.363
0,1729425,13,phononTS,0.000647732,0.00200499,0.00200434,0.000262498,1753.19,0.000647732,1,0.00205167,0.00195753,-0.0002625,1909.25
0,1729425,7,phononL,0.00137473,0.00273626,-0.00020074,0.000262498,400.339,0.00115726,1,0.00150628,0.000216034,-0.0002625,669.473
0,1729425,6,phononTF,0.000886265,0.00273626,-0.00020074,0.000262498,400.339,0.000147717,1,0.0031612,0.000171832,-0.0002625,629.975
0,1735408,14,phononTF,0.000440302,0.00200057,0.00200119,0.000262498,2979.61,0.000440302,1,0.00179546,0.00221038,-0.0002625,3159.21
0,1735408,9,phononTS,0.000688884,0.00283526,-0.000711396,0.000262498,207.557,0.000688884,1,0.00276044,-0.000733643,-0.0002625,392.249
0,1736951,5,phononTF,0.000725365,0.00239211,-0.000334221,-0.0002625,5.29726,0.000382,1,0.00200295,2.73155e-06,0.0002625,442.917
0,1741186,8,phononTF,0.000391924,0.00239641,-0.00034498,-0.0002625,12.9419,0.000382,1,0.00199643,-3.16375e-06,0.0002625,475.762
0,1741186,7,phononTF,0.000896969,0.00279639,-0.000686794,0.000262498,12.9419,0.000896969,1,0.00318894,-0.00133755,-0.0002625,314.686
0,1760809,14,phononTF,0.000451847,0.00235769,-0.00041623,-0.0002625,359.463,0.000382,1,0.00200445,3.82262e-06,0.0002625,810.52
0,1761063,8,phononTF,0.000679491,0.00199612,8.01575e-08,0.0002625,53.4315,0.000679491,1,0.00204299,-6.20722e-05,-0.0002625,655.256
0,1761063,7,phononTS,0.00198954,0.00277527,-0.00070365,0.000262498,53.4315,0.000937945,1,0.00301601,-0.000814197,-0.0002625,281.518
0,1778457,18,phononTS,0.000382437,-0.00094949,0.00276712,-0.0002625,11019.9,0.000382,1,-0.00100207,0.00299662,0.0002625,11454.8
0,1779866,3,phononTF,0.000952027,0.00199508,3.51093e-06,0.0002625,68.0042,0.000210492,1,0.00146445,0.000486875,-0.0002625,788.316
0,1783356,17,phononTF,0.000962325,0.005,-0.00153746,0.000242906,1734.99,0.000382,1,0.00100183,0.000997139,0.0002625,3169.99
0,1783356,19,phononTF,0.000480893,0.00100183,0.000997139,0.000262498,3169.99,0.000480893,1,0.00117435,0.000800126,-0.0002625,3345.56
0,1783356,16,phononTS,0.000961499,0.00494528,-0.00150739,0.000262498,1734.99,0.000651158,1,0.00453192,-0.00159417,-0.0002625,1981.75
0,1796715,4,phononTF,0.000956843,0.00238949,-0.00033591,-0.0002625,6.13506,0.000382,1,0.00200319,-2.25908e-06,0.0002625,443.013
0,1796715,3,phononTS,0.000594443,0.00277579,-0.000669559,0.000262498,6.13506,0.000594443,1,0.00377959,-0.00130284,-0.0002625,505.881
0,1812397,13,phononTS,0.000659212,0.00108822,-0.000931001,-0.0002625,1525.51,0.000382,1,0.00100083,-0.000999856,0.0002625,2325.81
0,1816914,2,phononTF,0.00203959,0.00238477,-0.000338803,-0.0002625,3.53431,0.000382,1,0.00199862,2.18271e-06,0.0002625,441.752
0,1816914,14,phononTS,0.000451437,0.00199862,2.18271e-06,0.000262498,441.752,0.000451437,1,0.00208221,1.15294e-05,-0.0002625,603.156
0,1816914,13,phononTF,0.0006645,0.00199862,2.18271e-06,0.000262498,441.752,0.0006645,1,0.00202213,-2.79732e-05,-0.0002625,598.986
0,1818830,2,phononTS,0.00214676,0.00189004,-0.000839654,-0.0002625,3.28576,0.000382,1,0.0010025,-0.000999674,0.0002625,747.281
0,1822290,7,phononTF,0.000580187,0.00106982,-0.00105603,-0.000262498,1344.33,0.000382,1,0.000997824,-0.000995656,0.0002625,1503.61
0,1823830,3,phononTF,0.00530067,0.00266047,-0.000570793,3.68841e-05,69.2804,0.000382,1,0.00200061,-4.9463e-06,0.0002625,442.022
0,1823830,5,phononTS,0.000386625,0.00200061,-4.9463e-06,0.000262498,442.022,0.000386625,1,0.002945,0.00201022,-0.0002625,1265.65
0,1833197,3,phononTF,0.00202152,0.00238211,-0.000383825,-0.0002625,158.849,0.000382,1,0.00199528,4.19428e-06,0.0002625,612.23
0,1833197,15,phononTS,0.000983672,0.00199528,4.19428e-06,0.000262498,612.23,0.000983672,1,0.00229612,0.000498209,-0.0002625,927.645
0,1842897,13,phononTS,0.000446858,0.00300026,0.00100127,0.000262498,1957.69,0.000446858,1,0.00295566,0.00124122,-0.0002625,2176.34
0,1850116,5,phononTF,0.000567546,0.00200218,3.73599e-06,0.0002625,296.024,0.000567546,1,0.00179648,0.00016543,-0.0002625,1168.29
0,1859070,5,phononTF,0.000779808,0.0023866,-0.000338044,-0.0002625,15.3471,0.000382,1,0.00199717,4.43251e-06,0.0002625,456.596
0,1860751,8,phononL,0.000404624,0.00239136,-0.000980532,-0.0002625,363.527,0.000382,1,0.00200166,8.57634e-07,0.0002625,764.418
0,1873690,7,phononTS,0.000497202,0.00100007,-0.00100028,0.000262498,760.04,0.000497202,1,0.00107515,-0.000997449,-0.0002625,922.871
0,1875174,15,phononL,0.000712319,-0.00200217,3.05879e-06,0.000262498,2264.35,0.000712319,1,-0.00205215,-0.00055816,-0.0002625,2406.52
0,1877488,6,phononTF,0.000514022,0.00239042,-0.000333907,-0.0002625,6.13491,0.000382,1,0.00200159,3.57722e-07,0.0002625,443.703
0,1877488,5,phononTS,0.000884155,0.00277924,-0.00066817,0.000262498,6.13491,0.000380989,1,0.0027237,-0.00100786,-0.0002625,236.971
0,1877490,15,phononTS,0.000475982,-0.000999414,0.00299972,0.000262498,1713.31,0.000475982,1,-0.00119535,0.00307845,-0.0002625,1927.68
0,1889278,3,phononTF,0.001558,0.00239249,-0.000340916,-0.0002625,6.76788,0.000382,1,0.00199965,-1.10452e-06,0.0002625,447.41
0,1889278,9,phononTS,0.000692177,0.00199965,-1.10452e-06,0.000262498,447.41,0.000692177,1,0.00265985,-9.39001e-05,-0.0002625,757.88
0,1893753,6,phononL,0.00363411,0.00307334,0.000164606,-0.0002625,201.42,0.001528,1,0.00299593,0.00100015,0.0002625,1593.66
0,1893753,15,phononTS,0.000957167,0.00299593,0.00100015,0.000262498,1593.66,0.000473804,1,0.00175822,0.0013449,-0.0002625,2111.63
0,1904011,5,phononTF,0.000532211,0.00189985,0.000178943,-0.0002625,43.1536,0.000382,1,0.000997017,0.00100249,0.0002625,835.639
0,1906215,4,phononL,0.00189581,0.00164389,0.00194373,0.000188133,427.176,0.00101948,1,0.00228677,0.000501753,-0.0002625,1554.11
0,1925824,13,phononTF,0.000684877,0.00165593,-0.00173043,-0.000262498,661.572,0.000382,1,0.000998308,-0.000998246,0.0002625,993.652
0,1928716,11,phononTS,0.000505193,0.00200089,-2.57607e-06,0.0002625,3325.63,0.000505193,1,0.00279706,-0.00127347,-0.0002625,4453.62
0,1928841,13,phononL,0.000576583,0.00100499,-0.00270926,-0.0002625,1456.75,0.000382,1,0.00100102,-0.00299938,0.0002625,1926.59
0,1936770,23,phononTF,0.000793587,7.1644e-05,-0.00206209,-0.0002625,1754.07,0.000382,1,1.02997e-06,-0.00200474,0.0002625,2071.65
0,1938692,19,phononTF,0.000576906,0.00199778,2.1093e-06,0.000262498,1325.74,0.000576906,1,0.00241151,0.000493581,-0.0002625,1571.86
0,1941159,11,phononTF,0.00132694,0.00299702,0.000995657,0.000262498,756.009,0.00114724,1,0.00341387,0.000651453,-0.0002625,979.47
0,1949326,8,phononTS,0.00316588,0.0031417,0.000118677,-0.0002625,299.339,0.001528,1,0.00299878,0.00100356,0.0002625,1194.39
0,1949326,10,phononTS,0.00055983,0.00299878,0.00100356,0.000262498,1194.39,0.00055983,1,0.0029158,0.0010769,-0.0002625,1348.95
0,1957707,14,phononTF,0.000771509,0.00197225,-0.00200642,-0.000262498,1219.34,0.000382,1,0.00200242,-0.0019951,0.0002625,1376.67
0,1957707,4,phononTS,0.00151349,0.0028723,-0.000671777,0.000262498,117.466,0.0014735,1,0.00192051,-0.00101737,-0.0002625,538.411
0,1960557,2,phononTF,0.000555695,0.00238487,-0.000352867,-0.0002625,12.5129,0.000382,1,0.00200452,-3.28781e-06,0.0002625,466.289
0,1964226,10,phononTS,0.000861749,0.00252907,-5.9554e-05,-0.0002625,460.044,0.000382,1,0.00200494,3.56076e-06,0.0002625,903.651
0,1978551,8,phononTF,0.00291548,0.00061793,-0.000546443,-0.0002625,1141.84,0.001528,1,0.000995648,-0.000997438,0.0002625,1608.14
0,1978551,9,phononTF,0.000534001,0.000995648,-0.000997438,0.000262498,1608.14,0.000534001,1,0.000954218,-0.00105215,-0.0002625,1766.72
0,1981549,8,phononTS,0.000994288,0.00189201,0.000447763,-0.0002625,850.01,0.000382,1,0.000995539,0.000995121,0.0002625,1764.2
0,1981549,4,phononTS,0.00076969,0.00274787,-0.000695437,0.000262498,13.5725,0.000641201,1,0.00241262,-0.000763911,-0.0002625,256.251
0,1981549,3,phononTS,0.000960955,0.00274787,-0.000695437,0.000262498,13.5725,0.000960955,1,0.00248747,-0.000756749,-0.0002625,224.972
0,1981549,2,phononTS,0.00425292,0.00232535,-5.0393e-05,-0.000128265,13.5725,0.00306232,1,0.0023317,0.00019397,-0.0002625,802.386
0,1982913,5,phononTS,0.000746847,0.00293238,0.000245832,-0.0002625,7.93898,0.000382,1,0.00299806,0.000997322,0.0002625,1305.68
0,1985615,13,phononTS,0.000605721,0.00299583,0.000995664,0.000262498,1396.44,0.000283425,1,0.00328744,0.00132896,-0.0002625,1675.01
0,1985615,9,phononTF,0.000463392,0.00276094,-0.000730402,0.000262498,28.9183,0.000463392,1,0.0027168,-0.000772439,-0.0002625,186.808
0,1986922,6,phononTF,0.00218358,0.0023606,-0.000356412,-0.0002625,106.016,0.000382,1,0.00199822,-2.36663e-06,0.0002625,548.614
0,1986922,11,phononTS,0.00066946,0.00199822,-2.36663e-06,0.000262498,548.614,0.00066946,1,0.00217037,-8.90415e-05,-0.0002625,759.589
0,2000736,2,phononTF,0.00121957,0.00238303,-0.000339244,-0.0002625,2.39519,0.000382,1,0.0019981,-2.34428e-06,0.0002625,438.94
0,2000736,14,phononTF,0.00074061,0.0019981,-2.34428e-06,0.000262498,438.94,0.00074061,1,0.0019458,-4.51981e-05,-0.0002625,597.033
0,2001176,6,phononTS,0.00237451,0.00200494,-0.00200023,0.000262498,880.897,0.00156646,1,0.00046494,-0.00290552,-0.0002625,1568.39
0,2004396,10,phononTS,0.000383402,0.00193619,-0.000725529,-0.000262498,877.561,0.000382,1,0.00200219,-3.00003e-06,0.0002625,1211.12
0,2005120,9,phononTS,0.000448453,0.000918311,0.00107001,-0.000262498,788.473,0.000382,1,0.00100045,0.00100124,0.0002625,943.657
0,2005120,4,phononTS,0.000930019,0.00276464,-0.000693068,0.000262498,10.4735,0.000680474,1,0.00255256,-0.00146053,-0.0002625,363.506
0,2005120,3,phononTS,0.000893115,0.00276464,-0.000693068,0.000262498,10.4735,0.000893115,1,0.00278367,-0.000478116,-0.0002625,220.743
0,2005120,2,phononTS,0.0033077,0.002637,-0.00121646,-0.000180468,10.4735,0.00254242,1,0.00295809,-0.000901019,-0.0002625,272.501
0,2009916,4,phononTS,0.000399297,0.00156404,-0.000176132,-0.000262498,1433.9,0.000382,1,0.00200081,3.53086e-06,0.0002625,1715.93
0,2010455,3,phononTF,0.00170753,0.00238237,-0.000344081,-0.0002625,21.1671,0.000764,1,0.00199728,-5.09424e-07,0.0002625,462.208
0,2021596,4,phononTS,0.00117499,0.00188959,-0.000837191,-0.0002625,8.20466,0.000764,1,0.0010041,-0.000996466,0.0002625,750.823
0,2022195,6,phononTF,0.000504516,0.00237775,-0.000339658,-0.0002625,29.4406,0.000382,1,0.00199975,-3.63412e-06,0.0002625,466.025
0,2029087,9,phononTS,0.000981803,0.00267258,0.000973893,-0.0002625,8.52759,0.000382,1,0.00199549,0.00199592,0.0002625,1378.18
0,2052871,10,phononTF,0.00051002,0.00294795,-0.000862318,-0.0002625,54.0738,0.000382,1,0.00199989,-4.60613e-06,0.0002625,641.754
0,2065530,12,phononTS,0.000531395,0.00099884,-0.00100157,0.0002625,497.306,0.000531395,1,0.000929391,-0.00108389,-0.0002625,1062.79
0,2083842,7,phononTF,0.000551855,0.00100067,-0.00100438,0.000262498,1585.53,0.000551855,1,0.00120376,-0.000792562,-0.0002625,1765.17
0,2084805,12,phononTF,0.00038488,0.0025282,-0.00049367,-0.000262498,428.257,0.000382,1,0.00199776,3.77233e-06,0.0002625,703.242
0,2084805,4,phononTS,0.00163284,0.00275092,-0.000692706,0.000262498,248.018,0.00109352,1,0.00252066,-0.00156419,-0.0002625,634.937
0,2086500,5,phononL,0.00217705,0.00239636,-0.00133739,-0.0002625,151.006,0.001146,1,0.00199586,-0.0019951,0.0002625,506.612
0,2094205,20,phononTF,0.000983978,0.00240831,-0.000352219,-0.0002625,47.4594,0.000382,1,0.00200141,-3.53342e-06,0.0002625,494.392
0,2094205,22,phononTS,0.000526598,0.00200141,-3.53342e-06,0.000262498,494.392,0.000526598,1,0.00198281,-9.1598e-05,-0.0002625,676.29
0,2097430,5,phononTS,0.0014705,0.0021998,0.000135839,-0.0002625,1656.57,0.000382,1,0.00199761,-1.39966e-06,0.0002625,2489.17
0,2097430,11,phononTS,0.000636315,0.00199761,-1.39966e-06,0.000262498,2489.17,6.8423e-05,1,0.000765242,-0.000179422,-0.0002625,2986.95
0,2102795,19,phononTF,0.000513478,3.98244e-06,1.94709e-06,0.0002625,7350.99,0.000513478,1,-0.000212088,-0.000200296,-0.0002625,7900.77
0,2138604,11,phononTF,0.000728065,0.00199549,-2.05894e-06,0.000262498,451.33,0.000728065,1,0.00171214,-0.000341838,-0.0002625,655.363
0,2139013,7,phononTS,0.000386347,0.0028854,0.00016136,-0.0002625,15.2508,0.000382,1,0.00300458,0.00100041,0.0002625,733.248
0,2139013,6,phononTF,0.000697324,0.00276623,-0.000677687,0.000262498,15.2508,0.000697324,1,0.00222744,-0.00017194,-0.0002625,293.064
0,2139182,8,phononTS,0.000817383,0.00139632,-0.000336466,-0.0002625,8.20421,0.000382,1,2.61392e-06,1.81193e-06,0.0002625,1132.76
0,2139182,7,phononTS,0.00130992,0.00279002,-0.000674742,0.000262498,8.20421,0.000598144,1,0.0028,-0.000763946,-0.0002625,169.199
0,2148805,18,phononTS,0.00144777,0.00200243,-2.30101e-06,0.000262498,479.175,0.0012157,1,-0.000468684,-0.000965199,-0.0002625,1436.78
0,2162610,10,phononTF,0.000834582,0.000387856,6.54493e-05,-0.0002625,1561.28,0.000382,1,4.08512e-06,0.00200047,0.0002625,2917.85
0,2169250,13,phononTS,0.000831401,0.00200301,-4.40986e-06,0.000262498,552.313,0.000355192,1,-9.42749e-05,9.03774e-05,-0.0002625,1420.22
0,2176376,14,phononTF,0.000469573,-0.00187346,-0.00215054,-0.0002625,2100.69,0.000382,1,-0.00200465,-0.00199843,0.0002625,2436.2
0,2176376,12,phononTS,0.000449379,-0.00114074,-0.00187694,0.000262498,1584.68,0.000449379,1,-0.0010512,-0.00190756,-0.0002625,1743.16
0,2184636,5,phononTS,0.00139578,0.00294164,0.00020488,-0.0002625,47.9432,0.000382,1,0.00300162,0.0010017,0.0002625,750.249
0,2184636,9,phononTF,0.000767286,0.00300162,0.0010017,0.000262498,750.249,0.000573861,1,0.00292784,0.00108017,-0.0002625,910.582
0,2190016,3,phononTS,0.00292936,0.0020027,-3.96788e-06,0.0002625,37.1185,0.00292936,1,0.00191736,4.61535e-05,-0.0002625,533.228
0,2190940,8,phononTF,0.00104858,0.00214279,7.82927e-05,-0.0002625,63.6058,0.000382,1,0.00199777,2.44378e-06,0.0002625,772.343
0,2191240,10,phononTS,0.00040749,0.000995856,0.00100482,0.000262498,1014.25,0.00040749,1,0.00102707,0.000313371,-0.0002625,1332.84
0,2195143,6,phononTF,0.000600673,0.00238505,-0.000324417,-0.0002625,70.4616,0.000382,1,0.00199973,1.13632e-06,0.0002625,503.21
0,2195143,5,phononTS,0.00049095,0.00277037,-0.000649969,0.000262498,70.4616,0.00049095,1,0.00473698,0.00171243,-0.0002625,1133.72
0,2195702,20,phononTS,0.000527876,0.00164076,-0.000888049,-0.0002625,1209.51,0.000382,1,0.000995222,-0.00100462,0.0002625,2211.29
0,2207991,8,phononTF,0.000589833,0.00138776,0.000690266,-0.0002625,57.6714,0.000382,1,-2.76453e-06,0.00200328,0.0002625,1253.57
0,2208152,15,phononTF,0.00094964,0.00262713,-0.000669372,-0.0002625,992.042,0.000382,1,0.00200081,-4.62608e-06,0.0002625,1467.13
0,2209359,16,phononTS,0.000440344,0.000998024,-0.00300029,0.000262498,2506.81,0.000440344,1,0.00146485,-0.0025505,-0.0002625,2844.83
0,2209921,12,phononTS,0.000736637,-8.90793e-07,-0.00199677,0.000262498,1773.57,0.000736637,1,-3.70784e-05,-0.00192105,-0.0002625,1928.7
0,2209921,6,phononTS,0.000671991,0.0027996,-0.000679696,0.000262498,52.0925,0.000578544,1,0.00180614,-7.51964e-05,-0.0002625,507.08
0,2209921,5,phononTF,0.00224021,0.00255938,-0.000618234,-2.01955e-05,52.0925,0.00149987,1,0.00325974,-0.000339605,-0.0002625,560.32
0,2213246,18,phononTF,0.000514468,0.00200363,-1.52527e-06,0.0002625,285.346,0.000514468,1,0.00175177,0.000204116,-0.0002625,666.445
0,2213247,5,phononL,0.00543746,0.00217218,-3.95507e-05,-0.000186206,1062.52,0.0025067,1,0.00219125,4.85615e-05,-0.0002625,1670.59
0,2214327,8,phononTF,0.00153326,0.00232088,-0.000245816,-0.0002625,200.294,0.000764,1,0.00200249,1.27293e-06,0.0002625,614.534
0,2216545,13,phononTF,0.000797497,0.00268749,-0.000738746,-0.000262498,251.961,0.000382,1,0.00200046,-4.14598e-06,0.0002625,590.454
0,2225515,6,phononTS,0.000592106,0.00193993,-0.000889751,-0.0002625,161.183,0.000382,1,0.000997851,-0.000996022,0.0002625,990.793
0,2227627,9,phononTS,0.000435946,0.00199923,4.34545e-07,0.000262498,785.677,0.000435946,1,0.00209475,5.2054e-05,-0.0002625,964.059
0,2239476,2,phononTF,0.000716951,0.00131496,0.000617517,-0.0002625,35.7248,0.000382,1,0.00100477,0.000997385,0.0002625,1611.81
0,2244884,6,phononTS,0.000417044,0.00199662,1.01286e-06,0.000262498,444.827,0.000417044,1,0.00245548,-5.77701e-05,-0.0002625,704.771
0,2247998,23,phononTS,0.000478595,-7.29983e-05,0.00047944,-0.000262498,5124.62,0.000382,1,-1.75922e-06,-1.31028e-06,0.0002625,5402.58
0,2251300,14,phononL,0.000705441,0.00245647,-0.00161998,-0.0002625,714.093,0.000382,1,0.00199769,-0.00199582,0.0002625,1018.71
0,2255300,9,phononTF,0.000529015,0.00200154,3.79523e-06,0.0002625,165.991,0.000529015,1,0.00128958,0.000590348,-0.0002625,826.516
0,2258503,4,phononTF,0.000501653,0.00238985,-0.000335161,-0.0002625,5.96266,0.000382,1,0.00200389,2.15589e-06,0.0002625,444.377
0,2258503,3,phononTS,0.000385175,0.005,-0.00236471,0.000246052,5.96266,0.000385175,1,0.00496643,-0.00228288,-0.0002625,1299.12
0,2288293,16,phononTF,0.000395119,0.0001324,0.00026481,-0.0002625,2375.57,0.000382,1,-1.85421e-07,1.43032e-06,0.0002625,3055.74
0,2294193,10,phononTS,0.000649972,0.00205639,5.86872e-05,-0.000262498,363.923,0.000382,1,0.00200352,5.00309e-07,0.0002625,522.458
0,2315263,13,phononTS,0.000578474,0.00199887,-0.00200319,0.000262498,2749.5,0.000578474,1,0.00208817,-0.00192469,-0.0002625,2903.52
0,2316058,5,phononTF,0.00334824,0.00195929,4.70451e-05,0.00022644,21.1089,0.000382,1,0.00199688,3.65098e-06,0.0002625,497.007
0,2331222,8,phononTS,0.000931954,0.00237192,-0.000334764,-0.0002625,49.6999,0.000382,1,0.00200258,4.73515e-06,0.0002625,640.31
0,2354129,19,phononTS,0.000591127,0.00176219,-0.0013154,-0.000262498,606.867,0.000382,1,0.00200388,-1.58624e-06,0.0002625,1135.09
0,2372131,14,phononTF,0.000512797,0.00200427,1.43591e-06,0.000262498,967.502,0.000512797,1,0.00227105,-0.000279669,-0.0002625,1162.37
0,2372131,3,phononTF,0.000388639,0.00272019,-0.000704031,0.000262498,19.6973,0.000388639,1,0.00282728,-0.000841502,-0.0002625,184.555
0,2372131,2,phononTS,0.000952146,0.00272019,-0.000704031,0.000262498,19.6973,0.000378231,1,0.00222869,-0.000692164,-0.0002625,286.922
0,2373415,18,phononTF,0.00101715,0.00186918,-9.72298e-05,-0.0002625,1522.88,0.000764,1,0.00199941,4.12198e-06,0.0002625,1850.97
0,2385192,9,phononTS,0.00190615,0.0023767,-0.000128646,0.000132278,646.458,0.000382,1,0.00200326,3.34239e-06,0.0002625,968.172
0,2385192,15,phononTS,0.000733792,0.00200326,3.34239e-06,0.000262498,968.172,0.000733792,1,0.00241777,-8.7563e-05,-0.0002625,1215.02
0,2391623,26,phononTS,0.000440855,0.0010014,-0.000995028,0.000262498,2517.85,0.000440855,1,0.000942619,-0.00105495,-0.0002625,2673.39
0,2397425,5,phononTF,0.000689125,0.00238003,-0.000338078,-0.0002625,10.1214,0.000382,1,0.00200029,-3.45464e-06,0.0002625,444.573
0,2404272,9,phononTF,0.000939595,0.00200319,0.00199871,0.0002625,2512.96,0.000249392,1,0.00375312,0.00153781,-0.0002625,3453.01
0,2409420,7,phononTS,0.0015731,0.00200181,-0.00199998,0.000262498,997.2,0.000271561,1,0.0022788,-0.00192415,-0.0002625,1212.13
0,2411714,6,phononTS,0.00112567,0.0017366,-4.57786e-06,-6.19546e-05,1264.09,0.000382,1,0.00100457,0.000998961,0.0002625,1957.05
0,2412844,16,phononTS,0.000598342,0.00300076,0.00100211,0.0002625,998.041,0.000598342,1,0.00298182,0.000939028,-0.0002625,1362.83
0,2414798,8,phononTS,0.00121495,0.00189303,-0.000832853,-0.0002625,10.3145,0.000382,1,0.000995824,-0.00100049,0.0002625,810.933
0,2416784,16,phononL,0.00338663,0.00150554,-0.000649622,-0.0002625,823.404,0.000382,1,0.00100055,-0.000999741,0.0002625,1128.68
0,2423889,8,phononTF,0.000482278,0.00300124,0.00100466,0.000262498,2110.03,0.000482278,1,0.00415048,0.00215581,-0.0002625,2620.64
0,2425101,17,phononTS,0.000629666,0.00200499,-0.00200332,0.000262498,3908.43,0.000321545,1,0.00206748,-0.00198352,-0.0002625,4064.76
0,2434030,4,phononTS,0.00142814,0.00187947,-0.000833844,-0.0002625,10.4971,0.000382,1,0.000999181,-0.000998565,0.0002625,750.019
0,2434273,10,phononTS,0.000448448,0.00305158,-0.000383624,-0.0002625,253.249,0.000382,1,0.00199531,-1.46241e-06,0.0002625,1231.58
0,2442944,14,phononTS,0.000459264,-0.00199702,-0.00200302,0.0002625,2968.1,0.000459264,1,-0.00174872,-0.00192682,-0.0002625,3384.8
0,2454401,19,phononTS,0.000432321,0.000694593,-0.00202489,-0.0002625,2685.04,0.000382,1,3.01024e-06,-0.00200489,0.0002625,3334.38
0,2454678,16,phononTS,0.000482916,0.000996067,-0.00100337,0.000262498,1699.45,0.000482916,1,0.000843442,-0.00105277,-0.0002625,1901.36
0,2473882,4,phononTS,0.000722679,0.00199862,3.633e-06,0.0002625,144.261,0.000722679,1,0.00151617,0.000245905,-0.0002625,1052.47
0,2476384,8,phononTF,0.000938524,0.00238241,-0.000329141,-0.0002625,15.1191,0.000382,1,0.00200194,-3.19439e-07,0.0002625,466.808
0,2476384,7,phononTS,0.00186022,0.00276287,-0.000657961,0.000262498,15.1191,0.000820103,1,0.00284088,-0.000578487,-0.0002625,169.51
0,2483343,11,phononTF,0.000456546,0.0023834,-0.00142157,-0.0002625,1217.02,0.000382,1,0.00199987,-0.00199725,0.0002625,1777.81
0,2483343,4,phononTF,0.00141017,0.00272841,-0.000817578,0.000262498,159.572,0.00100527,1,0.00227691,-0.00133649,-0.0002625,417.168
0,2483343,2,phononTF,0.00486001,0.00276173,-0.0006791,0.000184053,96.0093,0.00441254,1,0.00272736,-0.000706943,-0.0002625,230.043
0,2485729,15,phononTF,0.00112728,-0.00100106,-0.00100324,0.000262498,2267.27,0.00074985,1,-0.00102822,-0.000933425,-0.0002625,2426.73
0,2485729,12,phononTS,0.00127702,0.00219619,0.00050352,0.000262499,614.124,0.00108286,1,0.00225761,0.000446422,-0.0002625,770.525
0,2487395,6,phononTF,0.000453429,0.00238256,-0.000309733,-0.0002625,36.5016,0.000382,1,0.00199815,4.57948e-06,0.0002625,465.009
0,2508588,11,phononTF,0.000462859,0.00374267,-0.000666908,-0.000262498,407.108,0.000382,1,0.00300075,0.00099624,0.0002625,1017.76
0,2508588,4,phononTS,0.00210295,0.00276179,-0.000697649,0.000262498,7.78353,0.000807396,1,0.00267169,-0.00073172,-0.0002625,165.847
0,2515443,10,phononTS,0.000382861,0.000357969,-0.00120823,-0.0002625,1464.41,0.000382,1,2.44558e-06,-0.00199809,0.0002625,2258.89
0,2515443,7,phononTS,0.00138738,0.0027124,-0.000726892,0.000262498,47.8626,0.000400455,1,0.0020635,-0.00133193,-0.0002625,457.759
0,2524778,3,phononTS,0.00144971,0.00289506,0.000160749,-0.0002625,23.268,0.000382,1,0.00300032,0.00100124,0.0002625,742.479
0,2524778,13,phononTS,0.000591162,0.00300032,0.00100124,0.000262498,742.479,0.000591162,1,0.00304121,0.000443918,-0.0002625,1036.66
0,2534956,21,phononTF,0.000397221,-1.55611e-06,-1.44022e-06,0.000262498,1495.06,0.000397221,1,0.000207198,-0.000171302,-0.0002625,1670.71
0,2541755,10,phononTS,0.000499508,0.0019977,-4.72178e-06,0.0002625,537.494,0.000499508,1,0.000541219,0.000290499,-0.0002625,1272.9
0,2543222,14,phononTS,0.000382397,0.000159665,-0.00316294,-0.000262498,1860.2,0.000382,1,-1.12267e-06,-0.00200346,0.0002625,2309.59
0,2547423,11,phononTF,0.000707012,0.00244716,-0.000494194,-0.000262498,1103.7,0.000382,1,0.00100067,0.000998576,0.0002625,1748.06
0,2563323,5,phononTS,0.000694308,0.00190252,-0.000856374,-0.0002625,89.8942,0.000382,1,0.00100187,-0.00100152,0.0002625,889.82
0,2567456,2,phononTF,0.00253524,0.00237936,-0.000339686,-0.0002625,6.15315,0.000382,1,0.00200338,-6.30202e-07,0.0002625,443.774
0,2575588,7,phononTS,0.000547973,0.00200336,-2.23358e-06,0.0002625,842.458,0.000547973,1,0.00200452,-1.56983e-05,-0.0002625,1181.35
0,2578264,22,phononTF,0.000802969,0.00157653,-0.000348706,-0.000262498,763.833,0.000382,1,0.00200043,1.13048e-06,0.0002625,989.17
0,2578265,3,phononTS,0.00367779,0.0030536,8.39524e-05,0.00015216,74.0485,0.00164798,1,0.00330202,0.00103477,-0.0002625,757.125
0,2581168,4,phononTF,0.00151624,0.00237646,-0.000352417,-0.0002625,85.5282,0.000382,1,0.00200099,-2.87089e-06,0.0002625,527.829
0,2581168,11,phononTF,0.000964458,0.00200099,-2.87089e-06,0.000262498,527.829,0.000523985,1,0.00184586,-0.000182541,-0.0002625,700.1
0,2581513,11,phononTS,0.000688901,0.00200047,-4.20666e-06,0.000262498,2636.06,0.000688901,1,0.00197098,1.27576e-05,-0.0002625,2792.66
0,2585541,13,phononTS,0.000796375,0.00200476,0.00200468,0.000262498,3630.92,0.000796375,1,0.00195779,0.00208935,-0.0002625,3807.48
0,2585541,6,phononTS,0.000951152,0.00289454,0.000172088,0.000262498,1383.24,0.000951152,1,0.00230281,0.000309686,-0.0002625,1697.62
0,2586245,14,phononTF,0.000620112,0.00200049,2.92356e-06,0.000262498,3933.9,0.000620112,1,0.00220833,-0.000204866,-0.0002625,4115.86
0,2586245,11,phononTF,0.000467963,0.00220787,-0.000617626,0.000262498,2661,0.000467963,1,0.00226135,-0.000659025,-0.0002625,2819.07
0,2586245,10,phononTS,0.000551507,0.00220787,-0.000617626,0.000262498,2661,0.000551507,1,0.00346369,-0.000808548,-0.0002625,3166.46
0,2588654,6,phononTS,0.00098134,0.00271126,-0.000789976,-0.0002625,42.5782,0.000764,1,0.00300295,0.000997337,0.0002625,950.425
0,2588654,5,phononTF,0.000415879,0.00269932,-0.00070835,0.000262498,42.5782,0.000415879,1,0.00279056,-0.000815529,-0.0002625,204.978
0,2592040,14,phononTS,0.000411803,-0.000997486,0.00100038,0.000262498,2701.62,0.000411803,1,-0.00148413,0.000849507,-0.0002625,2991.38
0,2602311,3,phononTS,0.00094179,0.00138287,-0.000344312,-0.0002625,15.6793,0.000764,1,3.53092e-06,-4.94342e-06,0.0002625,1128.27
0,2602311,2,phononTS,0.000837044,0.00276219,-0.00068368,0.000262498,15.6793,0.000374318,1,0.00277029,-0.000659784,-0.0002625,182.735
0,2602712,4,phononTF,0.00101165,0.00235536,-0.000326986,-0.0002625,147.123,0.000764,1,0.00200042,3.07221e-06,0.0002625,573.653
0,2602712,3,phononTF,0.00133475,0.0027103,-0.000657042,0.000262498,147.123,0.00133475,1,0.00220486,-0.000249568,-0.0002625,409.49
0,2602712,2,phononTS,0.00104463,0.0027103,-0.000657042,0.000262498,147.123,0.000502653,1,0.00397827,0.00120866,-0.0002625,986.425
0,2602871,7,phononTF,0.00114522,0.00199741,-1.01504e-06,0.0002625,80.2851,0.000672862,1,0.00132101,0.000546831,-0.0002625,877.439
0,2607319,10,phononTS,0.000420113,0.00183769,-0.0011365,-0.0002625,434.888,0.000382,1,0.000995872,-0.00100488,0.0002625,1154.03
0,2607319,3,phononTS,0.00161601,0.00273623,-0.000717375,0.000262498,49.3088,0.00161601,1,0.00304968,-0.00153142,-0.0002625,446.368
0,2613946,14,phononL,0.000471633,0.00243403,0.000138016,-0.0002625,543.856,0.000382,1,0.0020016,-2.60248e-06,0.0002625,805.022
0,2620978,13,phononTS,0.00055465,-0.0029999,-0.00100486,0.000262498,2986.64,0.00055465,1,-0.00300949,-0.000916302,-0.0002625,3147.72
0,2635040,12,phononL,0.000621092,0.00100164,-0.00099654,0.0002625,981.664,0.000621092,1,0.000573148,-0.00122621,-0.0002625,1250.89
0,2635040,4,phononTF,0.000454339,0.00278537,-0.000657226,0.000262498,21.818,0.000454339,1,0.0034127,-0.0012348,-0.0002625,320.416
0,2643986,9,phononTF,0.000517733,0.0023893,-0.00133949,-0.0002625,10.5979,0.000382,1,0.00199894,-0.00199792,0.0002625,618.283
0,2645117,16,phononTF,0.000911118,0.00234912,-0.000413171,-0.000262498,808.497,0.000382,1,0.00200479,3.40725e-06,0.0002625,1031.96
0,2675341,6,phononTS,0.000475191,0.00239051,0.000641426,-0.0002625,38.2947,0.000382,1,0.00200257,0.00199574,0.0002625,1143.82
0,2692648,15,phononTS,0.000530245,0.005,-0.00368983,-2.46115e-05,154.503,0.000530245,1,0.00483022,-0.0033121,-0.0002625,2707.15
0,2692648,2,phononTS,0.00203856,0.0027814,-0.000669399,0.000262498,15.1753,0.000924597,1,0.00270546,-0.000665348,-0.0002625,170.415
0,2694650,2,phononTF,0.000616107,0.00235454,-0.000316686,-0.0002625,90.2407,0.000382,1,0.00200168,2.80839e-06,0.0002625,512.961
0,2709911,19,phononTS,0.00067208,0.00199942,-3.80166e-06,0.0002625,1117.94,0.00067208,1,0.00183146,6.45573e-05,-0.0002625,1501.35
0,2714398,12,phononTS,0.00129163,0.00200465,3.95906e-06,0.000262498,732.963,0.00123295,1,0.00218009,-2.85889e-05,-0.0002625,929.612
0,2714398,5,phononTF,0.00265527,0.00202763,-0.000882907,0.000224902,174.382,0.000349494,1,0.00197406,-0.000813779,-0.0002625,838.223
0,2716457,14,phononTF,0.0004103,0.00199531,1.41942e-06,0.000262498,608.091,0.0004103,1,0.00350236,0.00308332,-0.0002625,1688.41
0,2716457,10,phononTS,0.000475686,0.00258371,-0.000707085,0.000262498,195.086,0.000475686,1,0.00253641,-0.000741388,-0.0002625,365.598
0,2719366,5,phononTS,0.00055607,0.00233906,-0.000361849,-0.0002625,106.853,0.000382,1,0.00200071,-3.94159e-06,0.0002625,692.331
0,2719366,4,phononTF,0.000898345,0.0026774,-0.000719756,0.000262498,106.853,0.000810331,1,0.00300956,-0.000405888,-0.0002625,314.68
0,2768365,6,phononTF,0.00210215,0.00238815,-0.0003353,-0.0002625,4.81949,0.000382,1,0.00200192,-4.73768e-06,0.0002625,439.526
0,2768365,8,phononTS,0.00129538,0.00200192,-4.73768e-06,0.000262498,439.526,0.000769181,1,0.00120753,0.00142027,-0.0002625,1077.14
0,2774009,9,phononTS,0.000613777,0.00207838,-8.88452e-05,-0.000262498,356.53,0.000382,1,0.00199989,1.21759e-07,0.0002625,510.57
0,2782782,3,phononTS,0.00537245,0.00199665,-1.78476e-05,0.000203904,1.11218,0.000382,1,0.00200174,-2.9495e-06,0.0002625,938.06
0,2782782,7,phononTS,0.00253549,0.00200174,-2.9495e-06,0.000262498,938.06,0.00213977,1,0.00192821,0.000254841,-0.0002625,1148.83
0,2801245,6,phononTF,0.00216802,0.0023508,-0.000356985,-0.0002625,29.761,0.000764,1,0.00200303,1.16897e-06,0.0002625,462.536
0,2805674,17,phononTS,0.000622244,-4.6708e-06,2.60169e-06,0.000262498,1357.63,0.000622244,1,-0.000301017,-4.73032e-05,-0.0002625,1589.17
0,2806757,12,phononTS,0.000497572,0.00198596,-0.00353166,-0.000262498,2046.25,0.000382,1,0.0010026,-0.00300319,0.0002625,2522.13
0,2828077,16,phononTS,0.000582298,0.00158902,-0.000962051,-0.000262498,1638.65,0.000382,1,0.000996205,-0.000999418,0.0002625,1931.92
0,2828077,9,phononL,0.000613751,0.00159748,-0.00215087,0.000262498,835.351,0.000613751,1,0.00178231,-0.00165665,-0.0002625,974.348
0,2834438,19,phononL,0.000398445,-2.14453e-06,-4.25044e-06,0.000262498,3265.6,0.000398445,1,-0.000320676,0.000189986,-0.0002625,3389.05
0,2835027,8,phononTF,0.000551901,0.00218967,-0.00189386,-0.0002625,1100.58,0.000382,1,0.00199637,-0.00200073,0.0002625,1453.39
0,2849147,15,phononTS,0.000573435,0.0030022,0.00099576,0.000262498,1429.3,0.000211987,1,0.00294421,0.00107111,-0.0002625,1585.91
0,2863921,5,phononTS,0.00123684,0.00189793,-0.000843662,-0.0002625,14.1273,0.000382,1,0.00100366,-0.000995351,0.0002625,762.024
0,2873499,11,phononTF,0.000537746,0.00199693,-3.58754e-06,0.0002625,859.864,0.000537746,1,0.00154758,0.000292817,-0.0002625,1345.2
0,2873499,7,phononL,0.00220827,0.00277483,-0.000689022,0.000262498,33.4516,0.00205761,1,0.00379664,-0.000474721,-0.0002625,251.873
0,2873520,10,phononTS,0.000557297,0.00305945,0.000941635,-0.0002625,762.18,0.000382,1,0.00300361,0.000997587,0.0002625,1073.58
0,2889037,13,phononTS,0.00164913,0.00300433,0.000997392,0.000262498,767.566,0.00118952,1,0.00331988,0.000987065,-0.0002625,996.701
0,2916910,21,phononTS,0.000655449,0.00199887,-0.00200459,0.000262498,974.309,0.000655449,1,0.00192011,-0.00231602,-0.0002625,1196.96
0,2916910,14,phononTS,0.00090004,0.00216631,-0.00141259,0.000262498,536.706,0.00090004,1,0.0022044,-0.00133705,-0.0002625,691.823
0,2924037,9,phononTF,0.000710915,0.00199804,-4.159e-06,0.0002625,10.4685,0.000710915,1,0.0014269,-0.000489838,-0.0002625,725.989
0,2924037,8,phononTS,0.00139779,0.00277446,-0.000640511,0.000262498,10.4685,0.000669188,1,0.00357438,-0.000558953,-0.0002625,374.351
0,2939714,13,phononL,0.000402551,0.00199997,-4.98522e-06,0.0002625,1854.84,0.000402551,1,0.00190363,0.000536087,-0.0002625,2136.38
0,2939715,3,phononTS,0.00442126,0.00291681,-1.14859e-05,-0.000157909,69.7937,0.003255,1,0.00290554,-7.74711e-05,-0.0002625,669.101
0,2947175,9,phononTS,0.000438025,0.00100435,-0.000999579,0.0002625,349.272,0.000438025,1,0.000961906,-0.000235712,-0.0002625,1483.47
0,2947584,6,phononTF,0.000468286,0.00100408,-0.00100458,0.000262498,748.164,0.000468286,1,0.00130312,-0.000705022,-0.0002625,949.624
0,2953752,15,phononTS,0.00071989,0.00277143,-0.00109999,-0.000262498,318.521,0.000382,1,0.00200138,8.94424e-07,0.0002625,823.946
0,2953752,11,phononTF,0.000946778,0.00291158,-0.000989544,0.000262498,153.234,0.000946778,1,0.00244224,-0.00132741,-0.0002625,402.717
0,2957796,4,phononTF,0.0016054,0.00242224,-0.000360178,-0.0002625,135.356,0.000382,1,0.00200182,-2.19543e-06,0.0002625,588.242
0,2957796,16,phononL,0.00107827,0.00200182,-2.19543e-06,0.000262498,588.242,0.000601647,1,0.00295326,7.75165e-05,-0.0002625,789.054
0,2965130,16,phononL,0.000729017,0.0010021,-0.00100416,0.000262498,807.763,0.000729017,1,0.00169479,-0.00080481,-0.0002625,973.423
0,2968593,15,phononTS,0.0023272,0.00292823,0.000287606,-0.0002625,675.75,0.000382,1,0.00299821,0.00100374,0.0002625,1320.89
0,2980035,5,phononTF,0.00118003,0.00239665,-0.000326138,-0.0002625,36.7261,0.000382,1,0.00199974,4.22916e-06,0.0002625,474.074
0,2980035,8,phononTS,0.00045582,0.00199974,4.22916e-06,0.000262498,474.074,0.00045582,1,0.00255525,-0.000322178,-0.0002625,808.376
0,2986312,18,phononTS,0.000479637,0.00234367,-0.000152068,-0.000262498,353.242,0.000382,1,-0.000995492,0.00300419,0.0002625,1853.02
0,2988214,14,phononTF,0.00102994,0.00299818,0.000996178,0.0002625,879.253,0.000641901,1,0.00278759,0.000830207,-0.0002625,2383.06
0,2991725,3,phononTF,0.00051883,0.00264635,-0.000696219,-0.0002625,115.595,0.000382,1,0.00200171,3.07019e-06,0.0002625,1226.72
0,2991725,2,phononTF,0.000402915,0.00275068,-0.000755628,0.000262498,115.595,0.000402915,1,0.00283044,-0.000698511,-0.0002625,276.079
0,2996997,11,phononTS,0.000438044,0.0020606,-0.00194005,-0.000262498,503.966,0.000382,1,0.00199623,-0.00200315,0.0002625,659.761
0,3043983,2,phononTS,0.00407872,0.00258619,-0.000338614,-5.24673e-05,1700.4,0.000764,1,0.00199792,-2.23395e-06,0.0002625,1968.78
0,3044259,7,phononTF,0.000713149,0.00188855,0.000163766,-0.0002625,17.3948,0.000382,1,0.000995507,0.00100286,0.0002625,812.933
0,3049308,16,phononTF,0.000514663,0.00199536,1.34273e-06,0.000262498,2322.61,0.000514663,1,0.00218922,7.20818e-05,-0.0002625,2498.58
0,3053009,2,phononTF,0.00446069,0.00206438,-6.10453e-05,8.3003e-05,151.684,0.001146,1,0.00199637,4.23851e-06,0.0002625,1172.52
0,3053009,10,phononTS,0.00126656,0.00199637,4.23851e-06,0.000262498,1172.52,0.000716761,1,0.00196463,-5.93831e-05,-0.0002625,1332.77
0,3068242,7,phononTF,0.000532907,0.00238599,-0.00133502,-0.0002625,3.64424,0.000382,1,0.00199842,-0.00199505,0.0002625,612.031
0,3080219,16,phononL,0.000403342,0.00146986,-0.000816803,-0.000262498,839.024,0.000382,1,0.000996047,-0.000995933,0.0002625,975.489
0,3080382,18,phononTS,0.000438366,-0.000998421,0.00299759,0.000262498,4840.38,0.000438366,1,0.000482199,0.00365867,-0.0002625,5471.21
0,3089648,17,phononTS,0.000994508,0.00100308,-0.00299593,0.000262498,2553.72,0.000994508,1,0.0010759,-0.00293838,-0.0002625,2708.78
0,3089649,5,phononTS,0.00665803,0.00200689,-0.000349778,-0.000116511,662.085,0.00316239,1,0.00199086,-0.000348983,-0.0002625,2098.95
0,3092372,17,phononTS,0.000582008,0.00283925,-0.000831485,-0.000262499,663.888,0.000382,1,0.000997007,0.00100033,0.0002625,1526.25
0,3097371,4,phononL,0.000680774,0.00226146,-0.000476317,-0.0002625,850.982,0.000382,1,0.00199952,3.07288e-06,0.0002625,1104.18
0,3100788,14,phononTS,0.000493799,0.00206148,0.000643126,-0.0002625,1233.25,0.000382,1,0.00199507,-1.74708e-06,0.0002625,1845.55
0,3100788,11,phononTS,0.000552717,0.002986,-0.000465171,0.000262498,349.241,0.000552717,1,0.00307211,-6.65584e-05,-0.0002625,592.395
0,3109596,5,phononTS,0.00051373,0.00188789,-0.00083538,-0.0002625,10.8521,0.000382,1,0.000996632,-0.00100065,0.0002625,756.635
0,3109596,4,phononTS,0.00302593,0.00277915,-0.000670113,0.000262498,10.8521,0.00186838,1,0.00278069,-0.000709149,-0.0002625,177.088
0,3110905,15,phononTS,0.000626628,0.000855401,0.000151247,-0.0002625,362.658,0.000382,1,-0.000997503,0.000997491,0.0002625,1888.63
0,3110905,2,phononTS,0.000430444,0.00276186,-0.000700889,0.000262498,36.3572,0.000430444,1,0.00275357,-0.000731374,-0.0002625,212.49
0,3111536,11,phononTS,0.00078815,0.00200344,2.9345e-06,0.000262498,472.057,0.00078815,1,0.005,0.00368954,-1.47152e-05,1921
0,3111684,11,phononTS,0.000524782,0.00299719,0.00100252,0.000262498,414.344,0.000524782,1,0.00295179,0.00122405,-0.0002625,617.579
0,3111684,9,phononTF,0.000463488,0.00276116,-0.000643685,0.000262498,51.7626,0.000463488,1,0.00253908,-0.000434338,-0.0002625,234.618
0,3117529,10,phononTS,0.000524016,-0.00102979,-0.000964341,-0.000262498,3740.2,0.000382,1,-0.000996131,-0.000998017,0.0002625,3896.64
0,3119183,17,phononTS,0.000402275,0.00200336,-0.00200013,0.000262498,1547.39,0.000402275,1,0.00205798,-0.00131367,-0.0002625,1865.35
0,3119184,3,phononTS,0.00317544,0.00321468,-0.000890529,0.000115586,34.4789,0.00161797,1,0.00324864,-0.000829071,-0.0002625,344.203
0,3130301,2,phononTF,0.000748503,0.0023866,-0.000332949,-0.0002625,40.0597,0.000382,1,0.00199514,3.86126e-06,0.0002625,498.066
0,3130302,3,phononTS,0.00376406,-9.94971e-05,-0.000511852,-0.00016356,283.265,0.00180445,1,-8.23477e-05,-0.000499632,-0.0002625,1506.21
0,3140172,3,phononTF,0.00316113,0.0013838,-0.000544264,-0.0002625,8.4842,0.000764,1,0.00100337,-0.00099709,0.0002625,939.237
0,3147031,11,phononTS,0.000795008,0.000989987,-0.000112478,-0.0002625,575.173,0.000382,1,-1.82628e-06,4.76889e-06,0.0002625,1442.69
0,3148188,14,phononTF,0.00141032,0.00239113,-0.000375044,-0.0002625,373.995,0.000764,1,0.00200387,-6.81675e-07,0.0002625,829.548
0,3151740,10,phononTS,0.000542751,0.00199913,-4.41492e-06,0.0002625,1517.22,0.000542751,1,0.00192526,6.413e-05,-0.0002625,1865.74
0,3155272,4,phononTF,0.000412171,0.0023797,-0.000334909,-0.0002625,9.97497,0.000382,1,0.0020006,-3.65402e-06,0.0002625,444.642
0,3155272,3,phononTF,0.0019107,0.00275879,-0.000666163,0.000262498,9.97497,0.00142444,1,0.00305462,-0.000828872,-0.0002625,209.297
0,3163283,4,phononTS,0.00276925,0.005,-0.000668157,-0.000194727,47.9486,0.000548514,1,0.00484445,-0.000771781,-0.0002625,3472.7
0,3165531,21,phononTF,0.00063185,0.00227772,-0.000300184,-0.000262498,251.262,0.000382,1,0.00200285,-3.12319e-06,0.0002625,454.532
0,3186102,12,phononTF,0.000712315,0.00200222,-1.24603e-06,0.000262498,539.861,0.000434084,1,0.00150729,-0.000454648,-0.0002625,795.437
0,3186102,2,phononTS,0.00322884,0.00282771,-0.000709528,0.000262498,90.2954,0.00122733,1,0.00316542,-0.000708493,-0.0002625,319.915
0,3202607,10,phononTS,0.00124803,0.000332475,-0.000136824,-0.0002625,1217.91,0.000382,1,3.94991e-06,-1.71225e-06,0.0002625,1718.97
0,3202607,11,phononTF,0.000712983,3.94991e-06,-1.71225e-06,0.000262498,1718.97,0.000265582,1,0.000954788,0.00116893,-0.0002625,2210.11
0,3204822,13,phononTS,0.000519827,0.00205802,-9.19255e-05,-0.000262498,919.46,0.000382,1,0.00199575,-2.20098e-06,0.0002625,1074.73
0,3213773,5,phononTF,0.000513546,0.00240303,-0.00033237,-0.0002625,16.7345,0.000382,1,0.00200381,-4.35718e-06,0.0002625,453.564
0,3220376,19,phononTS,0.000660294,0.00300197,0.000995498,0.000262498,2870.03,0.000660294,1,0.0024432,0.00101273,-0.0002625,3146.26
0,3220376,16,phononTF,0.00145154,0.00310343,0.00103435,0.000262498,2231.51,0.000870077,1,0.00281643,0.00132194,-0.0002625,2433.26
0,3237205,3,phononTF,0.00189716,0.00235676,-0.000390511,-0.0002625,259.657,0.000382,1,0.00200237,3.18546e-06,0.0002625,704.334
0,3237205,12,phononTF,0.000555274,0.00200237,3.18546e-06,0.000262498,704.334,0.000555274,1,0.00222821,0.000251169,-0.0002625,891.477
0,3243702,11,phononTF,0.00127114,0.00119237,-0.00275647,-0.0002625,1847.7,0.000382,1,0.000996143,-0.00300238,0.0002625,2211.52
0,3247774,8,phononTF,0.00119163,-0.00241693,-0.005,4.50321e-06,179.197,0.000382,1,-0.00299987,-0.0010023,0.0002625,8026.07
0,3253369,17,phononTS,0.000830935,0.00288049,0.00024087,-0.0002625,179.108,0.000382,1,0.00299522,0.000998704,0.0002625,873.088
0,3254704,4,phononTF,0.00248367,0.00138528,0.000660987,-0.0002625,5.41773,0.000382,1,-1.36764e-06,0.00199773,0.0002625,1197.61
0,3260882,24,phononTS,0.000494042,-0.005,0.00296984,-0.000148976,717.014,0.000494042,1,-0.00484768,0.00294541,-0.0002625,5987.52
0,3260882,10,phononTS,0.00121455,0.00277009,-0.000691698,0.000262498,27.6247,0.000976622,1,0.00383808,2.92203e-05,-0.0002625,517.59
0,3267068,11,phononTS,0.000547959,0.00207642,6.03534e-05,-0.000262498,341.401,0.000382,1,0.00199887,-2.21936e-06,0.0002625,496.968
0,3283272,13,phononTS,0.00145286,0.00292613,0.00057977,-0.0002625,604.368,0.000382,1,0.00300337,0.00100377,0.0002625,1040.2
0,3283272,18,phononTS,0.000912644,0.00300337,0.00100377,0.000262499,1040.2,0.000836527,1,0.00320123,0.000772414,-0.0002625,1280.99
0,3285016,3,phononTF,0.00139094,0.00239963,-0.000339652,-0.0002625,39.0094,0.000382,1,0.0020011,-2.04581e-06,0.0002625,479.169
0,3287530,4,phononTF,0.00196336,0.00199763,1.47412e-06,0.0002625,8.95862,0.00175652,1,0.00176794,0.000183377,-0.0002625,629.975
0,3293640,12,phononTF,0.000665206,0.00184567,-0.000174365,-0.000262498,680.789,0.000382,1,0.00199589,3.04751e-06,0.0002625,852.288
0,3305555,9,phononL,0.000788707,0.00287504,0.000182753,-0.0002625,39.3014,0.000382,1,0.00300058,0.00099918,0.0002625,400.382
0,3309338,6,phononTF,0.000646785,0.00238113,-0.000330964,-0.0002625,66.4322,0.000382,1,0.00200396,-5.20002e-07,0.0002625,498.852
0,3309338,5,phononTS,0.000844258,0.00275829,-0.000661406,0.000262498,66.4322,0.000844258,1,0.00316748,-0.00129501,-0.0002625,434.098
0,3310596,17,phononTF,0.000642043,0.00142278,0.000645061,-0.0002625,1527.02,0.000382,1,0.000997268,0.00099812,0.0002625,1979.35
0,3318414,17,phononTS,0.000732311,0.00217899,-4.16269e-05,-0.000262498,708.863,0.000382,1,0.00199505,1.22208e-06,0.0002625,915.887
0,3318414,12,phononTF,0.000572098,0.00269286,-0.000605365,0.000262498,431.745,0.00018328,1,0.0024539,-0.000903,-0.0002625,624.4
0,3321772,9,phononTF,0.00048003,0.000944768,-0.00115956,-0.0002625,518.457,0.000382,1,2.40166e-06,-0.00200412,0.0002625,1354.86
0,3328437,8,phononTF,0.000429938,0.00238652,-0.000339382,-0.0002625,9.9077,0.000382,1,0.001996,-1.52179e-06,0.0002625,449.31
0,3328437,7,phononTS,0.000614588,0.00277705,-0.00067724,0.000262498,9.9077,0.000614588,1,0.00280684,-0.000726538,-0.0002625,169.439
0,3363981,6,phononTF,0.000922915,0.00238384,-0.000340517,-0.0002625,7.70727,0.000382,1,0.00199859,-3.25387e-06,0.0002625,444.456
0,3365533,20,phononTS,0.00058161,0.00188868,-0.00287269,-0.0002625,2022.23,0.000382,1,0.000999891,-0.00299728,0.0002625,3595.01
0,3366688,12,phononL,0.000651949,0.00100409,0.000999963,0.000262498,1305.41,0.000651949,1,0.000786456,0.00116903,-0.0002625,1422.22
0,3373061,6,phononTS,0.00166703,0.00280133,-0.00140845,-0.0002625,823.192,0.000382,1,0.0020015,-0.00200295,0.0002625,1505.76
0,3375593,11,phononTS,0.000400234,0.00100284,0.00100081,0.0002625,822.374,0.000400234,1,0.00172394,0.000578844,-0.0002625,1726.37
0,3377391,2,phononTF,0.00447934,0.00203867,3.14513e-05,0.000242456,2.79628,0.000764,1,0.00199846,2.6373e-06,0.0002625,409.079
0,3377391,14,phononTS,0.00138791,0.00199846,2.6373e-06,0.000262498,409.079,0.00130345,1,0.0020402,0.000457705,-0.0002625,677.243
0,3377391,13,phononL,0.00160583,0.00199846,2.6373e-06,0.000262498,409.079,0.00160583,1,0.00199695,0.000935795,-0.0002625,605.86
0,3378053,20,phononL,0.000453369,0.00199503,0.00200283,0.000262498,3461.79,0.000453369,1,0.00351883,0.00279154,-0.0002625,3819.36
0,3389610,10,phononTF,0.000433954,0.00199601,1.00655e-06,0.0002625,209.631,0.000433954,1,0.0015919,0.000401925,-0.0002625,917.361
0,3392430,15,phononL,0.000776365,0.00113077,-0.000901511,-0.0002625,1215.25,0.000382,1,0.000996823,-0.000998002,0.0002625,1439.54
0,3403281,5,phononL,0.00111068,0.00239269,-0.000330444,-0.0002625,42.706,0.000764,1,0.00200142,2.66338e-07,0.0002625,319.571
0,3403281,4,phononTS,0.000634762,0.00278396,-0.000661152,0.000262498,42.706,0.000634762,1,0.0027002,-0.000299434,-0.0002625,293.478
0,3431082,12,phononTF,0.000463271,0.00281024,0.000822748,-0.000262498,1667.79,0.000382,1,0.00299938,0.000999229,0.0002625,1843.64
0,3441015,16,phononTF,0.000499652,0.00211667,-8.25137e-05,-0.0002625,1531.06,0.000382,1,0.00199952,1.50795e-06,0.0002625,1860.26
0,3441015,9,phononTF,0.00274502,0.00297096,-0.000190538,0.000262498,1043.34,0.00173034,1,0.00293996,-0.000218698,-0.0002625,1200.67
0,3447102,2,phononTF,0.00323829,0.00191783,0.000105551,1.45145e-05,30.4008,0.000382,1,0.00200359,-2.87511e-06,0.0002625,515.792
0,3454782,11,phononTS,0.000430835,-5.8507e-08,-0.00200404,0.000262498,2532.17,0.000430835,1,8.77723e-05,-0.00202378,-0.0002625,2692.03
0,3464629,14,phononTS,0.00119881,0.00144351,-0.000570042,0.00012404,1846.01,0.000382,1,0.00100455,-0.00100317,0.0002625,2026.93
0,3464629,16,phononTF,0.000554089,0.00139784,-0.000968339,8.74156e-05,2026.93,0.000554089,1,-0.000194926,0.0023461,-0.0002625,3320.93
0,3477481,3,phononTS,0.00236244,0.000879175,0.00115165,-0.0002625,28.4083,0.000764,1,-0.0010037,0.00299768,0.0002625,1789.25
0,3482570,2,phononTS,0.00125482,0.00191319,0.000135107,-0.0002625,33.5101,0.000764,1,0.0010028,0.0010004,0.0002625,1081.78
0,3483580,8,phononTS,0.000611056,0.00239791,0.000644873,-0.0002625,88.4166,0.000382,1,0.00199856,0.00200036,0.0002625,1196.69
0,3483580,7,phononTS,0.00172341,0.00279726,-0.000710606,0.000262498,88.4166,0.000985352,1,0.0028318,-0.000756243,-0.0002625,244.625
0,3484707,9,phononTF,0.000395679,0.0024038,-0.000342303,-0.0002625,77.0769,0.000382,1,0.00199654,-1.50284e-06,0.0002625,520.706
0,3487615,2,phononTF,0.00206309,0.00237141,-0.000308888,-0.0002625,33.2353,0.000764,1,0.00200459,3.42699e-06,0.0002625,457.834
0,3500143,10,phononTS,0.000637512,0.00299714,0.00100371,0.0002625,3707.19,0.000637512,1,0.00198715,-0.00115133,-0.0002625,5453.31
0,3500143,4,phononTF,0.000659278,0.00290283,-0.000674562,0.000262498,313.694,0.000659278,1,0.0027503,-0.000700637,-0.0002625,482.424
0,3500143,3,phononTS,0.000515625,0.00290283,-0.000674562,0.000262498,313.694,0.000515625,1,0.00253074,-0.000734848,-0.0002625,551.959
0,3500143,2,phononTS,0.00376574,0.00290283,-0.000674562,0.000262498,313.694,0.00216493,1,0.00171439,-0.000563002,-0.0002625,792.38
0,3504023,13,phononTS,0.00135046,0.00205835,-0.000914634,-0.0002625,649.494,0.000382,1,0.0019969,-3.62764e-06,0.0002625,1376.76
0,3504023,15,phononTS,0.00081793,0.00258731,0.00057528,-1.39886e-05,1376.76,0.00081793,1,0.00255277,0.000716595,-0.0002625,1826.46
0,3504023,2,phononL,0.00223824,0.00275811,-0.000695021,0.000262498,16.6201,0.000761371,1,0.00290361,-0.000817411,-0.0002625,129.586
0,3516998,16,phononTS,0.000492788,0.00199527,1.76978e-06,0.000262498,524.234,0.000492788,1,0.00200905,5.1564e-05,-0.0002625,691.445
0,3521649,4,phononTF,0.00104802,0.00239186,-0.000332157,-0.0002625,12.6844,0.000764,1,0.00200022,4.3155e-06,0.0002625,450.764
0,3529778,6,phononTF,0.00093579,0.0023891,-0.000332357,-0.0002625,93.1081,0.000382,1,0.00199522,-2.87367e-06,0.0002625,529.266
0,3540415,12,phononTF,0.000440992,0.00183966,-0.00176288,-0.0002625,178.031,0.000382,1,0.0009964,-0.00300111,0.0002625,1173.51
0,3540667,6,phononTF,0.000392959,0.00236983,-0.000361114,-0.0002625,72.0212,0.000382,1,0.00200392,5.37427e-07,0.0002625,520.165
0,3540667,5,phononTF,0.00065414,0.00273574,-0.000722765,0.000262498,72.0212,0.00065414,1,0.00249692,-0.000424243,-0.0002625,264.726
0,3546431,11,phononTF,0.000504412,0.0020008,-2.87313e-06,0.000262498,1603.12,0.000504412,1,0.00206238,-5.39857e-05,-0.0002625,1761.75
0,3562428,11,phononTF,0.000680047,0.00332901,0.000592737,-0.000262498,532.465,0.000382,1,0.00299565,0.000998397,0.0002625,752.601
0,3568549,9,phononTF,0.000473868,0.0010027,-0.00100476,0.000262498,766.361,0.000473868,1,0.0015211,-0.00147267,-0.0002625,1026.71
0,3568549,6,phononTF,0.000423459,0.00278101,-0.000696302,0.000262498,16.2987,0.000423459,1,0.00305806,-0.000940489,-0.0002625,208.54
0,3568549,5,phononTS,0.00128162,0.00278101,-0.000696302,0.000262498,16.2987,0.00128162,1,0.00282228,-0.000658493,-0.0002625,178.019
0,3576378,8,phononTS,0.000713971,0.00268445,-0.000791347,-0.000262498,197.465,0.000382,1,0.00199802,-1.06788e-06,0.0002625,656.225
0,3576593,3,phononTF,0.00229982,0.00238481,-0.000331261,-0.0002625,5.96431,0.000382,1,0.0020031,-2.29519e-07,0.0002625,440.954
0,3576593,9,phononTS,0.00149539,0.0020031,-2.29519e-07,0.000262498,440.954,0.00149539,1,0.000954413,-0.00258288,-0.0002625,1442.67
0,3580119,17,phononTF,0.000512957,0.00258142,-0.00148544,-0.000262498,394.477,0.000382,1,0.00200197,-0.00200212,0.0002625,673.501
0,3594199,2,phononTF,0.00177987,0.00187936,0.000165216,-0.0002625,5.40321,0.000382,1,0.000997353,0.000995568,0.0002625,795.184
0,3600764,3,phononTS,0.00119687,0.00200504,-0.000894346,-0.0002625,14.8485,0.000382,1,0.0019958,-3.68453e-06,0.0002625,745.847
0,3600764,2,phononTS,0.000382692,0.00276009,-0.00065286,0.000262498,14.8485,0.000382692,1,0.00280764,-0.000587498,-0.0002625,173.271
0,3613874,11,phononL,0.000395738,0.00200123,2.20281e-06,0.0002625,181.567,0.000395738,1,0.00272668,-0.000306178,-0.0002625,614.142
0,3613874,2,phononTF,0.003766,0.00381357,-0.00147237,-0.000150877,51.9102,0.00325127,1,0.00372427,-0.00157097,-0.0002625,857.871
0,3619010,5,phononTS,0.00104192,0.00238075,-0.00133327,-0.0002625,15.6506,0.000382,1,0.00200318,-0.00200439,0.0002625,757.755
0,3624304,6,phononTS,0.000415251,0.00199894,2.77804e-06,0.0002625,11.0991,0.000415251,1,0.00220581,-0.000222864,-0.0002625,851.676
0,3651270,16,phononTS,0.000830121,0.00207709,-8.77609e-05,-0.0002625,941.747,0.000382,1,0.00199838,-3.35705e-06,0.0002625,1250.13
0,3651270,17,phononTS,0.00039091,0.00199838,-3.35705e-06,0.000262498,1250.13,0.00039091,1,0.00356639,0.00148608,-0.0002625,1984.69
0,3695892,5,phononTS,0.00147567,0.00287217,0.000177685,-0.0002625,20.8084,0.000382,1,0.00300238,0.00100232,0.0002625,731.221
0,3708353,12,phononTS,0.000436991,0.00108955,0.000587483,-0.000262498,1002.39,0.000382,1,1.12273e-06,-0.00200379,0.0002625,2012.13
0,3719850,8,phononTS,0.000515565,0.0019999,0.00199961,0.000262498,2172.48,0.000515565,1,0.00192497,0.00202246,-0.0002625,2327.75
0,3724422,7,phononTS,0.000650711,0.00355688,0.00112301,-0.0002625,1002.7,0.000382,1,0.00299907,0.00100291,0.0002625,1460.45
0,3724742,20,phononTF,0.000478355,0.00128393,0.000708672,-0.0002625,642.11,0.000382,1,0.000996036,0.00100381,0.0002625,1049.04
0,3724742,5,phononTS,0.00104992,0.00281362,-0.000663383,0.000262498,62.7115,0.00104992,1,0.00196503,-0.000554518,-0.0002625,442.75
0,3724742,4,phononTF,0.000384573,0.00281362,-0.000663383,0.000262498,62.7115,0.000384573,1,0.00323515,-0.00115449,-0.0002625,310.516
0,3724742,3,phononTF,0.000667139,0.00281362,-0.000663383,0.000262498,62.7115,0.000667139,1,0.00315815,-0.000744032,-0.0002625,273.319
0,3730360,9,phononTS,0.000404253,0.00216833,-0.000706881,-0.000262498,149.095,0.000382,1,0.0020028,2.66403e-06,0.0002625,480.119
0,3740924,8,phononTS,0.000414873,0.00200169,-2.03827e-06,0.0002625,648.764,0.000414873,1,0.00167425,0.000586015,-0.0002625,1333.22
0,3740924,4,phononTF,0.00266941,0.00304877,-0.00315362,-7.99831e-05,479.213,0.00214782,1,0.00318414,-0.003042,-0.0002625,1430.07
0,3740924,2,phononTF,0.00419083,0.00233172,-0.000231694,-1.37893e-05,210.872,0.00335515,1,0.00221749,-0.000322562,-0.0002625,910.169
0,3767448,12,phononTF,0.000408894,0.00199717,1.0143e-06,0.000262498,448.991,0.000408894,1,0.00232575,-0.000273624,-0.0002625,650.636
0,3790207,7,phononTS,0.000482552,0.00172157,6.43423e-05,-0.000262498,822.32,0.000382,1,0.0019951,-1.03703e-06,0.0002625,1036.56
0,3807283,5,phononTS,0.000624306,0.00288913,0.00014397,-0.0002625,86.7107,0.000382,1,0.00300191,0.000996002,0.0002625,849.48
0,3807984,11,phononTS,0.000597638,0.0019994,-4.24748e-06,0.000262498,447.123,0.000597638,1,0.00196463,0.000832329,-0.0002625,808.285
0,3809185,8,phononTS,0.00315532,0.00179755,-0.000267726,-0.000123036,740.293,0.00157911,1,0.00177577,-0.000176148,-0.0002625,2157.59
0,3811071,12,phononTF,0.000433562,0.00121509,0.000832119,-0.000262498,1261.04,0.000382,1,0.000995788,0.00100497,0.0002625,1437.82
0,3811071,9,phononL,0.000494297,0.00119659,0.00100705,0.000262498,771.527,0.000494297,1,0.0010727,0.00217508,-0.0002625,1010.45
0,3811071,6,phononL,0.000541728,0.00277304,-0.000670463,0.000262498,2.43463,0.000541728,1,0.00276479,-0.000243183,-0.0002625,129.94
0,3812340,10,phononTS,0.000403575,0.0030024,0.0010044,0.000262498,1120.41,0.000403575,1,0.00295781,0.000922058,-0.0002625,1277.82
0,3812340,7,phononTS,0.00134719,0.00273135,-0.000646828,0.000262498,163.302,0.00134719,1,0.00357988,-0.00100977,-0.0002625,551.471
0,3812340,6,phononTS,0.000514989,0.00273135,-0.000646828,0.000262498,163.302,0.000514989,1,0.00181981,-0.000740094,-0.0002625,545.352
0,3821710,2,phononTF,0.00122515,0.00239042,-0.000336431,-0.0002625,51.9346,0.000382,1,0.00199508,-3.81971e-06,0.0002625,489.929
0,3825111,8,phononTS,0.000593888,0.00161924,-0.000564867,-0.0002625,948.21,0.000382,1,0.00200264,2.82537e-06,0.0002625,1451.81
0,3825588,6,phononTF,0.000659001,0.00189455,0.000163711,-0.0002625,61.3765,0.000382,1,0.00100397,0.00100174,0.0002625,857.363
0,3825588,5,phononTF,0.000400008,0.00278513,-0.000674312,0.000262498,61.3765,0.000400008,1,0.00321019,-0.00102634,-0.0002625,287.281
0,3834544,15,phononTS,0.000465956,-0.000996906,0.00300492,0.000262498,4536.71,0.000465956,1,-0.00127237,0.00227241,-0.0002625,4906.78
0,3841844,7,phononTS,0.000824891,0.00200482,-1.08437e-06,0.000262498,484.689,0.000680371,1,0.00193661,8.36694e-05,-0.0002625,660.821
0,3844812,19,phononTF,0.000384298,0.005,-0.000321038,8.17877e-05,2994.31,0.000384298,1,0.00449945,-1.26807e-05,-0.0002625,5404.1
0,3845170,17,phononTS,0.000701791,-0.00156152,-0.005,-0.000219298,407.204,0.000382,1,0.00199515,-0.0019979,0.0002625,4121.69
0,3847712,18,phononTS,0.00100211,0.00200134,2.09363e-06,0.000262498,1286.84,0.000407462,1,0.00169227,8.73774e-05,-0.0002625,1508.6
0,3856598,14,phononTS,0.000762168,0.00199564,3.12057e-06,0.0002625,761.592,0.000762168,1,0.00209917,0.00055726,-0.0002625,1607.82
0,3861058,13,phononTS,0.000598707,0.00200172,4.55567e-06,0.000262498,1016.08,0.000598707,1,0.00207745,-7.9095e-05,-0.0002625,1209.92
0,3861058,9,phononL,0.000540285,0.00255747,-0.00078413,0.000262498,78.6688,0.000540285,1,0.00226598,-0.000456138,-0.0002625,208.471
0,3861058,8,phononTF,0.00189923,0.00255747,-0.00078413,0.000262498,78.6688,0.000933992,1,0.00283735,-0.00101315,-0.0002625,268.178
0,3870573,2,phononL,0.00199034,0.00238907,-0.000333954,-0.0002625,4.71716,0.000764,1,0.00200197,3.43791e-06,0.0002625,281.941
0,3878061,6,phononTS,0.0007313,0.00189174,-0.000842841,-0.0002625,16.3232,0.000382,1,0.00100062,-0.00100369,0.0002625,794.027
0,3878902,9,phononTS,0.00042143,0.00300057,0.0010047,0.0002625,59.749,0.00042143,1,0.00308483,0.00107008,-0.0002625,934.862
0,3885548,3,phononTF,0.00110173,0.00171267,0.00174539,-0.0002625,57.7234,0.000382,1,0.00200087,0.00199761,0.0002625,1102.17
0,3893775,12,phononTS,0.000790703,0.00300495,0.000996421,0.0002625,7953.07,0.000790703,1,0.000787565,0.00349255,-0.0002625,17373
0,3894055,6,phononL,0.000870752,0.00238905,-0.000346579,-0.0002625,28.3084,0.000382,1,0.00200341,-1.77198e-06,0.0002625,306.55
0,3894055,7,phononTF,0.000469756,0.00200341,-1.77198e-06,0.000262498,306.55,0.000469756,1,0.00176886,-0.000240694,-0.0002625,492.558
0,3894055,5,phononTF,0.000691586,0.00277469,-0.000691385,0.000262498,28.3084,0.000691586,1,0.00207684,8.89436e-05,-0.0002625,376.891
0,3904457,4,phononTF,0.000668535,0.00200433,-2.60609e-06,0.0002625,35.6621,0.000668535,1,0.00225489,0.000287736,-0.0002625,651.173
0,3916223,6,phononTF,0.00103617,0.00238329,-0.000335652,-0.0002625,23.6015,0.000382,1,0.00199787,-4.0402e-06,0.0002625,458.473
0,3916223,9,phononTS,0.000549433,0.00199787,-4.0402e-06,0.000262498,458.473,0.000549433,1,0.00116128,-6.18363e-05,-0.0002625,818.625
0,3916223,5,phononTS,0.000513191,0.00276871,-0.000667262,0.000262498,23.6015,0.000513191,1,0.00268898,-0.000586682,-0.0002625,178.063
0,3916223,4,phononTS,0.000883142,0.00276871,-0.000667262,0.000262498,23.6015,0.000883142,1,0.00305077,-0.000654419,-0.0002625,244.856
0,3916223,3,phononTS,0.00175031,0.00276871,-0.000667262,0.000262498,23.6015,0.00149431,1,0.00268223,-0.000689906,-0.0002625,189.182
0,3918527,2,phononTF,0.00353096,0.00209903,9.5757e-05,-0.0002625,460.3,0.001146,1,0.00200018,3.09848e-06,0.0002625,2460.71
0,3920943,8,phononTF,0.000431835,0.00240486,-0.000374492,-0.0002625,278.423,0.000382,1,0.00200252,3.97899e-06,0.0002625,733.411
0,3920943,7,phononTF,0.000519556,0.0028072,-0.000752961,0.000262498,278.423,0.000519556,1,0.00277464,-0.000779022,-0.0002625,435.736
0,3931450,3,phononTF,0.00434475,0.00200482,-3.07243e-06,0.0002625,42.2366,0.00241555,1,0.00180046,-0.000259015,-0.0002625,1051.85
0,3933360,2,phononTS,0.00336274,0.00198433,-0.00202588,0.000228925,213.841,0.00191,1,0.00199792,-0.00200079,0.0002625,707.081
0,3937096,8,phononTF,0.00113293,0.00239735,-0.000344848,-0.0002625,140.834,0.000382,1,0.00200184,-1.60956e-06,0.0002625,582.216
0,3948901,13,phononTF,0.000654753,-1.24767e-06,0.00199751,0.000262498,1963.63,0.000465606,1,0.000182976,0.00222852,-0.0002625,2149.17
0,3951882,5,phononL,0.000553309,0.00238737,-0.000337257,-0.0002625,8.09552,0.000382,1,0.00200192,-2.69733e-06,0.0002625,284.512
0,3953194,3,phononTF,0.00134306,0.0023776,-0.000324695,-0.0002625,30.346,0.000764,1,0.00199711,-4.7608e-06,0.0002625,481.22
0,3957740,6,phononTS,0.000682826,0.00285623,0.000205052,-0.0002625,549.706,0.000382,1,0.00300186,0.00100435,0.0002625,1244.55
0,3960076,14,phononTF,0.000445779,0.000997441,-0.00100299,0.000262498,1535.02,0.000445779,1,0.00116127,-0.000811582,-0.0002625,1709.05
0,3961549,16,phononTS,0.00102348,0.00293549,0.0006339,-0.0002625,1729.29,0.000382,1,0.00300352,0.000997052,0.0002625,2199.22
0,3968950,6,phononTS,0.00159938,0.00199513,-0.00199628,0.0002625,22.1012,0.00135367,1,0.00109003,-0.0019014,-0.0002625,1144.45
0,3968950,5,phononTS,0.00146063,0.00280441,-0.000693171,0.000262498,22.1012,0.00118778,1,0.00302351,-0.00144373,-0.0002625,368.858
0,3973985,5,phononTS,0.000590277,0.0018988,-0.000832607,-0.0002625,23.7398,0.000382,1,0.00100018,-0.000996763,0.0002625,773.582
0,3973985,4,phononTF,0.000877888,0.00279742,-0.000668452,0.000262498,23.7398,0.000877888,1,0.00368341,0.000213362,-0.0002625,428.761
0,4004530,5,phononTF,0.00104042,0.00257402,0.000503474,-0.0002625,1731.73,0.000382,1,0.00200358,4.73582e-06,0.0002625,2623
0,4010711,8,phononTS,0.000991386,0.000995064,-0.00100048,0.000262498,750.307,0.000991386,1,-0.000567053,-0.00117884,-0.0002625,1406.06
0,4029334,9,phononTS,0.00135696,0.00296872,-6.42258e-05,-0.000262498,167.31,0.000382,1,0.00199522,1.26949e-06,0.0002625,578.886
0,4029334,10,phononTS,0.000641045,0.00199522,1.26949e-06,0.000262498,578.886,0.000641045,1,0.000652596,-0.00115555,-0.0002625,1202.87
0,4035841,13,phononTS,0.000442618,0.000996347,-0.000995462,0.0002625,942.512,0.000442618,1,0.000990571,-0.0017739,-0.0002625,1992.29
0,4038871,15,phononTS,0.000509566,0.00182978,-0.000377469,-0.0002625,1610.57,0.000382,1,0.000997037,-0.00100447,0.0002625,2523.79
0,4038871,9,phononTF,0.00142064,-0.005,0.00338521,4.39382e-06,135.053,0.000661326,1,-0.000174403,0.00259283,-0.0002625,4701.38
0,4054976,2,phononL,0.00110505,0.00300122,0.00100267,0.0002625,6.51803,0.000907932,1,0.00320789,0.00131036,-0.0002625,851.426
0,4067416,4,phononTS,0.00287071,0.00100059,-0.000996404,0.0002625,132.068,0.00178036,1,0.00166775,-0.00109263,-0.0002625,1204.75
0,4070255,12,phononTS,0.000834838,0.00245706,-0.000446321,-0.000262498,1415.43,0.000382,1,0.00199895,-4.24001e-06,0.0002625,1750.03
0,4071724,12,phononL,0.000682641,0.0023505,-0.00146301,-0.0002625,595.191,0.000382,1,0.00199528,-0.0019952,0.0002625,908.122
0,4103671,17,phononTS,0.000514679,0.00304528,0.000923545,-0.0002625,1640.94,0.000382,1,0.00300136,0.00099874,0.0002625,1990.9
0,4103671,10,phononTS,0.000470343,0.0027721,-0.000655899,0.000262498,53.8212,0.000470343,1,0.00269027,-0.000574384,-0.0002625,207.978
0,4103671,9,phononTF,0.00149832,0.0027721,-0.000655899,0.000262498,53.8212,0.00130133,1,0.00228279,-0.00106766,-0.0002625,299.274
0,4110560,7,phononTS,0.000598945,0.00286503,-0.000610429,-0.0002625,43.2358,0.000382,1,0.00100388,0.000998275,0.0002625,1127.47
0,4110560,6,phononTF,0.00197813,0.00278735,-0.000659395,0.000262498,43.2358,0.00186829,1,0.00295196,-0.000788095,-0.0002625,211.499
0,4113929,16,phononTS,0.00051386,0.000998264,-0.00100309,0.0002625,1331.4,0.00051386,1,0.000719717,-0.00107465,-0.0002625,1761.83
0,4113929,3,phononTS,0.00257675,0.00277089,-0.000678295,0.000262498,3.3971,0.00178162,1,0.0027041,-0.000754751,-0.0002625,159.148
0,4128291,11,phononTS,0.00080853,0.00285724,0.00010538,-0.0002625,353.452,0.000382,1,0.00300322,0.0010006,0.0002625,1102.98
0,4130455,3,phononTF,0.00194725,0.00241012,-0.000350528,-0.0002625,30.8841,0.000764,1,0.00199572,4.01641e-06,0.0002625,481.008
0,4130455,13,phononTS,0.000661505,0.00199572,4.01641e-06,0.000262498,481.008,0.000661505,1,0.00206025,6.85607e-05,-0.0002625,636.293
0,4130455,2,phononL,0.00064266,0.00282452,-0.000705071,0.000262498,30.8841,0.00064266,1,0.00308704,-0.00065322,-0.0002625,147.151
0,4131568,4,phononTF,0.000671334,0.00238476,-0.000342948,-0.0002625,5.25386,0.000382,1,0.00200116,3.22557e-06,0.0002625,444.523
0,4131568,3,phononTS,0.00237393,0.00276836,-0.00068912,0.000262498,5.25386,0.00130506,1,0.0027136,-0.000721664,-0.0002625,162.243
0,4140346,15,phononTF,0.000604768,0.00100372,0.00100193,0.000262498,2271.06,0.000604768,1,0.00125459,0.00120321,-0.0002625,2454.09
0,4140346,2,phononTF,0.00358475,0.00107592,-0.00303376,-0.000247515,318.405,0.00221754,1,0.00108717,-0.00304568,-0.0002625,1211.33
0,4147468,6,phononTS,0.0025996,-4.18306e-06,1.57483e-06,0.0002625,16.2065,0.00134714,1,-9.43552e-05,-7.45727e-05,-0.0002625,846.006
0,4147747,16,phononTF,0.000402428,0.0023994,-0.00155603,-0.0002625,1896.69,0.000382,1,0.00200013,-0.00200126,0.0002625,2373.17
0,4147747,12,phononTS,0.000447791,0.00282263,-0.000336984,0.000262498,443.646,0.000447791,1,0.00290523,-0.000165384,-0.0002625,635.612
0,4147747,11,phononL,0.00065577,0.00282263,-0.000336984,0.000262498,443.646,0.00065577,1,0.00272632,0.00065975,-0.0002625,652.457
0,4151879,4,phononTF,0.000399325,0.00238306,-0.00033822,-0.0002625,14.8192,0.000382,1,0.00200196,1.83451e-06,0.0002625,451.423
0,4155013,20,phononTS,0.00149194,0.00129469,-0.00301748,0.000195461,2470.36,0.000764,1,0.00100248,-0.00299827,0.0002625,4020.37
0,4163227,16,phononTF,0.000558824,0.00100318,-0.00100022,0.000262498,4375.45,0.000558824,1,0.000796959,-0.000816867,-0.0002625,4552.43
0,4165571,10,phononTS,0.000561631,0.00299883,0.000995927,0.000262498,1314.07,0.000561631,1,0.00245238,0.00101377,-0.0002625,1586.04
0,4170157,9,phononTS,0.000631746,0.000990722,-2.87445e-05,-0.000262498,3328.37,0.000382,1,-2.91178e-06,3.96109e-06,0.0002625,3738.17
0,4183558,6,phononTS,0.000531168,0.00200193,-0.00200087,0.000262498,984.893,0.000531168,1,0.00226888,-0.00153694,-0.0002625,1287.48
0,4186714,9,phononTF,0.000384321,0.00199589,3.52481e-06,0.000262498,505.479,0.000384321,1,0.00167778,-0.000331321,-0.0002625,716.754
0,4186714,6,phononTF,0.0011159,0.00279508,-0.000652832,0.000262498,68.5026,0.00100944,1,0.0029178,-0.000802565,-0.0002625,235.461
0,4196017,7,phononTS,0.000488362,4.61857e-06,-0.00199918,0.000262498,1210.91,0.000488362,1,-0.000982319,-0.00215376,-0.0002625,1643.42
0,4242090,4,phononTF,0.00206181,0.0023869,-0.000349032,-0.0002625,26.3929,0.000382,1,0.00200151,2.94339e-06,0.0002625,468.035
0,4245062,6,phononTF,0.0024351,0.00240547,-0.000357034,-0.0002625,172.641,0.000382,1,0.0020016,-3.3908e-06,0.0002625,621.213
0,4245062,12,phononTS,0.00045893,0.0020016,-3.3908e-06,0.000262498,621.213,0.00045893,1,0.00293082,0.00021524,-0.0002625,1025.96
0,4245062,11,phononTF,0.000631095,0.0020016,-3.3908e-06,0.000262498,621.213,0.000631095,1,0.00166425,0.000510377,-0.0002625,882.814
0,4252600,12,phononTS,0.000578186,0.0028939,-2.949e-05,-0.0002625,624.868,0.000382,1,0.00299701,0.00100254,0.0002625,1488.76
0,4252600,11,phononTS,0.000419481,0.00279079,-0.00106151,0.000262498,624.868,0.000419481,1,0.00171943,-0.000658845,-0.0002625,1088.93
0,4254253,16,phononTF,0.00131629,0.00237942,-0.000367145,-0.0002625,41.6996,0.000382,1,0.00199737,4.80729e-06,0.0002625,488.723
0,4254253,17,phononTS,0.000855723,0.00199737,4.80729e-06,0.000262498,488.723,0.000855723,1,0.00195163,5.8444e-05,-0.0002625,648.389
0,4264122,5,phononTF,0.00115635,0.00240529,-0.000334172,-0.0002625,48.4847,0.000382,1,0.0020021,8.91365e-08,0.0002625,488.628
0,4269187,6,phononTS,0.000429942,0.00188201,-0.000795003,-0.0002625,146.726,0.000382,1,0.00100278,-0.00100184,0.0002625,882.254
0,4269187,5,phononTS,0.000916744,0.00276124,-0.000588169,0.000262498,146.726,0.000378015,1,0.00268385,-0.000737167,-0.0002625,334.52
0,4269187,4,phononL,0.000683781,0.00276124,-0.000588169,0.000262498,146.726,0.000273852,1,0.00348317,-0.000574449,-0.0002625,310.349
0,4272546,3,phononTF,0.00188468,0.00237535,-0.000325248,-0.0002625,41.3043,0.000382,1,0.0019962,3.40864e-06,0.0002625,474.847
0,4272546,11,phononTS,0.00112824,0.0019962,3.40864e-06,0.000262498,474.847,0.00112824,1,0.00302453,-0.000567321,-0.0002625,939.92
0,4274980,8,phononTS,0.000527896,0.00200067,4.14273e-06,0.0002625,1742.61,0.000527896,1,0.00202449,4.26914e-05,-0.0002625,2055.45
0,4290381,2,phononTS,0.00195812,0.00237197,-0.000398198,-0.0002625,4.16274,0.000764,1,0.00100309,-0.00099743,0.0002625,870.189
0,4303773,11,phononTS,0.000535516,0.00292109,8.27802e-05,-0.0002625,358.503,0.000382,1,0.00300216,0.000995555,0.0002625,1124.73
0,4310567,20,phononTF,0.000470642,0.00235686,-0.000428509,-0.0002625,572.367,0.000382,1,0.00199644,1.38463e-06,0.0002625,1028.49
0,4312460,20,phononTF,0.000779549,0.00249545,-0.00237397,-0.0002625,861.711,0.000382,1,0.00199815,-0.00200043,0.0002625,2043.86
0,4313891,6,phononTF,0.00071388,0.00236164,-0.000292645,-0.0002625,135.139,0.000382,1,0.0019982,4.04571e-06,0.0002625,552.814
0,4313891,5,phononTS,0.00207265,0.00272507,-0.000589334,0.000262498,135.139,0.00184052,1,0.00279349,-0.00090972,-0.0002625,360.517
0,4330663,9,phononTF,0.00146982,0.000998964,-0.000995483,0.000262498,392.552,0.00112522,1,0.00120244,-0.000797382,-0.0002625,572.598
0,4330663,5,phononTS,0.000410221,0.005,-0.00163581,-0.0002611,9.24195,0.000410221,1,0.00491887,-0.00157892,-0.0002625,927.072
0,4330663,4,phononTS,0.000818595,0.00275769,-0.000692652,0.000262498,9.24195,0.000818595,1,0.00272811,-0.000722209,-0.0002625,169.018
0,4330663,3,phononTS,0.000468213,0.00275769,-0.000692652,0.000262498,9.24195,0.000468213,1,0.00280255,-0.000766729,-0.0002625,164.379
0,4335170,22,phononTS,0.00125736,0.000997907,0.000997587,0.000262498,1542.59,0.000818496,1,0.000947493,0.0010114,-0.0002625,1706.15
0,4336384,8,phononTF,0.000402412,0.00200489,-4.03805e-06,0.000262498,489.801,0.000402412,1,0.0020041,5.70812e-06,-0.0002625,646.688
0,4336460,3,phononTF,0.000740784,0.00100084,0.000999256,0.0002625,172.124,0.000740784,1,-4.73459e-05,-0.000403062,-0.0002625,1517.94
0,4337750,15,phononTS,0.000671104,0.00204962,-0.000155426,-0.0002625,280.6,0.000382,1,0.0020047,2.36735e-07,0.0002625,892.313
0,4350346,16,phononTS,0.000518116,0.00284903,0.0035018,-0.000262498,1940.4,0.000382,1,0.00200326,0.00200254,0.0002625,2606.65
0,4352425,15,phononTS,0.000497563,-0.00403809,0.005,-0.000258928,2111.78,0.000497563,1,-0.00403746,0.004997,-0.0002625,6936
0,4352972,5,phononTS,0.00084059,0.002893,0.000159226,-0.0002625,6.06021,0.000382,1,0.00300021,0.00100021,0.0002625,761.991
0,4352972,4,phononTS,0.000638627,0.00278579,-0.000681759,0.000262498,6.06021,0.000638627,1,-0.00074431,0.00305881,-0.0002625,1678.63
0,4352972,3,phononTS,0.00186347,0.00278579,-0.000681759,0.000262498,6.06021,0.00121468,1,0.00270203,-0.000414984,-0.0002625,218.249
0,4354988,13,phononTS,0.000600056,0.00200315,2.1405e-06,0.000262498,456.788,0.000600056,1,0.00192566,-7.33378e-05,-0.0002625,611.346
0,4357324,9,phononTS,0.000975946,0.002722,-0.00187591,-0.0002625,538.256,0.000764,1,0.00199984,-0.00199927,0.0002625,1203.31
0,4362367,7,phononTS,0.000399592,0.00267959,0.0018327,-0.0002625,31.3368,0.000382,1,0.00200143,0.00200292,0.0002625,2417.71
0,4369088,14,phononL,0.000492031,0.00199974,-0.00199934,0.0002625,863.886,0.000492031,1,0.00191369,-0.00255865,-0.0002625,1270.12
0,4378807,5,phononTF,0.00149651,0.00162169,-0.00175174,-0.0002625,9.62715,0.000764,1,0.00199539,-0.00200124,0.0002625,729.744
0,4378807,4,phononTS,0.000490496,0.00278223,-0.00066799,0.000262498,9.62715,0.000490496,1,0.00271885,-0.000737944,-0.0002625,165.292
0,4379273,2,phononTF,0.00199662,0.00239017,-0.000324163,-0.0002625,21.3364,0.001146,1,0.002004,-2.5656e-06,0.0002625,452.887
0,4396753,6,phononTS,0.0008277,0.00239141,-0.000225519,-0.0002625,347.786,0.000382,1,0.00199727,-4.17754e-06,0.0002625,905.707
0,4396753,5,phononTF,0.000912493,0.00278553,-0.000446859,0.000262498,347.786,0.000912493,1,0.00256954,-0.00071776,-0.0002625,534.565
0,4396753,4,phononTS,0.000666983,0.00278553,-0.000446859,0.000262498,347.786,0.000546609,1,0.00278856,-0.000518295,-0.0002625,503.383
0,4398235,11,phononTF,0.000398787,0.00200478,3.14533e-06,0.0002625,156.335,0.000398787,1,0.00269738,-0.00075287,-0.0002625,872.308
0,4409777,15,phononTS,0.000665726,0.000999163,-0.00300296,0.000262498,3947.95,0.000665726,1,0.00101035,-0.00344729,-0.0002625,4210.23
0,4409777,3,phononL,0.000900548,0.00267123,-0.000643632,0.000262498,80.0896,0.00030778,1,0.00324596,-0.000232878,-0.0002625,247.708
0,4412742,3,phononTS,0.000956488,0.00188751,-0.000839208,-0.0002625,1.5207,0.000382,1,0.001001,-0.00100247,0.0002625,744.7
0,4419470,10,phononTS,0.000491708,0.00206913,5.23512e-05,-0.000262498,382.516,0.000382,1,0.00200001,2.92236e-06,0.0002625,553.312
0,4419471,3,phononTS,0.00669246,0.00271249,-0.00127103,-0.000216811,2.03386,0.00463088,1,0.00270986,-0.00126316,-0.0002625,178.448
0,4441205,9,phononTF,0.000538701,0.00200188,3.38499e-07,0.0002625,11.0618,0.000538701,1,0.0019642,2.78174e-05,-0.0002625,624.769
0,4451240,6,phononTF,0.00206601,0.00231264,-0.000297565,-0.0002625,276.477,0.000764,1,0.00199566,-2.60077e-06,0.0002625,682.754
0,4471544,5,phononTF,0.000451228,0.00224939,-0.000289245,-0.0002625,449.104,0.000382,1,0.00200315,1.53776e-06,0.0002625,836.092
0,4474929,5,phononL,0.00167905,0.00299669,0.00100468,0.0002625,28.0607,0.00135433,1,0.0030978,0.00182158,-0.0002625,567.238
0,4482343,10,phononTS,0.000483596,0.00200351,-4.96551e-06,0.000262498,457.018,0.000483596,1,0.0022994,-0.000779686,-0.0002625,816.155
0,4486331,14,phononTF,0.000621358,0.005,3.54985e-05,-9.53319e-05,464.911,0.000621358,1,0.00495679,2.9815e-08,-0.0002625,5182.58
0,4504603,14,phononTF,0.000509464,0.00236313,-0.000309547,-0.0002625,372.226,0.000382,1,0.00200314,1.25117e-07,0.0002625,794.63
0,4504603,5,phononTS,0.00145174,0.00278069,-0.000666967,0.000262498,3.37915,0.000818766,1,0.00277778,-0.000751301,-0.0002625,165.483
0,4525217,11,phononTS,0.00267303,0.00194995,0.00020245,0.000113018,1772.78,0.000382,1,0.00200373,-1.85119e-07,0.0002625,1863.36
0,4525217,18,phononTS,0.000611911,0.00200373,-1.85119e-07,0.000262498,1863.36,0.000611911,1,0.00231935,-0.0014372,-0.0002625,2435.39
0,4525616,13,phononTS,0.000613643,0.00305736,-0.005,-0.000248448,758.056,0.000613643,1,0.0030563,-0.0049879,-0.0002625,2319.56
0,4525616,2,phononTF,0.00130547,0.00274814,-0.000668933,0.000262498,21.0028,0.00107788,1,0.00249566,-0.000466529,-0.0002625,204.314
0,4527686,2,phononTF,0.00111174,0.00239067,-0.000332177,-0.0002625,8.14664,0.000382,1,0.00200313,4.50218e-06,0.0002625,446.537
0,4530533,14,phononTS,0.000493367,0.00287064,8.25358e-05,-0.0002625,809.398,0.000382,1,0.00300042,0.000999957,0.0002625,1573.25
0,4551484,6,phononTS,0.000537105,0.000999908,-0.0010044,0.000262498,744.261,0.000537105,1,0.00217573,-0.00143184,-0.0002625,1256.53
0,4563345,12,phononTF,0.000510413,-0.00114596,0.00317556,-0.0002625,2363.29,0.000382,1,-0.000997393,0.00300268,0.0002625,2704.8
0,4585769,7,phononTF,0.00196789,0.00227268,-0.000221005,-0.0002625,216.081,0.000382,1,0.00199856,-2.2532e-11,0.0002625,591.755
0,4585769,11,phononTF,0.00126241,0.00199856,-2.2532e-11,0.000262498,591.755,0.00126241,1,0.00206565,8.29552e-05,-0.0002625,751.714
0,4595919,8,phononTF,0.000606839,0.00171716,-0.000356268,-0.0002625,297.241,0.000382,1,0.00200305,-3.60837e-06,0.0002625,674.867
0,4602561,9,phononTF,0.000841204,0.00239676,-0.000363244,-0.0002625,25.3069,0.000382,1,0.00200275,-8.95011e-07,0.0002625,476.237
0,4617491,5,phononTF,0.00124027,0.00200223,4.99296e-06,0.0002625,12.816,0.00124027,1,0.00224288,0.000257984,-0.0002625,637.551
0,4617491,4,phononTS,0.00102126,0.00279602,-0.000651252,0.000262498,12.816,0.000397889,1,0.0027033,-0.000733607,-0.0002625,189.886
0,4624552,12,phononTF,0.000467315,0.00246195,-0.000383347,-0.0002625,183.368,0.000382,1,0.00199983,2.43845e-06,0.0002625,657.134
0,4624552,11,phononTF,0.000441753,0.00292406,-0.000769131,0.000262498,183.368,0.000441753,1,0.00347412,-0.000280782,-0.0002625,452.386
0,4625268,4,phononTS,0.000446316,0.00152588,-0.000386102,-0.0002625,333.403,0.000382,1,-1.77813e-06,-7.34722e-07,0.0002625,1547.48
0,4633100,9,phononTS,0.000434398,0.00200159,0.00200263,0.000262498,1363.63,0.000434398,1,0.00192332,0.00195694,-0.0002625,1521.22
0,4633100,5,phononTS,0.000637946,-0.005,-0.00088496,0.000254311,35.3017,0.000637946,1,-0.00316636,0.00109895,-0.0002625,4820.88
0,4633100,4,phononTF,0.000924464,0.00276414,-0.00065402,0.000262498,35.3017,0.000763583,1,0.00251682,-0.000918145,-0.0002625,225.685
0,4653623,14,phononTF,0.000900598,0.00200303,4.80841e-06,0.000262498,505.261,0.000900598,1,-0.000223757,0.0047141,-0.0002625,2117.62
0,4659609,6,phononTS,0.00192149,0.00109765,-5.51682e-05,-0.000221542,370.136,0.000382,1,0.00200219,-3.59754e-06,0.0002625,1974.01
0,4659609,8,phononTF,0.000414711,0.00200219,-3.59754e-06,0.000262498,1974.01,0.000414711,1,-0.00190236,-0.00446762,-0.0002625,3761.76
0,4659609,7,phononTF,0.00088517,0.00200219,-3.59754e-06,0.000262498,1974.01,0.00088517,1,0.00145926,-0.000514927,-0.0002625,2246.24
0,4659609,5,phononTS,0.000703954,0.00294785,-0.000549969,0.000262498,370.136,0.000703954,1,0.00298585,-0.000584356,-0.0002625,529.27
0,4659609,4,phononTF,0.00128776,0.00294785,-0.000549969,0.000262498,370.136,0.00128776,1,0.00317669,-0.000741098,-0.0002625,550.22
0,4664621,10,phononTS,0.00109086,0.00212736,-8.4215e-05,-0.0002625,451.181,0.000382,1,0.00199945,-3.41248e-06,0.0002625,1157.79
0,4665795,18,phononTS,0.000457606,0.00100022,-0.00300068,0.000262498,2236.61,0.000457606,1,0.00106702,-0.00301333,-0.0002625,2418.77
0,4688611,23,phononTS,0.000648203,0.00199754,-0.00200106,0.000262498,751.28,0.000648203,1,0.000807406,-0.00192028,-0.0002625,1260.59
0,4692293,21,phononTS,0.000519939,-0.00100296,0.00099637,0.000262499,2643.85,0.000519939,1,-0.00109972,0.00107822,-0.0002625,2821.65
0,4692293,7,phononTS,0.00102572,0.00280097,-0.000919569,0.000262498,403.903,0.000401006,1,0.00274188,-0.00092053,-0.0002625,568.283
0,4701319,4,phononTF,0.000501919,0.00237439,-0.000348967,-0.0002625,10.7865,0.000382,1,0.00199546,1.25757e-06,0.0002625,450.105
0,4701319,2,phononL,0.00534002,0.00310591,-0.000524862,0.000255145,0.986954,0.00244106,1,0.0028093,-3.25845e-05,-0.0002625,701.991
0,4720221,13,phononTF,0.00275775,0.00239088,-0.000321974,-0.0002625,134.053,0.000382,1,0.00199525,4.75363e-06,0.0002625,569.611
0,4734895,3,phononTF,0.00277956,0.00234256,-0.000355942,-0.0002625,49.3494,0.000764,1,0.00199766,-1.99908e-06,0.0002625,480.086
0,4734895,12,phononTS,0.000937937,0.00199766,-1.99908e-06,0.000262498,480.086,0.000561793,1,0.00203135,5.69533e-05,-0.0002625,635.929
0,4734895,2,phononTS,0.00249002,0.00268746,-0.000709885,0.000262498,49.3494,0.0016508,1,0.00259941,-0.000706167,-0.0002625,212.199
0,4738098,17,phononTS,0.000546738,0.00235789,-0.000638771,-0.0002625,1026.39,0.000382,1,0.00199874,-0.00200199,0.0002625,2728.19
0,4739470,7,phononTF,0.000931584,0.000517116,-0.005,0.000135452,2018.21,0.000382,1,-0.000995983,-0.000999994,0.0002625,3363.66
0,4749348,19,phononTS,0.000611657,0.0019977,2.67675e-06,0.000262498,1437.08,0.000611657,1,-0.00397093,0.005,0.00019448,3984.25
0,4750954,14,phononL,0.00092412,0.0023982,-0.00141292,-0.0002625,121.212,0.000764,1,0.00199734,-0.00199649,0.0002625,456.649
0,4754946,14,phononTF,0.000609899,0.00364225,0.00102032,-0.0002625,1632.99,0.000382,1,1.76291e-06,0.00199634,0.0002625,3393.78
0,4754946,6,phononTF,0.000761896,0.00278727,-0.000702811,0.000262498,10.5067,0.000442851,1,0.00303988,-0.000434691,-0.0002625,206.379
0,4757362,13,phononTS,0.00065819,0.00199629,-0.00200046,0.000262498,2139.04,0.00065819,1,0.00306019,-0.0039907,-0.0002625,2974.98
0,4773054,9,phononTS,0.00067448,0.00299953,0.000999929,0.0002625,422.969,0.00067448,1,0.00359278,0.00259632,-0.0002625,1729.68
0,4774194,18,phononTF,0.00111853,0.00100181,-0.000995198,0.000262498,756.511,0.00111853,1,0.00402877,-0.00202795,-0.0002625,1784.09
0,4777600,8,phononTS,0.000617612,0.00212493,0.000312543,-0.0002625,763.225,0.000382,1,0.00200331,9.20364e-07,0.0002625,1252.78
0,4777648,5,phononL,0.00109947,0.00186734,-0.000829874,-0.0002625,37.4401,0.000382,1,0.000995344,-0.00100378,0.0002625,420.651
0,4777861,5,phononTF,0.0015051,0.00237592,-0.000303771,-0.0002625,57.34,0.000382,1,0.00200384,2.50735e-06,0.0002625,480.369
0,4786362,12,phononTF,0.000398304,0.0019984,-0.00199772,0.000262498,663.676,0.000398304,1,0.00204168,-0.00195858,-0.0002625,821.523
0,4789494,8,phononTS,0.000481174,0.00188102,-0.000847538,-0.0002625,43.3597,0.000382,1,0.000998484,-0.000997161,0.0002625,784.688
0,4789494,7,phononTF,0.000431598,0.00276355,-0.000697916,0.000262498,43.3597,0.000431598,1,0.00345237,-8.49277e-05,-0.0002625,369.847
0,4794062,12,phononTS,0.000511188,-0.000158978,0.000850309,-0.0002625,2336.39,0.000382,1,-0.00100218,0.000996054,0.0002625,3093.85
0,4797612,8,phononTF,0.000506262,0.000239173,-0.00176575,-0.000262498,1228.22,0.000382,1,-5.65235e-07,-0.00200381,0.0002625,1414.73
0,4798976,10,phononL,0.000976692,-0.00317663,-0.005,-3.67198e-05,2723.06,0.000595711,1,-0.00324943,-0.00477804,-0.0002625,5099.36
0,4803312,9,phononTF,0.00089205,0.00123276,-0.000702521,-0.0002625,677.304,0.000382,1,0.000998164,-0.000995948,0.0002625,1060.46
0,4815710,8,phononTS,0.000850466,0.00301919,0.000911413,-0.000262498,1941.54,0.000382,1,0.00300467,0.000997386,0.0002625,2106
0,4817293,19,phononTS,0.000446498,0.00279755,-5.25638e-05,-0.0002625,278.924,0.000382,1,0.00200122,-1.69704e-06,0.0002625,982.156
0,4817293,5,phononTS,0.000662877,0.00277781,-0.000669579,0.000262498,6.44074,0.000662877,1,0.00270615,-0.000831216,-0.0002625,196.793
0,4817293,4,phononTS,0.000641618,0.00277781,-0.000669579,0.000262498,6.44074,0.000243916,1,0.0026872,-0.000666336,-0.0002625,191.31
0,4817780,17,phononTF,0.000436941,0.00199668,3.31058e-06,0.000262498,456.921,0.000436941,1,0.00191789,0.000165982,-0.0002625,627.695
0,4833668,16,phononTF,0.000761883,0.00143704,0.000650907,-0.0002625,828.715,0.000382,1,-4.30587e-06,0.00199908,0.0002625,2046.89
0,4839972,11,phononTF,0.000385649,0.00199966,-4.5291e-06,0.000262498,481.688,0.000385649,1,0.00219228,-0.000152692,-0.0002625,658.899
0,4839972,7,phononTF,0.00041061,0.00276569,-0.000700717,0.000262498,26.7512,0.00041061,1,0.00247312,-0.000680024,-0.0002625,223.681
0,4839972,6,phononTF,0.00118562,0.00276569,-0.000700717,0.000262498,26.7512,0.000924702,1,0.00297053,-0.000953501,-0.0002625,210.402
0,4839972,5,phononTS,0.000587593,0.00276569,-0.000700717,0.000262498,26.7512,0.000587593,1,0.00205956,-0.00080307,-0.0002625,355.013
0,4852390,10,phononTS,0.000509007,0.00200004,0.00199644,0.000262498,5625.25,0.000509007,1,0.00134572,0.00204096,-0.0002625,5934.42
0,4857240,14,phononTS,0.0007204,0.00193387,0.00206947,-0.0002625,3452.85,0.000382,1,0.00200251,0.00199602,0.0002625,4711.2
0,4865613,10,phononTS,0.00066116,0.005,0.00138183,7.26629e-05,754.118,0.000382,1,0.00200277,-0.00199514,0.0002625,3210.12
0,4867741,5,phononL,0.00050156,0.00238013,-0.00134531,-0.0002625,60.7843,0.000382,1,0.00200185,-0.00200489,0.0002625,412.322
0,4876212,4,phononTS,0.00508019,0.00204121,4.69179e-05,0.00016736,202.144,0.000382,1,0.00199798,2.92008e-06,0.0002625,884.334
0,4877935,8,phononTS,0.000570607,0.000997357,0.000996916,0.000262498,1538.2,0.000570607,1,0.00105332,0.000956577,-0.0002625,1698.21
0,4884875,5,phononTF,0.00152424,0.00239445,-0.000339329,-0.0002625,8.25313,0.001146,1,0.00200122,-1.12718e-06,0.0002625,448.263
0,4884875,4,phononTS,0.000399156,0.00278768,-0.000677529,0.000262498,8.25313,0.000399156,1,0.00258842,-0.0014028,-0.0002625,365.667
0,4886537,9,phononTF,0.000900327,0.00238798,-0.000339145,-0.0002625,4.05997,0.000382,1,0.00200062,-2.9159e-06,0.0002625,442.226
0,4886925,12,phononTF,0.000822629,0.00199595,-4.67963e-06,0.0002625,269.072,0.000822629,1,0.00107175,0.000913387,-0.0002625,1115.32
0,4890700,8,phononTF,0.000549746,0.00237915,-0.000333399,-0.0002625,21.5533,0.000382,1,0.00200066,3.70642e-06,0.0002625,456.507
0,4890700,7,phononTS,0.00152928,0.00275764,-0.000670504,0.000262498,21.5533,0.00123976,1,0.00292755,1.75584e-05,-0.0002625,345.24
0,4890700,6,phononTS,0.000998112,0.00275764,-0.000670504,0.000262498,21.5533,0.000998112,1,0.00282351,-0.00157795,-0.0002625,404.018
0,4890700,5,phononTS,0.00162702,0.00275764,-0.000670504,0.000262498,21.5533,0.000850236,1,0.00384788,-0.000702994,-0.0002625,464.584
0,4895688,8,phononTF,0.000656239,0.00239935,-0.000336023,-0.0002625,18.7538,0.000382,1,0.0019967,-2.28921e-06,0.0002625,458.577
0,4895688,7,phononTS,0.000448462,0.002802,-0.000669756,0.000262498,18.7538,0.000448462,1,0.00271816,-0.000744918,-0.0002625,173.327
0,4907874,12,phononTS,0.000495345,0.00209396,-0.000395931,-0.0002625,485.521,0.000382,1,0.00200406,-2.7503e-06,0.0002625,1009.5
0,4917594,16,phononTS,0.000464294,0.00151638,-0.000767002,-0.0002625,964.438,0.000382,1,0.000995657,-0.00299945,0.0002625,2821.69
0,4919908,18,phononTF,0.000520246,0.000487786,-0.00360128,-0.0002625,2415.76,0.000382,1,0.00100426,-0.00300155,0.0002625,3694.09
0,4943893,7,phononL,0.000400881,0.00199511,-2.44676e-06,0.0002625,1.17485,0.000400881,1,0.00250659,0.000558964,-0.0002625,931.964
0,4943893,6,phononTF,0.000561748,0.00277226,-0.00067562,0.000262498,1.17485,0.000561748,1,0.00266744,-0.00055739,-0.0002625,165.166
0,4943893,5,phononTS,0.001643,0.00277226,-0.00067562,0.000262498,1.17485,0.00103605,1,0.00118068,-0.00340179,-0.0002625,1127.99
0,4949194,9,phononTS,0.000586022,0.00200124,2.08111e-06,0.000262498,492.869,0.000586022,1,0.000677536,-0.00171914,-0.0002625,1266.66
0,4949194,5,phononTS,0.000487578,0.00277652,-0.000643329,0.000262498,60.5835,0.000487578,1,0.00279452,-0.000971359,-0.0002625,291.87
0,4949194,4,phononTS,0.00148859,0.00277652,-0.000643329,0.000262498,60.5835,0.000744607,1,0.00271538,-0.000575008,-0.0002625,216.479
0,4949902,7,phononTS,0.00100722,0.00237275,-0.00132996,-0.0002625,50.9039,0.000382,1,0.00200368,-0.00200398,0.0002625,791.503
0,4957286,15,phononTF,0.000520958,0.00141256,-0.000548241,-0.000262498,1148.3,0.000382,1,0.000998441,-0.0010045,0.0002625,1389.64
0,4960809,13,phononTF,0.000494363,0.00217041,-0.000160964,-0.000262498,1215.61,0.000382,1,0.00200199,-3.67383e-06,0.0002625,1386.85
0,4960809,11,phononTS,0.000424723,0.00208453,-0.000244656,0.000262498,1061.74,0.000424723,1,0.00240699,-0.000583072,-0.0002625,1347.35
0,4979738,6,phononTF,0.00127043,0.00237797,-0.000357184,-0.0002625,28.9309,0.000764,1,0.00199533,-1.16578e-06,0.0002625,471.121
0,4979738,5,phononL,0.00223996,0.00276061,-0.0007132,0.000262498,28.9309,0.00223996,1,0.00341163,-0.000431244,-0.0002625,194.611
0,4979738,4,phononTS,0.00151536,0.00276061,-0.0007132,0.000262498,28.9309,0.000833365,1,0.00272787,-0.00141863,-0.0002625,361.962
0,4983095,9,phononTF,0.000416634,0.0023846,-0.000335939,-0.0002625,23.6576,0.000382,1,0.00200225,-1.50156e-06,0.0002625,476.844
0,4983095,8,phononTF,0.000671703,0.00276694,-0.000670376,0.000262498,23.6576,0.000671703,1,0.00302946,-0.000420658,-0.0002625,216.178
0,4983095,7,phononTS,0.00278672,0.00276694,-0.000670376,0.000262498,23.6576,0.00183855,1,0.00271502,-0.000669842,-0.0002625,179.817
0,4990290,11,phononTF,0.000914791,-3.02925e-06,0.00199548,0.000262498,1204.36,0.000914791,1,-0.000180784,0.00219514,-0.0002625,1380.87
0,4994289,10,phononTS,0.00169061,0.00100004,0.00100333,0.0002625,184.474,0.000513667,1,0.00120974,0.00106389,-0.0002625,1488.4
0,5015040,17,phononL,0.000436992,0.00100447,0.000995571,0.000262498,1532.89,0.000436992,1,-0.000433373,0.001244,-0.0002625,1824.93
0,5015040,9,phononTS,0.00118056,0.005,-0.0021189,-0.000151794,461.058,0.00109627,1,0.00476434,-0.00205891,-0.0002625,1628.33
0,5015172,13,phononTS,0.000388152,0.00282205,0.000816478,-0.000262498,1422.42,0.000382,1,0.002,0.00199946,0.0002625,2002.66
0,5015172,11,phononTS,0.0034569,0.00272586,-0.000630321,-4.08446e-05,141.11,0.000999891,1,0.00199352,-0.000234505,-0.0002625,458.272
0,5025435,24,phononTS,0.0010335,0.00211403,-0.000537606,-0.0002625,588.156,0.000764,1,0.00099571,-0.00100063,0.0002625,1556.49
0,5025435,23,phononTF,0.00217587,0.00323234,-7.45821e-05,0.000262499,588.156,0.00139985,1,0.00309118,-0.000173918,-0.0002625,756.093
0,5028889,12,phononTS,0.000405392,0.00299524,0.00100131,0.000262498,920.918,0.000405392,1,0.00295819,0.0010751,-0.0002625,1079.75
0,5028889,4,phononTS,0.00114707,0.00275643,-0.00068875,0.000262498,24.1216,0.00114707,1,0.00272214,-0.000761963,-0.0002625,191.887
0,5029129,11,phononTF,0.000709639,0.00167057,-0.000243546,-0.000262498,276.434,0.000382,1,0.000999747,-0.00100177,0.0002625,615.533
0,5029367,4,phononTF,0.00311608,0.0022649,-0.00139138,-0.0002625,83.8899,0.000382,1,0.00199727,-0.00200414,0.0002625,1277.67
0,5029367,8,phononTF,0.00227802,0.00199727,-0.00200414,0.000262498,1277.67,0.0014436,1,0.00279571,-0.0027324,-0.0002625,1635.66
0,5033962,12,phononTS,0.00054254,0.00191758,-0.00164818,-0.0002625,735.571,0.000382,1,0.00200241,-0.00200098,0.0002625,1199.68
0,5038055,11,phononTS,0.000389079,0.00200057,1.81167e-06,0.000262498,477.906,0.000389079,1,0.0031776,-0.00271301,-0.0002625,1535.26
0,5042945,12,phononTS,0.000640823,0.00114127,-0.00105445,-0.0002625,2700.46,0.000382,1,0.00100005,-0.00100118,0.0002625,3151.18
0,5044405,7,phononTF,0.00128405,0.00200153,3.94469e-06,0.0002625,10.4455,0.000842149,1,0.00181044,-0.000177592,-0.0002625,623.04
0,5044405,6,phononTS,0.00152684,0.00276791,-0.000676066,0.000262498,10.4455,0.00117333,1,0.00268407,-0.000767023,-0.0002625,187.144
0,5044405,5,phononTF,0.000814107,0.00276791,-0.000676066,0.000262498,10.4455,0.000814107,1,0.00291846,-0.000799626,-0.0002625,177.53
0,5051142,10,phononTS,0.000790719,0.00196467,-0.00206364,-0.0002625,1205.45,0.000382,1,0.0019973,-0.00199532,0.0002625,1542.04
0,5051142,3,phononTF,0.000919508,0.00279216,-0.00065163,0.000262498,29.8183,0.000919508,1,0.00200814,4.67122e-05,-0.0002625,379.031
0,5066922,11,phononL,0.000462101,0.00200145,-0.00199678,0.0002625,163.892,0.000462101,1,0.00157145,-0.00259601,-0.0002625,682.779
0,5067521,12,phononTS,0.000767067,0.00200194,-4.22918e-06,0.000262498,910.998,0.000767067,1,0.00180885,6.04921e-06,-0.0002625,1113.47
0,5067521,5,phononL,0.00083936,0.00293555,-0.000435161,0.000262498,313.443,0.00083936,1,0.00343833,-0.00108941,-0.0002625,502.306
0,5067521,4,phononTF,0.000595173,0.00293555,-0.000435161,0.000262498,313.443,0.000595173,1,0.00318426,-0.000216881,-0.0002625,498.506
0,5074011,20,phononTS,0.000627566,0.00299573,0.000995935,0.000262498,8360.38,0.000167759,1,0.00344685,0.000909085,-0.0002625,8616.61
0,5083475,9,phononTS,0.000690786,0.0018684,-0.00126456,-0.0002625,899.699,0.000382,1,0.00199844,-0.00199552,0.0002625,1557.49
0,5083475,4,phononTF,0.000636225,0.00266426,-0.000664698,0.000262498,329.376,0.000636225,1,0.00274301,-0.000564109,-0.0002625,490.584
0,5088700,12,phononTS,0.00117283,0.00404655,-0.000621374,-0.0002625,1185.67,0.000382,1,0.00299774,0.00100084,0.0002625,3399.69
0,5110328,8,phononTF,0.00135632,0.00200263,-1.41894e-06,0.000262498,463.863,0.00113345,1,0.00130474,-0.000588416,-0.0002625,790.399
0,5110328,4,phononTS,0.00082709,0.0027735,-0.000672732,0.000262498,9.00515,0.00082709,1,0.00278872,-0.000592417,-0.0002625,173.908
0,5116932,8,phononTF,0.000657188,0.00238408,-0.000352604,-0.0002625,39.9056,0.000382,1,0.00200398,8.00713e-07,0.0002625,493.971
0,5122741,4,phononTF,0.00124274,0.00240056,-0.000355942,-0.0002625,59.4172,0.000382,1,0.00199837,2.96638e-06,0.0002625,510.073
0,5123216,23,phononTF,0.000666243,0.00100277,-0.00300203,0.000262498,3473.27,0.000666243,1,-0.000912071,-0.00443521,-0.0002625,4223.45
0,5123272,14,phononTF,0.000865436,0.0023792,-0.000411034,-0.0002625,419.797,0.000382,1,0.00200442,-4.04045e-08,0.0002625,876.021
0,5123272,2,phononTS,0.00412497,0.00278124,-0.000679298,0.000262498,4.98474,0.00213023,1,0.00270972,-0.000756076,-0.0002625,159.835
0,5124438,11,phononTF,0.000463789,0.00239936,-0.000459291,-0.0002625,379.007,0.000382,1,0.00200264,3.55459e-06,0.0002625,857.184
0,5124438,4,phononTF,0.0011419,0.00294471,-0.000526448,0.000262498,198.638,0.000749922,1,0.00278333,-0.000664707,-0.0002625,367.626
0,5124601,12,phononTS,0.00122318,0.00200454,0.00199567,0.000262498,1651.38,0.00122318,1,0.00209632,0.0020584,-0.0002625,1806.5
0,5124601,7,phononTF,0.0025628,0.00364357,-0.00161574,-0.0002625,639.939,0.0025628,1,0.005,-0.000332447,0.000220553,1788.28
0,5137777,10,phononTS,0.00122495,0.00199647,-1.08891e-06,0.000262498,704.709,0.000162353,1,0.00220354,8.50639e-06,-0.0002625,910.11
0,5140059,5,phononTF,0.000451101,0.00236138,-0.00029549,-0.0002625,137.813,0.000382,1,0.00200449,-3.53315e-06,0.0002625,552.505
0,5140516,8,phononL,0.000433262,0.00276071,-0.000247617,-0.000262498,3091.77,0.000382,1,0.00200036,-4.92715e-06,0.0002625,3270.35
0,5167322,5,phononTS,0.00143336,0.00138584,-0.000331473,-0.0002625,29.0303,0.000382,1,4.99552e-07,4.87523e-06,0.0002625,1148.26
0,5167322,18,phononTS,0.000417153,4.99552e-07,4.87523e-06,0.000262498,1148.26,0.000417153,1,0.000843304,3.52614e-05,-0.0002625,1519.35
0,5167322,4,phononTS,0.000596463,0.00277117,-0.000667821,0.000262498,29.0303,0.000596463,1,0.00304086,5.17811e-05,-0.0002625,394.9
0,5167322,3,phononTF,0.00113632,0.00277117,-0.000667821,0.000262498,29.0303,0.00065715,1,0.00275789,-0.000754196,-0.0002625,189.774
0,5168851,10,phononL,0.00112069,0.00289273,0.00138677,-0.0002625,319.756,0.000382,1,0.0029988,0.00100099,0.0002625,1091.58
0,5168851,11,phononTS,0.000732483,0.0029988,0.00100099,0.000262498,1091.58,0.000732483,1,0.00359975,0.0025695,-0.0002625,1761.68
0,5181131,18,phononL,0.00105912,0.00275804,0.000124075,-0.0002625,1610.82,0.000764,1,0.00200245,-3.85093e-06,0.0002625,2756.93
0,5181131,7,phononL,0.00107887,0.00272258,-0.000596243,0.000262498,1143.02,0.000733607,1,0.00269481,-0.00121138,-0.0002625,1291.78
0,5193267,4,phononTF,0.000573924,0.0021995,-0.000168606,-0.0002625,12.6635,0.000382,1,0.00199654,1.14832e-06,0.0002625,713.493
0,5193814,13,phononTS,0.00231715,0.00348729,0.00146087,-0.000114736,494.256,0.00228357,1,0.00345762,0.00131912,-0.0002625,1016.94
0,5193814,12,phononTS,0.00150099,0.00255502,0.000582752,-8.67678e-05,494.256,0.00150099,1,0.00253866,0.000565091,-0.0002625,546.437
0,5195812,5,phononTS,0.00228875,0.00279458,-0.000705882,7.13374e-06,105.503,0.000382,1,-4.58499e-06,0.00199892,0.0002625,1441.39
0,5201920,9,phononTS,0.000400945,0.00288488,0.000177985,-0.0002625,27.1764,0.000382,1,0.00299605,0.000998774,0.0002625,737.195
0,5201920,8,phononTS,0.000404166,0.0027737,-0.000642801,0.000262498,27.1764,0.000404166,1,0.00233255,4.04196e-05,-0.0002625,412.558
0,5203176,5,phononTF,0.000801238,0.00237144,-0.000348509,-0.0002625,20.864,0.000382,1,0.00200092,-2.39282e-06,0.0002625,456.58
0,5203176,4,phononL,0.000490472,0.00274195,-0.000694624,0.000262498,20.864,0.000490472,1,0.00304535,-0.00106877,-0.0002625,155.458
0,5203740,6,phononTS,0.000433155,0.00187772,-0.000821074,-0.0002625,19.6254,0.000382,1,0.00100084,-0.000995271,0.0002625,810.486
0,5203740,5,phononTS,0.000685182,0.0027546,-0.000646877,0.000262498,19.6254,0.000437819,1,0.00276518,-0.000917108,-0.0002625,240.722
0,5203740,4,phononTF,0.00241372,0.0027546,-0.000646877,0.000262498,19.6254,0.00183784,1,0.00349738,1.09074e-05,-0.0002625,353.452
0,5212649,9,phononTS,0.000556949,0.00195577,4.12871e-05,-0.0002625,460.134,0.000382,1,0.00199935,2.87224e-06,0.0002625,799.887
0,5216056,8,phononTS,0.000575606,0.00222216,0.000276819,-0.000262498,1174.43,0.000382,1,0.00200032,-2.54207e-06,0.0002625,1429.02
0,5216056,2,phononL,0.000445911,0.00275237,-0.000693001,0.000262498,46.0535,0.000445911,1,0.00254487,-0.000940244,-0.0002625,165.785
0,5217682,13,phononTS,0.000661957,0.00297459,0.000861117,-0.0002625,840.257,0.000382,1,0.00299835,0.00100056,0.0002625,1221.34
0,5231192,10,phononTS,0.000411422,0.00199613,2.4882e-06,0.000262498,882.737,0.000411422,1,0.00201587,-6.02935e-06,-0.0002625,1039.47
0,5231192,5,phononTS,0.00257778,0.00283732,-0.000659164,0.000262498,98.9872,0.00172372,1,0.00275315,-0.00073099,-0.0002625,253.627
0,5242731,10,phononTS,0.000889217,0.00250757,-0.0010833,-0.0002625,345.041,0.000382,1,0.00200004,-2.74999e-06,0.0002625,1173.5
0,5244162,18,phononTF,0.000760663,-8.22452e-05,0.000149745,-0.0002625,1106.05,0.000382,1,-3.21359e-06,-4.5847e-06,0.0002625,1445.05
0,5274405,11,phononTF,0.00104121,0.00273473,-0.000550894,-0.000262498,513.426,0.000382,1,0.00199878,4.81998e-07,0.0002625,847.457
0,5276939,2,phononTF,0.00259069,0.00239597,-0.000333258,-0.0002625,24.4395,0.001146,1,0.00200232,-4.54557e-06,0.0002625,460.506
0,5276939,14,phononTS,0.000503442,0.00200232,-4.54557e-06,0.000262498,460.506,0.000503442,1,0.00191585,9.68172e-06,-0.0002625,624.88
0,5284767,11,phononTF,0.000385317,0.00200033,-4.25617e-06,0.0002625,858.304,0.000385317,1,0.0017045,0.000199085,-0.0002625,1258.98
0,5296901,12,phononTF,0.000900873,0.00209169,-8.21122e-05,-0.0002625,38.1911,0.000382,1,0.00200495,2.29037e-07,0.0002625,500.564
0,5299344,4,phononTF,0.00200334,0.00238023,-0.000346347,-0.0002625,8.79996,0.000382,1,0.00199726,-1.24821e-06,0.0002625,447.551
0,5299344,9,phononL,0.00121878,0.00199726,-1.24821e-06,0.000262498,447.551,0.000891569,1,0.00143885,0.000176322,-0.0002625,593.767
0,5301533,19,phononTS,0.000458228,0.00200203,3.68728e-06,0.000262498,865.009,0.000458228,1,0.00202595,-3.67335e-05,-0.0002625,1025.36
0,5306082,10,phononTS,0.000707303,0.00295554,0.000106352,-0.0002625,728.339,0.000382,1,0.00300432,0.00100187,0.0002625,1479.04
0,5306082,4,phononTS,0.000767698,0.00217078,-0.000854935,0.000262498,482.923,0.000767698,1,0.000929925,-0.000670956,-0.0002625,983.821
0,5307514,3,phononTF,0.000605877,0.00239358,-0.000355724,-0.0002625,98.2619,0.000382,1,0.0020042,2.24184e-06,0.0002625,542.936
0,5316509,15,phononTS,0.000419515,0.00199762,7.00276e-07,0.0002625,411.415,0.000419515,1,0.00127274,0.000299349,-0.0002625,1154.65
0,5316509,13,phononTF,0.000970726,0.00271552,-0.000906536,0.000262498,113.874,0.000830561,1,0.000521864,-0.00268507,-0.0002625,985.85
0,5319444,14,phononL,0.00258893,0.00212669,-0.00113239,-0.0002625,1006.08,0.000764,1,0.00200362,-0.00200483,0.0002625,1447.5
0,5319444,15,phononTF,0.000824405,0.00200362,-0.00200483,0.000262498,1447.5,0.000824405,1,0.0017215,-0.00175423,-0.0002625,1641.29
0,5320081,3,phononTF,0.000551222,0.00238934,-0.000332518,-0.0002625,4.92172,0.000382,1,0.0020039,1.03818e-06,0.0002625,440.459
0,5320261,7,phononTF,0.000708384,0.0023867,-0.000334534,-0.0002625,9.81469,0.000382,1,0.00200223,1.93213e-06,0.0002625,446.095
0,5332780,4,phononTS,0.00257691,0.00263784,-0.000770995,-0.0002625,63.0939,0.000764,1,0.00199766,-0.00200295,0.0002625,830.771
0,5333124,20,phononTS,0.000621994,-0.000997899,0.00300213,0.000262498,2520.44,0.000621994,1,-0.00204388,0.00115416,-0.0002625,3294.68
0,5363627,5,phononTS,0.00111971,0.00232458,-0.00123727,0.000120394,1.73508,0.000382,1,0.00199865,-0.00200404,0.0002625,665.315
0,5363627,4,phononTS,0.000465522,0.00277368,-0.000674188,0.000262498,1.73508,0.000465522,1,0.00272231,-0.000744397,-0.0002625,177.353
0,5364999,7,phononTF,0.000602937,0.00217161,-0.000132417,-0.0002625,265.201,0.000382,1,0.00199699,-2.21048e-06,0.0002625,657.073
0,5389928,5,phononTF,0.00198441,0.00189193,0.000163179,-0.0002625,11.4633,0.000382,1,0.00100367,0.000995982,0.0002625,816.986
0,5390471,5,phononTS,0.00273004,0.00284277,0.000140109,-0.0002625,32.9554,0.001146,1,0.00300417,0.000997206,0.0002625,764.208
0,5390471,6,phononTS,0.00110615,0.00300417,0.000997206,0.000262498,764.208,0.00110615,1,0.0030539,0.00103403,-0.0002625,947.02
0,5396873,5,phononTF,0.000681828,0.00236414,-0.000310744,-0.0002625,104.56,0.000382,1,0.0019976,-5.94926e-07,0.0002625,527.594
0,5397790,3,phononTS,0.000978663,0.0028599,0.000145105,-0.0002625,48.0581,0.000382,1,0.00299843,0.000998346,0.0002625,812.578
0,5399104,11,phononTF,0.00059717,0.000526826,-0.00344837,-0.0002625,211.684,0.000382,1,0.000995604,-0.0029993,0.0002625,2875.02
0,5399104,2,phononL,0.000526688,0.0028102,-0.000679501,0.000262498,34.2031,0.000526688,1,0.00250841,-0.000300706,-0.0002625,169.097
0,5401079,6,phononTF,0.000487436,0.00100401,0.00100267,0.0002625,1676.35,0.000487436,1,0.00115128,0.000828703,-0.0002625,2188.46
0,5402380,10,phononTS,0.000799849,0.00199731,1.30401e-06,0.000262498,456.728,0.000289042,1,0.00190737,4.53313e-05,-0.0002625,636.341
0,5402999,4,phononTF,0.00426018,0.00301123,0.00101568,0.000156537,572.464,0.001146,1,0.00299983,0.00100205,0.0002625,1548.23
0,5411720,5,phononL,0.000542018,0.00186824,-0.000835124,-0.0002625,42.2105,0.000382,1,0.00100099,-0.00100196,0.0002625,423.154
0,5417057,18,phononTS,0.000820672,0.00199829,-4.85344e-06,0.0002625,265.198,0.000820672,1,0.00144878,9.84834e-05,-0.0002625,1076.58
0,5419190,6,phononTS,0.000399227,0.00269648,-0.000937558,-0.000262498,525.239,0.000382,1,0.00200208,-0.00200178,0.0002625,1011.77
0,5419877,23,phononTS,0.000452497,-0.00100374,0.000997023,0.000262498,8002.09,0.000452497,1,-0.000981841,0.000917811,-0.0002625,8161.95
0,5425609,9,phononTS,0.000392411,0.00199555,3.61143e-06,0.000262498,459.379,0.000392411,1,0.00206534,-6.59628e-05,-0.0002625,614.369
0,5425609,4,phononTS,0.00196942,0.00280016,-0.000691672,0.000262498,13.7064,0.00162014,1,0.00275109,-0.00065157,-0.0002625,187.027
0,5425609,3,phononL,0.000507344,0.00280016,-0.000691672,0.000262498,13.7064,0.000507344,1,0.00282048,-0.00143578,-0.0002625,180.658
0,5435387,14,phononTF,0.000531161,0.00224496,-0.000307003,-0.0002625,283.287,0.000382,1,0.00199559,3.03237e-06,0.0002625,869.677
0,5435387,12,phononTS,0.000726313,0.00261669,-0.000777444,0.000262498,116.051,0.000726313,1,0.0034054,-0.000691313,-0.0002625,463.305
0,5436076,5,phononTF,0.000569489,0.00239696,-0.00032783,-0.0002625,17.3359,0.000382,1,0.00200108,-1.90069e-07,0.0002625,453.284
0,5442121,7,phononTS,0.000407813,0.000141917,0.00163563,-0.0002625,2408.04,0.000382,1,0.000996105,0.00100358,0.0002625,3333.45
0,5442121,3,phononTF,0.00278981,0.00277847,-0.000689525,0.000262498,5.22988,0.00141526,1,0.00341065,-0.00126807,-0.0002625,305.749
0,5442289,6,phononTF,0.000791688,0.00184359,0.000122278,-0.0002625,723.441,0.000382,1,0.00200113,-3.5966e-06,0.0002625,1393.96
0,5449635,15,phononTF,0.00115238,0.00238276,-0.000331487,-0.0002625,15.0287,0.000382,1,0.00199516,-3.03897e-06,0.0002625,449.335
0,5475899,2,phononTS,0.00139433,0.00287896,-0.000109255,-0.0002625,8.97917,0.000382,1,0.00200147,4.40643e-06,0.0002625,662.334
0,5478327,6,phononTF,0.00225123,0.000996288,0.00100432,0.0002625,78.9289,0.00117431,1,0.00106241,0.00108446,-0.0002625,1150
0,5482483,6,phononTS,0.00112,0.00199672,-2.40651e-06,0.000262498,442.916,0.000767097,1,0.00169777,1.30087e-06,-0.0002625,668.91
0,5482483,4,phononTS,0.000427652,0.0027605,-0.000679799,0.000262498,4.54199,0.000427652,1,0.00268532,-0.000735109,-0.0002625,159.507
0,5485123,7,phononTS,0.0003893,0.00203763,8.0508e-05,-0.000262499,609.407,0.000382,1,0.00199874,4.22665e-06,0.0002625,764.476
0,5496616,2,phononTF,0.000912548,0.00236491,-0.000344713,-0.0002625,15.0086,0.000382,1,0.00199941,4.43396e-06,0.0002625,450.277
0,5507776,10,phononTF,0.000441336,0.00199822,-4.09611e-06,0.000262498,637.354,0.000441336,1,0.00259593,0.000517645,-0.0002625,920.293
0,5509744,13,phononTS,0.000632902,0.002251,6.47785e-05,-0.000262498,1384.34,0.000382,1,0.00199622,-3.03579e-06,0.0002625,1594.81
0,5515095,28,phononTS,0.000465943,0.00203738,-0.00193448,-0.0002625,1004.56,0.000382,1,0.00200306,-0.00200066,0.0002625,1345.73
0,5515533,13,phononTF,0.000437545,0.0019975,0.00200267,0.000262498,1382.93,0.000437545,1,0.00134837,0.00265648,-0.0002625,1699.7
0,5515533,5,phononTS,0.000758511,0.00122608,0.00134124,0.000262498,909.784,0.000758511,1,0.000981478,0.00128351,-0.0002625,1117.79
0,5516467,18,phononL,0.000487607,0.00250513,-0.000230085,-0.0002625,179.169,0.000382,1,0.00199689,3.06151e-06,0.0002625,456.024
0,5517614,15,phononTS,0.00107301,0.000284334,-0.00207764,-0.000262498,3282.28,0.000764,1,2.99428e-06,-0.00199948,0.0002625,3497.93
0,5520099,11,phononTS,0.000722243,0.00200206,6.28362e-07,0.000262498,712.521,0.000722243,1,0.00190827,-0.000515198,-0.0002625,1002.02
0,5524858,9,phononTF,0.000923023,0.00196492,4.49766e-05,-0.0002625,964.067,0.000382,1,0.00200423,-1.64692e-06,0.0002625,1279.85
0,5529804,9,phononTS,0.000888835,0.0010002,0.000998991,0.000262498,2066.82,0.00051369,1,0.00429382,0.00332361,-0.0002625,3479.23
0,5535212,5,phononTS,0.00092991,0.00189405,-0.000844597,-0.0002625,5.46595,0.000382,1,0.00100454,-0.00100396,0.0002625,750.352
0,5535212,6,phononTF,0.000546081,0.00100454,-0.00100396,0.000262498,750.352,0.000546081,1,0.00129371,-0.00123495,-0.0002625,940.987
0,5535212,4,phononTF,0.000852677,0.00278356,-0.000685232,0.000262498,5.46595,0.000451954,1,0.00305318,-0.000459137,-0.0002625,193.593
0,5539284,4,phononTF,0.000715868,0.00238654,-0.000334287,-0.0002625,10.8954,0.000382,1,0.00200019,-3.19142e-06,0.0002625,446.683
0,5539284,3,phononTF,0.00102233,0.00277289,-0.000665382,0.000262498,10.8954,0.00102233,1,0.00192816,-0.00131446,-0.0002625,382.496
0,5539284,2,phononTS,0.00263331,0.00277289,-0.000665382,0.000262498,10.8954,0.00124191,1,0.00258889,-0.000746416,-0.0002625,205.459
0,5539328,13,phononTS,0.000401296,8.87216e-07,-0.00199928,0.000262498,2681.69,0.000401296,1,7.43386e-05,-0.00208079,-0.0002625,2855.53
0,5539578,10,phononTF,0.000588257,0.00199945,-3.39995e-06,0.000262498,1454.68,0.000588257,1,0.00221159,0.000253649,-0.0002625,1639.89
0,5539578,4,phononTS,0.00120878,0.00281484,-0.000589264,0.000262498,373.307,0.00113854,1,0.00400066,-0.00203813,-0.0002625,1091.88
0,5556111,6,phononTF,0.000479852,0.0023734,-0.000345428,-0.0002625,51.3254,0.000382,1,0.00200343,-1.10503e-06,0.0002625,486.331
0,5558225,11,phononTS,0.000602654,0.00230381,-0.00208867,-0.0002625,2245.15,0.000382,1,0.0019954,-0.00200467,0.0002625,2910.11
0,5564913,7,phononTF,0.000412685,0.00238834,-0.000334782,-0.0002625,4.3478,0.000382,1,0.00199868,2.13906e-06,0.0002625,443.196
0,5566600,5,phononTF,0.00077165,0.00238632,-0.000352761,-0.0002625,40.2319,0.000382,1,0.00200077,3.83494e-06,0.0002625,483.412
0,5567449,4,phononTF,0.000917367,0.00236244,-0.00156841,-0.0002625,388.901,0.000382,1,0.002001,-0.00200334,0.0002625,1011.53
0,5574982,2,phononTS,0.00156643,0.00300156,0.000995038,0.0002625,27.8323,0.00117105,1,0.00309852,0.000773736,-0.0002625,1072.91
0,5580261,12,phononTF,0.000578925,0.00200225,-0.00200282,0.0002625,931.475,0.000578925,1,0.00277651,-0.00271409,-0.0002625,1632.08
0,5580261,7,phononTS,0.000518619,0.00272012,-0.000778698,0.000262498,105.328,0.000518619,1,0.00284304,-0.000802369,-0.0002625,289.045
0,5580261,6,phononTF,0.000757801,0.00272012,-0.000778698,0.000262498,105.328,0.000640974,1,0.00234098,-0.00129808,-0.0002625,370.064
0,5580261,5,phononTS,0.000428657,0.00272012,-0.000778698,0.000262498,105.328,0.000428657,1,0.00297064,-0.000474742,-0.0002625,370.159
0,5580261,4,phononTS,0.000990443,0.00272012,-0.000778698,0.000262498,105.328,0.000797622,1,0.00165174,-9.062e-05,-0.0002625,631.475
0,5580261,3,phononL,0.0015088,0.00272012,-0.000778698,0.000262498,105.328,0.000993228,1,0.00208257,-0.00100978,-0.0002625,265.274
0,5584747,2,phononTS,0.000863256,0.00189517,-0.000850881,-0.0002625,22.2311,0.000382,1,0.00099596,-0.00099746,0.0002625,773.04
0,5586027,13,phononTS,0.000468888,0.00245577,2.56682e-05,-0.0002625,846.796,0.000382,1,0.00199562,-1.66177e-07,0.0002625,1365.35
0,5601288,15,phononL,0.000488837,0.00241523,0.000289343,-0.000262498,429.999,0.000382,1,0.00199852,1.49434e-06,0.0002625,567.46
0,5608662,11,phononTS,0.000531489,0.00199952,-2.83443e-06,0.000262498,482.844,0.000531489,1,0.00192462,-8.00899e-05,-0.0002625,637.444
0,5608662,3,phononTS,0.00247102,0.00279908,-0.000662187,0.000262498,26.8855,0.00109893,1,0.00284034,-0.00057101,-0.0002625,184.118
0,5610895,12,phononTS,0.000436453,0.000998743,0.00100072,0.000262498,1401.97,0.000436453,1,0.000208751,0.000235731,-0.0002625,1877.36
0,5610895,2,phononTS,0.00227807,0.00277198,-0.000674063,0.000262498,2.7422,0.00172351,1,0.00353718,-0.000573319,-0.0002625,359.032
0,5623877,8,phononTF,0.000699197,0.00211833,0.000207206,-0.0002625,723.892,0.000382,1,0.000999177,0.000996981,0.0002625,1643.4
0,5631236,11,phononTF,0.000454807,0.00110692,-0.000877391,-0.0002625,1547.22,0.000382,1,0.00100342,-0.00099859,0.0002625,1895.07
0,5640013,5,phononTS,0.0028289,0.0018892,-0.000825683,-0.0002625,48.1866,0.000382,1,0.00100189,-0.000996086,0.0002625,791.347
0,5640643,11,phononTS,0.000718978,-0.00106214,-0.00114519,-0.0002625,2227.78,0.000382,1,-0.000997776,-0.000996543,0.0002625,2793.67
0,5643755,23,phononTS,0.00046765,0.00199974,-1.62759e-06,0.000262498,2013.24,0.00046765,1,0.00140649,-8.66448e-05,-0.0002625,2321.62
0,5651251,17,phononTF,0.000398718,0.005,0.000435653,7.22799e-05,1072.46,0.000382,1,0.000998043,-0.0010021,0.0002625,2909.86
0,5671809,18,phononTS,0.000511628,0.00200082,2.596e-06,0.0002625,745.292,0.000511628,1,0.00201621,2.80504e-05,-0.0002625,1077.26
0,5682626,2,phononTS,0.000460028,0.0018896,-0.00181823,-0.0002625,51.852,0.000382,1,0.000997591,-0.00299536,0.0002625,1136.42
0,5683542,21,phononTF,0.000433001,0.0023963,-0.000321166,-0.0002625,666.249,0.000382,1,0.00200157,3.05645e-06,0.0002625,1100.67
0,5702029,11,phononL,0.000700779,0.00123939,-0.00210981,-0.0002625,1294.2,0.000382,1,0.000997492,-0.00299948,0.0002625,1890.15
0,5708877,7,phononTF,0.000443255,0.0019994,3.56598e-06,0.000262498,808.824,0.000443255,1,0.00190778,7.93846e-05,-0.0002625,969.584
0,5708877,2,phononTF,0.00547094,0.00283075,-0.000199281,-0.000216768,224.594,0.00202369,1,0.00276393,-0.00025852,-0.0002625,1052.74
0,5710007,20,phononTS,0.000405488,0.00300155,0.00100274,0.0002625,886.734,0.000405488,1,0.00295365,0.000911772,-0.0002625,1356.4
0,5720915,10,phononTS,0.00105038,0.0020028,9.86299e-07,0.000262498,480.12,0.000936601,1,0.0020777,-0.00127298,-0.0002625,962.794
0,5720915,6,phononL,0.00118017,0.00274927,-0.000615512,0.000262498,56.0977,0.000576654,1,0.00292715,-0.00077644,-0.0002625,171.095
0,5739862,13,phononTF,0.00046471,0.00295927,0.00106722,-0.000262498,1330.67,0.000382,1,0.00300448,0.00100473,0.0002625,1489.76
0,5757133,6,phononTF,0.000858469,0.00240594,-0.000370904,-0.0002625,36.5323,0.000382,1,0.00200221,4.07513e-06,0.0002625,504.836
0,5757133,5,phononTS,0.000638254,0.00280967,-0.000745881,0.000262498,36.5323,0.000638254,1,0.00273147,-0.000679469,-0.0002625,192.188
0,5758025,16,phononTS,0.000390422,0.00196491,-0.00202711,-0.000262498,2269.02,0.000382,1,0.00200084,-0.00200185,0.0002625,2436.12
0,5760122,16,phononL,0.000693535,0.00199643,4.29939e-06,0.000262498,817.916,0.000121326,1,0.00176647,0.000433126,-0.0002625,952.585
0,5784362,16,phononTS,0.000472647,0.003003,0.00100209,0.000262498,1093.81,0.000472647,1,0.0031895,0.000935513,-0.0002625,1289.31
0,5794622,15,phononTS,0.000455839,0.00300374,0.000997109,0.000262498,1506.72,0.000455839,1,0.00295817,0.000517992,-0.0002625,1770.6
0,5807732,16,phononTF,0.000386834,0.00249054,-0.000553497,-0.000262498,630.706,0.000382,1,0.00200368,3.47389e-06,0.0002625,900.714
0,5807732,2,phononTF,0.00240072,0.00258919,-0.000468216,0.000163694,138.754,0.00194443,1,0.00242931,-0.000266847,-0.0002625,351.948
0,5813368,23,phononTS,0.000423857,0.00106954,-0.00307333,-0.000262498,1758.32,0.000382,1,0.0010003,-0.00300478,0.0002625,1931.67
0,5814205,13,phononTF,0.000909279,0.000996996,-0.000998118,0.0002625,1131.48,0.000788183,1,0.00134587,-0.00128868,-0.0002625,1750.15
0,5823444,7,phononTF,0.0003866,0.00199733,0.00200123,0.000262499,1858.84,0.0003866,1,0.00227748,0.00232691,-0.0002625,2061.37
0,5823444,4,phononTS,0.000540998,0.00300111,-0.000614254,0.000262498,606.347,0.000540998,1,0.00292844,-0.000551391,-0.0002625,762.726
0,5823622,10,phononTF,0.000504931,0.0030969,-0.000594432,-0.000262498,234.194,0.000382,1,0.000998804,0.00100196,0.0002625,1054.95
0,5832038,8,phononTS,0.000659609,4.08427e-06,-1.50037e-06,0.0002625,1150.81,0.000337743,1,0.000542586,-0.000165772,-0.0002625,1759.75
0,5870857,4,phononTF,0.000969001,0.00212355,-9.83691e-05,-0.0002625,43.2045,0.000382,1,0.00200086,4.24059e-06,0.0002625,1025.94
0,5870857,3,phononTS,0.000820028,0.002737,-0.000611417,0.000262498,43.2045,0.000176195,1,0.00271615,-0.000680606,-0.0002625,204.243
0,5880200,18,phononTF,0.000521457,0.00238131,-0.00153802,-0.0002625,1008.11,0.000382,1,0.0020017,-0.0020009,0.0002625,2006.57
0,5883289,3,phononTS,0.000605312,0.00288218,0.000160038,-0.0002625,65.9998,0.000382,1,0.00299681,0.000995109,0.0002625,820.224
0,5900045,9,phononTF,0.000967207,0.00237739,-0.000330929,-0.0002625,20.2203,0.000764,1,0.00199931,-2.45431e-06,0.0002625,452.208
0,5900045,8,phononTF,0.000521811,0.00275546,-0.000659402,0.000262498,20.2203,0.000521811,1,0.00349007,-0.00130868,-0.0002625,362.286
0,5901386,8,phononTS,0.00128595,0.00200225,-0.00200084,0.0002625,2278.99,0.000240329,1,0.00207789,-0.00192362,-0.0002625,3367.38
0,5910009,22,phononTS,0.000591369,8.12032e-05,-0.00193519,-0.000262498,3244.43,0.000382,1,8.75815e-07,-0.00199907,0.0002625,3399.81
0,5917830,21,phononL,0.00067233,0.00200282,4.35394e-06,0.000262498,1512.38,0.00067233,1,0.0024633,-0.000400289,-0.0002625,1665.25
0,5918340,8,phononTS,0.000945754,0.00200432,0.00199734,0.000262498,1130.15,0.000680364,1,0.00208949,0.0018259,-0.0002625,1340.76
0,5920598,15,phononTS,0.000761649,0.00200449,-4.24253e-06,0.0002625,4176.75,0.000761649,1,0.00065276,0.00167142,-0.0002625,6601.25
0,5920598,9,phononL,0.00178628,0.0020208,-0.00038639,0.000262498,2829.93,0.00178628,1,0.00201046,-0.000732058,-0.0002625,2950.9
0,5922345,15,phononTS,0.00079526,0.00300094,0.00100252,0.000262498,1531.39,0.00079526,1,0.0028152,0.000740792,-0.0002625,1776.03
0,5922696,15,phononTF,0.000697906,0.00199791,2.31533e-06,0.0002625,1193.47,0.000697906,1,0.00134726,0.000567275,-0.0002625,2092.59
0,5930943,16,phononTS,0.0029259,0.00259788,-0.000654807,5.36308e-05,608.528,0.000382,1,0.00200223,4.29745e-06,0.0002625,983.057
0,5945338,24,phononTF,0.000746647,0.00260615,-0.000485558,-0.0002625,345.936,0.000382,1,0.00199757,1.60274e-06,0.0002625,935.681
0,5947173,8,phononTS,0.00110492,0.000996012,-0.000999856,0.000262498,746.824,0.000198953,1,5.82323e-05,-0.00107232,-0.0002625,1137.72
0,5954541,12,phononL,0.00157566,0.00234109,-0.000285041,-0.0002625,212.622,0.000382,1,0.00199944,2.92258e-06,0.0002625,473.907
0,5954541,22,phononTF,0.000850748,0.00199944,2.92258e-06,0.000262498,473.907,0.000569014,1,0.00105617,0.00279925,-0.0002625,1428.33
0,5963291,12,phononTS,0.000795159,0.000997735,-0.00099745,0.000262498,753.561,0.000795159,1,0.000930882,-0.000831911,-0.0002625,944.821
0,5966286,7,phononTS,0.000623495,0.00256617,-0.000982381,-0.000262498,243.231,0.000382,1,-0.00099512,0.00299868,0.0002625,1923.59
0,5974719,10,phononTS,0.000456927,0.00200194,1.89152e-06,0.000262499,2062.15,0.000456927,1,0.000543074,-0.000344491,-0.0002625,2644.51
0,5975633,8,phononTS,0.000786406,0.00108443,-0.00107976,-0.0002625,1088.17,0.000382,1,0.00100426,-0.0010034,0.0002625,1397.05
0,5975633,6,phononTS,0.001072,0.00276004,-0.000683542,0.000262498,13.5515,0.000583247,1,0.00273934,-0.000661022,-0.0002625,170.221
0,5977495,8,phononTF,0.00127626,0.00238422,-0.000337639,-0.0002625,2.52338,0.000382,1,0.00199524,-3.65268e-06,0.0002625,439.998
0,5977495,13,phononTS,0.000507588,0.00199524,-3.65268e-06,0.000262498,439.998,0.000507588,1,0.0019411,4.4863e-05,-0.0002625,611.904
0,5980224,5,phononTF,0.000759021,0.00238823,-0.000346782,-0.0002625,6.00784,0.000382,1,0.0020039,8.68824e-07,0.0002625,448.759
0,5981522,12,phononTS,0.000397908,0.00200482,0.00199962,0.0002625,2625.39,0.000397908,1,0.00167064,0.00322265,-0.0002625,4106.1
0,5988164,10,phononTS,0.00122875,0.00188432,-0.000836761,-0.0002625,5.77668,0.000382,1,0.00099659,-0.00100054,0.0002625,749.468
0,5988164,12,phononL,0.000554367,0.00099659,-0.00100054,0.000262498,749.468,0.000554367,1,0.000701459,-0.000730439,-0.0002625,875.427
0,6029738,8,phononTF,0.000646717,0.00270734,-0.000771238,-0.000262498,157.288,0.000382,1,0.0020004,-4.9402e-06,0.0002625,505.331
0,6030602,2,phononTF,0.000651266,0.00200295,-3.83627e-06,0.0002625,26.1118,0.000651266,1,0.00183465,0.000207557,-0.0002625,632.931
0,6032680,13,phononTS,0.00049302,0.00102918,0.000866819,-0.0002625,1628.35,0.000382,1,0.000997184,0.00100214,0.0002625,2021.11
0,6034006,5,phononTF,0.000433933,0.00238079,-0.000338437,-0.0002625,5.54111,0.000382,1,0.00199808,-6.4368e-07,0.0002625,441.816
0,6034456,13,phononTS,0.00049333,0.00100492,0.000999913,0.000262498,1049.42,0.00049333,1,0.00102322,0.00107818,-0.0002625,1210.07
0,6035896,11,phononTS,0.000421323,0.00199613,6.29681e-07,0.000262498,476.59,0.000421323,1,0.00193113,-8.90531e-05,-0.0002625,631.624
0,6037564,16,phononTF,0.000453095,-0.000995942,0.00100116,0.000262498,2992.59,0.000453095,1,-0.00073829,0.000795714,-0.0002625,3176.73
0,6037564,14,phononTS,0.000964742,0.000748084,-0.00343526,0.000262498,1250.2,0.000309412,1,0.000966795,-0.00347097,-0.0002625,1455.45
0,6038036,12,phononTS,0.000694208,0.00200348,2.03206e-06,0.000262499,2763.65,0.000694208,1,0.00226838,-4.31818e-05,-0.0002625,2976.33
0,6038036,2,phononTS,0.00313757,0.00258524,-0.00062644,0.000107797,909.288,0.00284848,1,0.00257056,6.06051e-05,-0.0002625,1197.03
0,6052945,7,phononTS,0.000795437,0.005,-0.00297775,9.38487e-05,441.265,0.000382,1,0.00199665,7.10938e-07,0.0002625,2939.13
0,6052945,6,phononTF,0.00308122,0.005,-0.000539105,0.000123592,441.265,0.0017362,1,0.00407532,0.000420418,-0.0002625,1883.94
0,6071551,11,phononTF,0.000477139,0.005,-7.61672e-06,-1.86843e-06,967.873,0.000477139,1,0.00493136,-9.46194e-05,-0.0002625,1749.27
0,6072031,5,phononTF,0.00476349,0.00211555,0.000217798,0.000247295,1000.93,0.00314961,1,0.00209115,0.000285215,-0.0002625,1593.04
0,6086956,5,phononTS,0.00107889,0.00238151,-0.0013358,-0.0002625,19.4024,0.000382,1,0.00199806,-0.0020023,0.0002625,761.323
0,6094173,9,phononTS,0.0014082,0.00485291,-0.000976138,-0.0002625,352.491,0.000382,1,0.00300233,0.000998534,0.0002625,2133.31
0,6095495,5,phononTS,0.000975939,0.00239825,-0.000327844,-0.0002625,20.4177,0.000382,1,0.00199542,2.3041e-06,0.0002625,621.487
0,6095495,4,phononTS,0.000390207,0.00280108,-0.000657991,0.000262498,20.4177,0.000390207,1,0.00348271,-0.00266185,-0.0002625,803.576
0,6095495,2,phononTS,0.00481642,0.00280287,-0.000664132,-7.55835e-05,7.96368,0.003178,1,0.00278261,-0.000447185,-0.0002625,211.631
0,6098367,9,phononTS,0.00068566,0.00159694,-0.000904566,-0.0002625,259.983,0.000382,1,0.000995974,-0.00100278,0.0002625,1144.37
0,6099572,20,phononTS,0.000422513,0.0010014,-0.000999989,0.000262498,4242.38,0.000422513,1,0.0019327,-0.000823823,-0.0002625,4645.01
0,6099982,13,phononTS,0.00135306,0.00305564,0.000761448,-0.0002625,663.858,0.000764,1,0.00299745,0.000996244,0.0002625,1541.28
0,6100830,4,phononTS,0.000385048,0.00159444,-0.000889939,-0.0002625,235.904,0.000382,1,0.00100236,-0.000996668,0.0002625,1111.88
0,6102968,13,phononTF,0.00052119,0.00238769,-0.000422809,-0.0002625,580.687,0.000382,1,0.00200307,1.9201e-06,0.0002625,1046.83
0,6114136,4,phononTS,0.00152354,0.00189003,-0.000840198,-0.0002625,14.9717,0.000382,1,0.000997225,-0.000999452,0.0002625,761.461
0,6116289,5,phononTF,0.000646022,0.00238631,-0.000332512,-0.0002625,82.5233,0.000382,1,0.00200175,-4.2443e-06,0.0002625,516.801
0,6116289,4,phononTS,0.00131512,0.00277088,-0.000660779,0.000262498,82.5233,0.000942853,1,0.00104675,-0.00245528,-0.0002625,999.252
0,6117192,4,phononTS,0.000611904,0.00188966,-0.000839343,-0.0002625,4.52491,0.000382,1,0.000996346,-0.00100406,0.0002625,751.339
0,6132159,22,phononTF,0.000434206,0.000998696,-0.00300037,0.000262498,5824.51,0.000434206,1,0.00116077,-0.00298514,-0.0002625,5994.67
0,6132159,2,phononTF,0.00341751,0.00277344,-0.000696062,0.000262498,9.58855,0.00247352,1,0.0031501,-0.000260068,-0.0002625,241.853
0,6137966,4,phononTF,0.00116203,0.00237679,-0.000358808,-0.0002625,50.4233,0.000382,1,0.00200193,-4.38129e-06,0.0002625,502.038
0,6206988,22,phononTF,0.00065126,0.00299554,0.00100266,0.0002625,1264.47,0.00065126,1,0.00340437,0.00144459,-0.0002625,2148.44
0,6207735,16,phononTF,0.000825256,0.000731476,-0.00126482,-0.000262498,1272.19,0.000382,1,0.00100302,-0.00100372,0.0002625,1469.18
0,6208432,10,phononL,0.000508217,-9.34066e-08,1.64665e-06,0.0002625,936.892,0.000508217,1,-0.000415333,-0.000250275,-0.0002625,1206.38
0,6208432,8,phononTF,0.000705839,0.00277099,-0.000660572,0.000262498,19.9917,0.000197002,1,0.00308173,-0.00308981,-0.0002625,844.708
0,6214793,12,phononTS,0.00186706,0.00107338,0.0010528,-0.0002625,1215.37,0.000764,1,0.00100476,0.00100217,0.0002625,1658.18
0,6214793,15,phononTS,0.000896968,0.00100476,0.00100217,0.000262498,1658.18,0.000896968,1,0.000515868,0.000985682,-0.0002625,1932.22
0,6217041,9,phononTF,0.000505032,0.00200492,1.49608e-06,0.000262498,461.363,0.000505032,1,0.00223763,0.00026626,-0.0002625,650.709
0,6217041,7,phononTS,0.0005502,0.00278163,-0.000634347,0.000262498,30.6758,0.0005502,1,0.00270794,-0.00070757,-0.0002625,185.42
0,6217041,6,phononTF,0.000440907,0.00278163,-0.000634347,0.000262498,30.6758,0.000440907,1,0.00265968,-0.000753309,-0.0002625,196.305
0,6217041,5,phononTF,0.000602882,0.00278163,-0.000634347,0.000262498,30.6758,0.000602882,1,0.0027588,-0.000946579,-0.0002625,232.552
0,6225113,3,phononL,0.0048556,0.00131007,-0.000884346,-0.0002625,57.0861,0.000382,1,0.00100068,-0.0010022,0.0002625,804.788
0,6225690,11,phononTS,0.000849322,0.00286902,0.000158133,-0.0002625,872.128,0.000382,1,0.00300166,0.000995529,0.0002625,1588.79
0,6225690,9,phononTS,0.000867255,0.00221828,-0.000116831,0.000262498,484.416,0.000867255,1,0.000704383,0.00171189,-0.0002625,1305.69
0,6226627,2,phononTS,0.00273341,0.00299896,0.00100085,0.0002625,196.266,0.00217286,1,0.00316826,0.00107301,-0.0002625,1145.98
0,6229796,16,phononTS,0.00125342,0.00199856,-1.61994e-06,0.0002625,820.016,0.00125342,1,0.00202131,0.000532913,-0.0002625,1624.71
0,6246903,18,phononTS,0.000438571,-0.005,-0.00478453,0.000227894,1572.79,0.000438571,1,-0.00403948,-0.00481671,-0.0002625,4866.35
0,6255668,18,phononTS,0.000491848,0.00297174,-0.000428989,-0.000262498,521.195,0.000382,1,0.00200491,0.00199745,0.0002625,1466.1
0,6270310,10,phononTS,0.00133259,0.000996248,-0.000999813,0.0002625,343.904,0.00133259,1,0.00105417,-0.000717873,-0.0002625,1109.05
0,6270310,8,phononTS,0.000790965,0.00276739,-0.000694815,0.000262498,20.0059,0.000790965,1,0.0028361,-0.00076696,-0.0002625,175.928
0,6270310,7,phononTF,0.00048435,0.00276739,-0.000694815,0.000262498,20.0059,0.00048435,1,0.00298872,-0.000970561,-0.0002625,207.994
0,6270310,6,phononTS,0.000406335,0.00276739,-0.000694815,0.000262498,20.0059,0.000406335,1,0.00147112,0.000190678,-0.0002625,601.078
0,6271595,17,phononTS,0.000746952,0.00199633,-1.52423e-06,0.000262498,1163.31,0.000133585,1,0.00199169,0.00048806,-0.0002625,1435.51
0,6272127,5,phononTF,0.00133756,0.00238293,-0.000326042,-0.0002625,9.18611,0.000382,1,0.00200289,-4.51481e-06,0.0002625,439.283
0,6272127,9,phononTS,0.000754299,0.00200289,-4.51481e-06,0.000262498,439.283,0.000754299,1,0.00206496,8.51232e-05,-0.0002625,594.574
0,6276067,7,phononTS,0.000660719,0.00235887,-0.00130695,-0.0002625,67.3938,0.000382,1,0.00200072,-0.00199964,0.0002625,813.509
0,6276067,6,phononTS,0.00124694,0.00271703,-0.00061427,0.000262498,67.3938,0.000452079,1,0.00280042,-0.000900657,-0.0002625,284.018
0,6283821,12,phononTS,0.000712874,0.00200384,-3.84429e-06,0.000262498,866.555,0.000712874,1,0.0010606,-0.000598375,-0.0002625,1343.96
0,6283821,5,phononTS,0.00118591,0.002776,-0.000664661,0.000262498,3.64889,0.00118591,1,0.00269912,-0.000751136,-0.0002625,157.936
0,6285724,16,phononTS,0.000440441,0.00199628,4.86658e-06,0.000262498,2662.43,0.000440441,1,0.00202033,-8.26775e-05,-0.0002625,2821.75
0,6285724,5,phononTS,0.000810964,0.00265839,-0.000570015,0.000262498,281.413,0.00050491,1,0.00270164,-0.000659229,-0.0002625,438.514
0,6286096,9,phononTF,0.000438945,0.00194614,-4.66927e-05,-0.000262498,712.272,0.000382,1,0.00200328,-1.35586e-06,0.0002625,870.56
0,6299023,2,phononTF,0.00107708,0.00238108,-0.000337034,-0.0002625,5.55814,0.000382,1,0.00200044,-2.37597e-06,0.0002625,457.913
0,6299638,8,phononTS,0.000460317,0.00299625,0.00100123,0.000262498,909.231,0.000460317,1,0.00306713,0.000925438,-0.0002625,1064.15
0,6299638,5,phononTS,0.000655618,0.00292888,-0.000769977,0.000262498,123.155,0.000655618,1,0.00291372,-0.000781357,-0.0002625,285.291
0,6301857,7,phononTF,0.000629632,0.00250744,-0.000563509,-0.000262498,335.086,0.000382,1,0.00200213,1.82647e-06,0.0002625,619.772
0,6301857,2,phononL,0.00490955,0.00288364,-0.000874597,-0.000105462,11.3987,0.00414545,1,0.00301121,-0.000959267,-0.0002625,2318.52
0,6315541,23,phononTF,0.000638674,0.00299752,0.000998753,0.0002625,2355.52,0.000638674,1,0.00291119,0.00130114,-0.0002625,2755.05
0,6317230,6,phononL,0.00159004,0.0026134,-0.000331976,-0.0002625,86.9181,0.000764,1,0.00200392,3.43079e-06,0.0002625,375.783
0,6317230,5,phononTF,0.000407662,0.00272916,-0.000700266,0.000262498,86.9181,0.000407662,1,-0.00125795,0.000722226,-0.0002625,1421.82
0,6317230,4,phononTF,0.000948969,0.00272916,-0.000700266,0.000262498,86.9181,0.000621163,1,0.00227052,-0.00116797,-0.0002625,341.324
0,6334724,2,phononTS,0.00187443,0.00188272,-0.000827842,-0.0002625,8.27845,0.000764,1,0.000997192,-0.000999316,0.0002625,749.576
0,6340857,5,phononTS,0.00256252,0.00157542,0.000443247,-0.000151849,46.0518,0.00256252,1,0.00158774,0.000437976,-0.0002625,787.933
0,6351237,5,phononTF,0.00118872,0.00237623,-0.000382462,-0.0002625,318.056,0.000764,1,0.00200272,1.75205e-06,0.0002625,766.194
0,6351237,4,phononTF,0.00105595,0.00274973,-0.000766674,0.000262498,318.056,0.000946423,1,0.0032095,-0.0011924,-0.0002625,561.952
0,6351718,11,phononTS,0.000521542,-0.00109662,0.000909224,-0.000262498,1878.54,0.000382,1,-0.000998047,0.00100402,0.0002625,2077.81
0,6351718,7,phononTS,0.000395516,0.00276543,-0.00059941,0.000262498,91.7926,0.000395516,1,0.00205678,-0.000701917,-0.0002625,432.868
0,6352933,19,phononTS,0.00056969,0.00183914,6.28059e-05,-0.000262498,1059.47,0.000382,1,0.00200282,-1.46869e-06,0.0002625,1250.42
0,6352933,3,phononTS,0.000689561,0.00275832,-0.000668903,0.000262498,152.255,0.000689561,1,0.00272835,-0.000556906,-0.0002625,337.118
0,6377628,8,phononTS,0.000678967,0.00200732,0.00127002,-0.0002625,900.42,0.000382,1,0.00200414,0.00200226,0.0002625,2156.71
0,6388714,2,phononTS,0.00563387,0.00200568,-7.45441e-06,0.000253665,88.5154,0.001146,1,0.00200181,-1.3406e-06,0.0002625,1301.02
0,6388714,10,phononTS,0.0016151,0.00200181,-1.3406e-06,0.000262498,1301.02,0.000992879,1,0.00201968,0.000284525,-0.0002625,1518.66
0,6389692,9,phononTF,0.000494085,0.00173963,-0.0022327,-0.0002625,898.451,0.000382,1,0.00200068,-0.00200374,0.0002625,1285.18
0,6389692,6,phononTS,0.00109778,0.00276593,-0.000665887,0.000262498,14.325,0.000231181,1,0.00330286,-0.000743606,-0.0002625,293.232
0,6393082,5,phononTF,0.00132511,0.00237817,-0.000313371,-0.0002625,72.6796,0.000382,1,0.0019976,1.90939e-06,0.0002625,500.703
0,6393587,5,phononTF,0.00042607,0.00236927,-0.000306822,-0.0002625,55.7257,0.000382,1,0.00199933,4.91915e-06,0.0002625,480.598
0,6404390,15,phononTF,0.000473461,0.00233662,-0.00162035,-0.0002625,1994.42,0.000382,1,0.002004,-0.00199518,0.0002625,3400.7
0,6415438,13,phononTS,0.000802902,0.00164287,-0.000940523,-0.0002625,430.008,0.000382,1,0.000996539,-0.00099986,0.0002625,1408.55
0,6415438,12,phononTS,0.000412013,0.00241744,-0.000885243,0.000262498,430.008,0.000412013,1,0.00234915,-0.000909848,-0.0002625,589.814
0,6424908,6,phononTS,0.000891864,0.00199625,-3.98339e-06,0.000262498,452.546,0.000365324,1,0.00207056,-3.78265e-05,-0.0002625,611.127
0,6424908,4,phononTF,0.000580664,0.00277216,-0.000657979,0.000262498,18.6653,0.000580664,1,0.0027064,-0.000731038,-0.0002625,178.341
0,6424908,3,phononTF,0.00200811,0.00277216,-0.000657979,0.000262498,18.6653,0.00164806,1,0.0029439,-0.0010219,-0.0002625,235.501
0,6439811,4,phononTS,0.00432443,0.00198734,0.000104468,0.000134272,441.36,0.001146,1,0.00199532,3.66224e-06,0.0002625,1705.32
0,6439811,15,phononTS,0.000405201,0.00199532,3.66224e-06,0.000262498,1705.32,0.000405201,1,0.00147824,-3.59528e-05,-0.0002625,1988.95
0,6452805,11,phononTF,0.00068231,0.000629345,-0.00323944,-0.0002625,1615.5,0.000382,1,0.0010048,-0.00300342,0.0002625,2619.45
0,6463087,17,phononTS,0.000382584,0.001999,-0.00200369,0.000262498,1316.59,0.000382584,1,0.00193636,-0.00195898,-0.0002625,1472.71
0,6484735,4,phononTS,0.000438857,0.00288586,0.000160104,-0.0002625,14.2215,0.000382,1,0.00299565,0.00100086,0.0002625,732.87
0,6484735,3,phononL,0.000588053,0.00277608,-0.000680643,0.000262498,14.2215,0.000588053,1,0.0028446,-0.00143914,-0.0002625,184.045
0,6489614,9,phononTF,0.000528039,0.00221172,-0.00174774,-0.0002625,566.466,0.000382,1,0.00200409,-0.00200374,0.0002625,1141.06
0,6489614,3,phononTS,0.000403782,0.00279065,-0.000718938,0.000262498,16.1579,0.000403782,1,0.00282757,-0.000783846,-0.0002625,175.73
0,6496703,9,phononTF,0.000547275,0.00238528,-0.000330294,-0.0002625,8.57897,0.000382,1,0.00200182,2.64037e-06,0.0002625,443.41
0,6498614,5,phononTS,0.000410418,0.00239803,-0.000354216,-0.0002625,32.9216,0.000382,1,0.00199856,4.6566e-06,0.0002625,643.763
0,6498614,4,phononTF,0.00290032,0.0027975,-0.000713087,0.000262498,32.9216,0.00199446,1,0.00255032,-0.000512005,-0.0002625,215.587
0,6499195,12,phononL,0.000570228,0.0027342,-0.00191601,-0.000262498,2465.03,0.000382,1,0.00199683,-0.0019995,0.0002625,2632.05
0,6499195,7,phononL,0.00302778,0.00276956,-0.000545292,0.000262498,309.055,0.000635903,1,0.00282837,-0.000940683,-0.0002625,434.226
0,6503419,9,phononTS,0.000509468,0.00200163,1.94276e-08,0.000262498,666.163,0.000509468,1,0.00199656,0.000263874,-0.0002625,885.255
0,6503419,6,phononTF,0.00130009,0.00270619,-0.00102165,-7.16778e-05,185.912,0.000656608,1,0.00292503,-0.00123655,-0.0002625,457.821
0,6510383,9,phononTS,0.000459386,0.00188339,-0.000826356,-0.0002625,20.3194,0.000382,1,0.00100004,-0.00099588,0.0002625,761.276
0,6517525,9,phononTS,0.000529302,0.00114514,0.0010789,-0.0002625,1403.47,0.000382,1,0.000999659,0.00100392,0.0002625,1778.01
0,6517525,7,phononTF,0.000396829,0.00323822,-0.000533657,0.000262498,550.81,0.000396829,1,0.0035608,-0.000910021,-0.0002625,765.598
0,6541386,13,phononTS,0.00149595,0.00200112,-1.36373e-06,0.000262498,454.47,0.00149595,1,0.00325526,-8.14775e-05,-0.0002625,988.604
0,6541386,3,phononTS,0.00141084,0.00278232,-0.000642801,0.000262498,22.2308,0.000699653,1,0.00200391,-0.000330346,-0.0002625,409.811
0,6555603,13,phononTS,0.00051224,0.00288792,8.63091e-05,-0.0002625,532.126,0.000382,1,0.00300433,0.000998994,0.0002625,1294.48
0,6555603,12,phononTS,0.000956759,0.00277152,-0.000826373,0.000262498,532.126,0.000687737,1,0.00296584,-0.000750129,-0.0002625,728.965
0,6565122,9,phononTS,0.000386393,0.00299113,0.00125263,-0.000262498,1001.78,0.000382,1,0.00200302,2.33394e-06,0.0002625,1578
0,6565122,2,phononTS,0.00274261,0.00275496,-0.000699297,0.000246847,24.8394,0.00144854,1,0.00280933,-0.000717296,-0.0002625,196.268
0,6575335,18,phononTF,0.000603306,0.00164177,-0.0023955,-0.0002625,308.315,0.000382,1,0.000995219,-0.0029978,0.0002625,1251.5
0,6578052,4,phononTS,0.00168902,0.00188901,-0.00183027,-0.0002625,10.5249,0.000382,1,0.00100419,-0.00300107,0.0002625,1089.42
0,6578052,11,phononTF,0.00069505,0.00100419,-0.00300107,0.000262498,1089.42,0.000372575,1,0.00107734,-0.00291063,-0.0002625,1249.93
0,6592889,6,phononTF,0.000481338,0.00234765,-0.000315623,-0.0002625,170.961,0.000382,1,0.00200443,-4.13511e-06,0.0002625,588.75
0,6593500,5,phononL,0.00253649,0.00237532,-0.000335489,-0.0002625,36.6912,0.000764,1,0.00199955,-2.32385e-06,0.0002625,311.036
0,6593500,10,phononTF,0.00143534,0.00199955,-2.32385e-06,0.000262498,311.036,0.0010623,1,0.0020097,-9.92392e-05,-0.0002625,472.764
0,6593675,7,phononTS,0.000714215,0.00200376,4.12765e-08,0.000262498,967.194,0.000714215,1,0.0024283,1.07875e-05,-0.0002625,1224.52
0,6593675,4,phononTS,0.000911077,0.00277403,-0.000670173,0.000262498,11.0311,0.00065451,1,0.00269928,-0.000597008,-0.0002625,165.723
0,6605604,9,phononL,0.000469921,0.00238155,-0.000348896,-0.0002625,13.2708,0.000382,1,0.00200045,-2.28139e-07,0.0002625,291.339
0,6612843,7,phononTF,0.00131385,0.00238314,-0.00033411,-0.0002625,10.2994,0.000764,1,0.00200489,2.55971e-07,0.0002625,446.191
0,6612843,6,phononTS,0.000933045,0.00276139,-0.000668475,0.000262498,10.2994,0.000933045,1,0.00133678,0.000459068,-0.0002625,710.957
0,6629433,14,phononTS,0.000672914,0.000620025,-0.00192319,-0.0002625,489.32,0.000382,1,-2.04149e-06,-0.00199683,0.0002625,1330.16
0,6629433,3,phononTF,0.00430695,0.0027784,-0.00067304,0.000262498,5.18473,0.00263609,1,0.00275853,-0.00068842,-0.0002625,162.192
0,6635743,13,phononTS,0.000443656,0.000998294,-0.00100325,0.0002625,11941.9,0.000443656,1,-0.000228486,-0.00144822,-0.0002625,12998.5
0,6646102,15,phononTF,0.000835008,0.000630228,0.00136783,-0.0002625,759.403,0.000382,1,2.69064e-06,0.0020031,0.0002625,1997.13
0,6647362,11,phononTF,0.000797286,0.00199782,-8.72395e-07,0.0002625,743.579,0.000355451,1,0.00194566,6.23746e-05,-0.0002625,1061
0,6657475,15,phononTF,0.00054069,-0.00100313,-0.00100088,0.000262498,3557.85,0.00054069,1,-0.00107839,-0.00107226,-0.0002625,3718.18
0,6657475,6,phononTF,0.00221748,0.00265938,-0.000772065,0.000262498,219.475,0.00163602,1,0.000974809,0.000204983,-0.0002625,854.445
0,6660187,11,phononTS,0.000731329,0.00237803,-0.000365026,-0.0002625,167.658,0.000382,1,0.00199866,8.26617e-08,0.0002625,772.652
0,6660587,8,phononTS,0.000476339,0.00139695,-0.000356788,-0.0002625,131.505,0.000382,1,3.92893e-06,5.26382e-08,0.0002625,1318.04
0,6660587,7,phononTF,0.00139984,0.00278997,-0.000713627,0.000262498,131.505,0.000835512,1,0.00231126,-0.00118709,-0.0002625,391.377
0,6663758,13,phononTS,0.000494128,0.00200428,-4.84767e-06,0.000262499,807.673,0.000494128,1,0.0019805,-7.99239e-06,-0.0002625,975.364
0,6663758,11,phononTS,0.000412915,0.00279087,-0.000657251,0.000262498,372.838,0.000412915,1,0.00282338,-0.000587649,-0.0002625,531.683
0,6674464,9,phononL,0.000486222,0.00251755,-0.000171219,-0.000262498,754.926,0.000382,1,0.00199681,4.391e-07,0.0002625,896.281
0,6674464,5,phononTF,0.00280561,0.00279389,-0.000652505,0.000262498,9.28213,0.00221335,1,0.00293767,-0.000828357,-0.0002625,179.761
0,6678218,16,phononTS,0.000868733,0.00281375,-0.00076753,-0.000262499,240.864,0.000382,1,0.0019978,-0.00200304,0.0002625,797.783
0,6698472,2,phononTS,0.00112669,0.00265106,-0.000659076,7.55168e-05,308.592,0.000382,1,0.00200239,-2.99025e-06,0.0002625,580.483
0,6698472,21,phononTS,0.000459824,0.00200239,-2.99025e-06,0.000262498,580.483,0.000459824,1,0.0020452,-7.0705e-06,-0.0002625,736.865
0,6698473,3,phononTS,0.00428752,0.00389151,-0.000801981,3.56273e-06,18.2052,0.00258953,1,0.00393767,-0.000838473,-0.0002625,732.339
0,6709984,16,phononTS,0.000617749,0.00099647,-0.000998624,0.000262498,1515.3,0.000617749,1,0.00180149,-0.00122062,-0.0002625,1897.04
0,6717295,11,phononTF,0.000403088,0.0017127,0.00175709,-0.000262498,1424.06,0.000382,1,0.00200407,0.00199751,0.0002625,1616.51
0,6720801,11,phononTS,0.000476433,0.00211526,-0.000803959,-0.0002625,391.218,0.000382,1,-0.00100443,0.00099523,0.0002625,2020.33
0,6724964,8,phononL,0.000475574,0.00199616,1.06404e-06,0.000262498,571.941,0.000475574,1,0.0020124,-0.00056978,-0.0002625,714.953
0,6724964,5,phononTS,0.000492698,0.00269268,-0.000669041,0.000262498,81.3718,0.000492698,1,0.00392001,-0.000914248,-0.0002625,584.617
0,6726104,6,phononTS,0.000572641,0.000997289,-0.000996806,0.0002625,600.829,0.000572641,1,0.000955907,-0.0010444,-0.0002625,1349.5
0,6727583,2,phononTS,0.0024268,0.00189954,-0.00162573,-0.000200006,5.4618,0.000382,1,0.00200271,-0.00199985,0.0002625,659.843
0,6733103,10,phononTF,0.000571624,0.00299882,0.000996157,0.000262498,719.685,0.000571624,1,0.00277096,0.000922129,-0.0002625,902.282
0,6733103,2,phononTF,0.00250773,0.00277123,-0.000674769,0.000262498,1.56707,0.00143124,1,0.00315498,-0.000236195,-0.0002625,245.068
0,6747235,8,phononTS,0.000832097,0.00200385,1.0386e-06,0.000262498,477.538,0.000178684,1,0.00220903,0.00274202,-0.0002625,1604.63
0,6754227,5,phononTF,0.00200706,0.00237974,-0.000344314,-0.0002625,37.4923,0.000382,1,0.00200236,8.95737e-07,0.0002625,489.318
0,6755780,13,phononTS,0.000590083,0.000358244,0.000640834,-0.0002625,363.163,0.000382,1,-0.00199569,0.00200029,0.0002625,2333.83
0,6755781,3,phononTS,0.00560501,0.00253514,0.000297407,-0.000137453,568.908,0.00442174,1,0.00255492,0.000279593,-0.0002625,1954.93
0,6763642,13,phononTS,0.000729702,0.00200127,-0.00200465,0.0002625,532.176,0.000729702,1,0.00266788,-0.00279025,-0.0002625,1602.4
0,6763642,12,phononTF,0.00038512,0.00226251,-0.000710281,0.000262498,532.176,0.00038512,1,0.00197426,-0.000985362,-0.0002625,729.008
0,6767119,4,phononTF,0.000830134,0.00240192,-0.000351194,-0.0002625,31.1934,0.000382,1,0.00199959,-6.4835e-07,0.0002625,476.841
0,6767119,3,phononTF,0.00135161,0.005,0.00108194,-0.000117726,31.1934,0.000445044,1,0.00350972,0.00258872,-0.0002625,1528.42
0,6768004,14,phononTS,0.000398529,0.00200316,-2.17052e-06,0.000262498,615.717,0.000398529,1,0.00169975,-8.28492e-05,-0.0002625,836.401
0,6782145,16,phononTS,0.000874848,-0.00100298,0.000997594,0.000262498,7531.5,0.000874848,1,-0.000974425,0.00104583,-0.0002625,7702.21
0,6791640,6,phononTS,0.00163634,0.00100321,-0.00100058,0.000262498,743.329,0.000856971,1,0.00340954,-0.00375259,-0.0002625,1988.36
0,6793082,14,phononTS,0.00149044,-3.85502e-06,0.00200355,0.000262498,1196.64,0.00149044,1,0.00141355,0.0017344,-0.0002625,1758.45
0,6794546,18,phononTS,0.000699705,0.00199768,-1.65216e-06,0.0002625,514.1,0.000447398,1,0.0020664,-7.21691e-05,-0.0002625,979.039
0,6818340,5,phononL,0.00103834,0.00217714,-0.00167582,-0.0002625,32.83,0.000382,1,0.0020014,-0.00200138,0.0002625,530.49
0,6819948,18,phononTS,0.00049496,0.000958496,0.000826276,-0.0002625,1435.57,0.000382,1,0.00100434,0.000998089,0.0002625,1845.7
0,6819948,2,phononTS,0.00117107,0.00275579,-0.000680921,0.000262498,154.827,0.00117107,1,0.00283086,-0.000663418,-0.0002625,315.811
0,6821842,16,phononTS,0.000589426,-1.09725e-06,-0.0019992,0.000262498,2609.53,0.000589426,1,7.25461e-05,-0.00205538,-0.0002625,2785.29
0,6840892,22,phononTS,0.000747098,0.00200402,5.27908e-07,0.000262498,457.181,0.000747098,1,0.00193307,7.20652e-05,-0.0002625,612.082
0,6844748,3,phononTF,0.00119277,0.00189062,0.000160733,-0.0002625,5.00712,0.000382,1,0.00100497,0.000999388,0.0002625,797.659
0,6844748,22,phononTF,0.000604553,0.00100497,0.000999388,0.000262498,797.659,0.000604553,1,0.00120739,0.000822231,-0.0002625,973.645
0,6844748,2,phononTF,0.00239107,0.00296499,-0.000608981,0.000209582,5.00712,0.00189178,1,0.00200951,0.00398781,-0.0002625,1563.77
0,6846859,11,phononTS,0.000551405,0.00209699,-0.000635634,-0.0002625,100.907,0.000382,1,0.00199918,-1.84477e-06,0.0002625,746.404
0,6846859,10,phononL,0.000395476,0.00276443,-0.000691694,0.000262498,100.907,0.000395476,1,0.00415691,-0.000776145,-0.0002625,378.177
0,6846859,9,phononTF,0.000869941,0.00276443,-0.000691694,0.000262498,100.907,0.000869941,1,0.00316646,-0.00106852,-0.0002625,328.086
0,6846859,8,phononTS,0.000625692,0.00276443,-0.000691694,0.000262498,100.907,0.000625692,1,0.00357414,-0.000768311,-0.0002625,452.319
0,6864133,3,phononTF,0.00152131,0.00238995,-0.000346757,-0.0002625,19.1647,0.000382,1,0.00199682,-4.2503e-06,0.0002625,459.692
0,6864133,6,phononTF,0.00101084,0.00199682,-4.2503e-06,0.000262498,459.692,0.000978314,1,0.000506572,0.00157415,-0.0002625,1126.07
0,6866431,5,phononTS,0.00198108,0.00288005,0.000159165,-0.0002625,3.78189,0.000382,1,0.00299562,0.00100287,0.0002625,760.503
0,6866431,13,phononTS,0.00133909,0.00299562,0.00100287,0.000262498,760.503,0.00133909,1,0.00379614,0.000984642,-0.0002625,1115.67
0,6868595,6,phononL,0.00118845,0.00237903,-0.00133559,-0.0002625,7.56901,0.000382,1,0.00200302,-0.00200499,0.0002625,361.409
0,6868595,9,phononTS,0.000650868,0.00200302,-0.00200499,0.000262498,361.409,0.000650868,1,0.00196863,-0.00204033,-0.0002625,517.818
0,6868595,5,phononTS,0.000704462,0.005,-0.00227032,-0.000190871,7.56901,0.000704462,1,0.00428104,-0.00155156,-0.0002625,1280.01
0,6874527,7,phononTF,0.000724404,0.00215218,-0.000175209,-0.0002625,689.732,0.000382,1,0.00200064,-1.50547e-06,0.0002625,1032.78
0,6874527,5,phononTF,0.000873494,0.00273241,-0.000695383,0.000262498,336.641,0.000128752,1,0.00279882,-0.000969254,-0.0002625,529.326
0,6880705,6,phononTS,0.000573144,0.00288765,0.000165276,-0.0002625,41.2365,0.000382,1,0.00299791,0.000999526,0.0002625,790.808
0,6880705,5,phononTS,0.000824298,0.00277739,-0.000668971,0.000262498,41.2365,0.000824298,1,0.0027835,-0.000731315,-0.0002625,204.669
0,6882825,15,phononTF,0.000626537,0.00233407,-0.00159284,-0.0002625,292.894,0.000382,1,0.00199583,-0.00199508,0.0002625,892.147
0,6890263,4,phononL,0.00398315,0.00250398,0.000635797,-0.0002625,1.52386,0.000764,1,0.00300079,0.000996564,0.0002625,1361.74
0,6895710,9,phononTS,0.000552005,0.00200047,-0.00200472,0.000262498,1782.44,0.000552005,1,0.00194503,-0.00196249,-0.0002625,1953.26
0,6909193,5,phononTF,0.000503955,0.00199942,3.55342e-06,0.0002625,1463.78,0.000503955,1,0.00193845,6.54086e-05,-0.0002625,2223.18
0,6909193,2,phononTS,0.00639378,0.0028125,-0.000724608,-0.000224352,2.01104,0.0038524,1,0.00281387,-0.000744263,-0.0002625,1383.11
0,6938726,2,phononTF,0.0040165,0.00211489,-9.25219e-05,9.1314e-06,44.1642,0.000382,1,0.00199742,1.14123e-06,0.0002625,525.713
0,6938726,11,phononTF,0.000711395,0.00199742,1.14123e-06,0.000262498,525.713,0.000711395,1,0.00177357,-0.000180915,-0.0002625,704.102
0,6944101,12,phononTF,0.000869681,0.00199601,1.0633e-06,0.0002625,1098.82,0.000834382,1,0.00173141,-0.000257879,-0.0002625,1674.52
0,6944101,2,phononTF,0.00161803,0.0028585,-0.000662999,0.000262498,223.947,0.00161803,1,0.00244649,-0.00100978,-0.0002625,447.468
0,6946873,10,phononTS,0.000663332,0.00291442,0.000174223,-0.0002625,503.391,0.000382,1,0.00299565,0.00100352,0.0002625,1248.47
0,6947102,18,phononTS,0.00103302,0.00082039,-0.000147088,-0.0002625,694.792,0.000764,1,-4.4355e-08,-3.81704e-06,0.0002625,1823.5
0,6948901,13,phononTS,0.000385075,0.00299594,0.000995956,0.000262498,4445.3,0.000385075,1,0.00215266,0.000920966,-0.0002625,4820.64
0,6948901,6,phononTS,0.00152294,0.0027682,-0.000714376,0.000262498,179.77,0.000301953,1,0.0029963,-0.00095415,-0.0002625,427.738
0,6950973,27,phononTF,0.000444613,0.00300289,0.000995159,0.0002625,671.18,0.000444613,1,0.00255863,0.00172464,-0.0002625,1323.19
0,6954632,10,phononTS,0.000557914,-4.8666e-06,-0.00199861,0.000262498,1576.99,0.000557914,1,-8.15525e-05,-0.00191919,-0.0002625,1731.74
0,6963958,11,phononTS,0.000395695,0.0030033,0.000998334,0.000262498,732.897,0.000395695,1,0.00302918,0.000922114,-0.0002625,888.056
0,6965426,2,phononTF,0.0015807,0.000385334,-0.000334438,-0.0002625,24.6953,0.000382,1,-0.00199547,2.06722e-06,0.0002625,1645.7
0,6965426,15,phononTF,0.00097603,-0.00199547,2.06722e-06,0.000262498,1645.7,0.000592822,1,-0.000786004,0.00119155,-0.0002625,2176.13
0,6967383,13,phononTF,0.000420858,0.00200453,-1.1943e-06,0.000262498,610.239,0.000420858,1,0.00240096,0.000419558,-0.0002625,845.753
0,6972815,8,phononTF,0.000885894,0.00239979,-0.000338253,-0.0002625,255.071,0.000382,1,0.00199697,2.54629e-06,0.0002625,697.415
0,6972815,7,phononTS,0.000768854,0.005,-0.00144425,-0.000167773,255.071,0.000727702,1,0.00495843,-0.00145766,-0.0002625,1162.35
0,6972815,6,phononTS,0.000661459,0.0028026,-0.000679051,0.000262498,255.071,0.000661459,1,0.00292097,-0.000781071,-0.0002625,458.803
0,6978563,29,phononTF,0.000424105,0.0023461,-0.000370037,-0.0002625,349.927,0.000382,1,0.00199507,3.48872e-07,0.0002625,787.139
0,6981269,10,phononTF,0.00102799,0.00249732,-0.000450036,-0.0002625,402.132,0.000764,1,0.00200359,-3.14522e-06,0.0002625,907.645
0,6986822,2,phononTS,0.00185542,0.00286464,0.000150799,-0.0002625,46.8868,0.000382,1,0.00299552,0.000999209,0.0002625,807.586
0,6986822,10,phononTS,0.000790642,-0.000251271,0.005,-9.6294e-05,807.586,0.000790642,1,-0.000232909,0.00477167,-0.0002625,2487.1
0,6994703,12,phononTS,0.000959547,0.00201502,0.000504637,-0.000262498,669.856,0.000382,1,0.00200409,-4.42826e-06,0.0002625,946.503
0,6995378,19,phononTS,0.000550411,-2.95551e-06,-0.00200451,0.000262498,7127.74,0.000550411,1,7.1111e-05,-0.001731,-0.0002625,7341.99
0,7001240,7,phononTF,0.0011512,0.00236733,-0.000330684,-0.0002625,33.807,0.000382,1,0.00199621,2.98167e-06,0.0002625,465.73
0,7004346,3,phononTS,0.00374526,3.96568e-05,-0.00186856,-0.000167465,90.3171,0.000764,1,-4.00542e-07,-0.00200374,0.0002625,1790.24
0,7005623,5,phononTF,0.000684987,0.00239677,-0.000324049,-0.0002625,197.425,0.000382,1,0.00200299,-9.19866e-07,0.0002625,631.232
0,7014270,2,phononTS,0.00190054,0.00200173,-9.40974e-06,0.000155822,21.159,0.000382,1,0.00200471,-4.97904e-06,0.0002625,362.455
0,7014270,13,phononTS,0.00101024,0.00200471,-4.97904e-06,0.000262498,362.455,0.00101024,1,0.0015176,-0.00070803,-0.0002625,761.137
0,7026081,8,phononTF,0.00154469,0.002383,-0.000345951,-0.0002625,9.24893,0.000382,1,0.00199716,2.79337e-06,0.0002625,449.962
0,7030329,10,phononTF,0.000752586,0.0029978,0.00100167,0.000262498,773.995,0.000752586,1,0.00291737,0.00107359,-0.0002625,934.23
0,7035685,8,phononTS,0.000485652,0.00187402,-0.00084476,-0.0002625,30.897,0.000382,1,0.00100019,-0.000995479,0.0002625,767.284
0,7040196,14,phononTS,0.00042991,0.00200245,-4.76602e-06,0.000262498,1145.78,0.00042991,1,0.00208531,9.91115e-05,-0.0002625,1324.81
0,7046198,12,phononTS,0.000430154,0.00202806,-0.000331828,-0.000262498,617.926,0.000382,1,0.00199531,-5.80289e-07,0.0002625,855.308
0,7046198,5,phononTS,0.000710645,0.00278321,-0.000665059,0.000262498,21.6536,0.000417378,1,0.00265042,6.57136e-05,-0.0002625,359.302
0,7046198,4,phononL,0.000515959,0.00278321,-0.000665059,0.000262498,21.6536,0.000515959,1,0.00353588,-0.000930459,-0.0002625,200.784
0,7046198,3,phononTF,0.00171801,0.00278321,-0.000665059,0.000262498,21.6536,0.000928539,1,0.00407701,3.27001e-05,-0.0002625,522.927
0,7049447,14,phononL,0.00130305,0.00287129,0.000558732,-0.0002625,1519.24,0.000382,1,0.0030032,0.000996466,0.0002625,1780.79
0,7068903,18,phononTS,0.00140518,0.00204451,-3.31812e-05,-0.0002625,719.761,0.000382,1,0.00200483,4.66969e-06,0.0002625,1058.32
0,7068903,20,phononTS,0.000508844,0.00200483,4.66969e-06,0.000262498,1058.32,0.000508844,1,0.00251377,0.000582003,-0.0002625,1432.42
0,7068903,19,phononTS,0.000432347,0.00200483,4.66969e-06,0.000262498,1058.32,0.000432347,1,0.00197338,-0.000766574,-0.0002625,1409.41
0,7068903,16,phononTF,0.000776649,0.00216315,-0.000218768,0.000262498,382.673,0.000562845,1,0.00249772,-0.00204848,-0.0002625,1029.11
0,7078427,9,phononTS,0.000508335,0.000702084,-0.00180338,-0.0002625,466.489,0.000382,1,-2.39552e-06,-0.00200304,0.0002625,1874.32
0,7085685,6,phononL,0.00188145,0.00238155,-0.000339544,-0.0002625,3.33057,0.000382,1,0.00199828,-1.67952e-07,0.0002625,280.165
0,7085685,10,phononTF,0.00111523,0.00199828,-1.67952e-07,0.000262498,280.165,0.00111523,1,0.00183618,-5.66763e-05,-0.0002625,450.584
0,7090295,16,phononTF,0.000587292,0.00308144,-0.005,-0.000174432,485.139,0.000382,1,0.00100248,-0.00299663,0.0002625,3257.26
0,7090917,3,phononTS,0.000735034,0.00186599,-0.00183919,-0.0002625,63.7087,0.000382,1,0.000998249,-0.00300364,0.0002625,1135.21
0,7121248,12,phononTS,0.000913285,0.00200197,-3.19042e-06,0.000262498,893.227,0.000712447,1,0.00207498,6.94104e-05,-0.0002625,1048.06
0,7148993,9,phononTF,0.000992154,0.00258608,-0.000656958,-0.000262498,292.377,0.000382,1,0.0020022,-1.34469e-06,0.0002625,596.812
0,7148993,10,phononTS,0.000407504,0.0020022,-1.34469e-06,0.000262498,596.812,0.000407504,1,0.00204932,-0.000222923,-0.0002625,800.034
0,7148993,7,phononTS,0.00155606,0.00272195,-0.000701188,0.000262498,104.504,0.00129468,1,0.00275634,-0.000734862,-0.0002625,276.267
0,7149077,12,phononTS,0.00040084,-0.00287083,0.005,-0.000241106,938.241,0.00040084,1,-0.00277279,0.00491201,-0.0002625,3731.16
0,7152312,9,phononTS,0.000473589,-3.694e-06,-9.28729e-07,0.000262498,2302.66,0.000473589,1,6.3348e-05,-6.55132e-05,-0.0002625,2459.35
0,7153818,9,phononTF,0.00109191,0.00243841,0.000364527,-0.0002625,775.05,0.000382,1,0.00199579,-3.47902e-06,0.0002625,1244.1
0,7156281,6,phononTF,0.00143809,0.00238358,-0.000332513,-0.0002625,2.80734,0.000382,1,0.00200065,1.21352e-06,0.0002625,437.774
0,7156281,10,phononTS,0.000757599,0.00200065,1.21352e-06,0.000262498,437.774,0.000757599,1,0.00204656,1.76448e-05,-0.0002625,608.203
0,7156281,5,phononTS,0.00165772,0.00276651,-0.000666238,0.000262498,2.80734,0.00163685,1,0.00284395,-0.000754812,-0.0002625,156.926
0,7156950,4,phononTS,0.00097261,-0.005,0.00470051,0.000141903,9.11209,0.000764,1,-0.00199801,5.79251e-07,0.0002625,4692.95
0,7156950,3,phononL,0.0012776,0.00277128,-0.000668588,0.000262498,9.11209,0.00065716,1,0.00322151,-0.000953439,-0.0002625,149.82
0,7160575,16,phononTS,0.000781534,0.00199679,-1.96518e-07,0.000262498,442.078,0.000781534,1,0.00122016,2.80672e-05,-0.0002625,787.431
0,7172919,19,phononTF,0.00114792,0.00299802,0.000998778,0.000262498,631.721,0.000566751,1,0.00274869,0.000703577,-0.0002625,826.094
0,7176927,2,phononTS,0.00193667,0.00150048,-0.00128889,0.000133743,0.419876,0.000764,1,0.00100184,-0.00100434,0.0002625,693.456
0,7183044,7,phononTF,0.000442067,0.0019101,9.36216e-05,-0.0002625,355.3,0.000382,1,0.000997219,0.000997256,0.0002625,1189.87
0,7183044,4,phononTS,0.00405161,0.00271218,-0.000694225,0.000134088,36.1333,0.00261383,1,0.00275648,-4.82469e-05,-0.0002625,354.685
0,7193292,4,phononTS,0.000797195,0.00251489,-0.000619848,-0.0002625,86.5892,0.000382,1,0.00200194,-2.11633e-06,0.0002625,951.019
0,7197114,14,phononTS,0.00124093,0.00200081,-3.32767e-06,0.000262498,877.854,0.000918245,1,0.00259641,-0.00181395,-0.0002625,1592.52
0,7204012,26,phononTS,0.000784574,0.00200342,4.86065e-06,0.0002625,580.736,0.000691367,1,0.00203722,2.14323e-05,-0.0002625,1064.75
0,7205127,10,phononTF,0.00045645,0.00199762,-4.88481e-06,0.0002625,478.395,0.00045645,1,0.00217236,0.000308215,-0.0002625,885.988
0,7214535,3,phononTF,0.00280519,0.00238949,-0.000338676,-0.0002625,32.3577,0.000382,1,0.00199806,4.99701e-06,0.0002625,472.848
0,7214535,7,phononTF,0.00131813,0.00199806,4.99701e-06,0.000262498,472.848,0.00131813,1,0.00231991,0.000271072,-0.0002625,672.177
0,7214535,6,phononTS,0.000498359,0.00199806,4.99701e-06,0.000262498,472.848,0.000498359,1,0.00192463,-5.27753e-05,-0.0002625,627.869
0,7233395,9,phononTS,0.000818786,-0.00100167,-0.00100066,0.0002625,2213.53,0.000818786,1,-0.000756759,-0.000924373,-0.0002625,2836.8
0,7233395,7,phononTS,0.00085916,0.00260548,-0.000626888,0.000262498,482.967,0.000743339,1,0.00101444,0.000481983,-0.0002625,1221.42
0,7245957,13,phononTS,0.000404818,0.00201507,1.54313e-05,-0.000262498,1499.88,0.000382,1,0.00199895,-1.59236e-06,0.0002625,1661.28
0,7248647,11,phononTF,0.000382808,0.00322851,0.00125614,-0.0002625,935.074,0.000382,1,0.00299871,0.000996426,0.0002625,1872.56
0,7248647,10,phononTS,0.000686836,0.00238619,-0.000860554,0.000262498,935.074,0.000686836,1,0.0017958,-0.00184134,-0.0002625,1384.6
0,7248647,6,phononTF,0.00058914,0.00280363,-0.000537302,0.000262498,238.379,0.00058914,1,0.00219504,-0.00115031,-0.0002625,540.349
0,7251645,10,phononTS,0.000414075,-4.56883e-06,4.19596e-06,0.000262498,2375.21,0.000414075,1,-9.61368e-05,-5.53929e-05,-0.0002625,2530.62
0,7278653,19,phononTS,0.00038329,0.00200058,-1.58845e-06,0.000262498,1982.54,0.00038329,1,0.0020391,7.76479e-05,-0.0002625,2140.47
0,7280217,20,phononTS,0.00100778,-1.66802e-06,0.00199653,0.0002625,2602.86,0.00100778,1,0.000296984,0.00243586,-0.0002625,3510.72
0,7280217,17,phononTS,0.000907643,0.00309381,-0.000792349,0.000262498,918.901,0.000332033,1,0.00317389,-0.000734005,-0.0002625,1090.34
0,7285631,8,phononTS,0.000582666,-0.00200045,0.0019977,0.0002625,3056.7,0.000174846,1,-0.00197134,0.00191543,-0.0002625,4094.74
0,7294302,17,phononTF,0.000488684,0.00200372,2.75585e-06,0.0002625,993.627,0.000488684,1,0.00150213,-0.000467096,-0.0002625,1509.84
0,7294302,2,phononTF,0.00129695,0.001783,-0.00277499,0.00014019,195.884,0.00129695,1,0.00206724,-0.0025288,-0.0002625,1261.65
0,7299384,13,phononTS,0.000525389,0.00200403,4.45728e-06,0.000262498,2250.75,0.000525389,1,0.00179081,8.43138e-05,-0.0002625,2451.46
0,7302633,10,phononTS,0.000593921,0.00205405,-7.07968e-05,-0.0002625,2452.74,0.000382,1,0.00200476,7.31087e-07,0.0002625,2963.18
0,7314328,27,phononTS,0.000597116,0.00147229,-0.00181913,-0.000262498,739.914,0.000382,1,0.00200173,-0.00200134,0.0002625,1044.69
0,7314706,12,phononTS,0.000427168,0.00199698,-3.6402e-06,0.0002625,1570.22,0.000427168,1,0.00195309,6.42301e-05,-0.0002625,2098.01
0,7327038,15,phononTF,0.000421499,0.00199748,2.07806e-06,0.0002625,1044.74,0.000421499,1,0.00175514,-0.000411284,-0.0002625,1739.25
0,7327038,12,phononTS,0.000820137,0.00246115,-0.000375108,0.000262498,420.363,0.000538094,1,0.00247161,-0.000289921,-0.0002625,597.349
0,7330962,14,phononTS,0.000730289,0.00199614,2.65584e-06,0.000262498,578.67,0.000730289,1,0.00140478,4.71673e-05,-0.0002625,882.162
0,7338548,11,phononTS,0.000528618,0.00300171,0.000998779,0.000262498,1195.89,0.000528618,1,0.00292935,0.000727526,-0.0002625,1409.45
0,7338548,2,phononTF,0.00427672,0.003657,-0.000719422,0.000169285,82.0963,0.00336322,1,0.00407955,-0.00117163,-0.0002625,707.055
0,7351166,3,phononTF,0.00136871,0.00236771,-0.000326272,-0.0002625,297.959,0.000382,1,0.00199637,1.67832e-06,0.0002625,729.963
0,7358061,21,phononTF,0.000435242,0.005,-0.00241838,-0.000110707,353.067,0.000382,1,-0.000998124,-0.000995231,0.0002625,3151.49
0,7369103,2,phononL,0.0046883,0.00299113,0.00082839,0.0001231,111.607,0.001528,1,0.00299941,0.00100025,0.0002625,847.701
0,7374178,17,phononTF,0.000388405,0.00167233,-0.00166977,-0.000262499,1816.2,0.000382,1,0.00200236,-0.00200061,0.0002625,2029.95
0,7374606,12,phononTF,0.000861668,0.00200244,-0.00199639,0.0002625,192.477,0.000861668,1,0.000971635,-0.00308289,-0.0002625,1141.23
0,7374606,3,phononTS,0.000574215,0.00276866,-0.000673414,0.000262498,2.43075,0.000574215,1,0.00200465,-0.000662193,-0.0002625,349.737
0,7374606,2,phononTS,0.00220418,0.00276866,-0.000673414,0.000262498,2.43075,0.00144869,1,0.00297237,-0.000658368,-0.0002625,202.207
0,7417413,16,phononTF,0.000524204,0.00252531,-0.000485699,-0.000262498,560.332,0.000382,1,0.00199938,4.94381e-06,0.0002625,827.894
0,7419062,7,phononTF,0.000911169,-0.000997007,0.000997168,0.000262498,1578.19,0.000263124,1,-0.000698243,0.000752941,-0.0002625,1771.78
0,7421811,8,phononTS,0.000454104,0.00199774,2.67553e-06,0.000262498,442.814,0.000454104,1,0.00221063,-5.25409e-05,-0.0002625,645.16
0,7421811,5,phononTS,0.000442512,0.00276655,-0.000673547,0.000262498,4.30133,0.000442512,1,0.00268286,-0.000587976,-0.0002625,158.196
0,7427405,14,phononTS,0.000643206,0.00300063,0.0010047,0.000262498,1108.04,0.000361551,1,0.00291075,0.00097798,-0.0002625,1266.96
0,7427405,6,phononTS,0.00065182,0.00279329,-0.000704803,0.000262498,44.7683,0.00065182,1,0.0025691,-0.00169545,-0.0002625,444.82
0,7429908,11,phononTF,0.000550546,0.00237219,-0.000401016,-0.0002625,106.901,0.000382,1,0.00200491,-8.63856e-07,0.0002625,561.05
0,7431372,15,phononTF,0.000491592,0.00235617,-0.001865,-0.0002625,721.442,0.000382,1,0.00200447,-0.00200344,0.0002625,1573.86
0,7436620,5,phononTS,0.00217273,0.00437076,0.000180494,-0.0002625,157.034,0.000382,1,0.0030016,0.00100287,0.0002625,1933.52
0,7436620,22,phononTS,0.000396058,0.0030016,0.00100287,0.000262498,1933.52,0.000396058,1,0.00357225,0.000922432,-0.0002625,2221.18
0,7436620,21,phononTS,0.00132006,0.0030016,0.00100287,0.000262498,1933.52,0.00132006,1,0.00302442,0.000926214,-0.0002625,2088.67
0,7438991,14,phononTS,0.000512209,9.34143e-07,4.4433e-06,0.000262498,1345.67,0.000512209,1,0.000219607,0.000702168,-0.0002625,1698.48
0,7445137,5,phononL,0.000466945,0.00240572,-0.000351276,-0.0002625,62.754,0.000382,1,0.0019991,1.62976e-06,0.0002625,346.62
0,7445137,4,phononTF,0.00107047,0.00281234,-0.00070418,0.000262498,62.754,0.000691991,1,0.00306755,-0.000498432,-0.0002625,246.78
0,7458841,12,phononTS,0.000577739,0.00108115,-0.000997238,-0.000262498,1032.35,0.000382,1,0.000999577,-0.00100219,0.0002625,1194.44
0,7458841,3,phononTF,0.000408971,0.00280212,-0.000685837,0.000262498,27.4532,0.000408971,1,0.00269356,-0.000449328,-0.0002625,212.335
0,7474890,14,phononTS,0.000617744,0.00199508,-0.00200129,0.000262498,759.564,0.000617744,1,0.00229026,-0.000533214,-0.0002625,1339.25
0,7476887,14,phononTS,0.00107699,0.0019966,-0.00199869,0.0002625,660.644,0.000392528,1,0.002036,-0.00190162,-0.0002625,1023.23
0,7477461,17,phononTS,0.000758286,0.00100058,0.000956882,-0.000262498,1196.04,0.000382,1,0.00100343,0.000999591,0.0002625,1352.42
0,7482324,7,phononTF,0.00039164,0.0026061,-0.000534806,-0.0002625,8.33416,0.000382,1,0.00199889,-0.0020049,0.0002625,726.361
0,7498450,8,phononTF,0.000544356,0.00186212,0.000102992,-0.0002625,521.897,0.000382,1,0.00199662,-1.73737e-06,0.0002625,850.935
0,7498450,3,phononTF,0.000468553,0.00276541,-0.000669901,0.000262498,12.3774,0.000468553,1,0.00144036,-0.00195775,-0.0002625,587.182
0,7498450,2,phononTS,0.00651901,0.0027731,-0.000726459,-0.000233098,12.3774,0.00418305,1,0.00282253,-0.000722277,-0.0002625,1508.6
0,7500030,7,phononTF,0.00118857,0.00229931,-0.000254391,-0.0002625,412.301,0.000382,1,0.00200443,-3.66492e-06,0.0002625,800.659
0,7500030,8,phononTF,0.00065225,0.00200443,-3.66492e-06,0.000262498,800.659,0.00065225,1,0.00168146,0.000258913,-0.0002625,999.565
0,7511216,18,phononL,0.000460664,0.000996425,-0.00300416,0.000262498,1215.09,0.000460664,1,0.00145595,-0.00274559,-0.0002625,1354.85
0,7511216,4,phononTF,0.000999822,0.00276725,-0.000678649,0.000262498,39.7024,0.000403938,1,0.00248843,-0.000901524,-0.0002625,228.193
0,7542079,2,phononTF,0.00410526,-0.00026652,-0.000175558,-8.99537e-05,152.271,0.000764,1,4.26491e-06,-4.4166e-06,0.0002625,1793.4
0,7563247,9,phononL,0.00264222,0.000178257,-0.0013747,-9.36204e-05,2617.93,0.000764,1,-5.06757e-07,-0.00200457,0.0002625,3358.78
0,7577496,5,phononTS,0.00203081,0.00189728,-0.000832749,-0.0002625,53.6039,0.000382,1,0.00100388,-0.000998546,0.0002625,800.586
0,7581167,10,phononTF,0.000714825,0.00312284,0.000840485,-0.0002625,1277.54,0.000382,1,0.00299624,0.000995694,0.0002625,1611.79
0,7581167,6,phononTS,0.000432011,0.00276975,-0.000690596,0.000262498,20.496,0.000432011,1,0.00240168,-0.000790155,-0.0002625,274.859
0,7594728,11,phononTF,0.000411371,0.00237673,-0.000333749,-0.0002625,47.8584,0.000382,1,0.00200422,-3.02439e-06,0.0002625,481.264
0,7594728,10,phononTS,0.000397346,0.00274923,-0.000664471,0.000262498,47.8584,0.000397346,1,0.00266513,-0.000941792,-0.0002625,262.396
0,7596856,23,phononTF,0.000389457,0.000999007,-0.00100063,0.000262498,3554.52,0.000389457,1,0.00074582,-0.00129968,-0.0002625,3749.89
0,7596857,3,phononTS,0.00543849,0.00248252,-0.000278688,-0.000149376,134.879,0.00408979,1,0.00243789,-0.000266941,-0.0002625,784.988
0,7598331,4,phononL,0.000550125,0.00239226,0.000676069,-0.0002625,14.1537,0.000382,1,0.001998,0.00199754,0.0002625,579.258
0,7598331,6,phononTS,0.00375307,0.00279124,-0.000575108,0.000170612,36.0923,0.00293943,1,0.00301721,-0.000487499,-0.0002625,229.434
0,7604959,15,phononTF,0.000878348,0.00336604,0.000697983,-0.0002625,541.319,0.000382,1,0.00300057,0.00099507,0.0002625,959.551
0,7605124,7,phononTS,0.000394347,0.00200387,-0.00200457,0.000262498,884.623,0.000394347,1,0.00192428,-0.00284912,-0.0002625,1248.13
0,7605124,3,phononTF,0.00137471,0.00278221,-0.00066487,0.000262498,4.1764,0.00137471,1,0.00269223,-0.000725952,-0.0002625,165.594
0,7617777,12,phononTS,0.000385708,0.00300204,0.000998753,0.0002625,2631.15,0.000385708,1,0.00320153,0.0023012,-0.0002625,3549.44
0,7623823,6,phononL,0.000489748,0.0027829,0.000399919,-0.0002625,347.436,0.000382,1,0.00299747,0.000995386,0.0002625,653.735
0,7623823,5,phononTS,0.00122751,0.00256834,-0.000195546,0.000262498,347.436,0.000527773,1,0.00257972,-0.000291588,-0.0002625,534.231
0,7624075,12,phononTF,0.00107378,0.00200119,-0.0020039,0.0002625,1096.88,0.00107378,1,0.00217978,-0.00222016,-0.0002625,2419.51
0,7626878,4,phononTS,0.00158831,0.00182515,-0.000888852,-0.0002625,129.33,0.000382,1,0.000996949,-0.00100388,0.0002625,841.412
0,7635182,5,phononTS,0.00119745,0.00293656,0.000223046,-0.0002625,231.668,0.000764,1,0.00299876,0.00100475,0.0002625,928.807
0,7635182,4,phononL,0.00105154,0.00287435,-0.000558653,0.000262498,231.668,0.000728797,1,0.00234472,-0.000752819,-0.0002625,375.283
0,7652466,13,phononTS,0.000386104,0.00204395,-1.98178e-05,-0.000262498,985.192,0.000382,1,0.00199699,-1.00498e-06,0.0002625,1146.09
0,7661848,14,phononL,0.00044971,0.00101011,-0.000778223,-0.000262498,1393.13,0.000382,1,0.000996323,-0.00100341,0.0002625,1507.43
0,7661848,10,phononTS,0.000932868,0.005,0.00232661,-0.000259167,68.0621,0.000376478,1,0.00499403,0.00232769,-0.0002625,1355.9
0,7671777,6,phononTF,0.00050442,0.00238013,-0.00032306,-0.0002625,65.1189,0.000382,1,0.00199776,2.23403e-06,0.0002625,497.763
0,7671777,5,phononTF,0.000409537,0.00276249,-0.000648353,0.000262498,65.1189,0.000409537,1,0.00284642,-0.000745537,-0.0002625,227.567
0,7674538,4,phononTF,0.00134561,0.00238711,-0.000346105,-0.0002625,45.3702,0.000382,1,0.00200298,-3.95225e-06,0.0002625,483.459
0,7688937,3,phononTF,0.00526821,0.00189012,-0.000106115,0.000101465,166.299,0.000382,1,0.00199697,-1.65072e-06,0.0002625,1675.83
0,7699064,19,phononL,0.000422073,0.00270497,-0.00156237,-0.000262498,457.907,0.000382,1,0.00200435,-0.00199879,0.0002625,645.656
0,7708819,7,phononTS,0.00177752,0.00199724,-3.2069e-06,0.000262498,349.458,0.00134269,1,0.00294595,-0.00121371,-0.0002625,908.347
0,7717809,11,phononTS,0.000424028,0.00204182,-0.00201934,-0.000262498,777.475,0.000382,1,0.00200488,-0.00200049,0.0002625,933.946
0,7719741,16,phononTS,0.000441827,1.09507e-07,0.00200118,0.0002625,4519.63,0.000441827,1,5.63138e-05,0.00206821,-0.0002625,4988.79
0,7731028,6,phononTF,0.00048176,0.00199864,7.05255e-07,0.0002625,26.9836,0.00048176,1,0.000738198,0.00384343,-0.0002625,1743.91
0,7757650,16,phononTF,0.000591881,0.00198583,-9.51951e-05,-0.000262498,451.175,0.000382,1,0.00199974,-3.97547e-06,0.0002625,612.362
0,7760315,15,phononTS,0.000387427,0.00326535,0.00102992,-0.000262498,3179.78,0.000382,1,0.00299942,0.00100066,0.0002625,3395.87
0,7765409,2,phononL,0.00557186,0.00204972,0.000146037,6.28471e-06,381.821,0.001528,1,0.0020049,1.05422e-06,0.0002625,2268.61
0,7765409,8,phononL,0.000440403,0.0020049,1.05422e-06,0.000262498,2268.61,0.000440403,1,0.0022062,-0.000577258,-0.0002625,2418.7
0,7769897,2,phononTF,0.00181612,0.0023921,-0.000337188,-0.0002625,10.3208,0.000382,1,0.00200399,-5.34918e-07,0.0002625,447.578
0,7769897,12,phononTS,0.000876757,0.00200399,-5.34918e-07,0.000262498,447.578,0.000876757,1,0.00204465,-0.000193892,-0.0002625,644.973
0,7786799,9,phononTS,0.00043447,-0.000264042,-0.00086701,-0.0002625,1305.75,0.000382,1,-0.00100399,-0.000995846,0.0002625,2631.34
0,7786799,6,phononTF,0.00163579,0.00341424,-0.00120213,0.000262498,417.959,0.000595464,1,0.00354583,-0.00109968,-0.0002625,582.156
0,7794442,9,phononTF,0.00059576,0.00300282,0.00100111,0.000262498,1015.5,0.00059576,1,0.00220868,0.00182748,-0.0002625,1391.92
0,7823181,5,phononTF,0.0005913,0.00189266,0.00016379,-0.0002625,8.67813,0.000382,1,0.000997571,0.00100137,0.0002625,805.787
0,7823181,4,phononTS,0.000428421,0.00278774,-0.000673788,0.000262498,8.67813,0.000428421,1,0.00382026,-5.36066e-05,-0.0002625,513.276
0,7830429,19,phononTF,0.000714189,0.00136913,0.000725541,-0.0002625,321.703,0.000382,1,5.8528e-07,0.00200308,0.0002625,1481.46
0,7833585,3,phononTF,0.000438504,0.00190185,0.000142919,-0.0002625,86.0917,0.000382,1,0.00100367,0.00100356,0.0002625,892.338
0,7836209,19,phononTF,0.000719418,0.00280415,-0.000592626,-0.000262498,160.929,0.000382,1,0.00099798,0.00100435,0.0002625,906.954
0,7836209,2,phononTS,0.000808366,0.00277276,-0.000674666,0.000262498,2.06845,0.000233578,1,0.000299034,0.00179701,-0.0002625,1153.5
0,7837525,9,phononTS,0.000423084,0.00300252,0.00100346,0.000262498,735.665,0.000423084,1,0.00274961,0.000843497,-0.0002625,974.131
0,7837525,4,phononTF,0.000598717,0.00278137,-0.000680059,0.000262498,15.9008,0.000598717,1,0.0023163,-0.000266991,-0.0002625,258.318
0,7837525,2,phononL,0.00550963,0.00243692,-0.00041977,-5.55957e-05,9.5572,0.00360791,1,0.00254885,-0.000262417,-0.0002625,469.669
0,7846144,9,phononTS,0.000558164,0.00200309,-1.35014e-06,0.0002625,759.391,0.000558164,1,0.00219987,6.77659e-05,-0.0002625,1814.29
0,7876147,8,phononTS,0.000415482,0.00188096,-0.000824978,-0.0002625,10.5574,0.000382,1,0.00100038,-0.000999169,0.0002625,748.721
0,7883543,11,phononTF,0.00152898,0.00240154,-0.000356359,-0.0002625,98.5697,0.000764,1,0.00200064,3.45802e-06,0.0002625,546.991
0,7894878,10,phononTS,0.000497913,0.00241821,-0.000118032,-0.0002625,468.103,0.000382,1,0.00200074,3.6161e-06,0.0002625,1006.09
0,7902459,8,phononTS,0.000744512,0.00208863,-1.77992e-06,-0.0002625,356.515,0.000382,1,0.00200182,-3.72723e-06,0.0002625,1098.7
0,7908496,16,phononTS,0.000383682,0.000951366,-0.00205532,-0.000262498,795.891,0.000382,1,0.00100176,-0.000998257,0.0002625,1230.52
0,7910757,11,phononTS,0.000636034,0.00200321,-0.00199688,0.000262498,1022.46,0.000636034,1,0.00315667,-0.00170972,-0.0002625,1521.32
0,7910757,7,phononTF,0.000465989,0.00278133,-0.000682104,0.000262498,17.2401,0.000465989,1,0.00323734,-0.000174292,-0.0002625,273.778
0,7910757,6,phononTF,0.000847955,0.00278133,-0.000682104,0.000262498,17.2401,0.000847955,1,0.00321439,-0.00108884,-0.0002625,260.738
0,7918158,15,phononTF,0.000833083,0.00315276,-0.00147996,-0.000262498,444.88,0.000382,1,0.00199732,-0.00200487,0.0002625,896.647
0,7943300,2,phononTS,0.00268874,0.00192313,-0.000484983,-0.0002625,3.03282,0.000764,1,0.00199659,-1.35124e-06,0.0002625,659.133
0,7949345,11,phononTF,0.000435652,0.00273129,-0.00077693,-0.000262498,864.688,0.000382,1,0.00200065,1.62509e-06,0.0002625,1219.7
0,7949345,8,phononTF,0.000696778,0.00287947,-0.000698352,0.000262498,354.96,0.000696778,1,0.00290712,-0.000680364,-0.0002625,512.233
0,7949345,7,phononTS,0.000733219,0.00287947,-0.000698352,0.000262498,354.96,0.000492334,1,0.00279184,-0.000776461,-0.0002625,509.072
0,7949345,6,phononL,0.00150981,0.00287947,-0.000698352,0.000262498,354.96,0.00150981,1,0.00271668,-0.00042329,-0.0002625,474.415
0,7950145,11,phononTS,0.000572615,2.66772e-06,-0.00199949,0.000262498,1080.8,0.000572615,1,-0.00104142,0.000155243,-0.0002625,1959.07
0,7950145,7,phononTS,0.000871304,0.0027568,-0.000674255,0.000262498,34.7975,0.000665532,1,0.000718775,-0.00181558,-0.0002625,879.297
0,7950145,6,phononTS,0.000673248,0.0027568,-0.000674255,0.000262498,34.7975,0.000465569,1,0.00280659,-0.000651942,-0.0002625,201.275
0,7952168,9,phononTF,0.00102276,0.00199637,-3.08567e-06,0.000262498,461.368,0.000362427,1,0.00176595,-0.000288745,-0.0002625,651.641
0,7954222,13,phononTS,0.000418927,0.00197264,-0.00313001,-0.0002625,2859.89,0.000382,1,0.000996562,-0.00300341,0.0002625,4989.27
0,7954976,15,phononTF,0.000639958,0.005,0.00131348,0.000145295,397.792,0.000382,1,0.00299883,0.00100293,0.0002625,1927.38
0,7956800,5,phononTF,0.000850746,0.00213855,-0.000108305,-0.0002625,379.536,0.000382,1,0.0020002,1.98457e-07,0.0002625,709.581
0,7959680,4,phononTS,0.00320473,0.00259393,-0.000272124,9.5647e-06,416.376,0.000382,1,0.00200026,1.54052e-06,0.0002625,936.166
0,7960862,11,phononTS,0.00049366,-2.48136e-07,1.55428e-06,0.000262498,1150.63,0.00049366,1,0.00090236,0.00126472,-0.0002625,1722.54
0,7962140,3,phononL,0.00223488,0.000881409,-0.00134376,-0.0002625,39.7459,0.000764,1,-1.04448e-06,-0.0019986,0.0002625,910.088
0,7973938,10,phononTF,0.000590857,0.00315937,0.000850356,-0.0002625,1722.09,0.000382,1,0.00300144,0.000998192,0.0002625,2065.16
0,7985900,8,phononTS,0.000640631,0.00181889,0.00109744,-0.000262498,3994.16,0.000382,1,0.00199539,0.00200153,0.0002625,4370.36
0,7991222,2,phononTS,0.00203377,0.00238862,-0.0013491,-0.0002625,24.721,0.000764,1,0.00199707,-0.00200254,0.0002625,763.153
0,7991222,12,phononTS,0.000553413,-0.000683431,-0.005,8.08912e-05,763.153,0.000553413,1,-0.00174126,-0.00391572,-0.0002625,2615.32
0,7996166,9,phononTF,0.00110134,0.00100095,-0.00100002,0.000262498,421.345,0.000867347,1,0.000274576,-0.000348846,-0.0002625,751.335
0,7998744,8,phononTS,0.000449643,0.00299692,0.00100196,0.000262498,461.224,0.000449643,1,0.00272303,0.000928156,-0.0002625,675.332
0,7998744,5,phononTS,0.000736955,0.00276544,-0.000676035,0.000262498,74.809,0.000736955,1,0.00271578,-0.000597407,-0.0002625,244.956
0,7998744,4,phononTS,0.00216432,0.00276544,-0.000676035,0.000262498,74.809,0.0019942,1,0.00256954,-0.000698848,-0.0002625,281.652
0,8018228,4,phononTF,0.000397416,0.00238322,-0.000339555,-0.0002625,20.2032,0.000382,1,0.00200139,-4.27254e-06,0.0002625,455.415
0,8018228,3,phononTF,0.000542601,0.00276506,-0.000674837,0.000262498,20.2032,0.000542601,1,0.00265551,-0.000547205,-0.0002625,184.761
0,8018228,2,phononTF,0.00311955,0.00275654,-0.000456821,0.000125113,20.2032,0.00185087,1,0.00220038,0.000162727,-0.0002625,388.117
0,8018434,20,phononTS,0.000512984,0.00206576,-0.000309811,-0.0002625,475.093,0.000382,1,0.000996468,-0.00100381,0.0002625,1169.16
0,8036805,5,phononTF,0.00059479,0.00238579,-0.000339568,-0.0002625,1.75044,0.000382,1,0.00199934,-3.79799e-06,0.0002625,438.293
0,8039531,16,phononTF,0.000406177,4.17828e-05,0.000279726,-0.000262498,2177.63,0.000382,1,2.2814e-06,3.65344e-07,0.0002625,2371.43
0,8042448,6,phononTF,0.000582904,0.00242355,-0.000357025,-0.0002625,156.538,0.000382,1,0.00199882,-4.48588e-06,0.0002625,608.446
0,8055470,15,phononTF,0.000388509,0.00299758,0.00100201,0.000262498,1400.19,0.000388509,1,0.00267302,0.001344,-0.0002625,1613.37
0,8055470,12,phononTS,0.000863246,-0.00157698,0.005,0.000133102,496.345,0.00086202,1,-0.00169728,0.00469052,-0.0002625,3122.03
0,8055470,11,phononTS,0.0010414,0.00293427,-0.000198318,0.000262498,496.345,0.000275306,1,0.00300896,0.000230465,-0.0002625,747.641
0,8063153,13,phononTF,0.00082347,0.000999472,-0.000999627,0.000262498,760.107,0.00082347,1,9.17816e-06,-2.82308e-05,-0.0002625,1203.14
0,8069212,2,phononTF,0.00109687,0.00238331,-0.00033766,-0.0002625,7.41407,0.000382,1,0.00200363,2.80847e-06,0.0002625,443.781
0,8069212,16,phononTS,0.000586632,0.00200363,2.80847e-06,0.000262498,443.781,0.000586632,1,0.00191665,-6.78301e-05,-0.0002625,598.508
0,8069466,13,phononTS,0.000485042,0.0020801,-1.29625e-05,-0.000262498,733.681,0.000382,1,0.00199729,-1.80153e-07,0.0002625,898.083
0,8069466,2,phononTS,0.00115657,0.005,0.00011511,-0.000253112,75.7454,0.00115657,1,0.0049644,7.9466e-05,-0.0002625,965.799
0,8077685,13,phononTS,0.000521823,0.00199989,0.0019978,0.000262498,1988.13,0.000521823,1,0.00206615,0.00149056,-0.0002625,2258.88
0,8094430,16,phononTS,0.000775665,0.00199872,3.02029e-06,0.000262498,1442.64,0.000775665,1,0.00204592,-3.80973e-06,-0.0002625,1613.31
0,8096236,2,phononTF,0.00207201,0.0023906,-0.000326839,-0.0002625,249.586,0.001146,1,0.00199762,-4.62282e-08,0.0002625,684.562
0,8100811,10,phononTF,0.000467175,0.00241101,-0.000340106,-0.0002625,22.6701,0.000382,1,0.00200483,4.94509e-07,0.0002625,465.746
0,8100811,9,phononL,0.000636187,0.00281718,-0.000680705,0.000262498,22.6701,0.000636187,1,0.00397582,-0.000683647,-0.0002625,257.742
0,8100811,8,phononTS,0.000822127,0.00281718,-0.000680705,0.000262498,22.6701,0.000822127,1,0.002786,-0.000573888,-0.0002625,206.488
0,8100811,7,phononTS,0.000540177,0.00281718,-0.000680705,0.000262498,22.6701,0.000540177,1,0.00324171,-0.00201785,-0.0002625,579.265
0,8109930,16,phononTF,0.000850189,0.00113481,-0.00289868,-0.0002625,2565.27,0.000382,1,0.00100161,-0.00300412,0.0002625,2899.25
0,8109930,17,phononTS,0.000452833,0.00100161,-0.00300412,0.000262498,2899.25,0.000452833,1,0.00107084,-0.00232049,-0.0002625,3219.01
0,8110038,8,phononTS,0.000382881,0.000998465,-0.00100299,0.000262498,1860.33,0.000382881,1,0.00100224,-0.00108774,-0.0002625,2022.31
0,8110038,3,phononTF,0.000904792,0.00277755,-0.000675032,0.000262498,12.9888,0.000585123,1,0.00276939,-0.000915614,-0.0002625,197.881
0,8110409,23,phononTS,0.000401445,0.00200416,-3.91271e-06,0.0002625,522.426,0.000401445,1,0.0020491,0.000263246,-0.0002625,1597.3
0,8110489,7,phononL,0.00221326,0.00241516,-0.00036738,-0.0002625,49.9689,0.000382,1,0.00200289,6.7007e-07,0.0002625,337.83
0,8110489,11,phononTS,0.0017879,0.00200289,6.7007e-07,0.000262498,337.83,0.00155354,1,0.00204929,4.97752e-05,-0.0002625,497.866
0,8110489,12,phononTS,0.000429909,-0.005,0.00219598,0.000203281,1139.01,0.000429909,1,-0.00457988,0.0031629,-0.0002625,6067.52
0,8112888,3,phononTF,0.000382515,0.00238773,-0.000338618,-0.0002625,1.40943,0.000382,1,0.00200326,-1.60785e-06,0.0002625,437.873
0,8117896,2,phononTS,0.00087381,0.00238615,-0.0003331,-0.0002625,16.4539,0.000382,1,0.00200228,2.56474e-06,0.0002625,611.612
0,8122014,12,phononTF,0.00049379,0.00019161,0.00215152,-0.000262498,1895.76,0.000382,1,3.78519e-06,0.00200293,0.0002625,2072.14
0,8122014,3,phononTF,0.00159797,0.00273108,-0.000665616,0.000262498,50.0845,0.00159797,1,0.00256224,-0.000829498,-0.0002625,221.943
0,8122786,5,phononTF,0.000762749,0.00237863,-0.000420376,-0.0002625,265.15,0.000382,1,0.00200188,-3.99038e-08,0.0002625,726.936
0,8123076,6,phononTF,0.00264256,-7.13852e-07,-0.00199582,0.0002625,16.0336,0.00166814,1,0.000409047,-0.00244951,-0.0002625,2920.17
0,8153146,14,phononTF,0.00042103,0.00100002,-0.000999041,0.0002625,1391.41,0.00042103,1,0.000940496,-0.000922255,-0.0002625,1710.14
0,8155075,2,phononTF,0.00173619,0.00237185,-0.00032336,-0.0002625,75.9747,0.000382,1,0.00199752,-3.89009e-06,0.0002625,504.006
0,8157464,4,phononL,0.00109394,0.00199852,1.85422e-07,0.0002625,57.2562,0.00109394,1,0.00159523,-0.000175331,-0.0002625,463.646
0,8157464,3,phononTS,0.00264037,0.00277548,-0.000669579,0.000262498,57.2562,0.00102164,1,0.00266347,-0.000715911,-0.0002625,240.542
0,8157464,7,phononTS,0.00112926,0.00263259,-0.000744647,-0.000168835,240.542,0.000820514,1,0.00258162,-0.000731625,-0.0002625,309.898
0,8180135,17,phononTS,0.000487402,0.00144003,-0.000609968,-0.0002625,2365.43,0.000382,1,0.0019996,-0.00200049,0.0002625,3546.36
0,8186081,19,phononTS,0.000404488,0.00100482,-0.00100417,0.000262498,1163.16,0.000404488,1,0.00131894,-0.00108192,-0.0002625,1386.5
0,8189257,6,phononTS,0.000671035,0.00100057,-0.000997762,0.0002625,548.787,0.000671035,1,0.000547492,-0.000922806,-0.0002625,1062.52
0,8191823,7,phononTS,0.000709579,0.00238423,-0.000345434,-0.0002625,9.52645,0.000382,1,0.00199953,2.31737e-06,0.0002625,609.797
0,8194343,14,phononTF,0.000599117,0.00200285,2.7857e-06,0.000262498,707.76,0.000599117,1,0.00250994,0.000441173,-0.0002625,961.084
0,8202074,9,phononTF,0.000583151,0.00200478,-2.98217e-06,0.0002625,177.39,0.000471149,1,0.00130111,0.000696547,-0.0002625,856.339
0,8211649,2,phononTF,0.00206969,0.00236446,-0.000329232,-0.0002625,317.415,0.000382,1,0.00200424,5.40162e-07,0.0002625,745.25
0,8216724,26,phononTS,0.000585264,-2.95379e-06,-0.00200129,0.000262498,1358.1,0.000585264,1,-4.76659e-07,-0.00192207,-0.0002625,1540.98
0,8216968,8,phononTS,0.000570153,0.00324456,0.000859393,-0.0002625,3324.15,0.000382,1,0.00300229,0.000998655,0.0002625,4348.53
0,8218685,14,phononTS,0.0024233,0.00100444,0.00100183,0.0002625,1241.19,0.00102596,1,0.00105166,0.00107593,-0.0002625,1750.43
0,8235771,7,phononTF,0.000481228,0.00276529,0.000809804,-0.000262498,3131.08,0.000382,1,0.00300123,0.000996254,0.0002625,3310.87
0,8235771,2,phononTF,0.00522575,0.00285702,-0.000742117,-0.000233159,87.1126,0.00340835,1,0.00280459,-0.00067912,-0.0002625,612.411
0,8244918,7,phononTF,0.000759853,-0.000450814,0.000479753,-0.0002625,1203.75,0.000382,1,-0.000999095,0.000996223,0.0002625,1755.98
0,8244918,5,phononTF,0.00121431,0.00276484,-0.000698379,0.000262498,64.743,0.000594944,1,0.00245477,-0.000326554,-0.0002625,276.998
0,8255733,8,phononTS,0.000551638,0.00200438,-3.24967e-06,0.000262498,462.226,0.000551638,1,0.00195215,7.83105e-05,-0.0002625,632.523
0,8266448,2,phononTF,0.000662817,0.00239119,-0.000329665,-0.0002625,25.4037,0.000382,1,0.00199632,4.98413e-07,0.0002625,462.037
0,8266449,3,phononTF,0.0057834,0.00295005,-0.0012518,-0.000252379,174.792,0.00302665,1,0.00296427,-0.00126521,-0.0002625,2158.23
0,8269299,9,phononTF,0.0005068,0.00187451,9.27275e-05,-0.0002625,1278.89,0.000382,1,0.00199951,-4.75467e-06,0.0002625,1605.9
0,8269299,3,phononTS,0.0011843,0.00284828,-0.000663616,0.000262498,28.0189,0.000852366,1,0.00279908,-0.000592734,-0.0002625,183.266
0,8269299,2,phononTF,0.00360323,0.00284828,-0.000663616,0.000262498,28.0189,0.00175671,1,0.00304164,-0.000479148,-0.0002625,203.975
0,8305046,19,phononTS,0.000493587,0.00299536,0.00141347,-0.0002625,1493.96,0.000382,1,0.0030031,0.00100072,0.0002625,2002.19
0,8305046,16,phononTF,0.000969656,0.00258065,-0.000737292,0.000262498,270.019,0.000541523,1,0.00233198,-0.000523426,-0.0002625,455.03
0,8314178,19,phononTF,0.000794327,0.00192462,0.0002124,-0.000262498,666.007,0.000382,1,0.00199885,2.69836e-06,0.0002625,844.985
0,8314221,14,phononTS,0.00368583,0.0020468,-3.48228e-05,-0.0002625,152.721,0.000382,1,0.0019958,-1.43193e-06,0.0002625,686.769
0,8321977,5,phononTF,0.00074515,0.00238461,-0.000314858,-0.0002625,54.2945,0.000382,1,0.00200233,-4.96863e-06,0.0002625,505.169
0,8331264,17,phononTF,0.000633436,-1.0741e-07,4.08984e-06,0.000262498,2913.05,0.000633436,1,-0.000203812,0.00018336,-0.0002625,3093.19
0,8335777,14,phononTS,0.000565365,0.00299618,0.00100382,0.000262498,1940.95,0.000565365,1,0.00392159,0.0014885,-0.0002625,2363.79
0,8336112,7,phononTS,0.000962404,0.00133397,0.000853192,-0.0002625,812.069,0.000382,1,-2.89491e-06,0.00200191,0.0002625,2054.5
0,8339872,15,phononTF,0.00052707,-3.73401e-06,-0.001996,0.0002625,2813.48,0.00052707,1,-0.000185961,-0.00190771,-0.0002625,3161.76
0,8355372,5,phononTS,0.000884712,0.00187534,-0.000836605,-0.0002625,7.6145,0.000764,1,0.000999501,-0.00100289,0.0002625,744.466
0,8362790,23,phononTS,0.00045246,0.00204196,-0.00200927,-0.000262498,4448.36,0.000382,1,0.00199882,-0.00200015,0.0002625,4610.55
0,8362790,2,phononTS,0.00150238,0.00274387,-0.000681832,0.000262498,36.7166,0.00044063,1,0.00376981,-0.000679776,-0.0002625,458.152
0,8363898,2,phononTS,0.00524876,0.00199212,-6.74551e-06,0.000167996,283.654,0.000764,1,0.0019994,-4.88806e-06,0.0002625,806.466
0,8383794,24,phononTS,0.000858559,-0.00149185,-0.00138304,-0.0002625,3424.5,0.000382,1,-4.96542e-06,1.37542e-06,0.0002625,5711.85
0,8390361,7,phononTF,0.00194704,0.00241615,-0.000353302,-0.0002625,54.9812,0.000382,1,0.00200265,3.60819e-07,0.0002625,504.565
0,8394768,10,phononTS,0.000779064,-7.00241e-07,-0.00200097,0.000262498,1838.98,0.000779064,1,-0.000504891,-0.00227507,-0.0002625,2152.15
0,8398169,2,phononTF,0.000800238,0.00236076,-0.000296246,-0.0002625,121.958,0.000382,1,0.00199542,2.0712e-06,0.0002625,540.632
0,8404379,11,phononTF,0.00089275,0.00299861,0.00100149,0.0002625,1698.42,0.00089275,1,0.00303888,0.000984675,-0.0002625,2340.51
0,8405984,3,phononTF,0.00232572,0.00238082,-0.000337296,-0.0002625,2.6651,0.001146,1,0.00199505,-3.65614e-06,0.0002625,439.448
0,8427880,23,phononTS,0.00045721,-0.00139567,-0.00401072,-0.0002625,196.992,0.000382,1,0.00100074,-0.00300327,0.0002625,6377.51
0,8435871,10,phononTS,0.00066427,0.00307208,0.000916711,-0.0002625,1766.27,0.000382,1,0.00300015,0.000996098,0.0002625,2075.79
0,8436233,4,phononTF,0.00126884,0.00238938,-0.000332497,-0.0002625,7.42755,0.000382,1,0.00200165,2.46537e-06,0.0002625,444.017
0,8436233,14,phononTS,0.000520262,0.00200165,2.46537e-06,0.000262498,444.017,0.000520262,1,0.00208665,-4.12572e-05,-0.0002625,612.839
0,8436233,3,phononTF,0.00135323,0.00277712,-0.000667457,0.000262498,7.42755,0.000124098,1,0.00248434,-0.000965726,-0.0002625,207.885
0,8455690,8,phononTS,0.000528275,0.00149714,-0.000922859,-0.0002625,486.488,0.000382,1,0.00100222,-0.00100477,0.0002625,1021.91
0,8457789,13,phononTS,0.000474614,0.00399391,-0.00289205,-0.0002625,1197.99,0.000382,1,0.00199552,-0.00199879,0.0002625,2897.76
0,8467155,5,phononTS,0.000873642,0.00189646,-0.000855412,-0.0002625,102.162,0.000382,1,0.000996435,-0.00100412,0.0002625,853.71
0,8472809,24,phononTS,0.000699791,0.00200483,-0.00199507,0.000262498,1896.62,0.000699791,1,0.00195613,-0.00233906,-0.0002625,2127.38
0,8472842,4,phononTS,0.000919522,0.005,-0.00136334,-3.78804e-05,91.4286,0.000764,1,0.001004,0.000998875,0.0002625,2626.8
0,8478867,5,phononTS,0.000924257,0.00199438,4.28034e-06,0.00026232,11.0826,0.000382,1,0.00199747,1.4017e-06,0.0002625,709.544
0,8478867,13,phononTS,0.00041516,0.00199747,1.4017e-06,0.000262498,709.544,0.00041516,1,0.000983264,-3.29306e-05,-0.0002625,1125.2
0,8481090,15,phononTS,0.000433785,-0.00200314,0.0019989,0.000262498,3452.08,0.000433785,1,-0.0020833,0.00191121,-0.0002625,3606.07
0,8481090,3,phononTF,0.00131936,0.00277351,-0.000675052,0.000262498,2.73151,0.000801093,1,0.00322857,-0.00118591,-0.0002625,269.466
0,8484960,21,phononTS,0.000523853,0.00171043,-0.000834983,-0.0002625,5703.46,0.000382,1,0.000996039,-0.000998242,0.0002625,6368.8
0,8495253,14,phononTS,0.00113198,0.000859634,0.00108457,-0.0002625,944.023,0.000382,1,-0.00099907,0.00300233,0.0002625,2725.6
0,8501666,15,phononTF,0.0006413,0.00230679,-0.000276002,-0.0002625,302.406,0.000382,1,0.00200178,2.17927e-06,0.0002625,918.118
0,8501988,14,phononL,0.000601965,0.000210397,-0.00152646,-0.000262498,1110.23,0.000382,1,-2.36675e-06,-0.00200259,0.0002625,1248.8
0,8505087,12,phononTS,0.000502863,-0.000999568,0.00299876,0.000262498,3792.78,0.000502863,1,-0.000917551,0.00305497,-0.0002625,3949.07
0,8505087,3,phononTS,0.000645644,0.00274916,-0.000657163,0.000262498,58.5251,0.000392107,1,0.00284371,-0.000738793,-0.0002625,235.947
0,8509075,4,phononTS,0.00046639,0.0018832,-0.000838004,-0.0002625,1.43506,0.000382,1,0.000996201,-0.0010025,0.0002625,744.086
0,8509075,3,phononTS,0.000639237,0.00277019,-0.000673512,0.000262498,1.43506,0.000639237,1,0.00372037,-0.000923087,-0.0002625,415.012
0,8509075,2,phononTS,0.00138572,0.00277019,-0.000673512,0.000262498,1.43506,0.00138572,1,0.00342684,-0.000760424,-0.0002625,305.185
0,8517407,6,phononTF,0.000543823,0.00238447,-0.000355479,-0.0002625,117.178,0.000382,1,0.00200285,-2.94707e-06,0.0002625,561.744
0,8528758,4,phononTF,0.000631868,0.00237637,-0.000316764,-0.0002625,78.1613,0.000382,1,0.00199829,-4.44305e-06,0.0002625,504.689
0,8532267,3,phononTF,0.00071995,0.00188323,-0.00183659,-0.0002625,5.36462,0.000382,1,0.000998186,-0.00299653,0.0002625,966.738
0,8532267,2,phononTS,0.00585313,0.00321645,-0.000756075,-0.00022384,5.36462,0.00449362,1,0.00321144,-0.000761424,-0.0002625,770.695
0,8543450,14,phononTF,0.00049448,0.00115762,0.000862126,-0.0002625,3100.57,0.000382,1,0.00100244,0.000995112,0.0002625,3436.78
0,8552268,7,phononTF,0.000473189,0.00234369,-0.000312531,-0.0002625,207.584,0.000382,1,0.00199642,-2.34067e-07,0.0002625,626.642
0,8552268,6,phononTS,0.000934475,0.00269096,-0.000624826,0.000262498,207.584,0.000934475,1,0.00276661,-0.000554935,-0.0002625,362.585
0,8552268,5,phononTF,0.00039128,0.00269096,-0.000624826,0.000262498,207.584,0.00039128,1,0.00229435,-0.000950928,-0.0002625,425.353
0,8555973,11,phononTF,0.0019752,0.00211131,0.000573513,-0.0002625,370.701,0.001146,1,0.00199642,-0.00199638,0.0002625,1932.99
0,8560932,13,phononTF,0.000904289,0.00353278,0.005,-4.27468e-06,882.019,0.000382,1,0.00299689,0.000995973,0.0002625,3825.33
0,8560932,4,phononTS,0.000894509,0.00277279,-0.000675039,0.000262498,1.04099,0.000894509,1,0.00390137,-0.000726587,-0.0002625,456.965
0,8560932,3,phononL,0.000490616,0.00277279,-0.000675039,0.000262498,1.04099,0.000490616,1,0.00233507,-0.000766839,-0.0002625,130.615
0,8560932,2,phononTS,0.00277962,0.00277279,-0.000675039,0.000262498,1.04099,0.00170309,1,0.00269151,-0.000749811,-0.0002625,175.109
0,8564532,7,phononTS,0.00151256,0.00188083,-0.000838491,-0.0002625,4.66598,0.000382,1,0.000996312,-0.00100054,0.0002625,746.785
0,8571514,4,phononTS,0.000862135,0.00139196,-0.00132911,-0.0002625,16.6891,0.000382,1,-4.17071e-06,-0.00200237,0.0002625,1235.82
0,8585360,15,phononTS,0.000459865,0.00199931,4.37136e-06,0.0002625,793.383,0.000459865,1,0.00194634,-0.000413013,-0.0002625,1538.56
0,8585808,22,phononTS,0.00040273,-0.001004,-0.000977993,-0.0002625,1813.54,0.000382,1,-0.00100265,-0.0010048,0.0002625,2133.99
0,8585809,3,phononTS,0.00398908,0.00307423,-0.000367247,-0.000171256,204.408,0.00314874,1,0.00308676,-0.000348935,-0.0002625,471.024
0,8590191,3,phononTF,0.00115303,0.00239695,-0.000336555,-0.0002625,65.3426,0.000382,1,0.00200254,3.42328e-06,0.0002625,506.326
0,8593486,2,phononTF,0.0004159,0.00237592,-0.000339352,-0.0002625,13.477,0.000382,1,0.00199856,-4.38743e-06,0.0002625,464.216
0,8613846,2,phononTF,0.00283464,0.00235065,-0.000323,-0.0002625,35.0346,0.000382,1,0.00200148,2.37053e-06,0.0002625,458.599
0,8613846,11,phononTF,0.00126105,0.00200148,2.37053e-06,0.000262498,458.599,0.00126105,1,0.00297101,-0.00043009,-0.0002625,853.15
0,8617358,12,phononL,0.00163061,0.000996014,-0.00100303,0.000262498,858.631,0.000923704,1,0.000908278,-0.00125114,-0.0002625,974.705
0,8619490,21,phononTS,0.00056282,0.0019966,4.49685e-06,0.000262498,900.138,0.00056282,1,0.00199404,-7.51351e-05,-0.0002625,1062.68
0,8620997,12,phononTS,0.000594899,-0.000857814,0.00101475,-0.0002625,4948.62,0.000382,1,-0.00100089,0.00100433,0.0002625,5323.84
0,8622917,2,phononTS,0.00168865,0.00188733,-0.000849206,-0.0002625,20.4817,0.000764,1,0.000999618,-0.00100296,0.0002625,765.07
0,8623988,14,phononTS,0.000398694,0.000997543,0.000996922,0.0002625,451.475,0.000398694,1,-0.000834658,0.00259414,-0.0002625,2324.19
0,8638551,12,phononTS,0.000424549,0.00204069,-0.00198835,-0.0002625,3018.2,0.000382,1,0.0019953,-0.00199908,0.0002625,3658.31
0,8645655,10,phononTS,0.000889974,-0.000996589,0.00299553,0.0002625,2717.38,0.000318628,1,-0.00149182,0.00299361,-0.0002625,3483.35
0,8647502,14,phononTF,0.00148365,0.00264837,-0.000694147,-0.0002625,426.221,0.000382,1,0.0020014,1.88492e-06,0.0002625,915.602
0,8674914,11,phononTS,0.000409477,0.00286975,0.000163776,-0.0002625,43.6678,0.000382,1,0.00299622,0.00100453,0.0002625,761.109
0,8681174,9,phononTF,0.00361168,0.00245845,0.000537891,-0.0002625,1013.64,0.001528,1,0.00200426,2.25466e-06,0.0002625,1496.77
0,8691269,6,phononTF,0.00226148,0.00235571,-0.000358506,-0.0002625,42.512,0.000382,1,0.00200263,-3.40827e-06,0.0002625,483.729
0,8691269,11,phononTS,0.000831169,-0.000936112,-0.005,4.54057e-05,483.729,0.000108418,1,0.00245074,-0.00247552,-0.0002625,3678.22
0,8691862,12,phononTF,0.00133157,0.00236796,-0.000317666,-0.0002625,44.4415,0.000382,1,0.00200148,-1.66771e-06,0.0002625,469.423
0,8706253,10,phononL,0.000641025,0.00313501,0.000469129,-0.0002625,597.213,0.000382,1,0.00300252,0.00099726,0.0002625,878.159
0,8706253,5,phononTF,0.000434402,0.00262905,-0.000554806,0.000262498,261.058,0.000434402,1,0.00315592,-0.00101358,-0.0002625,521.197
0,8706253,4,phononTS,0.00128596,0.00262905,-0.000554806,0.000262498,261.058,0.000849523,1,0.00255134,-0.000507715,-0.0002625,418.544
0,8707598,11,phononTS,0.000673036,0.00100326,-0.000995369,0.000262498,1273.13,0.000673036,1,-0.000165437,-0.000813056,-0.0002625,1752.64
0,8707598,8,phononTF,0.000919226,0.00277655,-0.000715488,0.000262498,203.375,0.000316209,1,0.00249538,-0.000491309,-0.0002625,392.26
0,8708791,3,phononTS,0.00119889,0.00189902,-0.00085727,-0.0002625,33.9084,0.000764,1,0.000998187,-0.00100297,0.0002625,786.157
0,8708791,2,phononTS,0.00373151,0.00295222,-0.000777529,-0.000136223,33.9084,0.00236196,1,0.00318421,-0.000752991,-0.0002625,307.887
0,8717113,12,phononTS,0.00066592,0.000999606,-0.00099639,0.000262498,1050.55,0.00066592,1,0.00109064,-0.00103481,-0.0002625,1208.09
0,8721495,18,phononTS,0.000531406,0.00199694,4.91902e-06,0.000262498,736.766,0.000531406,1,0.00206252,5.07296e-05,-0.0002625,894.226
0,8724300,2,phononTF,0.00115444,0.00239434,-0.000335766,-0.0002625,15.0015,0.000382,1,0.00200462,-1.18523e-07,0.0002625,452.317
0,8729988,11,phononTS,0.000489771,0.00199769,1.727e-06,0.0002625,1159.84,0.000489771,1,0.00177596,-0.000717099,-0.0002625,1832.51
0,8740115,18,phononTS,0.000506243,0.00179948,-0.00188257,-0.0002625,910.009,0.000382,1,0.000999199,-0.00299936,0.0002625,1936.96
0,8744393,4,phononTS,0.00111363,0.00192936,-0.00201169,-0.0002625,1060.61,0.000764,1,0.0010028,-0.00299666,0.0002625,2169.34
0,8745468,7,phononTS,0.000483547,0.00253916,-0.00105945,-0.0002625,545.071,0.000382,1,0.00200004,-0.00200445,0.0002625,1135.02
0,8762299,6,phononL,0.000468783,0.00275341,-0.000292538,-0.000262498,829.646,0.000382,1,0.0019999,-5.43714e-07,0.0002625,1011.05
0,8762299,4,phononTS,0.00113101,0.0028965,-0.000520656,0.000262498,583.979,0.000700712,1,0.00219125,-0.000164358,-0.0002625,959.871
0,8787581,4,phononTF,0.00075415,0.00240838,-0.0003875,-0.0002625,441.047,0.000382,1,0.00200246,4.12017e-06,0.0002625,901.318
0,8788570,14,phononTF,0.00062372,0.00200035,1.72758e-06,0.0002625,1735.14,0.00062372,1,0.00221789,0.000189843,-0.0002625,2101.19
0,8799245,4,phononTF,0.000849198,0.00238038,-0.000336871,-0.0002625,19.3792,0.000382,1,0.00199815,-4.25183e-06,0.0002625,472.33
0,8800135,12,phononTF,0.000601969,0.00199753,2.0408e-06,0.000262498,317.463,0.000601969,1,0.00178735,-0.00019683,-0.0002625,499.497
0,8816428,20,phononTF,0.000770974,0.00218276,-0.0017713,-0.000262498,496.882,0.000382,1,0.0020023,-0.0019978,0.0002625,675.189
0,8832669,9,phononTF,0.000624201,0.00222541,-0.000211037,-0.000262498,275.824,0.000382,1,0.0019973,1.00686e-06,0.0002625,458.089
0,8832669,5,phononTF,0.0011784,0.00278486,-0.00068877,0.000262498,7.57678,0.0011784,1,0.00246964,-0.000737969,-0.0002625,210.312
0,8832669,4,phononTS,0.000402677,0.00278486,-0.00068877,0.000262498,7.57678,0.000402677,1,0.00301108,-0.00116505,-0.0002625,306.256
0,8832669,3,phononTF,0.000878351,0.00278486,-0.00068877,0.000262498,7.57678,0.000322926,1,0.00277127,-0.000699428,-0.0002625,164.496
0,8832669,10,phononTS,0.000555425,0.005,-0.00468506,0.000126214,164.496,0.000555425,1,0.00248441,-0.00170717,-0.0002625,2926.93
0,8832669,2,phononTF,0.000547839,0.00278486,-0.00068877,0.000262498,7.57678,0.000547839,1,0.00277606,-0.000503286,-0.0002625,181.633
0,8836242,20,phononTS,0.00116318,0.00136014,-0.00178055,-0.0002625,515.39,0.000382,1,2.74258e-06,-0.0019981,0.0002625,1593.12
0,8851054,3,phononTS,0.00185388,0.00238504,-0.00133793,-0.0002625,0.989978,0.000382,1,0.00199643,-0.00199766,0.0002625,741.442
0,8851054,11,phononL,0.00143028,0.00199643,-0.00199766,0.000262498,741.442,0.00143028,1,0.00265421,-0.00197821,-0.0002625,895.911
0,8869489,18,phononTF,0.000426055,0.000998148,-0.00100497,0.000262498,1008.32,0.000426055,1,-0.00030093,-0.0024048,-0.0002625,1606.44
0,8878864,8,phononTS,0.000514643,0.00200193,-0.00199736,0.0002625,213.697,0.000514643,1,0.00200559,-0.00197003,-0.0002625,923.043
0,8878864,6,phononTS,0.000503116,0.00279592,-0.000728182,0.000262498,53.1313,0.000503116,1,0.00273191,7.97357e-05,-0.0002625,417.624
0,8878864,5,phononTF,0.00124227,0.00279592,-0.000728182,0.000262498,53.1313,0.00104153,1,0.00175022,0.000232386,-0.0002625,504.275
0,8879682,7,phononTF,0.000424096,0.00138694,0.000653109,-0.0002625,19.4042,0.000382,1,1.18921e-07,0.00200327,0.0002625,1217.3
0,8879682,6,phononTF,0.000773855,0.00277376,-0.000697045,0.000262498,19.4042,0.000773855,1,0.00230345,-0.00019611,-0.0002625,277.492
0,8879682,5,phononTF,0.000843022,0.00277376,-0.000697045,0.000262498,19.4042,0.000843022,1,0.00301043,-0.000493879,-0.0002625,201.904
0,8879682,4,phononTS,0.00105702,0.00277376,-0.000697045,0.000262498,19.4042,0.000800067,1,0.00228181,0.000682667,-0.0002625,612.112
0,8885910,5,phononTF,0.000435838,0.00188669,0.000164903,-0.0002625,8.20795,0.000382,1,0.00100483,0.0010037,0.0002625,802.054
0,8885910,4,phononTS,0.00102518,0.00276854,-0.000673895,0.000262498,8.20795,0.000848193,1,0.00270337,-0.00055859,-0.0002625,190.503
0,8885910,3,phononL,0.00150986,0.00276854,-0.000673895,0.000262498,8.20795,0.00150986,1,0.00218636,-0.000303376,-0.0002625,172.617
0,8885910,2,phononTF,0.000534828,0.00276854,-0.000673895,0.000262498,8.20795,0.000534828,1,0.00295111,-0.000460694,-0.0002625,185.703
0,8886893,3,phononTS,0.000710016,0.0018752,-0.000827627,-0.0002625,49.9871,0.000382,1,0.00100271,-0.000998322,0.0002625,837.588
0,8899273,13,phononTF,0.0011353,0.00200316,-0.00199838,0.0002625,525.694,0.0011353,1,0.00133319,-0.00275371,-0.0002625,1202.61
0,8899273,11,phononTF,0.000552056,0.00277656,-0.000676643,0.000262498,240.358,0.000552056,1,0.00245653,-0.000956124,-0.0002625,442.362
0,8911877,16,phononTS,0.00119862,0.00157689,-0.00277386,-0.0002625,1236.71,0.000382,1,0.0010019,-0.00299822,0.0002625,1918.41
0,8913275,10,phononTS,0.000601285,0.00100217,-0.00100049,0.000262498,774.695,0.000601285,1,0.000973702,-0.00109727,-0.0002625,957.032
0,8913275,6,phononTS,0.000907168,0.00277201,-0.000702726,0.000262498,31.3294,0.000907168,1,0.00268315,-0.000780752,-0.0002625,185.4
0,8913275,5,phononTF,0.000398546,0.00277201,-0.000702726,0.000262498,31.3294,0.000398546,1,0.00406796,0.000508159,-0.0002625,582.995
0,8923327,12,phononTS,0.000777474,0.000995121,-0.00299886,0.000262498,2094.41,0.000777474,1,0.000976008,-0.00290554,-0.0002625,2277.15
0,8939354,10,phononTF,0.000924548,0.00156311,-0.000382602,-0.0002625,849.214,0.000764,1,0.00200306,2.84661e-06,0.0002625,1262.5
0,8940684,14,phononTS,0.00137249,0.000810794,-0.00255266,-0.0002625,1702.36,0.000382,1,0.000996635,-0.00300327,0.0002625,2274.88
0,8947169,24,phononTS,0.00076327,0.00255426,-8.67531e-05,-0.0002625,810.943,0.000382,1,0.00300101,0.00100074,0.0002625,1791.51
0,8948466,4,phononTF,0.00220681,0.00235236,-0.000304485,-0.0002625,40.8214,0.000382,1,0.00199691,2.25431e-06,0.0002625,461.282
0,8957218,9,phononTF,0.000546282,0.00239394,-0.000336038,-0.0002625,7.45741,0.000382,1,0.00200084,-3.11233e-06,0.0002625,445.189
0,8957218,8,phononTS,0.000620433,0.00278703,-0.000668962,0.000262498,7.45741,0.000620433,1,0.00345884,-0.000598763,-0.0002625,321.373
0,8969201,2,phononTF,0.00182559,0.0023862,-0.000334921,-0.0002625,2.26815,0.000382,1,0.00199956,1.05835e-06,0.0002625,438.93
0,8970835,5,phononTF,0.000519019,0.00239377,-0.000353125,-0.0002625,16.5552,0.000382,1,0.00199906,-2.72418e-06,0.0002625,477.573
0,8983860,12,phononTF,0.000659324,0.0029988,0.00099626,0.000262498,1179.38,0.000523021,1,0.00294103,0.00109744,-0.0002625,1341.85
0,8983860,8,phononTF,0.000578798,0.0025985,-0.000378611,0.000262498,442.562,0.000578798,1,0.00309772,-0.000935766,-0.0002625,714.759
0,8985668,5,phononTS,0.00166443,0.00189592,-0.00083684,-0.0002625,17.5102,0.000382,1,0.000995489,-0.000999413,0.0002625,801.355
0,8986518,5,phononL,0.000714633,0.00239503,-0.00132824,-0.0002625,11.9882,0.000382,1,0.00200154,-0.00199992,0.0002625,370.055
0,8986518,4,phononTS,0.00197323,0.00278853,-0.000656556,0.000262498,11.9882,0.00110075,1,0.00270883,-0.000655872,-0.0002625,174.73
0,8988136,7,phononTF,0.000443685,0.00238147,-0.000311472,-0.0002625,53.4246,0.000382,1,0.00200326,-5.34423e-07,0.0002625,479.422
0,8988136,6,phononTF,0.00160512,0.00275967,-0.000622409,0.000262498,53.4246,0.00101486,1,0.00308521,-0.000259947,-0.0002625,266.965
0,9022240,6,phononTF,0.0023808,0.00288375,0.000898431,0.000138088,49.6117,0.000764,1,0.00299772,0.000997376,0.0002625,791.924
0,9022240,11,phononTS,0.000628299,0.00299772,0.000997376,0.000262498,791.924,0.000628299,1,0.00479667,-0.0010775,-0.0002625,1735.72
0,9022240,5,phononTF,0.00046984,0.00279901,-0.000682628,0.000262498,49.6117,0.00046984,1,0.00272919,-0.000738939,-0.0002625,208.644
0,9026858,4,phononTS,0.00161572,0.00199677,0.00200056,0.0002625,22.0076,0.000702823,1,0.00190769,0.00205914,-0.0002625,1276.3
0,9033404,13,phononTF,0.000496281,0.00300015,0.000997841,0.000262498,1226.25,0.000496281,1,0.00341985,0.000415774,-0.0002625,1510
0,9049786,12,phononTS,0.000415678,0.000999998,-0.000999183,0.0002625,1424.36,0.000415678,1,3.82557e-05,-0.00121568,-0.0002625,2208
0,9049786,8,phononTS,0.000476478,0.00295424,-0.000830251,0.000262498,514.488,0.000476478,1,0.00306358,-0.00178563,-0.0002625,908.532
0,9069148,5,phononTS,0.000628666,0.0021032,-0.000132685,-0.0002625,41.4378,0.000382,1,0.00200476,6.22469e-07,0.0002625,975.904
0,9071732,13,phononTF,0.00119222,0.00215598,-1.943e-05,-0.000262498,691.72,0.000382,1,0.001998,-2.31958e-06,0.0002625,861.245
0,9085489,17,phononTS,0.000551023,0.00191171,8.03656e-05,-0.000262498,2288.93,0.000382,1,0.00199666,3.71884e-06,0.0002625,2443.22
0,9085766,3,phononTF,0.000590397,0.00236106,-0.00032586,-0.0002625,73.0406,0.000382,1,0.0020019,3.60765e-06,0.0002625,500.502
0,9085766,2,phononTS,0.0010821,0.00272022,-0.000655327,0.000262498,73.0406,0.0010821,1,0.00205375,-0.000773002,-0.0002625,404.548
0,9085767,3,phononTS,0.0063161,0.00321851,-0.000772265,-0.000173177,346.136,0.00389028,1,0.00320626,-0.000794795,-0.0002625,988.879
0,9090736,19,phononTS,0.000447593,-3.24979e-06,-0.00199728,0.0002625,681.048,0.000447593,1,-0.00149039,-0.00300842,-0.0002625,1992.65
0,9090736,4,phononTS,0.00057582,0.00276644,-0.00067369,0.000262498,8.01583,0.00057582,1,0.00272865,-0.000535892,-0.0002625,205.62
0,9091285,5,phononTS,0.00397608,0.00204513,5.79301e-05,-0.000167765,756.998,0.000764,1,0.00199952,1.85846e-06,0.0002625,1263.29
0,9091285,8,phononTS,0.000729231,0.00199952,1.85846e-06,0.000262498,1263.29,0.000225059,1,0.00192471,-8.46849e-05,-0.0002625,1417.65
0,9108765,6,phononTS,0.00175913,0.00187818,6.59367e-05,-0.0002625,30.3368,0.000382,1,0.00200277,1.42479e-06,0.0002625,1119.54
0,9110816,16,phononL,0.000505949,0.00199716,3.79475e-06,0.000262498,645.089,0.000505949,1,0.00193595,-0.000986427,-0.0002625,851.948
0,9113328,14,phononL,0.000597734,0.00065218,-0.00340432,-0.000262498,6749.36,0.000382,1,0.00100245,-0.00299904,0.0002625,6890.91
0,9117179,10,phononTS,0.00123009,-0.000999319,-0.000996043,0.000262498,3014.91,0.00114188,1,-0.000971204,-0.00108536,-0.0002625,3173.7
0,9117179,7,phononTS,0.000989035,0.00268825,-0.000951794,0.000262498,99.3898,0.000591704,1,0.00265127,-0.00124063,-0.0002625,317.541
0,9121612,10,phononTF,0.000627073,0.00164212,-7.19036e-05,-0.0002625,2902.74,0.000382,1,0.00199859,-3.76245e-06,0.0002625,3330.32
0,9121612,8,phononTS,0.0010031,0.00221509,0.000635413,0.000262498,2427.57,0.000476356,1,0.00208379,0.000718399,-0.0002625,2611.65
0,9133875,6,phononTF,0.000587363,0.00199706,-4.8073e-06,0.0002625,234.772,0.000587363,1,0.00134625,0.000754827,-0.0002625,1107.93
0,9133875,5,phononTS,0.000441707,0.00282786,-0.000571346,0.000262498,234.772,0.000441707,1,0.00279913,-0.000514908,-0.0002625,396.004
0,9143106,6,phononTF,0.00149859,0.00236039,-0.000324884,-0.0002625,51.9121,0.001146,1,0.00200296,7.43083e-07,0.0002625,480.842
0,9143733,24,phononTF,0.000473702,0.0019998,-1.45938e-06,0.000262499,2890.22,0.000473702,1,0.00203316,2.23115e-05,-0.0002625,3047.7
0,9146497,15,phononTF,0.000403239,0.00241792,0.005,-0.000192352,1518.1,0.000403239,1,0.00245697,0.004967,-0.0002625,2857.16
0,9146497,7,phononTS,0.000713977,0.00286737,-0.00065288,0.000262498,225.779,0.000713977,1,0.00306433,9.21984e-05,-0.0002625,569.538
0,9156992,5,phononTF,0.000489052,0.00237342,-0.000316943,-0.0002625,21.6548,0.000382,1,0.00200243,4.78998e-06,0.0002625,450.914
0,9171532,7,phononTF,0.000504266,0.00219537,0.000181456,-0.000262498,1123.19,0.000382,1,0.000996538,-0.000996694,0.0002625,1652.78
0,9191376,17,phononTS,0.000499649,4.32122e-06,0.00199691,0.000262498,3650.08,0.000499649,1,-9.01925e-05,0.00115126,-0.0002625,4028.8
0,9194676,16,phononTS,0.000456665,0.0020049,5.43311e-08,0.000262498,9473.75,0.000456665,1,0.0018466,-8.25402e-05,-0.0002625,9663.07
0,9214771,17,phononTS,0.000475966,0.00299998,0.00100035,0.000262498,749.676,0.000475966,1,-0.000680771,-0.00404106,-0.0002625,2617.46
0,9214771,3,phononTS,0.000424415,0.0027472,-0.000678294,0.000262498,30.5558,0.000424415,1,0.00267196,-0.000761962,-0.0002625,185.134
0,9222994,20,phononTS,0.000458958,-0.000999135,0.00100264,0.000262498,4656.01,0.000458958,1,0.00104431,6.04055e-05,-0.0002625,5479.98
0,9224681,3,phononTS,0.00111944,0.00288699,0.000159091,-0.0002625,17.2092,0.000382,1,0.00299647,0.000995874,0.0002625,771.286
0,9224681,2,phononL,0.00349824,0.0031929,-0.00269047,-0.000140427,17.2092,0.00185698,1,0.00324623,-0.00265171,-0.0002625,837.686
0,9229929,9,phononTS,0.000662588,0.0019961,-0.00199597,0.0002625,1206.4,0.000662588,1,0.0014877,-0.00345454,-0.0002625,2399.37
0,9233658,4,phononL,0.00124757,0.00199703,-4.95391e-06,0.000262498,441.266,0.0003109,1,0.00172671,0.000692198,-0.0002625,612.585
0,9235598,11,phononTS,0.000519362,0.00100472,-0.000998506,0.000262498,1495.78,0.000519362,1,0.000966758,-0.00180077,-0.0002625,1856.13
0,9235598,5,phononTF,0.00216009,0.00275194,-0.000643918,0.000262498,145.377,0.00177773,1,0.00232794,-0.000162533,-0.0002625,392.736
0,9235598,4,phononTS,0.00189348,0.00275194,-0.000643918,0.000262498,145.377,0.00122593,1,0.00274193,-0.000151036,-0.0002625,399.838
0,9247348,11,phononTF,0.000462223,0.00200128,-0.00199508,0.000262498,1382.86,0.000462223,1,0.00156775,-0.00249492,-0.0002625,1634.3
0,9259588,12,phononL,0.000699412,0.0023531,-0.000379797,-0.0002625,65.2374,0.000382,1,0.00200202,-2.82154e-06,0.0002625,342.954
0,9259588,11,phononTF,0.00150883,0.00270419,-0.000756771,0.000262498,65.2374,0.00117385,1,0.00292438,-0.000490729,-0.0002625,252.396
0,9259588,4,phononTS,0.00109882,0.00277624,-0.000678606,0.000262498,3.01867,0.000729772,1,0.00283071,2.45654e-05,-0.0002625,325.541
0,9259588,3,phononTF,0.00042497,0.00277624,-0.000678606,0.000262498,3.01867,0.00042497,1,0.00383616,0.000457379,-0.0002625,492.341
0,9259588,2,phononTS,0.000546655,0.00277624,-0.000678606,0.000262498,3.01867,0.000546655,1,0.00269271,-0.000584473,-0.0002625,180.289
0,9278744,14,phononTF,0.000757618,0.00200467,-4.2848e-06,0.000262498,892.72,0.000757618,1,0.00133874,-0.000695587,-0.0002625,1225.24
0,9285323,7,phononTF,0.00206791,0.0023717,-0.000322358,-0.0002625,529.782,0.000382,1,0.00199817,-2.93857e-06,0.0002625,830.529
0,9296021,2,phononTS,0.000519591,0.00188635,-0.00085247,-0.0002625,81.7934,0.000382,1,0.000999686,-0.00100002,0.0002625,871.981
0,9299378,16,phononTS,0.000432964,0.00100461,0.00100127,0.000262498,1130.24,0.000432964,1,0.000937998,0.000937268,-0.0002625,1285.46
0,9326228,12,phononTF,0.000474871,-0.00100319,-0.000999362,0.000262498,3567.94,0.000474871,1,-0.000700345,-0.000693417,-0.0002625,3774.61
0,9331350,7,phononTF,0.000570452,0.00238794,-0.000338678,-0.0002625,2.5189,0.000382,1,0.00200467,-4.84542e-06,0.0002625,437.607
0,9344514,9,phononTF,0.00040788,0.00237517,-0.0003431,-0.0002625,52.4978,0.000382,1,0.00199742,2.27767e-06,0.0002625,493.231
0,9346048,14,phononTF,0.000422125,0.00200496,-1.71471e-06,0.000262498,1061.19,0.000422125,1,0.00224099,-0.000268726,-0.0002625,1251.29
0,9352045,4,phononTF,0.00136709,0.00239634,-0.000325107,-0.0002625,13.0204,0.000382,1,0.00199924,3.36728e-07,0.0002625,448.418
0,9358397,11,phononTF,0.000413859,0.0020046,-4.46038e-06,0.000262498,1270.39,0.000413859,1,0.00207724,-6.55427e-05,-0.0002625,1429.77
0,9369196,13,phononTS,0.000471363,0.000278806,-0.00183771,-0.0002625,1381.16,0.000382,1,-2.74344e-06,-0.00199845,0.0002625,1870.12
0,9369196,2,phononTS,0.00310479,0.00230035,-0.000660596,-0.00014694,43.3736,0.00174224,1,0.00215253,-0.000943383,-0.0002625,408.935
0,9369853,4,phononTF,0.000478332,0.00188955,0.000174418,-0.0002625,11.1895,0.000382,1,0.00100289,0.00100131,0.0002625,800.68
0,9369853,3,phononTS,0.00106742,0.00277622,-0.000652471,0.000262498,11.1895,0.00106742,1,0.005,-0.00319409,0.000101627,1071.39
0,9369853,2,phononTS,0.00152256,0.00277622,-0.000652471,0.000262498,11.1895,0.00152256,1,0.00283909,-0.000718233,-0.0002625,166.464
0,9376591,15,phononTF,0.000415592,0.00199711,3.22283e-06,0.0002625,1314.93,0.000415592,1,0.00146402,0.000592216,-0.0002625,1884.03
0,9377108,22,phononL,0.00038683,-0.00235103,0.000253848,-0.0002625,1394.31,0.000382,1,-0.00200177,-4.31786e-06,0.0002625,2628.95
0,9379423,15,phononTF,0.000457412,0.00262505,0.000484787,-0.0002625,591.61,0.000382,1,0.00300069,0.0010009,0.0002625,1118.99
0,9379423,13,phononTS,0.000543823,0.00300204,-0.000893714,0.000262498,128.122,0.000543823,1,0.00307138,-0.000819833,-0.0002625,302.363
0,9379423,12,phononTF,0.00159132,0.00300204,-0.000893714,0.000262498,128.122,0.00136883,1,0.0028327,-0.000669328,-0.0002625,311.883
0,9379423,11,phononTS,0.000770026,0.00300204,-0.000893714,0.000262498,128.122,0.000310258,1,0.00308798,-0.000945004,-0.0002625,284.515
0,9401822,11,phononTF,0.000696587,0.00199876,3.29294e-06,0.0002625,3140.1,0.000696587,1,0.00154674,-0.000521156,-0.0002625,3772.08
0,9401822,4,phononTS,0.00158639,0.00275321,-0.00067384,0.000262498,10.5015,0.00116939,1,0.00327965,-0.000658464,-0.0002625,294.088
0,9405490,11,phononTS,0.000509085,0.00254778,-0.00137753,-0.0002625,1200.12,0.000382,1,0.00199765,-0.00200144,0.0002625,1985.92
0,9407359,12,phononTS,0.000475351,0.000997014,-0.00100174,0.0002625,1430.04,0.000475351,1,0.000905431,-0.000938623,-0.0002625,1740.23
0,9413801,5,phononTS,0.000521409,0.00215202,-0.00202837,-0.000262498,1379.78,0.000382,1,0.00200489,-0.002001,0.0002625,1577.73
0,9424528,2,phononTF,0.000957224,0.00237058,-0.000356756,-0.0002625,19.2546,0.000382,1,0.00199905,-2.36566e-06,0.0002625,468.487
0,9432986,3,phononL,0.00129534,0.00188193,-0.000837111,-0.0002625,3.03938,0.000382,1,0.000996493,-0.00100392,0.0002625,389.815
0,9432986,9,phononTS,0.000514254,0.000996493,-0.00100392,0.000262498,389.815,0.000514254,1,0.00101592,-0.000928304,-0.0002625,555.638
0,9432986,2,phononTF,0.00374907,0.00276736,-0.000670306,0.000262498,3.03938,0.0013003,1,0.0024678,-0.000918909,-0.0002625,197.377
0,9434200,7,phononTS,0.000455793,0.00273007,-0.000662416,-0.000262498,217.562,0.000382,1,0.00199816,-2.809e-06,0.0002625,657.445
0,9440108,7,phononTF,0.00101417,0.00217417,-0.000128854,-0.0002625,375.71,0.000764,1,0.00200467,3.99116e-06,0.0002625,713.638
0,9440108,5,phononTF,0.000440835,0.00277743,-0.00069817,0.000262498,7.59354,0.000440835,1,0.00322026,-0.000206528,-0.0002625,259.294
0,9440108,4,phononL,0.000777966,0.00277743,-0.00069817,0.000262498,7.59354,0.000777966,1,0.00251452,-0.000711539,-0.0002625,123.621
0,9440108,3,phononTF,0.000916363,0.00277743,-0.00069817,0.000262498,7.59354,0.000916363,1,0.00299184,-0.000543877,-0.0002625,188.992
0,9445312,14,phononTS,0.00045823,0.00200387,-1.65868e-06,0.0002625,443.04,0.00045823,1,0.00196949,8.02449e-05,-0.0002625,945.799
0,9450707,2,phononTS,0.00111823,0.00289277,0.000168897,-0.0002625,5.33203,0.000382,1,0.00300225,0.00100284,0.0002625,754.649
0,9473317,5,phononTF,0.000725434,0.00239824,-0.000332142,-0.0002625,28.1958,0.000382,1,0.00200065,-2.85987e-06,0.0002625,465.132
0,9476542,7,phononL,0.000994158,0.00238761,-0.000339786,-0.0002625,6.52697,0.000382,1,0.00200117,-2.41652e-06,0.0002625,283.621
0,9487514,11,phononTS,0.000764497,0.00200349,2.6746e-06,0.0002625,402.965,0.000496763,1,0.00173814,7.99168e-05,-0.0002625,1772.94
0,9497560,6,phononTS,0.000458178,0.00289045,0.000131487,-0.0002625,199.463,0.000382,1,0.0029967,0.00100065,0.0002625,974.691
0,9497609,9,phononTF,0.00102534,0.00200052,2.67228e-06,0.000262498,530.529,0.000917992,1,0.00199274,4.67927e-05,-0.0002625,688.397
0,9500242,9,phononTS,0.000458154,0.00164563,0.005,-0.000162159,409.958,0.000382,1,-0.00200017,0.00199873,0.0002625,4569.57
0,9502165,9,phononTS,0.000931638,0.00199505,4.95484e-06,0.000262498,451.907,0.000931638,1,0.00192173,0.000813086,-0.0002625,805.417
0,9504043,10,phononTF,0.00128946,0.00249352,0.000512877,-0.000262498,1149.18,0.000382,1,0.00199777,1.91313e-06,0.0002625,1413.38
0,9504043,2,phononTF,0.000550368,0.00274236,-0.000648902,0.000262498,30.5361,0.000550368,1,0.00242999,-0.000427608,-0.0002625,235.352
0,9512775,19,phononTF,0.000426733,0.00199554,9.07067e-07,0.0002625,823.945,0.000426733,1,0.00218893,-9.4738e-05,-0.0002625,1176.4
0,9514983,4,phononTF,0.00069735,0.00254644,-0.000655189,-0.000262498,1014.55,0.000382,1,0.00199726,1.98822e-06,0.0002625,1327.06
0,9514983,2,phononTF,0.00634449,0.00268299,-0.000592628,-0.000192866,21.6393,0.00260069,1,0.00265929,-0.000594712,-0.0002625,825.564
0,9518328,13,phononTS,0.000476506,0.00111263,-0.000236856,-0.0002625,1249.78,0.000382,1,0.0010044,-0.00099672,0.0002625,2326.57
0,9518328,10,phononTS,0.000486664,0.00261505,-0.000623325,0.000262498,385.902,0.000486664,1,0.00122537,-0.000941468,-0.0002625,943.525
0,9520213,8,phononTS,0.000595146,0.00100414,-0.000997405,0.000262498,758.995,0.000595146,1,0.000964759,-0.000922407,-0.0002625,936.533
0,9523442,6,phononTF,0.000620602,0.00238503,-0.00134203,-0.0002625,536.524,0.000382,1,0.00199737,-0.00199743,0.0002625,1142.3
0,9532316,18,phononTS,0.000556806,0.00199624,-2.72762e-06,0.0002625,342.666,0.000556806,1,0.0019643,4.56398e-06,-0.0002625,678.959
0,9552660,3,phononL,0.00201565,0.00180969,0.00184716,-8.87273e-05,19.2148,0.000382,1,0.0019976,0.00199738,0.0002625,3288.46
0,9552660,13,phononTS,0.00152858,0.0019976,0.00199738,0.000262498,3288.46,0.00120003,1,0.00248669,0.00252643,-0.0002625,3647.92
0,9552660,2,phononTS,0.00100612,0.00272874,-0.000689818,0.000262498,19.2148,0.000378357,1,0.00271715,-0.000293846,-0.0002625,269.626
0,9564221,7,phononTF,0.00158019,0.000961959,-0.00112651,-0.0002625,2021.38,0.000764,1,-4.34153e-06,-0.00200462,0.0002625,2878.51
0,9573724,11,phononTF,0.000538478,0.00200386,-0.00200414,0.000262498,768.754,0.000538478,1,0.00173861,-0.00178474,-0.0002625,955.726
0,9573724,4,phononTS,0.00159813,0.00276237,-0.000670074,0.000262498,20.5354,0.00120757,1,0.00272501,-0.000597928,-0.0002625,179.464
0,9573724,3,phononTF,0.00244405,0.00276237,-0.000670074,0.000262498,20.5354,0.00114372,1,0.00246929,-0.000426097,-0.0002625,213.532
0,9578810,14,phononTS,0.000752544,0.00103846,-0.0010228,-0.000262498,1113.18,0.000382,1,0.000996456,-0.00100246,0.0002625,1276.78
0,9589178,12,phononL,0.000523923,0.00200144,-0.00199859,0.000262498,1657.98,0.000523923,1,0.00243258,-0.00157143,-0.0002625,1809.99
0,9589178,2,phononTS,0.00440092,0.00270804,-0.000842847,0.000188955,23.7937,0.00344312,1,0.00322792,-0.000772335,-0.0002625,339.402
0,9593290,6,phononTF,0.000414604,0.00238625,-0.000323782,-0.0002625,97.3105,0.000382,1,0.00199702,2.69345e-06,0.0002625,531.306
0,9593290,5,phononTS,0.000960763,0.00277547,-0.000650256,0.000262498,97.3105,0.000502144,1,0.00293361,-0.000746068,-0.0002625,307.07
0,9597043,12,phononTS,0.000406433,0.00199675,-4.09959e-06,0.000262498,655.501,0.000406433,1,-0.000258051,0.00125486,-0.0002625,1581.03
0,9612806,8,phononTS,0.000531668,0.002653,-0.00188527,-0.0002625,1232.9,0.000382,1,0.00199662,-0.00199929,0.0002625,1855.01
0,9613089,6,phononTS,0.00105704,0.00302462,0.000235161,-0.0002625,411.532,0.000382,1,0.00299739,0.000998868,0.0002625,1108.77
0,9627019,2,phononTS,0.000482158,-0.000671548,-0.005,-0.000204331,20.5732,0.000482158,1,-0.000921959,-0.00453295,-0.0002625,2247.57
0,9634663,12,phononTF,0.000490377,0.00199878,4.11562e-06,0.000262498,508.593,0.000490377,1,0.00171805,-8.55235e-05,-0.0002625,703.125
0,9634663,3,phononTF,0.000699162,0.00275867,-0.000664483,0.000262498,74.1941,0.000699162,1,0.00243731,-0.00104211,-0.0002625,289.282
0,9643215,12,phononTS,0.000453178,0.0029971,0.00100082,0.000262498,2416.76,0.000453178,1,0.00291258,0.000951172,-0.0002625,2573.36
0,9643215,5,phononL,0.000502417,0.00279314,-0.000680163,0.000262498,89.7246,0.000502417,1,0.00227246,-0.000560034,-0.0002625,228.873
0,9643215,4,phononTS,0.000669157,0.00279314,-0.000680163,0.000262498,89.7246,0.000563261,1,0.00271305,-0.000486993,-0.0002625,286.222
0,9643215,3,phononTF,0.00225759,0.00279314,-0.000680163,0.000262498,89.7246,0.00215221,1,0.00254205,-0.000990663,-0.0002625,285.514
0,9651713,8,phononTF,0.00049722,0.00242514,-0.000362647,-0.0002625,81.368,0.000382,1,0.00200255,-4.8355e-06,0.0002625,534.728
0,9658489,18,phononTF,0.00100363,0.00210957,-0.000180953,-0.0002625,2680.21,0.000382,1,0.00199958,1.76375e-06,0.0002625,3029.41
0,9658489,19,phononTF,0.000404351,0.00199958,1.76375e-06,0.000262498,3029.41,0.000404351,1,0.00201429,-2.46452e-05,-0.0002625,3186.64
0,9669081,4,phononTS,0.000573268,0.00289502,0.000182434,-0.0002625,38.4952,0.000382,1,0.00299959,0.00100272,0.0002625,782.365
0,9669081,3,phononTS,0.000488234,0.00279045,-0.000637846,0.000262498,38.4952,0.000488234,1,0.00307487,-0.000804577,-0.0002625,284.557
0,9684466,21,phononTS,0.000385668,0.00200087,0.00199511,0.000262498,2486.33,0.000385668,1,0.00204516,0.00192905,-0.0002625,2645.03
0,9684467,5,phononTF,0.00171151,0.005,-0.000819469,-0.000146491,261.112,0.00118105,1,0.00492928,-0.000773877,-0.0002625,962.141
0,9685433,9,phononTS,0.000412967,0.0012061,-0.00106161,-0.000262498,2068.04,0.000382,1,0.000998863,-0.00100228,0.0002625,2268.88
0,9685433,4,phononTF,0.00136644,0.00127118,-5.94824e-05,0.000262498,1657.75,0.00136644,1,0.00153068,0.000240896,-0.0002625,1861.11
0,9690449,11,phononTS,0.000576091,0.00228989,-0.000770124,-0.000262498,313.431,0.000382,1,0.000999203,-0.0009995,0.0002625,833.567
0,9703220,7,phononTS,0.0007045,0.00199892,2.20761e-06,0.000262498,457.838,0.0007045,1,0.00220816,-0.000937806,-0.0002625,843.499
0,9703220,2,phononTF,0.00396444,0.00192603,-0.000679331,0.000240854,17.8221,0.00389988,1,0.00129198,-0.00127794,-0.0002625,600.016
0,9706547,17,phononTS,0.000685405,0.00276373,-0.00116588,-0.000262498,771.486,0.000382,1,0.000998357,0.00100253,0.0002625,1786.41
0,9709116,5,phononTF,0.00040982,0.00299543,0.000996272,0.0002625,299.711,0.00040982,1,-0.000662704,-0.000235314,-0.0002625,3177.3
0,9709116,4,phononTS,0.000988174,0.00266036,-0.00060581,0.000262498,299.711,0.000319221,1,0.00102278,0.000566875,-0.0002625,1062.38
0,9725179,16,phononTS,0.000397505,-6.01678e-05,0.00204507,-0.0002625,2310.91,0.000382,1,2.08767e-06,0.00199983,0.0002625,2628.77
0,9731356,7,phononTS,0.000662529,0.00300189,0.00100131,0.000262498,2004.89,0.000662529,1,0.00292717,0.00109138,-0.0002625,2159.13
0,9731356,5,phononTF,0.000462606,0.00499102,-0.000405666,0.000262498,1192.69,0.000462606,1,0.00399319,0.000683352,-0.0002625,1659.73
0,9733859,7,phononTS,0.000540665,0.00200042,-0.00200266,0.0002625,594.992,0.000540665,1,0.00201492,-0.00201007,-0.0002625,942.602
0,9733859,4,phononTS,0.000729157,0.00276227,-0.000665019,0.000262498,6.10987,0.000546108,1,0.00304398,-0.000907214,-0.0002625,264.907
0,9738279,6,phononTF,0.000685794,0.00188685,0.000162664,-0.0002625,1.09134,0.000382,1,0.00100215,0.00100176,0.0002625,793.573
0,9738279,5,phononTF,0.000564331,0.00277155,-0.000676426,0.000262498,1.09134,0.000564331,1,0.00226481,-0.00122038,-0.0002625,272.641
0,9738279,4,phononL,0.00166091,0.00277155,-0.000676426,0.000262498,1.09134,0.00146711,1,0.00281608,-0.00105574,-0.0002625,124.78
0,9738279,3,phononTF,0.000609907,0.00277155,-0.000676426,0.000262498,1.09134,0.000609907,1,0.00380525,0.000446338,-0.0002625,482.105
0,9738279,2,phononTS,0.00204861,0.00277155,-0.000676426,0.000262498,1.09134,0.00109531,1,0.0027116,-0.000584225,-0.0002625,179.687
0,9739537,13,phononTS,0.000487602,0.00250907,-0.000932621,-0.000262498,690.022,0.000382,1,0.00199644,3.3143e-06,0.0002625,1118.31
0,9740744,6,phononTS,0.000430806,0.00200103,-2.78722e-06,0.000262498,450.726,0.000430806,1,0.00233979,4.933e-06,-0.0002625,687.089
0,9740744,3,phononTS,0.00338773,0.00277403,-0.000689376,0.000262498,11.6442,0.00284907,1,0.00341967,-0.000823466,-0.0002625,319.585
0,9762055,6,phononTS,0.000812581,0.00238369,-0.000166801,-0.0002625,24.3356,0.000382,1,2.49415e-06,0.00199867,0.0002625,3010.14
0,9762055,5,phononTS,0.000521369,0.00274316,-0.000709556,0.000262498,24.3356,0.000521369,1,0.00266732,-0.000460012,-0.0002625,233.134
0,9764308,7,phononTS,0.000558724,0.00289064,0.000166855,-0.0002625,4.74888,0.000382,1,0.00300105,0.00100194,0.0002625,740.823
0,9766307,11,phononTS,0.000707894,0.00199589,2.17512e-06,0.000262498,1015.47,0.000707894,1,0.00224896,-3.25331e-05,-0.0002625,1235.66
0,9767326,14,phononTF,0.000428989,0.00158521,0.00257565,-0.0002625,7998.59,0.000382,1,0.0020003,0.00199847,0.0002625,8562.98
0,9768238,15,phononTF,0.000693736,0.00199911,4.12827e-06,0.0002625,209.892,0.000693736,1,0.00176595,0.00023021,-0.0002625,947.508
0,9770192,11,phononTS,0.000826892,0.00271769,-0.000738853,-0.000262498,173.208,0.000382,1,0.00199836,2.59251e-06,0.0002625,627.979
0,9779673,9,phononTS,0.000775767,0.00188566,-0.000817066,-0.0002625,70.6886,0.000382,1,0.00100214,-0.000999764,0.0002625,810.116
0,9780849,11,phononTS,0.000539568,0.000997656,-0.000999949,0.0002625,1456.72,0.000539568,1,0.00102629,-0.000982796,-0.0002625,1810.8
0,9783976,6,phononTF,0.000446555,0.00239665,-0.000332739,-0.0002625,13.4239,0.000382,1,0.00199522,-1.1217e-06,0.0002625,452.147
0,9783976,5,phononTS,0.000790699,0.00279807,-0.000664355,0.000262498,13.4239,0.000790699,1,0.00330341,0.000470245,-0.0002625,525.473
0,9792243,5,phononTS,0.000438166,0.0018883,-0.000831057,-0.0002625,5.02293,0.000382,1,0.00100073,-0.000996882,0.0002625,748.641
0,9799464,10,phononL,0.000458255,0.000997174,-0.000997556,0.000262498,453.321,0.000458255,1,0.000913549,-0.00183234,-0.0002625,635.338
0,9799464,4,phononTS,0.00116571,0.00280317,-0.000744735,0.000262498,64.5497,0.000768585,1,0.00279155,-0.000676938,-0.0002625,220.436
0,9800532,9,phononTS,0.000917943,-5.50813e-07,1.57657e-06,0.0002625,1243.73,0.000413174,1,-4.9057e-05,-2.53418e-05,-0.0002625,1792.26
0,9807262,11,phononTS,0.00118087,0.00199785,-4.74342e-06,0.0002625,868.41,0.000820887,1,0.0020826,-8.35481e-05,-0.0002625,1345.84
0,9808942,3,phononTF,0.00217992,0.00223889,-0.00023533,-0.0002625,10.3684,0.000764,1,0.0020028,3.53172e-06,0.0002625,468.08
0,9814217,18,phononTF,0.000475507,0.00135031,0.000651483,-0.0002625,232.006,0.000382,1,0.00100434,0.000998818,0.0002625,1325.48
0,9830783,5,phononTS,0.000432328,0.000998697,0.00100404,0.0002625,430.271,0.000432328,1,0.000911387,0.0010161,-0.0002625,1532.55
0,9848946,11,phononTF,0.000586699,0.00230132,-0.000350262,-0.0002625,344.5,0.000382,1,0.00199873,-3.40567e-06,0.0002625,760.406
0,9848946,4,phononTS,0.000951101,0.00276244,-0.000665018,0.000262498,27.433,0.000637121,1,0.00269316,-0.00143607,-0.0002625,370.723
0,9848946,3,phononTF,0.00288756,0.00265025,-0.000694082,5.58615e-05,27.433,0.00167877,1,0.00293593,-0.000953165,-0.0002625,427.395
0,9851262,7,phononTS,0.00211293,0.00188718,-0.000836129,-0.0002625,1.56663,0.000764,1,0.00100102,-0.00099792,0.0002625,791.379
0,9851262,9,phononTS,0.000588924,0.00100102,-0.00099792,0.000262498,791.379,0.000588924,1,0.00190558,-0.00107023,-0.0002625,1172.62
0,9851262,6,phononTS,0.000555839,0.00277334,-0.000674338,0.000262498,1.56663,0.000555839,1,0.00279662,-0.000520671,-0.0002625,200.219
0,9851262,5,phononTF,0.000417799,0.00277334,-0.000674338,0.000262498,1.56663,0.000417799,1,0.0026856,-0.000977687,-0.0002625,201.584
0,9851262,4,phononTS,0.00086389,0.00277334,-0.000674338,0.000262498,1.56663,0.000556053,1,0.00279185,-0.000763846,-0.0002625,161.48
0,9851262,3,phononTS,0.00324871,0.00277334,-0.000674338,0.000262498,1.56663,0.000542133,1,0.00369251,-0.00077332,-0.0002625,400.726
0,9855416,13,phononTS,0.000950947,0.000958749,0.00189741,-0.0002625,1952.49,0.000382,1,2.86534e-06,0.00200208,0.0002625,2741.34
0,9862063,4,phononTF,0.00194342,0.0023865,-0.000317944,-0.0002625,33.163,0.000764,1,0.00199628,4.21433e-06,0.0002625,465.907
0,9862063,10,phononTS,0.000393354,0.00199628,4.21433e-06,0.000262498,465.907,0.000393354,1,0.00206279,-2.00848e-05,-0.0002625,621.527
0,9872101,13,phononTF,0.000498571,0.00183961,-0.000137476,-0.0002625,1038.97,0.000382,1,0.00199683,3.24595e-06,0.0002625,1376.83
0,9892428,13,phononTS,0.00100804,0.00317578,0.00029893,-0.000262498,744.321,0.000382,1,0.00200329,-4.23869e-06,0.0002625,1238.53
0,9892428,14,phononTF,0.000619036,0.00200329,-4.23869e-06,0.000262498,1238.53,0.000276009,1,0.00225795,0.000231666,-0.0002625,1427.93
0,9895103,4,phononL,0.00204084,0.00166254,-0.000332383,-0.000262498,889.688,0.000764,1,0.00200147,4.20995e-06,0.0002625,1023.88
0,9911272,4,phononL,0.00187989,0.00237139,-0.000141398,-0.0002625,1062.22,0.000382,1,0.00200232,1.33505e-06,0.0002625,1312.47
0,9914690,6,phononL,0.000878309,0.00238859,-0.000338516,-0.0002625,9.06034,0.000382,1,0.00200355,3.38491e-06,0.0002625,286.675
0,9922400,2,phononTS,0.00472361,0.00195406,-0.000202899,-0.000217885,14.4777,0.000764,1,0.00200351,2.27503e-06,0.0002625,660.414
0,9922400,10,phononTS,0.000724673,0.00200351,2.27503e-06,0.000262498,660.414,0.000724673,1,0.00198695,-6.79679e-05,-0.0002625,821.167
0,9922400,9,phononTS,0.00117043,0.00200351,2.27503e-06,0.000262498,660.414,0.000556791,1,0.00225805,-1.1293e-05,-0.0002625,871.09
0,9922400,8,phononTF,0.0018909,0.00200351,2.27503e-06,0.000262498,660.414,0.000991667,1,0.00194812,-7.7622e-05,-0.0002625,820.889
0,9926434,12,phononTS,0.00127197,0.00100417,0.00100412,0.000262498,804.01,0.000647992,1,0.000977443,0.00157353,-0.0002625,1095.11
0,9928911,3,phononTS,0.00493142,0.00203213,0.00015579,-4.27965e-05,128.525,0.00262755,1,0.00202536,0.000588471,-0.0002625,971.524
0,9941246,4,phononTF,0.00187536,0.00238787,-0.000340274,-0.0002625,5.89795,0.000764,1,0.00200475,-3.53146e-06,0.0002625,441.928
0,9941246,9,phononTS,0.000399275,0.00200475,-3.53146e-06,0.000262498,441.928,0.000399275,1,0.00208426,-8.80349e-05,-0.0002625,596.151
0,9941246,3,phononTF,0.000724501,0.002771,-0.000677016,0.000262498,5.89795,0.000724501,1,0.00308501,-0.000400598,-0.0002625,206.865
0,9941246,2,phononL,0.0016899,0.002771,-0.000677016,0.000262498,5.89795,0.000483675,1,0.00254529,-0.000989555,-0.0002625,130.475
0,9948691,11,phononTF,0.000709744,0.00200864,0.00200624,-0.000262498,2354.83,0.000382,1,0.00200147,0.00199944,0.0002625,2511.7
0,9961447,2,phononTF,0.000768445,0.00237824,-0.000342617,-0.0002625,4.81535,0.000382,1,0.00199601,4.1955e-07,0.0002625,442.693
0,9969974,4,phononTF,0.00214702,0.00238228,-0.000338443,-0.0002625,3.22249,0.001146,1,0.00199617,-3.43201e-06,0.0002625,439.422
0,9969974,3,phononTF,0.000882115,0.00276839,-0.000673453,0.000262498,3.22249,0.000882115,1,0.00368734,0.000180485,-0.0002625,408.774
0,9981278,2,phononTS,0.00397044,0.00210522,-5.18627e-06,1.10282e-05,21.5302,0.001146,1,0.0019999,3.1672e-06,0.0002625,572.83
0,9981278,9,phononTF,0.000903444,0.0019999,3.1672e-06,0.000262498,572.83,0.000903444,1,0.00223705,0.000287502,-0.0002625,764.207
0,9981278,8,phononTS,0.000560573,0.0019999,3.1672e-06,0.000262498,572.83,0.000560573,1,0.00165236,0.000709187,-0.0002625,947.46
0,9983555,6,phononTF,0.000963607,0.00239435,-0.0003269,-0.0002625,31.4095,0.000382,1,0.00200175,4.95827e-07,0.0002625,466.737
0,9983555,5,phononTF,0.000736048,0.00278695,-0.000654294,0.000262498,31.4095,0.000532882,1,0.00245763,-0.000319871,-0.0002625,246.094
0,9986081,5,phononTS,0.00100384,0.00189532,-0.000832212,-0.0002625,6.89397,0.000382,1,0.00100345,-0.00100012,0.0002625,752.237
0,9986081,4,phononTF,0.000917812,0.0027872,-0.000664306,0.000262498,6.89397,0.000844693,1,0.00303044,-0.000960842,-0.0002625,200.114
0,9986081,3,phononL,0.000577461,0.0027872,-0.000664306,0.000262498,6.89397,0.000577461,1,0.00327273,-0.000201151,-0.0002625,169.18
