Run ID,Event ID,Track ID,Particle Name,Start Energy [eV],Start X [m],Start Y [m],Start Z [m],Start Time [ns],Energy Deposited [eV],Track Weight,End X [m],End Y [m],End Z [m],Final Time [ns]
0,9574,8,phononTS,0.00043587,-0.00199516,1.57896e-06,0.000262498,4769.13,0.00043587,1,-0.00204921,-5.72735e-06,-0.0002625,4860.25
0,10053,3,phononL,0.00171335,-0.00282163,6.33093e-05,-0.000262498,314.308,0.000382,1,-0.00300274,-0.000999481,0.0002625,444.114
0,10053,15,phononTS,0.00113736,-0.00300274,-0.000999481,0.000262498,444.114,0.000568801,1,-0.00297074,-0.000961773,-0.0002625,533.536
0,13378,11,phononTS,0.000633671,-0.00199983,-0.0019994,0.000262498,3945.72,0.000377133,1,-0.00192023,-0.00195841,-0.0002625,4046.53
0,13378,3,phononTS,0.00143337,-0.00355256,-1.92909e-05,0.000262498,170.714,0.000504725,1,-0.0034641,-0.000156034,-0.0002625,279.647
0,16402,14,phononTF,0.000444537,-0.00100073,-0.00100252,0.000262498,2031.65,0.000444537,1,-0.00118193,-0.000818773,-0.0002625,2131.99
0,18846,10,phononTS,0.000421742,0.000337852,-1.82672e-05,-0.000262498,1681.47,0.000382,1,1.98121e-06,-5.65625e-07,0.0002625,1805.56
0,26844,4,phononTS,0.00134019,-0.002183,0.00143955,-0.0002625,85.6885,0.000764,1,-0.000998719,0.00100252,0.0002625,1374.87
0,27176,10,phononTS,0.000941276,-0.00184318,-0.000198036,-0.000262498,2326.58,0.000382,1,-0.000999567,-0.00100181,0.0002625,2588.9
0,33581,19,phononTS,0.00050378,-5.00411e-05,0.00336818,-0.0002625,5688.72,0.000382,1,-0.000999168,0.00300323,0.0002625,6372.63
0,34156,3,phononTS,0.000509206,-0.00255439,-0.000611189,-0.0002625,55.9152,0.000382,1,-0.00099613,0.00099721,0.0002625,1931.03
0,40588,15,phononTF,0.000614287,0.000274191,0.00171981,-0.0002625,7045.13,0.000382,1,1.13871e-06,0.00199656,0.0002625,9656.03
0,40588,2,phononTS,0.00357055,-0.00296032,0.000180883,0.000177458,476.779,0.0010761,1,-0.00299973,0.000203585,-0.0002625,558.509
0,43909,8,phononTS,0.000411517,-3.66133e-05,-0.00183514,-0.000262498,2612.78,0.000382,1,1.566e-06,-0.00199824,0.0002625,2717.11
0,44176,10,phononTF,0.00133719,0.000370235,-0.00236779,-0.0002625,1959.87,0.000382,1,0.00100211,-0.00300011,0.0002625,2847.26
0,44794,7,phononTF,0.000519351,-0.00257643,-0.000576783,-0.000262498,182.305,0.000382,1,-0.00299662,-0.000996602,0.0002625,318.019
0,44794,5,phononTS,0.000526099,-0.00322096,5.3064e-05,0.000262498,3.81726,0.000526099,1,-0.00290881,-0.0011832,-0.0002625,279.197
0,49395,5,phononTF,0.000875621,-0.00189771,0.00192921,-0.0002625,222.762,0.000382,1,-0.00199503,0.00199753,0.0002625,797.184
0,50637,9,phononTS,0.00125402,0.00311479,-0.000484346,-0.0002625,2147.91,0.000382,1,0.00200434,4.16327e-06,0.0002625,2770.83
0,50864,13,phononTS,0.000540027,-0.00100406,-0.00100161,0.0002625,5036.14,0.000540027,1,0.00123877,-0.002406,-0.0002625,6069.83
0,56752,13,phononTS,0.000713839,0.005,0.00197501,1.33895e-05,6629.43,0.000713839,1,0.00498789,0.00175837,-0.0002625,7636.23
0,57436,10,phononTS,0.000449452,-0.00261261,0.000397165,-0.0002625,1242.4,0.000382,1,-0.00100318,0.000998072,0.0002625,2705.69
0,57436,2,phononTF,0.0025239,-0.00326503,7.56849e-06,0.000262498,20.4223,0.00108536,1,-0.0040757,-0.000713873,-0.0002625,229.325
0,58178,22,phononTS,0.000491643,0.000953335,-0.00183444,-0.000262498,11545.3,0.000382,1,0.000998431,-0.00100333,0.0002625,11739.5
0,59218,8,phononTS,0.000764003,-2.30468e-05,-0.00202887,-0.0002625,2081.89,0.000382,1,1.04413e-06,-0.00200258,0.0002625,2353.37
0,60144,16,phononTF,0.000493102,-0.00139665,0.00340192,-0.0002625,5732.99,0.000382,1,-0.000998105,0.0030019,0.0002625,6545.26
0,60674,8,phononTF,0.000614512,-0.00200054,0.00200387,0.0002625,3571.76,0.000614512,1,-0.00182849,0.00182241,-0.0002625,3771.55
0,61516,6,phononTS,0.000878462,-0.00306674,-0.000276276,-0.000262498,816.488,0.000382,1,-0.00299737,-0.000998381,0.0002625,994.089
0,61803,4,phononL,0.00121719,-0.00254176,1.64075e-05,-0.0002625,63.7117,0.000382,1,-0.0019982,-3.7114e-06,0.0002625,226.411
0,63073,26,phononTS,0.000772896,-1.77728e-05,0.000230816,-0.000262498,3966.74,0.000382,1,3.82434e-06,-1.06946e-06,0.0002625,4078.94
0,63074,1,phononTS,0.01,-0.00349622,0.000664732,-4.56468e-05,0,0.00071188,1,-0.00359653,0.000683148,-0.0002625,1386.7
0,70944,16,phononTF,0.000590886,-0.000998285,-0.000997413,0.000262498,8235.97,0.000590886,1,-0.000587406,-0.000845671,-0.0002625,8362.41
0,71252,3,phononTS,0.000419459,-0.00204061,-0.000111291,-0.0002625,974.153,0.000382,1,-0.00199539,3.9298e-06,0.0002625,1571.4
0,83260,15,phononTF,0.000549575,-0.00326981,-0.000853875,-0.0002625,2837.02,0.000382,1,-0.00300467,-0.00100156,0.0002625,3159.31
0,83401,11,phononTS,0.00064638,0.00165554,-0.00318521,-0.0002625,2555.69,0.000382,1,0.00199564,-0.00199658,0.0002625,3646.38
0,87069,9,phononTF,0.000553203,-0.00264794,-0.00134298,-0.0002625,1238.77,0.000382,1,-0.00300125,-0.000998237,0.0002625,1609.02
0,87069,2,phononTS,0.00496294,-0.00275173,0.0002983,0.000142316,547.432,0.000970362,1,-0.00278435,0.000303364,-0.0002625,617.936
0,89111,10,phononTS,0.000670291,-0.0019484,9.37453e-06,-0.0002625,1426.65,0.000382,1,-0.00199503,3.52407e-06,0.0002625,5761.58
0,94152,21,phononTS,0.000507672,1.80987e-05,-5.60803e-05,-0.000262498,1956.47,0.000382,1,1.98189e-06,-1.20764e-06,0.0002625,2048.1
0,101344,5,phononTF,0.00239252,-0.00302764,-0.000715533,-0.0002625,54.2835,0.000382,1,-0.00299552,-0.00100421,0.0002625,490.764
0,102444,10,phononL,0.000523372,-0.00278877,-0.000954578,-0.0002625,1113.69,0.000382,1,-0.00299753,-0.000998045,0.0002625,2137.83
0,108620,18,phononTS,0.00078542,-0.00219671,-0.00197563,-0.0002625,1891.29,0.000382,1,-0.00199575,-0.00200475,0.0002625,2216.92
0,111561,15,phononTF,0.000861551,4.52424e-05,0.00195282,-0.000262498,2612.52,0.000382,1,-2.08251e-06,0.00199695,0.0002625,2703.11
0,111592,9,phononTS,0.000743961,0.00277155,0.000664976,-0.000262498,3439.97,0.000382,1,0.00199672,3.89686e-06,0.0002625,3677.73
0,111592,6,phononTF,0.0013106,0.0036777,0.00219074,0.000262498,2305.81,0.000718739,1,0.00357644,0.00202387,-0.0002625,2403.16
0,116915,6,phononTS,0.00137954,-0.000925332,-9.60199e-05,-0.0002625,22.4306,0.000764,1,2.59642e-07,4.09039e-07,0.0002625,1576.63
0,117646,17,phononTS,0.000902961,-0.00102339,0.00300421,-0.0002625,3487.34,0.000382,1,-0.00100429,0.00300216,0.0002625,4744.3
0,120476,12,phononTS,0.000772091,-0.00315066,-0.00305804,-0.0002625,4142.36,0.000382,1,3.87984e-06,-3.2077e-06,0.0002625,8310.43
0,124263,18,phononTS,0.000557282,-0.000293212,-0.00358805,-0.0002625,4031.99,0.000382,1,0.0009977,-0.00299557,0.0002625,14093.1
0,124264,1,phononTF,0.01,-0.00316572,7.2391e-05,-0.000252968,0,0.00219056,1,-0.00316132,7.65879e-05,-0.0002625,218.674
0,128617,8,phononTS,0.00079465,-2.59485e-06,-6.43769e-07,0.000262498,7116.02,0.000273207,1,5.60549e-05,3.77432e-05,-0.0002625,7215.09
0,132806,12,phononTS,0.000910297,-0.0029884,-0.00109351,-0.0002625,688.755,0.000382,1,-0.00299702,-0.00100017,0.0002625,986.033
0,139153,16,phononTF,0.0010617,-0.00199681,2.88413e-06,0.000262499,3367.08,0.00057195,1,-0.0016507,0.000334391,-0.0002625,3488.68
0,147070,10,phononTS,0.000755472,-0.00496733,-0.00354159,-0.000262498,1344.05,0.000382,1,-0.00300489,-0.00100136,0.0002625,1959.99
0,148153,8,phononTS,0.000819181,0.00198923,4.28965e-05,-0.000262499,3633.3,0.000382,1,0.00200362,-3.34305e-06,0.0002625,3730.01
0,150042,9,phononTF,0.000717456,0.00101346,-0.000567746,-0.0002625,2694.53,0.000382,1,0.00100263,-0.0010031,0.0002625,3331.88
0,150042,4,phononTS,0.000907396,-0.00330549,0.000192442,0.000262498,66.2457,0.000907396,1,-0.00325361,-0.000319788,-0.0002625,213.477
0,151023,4,phononTS,0.00205667,-0.000873243,0.000130413,-0.0002625,461.075,0.000382,1,2.21351e-06,2.53505e-06,0.0002625,1294.79
0,151054,15,phononTF,0.00108265,0.000475808,-0.00153304,-0.0002625,2037.72,0.000382,1,1.84201e-06,-0.00199981,0.0002625,2362.9
0,156941,11,phononTF,0.00111076,0.000566345,0.00143766,-0.0002625,5794.17,0.000382,1,-3.64457e-06,0.00199562,0.0002625,9111.88
0,158529,2,phononTS,0.00509039,-0.00299181,-0.00100498,0.000109514,328.864,0.000382,1,-0.00299959,-0.00099865,0.0002625,491.933
0,158529,14,phononL,0.00210691,-0.00299959,-0.00099865,0.000262498,491.933,0.000574638,1,-0.00317412,-0.00154857,-0.0002625,576.285
0,160926,5,phononTS,0.00121617,-0.00264766,2.20495e-05,-0.0002625,46.2595,0.000764,1,-0.00200326,-1.4942e-06,0.0002625,374.165
0,160948,9,phononTS,0.000557184,0.000913986,-0.00304301,-0.000262498,1700.26,0.000382,1,0.000995172,-0.00300123,0.0002625,1796.97
0,160949,1,phononTS,0.01,-0.00326474,0.000808515,-0.000210923,0,0.00195174,1,-0.0032127,0.00080649,-0.0002625,484.602
0,162284,7,phononTF,0.000450512,0.00169948,-0.0024007,-0.000262498,3803.92,0.000382,1,0.00199944,-0.00200162,0.0002625,3931.71
0,167056,5,phononTS,0.00134277,-0.00232018,-0.00214578,-0.0002625,1246.39,0.000764,1,-0.00199755,-0.00200294,0.0002625,4013.54
0,169001,12,phononTS,0.000696273,-0.00161703,0.000946796,-0.0002625,382.124,0.000382,1,2.87183e-06,0.00200253,0.0002625,1147.55
0,182795,12,phononTS,0.00119644,-2.68734e-05,-1.88553e-05,-0.000262498,2193.83,0.000764,1,-1.65019e-06,4.95187e-06,0.0002625,2283.48
0,187703,11,phononTS,0.000589176,-0.00202935,3.04042e-05,-0.000262498,483.775,0.000382,1,-0.00200363,1.81907e-07,0.0002625,573.368
0,191052,7,phononTS,0.000444452,-0.00213003,0.000330472,-0.0002625,3576.33,0.000382,1,-0.00199983,7.88285e-08,0.0002625,4754.64
0,191052,3,phononTF,0.000790462,-0.00321518,-0.000104318,0.000262498,251.375,0.000790462,1,-0.00309693,-0.000225786,-0.0002625,345.818
0,192869,27,phononTF,0.000421185,-0.000322641,-0.000145109,-0.0002625,10589.2,0.000382,1,4.91035e-06,3.51179e-06,0.0002625,10934.1
0,194457,13,phononL,0.000560241,-0.00300404,-0.000995623,0.0002625,163.376,0.000560241,1,-0.00268948,-0.000752729,-0.0002625,343.225
0,195248,10,phononTS,0.000428037,0.000844665,-0.00217436,-0.000262498,4445.78,0.000382,1,1.54602e-06,-0.0020046,0.0002625,4640.66
0,197905,10,phononTS,0.000918904,-0.000779207,0.00101237,-0.0002625,2022.9,0.000382,1,-0.00100231,0.000998723,0.0002625,2252.89
0,198421,7,phononTS,0.00102318,0.00299549,0.000996956,0.000262498,2834.34,0.000435756,1,0.00233193,0.00103336,-0.0002625,3003.89
0,200392,4,phononTS,0.00101116,-0.00101421,0.000995879,-0.0002625,435.505,0.000382,1,-0.000997637,0.000995031,0.0002625,1080.55
0,201695,8,phononTS,0.000538403,0.00101111,-0.0009445,-0.000262498,3441.04,0.000382,1,0.00100406,-0.00100024,0.0002625,3531.32
0,202017,4,phononTS,0.00124816,-0.00143435,-0.00206039,-0.0002625,17.1114,0.000382,1,-0.0019962,-0.00199777,0.0002625,1226.68
0,202540,8,phononTF,0.000454385,-0.00134205,0.00135799,-0.0002625,1218.99,0.000382,1,-0.00100027,0.00100266,0.0002625,1588.67
0,203450,17,phononTF,0.00185846,-0.00212778,-8.49642e-06,-0.0002625,440.33,0.000764,1,-0.00200057,3.16075e-06,0.0002625,816.019
0,205555,15,phononTF,0.000553111,-8.02349e-05,0.00210291,-0.0002625,1175.58,0.000382,1,0.000999908,0.00100334,0.0002625,3484.48
0,207558,2,phononTS,0.000908379,-0.00303914,-0.000515199,-0.0002625,388.087,0.000382,1,-0.00299615,-0.00100386,0.0002625,1240.96
0,213549,6,phononTS,0.00104133,-0.00369946,0.000421992,-0.000262498,1932.82,0.000382,1,-0.00300438,-0.00100323,0.0002625,2260.45
0,214689,4,phononTF,0.00171187,-0.00232632,-0.000292829,-0.0002625,1303.44,0.000382,1,-0.00200279,-4.03605e-07,0.0002625,1539.58
0,214693,8,phononL,0.00108713,0.00100167,0.000995639,0.000262498,3801.33,0.00024371,1,0.00169564,0.000796992,-0.0002625,3897.76
0,220981,11,phononTS,0.000618769,0.00097917,-0.00102888,-0.0002625,6018.54,0.000382,1,0.00100055,-0.00100489,0.0002625,6407.65
0,222087,9,phononTF,0.000419373,0.00312249,0.00111916,-0.0002625,2917.97,0.000382,1,0.00299854,0.000996721,0.0002625,4117.42
0,222087,3,phononTS,0.00239852,-0.005,0.00100378,-0.000243218,6.53405,0.00218714,1,-0.00492859,0.000968566,-0.0002625,427.357
0,222901,15,phononTF,0.000519292,-0.000999983,-0.000997508,0.0002625,6108.14,0.000519292,1,-0.0007145,-0.00127327,-0.0002625,7514.91
0,226018,14,phononTS,0.00127108,-0.00417337,-0.000194906,-0.0002625,554.912,0.000764,1,-0.00100295,0.0029981,0.0002625,1632.44
0,230499,2,phononTS,0.00611395,-0.00108571,-0.00414374,-0.000251039,358.623,0.000574095,1,-0.00108638,-0.00415756,-0.0002625,1640.01
0,230563,16,phononTF,0.000488516,-0.00200127,-0.00200341,0.0002625,6129.16,0.000488516,1,-0.0022113,-0.00221119,-0.0002625,7372.62
0,238476,11,phononTS,0.000571391,-0.00199666,0.00199539,0.000262499,5771.73,0.000571391,1,-0.00252933,0.00203787,-0.0002625,5922.06
0,239866,28,phononL,0.000560581,-0.00142661,0.0028832,-0.0002625,12219.8,0.000382,1,-0.000999805,0.00300203,0.0002625,12894.4
0,240393,22,phononL,0.000750729,-0.00199607,-0.00199811,0.000262498,7007,0.000488291,1,-0.00201108,-0.0027083,-0.0002625,7101.46
0,240931,11,phononTS,0.000413891,-0.000616304,4.84467e-05,-0.0002625,124.068,0.000382,1,-4.2487e-06,1.72703e-06,0.0002625,939.894
0,245842,10,phononTF,0.00131674,-0.000298776,-0.00130052,-0.0002625,2335.14,0.000382,1,-0.000998437,0.000998725,0.0002625,3712.14
0,245842,7,phononTS,0.000593889,-0.00316341,-0.000138759,0.000262498,106.912,0.000593889,1,-0.00318767,6.53504e-06,-0.0002625,209.989
0,246203,12,phononTS,0.000527147,-0.00200331,0.00199917,0.000262498,2533.84,0.000527147,1,-0.00228985,0.00202796,-0.0002625,2654.58
0,251800,10,phononTF,0.00102923,0.000178831,0.000179855,-0.000262498,4235.26,0.000382,1,3.93667e-06,-9.7501e-07,0.0002625,4334.91
0,253399,6,phononTS,0.00055307,-0.00211814,0.000166043,-0.0002625,2100.71,0.000382,1,-0.00199503,3.22764e-06,0.0002625,3120.5
0,268195,7,phononTS,0.00101971,-0.00106274,6.3949e-05,-0.0002625,344.539,0.000382,1,-2.52238e-06,-2.87589e-06,0.0002625,1033.7
0,269016,19,phononTS,0.00079838,-0.00224612,-3.37929e-05,-0.0002625,14049.1,0.000382,1,-0.00199706,4.19284e-06,0.0002625,14616.7
0,270475,19,phononTS,0.000496215,-0.00424681,-0.005,-2.3028e-05,174.48,0.000382,1,-0.00300035,-0.00100009,0.0002625,2107.31
0,272060,25,phononTS,0.00072479,-0.00228046,-0.000135337,-0.0002625,544.434,0.000382,1,-0.00199541,-4.97247e-07,0.0002625,1181.62
0,273431,16,phononTS,0.000581222,0.00120692,0.000339145,-0.0002625,14180.9,0.000382,1,0.00200007,-2.54192e-06,0.0002625,14744.6
0,277136,13,phononTS,0.000937643,-0.000106087,-0.00274388,-0.0002625,2101.02,0.000764,1,0.00100395,-0.00300144,0.0002625,2857.43
0,282480,10,phononTS,0.000756576,0.000671624,0.000112399,-0.0002625,12060.9,0.000382,1,4.68079e-06,2.79514e-06,0.0002625,14770.8
0,287305,15,phononTF,0.000450217,-0.000396098,-0.00158612,-0.0002625,1444.79,0.000382,1,-2.70927e-06,-0.00199535,0.0002625,3376.11
0,287436,20,phononTF,0.000604598,0.00141078,0.00140458,-0.000262498,2081.82,0.000382,1,0.00100231,0.00100132,0.0002625,2215.14
0,291893,24,phononTS,0.00139391,-0.00300437,-0.000996238,0.000262498,1038.05,0.000816091,1,-0.00302818,-0.000924484,-0.0002625,1134.7
0,292651,7,phononTS,0.000710875,-0.000288982,-0.000110203,-0.0002625,32.924,0.000382,1,1.54159e-07,-0.00200021,0.0002625,1257.54
0,293672,3,phononTF,0.000863781,-0.00190383,-0.00183768,-0.0002625,7.01018,0.000382,1,-0.00199944,-0.00200399,0.0002625,883.115
0,293672,2,phononTS,0.000833439,-0.0032164,4.37373e-05,0.000262498,7.01018,0.000284943,1,-0.00282605,0.00102138,-0.0002625,247.409
0,295581,8,phononTS,0.000402902,-6.45421e-06,-0.000106619,-0.0002625,6026.16,0.000382,1,2.48222e-06,-3.52993e-06,0.0002625,7207.54
0,298612,9,phononTS,0.000649136,0.001933,0.00196975,-0.0002625,5749.38,0.000382,1,0.0020023,0.00199545,0.0002625,6419.72
0,298612,4,phononTF,0.000897602,-0.00322788,-0.000109104,0.000262498,146.778,0.000309042,1,-0.00292547,-0.000424146,-0.0002625,263.612
0,298840,9,phononTF,0.000628463,0.00240839,0.00241782,-0.0002625,6948.68,0.000382,1,0.00200228,0.00199577,0.0002625,7890.56
0,299648,14,phononTF,0.000858419,-0.00318059,-0.00118759,-0.0002625,855.754,0.000382,1,-0.00299795,-0.000996121,0.0002625,1165.92
0,300936,9,phononTS,0.000722357,0.00199689,-2.56212e-07,0.000262498,4313.17,0.000505465,1,0.0020288,-0.000494839,-0.0002625,4458.43
0,304001,2,phononTS,0.00089693,-0.00264679,3.70267e-06,-0.0002625,152.649,0.000382,1,-0.00200372,2.17759e-06,0.0002625,480.742
0,305699,7,phononTF,0.0011905,-0.0017064,0.00143557,-0.000262498,855.518,0.000382,1,-0.00200258,0.00199724,0.0002625,1006.65
0,305916,1,phononTS,0.01,-0.00308248,-0.000938625,0.000250174,0,0.002292,1,-0.00300102,-0.00100131,0.0002625,938.811
0,306423,17,phononTF,0.000478603,0.00211507,-0.000643154,-0.0002625,7887.59,0.000382,1,-0.00100454,0.000997027,0.0002625,9289.61
0,308834,5,phononTS,0.000524136,-0.0029936,-0.000878238,-0.0002625,138.531,0.000382,1,-0.00300409,-0.000997105,0.0002625,645.113
0,308834,4,phononTS,0.000600173,-0.00283065,-0.00021809,0.000262498,138.531,0.000600173,1,-0.00277703,-0.000195599,-0.0002625,228.128
0,309412,7,phononTS,0.00091151,-0.00224427,0.005,-0.000150473,221.95,0.00091151,1,-0.00229939,0.00473703,-0.0002625,3729.55
0,309713,7,phononTS,0.000837327,-0.00297437,-0.000998873,-0.0002625,1330.58,0.000382,1,-0.0029977,-0.0009977,0.0002625,1613.51
0,311380,12,phononTF,0.000428445,-0.00299578,-0.000998511,0.000262498,345.117,0.000428445,1,-0.00381147,-0.000164809,-0.0002625,564.012
0,313661,13,phononL,0.000617948,0.000120022,-0.000404831,-0.0002625,1967.74,0.000382,1,-3.42583e-06,0.00199731,0.0002625,3449.3
0,314352,8,phononTF,0.000501555,-0.00324696,-0.00156173,-0.0002625,724.974,0.000382,1,-0.00199718,-0.00200325,0.0002625,1470.48
0,325969,14,phononTS,0.000578456,-0.000881045,0.00300629,-0.0002625,854.815,0.000382,1,-0.00100376,0.0029986,0.0002625,2143.77
0,327420,14,phononL,0.000793978,-0.00239564,-0.00142873,-0.0002625,365.202,0.000382,1,-0.00199723,-0.00200393,0.0002625,653.998
0,331707,17,phononTF,0.000477961,-0.000608984,0.00244481,-0.0002625,1826.03,0.000382,1,-0.0009992,0.00299597,0.0002625,2283.1
0,337588,9,phononTF,0.00111754,-0.00111173,0.0028848,-0.0002625,683.459,0.000382,1,-0.00100066,0.0030009,0.0002625,3382.26
0,339573,10,phononTF,0.00119319,-0.00127664,0.00329188,-0.000262498,1802.1,0.000382,1,-0.000995339,0.00300144,0.0002625,1915.5
0,339573,11,phononTS,0.000611237,-0.000995339,0.00300144,0.000262498,1915.5,1.47035e-05,1,-0.00104907,0.00299847,-0.0002625,2006.05
0,340424,14,phononTS,0.000388516,0.000320903,-0.00104455,-0.000262498,10233.7,0.000382,1,-2.27583e-06,-0.00200022,0.0002625,10466
0,342344,5,phononTS,0.00182814,-0.00204379,-0.000430637,-0.000262498,958.25,0.000764,1,-0.0019961,-3.64649e-06,0.0002625,1093.87
0,346469,10,phononTS,0.000383692,-0.00187936,0.00204224,-0.0002625,3167.92,0.000382,1,-0.00199509,0.00200375,0.0002625,3606.53
0,348107,13,phononTS,0.000386095,-0.00188363,-0.00136801,-0.0002625,5003.19,0.000382,1,-3.913e-06,-4.97533e-07,0.0002625,7089.66
0,353204,6,phononTS,0.000726767,-0.00297999,-0.000974822,-0.000262498,995.557,0.000382,1,-0.00299525,-0.00100223,0.0002625,1089.41
0,358047,20,phononL,0.000429619,0.00126311,0.000546835,-0.0002625,8770.87,0.000382,1,0.0020008,-0.00200072,0.0002625,9426.77
0,366565,8,phononL,0.000413242,-0.00223269,-0.000950913,-0.0002625,4494.13,0.000382,1,-0.00199663,-2.76041e-06,0.0002625,5868.52
0,366586,17,phononTF,0.00039767,0.000494562,-0.000448653,-0.000262498,8319.03,0.000382,1,0.0010014,-0.000997242,0.0002625,8476.88
0,366586,10,phononTS,0.000844904,-0.00294029,-0.005,-3.08965e-05,2527.77,0.000844904,1,-0.00293016,-0.00471005,-0.0002625,2648.53
0,368303,8,phononTF,0.000397061,0.00186049,-0.00221167,-0.0002625,1042.84,0.000382,1,0.00200152,-0.00200242,0.0002625,4824.67
0,383212,16,phononTF,0.000598651,-0.00231883,-0.000130877,-0.0002625,107.344,0.000382,1,-0.00200144,4.75892e-06,0.0002625,635.526
0,383244,9,phononTF,0.000528435,-0.00199933,-2.12329e-06,0.000262498,1997.32,0.000528435,1,-0.00218448,0.000173928,-0.0002625,2097.23
0,384240,12,phononTS,0.000397607,-0.00292362,-0.00315658,-0.0002625,6248.01,0.000382,1,-0.000996353,-0.0010002,0.0002625,9255.89
0,386481,10,phononTF,0.00105493,-0.000292213,-0.00229335,-0.0002625,5093.05,0.000382,1,-1.45024e-07,-0.00199639,0.0002625,7851.87
0,386481,11,phononTF,0.000388504,-1.45024e-07,-0.00199639,0.000262498,7851.87,0.000388504,1,0.000185905,-0.00180771,-0.0002625,7952.63
0,387999,2,phononTS,0.00123564,-0.000845939,0.000100029,-0.0002625,235.946,0.000382,1,4.14261e-06,-4.94743e-06,0.0002625,1108.21
0,389076,11,phononTS,0.00061294,-0.0015354,-0.00052299,-0.000262498,2014.54,0.000382,1,-0.00100121,0.000996939,0.0002625,2349.16
0,389076,2,phononTF,0.00098379,-0.00322921,-6.29994e-05,0.000262498,72.1741,0.000533418,1,-0.00303959,-0.000156972,-0.0002625,171.309
0,390645,6,phononTF,0.00077743,-0.00231115,-0.00230276,-0.000262498,2397.86,0.000382,1,-0.00199748,-0.00200286,0.0002625,2514.38
0,402170,8,phononTS,0.000487191,-0.0028726,0.00211891,-0.0002625,2634.8,0.000382,1,-0.00200269,0.00199762,0.0002625,4226.17
0,412590,12,phononTS,0.00119875,0.00205932,0.00204782,-0.0002625,809.306,0.000382,1,0.00200161,0.00199573,0.0002625,2286.68
0,419697,16,phononTF,0.000801775,-0.000895673,-0.0011029,-0.0002625,11477.8,0.000382,1,-0.00100464,-0.000999598,0.0002625,12521.9
0,421079,16,phononTF,0.000440107,0.00106038,0.00102411,-0.0002625,8825.82,0.000382,1,0.00099546,0.0010008,0.0002625,9291.64
0,422157,15,phononTS,0.000732575,0.000261375,0.000343981,-0.0002625,6971.11,0.000382,1,4.92051e-06,2.07884e-06,0.0002625,8373.37
0,422883,11,phononTF,0.00039772,0.000800636,-0.00120773,-0.000262498,5798.65,0.000382,1,0.000995039,-0.00100391,0.0002625,5901.03
0,424547,23,phononTS,0.000508236,-0.000732949,-0.005,4.04806e-05,11377.7,0.000508236,1,-0.00400397,-0.00251143,-0.0002625,12613.4
0,429484,9,phononTS,0.000640884,0.00180824,-0.00241748,-0.000262498,9555.81,0.000382,1,0.00199852,-0.00199964,0.0002625,9703.22
0,434380,14,phononTS,0.000745099,-0.00233558,-0.000923677,-0.000262498,1900.66,0.000382,1,-0.00299537,-0.000998272,0.0002625,2066.6
0,436815,12,phononTS,0.000497626,0.00041244,-0.00347276,-0.000262498,11168.1,0.000382,1,0.000998924,-0.00299875,0.0002625,11362.6
0,442796,3,phononTF,0.000594017,0.00408162,0.00464087,-0.0002625,295.656,0.000382,1,0.00200238,0.00199732,0.0002625,5512.94
0,446100,9,phononTF,0.000960459,0.00326955,0.00152404,-0.0002625,3050.59,0.000764,1,0.00299709,0.000998258,0.0002625,3486.28
0,448780,17,phononTS,0.000486121,-0.00204613,0.00056738,-0.000262498,1216.01,0.000382,1,-0.00200016,-1.31825e-06,0.0002625,1371.41
0,450435,17,phononTS,0.000541704,-0.00177875,0.000638226,-0.0002625,388.309,0.000382,1,-0.000997665,0.00100456,0.0002625,1018.56
0,458090,18,phononTS,0.000596948,-0.000957062,-0.000963038,-0.0002625,7683.48,0.000382,1,-0.00100476,-0.000997345,0.0002625,8841.16
0,458882,9,phononTS,0.000778652,-0.00101739,0.000488998,-0.000262498,5208.15,0.000382,1,-0.00100031,0.000997688,0.0002625,5357.12
0,460590,7,phononTS,0.000687226,-0.00148329,0.00203029,-0.0002625,2321.07,0.000382,1,-0.000995268,0.00299948,0.0002625,3555.92
0,460898,6,phononTF,0.000872827,-0.00152332,0.00248228,-0.000262498,6896.97,0.000382,1,-0.00199606,0.00199977,0.0002625,7043.48
0,461937,22,phononTS,0.000687296,-0.00115869,-0.000318187,-0.0002625,4236.56,0.000382,1,0.000995892,0.00100448,0.0002625,5915.76
0,465790,9,phononTS,0.000764789,-0.0031976,-0.000262929,-0.000262498,2790.4,0.000382,1,-0.0020047,3.5599e-06,0.0002625,3056.36
0,466574,2,phononL,0.000806821,-0.00311457,-0.000473389,-0.0002625,57.2742,0.000382,1,-0.00299971,-0.000997989,0.0002625,219.485
0,470273,12,phononTS,0.000515509,0.00100992,-0.000920895,-0.0002625,4275.45,0.000382,1,0.00100271,-0.00100045,0.0002625,4569.55
0,470956,8,phononTS,0.000471234,-0.00297325,-0.005,-0.000197989,817.834,0.000382,1,0.00299822,0.000999996,0.0002625,3685.15
0,472202,13,phononTF,0.000419404,-0.00225838,-0.00351973,-0.0002625,15861.1,0.000382,1,-0.00200463,-0.00199896,0.0002625,20058.7
0,473585,12,phononTS,0.000449721,-0.00124356,0.000966396,-0.000262498,2165.6,0.000382,1,-0.000996543,0.000995739,0.0002625,2279.22
0,475291,8,phononTS,0.00108418,-0.00196153,-3.02928e-05,-0.000262498,339.295,0.000382,1,-0.00200068,-6.6238e-07,0.0002625,428.764
0,484167,7,phononTS,0.000922449,-0.00134805,-6.44001e-05,-0.000262498,3237.59,0.000382,1,-0.00200041,1.5728e-06,0.0002625,3404.8
0,490082,6,phononTF,0.00133261,-0.00123889,-0.00274816,-0.0002625,2359.77,0.000382,1,-0.00199649,-0.00200381,0.0002625,5540.07
0,492939,3,phononL,0.00277612,0.000672647,0.00184358,-0.0002625,764.201,0.001528,1,-1.27623e-06,0.00200149,0.0002625,1837.1
0,498384,2,phononTS,0.00577494,-0.00194288,-1.38434e-05,0.000137236,358.197,0.001146,1,-0.00200325,-4.54423e-06,0.0002625,2429.23
0,498384,13,phononTF,0.0010076,-0.00200325,-4.54423e-06,0.000262498,2429.23,0.000595858,1,-0.00232058,-0.000310518,-0.0002625,2546.55
0,507163,6,phononTF,0.000578868,-0.00257405,-0.00062556,-0.0002625,639.579,0.000382,1,-0.00199765,-0.00199931,0.0002625,1368.2
0,507344,14,phononTS,0.000399072,0.000276085,-0.00204696,-0.0002625,1710.78,0.000382,1,-3.84861e-07,-0.00200225,0.0002625,3810.17
0,508383,6,phononTS,0.000627963,-0.000994177,-0.00240702,-0.000262498,2308.06,0.000382,1,-3.9336e-06,-0.00199653,0.0002625,2551.84
0,508462,16,phononTS,0.000516125,-0.00272526,0.00171555,-0.000262498,2549.05,0.000382,1,-0.00200095,4.84193e-06,0.0002625,2926.86
0,511045,20,phononTS,0.000630769,0.000967289,-0.0010536,-0.000262498,5433.95,0.000382,1,0.00100211,-0.00100253,0.0002625,5523.12
0,511126,17,phononTS,0.001275,-0.00261206,2.37558e-05,-0.0002625,45.6257,0.000764,1,-0.00199937,-1.35515e-06,0.0002625,370.33
0,511126,16,phononTF,0.00191927,-0.00322475,4.88667e-05,0.000262498,45.6257,0.000280714,1,-0.00305665,0.000195894,-0.0002625,143.863
0,512238,3,phononTS,0.00369505,-0.00378554,-0.000580613,0.000103229,656.754,0.000764,1,-0.00299942,-0.000998635,0.0002625,1397.74
0,516505,6,phononTF,0.000714596,-0.003169,-0.00140657,-0.000262498,983.728,0.000382,1,-0.00300137,-0.00100319,0.0002625,1109.27
0,516607,17,phononTF,0.000543071,0.000826944,-0.00282879,-0.000262498,6796.69,0.000382,1,0.00099653,-0.00300263,0.0002625,6895.76
0,519040,5,phononTS,0.000460527,0.0021895,-0.00304786,-0.0002625,338.75,0.000382,1,0.00200321,-0.00200385,0.0002625,2427.57
0,521727,4,phononTF,0.000736611,0.00218785,0.00179198,-0.0002625,1612.22,0.000382,1,0.00199696,0.0019983,0.0002625,4553.31
0,521727,2,phononTF,0.00130922,-0.00353865,-0.000119014,-0.000175764,1104.65,0.000569807,1,-0.00367078,-0.000781409,-0.0002625,1225.43
0,526193,13,phononTS,0.00067419,-0.00355763,0.0025887,-0.0002625,3398.04,0.000382,1,-0.00200212,0.00200271,0.0002625,6964.71
0,533066,17,phononTS,0.000527352,-0.00097776,0.00305664,-0.0002625,11366.3,0.000382,1,-0.000996414,0.00300481,0.0002625,11635.6
0,533066,3,phononTS,0.00210024,-0.00326227,-5.89017e-05,0.000262498,175.937,0.000105969,1,-0.00322027,-0.000503587,-0.0002625,314.068
0,543196,9,phononTF,0.000736644,-0.00299666,-0.00100137,0.0002625,312.822,0.000736644,1,-0.00279881,-0.00133375,-0.0002625,545.631
0,544198,9,phononTS,0.000515742,0.00102961,0.000751733,-0.000262498,6149.74,0.000382,1,0.00100279,0.000998165,0.0002625,6263.06
0,552035,19,phononTF,0.000450996,0.000557606,-0.00280297,-0.000262498,5276.85,0.000382,1,0.000996984,-0.00300296,0.0002625,5408.03
0,553774,11,phononTS,0.000887897,0.00201794,0.00173011,-0.0002625,5643.96,0.000382,1,0.00199938,0.0019979,0.0002625,8142.78
0,553774,8,phononTF,0.00185721,-0.005,-0.000302698,-0.000158598,467.671,0.00127295,1,-0.00477472,-0.000528803,-0.0002625,546.399
0,554164,4,phononTS,0.000924105,-0.00305085,-0.00103722,-0.0002625,897.796,0.000382,1,-0.00300451,-0.00100137,0.0002625,1264.79
0,554164,3,phononTS,0.00126342,-0.00315634,-0.00102813,0.000262498,897.796,0.000690757,1,-0.0032453,-0.000939091,-0.0002625,1002.79
0,559358,2,phononTS,0.000390854,-0.00262689,-0.000773424,-0.0002625,1543.84,0.000382,1,-0.00199606,-0.00200083,0.0002625,2124.49
0,566280,8,phononTS,0.00104709,-4.39078e-06,-4.21594e-06,0.0002625,860.73,0.00101357,1,8.01297e-05,-0.000208369,-0.0002625,1088.15
0,568001,9,phononTS,0.000536934,0.00135854,0.000969051,-0.0002625,7628.38,0.000382,1,0.00300211,0.000998174,0.0002625,10249.9
0,568712,4,phononTS,0.000924771,-0.00193183,3.40431e-05,-0.0002625,1790.54,0.000382,1,-0.00199814,-3.5082e-06,0.0002625,2466.8
0,574887,10,phononTF,0.000623868,-0.000188168,-0.00220299,-0.0002625,1402.93,0.000382,1,-4.74148e-07,-0.00199877,0.0002625,2135.41
0,575961,8,phononL,0.000409643,0.00131537,0.00121265,-0.0002625,1871.6,0.000382,1,0.00100135,0.000999185,0.0002625,2229.9
0,578624,14,phononTS,0.000382729,-0.00101296,0.00294264,-0.000262498,3617.68,0.000382,1,-0.000997062,0.0029974,0.0002625,3707.55
0,579288,16,phononTS,0.000480194,0.00100195,0.00100244,0.000262498,1509.48,0.000480194,1,0.000959717,0.000957258,-0.0002625,1603.12
0,582774,3,phononTF,0.000459841,-0.000768624,0.00264514,-0.0002625,236.118,0.000382,1,-0.000996996,0.00299658,0.0002625,1108.81
0,583684,6,phononTS,0.000549813,-0.00285351,-0.000343112,-0.0002625,1181.21,0.000382,1,-0.00300076,-0.00100394,0.0002625,3399.72
0,583684,3,phononTF,0.000853432,-0.00277583,0.000109214,0.000262498,1088.07,0.000120851,1,-0.00292911,0.00026773,-0.0002625,1185.54
0,585870,10,phononTF,0.000754053,-0.00139932,0.00242874,-0.0002625,333.523,0.000382,1,-0.00200261,0.00199679,0.0002625,1621.25
0,588060,9,phononL,0.000433044,-0.00238797,0.000501864,-0.0002625,1772.85,0.000382,1,-0.00200257,4.33381e-06,0.0002625,3633.36
0,588928,16,phononTS,0.000690651,-0.00301125,-0.000620282,-0.0002625,128.644,0.000382,1,-0.00299615,-0.00100365,0.0002625,746.762
0,592149,10,phononTS,0.000924488,-0.00100255,0.00299575,0.000262498,6515.58,0.000924488,1,-0.00101489,0.00256634,-0.0002625,6652.56
0,596789,15,phononTF,0.000688842,-0.00199809,-3.01471e-06,0.000262498,8035.93,0.000211301,1,-0.00167931,-0.000291015,-0.0002625,8153.28
0,597708,34,phononTS,0.000409669,-0.000996753,-0.00100316,0.000262498,2188.35,0.000409669,1,0.00242022,0.00175627,-0.0002625,3012.23
0,597854,2,phononTS,0.00214288,-0.00252998,1.36116e-05,-0.000262498,516.089,0.000764,1,-0.00199774,-2.1862e-06,0.0002625,666.381
0,605123,16,phononTF,0.000925978,-0.00200269,0.0020025,0.000262498,530.173,0.000784264,1,-0.00134718,0.00129231,-0.0002625,720.188
0,607271,10,phononL,0.000469021,-0.00182172,0.00225273,-0.0002625,2134,0.000382,1,-0.00200477,0.00199984,0.0002625,2476.22
0,607271,2,phononL,0.00168095,-0.00329921,0.000345964,0.000262498,246.751,0.000827949,1,-0.00378848,0.000482969,-0.0002625,325.937
0,608561,10,phononTS,0.0012731,-3.16778e-06,0.00200174,0.000262499,18994.2,0.0012731,1,3.94172e-05,0.00219348,-0.0002625,19101.3
0,610137,4,phononTS,0.00101621,-0.00245463,9.20083e-06,-0.0002625,606.417,0.000382,1,-0.00200316,-2.48545e-06,0.0002625,839.039
0,613274,10,phononTF,0.000812897,-0.00348546,-0.00138258,-0.0002625,257.415,0.000382,1,-0.00299854,-0.000999448,0.0002625,704.738
0,613274,13,phononTS,0.000909585,-0.00254951,-0.005,0.000147956,547.79,0.000786388,1,-0.00256322,-0.00498483,-0.0002625,1211.68
0,615654,8,phononTS,0.000681618,-0.00316434,-0.000425481,-0.000262498,786.488,0.000382,1,-0.00299992,-0.00099523,0.0002625,951.978
0,616668,22,phononTS,0.000614717,-0.00226902,-1.82111e-05,-0.0002625,1861.22,0.000382,1,-0.00199654,2.31446e-06,0.0002625,2913.13
0,622224,17,phononTS,0.000849734,-0.00299981,-0.000999215,0.0002625,1077.89,0.00015112,1,-0.00282807,7.46519e-05,-0.0002625,7640.28
0,622504,15,phononTS,0.000444181,-0.00202998,0.0020054,-0.000262498,654.383,0.000382,1,-0.00199549,0.00199875,0.0002625,745.669
0,625100,5,phononTS,0.000851153,-0.00378988,-0.000689178,-0.000262498,1374.22,0.000764,1,-0.00299978,-0.000999129,0.0002625,1581.15
0,626688,11,phononTS,0.000560158,0.00100705,-0.00134424,-0.0002625,4243.4,0.000382,1,0.000996913,-0.00099737,0.0002625,5439.15
0,628859,20,phononTS,0.000397741,-1.41904e-05,0.0034216,-0.0002625,26494.2,0.000382,1,0.00200152,-4.86767e-06,0.0002625,28162.7
0,640163,8,phononTS,0.00135788,0.000997271,0.000997815,0.000262498,1425.71,0.000175637,1,0.000953683,0.000676838,-0.0002625,1547.73
0,645509,5,phononTF,0.00122527,-0.00200207,-3.50531e-06,0.0002625,978.31,0.000566779,1,-0.0017661,3.6051e-05,-0.0002625,1287.86
0,646354,5,phononTS,0.000709422,-0.000797001,2.20122e-05,-0.0002625,395.281,0.000382,1,1.1924e-06,2.79746e-06,0.0002625,1157.59
0,652325,12,phononTF,0.0006117,-0.00169604,0.000319137,-0.0002625,1149.74,0.000382,1,-0.00200205,1.25627e-07,0.0002625,1478.82
0,653671,6,phononTS,0.000746618,-0.00220702,0.00189707,-0.0002625,1985.83,0.000382,1,6.81986e-07,-1.62972e-06,0.0002625,2824.03
0,655086,17,phononL,0.000567425,-0.00199965,0.00199767,0.000262498,1699.86,0.000567425,1,-0.00171235,0.00173002,-0.0002625,1772.28
0,657515,17,phononTS,0.000448866,-0.0026264,0.00153789,-0.0002625,1545.07,0.000382,1,-0.00200029,0.00199721,0.0002625,2734.34
0,659875,9,phononTS,0.00138614,-0.00014976,-0.00195477,-0.0002625,622.994,0.000382,1,3.34227e-06,-0.00200181,0.0002625,1785.8
0,662923,4,phononTF,0.00159373,-0.00139919,0.00341161,-0.0002625,9.03512,0.000382,1,-0.00100258,0.00300042,0.0002625,1534.33
0,663045,10,phononTF,0.000757977,0.000665458,-0.000657209,-0.000262498,2221.24,0.000382,1,0.000997788,-0.000997432,0.0002625,2342.48
0,666352,8,phononL,0.000804299,0.00126314,0.0012943,-0.000262498,8364.56,0.000382,1,0.00100374,0.00100323,0.0002625,8436.82
0,666352,4,phononTS,0.000524195,-0.00453786,0.00023838,0.000262498,2126.39,0.000524195,1,-0.0045899,0.00030192,-0.0002625,2221.4
0,666352,2,phononTF,0.00540831,-0.00449765,-1.84375e-05,-0.000166538,2021.31,0.00154479,1,-0.00446425,-2.46359e-05,-0.0002625,2105.15
0,676208,18,phononTF,0.000448001,-0.0019798,2.96002e-05,-0.000262498,3267.74,0.000382,1,-0.00200388,4.16818e-06,0.0002625,3357.82
0,676303,3,phononTS,0.00587511,-0.0018934,-0.000200424,9.40939e-05,218.748,0.002292,1,-0.0019964,-3.38171e-06,0.0002625,927.069
0,678941,17,phononTF,0.000561859,0.00358801,0.00158499,-0.0002625,3785.51,0.000382,1,0.00299911,0.00100128,0.0002625,6578.09
0,680813,4,phononTF,0.00115214,-0.00210679,0.00157473,-0.0002625,5.64653,0.000382,1,-0.0020019,0.00199952,0.0002625,1332.58
0,680813,3,phononTF,0.00135149,-0.00320248,2.90341e-05,0.000262498,5.64653,0.0004429,1,-0.00315725,0.00044847,-0.0002625,132.738
0,681685,7,phononTS,0.000714788,0.000137737,-0.00140975,-0.0002625,432.904,0.000382,1,0.000996314,-0.00300149,0.0002625,2965.42
0,681957,5,phononTF,0.000539869,-0.00300365,-0.000995398,0.000262498,719.22,0.000539869,1,-0.00348842,-0.000652463,-0.0002625,860.294
0,683595,10,phononL,0.000470496,-0.00195341,0.000559241,-0.0002625,619.272,0.000382,1,-0.0019995,3.16802e-06,0.0002625,868.96
0,683891,7,phononTS,0.00110376,-0.00246001,-6.45538e-07,-0.0002625,483.587,0.000382,1,-0.00200345,3.5916e-06,0.0002625,1043.11
0,688974,13,phononTS,0.00094513,-0.00200381,-0.00200112,0.000262498,726.259,0.000684746,1,0.00158069,-0.00471711,-0.0002625,1568.77
0,689772,9,phononTF,0.00066292,-0.000638413,-0.00122619,-0.0002625,2713.74,0.000382,1,-0.0010042,-0.00100335,0.0002625,3504.51
0,694365,12,phononL,0.000461343,-0.00100482,0.0010039,0.000262498,984.07,0.000461343,1,-0.00121861,0.000218471,-0.0002625,1088.9
0,698507,7,phononTF,0.000505923,-0.00226389,-0.00193157,-0.0002625,1234.69,0.000382,1,-0.00200202,-0.00200122,0.0002625,2356.21
0,698507,8,phononTS,0.000666188,0.005,-0.000870542,-8.50261e-05,1109.34,0.000666188,1,0.00473237,-0.000835845,-0.0002625,2355.4
0,700759,41,phononTS,0.000450103,0.00168514,0.00109182,-0.000262498,7815.67,0.000382,1,0.00200313,0.00199802,0.0002625,8034.18
0,701653,25,phononTF,0.000422084,-0.0025281,0.0015536,-0.0002625,2787.01,0.000382,1,-3.07731e-06,0.00200336,0.0002625,4423.99
0,702310,7,phononTS,0.00101773,-0.00214375,0.000725299,-0.0002625,654.32,0.000382,1,4.57749e-06,-0.00199649,0.0002625,1773.73
0,706370,7,phononTF,0.00121066,-0.00199578,-0.00199732,0.000262498,1382.12,0.00121066,1,-0.00254748,-0.0025671,-0.0002625,1545.75
0,706496,7,phononTF,0.00058397,-0.00039739,0.00160855,-0.0002625,744.939,0.000382,1,-0.000996031,0.000997962,0.0002625,1597.74
0,707036,11,phononTS,0.000548502,-0.00362721,-0.00117587,-0.0002625,1142.96,0.000382,1,-0.00200371,-3.3354e-06,0.0002625,5759.52
0,715828,8,phononTF,0.00128145,-0.00205556,-0.00204958,-0.000262498,1447.65,0.000382,1,-0.00199932,-0.00199534,0.0002625,1538.52
0,722718,14,phononTS,0.000897992,0.00103927,-0.00095127,-0.0002625,3252.8,0.000382,1,0.0010049,-0.00100266,0.0002625,3985.48
0,725345,14,phononTF,0.000443234,0.00175597,-0.00201954,-0.0002625,11303.1,0.000382,1,0.00099865,-0.00300097,0.0002625,12011.7
0,731319,9,phononTF,0.000468896,-0.00178888,0.000141302,-0.0002625,2883.71,0.000382,1,-0.00200035,-3.12126e-06,0.0002625,3519.98
0,735433,10,phononTF,0.0011396,-0.00157364,-0.000438482,-0.0002625,517.674,0.000382,1,-0.00100271,-0.000996873,0.0002625,1008.53
0,735433,3,phononTF,0.000981114,-0.00320318,0.000128555,0.000262498,360.829,0.000981114,1,-0.00300453,0.000325372,-0.0002625,462.856
0,738618,8,phononTS,0.000843331,-0.00208452,0.00094327,-0.000262498,4054,0.000382,1,-0.00200371,-3.69887e-06,0.0002625,4271.61
0,739728,20,phononL,0.000413793,0.00100932,-0.00338584,-0.0002625,1594.33,0.000382,1,0.000995746,-0.00300139,0.0002625,1738.89
0,740374,15,phononTS,0.00126404,-0.00213017,0.00128801,-0.0002625,219.805,0.000382,1,-0.00200222,0.00199754,0.0002625,6878.75
0,744877,8,phononTS,0.00050317,-0.00199556,-4.60409e-06,0.0002625,495.236,0.00050317,1,-0.0019662,-4.30738e-05,-0.0002625,674.202
0,746974,6,phononL,0.000900044,-0.00319241,-0.00145163,-0.0002625,169.422,0.000382,1,-0.00300379,-0.00100406,0.0002625,462.039
0,746974,5,phononTF,0.00125626,-0.00326017,-0.00039336,0.000262498,169.422,0.000247043,1,-0.00303847,-5.31126e-05,-0.0002625,287.344
0,762417,2,phononL,0.00154386,-0.00242977,-0.000144376,-0.0002625,404.702,0.000764,1,-0.00200308,2.74821e-06,0.0002625,555.809
0,762417,10,phononTS,0.000411495,-0.00200308,2.74821e-06,0.000262498,555.809,0.000411495,1,-0.00202587,-2.25994e-05,-0.0002625,645.476
0,763035,23,phononTS,0.00057629,-0.00240938,0.000265282,-0.000262498,902.935,0.000382,1,-0.00200135,2.34566e-06,0.0002625,1055.31
0,763035,2,phononTS,0.0033579,-0.00298294,0.000212731,-7.90763e-05,670.941,0.000746425,1,-0.00308261,0.000221728,-0.0002625,744.838
0,763105,3,phononTF,0.000526079,0.000897979,0.00311267,-0.0002625,455.946,0.000382,1,0.00199599,0.00200261,0.0002625,2806.25
0,766242,3,phononTF,0.000851764,-0.00226762,3.98044e-05,-0.0002625,92.9379,0.000382,1,-0.00199995,1.22989e-06,0.0002625,519.607
0,769016,7,phononTS,0.000452926,-0.00118957,0.000128889,-0.0002625,1400.38,0.000382,1,-0.0010019,-0.000996428,0.0002625,2123.58
0,770702,3,phononTF,0.00615768,-0.00282161,-0.000815111,-0.000110038,72.1764,0.002292,1,-0.00299602,-0.000995072,0.0002625,1538.5
0,771869,14,phononTS,0.000693542,-0.000555247,0.00252562,-0.000262498,6109.29,0.000382,1,-0.000997383,0.00299813,0.0002625,6287.04
0,772352,8,phononTS,0.000679294,0.00394413,-0.00102963,-0.000262498,5653.66,0.000382,1,0.00200388,-0.00200267,0.0002625,6086.82
0,774348,15,phononTS,0.000594252,0.00160377,0.000811029,-0.0002625,8465.82,0.000382,1,0.00100476,0.00100337,0.0002625,11874.4
0,780266,12,phononL,0.000693297,-0.00052894,-0.00106543,-0.0002625,3083.09,0.000382,1,-0.00100096,-0.00100467,0.0002625,3313.6
0,784962,15,phononTF,0.000531339,0.00210151,-0.0017898,-0.0002625,6545.84,0.000382,1,0.00199562,-0.00199937,0.0002625,9372.32
0,790735,4,phononTS,0.0010192,0.00100115,-0.00320461,-0.0002625,747.659,0.000382,1,0.000996093,-0.00299771,0.0002625,2107.23
0,792311,16,phononTS,0.000386286,-0.00303773,-0.000950885,-0.0002625,952.719,0.000382,1,-0.00299536,-0.00100285,0.0002625,1947.25
0,794286,4,phononTS,0.000843287,-0.00221501,-2.56502e-05,-0.000262498,930.746,0.000382,1,-0.00199513,-2.65915e-06,0.0002625,1041.1
0,794509,5,phononTS,0.000612454,-0.00207724,-1.81179e-05,-0.0002625,372.632,0.000382,1,-0.00200442,-1.65821e-07,0.0002625,891.784
0,797624,10,phononTS,0.000913331,-0.00106805,0.00288911,-0.0002625,1955.24,0.000382,1,-0.0010013,0.00299545,0.0002625,2478.9
0,800791,4,phononTF,0.00100233,-0.00195386,5.30431e-05,-0.0002625,612.164,0.000382,1,-0.00200213,-2.31178e-07,0.0002625,4979.87
0,802606,15,phononTF,0.000571983,-0.00240582,-0.000425374,-0.0002625,9260.12,0.000382,1,-0.00300177,-0.000999285,0.0002625,9974.08
0,802971,9,phononTF,0.00064538,-0.00285187,-0.00288056,-0.0002625,4208.84,0.000382,1,-0.00199507,-0.00199958,0.0002625,6899.63
0,805990,13,phononTF,0.00107378,0.00256661,0.000571814,-0.000262498,2215.02,0.000382,1,0.00299983,0.000998419,0.0002625,2353.04
0,807094,8,phononTF,0.00044776,-0.00106086,0.00305973,-0.0002625,2238.58,0.000382,1,-0.000996757,0.00299568,0.0002625,6192.34
0,815839,8,phononTS,0.000653019,0.000148873,-0.000999678,-0.0002625,217.269,0.000382,1,0.00100364,-0.000995559,0.0002625,1215.33
0,817512,16,phononTF,0.000516794,-0.002249,-0.00226288,-0.0002625,2014.71,0.000382,1,-0.00200085,-0.00200402,0.0002625,3803.99
0,818273,5,phononTS,0.000527284,-0.00298849,-0.000595833,-0.0002625,529.744,0.000382,1,-0.00300317,-0.000997861,0.0002625,760.626
0,823486,7,phononTS,0.000528406,-0.00212229,0.00209238,-0.0002625,6051.1,0.000382,1,-0.00200036,0.00199808,0.0002625,7561.96
0,825988,17,phononTS,0.00052071,-0.00331553,0.00277228,-0.000262498,2214.65,0.000382,1,-0.00200185,0.00200082,0.0002625,2527.4
0,827514,19,phononTS,0.00039555,-0.00286619,-0.00104684,-0.0002625,1931.64,0.000382,1,-0.003001,-0.000998702,0.0002625,2640.58
0,828250,15,phononTS,0.000488031,0.00281457,-0.00204553,-0.0002625,4512.07,0.000382,1,0.00199853,-0.00199616,0.0002625,7341.12
0,828450,19,phononTS,0.00119575,-0.00111946,-0.00099265,-0.0002625,190.352,0.000764,1,-0.00100134,-0.00099677,0.0002625,1004.84
0,829439,13,phononTS,0.000436979,-0.00296283,-0.000990593,-0.0002625,3322.31,0.000382,1,-0.00300063,-0.000999059,0.0002625,3957.75
0,829492,2,phononTS,0.00351094,-0.00264621,0.000125253,-0.0002625,275.014,0.000764,1,-0.00200477,-4.36523e-06,0.0002625,600
0,829492,13,phononTS,0.00231703,-0.00200477,-4.36523e-06,0.000262498,600,0.0017194,1,-0.00202372,-5.92067e-05,-0.0002625,689.726
0,847949,9,phononTS,0.000519314,-0.00274334,5.0514e-05,-0.000262498,334.868,0.000382,1,0.00100021,-0.00299876,0.0002625,1218.6
0,852495,6,phononTS,0.000826107,-0.00201779,-0.00204608,-0.000262498,938.34,0.000382,1,-0.00199801,-0.0019956,0.0002625,1028.09
0,859704,13,phononTS,0.000711608,-0.00285901,-0.00101701,-0.0002625,946.761,0.000382,1,-0.00300371,-0.000996784,0.0002625,1331.7
0,862959,8,phononL,0.00044477,-2.02873e-06,0.00194252,-0.000262498,1754.98,0.000382,1,1.70199e-06,0.00200212,0.0002625,1817.46
0,867677,16,phononL,0.000776612,0.000997769,-0.00299502,0.000262498,5354.75,0.000776612,1,0.000986227,-0.00215533,-0.0002625,5460.72
0,870636,9,phononTF,0.00103126,-0.00100288,-0.00100443,0.0002625,1466.58,0.000641332,1,-0.000722219,-0.000712849,-0.0002625,4163.99
0,872280,14,phononTS,0.000537464,-0.00183831,-0.00117946,-0.000262498,16244.2,0.000382,1,-0.00100376,-0.000998041,0.0002625,16445.9
0,873641,21,phononTF,0.00069057,0.000755596,0.00119925,-0.000262498,1706.91,0.000382,1,0.00100046,0.000999338,0.0002625,1813.29
0,879538,13,phononTS,0.000812728,-0.00173812,0.00296156,-0.0002625,2430.87,0.000382,1,-0.00099902,0.00299729,0.0002625,3645.44
0,882087,16,phononTS,0.000436158,-0.0020014,-0.00200429,0.0002625,2306.76,0.000436158,1,-0.00203922,-0.00229498,-0.0002625,3254.56
0,883529,2,phononTF,0.00110633,0.005,0.000604468,-0.000254713,491.848,0.000382,1,0.0030028,0.000996785,0.0002625,2523.13
0,883706,7,phononTS,0.00110179,0.00194606,-0.00200608,-0.000262498,2062,0.000382,1,0.00200143,-0.00199963,0.0002625,2153.03
0,883706,3,phononTF,0.000964687,-0.00277407,0.000347648,0.000262498,398.479,0.000430064,1,-0.00478415,-0.000815044,-0.0002625,818.638
0,886236,7,phononTS,0.0008014,-0.00190202,-0.00195323,-0.000262498,1059.19,0.000382,1,-0.00200032,-0.00200318,0.0002625,1157.1
0,886704,2,phononTS,0.00101492,-0.00264338,3.43841e-05,-0.0002625,10.5754,0.000382,1,-0.00200446,1.54163e-06,0.0002625,338.057
0,886927,3,phononTF,0.0041057,-0.00242176,0.000402696,-0.0002625,127.464,0.000764,1,-0.00200403,-3.19576e-07,0.0002625,598.215
0,886927,7,phononTS,0.00199687,-0.00200403,-3.19576e-07,0.000262499,598.215,0.000841895,1,-0.00106172,-0.000196592,-0.0002625,820.581
0,889328,6,phononTS,0.00108407,3.33475e-06,-0.00199587,0.0002625,180.621,0.000313963,1,0.000572297,-0.00217848,-0.0002625,1760.11
0,894520,2,phononTF,0.000626147,-0.00322689,-0.000771336,-0.0002625,277.357,0.000382,1,-0.00299909,-0.000999625,0.0002625,1747.33
0,898738,4,phononTS,0.000884563,0.000283632,-0.000892346,-0.0002625,243.798,0.000382,1,0.00099658,-0.000997156,0.0002625,2153.4
0,907372,20,phononL,0.00137475,-0.00300269,-0.00021333,-0.000262498,157.693,0.000382,1,-0.0030019,-0.00100125,0.0002625,258.95
0,909537,5,phononTF,0.000466401,-0.00199967,-3.09078e-06,0.0002625,202.255,0.000466401,1,-0.00182198,-0.000171835,-0.0002625,1224.04
0,914836,19,phononL,0.000449627,-0.00107872,0.00259232,-0.000262498,1778.4,0.000382,1,-0.000996304,0.00300289,0.0002625,1851.88
0,921153,9,phononTS,0.000987988,-0.00200116,0.00254392,-0.0002625,448.692,0.000382,1,-0.00200211,0.00199635,0.0002625,2494.1
0,924396,15,phononTF,0.000445329,-0.00155173,0.00252032,-0.0002625,2262.14,0.000382,1,-0.00200345,0.00200491,0.0002625,3012.84
0,929353,9,phononTF,0.000920837,-0.00309409,-0.00108835,-0.0002625,1460.9,0.000382,1,-0.00299687,-0.000995355,0.0002625,2120.01
0,933451,9,phononL,0.000694983,0.000359016,0.00266656,-0.0002625,1223.17,0.000382,1,4.90648e-06,0.00199692,0.0002625,1874.74
0,933851,16,phononTS,0.00128496,-0.000156498,-0.005,-5.02262e-05,1225.51,0.000382,1,0.00100118,-0.00300089,0.0002625,7658.34
0,934080,11,phononTS,0.00103007,0.00160453,0.00129008,-0.0002625,4810.17,0.000382,1,0.00100287,0.00100116,0.0002625,6737.11
0,935941,12,phononTS,0.000536718,0.000858161,-0.00104507,-0.0002625,3252.75,0.000382,1,0.00100403,-0.000997749,0.0002625,3908.78
0,949476,5,phononTF,0.00112008,-0.00262343,0.0013633,-0.0002625,826.965,0.000382,1,-0.00199941,0.00199539,0.0002625,2615.28
0,956155,19,phononTS,0.00104183,0.000816226,-0.00151534,-0.000262498,4964.58,0.000382,1,2.03959e-06,3.23584e-06,0.0002625,5320.24
0,965702,3,phononTS,0.00192273,-0.0029375,-0.00129384,-0.0002625,110.484,0.000764,1,-0.00299804,-0.00100494,0.0002625,521.878
0,965702,7,phononTS,0.000535719,-0.00299804,-0.00100494,0.000262498,521.878,0.000535719,1,-0.0028447,-0.000951987,-0.0002625,629.841
0,967837,3,phononTS,0.000734041,-0.00236087,-8.76083e-06,-0.0002625,556.134,0.000382,1,-0.00200092,-4.97868e-06,0.0002625,940.821
0,967845,5,phononTS,0.00123807,-0.00259171,2.35393e-05,-0.0002625,24.8373,0.000382,1,-0.002,3.10166e-06,0.0002625,343.702
0,970374,18,phononTS,0.000518791,0.001001,0.000996009,0.000262498,22614.1,0.000518791,1,0.00103943,0.000965117,-0.0002625,22703.5
0,971343,14,phononTF,0.000478808,-0.00226421,-0.00225245,-0.000262498,2966.29,0.000382,1,-0.00200216,-0.00200046,0.0002625,3075.56
0,971343,2,phononTF,0.00364342,-0.00330013,-0.000487916,-5.14356e-05,727.288,0.00132423,1,-0.00383694,-0.000252756,-0.0002625,1685.84
0,987002,2,phononTF,0.00538044,-0.00161992,0.000789677,-0.0002625,20.2382,0.00191,1,-0.00100174,0.0010016,0.0002625,568.321
0,989133,21,phononTF,0.000661322,-0.00227382,0.00174148,-0.0002625,4353.13,0.000382,1,-0.0020043,0.00199846,0.0002625,6191.24
0,989233,10,phononL,0.000982053,0.00157331,-0.0018769,-0.0002625,158.327,0.000382,1,0.00200185,-0.00199986,0.0002625,2865.29
0,996210,13,phononTF,0.000389199,-0.000182335,0.00181333,-0.0002625,6860.21,0.000382,1,-1.60134e-06,0.00200363,0.0002625,7364.63
0,996310,17,phononTS,0.000694498,-0.000996431,0.00100436,0.000262498,2125.01,0.000694498,1,-0.00103634,0.00141849,-0.0002625,2259.1
0,998962,10,phononTS,0.000847152,-0.00306147,-0.000308985,-0.0002625,1137.26,0.000382,1,-0.00300314,-0.000998085,0.0002625,1655.43
0,1006245,27,phononL,0.000765179,-0.00131517,0.00259023,-0.000262498,5906.07,0.000382,1,-0.00100233,0.00300375,0.0002625,5986.8
0,1007335,10,phononL,0.000494629,-0.000271812,-0.000353432,-0.0002625,1127.96,0.000382,1,0.000996673,-0.00100498,0.0002625,1839.3
0,1011502,3,phononL,0.00506499,-0.00299571,-0.00100345,0.0002625,1673.18,0.00105724,1,-0.000599031,-0.00248626,-0.0002625,3794.3
0,1018424,6,phononTS,0.000566089,-0.00210469,-4.32889e-05,-0.0002625,1165.05,0.000382,1,-0.0020031,2.52266e-06,0.0002625,1656.42
0,1022334,7,phononTF,0.000455608,-0.00169529,-0.00171072,-0.0002625,2855.76,0.000382,1,-0.00100081,-0.00100357,0.0002625,3791.16
0,1023550,10,phononTF,0.000485887,0.000788693,0.00120067,-0.000262498,11494.5,0.000382,1,0.00199819,-1.80161e-06,0.0002625,11800
0,1028966,18,phononTS,0.000389681,0.00104789,-0.00294252,-0.000262498,4644.82,0.000382,1,0.000998933,-0.00299568,0.0002625,4738.7
0,1031088,11,phononTF,0.00117457,-0.00314046,-0.000840975,-0.0002625,1112.71,0.000764,1,-0.00300453,-0.000998097,0.0002625,1497.46
0,1031088,10,phononTS,0.000652004,-0.00331188,-0.000629372,0.000262498,1112.71,0.000652004,1,-0.005,-0.00361795,-0.000237926,1765.93
0,1031841,7,phononTS,0.000464725,-0.00160055,0.00207637,-0.0002625,1083.46,0.000382,1,-0.000998749,0.000996134,0.0002625,1545.41
0,1031841,4,phononL,0.00123622,-0.00347126,1.15111e-05,0.000262498,202.699,0.000948349,1,-0.00379518,-0.000326626,-0.0002625,279.857
0,1033115,5,phononL,0.000792494,-0.00258189,-0.000113243,-0.0002625,63.1347,0.000382,1,-0.00300034,-0.000996345,0.0002625,275.246
0,1036100,13,phononTF,0.000781878,-0.00384507,-0.00185477,-0.0002625,2286.06,0.000382,1,-0.00300072,-0.00100037,0.0002625,3192.53
0,1037787,7,phononTS,0.00126697,-0.0021398,0.000424986,-0.0002625,364.771,0.000764,1,-0.0010011,0.000997813,0.0002625,906.808
0,1038256,2,phononTS,0.00480246,-0.0031103,-0.000385779,-0.0002625,32.8908,0.000764,1,-0.00300353,-0.00100018,0.0002625,323.368
0,1039699,17,phononTS,0.000401201,0.00259018,-0.00256823,-0.0002625,13161.8,0.000382,1,0.00200402,-0.00200197,0.0002625,15079
0,1043326,16,phononTS,0.000658558,0.000863435,-0.00106305,-0.0002625,10181.6,0.000382,1,0.00100101,-0.000997032,0.0002625,14255.6
0,1046628,8,phononTF,0.000962441,0.00142727,0.00140577,-0.0002625,2705.39,0.000382,1,0.00100237,0.000995791,0.0002625,3740.1
0,1048450,1,phononTS,0.01,-0.00300017,-0.00100127,0.000236221,0,0.001146,1,-0.00300141,-0.00100489,0.0002625,1426.21
0,1049081,3,phononTS,0.000393088,-0.00200135,3.72872e-06,0.0002625,6.58507,0.000393088,1,-0.00168493,-0.000213574,-0.0002625,461.673
0,1056971,13,phononL,0.000562472,-0.00200196,-0.00199617,0.000262498,1703.84,0.000562472,1,-0.00131113,-0.00319805,-0.0002625,1872.31
0,1058823,23,phononTF,0.000553578,0.000705539,-0.00328963,-0.000262498,5392.29,0.000382,1,0.000995486,-0.00300303,0.0002625,5506.42
0,1059486,9,phononTF,0.000588381,0.00200487,-3.34242e-06,0.0002625,1770.71,0.000588381,1,0.00216377,0.000151872,-0.0002625,2314.69
0,1060708,11,phononTF,0.000684763,0.000402809,0.0033777,-0.0002625,3025.9,0.000382,1,-0.00200453,0.00200182,0.0002625,6262.67
0,1062115,12,phononL,0.00089337,0.00100596,-0.000595626,-0.0002625,2625.59,0.000382,1,0.000997093,-0.000997536,0.0002625,3090.11
0,1071677,22,phononTS,0.000544421,0.00335279,0.00099273,-0.0002625,4174.4,0.000382,1,0.0029985,0.000995628,0.0002625,4917.22
0,1071677,2,phononTS,0.00164289,-0.002736,0.000375965,0.000262498,212.083,0.00044799,1,-0.00220889,-0.00020017,-0.0002625,411.075
0,1072839,13,phononTS,0.000703412,0.00151722,0.00244203,-0.000262498,5966.91,0.000382,1,0.00200382,0.00200143,0.0002625,6146.11
0,1075784,10,phononTF,0.000399793,-0.00199545,-1.09706e-07,0.000262498,1083.16,0.000399793,1,-0.00244786,0.000433731,-0.0002625,1224
0,1075784,5,phononTS,0.00059024,-0.00323048,6.37974e-05,0.000262498,17.1877,6.36958e-05,1,-0.00227008,0.000825662,-0.0002625,289.455
0,1079790,10,phononL,0.000637495,-0.00207571,0.00111656,-0.0002625,2827.93,0.000382,1,-0.0020037,0.00200115,0.0002625,3087.97
0,1081686,8,phononTS,0.000523762,-0.00244777,-0.000749314,-0.000262498,467.038,0.000382,1,-0.00300498,-0.00100037,0.0002625,637.163
0,1089017,18,phononTS,0.000610104,-6.50504e-05,-0.00282012,-0.0002625,2060.74,0.000382,1,-2.745e-06,-0.00200449,0.0002625,2649.35
0,1089874,9,phononTF,0.000566264,-0.000170137,-3.3666e-05,-0.0002625,7097.29,0.000382,1,0.00100198,-0.00100316,0.0002625,10066.5
0,1089974,5,phononTS,0.000856777,-0.00279002,2.32026e-05,-0.0002625,1426.84,0.000382,1,-0.00199844,3.50821e-06,0.0002625,1810.53
0,1096818,10,phononTF,0.00082272,-0.00100202,0.00100407,0.0002625,676.499,0.00082272,1,-0.000225123,0.00219502,-0.0002625,1214.56
0,1096818,2,phononTS,0.00468371,-0.00311384,-0.000864856,0.000129575,316.732,0.00178963,1,-0.00298409,-0.000246443,-0.0002625,846.734
0,1100377,2,phononTS,0.00370423,-0.005,-0.00199734,0.000139267,539.625,0.000382,1,-0.000996835,0.0029955,0.0002625,2096.11
0,1100377,9,phononTS,0.00281354,-0.000996835,0.0029955,0.000262498,2096.11,0.001172,1,-0.00101219,0.00304251,-0.0002625,2186.1
0,1104446,7,phononTS,0.00039865,-0.00197884,9.85447e-06,-0.0002625,468.98,0.000382,1,-0.0019962,-2.36456e-06,0.0002625,745.416
0,1106444,12,phononTS,0.000405073,-0.00298166,-0.000806477,-0.0002625,3169.27,0.000382,1,-0.00299517,-0.000998027,0.0002625,3491.27
0,1110801,4,phononTF,0.000394872,-0.00325553,-0.00073537,-0.000262498,443.061,0.000382,1,-0.00300132,-0.000999951,0.0002625,552.676
0,1111030,22,phononTS,0.000899291,-0.00348541,-0.00250949,-0.000262498,3599.78,0.000382,1,-0.00199571,-0.00200001,0.0002625,3927.95
0,1117144,16,phononTS,0.000415809,0.00329123,0.00162504,-0.0002625,2819.1,0.000382,1,0.00199687,0.00200356,0.0002625,7397.81
0,1117144,3,phononTF,0.000632018,-0.00324524,6.58812e-06,0.000262498,10.8161,0.000632018,1,-0.00269423,0.000587877,-0.0002625,175.924
0,1130735,10,phononTF,0.00113612,0.000767811,-0.00275329,-0.0002625,276.41,0.000382,1,0.00100465,-0.0030019,0.0002625,2359.4
0,1130735,9,phononTS,0.00106046,-0.005,-0.000291634,-9.33211e-05,276.41,7.76448e-05,1,-0.00443894,-0.000735682,-0.0002625,764.646
0,1133248,4,phononTS,0.00216092,-0.00260636,2.10152e-05,-0.0002625,17.6345,0.000382,1,-0.00200023,3.33816e-06,0.0002625,333.409
0,1135080,4,phononTS,0.000501593,-0.0030542,-0.000402839,-0.0002625,61.4501,0.000382,1,-0.00299927,-0.000998118,0.0002625,379.525
0,1139511,6,phononTS,0.000427363,-0.002837,0.000422404,-0.000262498,894.354,0.000382,1,-0.000995727,0.0029973,0.0002625,1492.81
0,1144422,11,phononTF,0.0011382,-0.000996349,0.000998773,0.000262498,1589.94,0.000374988,1,-0.000823661,0.000825847,-0.0002625,1689.19
0,1144493,7,phononL,0.000502555,-0.00155006,-0.00105652,-0.000262498,2055.83,0.000382,1,-0.00100131,-0.00100041,0.0002625,2137.78
0,1154245,9,phononTF,0.000596661,-0.0019706,-4.46669e-06,-0.000262498,2101.7,0.000382,1,-0.00199577,-2.50284e-06,0.0002625,2191.74
0,1157266,17,phononTS,0.000833953,-0.00215784,0.00206358,-0.0002625,3796,0.000382,1,-0.00199676,0.00199794,0.0002625,4124.62
0,1167561,13,phononTS,0.000815417,0.00293818,0.000170031,-0.0002625,2759.21,0.000382,1,0.00199574,-2.13857e-06,0.0002625,3422.5
0,1173038,17,phononTF,0.000942793,-0.00187924,-0.000285068,-0.0002625,1112.03,0.000382,1,-0.00199671,-4.96662e-07,0.0002625,1873.69
0,1173038,18,phononTS,0.00048299,-0.00199671,-4.96662e-07,0.000262498,1873.69,0.00048299,1,-0.00245871,-0.000195906,-0.0002625,2027.06
0,1173925,4,phononTS,0.000551865,-0.00157756,9.95092e-06,-0.0002625,357.454,0.000382,1,-0.00199873,-4.70762e-06,0.0002625,2032.49
0,1174220,14,phononTS,0.000435819,-0.00199559,0.00200087,0.000262498,1823.77,0.000435819,1,-0.00202012,0.00198091,-0.0002625,1913.72
0,1179234,13,phononTF,0.000531354,-0.005,0.00470412,-2.01153e-05,3740.1,0.000531354,1,-0.00473261,0.00497468,-0.0002625,6009.56
0,1183443,2,phononTF,0.00342367,-0.00355886,-0.000544574,-0.0002625,31.1576,0.000764,1,-0.0030048,-0.00100149,0.0002625,322.456
0,1185138,8,phononTF,0.000888873,-0.00216055,-0.000204423,-0.000262498,1662.36,0.000382,1,-0.00200157,-4.0447e-06,0.0002625,1763.51
0,1189911,15,phononTS,0.000804781,-0.00319563,-0.000998072,-0.000262498,1319.83,0.000382,1,-0.0030029,-0.00100329,0.0002625,1428.48
0,1189911,2,phononTS,0.00588477,-0.00332604,-0.000244206,-0.000140163,306.743,0.00229153,1,-0.00321683,-0.000238683,-0.0002625,373.523
0,1190788,13,phononTS,0.000608888,-0.00106371,0.00294537,-0.000262498,1573.23,0.000382,1,-0.00100381,0.00299534,0.0002625,1668.02
0,1191844,13,phononTS,0.000535175,-0.00328743,-0.00081432,-0.000262498,1108.69,0.000382,1,-0.00300028,-0.00100062,0.0002625,1240.54
0,1197166,14,phononTS,0.000574836,-0.000996505,0.00300186,0.000262498,7175.94,0.000574836,1,-0.00102584,0.00305108,-0.0002625,7265.37
0,1201551,23,phononTF,0.00206717,-0.00222863,-0.00027975,-0.0002625,465.943,0.000382,1,-0.00200323,8.90913e-07,0.0002625,766.474
0,1205068,8,phononTF,0.000585237,-0.0029958,-0.00100117,0.0002625,1312.64,0.000585237,1,-0.00242975,-0.00156434,-0.0002625,1640.59
0,1205654,5,phononL,0.00054409,-0.00262081,-0.00201139,-0.0002625,811.644,0.000382,1,-0.00199837,-0.00200029,0.0002625,1098.83
0,1206082,26,phononTF,0.000509213,-0.00268731,-0.000660971,-0.0002625,985.653,0.000382,1,-0.00299876,-0.00099927,0.0002625,1870.1
0,1208958,10,phononTS,0.000990628,-0.00194067,-0.000846975,-0.0002625,3269.69,0.000382,1,-0.00299939,-0.000999842,0.0002625,4317.77
0,1209557,17,phononTS,0.000441852,-0.00100146,-0.00100293,0.000262498,6847.43,0.000441852,1,-0.00102771,-0.000957043,-0.0002625,6936.96
0,1210689,10,phononTS,0.000466813,-0.00100091,-0.000995938,0.0002625,1676.39,0.000466813,1,-0.000960076,-0.000955258,-0.0002625,1854.82
0,1210689,3,phononTS,0.0025584,-0.00347264,-2.30896e-05,0.000262498,891.184,0.00176638,1,-0.00351984,-0.000655553,-0.0002625,1052.86
0,1211388,21,phononTS,0.00111881,-0.00300083,-0.000995255,0.000262498,849.464,0.000466039,1,-0.00296486,-0.00105777,-0.0002625,948.662
0,1213150,2,phononTF,0.00143486,-0.00262099,0.00103731,-0.0002625,4.9161,0.000764,1,-0.00199698,0.00200099,0.0002625,455.663
0,1214159,9,phononTF,0.000785626,0.00147701,-0.000491669,-0.0002625,2257.36,0.000382,1,0.00200217,-4.88726e-06,0.0002625,3780.34
0,1214867,4,phononTS,0.000402687,-0.0031454,-0.000541496,-0.0002625,30.6865,0.000382,1,-0.0029961,-0.00100157,0.0002625,330.192
0,1216909,8,phononTS,0.000805773,0.00197371,-3.12954e-05,-0.0002625,1359.82,0.000382,1,0.00200161,2.2841e-06,0.0002625,3464.15
0,1218054,8,phononTS,0.000434387,-0.000144098,-0.00183957,-0.0002625,9224.74,0.000382,1,-3.94279e-06,-0.00199922,0.0002625,10024
0,1219146,31,phononTF,0.000883249,0.005,0.00204693,-0.000236251,4772.18,0.000382,1,0.0030047,0.000996152,0.0002625,7654.95
0,1220299,17,phononTS,0.000793853,0.000547782,0.00218415,-0.000262498,2865.75,0.000382,1,4.20162e-06,0.00199513,0.0002625,3029.37
0,1227651,7,phononTS,0.00127945,0.00217132,0.00440552,-0.0002625,48.9077,0.000764,1,-1.5717e-06,0.00200385,0.0002625,2710.38
0,1232569,4,phononTF,0.00113154,0.000142801,-0.00186388,-0.0002625,762.084,0.000382,1,1.35985e-06,-0.00200025,0.0002625,2367.17
0,1233826,3,phononL,0.000623511,-0.00096018,8.74894e-05,-0.0002625,501.32,0.000382,1,-0.00200129,3.6736e-08,0.0002625,901.862
0,1235973,5,phononTF,0.000811952,-0.00318984,-0.000552257,-0.0002625,119.271,0.000382,1,-0.00300229,-0.000999015,0.0002625,383.485
0,1236859,4,phononTS,0.00067978,-0.00113709,-0.00140536,-0.0002625,1278.42,0.000382,1,-4.04304e-06,-0.0020049,0.0002625,2071.79
0,1236939,3,phononTS,0.000911264,0.00100352,-0.00100132,0.0002625,113.676,0.00037491,1,0.00207463,-0.00119103,-0.0002625,1324.8
0,1238442,2,phononTF,0.00135236,-0.00352747,-0.000500398,-0.0002625,48.6377,0.000382,1,-0.00300287,-0.00100082,0.0002625,498.981
0,1238702,6,phononTF,0.000690834,-0.00233372,-0.000533959,-0.000262498,2572.04,0.000382,1,-0.002005,-8.9982e-07,0.0002625,2719.68
0,1239079,7,phononL,0.00135891,-0.00142992,0.000986241,-0.0002625,561.503,0.000382,1,-0.00100346,0.000998606,0.0002625,782.995
0,1239079,8,phononTS,0.00053571,-0.00100346,0.000998606,0.000262498,782.995,0.00053571,1,-0.00100594,0.000414379,-0.0002625,937.006
0,1239770,24,phononTS,0.000602447,-0.00162431,-2.77029e-05,-0.0002625,12947.9,0.000382,1,-0.00199689,3.35669e-06,0.0002625,13711.9
0,1241262,3,phononTS,0.00114195,-0.00145965,-0.000214444,-0.0002625,91.1064,0.000382,1,-0.00200017,6.89348e-07,0.0002625,1577.81
0,1246053,7,phononL,0.000551204,-0.0021074,0.0017911,-0.0002625,905.153,0.000382,1,-0.00200207,0.0019994,0.0002625,1121.94
0,1250077,16,phononTS,0.00110057,-0.00130685,-0.000994703,-0.0002625,607.796,0.000382,1,-0.00100402,-0.00100407,0.0002625,972.964
0,1250868,9,phononTS,0.000385888,4.10461e-05,-0.00235643,-0.0002625,4578.57,0.000382,1,4.65385e-06,-0.00199906,0.0002625,4921.59
0,1250868,3,phononTF,0.00326556,-0.00322986,-0.00036512,0.000262498,1354.74,0.00126933,1,-0.00318061,-0.000702311,-0.0002625,1470.12
0,1251482,5,phononTS,0.00116311,-0.00227089,0.000264039,-0.0002625,533.584,0.000382,1,-0.00200172,4.25123e-07,0.0002625,945.05
0,1253524,13,phononTF,0.00130154,-0.00305915,-0.000831865,-0.0002625,139.821,0.000382,1,-0.00299844,-0.00100218,0.0002625,625.866
0,1253524,16,phononTF,0.000883772,-0.00299844,-0.00100218,0.000262498,625.866,0.000883772,1,-0.00330797,-0.00153029,-0.0002625,772.265
0,1255102,12,phononTF,0.000981801,0.00100101,-0.00300204,0.0002625,4567.06,0.000341181,1,0.00109806,-0.00267137,-0.0002625,5481.59
0,1257336,10,phononTS,0.000483644,-0.0037785,0.000748291,-0.000262498,466.669,0.000382,1,-0.00199836,-4.68591e-06,0.0002625,857.809
0,1260120,6,phononTS,0.000977843,-0.00239461,1.68378e-05,-0.0002625,143.184,0.000382,1,-0.00200319,4.72904e-06,0.0002625,668.017
0,1264704,3,phononTF,0.00121449,-0.00312374,-0.00087479,-0.0002625,166.476,0.000382,1,-0.00299832,-0.000997292,0.0002625,759.97
0,1268752,2,phononTF,0.00129258,-0.00348811,-0.000528219,-0.0002625,188.049,0.000382,1,-0.00300053,-0.000999596,0.0002625,1211.86
0,1270554,28,phononTS,0.00122752,0.00200074,0.00199746,0.0002625,18310.3,0.000369698,1,0.0040027,0.0010145,-0.0002625,19222.6
0,1273378,8,phononTS,0.00129276,-0.0034094,-0.000904927,-0.000262498,371.419,0.000764,1,-0.0020003,-2.5912e-06,0.0002625,719.217
0,1280695,13,phononTS,0.000597588,-0.005,0.00258076,-0.000170281,4744.41,0.000597588,1,-0.00494208,0.00258837,-0.0002625,6774.57
0,1281408,17,phononTF,0.000518031,-0.00354225,-0.000186095,-0.000262498,698.227,0.000382,1,-0.00299606,-0.000997715,0.0002625,896.391
0,1282834,15,phononTF,0.000701486,-0.0022865,0.000300751,-0.0002625,441.355,0.000382,1,-0.00200313,4.71863e-06,0.0002625,1011.08
0,1283765,22,phononTF,0.000687583,-0.00185703,-0.00185744,-0.0002625,4654.96,0.000382,1,-0.002005,-0.00200447,0.0002625,5136.73
0,1284216,11,phononL,0.000694292,0.000755707,0.00114793,-0.0002625,5584.27,0.000382,1,0.000999455,0.000998714,0.0002625,5786.4
0,1285470,6,phononTS,0.000597286,-0.00305411,-0.000429024,-0.0002625,25.1418,0.000382,1,-0.00299765,-0.00100125,0.0002625,344.498
0,1287591,6,phononTS,0.000490111,-0.00152886,0.00144956,-0.0002625,2108.46,0.000382,1,4.82763e-06,0.00200062,0.0002625,7802.68
0,1288290,5,phononTF,0.000759334,-0.00274019,-0.00125863,-0.0002625,79.3788,0.000382,1,-0.00299872,-0.000999203,0.0002625,724.616
0,1299167,8,phononTS,0.0011095,-0.00365374,0.000956617,-0.000262498,1819.3,0.000382,1,-0.00200027,-0.0019968,0.0002625,2466.31
0,1299404,9,phononTF,0.000600443,-0.00224724,0.000264502,-0.0002625,725.921,0.000382,1,-0.00199781,1.57388e-06,0.0002625,1282.21
0,1301180,24,phononTF,0.000448947,-0.000996088,0.000998971,0.000262498,3363.5,0.000448947,1,-0.000680266,0.000686762,-0.0002625,3481.38
0,1301679,5,phononTS,0.00132047,-0.00214394,0.000143008,-0.0002625,144.173,0.000382,1,-0.00199673,-6.53319e-07,0.0002625,714.695
0,1301714,2,phononTS,0.000766168,-0.00205505,-1.83734e-05,-0.0002625,16.4312,0.000382,1,-0.00200228,-2.04596e-06,0.0002625,1000.45
0,1301715,1,phononL,0.01,-0.00352225,0.000163651,-0.000204386,0,0.0058314,1,-0.00351552,0.000198452,-0.0002625,782.427
0,1302733,16,phononTS,0.00147664,-0.00023054,-0.00204611,-0.0002625,1040.52,0.000764,1,2.95601e-06,-0.00200357,0.0002625,1372.55
0,1308304,10,phononTS,0.000785006,-9.84099e-05,-0.00210835,-0.0002625,800.46,0.000382,1,3.18969e-06,-0.00200256,0.0002625,1122.42
0,1308843,14,phononTS,0.000683815,-0.00203624,-4.51743e-05,-0.0002625,407.237,0.000382,1,-0.0019964,-5.13775e-07,0.0002625,1061.62
0,1315915,6,phononTS,0.000494574,-0.00186949,0.00198491,-0.0002625,501.085,0.000382,1,-0.00200355,0.00200494,0.0002625,2481.65
0,1315916,3,phononTF,0.00424466,-0.00236495,0.000308887,6.20389e-05,421.948,0.00123839,1,-0.00224838,0.000434896,-0.0002625,580.5
0,1318746,11,phononTS,0.000453112,-0.00158823,0.00123014,-0.000262498,1356.91,0.000382,1,-0.000999329,0.000996008,0.0002625,1529.97
0,1325163,6,phononTF,0.000552618,-0.00266461,-0.00127131,-0.000262498,2363.79,0.000382,1,-0.00299569,-0.0009988,0.0002625,2482.02
0,1332309,6,phononTF,0.000543102,-0.00342827,-0.000753296,-0.000262498,214.803,0.000382,1,-0.00299663,-0.000996818,0.0002625,345.605
0,1345076,11,phononTF,0.000519769,-0.00299951,-0.000995667,0.000262498,1598.55,0.000519769,1,-0.00279672,-0.00123626,-0.0002625,1704.58
0,1347653,2,phononTS,0.0011295,-3.23417e-06,0.001998,0.0002625,291.34,0.000616199,1,3.12029e-05,0.00194638,-0.0002625,2572.5
0,1351048,19,phononTS,0.000838147,-0.0046002,0.005,0.000243473,4716.72,0.000382,1,-0.00200006,0.00200463,0.0002625,5877.62
0,1351198,18,phononTS,0.000570563,0.00396498,0.000645936,-0.0002625,8648.29,0.000382,1,0.00299898,0.000996425,0.0002625,10254.1
0,1352189,7,phononTS,0.000662252,-4.49856e-05,0.0020272,-0.000262498,1495.76,0.000382,1,1.11119e-06,0.00199612,0.0002625,1585.12
0,1354929,4,phononTS,0.000909084,-0.00284328,-6.62546e-05,-0.0002625,282.918,0.000382,1,-0.00200053,-4.68331e-07,0.0002625,674.677
0,1360961,44,phononTS,0.000425793,0.00100132,0.000997371,0.000262498,12749.3,0.000425793,1,0.000927767,0.000208735,-0.0002625,12941.8
0,1361034,27,phononTF,0.000507576,-0.00100314,-0.00099626,0.0002625,3085.72,0.000507576,1,-0.00394476,-0.00152322,-0.0002625,9199.54
0,1363281,10,phononTF,0.000859946,-0.00315113,-0.00108009,-0.0002625,12628.6,0.000382,1,-0.00299907,-0.000998055,0.0002625,12930.6
0,1364276,23,phononL,0.000508933,-0.00252551,-0.00239454,-0.0002625,9100.01,0.000382,1,-0.001999,-0.00200338,0.0002625,9734.23
0,1364276,2,phononTS,0.0025155,-0.00319379,3.26079e-05,0.000262498,7.9834,0.0010908,1,-0.00323136,-1.23851e-05,-0.0002625,97.1897
0,1364694,13,phononL,0.000504502,0.0023392,-0.000308338,-0.000262498,4712.36,0.000382,1,0.00199978,6.14409e-07,0.0002625,4788.88
0,1366431,8,phononTS,0.00106628,-0.00147872,-0.000861816,-0.0002625,557.237,0.000382,1,-0.00100218,-0.000998811,0.0002625,1010.48
0,1366701,6,phononTS,0.000499744,-4.81237e-05,1.0793e-05,-0.0002625,1575.47,0.000382,1,6.42261e-07,-3.98153e-06,0.0002625,9718.67
0,1368197,13,phononTS,0.000697508,-0.0021287,0.00306627,-0.0002625,2961.7,0.000382,1,-0.00199623,0.00200065,0.0002625,3759.61
0,1372422,11,phononTS,0.00118084,0.000997614,0.000930593,-0.000262498,4303.17,0.000382,1,0.00100463,0.000999959,0.0002625,4401.15
0,1376734,10,phononTF,0.000391419,0.000552163,0.00212484,-0.0002625,1046.91,0.000382,1,0.00100474,0.00100458,0.0002625,3195.73
0,1376734,2,phononTS,0.000984259,-0.00322028,8.12542e-05,0.000262498,141.537,0.000984259,1,-0.00422643,0.000562803,-0.0002625,393.315
0,1377595,13,phononTS,0.000802539,-0.000560957,0.0021106,-0.0002625,7138.56,0.000382,1,-2.799e-06,0.00200171,0.0002625,10207.8
0,1379141,14,phononL,0.000801632,-0.00256071,-0.0016952,-0.000262498,8589.91,0.000382,1,-0.00199657,-0.00200477,0.0002625,8680.6
0,1381960,4,phononTS,0.00189643,-0.000649633,0.00187632,-0.0002625,314.161,0.001146,1,4.52732e-06,0.00200186,0.0002625,1164.03
0,1383012,3,phononTS,0.00095161,-0.00197106,-0.00197037,-0.0002625,110.836,0.000382,1,-0.00199825,-0.00200077,0.0002625,1410.65
0,1383924,11,phononTF,0.000559238,0.00200386,4.14907e-06,0.000262498,4258.33,0.000559238,1,0.00220193,-0.000192334,-0.0002625,4360.11
0,1386304,18,phononTF,0.000594331,0.000995393,-0.00300129,0.0002625,796.498,0.000512511,1,0.00132371,-0.00302299,-0.0002625,1843.05
0,1387000,4,phononL,0.0021651,-0.00256426,-0.000603694,-0.0002625,42.1478,0.000382,1,-0.00300257,-0.000995231,0.0002625,372.745
0,1387270,16,phononTF,0.000560055,-0.00222111,-0.0022491,-0.0002625,2297.57,0.000382,1,-0.0019993,-0.00199572,0.0002625,2992.46
0,1387270,2,phononTF,0.00132385,-0.00326223,0.000119111,0.000262498,12.4295,0.000555637,1,-0.00341075,0.000275643,-0.0002625,109.567
0,1395149,2,phononTS,0.00234177,-0.00303157,-0.000625224,-0.0002625,185.749,0.000382,1,-0.00299675,-0.000997015,0.0002625,428.025
0,1397048,6,phononTS,0.000480523,-0.00261305,5.60189e-05,-0.0002625,324.439,0.000382,1,-0.00199877,-2.25236e-06,0.0002625,800.065
0,1398429,7,phononL,0.000427754,-0.00208911,0.000637903,-0.0002625,593.41,0.000382,1,-0.0020015,4.04481e-06,0.0002625,841.528
0,1398429,3,phononTF,0.00068231,-0.00280875,-9.23777e-05,0.000262498,498.875,0.00068231,1,-0.00249342,-0.000273765,-0.0002625,612.818
0,1400569,15,phononTS,0.00055281,-0.00177174,-0.00208065,-0.0002625,3181.97,0.000382,1,-0.00199699,-0.00199815,0.0002625,3824.2
0,1416709,12,phononTF,0.000488424,-0.00131816,0.00312684,-0.0002625,1603.29,0.000382,1,-0.0010041,0.0030002,0.0002625,2101.8
0,1418010,8,phononTS,0.000619844,-0.00194633,-1.39146e-05,-0.0002625,808.078,0.000382,1,-0.00200228,-2.88342e-06,0.0002625,1163.1
0,1418010,2,phononTS,0.00349104,-0.00320857,-1.54981e-05,-0.000148053,301.751,0.0014661,1,-0.00307987,0.000280191,-0.0002625,442.988
0,1419144,8,phononTS,0.000454469,-0.00200296,3.84401e-06,0.000262498,1011.93,0.000454469,1,-0.0020029,5.95726e-05,-0.0002625,1108.51
0,1421381,18,phononTF,0.000439612,-0.00124003,0.00325241,-0.000262499,7324.91,0.000382,1,-0.00100088,0.00299651,0.0002625,7433.63
0,1421940,8,phononTS,0.000732465,-0.00195706,0.00228025,-0.000262498,2191.68,0.000382,1,-0.00200103,0.00200037,0.0002625,2308.7
0,1428306,4,phononTS,0.00134077,-0.00254874,0.00102154,-0.0002625,32.6272,0.000382,1,-0.00199811,0.00199788,0.0002625,539.589
0,1429620,11,phononTS,0.00137076,-0.000838627,0.00295605,-0.000262498,1462.72,0.000764,1,-0.00100346,0.00299734,0.0002625,1567.12
0,1432161,16,phononTS,0.000566787,-0.00200332,1.88158e-06,0.000262498,842.151,0.000566787,1,-0.00216424,-0.00106062,-0.0002625,1087.69
0,1435804,12,phononTS,0.000759128,-8.65833e-05,-0.00108223,-0.000262498,2921.13,0.000382,1,-0.000998512,-0.000999089,0.0002625,3127.61
0,1443341,14,phononTS,0.000461425,-0.00200147,0.00199807,0.000262498,13570.1,0.000461425,1,-0.0024608,0.00207816,-0.0002625,13715.4
0,1448030,31,phononTF,0.000533752,-0.000998892,0.0010043,0.0002625,6188.45,0.000533752,1,-0.00130855,0.00131383,-0.0002625,6422.52
0,1457296,17,phononTS,0.000608372,-0.00212434,0.000557034,-0.0002625,927.186,0.000382,1,-0.000996139,0.00100174,0.0002625,4988.92
0,1457297,1,phononTF,0.01,-0.00369633,0.000207318,-0.000237856,0,0.00208309,1,-0.0037131,0.000223397,-0.0002625,554.096
0,1460559,10,phononTF,0.00101219,-0.0015467,-0.0024472,-0.0002625,1639.01,0.000382,1,-0.00199927,-0.00200042,0.0002625,8902.66
0,1461810,27,phononTF,0.000580126,0.0015534,-0.00245298,-0.000262498,6335.18,0.000382,1,0.000999497,-0.00299531,0.0002625,6495.48
0,1470262,31,phononTS,0.000466552,-0.00258555,0.00233004,-0.000262498,3479.67,0.000382,1,0.00100494,-0.0010001,0.0002625,4339.76
0,1475779,21,phononTS,0.000509626,0.00303469,0.000762769,-0.000262498,3488.22,0.000382,1,0.00299936,0.000997355,0.0002625,3600.12
0,1476056,7,phononTS,0.000441698,-0.00206184,0.0020177,-0.0002625,232.52,0.000382,1,-0.00199628,0.00200404,0.0002625,966.97
0,1483118,12,phononTF,0.000403579,-0.0025791,0.00244743,-0.0002625,8453.2,0.000382,1,-0.000995309,0.0030027,0.0002625,9826.1
0,1483773,6,phononTF,0.000406408,-0.00217416,0.00013219,-0.0002625,490.539,0.000382,1,-0.00199557,-1.79875e-06,0.0002625,688.123
0,1484349,7,phononTS,0.000409013,-0.00281987,6.77274e-05,-0.000262498,428.044,0.000382,1,-0.00299844,-0.000998117,0.0002625,674.471
0,1485085,11,phononTS,0.000449615,0.0016897,-0.00209504,-0.000262498,6333.95,0.000382,1,0.00100274,-0.00100467,0.0002625,6616.1
0,1486382,8,phononTS,0.000566141,0.00226032,-1.2441e-05,-0.000262498,2552.92,0.000382,1,0.00199871,-1.91066e-06,0.0002625,2668.92
0,1500962,8,phononTS,0.00075325,-0.00110675,-0.000747811,-0.0002625,10939.3,0.000382,1,-0.000996488,-0.000997357,0.0002625,12969.2
0,1502364,16,phononTF,0.00038769,-0.00200081,-0.00200144,0.000262498,3214.88,0.00038769,1,-0.00233098,-0.00266515,-0.0002625,3382.42
0,1503469,10,phononTS,0.0006602,-0.00197792,0.00194701,-0.0002625,2305.38,0.000382,1,-0.0020005,0.00200216,0.0002625,2574.05
0,1508248,10,phononTS,0.00135857,-0.00265375,-6.09124e-05,-0.0002625,2584.29,0.000382,1,-0.00200205,2.10248e-06,0.0002625,3085.73
0,1508726,8,phononTS,0.00122214,3.19311e-05,0.00203451,-0.0002625,1284.1,0.000382,1,2.32631e-06,0.00200015,0.0002625,1730.92
0,1514242,13,phononTS,0.00116387,-0.00225197,0.00197133,-0.0002625,1920.26,0.000382,1,-0.00200491,0.0019959,0.0002625,2716.82
0,1514715,8,phononTS,0.00040146,-0.00188926,-0.00156187,-0.0002625,888.227,0.000382,1,-0.0020011,-0.00200152,0.0002625,1906.52
0,1516440,6,phononTS,0.000565308,-0.00303664,-0.00036479,-0.0002625,480.133,0.000382,1,-0.00300418,-0.000995006,0.0002625,1688.37
0,1522521,8,phononTS,0.000857117,-0.00300055,-0.000999784,0.000262498,1081.15,0.000857117,1,-0.00302023,-0.0010519,-0.0002625,1175.61
0,1529882,9,phononTS,0.000570712,-0.00223888,0.00332367,-0.0002625,212.099,0.000382,1,-0.00100013,0.00299924,0.0002625,2670.01
0,1530207,12,phononTS,0.000817305,-0.00192713,0.000841973,-0.000262498,422.739,0.000382,1,-0.00200408,2.59788e-06,0.0002625,623.955
0,1531937,14,phononTF,0.000603284,-0.00343948,-0.00125867,-0.0002625,3153.91,0.000382,1,-0.00299513,-0.0010009,0.0002625,5057.83
0,1536979,6,phononTS,0.000691173,-0.0029773,-0.00105643,-0.0002625,226.712,0.000382,1,-0.00299626,-0.00100179,0.0002625,802.351
0,1541497,4,phononL,0.0015654,-0.00228886,0.00151742,-0.0002625,22.8703,0.000382,1,-0.00200056,0.00199817,0.0002625,358.102
0,1551376,7,phononTF,0.00110741,0.00121575,-0.00121333,-0.0002625,2970.93,0.000382,1,0.000996077,-0.00100357,0.0002625,3446.78
0,1552788,8,phononTS,0.000818891,0.00103947,-0.00177756,-0.0002625,818.922,0.000382,1,0.00199731,-0.00199865,0.0002625,2328.74
0,1561318,9,phononTF,0.000498883,-0.00199956,1.73902e-06,0.000262498,1326.88,0.000498883,1,-0.00255463,-0.000535966,-0.0002625,1486.72
0,1562531,8,phononTS,0.000977643,-0.002012,0.00262281,-0.0002625,2053.79,0.000382,1,-0.00199942,0.00199665,0.0002625,2920.8
0,1562960,8,phononTF,0.000436455,-0.000501931,-0.000646376,-0.0002625,1188.84,0.000382,1,-0.000999948,-0.00100308,0.0002625,1536.51
0,1566182,7,phononTS,0.00124419,-0.00102238,0.00105097,-0.0002625,3964.36,0.000764,1,-0.000998337,0.000996285,0.0002625,4536.4
0,1568591,14,phononTF,0.000643016,-0.00235663,-0.00166316,-0.0002625,2629.91,0.000382,1,-0.00200077,-0.0019989,0.0002625,4863.02
0,1572262,15,phononTS,0.000707739,-0.005,0.000161119,-0.00025911,1200.56,0.000382,1,-0.00199942,0.00199811,0.0002625,2152.47
0,1574744,14,phononTS,0.000409376,0.000294122,-0.000260805,-0.0002625,3849.1,0.000382,1,-0.000999495,0.000999561,0.0002625,6585.1
0,1579155,6,phononTS,0.000765596,0.000978172,0.00143052,-0.0002625,3062.88,0.000382,1,3.8745e-06,4.41878e-06,0.0002625,4682.9
0,1580579,14,phononTS,0.000424941,-0.0048781,-0.00442534,-0.0002625,8192.67,0.000382,1,-0.00199858,-0.00199562,0.0002625,13549.6
0,1580987,3,phononTF,0.00516535,-0.00176139,0.00176208,8.503e-05,1128.02,0.001146,1,-0.00200066,0.00199711,0.0002625,1565.42
0,1582222,18,phononTS,0.000556359,-0.000975772,0.00267148,-0.0002625,1725.99,0.000382,1,-0.000995135,0.00300451,0.0002625,2780.84
0,1587754,7,phononTF,0.00126754,-0.0027794,-0.00121576,-0.0002625,350.142,0.000764,1,-0.00300148,-0.0010039,0.0002625,889.989
0,1592636,17,phononTS,0.000450845,-0.00169354,0.00289119,-0.0002625,13437.7,0.000382,1,-0.00199541,0.0019978,0.0002625,14545
0,1596019,7,phononTS,0.000414147,-0.00054925,-0.00280453,-0.0002625,3943.8,0.000382,1,-0.00200203,-0.00199736,0.0002625,8672.19
0,1596019,4,phononTF,0.00169262,-0.00324412,1.55396e-05,0.000262498,8.91698,0.000668021,1,-0.00301604,0.000255068,-0.0002625,115.076
0,1596267,5,phononTF,0.000700889,-0.005,0.00116781,-4.13567e-05,41.1919,0.000382,1,-0.00200313,0.00200412,0.0002625,3163.27
0,1597097,9,phononTF,0.000690406,6.16996e-05,6.35527e-05,-0.0002625,1608.82,0.000382,1,-2.35837e-06,-2.27034e-06,0.0002625,1882.55
0,1602990,6,phononTS,0.000836216,-4.53409e-05,-0.00198055,-0.0002625,13.0458,0.000382,1,4.56535e-06,-0.00200326,0.0002625,1305.03
0,1604680,21,phononTF,0.000435587,-0.00284875,0.000833356,-0.000262498,11909,0.000382,1,-0.00199512,-1.92551e-06,0.0002625,12132.3
0,1606735,7,phononTS,0.000542484,-0.000268796,-0.00190827,-0.000262498,3874.92,0.000382,1,0.00199976,0.00199963,0.0002625,4765.73
0,1608588,16,phononTF,0.000410236,-0.00331949,-0.000597684,-0.000262498,2478.33,0.000382,1,-0.00300346,-0.00100176,0.0002625,2607.34
0,1611061,7,phononTS,0.000409771,-0.00297528,-0.000981585,-0.0002625,924.552,0.000382,1,-0.00300402,-0.000998398,0.0002625,1398.01
0,1611061,5,phononTS,0.00137732,0.00311713,-0.005,-6.75093e-05,171.556,0.000749999,1,0.00329833,-0.00444369,-0.0002625,2510.2
0,1612279,9,phononTF,0.000588369,-0.000852399,0.00301129,-0.0002625,3453.86,0.000382,1,-0.000998977,0.00300099,0.0002625,3918.39
0,1612693,16,phononTF,0.0005731,-0.00243653,0.000184227,-0.0002625,433.263,0.000382,1,-0.00200149,6.32563e-08,0.0002625,824.258
0,1614253,11,phononL,0.00121238,0.000450531,-0.00102215,-0.0002625,316.684,0.000382,1,0.000999111,-0.00100102,0.0002625,2954.98
0,1614253,12,phononTS,0.000529696,0.000999111,-0.00100102,0.000262498,2954.98,0.000529696,1,0.00104977,-0.000973578,-0.0002625,3044.41
0,1616449,13,phononTS,0.000400681,-0.00389933,-0.0012241,-0.0002625,9284.81,0.000382,1,-0.00300065,-0.00100207,0.0002625,13679.5
0,1619332,13,phononTF,0.00106029,0.000852046,0.000859936,-0.0002625,8705.02,0.000382,1,0.000995498,0.00100005,0.0002625,9002.23
0,1624228,14,phononTF,0.000675549,0.00147229,0.000638937,-0.0002625,4345.89,0.000382,1,0.000998308,0.00100409,0.0002625,8055.74
0,1626561,5,phononTF,0.000429872,-0.00220969,0.0016868,-0.0002625,17.5845,0.000382,1,-0.00199605,0.00200282,0.0002625,705.831
0,1627404,25,phononTS,0.000508452,0.00194984,0.00196262,-0.000262498,18650.6,0.000382,1,0.00199676,0.00200253,0.0002625,18739.7
0,1628398,8,phononTS,0.000487322,-0.00298554,-0.000980723,-0.000262498,9738.26,0.000382,1,-0.00299666,-0.000999325,0.0002625,9830.4
0,1629964,12,phononTS,0.000464379,0.000429815,-0.00113541,-0.0002625,17011.4,0.000382,1,0.00200279,-0.0020006,0.0002625,18100.3
0,1629964,4,phononTF,0.00137393,-0.00298623,0.000784558,0.000262498,290.578,0.00104988,1,-0.00274584,0.00105696,-0.0002625,401.043
0,1629964,3,phononTS,0.000518195,-0.00298623,0.000784558,0.000262498,290.578,0.000518195,1,-0.00216756,0.000998412,-0.0002625,489.999
0,1630635,10,phononL,0.000522671,0.00199937,4.60254e-06,0.000262498,6766.51,0.000522671,1,0.00215288,0.000807119,-0.0002625,6871.06
0,1634550,14,phononTF,0.000726407,0.00109863,0.000905798,-0.000262498,2589.37,0.000382,1,0.00100228,0.00100323,0.0002625,2682.32
0,1640091,11,phononTS,0.000551327,-0.00325455,-0.000813883,-0.000262498,245.968,0.000382,1,-0.00299803,-0.00100309,0.0002625,374.814
0,1643169,10,phononTF,0.00112394,-0.00189191,-0.00223412,-0.0002625,95.7909,0.000382,1,-0.0010021,-0.00100176,0.0002625,1073.22
0,1643734,13,phononL,0.000675211,-0.00085089,8.93611e-05,-0.0002625,227.169,0.000382,1,3.49485e-06,-3.51202e-06,0.0002625,551.302
0,1643972,3,phononL,0.00126989,0.0018176,0.000881168,-0.0002625,681.122,0.000382,1,0.00300266,0.000999817,0.0002625,1383.99
0,1645915,5,phononTS,0.000476247,3.19789e-05,-0.00219778,-0.0002625,52.7049,0.000382,1,-5.35122e-07,-0.0019961,0.0002625,2068.06
0,1650007,7,phononL,0.000742958,-0.00254142,-0.000893269,-0.0002625,761.061,0.000382,1,-0.00299974,-0.000998269,0.0002625,989.64
0,1650197,14,phononTS,0.00136313,-0.00154066,0.000953396,-0.0002625,1035.27,0.000382,1,-0.00200426,0.00200132,0.0002625,1606.14
0,1651874,21,phononTS,0.000589566,0.00121579,0.0019752,-0.000262498,2518.5,0.000382,1,0.00200138,0.00200058,0.0002625,2706.93
0,1660769,13,phononTF,0.000634752,-0.0021966,-0.00168885,-0.0002625,1409.32,0.000382,1,-0.0020002,-0.00200216,0.0002625,1979.28
0,1672457,20,phononTS,0.0010383,-0.00199913,0.00200211,0.000262498,3212.75,0.00084454,1,-0.00175567,0.00199803,-0.0002625,3325.82
0,1675290,11,phononTF,0.000409056,-0.000464761,0.00172489,-0.000262498,3783.18,0.000382,1,-0.000997666,0.00100234,0.0002625,3967.31
0,1681822,18,phononL,0.000663893,0.00104743,-0.00390397,-0.0002625,1458.47,0.000382,1,0.000998415,-0.00300493,0.0002625,3941.02
0,1682518,15,phononTF,0.000673582,0.000477094,-0.000107884,-0.0002625,1533.19,0.000382,1,0.000996504,-0.000995364,0.0002625,3279.99
0,1682518,11,phononTS,0.000673845,-0.0027229,0.000582697,0.000262498,146.672,0.000673845,1,-0.00320808,0.00118745,-0.0002625,344.59
0,1683221,8,phononTS,0.000506379,-5.52774e-05,0.00117194,-0.000262498,7310.78,0.000382,1,2.89896e-06,0.00200444,0.0002625,7505.69
0,1687469,6,phononTF,0.000943768,-0.00187949,-0.00188201,-0.0002625,719.382,0.000382,1,-0.00199596,-0.0020031,0.0002625,7102.76
0,1688936,8,phononTS,0.000821299,-0.00341284,0.00110485,-0.0002625,806.829,0.000382,1,-0.00199797,0.00199821,0.0002625,1965.8
0,1690484,18,phononTF,0.00134579,-0.0016111,-0.00239635,-0.0002625,2207.27,0.000764,1,-0.00199643,-0.00199675,0.0002625,2599.46
0,1691476,9,phononL,0.000458513,0.00200209,1.39292e-06,0.0002625,11080.4,0.000458513,1,0.00233268,0.000349546,-0.0002625,12411.7
0,1691886,29,phononTS,0.000714132,-0.00132761,0.00301967,-0.000262499,2560.44,0.000382,1,-0.000997391,0.00299767,0.0002625,2683.8
0,1692195,9,phononTS,0.000520587,-0.00244802,0.000206834,-0.0002625,690.346,0.000382,1,-0.00200185,-3.46875e-06,0.0002625,1374.07
0,1693557,11,phononTS,0.00399956,-0.00212031,-1.77644e-05,-0.0002625,135.69,0.000764,1,-0.00199838,-1.95418e-06,0.0002625,713.732
0,1693557,13,phononTS,0.00202897,-0.00199838,-1.95418e-06,0.000262499,713.732,0.00171323,1,-0.00195715,-1.26505e-05,-0.0002625,807.42
0,1693841,2,phononTS,0.000408798,-0.0026057,1.26362e-05,-0.0002625,10.5164,0.000382,1,-0.00199963,-3.15512e-06,0.0002625,326.24
0,1694823,6,phononTS,0.00121963,-0.00107403,-0.0013193,-0.0002625,245.899,0.000382,1,1.29162e-06,-0.0019993,0.0002625,1084.03
0,1696196,2,phononL,0.00219937,-0.00245522,0.000161465,-0.0002625,1157.38,0.000382,1,-0.00200366,2.41339e-06,0.0002625,1448.28
0,1696196,17,phononTF,0.000506164,-0.00200366,2.41339e-06,0.000262498,1448.28,0.000506164,1,-0.00225157,-3.57502e-05,-0.0002625,1552.73
0,1699387,5,phononTF,0.000398669,0.0016613,-0.00175777,-0.0002625,1397.69,0.000382,1,0.00199554,-0.00200101,0.0002625,1633.11
0,1699645,14,phononTS,0.000721703,-0.00194096,-0.00119898,-0.0002625,1197.53,0.000382,1,-0.00199518,-0.00200343,0.0002625,1768.14
0,1699645,2,phononTS,0.00249796,-0.00305152,0.000217448,-4.41907e-05,124.556,0.000579036,1,-0.00305112,0.000213391,-0.0002625,163.034
0,1702436,12,phononTS,0.000684261,-0.00204442,-1.55094e-05,-0.000262498,531.694,0.000382,1,-0.00200043,2.99268e-06,0.0002625,621.756
0,1706114,6,phononL,0.000414032,-0.000298215,0.00241497,-0.0002625,841.348,0.000382,1,2.29956e-06,0.00200333,0.0002625,1064.77
0,1708918,4,phononL,0.00101019,-0.00216345,0.00183058,-0.0002625,123.116,0.000382,1,-0.0019989,0.00199803,0.0002625,1248.67
0,1712212,7,phononTS,0.000589227,-0.00198275,0.000621501,-0.0002625,38.5959,0.000382,1,-0.00199921,6.06832e-07,0.0002625,2770.81
0,1716190,12,phononL,0.000493824,0.00126641,-0.0034571,-0.000262498,4480.98,0.000382,1,0.00100424,-0.00300262,0.0002625,4561.96
0,1717927,11,phononTS,0.000712065,-0.00253726,5.51431e-05,-0.0002625,353.036,0.000382,1,-0.00200124,4.64117e-06,0.0002625,958.178
0,1720849,7,phononTF,0.00111162,0.00300477,0.00100388,0.000262498,3441.8,0.000244359,1,0.0036669,0.000481939,-0.0002625,3616.47
0,1721073,13,phononTS,0.000536049,-0.00105334,0.00218718,-0.000262498,4001.18,0.000382,1,-0.00100174,0.00299978,0.0002625,4196.47
0,1727219,5,phononTF,0.000806851,0.00053257,-0.00273763,-0.0002625,101.862,0.000382,1,0.000999898,-0.00299829,0.0002625,1485.93
0,1728679,4,phononTF,0.00130736,-0.00200035,0.00199825,0.0002625,3.30578,0.000868665,1,-0.00244162,0.00243429,-0.0002625,1086.23
0,1729061,9,phononTF,0.000614594,0.00156894,0.00155317,-0.000262498,2485.37,0.000382,1,0.00100135,0.000997758,0.0002625,2648.3
0,1729265,7,phononTF,0.00256106,-0.00212239,0.00216221,-0.0002625,1391.72,0.000764,1,-0.0019994,0.00200279,0.0002625,2100.52
0,1734094,12,phononL,0.00042157,-0.00226535,-0.000156085,-0.000262498,738.514,0.000382,1,-0.00200039,2.90713e-06,0.0002625,806.805
0,1738433,22,phononTF,0.000419755,-0.000442953,0.00247643,-0.0002625,3843.29,0.000382,1,1.18599e-06,0.00200336,0.0002625,4275.55
0,1743677,8,phononTS,0.00086735,-0.00300396,-0.00100483,0.000262498,334.163,0.00086735,1,-0.00318566,-0.000960488,-0.0002625,440.191
0,1743852,2,phononL,0.00113313,-0.00232311,1.74058e-05,-0.0002625,14.1837,0.000764,1,-0.00199546,3.34373e-06,0.0002625,289.97
0,1746743,10,phononTS,0.000718017,0.00100304,0.0010017,0.000262498,4934.12,0.000718017,1,0.00172113,0.000929178,-0.0002625,5112.56
0,1752264,2,phononTF,0.000546505,0.000216978,0.005,4.87842e-05,11.8853,0.000382,1,-0.00100307,0.00299624,0.0002625,2820.86
0,1755599,23,phononL,0.000508601,-0.00227736,-0.00151924,-0.000262498,369.133,0.000382,1,-0.00200464,-0.00199707,0.0002625,452.061
0,1755604,6,phononTS,0.00112043,0.0027854,0.00246534,-0.0002625,346.664,0.000382,1,0.00100121,0.00099599,0.0002625,4446.03
0,1757696,9,phononTS,0.000529092,-0.000244368,-0.00111621,-0.0002625,3526.98,0.000382,1,-0.00200499,0.00200419,0.0002625,5792.7
0,1761638,3,phononTS,0.00077666,-0.00321859,-0.00100549,-0.0002625,407.367,0.000382,1,-0.0030007,-0.00100089,0.0002625,1119.97
0,1764735,6,phononTS,0.00117851,-0.00105106,0.000952591,-0.0002625,841.448,0.000382,1,-0.000995068,0.00100067,0.0002625,1692.34
0,1766564,9,phononTS,0.000481203,0.00117042,0.000823998,-0.0002625,4537.38,0.000382,1,0.00100006,0.000997105,0.0002625,4894.4
0,1767080,13,phononTS,0.00193134,0.000954948,-0.0035533,-0.000262498,2084.01,0.000382,1,-4.35457e-06,-0.00200107,0.0002625,2449.06
0,1770162,3,phononL,0.000527419,-0.0031024,-0.000527708,-0.0002625,28.5123,0.000382,1,-0.00300018,-0.000996441,0.0002625,182.88
0,1770162,2,phononL,0.00118355,-0.00320463,-5.89766e-05,0.000262498,28.5123,0.00047751,1,-0.0034178,0.000655915,-0.0002625,127.201
0,1779508,5,phononTS,0.000524741,-0.00137691,-0.00151382,-0.0002625,1059.67,0.000382,1,-0.00199835,-0.00200137,0.0002625,2608.62
0,1779508,4,phononTF,0.00165514,0.005,-0.00253458,-0.000105482,1059.67,0.000287086,1,0.00479375,-0.00274611,-0.0002625,2653.09
0,1779848,12,phononTS,0.000539315,-3.67492e-05,-0.00163536,2.27402e-05,3670.11,0.000382,1,0.0010005,-0.000996732,0.0002625,11498.5
0,1782298,13,phononTS,0.00114585,-0.0010183,-0.000227736,-0.0002625,687.079,0.000382,1,4.98888e-06,0.00199665,0.0002625,3657.29
0,1786502,10,phononTS,0.000730835,-0.00304842,-0.00134835,-0.000262498,2053.98,0.000382,1,-0.00300365,-0.00100095,0.0002625,2179.28
0,1786690,11,phononTF,0.00103387,-0.00126455,0.00336011,-0.0002625,6262.67,0.000764,1,-0.00100338,0.00300256,0.0002625,8979.48
0,1795104,12,phononTS,0.000632343,0.00155269,-0.000567217,-0.0002625,1542.7,0.000382,1,3.79149e-06,0.00199548,0.0002625,5957.26
0,1797675,7,phononTF,0.000588757,-0.00300596,-0.000898902,-0.0002625,477.542,0.000382,1,-0.00299983,-0.00100384,0.0002625,1311.36
0,1799998,26,phononTS,0.000618335,0.000998448,-0.00299783,0.0002625,1589.87,0.000618335,1,0.00123591,-0.00300925,-0.0002625,1816.31
0,1802516,4,phononTF,0.00273805,-0.00223691,0.000345403,-0.0002625,1225.4,0.00191,1,-0.00200424,3.71968e-06,0.0002625,1738.24
0,1802945,13,phononL,0.000487531,-0.00227632,-0.00236635,-0.0002625,1009.53,0.000382,1,-0.00200198,-0.00199724,0.0002625,1228.23
0,1806827,15,phononTS,0.000944149,0.00321287,0.000982749,-0.0002625,2888.66,0.000382,1,0.00300095,0.000999344,0.0002625,3874.3
0,1808039,6,phononTS,0.000802747,-0.00304873,-0.000822908,-0.0002625,72.9607,0.000382,1,-0.00300358,-0.000995256,0.0002625,728.743
0,1813288,12,phononL,0.000466551,-0.00142774,-0.000238741,-0.000262498,2827.79,0.000382,1,-0.00200104,4.4374e-06,0.0002625,2916.23
0,1820207,14,phononTS,0.00236447,-0.00304809,-0.000954387,-0.000262498,2293.11,0.000764,1,-0.00300307,-0.000995917,0.0002625,2382.23
0,1822235,25,phononTF,0.000490332,-0.00281375,-0.00282821,-0.0002625,27331.2,0.000382,1,-0.00200405,-0.00200176,0.0002625,28374.2
0,1832403,8,phononTS,0.000688196,-0.00104243,-0.0016705,-0.000262498,937.787,0.000382,1,-0.00199957,-0.00200065,0.0002625,1166.18
0,1837942,11,phononTS,0.000500023,-0.00213108,-4.381e-05,-0.0002625,1307.31,0.000382,1,-0.00200426,-2.50919e-06,0.0002625,2465.12
0,1849639,20,phononTF,0.00039967,-0.00199789,2.00462e-06,0.0002625,16427.5,0.00039967,1,-0.00233654,0.00034777,-0.0002625,17894.1
0,1851760,9,phononTF,0.00074776,-0.00288363,-0.00111849,-0.0002625,719.299,0.000382,1,-0.00300326,-0.00100099,0.0002625,2111.06
0,1853416,2,phononTF,0.000998771,-0.00203674,0.000321503,-0.0002625,693.973,0.000382,1,-0.00200384,-3.19415e-06,0.0002625,1639.59
0,1853586,9,phononTF,0.000591563,-0.00258098,0.00259364,-0.000262498,10553.7,0.000382,1,-0.00200445,0.00199648,0.0002625,10722.7
0,1853970,12,phononTF,0.0012142,-0.00106556,-0.00106938,-0.0002625,3858.66,0.000764,1,-0.00100323,-0.001004,0.0002625,4132.24
0,1857957,10,phononTF,0.000457817,-0.000583072,0.00263455,-0.0002625,1111.9,0.000382,1,-0.000996585,0.00300426,0.0002625,2405.98
0,1858121,13,phononTF,0.000503179,-0.000996444,0.000997213,0.000262498,799.632,0.000503179,1,-0.00121722,0.00074042,-0.0002625,907.83
0,1862715,6,phononTS,0.000406128,-0.00203562,-0.000687585,-0.0002625,544.156,0.000382,1,-0.00199797,-2.1002e-07,0.0002625,4412.88
0,1864224,1,phononTS,0.01,-0.00292283,-0.000993164,0.000189812,0,0.000764,1,-0.00299678,-0.00100162,0.0002625,349.298
0,1864224,5,phononTS,0.00124572,-0.005,0.00215402,0.000105251,349.298,0.00124572,1,-0.00353812,0.00383554,-0.0002625,1507.69
0,1865146,13,phononTS,0.000439199,0.00159533,0.0010206,-0.000262498,10930.9,0.000382,1,0.00199517,0.00199529,0.0002625,11164.8
0,1866135,13,phononTF,0.00119824,-0.00138285,-0.00165212,-0.0002625,2066.75,0.000382,1,-0.000998479,-0.00100392,0.0002625,2566.62
0,1866702,2,phononTF,0.00203425,-0.0023867,-0.00161798,-0.0002625,1513.75,0.000382,1,-0.00199567,-0.00199601,0.0002625,2531.38
0,1866702,24,phononTS,0.000480275,-0.00199567,-0.00199601,0.000262498,2531.38,0.000480275,1,-0.00170572,-0.000771289,-0.0002625,2803.75
0,1868779,10,phononTS,0.00189345,-0.0019997,0.00199663,-0.0002625,1299.73,0.000764,1,-0.00200289,0.00199873,0.0002625,1572.28
0,1868779,11,phononTS,0.000512215,-0.00200289,0.00199873,0.000262498,1572.28,0.000512215,1,-0.00217843,0.00196815,-0.0002625,1677.83
0,1872771,9,phononTF,0.00128279,0.00175427,-0.00176313,-0.0002625,1962.79,0.000764,1,0.00200389,-0.00200099,0.0002625,2330.17
0,1873529,15,phononTS,0.00120685,-0.00199647,-0.00200351,0.000262498,1591.43,0.000590036,1,-0.00468069,-0.00453738,-0.0002625,2261.27
0,1883221,34,phononTS,0.00045634,0.000991767,0.00098628,-0.0002625,8778.13,0.000382,1,0.000996982,0.00100228,0.0002625,9940.28
0,1884113,12,phononTF,0.000435881,0.000451212,-0.00159488,-0.0002625,7302.17,0.000382,1,-0.00199509,-0.00200238,0.0002625,14702.7
0,1887362,7,phononL,0.000552888,0.00160934,-0.00236635,-0.0002625,3596.49,0.000382,1,0.00100117,-0.00299807,0.0002625,4387.88
0,1887362,4,phononTS,0.000922417,-0.0031281,-1.69167e-06,0.000262498,66.7917,0.00056548,1,-0.00316696,-0.000749989,-0.0002625,247.946
0,1888763,10,phononTF,0.000458875,-0.00331482,-0.000671042,-0.0002625,761.316,0.000382,1,-0.0029951,-0.00100438,0.0002625,1120.2
0,1890727,7,phononTF,0.000625367,-0.00125162,0.00265415,-0.0002625,2770.74,0.000382,1,-1.17328e-06,0.00199581,0.0002625,3238.06
0,1892824,9,phononTS,0.000677136,-0.000971043,0.00296991,-0.000262498,1979.62,0.000382,1,-0.000999829,0.0030018,0.0002625,2072.33
0,1892824,3,phononTS,0.000636157,-0.00323376,6.03707e-05,0.000262498,157.701,8.665e-05,1,-0.00326783,4.61529e-05,-0.0002625,253.57
0,1894678,6,phononTS,0.000768992,-0.00194915,-3.86231e-05,-0.000262498,583.857,0.000382,1,-0.00199706,-3.07909e-06,0.0002625,678.236
0,1899517,22,phononTS,0.000866996,-0.00301047,-0.00104909,-0.000262498,1287.28,0.000764,1,-0.00299565,-0.000995393,0.0002625,1377.22
0,1900293,13,phononTS,0.00088353,-0.000384796,-0.00245194,-0.0002625,2745.14,0.000382,1,0.000997452,-0.00299739,0.0002625,4210.1
0,1902670,6,phononTS,0.00108014,-0.00161815,0.00101854,-0.0002625,3.6344,0.000382,1,5.80522e-07,0.00199833,0.0002625,774.351
0,1910060,11,phononTS,0.000465286,-0.00297518,-0.000943223,-0.000262498,1899.25,0.000382,1,-0.00300154,-0.000997096,0.0002625,1988.68
0,1911592,15,phononTF,0.00132019,-0.000109924,0.00225425,-0.0002625,6228.1,0.000382,1,4.39403e-06,0.00200018,0.0002625,6756.77
0,1912018,27,phononTF,0.000401422,-0.000995644,0.000996852,0.000262498,8757.01,0.000401422,1,-0.00117624,0.00222374,-0.0002625,9013.44
0,1915505,3,phononTF,0.000647902,-0.00113404,-0.0010452,-0.0002625,289.791,0.000382,1,-0.000999937,-0.000999633,0.0002625,1068.71
0,1915505,2,phononTS,0.00173885,0.00136156,-0.005,2.75755e-05,289.791,0.000250242,1,-0.0012986,-0.00203032,-0.0002625,2324.05
0,1916973,4,phononTS,0.00253019,-0.00289401,-0.00125186,-0.0002625,754.905,0.000382,1,-0.00199901,-0.00200219,0.0002625,1280.19
0,1917340,14,phononTF,0.000521686,0.00175575,0.00267866,-0.000262498,9582.44,0.000382,1,0.000996062,0.000999413,0.0002625,9927.28
0,1920362,7,phononTF,0.000585912,0.00235497,-0.000226373,-0.0002625,360.11,0.000382,1,0.00200217,-3.21845e-06,0.0002625,3077.81
0,1920767,5,phononTS,0.000768306,-0.00308969,-0.00200086,-0.0002625,263.915,0.000382,1,-0.00299577,-0.00100156,0.0002625,2419.93
0,1921468,9,phononTS,0.00107005,3.05163e-06,-1.72358e-06,0.000262498,517.054,0.000834989,1,6.62451e-06,-2.33059e-05,-0.0002625,606.981
0,1921717,12,phononTS,0.00113669,-0.000719697,0.0034333,-0.000262498,6323.99,0.000382,1,1.5635e-06,0.00200355,0.0002625,6658.44
0,1921898,4,phononTS,0.000842829,-0.00268476,-0.00047897,-0.000262498,176.562,0.000382,1,-0.00300412,-0.000997655,0.0002625,347.556
0,1926434,17,phononL,0.000382149,-0.000516048,0.00253242,-0.000262498,5526.36,0.000382,1,1.64911e-06,0.00199694,0.0002625,5627.37
0,1926646,27,phononTS,0.00054331,-0.000961129,-0.000983731,-0.0002625,1205.24,0.000382,1,-0.000998104,-0.000999187,0.0002625,1643.37
0,1927323,12,phononTS,0.000713628,0.00199734,0.00200155,0.000262498,4282.63,0.000713628,1,0.00194942,0.00204079,-0.0002625,4371.74
0,1931511,9,phononTS,0.000880269,-0.00378261,-0.00275957,-0.000262498,659.37,0.000382,1,-0.00199673,-0.00200125,0.0002625,1051.8
0,1933648,14,phononTS,0.000479956,-0.00120663,0.00331795,-0.000262498,8273.52,0.000382,1,-0.000999536,0.00300185,0.0002625,8410.36
0,1934151,17,phononTS,0.000503211,-0.000894599,-0.005,-0.000120939,704.826,0.000382,1,0.00200247,-0.00200102,0.0002625,2413.41
0,1944289,6,phononTS,0.00065596,-0.00300664,-0.00105274,-0.0002625,1722.04,0.000382,1,-0.00299907,-0.00100371,0.0002625,2174.23
0,1949471,25,phononTF,0.00039751,0.000860641,-0.0031321,-0.0002625,15883.1,0.000382,1,0.000999685,-0.00300033,0.0002625,19101.3
0,1949558,1,phononTF,0.01,-0.00307622,-0.00104458,0.000189989,0,0.00191,1,-0.00300285,-0.000998205,0.0002625,2035.12
0,1949868,10,phononTS,0.00057253,-0.00170671,0.00289639,-0.0002625,9910.53,0.000382,1,-0.00200252,0.00200099,0.0002625,10664.6
0,1949868,2,phononTS,0.00126237,-0.00345629,0.000659306,0.000262498,474.6,0.000159935,1,-0.00329412,0.0012737,-0.0002625,646.175
0,1949920,8,phononTF,0.000853619,-0.00440903,0.005,3.33151e-05,426.43,0.000853619,1,-0.005,0.00133753,-2.92363e-05,10461.2
0,1951470,14,phononTF,0.000555065,-0.00205873,5.63046e-05,-0.000262498,2641.69,0.000382,1,-0.00199695,-2.14033e-06,0.0002625,2732.74
0,1952937,13,phononTS,0.000599459,-0.00200372,-0.00199744,0.000262498,1382.11,0.000599459,1,-0.00158531,-0.00240942,-0.0002625,1550.56
0,1956898,17,phononL,0.000516349,0.00140637,-0.00175849,-0.0002625,7217.95,0.000382,1,0.00199768,-0.00200348,0.0002625,8222.57
0,1957489,2,phononTF,0.000753306,-0.00261938,-0.00058004,-0.0002625,0.839191,0.000382,1,-0.00299608,-0.000995051,0.0002625,309.708
0,1958610,15,phononTS,0.000577262,-3.12037e-06,0.00200429,0.000262498,2504.69,0.000577262,1,0.000202156,0.00248521,-0.0002625,2661.25
0,1958641,7,phononTF,0.000485712,-7.70702e-06,-0.00201935,-0.000262498,8419.13,0.000382,1,1.84251e-07,-0.00199644,0.0002625,8509.14
0,1966904,9,phononTF,0.000521293,0.00200224,-2.182e-06,0.0002625,837.512,0.000521293,1,0.00448116,-0.000835686,-0.0002625,2381.38
0,1966959,21,phononTF,0.000418979,-0.000115056,-0.000324411,-0.0002625,11007.1,0.000382,1,0.000995752,0.00100475,0.0002625,11949.3
0,1973970,11,phononL,0.000408092,-0.000562136,0.00143729,-0.0002625,1364.36,0.000382,1,8.75844e-07,0.00199649,0.0002625,1682.04
0,1976189,7,phononTS,0.000716227,-0.00178089,0.00205756,-0.000262498,1232.64,0.000382,1,-0.00200046,0.00199593,0.0002625,1347.79
0,1976595,6,phononL,0.00211477,-0.00340752,-0.000650671,-0.000262498,325.365,0.000764,1,-0.00300308,-0.00099843,0.0002625,407.307
0,1976595,7,phononL,0.000790034,-0.00300308,-0.00099843,0.000262498,407.307,0.000790034,1,-0.00357684,-0.00156071,-0.0002625,514.193
0,1977169,9,phononL,0.000503307,0.00289087,0.00106489,-0.0002625,4994.79,0.000382,1,0.00299803,0.000996209,0.0002625,5184.5
0,1978572,7,phononTF,0.000479016,-0.00239992,-0.0001844,-0.0002625,2220.59,0.000382,1,-0.000995748,0.00100124,0.0002625,3954.61
0,1981444,14,phononTF,0.000404161,-0.00202875,-7.64941e-05,-0.0002625,698.01,0.000382,1,-0.00199866,2.20974e-06,0.0002625,1338.53
0,1987898,5,phononTS,0.000614542,0.000899329,-0.000261293,-0.0002625,377.745,0.000382,1,0.000997627,-0.00100175,0.0002625,2633.37
0,1990153,5,phononTS,0.000526863,-0.00222142,-2.19941e-05,-0.0002625,66.5675,0.000382,1,-0.00200116,4.09551e-06,0.0002625,572.303
0,1995113,7,phononTS,0.000464612,-0.00447316,-9.05762e-05,-0.0002625,429.835,0.000382,1,-0.00200198,0.00200227,0.0002625,1930.22
0,1998430,13,phononTS,0.000705218,-0.00200169,2.2832e-06,0.000262498,1826,0.000705218,1,-0.00207944,5.09531e-05,-0.0002625,1922.23
0,1998430,4,phononTF,0.000946731,-0.00199626,0.00072908,0.000262498,1570.78,0.000946731,1,-0.000225867,0.000802486,-0.0002625,1915.56
0,1998430,2,phononTS,0.00298805,-0.00265087,-0.000273275,0.000136135,1065.86,0.00075608,1,-0.00242457,-0.00104513,-0.0002625,1246
0,1999861,6,phononTS,0.00128934,-0.00305111,-0.000243852,-0.0002625,36.0036,0.000764,1,-0.00199926,-0.00199963,0.0002625,868.552
0,2006974,9,phononTS,0.000727384,0.00105548,-0.00385713,-0.0002625,2833.8,0.000382,1,0.00100034,-0.00299589,0.0002625,4305.54
0,2014078,6,phononTF,0.000529852,-0.00292333,-0.000960334,-0.0002625,500.27,0.000382,1,-0.00300076,-0.000997596,0.0002625,873.475
0,2021655,2,phononTS,0.00285958,-0.00399616,0.000497261,-0.000262498,466.546,0.000382,1,-0.00299518,-0.00100285,0.0002625,836.907
0,2026985,12,phononTS,0.000638201,-0.000678015,-0.00185093,-0.0002625,245.13,0.000382,1,0.000997654,-0.00299502,0.0002625,1368.82
0,2030318,10,phononTF,0.000794672,-0.00201187,-0.000182044,-0.000262498,917.971,0.000382,1,-0.00200083,2.33512e-06,0.0002625,1016.14
0,2030852,18,phononTS,0.000756147,-0.0022627,-8.31422e-05,-0.000262498,1783.38,0.000382,1,-0.000996538,0.0010036,0.0002625,2131.16
0,2041340,3,phononTS,0.00132098,-0.00308186,-0.000154291,-0.0002625,1509.38,0.000764,1,-0.00199993,-1.39685e-06,0.0002625,2007.95
0,2042957,36,phononTS,0.000551728,6.86192e-05,-0.000310356,-0.0002625,3516.75,0.000382,1,-1.47027e-06,2.67873e-06,0.0002625,6032.52
0,2047563,5,phononL,0.000968821,-0.00300493,-0.00263852,-0.0002625,226.425,0.000382,1,-0.00300193,-0.00100129,0.0002625,1315.78
0,2049529,7,phononTS,0.000421528,-0.00309898,-0.000805072,-0.000262498,254.796,0.000382,1,-0.00300446,-0.000995385,0.0002625,369.21
0,2055137,4,phononTS,0.000992678,-0.00261129,2.66475e-05,-0.0002625,1.95408,0.000382,1,-0.00200181,3.56533e-06,0.0002625,325.845
0,2055700,4,phononTS,0.000452169,-0.00126935,-0.00139651,-0.0002625,1343.26,0.000382,1,0.000998715,-0.00300413,0.0002625,2416.04
0,2074845,14,phononL,0.000608648,0.00200361,6.57559e-05,-0.0002625,624.015,0.000382,1,0.00199557,3.88368e-06,0.0002625,1771.25
0,2091179,7,phononTF,0.000678043,-0.0023662,0.00170493,-0.0002625,443.187,0.000382,1,-0.00199551,0.00200366,0.0002625,1063.44
0,2093705,5,phononTS,0.00103719,-0.00322708,5.00517e-06,-0.000262498,264.629,0.000382,1,-0.00300001,-0.000998555,0.0002625,498.244
0,2093705,6,phononTF,0.000438639,-0.00300001,-0.000998555,0.000262498,498.244,0.000438639,1,-0.00280865,-0.001192,-0.0002625,599.575
0,2096331,10,phononTS,0.00106208,-0.00199698,-4.154e-06,0.000262498,8526.57,0.000761766,1,-0.00202876,-5.61545e-05,-0.0002625,8615.83
0,2100256,21,phononTS,0.00052014,-0.0029677,-0.00103506,-0.0002625,594.673,0.000382,1,-0.00300108,-0.00100256,0.0002625,1768.08
0,2102600,13,phononTF,0.000521964,-0.00114979,0.00102204,-0.0002625,2842.01,0.000382,1,-0.000996783,0.00100003,0.0002625,5352.76
0,2102768,7,phononTS,0.000846152,-0.00309475,1.85649e-05,-0.000262498,308.291,0.000382,1,-0.00100374,0.000997545,0.0002625,765.659
0,2104624,9,phononTS,0.000500006,-0.00121329,-7.1168e-05,-0.0002625,432.995,0.000382,1,-0.0010019,0.000995313,0.0002625,4671.87
0,2106631,7,phononTF,0.000886228,0.00215674,0.00216357,-0.0002625,1394.66,0.000382,1,0.00199542,0.00200118,0.0002625,2513.29
0,2106641,7,phononTS,0.000478539,-0.00300395,-0.000996387,0.000262498,1058.25,0.000478539,1,-0.00347123,-0.00222238,-0.0002625,1342.59
0,2108409,17,phononTF,0.000871577,-0.00232667,0.00167042,-0.000262498,902.448,0.000382,1,-0.00200158,0.00200174,0.0002625,1022.51
0,2112107,13,phononTS,0.000594785,-0.00199522,0.00199737,0.000262498,2225.38,0.000490117,1,-0.00191144,0.00197145,-0.0002625,2325.58
0,2112307,10,phononTF,0.000394649,-0.00299801,-0.00099929,0.000262498,1937.51,0.000394649,1,-0.00269146,-0.00130767,-0.0002625,2054.52
0,2113803,12,phononTS,0.000472014,-0.00300865,-0.000218851,-0.0002625,15342.4,0.000382,1,-0.00200282,3.00219e-06,0.0002625,16717.6
0,2114043,4,phononTS,0.000781121,0.00114118,-0.00208465,-0.0002625,44.9935,0.000382,1,0.00100227,-0.00100078,0.0002625,2249.16
0,2114149,5,phononL,0.000412359,0.000385663,-0.00138267,-0.0002625,4.52333,0.000382,1,2.96452e-06,-0.00200261,0.0002625,987.659
0,2114183,11,phononTS,0.00096827,-0.000999911,0.00299864,0.0002625,4147.37,0.00096827,1,0.000474275,0.00247429,-0.0002625,4800.2
0,2114183,4,phononTF,0.000485189,-0.00293076,-8.75375e-05,0.000262498,632.35,0.000485189,1,-0.00302847,-0.000201837,-0.0002625,726.156
0,2114183,3,phononTS,0.00039767,-0.00293076,-8.75375e-05,0.000262498,632.35,0.00039767,1,-0.0029033,-0.000901756,-0.0002625,825.937
0,2114593,26,phononTF,0.000714474,0.00218235,-0.00182488,-0.000262498,2694,0.000382,1,0.00199527,-0.00200377,0.0002625,2794.18
0,2116171,12,phononTS,0.00039018,0.0010416,-0.0036471,-0.0002625,5537.74,0.000382,1,0.0010039,-0.0030048,0.0002625,7042.54
0,2116171,3,phononTS,0.000445914,-0.00351055,-9.44346e-05,0.000262498,73.3253,0.000445914,1,-0.00345592,-5.74895e-05,-0.0002625,168.141
0,2120667,7,phononTF,0.00103365,-0.00253174,-0.000509831,-0.000262498,316.095,0.000382,1,-0.00200325,3.19884e-06,0.0002625,470.861
0,2122363,29,phononTS,0.000564314,-0.00100211,0.00100192,0.0002625,2232.23,0.000349853,1,-0.000688094,0.000922091,-0.0002625,2448.27
0,2122364,1,phononL,0.01,-0.00298176,-0.000626793,-0.000255894,0,0.00315131,1,-0.002993,-0.000650763,-0.0002625,383.892
0,2125786,15,phononTS,0.00112291,-0.0028725,-0.00480869,-0.0002625,5431.23,0.000764,1,-1.05697e-06,-0.00199753,0.0002625,6239.1
0,2125786,2,phononTS,0.000607983,-0.00339753,-6.71437e-05,0.000262498,458.386,0.000607983,1,-0.00183692,0.00250383,-0.0002625,1038.65
0,2126111,1,phononTS,0.01,-0.00294875,-0.00100449,0.00013837,0,0.000764,1,-0.00300329,-0.000997457,0.0002625,978.498
0,2128378,9,phononTS,0.000537896,0.00199957,-0.00200447,0.000262498,5687.21,0.000537896,1,0.00193022,-0.00196755,-0.0002625,5786.98
0,2129699,16,phononTS,0.000913559,-4.96184e-06,0.00200076,0.000262498,1001.15,0.00012396,1,0.000314098,0.00200474,-0.0002625,1124.6
0,2131227,2,phononTF,0.00290534,-0.00335392,-0.000262205,0.000137316,152.896,0.000382,1,-0.00300326,-0.000995765,0.0002625,297.605
0,2132904,36,phononTF,0.00067608,-0.00156893,-0.00158091,-0.000262498,15132.8,0.000382,1,-0.00099527,-0.000997696,0.0002625,15299.8
0,2135097,13,phononTF,0.000834036,-0.00418551,0.00101787,-0.000262498,5349.01,0.000764,1,-0.00199861,-1.52322e-06,0.0002625,5788.28
0,2136441,5,phononTS,0.00048497,-0.00362453,-1.31471e-05,-0.0002625,619.941,0.000382,1,-0.00199552,0.00199982,0.0002625,1626.82
0,2150787,19,phononTS,0.00042438,0.00300335,0.000996621,0.000262498,3027.12,0.00042438,1,0.0010904,-0.00182383,-0.0002625,3671.61
0,2155144,9,phononTF,0.000384222,0.00214808,-0.00234111,-0.0002625,693.527,0.000382,1,0.00200301,-0.00200005,0.0002625,3047.16
0,2155144,3,phononTF,0.00100469,-0.00306694,-9.72579e-05,0.000262498,46.3376,0.000496524,1,-0.00295133,1.48368e-05,-0.0002625,140.463
0,2162427,4,phononTF,0.0005497,-0.00221421,0.00165525,-0.0002625,102.854,0.000382,1,-0.00199554,0.00199699,0.0002625,776.314
0,2162720,15,phononTF,0.000463952,0.00164441,0.00234036,-0.0002625,829.255,0.000382,1,0.00200163,0.00199803,0.0002625,1523.85
0,2162720,14,phononTS,0.000739269,0.000218604,0.000848932,0.000262498,829.255,0.000739269,1,-0.00115944,0.00022801,-0.0002625,1147.75
0,2164028,9,phononTF,0.00108503,-0.0019984,-1.88625e-06,0.0002625,298.664,0.000837431,1,-0.000934014,0.00106739,-0.0002625,845.912
0,2164363,11,phononTS,0.00057908,-0.00197234,0.00202206,-0.000262498,3410.47,0.000382,1,-0.00199822,0.00199717,0.0002625,3500.2
0,2166466,10,phononTS,0.000483134,-0.00251374,0.000982127,-0.000262498,593.35,0.000382,1,-0.00200454,0.00200244,0.0002625,849.487
0,2168327,8,phononTS,0.00118128,-0.00100199,-0.00100196,0.0002625,686.134,0.000641336,1,-0.001094,-0.00098517,-0.0002625,1498.89
0,2170715,11,phononTS,0.000492743,0.000736337,-0.00208563,-0.000262498,1054.89,0.000382,1,-1.18594e-06,-0.00199985,0.0002625,1233.54
0,2176480,4,phononTS,0.000776077,-0.00141033,0.00237091,-0.0002625,68.9258,0.000382,1,-0.00099823,0.00299804,0.0002625,1129.86
0,2176480,3,phononTS,0.00128693,-0.00308067,-0.000145349,0.000262498,68.9258,0.000923695,1,-0.00227877,-0.000531134,-0.0002625,283.541
0,2178482,9,phononL,0.00083417,0.00104527,0.000638182,-0.0002625,7694.69,0.000382,1,-3.7304e-06,2.21263e-06,0.0002625,8271.72
0,2184118,3,phononTS,0.0010419,-0.00313477,-0.000484001,-0.0002625,363.553,0.000382,1,-0.00299934,-0.00100095,0.0002625,676.328
0,2184118,8,phononTS,0.000510825,-0.00299934,-0.00100095,0.000262498,676.328,0.000510825,1,-0.00297966,-0.000955309,-0.0002625,766.136
0,2184118,2,phononTS,0.000424786,-0.00327019,3.29497e-05,0.000262498,363.553,0.000424786,1,-0.00281252,-0.000156459,-0.0002625,515.914
0,2186663,8,phononTF,0.000402783,-0.00199633,-4.98951e-06,0.0002625,1464.34,0.000402783,1,-0.00170807,0.000187407,-0.0002625,1686.18
0,2192053,4,phononL,0.00154659,-0.00334958,-0.000232681,-0.000262498,396.124,0.000382,1,-0.00300091,-0.000997315,0.0002625,504.951
0,2207221,12,phononTS,0.000881054,-0.000887565,-0.000540407,-0.0002625,2489.41,0.000382,1,-0.00199516,2.80486e-06,0.0002625,5812.98
0,2212547,2,phononL,0.0022834,-0.00261706,1.85084e-05,-0.0002625,17.052,0.001146,1,-0.00199733,-1.46909e-06,0.0002625,191.16
0,2213413,19,phononTF,0.00135345,-0.00368921,-0.00167166,-0.000262498,1542.4,0.000382,1,-0.00299905,-0.000999375,0.0002625,1730.15
0,2221373,2,phononL,0.00396403,-0.00311228,-0.0004687,-0.0002625,10.1925,0.000764,1,-0.00300218,-0.000995114,0.0002625,172.475
0,2221926,11,phononTF,0.000416378,0.00199525,-0.00200266,0.000262498,3124.52,0.000416378,1,0.00192035,-0.00222598,-0.0002625,3226.62
0,2225736,9,phononTS,0.000529597,-4.23024e-05,0.00178479,-0.0002625,1865.73,0.000382,1,2.2219e-06,0.00199791,0.0002625,2583.03
0,2227300,6,phononTF,0.000606587,-0.00200285,4.64647e-06,0.000262498,2575.17,0.000606587,1,-0.00151087,-0.000502577,-0.0002625,2725.8
0,2232140,9,phononL,0.000739172,-0.00186094,-0.00225331,-0.0002625,2176.7,0.000382,1,-0.00199773,-0.00200283,0.0002625,2378.75
0,2237917,18,phononTF,0.000443414,-7.02369e-05,-0.00186738,-0.0002625,7832.49,0.000382,1,3.50931e-06,-0.00200171,0.0002625,8116.62
0,2241848,9,phononTS,0.00126877,-0.00157201,-0.000792062,-0.0002625,703.938,0.000382,1,-0.00100102,-0.00099915,0.0002625,1507.36
0,2242817,16,phononTF,0.00128074,-0.00100424,0.00099819,0.000262498,2475.37,0.000240923,1,-0.00126966,0.00118388,-0.0002625,2583.57
0,2244743,11,phononTF,0.000903856,-0.00273755,-0.000802903,-0.000262498,1258.29,0.000382,1,-0.00300136,-0.00099563,0.0002625,1366.47
0,2244743,9,phononTS,0.00137316,-0.00327019,0.000226676,0.000262498,556.535,0.000263857,1,-0.00257864,0.000282046,-0.0002625,729.812
0,2245089,10,phononTF,0.000490165,0.00145865,-0.000537587,-0.000262498,5870.58,0.000382,1,0.00100482,-0.000999877,0.0002625,6013.88
0,2245089,3,phononTS,0.00104897,-0.00320809,4.74389e-05,0.000262498,33.1085,0.000865591,1,-0.00377423,0.000314073,-0.0002625,205.664
0,2245089,2,phononTS,0.000778216,-0.00320809,4.74389e-05,0.000262498,33.1085,0.000523759,1,-6.60462e-05,-0.00178473,-0.0002625,724.217
0,2247716,12,phononTS,0.000643839,0.00199605,-0.00200207,0.000262498,10437,0.000643839,1,0.00202689,-0.00205314,-0.0002625,10526.3
0,2247926,24,phononTS,0.000674649,-0.000976271,0.00302236,-0.000262498,5956.67,0.000382,1,-0.0010036,0.00299712,0.0002625,6046.29
0,2260438,11,phononTF,0.000593493,-0.00128075,-0.00126961,-0.0002625,5097.34,0.000382,1,-0.00199773,-0.00200362,0.0002625,6083.59
0,2260438,2,phononTF,0.00386661,-0.00350581,0.000142417,9.2161e-05,562.737,0.00087584,1,-0.00365215,3.8474e-05,-0.0002625,631.998
0,2260445,1,phononTS,0.01,-0.00300323,-0.000997008,0.000262061,0,0.001146,1,-0.00300116,-0.000998862,0.0002625,624.145
0,2274566,8,phononTF,0.000892129,-0.00199711,0.00200466,0.0002625,1929.33,0.000410119,1,-0.00204512,0.0016912,-0.0002625,2153.86
0,2279855,3,phononTF,0.00103963,0.00168078,0.005,0.000224302,129.233,0.000764,1,0.00199886,0.0019954,0.0002625,9035.97
0,2280976,10,phononTS,0.000397992,0.001068,-0.00105503,-0.0002625,6713.1,0.000382,1,0.00099887,-0.00100319,0.0002625,6999.46
0,2284267,11,phononTS,0.00108689,0.00104995,0.00105152,-0.0002625,770.099,0.000382,1,0.0010022,0.000998203,0.0002625,2439.32
0,2285577,12,phononTS,0.00101769,-1.39859e-05,0.00198838,-0.0002625,1057.17,0.000382,1,3.53848e-06,0.00199705,0.0002625,1882.06
0,2286998,27,phononTF,0.00118071,-0.00109312,-0.0009003,-0.000262498,15667.5,0.000382,1,-0.00100407,-0.00100266,0.0002625,15760.5
0,2288471,20,phononTS,0.000456282,-0.00167762,-0.000933671,-0.000262498,14952.1,0.000382,1,-0.00100331,-0.0010018,0.0002625,15122.6
0,2289720,17,phononTS,0.000446762,0.0019996,-0.0019977,0.0002625,1136.56,0.000446762,1,0.00252617,-0.00200684,-0.0002625,2340.35
0,2300068,19,phononTF,0.00131861,-0.00135526,-0.00136743,-0.0002625,410.803,0.000382,1,-0.000999117,-0.00100273,0.0002625,1517.81
0,2301426,6,phononTS,0.0006968,0.00303228,0.00186744,-0.0002625,1144.4,0.000382,1,0.00299559,0.00100359,0.0002625,3113.04
0,2302235,7,phononTF,0.00125068,-0.00161428,0.00236164,-0.0002625,612.604,0.000382,1,-0.00200051,0.00199799,0.0002625,2567.74
0,2303808,9,phononTF,0.000585246,-0.00255298,0.000571854,-0.0002625,2062.19,0.000382,1,-0.00199774,2.46057e-07,0.0002625,2426.73
0,2306907,13,phononL,0.00111343,-0.00190313,-0.000874228,-0.0002625,1161.6,0.000382,1,-0.00199659,-3.35377e-06,0.0002625,1689.68
0,2313217,23,phononTF,0.000467525,-0.005,0.000153757,-2.71427e-05,10995.1,0.000382,1,0.000999239,0.000998909,0.0002625,15131.2
0,2313488,18,phononTF,0.000429641,-0.000854128,0.00158112,-0.0002625,4123.64,0.000382,1,0.000995123,0.00100181,0.0002625,5086.48
0,2314153,8,phononTF,0.000776683,-0.000950657,-0.0010153,-0.0002625,725.366,0.000382,1,-0.00100251,-0.000995722,0.0002625,997.125
0,2314333,22,phononTS,0.00102274,0.0010388,0.000805121,-0.000262498,3683.92,0.000382,1,0.0010049,0.000998738,0.0002625,3791.52
0,2314400,2,phononTS,0.00116222,-0.000710638,0.00305227,-0.0002625,4.50043,0.000382,1,-0.00100375,0.0030036,0.0002625,1967.23
0,2314401,1,phononTF,0.01,-0.00377494,0.000323102,-0.000153604,0,0.00298198,1,-0.00374782,0.000315212,-0.0002625,703.566
0,2316777,19,phononTF,0.000492607,-0.00166081,0.00122387,-0.000262498,3812.91,0.000382,1,-0.00200189,0.00199912,0.0002625,3998.13
0,2317517,3,phononTS,0.00106244,-0.00300783,-0.000486698,-0.0002625,83.1856,0.000382,1,-0.00300116,-0.000995138,0.0002625,379.211
0,2317517,11,phononL,0.000456539,-0.00300116,-0.000995138,0.000262498,379.211,0.000456539,1,-0.00231996,-0.000548602,-0.0002625,486.608
0,2317517,2,phononTS,0.00112426,-0.00301449,2.17408e-05,0.000262498,83.1856,0.000844935,1,-0.00319878,9.72328e-05,-0.0002625,195.65
0,2317606,11,phononTS,0.0026014,-0.00300807,-0.000836309,-0.000262498,702.091,0.001146,1,-0.00300294,-0.0010006,0.0002625,808.347
0,2319840,2,phononTS,0.000830801,-0.00214035,0.000513286,-0.0002625,46.5769,0.000382,1,-0.000998631,0.00100218,0.0002625,581.689
0,2325737,7,phononTF,0.00102943,-0.00257923,-0.000561685,-0.000262498,1473.05,0.000382,1,-0.00200086,-2.7724e-07,0.0002625,1637.63
0,2336601,4,phononL,0.000553023,-0.00187231,0.00104644,-0.0002625,576.559,0.000382,1,-0.000997827,0.00100069,0.0002625,859.518
0,2338740,11,phononTF,0.00095205,-0.00136027,0.00063504,-0.0002625,1695.51,0.000382,1,-0.000995712,0.00100119,0.0002625,2327.24
0,2340807,2,phononTS,0.000858884,-0.00262516,2.79399e-05,-0.0002625,11.3086,0.000382,1,-0.00199732,-1.06963e-06,0.0002625,344.32
0,2345617,4,phononTS,0.00102869,-0.00110202,0.000947812,-0.0002625,877.496,0.000382,1,-0.00100234,0.000996712,0.0002625,1598.14
0,2345710,12,phononTF,0.0005228,-0.00216268,0.00169836,-0.0002625,661.377,0.000382,1,-0.00199692,0.0020016,0.0002625,1222.28
0,2346323,7,phononL,0.000411191,-0.00174073,-0.000137936,-0.0002625,1754.97,0.000382,1,-0.00199586,-1.65636e-06,0.0002625,1957.46
0,2348492,3,phononTF,0.000860189,-0.00162142,0.00102134,-0.0002625,357.046,0.000382,1,2.21907e-06,0.00200314,0.0002625,1054.09
0,2349036,7,phononTS,0.000706967,-0.00174817,-0.00117322,-0.0002625,134.802,0.000382,1,-0.00200108,-4.68431e-06,0.0002625,2344.76
0,2358140,16,phononTF,0.000863809,0.000697007,4.27974e-05,-0.0002625,2473,0.000382,1,0.000995787,0.00100479,0.0002625,4125.82
0,2359185,11,phononTF,0.000519741,-0.000922029,-0.00107899,-0.0002625,1887.05,0.000382,1,-0.000998597,-0.000999202,0.0002625,3220.99
0,2359987,13,phononL,0.00127793,-0.00132492,-0.000862865,-0.0002625,497.766,0.000382,1,-0.00100264,-0.000998423,0.0002625,988.011
0,2362911,11,phononTS,0.00076627,-0.00209046,-0.00169625,-0.0002625,877.131,0.000382,1,-0.00200296,-0.00200437,0.0002625,1510.73
0,2370892,9,phononL,0.00042745,-0.00307243,-0.00130062,-0.0002625,1311.39,0.000382,1,-0.00300341,-0.000998007,0.0002625,1516.15
0,2371574,10,phononTS,0.000637197,-0.00204297,0.00181382,-0.0002625,877.691,0.000382,1,-0.00199986,0.00199962,0.0002625,1668.42
0,2374800,32,phononTS,0.00054677,-0.0022075,-0.000839849,-0.0002625,2608.76,0.000382,1,-0.00299701,-0.000996593,0.0002625,3108.21
0,2375415,27,phononTS,0.000470825,-0.00288101,2.95336e-05,-0.0002625,2449.74,0.000382,1,-0.00199535,-4.15692e-06,0.0002625,3826.44
0,2377936,14,phononTS,0.000827453,-0.000722154,-0.00203421,-0.0002625,1559.97,0.000382,1,-1.98121e-06,-0.00199712,0.0002625,1921.11
0,2378852,16,phononTS,0.000480839,-0.00299616,-0.00100416,0.000262499,2908.47,0.000480839,1,-0.00297659,-0.00101223,-0.0002625,3000.04
0,2380302,14,phononL,0.00056668,-0.00219864,-0.00030976,-0.0002625,278.157,0.000382,1,-0.00200412,1.72676e-06,0.0002625,491.121
0,2380790,4,phononL,0.000832254,-0.00245802,0.00217832,-0.0002625,2492.32,0.000382,1,-0.00199521,0.00200419,0.0002625,3928.66
0,2380790,2,phononTS,0.00411079,-0.005,-6.08115e-05,-0.00023031,2485.83,0.000702846,1,-0.00458607,0.000339356,-0.0002625,2598.65
0,2384676,27,phononTF,0.00041771,0.00100017,0.00100352,0.000262498,1634.99,0.00041771,1,0.00144824,0.00145965,-0.0002625,1776.71
0,2389267,5,phononTS,0.000879033,-0.00221054,-5.87135e-06,-0.0002625,259.653,0.000382,1,-0.00200375,-4.85838e-06,0.0002625,1142.25
0,2389267,4,phononTS,0.00105695,-0.00365811,-1.29621e-05,0.000262498,259.653,0.000212762,1,-0.00265944,0.00197855,-0.0002625,701.874
0,2389759,4,phononTF,0.00337788,-0.00318349,-0.000820027,-0.0002625,651.922,0.000764,1,-0.00299894,-0.000996404,0.0002625,851.741
0,2391913,19,phononTF,0.000386958,-9.91627e-06,-0.000173989,-0.000262498,11475.1,0.000382,1,1.82767e-07,-4.32276e-07,0.0002625,11572.4
0,2392459,19,phononTS,0.000805252,-0.000223308,-0.00214736,-0.0002625,2256.83,0.000382,1,-4.14162e-06,-0.00200187,0.0002625,2620.68
0,2392587,6,phononTF,0.00115021,-0.00249468,0.00155695,-0.0002625,14.9447,0.000764,1,-0.00199534,0.00200385,0.0002625,782.556
0,2392891,11,phononTS,0.000539676,-0.00274405,-0.000129723,-0.0002625,5107.34,0.000382,1,-0.00200065,3.88314e-06,0.0002625,6328.44
0,2403331,14,phononTS,0.000779156,0.00100359,-0.00299919,0.0002625,5230,0.000643917,1,0.000506763,-0.0030493,-0.0002625,5494.07
0,2404938,6,phononTS,0.000649155,-0.000816586,-8.38795e-05,-0.000262498,2124.59,0.000382,1,-2.5637e-06,4.89232e-06,0.0002625,2315.75
0,2406540,10,phononTS,0.000540731,4.39119e-05,-0.00195126,-0.000262498,1873.98,0.000382,1,-5.40285e-07,-0.0020047,0.0002625,1967.53
0,2406952,14,phononTS,0.000483252,-0.00103316,0.00303006,-0.0002625,1057.76,0.000382,1,-0.00100143,0.00299996,0.0002625,1327.23
0,2406952,4,phononTS,0.000938908,-0.00351049,4.89008e-05,0.000262498,125.489,0.000763772,1,-0.00345942,4.54075e-05,-0.0002625,216.467
0,2406952,3,phononTS,0.000524633,-0.00351049,4.89008e-05,0.000262498,125.489,0.000524633,1,-0.00352762,2.77003e-06,-0.0002625,217.304
0,2408470,18,phononTF,0.000667259,-0.00155634,0.00156955,-0.0002625,9070.46,0.000382,1,-0.000998752,0.000999676,0.0002625,10039.3
0,2408587,12,phononTF,0.000539384,-0.000411635,0.00178954,-0.0002625,8929.6,0.000382,1,0.000998864,-0.00100293,0.0002625,10284.4
0,2409230,17,phononL,0.000947769,0.000980205,-0.00281458,-0.0002625,8037.95,0.000382,1,0.000997883,-0.00299539,0.0002625,8359.21
0,2409314,11,phononTF,0.000410248,0.00115498,0.00390531,-0.0002625,9411.65,0.000382,1,-2.91864e-06,-3.91189e-06,0.0002625,10641.5
0,2412895,21,phononTS,0.000606128,-0.00202,4.93047e-06,-0.0002625,109.743,0.000382,1,-0.00200336,-3.20222e-06,0.0002625,699.541
0,2413398,8,phononTS,0.000752898,-3.41082e-06,-0.00200388,0.000262498,2795.92,0.000752898,1,5.27827e-05,-0.00204869,-0.0002625,2890.48
0,2413398,3,phononTF,0.00119197,-0.0034032,8.54345e-05,0.000262498,141.072,0.000991191,1,-0.0032119,-0.000173487,-0.0002625,248.694
0,2413398,2,phononTS,0.000619082,-0.000718815,0.005,6.92073e-05,141.072,0.000619082,1,-0.005,6.98388e-05,1.54776e-05,2885.11
0,2415034,7,phononTF,0.000902323,0.00215911,0.00177759,-0.0002625,990.796,0.000382,1,0.00199701,0.00199878,0.0002625,4544.49
0,2418126,9,phononTS,0.00117227,-0.00175148,-0.000881655,-0.0002625,295.587,0.000764,1,-0.00100471,-0.000999139,0.0002625,663.888
0,2421315,5,phononTS,0.000506086,-0.00206541,1.36122e-05,-0.0002625,1477.23,0.000382,1,-0.00199507,3.99846e-06,0.0002625,1771.82
0,2423210,12,phononTS,0.000447411,-0.00204851,-0.00167248,-0.000262498,2413.89,0.000382,1,-0.00200348,-0.0019956,0.0002625,2536.14
0,2433210,15,phononTS,0.000655195,-0.00297599,0.005,-0.000242588,736.861,0.000382,1,0.0020031,-4.72274e-06,0.0002625,3523.24
0,2439053,9,phononL,0.000714807,-0.000794756,0.0007589,-0.000262498,1460.65,0.000382,1,-0.00100044,0.00100305,0.0002625,1529.41
0,2443064,5,phononTF,0.00120721,-0.000165691,-0.00216011,-0.0002625,1400.13,0.000382,1,3.7382e-06,-0.00199694,0.0002625,1778.36
0,2443220,4,phononTS,0.0019308,-0.00298053,-0.000614959,-0.0002625,365.964,0.000764,1,-0.00300242,-0.00100215,0.0002625,759.189
0,2443519,21,phononTS,0.000421881,0.00102433,0.00103111,-0.000262498,5874.74,0.000382,1,0.000997559,0.00100385,0.0002625,5964.33
0,2445537,9,phononTS,0.000394212,0.000996439,0.00100492,0.000262498,10343.3,0.000394212,1,0.000966006,0.000954139,-0.0002625,10432.6
0,2453071,12,phononTF,0.000546675,-0.00154738,0.000518979,-0.0002625,6134.02,0.000382,1,-0.00100485,0.00100007,0.0002625,10352.9
0,2454710,12,phononTS,0.000839851,-0.00444418,0.00115993,-0.000262498,2053.22,0.000382,1,-0.00300394,-0.00100024,0.0002625,2553.57
0,2459258,16,phononTF,0.000628567,0.00253265,0.000983041,-0.000262498,2898.02,0.000382,1,-6.17391e-07,-2.68674e-06,0.0002625,3391.31
0,2459259,1,phononL,0.01,-0.00320104,0.000114951,-0.000218862,0,0.000828709,1,-0.00317225,7.43895e-05,-0.0002625,502.908
0,2459786,10,phononTF,0.000556161,0.000887507,0.00127887,-0.0002625,2977.72,0.000382,1,0.001998,-7.33987e-07,0.0002625,5710.67
0,2460072,6,phononTF,0.000524452,-0.00291546,-0.000688337,-0.0002625,295.915,0.000382,1,-0.00299759,-0.001002,0.0002625,835.368
0,2462399,6,phononTS,0.000439078,0.00122416,-0.000465332,-0.0002625,1239.56,0.000382,1,0.000999161,-0.000998257,0.0002625,6917.91
0,2462611,34,phononTS,0.000482931,-0.00110248,0.00205712,-0.0002625,18998.8,0.000382,1,-0.000995343,0.00299752,0.0002625,19899.3
0,2463559,9,phononTF,0.000657829,0.00265125,-0.00260401,-0.0002625,262.848,0.000382,1,0.00199922,-0.00200281,0.0002625,6909.22
0,2463559,3,phononTS,0.000974431,-0.00326082,9.74234e-05,0.000262498,18.7982,0.000465783,1,-0.00328442,4.26081e-05,-0.0002625,108.32
0,2467472,14,phononTF,0.000681772,-0.00187017,-0.000172297,-0.0002625,134.43,0.000382,1,-0.00199954,1.82237e-07,0.0002625,1239.28
0,2475562,13,phononTS,0.000860108,-0.000950281,-0.000920843,-0.0002625,11782.8,0.000382,1,-0.000996135,-0.000996449,0.0002625,12455.3
0,2476278,24,phononTS,0.000468145,-0.00339885,-0.00202164,-0.0002625,8038.31,0.000382,1,-0.00300198,-0.00099996,0.0002625,13213
0,2479591,16,phononL,0.000525683,0.00200184,-3.94889e-06,0.000262498,3371.47,0.000525683,1,0.00205832,-0.000504247,-0.0002625,3450.09
0,2479591,3,phononTS,0.0013826,-0.00320633,0.000192573,0.000262498,107.855,0.000290751,1,-0.00222921,0.000516384,-0.0002625,339.228
0,2480634,4,phononTS,0.000520197,0.00134519,0.000866048,-0.0002625,98.8802,0.000382,1,4.71826e-06,-3.66106e-06,0.0002625,1608.43
0,2482884,12,phononTF,0.00040516,-0.00300159,-0.000999115,0.0002625,2031.51,0.00040516,1,-0.00330145,-0.000814022,-0.0002625,3232.07
0,2483874,11,phononTS,0.000476536,0.00200293,-0.0019976,0.0002625,1422.22,0.000476536,1,0.000196689,-0.00109368,-0.0002625,7551.07
0,2484725,23,phononTF,0.000670926,0.000746286,0.00125443,-0.0002625,5623.91,0.000382,1,0.00100137,0.000997818,0.0002625,5951.38
0,2502282,6,phononTS,0.000668949,0.000999344,-0.00299615,0.0002625,2813.87,0.000668949,1,0.00104221,-0.00300815,-0.0002625,3356.35
0,2503354,26,phononTF,0.000640837,0.00135221,-0.00133844,-0.0002625,1892.92,0.000382,1,0.000997124,-0.000995331,0.0002625,2728.31
0,2510999,8,phononTF,0.000959947,0.00181777,-0.000194385,-0.000262498,1270.16,0.000382,1,0.00200429,-2.92882e-07,0.0002625,1371.14
0,2512590,26,phononTS,0.000666779,-0.0026518,-0.00198465,-0.000262498,5784.44,0.000382,1,-0.00199515,-0.00199924,0.0002625,5953.61
0,2517402,20,phononTS,0.000615776,-0.00209312,-0.000322099,-0.000262498,605.432,0.000382,1,-0.00200433,-1.2316e-06,0.0002625,733.741
0,2520496,7,phononTS,0.000600316,0.00293872,-0.00222754,-0.0002625,310.529,0.000382,1,0.00200258,-0.00199835,0.0002625,4298.97
0,2520817,22,phononTS,0.000909133,-0.00199645,3.06166e-06,0.0002625,2197.54,0.000909133,1,-0.00148772,-1.86302e-05,-0.0002625,2839.62
0,2520828,13,phononTF,0.000454112,-0.00199696,-0.00200069,0.000262498,2156.91,0.000454112,1,-0.00221798,-0.00229416,-0.0002625,2269.13
0,2521986,4,phononTS,0.00324238,-0.00352532,-0.000955253,-0.0002625,142.92,0.000764,1,-0.00200015,4.43333e-06,0.0002625,1932.65
0,2522706,14,phononTS,0.000798993,-0.00100445,0.00100479,0.000262498,10675,0.000285346,1,-0.00153026,-9.22248e-05,-0.0002625,10936.3
0,2528043,10,phononTF,0.000813491,-0.00214629,0.000136142,-0.0002625,2783.38,0.000382,1,-0.00200488,2.11937e-06,0.0002625,3070.9
0,2532778,7,phononTF,0.00125228,-0.00247614,-0.00152107,-0.0002625,1053.29,0.000382,1,-0.00199649,-0.0020035,0.0002625,1495.33
0,2536749,14,phononTS,0.000408026,-2.71416e-05,-0.00202732,-0.0002625,2325.94,0.000382,1,-4.14935e-06,-0.00199751,0.0002625,2952.86
0,2537617,14,phononTS,0.000402388,-0.00199895,0.00199841,0.000262498,2151.74,0.000402388,1,-0.00402349,0.00056125,-0.0002625,2640.26
0,2544135,16,phononTS,0.000523248,-0.00100499,0.00099645,0.000262498,4706.41,0.000523248,1,-0.000981515,0.000994979,-0.0002625,4800.87
0,2544135,5,phononTS,0.001107,-0.005,-0.00176038,-0.000151242,496.647,0.000806453,1,-0.00445309,-0.00142397,-0.0002625,1019.21
0,2545687,9,phononTF,0.000830912,-0.00229249,0.000284133,-0.0002625,1694.21,0.000382,1,-0.001997,-3.11181e-07,0.0002625,2264.21
0,2548885,5,phononTS,0.000989975,-0.00200108,-4.05069e-06,0.0002625,288.123,0.00048481,1,-0.000556912,-0.000717909,-0.0002625,1854.58
0,2549326,7,phononL,0.000638604,-0.00105369,0.00210673,-0.0002625,421.945,0.000382,1,-3.37626e-06,0.00200325,0.0002625,2248.09
0,2566649,10,phononTF,0.000507473,-0.00224128,-0.000100822,-0.0002625,3558.09,0.000382,1,-0.00300368,-0.000998752,0.0002625,4231.16
0,2566839,6,phononTF,0.000722344,-0.000253147,0.000266405,-0.0002625,1512.52,0.000382,1,-3.30028e-06,4.88766e-06,0.0002625,3011.09
0,2572366,12,phononTF,0.00090534,-0.000292224,-0.00230844,-0.0002625,2130.35,0.000382,1,-9.41041e-07,-0.00200461,0.0002625,4416.18
0,2577308,35,phononTS,0.000511012,-0.000998449,-0.000971455,-0.000262498,4164.04,0.000382,1,-0.00100093,-0.0010027,0.0002625,4257.03
0,2578212,23,phononTS,0.000482249,-0.00104606,0.00123505,-0.0002625,3440.75,0.000382,1,-0.00100209,0.000995407,0.0002625,4331.3
0,2583028,12,phononTS,0.0010589,-0.00271707,0.00167032,-0.0002625,157.23,0.000764,1,-0.00200464,0.00199514,0.0002625,1315.71
0,2584886,15,phononTS,0.000892952,0.000314812,0.00197488,-0.0002625,3258.58,0.000382,1,3.3142e-06,0.00200088,0.0002625,6417.69
0,2587863,5,phononTS,0.00113395,-0.000144007,0.0019644,-0.0002625,848.343,0.000382,1,-3.86615e-06,0.00200339,0.0002625,1975.94
0,2589249,11,phononTS,0.000456603,-0.00100416,0.00299748,0.000262498,2221.97,0.000456603,1,-0.00105111,0.00303185,-0.0002625,2314.91
0,2591698,33,phononTF,0.000672469,-0.00309007,-0.0014402,-0.000262498,1099.8,0.000382,1,-0.00200474,-0.002004,0.0002625,1341.22
0,2597282,10,phononTF,0.000586552,-0.00175029,-0.00021516,-0.0002625,1066.08,0.000382,1,-0.00199985,2.28487e-06,0.0002625,1388.16
0,2599988,24,phononTS,0.000506734,0.000222391,-0.00199205,-0.000262499,4408.74,0.000382,1,1.44482e-06,-0.00200209,0.0002625,4520.19
0,2606679,10,phononTS,0.000567347,-0.00197876,-1.31471e-05,-0.0002625,641.613,0.000382,1,-0.0020022,7.39854e-07,0.0002625,1305.82
0,2606679,3,phononTS,0.00111189,-0.00322618,-4.3478e-05,0.000262498,15.9284,0.000920963,1,-0.00297712,-6.30682e-05,-0.0002625,129.589
0,2612358,4,phononTS,0.000452415,-0.00127967,-0.000873988,-0.0002625,11.7559,0.000382,1,-0.00100191,-0.00100357,0.0002625,1021.56
0,2612358,3,phononTS,0.00261716,-0.00322392,3.3086e-05,0.000262498,11.7559,0.000739649,1,-0.00070286,0.00202131,-0.0002625,612.009
0,2621564,2,phononTS,0.000622571,-0.00213505,-3.75664e-05,-0.0002625,2004.85,0.000382,1,-0.00200357,1.53538e-06,0.0002625,2530.19
0,2623784,7,phononTS,0.000973762,0.00064371,0.00116999,-0.0002625,4089.86,0.000382,1,-0.00100015,0.00100217,0.0002625,6584.51
0,2625708,15,phononTS,0.000541781,-0.00016533,0.00303397,-0.0002625,9644.55,0.000382,1,-0.00100147,0.00300289,0.0002625,12784.1
0,2627736,23,phononTS,0.000448974,-4.613e-06,-7.88382e-07,0.0002625,10747.9,0.000448974,1,-4.24779e-05,9.36067e-06,-0.0002625,10939.6
0,2628064,28,phononTS,0.000937295,-0.00204192,-2.31751e-05,-0.000262498,2114.88,0.000382,1,-0.00199546,4.05125e-06,0.0002625,2207.45
0,2630690,2,phononTF,0.0012616,0.00113013,-0.000732323,-0.0002625,202.981,0.000764,1,0.00100286,-0.000998163,0.0002625,2396.12
0,2631548,5,phononTS,0.00085317,-0.00275032,0.00330107,-0.0002625,401.623,0.000382,1,-0.00100352,0.00299516,0.0002625,1638.15
0,2631721,2,phononTF,0.00103053,-0.00163717,-1.57724e-05,-0.0002625,111.561,0.000382,1,1.83728e-07,1.8172e-06,0.0002625,757.344
0,2632189,5,phononTS,0.00124322,-0.00196251,0.000295048,-0.0002625,104.389,0.000382,1,-0.00200049,2.06465e-06,0.0002625,554.095
0,2639286,4,phononL,0.00104047,-0.00296968,-0.000373095,-0.0002625,24.5368,0.000382,1,-0.00299644,-0.00100238,0.0002625,186.767
0,2640194,34,phononTF,0.000772943,-0.00302171,-0.000977998,-0.000262498,1449.02,0.000382,1,-0.00299631,-0.0010027,0.0002625,1539.11
0,2642741,1,phononTS,0.01,-0.00197962,-6.31322e-06,6.55876e-05,0,0.001528,1,-0.00199698,-5.981e-07,0.0002625,750.843
0,2642741,7,phononTF,0.000784023,-0.00199698,-5.981e-07,0.000262498,750.843,0.000784023,1,-0.00217386,0.000170137,-0.0002625,850.067
0,2642741,6,phononTS,0.000731101,-0.00199698,-5.981e-07,0.000262498,750.843,0.000731101,1,-0.00194289,5.12031e-05,-0.0002625,845.141
0,2643857,3,phononTS,0.00412214,-0.00162421,-8.96763e-06,-0.0002625,1713.17,0.001528,1,-0.00100038,0.00100288,0.0002625,2445.21
0,2645715,15,phononTF,0.000473052,-0.000189077,-0.00210939,-0.0002625,1347.63,0.000382,1,8.97471e-07,-0.00199678,0.0002625,1645.84
0,2649572,5,phononTF,0.000676632,0.00249996,0.000722308,-0.0002625,234.439,0.000382,1,0.00299568,0.000998909,0.0002625,1483.77
0,2655423,11,phononTS,0.000552512,-0.00302408,0.005,-0.000175,1288.79,0.000552512,1,-0.00247126,0.00444652,-0.0002625,2682.36
0,2655423,2,phononTS,0.002568,-0.00342679,-2.81348e-05,0.000262498,110.426,0.00119883,1,-0.00278943,-0.000839634,-0.0002625,350.246
0,2655533,24,phononTS,0.000509347,-0.00199651,-3.46381e-07,0.000262498,2245.79,0.000509347,1,-0.00205124,6.81582e-07,-0.0002625,2342.24
0,2662334,15,phononTS,0.000413175,0.00284592,-0.000243973,-0.0002625,9469.93,0.000382,1,0.00199855,1.3611e-06,0.0002625,11392.8
0,2662378,14,phononTF,0.00049597,7.56674e-05,-0.00192732,-0.0002625,2087.67,0.000382,1,-8.57276e-07,-0.00200196,0.0002625,2926.97
0,2664171,4,phononL,0.0016741,-0.00312204,-0.00046749,-0.0002625,7.14263,0.000382,1,-0.00299554,-0.00100404,0.0002625,171.503
0,2664791,21,phononTF,0.00051672,0.00116172,-0.00115988,-0.000262498,3138.14,0.000382,1,0.000995733,-0.00100085,0.0002625,3236.24
0,2673981,11,phononTF,0.000497431,0.00299724,0.00100365,0.0002625,9521.41,0.000497431,1,0.00259417,0.00141366,-0.0002625,12851.4
0,2677883,12,phononTS,0.000387349,0.00178892,-0.00251632,-0.0002625,12124.8,0.000382,1,0.00199832,-0.00200173,0.0002625,13509
0,2678054,7,phononTF,0.000964205,-0.00133583,0.000643723,-0.0002625,4.59312,0.000382,1,-0.00100279,0.00100195,0.0002625,912.765
0,2678054,8,phononTS,0.000481493,-0.00100279,0.00100195,0.000262498,912.765,0.000481493,1,-0.000962646,0.00103424,-0.0002625,1005.89
0,2682322,6,phononL,0.000593545,-0.00182519,-0.000793918,-0.0002625,1294.1,0.000382,1,-0.00299996,-0.000997122,0.0002625,2337.7
0,2682322,5,phononTS,0.00185741,-0.00367674,-0.000479834,0.000262498,1294.1,0.000748784,1,-0.00367653,-0.000492971,-0.0002625,1385.1
0,2685246,8,phononTS,0.000721048,-0.000225245,-0.00367543,-0.000262498,3222.41,0.000382,1,-0.00199982,1.89861e-06,0.0002625,4047.1
0,2688568,5,phononTS,0.000466893,-0.00197227,-4.85529e-06,-0.0002625,14.4253,0.000382,1,-0.00200269,2.66035e-06,0.0002625,1102.14
0,2688872,13,phononTS,0.000605332,-0.00113363,0.00242329,-0.0002625,1069.1,0.000382,1,-0.00100095,0.00300218,0.0002625,2057.62
0,2690334,7,phononTF,0.000449492,-0.00293586,-0.00123207,-0.000262498,5032.71,0.000382,1,-0.00299568,-0.000995833,0.0002625,5136.03
0,2691681,11,phononTS,0.000795715,-0.00299827,-0.00100373,0.0002625,352.741,0.000595102,1,-0.00298079,-0.00105517,-0.0002625,982.864
0,2692947,14,phononTF,0.000678717,-0.000174539,0.00182632,-0.0002625,891.773,0.000382,1,3.88681e-06,0.00199999,0.0002625,1412.91
0,2698342,9,phononTS,0.000714884,0.000123856,-0.0044878,-0.0002625,7229.83,0.000382,1,0.00100337,-0.00300345,0.0002625,8606.76
0,2698367,21,phononTS,0.00105076,0.000908345,0.00114316,-0.0002625,323.616,0.000382,1,0.0020049,0.00199793,0.0002625,2023.09
0,2701337,23,phononTF,0.000469371,-0.000156377,-0.000292838,-0.000262498,17472.2,0.000382,1,3.1933e-08,-3.99243e-06,0.0002625,17582.5
0,2703398,14,phononTS,0.000600613,0.00206138,-0.00187305,-0.0002625,951.983,0.000382,1,0.00200078,-0.0020034,0.0002625,7700.02
0,2709801,16,phononTF,0.000497874,0.00292321,0.00106774,-0.000262498,16981.9,0.000382,1,0.00200477,0.00199772,0.0002625,17223.1
0,2715997,16,phononTS,0.000623033,0.00195192,0.00221774,-0.0002625,4049.68,0.000382,1,0.00199699,0.00199818,0.0002625,4820.25
0,2716873,22,phononTS,0.000392737,-0.000629145,-0.00201999,-0.0002625,6778.37,0.000382,1,-0.00100245,-0.00100284,0.0002625,8560.6
0,2718891,4,phononL,0.000666067,-0.00286238,3.82332e-05,-0.0002625,8.61349,0.000382,1,-0.00199759,4.93837e-06,0.0002625,185.978
0,2720400,10,phononTS,0.000615093,-0.00206131,0.00194503,-0.000262498,1692.36,0.000382,1,-0.00199717,0.0020023,0.0002625,1793.12
0,2721519,11,phononTS,0.00108342,-0.00129066,0.00145907,-0.000262498,1347.56,0.000382,1,-0.00100276,0.000999193,0.0002625,1508.42
0,2722153,2,phononTF,0.00495821,-0.00311082,-0.00110315,-0.0002625,448.541,0.001146,1,-0.00299889,-0.000996682,0.0002625,1033.32
0,2722908,14,phononTS,0.000406356,-3.84048e-05,-0.00195581,-0.0002625,703.169,0.000382,1,2.71501e-07,-0.00200411,0.0002625,2796.98
0,2723440,11,phononTF,0.000628209,0.00315077,0.00105952,-0.000262498,4949.22,0.000382,1,0.00300338,0.00099544,0.0002625,5044.72
0,2725752,6,phononL,0.00041965,-0.00302456,-0.000512197,-0.0002625,166.786,0.000382,1,-0.00299887,-0.00100004,0.0002625,321.967
0,2728164,20,phononTS,0.000424083,-0.00226719,0.00163646,-0.0002625,1682.66,0.000382,1,-0.0019978,0.00199971,0.0002625,2126.01
0,2733629,2,phononTS,0.000991974,-0.00351605,-0.00100981,-0.0002625,125.379,0.000764,1,-0.00299945,-0.0010009,0.0002625,2138.69
0,2738059,8,phononTF,0.000670875,-0.00207043,-6.32803e-05,-0.000262498,1383.36,0.000382,1,-0.00200037,3.13673e-06,0.0002625,1474.73
0,2740091,27,phononTS,0.000509075,0.00250497,0.00203437,-0.000262498,7940.15,0.000382,1,0.00199512,0.00199713,0.0002625,8087.2
0,2740828,17,phononTS,0.00089219,0.00191385,0.00202396,-0.0002625,11051,0.000382,1,0.00200096,0.00200021,0.0002625,13841.4
0,2742600,3,phononTS,0.000590922,-0.0020359,3.52492e-05,-0.0002625,1402.97,0.000382,1,-0.00200296,4.64537e-06,0.0002625,1581.96
0,2744889,11,phononTS,0.000519782,-5.60851e-05,0.00199878,-0.000262498,1336.61,0.000382,1,-3.06965e-06,0.00199616,0.0002625,1427.46
0,2745374,13,phononTF,0.000502919,0.00173327,-0.00234526,-0.0002625,3379.15,0.000382,1,0.00199838,-0.00200249,0.0002625,3737.4
0,2753838,18,phononTF,0.000431249,-0.00243284,0.000413436,-0.000262498,12682.5,0.000382,1,-0.00200252,1.40688e-06,0.0002625,12819.3
0,2756005,6,phononL,0.000645928,-0.00356862,-0.000639007,-0.0002625,5.17802,0.000382,1,-0.00300091,-0.00100407,0.0002625,350.552
0,2756433,14,phononTS,0.000753124,0.00200461,-0.00200135,0.0002625,3598.86,0.000307528,1,0.00206248,-0.00202171,-0.0002625,3788.64
0,2757425,7,phononTS,0.00107554,-0.00110967,-0.00100843,-0.0002625,640.031,0.000382,1,-0.00100337,-0.00100223,0.0002625,1931.03
0,2757930,2,phononTS,0.00331744,-0.00196379,0.00198644,0.000232731,278.346,0.000382,1,-0.00199887,0.00200066,0.0002625,914.615
0,2757930,12,phononL,0.00244183,-0.00199887,0.00200066,0.000262498,914.615,0.000349684,1,-0.00202691,0.00170222,-0.0002625,982.427
0,2758810,13,phononL,0.000627749,-0.00100335,0.000999926,0.0002625,6299.05,0.000627749,1,-0.00059859,0.00172505,-0.0002625,6733.12
0,2759451,9,phononTS,0.000585237,0.000982591,-0.00298935,-0.0002625,8792.69,0.000382,1,0.000996071,-0.00300288,0.0002625,9104.59
0,2761804,15,phononL,0.000581295,-0.00199885,1.97351e-06,0.000262498,1971.03,0.000581295,1,-0.00159442,0.000587994,-0.0002625,2068.46
0,2765950,24,phononTS,0.000726155,-0.0010335,-0.00341585,-0.0002625,3990.57,0.000382,1,-0.00200089,-0.00199945,0.0002625,5613.05
0,2766914,24,phononTF,0.000436671,-0.0021667,-0.000176561,-0.000262498,1554.62,0.000382,1,-0.00200007,-4.325e-06,0.0002625,1653.41
0,2767503,8,phononTS,0.000710887,0.00205303,0.00204859,-0.000262498,3670.15,0.000382,1,0.00200362,0.00199973,0.0002625,3764.09
0,2770127,24,phononTF,0.000493208,0.005,-0.00328019,-0.000222021,5915.45,0.000382,1,0.00099725,-0.00300315,0.0002625,12287.3
0,2772881,8,phononTF,0.000683559,-0.000649166,-5.40846e-05,-0.0002625,1341.17,0.000382,1,-0.0010036,0.00100168,0.0002625,1961.71
0,2772908,10,phononTS,0.000532463,0.00236732,-0.00204428,-0.0002625,5309.47,0.000382,1,0.00200439,-0.0019987,0.0002625,8440.27
0,2774347,7,phononTS,0.000480061,0.00197094,4.73215e-05,-0.000262498,3647.57,0.000382,1,0.00199687,-1.76244e-06,0.0002625,3742.42
0,2777632,7,phononTF,0.000818716,-0.00249501,7.28929e-07,-0.000262498,510.2,0.000382,1,2.94e-06,-2.39713e-06,0.0002625,975.872
0,2780398,14,phononTS,0.000415787,-0.000891427,0.000990356,-0.0002625,10086,0.000382,1,-0.00199565,-3.11672e-06,0.0002625,11683.3
0,2784409,32,phononTF,0.000527,0.00191539,-0.00191967,-0.0002625,8828.32,0.000382,1,0.0019959,-0.00200324,0.0002625,9656.7
0,2786514,19,phononTF,0.000383942,0.00161685,-0.000400711,-0.0002625,11199.4,0.000382,1,0.00200074,-4.21673e-06,0.0002625,11562.7
0,2786735,19,phononTF,0.000765874,0.00226036,-0.00174594,-0.0002625,300.773,0.000382,1,0.00199587,-0.00200162,0.0002625,5635.48
0,2786735,2,phononTF,0.00151535,-0.00292637,8.41032e-05,0.000262498,237.62,0.000678768,1,-0.00296543,0.000463776,-0.0002625,358.859
0,2787268,13,phononL,0.000387634,-0.000211293,0.00025776,-0.000262498,1761.19,0.000382,1,-4.35522e-06,2.72422e-06,0.0002625,1830.35
0,2791422,5,phononTS,0.000978956,-0.00314134,-0.00129284,-0.0002625,283.467,0.000382,1,-0.00200176,-0.00199792,0.0002625,1904.62
0,2793979,24,phononTF,0.000492608,-0.000232211,0.00177246,-0.0002625,1035.8,0.000382,1,-1.82291e-06,0.001995,0.0002625,1983.1
0,2794585,12,phononL,0.000494154,0.000860469,0.00159677,-0.0002625,1075.14,0.000382,1,0.00200129,0.00200014,0.0002625,1804.96
0,2796775,11,phononTF,0.00102652,0.005,0.00355828,-5.51473e-05,2083.31,0.000591335,1,0.00474496,0.00370709,-0.0002625,4368.05
0,2803092,9,phononTF,0.00121042,-0.000186478,0.00155234,-0.000262498,1924.42,0.000382,1,4.74068e-06,0.00199556,0.0002625,2056.05
0,2803329,17,phononTF,0.00115566,-0.00180864,-0.00182031,-0.0002625,1003.45,0.000764,1,-0.00199726,-0.00200094,0.0002625,1734.7
0,2803807,6,phononTF,0.0010613,-0.00112756,-0.000870799,-0.0002625,184.906,0.000764,1,-0.000999439,-0.00100467,0.0002625,1106.43
0,2808380,13,phononTS,0.000447011,-0.00126272,0.00361806,-0.0002625,9313,0.000382,1,-0.00100087,0.00299505,0.0002625,11416.5
0,2810464,5,phononTS,0.00128864,-0.000955952,0.00305124,-0.0002625,2809.04,0.000382,1,-0.000997494,0.00299875,0.0002625,3800.72
0,2822783,23,phononTS,0.000765247,-0.00204528,-3.57604e-05,-0.0002625,779.173,0.000382,1,-0.00200425,4.68534e-06,0.0002625,1136.04
0,2822783,22,phononTF,0.000916014,0.005,-0.00395909,2.82605e-05,779.173,0.00070833,1,0.00465072,-0.00423113,-0.0002625,2268.79
0,2825004,8,phononTS,0.000764163,-0.00292718,-0.000243626,-0.000262498,5144.56,0.000382,1,-0.00300453,-0.000996787,0.0002625,5326.74
0,2825815,10,phononTS,0.000384256,-0.00180564,-0.00105456,-0.0002625,1727.34,0.000382,1,-0.000995489,-0.000996237,0.0002625,2609.94
0,2825970,9,phononTF,0.000550427,-0.000773365,0.000775985,-0.0002625,4025.65,0.000382,1,-0.000995838,0.00100471,0.0002625,5184.77
0,2825989,6,phononTS,0.000961946,-0.00311664,0.000720653,-0.0002625,766.074,0.000764,1,-0.00199944,0.00200115,0.0002625,1349.81
0,2828431,8,phononTF,0.000458758,0.00184522,0.00185097,-0.0002625,2140.7,0.000382,1,0.00199836,0.0019966,0.0002625,3393.46
0,2828431,5,phononTS,0.00106489,-0.00299876,7.36154e-06,0.000262498,66.6407,0.000501574,1,-0.00295893,5.46066e-05,-0.0002625,155.748
0,2828821,3,phononTF,0.00222384,-0.00273161,-0.000747168,-0.000262498,668.343,0.000764,1,-0.00299543,-0.00100251,0.0002625,778.024
0,2834499,14,phononTF,0.000605657,0.00104286,0.00305643,-0.0002625,2755.62,0.000382,1,-3.34078e-07,0.00199689,0.0002625,5525.07
0,2837103,10,phononL,0.00051376,-0.00385443,-0.000646292,-0.0002625,721.936,0.000382,1,-0.00300159,-0.00100095,0.0002625,2422.23
0,2838055,4,phononTF,0.000675236,-0.005,-0.00147048,-0.000262264,32.287,0.000382,1,-0.0030003,-0.00100117,0.0002625,924.16
0,2839250,13,phononTS,0.000595608,-0.00199975,-0.00199916,0.000262498,3864.05,0.000595608,1,-0.00190628,-0.00203662,-0.0002625,3961.93
0,2843121,11,phononTF,0.000825021,-0.00104498,0.00103712,-0.0002625,784.368,0.000382,1,-0.00200182,0.00199978,0.0002625,1406.82
0,2845513,5,phononTF,0.00342294,-0.00208236,0.00191306,-6.58674e-06,1820.02,0.000382,1,-0.00199831,0.00199987,0.0002625,1870.52
0,2847493,4,phononTS,0.000842802,-0.00321845,0.000289107,-0.000262498,955.896,0.000382,1,-0.00199955,2.54143e-06,0.0002625,1227.14
0,2852226,9,phononTS,0.000759161,-0.00351594,0.005,-7.90837e-05,2294.72,0.000382,1,1.93398e-06,-4.62157e-06,0.0002625,4013.83
0,2852226,3,phononTF,0.000549411,-0.00325436,-1.21798e-05,0.000262498,47.5098,0.000549411,1,-0.00401129,-0.000751326,-0.0002625,249.626
0,2853371,13,phononTS,0.000398236,-0.00203656,0.000335849,-0.0002625,9239.19,0.000382,1,-0.00200471,-8.68074e-07,0.0002625,10363.9
0,2853637,6,phononTS,0.000520965,-0.000999433,-0.00100142,0.0002625,1005.24,0.000520965,1,-0.00101921,-0.00103359,-0.0002625,1846.49
0,2858079,16,phononTS,0.000717099,-0.00304298,-0.000982546,-0.0002625,8911.47,0.000382,1,-0.00299878,-0.000998685,0.0002625,10167.2
0,2866326,12,phononTS,0.000572174,-0.00228182,0.000873296,-0.0002625,7868.78,0.000382,1,-0.00200496,3.97502e-07,0.0002625,8439.08
0,2866326,4,phononTF,0.000929065,-0.00325901,8.13465e-05,0.000262498,17.3059,0.000365493,1,-0.00352404,-0.000206281,-0.0002625,130.288
0,2867310,23,phononTF,0.000561585,-0.000971238,-0.00111031,-0.0002625,2852.54,0.000382,1,-0.000999288,-0.00100257,0.0002625,3131.05
0,2867310,3,phononTF,0.00107688,-0.00300501,0.00152256,0.000262498,1290.8,0.000608191,1,-0.00253202,0.00103297,-0.0002625,1437.88
0,2869065,16,phononTS,0.000414803,-0.000800303,0.00341087,-0.000262498,4153.34,0.000382,1,3.61584e-06,0.0020044,0.0002625,4491.56
0,2870923,3,phononL,0.00139929,-0.00260904,3.59997e-05,-0.0002625,37.6892,0.000382,1,-0.00200197,-3.45618e-06,0.0002625,210.027
0,2876184,26,phononTF,0.000737499,-0.00101132,-0.000954967,-0.000262498,1298.9,0.000382,1,-0.00100268,-0.00100481,0.0002625,1389.41
0,2879615,3,phononTS,0.000519364,-0.00296937,-0.000157235,-0.000262498,245.402,0.000382,1,-0.000997446,0.00100223,0.0002625,699.394
0,2879725,20,phononTF,0.000623078,-0.00199794,-4.77508e-07,0.000262498,1228.65,0.000623078,1,-0.00203979,-2.83832e-05,-0.0002625,1319.03
0,2885225,9,phononTF,0.000477802,-0.00214585,0.00181389,-0.0002625,584.247,0.000382,1,-0.00200122,0.00199723,0.0002625,1190.4
0,2886210,7,phononTS,0.000568078,-0.00137219,-0.00142567,-0.0002625,95.2167,0.000382,1,-0.0010033,-0.00100201,0.0002625,1668.66
0,2886594,20,phononTF,0.000639773,0.000965668,-0.0030444,-0.0002625,4120.94,0.000382,1,0.00100397,-0.00300449,0.0002625,4572.82
0,2891310,9,phononTF,0.00105448,-0.00237206,-0.00164275,-0.0002625,2205.34,0.000382,1,-0.0029982,-0.00100162,0.0002625,6320.71
0,2891627,15,phononTF,0.000470744,-0.00233134,-0.00234734,-0.000262498,1306.36,0.000382,1,-0.00199586,-0.00200074,0.0002625,1428.36
0,2895464,14,phononTS,0.000590347,0.000996906,-0.00299602,0.000262498,3632.06,0.000590347,1,0.000986438,-0.00352224,-0.0002625,3781.52
0,2897499,6,phononTF,0.00117431,-0.0013124,-0.000728716,-0.0002625,614.321,0.000382,1,-0.00100304,-0.00100441,0.0002625,961.701
0,2899166,12,phononTS,0.00065533,-0.00100771,-0.00107762,-0.000262498,5529.72,0.000382,1,-0.000996136,-0.00100077,0.0002625,5628.53
0,2903463,19,phononTS,0.000428478,-0.00204477,0.00202405,-0.0002625,2797.84,0.000382,1,-0.00200275,0.00199836,0.0002625,3171.82
0,2906359,10,phononTS,0.000385788,0.00172543,0.00109703,-0.000262498,6677.94,0.000382,1,0.00200451,0.00199988,0.0002625,6894.69
0,2909902,31,phononTF,0.000556938,-0.000625203,-0.00320425,-0.0002625,8211.78,0.000382,1,-0.0019963,-0.00200296,0.0002625,11690.6
0,2910622,11,phononL,0.000579868,-0.00240493,6.23009e-05,-0.000262498,594.409,0.000382,1,-0.00200283,3.09519e-07,0.0002625,667.193
0,2911028,6,phononTS,0.000957356,-0.00296678,-0.000957339,-0.0002625,417.851,0.000382,1,-0.00300298,-0.000995857,0.0002625,1610.24
0,2912284,15,phononTS,0.00116101,7.8578e-06,-0.00175295,-0.000262498,1070.09,0.000382,1,8.28286e-07,-0.00199827,0.0002625,1185.01
0,2919459,14,phononTF,0.000545551,0.00134753,0.00263873,-0.0002625,2331.5,0.000382,1,0.00199757,0.00199546,0.0002625,2874.46
0,2920866,6,phononTS,0.000444453,0.000179738,0.0028884,-0.0002625,29.4535,0.000382,1,-4.483e-06,0.00199568,0.0002625,1590.07
0,2922469,21,phononTF,0.000654237,-0.00356038,-0.000450451,-0.0002625,1089.49,0.000382,1,-0.00300022,-0.00100437,0.0002625,1575.67
0,2926900,13,phononTS,0.000796001,0.00099939,-0.000997231,0.0002625,5469.39,0.000238201,1,0.00100092,-0.00100445,-0.0002625,6428.63
0,2935133,12,phononTS,0.000431056,-0.00273848,-0.000864739,-0.0002625,20203.7,0.000382,1,-0.00299516,-0.000995499,0.0002625,21071.8
0,2941021,1,phononTS,0.01,-0.00298359,-0.00097203,0.000237496,0,0.001528,1,-0.00300091,-0.000998901,0.0002625,980.319
0,2950650,21,phononTS,0.00114207,0.00155383,-0.00144179,-0.0002625,1871.81,0.000382,1,3.95519e-06,-0.00199778,0.0002625,4466.94
0,2951731,8,phononTS,0.000849157,-0.00282424,-0.00213007,-0.0002625,843.065,0.000382,1,-0.00199653,-0.0019975,0.0002625,1600.54
0,2952743,7,phononTS,0.00100339,0.00104797,0.00179957,-0.0002625,1578.63,0.000382,1,0.00200489,0.00199838,0.0002625,2702.48
0,2955326,7,phononTS,0.00066037,0.00100221,-0.00241751,-0.000262498,5691.39,0.000382,1,0.000997579,-0.00299989,0.0002625,5845.08
0,2955661,11,phononTF,0.000398019,1.21826e-06,0.00199912,0.000262498,8180.21,0.000398019,1,0.00024221,0.00173333,-0.0002625,8290
0,2955661,2,phononTS,0.00469404,-0.00332545,5.1592e-05,2.20835e-05,217.808,0.000619192,1,-0.0035667,-0.000671623,-0.0002625,399.395
0,2962603,14,phononTF,0.000477681,-0.000666855,-0.00133994,-0.0002625,1011.88,0.000382,1,-3.61944e-07,-0.00200333,0.0002625,1491.37
0,2964395,17,phononTF,0.000831065,-0.00284695,0.00116698,-0.000262498,2058.19,0.000382,1,-0.00199705,0.00199753,0.0002625,2280.5
0,2970114,11,phononTS,0.000597877,-0.000981114,-0.000966798,-0.0002625,778.388,0.000382,1,-0.00100317,-0.000995235,0.0002625,1047.13
0,2970757,4,phononTS,0.00119111,-0.00300032,-0.000996258,0.0002625,133.851,0.000452769,1,-0.00308105,-0.00104082,-0.0002625,934.76
0,2976439,17,phononTS,0.000391571,-0.00100329,-0.000996444,0.0002625,3901.14,0.000391571,1,0.00176475,-0.0032427,-0.0002625,5235.02
0,2979088,23,phononTF,0.000487571,0.00110832,-0.00289302,-0.0002625,17359.1,0.000382,1,0.00100324,-0.00299586,0.0002625,17639.2
0,2979089,1,phononTS,0.01,-0.00296685,7.45893e-05,-0.00022373,0,0.00223628,1,-0.00297397,4.10495e-05,-0.0002625,375.092
0,2984803,17,phononTS,0.0010681,-2.0063e-06,-1.37537e-06,0.000262498,1899.29,0.000333674,1,1.76402e-05,0.000543254,-0.0002625,2051.97
0,2987258,12,phononTF,0.000414787,0.00122716,-0.00323678,-0.0002625,4997.76,0.000382,1,0.00100468,-0.00300469,0.0002625,8134.74
0,2987382,11,phononTS,0.000737337,-0.00207141,0.000395405,-0.0002625,828.953,0.000382,1,-0.00100395,0.000998079,0.0002625,1795.57
0,2989164,15,phononTF,0.000550078,-0.00237,0.00220153,-0.0002625,1092.56,0.000382,1,-0.00200374,0.00200383,0.0002625,3116.03
0,2990530,22,phononTF,0.000591875,0.000684472,-0.000696319,-0.000262498,11344,0.000382,1,0.000996922,-0.000999884,0.0002625,11460.7
0,2994446,14,phononL,0.000846749,-0.00278798,-0.000407922,-0.0002625,403.087,0.000382,1,-0.00200428,-3.68661e-06,0.0002625,629.964
0,2995451,6,phononL,0.000629052,-0.00267212,-0.000808762,-0.0002625,926.24,0.000382,1,-0.00299917,-0.00100075,0.0002625,1069.43
0,2997529,14,phononTF,0.00127355,7.24803e-05,0.00203269,-0.000262498,7418.62,0.000764,1,1.88238e-06,0.00200109,0.0002625,7509.82
0,2998598,5,phononTF,0.000744369,-0.0015215,-0.00153174,-0.0002625,465.468,0.000382,1,-0.00199721,-0.00199563,0.0002625,1689.66
0,3002913,17,phononL,0.00124087,-0.00306442,-0.000448296,-0.0002625,47.8021,0.000382,1,-0.00300365,-0.00100473,0.0002625,212.915
0,3003386,6,phononTS,0.00136441,-0.00196279,5.23887e-05,-0.0002625,16.4253,0.000764,1,-0.00199549,3.94459e-06,0.0002625,2591.03
0,3003402,11,phononTF,0.000777841,-0.000127761,0.00188053,-0.0002625,3576.74,0.000382,1,-3.8797e-06,0.00200167,0.0002625,4293.46
0,3010440,10,phononTF,0.000591463,-0.00280155,-0.000308047,-0.000262498,250.081,0.000382,1,-0.00199712,0.00199814,0.0002625,698.457
0,3012979,18,phononTF,0.000484787,-0.00118535,0.00144506,-0.000262498,7075.71,0.000382,1,-0.000995086,0.000998883,0.0002625,7207.76
0,3019679,25,phononTS,0.000414296,0.0011302,-0.00151103,-0.0002625,5022.45,0.000382,1,0.00199731,-0.00200168,0.0002625,6984.16
0,3023301,12,phononTS,0.0011774,-0.00200199,-3.10786e-06,0.000262498,2754.2,0.000668141,1,-0.00231746,0.000910059,-0.0002625,2979.57
0,3026847,15,phononTS,0.000603351,4.28702e-06,0.00209087,-0.000262498,1811.28,0.000382,1,-8.2972e-07,0.00199906,0.0002625,1910.42
0,3027762,8,phononTS,0.000662785,-0.00200019,-2.44997e-06,0.0002625,491.797,0.000662785,1,-0.00202562,-4.97558e-05,-0.0002625,681.289
0,3028674,12,phononTF,0.00089908,-0.000952597,-0.00104271,-0.0002625,1664.74,0.000382,1,-3.67982e-06,-0.00199563,0.0002625,4369.24
0,3031747,10,phononTF,0.000442322,-0.00114815,-0.000840941,-0.0002625,2215.05,0.000382,1,-0.00100437,-0.00100237,0.0002625,2494.78
0,3032416,6,phononL,0.000495849,0.000998411,-0.00300229,0.000262498,3839.02,0.000495849,1,0.00123898,-0.00323059,-0.0002625,3908.34
0,3037235,10,phononTS,0.000468483,-0.00295833,-0.00101833,-0.0002625,1661.17,0.000382,1,-0.00300107,-0.0010047,0.0002625,2117.28
0,3038234,12,phononTF,0.000484908,-0.00146704,0.00120311,-0.0002625,545.751,0.000382,1,-0.00100127,0.00100111,0.0002625,1221.31
0,3043707,15,phononTF,0.000398629,-0.00218153,0.00018571,-0.000262498,685.959,0.000382,1,-0.00200478,8.30694e-07,0.0002625,785.902
0,3046091,7,phononTF,0.000434859,0.00086943,-0.00306138,-0.0002625,3685.57,0.000382,1,2.38758e-06,-0.00199582,0.0002625,4760.03
0,3054077,10,phononTS,0.00111549,-0.00304086,-0.000775537,-0.0002625,700.37,0.000382,1,-0.00300223,-0.00100294,0.0002625,929.568
0,3056179,12,phononTF,0.00169097,-0.00299798,-0.000996171,0.000262498,1052.05,0.00138893,1,0.000670051,0.00357203,-0.0002625,2064.58
0,3058456,11,phononTF,0.000523279,3.47337e-06,-0.00199518,0.000262498,9440.25,0.000523279,1,-0.000471403,-0.00150416,-0.0002625,9587.64
0,3060678,10,phononTS,0.000680942,-0.00300491,-0.000999517,0.000262498,4727.96,0.000680942,1,-0.00307459,-0.00169255,-0.0002625,4901.17
0,3060678,5,phononTS,0.00088744,-0.00316465,-0.000280299,0.000262498,295.165,0.000363068,1,-0.00315839,-0.000177227,-0.0002625,395.197
0,3063164,18,phononTF,0.000916709,-0.00304985,-0.000952435,-0.0002625,565.275,0.000382,1,-0.00300424,-0.000995765,0.0002625,1060.73
0,3064251,6,phononTS,0.00126993,0.00195518,0.00246174,-0.0002625,161.338,0.000382,1,0.00200383,0.00200345,0.0002625,3079.83
0,3064956,15,phononTS,0.000919818,-0.00211563,-0.000856262,-0.0002625,1216.03,0.000382,1,-0.00299876,-0.00100289,0.0002625,1847.69
0,3078709,3,phononTF,0.00336209,-0.00338063,-9.53772e-05,5.53214e-05,141.174,0.001146,1,-0.00200205,-2.90203e-06,0.0002625,543.699
0,3081974,15,phononTS,0.000449259,0.0010983,0.000969556,-0.0002625,4908.72,0.000382,1,0.000998053,0.00100352,0.0002625,6081.5
0,3082725,18,phononTF,0.000398281,0.00125542,-0.00145448,-0.0002625,5216.08,0.000382,1,1.5942e-06,-6.44593e-07,0.0002625,6769.33
0,3083414,14,phononTF,0.00130334,0.000999085,-0.000997769,0.0002625,1915.77,0.000968707,1,0.000974502,-0.00102297,-0.0002625,2276.09
0,3088120,3,phononTS,0.00124049,-0.00205498,-0.00197573,-0.0002625,177.431,0.000382,1,-0.00200066,-0.00200263,0.0002625,3508.47
0,3090115,4,phononTS,0.00117315,-0.00297554,-0.00100052,-0.0002625,838.095,0.000382,1,-0.00300099,-0.00100373,0.0002625,1017.44
0,3090115,3,phononTS,0.000768385,-0.0029501,-0.000997301,0.000262498,838.095,0.000338181,1,-0.00253594,-0.000530291,-0.0002625,1012.23
0,3091773,16,phononTS,0.00167647,-0.00300419,-0.00100106,0.000262498,911.595,0.00142846,1,-0.00301448,-0.00103781,-0.0002625,1004.96
0,3092351,12,phononTS,0.00117094,-0.000997664,0.00100488,0.000262498,3412.67,0.000319555,1,-0.00158917,-0.000458268,-0.0002625,3741
0,3092597,8,phononTF,0.000491716,-0.003275,-0.000724023,-0.0002625,426.595,0.000382,1,-0.00300126,-0.00100399,0.0002625,763.168
0,3101414,20,phononTF,0.000696338,-0.00240776,-0.00164867,-0.0002625,715.734,0.000382,1,-0.00200042,-0.00199705,0.0002625,1369.3
0,3105488,4,phononTS,0.00092968,-0.00219778,-0.000490931,-0.0002625,24.3612,0.000382,1,-0.00099922,-0.00100209,0.0002625,953.848
0,3108727,24,phononTS,0.00054891,-0.000997306,0.0029979,0.0002625,4205.58,0.00054891,1,-0.00429116,-0.000462811,-0.0002625,6928.23
0,3109346,7,phononL,0.00038678,-0.005,-0.000761174,-0.000233827,1095.16,0.000382,1,-0.00100225,-0.000997075,0.0002625,1889.46
0,3116988,12,phononTS,0.000685025,-0.000296034,-0.000915987,-0.000262498,1716.2,0.000382,1,4.95353e-06,9.06181e-07,0.0002625,1936.19
0,3119680,13,phononTS,0.000567965,0.00199882,2.43636e-06,0.0002625,3078.48,0.000567965,1,0.000456712,-0.00065982,-0.0002625,3772.47
0,3120361,25,phononTS,0.000953837,-0.005,-0.0029311,-1.45088e-05,427.886,0.000382,1,-0.00299566,-0.00100487,0.0002625,1624.11
0,3122927,9,phononTS,0.000467917,-0.005,-0.00294618,-0.000238073,1551.68,0.000382,1,-0.0010018,0.00100403,0.0002625,2606.61
0,3125686,5,phononTS,0.000717975,-0.00303024,-0.000853022,-0.0002625,38.3585,0.000382,1,-0.00299948,-0.00100153,0.0002625,675.155
0,3127124,7,phononTS,0.00057747,-0.000956439,0.00103759,-0.0002625,1044.89,0.000382,1,-0.00100368,0.00100034,0.0002625,2042.61
0,3127178,21,phononTS,0.00119052,-0.00114072,7.97385e-05,-0.0002625,2311.23,0.000764,1,-0.00299847,-0.00099801,0.0002625,9504.49
0,3127652,9,phononTS,0.000703023,-0.0029953,-0.000998147,0.000262498,1585.73,0.000703023,1,-0.00123622,4.43607e-05,-0.0002625,1997.46
0,3127652,2,phononTF,0.00292447,0.005,-0.000100249,-0.000107273,245.666,0.00062367,1,0.00478716,-0.000315899,-0.0002625,3257.52
0,3131612,6,phononTS,0.00073631,-0.000865482,-0.0021479,-0.0002625,1486.73,0.000382,1,0.000997169,-0.00300453,0.0002625,3246.01
0,3133863,17,phononTF,0.000494842,0.00210626,0.00010483,-0.0002625,30410.9,0.000382,1,0.00200228,-3.40582e-06,0.0002625,31910.3
0,3138022,6,phononTF,0.000955414,0.00199935,-0.00199827,0.000262498,2317.45,0.000330563,1,0.00218798,-0.00181903,-0.0002625,2417.72
0,3141829,11,phononTF,0.00069208,-0.00197359,0.00202714,-0.0002625,6028.71,0.000382,1,-0.00200088,0.00200074,0.0002625,7394.34
0,3141829,2,phononTS,0.00477596,-0.00194731,-0.000105835,0.000125398,1758.36,0.000633108,1,-0.00196959,-0.000467923,-0.0002625,2314.27
0,3141870,5,phononTS,0.000601718,-0.00222275,0.000709311,-0.000262498,2241.55,0.000382,1,-0.00100462,0.00100097,0.0002625,2512.94
0,3142000,3,phononTS,0.00369554,-0.00297996,-0.000958048,-0.0002625,798.256,0.000764,1,-0.00300487,-0.0010028,0.0002625,1444.58
0,3154295,8,phononTF,0.000888578,-0.00328555,-0.000815513,-0.0002625,746.332,0.000382,1,-0.00300431,-0.000996697,0.0002625,1185.82
0,3154295,7,phononTS,0.000840173,-0.00412927,-0.000271961,0.000262498,746.332,0.000374695,1,-0.0037815,-0.00102447,-0.0002625,950.892
0,3158161,3,phononTS,0.000690152,-0.00100464,0.0029407,-0.0002625,2068.05,0.000382,1,-0.000998394,0.00299632,0.0002625,2913.26
0,3164289,9,phononTF,0.000748661,-0.00199859,6.91698e-07,0.000262499,1029.97,0.000748661,1,-0.00174434,-0.000255813,-0.0002625,1139.21
0,3167916,18,phononTF,0.00119305,-0.00134682,0.000635807,-0.0002625,1097.03,0.000764,1,-0.00100093,0.000995268,0.0002625,1716.58
0,3170215,13,phononTS,0.000470308,-0.005,0.00361583,7.16462e-05,2338.7,0.000382,1,-0.00200349,-2.81153e-06,0.0002625,3294.18
0,3172763,26,phononTS,0.000521357,-0.0020637,0.00079081,-0.000262498,3049.35,0.000382,1,-0.0019967,4.74944e-06,0.0002625,3239.1
0,3183547,13,phononL,0.0011311,0.0016392,0.00222105,-0.0002625,3882.46,0.000382,1,0.00200467,0.00200246,0.0002625,4819.99
0,3191147,12,phononTS,0.00105834,-0.00187908,-0.00115377,-0.0002625,2303.97,0.000382,1,-0.00200215,-0.00200116,0.0002625,4038.98
0,3193649,9,phononTS,0.000569744,-0.00282054,-0.000914529,-0.000262498,1266.56,0.000382,1,-0.00299773,-0.0010019,0.0002625,1379.17
0,3201609,9,phononTS,0.000417682,-0.0031607,0.00176432,-0.000262498,4681.94,0.000382,1,-0.00200201,0.00199892,0.0002625,4940.74
0,3202272,2,phononTS,0.00061393,-0.00274168,-1.21775e-05,-0.0002625,113.86,0.000382,1,-0.00200114,1.00173e-06,0.0002625,475.023
0,3203523,12,phononTF,0.000618963,-0.00111357,0.000863742,-0.0002625,1923.5,0.000382,1,-0.000998249,0.000997976,0.0002625,2209.28
0,3206966,7,phononTF,0.00116315,-0.00230809,-0.000290518,-0.0002625,441.488,0.000382,1,-0.00200077,3.17012e-06,0.0002625,672.601
0,3213222,7,phononTS,0.000666843,-0.0019223,-7.16576e-05,-0.000262498,725.03,0.000382,1,-0.00200311,1.72443e-06,0.0002625,828.202
0,3215923,8,phononL,0.000594846,-0.000125407,-0.000622959,-0.0002625,1581.49,0.000382,1,-2.30337e-06,-4.3885e-06,0.0002625,2172.45
0,3215923,2,phononTS,0.000514106,-0.00314881,-2.93319e-05,0.000262498,53.9565,0.000514106,1,-0.00317929,-1.55703e-07,-0.0002625,143.459
0,3216733,8,phononTF,0.000679799,-0.00167028,0.00228526,-0.0002625,1048.53,0.000382,1,-0.00199769,0.00199965,0.0002625,3295.01
0,3216733,2,phononTF,0.00202066,-0.00320026,6.16274e-05,0.000262498,6.796,0.000881899,1,-0.00274372,-0.000475023,-0.0002625,160.108
0,3222545,7,phononTS,0.000586231,0.000382806,-0.00198387,-0.0002625,3240.71,0.000382,1,-4.50306e-06,-0.00200486,0.0002625,4416.46
0,3225164,16,phononTS,0.000463461,-0.00252195,-2.20848e-05,-0.000262498,587.4,0.000382,1,-0.00199596,-1.23769e-06,0.0002625,737.399
0,3231411,16,phononL,0.00039086,-0.00228913,0.00224296,-0.000262498,2595.09,0.000382,1,-0.00200402,0.00199548,0.0002625,2666.68
0,3232140,17,phononTF,0.000583869,0.00145027,-0.000790313,-0.000262498,1959.65,0.000382,1,-0.00300092,-0.000999819,0.0002625,2755.98
0,3234980,5,phononTS,0.000396722,-0.00084469,-0.000117432,-0.0002625,1186.56,0.000382,1,0.00099575,0.00100381,0.0002625,2207.92
0,3237661,19,phononTS,0.000493131,-0.00194735,0.00202836,-0.000262498,3456.99,0.000382,1,-0.00199645,0.00199925,0.0002625,3546.43
0,3238519,11,phononTF,0.000583619,-0.00139026,0.00318117,-0.0002625,1863.53,0.000382,1,-0.00199612,0.00200058,0.0002625,5006.93
0,3245464,15,phononTF,0.000494463,0.00200129,-0.00200057,0.0002625,7790.91,0.000494463,1,0.00207657,-0.00207401,-0.0002625,16829
0,3249376,11,phononTF,0.000470063,-0.00116333,0.00284057,-0.0002625,2173.53,0.000382,1,-0.00100382,0.00300498,0.0002625,2467.77
0,3249849,3,phononTS,0.000879659,0.00113594,-0.000258092,-0.0002625,1532.59,0.000382,1,-3.90458e-06,4.58898e-06,0.0002625,4999.69
0,3249849,5,phononTF,0.000462159,-3.90458e-06,4.58898e-06,0.000262498,4999.69,0.000462159,1,-0.000756147,-0.000750962,-0.0002625,5203.35
0,3255778,13,phononTS,0.000443704,0.0030029,0.000996202,0.000262498,4411.43,0.000443704,1,0.00303141,0.00103493,-0.0002625,4500.94
0,3258030,7,phononTS,0.000725362,-0.000955027,0.00302277,-0.0002625,830.014,0.000382,1,-0.0010014,0.0030037,0.0002625,2327.05
0,3262223,8,phononTF,0.00109877,-0.005,-0.000520146,0.000236984,2778.78,0.000764,1,-0.00300363,-0.000997338,0.0002625,4347.34
0,3270142,4,phononTS,0.000407262,-0.00211385,-0.000364532,-0.0002625,50.1839,0.000382,1,-0.000995096,-0.00100093,0.0002625,613.048
0,3273525,9,phononTS,0.00084221,-0.00202087,0.00195852,-0.0002625,2271.44,0.000382,1,-0.00200039,0.00199904,0.0002625,4900.05
0,3276682,5,phononTF,0.00128143,0.000298619,-0.00082582,-0.0002625,130.777,0.000382,1,0.000999255,-0.00099729,0.0002625,1162.31
0,3277332,5,phononTS,0.00125699,-0.000117312,-0.00337719,-0.0002625,185.164,0.000764,1,0.000999724,-0.00299905,0.0002625,11533
0,3285263,13,phononL,0.000691257,-0.00300141,-0.00100256,0.000262498,5296.54,0.000691257,1,-0.00282994,-0.00148276,-0.0002625,5376
0,3286789,32,phononL,0.000405192,0.0026337,0.00190104,-0.0002625,9727.15,0.000382,1,0.00199889,0.00199956,0.0002625,10437.3
0,3286884,11,phononTS,0.000391917,-0.00298987,-0.000868489,-0.0002625,615.475,0.000382,1,-0.00299543,-0.00100412,0.0002625,924.424
0,3291883,6,phononTS,0.000632572,-0.00200164,3.52231e-07,0.0002625,2223.56,0.000632572,1,-0.0011894,-8.8289e-05,-0.0002625,2800.42
0,3303642,7,phononTF,0.000668281,-0.00195424,-0.00204179,-0.000262498,1042.43,0.000382,1,-0.00199602,-0.00199824,0.0002625,1132.9
0,3307284,17,phononTF,0.00100885,-0.00099745,-0.00111075,-0.0002625,6581.29,0.000382,1,-0.00100363,-0.000995529,0.0002625,7202.2
0,3307469,12,phononTS,0.000395907,-0.0019488,-2.64288e-05,-0.000262498,3468.98,0.000382,1,-0.00200079,-2.26714e-06,0.0002625,3563.4
0,3308712,26,phononTF,0.000663037,-1.36377e-06,-0.00199715,0.000262498,4062.58,0.000663037,1,0.000257675,-0.00225217,-0.0002625,4172.01
0,3309289,4,phononTF,0.00102544,-0.00300193,-0.00100032,0.0002625,2324.48,0.000909809,1,-0.0029622,-0.00117811,-0.0002625,2812.97
0,3314024,4,phononTF,0.00150525,-0.00245873,-0.000480366,-0.000262498,569.015,0.000764,1,-0.00200027,-4.24682e-06,0.0002625,714.353
0,3314024,12,phononL,0.000598923,-0.00200027,-4.24682e-06,0.000262498,714.353,0.000598923,1,-0.00215075,0.000572353,-0.0002625,800.013
0,3317063,5,phononL,0.0012347,-0.00233241,0.00206196,-0.0002625,62.871,0.000382,1,-0.00200493,0.00200281,0.0002625,641.918
0,3317270,4,phononTS,0.00131922,-0.00233573,-0.00195977,-0.0002625,74.3886,0.000382,1,-0.00199928,-0.00199927,0.0002625,913.117
0,3320690,21,phononTS,0.000533818,-0.00194549,-0.00249148,-0.0002625,1095.06,0.000382,1,-0.0020043,-0.00200086,0.0002625,1716.79
0,3321564,9,phononTS,0.000769421,-0.000964148,-0.00102627,-0.0002625,1352.53,0.000382,1,-0.00100109,-0.000996268,0.0002625,2187.58
0,3322935,10,phononTS,0.000732901,-0.000673568,-0.00308558,-0.0002625,7764.77,0.000382,1,-1.90868e-07,-0.001996,0.0002625,11338.1
0,3331138,7,phononTS,0.000497353,-0.00233351,4.80193e-05,-0.0002625,69.8252,0.000382,1,-0.00199821,3.668e-06,0.0002625,564.967
0,3332690,7,phononTS,0.000533681,-0.00295231,-0.00152389,-0.0002625,1540.28,0.000382,1,-0.00300205,-0.00100059,0.0002625,2312.75
0,3336867,13,phononTF,0.000454014,0.00037426,-0.000381977,-0.0002625,2192.35,0.000382,1,-1.73624e-06,3.04729e-06,0.0002625,3168.39
0,3340319,12,phononTF,0.00139002,0.00175571,0.00162501,-0.0002625,1065.8,0.000382,1,0.00200389,0.00200111,0.0002625,5711.93
0,3341304,23,phononTS,0.00115063,-0.00304373,-0.000897393,-0.0002625,1101.9,0.000764,1,-0.00300377,-0.00100431,0.0002625,1613.28
0,3350349,23,phononTS,0.00064132,0.000223868,0.000232928,-0.000262498,9233.44,0.000382,1,4.91878e-06,2.95389e-07,0.0002625,9362.6
0,3353834,22,phononL,0.000803103,0.00118245,-0.00329901,-0.000262498,12407.8,0.000382,1,0.00099803,-0.00300476,0.0002625,12477.8
0,3359164,25,phononTS,0.000422209,-0.00099773,0.00299713,0.0002625,18318.1,0.000422209,1,-0.000997766,0.00294326,-0.0002625,18680.9
0,3360829,16,phononTF,0.000394963,-0.000996654,-0.00100108,0.000262498,5882.48,0.000394963,1,-0.000467207,-0.001512,-0.0002625,6038.06
0,3364508,13,phononTS,0.000707653,-0.0030595,-0.00101137,-0.0002625,182.852,0.000382,1,-0.00300361,-0.000998484,0.0002625,902.753
0,3364700,33,phononTS,0.000687225,-0.00300192,-0.000997742,0.000262498,1224.48,0.000687225,1,-0.00350562,-0.00070071,-0.0002625,1391.58
0,3365500,11,phononTS,0.00043729,-0.00102836,-0.000932239,-0.0002625,1707.24,0.000382,1,-0.0010025,-0.000999196,0.0002625,2529.52
0,3365774,22,phononTS,0.000439662,4.37398e-05,9.05668e-05,-0.0002625,9904.7,0.000382,1,3.61024e-06,-4.9437e-06,0.0002625,12476.9
0,3369787,15,phononTF,0.00109928,-0.00202896,-0.00157122,-0.0002625,377.4,0.000382,1,-0.00200386,-0.00199764,0.0002625,1274.27
0,3372688,6,phononTS,0.00042203,-0.00329793,0.00255296,-0.000262498,1332.76,0.000382,1,-0.00100063,0.00100222,0.0002625,1871.71
0,3375446,10,phononTS,0.00062709,0.000883642,-0.00225271,-0.0002625,6752.58,0.000382,1,-4.19992e-06,-0.00199525,0.0002625,7392.72
0,3375462,7,phononTF,0.000409394,0.00168807,-0.000308283,-0.0002625,9976.35,0.000382,1,0.00199784,-1.41179e-06,0.0002625,10309
0,3378548,4,phononTF,0.00211931,-0.00312866,-0.000540787,-0.0002625,83.2089,0.000382,1,-0.00299991,-0.0010015,0.0002625,350.636
0,3384359,8,phononTF,0.000608651,-0.00199968,-5.56351e-07,0.000262498,1568.01,0.000608651,1,-0.00206034,-0.000188475,-0.0002625,1666.69
0,3391313,19,phononTF,0.000914638,-0.00105066,0.0029502,-0.000262498,3943.45,0.000382,1,-0.000999719,0.00300244,0.0002625,4034.19
0,3391780,17,phononTS,0.000413275,-5.39568e-05,-0.00198803,-0.0002625,3652.64,0.000382,1,1.97758e-06,-0.00199805,0.0002625,8939.56
0,3391780,2,phononTS,0.0050654,-0.00291446,3.35113e-05,-0.000134593,54.9861,0.000538846,1,-0.00280114,-0.000317047,-0.0002625,132.264
0,3391828,4,phononTS,0.00251862,-0.00255906,-9.8294e-06,-0.0002625,43.8158,0.000764,1,-0.00199607,1.36154e-06,0.0002625,356.616
0,3393183,4,phononTF,0.00206988,-0.000702077,0.000702336,-0.000262498,878.133,0.000382,1,-0.00100499,0.00100285,0.0002625,994.136
0,3393183,10,phononTF,0.00108354,-0.00100499,0.00100285,0.000262498,994.136,0.00108354,1,-0.000912968,0.000767945,-0.0002625,1097.58
0,3397494,2,phononTF,0.000438639,-0.0024203,-0.000405106,-0.0002625,124.621,0.000382,1,-0.00200162,1.55419e-06,0.0002625,574.151
0,3398317,8,phononTF,0.000582321,-0.000436955,-0.00324421,-0.0002625,2697.17,0.000382,1,0.00100332,-0.00299882,0.0002625,3265.55
0,3400123,23,phononTS,0.000921814,-0.00300184,-0.00099791,0.000262498,1231.9,0.000433195,1,-0.00305727,-0.00100322,-0.0002625,1322.28
0,3401427,18,phononTS,0.000465657,-0.00304733,-0.000954438,-0.000262498,9718.47,0.000382,1,-0.00300022,-0.000996163,0.0002625,9812.57
0,3403335,23,phononL,0.000433093,-0.00182739,0.00219749,-0.0002625,1531.42,0.000382,1,-0.00100391,0.00299998,0.0002625,1963.85
0,3403764,11,phononL,0.000585279,-0.00261655,0.0020344,-0.0002625,8490.49,0.000382,1,-0.00200357,0.00200009,0.0002625,9417.96
0,3407710,5,phononTS,0.000790218,-0.00432064,-9.87472e-05,-0.0002625,692.755,0.000382,1,-0.00199624,-0.00199835,0.0002625,1860.53
0,3431972,3,phononTF,0.000454605,-0.00351669,-0.000751469,-0.000262498,1034.51,0.000382,1,-0.00199835,-0.00199776,0.0002625,1387.3
0,3437333,18,phononTS,0.000427143,-0.00300305,-0.00100101,0.000262498,13996.4,0.000427143,1,-0.00375639,-0.00230127,-0.0002625,14305.8
0,3438042,9,phononL,0.000750223,-0.00100259,0.000999023,0.000262498,2968.24,0.000750223,1,-0.00080367,0.00108252,-0.0002625,3033.34
0,3439945,9,phononTS,0.000772543,4.5555e-05,-0.00285225,-0.0002625,2331.61,0.000382,1,4.49719e-06,-0.00199699,0.0002625,3997.68
0,3440776,14,phononTS,0.000813126,-0.00301372,0.000281454,-0.0002625,151.03,0.000382,1,-0.00200396,2.71605e-06,0.0002625,1040.01
0,3441024,23,phononTF,0.000442886,0.00023292,-0.000318643,-0.000262498,884.699,0.000382,1,0.00100482,0.00100317,0.0002625,1173.64
0,3442443,5,phononTF,0.00102808,-0.00211684,-1.71097e-05,-0.0002625,160.961,0.000382,1,-0.00199662,-4.54511e-06,0.0002625,908.973
0,3452940,3,phononTS,0.000534374,-0.000894046,-0.00384491,-0.0002625,1014.33,0.000382,1,-2.29894e-06,-0.00200107,0.0002625,3363.68
0,3458451,12,phononTS,0.000390613,-0.000793483,0.00304839,-0.0002625,7926.43,0.000382,1,0.00100214,0.00100052,0.0002625,11290.7
0,3459049,7,phononTF,0.000546001,0.000732003,0.000743902,-0.0002625,202.457,0.000382,1,0.00100162,0.00100131,0.0002625,2573.75
0,3463899,22,phononTS,0.000496765,0.00225213,-0.000313199,-0.0002625,3290.24,0.000382,1,0.00199747,1.93345e-06,0.0002625,4494.22
0,3465193,7,phononTF,0.000726486,-0.00290473,-0.000806375,-0.0002625,348.363,0.000382,1,-0.00300337,-0.00100426,0.0002625,847.978
0,3471588,11,phononTS,0.000634842,-0.00195789,0.00419419,-0.0002625,1778.28,0.000382,1,0.00200104,-4.64441e-06,0.0002625,4460.56
0,3472843,8,phononTS,0.000415041,0.000516429,0.00202434,-0.0002625,509.893,0.000382,1,1.1258e-06,0.00200155,0.0002625,2818.92
0,3481456,10,phononTS,0.000407343,-0.005,-0.0013761,-0.000212667,3102.68,0.000382,1,-0.00199713,0.00200174,0.0002625,5347.69
0,3483682,25,phononTF,0.000423866,0.00100478,0.00100147,0.000262498,11442.5,0.000423866,1,0.000691044,0.00119529,-0.0002625,11556.5
0,3483683,3,phononTF,0.00650184,-0.00367604,-0.000232415,-2.78337e-06,782.392,0.00120861,1,-0.00353022,-0.00016137,-0.0002625,918.534
0,3490494,16,phononTS,0.00072515,0.00283893,0.000978287,-0.0002625,2104.56,0.000382,1,0.00299551,0.000999202,0.0002625,6653.23
0,3490881,1,phononTS,0.01,-0.00200123,-4.30992e-06,0.00024834,0,0.003438,1,-0.00200091,-3.97978e-06,0.0002625,2466.25
0,3490881,5,phononTF,0.000953286,-0.00200091,-3.97978e-06,0.000262498,2466.25,9.87786e-05,1,-0.00180686,0.000190161,-0.0002625,2567.83
0,3491659,10,phononTS,0.000888162,0.00204073,-0.00202874,-0.0002625,4646.48,0.000382,1,0.00199561,-0.00199704,0.0002625,6296.38
0,3498531,4,phononTS,0.00104478,-0.0023739,-0.00200096,-0.0002625,5.80371,0.000382,1,-0.00200271,-0.00200457,0.0002625,1467.2
0,3499736,10,phononL,0.000834051,0.000102936,0.000100786,-0.0002625,2046.38,0.000382,1,4.32428e-06,1.31012e-06,0.0002625,2250.58
0,3500840,7,phononTF,0.000906459,-0.00264579,-0.000632361,-0.0002625,148.613,0.000382,1,-0.00299858,-0.000999712,0.0002625,1094.35
0,3505037,10,phononTS,0.000492141,-0.00211126,0.00267906,-0.0002625,1013.91,0.000382,1,-0.000998583,0.00300034,0.0002625,3144.8
0,3505108,13,phononTS,0.000712847,0.00180056,-0.00281562,-0.0002625,4303.9,0.000382,1,0.00200305,-0.00200316,0.0002625,6412.44
0,3508155,8,phononTF,0.000385248,-0.00206937,0.000111713,-0.0002625,991.404,0.000382,1,-0.00200118,-3.21988e-06,0.0002625,1282.96
0,3515365,7,phononTF,0.00103797,0.00051303,0.000500643,-0.000262498,3638.37,0.000382,1,0.000997978,0.000999639,0.0002625,3787.53
0,3521191,7,phononTS,0.000506447,-0.00297274,-0.000986318,-0.000262498,873.262,0.000382,1,-0.00299995,-0.000997931,0.0002625,962.945
0,3521421,5,phononTS,0.00104101,-0.00295949,-0.00124176,-0.000262498,1038.89,0.000382,1,-0.00300437,-0.00099787,0.0002625,1151.7
0,3524205,11,phononTF,0.000602042,0.000332675,-0.000328008,-0.0002625,1546.26,0.000382,1,-1.52959e-06,1.02695e-06,0.0002625,2024.71
0,3525038,11,phononTS,0.000673318,-0.000272502,-0.00243418,-0.0002625,5267.38,0.000382,1,-2.53885e-06,-0.00200141,0.0002625,5672.89
0,3525335,7,phononL,0.000548822,0.000394392,2.64811e-05,-0.0002625,2515.57,0.000382,1,2.75956e-06,2.66779e-06,0.0002625,4699.68
0,3525475,10,phononL,0.00119483,-0.00161778,-0.000786316,-0.0002625,2074.08,0.000382,1,-0.000999536,-0.00100049,0.0002625,2557.93
0,3530571,12,phononTF,0.000511108,0.000686995,-0.000665888,-0.0002625,3675.72,0.000382,1,0.00100425,-0.000997076,0.0002625,5823.43
0,3534131,8,phononTS,0.00138252,0.00136993,-0.00285904,-1.91233e-05,5592.11,0.000382,1,0.00100312,-0.00299925,0.0002625,7345.97
0,3536658,3,phononL,0.000645812,-0.00299809,-0.00100019,0.0002625,25.4233,0.000645812,1,-0.003281,-0.00122055,-0.0002625,569.101
0,3538819,8,phononTF,0.000575382,0.000193553,-0.00181205,-0.0002625,397.396,0.000382,1,-4.69965e-07,-0.00200459,0.0002625,7132.14
0,3541223,7,phononL,0.000987522,-0.005,0.000739643,1.48166e-06,723.015,0.000382,1,0.00099944,0.000995464,0.0002625,1731.62
0,3541405,4,phononTS,0.00135641,-0.00180782,0.00239649,-0.0002625,333.857,0.000382,1,-0.00200496,0.00200435,0.0002625,1096.43
0,3547451,15,phononL,0.000386503,-0.00319715,-0.00140081,-0.0002625,1858.84,0.000382,1,-0.00299691,-0.00100103,0.0002625,2085.28
0,3552508,21,phononTF,0.000392145,-0.00344678,-0.000546061,-0.0002625,859.458,0.000382,1,-0.00299556,-0.00100371,0.0002625,1291.08
0,3552789,9,phononTS,0.000899008,-0.00200102,0.00200174,0.000262498,1039.85,0.000715859,1,-0.00226471,0.00196249,-0.0002625,1155.09
0,3556557,24,phononTS,0.000405206,4.11017e-05,-0.000519909,-0.000262498,16514.8,0.000382,1,2.34604e-06,2.35626e-06,0.0002625,16666.6
0,3556557,4,phononTF,0.00180856,-0.0020164,0.00183613,0.000262498,621.58,0.000538624,1,-0.00166476,0.00219798,-0.0002625,746.825
0,3561720,7,phononL,0.000833631,-0.00167263,0.000157404,-0.000262498,812.671,0.000382,1,-0.00199931,1.44505e-06,0.0002625,883.33
0,3563542,2,phononTS,0.000711328,-0.00345759,0.000252836,-0.000262498,459.542,0.000382,1,-0.00299729,-0.000998989,0.0002625,746.698
0,3563791,15,phononTS,0.00109485,-0.00109752,-0.00105106,-0.000262498,1883.91,0.000382,1,-0.00100052,-0.00100414,0.0002625,1981.8
0,3570609,6,phononTS,0.000668793,-0.00248942,-0.000498421,-0.000262498,537.407,0.000382,1,-0.00300109,-0.000997663,0.0002625,725.861
0,3576034,6,phononTS,0.000679328,-0.00267048,-0.00132864,-0.000262498,935.35,0.000382,1,-0.00300487,-0.000995814,0.0002625,1086.31
0,3590483,3,phononTF,0.00171845,-0.00252971,-0.00148611,-0.0002625,1181.54,0.000382,1,-0.00199594,-0.00200277,0.0002625,1492.8
0,3597184,11,phononTS,0.00058281,-0.00105725,-0.000951394,-0.000262498,3230.51,0.000382,1,-0.000998057,-0.00100365,0.0002625,3325.18
0,3603835,18,phononTF,0.000713167,0.00359592,0.00158314,-0.000262498,4820.75,0.000382,1,0.00299612,0.00100064,0.0002625,4989.67
0,3603862,20,phononTS,0.000410312,0.000920768,0.00172264,-0.0002625,12211.6,0.000382,1,0.00100397,0.00100369,0.0002625,14760.6
0,3604418,12,phononTS,0.000532317,-0.00298993,0.00253225,-0.000262498,603.308,0.000382,1,-0.00200018,0.0020012,0.0002625,856.948
0,3606811,15,phononTF,0.000433897,-0.000312925,-0.00187512,-0.0002625,10792.4,0.000382,1,-1.38081e-06,-0.0020032,0.0002625,12708.3
0,3606811,2,phononTS,0.00654043,-0.00335597,0.000139775,0.000138439,414.544,0.001269,1,-0.00333588,0.000156503,-0.0002625,680.505
0,3612090,15,phononTS,0.000552661,-0.00053511,-0.00309365,-0.0002625,346.07,0.000382,1,-5.36657e-07,-0.00199552,0.0002625,3153.18
0,3612090,2,phononTS,0.00101064,-0.00335511,0.000211969,0.000262498,49.1511,0.00101064,1,-0.00248216,0.000265259,-0.0002625,250.61
0,3612440,14,phononTS,0.00056876,-0.00131135,-3.64069e-05,-0.000262498,2546.8,0.000382,1,-0.00100444,-0.00100374,0.0002625,2779.74
0,3614563,5,phononTS,0.000595308,-0.00169632,0.000123757,-0.0002625,1934.18,0.000382,1,-0.00200161,1.70375e-06,0.0002625,3193.83
0,3616891,7,phononL,0.000467604,-0.00305865,-0.00041248,-0.000262498,1508.69,0.000382,1,-0.00299993,-0.000996425,0.0002625,1593.26
0,3618332,15,phononTF,0.000502114,-0.00200351,1.1136e-06,0.000262498,1125.44,0.000502114,1,-0.00230164,-0.000289341,-0.0002625,1240.11
0,3626176,18,phononTF,0.00106566,-0.0034306,-0.000555145,-0.000262498,2488.64,0.000382,1,-0.00299659,-0.000998595,0.0002625,2627.84
0,3626176,15,phononTF,0.000796702,-0.00433264,0.000212959,0.000262498,1142.14,0.000796702,1,-0.00417476,7.06733e-06,-0.0002625,1243.75
0,3633260,15,phononTF,0.0013671,-0.00219123,-0.000201023,-0.0002625,2763.37,0.000382,1,-0.00199727,1.94137e-06,0.0002625,3307.83
0,3639704,13,phononTS,0.000583593,-0.00383056,-0.000947145,-0.000262498,2514.67,0.000382,1,-0.00299542,-0.00100124,0.0002625,2710.1
0,3641456,12,phononTS,0.000702028,0.00100354,-0.000840972,-0.0002625,3303.52,0.000382,1,0.00100498,-0.000996832,0.0002625,4051.04
0,3642658,12,phononL,0.00067519,0.00175024,0.00186407,-0.0002625,4809.41,0.000382,1,0.00200483,0.00200058,0.0002625,6337.55
0,3642658,5,phononTS,0.000747742,-0.00333496,-0.000242679,0.000262498,104.338,0.000747742,1,-0.00407555,-0.000403041,-0.0002625,282.756
0,3643869,7,phononTF,0.000653354,0.000794283,0.000803071,-0.000262498,3133.09,0.000382,1,0.0010046,0.00100427,0.0002625,3235.81
0,3644959,8,phononTF,0.000494049,-0.000278573,-0.00171878,-0.000262498,3393.25,0.000382,1,-6.17156e-07,-0.0020032,0.0002625,3506.42
0,3646552,5,phononTS,0.00121954,-0.005,0.00115262,1.71289e-05,737.172,0.000764,1,-0.00299797,-0.000998935,0.0002625,1587.53
0,3650105,9,phononTS,0.000791449,-0.00104699,-0.000953615,-0.000262498,908.724,0.000382,1,-0.00100496,-0.000998123,0.0002625,997.839
0,3651734,6,phononTF,0.00133609,-0.00185317,0.000213325,-0.0002625,14.7373,0.000382,1,-0.00199586,-1.79643e-06,0.0002625,847.81
0,3657538,2,phononTS,0.00134947,-0.00350356,-0.000408489,-0.000262498,886.528,0.000382,1,-0.0030016,-0.000999689,0.0002625,1084.58
0,3658814,26,phononTS,0.000623195,-0.000901549,0.00280217,-0.000262498,2908.89,0.000382,1,-0.000998272,0.00300415,0.0002625,3024.63
0,3659157,4,phononL,0.000465691,-0.000996731,-0.00100159,0.0002625,648.585,0.000465691,1,-0.000716343,-0.00124386,-0.0002625,1335.93
0,3659463,13,phononTS,0.000735597,-0.00302316,-0.00145744,-0.0002625,9191.49,0.000382,1,-0.00299678,-0.0010047,0.0002625,10166.5
0,3659960,9,phononTS,0.000978844,-0.00269412,0.00208856,-0.000262498,1716.43,0.000382,1,-0.000999364,0.00300177,0.0002625,2107.07
0,3660732,11,phononTF,0.000608412,0.00183773,-0.005,5.90181e-05,1741.62,0.000382,1,-2.95787e-06,-0.00199812,0.0002625,3328.91
0,3663011,12,phononTF,0.000580806,-0.00158045,0.00243728,-0.0002625,1066.06,0.000382,1,-0.000998379,0.00300184,0.0002625,2035.71
0,3666423,17,phononTF,0.000889352,-0.00214561,-0.005,-0.000240939,2291.19,0.000565198,1,-0.00144293,-0.000996787,-0.0002625,3123.13
0,3670782,16,phononTS,0.000821563,-0.00226722,8.85885e-06,-0.0002625,160.143,0.000382,1,-0.00199636,-2.3327e-06,0.0002625,514.247
0,3675282,5,phononTF,0.00105002,0.000265479,-0.00189083,-0.0002625,4245.14,0.000382,1,-4.50202e-06,-0.00200127,0.0002625,4950.51
0,3681264,16,phononTS,0.000765432,-0.0028299,-0.00237251,-0.0002625,2969.39,0.000382,1,-0.00199994,-0.00200366,0.0002625,6194.19
0,3688843,6,phononL,0.00111778,-0.00200438,-1.24791e-06,0.0002625,1073.55,0.000921707,1,-0.00159911,0.00047855,-0.0002625,1253.37
0,3700910,17,phononTS,0.000613989,-0.00262353,-0.00177896,-0.0002625,1440.67,0.000382,1,-0.00299815,-0.000999153,0.0002625,8383.43
0,3701557,18,phononTS,0.000762804,-0.00307217,0.000213215,-0.000262498,3287.01,0.000382,1,-0.00300087,-0.000999408,0.0002625,3561.87
0,3702371,8,phononTF,0.000604785,-0.00104231,-0.00103723,-0.000262498,2438.2,0.000382,1,-0.00100066,-0.000996826,0.0002625,2528.65
0,3704046,5,phononTF,0.00137649,-0.00200108,0.00200154,0.0002625,93.8517,0.000575077,1,-0.00226349,0.00179926,-0.0002625,1184.88
0,3705881,15,phononTF,0.000988661,0.00099836,-0.00100119,0.000262498,4982.04,0.000494547,1,0.00124614,-0.000715012,-0.0002625,5094.24
0,3711340,15,phononTS,0.000610823,-0.000989215,-0.000736694,-0.000262498,2333.89,0.000382,1,-0.00099738,-0.00100363,0.0002625,2451.33
0,3712204,13,phononTS,0.000886877,0.00405224,0.00103266,-0.0002625,13014.1,0.000382,1,0.00299989,0.000997906,0.0002625,15258.8
0,3713609,3,phononTF,0.00100954,0.00315687,0.0011488,-0.0002625,5.74359,0.000382,1,0.00300152,0.00100142,0.0002625,2490.55
0,3720752,5,phononTS,0.000520575,-0.00303729,-0.00117777,-0.0002625,1374.55,0.000382,1,-0.00300251,-0.00100203,0.0002625,2346.39
0,3721276,27,phononTS,0.000604246,-0.00287061,-0.000823611,-0.0002625,547.702,0.000382,1,-0.00300176,-0.0010032,0.0002625,1011.69
0,3724154,7,phononTF,0.00112505,0.000246897,0.000240814,-0.0002625,10388,0.000382,1,4.30798e-06,4.1304e-06,0.0002625,10709.1
0,3724154,4,phononTS,0.00136814,-0.00233063,-0.000159621,0.000262498,728.765,0.00136814,1,-0.0030278,-0.00024587,-0.0002625,903.53
0,3742451,2,phononL,0.0018363,-0.00325516,-0.000356406,-0.0002625,405.636,0.000382,1,-0.00299965,-0.000995643,0.0002625,593.748
0,3742542,6,phononL,0.000394701,-0.00206364,-0.000352847,-0.0002625,893.811,0.000382,1,-0.00200139,-3.0625e-06,0.0002625,1106.22
0,3742998,8,phononTF,0.000789364,-0.000961562,0.00294692,-0.000262498,2260.24,0.000382,1,-0.000999189,0.00300179,0.0002625,2350.98
0,3744245,9,phononL,0.00105454,-0.00181312,0.00148858,-0.000262498,1079.76,0.000382,1,-0.00200052,0.00200159,0.0002625,1161.89
0,3750094,2,phononTF,0.00525087,-0.00335703,-0.000661171,-0.0002625,1368.96,0.000764,1,-0.00299715,-0.000995745,0.0002625,1774.81
0,3751776,3,phononL,0.00120956,-0.00311158,-0.000471747,-0.0002625,0.796199,0.000382,1,-0.00299892,-0.000997279,0.0002625,163.051
0,3751776,6,phononTS,0.000630912,-0.00299892,-0.000997279,0.000262498,163.051,0.000630912,1,-0.00307595,-0.00030257,-0.0002625,337.217
0,3770433,11,phononTS,0.000413235,-0.000978521,0.000737421,-0.000262498,7422.94,0.000382,1,-0.000997502,0.000997522,0.0002625,7537.88
0,3770863,6,phononTF,0.000795258,-0.00222547,-0.0016453,-0.0002625,93.482,0.000382,1,-0.00200167,-0.00199641,0.0002625,789.102
0,3779811,23,phononTF,0.000788779,-0.00130255,-0.000933906,-0.000262498,5465.86,0.000382,1,-0.00100225,-0.00100462,0.0002625,5576.59
0,3780788,14,phononTF,0.00119106,-0.000759005,-0.000892158,-0.0002625,6434.47,0.000382,1,-0.00100361,-0.000998803,0.0002625,7592.88
0,3780788,15,phononTS,0.000759386,-0.00100361,-0.000998803,0.000262498,7592.88,0.000759386,1,-0.000960873,-0.00150048,-0.0002625,7738.75
0,3780904,3,phononTF,0.00733095,-0.00202522,-2.278e-05,0.000229042,732.892,0.001146,1,-0.00200451,-2.88043e-06,0.0002625,1100.45
0,3780904,9,phononTS,0.000487118,-0.00200451,-2.88043e-06,0.000262498,1100.45,0.000487118,1,-0.00197212,-3.51803e-05,-0.0002625,1193.4
0,3781385,5,phononTF,0.000779437,-0.00251175,0.0014792,-0.0002625,225.246,0.000382,1,-0.00199833,0.00199625,0.0002625,781.662
0,3781505,11,phononTS,0.0010266,-0.00324635,-0.000331734,-0.000262498,606.161,0.000382,1,-0.00299647,-0.00099515,0.0002625,790.657
0,3783766,2,phononTS,0.00645911,-0.00299678,-0.00100082,0.000256903,61.6991,0.00191,1,-0.0029971,-0.00100139,0.0002625,452.989
0,3784040,19,phononTS,0.000531122,-0.00395414,-0.00177053,-0.0002625,1902.41,0.000382,1,-2.87546e-06,0.00200041,0.0002625,4004.02
0,3784662,8,phononTS,0.000408583,-0.00300613,-0.00101964,-0.000262498,716.712,0.000382,1,-0.00299867,-0.000999158,0.0002625,806.458
0,3792380,5,phononTF,0.00156935,-0.00284639,-0.00115717,-0.0002625,352.137,0.000764,1,-0.00299524,-0.00100154,0.0002625,632.053
0,3796999,9,phononTS,0.000532509,0.00164952,-0.00293564,-0.0002625,1395.35,0.000382,1,0.000996683,-0.00299932,0.0002625,2923.35
0,3796999,6,phononTF,0.0013847,-0.00327637,-8.66599e-05,0.000262498,54.7255,0.000988946,1,-0.00329533,0.000284159,-0.0002625,174.66
0,3797731,16,phononTF,0.000598444,1.73524e-06,-0.00199765,0.0002625,3304.47,0.000598444,1,-0.000191817,-0.0018048,-0.0002625,4666.65
0,3797828,11,phononTS,0.000620824,0.000149206,-5.21631e-05,-0.0002625,2551.66,0.000382,1,-1.18024e-06,-4.71043e-06,0.0002625,7422.51
0,3798317,16,phononTS,0.000460668,-0.00203656,-1.0773e-05,-0.000262498,11286.8,0.000382,1,-0.00199721,-1.63613e-06,0.0002625,11381.7
0,3805172,30,phononTF,0.000622618,0.00199688,-0.00199683,0.000262498,8006.87,0.000622618,1,0.00215025,-0.00180434,-0.0002625,8107.21
0,3810110,13,phononTF,0.000477278,-0.00128131,0.000704583,-0.000262498,3109.28,0.000382,1,-0.00300355,-0.00100454,0.0002625,3534.26
0,3814964,7,phononTS,0.000576638,-0.000876856,-0.00173722,-0.0002625,644.164,0.000382,1,3.25193e-06,-0.00199645,0.0002625,1940.77
0,3815530,15,phononTF,0.00103976,-0.00276106,-0.000780376,-0.0002625,564.876,0.000382,1,-0.00300187,-0.000997815,0.0002625,990.826
0,3821230,22,phononTS,0.000395627,-0.00299981,-0.00100264,0.000262498,5231.18,0.000395627,1,-0.005,0.000518125,9.98294e-05,5690.18
0,3823068,6,phononTS,0.000435536,-0.00295784,-0.000613369,-0.0002625,73.3609,0.000382,1,-0.00300222,-0.00100282,0.0002625,775.188
0,3823237,21,phononTF,0.000625633,-0.00249568,0.00274579,-0.000262498,1609.64,0.000382,1,-0.00200043,0.00200496,0.0002625,1794.65
0,3823237,19,phononTS,0.00112397,-0.0033762,-0.000456493,0.000262498,471.653,0.000763731,1,-0.00346591,-0.00128255,-0.0002625,664.766
0,3823816,12,phononTF,0.000443002,0.000995767,0.000999867,0.000262498,2873.11,0.000443002,1,-0.00367831,0.00115594,-0.0002625,3707.01
0,3823816,2,phononTS,0.000437753,-0.00295765,0.000332311,0.000262498,287.624,0.000437753,1,-0.00257298,0.000291121,-0.0002625,417.796
0,3830402,17,phononTF,0.000647365,0.000611911,-0.0026306,-0.0002625,11801.7,0.000382,1,0.00100302,-0.00300004,0.0002625,12942.3
0,3832781,15,phononTS,0.00054387,0.00304295,0.00114531,-0.0002625,9256.34,0.000382,1,0.0029974,0.000999211,0.0002625,15457.4
0,3835736,8,phononTS,0.000433143,0.00288836,-1.18478e-05,-0.0002625,6210.95,0.000382,1,0.00299579,0.00099841,0.0002625,9135.09
0,3835736,5,phononTS,0.00131772,-0.00290602,-0.000831151,0.000262498,636.832,0.000619902,1,-0.00317801,-0.000955037,-0.0002625,761.991
0,3842629,10,phononTS,0.000774127,-0.00354204,-0.00102673,-0.000262498,7113.36,0.000382,1,-0.00300184,-0.00100238,0.0002625,7264.74
0,3845571,2,phononTS,0.0004,-0.00303697,-0.000825813,-0.0002625,18.579,0.000382,1,-0.00299864,-0.00100182,0.0002625,652.341
0,3845572,1,phononTS,0.01,-0.00319505,0.000230684,-0.000242624,0,0.00163691,1,-0.00317492,0.000271576,-0.0002625,1143.35
0,3848714,7,phononTF,0.00126409,-0.00200116,-4.37826e-06,0.0002625,1116.73,0.000530735,1,-0.00219407,-0.000188013,-0.0002625,1775.16
0,3857215,8,phononTF,0.000790039,-0.00200371,0.00199688,0.0002625,3118.9,0.000790039,1,-0.00198764,0.00195272,-0.0002625,3299.68
0,3857652,4,phononTF,0.000973096,-0.00122352,0.00260388,-0.0002625,83.5789,0.000382,1,-0.00100467,0.00300332,0.0002625,2733.97
0,3860211,7,phononTF,0.000465347,-0.00226347,0.000252924,-0.000262498,1598.24,0.000382,1,-0.00200136,-7.47231e-07,0.0002625,1707.65
0,3860211,4,phononTS,0.00126078,-0.00310668,0.000221757,0.000262498,59.4818,0.00126078,1,-0.00315293,-0.000443444,-0.0002625,227.98
0,3865300,6,phononTS,0.000545601,0.00102612,-0.000333231,-0.0002625,1207.83,0.000382,1,0.00100271,-0.00100144,0.0002625,3443.05
0,3866805,12,phononTF,0.00138334,-0.0012434,-0.000762477,-0.000262498,1935.61,0.000764,1,-0.00099707,-0.000999063,0.0002625,2042.8
0,3871161,13,phononTF,0.000631852,-0.00304319,0.000453913,-0.000262498,1522.01,0.000382,1,-0.00200407,-3.43742e-06,0.0002625,1752.17
0,3871527,19,phononTS,0.000498553,0.000953641,0.000141999,-0.0002625,653.83,0.000382,1,0.00199612,-2.63077e-06,0.0002625,1832.24
0,3873391,8,phononTS,0.000526276,-0.00314041,-0.000989181,-0.0002625,2946.8,0.000382,1,-0.00300438,-0.00100232,0.0002625,3539.31
0,3876238,9,phononTF,0.000410613,0.00100427,0.00104827,-0.0002625,6231.47,0.000382,1,0.00100083,0.000995176,0.0002625,6503.26
0,3882932,11,phononTS,0.000625703,0.00203451,-1.11804e-05,-0.000262498,1186.57,0.000382,1,0.00199571,4.43331e-07,0.0002625,1281.35
0,3886276,13,phononTS,0.000849822,-1.30134e-06,-0.00200124,0.0002625,12420.9,0.000849822,1,0.000478592,-0.00180666,-0.0002625,14391.4
0,3892983,9,phononTS,0.000860575,6.57062e-05,0.0016344,-0.0002625,573.172,0.000382,1,8.81413e-07,0.00200452,0.0002625,3148.88
0,3892983,10,phononTS,0.000727048,-0.00300382,0.00019544,-0.000262498,165.958,0.000727048,1,0.000627101,-0.005,5.96415e-05,1317.14
0,3893613,5,phononTF,0.00137584,-0.000891455,0.00289095,-0.0002625,2346.11,0.000382,1,-0.00100017,0.00299533,0.0002625,2856.31
0,3894192,2,phononTS,0.0055596,-0.00202578,4.46941e-05,-0.0002625,7.92522,0.001146,1,-0.00200431,-3.68492e-06,0.0002625,1339.47
0,3900356,5,phononTF,0.00118433,-0.00123885,-0.00121758,-0.0002625,866.729,0.000764,1,-0.000995385,-0.000995941,0.0002625,1080.5
0,3901654,8,phononTS,0.00138552,-0.00261052,1.24758e-05,-0.0002625,6.41575,0.000382,1,-0.00199926,2.86735e-06,0.0002625,323.938
0,3904123,16,phononTF,0.000445784,-0.000693312,0.00267756,-0.0002625,5870.61,0.000382,1,-0.00100037,0.00299647,0.0002625,8494.75
0,3904123,2,phononL,0.00082885,-0.00314463,9.81479e-05,0.000262498,29.4398,0.00082885,1,-0.00315977,-0.000246903,-0.0002625,99.1475
0,3907990,3,phononTF,0.00458229,6.67602e-05,0.00193852,6.01578e-05,274.962,0.001528,1,4.22265e-06,0.00200017,0.0002625,1033.75
0,3908165,10,phononL,0.000809051,-0.000799038,0.00220038,-0.0002625,4008.83,0.000382,1,3.98918e-06,0.00200282,0.0002625,4326.42
0,3913118,15,phononTS,0.00125124,0.000905401,0.00125595,-0.0002625,2398.97,0.001146,1,0.00100138,0.00100316,0.0002625,5083.35
0,3913950,14,phononTS,0.000552444,0.00162481,-0.00200794,-0.0002625,3146.63,0.000382,1,0.00199904,-0.00199658,0.0002625,8311.11
0,3913950,4,phononTS,0.0011157,-0.00256552,-8.85417e-06,-0.0002625,78.9273,0.0011157,1,-0.005,0.00254313,0.000148307,876.828
0,3914361,20,phononTS,0.000635772,0.000882634,-0.00385812,-0.0002625,781.08,0.000382,1,0.00100066,-0.0029977,0.0002625,3374.82
0,3916712,3,phononTS,0.000463742,-0.00298772,-0.000320417,-0.0002625,161.01,0.000382,1,-0.00300178,-0.000998168,0.0002625,507.633
0,3922310,7,phononTS,0.00070013,0.000982646,-0.00288413,-0.0002625,493.799,0.000382,1,0.000995069,-0.00300141,0.0002625,1778.75
0,3924159,17,phononL,0.000636809,0.00175935,0.005,-2.12168e-05,3145.22,0.000382,1,-0.000995851,0.00299927,0.0002625,4133.27
0,3925871,5,phononTF,0.000539194,-0.00328796,-0.000717388,-0.000262498,1147.88,0.000382,1,-0.00300448,-0.000998949,0.0002625,1261.12
0,3928242,11,phononTS,0.000423871,0.00202258,-0.000185663,-0.0002625,2700.65,0.000382,1,0.00199663,-1.63259e-06,0.0002625,8118.74
0,3928739,5,phononTS,0.000859702,-0.00228995,-0.00169259,-0.0002625,165.105,0.000382,1,-0.00200269,-0.00199817,0.0002625,881.408
0,3929656,2,phononTF,0.000788095,-0.00108583,0.00309117,-0.0002625,30.423,0.000382,1,-0.000995561,0.00299805,0.0002625,3458.88
0,3930820,18,phononTS,0.000520494,0.00103257,-0.0019567,-0.0002625,524.606,0.000382,1,0.000998482,-0.00100313,0.0002625,4809.39
0,3937728,16,phononTS,0.000531818,-0.00214715,-2.75059e-05,-0.0002625,770.595,0.000382,1,-0.0020033,2.09383e-06,0.0002625,1181.52
0,3939162,20,phononTF,0.000393784,-0.005,0.00292272,0.000174602,15291.2,0.000393784,1,-0.00291933,0.00134353,-0.0002625,16507.3
0,3941201,11,phononL,0.000722172,-0.00185908,-0.000527517,-0.0002625,4654.91,0.000382,1,-0.00199843,1.22015e-07,0.0002625,4900.42
0,3946834,31,phononTS,0.000673095,0.00144316,0.00212644,-0.0002625,4671.01,0.000382,1,0.0019992,0.00200411,0.0002625,5156.56
0,3946861,12,phononTS,0.000652866,-0.00272849,-0.00100388,-0.0002625,7467.79,0.000382,1,-0.00299983,-0.00100071,0.0002625,9785.25
0,3947473,3,phononTS,0.000905038,0.00111231,-5.47696e-06,-0.0002625,50.5861,0.000382,1,0.00199769,4.55231e-06,0.0002625,1277.83
0,3949590,10,phononTS,0.000806876,-0.00200205,-0.0019984,0.000262498,3125.78,0.00042382,1,-0.00249587,-0.00204059,-0.0002625,3273.79
0,3950046,11,phononTF,0.000795467,-0.000418809,0.00443622,-0.0002625,948.891,0.000382,1,0.00200127,0.00199552,0.0002625,4873.6
0,3955459,17,phononTF,0.000497398,-0.00199732,0.00200334,0.0002625,2119.23,0.000497398,1,-0.000954667,0.000958117,-0.0002625,2655.73
0,3958883,7,phononTS,0.000498515,-0.00230651,-0.000110871,-0.0002625,345.693,0.000382,1,-0.00199986,-2.06204e-06,0.0002625,729.667
0,3959031,13,phononTS,0.000964934,-0.00155976,-0.000437931,-0.0002625,1445.02,0.000382,1,3.41032e-06,0.00199905,0.0002625,2121.75
0,3961134,8,phononTF,0.00125169,-0.00168667,0.00167195,-0.000262498,552.863,0.000764,1,-0.00199846,0.00199682,0.0002625,671.198
0,3961421,14,phononTS,0.000941402,-0.000569768,-0.0022149,-0.000262498,4735.86,0.000382,1,-3.75961e-06,-0.00199704,0.0002625,4904.6
0,3962817,21,phononTS,0.000469897,-0.00170296,0.00182119,-0.000262499,4549.21,0.000382,1,-0.00200188,0.00200268,0.0002625,4681.94
0,3964162,10,phononTF,0.000385857,-0.000821365,-0.0011813,-0.000262498,2411.48,0.000382,1,-0.000995027,-0.000998622,0.0002625,2511.14
0,3968507,5,phononL,0.00120712,-0.00317091,-0.000474212,-0.0002625,87.618,0.000382,1,-0.00299539,-0.00099871,0.0002625,252.76
0,3969147,5,phononTS,0.00124618,-0.00299914,-0.000575973,-0.000262498,663.726,0.000382,1,-0.00299706,-0.00100374,0.0002625,801.031
0,3971662,14,phononTS,0.000503049,0.005,0.00058127,0.000100935,4804.07,0.000382,1,0.000996456,-0.000997355,0.0002625,6883.04
0,3972832,24,phononTF,0.000505296,0.000412339,-0.00177522,-0.000262498,4115.3,0.000382,1,1.61972e-06,-0.00200121,0.0002625,4242.79
0,3973475,7,phononTF,0.000456677,0.00285444,0.00114375,-0.0002625,1746.48,0.000382,1,0.00300336,0.000995255,0.0002625,2741.24
0,3973475,3,phononTF,0.00135144,-0.00308213,-7.6825e-05,0.000262498,140.476,0.000220278,1,-0.00322421,5.78321e-05,-0.0002625,236.367
0,3975049,25,phononTF,0.00050724,0.00155996,0.000439976,-0.000262498,5914.2,0.000382,1,0.000995737,0.000998727,0.0002625,6077.16
0,3978996,9,phononTF,0.00044051,-0.000497568,-0.00129595,-0.0002625,4969.91,0.000382,1,-0.00100018,-0.000999827,0.0002625,5901.1
0,3983644,12,phononTS,0.000413766,-0.00128777,-0.00170982,-0.0002625,961.383,0.000382,1,-0.00300353,-0.000995467,0.0002625,5123.04
0,3989362,23,phononTS,0.000555763,-0.00296041,-0.000960837,-0.0002625,1963.38,0.000382,1,-0.00299953,-0.00100157,0.0002625,2431.22
0,3990753,8,phononTS,0.00061618,-0.00120467,0.00191828,-0.000262498,1914.82,0.000382,1,-0.00200268,0.00199962,0.0002625,2109.12
0,3992886,11,phononTF,0.000478937,-0.005,0.00126413,-0.000144202,2414.58,0.000478937,1,-0.00446975,0.00158162,-0.0002625,3765.33
0,3992887,3,phononTS,0.00560976,0.000156182,0.00215622,-0.000108381,464.515,0.00103948,1,0.000170298,0.00219603,-0.0002625,1969.85
0,3997722,11,phononTS,0.000707469,-5.81516e-05,0.00203496,-0.000262498,7167.44,0.000382,1,3.04726e-06,0.00199692,0.0002625,7266.68
0,4001898,4,phononTS,0.0014769,-0.00200147,-1.91082e-06,0.0002625,265.434,0.00112218,1,-0.00108292,-4.74289e-05,-0.0002625,688.585
0,4002735,7,phononTF,0.000977456,-0.000246264,-0.00188149,-0.0002625,5118.64,0.000382,1,-0.000997775,-0.00100292,0.0002625,7105.69
0,4004376,7,phononTS,0.000674703,0.001968,-0.0020548,-0.0002625,828.111,0.000382,1,0.00200313,-0.00200494,0.0002625,3853.59
0,4004611,11,phononTS,0.00100522,-0.00129291,0.000983949,-0.0002625,956.304,0.000764,1,-0.00100194,0.00100204,0.0002625,1194.62
0,4005478,11,phononTS,0.00120748,-0.000815705,0.000284415,-0.0002625,9454.51,0.000382,1,-0.00199819,-0.00199752,0.0002625,12101.7
0,4007552,8,phononTS,0.000715308,-0.00295147,-0.00102988,-0.0002625,1367.9,0.000382,1,-0.0030043,-0.000998498,0.0002625,2255.25
0,4012483,6,phononL,0.000751111,-0.0021148,0.00172272,-0.0002625,277.591,0.000382,1,-0.00199801,0.00199851,0.0002625,752.675
0,4012530,17,phononTS,0.000631393,4.18309e-05,0.00191983,-0.0002625,1386.5,0.000382,1,-4.04293e-06,0.00199706,0.0002625,2920.93
0,4019110,5,phononTS,0.0013205,-0.00200172,-0.00199886,0.0002625,286.593,0.00115122,1,-0.00202078,-0.00194377,-0.0002625,1559.71
0,4025951,15,phononTS,0.000668532,0.000504009,-0.00156579,-0.0002625,7148.05,0.000382,1,-0.00100307,0.000999831,0.0002625,8875.08
0,4026261,4,phononTS,0.000572149,-0.00301102,-0.00113404,-0.0002625,19.861,0.000382,1,-0.00300351,-0.00100128,0.0002625,581.339
0,4026475,8,phononTF,0.000617795,0.000794995,-0.000798555,-0.0002625,1493.96,0.000382,1,0.00100356,-0.00100219,0.0002625,2534.93
0,4027403,5,phononTF,0.000792828,-0.000960898,0.00163173,-0.0002625,18.3113,0.000382,1,1.4311e-06,-3.60528e-07,0.0002625,2290.31
0,4029288,11,phononTF,0.000509037,0.0019068,0.00210681,-0.0002625,2530.84,0.000382,1,0.00200302,0.00200013,0.0002625,2997.77
0,4030815,7,phononTF,0.000443788,-0.00114512,0.000860975,-0.0002625,1471.22,0.000382,1,-0.00100404,0.000995821,0.0002625,2142.28
0,4039410,2,phononTS,0.000753701,-0.0029855,-0.000974711,-0.0002625,944.192,0.000382,1,-0.00300143,-0.000995031,0.0002625,1491.05
0,4043534,11,phononTF,0.000487125,-0.00266643,-0.00140643,-0.000262498,1588.97,0.000382,1,-0.0029979,-0.000996274,0.0002625,1719.36
0,4046587,15,phononTS,0.000668266,-4.39087e-05,-0.00197921,-0.0002625,14580.3,0.000382,1,4.10446e-06,-0.00199557,0.0002625,15030.5
0,4046615,7,phononTS,0.00114616,-0.00397152,-0.00190842,-0.000262498,6462.32,0.000764,1,-1.94637e-06,0.00200239,0.0002625,7451.62
0,4048004,10,phononTS,0.000587726,2.01254e-05,0.00183203,-0.000262498,4563.71,0.000382,1,1.52865e-06,0.00200231,0.0002625,4671.26
0,4051724,10,phononTF,0.000725084,-0.00100418,-0.00100425,0.000262498,3351.59,0.000725084,1,-0.00132675,-0.000680558,-0.0002625,3471.05
0,4056900,21,phononTF,0.00107763,-0.00304192,-0.00120638,-0.000262498,584.255,0.000382,1,-0.00300106,-0.00100143,0.0002625,684.364
0,4057971,15,phononL,0.000593837,-0.00076533,-0.00136227,-0.0002625,1489.26,0.000382,1,-0.00100188,-0.00100431,0.0002625,1861.71
0,4060716,4,phononTS,0.000649238,-0.00308854,-0.000899272,-0.0002625,815.198,0.000382,1,-0.00300213,-0.00100222,0.0002625,1612
0,4060716,3,phononL,0.000916787,-0.00356019,-0.000623092,0.000262498,815.198,0.000916787,1,-0.00340581,-0.000275168,-0.0002625,886.786
0,4060870,21,phononL,0.000409947,-0.00131802,0.000810721,-0.0002625,1412.2,0.000382,1,-0.00100178,0.00100392,0.0002625,1625.66
0,4063639,4,phononTS,0.000418725,-0.0010368,0.00299882,-0.0002625,272.571,0.000382,1,-0.000997415,0.00299969,0.0002625,2911.36
0,4071206,7,phononTS,0.000915956,0.00171878,-0.00114017,-0.0002625,616.887,0.000382,1,0.00200463,-3.98054e-06,0.0002625,3063.04
0,4072667,7,phononTF,0.000558505,0.00274382,0.000741217,-0.0002625,2696.28,0.000382,1,0.00300248,0.000997715,0.0002625,3243.24
0,4073247,10,phononTF,0.000448698,-0.00323197,-0.000758765,-0.0002625,6600.56,0.000382,1,-0.00299916,-0.000999617,0.0002625,6921.63
0,4073578,5,phononTS,0.00121571,-0.00334818,-0.00103069,-0.000262498,1400.02,0.000764,1,-0.0029962,-0.00100282,0.0002625,1526.08
0,4078290,6,phononTS,0.00094021,-0.00301938,-0.000353228,-0.0002625,192.045,0.000764,1,-0.00300011,-0.000997371,0.0002625,529.08
0,4085350,13,phononTS,0.000637749,0.00199613,0.00199968,0.000262498,2363.45,0.000637749,1,0.00119317,0.00101626,-0.0002625,2643.16
0,4091799,10,phononTF,0.000425452,-3.96076e-05,0.005,-0.000242696,121.433,0.000382,1,-0.000999042,0.00299822,0.0002625,3268.45
0,4096104,12,phononTS,0.000451955,-0.00299927,-0.00100345,0.0002625,856.99,0.000451955,1,-0.00294828,-0.0010384,-0.0002625,1035.34
0,4099064,3,phononTS,0.00430782,-0.00301788,-0.000969716,-2.96734e-05,931.957,0.00191,1,-0.00300102,-0.000998492,0.0002625,981.663
0,4103099,14,phononTF,0.000459883,-0.00228738,-0.00232362,-0.000262498,3223.11,0.000382,1,-0.00200381,-0.00200034,0.0002625,3340.81
0,4112246,4,phononL,0.00155998,-0.0028739,-0.00144714,-0.0002625,556.08,0.000382,1,-0.00299723,-0.00100179,0.0002625,1273.27
0,4116997,11,phononTF,0.000436844,0.00200144,-0.00200255,0.0002625,4933.84,0.000436844,1,0.00175249,-0.00197032,-0.0002625,6145.33
0,4122433,17,phononTS,0.000414923,-0.00241174,-0.000910228,-0.0002625,395.748,0.000382,1,-0.00199747,-0.00200491,0.0002625,1125.46
0,4128969,13,phononTS,0.000549025,0.000959185,0.000952899,-0.000262498,11577,0.000382,1,0.00100255,0.000996212,0.0002625,11666.1
0,4129312,5,phononTS,0.00102263,-0.00305907,-0.000619679,-0.0002625,402.655,0.000382,1,-0.00299823,-0.000997717,0.0002625,687.701
0,4129312,7,phononTF,0.000483375,-0.00299823,-0.000997717,0.000262499,687.701,0.000483375,1,-0.00246717,-0.00130296,-0.0002625,834.432
0,4133201,10,phononTS,0.00160717,-0.000995931,-0.000997392,0.000262498,1212.66,0.000890503,1,-0.0010307,-0.00104799,-0.0002625,1301.84
0,4136106,4,phononTS,0.000620635,-0.00304319,-0.000958919,-0.0002625,655.307,0.000382,1,-0.00300234,-0.00099854,0.0002625,1012.25
0,4138655,16,phononTS,0.000741796,-0.00042895,-0.00378448,-0.0002625,4643.3,0.000382,1,0.00100202,-0.00299841,0.0002625,6033.51
0,4138656,1,phononTS,0.01,-0.00403379,-0.000548116,-0.000252921,0,0.00195811,1,-0.00397515,-0.000555438,-0.0002625,760.536
0,4140012,7,phononTS,0.00056978,-0.00199616,-0.00200399,0.000262498,2136.73,0.000564392,1,-0.00201508,-0.00198508,-0.0002625,2226.47
0,4147722,10,phononTS,0.00107392,0.000989217,-0.00295934,-0.0002625,1050.48,0.000382,1,0.00099879,-0.00300158,0.0002625,2077.17
0,4149316,14,phononTF,0.000542238,-0.00186687,-0.00215552,-0.0002625,11610.6,0.000382,1,-0.00199869,-0.00200467,0.0002625,12328
0,4151582,9,phononL,0.000661645,-0.000226037,-0.000112362,-0.0002625,3172.94,0.000382,1,-4.05143e-07,-4.90157e-06,0.0002625,3371.27
0,4151608,3,phononTS,0.00339371,-0.00265864,0.0013041,-0.0002625,347.468,0.000764,1,-0.00200085,0.00199706,0.0002625,984.669
0,4156296,11,phononTF,0.000414765,0.000466863,0.000224052,-0.0002625,1400.94,0.000382,1,-4.1294e-06,1.74502e-06,0.0002625,2192.14
0,4156628,21,phononTS,0.00057199,-0.00105802,-0.00106081,-0.000262498,5808.04,0.000382,1,-0.00100302,-0.00100017,0.0002625,5908.39
0,4158387,16,phononTS,0.000896117,-0.00358615,-0.0009978,-0.0002625,860.552,0.000382,1,-0.00299779,-0.00100246,0.0002625,1217.54
0,4159161,8,phononTF,0.000430811,-0.00323592,-0.00125291,-0.0002625,3316.27,0.000382,1,-0.00299707,-0.00100232,0.0002625,3639.04
0,4159161,3,phononTS,0.00305342,-0.0014825,-0.0031443,-0.0002625,891.442,0.00305342,1,-0.000396044,-0.005,7.15856e-05,1948.24
0,4159919,8,phononTS,0.000514386,-0.00086382,0.000980378,-0.0002625,587.982,0.000382,1,-0.000996512,0.00100195,0.0002625,2840.19
0,4162125,4,phononTS,0.000457473,0.00138203,-0.00200392,-0.0002625,16.8518,0.000382,1,0.00199889,-0.00199739,0.0002625,2071.47
0,4162125,3,phononTF,0.000466762,-0.00315217,0.00011414,0.000262498,16.8518,0.000466762,1,-0.00333365,0.000304234,-0.0002625,117.327
0,4163273,13,phononTS,0.000426485,-0.00202155,0.001659,-0.0002625,7124.25,0.000382,1,-0.0020025,0.00200077,0.0002625,7500.32
0,4167729,16,phononTF,0.000400541,-0.000666073,0.00331935,-0.000262498,2401.04,0.000382,1,-0.000998471,0.00299645,0.0002625,2520.89
0,4181138,17,phononTF,0.000820502,-0.00198236,0.00196499,-0.0002625,1371.97,0.000382,1,-0.00199706,0.002,0.0002625,1823
0,4185623,11,phononTF,0.000604369,0.00251037,0.000434973,-0.0002625,3383.15,0.000382,1,0.00300066,0.00100389,0.0002625,5625
0,4186109,11,phononTF,0.000769811,-0.00111194,-0.00109241,-0.0002625,5626.23,0.000382,1,-0.000998493,-0.000996211,0.0002625,5907.44
0,4200888,31,phononTF,0.000951998,-0.000421674,0.000420295,-0.0002625,1588.2,0.000382,1,4.2665e-06,-3.80954e-06,0.0002625,1998.08
0,4201786,28,phononTS,0.000482904,0.00104039,-0.00329509,-0.0002625,3109.51,0.000382,1,0.00099586,-0.00300061,0.0002625,5396.09
0,4202193,8,phononL,0.000394091,-0.00322508,-0.000949926,-0.0002625,1663.65,0.000382,1,-0.00299668,-0.000995854,0.0002625,1925.92
0,4203194,11,phononTS,0.00129313,-0.00297221,-0.000647913,-0.0002625,1857.5,0.000382,1,-0.00300183,-0.000997429,0.0002625,2235.44
0,4203262,12,phononTF,0.000500023,-0.00134916,0.00135505,-0.0002625,4555.27,0.000382,1,-0.00199903,0.00200287,0.0002625,6120.48
0,4203262,2,phononTF,0.00350363,-0.00341183,-0.000167155,0.000195355,1007.48,0.00174581,1,-0.00343275,-0.000187375,-0.0002625,1086.02
0,4206094,15,phononTS,0.000821637,0.00173961,-0.000916868,-0.0002625,1469.35,0.000764,1,0.000997954,-0.00100032,0.0002625,2978.56
0,4206094,3,phononTS,0.00106135,-0.00334318,7.32735e-05,0.000262498,27.3306,0.000684331,1,-0.00326618,0.000799125,-0.0002625,205.361
0,4213278,18,phononTS,0.000754176,0.00406902,-0.005,-1.96617e-05,2273.94,0.000382,1,0.000998849,-0.00300399,0.0002625,3213.35
0,4216678,10,phononTF,0.000891539,-0.00186083,-0.000137345,-0.0002625,5802.02,0.000382,1,-0.00199526,-4.84248e-06,0.0002625,6088.55
0,4224589,17,phononTF,0.000688779,-0.00323413,-0.000747815,-0.0002625,967.435,0.000382,1,-0.00299754,-0.000995748,0.0002625,1589.31
0,4225656,7,phononTS,0.000443214,-0.00299056,-0.000803058,-0.0002625,670.063,0.000382,1,-0.00299684,-0.00100473,0.0002625,1249.63
0,4226170,4,phononL,0.00110066,-0.00133085,0.00121031,-0.000262498,577.184,0.000382,1,-0.000998979,0.00100332,0.0002625,649.439
0,4227551,4,phononL,0.000507379,-0.00252583,7.60049e-05,-0.0002625,302.538,0.000382,1,-0.00200169,-4.54963e-07,0.0002625,543.895
0,4234980,9,phononTF,0.000973443,-0.0022356,0.00176113,-0.0002625,1747.26,0.000382,1,-0.00200287,0.00200105,0.0002625,2066.83
0,4234980,10,phononTS,0.000529553,-0.00200287,0.00200105,0.000262498,2066.83,0.000529553,1,0.000552616,0.00365618,-0.0002625,2648.54
0,4240155,26,phononTS,0.000433228,-0.00244962,0.00365741,-0.0002625,969.765,0.000382,1,-0.00100008,0.00299962,0.0002625,2429.19
0,4241290,15,phononTF,0.000491409,-0.00173538,-0.00226636,-0.0002625,1744.43,0.000382,1,-0.00199609,-0.00199635,0.0002625,3966.66
0,4252703,9,phononTF,0.000867824,0.00156801,0.000438932,-0.0002625,5048.77,0.000382,1,0.00199576,-3.99085e-06,0.0002625,6911.94
0,4252703,10,phononTF,0.000387152,0.00199576,-3.99085e-06,0.000262498,6911.94,0.000387152,1,0.00201181,0.00150479,-0.0002625,7213.83
0,4254622,17,phononTS,0.000412436,-0.00148019,0.00193936,-0.0002625,8375.53,0.000382,1,0.000996785,-0.000999021,0.0002625,9770.02
0,4254622,3,phononL,0.000657992,-0.00322189,0.000198204,0.000262498,96.741,0.000275551,1,-0.00380452,-0.000969778,-0.0002625,255.221
0,4256419,2,phononTS,0.00129776,-0.00310408,-0.000479489,-0.0002625,93.7133,0.000382,1,-0.00300263,-0.000995676,0.0002625,402.144
0,4256997,13,phononTS,0.000406601,-0.00326031,0.005,-0.000162468,2471.02,0.000382,1,0.00099548,0.000995199,0.0002625,5677.44
0,4259618,5,phononTF,0.000792291,0.000909063,-0.00110424,-0.0002625,350.39,0.000382,1,2.51956e-06,-0.00199738,0.0002625,5822.5
0,4262727,9,phononL,0.00134545,-0.00300435,-0.00100275,0.0002625,232.68,0.000744572,1,-0.00342514,-0.00126527,-0.0002625,900.334
0,4266208,9,phononTS,0.000483808,-0.00201241,0.00251274,-0.000262498,673.827,0.000382,1,-0.00100386,0.00100094,0.0002625,1046.59
0,4267383,6,phononTF,0.000636968,-0.001365,0.000642847,-0.0002625,525.721,0.000382,1,-0.000995638,0.00100052,0.0002625,1406.16
0,4267383,4,phononTS,0.00358788,-0.00327328,7.65983e-05,0.000249351,39.2833,0.00180341,1,-0.00373127,9.92623e-05,-0.0002625,181.606
0,4269498,13,phononTF,0.000502984,4.79953e-06,-0.00199777,0.000262498,3703.18,0.000502984,1,-0.000420622,-0.00156918,-0.0002625,3840.17
0,4269952,14,phononTS,0.000554692,0.00298796,0.000963967,-0.000262498,11938,0.000382,1,0.00300105,0.00100158,0.0002625,12030
0,4272915,11,phononTS,0.000400881,-0.00295393,-0.000779772,-0.0002625,354.869,0.000382,1,-0.00299788,-0.000999777,0.0002625,795.495
0,4273238,9,phononTS,0.0011996,0.00100853,-0.00119817,-0.0002625,5935.84,0.000382,1,0.00100099,-0.00100182,0.0002625,7463.94
0,4280933,2,phononTS,0.00292289,-0.00441363,-0.00148045,-0.0002625,116.581,0.000764,1,-0.00299949,-0.000998967,0.0002625,1001.65
0,4280933,15,phononTS,0.000943867,-0.00299949,-0.000998967,0.000262499,1001.65,0.000453444,1,-0.00217413,-0.00124705,-0.0002625,1209.37
0,4281385,27,phononTS,0.000993547,-0.00190568,9.12608e-05,-0.0002625,1697.2,0.000382,1,-0.00199508,2.49898e-06,0.0002625,5556.57
0,4281385,28,phononTS,0.000582424,-0.00199508,2.49898e-06,0.000262498,5556.57,0.000582424,1,-0.00304066,-2.93884e-05,-0.0002625,5784.07
0,4282565,21,phononTS,0.00127665,0.0010025,-0.00099747,0.0002625,353.106,0.000898201,1,0.000940972,-0.00019478,-0.0002625,2388.2
0,4284939,13,phononTS,0.000582188,-0.00139211,0.000216665,-0.0002625,713.986,0.000382,1,-0.000996607,0.00099917,0.0002625,1139.42
0,4291354,11,phononTF,0.000412277,-0.00299976,-0.00100284,0.000262498,4678.35,0.000412277,1,-0.00308457,-0.00108438,-0.0002625,4770.45
0,4296347,3,phononL,0.000838829,0.00199576,4.12411e-06,0.0002625,66.914,0.000471903,1,0.00246746,-1.46831e-05,-0.0002625,2152.56
0,4296782,8,phononTS,0.000747067,-4.24659e-05,-0.00202739,-0.000262498,1865.59,0.000382,1,-8.12643e-07,-0.00199935,0.0002625,1955.1
0,4300884,22,phononL,0.000711793,0.0019557,-9.0432e-06,-0.0002625,3588.4,0.000382,1,0.00199506,3.13618e-06,0.0002625,4025.02
0,4300985,3,phononTS,0.000483385,-0.00312233,-0.000993987,-0.0002625,827.065,0.000382,1,-0.00300062,-0.00100248,0.0002625,1079.27
0,4302169,16,phononTS,0.00039215,0.00193575,3.25908e-06,-0.0002625,1631.86,0.000382,1,0.0020036,-1.89591e-06,0.0002625,2110.48
0,4305167,20,phononTS,0.000383135,0.00073304,0.00189238,-0.0002625,4877.67,0.000382,1,0.00100385,0.00100285,0.0002625,6211.43
0,4306002,6,phononTF,0.000682853,-0.0028486,-0.000872746,-0.0002625,829.854,0.000382,1,-0.00300334,-0.00100097,0.0002625,1122.4
0,4310052,5,phononTS,0.000707676,-0.000454452,0.00137366,-0.0002625,607.009,0.000382,1,4.4459e-06,0.00199522,0.0002625,1957.72
0,4313090,10,phononL,0.00111473,0.00193611,-0.000100712,-0.0002625,5874.97,0.000382,1,0.00200072,7.27926e-07,0.0002625,6852.71
0,4316538,39,phononL,0.00059577,0.001531,0.00217311,-0.0002625,28019.5,0.000382,1,0.00199918,0.00199927,0.0002625,28255.8
0,4321967,7,phononTF,0.000495077,-0.00199679,-0.00199681,0.000262499,6536.7,0.000495077,1,-0.00216104,-0.00183306,-0.0002625,6635.08
0,4327632,13,phononTF,0.00118641,-0.00212347,0.00212006,-0.0002625,1054.77,0.000382,1,-0.00200346,0.00200047,0.0002625,1621.87
0,4332601,7,phononTS,0.000518889,-0.00196788,2.39795e-05,-0.000262498,1622.53,0.000382,1,-0.00199786,-2.04681e-06,0.0002625,1712.06
0,4335050,15,phononTF,0.000489508,-0.00258258,-0.00158514,-0.000262498,1289.67,0.000382,1,-0.00200366,-0.00199899,0.0002625,1447.01
0,4336592,3,phononTS,0.00203196,3.65581e-06,3.38506e-06,0.0002625,57.0951,0.00190345,1,0.000794149,-1.99034e-05,-0.0002625,1011.05
0,4338628,10,phononL,0.00126898,-0.00196502,-0.000437694,-0.0002625,4116.62,0.000382,1,-0.00200014,-2.36513e-06,0.0002625,4488.74
0,4344110,8,phononTS,0.000773834,-0.00209337,0.000833116,-0.0002625,1510.73,0.000382,1,-0.00200325,1.96374e-06,0.0002625,2368.15
0,4344349,34,phononTS,0.000770447,-0.00194098,0.00130578,-0.000262498,14478.4,0.000382,1,-0.00199536,0.00199885,0.0002625,14651.9
0,4345341,4,phononTS,0.000607843,-0.00189831,-0.005,-0.000151448,150.49,0.000382,1,3.40069e-06,-0.00200207,0.0002625,9262.33
0,4356488,1,phononTF,0.01,-0.00302482,-0.000979782,0.000209789,0,0.002674,1,-0.00299979,-0.00100497,0.0002625,751.252
0,4369082,12,phononTS,0.00106734,-0.00341286,-0.000705877,-0.000262498,327.916,0.000382,1,-0.00199544,-3.54599e-06,0.0002625,654.599
0,4377036,25,phononTS,0.00100296,-0.00317567,-0.0020283,-0.000262498,3889.13,0.000382,1,-0.00299764,-0.000995324,0.0002625,4129.05
0,4384249,24,phononTF,0.000471135,0.00118876,-0.00287909,-0.0002625,14407.6,0.000382,1,0.000997893,-0.00300047,0.0002625,18851.5
0,4384308,19,phononTF,0.0005181,-0.00368646,-0.00189241,-0.0002625,2514.59,0.000382,1,3.31706e-06,-0.0020047,0.0002625,6870.33
0,4386585,9,phononTS,0.00046993,-0.00100057,-0.000997149,0.0002625,8472.1,0.00046993,1,-0.00095779,-0.000968055,-0.0002625,8651.01
0,4387494,8,phononTS,0.000642077,-0.00211447,0.000762083,-0.0002625,1319.31,0.000382,1,-0.00199743,-1.40763e-06,0.0002625,1957.66
0,4394566,5,phononTF,0.00104235,-0.000200925,0.00220621,-0.000262498,2032.93,0.000382,1,-2.79884e-06,0.00199986,0.0002625,2135.64
0,4394567,1,phononTF,0.01,-0.00320933,5.25356e-05,3.60685e-05,0,0.00248494,1,-0.00331417,0.000154389,-0.0002625,108.987
0,4405473,20,phononTF,0.00107844,-0.00135569,0.00134313,-0.0002625,137.235,0.000382,1,-0.00100152,0.00100273,0.0002625,850.965
0,4405473,21,phononTS,0.000582635,-0.00100152,0.00100273,0.000262498,850.965,0.000582635,1,-0.000969991,0.000973531,-0.0002625,941.016
0,4406028,7,phononTS,0.00051533,-0.000101293,0.00135657,-0.0002625,2172.63,0.000382,1,0.000999823,0.00100301,0.0002625,4164.02
0,4406204,7,phononTS,0.000437668,-2.04283e-05,-0.00216266,-0.0002625,1572.68,0.000382,1,-4.02316e-06,-0.00199605,0.0002625,3616.37
0,4408935,9,phononTS,0.000687572,-0.000867652,0.0019676,-0.0002625,951.202,0.000382,1,-4.51955e-06,0.00200037,0.0002625,2982.64
0,4412894,6,phononTS,0.000903784,-0.00210988,0.00146324,-0.0002625,139.308,0.000382,1,-0.00100329,0.00299545,0.0002625,910.434
0,4412894,5,phononTS,0.00098036,-0.00321646,-6.89727e-05,0.000262498,139.308,0.000879183,1,-0.00331846,0.000579893,-0.0002625,312.314
0,4415842,16,phononTF,0.000699186,-0.000330364,0.000330035,-0.0002625,8512.9,0.000382,1,-1.93276e-07,1.51922e-06,0.0002625,8873.35
0,4424250,2,phononTS,0.00115355,-0.00138848,-0.000849432,-0.0002625,260.254,0.000382,1,-0.00100452,-0.00100194,0.0002625,1281.47
0,4427416,12,phononTS,0.00126692,4.38747e-05,0.000192744,-0.000262498,1992.81,0.000764,1,1.61604e-06,3.71976e-06,0.0002625,2099.67
0,4428153,9,phononTS,0.000897534,-0.00199579,-0.00199564,0.000262498,1218.5,0.000487598,1,-0.00201607,-0.00222179,-0.0002625,1330.11
0,4436720,14,phononTS,0.000398797,0.00113911,-0.000749491,-0.0002625,4345.36,0.000382,1,0.00100046,-0.00100266,0.0002625,4802.41
0,4439000,11,phononTF,0.000514427,-0.00305941,-0.000890266,-0.0002625,238.974,0.000382,1,-0.00300285,-0.000999404,0.0002625,797.401
0,4441718,18,phononTF,0.000413447,-0.00116503,-0.000846937,-0.000262498,1036.85,0.000382,1,-0.00199631,1.37796e-06,0.0002625,1259.1
0,4457291,16,phononTF,0.000813984,-0.00100102,-0.00100456,0.000262498,2166.6,0.000813984,1,-0.000822659,-0.00117968,-0.0002625,2266.14
0,4459043,20,phononTF,0.00062669,-0.005,0.00147217,-7.26532e-05,1941.26,0.000382,1,-0.00199522,-3.43103e-06,0.0002625,3646.64
0,4460802,9,phononL,0.000639045,-0.000650479,0.00171142,-0.0002625,1645.12,0.000382,1,1.47715e-06,0.00199512,0.0002625,2203.27
0,4464568,10,phononTF,0.0012207,-0.000447885,-0.000284862,-0.000262498,2356.13,0.000382,1,2.12337e-06,-4.13838e-06,0.0002625,2490.4
0,4465334,13,phononTS,0.000437616,-0.000999972,0.00100139,0.0002625,2067.55,0.000437616,1,-0.00102209,0.000963419,-0.0002625,2247.09
0,4466032,9,phononTS,0.000496582,-0.00307492,-0.000250638,-0.000262498,1115.43,0.000382,1,-0.00299732,-0.000998174,0.0002625,1296.73
0,4468153,7,phononTF,0.000600161,0.00235523,0.00237147,-0.0002625,1676.7,0.000382,1,0.00199843,0.00200341,0.0002625,2304.7
0,4468881,15,phononL,0.000482976,0.00109562,-0.000897805,-0.0002625,11133.9,0.000382,1,0.000998342,-0.00099812,0.0002625,11971.3
0,4468891,14,phononTS,0.000838053,-0.00044509,-0.00162778,-0.0002625,4653.52,0.000382,1,0.0019975,0.00199826,0.0002625,11572
0,4472433,2,phononTF,0.00611536,-0.00301769,-0.000985141,0.000234897,512.805,0.00191,1,-0.00299631,-0.0010035,0.0002625,791.824
0,4477169,6,phononTS,0.000831161,-0.00125268,-0.000868971,-0.0002625,331.731,0.000382,1,-0.00100414,-0.00100029,0.0002625,8592.26
0,4483403,19,phononTS,0.000754952,-0.000933966,0.000926645,-0.0002625,675.081,0.000382,1,-0.000997591,0.00100104,0.0002625,1522.04
0,4483403,18,phononTF,0.000974525,-0.00351721,0.000870199,0.000262498,675.081,0.000547968,1,-0.00307258,0.00152671,-0.0002625,845.184
0,4484073,16,phononTF,0.000872102,-0.000837528,0.000839381,-0.000262498,1233.61,0.000382,1,-0.000997331,0.00100322,0.0002625,1331.85
0,4488225,3,phononTF,0.00137094,-0.00269484,-0.000707177,-0.0002625,2076.3,0.000382,1,-0.0030041,-0.00100333,0.0002625,2308.1
0,4490228,2,phononTS,0.00138345,-0.0030433,-0.000876947,-0.0002625,58.2936,0.000382,1,-0.00299737,-0.00100057,0.0002625,860.43
0,4490445,11,phononTS,0.000473125,-0.0014616,0.00102776,-0.000262498,2934.59,0.000382,1,-0.00100491,0.00100228,0.0002625,3074.42
0,4501149,2,phononL,0.00352729,-0.00314222,-0.000483309,-0.0002625,4.63419,0.001146,1,-0.00299688,-0.0010015,0.0002625,348.978
0,4501149,11,phononTF,0.000670299,0.005,-0.00197876,-0.000185295,454.485,0.000612337,1,0.00346556,-0.00273204,-0.0002625,2307.2
0,4502890,13,phononTS,0.000404806,0.00103035,-0.00305522,-0.000262498,9135.59,0.000382,1,0.000995665,-0.00300491,0.0002625,9224.79
0,4503080,12,phononTS,0.000786575,-0.000458122,3.97655e-05,-0.0002625,383.543,0.000382,1,1.33918e-06,-6.10613e-07,0.0002625,1901.52
0,4504475,19,phononTS,0.000511185,-0.00010061,-0.00285072,-0.0002625,10519.2,0.000382,1,-2.86095e-06,-0.00200166,0.0002625,10925.6
0,4505280,4,phononTF,0.00108876,-0.000350355,-0.00172877,-0.0002625,908.706,0.000382,1,4.76061e-06,-0.00199742,0.0002625,2119.46
0,4505280,3,phononTF,0.000817785,-0.00354639,0.000689094,0.000262498,908.706,0.000565392,1,-0.00332707,0.000902791,-0.0002625,1012.74
0,4506159,6,phononTS,0.000957837,-0.000361947,0.00204531,-0.0002625,424.359,0.000382,1,-4.44625e-06,0.0020011,0.0002625,1511.7
0,4506324,23,phononTF,0.000668312,0.000842354,0.00113355,-0.0002625,5355.79,0.000382,1,0.00100434,0.00100112,0.0002625,10973.3
0,4506325,1,phononTF,0.01,-0.00393694,0.000411176,-0.000225586,0,0.00150796,1,-0.00395667,0.000431821,-0.0002625,725.105
0,4509905,19,phononTS,0.000396891,-0.00103758,0.0028171,-0.0002625,3712.53,0.000382,1,-0.000997264,0.00300124,0.0002625,4882.3
0,4509905,3,phononTS,0.00131312,-0.00324102,5.37707e-05,0.000262498,11.9275,0.000314721,1,-0.00321008,7.18561e-05,-0.0002625,102.499
0,4516118,23,phononTS,0.000522908,-0.00104378,0.000968335,-0.000262498,16804.7,0.000382,1,-0.000996004,0.00100494,0.0002625,16897.9
0,4530267,12,phononTS,0.000553918,0.00316737,0.005,0.000192291,4385.48,0.000382,1,0.00199952,0.00200096,0.0002625,6064.93
0,4530837,22,phononTF,0.000434103,0.000299059,0.00175822,-0.0002625,20603.9,0.000382,1,-3.50931e-06,0.00200227,0.0002625,21265
0,4531297,12,phononL,0.00126881,-0.0023063,0.0013093,-0.000262498,455.287,0.000764,1,-0.00200033,0.00199833,0.0002625,555.632
0,4538473,13,phononTS,0.000497266,0.00200439,0.00200175,0.0002625,5175.64,0.000497266,1,0.00222475,0.00159267,-0.0002625,5473.2
0,4539445,31,phononTF,0.000513679,-0.00281213,-0.000555029,-0.000262498,3617.85,0.000382,1,-0.000997028,-0.00100077,0.0002625,3974.09
0,4541739,10,phononTS,0.00042175,-0.00169528,-0.00227537,-0.0002625,875.615,0.000382,1,-0.00199809,-0.00199672,0.0002625,4265.98
0,4543341,7,phononTF,0.00123653,-0.000999026,0.00300204,0.000262498,3640.13,0.000855909,1,-0.00105728,0.00296845,-0.0002625,3730.95
0,4544754,8,phononTS,0.00077949,0.000778109,-0.000975229,-0.0002625,686.431,0.000382,1,0.000998218,-0.000995262,0.0002625,4993.34
0,4545809,6,phononTF,0.00075826,-0.00235055,0.00162826,-0.0002625,1359.13,0.000382,1,-0.00199836,0.00199552,0.0002625,1984.46
0,4549131,17,phononTS,0.000927897,0.00197496,0.00196821,-0.0002625,9273.53,0.000382,1,0.00200351,0.00199699,0.0002625,9542.18
0,4551176,6,phononTS,0.000908108,-0.00200544,0.000677495,-0.000262498,1707.2,0.000382,1,-0.00200233,-2.76492e-07,0.0002625,1879.91
0,4556072,6,phononTS,0.00123833,-0.00342944,-0.000273739,-0.000262498,217.739,0.000764,1,-0.00299644,-0.00100356,0.0002625,426.582
0,4556823,14,phononTS,0.00104237,-0.00199544,3.18007e-06,0.000262498,1252.84,0.000962302,1,-0.00219876,3.95587e-05,-0.0002625,1361.4
0,4556970,7,phononTF,0.000444407,-0.00226438,0.000254159,-0.0002625,289.35,0.000382,1,-0.00200248,1.5258e-06,0.0002625,798.095
0,4558530,9,phononTF,0.000450966,-0.000342708,-0.00167164,-0.0002625,841.335,0.000382,1,-9.49117e-07,-0.00200052,0.0002625,1930.8
0,4560669,4,phononTS,0.00113591,-0.0015212,-0.000542258,-0.0002625,31.619,0.000764,1,-2.03754e-06,3.38673e-06,0.0002625,1629.17
0,4560669,3,phononTS,0.000865589,-0.005,0.00159559,0.000259559,31.619,0.000865589,1,-0.00391579,0.00190987,-0.0002625,689.621
0,4560669,2,phononTS,0.000956576,-0.00319478,3.99993e-05,0.000262498,31.619,0.00041859,1,-0.00316811,-0.000504709,-0.0002625,184.094
0,4562548,13,phononTF,0.000430292,-0.00138641,-0.000679617,-0.0002625,1189.95,0.000382,1,-0.00100215,-0.000997215,0.0002625,2637.6
0,4562625,7,phononTS,0.000670235,0.00224844,4.05869e-05,-0.0002625,2404.96,0.000382,1,0.00199949,1.8917e-07,0.0002625,2990.31
0,4563665,15,phononTS,0.000481295,-0.000417122,-0.000487851,-0.000262498,1476.37,0.000382,1,-0.000996773,-0.001003,0.0002625,1674.47
0,4563666,1,phononTS,0.01,-0.00365947,-0.000787881,-0.000172712,0,0.00213941,1,-0.00366206,-0.00078463,-0.0002625,439.214
0,4571622,27,phononL,0.000409313,-0.000421896,0.00290308,-0.0002625,25366,0.000382,1,-3.51423e-06,0.00200422,0.0002625,25738.9
0,4572125,4,phononTS,0.000563565,-0.00216735,-1.84857e-05,-0.0002625,61.3001,0.000382,1,-0.0020034,-2.72961e-07,0.0002625,902.481
0,4572125,3,phononTF,0.000991372,-0.00331493,-0.000145975,0.000262498,61.3001,0.000725747,1,-0.00274533,0.000344555,-0.0002625,221.049
0,4572997,18,phononTF,0.000517435,-0.0023469,0.00234002,-0.0002625,4712.07,0.000382,1,-0.00200109,0.00200361,0.0002625,5078.15
0,4572997,2,phononTF,0.00151497,-0.00331668,0.000168687,0.000262498,82.7545,0.00064042,1,-0.00306045,0.00041457,-0.0002625,191.223
0,4573681,5,phononTS,0.000893067,-0.00302777,-0.000461872,-0.0002625,298.463,0.000382,1,-0.00300068,-0.00100393,0.0002625,601.728
0,4575650,7,phononTF,0.000508538,0.000768484,-0.00322461,-0.000262498,6603.15,0.000382,1,0.000995144,-0.00299866,0.0002625,6708.41
0,4575650,2,phononTS,0.00505885,-0.00343802,0.000298383,-0.000162563,308.724,0.00134358,1,-0.00340709,0.00030604,-0.0002625,329.289
0,4581352,33,phononTS,0.000449719,-0.00289137,-0.001092,-0.0002625,1143.08,0.000382,1,-0.00299611,-0.000998878,0.0002625,1542.07
0,4583419,9,phononTF,0.000484229,-0.000999059,-0.00102153,-0.0002625,841.534,0.000382,1,-0.000997633,-0.00100261,0.0002625,2649.31
0,4589280,11,phononTF,0.00138047,0.00125686,-0.00324333,-0.0002625,1184.9,0.000382,1,0.00100059,-0.00299836,0.0002625,1510.08
0,4590933,11,phononTS,0.000914803,-0.00067157,3.82917e-05,-0.0002625,1650.13,0.000382,1,-1.97852e-06,-4.15015e-06,0.0002625,2432.67
0,4593627,11,phononTS,0.000771592,-0.000980234,0.00298225,-0.000262498,1436.02,0.000764,1,-0.00100446,0.00299955,0.0002625,1526.92
0,4593627,2,phononTS,0.00268512,-0.00275952,-0.000825147,-0.000220961,662.776,0.00210347,1,-0.00273361,-0.000843124,-0.0002625,673.844
0,4593742,13,phononTS,0.000448245,-0.00299728,-0.00099834,0.000262498,270.493,0.000448245,1,-0.00300938,-0.000978152,-0.0002625,360.471
0,4595342,6,phononTF,0.000715352,-0.005,0.00115203,-0.000214775,762.685,0.000382,1,-0.00200379,0.00199814,0.0002625,2061.98
0,4595630,16,phononTF,0.000778208,-0.00170151,0.00230315,-0.0002625,1978.48,0.000382,1,-0.00200337,0.00200325,0.0002625,2325.55
0,4596084,12,phononTS,0.000511769,-0.00112145,0.00104375,-0.0002625,1455.3,0.000382,1,-0.000997251,0.000997169,0.0002625,2031.8
0,4596114,8,phononTF,0.00046243,0.000789691,0.000988722,-0.0002625,1317.96,0.000382,1,0.00100226,0.000995967,0.0002625,2224.69
0,4596568,7,phononTS,0.00136546,-0.00298691,-0.000950001,-0.0002625,1638.42,0.000382,1,-0.00299979,-0.00100029,0.0002625,3234.5
0,4597710,19,phononTF,0.00133093,-0.00103376,0.00140674,-0.0002625,3094.7,0.000382,1,-0.00100095,0.000996973,0.0002625,3770.36
0,4601794,10,phononTS,0.000427202,-0.00386985,0.000108839,-0.0002625,1895.97,0.000382,1,-0.00199982,-0.00200482,0.0002625,2869.08
0,4601958,18,phononTS,0.000781536,-0.00149506,-0.00204861,-0.0002625,4583.59,0.000382,1,-0.00199562,-0.00199941,0.0002625,5894.35
0,4602522,6,phononTS,0.000500416,-0.000384467,-0.00195116,-0.0002625,1861.6,0.000382,1,-4.99338e-06,-0.0019964,0.0002625,2719.41
0,4602522,2,phononL,0.00436244,-0.00342847,0.000135632,0.000262498,576.336,0.000901975,1,-0.0028318,0.000327795,-0.0002625,664.72
0,4603407,2,phononTS,0.00114045,-0.0030715,-0.00099271,-0.0002625,379.287,0.000382,1,-0.0030021,-0.000997824,0.0002625,672.917
0,4603407,11,phononTS,0.000612777,-0.0030021,-0.000997824,0.000262498,672.917,0.000612777,1,-0.00308207,-0.000667943,-0.0002625,801.745
0,4603902,12,phononL,0.000690909,-0.00311757,-3.03677e-05,-0.0002625,2670.77,0.000382,1,-0.00200051,-2.20254e-06,0.0002625,4119.16
0,4604566,17,phononTS,0.000480322,-0.000873681,-0.000110449,-0.0002625,12864.1,0.000382,1,-0.000996398,-0.000999302,0.0002625,14247.3
0,4609246,16,phononTS,0.000475789,-0.000261732,0.00121974,-0.0002625,1996.53,0.000382,1,4.90144e-06,0.0020026,0.0002625,2604.76
0,4611596,21,phononL,0.000383503,0.00215167,-0.0022928,-0.000262498,4865.75,0.000382,1,0.0020046,-0.00200241,0.0002625,4934.72
0,4612119,24,phononL,0.000463982,0.00290287,0.000395206,-0.0002625,1469.01,0.000382,1,0.00300013,0.000997837,0.0002625,2602.02
0,4612502,11,phononTS,0.000474804,-0.00200009,0.00200438,0.0002625,1307,0.000474804,1,-0.00199587,0.00195467,-0.0002625,1669.38
0,4613039,8,phononTS,0.00121925,-0.001995,0.00200155,0.0002625,8246.2,0.00120719,1,-0.00180958,0.00177598,-0.0002625,9824.34
0,4614929,2,phononTS,0.00131109,-0.002051,-0.0019888,-0.0002625,33.7659,0.000382,1,-0.00200049,-0.00199937,0.0002625,3357.69
0,4622441,15,phononL,0.000508649,0.00327421,-0.000242058,-0.0002625,8087.22,0.000382,1,0.00199665,4.05129e-06,0.0002625,9765.94
0,4625055,15,phononTS,0.00125992,-0.00162168,-0.00031775,-0.0002625,5311.11,0.000382,1,-0.00200371,-2.51152e-06,0.0002625,5942.67
0,4627755,30,phononTS,0.000553409,-0.000772699,7.33261e-05,-0.000262498,5473.1,0.000382,1,-4.16398e-06,2.42299e-06,0.0002625,5659.94
0,4629800,13,phononTS,0.00102447,-0.000353722,0.00321947,-0.0002625,3738.94,0.000382,1,0.00199997,0.00199506,0.0002625,7531.51
0,4630418,7,phononTF,0.000843627,-0.002415,-0.000402649,-0.000262498,2279.82,0.000382,1,-0.00299628,-0.000997821,0.0002625,2448.17
0,4630418,5,phononTS,0.00106843,-0.00198647,-0.00051002,0.000262498,1444.82,0.000389701,1,-0.00203668,-0.000527196,-0.0002625,1534.69
0,4632498,3,phononTS,0.00186849,-0.00289996,-0.000177847,-0.0002625,30.0864,0.000764,1,-0.0030049,-0.000999448,0.0002625,1446.54
0,4635843,14,phononTF,0.000490109,-0.00268428,-0.00270021,-0.0002625,1533.65,0.000382,1,-0.00200214,-0.00200078,0.0002625,2103.04
0,4635843,3,phononTS,0.000977628,-0.00323093,-0.000107431,0.000262498,48.1394,0.000584838,1,-0.00298466,-0.000337956,-0.0002625,179.756
0,4637281,1,phononTF,0.01,-0.00202434,-2.99514e-05,0.000161314,0,0.002292,1,-0.0019966,-2.33888e-06,0.0002625,1557.22
0,4640317,7,phononTS,0.000842388,-0.00123959,0.000990032,-0.000262498,5844.55,0.000382,1,-0.000998156,0.00100172,0.0002625,5957.37
0,4640681,19,phononTS,0.000385313,0.00471096,0.000265728,-0.0002625,14043,0.000382,1,0.0029986,0.00100346,0.0002625,15772.8
0,4643112,7,phononTS,0.000838356,-0.00299571,-0.000995029,0.000262498,1326.59,0.000837057,1,-0.00331145,-0.00103706,-0.0002625,1448
0,4644400,14,phononTF,0.000647169,-0.00200476,2.5741e-06,0.000262498,2056.5,0.00035279,1,-0.00222305,0.000229308,-0.0002625,2161.25
0,4647375,4,phononTS,0.000735711,0.00102858,0.00121472,-0.0002625,145.64,0.000382,1,0.000999377,0.00100186,0.0002625,2967.31
0,4647986,13,phononTS,0.000442484,0.000544738,0.00134185,-0.000262498,4082.47,0.000382,1,0.000995191,0.00099707,0.0002625,4247.58
0,4647986,2,phononTF,0.00400985,-0.0031355,0.000140468,0.000229152,88.3755,0.0002429,1,-0.00324023,4.12948e-05,-0.0002625,176.073
0,4648392,14,phononTS,0.000402745,-0.000193228,0.00472319,-0.0002625,2041.25,0.000382,1,-0.000999817,0.00300054,0.0002625,5576.78
0,4650549,2,phononTS,0.000714971,-0.00259707,-1.2309e-05,-0.0002625,21.0073,0.000382,1,-0.00200132,-1.30908e-06,0.0002625,333.089
0,4650550,3,phononTS,0.00696986,-0.00325384,-0.000306999,-2.69394e-05,395.679,0.00133787,1,-0.00327627,-0.000535983,-0.0002625,505.889
0,4650592,13,phononTF,0.000464019,-0.00258482,-0.00140246,-0.000262498,2701.84,0.000382,1,-0.00200183,-0.00200347,0.0002625,2870.93
0,4654150,7,phononTF,0.0012302,0.002572,0.00279682,-0.000262498,3595.22,0.000382,1,0.00200206,0.00200447,0.0002625,3791.72
0,4663702,15,phononTS,0.000691789,0.00299995,0.000995576,0.000262498,4772.7,0.000691789,1,0.00325197,0.00103976,-0.0002625,4886.46
0,4667230,15,phononTS,0.00125412,0.0014889,-0.00395943,-0.0002625,1551.08,0.000382,1,-7.64049e-07,-0.00200272,0.0002625,6314.7
0,4668498,12,phononL,0.000584636,-0.0029963,-0.000998422,0.000262498,1238.51,0.000584636,1,-0.00271426,-0.000650936,-0.0002625,1314.24
0,4672445,7,phononTS,0.000673858,-0.005,-0.00159119,-0.000193818,952.194,0.000382,1,-0.000995135,0.00300025,0.0002625,2537.27
0,4684326,25,phononTS,0.000902258,-0.00205116,0.00196371,-0.000262499,3097.37,0.000382,1,-0.00200185,0.0019985,0.0002625,3186.58
0,4685413,22,phononTS,0.000469942,0.000800658,0.00183491,-0.0002625,3672.5,0.000382,1,0.00100028,0.00100232,0.0002625,4276.97
0,4688808,14,phononTS,0.000825394,-0.000932005,0.00297261,-0.000262498,4687.82,0.000382,1,-0.000996733,0.002996,0.0002625,4786.4
0,4692169,13,phononTS,0.000428309,-0.00214482,-0.0011148,-0.0002625,1249.21,0.000382,1,-0.00299519,-0.000997248,0.0002625,1749.43
0,4696320,2,phononTS,0.000616504,-0.0016902,0.000778592,-0.0002625,631.602,0.000382,1,-0.000996029,0.00100293,0.0002625,1192.67
0,4702465,9,phononL,0.000601335,-0.00225269,-0.00182749,-0.000262498,254.431,0.000382,1,-0.00200189,-0.00199658,0.0002625,322.467
0,4703243,9,phononTF,0.000523307,-0.000701954,-0.00070866,-0.0002625,6166.07,0.000382,1,-0.00100135,-0.00100017,0.0002625,8856.78
0,4710051,27,phononTF,0.000678993,-0.00200124,0.00200294,0.000262498,3172.22,0.000678993,1,-0.00158393,0.00156963,-0.0002625,3309.7
0,4716714,18,phononTS,0.000552296,-0.00201046,-0.00201607,-0.0002625,1061.84,0.000382,1,-0.0020037,-0.00199813,0.0002625,2209.77
0,4719280,10,phononTF,0.000626183,-0.0020036,0.00199954,0.000262498,1544.06,0.000626183,1,-0.00158896,0.00158409,-0.0002625,1678.87
0,4720877,10,phononTF,0.000576495,-0.0020699,-6.69137e-05,-0.000262498,672.501,0.000382,1,-0.00199745,1.75952e-06,0.0002625,763.981
0,4724537,13,phononTF,0.000386176,0.00199675,0.00200108,0.000262498,8056.28,0.000386176,1,0.00146942,0.00252741,-0.0002625,8212.65
0,4734235,8,phononTF,0.000637988,-0.00294923,0.000931443,-0.000262498,1101.49,0.000382,1,-0.00200457,1.79321e-06,0.0002625,1345.52
0,4736683,22,phononTS,0.00125115,-0.00277461,-0.000139914,-0.0002625,1726.61,0.000382,1,-0.00299911,-0.000996148,0.0002625,2576.58
0,4739618,6,phononTS,0.00108289,-0.00100056,0.000997143,0.000262498,6036.84,0.000533046,1,-0.0014985,0.000971884,-0.0002625,6182.76
0,4739940,2,phononTS,0.00083253,-0.00258144,1.47264e-06,-0.0002625,25.0903,0.000382,1,-0.00199965,-3.59871e-06,0.0002625,332.272
0,4739941,3,phononTF,0.00627932,-0.00298581,0.00106118,-0.000241505,227.368,0.00153564,1,-0.0030221,0.00102427,-0.0002625,440.975
0,4745317,13,phononTS,0.000458297,-0.000961361,0.00324785,-0.0002625,6879.13,0.000382,1,-0.000997226,0.00300371,0.0002625,7642.94
0,4753152,12,phononTF,0.000421375,-0.00290754,-0.000938298,-0.000262498,1144.58,0.000382,1,-0.00200163,4.53452e-06,0.0002625,1386.79
0,4756495,17,phononTF,0.000578094,0.0011067,0.00199018,-0.0002625,2965.87,0.000382,1,-0.000995543,-0.00100042,0.0002625,4537.32
0,4756673,5,phononTS,0.000846503,-0.00296936,-0.00100577,-0.0002625,1702.51,0.000382,1,-0.00299744,-0.0010047,0.0002625,2272.06
0,4758824,15,phononTF,0.000642692,-0.00347178,-0.0013024,-0.0002625,2085,0.000382,1,-0.00300223,-0.000998733,0.0002625,4260.31
0,4763644,5,phononL,0.00126446,-0.00303358,-0.000880162,-0.0002625,131.267,0.001146,1,-0.00299673,-0.000995228,0.0002625,510.116
0,4769355,5,phononTF,0.000895392,-0.00240275,-0.0013996,-0.0002625,711.674,0.000382,1,-0.00200489,-0.00200268,0.0002625,1192.55
0,4771672,6,phononTF,0.000455239,-0.00250124,-0.000285771,-0.000262498,696.008,0.000382,1,-0.00199566,-3.73289e-06,0.0002625,838.41
0,4783275,22,phononTF,0.000756103,7.73648e-07,0.00200289,0.000262498,8410.7,0.000756103,1,0.000207272,0.00227629,-0.0002625,8520.27
0,4783276,1,phononTS,0.01,-0.00404142,0.000710026,-0.000220546,0,0.00144923,1,-0.00402913,0.000685507,-0.0002625,745.587
0,4784912,15,phononTF,0.000903749,0.00083931,0.00109188,-0.0002625,2628.13,0.000382,1,0.000997401,0.000998972,0.0002625,3147.38
0,4788045,9,phononTS,0.00133329,-0.00195554,-0.00104704,-0.000262498,2668.66,0.000764,1,-0.000999041,-0.000998664,0.0002625,2892.38
0,4788634,19,phononTS,0.000621558,-0.00391621,-0.00045916,-0.000262498,2147.66,0.000382,1,-4.11523e-06,0.00199581,0.0002625,3012.44
0,4790348,15,phononTS,0.00111341,-0.0018698,-0.00119753,-0.0002625,4553.77,0.000764,1,-0.00100322,-0.00100159,0.0002625,6517.93
0,4791025,10,phononTS,0.000420733,-0.0019968,-0.00200018,0.000262498,3697.43,0.000420733,1,-0.00231321,-0.00201765,-0.0002625,3819.69
0,4791083,4,phononTS,0.000902442,-0.00100033,0.00100035,0.0002625,1202.91,0.000274413,1,0.000181623,0.00165915,-0.0002625,2051.79
0,4793811,6,phononTS,0.000668817,0.000370454,-0.00178657,-0.0002625,4922.19,0.000382,1,0.000997489,-0.000999445,0.0002625,6887.9
0,4794851,3,phononTS,0.000467115,-0.00215893,2.63404e-05,-0.0002625,76.606,0.000382,1,-0.00200283,4.80679e-06,0.0002625,698.491
0,4795135,2,phononTS,0.0024366,-0.0020257,-4.41302e-05,-0.0002625,857.727,0.000764,1,-0.00199913,-2.30933e-06,0.0002625,1283.16
0,4795135,14,phononTF,0.000470577,-0.00199913,-2.30933e-06,0.000262498,1283.16,0.000470577,1,-0.0019459,0.000311729,-0.0002625,1395.52
0,4796740,12,phononTF,0.0004753,-0.00244834,0.00151689,-0.0002625,102.788,0.000382,1,-0.00199584,0.0019995,0.0002625,1254
0,4799874,3,phononTF,0.000764577,0.00300295,0.0010011,0.0002625,247.521,0.000662007,1,0.00280211,0.000791174,-0.0002625,5463.69
0,4801202,6,phononTS,0.000710766,-0.0028663,-0.000701667,-0.0002625,227.113,0.000382,1,-0.00300082,-0.00100352,0.0002625,485.72
0,4803258,9,phononTS,0.000609065,-0.00100463,0.000999093,0.000262498,5398.03,0.000609065,1,-0.000903158,0.000263992,-0.0002625,5576.09
0,4806627,18,phononTS,0.000656337,0.0024208,0.000975909,-0.000262498,2644.51,0.000382,1,0.00299512,0.0009992,0.0002625,2800.74
0,4807824,10,phononL,0.000477965,-0.00121968,-0.00113009,-0.0002625,2258.15,0.000382,1,-0.00100294,-0.00100317,0.0002625,3101.02
0,4809467,8,phononTF,0.000990478,-0.00100176,-0.00100028,0.000262498,825.631,0.000761071,1,-0.00076243,-0.000768475,-0.0002625,932.093
0,4811329,10,phononTS,0.000541169,0.00138411,0.000988001,-0.0002625,2121.77,0.000382,1,0.00100352,0.000995363,0.0002625,4755.17
0,4813521,7,phononTS,0.000421779,-0.00309707,-0.000973123,-0.000262498,919.059,0.000382,1,-0.00300343,-0.000998586,0.0002625,1017.42
0,4813521,5,phononL,0.000642378,-0.00387137,-0.000114051,0.000262498,658.238,0.000642378,1,-0.00454561,0.000178894,-0.0002625,756.76
0,4813667,6,phononTS,0.00103573,-0.00104718,0.000754737,-0.0002625,2703.83,0.000382,1,-0.00100275,0.00100101,0.0002625,4233.04
0,4827157,8,phononTF,0.000698831,-0.00186664,-0.000133557,-0.0002625,3347.04,0.000382,1,-0.00200243,4.01607e-07,0.0002625,3639.93
0,4827440,15,phononTS,0.000477374,-0.002007,0.00203161,-0.000262498,6119.26,0.000382,1,-0.0019989,0.0020035,0.0002625,6210.45
0,4829534,11,phononTF,0.00046452,-0.000295852,0.000303767,-0.000262498,1106.76,0.000382,1,1.46731e-06,-3.93768e-07,0.0002625,1222.42
0,4829534,2,phononTS,0.000702414,-0.00322553,7.64569e-05,0.000262498,15.7476,0.000702414,1,-0.00279212,0.000296369,-0.0002625,167.473
0,4831558,19,phononTF,0.000716506,0.00199792,0.00200113,0.000262498,3475.47,0.00042442,1,0.00194748,0.00195293,-0.0002625,3566.14
0,4837171,6,phononTS,0.00128583,-0.00283538,0.00209667,-0.0002625,381.529,0.000382,1,-0.0020002,0.00200243,0.0002625,1272.41
0,4838526,8,phononTF,0.000580515,-0.00244214,0.00045255,-0.0002625,718.515,0.000382,1,-0.00199676,6.93755e-07,0.0002625,1275.96
0,4845055,5,phononTF,0.000431214,-0.00362415,-0.000433935,-0.0002625,568.793,0.000382,1,-0.00299562,-0.00100176,0.0002625,1792.91
0,4848379,13,phononTS,0.000545011,-0.00108342,0.00302958,-0.000262498,2482.18,0.000382,1,-0.00100206,0.00300235,0.0002625,2579.45
0,4855004,1,phononTF,0.01,-0.00296996,-0.000969284,0.000241038,0,0.00191,1,-0.00300022,-0.00100304,0.0002625,708.284
0,4855004,4,phononTS,0.000544632,-0.00300022,-0.00100304,0.000262498,708.284,0.000544632,1,-0.00303313,-0.000962798,-0.0002625,797.658
0,4855004,3,phononTS,0.000498281,-0.00300022,-0.00100304,0.000262498,708.284,0.000498281,1,-0.00294822,-0.000943086,-0.0002625,803.019
0,4855528,10,phononTS,0.000937303,-0.00299546,-0.000996418,0.0002625,4838.87,0.000655944,1,-0.00303379,-0.000813643,-0.0002625,5051.32
0,4858662,19,phononTF,0.000582339,0.00100395,0.00100313,0.0002625,5205.18,0.000582339,1,0.00102472,0.00107313,-0.0002625,5387.47
0,4860949,11,phononTS,0.000782867,-0.00205808,-0.00134766,-0.000262498,4505.18,0.000382,1,-0.00200367,-0.00200463,0.0002625,4672.36
0,4867424,10,phononTS,0.00105525,-0.00192515,-0.00114606,-0.0002625,2378.9,0.000382,1,-0.0020014,-0.00199855,0.0002625,2986.44
0,4869824,16,phononTS,0.000501247,-0.00258271,0.000684977,-0.000262498,672.895,0.000382,1,-0.00200253,0.00200077,0.0002625,975.359
0,4877004,3,phononTF,0.000420051,-0.00199799,0.00199569,0.0002625,4.2971,0.000420051,1,-0.00177854,0.00241082,-0.0002625,867.717
0,4881502,24,phononTS,0.000691987,0.000723003,-0.000402755,-0.0002625,2789.07,0.000382,1,0.00100426,-0.00100107,0.0002625,6329.44
0,4883346,12,phononTF,0.000531902,-0.000332796,0.000370663,-0.0002625,3008.45,0.000382,1,-0.000999033,0.00100415,0.0002625,4672.4
0,4884111,6,phononTS,0.00101263,-0.00106096,0.00289419,-0.0002625,131.11,0.000382,1,-0.00100167,0.00299669,0.0002625,2989.11
0,4885950,9,phononTS,0.000538981,-3.64358e-08,-4.15661e-06,0.000262498,6041.66,0.000538981,1,-3.67571e-05,-3.04007e-05,-0.0002625,6131.64
0,4885950,4,phononTF,0.00127301,-0.0033282,0.000132465,0.000262498,71.2006,0.000287067,1,-0.00293118,0.000665744,-0.0002625,221.243
0,4886192,9,phononTS,0.00128567,-0.00200052,-0.00200493,0.000262498,1044.05,0.000599771,1,-0.00194555,-0.00202634,-0.0002625,1136
0,4886787,7,phononTF,0.000615011,-0.00120096,0.00130155,-0.000262498,561.054,0.000382,1,-0.00199607,0.00199514,0.0002625,765.72
0,4889031,6,phononL,0.00107652,-0.00146824,0.000646032,-0.0002625,2136.73,0.000382,1,-0.00100187,0.00100246,0.0002625,3186.68
0,4889889,9,phononTS,0.000416664,-0.0037318,0.00107713,-0.000262498,438.896,0.000382,1,-0.00100411,-0.00100468,0.0002625,1093.72
0,4892444,20,phononTS,0.000999155,-0.00300166,-0.00100018,0.000262498,1313.24,0.000439675,1,-0.00304014,-0.000969288,-0.0002625,1402.67
0,4896059,13,phononTF,0.000434439,-0.00212939,0.0021185,-0.0002625,1619.55,0.000382,1,-0.00200179,0.00199676,0.0002625,2472.73
0,4896059,2,phononL,0.00371155,-0.005,0.00143986,-7.11007e-05,395.697,0.00137111,1,-0.00454896,0.00169235,-0.0002625,1046.05
0,4899293,12,phononTS,0.000392568,-0.00199326,-0.00201074,-0.000262498,2150.58,0.000382,1,-0.00199725,-0.00199987,0.0002625,2240.43
0,4901271,4,phononTF,0.000431168,8.17165e-05,-0.00188593,-0.0002625,2826.87,0.000382,1,-4.99439e-07,-0.00200483,0.0002625,3014.58
0,4902019,19,phononTS,0.000477245,0.00150298,-0.000716091,-0.0002625,7832.27,0.000382,1,0.00200437,-0.00199969,0.0002625,9296.38
0,4905112,3,phononTF,0.000384944,-0.00103201,-0.00252117,-0.0002625,33.4932,0.000382,1,-0.00199573,-0.00200095,0.0002625,1787.06
0,4913899,20,phononTF,0.000615227,-0.00100341,-0.000995399,0.0002625,4245.14,0.000615227,1,-0.000831882,-0.000817392,-0.0002625,4642.5
0,4914409,17,phononTS,0.000463056,0.00303176,0.000954914,-0.0002625,3067.77,0.000382,1,0.00300241,0.00100005,0.0002625,10646.2
0,4914549,9,phononTS,0.000842917,-0.00287915,-0.000172857,-0.0002625,5091.27,0.000382,1,-0.00299857,-0.00100478,0.0002625,6484.45
0,4923082,13,phononTF,0.000409733,0.000517593,-0.000672691,-0.0002625,4228.21,0.000382,1,0.00100309,-0.00100068,0.0002625,5470.7
0,4929976,7,phononL,0.000826039,0.00302412,0.000291798,-0.000262498,3211.34,0.000382,1,0.00300282,0.000995271,0.0002625,3305.25
0,4932843,3,phononTF,0.00275949,-0.00259332,-0.0010571,-0.0002625,180.709,0.000764,1,-0.00200378,-0.0020013,0.0002625,656.709
0,4932843,13,phononTF,0.00150303,-0.00200378,-0.0020013,0.000262498,656.709,0.000438382,1,-0.00230072,-0.00228518,-0.0002625,770.75
0,4933193,2,phononTS,0.00241817,-0.00312217,-0.000506188,-0.0002625,6.74766,0.000764,1,-0.00300236,-0.000995383,0.0002625,325.217
0,4936098,20,phononTS,0.000426084,0.00203516,-2.61937e-05,-0.000262498,3968.72,0.000382,1,0.00200427,-1.51271e-06,0.0002625,4058.23
0,4936098,2,phononTF,0.00249432,-0.00331845,2.00338e-06,0.000262498,110.46,0.00107995,1,-0.00395929,0.000737416,-0.0002625,302.97
0,4937058,13,phononTF,0.00113151,0.00199663,0.0020017,0.000262498,3102.95,0.000205912,1,0.00221857,0.00177474,-0.0002625,3208.04
0,4937107,9,phononTF,0.000960688,0.000999309,0.00100391,0.0002625,732.165,0.000537157,1,0.00259792,0.000819871,-0.0002625,2890.53
0,4937760,8,phononTF,0.000660828,-0.0020337,-0.000253347,-0.0002625,998.864,0.000382,1,-0.0019964,1.76566e-07,0.0002625,2652.3
0,4940450,15,phononTF,0.000850488,-0.00183906,-0.0018294,-0.000262498,6084.09,0.000382,1,-0.00199812,-0.001997,0.0002625,6182.25
0,4942206,21,phononTS,0.000569821,0.0010495,-0.00100618,-0.0002625,10703.1,0.000382,1,0.000995792,-0.000995223,0.0002625,13473.2
0,4942331,7,phononTF,0.000768021,-0.00251294,0.000504772,-0.000262499,752.121,0.000382,1,-0.00200386,-4.56249e-06,0.0002625,904.689
0,4945439,5,phononTS,0.000615942,-0.00261499,0.000572921,-0.0002625,703.709,0.000382,1,-0.00200362,2.41449e-06,0.0002625,1114.95
0,4945439,3,phononTF,0.000450746,-0.00313229,0.000391911,0.000262498,357.496,0.000450746,1,-0.00218415,0.000844223,-0.0002625,573.03
0,4945811,15,phononTS,0.000871922,-0.000775189,0.00295897,-0.0002625,3593.66,0.000382,1,-0.000995917,0.00300084,0.0002625,4365.68
0,4945811,16,phononTF,0.000389111,-0.000995917,0.00300084,0.000262498,4365.68,0.000389111,1,-0.000294791,0.00368663,-0.0002625,4556.06
0,4949085,7,phononL,0.000695613,-0.0027123,-0.000756151,-0.000262498,1258.46,0.000382,1,-0.00300335,-0.00100193,0.0002625,1330.23
0,4954921,19,phononTF,0.000462804,-0.000208736,0.000205839,-0.000262498,2866.08,0.000382,1,-2.88325e-06,-2.04784e-06,0.0002625,2968.97
0,4956588,12,phononTF,0.000695518,-0.00308324,-0.00108881,-0.000262498,433.308,0.000382,1,-0.00299886,-0.000997069,0.0002625,525.816
0,4956597,7,phononTS,0.000467176,-0.000997704,0.00102765,-0.0002625,775.369,0.000382,1,-0.00100494,0.000998109,0.0002625,1680.44
0,4957289,8,phononTS,0.00135342,-0.00285561,-0.000857419,-0.0002625,725.721,0.000382,1,-0.00299699,-0.000999033,0.0002625,1066.65
0,4958353,28,phononTS,0.000477889,-0.00200316,-2.24672e-07,0.000262498,25870.1,0.000477889,1,-0.00346034,-0.000447074,-0.0002625,26200
0,4962576,3,phononTF,0.00336852,-0.00366239,-0.00149561,-0.000171596,2.25357,0.000382,1,-0.00299898,-0.000997473,0.0002625,625.035
0,4962928,2,phononTS,0.00491865,-0.00318793,-0.000998089,9.53497e-05,396.581,0.001528,1,-0.00299671,-0.000999514,0.0002625,849.848
0,4963771,4,phononTF,0.0012454,-0.00235254,0.000359699,-0.0002625,320.202,0.000382,1,-0.00200009,3.3705e-06,0.0002625,568.707
0,4966576,2,phononTS,0.00070523,0.0021199,-0.00144976,-0.0002625,486.973,0.000382,1,0.00200417,-0.00200293,0.0002625,3683.87
0,4968442,13,phononTS,0.00067016,-0.00202369,-0.00195752,-0.0002625,2059.94,0.000382,1,-0.00200473,-0.00200393,0.0002625,2791.78
0,4970544,11,phononTF,0.000434316,-0.00205669,0.00226308,-0.0002625,2328.29,0.000382,1,-0.00200453,0.00200327,0.0002625,2857.44
0,4971578,10,phononTS,0.000386091,0.00145663,0.000995628,-0.0002625,13927.8,0.000382,1,0.000996788,0.00100309,0.0002625,15356.3
0,4973270,7,phononTS,0.000382737,-0.000964679,0.00302884,-0.000262498,1696.93,0.000382,1,-0.00100223,0.00299512,0.0002625,1789.94
0,4974767,4,phononTS,0.00120346,-0.00257313,3.84887e-05,-0.0002625,14.3357,0.000382,1,-0.00199522,-3.58072e-06,0.0002625,327.594
0,4974924,22,phononTS,0.000464983,-0.00100176,-0.00101291,-0.0002625,6453.16,0.000382,1,-0.000998532,-0.000999584,0.0002625,6922.84
0,4974925,3,phononL,0.00632835,-0.00287389,0.000461009,-5.47539e-05,619.739,0.0032933,1,-0.00269529,0.000190473,-0.0002625,827.158
0,4979464,23,phononTS,0.000523397,0.005,-0.00121083,-0.000133233,3507.15,0.000523397,1,0.00466818,-0.00103135,-0.0002625,4847.57
0,4980672,18,phononTF,0.000675048,-0.000370634,0.000381895,-0.0002625,2559.1,0.000382,1,-3.26934e-06,-8.03528e-07,0.0002625,3197.45
0,4984887,6,phononTS,0.00135806,-0.00200316,-2.7013e-06,0.0002625,1090.67,0.000926525,1,-0.00196059,1.35602e-05,-0.0002625,1274.27
0,4985268,12,phononTS,0.000474937,-0.0020087,0.0019968,-0.000262498,7095.18,0.000382,1,-0.00199716,0.00200314,0.0002625,7186.88
0,4988043,16,phononTF,0.000570109,0.00161203,-0.000377885,-0.0002625,28109.1,0.000382,1,0.000997111,-0.000998373,0.0002625,28922.3
0,4995738,12,phononTS,0.00101445,-0.00152982,0.000419535,-0.0002625,1476.95,0.000382,1,-0.00199558,4.73202e-06,0.0002625,3846.32
0,4996469,13,phononTS,0.000837883,-0.00208902,0.00249757,-0.0002625,2975.8,0.000382,1,-0.00199662,0.00199765,0.0002625,4078.1
0,4998298,19,phononTS,0.00082787,-0.00303694,-0.000967677,-0.0002625,1620.25,0.000382,1,-0.00299578,-0.00100073,0.0002625,2085.93
0,4999141,8,phononTS,0.000400446,0.005,-0.00302836,-0.000106725,1703.88,0.000400446,1,0.00497169,-0.00297328,-0.0002625,1853.68
0,5010797,10,phononTF,0.00103627,-0.00196195,0.00203822,-0.000262498,2037.91,0.000382,1,-0.00200054,0.00200158,0.0002625,2128.25
0,5011388,13,phononTS,0.000565326,-0.00199749,-0.00200345,0.000262498,4731.93,0.000565326,1,-0.00168848,-0.000768009,-0.0002625,5014.25
0,5012305,4,phononTS,0.000555141,-0.00345667,4.7429e-06,-0.0002625,37.0734,0.000382,1,-0.00199865,0.00200348,0.0002625,1177.87
0,5017165,7,phononTS,0.000951695,-0.0017957,0.000680857,-0.0002625,1795.24,0.000382,1,-0.00199509,-7.50393e-07,0.0002625,3301.73
0,5017386,14,phononTF,0.000407866,-0.00145046,-0.00141841,-0.0002625,20163.3,0.000382,1,-0.000997647,-0.00100291,0.0002625,20895.1
0,5021448,29,phononTS,0.000455916,0.0020382,-0.00195905,-0.000262498,11555,0.000382,1,0.00199741,-0.00200162,0.0002625,11644.2
0,5025961,10,phononTF,0.000773279,-0.00317649,0.000207524,-0.000262498,119.31,0.000382,1,-0.00199593,0.0019961,0.0002625,506.797
0,5025961,9,phononTF,0.00112915,-0.005,0.000809916,-0.000254781,119.31,0.000477654,1,-0.00499367,0.000803385,-0.0002625,450.842
0,5032433,6,phononL,0.000562889,-0.00351485,-0.000323865,-0.000262498,801.539,0.000382,1,-0.00200315,-3.99588e-06,0.0002625,980.635
0,5039923,10,phononTS,0.000656892,-0.0020372,0.00170846,-0.0002625,950.094,0.000382,1,-0.00199938,0.00200343,0.0002625,2599.65
0,5043679,10,phononTF,0.000557288,0.000317879,0.00217293,-0.000262498,6645.48,0.000382,1,-3.40096e-06,0.00199866,0.0002625,6760.04
0,5043758,28,phononTS,0.000718839,-0.000932297,-0.000329105,-0.0002625,6199.72,0.000382,1,-0.000999477,-0.0010008,0.0002625,6821.9
0,5049155,10,phononL,0.000700127,-0.00300197,-0.00100009,0.000262498,1341.45,0.000700127,1,-0.00325273,-0.00103116,-0.0002625,1407.61
0,5049365,3,phononTF,0.000826819,0.000283652,0.00151393,-0.0002625,534.498,0.000382,1,0.00200002,0.00200172,0.0002625,1840.81
0,5052815,12,phononTS,0.000457116,-0.00204737,-3.58691e-05,-0.000262498,4422.51,0.000382,1,-0.0019986,-3.90282e-06,0.0002625,4515.32
0,5065526,12,phononTF,0.00102932,-0.00186261,-0.00209478,-0.0002625,2038.43,0.000382,1,-0.00199841,-0.00200393,0.0002625,3696.85
0,5069771,10,phononTS,0.000488075,-0.00100751,-0.000510563,-0.0002625,1365.18,0.000382,1,-0.000996042,-0.0010006,0.0002625,1801.02
0,5072129,8,phononTS,0.000470656,-0.00301528,-0.000183988,-0.000262498,326.426,0.000382,1,-0.00299974,-0.000997186,0.0002625,520.462
0,5076389,16,phononTS,0.00127087,-0.00165105,0.00195595,-0.000262498,483.955,0.000764,1,-0.00200076,0.00199723,0.0002625,609.597
0,5082731,14,phononTS,0.00070266,-0.000274782,0.00204039,-0.0002625,16720,0.000382,1,-1.6119e-07,0.00199978,0.0002625,19918.3
0,5082731,2,phononTS,0.000526059,-0.00314044,7.53049e-05,0.000262498,77.1342,0.000526059,1,-0.00341463,0.00167543,-0.0002625,433.068
0,5090064,14,phononTF,0.000581224,-0.00100307,-0.00100062,0.0002625,866.751,0.000509149,1,-0.00091145,-0.00109549,-0.0002625,1748.97
0,5091764,2,phononTF,0.00189884,-0.00288585,-0.000893533,-0.0002625,918.867,0.000382,1,-0.00299583,-0.00100439,0.0002625,1584.93
0,5092178,23,phononTS,0.000882635,-0.00301276,-0.000931265,-0.000262498,3261.07,0.000382,1,-0.00299723,-0.00100223,0.0002625,3359.65
0,5092979,2,phononTS,0.00134916,-0.00211257,0.00048377,-0.0002625,230.394,0.000382,1,-0.00200315,-3.70771e-06,0.0002625,1704.06
0,5095393,6,phononTS,0.00114464,-0.00268864,0.00279279,-0.0002625,371.316,0.000382,1,-0.00199743,0.00200172,0.0002625,1578.93
0,5098178,5,phononTS,0.000695536,0.00253364,0.005,-0.000104499,191.638,0.000382,1,-0.00200096,0.00199765,0.0002625,3727.09
0,5099153,19,phononTF,0.00123719,0.0020398,3.92478e-05,-0.000262498,5527.74,0.000382,1,0.00300017,0.0010036,0.0002625,5777.46
0,5102343,6,phononTS,0.0013839,-0.00271618,-0.00120511,-0.0002625,774.156,0.000764,1,-0.00300145,-0.000997433,0.0002625,2156.66
0,5106966,22,phononTF,0.000708136,0.000478144,-0.00339077,-0.0002625,2603.13,0.000382,1,0.00100256,-0.00299993,0.0002625,3048.69
0,5107782,5,phononL,0.0035785,-0.00224737,-0.00161672,-0.0002625,518.784,0.000764,1,-0.00200418,-0.00200319,0.0002625,747.45
0,5116746,4,phononTS,0.000469565,-0.00197138,3.7537e-05,-0.000262498,901.341,0.000382,1,-0.00200051,2.2213e-06,0.0002625,990.838
0,5117365,15,phononTF,0.000559473,-0.00411253,-0.0028966,-0.0002625,505.11,0.000382,1,-0.00200112,-0.00199937,0.0002625,1617.3
0,5123152,3,phononL,0.00152935,-0.005,0.00121342,-0.000136345,37.4704,0.000382,1,-0.00199696,0.00199901,0.0002625,833.759
0,5129475,6,phononTS,0.00054666,-0.00199954,4.55166e-06,0.000262498,1014.57,0.00054666,1,-0.00193193,-0.000525898,-0.0002625,1168.91
0,5129697,2,phononTS,0.00180073,0.00301626,0.00103293,-0.0002625,141.347,0.000764,1,0.00300091,0.000996371,0.0002625,5161.73
0,5131609,9,phononTS,0.000422049,-0.00191416,-0.00135668,-0.0002625,7586.67,0.000382,1,-0.00199572,-0.00200455,0.0002625,9050.75
0,5136877,9,phononTS,0.000503358,-0.005,0.00135216,6.74062e-05,875.502,0.000382,1,-0.00300305,-0.00100495,0.0002625,1582.66
0,5139097,18,phononTF,0.000652929,-0.0012032,-0.00132107,-0.0002625,3957.56,0.000382,1,-1.01381e-07,-2.96073e-06,0.0002625,5595.32
0,5146600,2,phononTF,0.000840919,-0.00114078,0.00111251,-0.0002625,56.1046,0.000382,1,-0.00100202,0.00100076,0.0002625,1075.5
0,5149448,14,phononTS,0.000658456,-0.00199875,-7.79283e-07,0.0002625,4362.06,0.000658456,1,-0.00252303,0.00174242,-0.0002625,5141.84
0,5155499,13,phononTS,0.000445264,-0.00191873,-4.27439e-05,-0.000262498,787.809,0.000382,1,-0.00199856,7.58591e-08,0.0002625,884.382
0,5171461,9,phononL,0.00135862,0.0014629,0.000363704,-0.0002625,3145.49,0.000764,1,-1.68751e-06,3.97466e-06,0.0002625,3787.98
0,5172275,12,phononTS,0.000841817,-0.00100499,0.00100083,0.000262498,5246.99,0.000558434,1,-0.00104688,0.00165237,-0.0002625,5413.05
0,5172275,4,phononTF,0.000799281,-0.00317416,3.57503e-05,0.000262498,8.89998,0.000799281,1,-0.00334245,0.000199519,-0.0002625,107.387
0,5172275,3,phononTS,0.000488071,-0.00317416,3.57503e-05,0.000262498,8.89998,0.000488071,1,-0.00333153,0.000515877,-0.0002625,161.832
0,5178322,4,phononTS,0.000714999,-0.00304587,-0.00104343,-0.000262498,1191.56,0.000382,1,-0.00299996,-0.00099781,0.0002625,1285.41
0,5186715,9,phononTF,0.00123448,-0.000304494,-0.00168569,-0.0002625,2758.46,0.000764,1,-0.00100314,-0.000998454,0.0002625,3509.21
0,5191518,5,phononTS,0.00131767,-0.00252337,2.6454e-05,-0.000262498,2025.31,0.000382,1,-0.00199862,4.2387e-06,0.0002625,2176.73
0,5198077,15,phononTS,0.0010005,-0.000898332,0.00304814,-0.0002625,187.151,0.000382,1,-0.000999689,0.00300076,0.0002625,3048.36
0,5198532,9,phononTS,0.000638879,0.0043243,-0.000558729,-0.000262498,4393.97,0.000382,1,5.8533e-08,-0.00200317,0.0002625,5342.37
0,5204305,11,phononTF,0.00043052,-0.00199999,1.43235e-06,0.000262498,1111.38,0.00043052,1,-0.00308239,0.00174681,-0.0002625,1485.34
0,5206886,2,phononTS,0.00112632,-0.00276572,0.000595947,-0.000262498,944.362,0.000382,1,-0.000996901,0.000998486,0.0002625,1337.07
0,5212625,9,phononL,0.000715547,-0.00233875,-0.000979661,-0.0002625,2660.91,0.000382,1,-0.00300253,-0.000996961,0.0002625,3083.51
0,5218559,8,phononTF,0.0011044,-0.000608927,-0.00138702,-0.0002625,20.0902,0.000382,1,-3.25784e-06,-0.00200164,0.0002625,1050.03
0,5218559,7,phononTF,0.000799886,-0.00314896,-9.72841e-06,0.000262498,20.0902,0.000799886,1,-0.00341384,0.000279187,-0.0002625,133.205
0,5222083,14,phononTS,0.000519833,-0.00185048,-0.000724445,-0.0002625,2423.38,0.000382,1,-0.00299975,-0.00099849,0.0002625,3201.32
0,5222083,6,phononTS,0.00141838,-0.00318453,0.000193017,0.000262498,243.817,0.0010454,1,-0.00230484,-5.29357e-05,-0.0002625,459.533
0,5223829,6,phononTF,0.000678587,-0.0030682,-0.000293898,-0.000262498,673.441,0.000382,1,-0.00199952,0.00199903,0.0002625,1132.29
0,5224842,3,phononTF,0.00185348,-0.00317676,-0.000819711,-0.0002625,515.873,0.000382,1,-0.00299773,-0.000999026,0.0002625,815.682
0,5231310,9,phononTS,0.000541972,0.000162851,-0.00122636,-0.0002625,5186.28,0.000382,1,-1.63961e-06,-0.00200334,0.0002625,5758.24
0,5232607,2,phononTS,0.00697235,-0.00299368,-0.00101464,0.000212794,397.559,0.00191,1,-0.00300161,-0.00100338,0.0002625,623.587
0,5235095,8,phononTS,0.00061077,-0.00165961,0.000943703,-0.000262498,2086.04,0.000382,1,-4.04576e-06,-9.51319e-07,0.0002625,2473.58
0,5235980,9,phononTS,0.000559668,0.00104414,0.000968308,-0.000262498,3907.31,0.000382,1,0.000997154,0.000996817,0.0002625,3999.86
0,5246755,7,phononL,0.000724865,-0.00155079,-0.000757441,-0.0002625,286.526,0.000382,1,-0.00099572,-0.000998547,0.0002625,634.564
0,5248480,21,phononTS,0.000564321,-0.0022046,4.13949e-05,-0.000262498,726.914,0.000382,1,-0.00199871,-4.34169e-06,0.0002625,835.488
0,5250352,17,phononL,0.000708276,-0.00256318,0.000119333,-0.0002625,907.491,0.000382,1,-0.00199876,-6.5935e-07,0.0002625,1571.64
0,5250555,18,phononTF,0.000694749,0.000628279,0.000614001,-0.0002625,5234.03,0.000382,1,0.00100294,0.000998023,0.0002625,6856.49
0,5254431,11,phononTS,0.00074505,-4.16347e-05,0.00205858,-0.0002625,3933.65,0.000382,1,4.59958e-06,0.00199738,0.0002625,6987.14
0,5257542,11,phononL,0.000387352,-0.00314454,-0.00043703,-0.0002625,5287.58,0.000382,1,-0.00300003,-0.00099784,0.0002625,5923.9
0,5260513,7,phononTF,0.000748401,-0.00266387,-0.00264596,-0.0002625,3112.77,0.000382,1,-0.0019983,-0.00199518,0.0002625,3661.46
0,5263396,12,phononTS,0.000832485,-0.00203339,0.0018742,-0.0002625,9513.07,0.000382,1,-0.00199981,0.0020023,0.0002625,9992.2
0,5264711,9,phononTS,0.00084975,-0.00199504,2.98595e-06,0.0002625,8268.55,0.00084975,1,-0.00165429,0.00128181,-0.0002625,8836.37
0,5265339,10,phononTF,0.000541257,0.001465,-0.00148291,-0.0002625,2559.98,0.000382,1,0.00199876,-0.00200074,0.0002625,4471.54
0,5265339,2,phononTS,0.00137419,-0.00301925,-2.17438e-05,0.000262498,211.21,0.00137419,1,-0.00226414,0.00169499,-0.0002625,592.509
0,5273007,7,phononL,0.000485094,-0.00265219,-0.000577677,-0.000262498,528.51,0.000382,1,-0.00300073,-0.0010038,0.0002625,611.789
0,5275386,30,phononTF,0.00045188,-4.80047e-06,4.47584e-06,0.000262498,2601.98,0.00045188,1,-0.00122037,-0.00094887,-0.0002625,2886.89
0,5275386,3,phononTS,0.000712294,-0.00294068,2.96087e-05,0.000262498,91.8497,0.000454442,1,-0.00293613,5.96059e-05,-0.0002625,181.431
0,5276483,2,phononTS,0.000554806,-0.0030106,-0.000963939,-0.0002625,14.9454,0.000382,1,-0.003004,-0.000997199,0.0002625,510.721
0,5280884,18,phononTS,0.000438982,-0.00232632,-4.06054e-05,-0.0002625,465.515,0.000382,1,-0.0020039,4.05146e-06,0.0002625,766.535
0,5280884,2,phononTS,0.00191741,-0.00330537,9.2105e-05,0.00016864,23.8531,0.000473795,1,-0.00352463,0.000157412,-0.0002625,123.617
0,5281016,12,phononTF,0.00131193,0.00122902,-0.00121857,-0.000262498,1905.17,0.000382,1,0.000998485,-0.000995416,0.0002625,2010.52
0,5281193,2,phononTS,0.0011449,-0.00253763,0.00089417,-0.0002625,390.618,0.000382,1,-0.00199733,0.00199996,0.0002625,917.999
0,5281820,5,phononTS,0.000860924,0.000817046,-0.00185739,-0.0002625,2587.82,0.000382,1,-2.17426e-06,-0.00200457,0.0002625,3190.13
0,5283055,10,phononTF,0.000823759,-0.001557,0.00027418,-0.0002625,744.807,0.000764,1,-0.000997062,0.000995548,0.0002625,1115.66
0,5284206,19,phononTS,0.00061229,0.00336998,0.000988116,-0.0002625,2881.79,0.000382,1,0.00300384,0.00100429,0.0002625,3228.15
0,5285651,10,phononTS,0.000459611,-0.00100634,0.00299914,-0.000262498,5074.65,0.000382,1,-0.000997015,0.00300115,0.0002625,5164.5
0,5287240,22,phononL,0.000526103,0.00199958,-0.00199991,0.0002625,18039.7,0.000526103,1,0.00147082,-0.00176076,-0.0002625,18379.9
0,5290023,8,phononTF,0.000649528,-0.0022507,-0.000150327,-0.000262498,766.364,0.000382,1,-0.00300446,-0.00100469,0.0002625,983.857
0,5293906,6,phononTF,0.000549997,-0.00151969,0.00235391,-0.0002625,1964.24,0.000382,1,-0.00200371,0.00199544,0.0002625,2388.81
0,5300366,14,phononTS,0.000721856,-0.00107997,-0.000379522,-0.0002625,9887.81,0.000382,1,-0.00200464,1.70412e-06,0.0002625,11511
0,5300366,2,phononTS,0.00411971,-0.00327786,7.98485e-05,-0.000162215,203.917,0.00056725,1,-0.00402624,0.000832839,-0.0002625,422.892
0,5302358,16,phononTS,0.000502958,-0.00110665,0.000160442,-0.0002625,2859.11,0.000382,1,-0.00100451,0.00100134,0.0002625,3445.21
0,5303665,17,phononTS,0.000385112,0.00252354,0.00144719,-0.000262498,4778.96,0.000382,1,0.00199507,1.38934e-07,0.0002625,5101.49
0,5306268,2,phononTS,0.00661567,-0.000991566,-0.00115503,-6.90434e-05,626.048,0.00191,1,-0.000998542,-0.00100173,0.0002625,3387.56
0,5307541,14,phononL,0.000710136,-0.00199937,3.36192e-06,0.0002625,1985.74,0.000710136,1,-0.00166773,-5.46484e-05,-0.0002625,3342.76
0,5311577,19,phononTF,0.000869874,0.000428765,-0.000326984,-0.000262498,2639.51,0.000382,1,1.39143e-06,-4.77151e-06,0.0002625,2771.87
0,5315105,11,phononTS,0.000510159,-0.0035384,-0.00105184,-0.0002625,1553.67,0.000382,1,-0.00199859,-0.00199604,0.0002625,2767.99
0,5317709,11,phononTS,0.00126551,0.0012749,0.000124872,-0.0002625,201.702,0.000382,1,0.00200492,2.41995e-06,0.0002625,2378.64
0,5317709,12,phononTS,0.000654037,0.00200492,2.41995e-06,0.000262498,2378.64,8.46002e-05,1,0.00231536,-1.69536e-05,-0.0002625,2499.58
0,5320423,9,phononTF,0.000547515,-0.000188019,0.00384384,-0.000262498,2277.03,0.000382,1,-0.000999338,0.00299559,0.0002625,2498.25
0,5321376,7,phononTS,0.00109543,-0.00272225,-0.00101504,-0.000262498,1861.3,0.000382,1,-0.00300034,-0.00100281,0.0002625,1980.23
0,5325198,12,phononTS,0.00195747,-0.00352866,-0.00100634,-0.000262498,747.053,0.000382,1,-0.00299505,-0.000996023,0.0002625,892.382
0,5325198,13,phononTF,0.00098801,-0.00299505,-0.000996023,0.000262498,892.382,0.00071688,1,-0.00290314,-0.00108347,-0.0002625,984.835
0,5326455,9,phononTF,0.000391708,-0.000140003,-0.00185382,-0.0002625,2052.88,0.000382,1,-3.10883e-07,-0.00200418,0.0002625,2343.29
0,5327290,10,phononTF,0.000403197,0.00100402,-0.00100228,0.000262499,6403.76,0.000403197,1,0.000797111,-0.00101871,-0.0002625,6503.98
0,5333784,14,phononTF,0.000661736,0.00329599,0.0013075,-0.000262498,6286.33,0.000382,1,0.00299734,0.00100025,0.0002625,6402.32
0,5336193,5,phononTS,0.00106176,0.00140804,0.00205614,-0.0002625,1249.07,0.000382,1,0.00199678,0.00199802,0.0002625,5445.45
0,5350322,16,phononL,0.000876373,-0.00285034,6.33434e-05,-0.0002625,1999.73,0.000382,1,-0.00200275,1.37042e-06,0.0002625,2277.55
0,5351444,16,phononTS,0.000581325,0.000998547,-0.000998559,0.000262498,3276.97,0.000581325,1,0.0009794,-0.00101181,-0.0002625,3367
0,5353027,3,phononTF,0.00640315,-0.00190938,-0.00209302,-2.81695e-05,2008.08,0.002292,1,-0.00200035,-0.00200144,0.0002625,2839.83
0,5353454,19,phononTS,0.000735551,0.0027568,0.00133005,-0.0002625,3859.27,0.000382,1,0.0030013,0.00100246,0.0002625,4531.98
0,5359131,3,phononL,0.000603829,0.00163016,-0.00225341,-0.0002625,66.3366,0.000382,1,0.00200195,-0.00199724,0.0002625,1014.31
0,5362951,9,phononTS,0.00117731,-0.00204479,0.00204705,-0.000262498,1439.8,0.000382,1,-0.00200326,0.00200335,0.0002625,1528.94
0,5364025,4,phononTS,0.000978444,-0.00146186,-0.00202016,-0.0002625,1425.51,0.000764,1,-0.00199804,-0.00199712,0.0002625,3853.93
0,5365662,6,phononTS,0.000722584,-0.00179106,0.000136455,-0.0002625,370.959,0.000382,1,-0.00200256,2.80606e-06,0.0002625,909.64
0,5365844,9,phononTF,0.000427513,-0.000830173,0.00138303,-0.0002625,770.589,0.000382,1,-0.000996505,-0.00100348,0.0002625,10129.6
0,5370967,17,phononTF,0.000446057,-0.00307856,-0.00111137,-0.0002625,1182.98,0.000382,1,-0.00300251,-0.00100237,0.0002625,1462.71
0,5371975,15,phononTS,0.000497597,-0.00102468,0.00209663,-0.000262498,11480.6,0.000382,1,-0.000995914,0.00100479,0.0002625,11731.1
0,5372195,5,phononTS,0.00073354,-0.00316073,-7.07517e-05,-0.000262498,330.262,0.000382,1,-0.000996967,0.0010012,0.0002625,806.233
0,5377636,21,phononTF,0.00116252,-0.00108113,-0.0012233,-0.0002625,961.449,0.000382,1,-0.00100069,-0.000995483,0.0002625,2742.73
0,5386282,3,phononTF,0.00523901,-0.000720416,0.00127426,0.000189037,200.917,0.001146,1,-0.00100069,0.00100386,0.0002625,1082.32
0,5388078,13,phononTF,0.000527533,-0.00174767,0.00220402,-0.000262498,1361.36,0.000382,1,-0.0020021,0.00199524,0.0002625,1468.96
0,5389885,5,phononTF,0.00106132,-0.00124177,-0.00124187,-0.0002625,0.713978,0.000764,1,-0.00099997,-0.000999935,0.0002625,3880.58
0,5391958,8,phononTF,0.001377,-0.00200319,0.00199701,0.0002625,2332.9,0.000879474,1,-0.00196414,0.00179858,-0.0002625,2531.89
0,5392946,12,phononTS,0.000674135,4.22975e-05,-0.00135626,-0.0002625,4986.45,0.000382,1,4.82876e-06,-0.00199577,0.0002625,6145.39
0,5394468,4,phononL,0.00157612,-0.00241501,-3.6316e-05,-0.0002625,682.151,0.000382,1,-0.00200358,-4.99436e-06,0.0002625,901.342
0,5395916,15,phononL,0.000628006,-0.00180898,0.00032849,-0.000262498,6347.96,0.000382,1,-0.00199694,3.78658e-06,0.0002625,6419.33
0,5401351,7,phononTF,0.000667591,-0.00198362,0.000234436,-0.000262499,556.743,0.000382,1,-0.00200491,1.28118e-06,0.0002625,659.577
0,5401828,20,phononTS,0.000904889,0.00197232,-0.00204518,-0.000262498,3661.67,0.000382,1,0.00200293,-0.00199666,0.0002625,3751.01
0,5402509,23,phononTS,0.00117727,-0.00196488,1.1484e-05,-0.0002625,1296.18,0.000382,1,-0.00199551,1.30413e-06,0.0002625,2604.37
0,5402509,24,phononTS,0.000443546,-0.00199551,1.30413e-06,0.000262498,2604.37,0.000443546,1,-0.00203958,0.000235758,-0.0002625,2716.13
0,5403537,13,phononTS,0.000417465,-6.06428e-05,0.00204951,-0.0002625,9270.34,0.000382,1,8.61533e-07,0.00199712,0.0002625,10131.8
0,5403537,3,phononTS,0.000851444,-0.005,0.00105299,-0.000141075,85.2988,0.000714896,1,-0.00482378,0.00124121,-0.0002625,550.96
0,5404060,10,phononTF,0.000669982,-0.00282466,-0.000172548,-0.000262498,352.364,0.000382,1,-0.000997839,-0.000995698,0.0002625,723.902
0,5407275,19,phononTF,0.000646133,0.00199625,2.74069e-06,0.000262499,5223.63,0.000646133,1,0.00182914,-0.000165731,-0.0002625,5322.26
0,5409362,3,phononTS,0.00109439,-0.00305379,-0.000988724,-0.0002625,183.408,0.000382,1,-0.00299702,-0.00100219,0.0002625,629.039
0,5410331,12,phononTS,0.00106288,-0.0027073,-0.000985514,-0.000262498,5111.14,0.000382,1,-0.00299586,-0.000996326,0.0002625,5231.23
0,5411234,7,phononL,0.000507108,-0.00299706,-0.000995598,0.000262498,957.56,0.000507108,1,-0.00342794,-0.000948559,-0.0002625,1031.81
0,5412686,8,phononTF,0.000486196,0.000226614,-0.000204126,-0.0002625,1745.17,0.000382,1,-2.39376e-06,-5.19451e-07,0.0002625,6750.81
0,5417082,7,phononTF,0.000931799,-0.000383812,-0.000112628,-0.0002625,5663.35,0.000764,1,3.40558e-06,2.15683e-07,0.0002625,6276.75
0,5417082,2,phononTS,0.00562095,-0.00298415,-0.000985571,-0.000173332,216.228,0.000505731,1,-0.0027231,-0.000741792,-0.0002625,412.384
0,5417297,18,phononTF,0.000878238,-6.86227e-05,-0.00207221,-0.000262498,5581.22,0.000382,1,2.36917e-06,-0.00200491,0.0002625,5672.63
0,5419747,8,phononTS,0.000405322,-0.0031875,-4.64519e-06,-0.000262498,512.36,0.000382,1,-0.00299833,-0.000998536,0.0002625,742.417
0,5425533,24,phononTS,0.00048999,-0.00156141,-0.00209605,-0.0002625,2489.21,0.000382,1,-0.00199528,-0.00200236,0.0002625,3397.34
0,5425634,28,phononTF,0.000462222,-0.00305336,-0.000878006,-0.0002625,971.295,0.000382,1,-0.002998,-0.00100191,0.0002625,1722.52
0,5431147,26,phononTS,0.000460479,-2.28496e-06,0.00199686,0.000262498,18580.6,0.000460479,1,0.000252471,0.00125786,-0.0002625,18776.2
0,5444262,5,phononTS,0.00091016,-0.00200036,7.47803e-07,0.0002625,1347.93,0.00091016,1,-0.0020519,-6.29131e-05,-0.0002625,1538
0,5444976,15,phononTF,0.00070861,0.00268964,0.000665534,-0.0002625,5017.93,0.000382,1,0.00199599,-1.94187e-06,0.0002625,5583.92
0,5444977,1,phononL,0.01,-0.0034648,-0.000575693,-2.34994e-05,0,0.00208527,1,-0.00319687,-0.000526373,-0.0002625,1071.64
0,5445354,11,phononTS,0.000386967,-0.0010496,0.00303026,-0.000262498,4100.08,0.000382,1,-0.000997878,0.00299864,0.0002625,4189.36
0,5445942,9,phononTS,0.000868446,-0.00352357,4.93149e-05,-0.000262498,156.457,0.000382,1,-0.00199631,0.00200242,0.0002625,627.617
0,5446916,1,phononTS,0.01,-0.00204988,-9.67424e-05,0.00022072,0,0.00191,1,-0.00200246,-2.98499e-06,0.0002625,1716.78
0,5446916,6,phononTF,0.00136945,-0.00200246,-2.98499e-06,0.000262498,1716.78,0.00136945,1,-0.00402799,0.00155602,-0.0002625,2169.85
0,5448299,2,phononTF,0.00699055,-0.00288377,-0.000883884,4.26194e-05,1180.28,0.00191,1,-0.00299662,-0.000996676,0.0002625,1782.82
0,5452873,9,phononTS,0.000549048,0.000659436,0.00134329,-0.0002625,4280.52,0.000382,1,-1.59448e-06,0.00200224,0.0002625,5990.75
0,5452873,2,phononTF,0.004017,-0.00316752,-6.63321e-05,0.000262498,89.1207,0.000526133,1,-0.00177285,0.0019312,-0.0002625,524.365
0,5453447,10,phononTS,0.000545802,0.000945273,-0.00154971,-0.000262498,2932.36,0.000382,1,0.00100002,-0.00100302,0.0002625,3084.41
0,5460567,11,phononTF,0.000405639,0.00286273,0.00112946,-0.0002625,9219.46,0.000382,1,0.00300116,0.000996966,0.0002625,9752.2
0,5460567,3,phononTF,0.00117582,-0.00364113,0.000909389,0.000262498,813.452,0.000719068,1,-0.00451676,1.76775e-05,-0.0002625,1045.46
0,5463231,3,phononTF,0.000455055,-0.00224862,-0.000127382,-0.0002625,470.99,0.000382,1,-0.00199777,-3.69976e-06,0.0002625,893.009
0,5464097,5,phononTS,0.000710803,-0.00200156,-0.00199795,0.000262498,2188.36,0.000710803,1,-0.00157074,-0.00175351,-0.0002625,2341.83
0,5467788,6,phononL,0.000843966,-0.00308419,-0.000398306,-0.0002625,158.657,0.000382,1,-0.00299996,-0.00100062,0.0002625,331.223
0,5467788,5,phononTS,0.00110135,-0.00316842,0.000204008,0.000262498,158.657,0.000796289,1,-0.00442491,-0.000513567,-0.0002625,458.186
0,5469656,7,phononTS,0.00043151,-0.0029737,-0.00102733,-0.0002625,1016.2,0.000382,1,-0.00299581,-0.000996959,0.0002625,1603.49
0,5470456,15,phononTS,0.000611445,0.00118977,-0.000656592,-0.0002625,3083.55,0.000382,1,0.00100225,-0.000996137,0.0002625,3667.55
0,5476547,10,phononTF,0.000686904,-0.00210898,-0.000197086,-0.0002625,2289.38,0.000382,1,-0.00199599,5.97177e-07,0.0002625,2580.69
0,5479078,7,phononTS,0.000576259,0.00173317,0.00180267,-0.0002625,2118.42,0.000382,1,0.00199851,0.00199651,0.0002625,2508.96
0,5482379,5,phononTF,0.0011558,-0.00281329,-0.000747271,-0.0002625,1261.17,0.000764,1,-0.00300111,-0.000995183,0.0002625,1580.31
0,5485256,13,phononTS,0.000741343,0.000969957,-0.00280492,-0.0002625,3518.2,0.000382,1,0.0010019,-0.00300282,0.0002625,3841.88
0,5490538,13,phononTS,0.000488432,-0.000513649,-0.000463819,-0.000262498,2479.96,0.000382,1,-0.000999473,0.00100095,0.0002625,2802.62
0,5492247,8,phononTS,0.000794783,-0.000997037,0.00300253,0.000262498,2315.2,0.000244738,1,-0.000408084,0.00299484,-0.0002625,2470.05
0,5493454,10,phononL,0.000856225,-0.00199716,-0.00199929,0.000262498,1053.96,0.000759332,1,-0.0018011,-0.00122675,-0.0002625,1157.07
0,5494694,8,phononTF,0.000716893,-0.00313398,-0.000867862,-0.0002625,1717.37,0.000382,1,-0.00300054,-0.000999772,0.0002625,2194.59
0,5497633,16,phononTS,0.000422453,-0.00226763,-0.00138903,-0.0002625,5425,0.000382,1,-0.000998321,-0.000996491,0.0002625,6297.74
0,5502788,14,phononTF,0.000546668,-0.0012778,0.00272213,-0.0002625,16718.1,0.000382,1,-0.000999649,0.00299784,0.0002625,17055.4
0,5502788,4,phononTS,0.00106805,-0.00282782,0.000103316,0.000262498,819.229,0.000306161,1,-0.00258568,8.18179e-05,-0.0002625,932.58
0,5504063,4,phononTS,0.000464603,-0.00314183,-0.000623261,-0.0002625,276.627,0.000382,1,-0.00299567,-0.00099706,0.0002625,553.935
0,5507832,16,phononTS,0.00138993,-0.00384265,-0.00122664,-0.0002625,720.803,0.000764,1,-0.00300069,-0.00100009,0.0002625,1771.98
0,5511332,8,phononTS,0.000567744,-0.000919067,-0.000299986,-0.0002625,2480.59,0.000382,1,-6.65022e-07,1.91704e-07,0.0002625,5408.07
0,5511514,13,phononTF,0.000435681,-0.00100464,-0.000997839,0.000262498,1865.29,0.000435681,1,-0.00148644,-0.00141507,-0.0002625,2009.07
0,5512992,11,phononTF,0.000634939,0.000185536,-0.000165669,-0.000262498,4275.47,0.000382,1,3.25974e-06,3.40664e-06,0.0002625,4375.34
0,5514459,10,phononTF,0.000451234,-0.00067598,0.0013256,-0.000262498,1161.9,0.000382,1,3.94048e-06,0.00199969,0.0002625,1348.99
0,5516727,8,phononTF,0.000716126,-0.00198108,1.91303e-05,-0.000262498,3079.02,0.000382,1,-0.00100041,0.000995885,0.0002625,3332.45
0,5523188,11,phononL,0.000448511,0.000530039,0.000729009,-0.000262498,5580.4,0.000382,1,0.000997831,0.000996732,0.0002625,5662.46
0,5523332,32,phononTS,0.00051843,-0.00204359,-0.00220371,-0.0002625,4509.19,0.000382,1,-0.00199903,-0.00199518,0.0002625,7993.16
0,5531784,16,phononTF,0.000533363,-0.00214703,0.00158335,-0.0002625,1531.8,0.000382,1,-0.00199893,0.00199729,0.0002625,1912.36
0,5534455,4,phononTS,0.000448309,3.13202e-05,0.000638965,-0.0002625,1358.97,0.000382,1,2.0641e-06,-2.77283e-06,0.0002625,2498.38
0,5534713,12,phononTS,0.000601758,0.00102443,-0.00101927,-0.000262498,3577.57,0.000382,1,0.000998882,-0.00100003,0.0002625,3667.22
0,5534951,12,phononTS,0.000529879,0.000541207,0.00120406,-0.000262498,3440.8,0.000382,1,0.000999638,0.00099589,0.0002625,3594.71
0,5535330,8,phononTS,0.00051104,-0.000712861,0.00338127,-0.0002625,3135.24,0.000382,1,-0.00100296,0.0029953,0.0002625,5584.8
0,5535330,4,phononTF,0.0043928,-0.00308146,0.000198937,0.000262498,44.6778,0.0025612,1,-0.00331563,0.000443319,-0.0002625,151.572
0,5536522,7,phononL,0.000464566,0.000718362,0.000376141,-0.0002625,386.003,0.000382,1,0.00100126,0.000997361,0.0002625,2489.43
0,5539582,7,phononTS,0.00060357,4.03236e-06,3.11413e-06,0.000262498,1662.71,0.000494274,1,-2.21582e-05,3.26629e-05,-0.0002625,1752.97
0,5550305,26,phononL,0.000645224,-0.000157333,0.000810704,-0.000262498,11060.6,0.000382,1,-2.79228e-06,-4.50931e-06,0.0002625,11166.3
0,5551085,6,phononTS,0.000606168,-0.00362924,0.000414725,-0.0002625,164.174,0.000382,1,-0.00300104,-0.000997791,0.0002625,872.303
0,5551085,5,phononTS,0.00105616,-0.00302689,0.000164382,0.000262498,164.174,0.000597675,1,-0.00276979,0.000260423,-0.0002625,285.677
0,5556479,9,phononTS,0.000909708,0.000497444,0.000439718,-0.0002625,6506.27,0.000382,1,-0.000999863,0.00100098,0.0002625,7503.42
0,5557131,4,phononTS,0.000438932,4.41931e-05,-0.00211939,-0.0002625,36.2138,0.000382,1,-3.41241e-06,-0.00199903,0.0002625,2169.71
0,5557131,3,phononTF,0.000707212,-0.00336933,5.31614e-05,0.000262498,36.2138,0.000707212,1,-0.00378601,0.000456546,-0.0002625,170.091
0,5566529,12,phononTF,0.000816185,-0.000584828,0.00058313,-0.0002625,9754.25,0.000382,1,-0.000998725,0.00100412,0.0002625,10825.3
0,5569118,18,phononL,0.000679709,0.000279301,-0.00163828,-0.0002625,6783.99,0.000382,1,2.71705e-06,-0.00200094,0.0002625,7012.83
0,5569595,8,phononTS,0.000869196,3.41278e-06,-0.00199997,0.000262498,1523.84,0.00037702,1,-0.00104859,-0.00249596,-0.0002625,1775.74
0,5572227,18,phononTF,0.000534671,-0.001997,0.00200424,0.000262498,15388.4,0.000534671,1,-0.00224383,0.00176888,-0.0002625,15495.5
0,5578902,9,phononTS,0.000989598,0.000488826,0.00330903,-0.0002625,874.844,0.000382,1,0.00200245,0.00199915,0.0002625,2967.37
0,5578905,6,phononTS,0.00103513,3.77187e-06,-0.00200408,0.000262498,1261.22,8.07895e-05,1,-1.11203e-05,-0.00201548,-0.0002625,1354.09
0,5579246,2,phononTS,0.00426193,-0.00309726,-0.000953557,-0.0002625,453.982,0.001146,1,-0.00300029,-0.00100432,0.0002625,994.646
0,5580310,6,phononTS,0.000455137,-0.0026332,-1.30759e-05,-0.0002625,53.6705,0.000382,1,-0.0020013,2.52413e-06,0.0002625,382.742
0,5596858,2,phononL,0.00704391,-0.00330836,-0.00097824,-2.2663e-05,10.6327,0.001528,1,-0.00300231,-0.000995941,0.0002625,391.282
0,5597821,2,phononTS,0.00103486,0.00351838,-0.000508176,-0.0002625,1090.81,0.000382,1,0.000998881,0.00100027,0.0002625,5803
0,5599910,7,phononTS,0.00127276,-0.00300222,-0.00100197,0.0002625,331.9,0.000793267,1,-0.00299801,-0.001299,-0.0002625,934.07
0,5600720,15,phononTS,0.0012314,0.0017347,-0.00199721,-0.0002625,5035.22,0.000382,1,0.00200277,-0.00200394,0.0002625,5541.16
0,5601461,3,phononTS,0.000484901,-0.00297944,-0.000363724,-0.0002625,114.699,0.000382,1,-0.00300194,-0.00100389,0.0002625,908.473
0,5601461,2,phononTS,0.000780185,-0.00320087,-7.32637e-05,0.000262498,114.699,0.000353835,1,-0.00323758,-0.000271317,-0.0002625,222.559
0,5602238,17,phononTF,0.000494915,0.00404425,-0.000705919,-0.000262498,6988.96,0.000382,1,0.00199633,0.00199766,0.0002625,7583.34
0,5612481,12,phononTF,0.000472871,0.00258987,0.000581115,-0.000262498,5342.64,0.000382,1,0.00199923,-1.984e-06,0.0002625,5510.75
0,5612481,2,phononTS,0.00479276,-0.00304933,-8.15963e-05,-6.87353e-05,113.388,0.00203073,1,-0.00315591,-8.75276e-05,-0.0002625,157.813
0,5614036,13,phononTS,0.000662354,-0.00195829,-0.000383264,-0.0002625,797.479,0.000382,1,-0.00200097,-3.32641e-06,0.0002625,1288.08
0,5614298,6,phononTS,0.00142889,-0.00315855,-0.000332348,-0.0002625,29.3974,0.000382,1,-0.00199668,2.53154e-06,0.0002625,596.862
0,5614298,7,phononTS,0.000927588,-0.00199668,2.53154e-06,0.000262498,596.862,0.000427545,1,-0.00201565,-2.84241e-05,-0.0002625,686.393
0,5617808,8,phononTF,0.000509663,-0.00240834,0.000426276,-0.000262498,1899.71,0.000382,1,-0.00199519,-1.43459e-06,0.0002625,2035.42
0,5617808,4,phononTS,0.00101446,-0.00296875,-6.06402e-05,0.000262498,597.55,0.00101446,1,-0.00309308,-0.000908581,-0.0002625,801.557
0,5628899,2,phononTS,0.000755145,-0.00261786,2.89916e-05,-0.0002625,3.90982,0.000382,1,-0.00200005,3.6426e-06,0.0002625,328.842
0,5629549,15,phononTF,0.000524336,-0.0015329,-0.00026894,-0.000262498,2029.53,0.000382,1,-0.00200228,1.26591e-07,0.0002625,2166.32
0,5631777,5,phononL,0.000444661,-0.00108739,-0.00134887,-0.0002625,5091.77,0.000382,1,-0.000999657,-0.00100169,0.0002625,5302.84
0,5631835,3,phononTF,0.000804579,-0.00223699,-5.38358e-06,-0.0002625,318.044,0.000382,1,-0.00200397,-9.60734e-08,0.0002625,832.038
0,5634416,11,phononTS,0.000485201,-0.00197535,0.000113174,-0.0002625,5600.75,0.000382,1,-0.0020007,3.804e-06,0.0002625,7276.31
0,5636388,3,phononTS,0.00511761,-0.00100024,0.00102175,9.23581e-05,580.339,0.000764,1,-0.000998538,0.001004,0.0002625,1309.77
0,5637122,5,phononTS,0.00103756,-0.00300441,-0.000996854,0.0002625,674.883,0.00103756,1,-0.00299289,-0.00116888,-0.0002625,1185.51
0,5639150,10,phononL,0.00075047,0.000785816,-8.30089e-05,-0.000262498,1123.72,0.000382,1,0.00100255,-0.0010022,0.0002625,1240.85
0,5639360,17,phononTF,0.00046663,-0.000750148,-0.000739049,-0.000262498,8941.68,0.000382,1,-0.00100359,-0.00100243,0.0002625,9051.15
0,5641797,21,phononTS,0.000399714,-0.00353739,-0.000222555,-0.000262498,1082.4,0.000382,1,-2.13037e-06,0.00200278,0.0002625,1867.61
0,5644568,5,phononTS,0.000795761,-0.00247756,0.000954081,-0.0002625,258.069,0.000382,1,-0.0019972,0.00200216,0.0002625,759.094
0,5644568,4,phononTF,0.000610666,-0.00295791,-9.39897e-05,0.000262498,258.069,0.000376226,1,-0.00315434,-0.000268776,-0.0002625,359.255
0,5651492,12,phononTS,0.000651044,0.00200217,-0.00200397,0.000262498,5295.87,0.000651044,1,0.00309921,-0.00152136,-0.0002625,5561.12
0,5651752,16,phononTS,0.00081078,-0.00352528,0.000504847,-0.000262498,1593.76,0.000382,1,-0.00300292,-0.000995083,0.0002625,1924.36
0,5655498,6,phononTS,0.00100523,4.47854e-06,0.00199984,0.000262498,845.002,0.000663498,1,-7.84267e-07,0.00147479,-0.0002625,994.309
0,5656724,21,phononL,0.000783066,-0.00150807,-0.000624775,-0.0002625,1510.21,0.000382,1,-0.000998459,-0.00100018,0.0002625,6154.54
0,5659687,11,phononTF,0.000421158,0.00154333,0.00244078,-0.0002625,4267.95,0.000382,1,0.00200241,0.00200411,0.0002625,5269.08
0,5663396,27,phononTS,0.000410288,-0.00467947,-0.005,-7.22096e-05,14837.5,0.000382,1,-0.00200497,-0.00200228,0.0002625,16115.2
0,5663642,22,phononTS,0.00043094,-0.00394087,-0.000880451,-0.0002625,1208.94,0.000382,1,-0.00300281,-0.00100459,0.0002625,2227.22
0,5667009,6,phononTS,0.000757588,-0.00272328,0.000196247,-0.0002625,1170.09,0.000382,1,-0.000996582,0.00100314,0.0002625,2107.73
0,5667496,14,phononTS,0.000573222,-0.00290913,-0.000215079,-0.000262498,1616.59,0.000382,1,-0.00299639,-0.00100145,0.0002625,1803.7
0,5669396,6,phononTF,0.000656201,-0.00230805,0.00151477,-0.0002625,5.74587,0.000382,1,-0.00199921,0.0020026,0.0002625,567.581
0,5669396,5,phononTS,0.00072292,-0.00323459,5.13059e-05,0.000262498,5.74587,0.00072292,1,-0.00343498,3.49676e-05,-0.0002625,114.013
0,5672746,2,phononTF,0.000686467,-0.00227005,0.00162799,-0.0002625,30.404,0.000382,1,-0.0019968,0.00199644,0.0002625,737.124
0,5678351,5,phononTS,0.000652484,0.00197357,0.00421771,-0.000262498,1768.64,0.000382,1,-3.91512e-07,0.00200138,0.0002625,2316.87
0,5681068,18,phononL,0.000641144,0.000999114,-0.00300449,0.0002625,11527.8,0.000641144,1,0.00141041,-0.00326208,-0.0002625,11684.2
0,5681407,4,phononTS,0.00192005,-0.000776134,0.005,0.000239622,637.803,0.000764,1,0.00199705,0.0020029,0.0002625,2722.37
0,5681407,17,phononTS,0.000546545,0.00255726,0.00143406,-0.000262498,2885.93,0.000546545,1,0.005,-0.000505917,5.06993e-05,3456.88
0,5681820,13,phononTF,0.000450117,-0.00255772,-0.00132029,-0.000262498,5336.61,0.000382,1,-0.00300355,-0.00100371,0.0002625,5471.33
0,5685023,9,phononTS,0.000773705,-0.002003,0.00200319,0.0002625,2253.25,0.000773705,1,-0.00199178,0.00257287,-0.0002625,2566.34
0,5687949,2,phononTS,0.000674063,-0.00128372,-0.000864995,-0.0002625,19.6827,0.000382,1,-0.000998607,-0.00100181,0.0002625,1040.44
0,5689768,5,phononTS,0.000560414,-0.00205571,-0.00202756,-0.000262498,737.78,0.000382,1,-0.0020009,-0.00200432,0.0002625,827.318
0,5690779,10,phononTF,0.00202719,-0.0030608,0.000946965,-0.0002625,202.653,0.000764,1,-0.00199626,0.00199783,0.0002625,745.464
0,5693205,8,phononTS,0.0010473,0.000864747,-0.00400997,-0.0002625,212.37,0.000382,1,0.000997464,-0.00299644,0.0002625,2396.84
0,5693382,24,phononTS,0.000453611,-0.00223264,-1.28979e-05,-0.0002625,14958.9,0.000382,1,-0.00199638,-2.37358e-06,0.0002625,15298.3
0,5700395,4,phononTS,0.000787264,-0.00130422,0.00207023,-0.0002625,2222.68,0.000382,1,-0.00199804,0.00200182,0.0002625,3333.43
0,5701852,11,phononL,0.00134246,-0.00292552,0.00186765,-0.0002625,1332.98,0.000764,1,-0.00200063,0.00199789,0.0002625,2463.99
0,5702901,7,phononTS,0.00109915,-0.00199891,-0.00199883,0.0002625,1317.55,7.40726e-05,1,-0.00204674,-0.00196352,-0.0002625,3022.17
0,5705183,16,phononTF,0.00106876,-0.00299881,-0.000997809,0.000262498,2306.16,0.000668401,1,-0.00348157,-0.000528956,-0.0002625,2452.21
0,5707150,8,phononTS,0.000538615,-0.00299456,-0.0010541,-0.0002625,2248.93,0.000382,1,-0.00300098,-0.00100161,0.0002625,4134.33
0,5721481,10,phononTF,0.000764849,-0.00255032,0.000242825,-0.0002625,539.722,0.000382,1,-0.00200378,1.7938e-06,0.0002625,1207.27
0,5721481,9,phononTF,0.000383824,-0.00407786,0.00181723,-0.000262498,539.722,0.000383824,1,-0.00349931,0.005,-0.00019903,1097.29
0,5724251,15,phononTS,0.000435246,-0.00200258,-2.54168e-06,0.0002625,2443.84,0.000435246,1,-0.00226926,0.000165997,-0.0002625,3212.65
0,5725196,3,phononTS,0.00128908,-0.00181415,-0.000916791,-0.0002625,709.73,0.000382,1,-0.00100374,-0.000995826,0.0002625,1281.95
0,5729752,9,phononTF,0.000438678,0.00108084,-0.00291342,-0.0002625,258.414,0.000382,1,0.000995818,-0.00300055,0.0002625,10242.2
0,5730125,11,phononTS,0.000427718,9.04422e-05,0.000818271,-0.000262498,4873.18,0.000382,1,-3.19684e-06,-3.70507e-08,0.0002625,5071.17
0,5730705,10,phononTS,0.000644052,0.00216023,0.00104504,-0.0002625,5544.58,0.000382,1,0.00300288,0.00100178,0.0002625,6542.8
0,5732197,2,phononTF,0.0012294,-0.00270008,0.000718589,-0.0002625,55.1313,0.001146,1,-0.00199692,1.61375e-06,0.0002625,424.141
0,5732228,5,phononTS,0.000945337,-0.00240959,4.79761e-05,-0.0002625,256.662,0.000382,1,-0.0019992,2.00388e-06,0.0002625,790.439
0,5732654,18,phononTS,0.000751607,-0.005,-0.00248905,0.000182955,2465.06,0.000751607,1,0.00102026,0.005,4.07305e-05,4567.37
0,5733073,2,phononTS,0.000408664,-0.000357775,0.00154548,-0.0002625,86.5132,0.000382,1,1.59236e-06,0.00200181,0.0002625,1322.06
0,5735715,22,phononTS,0.00104577,-0.00205265,0.00196664,-0.0002625,1331.69,0.000382,1,-0.00200492,0.00199531,0.0002625,1961.76
0,5737986,6,phononTS,0.000536574,-0.000996896,-0.000998892,0.0002625,3871.92,0.000536574,1,-0.00102552,-0.00105335,-0.0002625,6364.59
0,5740330,19,phononTS,0.000753337,-1.46294e-05,-0.00197613,-0.000262498,2366.44,0.000382,1,-4.39564e-06,-0.00199781,0.0002625,2456.35
0,5742161,21,phononTF,0.000414715,-8.43936e-05,-0.00190638,-0.0002625,1557.19,0.000382,1,4.21465e-06,-0.00199689,0.0002625,2747.74
0,5747867,4,phononTF,0.00054711,0.000286756,-0.00177496,-0.0002625,815.288,0.000382,1,3.76581e-06,-0.00200238,0.0002625,4482.51
0,5749396,13,phononTF,0.000623347,0.00100173,0.00100223,0.0002625,1488.69,0.000247154,1,0.000816321,0.000826065,-0.0002625,1688.55
0,5749397,1,phononTS,0.01,-0.00355828,-0.00020499,-0.000221963,0,0.00195272,1,-0.0035467,-0.000215092,-0.0002625,295.581
0,5749397,6,phononTS,0.00215217,-0.00348507,-0.00016604,-0.000163703,295.581,0.000601992,1,-0.00323927,-5.48913e-05,-0.0002625,375.105
0,5750495,5,phononTS,0.00103516,-0.00248069,0.000709831,-0.0002625,1704.31,0.000382,1,-0.00100093,0.000998841,0.0002625,3178.26
0,5754105,3,phononTF,0.00692818,-0.00295166,-0.00104172,0.00022339,921.384,0.000382,1,-0.00299811,-0.000995333,0.0002625,1054.37
0,5756840,8,phononL,0.000766249,0.00371946,0.00111102,-0.0002625,4162.13,0.000382,1,0.00200051,0.00199532,0.0002625,5138.65
0,5759311,14,phononL,0.000410794,0.00315534,0.00148501,-0.0002625,6897.35,0.000382,1,0.00300129,0.000996809,0.0002625,7135.92
0,5760790,14,phononTF,0.000418644,-0.00265294,-0.000668069,-0.0002625,738.638,0.000382,1,-0.00300204,-0.00100251,0.0002625,1740.41
0,5765603,13,phononTS,0.000587877,0.00299563,0.00099873,0.000262498,4004.15,0.000587877,1,0.0029945,0.000928993,-0.0002625,4101.84
0,5768800,5,phononTF,0.000936611,0.000720064,-0.00303323,-0.0002625,1235.64,0.000382,1,0.0010006,-0.00299977,0.0002625,4834.48
0,5775593,15,phononTF,0.00051739,-0.000846771,0.00162283,-0.0002625,1914.65,0.000382,1,4.38371e-06,0.00200336,0.0002625,2307.98
0,5787408,13,phononTF,0.00070483,-0.00278781,-0.000688845,-0.0002625,2006.09,0.000382,1,-0.00199706,1.56015e-06,0.0002625,3883.31
0,5789528,9,phononTS,0.00112329,-0.00199984,-2.95107e-07,0.000262498,567.067,0.00112329,1,-0.00197021,-2.95465e-05,-0.0002625,656.597
0,5789583,10,phononTF,0.000553036,-0.00214858,-0.00184324,-0.0002625,12321.8,0.000382,1,-0.00300417,-0.00100499,0.0002625,13401.2
0,5789681,7,phononL,0.000825926,0.000752931,-0.00132332,-0.000262498,2719.14,0.000382,1,0.0010034,-0.001002,0.0002625,2792.38
0,5791412,14,phononTF,0.000490215,-0.000170116,-0.00334414,-0.0002625,2230.1,0.000382,1,0.00099976,-0.000998466,0.0002625,9546.23
0,5794612,8,phononTS,0.000753544,-0.00154274,0.00242966,-0.0002625,3491.22,0.000382,1,-0.00199782,0.00200019,0.0002625,4846.67
0,5795467,13,phononTS,0.00134104,-0.00185193,0.00109891,-0.0002625,506.563,0.000382,1,-0.000998746,0.000996853,0.0002625,901.172
0,5797836,14,phononTS,0.000782205,0.00193487,-0.00272539,-0.0002625,2908.68,0.000382,1,0.00199935,-0.00200308,0.0002625,5020.75
0,5798943,8,phononTF,0.000568657,-0.00301741,-0.0010327,-0.0002625,574.925,0.000382,1,-0.00299837,-0.00100017,0.0002625,875.065
0,5799389,11,phononTF,0.000726422,0.000190789,-0.000178045,-0.000262498,2538.32,0.000382,1,3.64803e-06,1.15331e-06,0.0002625,2638.53
0,5799889,10,phononTS,0.000722401,-0.00207902,0.0018434,-0.000262498,8257.5,0.000382,1,-0.00199909,0.00199549,0.0002625,8367.19
0,5802291,19,phononTF,0.000474021,-0.000678936,0.000729268,-0.0002625,2951.39,0.000382,1,-0.000997043,0.00100177,0.0002625,3301.45
0,5802291,2,phononTF,0.000586857,-0.005,-0.000436741,-4.99361e-05,292.204,0.000586857,1,0.005,0.000781835,6.43696e-05,2378.8
0,5804188,4,phononTS,0.000933685,-0.00307279,-0.000863715,-0.0002625,289.008,0.000382,1,-0.00299517,-0.0010047,0.0002625,1048.61
0,5813241,7,phononTS,0.00119642,1.21554e-06,-0.0020021,0.000262498,528.677,0.000341824,1,0.000159309,-0.00179972,-0.0002625,649.359
0,5814371,14,phononTF,0.00164893,0.000463781,-0.00133233,-0.0002625,1513.53,0.000764,1,0.00200475,-0.00200461,0.0002625,3044.37
0,5817112,14,phononL,0.000800612,-0.0032544,-7.93546e-05,-0.000262498,184.472,0.000382,1,-0.00100444,0.000997118,0.0002625,476.52
0,5817113,1,phononTF,0.01,-0.00325106,3.22186e-05,-0.00023431,0,0.00204125,1,-0.0032607,4.1996e-05,-0.0002625,144.967
0,5817435,15,phononTF,0.000715025,0.000247533,0.00171979,-0.0002625,2337.95,0.000382,1,-1.23874e-06,0.00199768,0.0002625,4349.21
0,5817531,16,phononTS,0.000789816,-0.00248701,0.000977929,-0.0002625,1388.63,0.000382,1,-0.00100003,0.0029975,0.0002625,2958.21
0,5833347,2,phononTS,0.000672296,1.7578e-05,-0.00197606,-0.0002625,78.1264,0.000382,1,-4.18855e-06,-0.00200334,0.0002625,1505.4
0,5846212,18,phononTF,0.000438863,0.00138566,0.00151357,-0.0002625,4474.31,0.000382,1,0.00199797,0.00199963,0.0002625,4990.15
0,5846395,10,phononTS,0.000904708,0.00261806,0.000927417,-0.0002625,3364.91,0.000382,1,0.00299864,0.00100445,0.0002625,4563.23
0,5847274,5,phononTF,0.000894943,-0.00231948,-0.00168443,-0.0002625,390.541,0.000382,1,-0.00199507,-0.00200491,0.0002625,1191.35
0,5849977,18,phononTS,0.000512343,-0.00100861,0.00306013,-0.000262498,6162.06,0.000382,1,-0.000995464,0.0030045,0.0002625,6252.04
0,5860602,6,phononTS,0.000814858,-0.00269394,0.000222737,-0.000262498,347.644,0.000382,1,-0.00299994,-0.00100489,0.0002625,621.293
0,5864189,16,phononTF,0.000426516,-0.00155225,0.00244062,-0.000262498,2212.55,0.000382,1,-0.0019989,0.00200133,0.0002625,2353
0,5864928,12,phononL,0.000781636,-0.00238498,-5.86752e-05,-0.0002625,2206.27,0.000382,1,-0.00200242,0.00199647,0.0002625,2918.07
0,5868129,3,phononTS,0.0006838,-0.00236366,3.34156e-06,-0.0002625,93.3511,0.000382,1,-0.0020033,8.12785e-07,0.0002625,606.688
0,5868129,2,phononTF,0.000991879,-0.00344473,1.09279e-05,0.000262498,93.3511,0.000991879,1,-0.00309048,0.000282808,-0.0002625,214.418
0,5870733,8,phononTS,0.000991841,0.00246009,0.00110075,-0.0002625,476.213,0.000382,1,-0.000999303,-0.00100441,0.0002625,6533.98
0,5870733,9,phononTS,0.000523641,-0.000999303,-0.00100441,0.000262498,6533.98,0.000523641,1,-0.00095787,-0.00102248,-0.0002625,6623.9
0,5872718,9,phononTF,0.000460809,0.00200374,2.57655e-06,0.000262498,6639.11,0.000460809,1,0.00221076,0.000201876,-0.0002625,6741.54
0,5877781,4,phononTS,0.000518553,-0.00261583,-2.13093e-05,-0.0002625,941.43,0.000382,1,-0.00199634,3.62979e-06,0.0002625,1627.65
0,5877962,8,phononTS,0.00115673,-0.0005278,-0.00118199,-0.0002625,444.514,0.000764,1,0.00100233,0.00100462,0.0002625,2752.43
0,5877962,7,phononTF,0.00128233,-0.005,-0.00303027,-0.000110498,444.514,0.000415414,1,-0.00395884,-0.00305513,-0.0002625,3733.66
0,5882759,5,phononTF,0.00107258,-0.00246176,0.00175901,-0.0002625,107.633,0.000382,1,-0.00199751,0.00199738,0.0002625,1107.44
0,5887169,18,phononTF,0.000579441,0.000963293,-0.00299674,-0.000262498,11041.3,0.000382,1,0.00100453,-0.00300029,0.0002625,11131.6
0,5888649,7,phononTS,0.00101712,-0.0046943,-0.000289771,-0.0002625,1185.06,0.000382,1,-0.00300084,-0.000995832,0.0002625,1926.38
0,5888719,7,phononTF,0.00101408,-0.0030706,-0.000930332,-0.0002625,684.288,0.000382,1,-0.00299771,-0.00100048,0.0002625,1501.1
0,5888735,10,phononTS,0.000751162,-0.0010339,-0.000664836,-0.0002625,6894.38,0.000382,1,-0.00100062,-0.000995112,0.0002625,7758.52
0,5896011,18,phononL,0.000384194,-0.00399969,0.00212606,-0.0002625,1222.88,0.000382,1,-0.001996,0.00200135,0.0002625,1602.6
0,5903625,29,phononTS,0.000394152,-0.000489961,0.000906369,-0.000262498,1629.62,0.000382,1,-0.00100245,0.00100447,0.0002625,1783.14
0,5904646,29,phononTS,0.000780465,-0.000227553,-0.000121167,-0.0002625,7181.34,0.000382,1,3.3515e-07,-3.66514e-06,0.0002625,8243.31
0,5914634,10,phononTS,0.000613211,-0.003307,-0.00100717,-0.000262498,674.588,0.000382,1,-0.00300262,-0.00100388,0.0002625,795.944
0,5914634,2,phononTF,0.00423762,-0.00351229,-5.7199e-05,0.000262498,113.548,0.00135808,1,-0.00451186,-0.00105102,-0.0002625,371.186
0,5923435,13,phononTF,0.000500708,-0.005,-0.00109442,-0.000249307,1459.3,0.000382,1,-0.00200166,-0.00199514,0.0002625,2166.41
0,5925614,6,phononTF,0.000767558,-0.0033039,-0.000464636,-0.000262498,1703.37,0.000382,1,-0.0030003,-0.0010032,0.0002625,1851.19
0,5926211,10,phononTS,0.000584587,-0.00302077,-0.000964952,-0.0002625,588.075,0.000382,1,-0.00300013,-0.000999086,0.0002625,773.257
0,5929501,11,phononTF,0.00132597,-0.00287423,0.00111502,-0.0002625,129.785,0.000764,1,-0.00200447,0.0020021,0.0002625,1122.24
0,5932543,4,phononTS,0.000509263,-0.00262423,-0.000993255,-0.0002625,1693.71,0.000382,1,-0.00300421,-0.000998055,0.0002625,2601
0,5934944,19,phononL,0.000748664,-0.00299594,-0.00100314,0.0002625,1055.88,0.000748664,1,-0.00342525,-0.00125944,-0.0002625,1291.62
0,5940569,10,phononTF,0.000634259,-0.00199522,2.34974e-06,0.000262498,1204.47,0.000634259,1,-0.00165887,0.000336925,-0.0002625,1325.61
0,5947667,2,phononTS,0.000729026,-0.00301079,3.0137e-05,-0.000262498,345.52,0.000382,1,-0.00299973,-0.00099502,0.0002625,582.668
0,5950252,11,phononTS,0.000774888,-0.00397178,0.005,-0.000221383,355.053,0.000382,1,-0.000995436,0.000998559,0.0002625,4590.54
0,5959795,14,phononTS,0.000424117,0.000995372,-0.00299678,0.000262498,5700.06,0.000424117,1,0.000667157,-0.00305794,-0.0002625,5827.55
0,5965865,12,phononTF,0.000727486,-0.00356457,-0.000442159,-0.000262498,699.227,0.000382,1,-0.0029971,-0.00100346,0.0002625,862.932
0,5965865,10,phononTS,0.00116179,-0.00331177,-0.000159482,0.000262498,373.321,0.00100044,1,0.000458984,-0.00333809,-0.0002625,1292.34
0,5965955,12,phononTF,0.00104037,-0.00213378,0.000360217,-0.0002625,621.171,0.000382,1,-0.0019997,-4.3299e-06,0.0002625,860.586
0,5966561,12,phononTF,0.000614089,-0.00302978,-0.000928783,-0.000262498,1964.71,0.000382,1,-0.00300365,-0.000997816,0.0002625,2055.84
0,5969428,9,phononTS,0.000457363,-1.86485e-06,3.97477e-05,-0.0002625,10232.8,0.000382,1,-4.27431e-06,-4.41603e-07,0.0002625,11041.7
0,5969429,3,phononTS,0.00875742,-0.00319919,0.00028916,-0.000262135,65.976,0.00249068,1,-0.0032012,0.000287705,-0.0002625,380.301
0,5970562,12,phononTS,0.000524753,-0.00300429,-0.000996388,0.000262498,734.622,0.000524753,1,-0.00297716,-0.00100426,-0.0002625,826.73
0,5974069,6,phononTF,0.001272,-0.00261646,0.0010766,-0.0002625,36.4859,0.000382,1,-0.00199568,0.00200127,0.0002625,474.993
0,5976579,10,phononTS,0.00064207,0.005,-0.00424119,-8.55015e-05,1509.78,0.00064207,1,0.00473038,-0.00417537,-0.0002625,3265.94
0,5979191,2,phononTS,0.00313181,-0.005,-0.00204305,-0.000252775,373.162,0.000764,1,-0.00300184,-0.000995603,0.0002625,1278.43
0,5979803,29,phononTS,0.000750551,4.71843e-07,0.00199762,0.000262498,1838.05,0.000750551,1,0.000916681,0.000423181,-0.0002625,2207.14
0,5985161,8,phononTF,0.000924915,0.00206878,-0.00205688,-0.0002625,2069.99,0.000382,1,0.00199734,-0.00199524,0.0002625,2710.07
0,5986125,4,phononTF,0.000613527,0.000152165,-0.000470222,-0.0002625,160.913,0.000382,1,0.000998023,-0.000997939,0.0002625,1019.29
0,5988841,17,phononTS,0.00117302,-0.00294559,-0.00102739,-0.0002625,1986.48,0.000382,1,-0.00299943,-0.00100315,0.0002625,2355.13
0,5991522,6,phononTF,0.00102663,-0.00323513,-0.000776524,-0.0002625,175.56,0.000382,1,-0.00300025,-0.0010003,0.0002625,536.117
0,5991522,13,phononTF,0.000566676,-0.00300025,-0.0010003,0.000262498,536.117,0.000566676,1,-0.00283522,-0.000716224,-0.0002625,646.003
0,5993191,16,phononTS,0.000702873,-0.000995032,-0.00100249,0.000262499,3418.15,0.000702873,1,-0.000191421,-0.00104666,-0.0002625,3608.88
0,5995050,6,phononTF,0.000852769,-0.00170387,0.00167909,-0.0002625,336.628,0.000382,1,-0.00200478,0.00200323,0.0002625,2833.44
0,5995704,4,phononTF,0.000387911,-0.00221659,0.00174325,-0.0002625,284.599,0.000382,1,-0.00199982,0.0019997,0.0002625,932.851
0,5995992,12,phononTS,0.000589903,0.00100482,-0.00299856,0.000262499,8178.81,0.000542965,1,0.00202592,-0.00329126,-0.0002625,8418.51
0,5995992,2,phononL,0.0035703,-0.00446692,0.00431656,-0.000212388,654.127,0.000510266,1,-0.0043086,0.00427642,-0.0002625,1613.43
0,6001447,6,phononTF,0.00111467,-0.00171437,-0.00270809,-0.000262498,2784.43,0.000382,1,-0.0020003,-0.00200009,0.0002625,2958.1
0,6004256,23,phononTF,0.000444587,-0.00182411,-0.000165163,-0.000262498,27719.1,0.000382,1,-0.00100307,-0.00100228,0.0002625,27939
0,6008088,2,phononTS,0.00173803,-0.000653588,0.00370907,-0.0002625,9.76753,0.000382,1,-0.00200208,0.00200423,0.0002625,2678.59
0,6008088,21,phononTF,0.00107644,-0.00200208,0.00200423,0.000262498,2678.59,0.000791825,1,-0.00181581,0.00219675,-0.0002625,2779.48
0,6008089,1,phononTS,0.01,-0.00307867,-0.000189064,-2.88626e-05,0,0.00239165,1,-0.00303903,-0.000205655,-0.0002625,708.272
0,6011106,32,phononTF,0.00120492,-0.00199715,4.64605e-06,0.0002625,302.378,0.000639485,1,-0.00150676,-0.000496951,-0.0002625,602.291
0,6013561,6,phononTS,0.000436568,-0.00249817,2.44186e-06,-0.000262498,564.115,0.000382,1,-0.00199889,1.30912e-06,0.0002625,709.839
0,6023032,4,phononTS,0.00139163,-0.00195901,-0.000373383,-0.0002625,47.5124,0.000382,1,3.23529e-06,-0.00200245,0.0002625,6895.7
0,6023649,5,phononTS,0.000740515,-0.00100125,-0.000998464,0.0002625,972.809,0.000437029,1,-0.0021648,-0.00266587,-0.0002625,2007.76
0,6026042,12,phononTF,0.000772448,-0.00218283,-0.00189109,-0.0002625,773.426,0.000382,1,-0.0019993,-0.00200064,0.0002625,1267.47
0,6026043,1,phononTF,0.01,-0.00285752,0.000960332,-0.000150086,0,0.00227032,1,-0.00272945,0.000844602,-0.0002625,1211.67
0,6029922,7,phononL,0.000685729,-0.00242341,0.000105027,-0.0002625,148.422,0.000382,1,-0.0019962,-4.62573e-06,0.0002625,372.878
0,6029922,5,phononTS,0.000790964,-0.00319032,0.000283473,0.000262498,49.7225,0.000259294,1,-0.00258741,0.000416091,-0.0002625,217.849
0,6031624,4,phononTF,0.00127193,-0.00237594,0.00130129,-0.0002625,5.92796,0.000382,1,-0.00200413,0.00200394,0.0002625,628.577
0,6032278,4,phononTS,0.000824013,-0.00271354,0.000112998,-0.0002625,128.264,0.000382,1,-0.00199528,4.28151e-06,0.0002625,486.104
0,6032989,10,phononTS,0.000555093,-0.005,0.00114807,-5.69357e-05,862.2,0.000382,1,-0.00300254,-0.00100482,0.0002625,3009.79
0,6035126,15,phononTS,0.0010417,0.00191331,-0.000427731,-0.0002625,1553.8,0.000764,1,0.00199541,-3.54336e-06,0.0002625,1835.38
0,6035126,14,phononTS,0.00124258,0.0018312,-0.000851917,0.000262498,1553.8,0.000312802,1,0.00252259,0.000684561,-0.0002625,1902.13
0,6035965,11,phononTS,0.000474088,0.00118985,-0.000578066,-0.000262498,6761.57,0.000382,1,0.00200215,-0.00199986,0.0002625,7102.79
0,6047041,6,phononTF,0.000612921,-0.00284371,-0.00115254,-0.000262498,681.504,0.000382,1,-0.00300263,-0.00100132,0.0002625,778.88
0,6049239,6,phononTF,0.000919663,-0.00393213,-0.000284228,-0.000262498,1321.81,0.000382,1,-0.00299598,-0.000998268,0.0002625,1548.4
0,6050771,11,phononTS,0.00039132,-0.000114812,1.46718e-05,-0.0002625,1476.73,0.000382,1,-1.215e-06,2.65738e-06,0.0002625,1782.4
0,6051678,18,phononTS,0.000782428,-0.000996858,-0.000996991,0.000262498,1409,0.000362934,1,-0.00134726,0.000294423,-0.0002625,1695.51
0,6053791,6,phononTF,0.000557787,-0.00305423,-0.000945847,-0.000262498,387.914,0.000382,1,-0.00299775,-0.00100423,0.0002625,478.894
0,6053791,2,phononTS,0.00298459,-0.00322884,8.04584e-05,0.000262498,5.64697,0.00139278,1,-0.00317073,-0.000569181,-0.0002625,172.599
0,6065357,20,phononTS,0.000665682,-0.00100041,-0.00100186,0.0002625,2939.12,0.000665682,1,-0.00043072,-0.00100133,-0.0002625,4151.07
0,6066357,13,phononTF,0.000414015,-0.00299958,-0.000999461,0.000262498,1873.22,0.000414015,1,-0.00277007,-0.00122108,-0.0002625,1978.39
0,6066358,3,phononTF,0.00405162,-0.00310757,0.0029198,0.000164981,15.9898,0.00405162,1,-0.005,0.00232175,0.000156156,673.824
0,6067062,4,phononTF,0.00116206,-0.00279137,-0.00119167,-0.0002625,788.502,0.000382,1,-0.00299518,-0.000995952,0.0002625,1596.63
0,6067062,9,phononTS,0.0006523,-0.00299518,-0.000995952,0.000262498,1596.63,0.0006523,1,-0.00302413,-0.00104897,-0.0002625,1685.98
0,6070487,16,phononTS,0.00122092,-0.00177354,0.00026069,-0.000262498,6933.93,0.000382,1,-0.00199673,-4.2208e-06,0.0002625,7066.74
0,6073741,8,phononTS,0.000625829,-0.00128766,-0.000257851,-0.000262498,991.984,0.000382,1,-0.0019965,-0.00200467,0.0002625,1374.81
0,6080328,15,phononTS,0.000596595,0.000993736,-0.00113086,-0.0002625,11117.8,0.000382,1,0.0010019,-0.000996489,0.0002625,11625.7
0,6097935,18,phononTS,0.000835353,0.00094342,-0.00297729,-0.000262498,2411.12,0.000382,1,0.000995242,-0.00299701,0.0002625,2506.44
0,6100859,12,phononTS,0.00138047,-0.00274577,-5.78041e-06,-0.000262499,333.133,0.000382,1,-0.00200414,-1.72515e-06,0.0002625,515.734
0,6101886,10,phononTS,0.000529907,0.000997047,0.0010011,0.0002625,2761.55,0.000529907,1,-0.00155342,0.00341038,-0.0002625,4036.31
0,6101913,8,phononTS,0.000715492,-0.000997182,-0.000996947,0.0002625,4966.18,0.000290964,1,0.000958219,0.0022494,-0.0002625,6401.17
0,6102596,3,phononTS,0.00582823,1.24948e-05,0.00196391,2.41594e-05,48.3977,0.002292,1,-4.97459e-06,0.00199891,0.0002625,2633.2
0,6106927,2,phononTS,0.000593021,-0.00301511,-0.000910393,-0.0002625,721.633,0.000382,1,-0.0029961,-0.000995019,0.0002625,1498.11
0,6109757,21,phononTS,0.000667506,1.12417e-05,0.00197994,-0.0002625,705.688,0.000382,1,1.59309e-06,0.00199783,0.0002625,1642.3
0,6120597,4,phononTS,0.000411882,-0.00307111,-0.0010483,-0.0002625,678.636,0.000382,1,-0.00300209,-0.000996587,0.0002625,1061.89
0,6122996,16,phononTF,0.000520771,0.000184066,0.00181725,-0.0002625,4175.99,0.000382,1,4.58211e-06,0.00200475,0.0002625,5967.88
0,6123595,3,phononTS,0.00138216,-0.00231898,4.06826e-05,-0.0002625,43.2265,0.001146,1,-0.00199666,-4.10329e-06,0.0002625,893.996
0,6124225,5,phononTS,0.000859879,-0.0022255,-1.22309e-05,-0.0002625,528.969,0.000382,1,-0.00199501,-3.52864e-06,0.0002625,866.64
0,6124440,6,phononL,0.000793115,-0.00198579,-0.000594746,-0.0002625,31.866,0.000382,1,-0.00200377,4.7867e-06,0.0002625,594.143
0,6133261,23,phononTS,0.000460279,0.000366506,-0.00131858,-0.0002625,8776.35,0.000382,1,0.000995371,-0.000998302,0.0002625,10453.3
0,6133261,2,phononTS,0.00151945,-0.00301326,-0.000298578,0.000262498,203.792,0.00121449,1,-0.00306467,-0.00028304,-0.0002625,295.436
0,6134525,5,phononTS,0.000577605,-0.00308096,0.000305947,-0.0002625,236.013,0.000382,1,-0.00199587,-1.699e-06,0.0002625,1251.11
0,6134525,4,phononTF,0.00239795,-0.00351758,0.000196526,0.000262498,236.013,0.0012692,1,-0.0030881,-0.000762141,-0.0002625,452.511
0,6136869,4,phononTS,0.00106439,-0.00239642,-0.005,-0.000220749,1124.94,0.000382,1,1.90561e-06,-0.00199572,0.0002625,2681.98
0,6143107,13,phononTS,0.000748846,-0.0016147,0.00046485,-0.0002625,1368.79,0.000382,1,-0.00199609,1.29522e-06,0.0002625,2623.65
0,6143107,4,phononTF,0.000575676,-0.00312646,1.39582e-05,0.000262498,325.634,0.000424103,1,-0.00328279,-0.00016315,-0.0002625,424.778
0,6145394,6,phononTS,0.000455939,-1.1212e-06,3.0139e-06,0.000262498,3953.06,0.000455939,1,-4.09355e-05,4.19556e-05,-0.0002625,4042.33
0,6145394,2,phononTF,0.00142232,-0.00332784,5.2324e-05,0.000262498,18.8268,0.000672702,1,-0.00455042,0.00155205,-0.0002625,366.911
0,6145640,9,phononTS,0.000419003,0.00175907,0.00202833,-0.0002625,2167.82,0.000382,1,0.00199766,0.00200091,0.0002625,4539.81
0,6145641,3,phononTF,0.00695629,-0.00341811,8.6839e-05,0.00021205,436.842,0.00222009,1,-0.00366527,0.000300039,-0.0002625,647.066
0,6147154,13,phononTF,0.000511472,-0.000488543,0.000542159,-0.0002625,1671.08,0.000382,1,-0.000995317,0.000996757,0.0002625,2469.11
0,6149114,4,phononTS,0.00125092,-0.00160232,0.00302736,-0.0002625,299.237,0.000764,1,-0.00100104,0.00300463,0.0002625,6276.18
0,6154452,3,phononTF,0.00103212,-0.00252828,0.000534168,-0.000262498,819.858,0.000382,1,-0.00199717,-4.47664e-06,0.0002625,977.475
0,6158066,22,phononL,0.000760896,-0.00200159,-0.0013655,-0.0002625,368.389,0.000382,1,-0.00200139,-0.00199709,0.0002625,776.62
0,6164234,8,phononTS,0.000863371,-0.00200924,0.000213522,-0.0002625,1806.27,0.000382,1,-0.00200022,3.21436e-06,0.0002625,2094.93
0,6168293,4,phononTS,0.00137871,-0.0030636,-0.00030525,-0.0002625,62.6512,0.000764,1,-0.00300148,-0.00100232,0.0002625,527.274
0,6169658,23,phononTS,0.000609276,-0.00455553,-0.00200945,-0.0002625,6861.98,0.000382,1,-4.41515e-06,0.00199735,0.0002625,8127.9
0,6171574,10,phononTS,0.000547586,-0.00100235,0.0010039,0.000262498,8727.45,0.000547586,1,0.000322855,0.00334228,-0.0002625,9251.46
0,6171574,2,phononTS,0.00114637,-0.00344324,0.00150094,0.000262498,939.217,0.000388957,1,-0.00349884,0.0014835,-0.0002625,1028.99
0,6172566,11,phononTF,0.000567157,-0.00169327,0.00170396,-0.0002625,5129.93,0.000382,1,-0.000997131,0.00299653,0.0002625,5807.07
0,6175674,5,phononTF,0.00113349,-0.00127048,0.000879851,-0.0002625,22.6428,0.000382,1,-0.000997765,0.00100443,0.0002625,886.234
0,6177372,3,phononL,0.00244218,-0.000496926,-0.00163108,-0.0002625,396.295,0.000764,1,2.2926e-07,-0.00199863,0.0002625,1016.6
0,6178202,7,phononTS,0.000542484,-0.00293078,-0.00106258,-0.0002625,1102.34,0.000382,1,-0.00300032,-0.00100144,0.0002625,1609.5
0,6180756,14,phononTS,0.000663729,-0.00292605,-0.00096458,-0.000262498,4844.73,0.000382,1,-0.00300196,-0.00100397,0.0002625,4941.1
0,6182749,3,phononTF,0.000839691,-0.00311483,-0.000743146,-0.0002625,251.932,0.000382,1,-0.00300499,-0.000997725,0.0002625,569.131
0,6184001,20,phononTF,0.000494482,0.00131593,-0.00123677,-0.000262498,5816.98,0.000382,1,0.00100317,-0.0010015,0.0002625,5931.85
0,6184403,18,phononTF,0.00056573,0.000906503,-0.00107417,-0.000262499,11214.5,0.000382,1,0.000996249,-0.001004,0.0002625,11306.7
0,6185937,11,phononTF,0.00136666,-0.00232602,8.71067e-05,-0.0002625,280.65,0.000382,1,-0.00199662,1.04809e-07,0.0002625,624.321
0,6187478,9,phononTS,0.000513509,-0.00199565,0.00200334,0.000262498,2306.1,0.000513509,1,-0.00154607,-0.000584234,-0.0002625,2870.25
0,6189218,11,phononTS,0.000615172,0.00149903,-0.000487918,-0.0002625,1029.52,0.000382,1,0.00200386,4.9624e-06,0.0002625,1964.4
0,6191960,7,phononTS,0.000572002,-0.000670499,-0.000591849,-0.000262498,3724.69,0.000382,1,-0.00100308,-0.00100449,0.0002625,3884.22
0,6192220,8,phononTS,0.000428755,-0.00238592,-6.84496e-05,-0.0002625,470.612,0.000382,1,-0.00200189,4.10826e-06,0.0002625,831.127
0,6194303,11,phononTF,0.000463167,0.000828146,0.00148802,-0.0002625,1676.51,0.000382,1,-2.80036e-07,0.00199842,0.0002625,7013.64
0,6195230,22,phononTS,0.000816661,0.00338621,-0.000932794,-0.0002625,16811,0.000382,1,0.00199751,-1.96717e-06,0.0002625,17967.5
0,6202389,5,phononTS,0.000533631,-0.00201067,-7.76903e-05,-0.0002625,1137.45,0.000382,1,-0.00200083,8.47343e-07,0.0002625,1430.91
0,6203847,14,phononTS,0.00086729,0.00480357,-0.00200829,-0.0002625,1638.1,0.000382,1,0.00199778,-0.00199977,0.0002625,8120.9
0,6203999,9,phononTS,0.000625418,-0.00150142,-0.00139606,-0.0002625,2602.33,0.000382,1,-0.00100216,-0.000998938,0.0002625,3909.47
0,6204116,18,phononTS,0.000840568,-0.00102571,0.000922213,-0.0002625,907.564,0.000382,1,-0.000996567,0.000999226,0.0002625,4998.3
0,6209456,3,phononTS,0.000622484,-0.00336218,0.000306648,-0.0002625,605.712,0.000382,1,-0.00199584,2.44508e-06,0.0002625,4733.22
0,6211158,11,phononTS,0.000462877,0.00177434,-0.00159245,-0.0002625,4605.85,0.000382,1,0.00199841,-0.00200091,0.0002625,5947.07
0,6213488,9,phononTS,0.000435256,0.00094983,-0.00304434,-0.0002625,12846.8,0.000382,1,0.00099819,-0.00299804,0.0002625,13495.1
0,6215118,16,phononTS,0.000543119,-0.00213291,-0.000405453,-0.0002625,2473.13,0.000382,1,-0.00199791,-9.44004e-07,0.0002625,3294.16
0,6218479,13,phononTS,0.00053877,-0.00124102,0.00103785,-0.0002625,775.063,0.000382,1,-0.00100008,0.000996992,0.0002625,1227.88
0,6219428,19,phononTS,0.000454076,-0.005,-0.00376999,-0.000193156,2650.91,0.000382,1,-0.00200204,-0.00199804,0.0002625,5016.27
0,6219869,10,phononTF,0.00072316,4.22425e-07,-9.49747e-07,0.000262498,13212.6,0.00072316,1,0.000206536,-0.000204656,-0.0002625,13315.3
0,6224208,17,phononL,0.00050018,0.0013014,-0.00241794,-0.000262498,3889.97,0.000382,1,0.00200273,-0.00199866,0.0002625,3997.36
0,6227175,9,phononTS,0.00125815,0.00172225,-0.000105739,-0.0002625,1887.26,0.000382,1,0.00199924,1.97226e-06,0.0002625,2260.85
0,6229446,6,phononL,0.000582713,-0.000194795,0.00159711,-0.0002625,903.439,0.000382,1,4.59291e-06,0.00199558,0.0002625,1761.13
0,6230006,2,phononTS,0.000628557,-0.00191704,-0.000583054,-0.0002625,217.034,0.000382,1,-0.000999879,-0.00100034,0.0002625,1897.76
0,6230179,12,phononTF,0.000610455,0.000275158,-0.00226077,-0.0002625,2902.14,0.000382,1,4.48835e-07,-0.0019964,0.0002625,3224.39
0,6231656,9,phononTF,0.000758376,0.000367967,0.000391679,-0.0002625,1989.6,0.000382,1,0.00199598,0.00200053,0.0002625,4670.73
0,6232142,3,phononTS,0.00094278,-0.00309015,-0.00096358,-0.0002625,306.483,0.000382,1,-0.00300097,-0.00100096,0.0002625,541.284
0,6232901,16,phononTF,0.000602263,-0.00301957,-0.00081013,-0.000262498,1753.31,0.000382,1,-0.00300107,-0.000999902,0.0002625,1851.96
0,6241880,17,phononTF,0.000618335,-0.00176833,-0.0017793,-0.000262499,1814.85,0.000382,1,-0.00199522,-0.00200338,0.0002625,1920
0,6243506,24,phononTS,0.00049242,-0.000999847,0.00299589,0.000262499,3147.31,0.00049242,1,-0.00105095,0.00299825,-0.0002625,3243.43
0,6243542,8,phononL,0.000418954,-0.00203325,0.000130531,-0.0002625,987.552,0.000382,1,-0.00200235,-2.92961e-06,0.0002625,1486.25
0,6250935,11,phononTF,0.000666304,-0.00120495,0.0028101,-0.0002625,1438.9,0.000382,1,-0.00100065,0.0030045,0.0002625,1940.36
0,6250935,2,phononTS,0.000790276,-0.00317852,-0.000171021,0.000262498,351.574,0.000528028,1,-0.00318814,-0.000156069,-0.0002625,442.056
0,6251503,20,phononTS,0.000649077,0.000982135,-0.00229874,-0.000262498,8572.77,0.000382,1,0.000997816,-0.00300021,0.0002625,8748.62
0,6252370,29,phononTS,0.000484187,-0.00102039,0.000727231,-0.0002625,6184.85,0.000382,1,-0.00100177,0.00100478,0.0002625,6535.81
0,6262775,11,phononTS,0.000612122,-0.00268763,-0.000959178,-0.000262498,1069.79,0.000382,1,-0.00300311,-0.000996672,0.0002625,1191.29
0,6266325,5,phononTS,0.000487527,-0.00203404,0.00182645,-0.0002625,1307.02,0.000382,1,-0.00200148,0.00199792,0.0002625,3570.59
0,6268595,13,phononTF,0.000533828,0.005,-0.000328066,-0.000139063,793.528,0.000382,1,0.00199845,0.00200314,0.0002625,2958.38
0,6268596,3,phononL,0.00318496,0.005,0.00415887,7.58853e-05,188.812,0.00261554,1,0.00451087,0.00402985,-0.0002625,2326.42
0,6270830,10,phononTF,0.000435593,-0.00035957,0.00236752,-0.0002625,1979.67,0.000382,1,-0.000999803,0.00300117,0.0002625,2501.89
0,6271224,6,phononL,0.00057722,-0.00148174,-0.000690342,-0.000262498,1496.27,0.000382,1,-0.00200241,-2.72161e-07,0.0002625,1609.14
0,6272534,10,phononTS,0.000475365,-0.00290368,0.000132968,-0.0002625,221.044,0.000382,1,-0.00200455,-2.14141e-06,0.0002625,607.118
0,6275330,11,phononTF,0.0012245,-0.00135084,-0.000642352,-0.0002625,830.113,0.000382,1,-0.000999059,-0.000997771,0.0002625,1202.48
0,6277476,7,phononTF,0.000602783,0.000995625,-0.00305431,-0.000262498,2173.09,0.000602783,1,-0.000887089,-0.005,0.000222589,2644.75
0,6279537,11,phononTS,0.00072452,0.000845182,-5.24562e-06,-0.0002625,3911.47,0.000382,1,-1.70611e-06,2.26373e-06,0.0002625,4449.21
0,6281646,11,phononTS,0.000826486,-0.00376135,0.00129334,-0.0002625,1271,0.000382,1,-0.00200475,0.00200339,0.0002625,2039.9
0,6282343,25,phononTS,0.000474096,2.40697e-05,-4.52709e-07,-0.0002625,7041.96,0.000382,1,-1.09163e-06,3.63314e-06,0.0002625,11890
0,6282343,2,phononTS,0.000912912,-0.005,-0.00068632,2.58517e-05,984.849,0.000126825,1,-0.00073421,0.00282337,-0.0002625,2194.19
0,6284368,11,phononTS,0.000709647,0.00104855,0.000919337,-0.0002625,1264.02,0.000382,1,0.000998349,0.0010036,0.0002625,1922.06
0,6286377,13,phononTF,0.000874477,-0.000640691,0.000258867,-0.0002625,1806.04,0.000382,1,-0.00100261,-0.00100142,0.0002625,2300.03
0,6287071,9,phononTS,0.000724851,0.00105566,-0.00104613,-0.0002625,3452.14,0.000382,1,0.00100199,-0.00100232,0.0002625,4101.33
0,6290975,13,phononTS,0.000424142,0.0010251,-0.00302549,-0.0002625,15431.6,0.000382,1,0.000997283,-0.00300215,0.0002625,16078.3
0,6294161,17,phononTS,0.000519615,0.00199543,-2.33892e-06,0.000262498,2284.18,0.000519615,1,0.00249532,4.6689e-05,-0.0002625,2429.73
0,6294278,6,phononL,0.000600817,-0.00201423,-5.74346e-05,-0.000262498,1573.07,0.000382,1,-0.00199634,-0.00200138,0.0002625,1791.88
0,6304512,9,phononTF,0.000518753,-0.00319439,-0.00118946,-0.0002625,873.78,0.000382,1,-0.0030006,-0.000997796,0.0002625,1177.58
0,6304512,2,phononTS,0.00121061,-0.00346504,0.000283234,0.000262498,174.585,0.00090887,1,-0.00349963,0.000280576,-0.0002625,269.831
0,6304513,1,phononTF,0.01,-0.00335813,0.000920279,-0.000239368,0,0.00409714,1,-0.00334099,0.0009376,-0.0002625,943.446
0,6306181,5,phononTS,0.00136879,-0.00220685,-0.000135623,-0.0002625,2404.69,0.000764,1,-0.00200211,3.57397e-06,0.0002625,2831.67
0,6313257,6,phononTS,0.000484274,-0.00120399,0.00101882,-0.0002625,200.247,0.000382,1,-0.00100327,0.000997899,0.0002625,1891.5
0,6313689,13,phononTS,0.000721549,0.00164449,-0.00103194,-0.0002625,6929.35,0.000382,1,0.000999267,-0.000998506,0.0002625,7923.49
0,6313689,6,phononTS,0.00121418,-0.00282204,0.005,1.46106e-05,1377.85,0.000648651,1,-0.00304829,0.00424899,-0.0002625,2450.44
0,6313909,22,phononTF,0.000392149,0.00151706,0.00250509,-0.0002625,2599.52,0.000382,1,0.00300136,0.00100152,0.0002625,3821.91
0,6316306,7,phononTF,0.000605083,-0.00182147,0.000329394,-0.000262498,878.194,0.000382,1,-0.00199914,-9.47629e-07,0.0002625,993.956
0,6320511,7,phononTF,0.00111926,-0.00270512,-0.000686082,-0.000262498,366.411,0.000382,1,-0.0020035,4.92102e-07,0.0002625,556.929
0,6321030,10,phononTS,0.000636686,-0.00174519,-0.000978004,-0.0002625,302.53,0.000382,1,-0.000998932,-0.001001,0.0002625,914.186
0,6324308,3,phononTS,0.0012813,0.00171057,0.00289693,-0.0002625,409.902,0.000764,1,0.00199887,0.00199948,0.0002625,2820.84
0,6324308,2,phononTS,0.000890087,-0.003138,-0.00033992,0.000262498,409.902,0.000890087,1,-0.00319863,-6.2117e-05,-0.0002625,531.415
0,6325731,3,phononTF,0.00135387,-0.00235624,0.000124561,-0.0002625,64.3247,0.000764,1,-0.00200228,3.83533e-06,0.0002625,818.835
0,6326257,23,phononTF,0.00052425,0.00200158,-4.10897e-06,0.000262498,8351.56,0.00052425,1,0.0019036,-9.72235e-05,-0.0002625,8444.36
0,6326505,7,phononTS,0.00107891,0.00104169,0.00176893,-0.0002625,799.867,0.000382,1,0.000997913,0.00100464,0.0002625,3071.4
0,6326563,16,phononTF,0.000866313,0.00117555,0.005,-0.000166396,975.746,0.00046557,1,0.000911546,0.00473722,-0.0002625,2302.41
0,6327378,4,phononTF,0.000608436,-0.00451443,-0.00139612,-0.0002625,120.407,0.000382,1,-0.00299723,-0.00100493,0.0002625,1013.2
0,6331883,15,phononTF,0.000421695,-0.000538499,0.000561037,-0.0002625,489.617,0.000382,1,0.000999691,-0.000997249,0.0002625,4212.95
0,6333113,11,phononL,0.000970643,-0.0019578,-0.00153373,-0.000262498,1371.4,0.000764,1,-0.00199563,-0.00199596,0.0002625,1447.44
0,6333967,6,phononTS,0.00122674,-0.00304596,-0.000966533,-0.0002625,8.63904,0.000382,1,-0.00300341,-0.00100119,0.0002625,1326.62
0,6336206,10,phononTS,0.000666311,-0.00205974,0.000842514,-0.0002625,9307.19,0.000382,1,-0.00200081,-2.67636e-06,0.0002625,9876.4
0,6342180,8,phononTS,0.000587783,-0.00217555,-0.0014794,-0.000262498,1571.24,0.000382,1,-0.00199967,-0.00200155,0.0002625,1731.05
0,6343400,24,phononTS,0.000576174,-0.00143875,-0.00311262,-0.0002625,4952.58,0.000382,1,-0.00200266,-0.00200058,0.0002625,6945.9
0,6346718,2,phononTS,0.000483987,-0.00299238,-0.000333733,-0.0002625,406.939,0.000382,1,-0.00300362,-0.000998079,0.0002625,749.35
0,6352670,15,phononTS,0.000397689,-0.00299843,-0.00100046,0.0002625,298.748,0.000397689,1,-0.00306891,-0.00105073,-0.0002625,734.147
0,6352789,15,phononTS,0.000678335,1.8921e-06,4.15446e-07,0.000262498,3132.39,0.000678335,1,-0.000261402,0.00116668,-0.0002625,3393.75
0,6360295,19,phononTS,0.000539456,0.000959594,0.00129471,-0.0002625,11958.6,0.000382,1,0.0010017,0.00100036,0.0002625,12568.4
0,6360433,9,phononTS,0.00106044,-0.000151419,-0.00183005,-0.000262498,1303.21,0.000382,1,-2.09494e-06,-0.00200243,0.0002625,1420.3
0,6360834,14,phononL,0.00105925,-0.00199844,-2.36607e-06,0.000262498,1341.76,0.000780815,1,-0.00203559,0.00048696,-0.0002625,1419.51
0,6368119,4,phononTS,0.00180498,0.00412203,0.000907626,-0.0002625,390.673,0.000764,1,0.00299634,0.00100312,0.0002625,3653.05
0,6370756,12,phononTF,0.00057651,0.000176543,-0.00017971,-0.000262498,6906.2,0.000382,1,-4.54817e-06,6.00647e-07,0.0002625,7006.27
0,6371018,27,phononTF,0.000559231,-0.0006668,-0.000962466,-0.0002625,7094.37,0.000382,1,-0.000998615,-0.000998948,0.0002625,9195.7
0,6373638,10,phononTF,0.00051679,-5.29179e-05,-9.01954e-05,-0.000262498,4061.19,0.000382,1,2.05337e-06,2.25365e-06,0.0002625,4153.42
0,6373849,12,phononL,0.00084505,-6.23109e-05,0.00228443,-0.000262498,3642.6,0.000382,1,0.00199752,0.00200383,0.0002625,3877.38
0,6373849,3,phononTF,0.00111207,-0.00320207,0.00103993,0.000262498,824.874,0.000457301,1,-0.00365651,0.00150564,-0.0002625,967.963
0,6374650,5,phononTS,0.00136858,-0.00298898,-0.00163727,-0.0002625,325.027,0.000382,1,-0.00299573,-0.00100354,0.0002625,1185.04
0,6375783,24,phononTF,0.000498619,-0.00218833,-0.000375335,-0.0002625,1372.01,0.000382,1,-0.0019996,-5.67077e-07,0.0002625,2918.37
0,6376572,4,phononTF,0.00241932,-0.00200342,6.38704e-07,0.0002625,525.897,0.00107371,1,-0.00154301,0.000265152,-0.0002625,901.298
0,6376709,8,phononTS,0.000512411,0.00346151,0.00143553,-0.000262498,3743.02,0.000382,1,0.00299554,0.00100253,0.0002625,3919.04
0,6383870,12,phononTF,0.000536124,-0.0024484,-0.00156315,-0.000262498,1055.3,0.000382,1,-0.00299512,-0.00100399,0.0002625,1216.5
0,6384153,31,phononTF,0.000755096,-0.000981115,0.00104969,-0.000262499,7587.13,0.000382,1,-0.000995569,0.00099655,0.0002625,7677.74
0,6386114,21,phononTF,0.0003933,-0.005,-0.00176468,-0.000131948,3378.81,0.0003933,1,-0.00490861,-0.00167517,-0.0002625,5134.88
0,6386114,2,phononTS,0.00119555,-0.00296686,7.61421e-05,0.000262498,86.1015,0.000624646,1,-0.00295539,8.39363e-05,-0.0002625,176.505
0,6388404,7,phononTS,0.000577027,0.00299507,0.0010218,-0.000262498,5943.42,0.000382,1,0.00300331,0.000997647,0.0002625,6033.94
0,6388404,3,phononL,0.000875412,-0.00298179,0.00021607,0.000262498,165.451,0.000875412,1,-0.00325832,-0.000184081,-0.0002625,243.765
0,6393184,10,phononTS,0.000408616,0.000719725,0.00180487,-0.000262498,5604.64,0.000382,1,0.000995104,0.000998003,0.0002625,5811.5
0,6394366,19,phononTS,0.00061322,-0.00300144,-0.000995153,0.000262498,1733.49,0.00061322,1,-0.0037951,0.000480031,-0.0002625,2080.91
0,6398503,2,phononTF,0.00749965,-0.00200655,-1.94031e-06,0.000254424,504.924,0.001528,1,-0.00200367,1.0885e-06,0.0002625,1064.42
0,6398503,12,phononTS,0.00103092,-0.00200367,1.0885e-06,0.000262498,1064.42,0.000513933,1,-0.00244506,0.000572231,-0.0002625,1253.72
0,6402444,8,phononTF,0.000517861,-0.000754937,0.000485693,-0.0002625,4030.78,0.000382,1,-0.000997821,0.00100462,0.0002625,4461.86
0,6404030,8,phononTS,0.000477542,-0.00302746,-0.000974743,-0.0002625,797.343,0.000382,1,-0.00299822,-0.00100272,0.0002625,1066.07
0,6405022,10,phononTF,0.000758684,-0.00141163,-0.00121973,-0.0002625,712.539,0.000382,1,-4.43282e-06,-0.00199531,0.0002625,1317.51
0,6406431,11,phononTS,0.00124635,-0.00199998,-1.81805e-06,0.0002625,2870.79,0.000703277,1,-0.00208037,4.8434e-05,-0.0002625,3063.58
0,6410149,12,phononTS,0.00076944,0.00299459,0.00104338,-0.0002625,4153.38,0.000382,1,0.00299754,0.00100318,0.0002625,4606.85
0,6410149,5,phononTF,0.00142198,-0.00326059,4.60373e-05,0.000262498,12.2011,0.00142198,1,-6.08861e-06,0.00118875,-0.0002625,630.195
0,6410274,10,phononTF,0.000701082,-0.00351567,-0.000480433,-0.000262498,308.892,0.000382,1,-0.00299743,-0.00100472,0.0002625,463.818
0,6416779,5,phononTS,0.00148959,-0.00299854,-0.00105536,-0.000262498,1384.27,0.000382,1,-0.00299502,-0.000999622,0.0002625,1475.13
0,6418997,8,phononL,0.000395149,-0.00343289,-0.00126868,-0.000262498,1010.05,0.000382,1,-0.00300126,-0.00099682,0.0002625,1090.01
0,6419688,8,phononTS,0.000620589,-0.00304549,-0.000939844,-0.0002625,298.847,0.000382,1,-0.002999,-0.0010007,0.0002625,1323.41
0,6427860,16,phononTS,0.00106888,-0.00138554,-0.005,-0.000240584,3726.54,0.000382,1,0.000997316,-0.00300096,0.0002625,5079.25
0,6427922,12,phononTS,0.000407495,0.00209297,0.00136049,-0.0002625,3775.41,0.000382,1,0.00100441,0.00100262,0.0002625,4540.06
0,6428798,12,phononTF,0.00138385,-0.00315053,-0.00091206,-0.000262498,364.22,0.000382,1,-0.00299967,-0.00100281,0.0002625,460.238
0,6430067,15,phononTS,0.000480887,-0.005,-0.00352751,-0.000200808,3221.51,0.000480887,1,-0.00367046,-0.00459476,-0.0002625,4389.45
0,6430113,11,phononTS,0.000672391,-0.00326777,-0.00263293,-0.0002625,12355.8,0.000382,1,-0.00200032,-0.00200398,0.0002625,13539
0,6431354,2,phononTF,0.00351104,-0.00163173,-0.000366956,-2.0769e-05,39.1235,0.001146,1,-0.000999993,-0.00100119,0.0002625,1593.92
0,6432189,11,phononTF,0.000429984,-0.00253446,-0.000559376,-0.000262498,1238.83,0.000382,1,-0.00199729,3.30609e-06,0.0002625,1400.52
0,6432489,13,phononTS,0.00106973,-0.000996972,0.00100072,0.000262498,3091.42,0.000547285,1,-0.000590127,0.00108398,-0.0002625,3230.03
0,6433528,13,phononTF,0.000474887,-0.0019967,-2.99433e-06,0.000262498,3453.29,0.000474887,1,-0.00250967,0.0005005,-0.0002625,3606.25
0,6433528,3,phononTS,0.00101816,-0.00327514,9.31825e-05,0.000262498,19.3409,0.000383703,1,-0.00322848,0.000530688,-0.0002625,156.397
0,6440614,2,phononTF,0.00341552,-0.00317687,-0.000832749,-0.0002625,694.071,0.000764,1,-0.00299732,-0.00100351,0.0002625,1036.95
0,6446275,19,phononTF,0.000485726,0.000148263,-0.00216133,-0.0002625,754.177,0.000382,1,-0.00099513,-0.00100116,0.0002625,4243.75
0,6455399,6,phononTF,0.000689031,-0.00140943,-0.00139963,-0.0002625,2032.83,0.000382,1,-0.00099851,-0.00100468,0.0002625,6206.05
0,6455399,5,phononTS,0.000421054,-0.00067503,0.000832837,0.000262499,2032.83,0.000421054,1,8.58383e-05,0.00121307,-0.0002625,2241.26
0,6455475,2,phononTS,0.00259598,-0.00238493,-0.00217258,-0.0002625,832.088,0.000764,1,-0.00300238,-0.00100008,0.0002625,3254.48
0,6461301,9,phononL,0.000562218,-0.00265193,0.000513015,-0.000262498,296.273,0.000382,1,-0.00199862,-3.44617e-06,0.0002625,405.965
0,6466554,4,phononTF,0.000614192,-0.00236911,0.000236984,-0.0002625,27.2318,0.000382,1,-0.00200082,-1.62241e-06,0.0002625,481.083
0,6471403,14,phononTS,0.00139215,0.000934248,0.00104009,-0.000262498,2791.47,0.000382,1,0.000997987,0.00100415,0.0002625,2886.7
0,6472822,14,phononTF,0.000432932,-0.00139394,0.000597948,-0.0002625,1333.79,0.000382,1,-0.00100278,0.00099745,0.0002625,1671.54
0,6476967,17,phononTS,0.000434347,-0.00200245,0.00199866,0.000262498,5287.86,0.000434347,1,-0.00242242,0.00280766,-0.0002625,5506.36
0,6479156,9,phononTS,0.000422725,4.63989e-05,0.00229174,-0.0002625,2780.29,0.000382,1,2.4932e-06,0.00199741,0.0002625,7004.12
0,6485010,11,phononTS,0.00067084,-0.00100405,-0.000997126,0.000262498,869.996,0.00067084,1,-0.00104263,-0.00130953,-0.0002625,991.087
0,6486356,9,phononTS,0.00102404,-0.00103235,-0.00095491,-0.000262498,6241,0.000382,1,-0.000996924,-0.00100485,0.0002625,6330.18
0,6489641,16,phononTF,0.000790766,-0.00309697,-0.0010221,-0.0002625,1937.75,0.000382,1,-0.00300454,-0.000999869,0.0002625,2212.4
0,6491218,4,phononTS,0.000529296,3.60137e-05,0.00195099,-0.0002625,247.931,0.000382,1,1.48187e-06,0.00200159,0.0002625,5918.1
0,6492485,16,phononTF,0.000646375,0.00317698,0.000818839,-0.0002625,11005.3,0.000382,1,0.00299999,0.000998195,0.0002625,12089.5
0,6497721,6,phononTS,0.00102199,-0.00213468,0.00172496,-0.0002625,560.605,0.000382,1,-0.00199643,0.00200307,0.0002625,1449.1
0,6499995,3,phononTS,0.00136803,-0.000295019,0.00112693,-0.0002625,46.0018,0.000764,1,3.68748e-06,0.0020026,0.0002625,1361.9
0,6502070,15,phononTS,0.000969201,-0.0019827,0.00163591,-0.0002625,1771.94,0.000382,1,-0.00200276,0.00199952,0.0002625,2161.13
0,6503963,2,phononL,0.0069042,-0.00337795,-0.00106516,-1.87235e-06,1654.74,0.000764,1,-0.00299737,-0.000998208,0.0002625,2578.03
0,6509133,4,phononTS,0.00062379,-0.00323826,-0.000305921,-0.0002625,149.925,0.000382,1,-0.00200341,1.43162e-06,0.0002625,696.433
0,6512358,14,phononTS,0.000385465,0.000433737,-0.00485074,-0.0002625,4123.2,0.000382,1,0.000997544,-0.00300274,0.0002625,5963.74
0,6517911,16,phononTS,0.000405018,-0.00284482,-0.00213655,-0.0002625,8711.9,0.000382,1,-0.00299858,-0.00100252,0.0002625,9330.01
0,6518481,12,phononTF,0.000908159,-0.00211883,-0.00190812,-0.0002625,1053.64,0.000382,1,-0.00199855,-0.00200185,0.0002625,1784.56
0,6521994,5,phononTF,0.000961143,0.000667791,0.000606666,-0.0002625,466.26,0.000382,1,0.0010008,0.000998612,0.0002625,2420.04
0,6521994,4,phononTS,0.00114197,-0.00278124,9.72063e-05,0.000262498,466.26,0.000643344,1,-0.00281928,0.000321464,-0.0002625,577.05
0,6524769,11,phononTS,0.000458379,-0.000735693,0.00127977,-0.000262498,2206.3,0.000382,1,4.49041e-06,0.00200268,0.0002625,2446.84
0,6526728,7,phononL,0.000688919,-0.00383579,-0.000969279,-0.0002625,304.593,0.000382,1,-0.00299898,-0.00100249,0.0002625,775.391
0,6532959,15,phononL,0.00123261,0.00200106,-0.00200268,0.000262499,3843.02,0.000351744,1,0.0019055,-0.00246993,-0.0002625,3920
0,6533192,17,phononTF,0.000976674,0.000823224,0.000827819,-0.0002625,1152.15,0.000382,1,0.00100034,0.000999123,0.0002625,1450.04
0,6535038,15,phononL,0.000398966,-0.0010888,-2.16735e-05,-0.000262498,8582.7,0.000382,1,-0.00199516,-2.36552e-06,0.0002625,8694.92
0,6541369,11,phononTS,0.000681034,0.000938854,-0.000991665,-0.000262498,5045.24,0.000382,1,0.000995038,-0.000995745,0.0002625,5140.05
0,6542262,13,phononTS,0.00039337,0.000593797,-1.15382e-05,-0.000262498,7273.03,0.000382,1,1.93371e-06,-4.86547e-06,0.0002625,7428.38
0,6542609,10,phononTS,0.00126678,-0.00116992,0.000988339,-0.000262499,1786.63,0.000382,1,-0.00100116,0.000997408,0.0002625,1891.6
0,6544896,9,phononL,0.00106239,0.0011569,-0.00115609,-0.000262498,5140.9,0.000382,1,0.00100428,-0.00100385,0.0002625,5206.01
0,6545154,12,phononL,0.000765511,-0.00214349,0.000161687,-0.0002625,237.523,0.000382,1,-0.0019981,4.73436e-06,0.0002625,432.727
0,6547531,15,phononTF,0.000514582,-0.00140387,0.00257313,-0.0002625,4750.01,0.000382,1,-0.00100125,0.00300063,0.0002625,5157.79
0,6552819,12,phononTS,0.000873497,-0.00255971,-3.82341e-05,-0.0002625,865.746,0.000382,1,-0.00199693,1.67578e-06,0.0002625,1760.08
0,6553661,13,phononTS,0.000543927,-0.00158641,-0.000936403,-0.0002625,1570.96,0.000382,1,-1.26898e-06,-0.00199907,0.0002625,2901.98
0,6555983,17,phononL,0.00140474,-0.00246136,-0.000528397,-0.0002625,849.649,0.000382,1,-0.0020043,5.27571e-07,0.0002625,1042.64
0,6557500,7,phononTS,0.00069899,-0.00227217,0.000182787,-0.0002625,115.069,0.000382,1,-0.0019956,4.47964e-06,0.0002625,505.135
0,6557759,8,phononTS,0.000661664,-0.00131905,0.00111749,-0.0002625,736.377,0.000382,1,4.73344e-06,0.00199746,0.0002625,1854.72
0,6559275,8,phononTS,0.000427979,-0.00222065,-2.60066e-05,-0.000262498,427.779,0.000382,1,-0.00199621,1.01789e-07,0.0002625,541.363
0,6565365,11,phononL,0.00100552,-0.00112597,0.000583632,-0.0002625,1929.66,0.000382,1,-0.0010021,0.00100012,0.0002625,2627.33
0,6569382,24,phononTS,0.000525235,-0.000374514,-0.00308631,-0.0002625,15416,0.000382,1,4.13944e-06,-0.00200395,0.0002625,16165.5
0,6571012,14,phononTS,0.000475844,-0.000824273,0.00174036,-0.0002625,3609.22,0.000382,1,-0.00200082,0.00199785,0.0002625,4155.14
0,6571181,13,phononTS,0.00062979,-0.00183544,0.000711991,-0.000262498,1943.8,0.000382,1,-0.0020015,-1.09412e-06,0.0002625,2129.8
0,6571607,5,phononTF,0.00125935,-0.00453118,-0.00139499,-0.0002625,427.077,0.000382,1,-0.00100418,0.000995206,0.0002625,1747.63
0,6575423,20,phononTF,0.000434761,-0.00127792,0.0027374,-0.000262498,1872.64,0.000382,1,-0.00100211,0.00300127,0.0002625,1983.7
0,6577692,11,phononTF,0.000536526,-0.00254375,-0.00342069,-0.000262498,1789.57,0.000382,1,-0.00200433,-0.00200409,0.0002625,2083.13
0,6578034,17,phononTS,0.000496045,-0.00177712,-0.00169204,-0.000262498,980.623,0.000382,1,0.000999809,0.00100061,0.0002625,1712.23
0,6579434,16,phononTS,0.000576773,-0.00204668,2.86517e-05,-0.000262498,604.117,0.000382,1,-0.00199973,-3.32827e-06,0.0002625,693.439
0,6583119,2,phononTS,0.000691725,-0.00303958,-0.0009675,-0.000262498,1423.04,0.000382,1,-0.00299615,-0.00100216,0.0002625,1512.33
0,6585379,6,phononTS,0.00108392,-0.005,-0.00129123,-0.000167775,153.504,0.000382,1,-0.00199713,0.00199744,0.0002625,3137.11
0,6586584,5,phononTS,0.000410639,-0.00305054,-0.000922353,-0.000262498,1140.86,0.000382,1,-0.00299885,-0.000995075,0.0002625,1236.61
0,6586723,19,phononTS,0.000475066,0.00282581,-1.01571e-05,-0.0002625,11911.1,0.000382,1,0.00199637,-5.40441e-07,0.0002625,12943.1
0,6587164,14,phononTF,0.000447046,-0.00181834,-0.000422589,-0.000262498,1023.11,0.000382,1,-0.00200488,5.75134e-07,0.0002625,1151.74
0,6589132,2,phononTS,0.00286372,-0.00246572,-7.72637e-05,-0.0002625,57.8372,0.000764,1,-0.00199937,-1.51554e-06,0.0002625,3581.62
0,6592452,11,phononTS,0.000593272,0.000536327,-0.00198123,-0.0002625,3414.49,0.000382,1,-4.89956e-06,-0.00199533,0.0002625,4410
0,6592946,6,phononTF,0.000648067,-0.000524834,0.00057191,-0.0002625,5744.41,0.000382,1,-0.00100207,0.00100339,0.0002625,13972.2
0,6602865,15,phononTF,0.000596796,0.000797457,0.00120451,-0.0002625,1981.89,0.000382,1,0.00100127,0.00100368,0.0002625,3007.76
0,6603344,8,phononTS,0.000928787,-0.00353513,0.00198923,-0.000262498,2246.39,0.000382,1,-0.000996088,-0.000996023,0.0002625,2971.62
0,6604750,14,phononTS,0.00271084,-0.00299576,-0.00100238,0.0002625,361.107,0.00046348,1,-0.00300212,-0.0012179,-0.0002625,1027.22
0,6605156,2,phononL,0.000388889,-0.00309906,-0.000398308,-0.0002625,45.8667,0.000382,1,-0.0029963,-0.00100147,0.0002625,219.161
0,6608046,12,phononTF,0.000671935,0.00231364,0.00232685,-0.0002625,8358.45,0.000382,1,0.00200337,0.0020029,0.0002625,9125.6
0,6609177,5,phononTS,0.000746727,-0.00197843,-4.88198e-05,-0.0002625,224.357,0.000382,1,-0.0020025,2.97605e-06,0.0002625,1409.13
0,6609197,7,phononTS,0.0012843,-0.0030034,-0.000996186,0.000262498,257.629,0.000666955,1,-0.00216613,-0.00106794,-0.0002625,458.405
0,6609535,7,phononL,0.000627649,-0.00107095,-0.00135941,-0.0002625,753.87,0.000382,1,-0.000998199,-0.000996496,0.0002625,1585.73
0,6618615,25,phononTF,0.000814571,-3.2039e-06,0.00199682,0.0002625,970.355,0.000265672,1,-0.000317098,0.00246761,-0.0002625,4345.9
0,6620630,20,phononTS,0.000481485,0.00193924,-0.0011959,-0.000262498,3316.07,0.000382,1,0.00200102,-0.0019982,0.0002625,3506.17
0,6622784,7,phononTS,0.000398201,-0.00345389,-0.00132204,-0.0002625,3031.76,0.000382,1,-0.00299794,-0.00100465,0.0002625,4294.89
0,6622784,3,phononTF,0.000865986,-0.00324428,8.19248e-05,0.000262498,7.11999,0.000865986,1,-0.00350603,0.000185112,-0.0002625,113.575
0,6623983,2,phononTS,0.00650357,-0.00255124,-0.0010414,-0.000148497,868.536,0.001528,1,-0.00300482,-0.000999869,0.0002625,1391.56
0,6626407,9,phononTS,0.00133031,-0.00274041,-0.000143418,-0.0002625,252.215,0.000382,1,-0.00299606,-0.000998641,0.0002625,622.691
0,6627711,9,phononTS,0.000583344,-0.00238917,5.52048e-06,-0.0002625,466.474,0.000382,1,-0.00200277,1.06565e-06,0.0002625,858.184
0,6631961,5,phononTF,0.000780343,-0.00248567,-0.00151738,-0.0002625,73.4836,0.000382,1,-0.00199862,-0.00200471,0.0002625,1057.47
0,6632473,14,phononL,0.000512927,-0.00177667,-0.000316598,-0.0002625,6234.88,0.000382,1,-0.0019955,-4.886e-06,0.0002625,6664.93
0,6632473,3,phononTS,0.00360225,-0.0032241,0.000245465,0.000262498,88.1081,0.00128448,1,-0.00123343,0.0019835,-0.0002625,580.304
0,6633759,15,phononTF,0.00131249,-0.00320589,-0.0013357,-0.000262498,538.544,0.000382,1,-0.00300101,-0.000997898,0.0002625,655.783
0,6634018,12,phononTS,0.000534612,-0.00198872,0.00199041,-0.0002625,2669.71,0.000382,1,-0.00199967,0.00200384,0.0002625,2975.49
0,6635661,3,phononTF,0.00418021,-0.0029361,-0.000998277,0.000245823,27.3226,0.000764,1,-0.00300039,-0.00100299,0.0002625,390.973
0,6638606,6,phononTS,0.000594954,0.00196099,-1.78653e-05,-0.0002625,114.486,0.000382,1,0.00200331,1.96811e-06,0.0002625,2815.24
0,6640001,11,phononTF,0.000472349,-2.39296e-06,-3.53274e-06,0.000262498,4816.54,0.000472349,1,-0.000709999,-0.000426452,-0.0002625,4993.54
0,6646106,5,phononTF,0.000538079,0.000348056,-0.00166569,-0.000262498,1780.9,0.000382,1,-9.31507e-07,-0.00200063,0.0002625,1903.02
0,6653023,9,phononTF,0.000765008,0.000457799,-0.00348597,-0.000262498,2780.34,0.000382,1,0.00100432,-0.00299869,0.0002625,2936.72
0,6653024,1,phononL,0.01,-0.0033195,0.000453212,-0.000173194,0,0.00453245,1,-0.00329554,0.000415653,-0.0002625,619.419
0,6655181,11,phononTS,0.000928964,-0.00195969,-0.00010134,-0.0002625,188.557,0.000382,1,-0.0020013,-4.38877e-06,0.0002625,664.482
0,6661974,9,phononTS,0.0010201,-0.00101234,0.00218438,-0.000262498,571.558,0.000382,1,-0.0019993,0.00200255,0.0002625,802.495
0,6663429,12,phononL,0.000428548,-0.001645,-0.00193311,-0.0002625,13664.1,0.000382,1,-0.00200364,-0.0020027,0.0002625,14185.5
0,6663429,4,phononTS,0.000719806,-0.00195572,-0.000208989,0.000262498,850.117,0.000550886,1,-0.00151006,0.000306355,-0.0002625,1033.17
0,6663429,2,phononTF,0.00277743,-0.00303655,-0.000165097,-5.20626e-05,470.662,0.00110393,1,-0.00320702,1.09904e-06,-0.0002625,525.042
0,6665355,15,phononTF,0.00119534,-0.00261889,-0.00138819,-0.0002625,364.48,0.000382,1,-0.00200045,-0.00199771,0.0002625,712.962
0,6666435,10,phononL,0.000945351,0.000714993,-0.000697873,-0.000262498,1973.77,0.000382,1,0.000996503,-0.000998976,0.0002625,2047.32
0,6680005,9,phononTS,0.000403237,-2.76326e-05,0.00201024,-0.0002625,4338.18,0.000382,1,1.77085e-06,0.00200488,0.0002625,4829.69
0,6688075,11,phononTS,0.000595576,-0.00196618,-0.00201483,-0.0002625,10310.9,0.000382,1,-0.00199798,-0.0019985,0.0002625,10646.5
0,6688283,15,phononTF,0.000739833,-0.005,0.00115618,-2.3075e-05,287.524,0.000382,1,0.00300298,0.00099972,0.0002625,5725.44
0,6689933,7,phononTF,0.000935202,-0.00174376,0.00156195,-0.0002625,253.801,0.000382,1,-0.00199827,0.00200442,0.0002625,1544.48
0,6690541,8,phononTF,0.00101807,-0.00246354,0.000474895,-0.000262498,704.078,0.000382,1,-0.00200116,-3.83315e-06,0.0002625,849.102
0,6690858,5,phononL,0.000990512,-0.00183125,0.000926988,-0.0002625,64.2267,0.000382,1,-0.000998474,0.00100062,0.0002625,787.912
0,6696477,6,phononL,0.00153511,-0.00283022,-0.00127425,-0.000262498,1398.34,0.000764,1,-0.00299818,-0.00100246,0.0002625,1467.08
0,6697772,6,phononTS,0.000865343,-0.00303518,-0.0010278,-0.0002625,272.275,0.000764,1,-0.00300435,-0.00100089,0.0002625,1259.51
0,6699767,9,phononTS,0.000443568,-0.00227878,-0.00186322,-0.0002625,1925.89,0.000382,1,-0.00199979,-0.00199684,0.0002625,2672.32
0,6701667,14,phononTS,0.000571742,-0.000971368,0.00301158,-0.000262498,1862.07,0.000382,1,-0.00100482,0.00300282,0.0002625,1952.51
0,6703048,6,phononTS,0.000440714,-0.00298918,-0.000617569,-0.0002625,64.5669,0.000382,1,-0.00299561,-0.000995273,0.0002625,542.206
0,6703929,7,phononTS,0.000633472,4.91514e-05,-0.000366574,-0.0002625,1420.81,0.000382,1,3.36232e-06,3.94871e-06,0.0002625,1916.61
0,6703929,4,phononTF,0.000803227,-0.00332673,3.98071e-05,0.000262498,406.167,0.000712466,1,-0.00358046,0.000281542,-0.0002625,514.155
0,6704606,8,phononTS,0.000928115,-0.00110438,0.000699155,-0.0002625,7605.84,0.000382,1,-0.000995596,0.000996298,0.0002625,8821.48
0,6705113,5,phononTS,0.000403377,-0.00189297,-0.00114307,-0.0002625,1777.2,0.000382,1,-0.00200217,-0.00199608,0.0002625,2763.04
0,6707381,11,phononTS,0.000435417,0.00310802,0.00185064,-0.0002625,1820.35,0.000382,1,0.0029981,0.00100031,0.0002625,10358.3
0,6716320,12,phononTS,0.000419583,0.00294647,0.000287887,-0.000262498,5804.66,0.000382,1,0.00300276,0.000998247,0.0002625,5981.53
0,6716940,3,phononTF,0.00164485,-0.00125672,0.000741633,-0.0002625,1559.9,0.001146,1,-0.000995569,0.00100324,0.0002625,2109.51
0,6721670,10,phononTS,0.000657707,0.000800043,-0.00288847,-0.0002625,2549.88,0.000382,1,0.00100481,-0.00300134,0.0002625,3136.04
0,6723132,9,phononTS,0.000510545,-0.00222093,1.82787e-05,-0.0002625,69.7068,0.000382,1,-0.00200341,-3.75947e-06,0.0002625,439.746
0,6727601,10,phononTS,0.000585627,-0.000174365,-0.005,-0.000117992,1778.04,0.000382,1,0.00100379,-0.00300292,0.0002625,2645.63
0,6728689,16,phononL,0.000741994,-0.0025276,0.00174564,-0.0002625,573.955,0.000382,1,-0.00199892,0.00200072,0.0002625,1106.11
0,6733882,6,phononTF,0.00064922,-0.00229161,-0.00158699,-0.0002625,1662.72,0.000382,1,-0.00199603,-0.00200391,0.0002625,2833.28
0,6738538,11,phononL,0.000794474,-0.00157273,0.00333575,-0.0002625,1341.02,0.000382,1,-0.000999509,0.00300478,0.0002625,2061.24
0,6738571,9,phononTF,0.000954559,-0.00263783,-0.000619729,-0.0002625,345.969,0.000382,1,-0.00300433,-0.00100029,0.0002625,876.483
0,6742846,4,phononTS,0.000817351,-0.00261086,3.44053e-06,-0.0002625,28.3409,0.000382,1,-0.00200341,-6.1767e-08,0.0002625,350.367
0,6745086,3,phononTF,0.000692533,-0.00196136,0.00252037,-0.0002625,910.68,0.000382,1,-0.000997287,0.00300318,0.0002625,2135.87
0,6745952,12,phononTS,0.000686936,-0.00322089,6.82964e-05,-0.000262498,147.654,0.000382,1,-0.00299927,-0.000999174,0.0002625,391.07
0,6746554,9,phononTS,0.000505616,-0.0027501,-5.2693e-05,-0.000262498,887.846,0.000382,1,-0.00200146,4.31251e-06,0.0002625,1073.55
0,6748441,2,phononL,0.000910332,-0.0029521,-0.000363004,-0.0002625,679.719,0.000382,1,-0.00299778,-0.00100228,0.0002625,1150.86
0,6760939,9,phononTS,0.000653185,-0.00299121,4.80693e-05,-0.000262498,192.386,0.000382,1,-0.0020042,-3.41654e-06,0.0002625,410.667
0,6763746,16,phononTS,0.000463848,-0.00212936,-0.000919883,-0.0002625,1807.37,0.000382,1,-0.0019968,-4.63175e-06,0.0002625,4154.78
0,6765543,4,phononTS,0.00127462,-0.00282399,-0.000120284,-0.0002625,78.7959,0.001146,1,-0.00200401,2.62833e-06,0.0002625,436.355
0,6766659,2,phononTF,0.00509838,-0.00296186,-0.000940422,0.00018263,718.225,0.000764,1,-0.0029988,-0.00100365,0.0002625,1380.26
0,6766659,11,phononTF,0.00138039,-0.0029988,-0.00100365,0.000262498,1380.26,0.000520109,1,-0.00309621,-0.00109752,-0.0002625,1473.06
0,6768283,3,phononL,0.00142345,-0.00270074,-0.000185943,-0.000262498,1213.63,0.000382,1,-0.00199993,-4.46037e-06,0.0002625,1310.09
0,6768283,16,phononTS,0.000787741,-0.00199993,-4.46037e-06,0.000262498,1310.09,0.000787741,1,-0.00201664,0.000436851,-0.0002625,1447.88
0,6770595,5,phononTS,0.00124988,-0.00104367,0.00267139,-0.0002625,1630.35,0.000764,1,-0.00099991,0.00299698,0.0002625,2706.48
0,6771347,2,phononTF,0.00277549,-0.00214467,-6.85979e-05,-0.0002625,323.266,0.000764,1,-0.00199862,-2.90989e-06,0.0002625,800.393
0,6775595,11,phononTS,0.000452133,4.87318e-05,-3.05061e-05,-0.0002625,6191.3,0.000382,1,-4.75536e-06,-4.22263e-06,0.0002625,6629.84
0,6778811,12,phononTS,0.00104961,-0.00318633,-0.00230634,-0.0002625,7652.28,0.000764,1,-0.00199891,-0.00199795,0.0002625,9082.81
0,6779900,10,phononTS,0.000859471,-0.00204099,-0.0017905,-0.000262498,16217.9,0.000382,1,-0.00199745,-0.00199678,0.0002625,16326.6
0,6780898,18,phononTS,0.000425656,-0.00300459,-0.00100367,0.0002625,2027.15,0.000425656,1,-0.00305216,-0.00103791,-0.0002625,2876.36
0,6781394,10,phononTS,0.000897731,-0.0018822,0.00204493,-0.0002625,5035.85,0.000382,1,-0.0020034,0.00200158,0.0002625,5736.4
0,6782805,10,phononTS,0.000720622,0.00130636,0.0020397,-0.0002625,5723.5,0.000382,1,0.00100468,0.000997067,0.0002625,8067.59
0,6788242,15,phononTF,0.00133389,-0.00195632,-0.00180894,-0.0002625,2023.34,0.000382,1,-0.00199618,-0.0020008,0.0002625,3242.41
0,6791118,2,phononTS,0.000802918,-0.000950063,0.00295273,-0.0002625,485.088,0.000382,1,-0.00100493,0.0029954,0.0002625,1626.28
0,6794485,9,phononTF,0.000424546,0.00177227,0.00223016,-0.000262499,2928.57,0.000382,1,0.00199661,0.001999,0.0002625,3034
0,6794485,6,phononTS,0.00129299,-0.00299688,0.000273661,0.000262498,101.67,9.43409e-05,1,-0.00267955,0.00142791,-0.0002625,364.247
0,6795759,5,phononTS,0.00130241,-0.002427,-4.55999e-05,-0.0002625,510.337,0.000382,1,-0.00200078,2.89872e-07,0.0002625,781.442
0,6795759,6,phononTS,0.000731708,-0.00200078,2.89872e-07,0.000262498,781.442,0.000731708,1,-0.00204626,0.000577259,-0.0002625,938.039
0,6795759,4,phononTF,0.00236898,-0.00285321,-9.14895e-05,0.000262498,510.337,0.000698164,1,-0.00257926,0.00017429,-0.0002625,621.427
0,6803146,2,phononL,0.00568398,-0.000312429,-0.00163206,-0.0002625,0.966673,0.000382,1,2.24055e-06,-0.00200358,0.0002625,2035.86
0,6805398,10,phononTS,0.000535855,-0.00018893,0.000373457,-0.0002625,2742.51,0.000382,1,1.21393e-06,-1.51311e-06,0.0002625,3846.92
0,6812358,12,phononL,0.000448761,-0.000163931,-0.000467553,-0.0002625,1735.86,0.000382,1,-1.88505e-06,4.65361e-06,0.0002625,3183.66
0,6814491,14,phononTS,0.000395901,-0.00146337,0.000515016,-0.0002625,1303.31,0.000382,1,-0.00200071,0.00199689,0.0002625,5356.31
0,6814711,16,phononTS,0.000523331,0.0020135,-0.000152679,-0.000262498,3110.72,0.000382,1,0.00200486,-3.89074e-06,0.0002625,3215.65
0,6816769,16,phononTS,0.000587247,-0.00218642,0.00195951,-0.000262498,7261.64,0.000382,1,-0.00200108,0.00199973,0.0002625,7368.11
0,6817194,16,phononTS,0.000674674,0.00191886,0.000711964,-0.000262498,2630.36,0.000382,1,0.00200486,-3.40708e-06,0.0002625,2808.32
0,6818536,2,phononTF,0.00397651,-0.00221415,0.000221062,-0.0002625,1437.51,0.000382,1,-0.00200229,-1.6294e-06,0.0002625,1754.09
0,6818536,17,phononTF,0.00277952,-0.00200229,-1.6294e-06,0.000262498,1754.09,0.000540864,1,-0.00192018,7.64451e-05,-0.0002625,1846.03
0,6823415,8,phononTS,0.000617906,-0.00100286,0.00100176,0.000262498,7342.61,0.000617906,1,-0.00104226,0.000967865,-0.0002625,7431.98
0,6827819,2,phononTS,0.000541249,0.0021134,0.000832692,-0.0002625,1380.25,0.000382,1,0.00299729,0.00100434,0.0002625,2864.13
0,6827820,1,phononTF,0.01,-0.00303537,0.00035781,-0.000224464,0,0.00453788,1,-0.00295753,0.000281278,-0.0002625,1562.1
0,6828447,15,phononTS,0.000563727,0.00201513,0.00227918,-0.0002625,2872.37,0.000382,1,0.00200342,0.00199873,0.0002625,3226.83
0,6830198,15,phononTF,0.000408019,-0.00143505,-0.00145145,-0.0002625,4047,0.000382,1,-0.00100022,-0.000999966,0.0002625,4992.01
0,6831988,20,phononTS,0.000395321,0.0029508,0.000937101,-0.000262498,8158.95,0.000382,1,0.00300235,0.000996708,0.0002625,8253.66
0,6832240,14,phononTF,0.000477749,0.000738611,-0.00124345,-0.0002625,4453.1,0.000382,1,4.80092e-06,-0.00200197,0.0002625,5682.15
0,6832735,10,phononTS,0.000903329,-0.00199659,-1.20921e-06,0.000262498,751.451,0.000390454,1,-0.00205331,-2.32693e-05,-0.0002625,849.355
0,6836795,3,phononTF,0.00243805,-0.00230727,0.000266392,-0.0002625,527.008,0.000382,1,-0.00199783,-2.53605e-06,0.0002625,758.112
0,6839429,8,phononTF,0.000513112,0.000761131,-0.00289489,-0.0002625,8753.36,0.000382,1,0.0010049,-0.00299746,0.0002625,10132.7
0,6845123,7,phononTS,0.000519836,-0.00300011,-0.000309791,-0.000262498,249.028,0.000382,1,-0.00199738,-0.00199609,0.0002625,639.881
0,6846948,4,phononTS,0.000465183,-0.00149405,-0.00104838,-0.0002625,1334.5,0.000382,1,-0.00100301,-0.0010021,0.0002625,2665.19
0,6853210,7,phononTS,0.000493347,-0.00325169,-0.000636045,-0.0002625,1114.2,0.000382,1,-0.00299631,-0.00100018,0.0002625,1553.95
0,6854544,18,phononTS,0.000543855,-0.00258137,2.68006e-05,-0.0002625,884.626,0.000382,1,-0.00200076,8.71149e-07,0.0002625,1199.94
0,6855017,19,phononTS,0.00117303,0.000364945,-0.000958216,-0.0002625,1834.25,0.000382,1,0.000995371,-0.00100383,0.0002625,2655.19
0,6856292,10,phononL,0.000552556,-0.00349259,0.000294388,-0.000262498,2933.97,0.000382,1,-0.00300406,-0.00100351,0.0002625,3099.35
0,6858965,19,phononTF,0.000482569,0.0010986,-0.0009702,-0.0002625,5747.99,0.000382,1,0.000998409,-0.000998593,0.0002625,6506.25
0,6860639,8,phononTS,0.000408439,0.00312214,0.000877373,-0.0002625,2784.89,0.000382,1,0.00300316,0.00099559,0.0002625,5537.38
0,6863069,20,phononTF,0.000478613,-0.000345829,0.0003366,-0.0002625,3584.23,0.000382,1,-1.58981e-06,3.4542e-06,0.0002625,4321.18
0,6864140,17,phononTF,0.00105753,0.00199781,-0.00200496,0.000262498,11247.8,0.000353178,1,0.00270694,-0.00270134,-0.0002625,11440.3
0,6864389,9,phononTS,0.000918599,-0.00269831,-0.00104678,-0.000262498,895.177,0.000382,1,-0.00299597,-0.00100369,0.0002625,1014.34
0,6868481,42,phononTF,0.000421666,-0.00255389,-0.000550418,-0.0002625,6511.47,0.000382,1,-0.00199967,-0.00200087,0.0002625,10473.1
0,6871369,20,phononTS,0.000553374,-0.00342541,-0.000656688,-0.0002625,409.699,0.000382,1,-0.00200288,-2.10926e-07,0.0002625,917.575
0,6877978,10,phononTS,0.000529181,-4.9749e-05,-0.00172443,-0.0002625,1350.52,0.000382,1,-3.55986e-06,-0.00199512,0.0002625,2668.88
0,6881957,5,phononTF,0.000685033,-0.00313964,-0.000764742,-0.0002625,758.983,0.000382,1,-0.0029997,-0.000998981,0.0002625,1071
0,6882742,5,phononTF,0.000585263,-0.00312399,0.000434064,-0.0002625,13.044,0.000382,1,-0.00200021,-4.41414e-06,0.0002625,370.709
0,6890280,24,phononTS,0.000898483,-0.00299693,-0.00099873,0.000262498,770.095,0.000898483,1,-0.00326154,-0.00179645,-0.0002625,974.868
0,6897042,18,phononTF,0.000510566,0.000998647,-0.000997216,0.000262498,14869.2,0.000510566,1,0.000701632,-0.00130803,-0.0002625,14986.1
0,6907334,3,phononTF,0.00237148,-0.000600338,0.00262024,-0.0002625,4.27266,0.000382,1,-0.00100311,0.00300459,0.0002625,815.991
0,6908116,2,phononL,0.00111911,-0.00126426,0.00141834,-0.0002625,402.647,0.000382,1,-0.00100106,0.00100006,0.0002625,1243.82
0,6912070,13,phononTF,0.000719506,0.000551362,-0.00266611,-0.000262499,5775.16,0.000382,1,0.000998251,-0.00299868,0.0002625,5910.56
0,6919540,16,phononTF,0.000627747,-0.0018467,-0.00015501,-0.000262498,1206.5,0.000382,1,-0.0019959,-3.96215e-06,0.0002625,1303.58
0,6920489,5,phononTF,0.000521946,-0.000538341,-0.00147262,-0.000262498,2028.88,0.000382,1,-0.0010011,-0.00100192,0.0002625,2173.24
0,6922517,4,phononTS,0.00172503,-0.000477169,-4.61218e-05,-0.0002625,561.033,0.000382,1,2.37241e-06,3.77474e-06,0.0002625,1702.82
0,6925687,4,phononTS,0.00123324,-0.00199515,-3.11272e-06,0.0002625,173.901,0.0002783,1,-0.00125805,-7.19998e-06,-0.0002625,912.85
0,6929852,7,phononTS,0.000428404,0.000770838,0.00104301,-0.0002625,3058.81,0.000382,1,0.000996943,0.0010022,0.0002625,7167.77
0,6929852,4,phononTF,0.00131042,-0.00321383,7.13948e-06,0.000262498,30.9553,0.000714471,1,-0.00315877,0.000266484,-0.0002625,136.752
0,6933013,6,phononTF,0.00129698,-0.005,0.00233634,-0.000157605,301.528,0.000382,1,-0.0030044,-0.000996009,0.0002625,1947.58
0,6936475,11,phononTS,0.000436786,-0.0014144,0.00246931,-0.000262498,3115.97,0.000382,1,-0.00199694,0.00200393,0.0002625,3309.13
0,6941716,15,phononTS,0.00132579,0.000647538,0.00201455,-0.0002625,2314.66,0.000382,1,-0.000995737,0.000995262,0.0002625,3840.54
0,6945099,15,phononTF,0.000781901,-0.00127495,0.00273442,-0.0002625,439.093,0.000382,1,-0.000997599,0.00299899,0.0002625,7581.81
0,6946513,13,phononTS,0.000690478,-0.00100465,-0.000998351,0.000262498,1975.78,0.000690478,1,-0.000960416,-0.00097445,-0.0002625,2068.21
0,6946513,2,phononTS,0.000905843,-0.00280863,0.000168685,0.000262498,450.613,0.000863553,1,-0.00284661,0.000160407,-0.0002625,541.393
0,6946572,6,phononTS,0.00114444,-0.00239216,-0.00177297,-0.0002625,1182.89,0.000382,1,-0.00199837,-0.00199905,0.0002625,1572.11
0,6946572,4,phononTS,0.000575875,-0.00319782,-0.000572489,0.000262498,277.959,0.000575875,1,-0.0031993,-0.000576417,-0.0002625,367.831
0,6946800,8,phononTF,0.000477843,-0.00135682,0.00130917,-0.0002625,1440.7,0.000382,1,-0.000999414,0.0010004,0.0002625,1809.01
0,6951374,6,phononL,0.00129955,-0.00316957,0.00188543,-0.0002625,270.436,0.000382,1,-0.00199814,0.00200437,0.0002625,705.906
0,6952548,12,phononTF,0.000387124,-0.00112136,-0.00272956,-0.0002625,2639.44,0.000382,1,2.57509e-07,-0.00199562,0.0002625,3081.54
0,6955633,19,phononTF,0.000559234,-0.000585868,0.000464267,-0.000262498,5217.38,0.000382,1,-0.00099712,0.0010032,0.0002625,5368.84
0,6956855,5,phononTF,0.002657,-0.0021511,0.00185986,-0.0002625,3709.91,0.000764,1,-0.00200046,0.00200464,0.0002625,4193.55
0,6961833,9,phononTF,0.000998997,0.00139104,-0.00356756,-0.0002625,6774.94,0.000382,1,0.000998204,-0.000995788,0.0002625,8994.15
0,6964868,9,phononTS,0.000390193,-0.00181587,-0.0020753,-0.000262498,998.547,0.000382,1,-0.00200035,-0.00200217,0.0002625,1110.87
0,6964868,7,phononTF,0.00145798,-0.00379115,-0.00117862,0.000262498,565.788,0.000999459,1,-0.00291003,-0.00069504,-0.0002625,771.894
0,6966277,9,phononTF,0.00107628,-0.00200101,-2.93606e-06,0.000262498,2623.62,0.000449499,1,-0.0022055,-0.000197605,-0.0002625,2725.62
0,6966437,7,phononTS,0.000739114,0.000996854,-0.00100425,0.000262498,3896.38,0.000739114,1,0.00104277,-0.000989161,-0.0002625,3988.2
0,6970302,6,phononTS,0.000610802,-0.00224136,6.40479e-06,-0.0002625,10.1848,0.000382,1,-0.001999,1.31773e-06,0.0002625,840.752
0,6971742,20,phononTF,0.0010036,0.00336548,-0.000103625,-0.0002625,1596.59,0.000382,1,0.00200067,3.0532e-06,0.0002625,4336.22
0,6975081,7,phononTS,0.000691593,0.000945297,-0.00301455,-0.000262498,4426.68,0.000382,1,0.00100078,-0.00299668,0.0002625,4516.44
0,6975081,5,phononTS,0.000635252,-0.005,-0.00241005,-1.6683e-06,591.084,0.000635252,1,-0.00480112,-0.00254965,-0.0002625,1380.01
0,6975081,4,phononTF,0.00070536,-0.00354745,0.000739112,0.000262498,591.084,0.000254706,1,-0.00397843,0.000318049,-0.0002625,727.862
0,6977577,19,phononTS,0.000410837,0.00100135,-0.00100048,0.000262499,4486.32,0.000410837,1,0.00103217,-0.000937988,-0.0002625,4581.51
0,6979223,10,phononTS,0.000453602,-0.00426638,0.00250816,-0.0002625,2021.41,0.000382,1,-0.000995612,-0.00100125,0.0002625,5890.76
0,6983333,8,phononTS,0.000966004,-0.00297014,-0.000991617,-0.000262498,1368.88,0.000382,1,-0.00300128,-0.00099929,0.0002625,1458.43
0,6984110,12,phononTS,0.000524647,-7.31897e-05,4.80972e-05,-0.000262498,1537.82,0.000382,1,3.6608e-06,-2.6355e-06,0.0002625,1633.91
0,6984614,5,phononTS,0.00118293,0.000278728,-0.00337742,-0.0002625,64.5983,0.000382,1,0.00100201,-0.00299843,0.0002625,1293.34
0,6988629,11,phononTS,0.000441444,-1.46845e-06,0.00200007,0.000262498,7386.69,0.000441444,1,0.000286332,0.000801858,-0.0002625,7654.55
0,6989913,5,phononTS,0.000874336,0.00176375,-0.0029685,-0.0002625,9.07112,0.000382,1,0.00200293,-0.00199677,0.0002625,3067.81
0,6991871,11,phononTF,0.000429918,0.00299559,0.000995169,0.0002625,2039.32,0.000429918,1,0.00341458,0.00141041,-0.0002625,4207.75
0,6996953,11,phononTS,0.000520273,0.000671508,0.00104512,-0.0002625,7062.2,0.000382,1,0.000996059,0.00100247,0.0002625,7767.82
0,6996953,2,phononL,0.00284625,-0.00259284,-0.00107176,0.000262498,2911.15,0.00112771,1,-0.00297214,-0.000958752,-0.0002625,2983.44
0,6997842,13,phononTS,0.00115131,-0.002061,0.000158705,-0.0002625,459.891,0.000382,1,-0.00200222,4.75037e-06,0.0002625,1639.46
0,6997842,14,phononTS,0.000738521,-0.00200222,4.75037e-06,0.000262498,1639.46,0.000738521,1,-0.00340836,-0.00054616,-0.0002625,1955.86
0,6999134,11,phononTS,0.000468713,0.000964967,0.00103096,-0.000262498,5885.08,0.000382,1,0.00100375,0.00100198,0.0002625,5974.58
0,7000257,7,phononL,0.000582302,-0.00310186,-0.0005189,-0.0002625,513.66,0.000382,1,-0.00300339,-0.0009955,0.0002625,668.897
0,7000575,28,phononTF,0.000461975,0.00211401,-0.00196165,-0.0002625,2171.01,0.000382,1,0.00200322,-0.00199962,0.0002625,2965.87
0,7001250,8,phononTF,0.00119427,-0.000423114,0.005,-5.50959e-05,2061.09,0.00119427,1,-0.000466298,0.00390368,-0.0002625,2672.46
0,7006349,14,phononTF,0.000944402,-0.00300367,-0.000995946,0.000262498,2785.37,0.00054641,1,-0.00330383,-0.000684514,-0.0002625,2901.79
0,7007341,12,phononTS,0.00112774,-0.00256656,0.00265524,-0.0002625,966.937,0.000382,1,-0.00100242,0.00299817,0.0002625,2161.33
0,7008109,5,phononTS,0.00116012,-0.0020046,-0.00197585,-0.0002625,2961.15,0.000382,1,-0.00199821,-0.00200011,0.0002625,3274.44
0,7008271,12,phononTS,0.000449155,-0.00247756,-6.47456e-05,-0.0002625,182.076,0.000382,1,-0.00200021,-3.60339e-07,0.0002625,622.701
0,7008840,10,phononTF,0.000648849,-0.00222387,0.0017793,-0.0002625,3004.1,0.000382,1,-0.00199577,0.00199715,0.0002625,3890.03
0,7010165,19,phononTF,0.000563554,0.000891594,-0.000903666,-0.0002625,3391.04,0.000382,1,0.000995694,-0.00100486,0.0002625,4230.26
0,7011065,12,phononTS,0.0006755,-1.22824e-06,9.00907e-07,0.000262498,3096.12,0.0006755,1,-1.89697e-05,0.000483087,-0.0002625,3240.1
0,7012244,7,phononTS,0.000752818,7.28832e-05,-0.000192789,-0.0002625,4545.03,0.000382,1,6.73586e-07,4.73958e-08,0.0002625,5336.67
0,7013518,14,phononTS,0.000606527,-4.61605e-05,-0.00197992,-0.000262498,738.452,0.000382,1,-4.17037e-06,-0.00199548,0.0002625,828.484
0,7014946,6,phononTS,0.00049943,-0.00288179,0.005,-0.000206347,853.191,0.000382,1,2.98244e-06,0.00199909,0.0002625,3138.3
0,7015000,6,phononTS,0.000710781,-0.00291488,-0.00100419,-0.0002625,412.428,0.000382,1,-0.00299723,-0.000996885,0.0002625,707.192
0,7015225,11,phononTF,0.000533593,-8.76184e-05,-0.000156183,-0.0002625,1805.47,0.000382,1,4.31518e-07,-3.65104e-07,0.0002625,3232.57
0,7015225,2,phononTS,0.000803861,-0.00315635,-4.01942e-05,0.000262498,52.6373,0.000513931,1,-0.00221841,5.63532e-05,-0.0002625,273.037
0,7016053,8,phononTF,0.000795664,-0.000396674,0.00188011,-0.0002625,482.535,0.000382,1,1.36228e-06,0.00200043,0.0002625,1563.7
0,7016561,19,phononTS,0.000561609,-0.00135745,0.00112467,-0.0002625,361.56,0.000382,1,-1.40246e-06,0.00199832,0.0002625,2119.54
0,7017043,18,phononTS,0.000501334,-0.0020037,3.35277e-06,0.000262498,12208.7,0.000501334,1,-0.00217723,-0.000173575,-0.0002625,12328.3
0,7018350,11,phononTF,0.00055287,-0.000711,0.00268001,-0.0002625,2477.45,0.000382,1,-0.00100408,0.00300245,0.0002625,4496.85
0,7018350,10,phononTF,0.00111802,-0.00454344,0.00118189,0.000262498,2477.45,0.00111802,1,-0.00451319,0.00126819,-0.0002625,2569.27
0,7022827,18,phononTF,0.000866584,-0.00224143,0.00224953,-0.000262498,740.334,0.000382,1,-0.00199636,0.00199628,0.0002625,848.588
0,7023938,4,phononL,0.000641418,-0.000897809,0.0034451,-0.0002625,532.219,0.000382,1,-0.00100119,0.00299922,0.0002625,2040.04
0,7023949,20,phononTS,0.000462324,-0.00303069,-0.000420087,-0.000262498,728.256,0.000382,1,-0.00299991,-0.00100104,0.0002625,885.394
0,7030934,28,phononTF,0.000562835,-0.00188079,-0.00011495,-0.0002625,4131.67,0.000382,1,-0.00200135,-3.18833e-06,0.0002625,8178.95
0,7032590,5,phononTF,0.00132814,-0.00232042,-0.00167529,-0.0002625,1226.94,0.000382,1,-0.00199667,-0.00200416,0.0002625,1706.1
0,7038629,18,phononTF,0.000591361,-0.000244109,0.000162315,-0.000262498,2216.65,0.000382,1,-0.00100311,0.000998163,0.0002625,2431.93
0,7046867,10,phononTS,0.000625368,-0.000988211,0.00328619,-0.0002625,3603.59,0.000382,1,-0.00100238,0.00299866,0.0002625,4204.23
0,7047811,8,phononTS,0.00110446,-0.000264153,0.00172891,-0.0002625,2912.14,0.000382,1,-4.22552e-06,0.00200481,0.0002625,3324.55
0,7049042,5,phononTS,0.000516943,-0.00300046,-0.000999326,0.0002625,343.439,0.000516943,1,-0.00284603,-0.00199203,-0.0002625,798.726
0,7049635,3,phononL,0.00282505,-0.00100106,0.00100817,0.000215703,1212.71,0.00123293,1,-0.000517336,0.000509086,-0.0002625,1860.93
0,7053663,9,phononTF,0.00111031,-0.00349603,-0.000726472,-0.0002625,791.232,0.000764,1,-0.00300264,-0.000998961,0.0002625,1212.41
0,7055611,13,phononTF,0.000554271,3.31492e-06,0.00199745,0.000262498,6632.2,0.000554271,1,0.00178271,0.00373057,-0.0002625,7067.54
0,7056741,17,phononL,0.000864393,-0.000831156,-0.00258145,-0.0002625,2425.95,0.000382,1,-3.11354e-06,-0.00200015,0.0002625,2810.77
0,7059100,8,phononTS,0.00039763,-0.00199489,0.00196597,-0.0002625,2207.93,0.000382,1,-0.00199986,0.00200482,0.0002625,3021.61
0,7059551,11,phononTS,0.000835499,2.22738e-05,0.00204468,-0.0002625,3723.56,0.000382,1,2.05316e-06,0.00199793,0.0002625,4901.75
0,7066416,5,phononTS,0.000890612,-0.005,0.000549995,-0.00012329,404.523,0.000382,1,-0.00300164,-0.00100488,0.0002625,7243.36
0,7068684,2,phononTF,0.00177433,-0.00161545,-0.000391049,-0.0002625,108.55,0.000764,1,-0.0019956,-4.34197e-07,0.0002625,801.205
0,7071975,6,phononTS,0.00131198,-0.00239544,4.52621e-05,-0.0002625,82.4116,0.000382,1,-0.00200024,1.45571e-06,0.0002625,608.368
0,7071975,14,phononTS,0.000413774,-0.00200024,1.45571e-06,0.000262498,608.368,0.000413774,1,-0.00197957,2.45726e-05,-0.0002625,698.073
0,7074281,14,phononTF,0.000486432,-0.00232334,-0.00232472,-0.0002625,3365.89,0.000382,1,-0.00200335,-0.00199881,0.0002625,3723.24
0,7075271,4,phononTS,0.000854883,-0.00311095,-0.000449897,-0.0002625,1205.24,0.000382,1,-0.00199713,-0.00199573,0.0002625,1952.18
0,7075406,7,phononTS,0.000901859,0.000905532,-0.00229009,-0.0002625,2894.24,0.000382,1,0.000995027,-0.00299839,0.0002625,3778.18
0,7078154,3,phononTS,0.00455989,0.00198661,0.00142616,-0.000174685,875.256,0.001146,1,0.00200217,0.00200321,0.0002625,2634.67
0,7078683,2,phononTS,0.00358073,-0.00202451,-0.00114259,-0.0002625,1006.09,0.000764,1,-0.00200435,-0.00199868,0.0002625,1927.37
0,7080266,2,phononTF,0.0034757,-0.00315419,0.000165433,0.000150948,1265.98,0.000382,1,-0.00199811,3.26691e-06,0.0002625,1534.53
0,7080534,18,phononTS,0.00047882,0.00104762,-0.00313021,-0.0002625,2405.2,0.000382,1,0.000995747,-0.00299831,0.0002625,2934.81
0,7081161,3,phononTS,0.00568557,-0.000521288,-0.00249282,-0.000244669,339.58,0.00125905,1,-0.000522903,-0.00249839,-0.0002625,1479.34
0,7086722,14,phononTF,0.000545484,-0.00299993,-0.000997854,0.000262498,3379.41,0.000545484,1,-0.00355312,-0.000445003,-0.0002625,3540.67
0,7091869,15,phononTS,0.000950008,0.00199974,-0.00199758,0.000262498,4334.83,0.000481192,1,0.00216618,-0.00206973,-0.0002625,4445.33
0,7093843,24,phononTF,0.000530646,-0.00233401,0.000324053,-0.0002625,1996.14,0.000382,1,-0.00199802,4.50612e-06,0.0002625,2358.18
0,7094071,20,phononTF,0.000904943,-0.00202228,0.000133281,-0.0002625,2380.96,0.000382,1,-0.00200458,-2.33928e-06,0.0002625,2901.77
0,7094071,21,phononTS,0.000430966,0.00498166,-0.005,-0.000102334,2901.77,0.000430966,1,0.005,-0.00496346,-0.000119552,4470.63
0,7094072,1,phononL,0.01,-0.00343081,8.26517e-05,-0.000246573,0,0.00187257,1,-0.00343259,9.81793e-05,-0.0002625,462.41
0,7094760,12,phononTS,0.000630424,-3.16962e-05,0.00194381,-0.000262498,9648.26,0.000382,1,-2.9737e-06,0.00199833,0.0002625,9740.7
0,7095613,15,phononTS,0.000467861,0.000991688,0.00100151,-0.0002625,4672.85,0.000382,1,0.0010026,0.0010034,0.0002625,8835.6
0,7095974,9,phononTS,0.000668651,-0.00204986,0.00174966,-0.000262498,768.259,0.000382,1,-0.00199894,0.0019978,0.0002625,885.846
0,7098321,12,phononTS,0.00138626,0.00136829,-0.00384872,-0.0002625,793.331,0.000382,1,-9.82565e-07,-0.00199839,0.0002625,3796.97
0,7105295,26,phononTS,0.000402415,-0.00252904,0.00324336,-0.0002625,8422.05,0.000382,1,-0.0010048,0.00300123,0.0002625,10170.6
0,7106770,10,phononTS,0.000602248,0.00195436,0.00196547,-0.0002625,7417.28,0.000382,1,0.00199954,0.00199656,0.0002625,11396.8
0,7106770,3,phononTS,0.00131953,-0.00325544,-5.63711e-05,0.000262498,756.114,0.00054308,1,-0.00200801,-0.00049761,-0.0002625,1041.27
0,7111045,11,phononTF,0.000601242,-0.000508501,0.00317737,-0.000262498,4121.76,0.000382,1,-0.000995265,0.00299807,0.0002625,4259.81
0,7111729,8,phononTF,0.000844298,-0.000958487,-0.000774699,-0.0002625,590.848,0.000382,1,-0.00100072,-0.000995966,0.0002625,905.658
0,7115587,9,phononTS,0.00083464,-0.00116172,-0.00116197,-0.000262498,1006.82,0.000382,1,-0.00100123,-0.00100223,0.0002625,1123.74
0,7121509,8,phononTS,0.000535926,0.00227198,0.00237727,-0.0002625,2925.51,0.000382,1,0.00199824,0.00199974,0.0002625,9038.31
0,7123460,21,phononTS,0.00085837,-0.000914303,-0.000146511,-0.0002625,931.816,0.000382,1,0.000995524,-0.00100253,0.0002625,2189.88
0,7131196,12,phononTF,0.000766467,-0.000455487,0.00243383,-0.0002625,1848.44,0.000382,1,-0.00100027,0.00299642,0.0002625,2777.01
0,7134600,16,phononTF,0.000663353,-0.00311154,-0.000989485,-0.0002625,6931.39,0.000382,1,-0.00300338,-0.000995693,0.0002625,13661.9
0,7135691,21,phononTS,0.000504381,0.00199566,0.00200393,0.000262498,3263.69,0.000504381,1,0.00151459,0.00193213,-0.0002625,3411.46
0,7136476,11,phononTS,0.00105713,0.000891567,-0.00295285,-0.0002625,835.208,0.000382,1,0.00099583,-0.00300032,0.0002625,1691.48
0,7142738,3,phononTF,0.000494707,-0.00170864,-0.00209518,-0.0002625,880.062,0.000382,1,-0.00200023,-0.00199742,0.0002625,2569.37
0,7148866,8,phononTF,0.000831352,0.000943105,-0.00303623,-0.0002625,1975.75,0.000382,1,0.000999526,-0.00299861,0.0002625,6779.87
0,7152803,30,phononTS,0.00103482,0.00099364,0.000787709,-0.0002625,3440.5,0.000382,1,0.00100467,0.000995966,0.0002625,4740.01
0,7154406,11,phononTF,0.000803291,-0.001113,0.00122852,-0.0002625,543.623,0.000382,1,-0.000997149,0.000998075,0.0002625,1710.57
0,7155096,30,phononTF,0.000510326,-0.00300056,-0.000997109,0.000262498,5928.18,0.000510326,1,-0.00307925,-0.000917952,-0.0002625,6020.06
0,7157016,12,phononTS,0.000576177,-0.00185293,0.0031076,-0.0002625,3395.6,0.000382,1,-0.00100068,0.00299846,0.0002625,5666.41
0,7158690,5,phononTF,0.0010559,-0.00289171,-0.00110989,-0.0002625,181.66,0.000382,1,-0.0029994,-0.00100402,0.0002625,497.258
0,7163159,26,phononL,0.000615386,0.00344441,0.0015528,-0.0002625,22103.1,0.000382,1,0.00299632,0.00100421,0.0002625,22830.2
0,7167907,3,phononL,0.00118282,-0.00189574,-0.000313821,-0.0002625,145.002,0.000382,1,-0.00199541,4.43268e-06,0.0002625,430.779
0,7168615,12,phononTS,0.000407697,-0.000465875,-0.00151947,-0.000262498,4035.9,0.000382,1,-3.32151e-06,-0.00199763,0.0002625,4216.52
0,7168615,9,phononTF,0.00111501,-0.0038534,-0.00331267,0.000262498,981.589,0.000295154,1,-0.00372386,-0.00351912,-0.0002625,1082.72
0,7168957,7,phononTS,0.0012163,-0.00100451,-0.000997119,0.000262498,5095.17,0.00066861,1,-0.00105967,-0.00101934,-0.0002625,5184.75
0,7175894,11,phononTS,0.000889517,3.59385e-05,-4.437e-05,-0.0002625,7612.16,0.000382,1,-1.00678e-06,-3.98273e-06,0.0002625,8495.82
0,7175894,2,phononTS,0.00583727,-0.00375001,-0.000144383,6.06503e-05,606.056,0.0019059,1,-0.00391795,-0.000156818,-0.0002625,792.803
0,7177587,10,phononTF,0.00100332,-0.00240762,0.00178251,-0.0002625,2836.09,0.000382,1,-0.00199712,0.00200323,0.0002625,3705.34
0,7179939,15,phononTS,0.000428278,0.000100015,-0.00204089,-0.0002625,1789.28,0.000382,1,3.57444e-06,-0.00199842,0.0002625,5304.27
0,7181801,24,phononTS,0.000861067,-0.00300474,-0.00100005,0.0002625,662.561,0.000496349,1,-0.002672,-0.00102137,-0.0002625,910.855
0,7187522,5,phononTF,0.000596405,-0.0025119,0.00252813,-0.0002625,201.334,0.000382,1,-0.0019972,0.00199798,0.0002625,4591.4
0,7187522,3,phononTF,0.00541011,-0.00324194,0.000454317,0.00021792,90.269,0.00252733,1,-0.00309142,0.000296196,-0.0002625,292.719
0,7191334,16,phononTS,0.000577047,0.00100204,0.00100331,0.000262498,1651.82,0.000577047,1,-0.00280459,0.00418683,-0.0002625,2576.25
0,7191334,4,phononTS,0.000920592,-0.00295975,0.000225862,0.000262498,204.355,0.000735482,1,-0.00294723,0.000200454,-0.0002625,294.107
0,7191334,3,phononTS,0.00135589,-0.00295975,0.000225862,0.000262498,204.355,0.000621028,1,-0.00290916,0.000316229,-0.0002625,301.577
0,7193522,11,phononTS,0.00117027,-0.00107722,0.00124295,-0.0002625,556.866,0.000382,1,-0.00100211,0.00100458,0.0002625,910.979
0,7195482,3,phononL,0.00090478,0.000853034,-0.00271018,-0.0002625,197.62,0.000382,1,0.00100385,-0.00300173,0.0002625,1247.12
0,7195582,12,phononTS,0.000737544,-0.000999699,0.00100386,0.000262498,2328.28,0.000333746,1,-0.000928618,-0.000662314,-0.0002625,2696.26
0,7196080,14,phononTS,0.00115961,-0.000999386,-0.00100282,0.0002625,498.8,0.000546401,1,-0.00103075,-0.00104292,-0.0002625,677.617
0,7196391,24,phononTS,0.000643348,0.000122008,6.76237e-05,-0.0002625,1813.96,0.000382,1,4.51443e-07,-7.77583e-07,0.0002625,2161.8
0,7197353,12,phononTF,0.000870176,-0.00306744,-0.000940996,-0.000262498,1122.59,0.000382,1,-0.00300299,-0.00100346,0.0002625,1213.81
0,7199850,13,phononTF,0.000410795,-0.00128741,-0.000704499,-0.0002625,5374.9,0.000382,1,-0.00200105,-2.03872e-06,0.0002625,6138.36
0,7200119,12,phononTS,0.000969481,0.00200325,-0.00199862,0.000262498,2512.51,0.000309869,1,0.00192913,-0.00194852,-0.0002625,2608.4
0,7202330,12,phononTS,0.00058701,-0.00203083,-0.00063735,-0.0002625,1665.69,0.000382,1,-0.00199669,4.81963e-06,0.0002625,2956.76
0,7205062,23,phononTS,0.000415498,-0.00210265,-0.00103527,-0.0002625,573.46,0.000382,1,-0.00299773,-0.000998499,0.0002625,1621.13
0,7205384,4,phononTF,0.000578476,-0.00278234,0.00121757,-0.0002625,18.9873,0.000382,1,-0.00200354,0.00200116,0.0002625,643.262
0,7205384,3,phononTF,0.000852243,-0.00314186,3.06481e-05,0.000262498,18.9873,0.000852243,1,-0.00293594,-0.00017715,-0.0002625,121.876
0,7206885,24,phononTF,0.000565129,0.00110635,0.00313144,-0.0002625,3518.17,0.000382,1,2.48991e-07,0.00200226,0.0002625,5304.73
0,7211648,27,phononTF,0.000446399,-0.0010029,-0.00100151,0.000262498,2820.71,0.000446399,1,-0.00109719,-0.000845948,-0.0002625,2917.12
0,7211725,6,phononTS,0.00120471,-0.00199826,-4.85644e-07,0.000262498,1346.09,0.000469044,1,-2.88483e-05,-0.00326576,-0.0002625,2067.72
0,7218656,24,phononTF,0.000467354,-0.00272927,-0.000726611,-0.000262498,3422.54,0.000382,1,-0.00300346,-0.000996575,0.0002625,3534.31
0,7219106,4,phononTS,0.000626607,-0.00179357,-0.000914274,-0.0002625,278.506,0.000382,1,-0.00199524,-0.00200204,0.0002625,2895.39
0,7224756,8,phononTS,0.000472253,-4.44192e-07,-0.00200343,0.0002625,7469.51,0.000472253,1,-0.000437431,-0.00205123,-0.0002625,7743.43
0,7225664,4,phononL,0.00103362,-0.00304993,-0.000393084,-0.0002625,300.035,0.000382,1,-0.00300362,-0.00100475,0.0002625,473.189
0,7234021,23,phononTF,0.000438824,0.00312063,0.000887904,-0.0002625,13261.8,0.000382,1,0.00300193,0.00100048,0.0002625,14144.4
0,7236416,24,phononTS,0.000387081,-0.000944873,-0.000997494,-0.000262498,21358.7,0.000382,1,-0.000995434,-0.000999216,0.0002625,21449.4
0,7236417,1,phononTS,0.01,-0.00438572,0.000223224,-0.000251078,0,0.00251715,1,-0.00440169,0.000220607,-0.0002625,672.346
0,7240754,5,phononTS,0.00129592,-0.00240563,-0.00124414,-0.0002625,187.068,0.000382,1,-0.00199522,-0.00200251,0.0002625,819.102
0,7244438,12,phononTF,0.000544513,0.00041276,-0.00122686,-0.0002625,729.811,0.000382,1,1.67189e-06,-0.00200479,0.0002625,1292.2
0,7246145,3,phononTS,0.0011731,-0.00162108,0.00200023,-0.0002625,594.717,0.000382,1,-0.00199556,0.00200172,0.0002625,3234.53
0,7247195,5,phononTS,0.00153539,-0.00328789,-0.00057227,-0.000262498,156.723,0.000382,1,-0.00300235,-0.000995713,0.0002625,312.982
0,7247268,11,phononTF,0.000394248,0.00281537,0.000819931,-0.000262498,10358.6,0.000382,1,0.00299891,0.000998906,0.0002625,10458.6
0,7250245,26,phononTS,0.000534579,0.000565055,0.00178155,-0.0002625,14431.5,0.000382,1,3.63963e-06,0.00199806,0.0002625,16670.8
0,7250902,8,phononTS,0.000903343,-0.00299515,-0.000996867,0.0002625,705.266,0.000903343,1,-0.00368593,-0.00107275,-0.0002625,1448.44
0,7254020,13,phononTF,0.000531258,-0.00013265,0.0021288,-0.0002625,6380.09,0.000382,1,-1.06337e-06,0.00200068,0.0002625,7858.88
0,7256459,13,phononTS,0.00111179,0.00047942,0.000946159,-0.0002625,470.349,0.000382,1,0.00100455,0.000995952,0.0002625,1844.81
0,7258668,20,phononTS,0.000463382,0.00237286,-0.0019525,-0.0002625,1830.1,0.000382,1,0.00200109,-0.00199816,0.0002625,4080.69
0,7262579,5,phononTF,0.00141935,-0.00264051,0.00136342,-0.0002625,1210.33,0.000382,1,-0.00200491,0.00200252,0.0002625,1746.05
0,7264021,18,phononTF,0.00040506,-0.00360884,-0.00161281,-0.0002625,9534.43,0.000382,1,-0.00299823,-0.000995837,0.0002625,10055.4
0,7264678,8,phononTS,0.000595061,-0.00180993,0.000254659,-0.000262498,1849.98,0.000382,1,-0.00200013,-4.68108e-06,0.0002625,1979.21
0,7267153,10,phononTS,0.000933221,-0.00198298,0.005,-0.000216308,3923.57,0.000382,1,-0.00100461,0.0029974,0.0002625,8310.59
0,7269130,15,phononTS,0.000667613,0.0014617,-0.005,-0.000188418,2158.67,0.000667613,1,0.00106219,-0.0043444,-0.0002625,4714.55
0,7269775,2,phononTF,0.00141061,-0.00286894,-0.000856586,-0.0002625,650.882,0.000382,1,-0.00300344,-0.000996838,0.0002625,938.366
0,7274371,7,phononTS,0.00106425,-0.00203998,-0.000186401,-0.000262498,1065.82,0.000382,1,-0.00200355,2.64536e-06,0.0002625,1172.86
0,7274588,10,phononTS,0.000508031,-0.000480067,0.00126906,-0.000262498,914.161,0.000382,1,-4.56796e-06,2.88976e-06,0.0002625,1204.6
0,7278523,11,phononTS,0.000698365,-0.00241487,-1.30565e-07,-0.0002625,1398.01,0.000382,1,-0.00200184,2.54211e-06,0.0002625,2073.8
0,7279048,5,phononTF,0.000857598,-0.0027217,-0.00129328,-0.000262498,426.61,0.000382,1,-0.00300411,-0.000997649,0.0002625,540.443
0,7279048,6,phononTF,0.000449545,-0.00300411,-0.000997649,0.000262498,540.443,0.000449545,1,-0.00244365,-0.000507345,-0.0002625,698.911
0,7281166,2,phononTS,0.0005112,0.00196696,-3.78376e-05,-0.0002625,38.3525,0.000382,1,0.00199977,3.41898e-06,0.0002625,1579.62
0,7285156,10,phononTF,0.00124275,-0.00010396,-3.20167e-05,-0.0002625,3894.41,0.000764,1,-3.50614e-06,-2.56951e-06,0.0002625,4349.22
0,7286548,4,phononTF,0.00248106,-0.00295325,0.000934956,-0.000262499,523.501,0.000764,1,-0.00200443,-1.62045e-06,0.0002625,768.827
0,7288972,2,phononTS,0.00115851,0.00196282,-2.43189e-05,-0.0002625,222.745,0.000382,1,0.00200468,-1.36307e-06,0.0002625,2390.72
0,7294444,3,phononTS,0.000616679,-0.00303702,-0.00120031,-0.0002625,519.067,0.000382,1,-0.00299503,-0.000996806,0.0002625,2473.73
0,7297572,16,phononTF,0.000955216,-0.00227205,-0.00172347,-0.0002625,537.371,0.000382,1,-0.00199512,-0.00200356,0.0002625,1323.87
0,7297573,1,phononTS,0.01,-0.00370312,0.000822411,-0.000248042,0,0.00206196,1,-0.00367909,0.00082267,-0.0002625,2067.79
0,7298081,6,phononTS,0.00138206,-0.00200435,4.02557e-06,0.0002625,336.077,0.000972992,1,-0.00199582,7.38484e-06,-0.0002625,952.633
0,7300609,11,phononTS,0.00107912,-0.0020979,5.22574e-05,-0.000262498,589.147,0.000382,1,-0.00199926,2.51247e-06,0.0002625,687.097
0,7306738,11,phononL,0.000403634,-0.00151762,-0.00209648,-0.0002625,4493.41,0.000382,1,-0.00200094,-0.00200192,0.0002625,5635.24
0,7313526,16,phononTS,0.000396995,-0.00267658,0.00319986,-0.000262498,6615.47,0.000382,1,-0.00200264,0.00199611,0.0002625,6903.12
0,7319226,9,phononTS,0.000535961,7.37437e-07,-4.01179e-06,0.0002625,2449.3,0.000535961,1,0.000718417,1.01266e-05,-0.0002625,3517.36
0,7320038,4,phononTS,0.000649002,-0.00297695,-0.000648029,-0.0002625,291.685,0.000382,1,-0.00299545,-0.00100404,0.0002625,546.037
0,7328355,5,phononTS,0.000492282,0.00199633,-0.000312881,-0.0002625,2399.34,0.000382,1,0.0019989,3.20274e-06,0.0002625,2768.43
0,7332501,9,phononTF,0.000607403,-0.000637224,-0.00138109,-0.0002625,2885.3,0.000382,1,-1.2823e-06,-0.0019992,0.0002625,3766.97
0,7337369,18,phononTS,0.000408876,0.00344082,0.000816989,-0.000262498,7825.94,0.000382,1,0.00300076,0.00100475,0.0002625,7975.93
0,7338980,30,phononTS,0.000649493,-0.00306646,-0.00104695,-0.0002625,4314.38,0.000382,1,-0.00300171,-0.000999896,0.0002625,4790.59
0,7340497,8,phononTS,0.000440627,-0.00280399,3.69577e-05,-0.000262498,373.308,0.000382,1,-0.00200057,4.76378e-06,0.0002625,564.321
0,7346131,8,phononTF,0.000590669,0.000677197,-0.00143233,-0.0002625,5350.59,0.000382,1,0.00100116,-0.00100132,0.0002625,7377.56
0,7346131,3,phononTF,0.00106131,-0.00337286,-2.17324e-05,0.000262498,77.1907,0.000665789,1,-0.00369047,0.000309998,-0.0002625,196.512
0,7359866,9,phononTS,0.000525448,-0.0019762,2.81162e-05,-0.000262498,1528.75,0.000382,1,-0.0020021,2.3755e-06,0.0002625,1618.37
0,7368503,14,phononTF,0.000529526,-0.00119997,-0.000786884,-0.000262498,3873.72,0.000382,1,-0.000996609,-0.00100067,0.0002625,3976.76
0,7368503,4,phononTF,0.00061734,-0.00325137,6.14319e-05,0.000262498,11.0113,0.00048132,1,-0.00305945,0.000250029,-0.0002625,112.078
0,7376089,44,phononTS,0.000493663,-0.00284394,-0.00104303,-0.0002625,1073.42,0.000382,1,-0.00299982,-0.00100495,0.0002625,1541.45
0,7384108,21,phononTF,0.000508559,-0.00127847,-0.000720152,-0.000262498,2611.65,0.000382,1,-0.00100459,-0.00100285,0.0002625,2724.46
0,7384407,3,phononTS,0.00114968,-0.00315802,-0.000621105,-0.0002625,343.465,0.000382,1,-0.00299517,-0.00100239,0.0002625,625.087
0,7390602,15,phononTS,0.00108875,-0.00322027,-0.000903182,-0.000262498,283.8,0.000382,1,-0.0029986,-0.000998873,0.0002625,401.484
0,7392428,3,phononTS,0.00068281,-0.00370488,-0.000681375,-0.0002625,89.2845,0.000382,1,-0.00300403,-0.000997386,0.0002625,473.438
0,7395149,12,phononTS,0.000479211,-1.90027e-06,-0.00200321,0.0002625,3255.31,0.000479211,1,-0.000303521,-0.00199906,-0.0002625,3843.14
0,7397179,19,phononTS,0.000585813,-0.000997941,0.000999455,0.000262498,1853.57,0.000585813,1,-0.000679062,0.00169151,-0.0002625,2047.39
0,7397179,5,phononTS,0.000995153,0.00199206,0.005,7.84652e-06,57.2176,0.000995153,1,0.00143514,0.00475911,-0.0002625,1507.65
0,7406833,17,phononL,0.000491396,-0.00298346,-0.000620721,-0.0002625,713.106,0.000382,1,-0.00299673,-0.000999896,0.0002625,998.387
0,7407175,14,phononTF,0.00126615,0.0023955,-0.00138562,-0.0002625,3754.54,0.000382,1,0.00200462,-0.00200082,0.0002625,4240.11
0,7408456,10,phononTS,0.000410134,-7.55785e-07,0.00200023,0.0002625,2950.77,0.000410134,1,9.55181e-05,0.00195438,-0.0002625,3146.47
0,7411596,12,phononTS,0.000452284,-0.00105296,0.00100834,-0.000262498,4740.48,0.000382,1,-0.000997703,0.0010043,0.0002625,4831.38
0,7411681,3,phononTF,0.000463477,-0.00203014,-0.000248067,-0.0002625,1790.94,0.000382,1,-0.00199532,1.39614e-06,0.0002625,2000.16
0,7411681,2,phononTS,0.00506824,-0.00206496,-0.000497529,0.000262498,1790.94,0.00186586,1,-0.00195131,-0.000686621,-0.0002625,1906.68
0,7424114,5,phononL,0.00557391,-0.000985377,0.00112924,-0.000154511,1287.58,0.00151447,1,-0.00122784,0.00141408,-0.0002625,1542.09
0,7426947,15,phononTS,0.00061192,-0.00307021,-0.00095898,-0.0002625,3724.42,0.000382,1,-0.00300406,-0.00100074,0.0002625,4777.07
0,7431870,3,phononTF,0.00141205,-0.00348586,-0.000532553,-0.000262498,782.028,0.000382,1,-0.00300461,-0.000998284,0.0002625,928.472
0,7432456,16,phononTS,0.000499001,-0.00010882,-0.00077818,-0.0002625,9927.96,0.000382,1,4.36013e-06,9.42719e-08,0.0002625,12020.4
0,7436353,8,phononTS,0.000524327,0.00203404,-0.00267949,-0.0002625,2924.24,0.000382,1,0.00199892,-0.0019963,0.0002625,4231.57
0,7436517,8,phononTS,0.000607123,-1.49011e-05,-0.00295845,-0.0002625,2113.84,0.000382,1,-2.86189e-06,-0.00200162,0.0002625,3174.72
0,7436879,8,phononTF,0.00116433,-0.000684434,0.00268171,-0.0002625,6666.67,0.000382,1,-0.000995903,0.00299524,0.0002625,9436.54
0,7446392,8,phononL,0.00131164,0.00103211,-0.00370011,-0.0002625,313.079,0.000764,1,0.00100496,-0.00299613,0.0002625,1431.49
0,7448696,5,phononTS,0.00130227,-0.000458511,0.00195152,-0.0002625,922.782,0.000382,1,-2.08276e-06,0.00200023,0.0002625,1570.66
0,7451379,11,phononTS,0.000699188,-0.005,0.00493249,-0.000190922,2737.43,0.000382,1,-0.00200154,0.0020008,0.0002625,5306.8
0,7454131,9,phononTF,0.000769562,-0.00300119,-0.000998097,0.000262498,2620.3,0.000769562,1,-0.00276002,-0.0007501,-0.0002625,2727.97
0,7459683,10,phononTF,0.000612161,-0.00299492,0.000672219,-0.000262498,783.073,0.000382,1,-0.0020035,-3.00933e-06,0.0002625,1015.55
0,7461334,13,phononTF,0.000399523,0.00238221,-0.0016116,-0.0002625,6282.29,0.000382,1,0.00200343,-0.00200464,0.0002625,7170.66
0,7465731,14,phononTF,0.000454593,0.00291543,0.00108747,-0.000262498,9225.51,0.000382,1,0.00299967,0.00100008,0.0002625,9317.76
0,7466080,14,phononTF,0.000562188,-0.00224128,-0.000248473,-0.000262498,539.627,0.000382,1,-0.00199711,-2.65422e-06,0.0002625,647.557
0,7469076,3,phononTS,0.000411316,-0.00190406,-0.00203028,-0.0002625,1495.78,0.000382,1,-0.00199955,-0.00199853,0.0002625,2496.31
0,7469076,2,phononTS,0.00407246,-0.00241712,-0.000736854,0.000262498,1495.78,0.000831152,1,-0.00268044,-0.000767643,-0.0002625,1613.94
0,7472759,24,phononTF,0.000969082,-0.00300409,-0.00100289,0.000262498,4257.08,0.000485219,1,-0.00349408,-0.000665563,-0.0002625,4398.71
0,7473565,15,phononTS,0.000421888,0.00114846,0.00104475,-0.0002625,9267.13,0.000382,1,0.00099512,0.000997364,0.0002625,9756.6
0,7476366,9,phononTS,0.000522662,-0.00100358,0.00100313,0.0002625,2224.55,0.000522662,1,-0.000780031,0.000714881,-0.0002625,2495.12
0,7476697,12,phononTS,0.000525507,0.000277374,0.0020503,-0.0002625,1300.71,0.000382,1,4.65121e-07,0.00199603,0.0002625,1637.57
0,7479110,14,phononTS,0.000479951,0.00103461,-0.00312784,-0.0002625,14490.8,0.000382,1,0.00099795,-0.00300403,0.0002625,16028.8
0,7480464,6,phononTF,0.00095061,-0.00136975,-0.000900127,-0.0002625,626.709,0.000382,1,-0.00100271,-0.000996369,0.0002625,1225.3
0,7480464,4,phononTF,0.00138781,-0.00329658,0.000123472,0.000262498,17.3753,0.00138781,1,-0.00348013,0.000335144,-0.0002625,120.127
0,7480547,20,phononTS,0.000508766,-0.00070058,-0.0043573,-0.0002625,15410,0.000382,1,0.000998993,-0.00300497,0.0002625,16095.5
0,7485384,13,phononTS,0.000460875,-0.00176581,-0.00196789,-0.0002625,10706.3,0.000382,1,-0.00200391,-0.00200437,0.0002625,11881.9
0,7485455,11,phononTS,0.000397519,-0.00296905,-0.0010577,-0.000262498,2213.47,0.000382,1,-0.00300212,-0.00100019,0.0002625,2308.25
0,7489625,9,phononTS,0.000649464,-0.000947717,0.00305175,-0.0002625,10595.5,0.000382,1,-0.000995281,0.00299713,0.0002625,11282.1
0,7490131,20,phononTS,0.00043034,0.00101084,0.00101177,-0.000262498,4977.87,0.000382,1,0.00099627,0.00100013,0.0002625,5068.26
0,7493143,10,phononTF,0.000382255,-0.0017382,-0.000255279,-0.000262498,1841.3,0.000382,1,-0.00199961,1.10767e-06,0.0002625,1950.87
0,7506998,10,phononTS,0.000519186,0.00188936,-0.00280003,-0.0002625,1485.68,0.000382,1,0.00200474,-0.00200019,0.0002625,3396.96
0,7508146,20,phononTS,0.000733425,0.00110262,0.000993616,-0.0002625,1893.66,0.000382,1,0.00100357,0.00100464,0.0002625,4274.56
0,7509477,5,phononTS,0.000836176,-0.00261119,-0.00097759,-0.0002625,2.49307,0.000382,1,-0.00200234,-0.00200109,0.0002625,533.34
0,7511741,19,phononTF,0.000442261,0.00100412,-0.00299824,0.000262498,8110.78,0.000442261,1,0.000465271,-0.00240017,-0.0002625,8277.37
0,7512113,9,phononTF,0.000459155,-0.0022339,0.000231749,-0.0002625,93.4034,0.000382,1,-0.00200293,3.50504e-06,0.0002625,639.179
0,7512114,1,phononTF,0.01,-0.00331545,3.3744e-05,-0.000104037,0,0.0027895,1,-0.00351513,0.000189067,-0.0002625,260.979
0,7512758,11,phononTF,0.000455433,-0.000592107,0.00339402,-0.0002625,5650.55,0.000382,1,-0.00100228,0.00300041,0.0002625,6316.95
0,7513611,6,phononTS,0.00042316,-0.00304469,0.00160427,-0.0002625,3788.14,0.000382,1,-0.00200032,0.00200138,0.0002625,4875.66
0,7519316,5,phononTS,0.000737018,0.00298259,0.00170027,-0.0002625,1196.4,0.000382,1,0.0019978,0.00200291,0.0002625,4642.48
0,7527849,11,phononTF,0.000563884,0.000995525,0.000997495,0.000262498,5572.67,0.000563884,1,0.000431234,0.000422837,-0.0002625,5737.84
0,7533008,16,phononTS,0.000527913,-0.000979907,0.00297528,-0.0002625,6900.37,0.000382,1,-0.000997631,0.00300231,0.0002625,7172.64
0,7534232,15,phononTS,0.000647329,-0.00358499,-0.00102349,-0.000262498,1786.58,0.000382,1,-0.00299569,-0.00100346,0.0002625,1945.68
0,7541567,13,phononTF,0.000537566,-0.00222015,-0.000230427,-0.000262498,1005.88,0.000382,1,-0.00199506,4.72952e-06,0.0002625,1111.59
0,7541695,10,phononTS,0.000763093,-0.00200061,-0.00113307,-0.0002625,507.599,0.000382,1,-0.00200043,-0.00200461,0.0002625,1411.05
0,7544608,2,phononTF,0.000590797,-0.00225879,0.00188565,-0.0002625,1161.43,0.000382,1,-0.00199827,0.00199972,0.0002625,1480.75
0,7544650,14,phononL,0.000462426,0.00199961,-0.00199708,0.000262498,6099.46,0.000462426,1,0.00176169,-0.00206921,-0.0002625,6165.51
0,7546223,21,phononL,0.000730766,-0.00247672,-1.48769e-05,-0.000262498,1551.94,0.000382,1,-0.00199639,2.95537e-06,0.0002625,1629.02
0,7547713,17,phononTS,0.000456237,4.61592e-06,-0.00200275,0.000262498,5614.42,0.000456237,1,8.53841e-05,-0.00195192,-0.0002625,5710.83
0,7552064,2,phononTS,0.00116038,0.00197759,-0.00194612,-0.0002625,1127.82,0.000764,1,0.00199993,-0.00200191,0.0002625,2260.6
0,7553051,4,phononTF,0.00108736,-0.00362085,-0.000475911,-0.0002625,98.1413,0.000382,1,-0.00299872,-0.000996902,0.0002625,371.623
0,7556296,7,phononTS,0.00131655,-0.00315976,-0.00021764,-0.0002625,850.321,0.000382,1,-0.00299808,-0.00100035,0.0002625,1416.97
0,7556719,6,phononL,0.000802764,-0.00127096,-0.00184048,-0.0002625,1666.3,0.000382,1,-0.00200202,-0.00199597,0.0002625,1902.5
0,7560444,18,phononTF,0.00039932,0.0024235,0.000306807,-0.0002625,2323.31,0.000382,1,0.00199977,-3.01399e-06,0.0002625,3252.84
0,7562140,12,phononL,0.000515699,0.0018696,0.00254537,-0.0002625,5471.35,0.000382,1,0.00200168,0.00199815,0.0002625,5946.98
0,7563929,16,phononTF,0.00039251,-0.000435213,-0.00274443,-0.000262498,7330.43,0.000382,1,-1.31077e-06,-0.00200045,0.0002625,7513.41
0,7568692,10,phononTS,0.000406743,0.0020028,2.73488e-06,0.000262498,6284.9,0.000406743,1,0.00306664,0.000257203,-0.0002625,6528.53
0,7569054,14,phononTF,0.000954672,-3.24209e-06,0.0020018,0.000262498,6444.2,0.000591596,1,0.000803149,0.00142068,-0.0002625,6643.41
0,7571643,12,phononTS,0.000807266,0.000995538,-0.00100411,0.000262498,3409.82,0.000807266,1,0.00096444,-0.00174366,-0.0002625,3589.65
0,7574351,15,phononL,0.000515301,0.000214515,0.005,-0.000224011,10181.7,0.000382,1,-0.00100485,0.00300289,0.0002625,11417.8
0,7575459,2,phononTF,0.000748126,0.000690295,-0.00321871,-0.0002625,216.91,0.000382,1,0.00100099,-0.00299871,0.0002625,1718.22
0,7577171,5,phononTS,0.000676279,-0.00282555,-0.00017269,-0.0002625,559.75,0.000382,1,-0.0020047,-2.56283e-06,0.0002625,1823.91
0,7582150,10,phononTS,0.0008611,-0.00208989,0.000908039,-0.000262498,5559.63,0.000382,1,-0.00300404,-0.00100483,0.0002625,5983.85
0,7582683,14,phononTS,0.000439524,0.00196502,0.00199179,-0.0002625,6838.76,0.000382,1,0.00199849,0.00199548,0.0002625,7896.79
0,7592343,5,phononTF,0.000599866,-0.00200302,0.000183665,-0.0002625,325.542,0.000382,1,-0.00199873,-7.44513e-07,0.0002625,905.231
0,7597343,9,phononTF,0.000658878,-0.000482992,0.00350686,-0.0002625,3470.36,0.000382,1,-0.0010044,0.00300263,0.0002625,4633.96
0,7601786,6,phononTS,0.00136566,-0.00394627,-0.000678317,-0.0002625,190.495,0.000382,1,-0.00300401,-0.00100475,0.0002625,1736.35
0,7606336,4,phononTS,0.00408977,-0.00259231,-0.000991738,-0.000262498,1260.41,0.001146,1,-0.00300497,-0.00100246,0.0002625,1396.07
0,7608563,9,phononTS,0.00060662,-0.00365756,-0.00427388,-0.000262498,2311.25,0.000382,1,-2.02687e-06,-0.00200493,0.0002625,3119.29
0,7608913,6,phononTS,0.00133785,-0.00261279,3.58111e-05,-0.0002625,17.9429,0.000382,1,-0.00199795,-3.90671e-06,0.0002625,335.556
0,7608913,11,phononTF,0.000401078,-0.00199795,-3.90671e-06,0.000262498,335.556,0.000401078,1,-0.00171377,-0.000295078,-0.0002625,449.243
0,7612074,38,phononTF,0.000438141,-0.00225123,-0.0015901,-0.0002625,9332.6,0.000382,1,-0.00199657,-0.00200017,0.0002625,9716.64
0,7612188,3,phononTS,0.001126,-0.00313479,-0.000587438,-0.0002625,386.325,0.000382,1,-0.00300443,-0.000999594,0.0002625,955.528
0,7614404,6,phononTS,0.000499499,-0.00299336,-0.000867504,-0.0002625,521.119,0.000382,1,-0.00300167,-0.000998989,0.0002625,1027.63
0,7617215,4,phononTS,0.00112116,-0.00268605,0.00121401,-0.0002625,518.383,0.000382,1,-0.00200024,0.00200191,0.0002625,1561.81
0,7617215,8,phononTF,0.000736005,-0.00200024,0.00200191,0.000262498,1561.81,0.000736005,1,-0.000306462,0.00244766,-0.0002625,1898.06
0,7617215,3,phononTS,0.000885743,-0.00381564,-4.42641e-05,0.000262498,518.383,0.000234458,1,-0.00345729,6.62461e-05,-0.0002625,652.644
0,7618114,10,phononTS,0.000979891,-0.00189413,-0.00147152,-0.0002625,612.567,0.000382,1,-0.002003,-0.0019954,0.0002625,923.974
0,7620541,9,phononL,0.0012034,-0.00204434,1.13578e-06,-0.000262498,1048.66,0.000382,1,-0.00200091,4.05692e-06,0.0002625,1111.04
0,7620541,10,phononTF,0.000616226,-0.00200091,4.05692e-06,0.000262498,1111.04,0.000616226,1,-0.00207743,-0.000241238,-0.0002625,1215.44
0,7621235,5,phononTS,0.00136507,0.00185656,4.98598e-06,-0.0002625,420.484,0.000382,1,0.00199523,2.19948e-06,0.0002625,2941.77
0,7621235,6,phononTS,0.000561739,0.00199523,2.19948e-06,0.000262498,2941.77,0.000561739,1,0.00322264,0.00176599,-0.0002625,3362.13
0,7621520,13,phononTF,0.000727567,-0.000165015,0.00216169,-0.000262498,9354.59,0.000382,1,-4.24413e-06,0.00199825,0.0002625,9452.66
0,7621520,6,phononL,0.00118267,-0.00319011,6.74055e-05,0.000262498,33.6321,0.000744089,1,-0.00368584,-0.000255779,-0.0002625,120.111
0,7621895,9,phononTS,0.000913797,-0.00238499,-0.00101642,-0.0002625,771.78,0.000382,1,-0.00300189,-0.00100457,0.0002625,1261.95
0,7633092,13,phononTS,0.000599676,-0.00227899,0.000239835,-0.000262498,3048.21,0.000382,1,-0.00199517,1.82929e-06,0.0002625,3184.38
0,7633156,8,phononTS,0.000467413,-0.000997581,-0.000999385,0.0002625,1088.68,0.000467413,1,-0.00144065,-0.00125369,-0.0002625,1400.32
0,7633578,13,phononTS,0.000479866,0.00191469,0.00278874,-0.000262498,4827.62,0.000382,1,0.00200462,0.00200218,0.0002625,5014.73
0,7633693,13,phononTS,0.000496077,-0.00256513,0.00182375,-0.000262498,659.172,0.000382,1,-0.000995907,0.00299709,0.0002625,1040.3
0,7634216,14,phononTS,0.000441439,-0.000996015,0.00100182,0.000262498,17081.8,0.000441439,1,-0.000963224,0.00169896,-0.0002625,17256.1
0,7636534,7,phononTS,0.000906923,-0.00165266,-0.00239885,-0.0002625,3640.02,0.000382,1,-0.00299513,-0.00100114,0.0002625,5138.58
0,7637986,3,phononTS,0.000886119,-0.00303901,-0.000304721,-0.0002625,131.802,0.000382,1,-0.00199504,-7.11698e-07,0.0002625,1213.32
0,7645073,6,phononL,0.000784279,-0.00226163,-8.73227e-05,-0.0002625,769.3,0.000382,1,-0.00200052,-2.33606e-06,0.0002625,970.061
0,7647178,20,phononTS,0.000547086,-0.000662517,-0.00192862,-0.000262498,2253.02,0.000382,1,4.61875e-06,-0.00199777,0.0002625,2427.06
0,7649099,7,phononTS,0.000400423,0.00103504,0.00102575,-0.0002625,2650.33,0.000382,1,0.00100431,0.000996293,0.0002625,2918.82
0,7653266,13,phononTF,0.00053304,0.00365678,0.000619,-0.0002625,6967.12,0.000382,1,0.00299854,0.000999426,0.0002625,8477.49
0,7658343,19,phononTS,0.000415658,-0.00108295,0.00107782,-0.0002625,2250.61,0.000382,1,-0.000999448,0.000997545,0.0002625,2562.31
0,7658929,16,phononTS,0.000487891,-0.00120703,0.00207505,-0.000262498,1397.7,0.000382,1,-0.000999537,0.00300009,0.0002625,1615.63
0,7667567,20,phononTF,0.000547036,-0.00222853,-0.000335565,-0.0002625,9075.17,0.000382,1,-0.00199928,-3.96895e-06,0.0002625,16987.1
0,7672178,23,phononTS,0.000590001,-0.0023581,-0.00197601,-0.0002625,9484.18,0.000382,1,-0.00200148,-0.00199818,0.0002625,9864.25
0,7674620,9,phononTS,0.00060046,0.00464876,0.00129184,-0.0002625,140.489,0.000382,1,4.99598e-07,-0.00199942,0.0002625,3474.84
0,7681222,13,phononTS,0.000963685,-0.00235127,-2.21487e-06,-0.0002625,90.6138,0.000382,1,-0.00200351,-7.06516e-07,0.0002625,724.533
0,7682390,24,phononTS,0.000580088,0.000972912,-0.00273385,-0.000262498,3846.63,0.000382,1,0.000997468,-0.0030028,0.0002625,3962.56
0,7684657,25,phononTF,0.000503001,0.00115335,-0.0028708,-0.0002625,2759.17,0.000382,1,0.00100003,-0.00299946,0.0002625,8595.27
0,7690593,17,phononTF,0.000382984,-0.00364967,0.000992921,-0.0002625,14273,0.000382,1,-0.00200422,2.41418e-06,0.0002625,20448.9
0,7691228,9,phononTS,0.000677269,0.00199657,-0.0020039,0.000262498,3562.45,0.000677269,1,0.00182897,-0.00206852,-0.0002625,3672.54
0,7696809,3,phononTF,0.000621705,-0.0018921,-0.000120252,-0.0002625,279.586,0.000382,1,-0.00200125,-5.56543e-07,0.0002625,1158.97
0,7700083,13,phononL,0.000516835,0.00135163,0.00114887,-0.0002625,1170.56,0.000382,1,0.00099825,0.000998237,0.0002625,4267.99
0,7703069,19,phononTS,0.000682867,-0.0019732,-0.0020523,-0.000262498,1472.39,0.000382,1,-0.00200498,-0.00199982,0.0002625,1561.64
0,7707856,12,phononTS,0.000538816,0.00220272,-0.000364628,-0.0002625,8639.66,0.000382,1,0.00300006,0.000997419,0.0002625,10625.6
0,7709035,2,phononTF,0.00365084,-0.00318141,-0.00122035,0.000182908,560.408,0.000764,1,-0.0029985,-0.000999213,0.0002625,883.909
0,7710418,17,phononTF,0.000643467,-0.00152793,0.00245381,-0.000262498,2571.12,0.000382,1,-0.000995019,0.0030023,0.0002625,2729.84
0,7714373,28,phononTS,0.000780634,-0.000949231,-0.00183775,-0.000262498,5462.17,0.000382,1,-0.000997787,-0.00100083,0.0002625,5658
0,7719184,8,phononL,0.000469742,-0.00202054,-0.00136249,-0.0002625,4706.75,0.000382,1,-0.00199871,-0.00199832,0.0002625,5647.1
0,7720387,11,phononTF,0.000624954,-0.00328278,-0.000700302,-0.000262498,368.291,0.000382,1,-0.00299738,-0.000998657,0.0002625,482.555
0,7721385,3,phononTS,0.000686299,-0.00233479,2.71863e-05,-0.0002625,23.3803,0.000382,1,-0.00200022,1.57995e-07,0.0002625,518.896
0,7725894,13,phononTF,0.00109833,-0.000242832,-0.00178549,-0.000262498,6608.74,0.000382,1,-0.00100491,-0.00100051,0.0002625,6817.28
0,7726511,9,phononTF,0.000383936,-0.00294921,-0.000856826,-0.0002625,1517.29,0.000382,1,-0.00300378,-0.000995601,0.0002625,2370.89
0,7726511,4,phononTF,0.00269669,-0.00324138,-5.40396e-05,0.000262498,217.141,0.0016528,1,-0.00304051,-0.00026436,-0.0002625,319.841
0,7727063,9,phononTF,0.00060272,0.00217022,0.00171711,-0.0002625,3919.34,0.000382,1,0.00200281,0.00200335,0.0002625,4470.26
0,7731972,9,phononTF,0.000640841,0.00202463,-0.000118617,-0.0002625,958.33,0.000382,1,0.00200252,-4.33672e-06,0.0002625,1716.98
0,7732286,10,phononTF,0.000614594,-0.00199581,-3.7975e-06,0.0002625,2475.21,0.000614594,1,-0.00283292,0.00299307,-0.0002625,12243.6
0,7732603,9,phononTF,0.000493407,-0.000130953,-0.000131446,-0.0002625,5690.1,0.000382,1,-3.35421e-06,-4.75873e-07,0.0002625,8138.85
0,7733981,4,phononTF,0.00132289,-0.00148909,0.000497627,-0.0002625,931.05,0.000764,1,-0.00100141,0.0010021,0.0002625,1550.59
0,7734451,2,phononTS,0.00065182,-0.00304788,-0.000972958,-0.0002625,575.599,0.000382,1,-0.0029959,-0.000995462,0.0002625,1032.68
0,7736535,6,phononTS,0.000599574,-0.00172121,-3.89971e-05,-0.000262498,2224.49,0.000382,1,-0.00199852,2.01274e-07,0.0002625,2344.71
0,7738799,13,phononTF,0.000388816,3.55397e-06,-0.00200498,0.000262498,11267.2,0.000388816,1,-0.000284625,-0.00229014,-0.0002625,11381
0,7741788,23,phononTF,0.000600076,0.000322201,-0.0023376,-0.0002625,3565.31,0.000382,1,1.11575e-06,-0.00200333,0.0002625,4648.74
0,7742150,15,phononTF,0.000698007,-4.43954e-05,0.0022145,-0.000262498,5061.6,0.000382,1,-3.98561e-06,0.00200368,0.0002625,5162.26
0,7749964,23,phononTS,0.00115685,-0.000997542,-0.000997492,0.000262498,4474.57,0.000667,1,-0.00101786,-0.00158671,-0.0002625,4635.1
0,7750244,4,phononTS,0.000747032,-0.00260717,2.1614e-05,-0.0002625,5.1546,0.000382,1,-0.00199594,2.92511e-06,0.0002625,322.72
0,7750244,3,phononTS,0.00233813,-0.0032184,4.03029e-05,0.000262498,5.1546,0.000468976,1,-0.00321361,7.1465e-06,-0.0002625,99.9088
0,7752882,23,phononL,0.000406072,0.0020012,-0.0020043,0.000262498,13614.2,0.000406072,1,0.00198367,-0.00169695,-0.0002625,13682.3
0,7758285,13,phononTF,0.000478764,-0.00260839,-0.000590668,-0.0002625,752.67,0.000382,1,-0.00299923,-0.000997276,0.0002625,1046.34
0,7760754,18,phononTS,0.000529512,-0.00298172,-0.00065575,-0.000262498,3623.12,0.000382,1,-0.00300365,-0.00100246,0.0002625,3750.81
0,7761402,3,phononTF,0.00213235,-0.00239659,-0.0013334,-0.0002625,732.035,0.000382,1,-0.00199657,-0.00199984,0.0002625,1331.89
0,7762220,8,phononTS,0.000706174,-0.00200215,0.00200246,0.000262498,1501.15,0.000312943,1,-0.00196342,0.00203319,-0.0002625,1590.59
0,7762552,7,phononTS,0.000891087,-0.00204212,-0.000786206,-0.000262499,435.429,0.000382,1,-0.00200349,-1.81298e-06,0.0002625,625.979
0,7767331,4,phononTF,0.00146724,-0.00341241,-0.00058016,-0.000262498,415.97,0.000382,1,-0.0030009,-0.00100201,0.0002625,551.047
0,7769895,10,phononTF,0.00043601,0.000860286,-0.00114114,-0.0002625,1793.32,0.000382,1,0.00100427,-0.00100436,0.0002625,2273.64
0,7769895,5,phononTF,0.00126694,-0.00322552,-6.15955e-05,0.000262498,48.9849,0.00126694,1,-0.00276513,0.000308923,-0.0002625,187.707
0,7772387,16,phononTS,0.00118501,-0.00169004,-0.000340323,-0.000262498,1397.44,0.000764,1,-0.00100252,0.000996926,0.0002625,1709.39
0,7772537,3,phononTF,0.000547553,-0.0031224,-0.000950757,-0.0002625,1429.96,0.000382,1,-0.00300201,-0.000997837,0.0002625,1804.51
0,7772537,2,phononTF,0.000882297,-0.00348356,-0.000809517,0.000262498,1429.96,0.000882297,1,-0.00341285,-0.000734888,-0.0002625,1521.53
0,7772784,4,phononTF,0.00042155,-0.0010047,0.0010033,0.0002625,490.001,0.00042155,1,-0.00126744,0.00145474,-0.0002625,2034.29
0,7774634,20,phononTF,0.00040362,-0.000571859,-0.00142697,-0.0002625,1763.8,0.000382,1,-0.0010021,-0.00100357,0.0002625,2174.62
0,7776452,11,phononTF,0.000556056,-0.00257603,-0.00136764,-0.0002625,652.929,0.000382,1,-0.00299636,-0.000999604,0.0002625,983.337
0,7777988,22,phononTS,0.000405412,-0.00199926,0.00194449,-0.000262498,1694.38,0.000382,1,-0.00200483,0.00199882,0.0002625,1784.76
0,7778298,7,phononTF,0.000845581,-0.000306624,-0.00196418,-0.000262498,2208.01,0.000382,1,-0.0010025,-0.00100495,0.0002625,2436.89
0,7782629,9,phononTS,0.000652931,-0.00180525,-0.00196196,-0.0002625,1346.23,0.000382,1,-0.00200413,-0.00200392,0.0002625,1810.47
0,7782749,13,phononTF,0.000519056,-0.00177044,-0.000238083,-0.000262498,6975.53,0.000382,1,-0.00200046,3.49193e-06,0.0002625,7081.95
0,7783531,6,phononTS,0.000768511,-0.00202241,0.0023961,-0.0002625,1583.6,0.000382,1,-0.00199701,0.00200325,0.0002625,2773.03
0,7783531,2,phononTF,0.00692188,-0.00337899,0.000222558,-7.94971e-05,86.0027,0.00157999,1,-0.00378448,-2.09849e-05,-0.0002625,313.829
0,7784159,16,phononTF,0.00127417,-0.00281236,-0.00137217,-0.0002625,1209.34,0.000382,1,-0.00199632,-0.00199799,0.0002625,1615.8
0,7784955,10,phononTS,0.000722545,-0.00236289,-0.00158014,-0.0002625,958.199,0.000382,1,-0.00200461,-0.00199712,0.0002625,2040.96
0,7787346,15,phononTS,0.000397926,-0.00166554,-0.00201928,-0.0002625,474.399,0.000382,1,-0.00199671,-0.00199659,0.0002625,1565.74
0,7789919,11,phononTS,0.000776736,-0.00129884,0.00138191,-0.0002625,321.667,0.000382,1,-0.0010044,0.00100395,0.0002625,1474.85
0,7798860,10,phononTS,0.00047456,0.00196238,-0.00234379,-0.0002625,1391.44,0.000382,1,0.00200019,-0.00199919,0.0002625,2491.3
0,7800009,7,phononTF,0.00038388,0.00227231,0.00172287,-0.000262498,8026.81,0.000382,1,0.00200226,0.00200307,0.0002625,8138.64
0,7801416,8,phononTF,0.000877284,0.000773902,-0.00322405,-0.0002625,7339.26,0.000382,1,0.00099988,-0.00300135,0.0002625,7654.61
0,7804608,41,phononTF,0.00109815,0.00129051,0.00130422,-0.000262498,3016.43,0.000382,1,0.000995339,0.00099917,0.0002625,3132
0,7805589,20,phononTS,0.00101131,-0.00305357,-0.00103137,-0.000262498,765.261,0.000382,1,-0.00300148,-0.00100074,0.0002625,854.564
0,7806223,19,phononTS,0.000398496,4.57857e-05,-0.00201664,-0.0002625,1581.71,0.000382,1,4.9677e-06,-0.00200243,0.0002625,10449.5
0,7807971,13,phononTS,0.000514248,0.000997856,-0.00299862,0.000262498,3489.45,0.000514248,1,0.00106341,-0.00295008,-0.0002625,3584.68
0,7811684,18,phononTS,0.000958813,-0.0020029,4.10113e-06,0.000262498,1525.38,0.000958813,1,-0.000723246,0.00115507,-0.0002625,1882.25
0,7818290,3,phononTS,0.00135186,-0.00331131,-0.000970609,-0.0002625,602.378,0.000382,1,-0.00300302,-0.00100464,0.0002625,964.531
0,7824198,13,phononTF,0.000792539,0.000412503,0.00167557,-0.0002625,1054.42,0.000382,1,-1.66483e-06,0.00200363,0.0002625,1633.56
0,7825094,4,phononTS,0.00126079,-0.00208294,0.000494514,-0.0002625,22.6162,0.000382,1,-0.00100296,0.000995272,0.0002625,550.933
0,7826070,3,phononTF,0.00239576,-0.00338099,-0.000784439,-0.0002625,321.898,0.000382,1,-0.00299662,-0.00100461,0.0002625,569.334
0,7827043,16,phononTF,0.000472607,-0.00116801,0.00282334,-0.0002625,13232.8,0.000382,1,-0.000997972,0.00299651,0.0002625,13733.9
0,7827652,5,phononTF,0.00135083,-0.00071825,0.00333715,-0.0002625,222.932,0.001146,1,-0.00100217,0.0029963,0.0002625,4952.41
0,7832521,4,phononTS,0.00139173,0.000996492,-0.00299742,0.0002625,763.342,0.000557248,1,0.00134248,-0.00345363,-0.0002625,3773.35
0,7838142,18,phononTS,0.00062127,-4.99239e-05,-0.00203578,-0.000262498,7001.22,0.000382,1,-2.79136e-06,-0.00200014,0.0002625,7094.25
0,7841406,7,phononTF,0.000994629,-0.00301663,-0.000574419,-0.0002625,842.45,0.000382,1,-0.00299805,-0.000999111,0.0002625,1190.93
0,7841699,8,phononTS,0.000725041,5.02444e-07,4.26718e-06,0.000262498,8952.19,0.000725041,1,-6.49417e-05,0.000494613,-0.0002625,9100.88
0,7842021,11,phononL,0.000841773,-0.00118645,0.00186787,-0.0002625,3472.5,0.000382,1,-0.00199817,0.00200478,0.0002625,3997.46
0,7843201,7,phononTS,0.00039911,-0.00130073,-0.00117566,-0.0002625,1146.79,0.000382,1,-0.00199609,-0.00200319,0.0002625,2104.4
0,7844359,9,phononTS,0.000853886,-0.00237109,0.00181273,-0.0002625,777.693,0.000382,1,-0.00200269,0.00200422,0.0002625,2042.68
0,7844999,17,phononTS,0.00044838,0.00214017,0.000737161,-0.0002625,15745.2,0.000382,1,0.00199655,-2.03039e-06,0.0002625,16459.2
0,7851011,4,phononTF,0.00172132,-0.00340836,-0.000217712,-0.0002625,110.639,0.000382,1,-0.00300097,-0.000998051,0.0002625,579.791
0,7851011,7,phononTS,0.000465736,-0.00300097,-0.000998051,0.000262498,579.791,0.000465736,1,-0.00304408,-0.000481551,-0.0002625,727.82
0,7852193,11,phononTS,0.00042875,-0.00100072,0.00100467,0.000262498,3400.99,0.00042875,1,-0.000966633,0.000756293,-0.0002625,3514.47
0,7852780,24,phononTF,0.000568867,-0.00335357,-0.00133475,-0.0002625,328.332,0.000382,1,-0.00300377,-0.000997065,0.0002625,1124.91
0,7853716,7,phononTF,0.000551606,-0.00133031,-0.000642863,-0.0002625,2273.02,0.000382,1,-0.00100141,-0.00100454,0.0002625,2645.42
0,7854541,16,phononTF,0.00068801,-0.000620641,-0.00353537,-0.0002625,1994.3,0.000382,1,-0.00200195,-0.00200388,0.0002625,6016.87
0,7861565,9,phononTS,0.00196311,-0.00450971,0.00319235,-0.000262498,1821.18,0.000382,1,4.49665e-06,-0.00200268,0.0002625,3008.9
0,7861565,12,phononTS,0.00136241,4.49665e-06,-0.00200268,0.000262498,3008.9,0.00124964,1,-0.000573929,-0.00328262,-0.0002625,3309.15
0,7863384,10,phononTF,0.0007714,0.00393681,0.005,-0.000100179,5543.88,0.0007714,1,0.004187,0.00475264,-0.0002625,6332.96
0,7866225,13,phononTS,0.000961826,0.00192882,0.00295528,-0.0002625,292.774,0.000382,1,0.00200287,0.0019972,0.0002625,3059.39
0,7869084,9,phononTF,0.000490008,0.000369568,-0.00236961,-0.0002625,598.614,0.000382,1,-4.97844e-06,-0.00199823,0.0002625,3422.57
0,7877121,17,phononTS,0.000620391,-0.00290419,-1.25984e-05,-0.000262498,975.481,0.000382,1,-0.00299954,-0.00100115,0.0002625,1200.32
0,7879754,2,phononTF,0.00103435,-0.00470021,0.00286608,-0.0002625,792.779,0.000382,1,0.00199964,4.68025e-06,0.0002625,2978.71
0,7880084,6,phononTS,0.000778004,-0.00302396,-0.000819627,-0.0002625,477.234,0.000382,1,-0.00300288,-0.00100448,0.0002625,1031.55
0,7885847,4,phononTS,0.00104902,-0.00210086,0.000534895,-0.0002625,7.74092,0.000382,1,-0.00100225,0.000999552,0.0002625,525.392
0,7889015,22,phononTS,0.000920912,-0.00129619,-0.005,2.79699e-05,394.122,0.000382,1,0.000996462,-0.00299853,0.0002625,2427.81
0,7889015,20,phononTF,0.00243941,-0.0036905,-0.000411566,0.000262498,273.536,0.000843363,1,-0.00269768,-0.000803398,-0.0002625,494.489
0,7893404,11,phononTF,0.000663661,-0.0018703,-7.94924e-05,-0.0002625,7213.02,0.000382,1,-0.00299695,-0.000998218,0.0002625,13575.5
0,7893787,23,phononTS,0.00131677,0.00173088,-0.00201106,-0.0002625,3749.4,0.000382,1,0.00100335,-0.00300477,0.0002625,4779.28
0,7900186,10,phononTS,0.0004686,-5.16592e-06,-0.000437371,-0.000262498,407.71,0.000382,1,-1.36761e-06,-4.22108e-06,0.0002625,545.508
0,7903256,10,phononTS,0.000710709,0.000999242,0.00100316,0.000262498,7191.33,0.000432501,1,0.00202643,0.00170082,-0.0002625,7465.83
0,7904869,13,phononTS,0.00100972,-0.00037794,0.00102997,-0.0002625,1152.08,0.000382,1,-0.000998806,0.000997451,0.0002625,2015.95
0,7910434,13,phononTS,0.000644147,0.00167268,-0.00128725,-0.0002625,3896.3,0.000382,1,0.00199598,-0.00199856,0.0002625,5769.46
0,7910930,18,phononL,0.000398693,-0.000998225,0.000995262,0.000262498,10293.7,0.000398693,1,-0.00124664,0.00143596,-0.0002625,10373.3
0,7917234,8,phononL,0.000591808,-0.00272734,8.19899e-05,-0.000262498,648.145,0.000382,1,-0.00200127,2.32568e-06,0.0002625,744.505
0,7919391,14,phononTF,0.000919303,-0.00209264,0.00169742,-0.0002625,1045.46,0.000382,1,-0.00200154,0.00199568,0.0002625,2309.35
0,7922604,12,phononTF,0.000685521,-0.00113191,-0.00111885,-0.0002625,3060.61,0.000382,1,-0.00100325,-0.000996732,0.0002625,4293.61
0,7926846,11,phononTF,0.000622348,0.00176879,-0.00145306,-0.000262498,5400.02,0.000382,1,0.000995441,-0.00100179,0.0002625,5588.16
0,7927963,14,phononTF,0.000513998,0.00156872,-0.00101709,-0.0002625,12848.3,0.000382,1,0.00200273,-8.71167e-07,0.0002625,13739.6
0,7930333,12,phononTS,0.000653261,0.00202569,-0.0021143,-0.0002625,7572.62,0.000382,1,0.00199548,-0.00199779,0.0002625,7873.12
0,7932898,4,phononTS,0.00147763,-0.00303767,-0.000722334,-0.0002625,43.3591,0.000764,1,-0.00300196,-0.00099625,0.0002625,521.905
0,7932898,9,phononTS,0.0010811,0.005,0.00354314,-5.33482e-05,149.3,0.000940771,1,0.00357951,0.00257223,-0.0002625,4761.21
0,7934253,22,phononTF,0.000760472,-0.00188221,0.00187978,-0.0002625,139.254,0.000382,1,-0.00200481,0.00199745,0.0002625,1194.78
0,7937201,14,phononTF,0.000475475,-0.00221062,-0.000206832,-0.000262498,386.592,0.000382,1,-0.00199951,-3.55683e-06,0.0002625,489.494
0,7937588,7,phononTF,0.000838151,-0.005,-0.00173968,-0.000207745,569.255,0.000382,1,-2.6589e-06,0.00200065,0.0002625,2198.4
0,7941497,8,phononTF,0.000871437,-0.00152776,-0.000468591,-0.0002625,2657.51,0.000382,1,-0.0010042,-0.00100273,0.0002625,4237.99
0,7943495,13,phononTS,0.000420452,0.00054769,-0.000837303,-0.000262499,3168.61,0.000382,1,0.00100039,-0.000999815,0.0002625,3318.34
0,7943738,12,phononTS,0.000517782,0.000994688,7.58946e-05,-0.0002625,5878.47,0.000382,1,0.00199764,-0.0020008,0.0002625,7771.06
0,7943738,5,phononTS,0.00239901,-0.00203422,-0.000181048,0.000262498,712.754,0.000641553,1,-0.00208296,-0.000210833,-0.0002625,802.126
0,7946915,5,phononTS,0.000823847,0.000967881,-0.00295475,-0.0002625,344.552,0.000382,1,0.000999964,-0.00299856,0.0002625,3642.74
0,7951288,6,phononTS,0.000388279,-0.000914418,0.0010136,-0.0002625,670.732,0.000382,1,-0.0010013,0.000996495,0.0002625,962.502
0,7951288,4,phononTS,0.000406816,-0.00318549,8.3028e-05,0.000262498,97.2827,0.000406816,1,-0.00315875,-0.00055697,-0.0002625,260.456
0,7951862,11,phononL,0.00100802,-0.00333657,-0.0013057,-0.000262498,1224.22,0.000382,1,-0.0029963,-0.00099518,0.0002625,1300.86
0,7953630,5,phononTS,0.000631766,-1.92559e-05,-0.00194804,-0.0002625,247.914,0.000382,1,-2.2186e-06,-0.00199628,0.0002625,4274.18
0,7956497,3,phononTF,0.00139532,-0.00167063,-0.00169648,-0.0002625,2.06082,0.000382,1,-0.0009971,-0.0010049,0.0002625,3837.64
0,7960470,8,phononTS,0.000401043,-0.00196556,0.00219834,-0.0002625,1584.76,0.000382,1,-0.00199943,0.00200365,0.0002625,2690.83
0,7962243,5,phononTS,0.000856554,-0.00220723,-0.00282192,-0.0002625,723.801,0.000382,1,-0.00299882,-0.00099586,0.0002625,1701.88
0,7963844,13,phononTS,0.000580815,-0.000796572,-0.000441654,-0.000262498,6389.53,0.000382,1,-4.9875e-06,2.93663e-06,0.0002625,6607.79
0,7963844,3,phononTF,0.000577104,-0.00319842,0.000145545,0.000262498,50.0385,0.000577104,1,-0.00342154,-8.8869e-05,-0.0002625,155.554
0,7963998,11,phononTS,0.000451182,0.005,0.00274452,-0.000205642,2269.73,0.000382,1,0.00299685,0.00100328,0.0002625,5002.14
0,7963998,2,phononL,0.000522648,-0.00316258,-4.23183e-05,0.000262498,71.5525,0.000522648,1,-0.00316728,-0.000755748,-0.0002625,166.276
0,7963999,1,phononL,0.01,-0.00308987,-0.00023049,-0.000185577,0,0.0014907,1,-0.00305348,-0.000236492,-0.0002625,215.636
0,7968909,3,phononTS,0.00204828,-0.00288589,-0.000148718,-0.0002625,1176.34,0.000764,1,-0.00200254,-3.34507e-06,0.0002625,1597.38
0,7969553,3,phononTF,0.00336154,-0.0017515,-0.000240171,-0.0002625,333.576,0.00191,1,-0.00199593,7.20646e-07,0.0002625,1380.01
0,7973337,6,phononL,0.000553078,-0.00229684,-0.00147719,-0.0002625,9.62498,0.000382,1,-0.00199749,-0.0019974,0.0002625,357.702
0,7973337,5,phononTF,0.00139175,-0.00319485,8.34711e-05,0.000262498,9.62498,0.000528968,1,-0.00294095,0.000328135,-0.0002625,117.852
0,7975899,11,phononTS,0.000392997,0.00198355,0.00194344,-0.000262498,4361.02,0.000382,1,0.00200275,0.00199846,0.0002625,4452.83
0,7977333,19,phononTF,0.000440258,-0.00299948,-0.000999133,0.000262498,17056.6,0.000440258,1,-0.0034069,-0.00140312,-0.0002625,17189.9
0,7979780,9,phononTF,0.000536848,0.00403615,-1.85902e-05,-0.000262498,6859.46,0.000382,1,0.00300154,0.00100351,0.0002625,7124.18
0,7982657,6,phononTS,0.00049015,-0.00196035,0.00190921,-0.0002625,730.157,0.000382,1,-0.00200314,0.00199717,0.0002625,1421.83
0,7993286,12,phononTS,0.000388722,-0.000122514,0.00227017,-0.0002625,832.015,0.000382,1,-2.89256e-06,0.00199541,0.0002625,3127.01
0,7993444,5,phononTS,0.00201515,-0.00284528,0.000101479,-0.0002625,143.524,0.000382,1,-0.00100492,0.00100223,0.0002625,653.005
0,7997107,12,phononTS,0.000960883,-0.00208276,0.00119582,-0.000262498,1498.04,0.000382,1,-0.000997712,0.00100114,0.0002625,1742.92
0,8002586,11,phononTS,0.00081793,0.00318889,-0.00228132,-0.0002625,2798.46,0.000382,1,0.00200229,-0.00199875,0.0002625,5395.36
0,8009959,8,phononTF,0.000911574,-0.00299747,-0.000995389,0.0002625,630.573,0.000508694,1,-0.00331622,-0.00117295,-0.0002625,859.173
0,8012044,10,phononTF,0.00042774,-0.00219604,-0.0017867,-0.0002625,118.139,0.000382,1,-0.00199802,-0.00199865,0.0002625,1047.07
0,8014040,8,phononTS,0.000644656,0.00296062,0.00118184,-0.0002625,3435.69,0.000382,1,0.0030014,0.00100086,0.0002625,8080.71
0,8025780,11,phononTS,0.000571231,0.00200216,4.86e-06,0.0002625,2970.81,0.000571231,1,0.00279105,-0.00115885,-0.0002625,9412.98
0,8025781,3,phononTS,0.00498676,-0.00248335,0.00115096,-0.00015667,462.769,0.00074691,1,-0.00245094,0.00115651,-0.0002625,613.091
0,8033444,12,phononTS,0.000448216,-0.00219796,-0.000597792,-0.000262498,3601.08,0.000382,1,-0.00100449,-0.00100241,0.0002625,3875.34
0,8034494,6,phononTS,0.000478763,-0.00304548,-0.000654608,-0.0002625,952.598,0.000382,1,-0.00300079,-0.00100015,0.0002625,1202.74
0,8035083,6,phononTS,0.000398073,-0.00199025,-0.00205789,-0.000262498,1326.7,0.000382,1,-0.00200375,-0.0020021,0.0002625,1416.66
0,8045452,11,phononTF,0.00108286,-0.0031519,-0.00113068,-0.0002625,710.182,0.000764,1,-0.00299672,-0.001,0.0002625,1910.05
0,8046869,18,phononTS,0.000502257,-0.00462523,-0.00167913,-0.0002625,14741.2,0.000382,1,-0.00299999,-0.0010016,0.0002625,19427.6
0,8047861,6,phononTS,0.00113517,-0.00300889,-0.000180585,-0.000262498,2561.72,0.000382,1,-0.00300251,-0.000995135,0.0002625,2754.58
0,8047861,13,phononTS,0.000488015,-0.00300251,-0.000995135,0.000262498,2754.58,0.000488015,1,-0.00298618,-0.000726348,-0.0002625,2872.63
0,8049951,2,phononTS,0.00459714,-0.00108506,0.00137874,0.000164404,280.463,0.000764,1,-0.000999804,0.00100066,0.0002625,770.265
0,8054891,15,phononTS,0.00119014,-0.00267963,6.90428e-05,-0.000262498,1126.17,0.000764,1,-0.00199652,-2.82115e-06,0.0002625,1298.22
0,8056579,9,phononTF,0.000512071,0.000998843,-0.000995099,0.000262498,1727.23,0.000512071,1,0.00423117,-0.00155808,-0.0002625,2322.19
0,8065396,11,phononTF,0.000608267,-0.000460295,-0.000438748,-0.000262498,1593.06,0.000382,1,9.41569e-07,-2.22365e-06,0.0002625,1735.18
0,8065396,2,phononTF,0.00215813,-0.00324199,-1.75466e-06,0.000262498,10.7433,0.000689671,1,-0.00344859,-0.000198324,-0.0002625,112.971
0,8070509,7,phononTS,0.00150447,-0.000801879,0.00110534,-0.0002625,4031.91,0.000382,1,-0.000995889,0.000999613,0.0002625,4378.76
0,8078365,12,phononTS,0.000458793,-0.000985809,-0.000870023,-0.0002625,1291.84,0.000382,1,-0.00200362,-0.00199576,0.0002625,3988.34
0,8080706,7,phononTS,0.000443047,6.99537e-06,0.00237596,-0.0002625,2669.77,0.000382,1,-4.3767e-06,0.00200344,0.0002625,3966.56
0,8081184,17,phononTS,0.000429276,-0.0026421,0.00204794,-0.0002625,2230.11,0.000382,1,-0.00199551,0.00200382,0.0002625,5653.52
0,8082339,16,phononTS,0.00098059,-0.000412834,0.00196159,-0.0002625,2148.11,0.000382,1,-4.7176e-08,0.00200312,0.0002625,2817.43
0,8084138,2,phononTS,0.00057488,-6.49624e-05,0.000915363,-0.0002625,47.0126,0.000382,1,-7.04809e-07,0.00199875,0.0002625,4259.16
0,8084194,9,phononTS,0.000398264,-0.00196537,6.09967e-05,-0.000262498,2286.26,0.000382,1,-0.00200016,3.01747e-06,0.0002625,2381.06
0,8086242,17,phononTS,0.000727626,-0.000948225,0.00303108,-0.0002625,1673.73,0.000382,1,-0.00100019,0.00299797,0.0002625,4793
0,8095016,12,phononTF,0.000918799,-0.000624076,0.000278099,-0.0002625,1029.38,0.000382,1,4.03352e-06,-4.64247e-07,0.0002625,1995.66
0,8095371,7,phononTS,0.00123003,7.57444e-05,-0.00144924,-0.000262498,4757.07,0.000382,1,-0.00100192,-0.00100469,0.0002625,5011.95
0,8095427,12,phononTF,0.000639353,-0.00104493,0.00269641,-0.0002625,469.785,0.000382,1,-0.000998071,0.00300477,0.0002625,5765.61
0,8101599,23,phononTF,0.000433041,-0.000273377,-0.00223072,-0.0002625,12690.3,0.000382,1,-4.48531e-06,-0.00199808,0.0002625,13582.4
0,8103227,8,phononTF,0.000672699,-0.00300169,-0.000997059,0.0002625,571.609,0.000543748,1,-0.00269964,-0.00256273,-0.0002625,1196.9
0,8103227,3,phononTF,0.00084971,-0.005,0.000290308,0.000224723,472.248,0.000514768,1,-0.00206066,0.00145921,-0.0002625,1356.68
0,8107031,1,phononTS,0.01,-0.00300121,-0.000981366,0.000219331,0,0.001528,1,-0.00300382,-0.00100463,0.0002625,1141.12
0,8108224,6,phononTF,0.000480344,-0.0025325,-0.00148989,-0.000262498,1414.75,0.000382,1,-0.00200187,-0.00200372,0.0002625,1569.79
0,8110215,7,phononL,0.00106593,-0.00299537,-0.0010046,0.0002625,1207.63,0.000228269,1,-0.00341078,-0.00207306,-0.0002625,1487.09
0,8110930,14,phononTS,0.000573022,-5.08563e-05,-0.00188335,-0.0002625,4914.47,0.000382,1,-1.93763e-06,-0.00200317,0.0002625,5621.33
0,8127899,2,phononTS,0.0010447,-0.00158933,-0.00159402,-0.000262498,1649.89,0.000382,1,-0.00200058,-0.00200273,0.0002625,1817.19
0,8127900,1,phononTF,0.01,-0.00295082,0.000448354,-0.000238113,0,0.00136998,1,-0.00293584,0.000439841,-0.0002625,388.92
0,8131064,24,phononTS,0.000397177,-0.00200729,-0.00262503,-0.0002625,8961.51,0.000382,1,-0.00200439,-0.00199689,0.0002625,9915.84
0,8136268,20,phononTS,0.000483409,-0.00204534,-0.00118756,-0.0002625,2861.71,0.000382,1,-0.00199968,-0.00199787,0.0002625,5536.99
0,8137919,20,phononTS,0.00068954,0.00298287,-0.00146264,-0.0002625,6136.73,0.000382,1,0.00100073,0.00100174,0.0002625,8746.07
0,8142141,25,phononTS,0.000561666,-8.52649e-05,-0.00294694,-0.0002625,5688.21,0.000382,1,-1.68495e-06,-0.00200138,0.0002625,6340.72
0,8142357,12,phononTS,0.000860267,-0.000990946,0.00105263,-0.0002625,898.601,0.000382,1,-0.00100293,0.000998852,0.0002625,1682.81
0,8144156,20,phononTS,0.000493276,-0.00122153,-0.000613219,-0.0002625,3061.61,0.000382,1,-0.000999759,-0.000999422,0.0002625,4269.12
0,8147534,17,phononTF,0.00131886,-0.00138139,0.00110366,-0.0002625,597.738,0.000382,1,-0.0009961,0.000999615,0.0002625,964.778
0,8152821,17,phononL,0.00081799,0.00245093,-0.00239413,-0.0002625,5856.13,0.000382,1,0.00199626,-0.00199631,0.0002625,8030.65
0,8152821,4,phononTS,0.000607139,-0.00172987,0.00112081,0.000262498,2137.22,0.000607139,1,-0.00370701,6.85455e-05,-0.0002625,2582.6
0,8152821,2,phononTS,0.00468368,-0.00215823,-0.000442094,0.00013352,1286.34,0.00132831,1,-0.00218301,-0.000472329,-0.0002625,1353.76
0,8154325,7,phononTF,0.00123612,0.00214591,-0.00210845,-0.0002625,2946.77,0.000764,1,0.00199885,-0.00200416,0.0002625,7060.21
0,8155602,13,phononTS,0.000487519,-0.00152953,-0.00024813,-0.000262498,1460.06,0.000382,1,-0.00100387,0.00100176,0.0002625,1750.9
0,8156002,22,phononTF,0.000542907,0.00114245,0.00118663,-0.0002625,5816.7,0.000382,1,0.00200002,0.00199989,0.0002625,9658.33
0,8165194,15,phononTS,0.00102066,0.00100002,0.00100413,0.0002625,3523.06,0.000390603,1,0.00101582,0.00108677,-0.0002625,3716.88
0,8166567,10,phononTS,0.000421367,-0.00096294,-0.000970108,-0.0002625,2347.09,0.000382,1,-0.00100006,-0.00100009,0.0002625,2854.95
0,8168607,4,phononTS,0.00230638,-0.00227934,7.9625e-05,-0.0002625,17.0588,0.000764,1,-0.00200308,4.12597e-07,0.0002625,643.708
0,8170316,5,phononTF,0.00139188,-0.00339071,-0.000606088,-0.0002625,463.725,0.000382,1,-0.00299903,-0.00100322,0.0002625,726.911
0,8170316,6,phononTF,0.000664489,-0.00299903,-0.00100322,0.000262498,726.911,0.000401733,1,-0.00290431,-0.000905114,-0.0002625,819.766
0,8170469,13,phononTS,0.00228219,-0.00296065,-0.000775925,-0.000262498,549.728,0.000764,1,-0.00299695,-0.00100376,0.0002625,660.965
0,8172330,13,phononTF,0.000488948,0.00182205,0.00182386,-0.0002625,3981.43,0.000382,1,0.00200474,0.00199824,0.0002625,5765.66
0,8176881,3,phononL,0.000706639,-0.00214811,0.00187201,-0.0002625,152.709,0.000382,1,-0.00200037,0.0019957,0.0002625,733.348
0,8177292,8,phononTS,0.000417893,-0.005,6.10457e-05,-3.17272e-05,2516.34,0.000417893,1,-0.00444434,0.00020328,-0.0002625,3108.6
0,8177800,10,phononTF,0.000597397,7.92005e-05,0.001722,-0.0002625,1837.3,0.000382,1,-3.87971e-06,0.00199561,0.0002625,4978.27
0,8179705,8,phononTS,0.000470605,-0.00324435,-0.000502956,-0.000262498,738.922,0.000382,1,-0.0020029,-2.15137e-06,0.0002625,1027.31
0,8187167,15,phononL,0.000934537,0.00276259,0.00128474,-0.0002625,3578.73,0.000382,1,0.00299841,0.00100124,0.0002625,4005.44
0,8191033,6,phononTS,0.00138103,-0.00296554,-0.000973482,-0.0002625,6.58703,0.000764,1,-0.00299519,-0.00100481,0.0002625,1448.87
0,8192715,21,phononTF,0.000419329,-0.00025792,-0.000304648,-0.0002625,10047.2,0.000382,1,4.55741e-06,-2.03094e-06,0.0002625,13366.4
0,8197974,9,phononTF,0.000436862,-0.00270648,-0.000748358,-0.0002625,3285.42,0.000382,1,-0.00300173,-0.00100149,0.0002625,3844.43
0,8207736,5,phononTF,0.000969799,-0.0025446,0.000538424,-0.0002625,500.583,0.000382,1,-0.00199886,3.30419e-06,0.0002625,1186.37
0,8213582,9,phononL,0.000743445,-0.00200134,0.00199649,0.000262498,1407.96,0.00039443,1,-0.00205912,0.00159923,-0.0002625,1480.45
0,8217383,8,phononTF,0.000709398,-0.00309053,-0.0007112,-0.0002625,499.735,0.000382,1,-0.0030029,-0.00100202,0.0002625,938.51
0,8223318,12,phononTS,0.000622404,-0.00341361,-0.00120996,-0.000262498,1777.03,0.000382,1,-0.00200147,-0.00200312,0.0002625,2115.1
0,8224472,17,phononTS,0.000669245,-0.00487167,0.00124808,-0.0002625,2055.84,0.000382,1,-0.00199976,-0.00200212,0.0002625,2931.91
0,8231982,4,phononTS,0.00123953,0.00114153,0.000649756,-0.0002625,58.3637,0.000382,1,1.34489e-06,-0.00199969,0.0002625,5309.04
0,8231982,7,phononTF,0.000549538,1.34489e-06,-0.00199969,0.000262498,5309.04,0.000549538,1,-0.000198244,-0.00192543,-0.0002625,5408.87
0,8232328,10,phononTF,0.000705978,-0.00100003,-0.00100338,0.0002625,3357.53,0.000705978,1,-0.000547059,-0.00059575,-0.0002625,4967.22
0,8232328,2,phononTF,0.0058898,-0.005,0.00249669,-0.000221266,435.478,0.00226177,1,-0.00493412,0.00241558,-0.0002625,949.933
0,8236165,10,phononTF,0.000404911,-0.0018388,0.00206403,-0.000262499,1222.36,0.000382,1,-0.00200056,0.00199976,0.0002625,1318.93
0,8242975,7,phononTF,0.000550645,-0.00308001,-0.000872587,-0.0002625,420.494,0.000382,1,-0.00300154,-0.0010014,0.0002625,798.122
0,8243066,12,phononL,0.000775168,4.86495e-06,-2.91719e-06,0.000262498,3628.58,0.000775168,1,-0.000176043,0.00129073,-0.0002625,3781.38
0,8243066,3,phononTF,0.0007824,-0.00264215,0.00275856,-0.0002625,851.922,0.0007824,1,0.000461961,0.005,-0.000172509,2469.67
0,8243066,2,phononTS,0.00633932,-0.002495,0.000758935,-0.000136458,851.922,0.00189579,1,-0.00221345,0.000820954,-0.0002625,1222.67
0,8248649,11,phononTF,0.000404246,-0.00222598,0.000463371,-0.0002625,2982.66,0.000382,1,-0.00199717,-1.30781e-06,0.0002625,4395.05
0,8249640,5,phononTS,0.00210331,-0.0030525,0.000174305,-0.000262498,1330.67,0.000764,1,-0.00199729,-0.00200232,0.0002625,1824.59
0,8249640,6,phononTF,0.00115564,-0.00199729,-0.00200232,0.000262498,1824.59,0.000628171,1,-0.00253376,-0.00140804,-0.0002625,1990.5
0,8253701,11,phononTS,0.00047638,-0.00226152,4.14624e-05,-0.000262498,780.47,0.000382,1,-0.00200389,5.5889e-07,0.0002625,894.96
0,8257057,21,phononL,0.000576003,-5.44139e-05,0.00261882,-0.0002625,26235.4,0.000382,1,-2.77536e-06,0.00199793,0.0002625,26624.5
0,8258929,10,phononTS,0.000544071,-0.00300688,-0.001011,-0.0002625,12672.1,0.000382,1,-0.0030048,-0.00100358,0.0002625,12945.5
0,8259701,29,phononTF,0.000560515,-0.00180674,-0.00223123,-0.0002625,20406.2,0.000382,1,-0.00199555,-0.00199597,0.0002625,20721.6
0,8268810,9,phononTS,0.000686329,-0.00202206,-0.00203975,-0.0002625,3048.06,0.000382,1,-0.00199533,-0.00199511,0.0002625,4033.2
0,8268810,5,phononTS,0.000924207,-0.00341366,0.00060115,0.000262498,358.523,0.000910012,1,-0.00183258,-0.00228431,-0.0002625,988.942
0,8268810,4,phononTS,0.00063637,-0.00341366,0.00060115,0.000262498,358.523,0.00063637,1,-0.00344802,0.000753945,-0.0002625,461.739
0,8271555,4,phononTF,0.00307066,-0.00224343,0.00199013,-0.000262498,832.471,0.001146,1,-0.00200191,0.00199903,0.0002625,936.168
0,8278913,8,phononTS,0.00101732,-0.00322923,0.00057843,-0.000262498,909.088,0.000382,1,-0.00199582,-3.55783e-06,0.0002625,1202.63
0,8279324,9,phononTS,0.000501498,-0.00155507,0.000664124,-0.0002625,888.935,0.000382,1,-0.00100396,0.000999399,0.0002625,1418.54
0,8281443,26,phononTF,0.000501723,0.00100764,-0.00121151,-0.0002625,6999.64,0.000382,1,0.000999218,-0.000996507,0.0002625,7568.15
0,8282191,3,phononTF,0.00739594,-0.00301997,-0.00098868,7.65219e-05,113.087,0.000764,1,-0.0030047,-0.00100424,0.0002625,412.357
0,8282307,23,phononTS,0.00041503,-0.00353167,0.00406181,-0.0002625,239.621,0.000382,1,0.00100486,0.000995267,0.0002625,3440.39
0,8282307,4,phononL,0.000583417,-0.00322818,5.14693e-05,0.000262498,1.58631,0.000583417,1,-0.00432929,-0.000404982,-0.0002625,146.548
0,8284870,12,phononTS,0.000426455,-0.00339046,-0.00104525,-0.0002625,1623.22,0.000382,1,-0.00299522,-0.00100138,0.0002625,2933.63
0,8284936,8,phononTF,0.000460996,0.000808228,-0.000729111,-0.0002625,5808.48,0.000382,1,0.00100426,-0.000996724,0.0002625,13504.5
0,8291825,10,phononTS,0.000704147,-0.00226693,7.88256e-05,-0.000262498,3461.89,0.000382,1,-0.00200033,2.58165e-06,0.0002625,3583.11
0,8292619,5,phononTF,0.000723012,-0.00354346,0.00049705,-0.0002625,71.8786,0.000382,1,-0.00200307,2.47664e-06,0.0002625,519.261
0,8295123,25,phononTS,0.000615591,-0.00064524,-3.39651e-06,-0.0002625,860.347,0.000382,1,-4.11533e-06,1.58281e-06,0.0002625,1596.96
0,8298195,11,phononTS,0.000741297,-0.00163635,0.00203204,-0.0002625,12674.8,0.000382,1,-0.00200241,0.00199673,0.0002625,14440.4
0,8300691,16,phononTF,0.000615084,-0.0032948,-0.000610443,-0.0002625,2689.78,0.000382,1,-0.00300486,-0.00100164,0.0002625,3321.89
0,8305710,22,phononTS,0.000535083,-0.000998331,0.000999723,0.000262498,7247.58,0.000535083,1,-0.000953822,0.0004474,-0.0002625,7400.66
0,8305894,23,phononL,0.000590115,-0.00109992,0.00198501,-0.0002625,13157.9,0.000382,1,-0.00100498,0.00300073,0.0002625,13736
0,8307647,6,phononTS,0.000930486,0.00125964,0.00103589,-0.0002625,519.284,0.000382,1,0.000997967,0.00100009,0.0002625,7950.19
0,8312560,18,phononTS,0.000716808,-0.00197493,0.00170886,-0.0002625,2646.89,0.000382,1,-0.00200266,0.00199517,0.0002625,4493.75
0,8320226,2,phononTS,0.00201504,-0.00262401,1.41868e-05,-0.0002625,43.6118,0.000382,1,-0.00199894,-2.70412e-06,0.0002625,366.058
0,8320390,16,phononTS,0.000397299,-0.00299879,-0.00121229,-0.0002625,3356.47,0.000382,1,-0.00300439,-0.000997005,0.0002625,3977
0,8335446,4,phononL,0.000732596,-0.00251992,-0.00188371,-0.0002625,32.0814,0.000382,1,-0.00199718,-0.0019978,0.0002625,808.512
0,8336955,10,phononTS,0.000467209,0.0041236,0.00450924,-0.0002625,845.657,0.000382,1,0.00200332,0.00199783,0.0002625,3858.29
0,8338245,14,phononTS,0.000809342,-0.00217326,-0.00203079,-0.000262498,1522.92,0.000382,1,-0.00200051,-0.00199585,0.0002625,1628.32
0,8338475,3,phononTF,0.00753025,-0.00204592,4.87119e-05,0.000201225,19.629,0.000764,1,-0.00200015,1.38929e-06,0.0002625,1281.61
0,8342139,19,phononTS,0.000488038,-0.00200864,-6.20607e-05,-0.000262498,15705.2,0.000382,1,-0.00199577,4.76022e-06,0.0002625,15801.9
0,8345937,7,phononTS,0.00063071,0.000144914,1.96203e-05,-0.0002625,1008.32,0.000382,1,-1.83115e-06,-7.84777e-07,0.0002625,1833.18
0,8351172,15,phononTS,0.000623364,-0.00100054,0.00299937,0.000262498,3273.75,0.000265191,1,-0.0009211,0.00232001,-0.0002625,3442.88
0,8351998,12,phononTS,0.00058311,0.00158208,-0.000242139,-0.0002625,1368.41,0.000382,1,0.00199694,-3.72632e-06,0.0002625,2106.16
0,8352624,3,phononTS,0.00120434,-0.005,-0.00114171,-0.00023641,626.095,0.000382,1,-0.00199746,0.00200285,0.0002625,3126.24
0,8357575,12,phononTS,0.000506337,-0.00196907,8.013e-05,-0.000262498,509.171,0.000382,1,-0.00199756,3.40253e-06,0.0002625,608.972
0,8359872,21,phononTF,0.000772414,0.000106769,0.000110134,-0.0002625,2369.04,0.000382,1,-1.36845e-06,-2.55487e-06,0.0002625,2650.34
0,8361557,12,phononTF,0.000393147,0.000751836,0.000954863,-0.000262498,4235.69,0.000382,1,0.000997564,0.000996705,0.0002625,4339.92
0,8361699,30,phononTS,0.000521159,0.000997508,0.000997393,0.000262498,3327.53,0.000521159,1,0.000944624,0.000997846,-0.0002625,3418.29
0,8361890,6,phononTF,0.00076928,-0.00228147,-0.000291089,-0.000262498,280.061,0.000382,1,-0.00200087,2.77562e-06,0.0002625,393.626
0,8366176,7,phononTS,0.000518201,-0.00198884,-0.00107581,-0.0002625,347.572,0.000382,1,-0.00200333,-0.00200012,0.0002625,1089.36
0,8366176,4,phononTS,0.000398098,-0.00306,4.79161e-05,0.000262498,199.274,0.000398098,1,-0.00380997,-0.00132601,-0.0002625,522.535
0,8367107,7,phononTS,0.000938578,-0.00311166,-0.00114498,-0.0002625,1174.93,0.000382,1,-0.00300182,-0.000999052,0.0002625,1595.73
0,8384272,7,phononTF,0.000459971,-0.00171406,0.000515185,-0.000262498,425.245,0.000382,1,-0.00199986,1.84197e-07,0.0002625,569.135
0,8386950,4,phononTS,0.000448761,0.000536712,0.000884075,-0.0002625,477.96,0.000382,1,0.000995622,0.00100013,0.0002625,1636.11
0,8388198,12,phononL,0.00104997,0.000517537,0.00213763,-0.0002625,1393.78,0.000382,1,-2.45715e-06,0.00200304,0.0002625,3004.6
0,8391182,10,phononTS,0.000654385,0.000990351,-0.00102517,-0.0002625,5020.12,0.000382,1,0.000998803,-0.000996393,0.0002625,5491.99
0,8392034,14,phononTS,0.000481779,-1.07097e-06,2.44182e-06,0.000262498,14081.9,0.000481779,1,3.37735e-05,-0.000419426,-0.0002625,14217
0,8392034,2,phononTS,0.00249984,-0.00289885,4.44024e-05,0.000262498,99.9421,0.00134431,1,-0.0032266,-2.31231e-05,-0.0002625,227.753
0,8392336,4,phononTS,0.00042753,0.00361863,0.000864537,-0.0002625,674.755,0.000382,1,0.00299702,0.00100192,0.0002625,5901.72
0,8397814,6,phononTS,0.000884888,-0.000995319,0.00299619,0.000262498,1022.87,0.000689708,1,-0.00169166,0.00258226,-0.0002625,1225.5
0,8397815,1,phononTS,0.01,-0.00357,-0.000110793,-0.000176335,0,0.00280562,1,-0.00353908,-8.20202e-05,-0.0002625,235.416
0,8398947,1,phononTS,0.01,-0.00300326,-0.00099952,0.000214515,0,0.001528,1,-0.0030023,-0.000997409,0.0002625,533.702
0,8400945,13,phononTS,0.000587931,6.50344e-05,0.00499032,-0.0002625,3429.14,0.000382,1,-0.000996124,0.00299695,0.0002625,8615.85
0,8403754,12,phononTF,0.000554891,0.00199521,-0.00200455,0.0002625,5355.89,0.000554891,1,0.0018416,-0.00192609,-0.0002625,5740.22
0,8403932,31,phononTS,0.000581683,-0.00169652,0.00200585,-0.0002625,4563.12,0.000382,1,-0.00199564,0.00199823,0.0002625,11351.6
0,8408017,6,phononTS,0.000988294,0.005,-0.00440232,-0.000226696,5315.82,0.000382,1,3.45352e-06,8.18218e-07,0.0002625,6538.59
0,8410373,6,phononTF,0.00042917,-0.00226483,0.000175964,-0.000262498,3199.97,0.000382,1,-0.00199733,2.14012e-06,0.0002625,3308.14
0,8411132,9,phononL,0.000524497,-0.00250665,-0.00084713,-0.000262498,1655.34,0.000382,1,-0.00299665,-0.00099719,0.0002625,1734.88
0,8413292,4,phononTF,0.000527597,-0.00246869,-0.000466567,-0.000262498,732.371,0.000382,1,-0.00200332,-3.16487e-07,0.0002625,876.915
0,8416953,9,phononL,0.000640156,3.89327e-05,-0.00138551,-0.0002625,6266.64,0.000382,1,7.18329e-07,-6.02673e-09,0.0002625,8003.02
0,8417809,14,phononTS,0.000384931,-0.00204882,3.20904e-05,-0.0002625,10085.2,0.000382,1,-0.00199708,-1.63921e-06,0.0002625,14510.5
0,8418541,6,phononTS,0.00050525,-0.00196386,2.99617e-05,-0.0002625,945.405,0.000382,1,-0.002004,4.35509e-06,0.0002625,2382.98
0,8421819,4,phononTS,0.000731529,-0.0028767,-0.000162812,-0.0002625,448.497,0.000382,1,-0.00200458,-1.26977e-06,0.0002625,1578.91
0,8422970,10,phononTF,0.00039885,-0.00303771,-0.000966013,-0.000262498,3552.78,0.000382,1,-0.00300468,-0.000999946,0.0002625,3643.02
0,8423475,7,phononTS,0.000702091,0.00228781,-0.00101493,-0.000262498,1403.91,0.000382,1,0.00200442,-0.00200259,0.0002625,1636.93
0,8425755,6,phononTF,0.00108608,-0.00300218,-0.000996999,0.000262498,667.911,0.000460172,1,0.000722354,-0.00267438,-0.0002625,1390.18
0,8427440,5,phononTS,0.000786578,-0.00279172,-5.36459e-05,-0.000262498,550.973,0.000382,1,-0.00199899,-4.15945e-06,0.0002625,739.324
0,8427924,30,phononTS,0.000689993,0.00132754,-0.000472876,-0.0002625,16329,0.000382,1,0.00200445,-0.0020008,0.0002625,20382.2
0,8429002,7,phononTF,0.000846572,-0.000997711,-0.000998014,0.0002625,4220.23,0.000630398,1,-0.000452856,-0.00129803,-0.0002625,5112.29
0,8430274,3,phononTS,0.00355063,0.000994469,-0.000993029,8.60505e-05,963.01,0.000764,1,0.00100317,-0.000999829,0.0002625,2185.97
0,8436092,4,phononTF,0.00119531,-0.00216936,0.000176128,-0.000262498,332.768,0.000382,1,-0.00200001,3.3744e-06,0.0002625,431.781
0,8436721,4,phononTF,0.000503803,-0.00223175,-0.000233381,-0.0002625,338.235,0.000382,1,-0.002,4.45969e-06,0.0002625,1209.35
0,8440280,9,phononTF,0.000750325,2.66565e-06,0.00199522,0.000262498,895.222,0.000750325,1,8.24887e-05,0.00191086,-0.0002625,987.261
0,8441155,7,phononTS,0.000460887,0.000135185,-2.72577e-05,-0.0002625,1672.48,0.000382,1,2.8046e-07,4.21076e-06,0.0002625,4627.38
0,8441155,6,phononTS,0.00130711,-0.00316136,-3.64376e-06,0.000262498,1672.48,0.00025962,1,-0.00354674,0.000488486,-0.0002625,1846.57
0,8442736,23,phononTF,0.00048841,0.0029958,0.001004,0.000262498,7611.03,0.00048841,1,0.00206657,5.58802e-05,-0.0002625,7855.36
0,8443021,6,phononTS,0.00112379,0.00012536,-0.00321651,-0.0002625,13.378,0.000382,1,0.000996559,-0.00299579,0.0002625,2689.46
0,8448631,12,phononTS,0.000414785,0.00101399,-0.00141974,-0.000262498,9686.93,0.000382,1,0.00100016,-0.00099915,0.0002625,9821.96
0,8450274,9,phononTF,0.000384727,-0.00274256,-0.0003202,-0.0002625,1040.65,0.000382,1,-0.00199753,4.77578e-06,0.0002625,4386.12
0,8452851,4,phononL,0.00213486,-0.00318778,7.11078e-05,-0.000262498,236.552,0.000764,1,-0.00200289,3.10396e-06,0.0002625,376.437
0,8454868,8,phononTF,0.000870957,0.000106212,-0.00216802,-0.0002625,590.712,0.000382,1,-4.62832e-06,-0.00199993,0.0002625,1640.99
0,8455725,6,phononTF,0.000789616,0.00494264,0.000371924,-0.0002625,887.349,0.000382,1,0.00199538,-4.02709e-06,0.0002625,5365.15
0,8456085,13,phononL,0.00121571,0.000515821,-0.000816199,-0.0002625,128.815,0.000382,1,0.000998933,-0.00100197,0.0002625,863.733
0,8465777,17,phononTS,0.000716543,0.00198252,-0.00200715,-0.0002625,1668,0.000382,1,0.00200149,-0.0019968,0.0002625,2364.31
0,8466483,3,phononTF,0.00136236,-0.0022014,0.00178549,-0.0002625,24.5812,0.000382,1,-0.00200111,0.00199856,0.0002625,883.507
0,8471780,6,phononTF,0.000562956,-0.00289075,-0.00123413,-0.0002625,1414.95,0.000382,1,-0.00299696,-0.00100381,0.0002625,11908.4
0,8472124,21,phononL,0.000546069,0.00100281,0.00100432,0.0002625,6781.75,0.000546069,1,0.00174974,0.00105294,-0.0002625,7159.51
0,8476315,9,phononTF,0.000557463,0.00116318,0.000942781,-0.000262498,3679.65,0.000382,1,0.000995552,0.00100271,0.0002625,3776.64
0,8479912,5,phononTS,0.0012909,-0.00461271,0.00261869,-0.0002625,181.518,0.000382,1,-0.00199538,-3.30961e-07,0.0002625,2295.63
0,8487324,15,phononTF,0.000584321,0.000649456,0.00215411,-0.0002625,10034.5,0.000382,1,0.00199968,0.00200328,0.0002625,11416.2
0,8491160,9,phononTF,0.000612471,-0.000503863,-0.00148528,-0.000262498,3145.73,0.000382,1,-8.37059e-07,-0.00199984,0.0002625,3298.18
0,8491831,13,phononTF,0.000554753,0.000185037,0.000129906,-0.0002625,2260.85,0.000382,1,-0.00100254,-0.000997205,0.0002625,7091.46
0,8492045,2,phononTS,0.00554993,-0.00354796,0.000690672,0.000151512,11.7364,0.000998996,1,-0.00358937,0.000665696,-0.0002625,809.677
0,8493183,6,phononTS,0.00121029,-0.000387462,0.00103157,-0.0002625,230.87,0.000764,1,3.01394e-07,0.00200331,0.0002625,4068.23
0,8493403,4,phononTF,0.00107534,-0.00181264,0.00198462,-0.000262498,2331.76,0.000382,1,-0.00199625,0.00200148,0.0002625,2429.87
0,8493531,9,phononL,0.000855011,0.00110196,-0.005,-0.000260998,1555.48,0.000382,1,0.00100084,-0.00299751,0.0002625,4725.8
0,8496013,6,phononTS,0.00106047,-0.0022582,9.93802e-06,-0.0002625,1889.46,0.000764,1,-0.00199895,-9.07944e-07,0.0002625,2239.51
0,8496013,2,phononTS,0.00724815,-0.0030746,-0.000295518,-0.000257396,1185.43,0.000717934,1,-0.00308282,-0.000295973,-0.0002625,1217.52
0,8496103,10,phononTS,0.000527497,-8.34153e-07,3.38102e-07,0.000262498,2603.67,0.000527497,1,-0.00141917,0.000463614,-0.0002625,2917.41
0,8504747,10,phononTF,0.000393575,0.00237163,-0.00163579,-0.0002625,10709,0.000382,1,0.00200097,-0.00199666,0.0002625,16765.2
0,8504916,2,phononTF,0.000659802,-0.00252475,0.000307108,-0.0002625,473.849,0.000382,1,-0.00199866,-2.63424e-06,0.0002625,1734.35
0,8507841,4,phononTS,0.00104248,-4.00831e-05,-3.19301e-05,-0.0002625,81.7476,0.000382,1,-2.93353e-06,4.07226e-06,0.0002625,1820.4
0,8510701,15,phononTS,0.0011388,0.00200215,0.00200068,0.0002625,3944.7,0.000659039,1,0.00222346,0.00203236,-0.0002625,4406.53
0,8518066,18,phononTS,0.000567782,-3.60871e-06,-0.00199802,0.000262498,5956,0.000567782,1,4.93603e-05,-0.00202932,-0.0002625,6045.26
0,8521706,10,phononTS,0.000927481,0.00200192,-0.00200191,0.000262498,8470.08,0.000409969,1,0.00249365,-0.00141187,-0.0002625,8666.9
0,8526910,12,phononTS,0.000409639,-0.00144188,-0.00231513,-0.0002625,3414.89,0.000382,1,-0.00199832,-0.0020024,0.0002625,3940.48
0,8527245,10,phononTS,0.000580736,-0.00111121,0.00016844,-0.0002625,815.799,0.000382,1,-0.00199556,-2.65604e-06,0.0002625,1451.86
0,8528724,8,phononTF,0.000590253,0.000685925,0.00126667,-0.000262498,1468.47,0.000382,1,0.00100036,0.00100308,0.0002625,1584.42
0,8529035,16,phononTF,0.00049821,0.000438485,-0.000426985,-0.000262498,2087.35,0.000382,1,-3.77751e-06,4.47023e-07,0.0002625,2225.7
0,8531635,6,phononL,0.0011749,0.00271107,0.00116442,-0.0002625,5.08626,0.000382,1,0.00299899,0.000996964,0.0002625,2191.24
0,8533079,8,phononTS,0.000846682,0.0019615,0.0020247,-0.0002625,812.678,0.000382,1,0.00199773,0.00199517,0.0002625,2396.37
0,8533391,9,phononL,0.000448084,-0.00256257,0.00179096,-0.0002625,311.067,0.000382,1,-0.0020023,0.00200495,0.0002625,654.17
0,8533391,5,phononTF,0.00113264,-0.00286304,0.000278118,0.000262498,198.474,0.00113264,1,-0.00223394,-0.000289357,-0.0002625,371.178
0,8534214,14,phononTS,0.000634048,-0.00160619,0.0018605,-0.0002625,10431,0.000382,1,-0.00100094,0.00299867,0.0002625,11458.2
0,8534909,28,phononTF,0.000403274,-0.00199547,0.00199522,0.0002625,1811.84,0.000403274,1,-0.00177458,0.00179789,-0.0002625,2560.04
0,8535150,17,phononTF,0.000439032,0.00191237,0.00496114,-0.0002625,8867.05,0.000382,1,0.000996919,-0.00299662,0.0002625,11707.2
0,8543107,8,phononTS,0.000607817,-0.00304072,-0.000804989,-0.0002625,644.475,0.000382,1,-0.00300282,-0.000998916,0.0002625,954.414
0,8546094,17,phononTF,0.00060637,-0.00335025,-0.000549936,-0.0002625,6727.3,0.000382,1,-0.00199589,4.82795e-06,0.0002625,9015.22
0,8551779,7,phononTS,0.00280655,0.00111725,-0.00280832,-0.0002625,1243.5,0.000382,1,0.00100256,-0.00300287,0.0002625,3301.76
0,8553690,4,phononTS,0.000543018,-0.000873491,9.39747e-05,-0.0002625,127.294,0.000382,1,-4.44002e-06,4.81687e-06,0.0002625,926.465
0,8553779,13,phononTS,0.000576416,-0.00246747,0.00183026,-0.000262498,913.768,0.000382,1,-0.00200102,0.00199873,0.0002625,1065.71
0,8556403,26,phononTS,0.000400999,6.29122e-05,-0.00133688,-0.0002625,11304.8,0.000382,1,-6.05735e-07,-0.00199897,0.0002625,11810.9
0,8560763,12,phononL,0.000520903,-0.00200218,-0.00199849,0.000262498,5346.04,0.000520903,1,-0.00216531,-0.00148192,-0.0002625,5427.71
0,8561912,14,phononL,0.000388237,-0.00099661,-0.00100147,0.000262498,2975.62,0.000388237,1,-0.001502,-0.0010933,-0.0002625,3055.02
0,8565671,15,phononTF,0.00050162,-0.00289647,-0.00110012,-0.0002625,2082.96,0.000382,1,-0.00299901,-0.000996479,0.0002625,2394.22
0,8566356,2,phononTF,0.000677066,-0.00336312,-0.0013709,-0.0002625,570.726,0.000382,1,-0.00300238,-0.00100479,0.0002625,2655.88
0,8568124,9,phononL,0.000731025,0.000109499,0.0015136,-0.0002625,2961.49,0.000382,1,3.34305e-06,0.00199843,0.0002625,4514.71
0,8571399,8,phononTS,0.000512689,5.92026e-05,-2.5358e-05,-0.000262498,5009.26,0.000382,1,4.66682e-06,2.87433e-06,0.0002625,5104.41
0,8573578,2,phononTS,0.000895281,-0.00212375,-0.0016848,-0.0002625,63.4125,0.000382,1,-0.00200362,-0.00199742,0.0002625,4885.38
0,8574773,7,phononL,0.000483168,-0.000861824,0.00129921,-0.0002625,10.2993,0.000382,1,-0.00100433,0.00100348,0.0002625,801.459
0,8576903,12,phononTF,0.00139418,-0.000112361,8.79018e-05,-0.0002625,1232.13,0.000382,1,-2.51174e-06,1.87627e-06,0.0002625,1512.34
0,8578161,24,phononTS,0.000973286,-0.00242758,-0.000981831,-0.0002625,1028.36,0.000382,1,-0.00299913,-0.000997553,0.0002625,2587.58
0,8580990,2,phononTF,0.000790508,-0.00295278,-0.000750901,-0.0002625,7.00361,0.000382,1,-0.00299968,-0.00100101,0.0002625,305.072
0,8586756,8,phononTS,0.000418421,-0.00200187,2.1897e-06,0.000262498,1896.41,0.000418421,1,-0.00194478,-4.94497e-05,-0.0002625,1990.93
0,8588582,5,phononTS,0.00168613,-0.00333569,0.000296262,-9.10133e-05,32.0345,0.000382,1,-0.00200211,-0.00200053,0.0002625,626.7
0,8590006,5,phononTS,0.000942263,-0.00267763,-0.000730273,-0.000262498,335.412,0.000382,1,-0.00300401,-0.000997248,0.0002625,478.891
0,8590183,9,phononTF,0.000656083,-0.00300365,-0.00100006,0.000262498,7424.55,0.000656083,1,-0.00304732,-0.00104144,-0.0002625,7515.02
0,8592411,7,phononTS,0.00102732,-0.00310065,1.14891e-05,-0.0002625,6.43754,0.000382,1,-0.00299584,-0.000997992,0.0002625,334.181
0,8593110,22,phononTF,0.00052791,-0.00299505,-0.00100143,0.000262498,1186.29,0.00052791,1,-0.00308832,-0.000954018,-0.0002625,1278.5
0,8598105,11,phononTS,0.00113234,-0.00135596,0.00101469,-0.0002625,594.156,0.000382,1,-0.000997192,0.0010048,0.0002625,1233.36
0,8603304,19,phononTF,0.000575891,-3.17234e-07,0.00200428,0.000262498,3850.38,0.000575891,1,0.000249559,0.00175117,-0.0002625,3958.94
0,8603458,12,phononTS,0.000501102,0.00300339,0.000995555,0.000262499,6659.69,0.000501102,1,0.00269028,0.000974875,-0.0002625,6783.19
0,8603628,8,phononTS,0.000393035,-0.00239684,-0.00195707,-0.0002625,2178.54,0.000382,1,-0.00199575,-0.00200358,0.0002625,2640.26
0,8610845,4,phononTS,0.00134668,-0.000815029,0.00295964,-0.0002625,94.2987,0.000382,1,-0.00100163,0.00299836,0.0002625,1624.91
0,8612572,4,phononTS,0.00123597,-0.000973542,0.0030487,-0.0002625,146,0.000382,1,-0.000996818,0.00299716,0.0002625,1958.81
0,8614472,26,phononTS,0.000503648,0.00197002,-4.50846e-05,-0.000262498,10285.1,0.000382,1,0.0020019,4.12983e-06,0.0002625,10374.4
0,8616943,10,phononTS,0.00112657,-0.00102739,0.000838455,-0.0002625,1769.92,0.000382,1,-0.000999428,0.00100241,0.0002625,3936.39
0,8617958,17,phononTF,0.000428826,-1.80347e-06,3.91935e-06,0.000262498,7976.23,0.000428826,1,-0.00045995,0.000465959,-0.0002625,8119.35
0,8620524,26,phononTS,0.00083159,-0.00121903,-0.00144434,-0.0002625,325.12,0.000382,1,3.84381e-06,-0.0020011,0.0002625,1194.89
0,8622001,24,phononTS,0.000496136,-0.00298141,-0.000990312,-0.000262498,723.163,0.000382,1,-0.0029979,-0.000996534,0.0002625,813.819
0,8623672,13,phononTF,0.000413064,-0.00119233,0.00320381,-0.000262498,8440.46,0.000382,1,-0.00100106,0.00300294,0.0002625,8542.06
0,8629347,7,phononTS,0.000992133,-0.00273816,-0.000983092,-0.0002625,793.213,0.000382,1,-0.00299589,-0.00100455,0.0002625,1137.16
0,8631096,5,phononTF,0.000472469,-0.00210255,0.000102202,-0.0002625,485.797,0.000382,1,-0.00199971,-1.21892e-06,0.0002625,1806.6
0,8632540,10,phononL,0.00103216,-7.29634e-07,-2.52976e-06,0.000262498,2014.08,0.000362718,1,-0.000508633,-0.000248178,-0.0002625,2097.91
0,8635017,3,phononTS,0.00404003,-0.00100366,0.00100505,0.000246338,22.1257,0.000382,1,-0.00100268,0.000999636,0.0002625,479.783
0,8640357,4,phononTS,0.000671417,3.25228e-06,-0.00199507,0.000262498,1321.3,0.000569464,1,-4.71163e-05,-0.0019113,-0.0002625,1417.97
0,8643576,3,phononTF,0.00517264,-0.00199806,-2.11902e-05,0.00025876,238.965,0.001528,1,-0.00199531,2.67726e-06,0.0002625,773.96
0,8646640,2,phononTS,0.000418935,-0.00199615,-7.64704e-07,0.0002625,241.444,0.000418935,1,-0.0017326,-2.88888e-05,-0.0002625,817.845
0,8651568,2,phononTF,0.00046818,-0.00312372,-0.000685129,-0.0002625,11.7546,0.000382,1,-0.00300302,-0.000998359,0.0002625,444.955
0,8653758,3,phononTS,0.00597266,-0.00227682,-0.000107514,-0.000118884,539.75,0.001146,1,-0.00199771,3.49179e-06,0.0002625,1025.11
0,8660741,18,phononTS,0.000639706,0.00026472,0.002638,-0.0002625,170.017,0.000382,1,4.03441e-06,0.00200147,0.0002625,6832.06
0,8663509,22,phononTS,0.00109159,-0.00177904,-0.000107212,-0.0002625,1106.88,0.000382,1,-0.000999491,0.00100183,0.0002625,1988.49
0,8663509,23,phononTS,0.000558715,-0.000999491,0.00100183,0.000262498,1988.49,0.000558715,1,-0.00178299,0.000930594,-0.0002625,2175.29
0,8669458,12,phononTF,0.000550488,-0.00227012,-0.00166556,-0.0002625,3759.51,0.000382,1,-0.00199592,-0.0019988,0.0002625,4560.52
0,8671303,7,phononTF,0.000405902,-0.00165439,0.00219269,-0.0002625,1372.43,0.000382,1,-0.000998505,0.00300067,0.0002625,9343.9
0,8674322,6,phononTS,0.000550434,0.000663926,-0.00160739,-0.0002625,1349.62,0.000382,1,0.00200274,-0.00199728,0.0002625,2238.98
0,8674323,3,phononTF,0.00399945,-0.00318819,0.000125941,0.000139022,48.5502,0.000532266,1,-0.00266648,0.000549466,-0.0002625,194.189
0,8675929,13,phononTS,0.000887389,-0.00199798,4.65016e-06,0.0002625,1462.69,0.000887389,1,-0.00152343,6.00297e-05,-0.0002625,1754.75
0,8678989,4,phononL,0.00139423,-0.00327599,4.24225e-05,-0.000262498,269.179,0.000764,1,-0.00299768,-0.000999855,0.0002625,400.184
0,8679903,17,phononTS,0.00046037,2.90637e-05,5.23634e-05,-0.0002625,1641.88,0.000382,1,-4.77627e-06,1.36303e-06,0.0002625,2403.79
0,8686388,14,phononL,0.000754725,0.00299879,0.00099647,0.000262498,5345.93,0.000244633,1,0.00378236,-0.000315858,-0.0002625,5530.64
0,8696130,16,phononTS,0.000672817,0.00422843,0.00160636,-0.0002625,3735.13,0.000382,1,0.00299554,0.000995663,0.0002625,4620.57
0,8702501,2,phononTS,0.000902264,-0.00326534,-0.000158417,-0.0002625,63.8048,0.000382,1,-0.00299728,-0.000998953,0.0002625,379.194
0,8703943,19,phononTS,0.000579349,-0.00300118,-0.00100199,0.000262498,1545.84,0.000579349,1,-0.00300784,-0.000750873,-0.0002625,1661.4
0,8704365,16,phononTF,0.000713337,-0.00133951,0.0026271,-0.0002625,1179.63,0.000382,1,-0.000995643,0.00300124,0.0002625,3373.57
0,8705703,8,phononTS,0.000731966,-0.00199659,0.00200187,0.000262498,1725.71,0.000646755,1,-0.00197474,0.00201394,-0.0002625,1816.97
0,8706071,8,phononL,0.000542444,-0.000383475,0.00272979,-0.0002625,5259.66,0.000382,1,-0.00100268,0.003002,0.0002625,5911.87
0,8706071,3,phononTS,0.00237739,-0.00321251,0.000223714,0.000262498,223.288,0.00135643,1,-0.00325982,0.00019126,-0.0002625,312.591
0,8706466,10,phononL,0.000756585,-0.00299954,-0.000995954,0.000262498,1492.78,0.0005698,1,-0.00279321,-0.00117843,-0.0002625,1559.79
0,8706466,2,phononTF,0.00162627,-0.00310479,-0.000478726,0.000262498,919.075,0.000759945,1,-0.00303302,-0.000404596,-0.0002625,1010.67
0,8706634,12,phononTS,0.000550388,0.00175637,0.00202088,-0.000262498,16136.5,0.000382,1,0.00199891,0.00200195,0.0002625,16249.9
0,8706634,5,phononTS,0.000701519,-0.00250529,0.000726257,0.000262498,354.063,0.000701519,1,-0.0024594,0.000788313,-0.0002625,449.057
0,8708186,8,phononTS,0.000863952,-0.00296054,-0.000967099,-0.000262498,1824.52,0.000382,1,-0.00300168,-0.000996744,0.0002625,1913.97
0,8710848,4,phononTF,0.00169054,-0.000406618,0.00160636,-0.0002625,3106.47,0.000764,1,-1.18405e-06,0.00199785,0.0002625,4166.74
0,8710848,2,phononTF,0.0042934,-0.00201595,0.00151198,0.000244582,100.107,0.00145374,1,-0.00216807,0.00166856,-0.0002625,640.502
0,8711770,24,phononTS,0.000778934,3.78769e-06,-0.00200129,0.0002625,502.29,0.000457015,1,4.25878e-05,-0.00202865,-0.0002625,1183.57
0,8712199,11,phononTS,0.000621171,-0.00138931,-0.000813893,-0.0002625,474.02,0.000382,1,-0.00100023,-0.000998941,0.0002625,1478.37
0,8714495,14,phononTS,0.000549624,0.000634581,0.000966076,-0.0002625,1229.35,0.000382,1,0.00100238,0.000998145,0.0002625,1870.55
0,8715337,24,phononTS,0.000856863,-0.00210664,-0.00198538,-0.0002625,1240.59,0.000382,1,-0.00200416,-0.00199838,0.0002625,1539.56
0,8720609,9,phononTS,0.000735593,-0.00200143,-0.00200324,0.000262498,14122.2,0.000261594,1,-0.00206077,-0.00205034,-0.0002625,14217
0,8723449,6,phononTS,0.000960779,-0.00300001,-0.000995279,0.000262498,616.017,0.000490633,1,-0.00296917,-0.000963363,-0.0002625,705.496
0,8726463,13,phononL,0.000732445,-0.000798256,0.000107973,-0.0002625,864.371,0.000382,1,3.00166e-06,-1.40233e-07,0.0002625,1345.1
0,8726463,2,phononTF,0.000410937,-0.00315925,-0.000325817,0.000262498,754.577,0.000410937,1,-0.00281631,2.74054e-05,-0.0002625,877.747
0,8727450,10,phononTS,0.000595009,-0.00205317,0.00196404,-0.000262499,3627.58,0.000382,1,-0.00199843,0.00200285,0.0002625,3722.34
0,8732993,6,phononL,0.00107865,-0.00139493,0.00263241,-0.0002625,345.311,0.000382,1,-0.000997718,0.00299832,0.0002625,1355.02
0,8735636,5,phononTF,0.00136027,-0.00219894,0.000182664,-0.0002625,933.084,0.000382,1,-0.0020031,-4.38196e-06,0.0002625,1348.53
0,8736131,16,phononL,0.000961107,0.00337739,0.000896505,-0.0002625,3697.92,0.000382,1,0.00299732,0.000998725,0.0002625,4224.53
0,8741220,7,phononTS,0.000550797,0.000997908,0.000999993,0.0002625,211.22,0.000550797,1,0.000944664,0.00101205,-0.0002625,4090.56
0,8742358,14,phononTF,0.000398555,-0.00217215,-0.0019297,-0.0002625,10268.5,0.000382,1,-0.00200373,-0.00200414,0.0002625,11823
0,8742427,16,phononTF,0.00041257,-0.00100041,-0.000997629,0.000262498,8265.91,0.00041257,1,-0.000801647,-0.0012067,-0.0002625,8368.4
0,8755286,5,phononTS,0.000835365,0.00200329,0.00199537,0.000262498,2974.88,0.000352557,1,0.00191144,0.00204136,-0.0002625,3072.35
0,8756236,6,phononTF,0.0013407,-0.00408345,-0.00193861,-0.0002625,932.714,0.000382,1,-0.00300335,-0.00100313,0.0002625,1342.18
0,8759085,7,phononTF,0.000596157,-0.00177566,-0.00218058,-0.000262498,879.912,0.000382,1,-0.00200409,-0.00200179,0.0002625,984.118
0,8759515,14,phononTF,0.000790457,-0.00330158,-0.000696638,-0.0002625,378.581,0.000382,1,-0.00299974,-0.000997804,0.0002625,1154.07
0,8760901,8,phononTS,0.00125125,-0.00205089,0.00145566,-0.0002625,376.233,0.000382,1,-0.00200029,0.00200406,0.0002625,3584.79
0,8761014,13,phononTF,0.000636217,-0.00358922,0.000581763,-0.000262498,1170.03,0.000382,1,-0.00299931,-0.00100419,0.0002625,1492.79
0,8761014,3,phononTS,0.000444889,-0.00355733,0.000214039,0.000262498,336.185,0.000444889,1,-0.00380248,0.00132094,-0.0002625,586.746
0,8762016,23,phononTS,0.000651648,-3.9525e-06,-0.00199776,0.0002625,9007.9,0.000651648,1,-0.000539586,-0.00195759,-0.0002625,9309.51
0,8763908,9,phononTF,0.000486965,-0.000514638,-0.00146764,-0.0002625,9684.6,0.000382,1,-1.65523e-06,-0.00199709,0.0002625,10774.6
0,8765810,6,phononTS,0.000838845,-0.00295471,-0.00103118,-0.0002625,210.635,0.000382,1,-0.00299898,-0.000996242,0.0002625,724.827
0,8765810,4,phononTS,0.00236784,-0.00320635,2.45449e-05,0.000262498,12.0616,0.00028396,1,-0.00366407,0.00106024,-0.0002625,266.244
0,8765859,17,phononTS,0.000554752,-0.000209466,-0.00328995,-0.0002625,9547.32,0.000382,1,0.00100412,-0.0030043,0.0002625,10480.6
0,8768908,9,phononTS,0.000699726,0.000999142,0.00100348,0.0002625,115.752,0.000699726,1,0.00042814,0.000654904,-0.0002625,3123.85
0,8768908,3,phononTF,0.000472,-0.00331066,8.07132e-06,0.000262498,26.0031,0.000472,1,-0.00296286,-0.000430587,-0.0002625,160.843
0,8773888,14,phononTS,0.00136911,-0.000608014,-0.00479918,-0.0002625,3050.2,0.000764,1,0.00200478,-2.76249e-06,0.0002625,4190.78
0,8777320,11,phononTS,0.000457081,-0.00294294,-0.000999353,-0.000262498,1032.27,0.000382,1,-0.00299814,-0.000995116,0.0002625,1123.18
0,8780947,9,phononTS,0.000620173,0.0019536,-3.09089e-05,-0.0002625,1583.48,0.000382,1,0.00200431,3.05155e-06,0.0002625,3629.81
0,8785089,6,phononTS,0.000608426,-0.00340523,-1.12457e-05,-0.000262498,213.534,0.000382,1,-0.00200446,0.00200323,0.0002625,690.625
0,8789560,4,phononTF,0.00138903,-0.00211609,-0.001792,-0.0002625,17.8128,0.000382,1,-0.0019978,-0.00200334,0.0002625,1032.03
0,8794378,15,phononTS,0.000508633,-0.00103859,-0.00186143,-0.0002625,1466.41,0.000382,1,-0.00100414,-0.000998114,0.0002625,3124.14
0,8795617,14,phononTS,0.000458828,-0.00100175,-0.00100498,0.0002625,7619.83,0.000458828,1,-0.00102252,-0.000954487,-0.0002625,7978.65
0,8795844,5,phononL,0.000885729,-0.00321331,-0.000259461,-0.000262498,506.993,0.000382,1,-0.00199963,3.76827e-06,0.0002625,654.163
0,8803608,18,phononTF,0.000487216,-0.000745273,0.00239343,-0.0002625,1722.47,0.000382,1,-0.00200024,-3.61623e-06,0.0002625,3670.23
0,8803608,2,phononTS,0.00372546,-0.00329063,4.52422e-05,0.000221544,62.5421,0.00104752,1,-0.0032758,9.17305e-05,-0.0002625,145.445
0,8803608,19,phononTF,0.00267794,0.000267821,-0.005,5.32815e-05,145.445,0.00181758,1,0.00453182,0.000448034,-0.0002625,2403.45
0,8808878,14,phononTS,0.000484991,-0.00198711,-2.05501e-05,-0.0002625,12217.5,0.000382,1,-0.00199535,-3.68e-07,0.0002625,12487.9
0,8810987,12,phononL,0.000572805,-0.00299647,-0.000998604,0.000262498,730.734,0.000572805,1,-0.00331855,-0.000835834,-0.0002625,801.351
0,8810987,6,phononTF,0.00123477,-0.00218442,-0.000347886,0.000262498,447.75,0.00044143,1,-0.000496857,-0.00202947,-0.0002625,865.476
0,8815314,10,phononTS,0.000595479,0.000950889,-0.00293544,-0.0002625,2285.29,0.000382,1,0.000995012,-0.00300119,0.0002625,3477.78
0,8815549,18,phononTS,0.000532947,0.00204116,-0.00265213,-0.0002625,4670.4,0.000382,1,0.00199923,-0.00200459,0.0002625,7599.85
0,8816760,2,phononTS,0.000599522,-0.0029971,-0.000633233,-0.0002625,100.377,0.000382,1,-0.00300378,-0.000995952,0.0002625,579.096
0,8822894,16,phononTF,0.00115526,-0.000487577,-0.00225599,-0.0002625,855.507,0.000382,1,-0.00199837,-0.00199926,0.0002625,1928.31
0,8822895,3,phononTS,0.00688231,-0.00242579,0.000586833,-0.000168925,264.918,0.00131559,1,-0.00245317,0.000533161,-0.0002625,598.606
0,8826488,21,phononTF,0.00047312,-0.00288766,-0.00111933,-0.0002625,3808.88,0.000382,1,-0.00299517,-0.00100149,0.0002625,4896.53
0,8828737,22,phononTS,0.000535163,0.000455488,-0.00329783,-0.000262498,12428.9,0.000382,1,0.00100137,-0.0030028,0.0002625,12601.2
0,8828737,7,phononTS,0.00126501,-0.005,0.00129261,-3.21786e-05,2388.66,0.000687468,1,-0.00457393,0.00121103,-0.0002625,2705.48
0,8835048,14,phononTS,0.000715452,0.00149134,-0.00298793,-0.000262498,4493.89,0.000382,1,0.00100431,-0.00299847,0.0002625,4637.92
0,8840990,5,phononTS,0.00039064,0.00100257,-0.00078574,-0.0002625,1433.91,0.000382,1,0.00100342,-0.00100227,0.0002625,2315.09
0,8840991,1,phononTS,0.01,-0.00308644,-0.000475475,-0.000259557,0,0.00184166,1,-0.00308499,-0.0004708,-0.0002625,736.981
0,8841647,3,phononTS,0.00697594,-0.00316842,-0.000846507,0.00015196,846.239,0.000764,1,-0.00300254,-0.000997885,0.0002625,897.997
0,8843124,18,phononTF,0.000482398,-0.00131333,0.000563052,-0.0002625,13574,0.000382,1,-0.00100204,0.000995826,0.0002625,13972.2
0,8844058,21,phononL,0.000723509,-0.00100371,0.00299924,0.000262499,5303.37,0.000723509,1,-0.000409122,0.0024427,-0.0002625,5411.37
0,8844749,20,phononTF,0.000507009,-0.00364902,-0.00144349,-0.0002625,634.841,0.000382,1,-0.00199905,1.25359e-06,0.0002625,1485.23
0,8847108,9,phononTF,0.000546127,-0.00322965,-0.00101571,-0.0002625,967.275,0.000382,1,-0.00199645,-2.36839e-06,0.0002625,4258.37
0,8850897,14,phononTS,0.000678034,0.00180782,-0.00120761,-0.000262498,2695.94,0.000382,1,0.00300104,0.000996336,0.0002625,3186.64
0,8851150,7,phononTS,0.000923773,-0.00270906,-0.00165241,-0.0002625,1906.05,0.000382,1,-3.97055e-06,5.26896e-07,0.0002625,2693.24
0,8869953,4,phononTS,0.000543855,-0.00111052,-0.000660358,-0.0002625,10.3982,0.000382,1,2.4039e-06,3.81579e-06,0.0002625,2051.84
0,8873518,2,phononTF,0.00407492,-0.0032119,-0.00080618,-0.0002625,25.2849,0.001146,1,-0.00299715,-0.000999313,0.0002625,442.726
0,8875187,8,phononTF,0.000392149,-0.000321219,0.00367616,-0.0002625,4335.67,0.000382,1,-0.0010049,0.00299574,0.0002625,4705.83
0,8879067,5,phononTS,0.00117774,0.00100116,-0.00300463,0.0002625,494.436,0.000328433,1,0.00101797,-0.00282052,-0.0002625,1510.65
0,8886341,10,phononTF,0.000589504,-0.00099309,-0.000818966,-0.0002625,3662.5,0.000382,1,-0.00100365,-0.000996182,0.0002625,5689.27
0,8897132,4,phononTF,0.00116806,-0.00212984,0.000116317,-0.0002625,218.874,0.000764,1,-0.00200468,-4.52807e-06,0.0002625,845.403
0,8898703,5,phononTF,0.00044897,-0.0028789,-0.00100443,-0.0002625,380.777,0.000382,1,-0.00299675,-0.000996449,0.0002625,932.818
0,8900186,11,phononL,0.00040731,-0.00202728,-0.00237376,-0.0002625,2626.04,0.000382,1,-0.00200275,-0.00200119,0.0002625,4596.58
0,8901855,5,phononTF,0.000939321,0.000996158,0.00100882,-0.000262499,4560.74,0.000382,1,0.00200364,0.0019969,0.0002625,4818.42
0,8903885,5,phononTS,0.000813866,-8.72537e-07,-0.00199782,0.0002625,1700.36,0.000472994,1,-0.00175277,-0.00307626,-0.0002625,2521.85
0,8904702,7,phononL,0.00134279,-0.00199742,-3.55784e-06,0.000262498,4837.14,0.000501087,1,-0.00179236,0.000806581,-0.0002625,4943.88
0,8907457,2,phononTF,0.000897498,-0.00154054,0.00351476,-0.0002625,143.745,0.000382,1,-0.000997175,0.00299929,0.0002625,8187.57
0,8908929,23,phononTF,0.0007994,-0.00227762,-0.000269157,-0.0002625,1088.6,0.000382,1,-0.00199519,4.05705e-06,0.0002625,1425.29
0,8911670,5,phononTF,0.00117874,-0.00381317,0.00175887,-0.0002625,155.939,0.000382,1,-1.43056e-06,0.00199898,0.0002625,1672.27
0,8920440,16,phononTS,0.000860578,-0.000997117,-0.000995885,0.000262498,1637.18,0.000860578,1,-0.00102647,-0.000942313,-0.0002625,1726.5
0,8922130,13,phononTS,0.000553672,0.00303434,0.000967362,-0.0002625,7200.15,0.000382,1,0.00300202,0.000997906,0.0002625,7826.55
0,8923715,4,phononTS,0.000751713,-0.00279622,0.00193301,-0.0002625,1507.66,0.000382,1,-0.00199973,0.00199834,0.0002625,2229.96
0,8924828,8,phononTS,0.000627876,-3.62377e-06,-0.00199752,0.0002625,1606.47,0.00051649,1,0.00041606,-0.00230732,-0.0002625,2871.37
0,8924883,2,phononTS,0.000474079,-0.00295801,-0.000513017,-0.0002625,393.79,0.000382,1,-0.00299872,-0.000999538,0.0002625,681.038
0,8928812,10,phononTF,0.000583079,0.000107183,-0.00185547,-0.0002625,2327,0.000382,1,0.000996038,-0.00100188,0.0002625,3892.26
0,8930370,6,phononTS,0.000940429,-0.00339543,-0.000363507,-0.0002625,1400.3,0.000382,1,-0.00200196,4.29555e-07,0.0002625,1894.34
0,8930370,7,phononTF,0.000486563,-0.00200196,4.29555e-07,0.000262498,1894.34,0.000486563,1,-0.00202132,-0.000254607,-0.0002625,1999.52
0,8932079,10,phononTF,0.000467495,-0.000633417,0.00134127,-0.0002625,3318.66,0.000382,1,-0.00099677,0.000996076,0.0002625,3693.95
0,8934110,25,phononTF,0.00100841,-0.00223048,7.85885e-05,-0.0002625,668.919,0.000382,1,-0.00199517,-4.09868e-06,0.0002625,2203.9
0,8934425,7,phononTS,0.000852309,0.000967253,-0.000912015,-0.000262498,3176.78,0.000382,1,0.000997033,-0.00100256,0.0002625,3274.7
0,8934425,4,phononTF,0.00423891,-0.00298123,-0.000133583,0.000262498,445.429,0.00053583,1,-0.00280952,-8.86504e-05,-0.0002625,542.652
0,8938505,22,phononTS,0.000395628,-0.000513314,0.00355083,-0.000262498,3444.69,0.000382,1,-0.000998025,0.00299939,0.0002625,3636.16
0,8941292,9,phononTS,0.000849058,-0.00199513,-0.00200473,0.000262498,1788.26,0.000849058,1,-0.00255228,-0.0031543,-0.0002625,2060.87
0,8945249,19,phononTF,0.000509109,-0.0025551,-0.000570883,-0.000262498,3118.63,0.000382,1,-0.00299966,-0.000998873,0.0002625,3257.23
0,8945249,5,phononTS,0.000419948,-0.00433522,3.66769e-05,0.000262498,939.764,0.000419948,1,-0.00431472,9.53213e-05,-0.0002625,1035.55
0,8949012,6,phononTF,0.00130998,-0.00209762,0.000965696,-0.000262498,488.013,0.000382,1,-3.41853e-06,0.00200118,0.0002625,913.456
0,8949978,8,phononTS,0.000644467,-0.005,-0.00305159,0.000134688,4594.89,0.000382,1,-0.00300133,-0.00100467,0.0002625,6189.56
0,8949978,4,phononTS,0.00153956,-0.00334739,-4.27826e-05,0.000262498,82.9115,0.00121669,1,-0.00332493,-0.00055246,-0.0002625,230.03
0,8953730,17,phononTS,0.000760733,-4.31137e-05,-3.07365e-05,-0.000262498,12110.5,0.000382,1,-3.18915e-06,-1.07341e-06,0.0002625,12200
0,8954891,9,phononTF,0.00071016,-0.00199535,-2.73715e-06,0.0002625,1363.45,0.000587324,1,-0.00119822,-0.000810399,-0.0002625,2002.17
0,8956997,14,phononTF,0.00052726,0.00174525,-0.004941,-0.0002625,4158.78,0.000382,1,0.00200375,-0.00200151,0.0002625,5573.38
0,8961897,3,phononL,0.000807118,0.000400316,-0.000236001,-0.0002625,579.34,0.000382,1,1.43974e-06,-2.65554e-07,0.0002625,2528.69
0,8972552,5,phononTS,0.000613377,-0.00171356,0.00302935,-0.0002625,2433.79,0.000382,1,-0.00100475,0.00299875,0.0002625,2934.31
0,8972552,2,phononTF,0.00640753,-0.00322706,0.000191201,4.61466e-05,381.461,0.00274423,1,-0.00328631,0.00024929,-0.0002625,542.8
0,8979476,8,phononTS,0.000554624,2.04361e-05,0.0028386,-0.0002625,4619.36,0.000382,1,4.69491e-06,0.00199906,0.0002625,5936.64
0,8980798,21,phononTF,0.000441114,-0.00216314,-0.000159893,-0.0002625,734.49,0.000382,1,-0.00199805,1.15036e-06,0.0002625,1029.1
0,8982449,4,phononTS,0.000841488,-0.00192865,0.000798478,-0.0002625,1388.48,0.000382,1,-0.000999089,0.00100203,0.0002625,1828.81
0,8985065,14,phononTS,0.00114227,-0.00197067,0.00204449,-0.0002625,2160.21,0.000764,1,-0.00199646,0.00199577,0.0002625,2786.85
0,8985065,2,phononTF,0.00342583,-0.00295587,-0.005,5.53785e-05,323.023,0.00116403,1,-0.00395393,-0.00400638,-0.0002625,1421.26
0,8989819,5,phononTS,0.000512415,-0.000678634,5.8512e-05,-0.0002625,729.256,0.000382,1,-5.23806e-07,2.58491e-06,0.0002625,1406.04
0,8993195,8,phononTF,0.000438281,-0.000151974,0.00158079,-0.000262498,3070.46,0.000382,1,-2.25702e-06,0.00199616,0.0002625,3197.54
0,8994757,10,phononTS,0.000567948,-0.00303319,-0.000269271,-0.000262498,1925.92,0.000382,1,-0.00199906,-4.40537e-06,0.0002625,2167.56
0,9000527,13,phononL,0.000952687,0.00102471,-0.00295915,-0.000262498,1157.89,0.000382,1,0.0010042,-0.00299567,0.0002625,1220.27
0,9004221,28,phononTF,0.000876623,0.00100215,0.000639408,-0.0002625,3570.24,0.000382,1,0.00100295,0.000999769,0.0002625,5094.23
0,9006898,12,phononTF,0.00038687,0.0021891,-0.000179412,-0.000262498,7516.56,0.000382,1,0.00199909,1.9649e-06,0.0002625,7617.4
0,9008315,14,phononTS,0.00080382,0.00143676,-0.00186562,-0.0002625,2817.83,0.000764,1,0.00200413,-0.00199905,0.0002625,4695.55
0,9014429,18,phononL,0.000445494,-0.000362618,0.000511856,-0.0002625,13669.6,0.000382,1,4.33312e-06,3.33862e-06,0.0002625,15376.5
0,9019434,2,phononTF,0.000648127,-0.00228005,1.97518e-05,-0.0002625,44.8268,0.000382,1,-0.00200441,-3.84048e-06,0.0002625,475.021
0,9019819,20,phononTS,0.0007526,-0.0019674,0.0020152,-0.0002625,8945.53,0.000382,1,-0.00199863,0.00200068,0.0002625,9294
0,9019911,16,phononTS,0.000386176,0.00120037,0.00100575,-0.0002625,11000,0.000382,1,0.000995802,0.000998887,0.0002625,11549.1
0,9025998,5,phononTS,0.000470711,-0.00199093,5.94133e-05,-0.0002625,576.903,0.000382,1,-0.00200048,4.04571e-06,0.0002625,1126.77
0,9030987,3,phononTS,0.000756851,-6.44279e-06,-0.00284572,-0.0002625,1207.04,0.000382,1,-6.32437e-07,-0.00199789,0.0002625,3446.09
0,9037874,5,phononTS,0.000651409,-0.000983531,0.00222164,-0.000262498,3206.02,0.000382,1,-0.00100081,0.002998,0.0002625,3391.98
0,9039299,20,phononTS,0.000788406,-0.00204395,4.27663e-05,-0.000262498,2914.18,0.000382,1,-0.00199768,4.18913e-06,0.0002625,3003.34
0,9040770,2,phononTS,0.000578859,-0.00220838,-0.000538945,-0.0002625,318.45,0.000382,1,-0.00199635,2.51127e-06,0.0002625,1931.07
0,9049846,3,phononTF,0.00127361,-0.00224106,0.00174772,-0.0002625,193.097,0.000382,1,-0.00200361,0.00200494,0.0002625,1471.94
0,9055621,18,phononTF,0.000940306,0.00100196,0.00100412,0.000262498,1568.06,0.000614909,1,0.00123865,0.000958212,-0.0002625,1671.35
0,9056807,6,phononTS,0.000579293,0.0010009,-0.00100223,0.0002625,477.809,0.000579293,1,0.00199577,0.000434011,-0.0002625,1946.07
0,9058260,26,phononTS,0.000512776,0.00299699,0.00100244,0.000262498,13474.5,0.000512776,1,0.00304306,0.00103388,-0.0002625,13563.8
0,9058937,4,phononTF,0.00112024,-0.00162738,-0.000736896,-0.0002625,490.173,0.000382,1,-0.00099723,-0.00100282,0.0002625,1134.91
0,9062449,24,phononTF,0.000730032,-0.000596875,0.00141503,-0.000262498,6451.74,0.000382,1,-0.00100458,0.00100041,0.0002625,6585.84
0,9062714,2,phononL,0.00846941,-0.00202696,4.4513e-05,0.000211812,288.137,0.002292,1,-0.00200051,-9.0958e-07,0.0002625,1951.32
0,9065844,11,phononL,0.000429878,-0.00229487,-7.5229e-05,-0.0002625,877.188,0.000382,1,-0.00200006,2.89669e-06,0.0002625,1948.19
0,9065881,9,phononTF,0.000657591,-0.0029664,-0.00103925,-0.000262498,418.746,0.000382,1,-0.00300136,-0.00100296,0.0002625,509.037
0,9067916,11,phononTF,0.000500628,-0.00285472,-0.00114435,-0.0002625,2100.71,0.000382,1,-0.00300311,-0.000995848,0.0002625,2414.17
0,9072097,5,phononTS,0.000623288,-0.00201928,0.0020246,-0.0002625,909.6,0.000382,1,-0.00200008,0.00199814,0.0002625,1178.49
0,9072657,21,phononTS,0.000585045,-0.000455923,-0.000419579,-0.0002625,5839.71,0.000382,1,0.000998623,-0.001004,0.0002625,8486.12
0,9084432,7,phononTS,0.000748309,0.000196806,-0.00217364,-0.000262498,1349.68,0.000382,1,-2.77886e-06,-0.00200379,0.0002625,1471.12
0,9085648,31,phononL,0.000472093,-0.00199686,0.00199791,0.000262498,15565.4,0.000472093,1,-0.00246849,0.00227744,-0.0002625,15648.2
0,9088112,12,phononTF,0.000827334,-0.00215874,-0.000169858,-0.000262498,847.428,0.000382,1,-0.00199587,1.74904e-06,0.0002625,945.968
0,9100410,10,phononTS,0.0004785,0.00196092,-0.00233453,-0.000262498,5588.84,0.000382,1,0.00199501,-0.00199733,0.0002625,5713.14
0,9103179,15,phononTS,0.000612935,0.005,0.00283026,2.56116e-05,1113.65,0.000382,1,0.0029993,0.000998814,0.0002625,6820.03
0,9105023,9,phononTS,0.000941691,-0.00227302,0.00367575,-0.0002625,3423.6,0.000382,1,-0.00099979,0.00299962,0.0002625,4507.63
0,9108011,16,phononTS,0.000473613,0.00204473,0.00179621,-0.0002625,7147.19,0.000382,1,0.0020006,0.00200049,0.0002625,8286.32
0,9110158,9,phononL,0.00100673,0.00100224,0.0010004,0.0002625,1712.97,0.000597785,1,0.00151168,0.000790612,-0.0002625,2112.78
0,9115560,6,phononTS,0.000563084,0.00030853,0.000157375,-0.0002625,989.086,0.000382,1,0.00299712,0.000999383,0.0002625,3198.79
0,9123418,9,phononTS,0.000933909,-0.00200107,-0.00200111,0.0002625,1285.05,0.000515228,1,-0.00121521,-0.00374604,-0.0002625,2240.13
0,9128697,10,phononTS,0.000536158,-0.00248529,-2.13407e-05,-0.000262498,900.832,0.000382,1,-0.00199544,-3.16737e-06,0.0002625,1045.86
0,9133185,9,phononTS,0.000554908,-0.00300097,-0.000999676,0.000262498,391.407,0.000554908,1,-0.00403918,-0.00140419,-0.0002625,637.456
0,9135787,11,phononTF,0.000594551,-0.000527423,-0.000528362,-0.000262498,7208.17,0.000382,1,-0.000996425,-0.00100086,0.0002625,7353.31
0,9137998,9,phononTS,0.000795785,4.03586e-07,-8.95081e-07,0.0002625,2740.74,0.000396114,1,-0.00134351,-0.00219271,-0.0002625,3758.25
0,9140035,10,phononTS,0.00073945,-0.00299684,-0.000999053,0.0002625,824.056,0.00073945,1,-0.00279182,-0.000819311,-0.0002625,1494.17
0,9143588,10,phononTS,0.000446475,-0.00204856,0.00203854,-0.0002625,582.69,0.000382,1,-0.00200261,0.00200373,0.0002625,1897.9
0,9143909,7,phononTS,0.000429109,-0.00396728,-0.000971953,-0.0002625,406.242,0.000382,1,-0.00300392,-0.000998981,0.0002625,1090.48
0,9147784,7,phononTS,0.000989274,0.0019965,1.35924e-06,0.0002625,1697.46,0.000989274,1,0.00182512,-2.32577e-05,-0.0002625,2129.42
0,9148095,11,phononTS,0.000476931,-0.00189006,-0.00297592,-0.0002625,695.77,0.000382,1,-0.00300038,-0.00100328,0.0002625,3153.33
0,9162231,13,phononTS,0.00107074,-0.00204597,-0.000565332,-0.0002625,7450.59,0.000764,1,-0.00199772,2.76137e-06,0.0002625,8226.85
0,9162873,13,phononTS,0.00100132,0.000156205,-0.00109161,-0.0002625,4021.22,0.000764,1,-1.85646e-06,-0.00200016,0.0002625,4666.47
0,9162873,3,phononTF,0.00157375,-0.00323414,3.66066e-05,0.000262498,6.45606,0.000127443,1,-0.00296868,0.000308383,-0.0002625,117.381
0,9166280,6,phononTS,0.00193692,0.00165803,0.000627357,-0.0002625,732.933,0.000382,1,0.00300297,0.000997054,0.0002625,2878.53
0,9173139,15,phononTS,0.000651735,-0.00203078,-0.00206778,-0.0002625,8147.06,0.000382,1,-0.00200489,-0.00200467,0.0002625,9708.45
0,9173646,8,phononTF,0.00100095,0.00100307,0.00100213,0.0002625,359.487,0.000314385,1,-0.0012671,-0.00248527,-0.0002625,6577.43
0,9175016,5,phononTS,0.000710698,-0.00198145,-0.00046344,-0.000262498,2489.76,0.000382,1,-0.00200442,8.97453e-07,0.0002625,2632.87
0,9175016,2,phononTF,0.00608629,-0.00425435,0.000616619,-0.000114525,68.2151,0.00113337,1,-0.0039717,0.000909289,-0.0002625,447.151
0,9175807,13,phononTF,0.000846901,-0.00241765,-0.000325878,-0.000262498,1400.05,0.000382,1,-0.00200347,4.68385e-06,0.0002625,1530.94
0,9181898,11,phononTF,0.000553311,0.000461158,-0.000619064,-0.0002625,5004.14,0.000382,1,0.0010001,-0.000995066,0.0002625,5363.66
0,9182847,9,phononTF,0.000542168,0.00113011,-0.00311709,-0.0002625,3046.34,0.000382,1,0.00100095,-0.00300333,0.0002625,3710.8
0,9184155,23,phononTF,0.000405071,0.000695615,-0.00124685,-0.0002625,4030.02,0.000382,1,0.000995272,-0.00100025,0.0002625,4598.41
0,9185533,12,phononTS,0.000846443,-0.0032127,0.00240091,-0.000262498,6553.04,0.000382,1,-0.00100008,0.000999885,0.0002625,7059.51
0,9191976,12,phononTF,0.000479391,-0.000573077,-0.000582248,-0.0002625,1547.89,0.000382,1,3.64832e-06,8.40863e-07,0.0002625,2047.98
0,9193498,13,phononTS,0.000405139,-0.0010325,-0.000948644,-0.000262498,9473.41,0.000382,1,-0.00100477,-0.000997742,0.0002625,9565.93
0,9193498,5,phononL,0.00146394,-0.00283027,9.80589e-05,0.000262498,260.621,0.000244048,1,-0.00279257,-0.00034181,-0.0002625,335.323
0,9194354,3,phononTS,0.00267018,-0.00238156,-2.25402e-05,-0.0002625,502.374,0.001146,1,-0.00199717,1.31348e-08,0.0002625,762.875
0,9197036,10,phononTF,0.000536688,-0.00199639,1.51206e-06,0.000262498,320.694,0.000536688,1,-0.00144139,-0.00056239,-0.0002625,483.229
0,9197218,16,phononTF,0.000665031,-0.00339473,-0.000563823,-0.0002625,2081.74,0.000382,1,-0.00199533,-0.00199851,0.0002625,2982.61
0,9198570,6,phononTF,0.00127693,0.000853012,-0.00332134,-0.0002625,27.8052,0.000382,1,6.98187e-07,-0.0019973,0.0002625,1860.74
0,9199659,16,phononTF,0.000410161,0.00194512,6.34799e-05,-0.000262498,9778.91,0.000382,1,0.00200327,4.22748e-06,0.0002625,9869.9
0,9199659,3,phononTF,0.000678265,-0.00171006,0.005,-0.000139659,120.727,0.000678265,1,-0.0016908,0.00497055,-0.0002625,1050.21
0,9201405,9,phononTS,0.000563298,-3.33453e-06,2.95385e-06,0.0002625,554.582,0.000563298,1,0.0010637,-0.00141086,-0.0002625,1284.94
0,9208741,8,phononTS,0.000447862,-0.00119746,-0.00189067,-0.0002625,1657.03,0.000382,1,-0.0019967,-0.00200093,0.0002625,2423.94
0,9208795,5,phononTS,0.00113704,0.00187039,-0.00241605,-0.0002625,377.571,0.000764,1,0.00200116,-0.00199848,0.0002625,6373.69
0,9208843,8,phononTS,0.000790254,3.76653e-06,-0.00200488,0.000262498,957.139,0.000433226,1,-0.00274746,0.00220721,-0.0002625,1894.67
0,9214500,10,phononTS,0.00072058,0.00102635,0.00106872,-0.000262498,2153.39,0.000382,1,0.00099708,0.000999443,0.0002625,2249.62
0,9215807,23,phononTF,0.000509138,-0.00334288,-0.000636973,-0.0002625,1996.33,0.000382,1,-0.00300034,-0.00100134,0.0002625,2371.59
0,9215808,1,phononTS,0.01,-0.00373238,0.000371791,-0.000247721,0,0.00257157,1,-0.00378441,0.000410787,-0.0002625,200.056
0,9220069,17,phononL,0.00119369,0.000798179,-0.00346185,-0.000262498,2285.26,0.000764,1,0.000997077,-0.00300124,0.0002625,2364.29
0,9220791,22,phononTF,0.000458573,-0.00129716,0.00090835,-0.000262498,2846.97,0.000382,1,-0.000997238,0.0010041,0.0002625,2957.85
0,9226529,16,phononL,0.00096653,-0.00316479,-0.000766751,-0.000262498,294.455,0.000382,1,-0.00299532,-0.00100207,0.0002625,362.004
0,9228633,4,phononTS,0.00038823,-0.000439073,0.00412139,-0.0002625,1153.87,0.000382,1,-0.0010041,0.00300468,0.0002625,3429.32
0,9231817,16,phononL,0.000600024,1.01329e-06,-3.1303e-06,0.0002625,9791.48,0.000109488,1,0.000762715,0.000431762,-0.0002625,9986.34
0,9238286,32,phononTS,0.000511118,0.00197654,-1.70691e-05,-0.000262498,9141.7,0.000382,1,0.00200277,-4.54626e-06,0.0002625,9231.35
0,9239134,4,phononTS,0.00137418,-0.00216691,-0.00140126,-0.0002625,1013.23,0.000382,1,-0.00300489,-0.0010008,0.0002625,1619.52
0,9240863,24,phononTS,0.00106205,0.00287658,0.000833175,-6.39139e-05,3678.53,0.000382,1,0.00199728,0.00200043,0.0002625,4093.93
0,9240863,25,phononTS,0.000539685,0.00199728,0.00200043,0.000262498,4093.93,0.000539685,1,0.00328745,0.00234784,-0.0002625,4380.07
0,9246224,18,phononL,0.000542518,0.00124728,0.00213873,-0.0002625,3695.27,0.000382,1,0.00200363,0.00199986,0.0002625,4596.16
0,9249587,8,phononTS,0.000444407,0.00097683,-0.000977457,-0.0002625,3162.06,0.000382,1,0.00100074,-0.00100413,0.0002625,3508.01
0,9252955,12,phononTS,0.000457924,-0.00194382,0.00290337,-0.0002625,427.72,0.000382,1,-0.00200258,0.0019952,0.0002625,2277.97
0,9254461,31,phononTS,0.000491358,2.96845e-05,-0.0020311,-0.0002625,7015.26,0.000382,1,8.53073e-07,-0.00199644,0.0002625,9447.61
0,9257077,3,phononTF,0.00116987,-0.00214094,-0.00178627,-0.0002625,144.03,0.000764,1,-0.00200192,-0.00199646,0.0002625,1160.45
0,9259728,11,phononTF,0.000425483,0.00265537,0.000670086,-0.000262498,5359.44,0.000382,1,0.00299504,0.000996831,0.0002625,5480.15
0,9261104,7,phononTS,0.000605835,-0.00100197,0.00100131,0.000262498,689.801,3.64948e-05,1,-0.00103387,0.00104398,-0.0002625,779.17
0,9261687,10,phononTS,0.000409718,-0.00200099,-3.3909e-06,0.000262498,529.082,0.000409718,1,-0.00204052,3.19808e-05,-0.0002625,618.585
0,9262688,18,phononTS,0.000442314,0.00199814,0.00199802,0.000262498,7765.2,0.000442314,1,0.00268403,0.000408477,-0.0002625,8120.35
0,9263737,2,phononTF,0.000498492,-0.00212346,-0.000193057,-0.0002625,195.611,0.000382,1,-0.00200058,3.32232e-06,0.0002625,1260.6
0,9264917,8,phononTS,0.000460616,0.00184406,-0.00155663,-0.0002625,1489.9,0.000382,1,0.0020044,-0.00199505,0.0002625,3878.59
0,9264960,9,phononTS,0.000635532,-0.00300039,-0.00100317,0.0002625,2499.27,0.000347703,1,-0.00297012,-0.000584547,-0.0002625,3308.96
0,9268853,10,phononTS,0.000719569,0.00200012,1.26591e-06,0.0002625,7374.74,0.000392184,1,0.00171338,0.000926892,-0.0002625,7721.32
0,9274461,3,phononTF,0.00102233,-0.00207822,0.00207477,-0.0002625,182.756,0.000382,1,-0.00200466,0.00200356,0.0002625,2462.32
0,9291258,14,phononTF,0.00126731,-0.00159394,-0.00141848,-0.000262498,1132.9,0.000382,1,-0.00199993,-0.00199564,0.0002625,1289.67
0,9305443,7,phononTF,0.000533416,-6.3172e-05,0.0019296,-0.0002625,1611.68,0.000382,1,4.76623e-06,0.0020049,0.0002625,2865.49
0,9308639,8,phononTS,0.000402131,0.00125647,-0.00181621,-0.000262498,5679.09,0.000382,1,0.000995814,-0.00100408,0.0002625,5885.71
0,9314950,16,phononTF,0.000439499,-0.00212654,-0.00212306,-0.0002625,7003.45,0.000382,1,-0.00200002,-0.00200248,0.0002625,7486.32
0,9315710,14,phononTF,0.000409548,-0.00220916,6.32139e-06,-0.000262498,1390.12,0.000382,1,-0.00200291,4.51834e-06,0.0002625,1490.26
0,9316561,12,phononTS,0.00115809,-0.00337633,-0.00242175,-0.0002625,2712.05,0.000382,1,-0.00199591,-0.00199698,0.0002625,8134.8
0,9316917,12,phononTS,0.000870569,0.000415461,-0.000734798,-0.000262498,7058.34,0.000382,1,4.91089e-07,3.60947e-06,0.0002625,7266.7
0,9319240,10,phononTS,0.00101347,-0.00250236,-0.00394585,-0.000262498,3030.65,0.000382,1,0.000997355,-0.000996316,0.0002625,3866.63
0,9320123,4,phononTF,0.00144851,-0.00223332,0.000808862,-0.0002625,188.014,0.000382,1,-0.00200402,-3.81503e-06,0.0002625,620.744
0,9320123,12,phononTS,0.000882049,-0.005,0.0029104,0.000259076,620.744,0.000882049,1,-0.00405506,0.00282567,-0.0002625,1578.43
0,9323946,3,phononL,0.000592234,-0.00332245,-0.000643397,-0.0002625,231.363,0.000382,1,-0.00300257,-0.00099926,0.0002625,513.857
0,9323946,2,phononTS,0.00480171,-0.00340395,-0.000420437,0.000262498,231.363,0.000951941,1,-0.00342808,-0.000409943,-0.0002625,321.172
0,9325739,10,phononTF,0.000657594,-0.00215774,-0.00157839,-0.000262498,1247.15,0.000382,1,-0.00199821,-0.00200054,0.0002625,1375.32
0,9334870,6,phononTF,0.000691399,-0.00344098,-0.00121639,-0.0002625,40.5063,0.000382,1,-0.00299955,-0.00099615,0.0002625,1114.22
0,9334870,5,phononTF,0.00119612,-0.00312276,-8.85105e-05,0.000262498,40.5063,0.000263907,1,-0.00328177,6.39813e-05,-0.0002625,137.955
0,9336105,2,phononTS,0.00106298,-0.00103057,0.005,-0.000262423,283.91,0.000382,1,0.00300253,0.000997462,0.0002625,2888.23
0,9338060,12,phononL,0.000877747,0.00219856,0.00055642,-0.000262498,8683.45,0.000382,1,0.00200264,-8.59128e-07,0.0002625,8769
0,9338070,10,phononTS,0.000847876,-0.00200027,0.00200087,0.000262498,1349.28,0.000656353,1,-0.00190872,0.00204436,-0.0002625,1451.21
0,9340581,10,phononTF,0.000527355,-0.00234661,-0.000330721,-0.000262498,783.79,0.000382,1,-0.00200246,-1.043e-06,0.0002625,905.082
0,9348313,7,phononTS,0.000681692,-0.00196474,-0.0020436,-0.0002625,1258.04,0.000382,1,-0.00199952,-0.00199867,0.0002625,3141.25
0,9349185,16,phononTF,0.000763056,4.09834e-06,-0.00200005,0.000262498,2232.74,0.000763056,1,0.000151532,-0.00215506,-0.0002625,2329.76
0,9350117,7,phononTF,0.000982485,0.005,-0.00104194,-0.000155374,697.117,0.000382,1,0.00199926,0.00200106,0.0002625,3965.2
0,9350649,4,phononTS,0.00102732,0.00199859,-2.11801e-06,0.0002625,432.494,0.00060438,1,0.00159224,0.000306005,-0.0002625,4008.64
0,9354540,15,phononTS,0.000916442,-0.00212499,-7.75638e-07,-0.0002625,226.392,0.000382,1,-0.00200195,-2.46659e-06,0.0002625,893.228
0,9355069,10,phononTS,0.000449353,-1.84539e-06,0.00199837,0.000262498,962.729,0.000449353,1,-3.69169e-05,0.00205143,-0.0002625,1055.63
0,9358693,4,phononTS,0.00254805,-0.00157805,0.000692397,-0.000262498,1389.89,0.000382,1,-0.000997238,0.00100017,0.0002625,1567.82
0,9361032,8,phononTF,0.000403864,-0.00138415,0.00278665,-0.0002625,1725.25,0.000382,1,-0.00199698,0.00199936,0.0002625,2170.97
0,9363465,15,phononTF,0.000438492,0.0013271,-0.00135121,-0.0002625,8768.26,0.000382,1,0.00100002,-0.0010027,0.0002625,9135.71
0,9363993,12,phononL,0.000943403,-0.000787206,0.000221491,-0.0002625,1503.7,0.000382,1,3.49779e-06,2.4224e-06,0.0002625,1806.23
0,9365879,6,phononTS,0.000435271,-0.00198045,0.00198615,-0.0002625,1539.63,0.000382,1,-0.00200051,0.00200309,0.0002625,1955
0,9367995,5,phononTS,0.00104325,-0.00322614,-0.00216415,-0.0002625,11.1805,0.000382,1,-0.000999821,0.00100064,0.0002625,2636.02
0,9368081,8,phononTS,0.000646483,0.00127472,-0.00327382,-0.0002625,1287.87,0.000382,1,0.000997526,-0.00299877,0.0002625,1705.2
0,9368708,10,phononTS,0.00124594,-0.00192264,-4.53339e-05,-0.0002625,3487.77,0.000382,1,-0.00200495,2.91812e-06,0.0002625,4164.04
0,9369393,8,phononTS,0.00085416,-0.00101211,0.00268579,-0.000262498,2184.22,0.000382,1,-0.000995074,0.00300484,0.0002625,2306.83
0,9370117,11,phononTF,0.000568146,-0.00289498,-0.000892055,-0.0002625,801.953,0.000382,1,-0.00300174,-0.00100096,0.0002625,1831.46
0,9370117,3,phononTS,0.00089126,-0.00331731,4.70527e-05,0.000262498,34.8123,0.000522732,1,-0.00343136,-0.00047271,-0.0002625,190.254
0,9370117,2,phononTS,0.00190058,-0.00331731,4.70527e-05,0.000262498,34.8123,0.00134431,1,-0.00327985,-0.000469014,-0.0002625,182.732
0,9371052,14,phononTF,0.000407563,-0.000916592,0.000889168,-0.0002625,4129.85,0.000382,1,-0.000996158,0.000996666,0.0002625,4409.45
0,9371508,13,phononTF,0.000551756,9.61203e-07,-0.00200174,0.000262498,2461.36,0.000551756,1,0.00016639,-0.00216905,-0.0002625,2559.85
0,9375142,12,phononTF,0.000442477,-0.000997199,-0.000995955,0.000262498,2456.02,0.000442477,1,-0.00028594,-0.000284531,-0.0002625,2650.28
0,9376751,16,phononTS,0.00038793,-0.00100257,0.00099744,0.000262498,2333.86,0.00038793,1,-0.00217866,0.00125251,-0.0002625,2596.5
0,9376785,6,phononTS,0.000554156,-0.0020043,-4.75244e-06,0.0002625,459.766,0.000554156,1,-0.00205005,1.57403e-05,-0.0002625,4302.39
0,9377461,19,phononTF,0.00101102,-0.00299974,-0.00100233,0.000262498,1418.75,0.000454328,1,-0.00283263,-0.00116164,-0.0002625,1516.9
0,9387506,19,phononTS,0.00256093,0.0020535,-0.00197064,-0.0002625,3528.71,0.001146,1,0.00200153,-0.00199823,0.0002625,3796.93
0,9387997,17,phononTF,0.000449781,-0.00150625,-0.000508306,-0.0002625,4821.94,0.000382,1,-0.00199747,-3.89649e-06,0.0002625,6193.12
0,9391959,3,phononTS,0.000787187,-0.00170574,-0.00219213,-0.0002625,244.578,0.000382,1,-0.00199786,-0.00200026,0.0002625,1556.82
0,9393287,20,phononTS,0.000607727,-0.00299602,-0.000563228,-0.000262498,3045.37,0.000382,1,-0.00299847,-0.000999087,0.0002625,3183.78
0,9395969,3,phononTF,0.00123741,-0.00131439,0.000690427,-0.0002625,1163.43,0.000382,1,-0.000995601,0.001004,0.0002625,1872.5
0,9407673,9,phononTS,0.000409937,-0.00208494,-0.000269539,-0.000262498,1581.89,0.000382,1,-0.00199671,3.44146e-06,0.0002625,1704.62
0,9412568,13,phononTS,0.000539332,-0.00194105,3.49949e-05,-0.0002625,873.752,0.000382,1,-0.00199573,3.71741e-06,0.0002625,1173.87
0,9421299,12,phononL,0.00106502,-0.0015704,0.00108088,-0.0002625,2400.1,0.000382,1,-0.000998973,0.00100074,0.0002625,2651.77
0,9423242,5,phononTF,0.00058284,-0.000520503,0.00164315,-0.0002625,105.101,0.000382,1,2.61912e-06,0.00200054,0.0002625,987.604
0,9423708,3,phononTF,0.000416743,-0.00187032,-0.000125756,-0.0002625,269.628,0.000382,1,-0.00199501,-4.00914e-06,0.0002625,1627.78
0,9430189,14,phononTF,0.000685557,-0.000997036,0.00300129,0.000262498,3677.13,0.000255596,1,-0.000582462,0.00257459,-0.0002625,3812.91
0,9438644,14,phononTF,0.000402855,-0.00276578,-0.000817897,-0.000262498,2693.37,0.000382,1,-0.0030032,-0.00100307,0.0002625,2798.61
0,9438644,3,phononTF,0.00141912,-0.00280932,-8.62421e-05,0.000262498,932.256,0.000637478,1,-0.00275827,0.000216821,-0.0002625,1043.22
0,9442849,2,phononTS,0.00440361,-0.000276232,0.00233732,0.000131365,354.811,0.000764,1,-0.00100172,0.00300039,0.0002625,1499.99
0,9444493,3,phononTS,0.00719267,-0.00178751,2.166e-05,0.000143792,332.179,0.001528,1,-0.00199777,1.91499e-06,0.0002625,621.578
0,9445265,12,phononL,0.000634227,-0.00336387,-0.000820989,-0.0002625,318.723,0.000382,1,-0.00300196,-0.000997223,0.0002625,1026.98
0,9446654,16,phononTS,0.000577636,0.00247189,-0.00197431,-0.0002625,5598.33,0.000382,1,0.00199538,-0.00199786,0.0002625,6032.72
0,9450432,8,phononL,0.000412782,-0.000674021,0.00329652,-0.000262498,1020.05,0.000382,1,-0.00100121,0.00300118,0.0002625,1095.37
0,9450432,4,phononTS,0.00111021,-0.00320751,-4.8408e-05,0.000262498,89.8654,0.000735541,1,-0.0022898,-0.00145336,-0.0002625,426.79
0,9451242,10,phononTS,0.000695004,-0.00260023,-0.00116345,-0.0002625,1348.12,0.000382,1,-0.00299828,-0.00100131,0.0002625,5320.48
0,9451242,3,phononTS,0.00072163,-0.00368668,-0.000163756,0.000262498,640.822,0.00072163,1,-0.0027616,-0.000190973,-0.0002625,852.963
0,9456083,9,phononTS,0.00102634,0.00107736,0.00110807,-0.0002625,8969.9,0.000382,1,0.00100099,0.000999403,0.0002625,9986.52
0,9457006,13,phononTS,0.00038796,-0.00297147,-0.00100647,-0.0002625,1777.28,0.000382,1,-0.00300098,-0.000996775,0.0002625,2293.5
0,9457195,10,phononTS,0.000506219,-0.000998156,0.00100484,0.000262498,5159.8,0.000506219,1,-0.000951977,0.00143021,-0.0002625,5295.23
0,9460560,19,phononTS,0.000802796,-0.00200338,0.00174842,-0.000262498,4497.23,0.000382,1,-0.00199735,0.00199817,0.0002625,4612.6
0,9468253,10,phononTF,0.000626185,0.00124904,0.00126323,-0.000262498,1728.4,0.000382,1,0.00100117,0.00100326,0.0002625,1837.23
0,9473927,2,phononTS,0.00582932,-0.0030087,-0.000991856,0.000133008,11.6025,0.000764,1,-0.00300382,-0.0010014,0.0002625,1213.01
0,9477122,9,phononTF,0.000534247,-0.00299967,-0.000996707,0.0002625,2074.04,0.000534247,1,-0.00255553,-0.000665828,-0.0002625,2343.96
0,9478223,9,phononL,0.000463068,-0.00182906,-0.0029109,-0.0002625,2539.72,0.000382,1,-0.00199729,-0.0019996,0.0002625,3549.58
0,9485095,16,phononTF,0.000777215,-0.00100827,-0.000872132,-0.0002625,1706.96,0.000764,1,-0.000996232,-0.000997181,0.0002625,3117.18
0,9491136,14,phononTS,0.000754223,-0.00204984,-0.00202779,-0.0002625,930.966,0.000382,1,-0.002,-0.0020034,0.0002625,1702.51
0,9493994,15,phononTF,0.000620989,-0.00108684,-0.00090618,-0.0002625,735.95,0.000382,1,-0.00100096,-0.000996333,0.0002625,1027.22
0,9497270,11,phononTF,0.000393512,0.00107232,-0.0029611,-0.000262498,2359.46,0.000382,1,0.000997362,-0.0030043,0.0002625,2450.88
0,9505033,6,phononTF,0.000566447,-6.86339e-07,3.25258e-06,0.0002625,3452.56,0.000414154,1,0.00117994,0.00116456,-0.0002625,6578.03
0,9506262,21,phononTF,0.000610218,-0.00125016,0.0027443,-0.0002625,1555.89,0.000382,1,-0.00100211,0.00299721,0.0002625,2097.96
0,9506769,5,phononTS,0.000858236,-0.00215376,0.00244901,-0.0002625,621.048,0.000382,1,-0.00100231,0.00300396,0.0002625,4980.56
0,9513072,8,phononTS,0.000667711,-0.00343229,-0.00105888,-0.000262498,2458.72,0.000382,1,-0.00200489,-0.00199581,0.0002625,2800.57
0,9514490,8,phononL,0.000551963,-0.000914004,0.00164938,-0.0002625,2073.97,0.000382,1,-0.000999808,0.00100023,0.0002625,2343.99
0,9515821,8,phononTS,0.000550871,0.00101897,-0.000780483,-0.000262498,2696.77,0.000382,1,0.00100118,-0.000995316,0.0002625,2806.6
0,9516526,5,phononTF,0.000933487,-0.00224641,-0.00158699,-0.0002625,372.449,0.000382,1,-0.00199515,-0.00200151,0.0002625,1015.21
0,9517483,10,phononTF,0.00131506,-0.00328178,-0.000728535,-0.000262498,1072.96,0.000764,1,-0.00300062,-0.00100144,0.0002625,1185.13
0,9517483,3,phononTS,0.00123332,-0.00322784,6.72803e-05,0.000262498,12.9414,0.000527571,1,-0.0032728,0.000312272,-0.0002625,125.88
0,9518942,8,phononTS,0.000653153,-0.00299146,-0.00094201,-0.000262498,1475.41,0.000382,1,-0.00300067,-0.000997253,0.0002625,1566.6
0,9519693,2,phononTF,0.0006526,-0.00145921,0.00252324,-0.0002625,10.3096,0.000382,1,-0.00100008,0.00299766,0.0002625,1432.57
0,9519694,1,phononTF,0.01,-0.00325968,-0.000130083,-0.000128769,0,0.00352132,1,-0.00332406,-6.87122e-05,-0.0002625,401.86
0,9527771,7,phononTS,0.000947383,-0.00197874,0.00207711,-0.0002625,286.287,0.000382,1,-0.00199991,0.00200118,0.0002625,2359.78
0,9527772,1,phononTS,0.01,-0.00305917,9.4119e-05,-0.000249098,0,0.0027731,1,-0.0030275,8.09425e-05,-0.0002625,289.153
0,9527955,7,phononL,0.000553717,-0.00123113,0.00166505,-0.0002625,1380.82,0.000382,1,-0.00200373,0.00200242,0.0002625,1686.75
0,9528305,16,phononTS,0.000691239,0.00388301,0.00100244,-0.0002625,1259.84,0.000382,1,0.0029991,0.000995118,0.0002625,2554.17
0,9529430,3,phononTF,0.000945492,-0.00166895,-0.00154932,-0.0002625,77.0294,0.000382,1,-0.00200393,-0.00200273,0.0002625,1578.92
0,9533374,8,phononTF,0.000761979,0.00199944,-0.00199944,0.0002625,9096.04,0.000597879,1,0.00207489,-0.00207869,-0.0002625,14123.2
0,9534742,13,phononTF,0.000609023,-0.00210138,-8.21814e-05,-0.0002625,1399.65,0.000382,1,-0.00200494,1.1309e-06,0.0002625,1955.88
0,9538811,22,phononTS,0.000853937,-0.00322385,-0.00140307,-0.0002625,612.822,0.000382,1,-0.00299785,-0.000996551,0.0002625,910.722
0,9541259,9,phononTF,0.00062652,-0.00247182,-0.000498807,-0.000262498,1088.51,0.000382,1,-0.00299534,-0.000995736,0.0002625,1242.39
0,9543936,12,phononTS,0.00121097,-0.00155324,-0.00082501,-0.0002625,980.339,0.000382,1,-0.00200122,-0.00200098,0.0002625,1398.08
0,9543936,13,phononTS,0.000778504,-0.00200122,-0.00200098,0.000262498,1398.08,0.000778504,1,-0.00247863,-0.00170394,-0.0002625,1561.91
0,9550934,7,phononTF,0.00100435,0.000665314,0.00113262,-0.0002625,1092.27,0.000764,1,0.000999658,0.000999992,0.0002625,2595.53
0,9552509,9,phononTS,0.000502872,0.0010007,0.00100416,0.000262498,1880.81,0.000502872,1,0.000970559,0.000951675,-0.0002625,1973.38
0,9555842,7,phononTS,0.000941095,-0.00304214,-0.00082381,-0.0002625,13.8988,0.000382,1,-0.00300251,-0.00100443,0.0002625,650.272
0,9558263,20,phononTS,0.000626052,-0.00174937,-0.000892847,-0.0002625,2917.26,0.000382,1,-0.00200481,-0.0020045,0.0002625,3674.09
0,9558455,2,phononTS,0.00103557,-0.00313638,-0.000774055,-0.0002625,110.15,0.000764,1,-0.00300399,-0.000995184,0.0002625,591.795
0,9559037,11,phononTF,0.000506574,-0.00316225,-0.00084256,-0.0002625,1713.28,0.000382,1,-0.0030039,-0.000998969,0.0002625,2006.36
0,9560979,7,phononTS,0.000589366,0.00294314,0.00100015,-0.0002625,5690.86,0.000382,1,0.00300076,0.000997793,0.0002625,6367.02
0,9561621,8,phononTF,0.000516881,-0.000448967,-0.00214486,-0.0002625,736.746,0.000382,1,4.77381e-06,-0.00200442,0.0002625,1457.98
0,9561919,7,phononTS,0.000481985,-0.00282866,-0.00194261,-0.000262498,1207.88,0.000382,1,-0.00199928,-0.00199927,0.0002625,1405.98
0,9564741,22,phononTS,0.000841508,-0.00101599,0.000390767,-0.0002625,1963.98,0.000382,1,2.47511e-06,2.83068e-06,0.0002625,2560.73
0,9570891,15,phononTS,0.000389513,0.00122533,0.00464677,-0.0002625,917.135,0.000389513,1,0.00148994,0.005,-0.000229631,2283.38
0,9579523,8,phononTS,0.000470071,-0.00210148,4.86015e-05,-0.0002625,219.517,0.000382,1,-0.0019989,-1.24577e-06,0.0002625,710.981
0,9581814,12,phononTS,0.000496466,-0.00199205,0.00207775,-0.000262498,1769.66,0.000382,1,-0.00200291,0.00199655,0.0002625,1867.65
0,9585690,10,phononTF,0.000462753,2.34282e-06,0.002002,0.000262498,3060.24,0.000462753,1,-0.000347234,0.00225991,-0.0002625,3180.29
0,9586974,6,phononTF,0.000862862,0.00233051,-0.00162213,-0.0002625,1151.29,0.000382,1,0.00200077,-0.00199551,0.0002625,9061.3
0,9589233,22,phononTS,0.000396941,0.00147508,-0.00106019,-0.000262498,5634.38,0.000382,1,0.00199613,-0.00200186,0.0002625,5880.31
0,9594577,6,phononTS,0.0013923,-0.00261362,1.82435e-05,-0.0002625,47.1469,0.000382,1,-0.00199812,-2.52362e-06,0.0002625,366.253
0,9596435,4,phononTS,0.00113619,-8.75652e-05,0.000728786,-0.0002625,3.56168,0.000764,1,4.48643e-06,-4.9405e-06,0.0002625,1427.85
0,9597387,32,phononTS,0.000395486,0.000124855,-0.00105988,-0.0002625,15913.1,0.000382,1,0.000997296,-0.00300378,0.0002625,17783.4
0,9599754,20,phononTS,0.000519632,-0.00299688,-0.0010037,0.0002625,1087.12,0.000519632,1,-0.00304016,-0.00103406,-0.0002625,1265.94
0,9602452,12,phononTS,0.00081523,-0.00117625,-0.000171176,-0.000262498,1313.82,0.000382,1,-0.0019977,2.0995e-06,0.0002625,1512.9
0,9608795,9,phononTS,0.00082341,-0.00313315,-0.000882271,-0.0002625,1728.02,0.000382,1,-0.00299943,-0.00100085,0.0002625,2695.72
0,9611283,11,phononL,0.000547209,0.00495306,-0.00448058,-0.000262498,4190.05,0.000382,1,0.000995632,-0.00100372,0.0002625,4815.96
0,9612083,17,phononTS,0.000717744,0.000236115,-0.000213594,-0.0002625,2235,0.000382,1,-0.00200232,-0.00199972,0.0002625,3794.22
0,9612974,24,phononTS,0.000563194,2.80704e-05,-0.00301036,-0.000262498,8491.41,0.000382,1,0.00200083,3.2011e-06,0.0002625,9176.25
0,9615214,4,phononTS,0.000760075,-0.00204081,0.00218126,-0.0002625,588.574,0.000382,1,-0.00200434,0.0020032,0.0002625,2264.76
0,9615214,2,phononTF,0.00508721,-0.00435638,-0.000342371,-0.000159807,390.724,0.00178946,1,-0.00373242,-0.000769289,-0.0002625,688.13
0,9621479,12,phononTS,0.0005434,0.001719,0.000369597,-0.0002625,2103.07,0.000382,1,0.00299568,0.000995067,0.0002625,3493.6
0,9623482,1,phononTF,0.01,-0.0030138,-0.000977241,0.000226054,0,0.003438,1,-0.00300059,-0.00100438,0.0002625,2391.08
0,9624408,14,phononTS,0.000506224,-0.00114525,0.000833621,-0.0002625,1525.29,0.000382,1,-0.00100344,0.000999876,0.0002625,1872.92
0,9624409,1,phononTS,0.01,-0.00327763,-2.49972e-05,-0.000218107,0,0.00206724,1,-0.00328081,-2.8678e-05,-0.0002625,190.021
0,9629232,12,phononTF,0.000395651,0.000433188,-0.000447819,-0.0002625,2981.14,0.000382,1,0.00099726,-0.000997324,0.0002625,4547.67
0,9629933,6,phononTS,0.000467912,-0.00229,-0.000313904,-0.0002625,621.298,0.000382,1,-0.00299602,-0.00100232,0.0002625,1421.44
0,9634118,2,phononL,0.000989917,-0.000885981,-0.00104042,-0.0002625,1000.13,0.000382,1,-0.0010008,-0.000995527,0.0002625,1458.91
0,9648994,17,phononTS,0.00056978,0.00190042,-0.00205442,-0.0002625,5160.9,0.000382,1,0.00199758,-0.00200116,0.0002625,7742.17
0,9650222,7,phononTF,0.000518159,-0.0024848,0.00460716,-0.0002625,6057.95,0.000382,1,-0.000998713,0.00299961,0.0002625,7589.9
0,9650223,1,phononTS,0.01,-0.00327099,-0.000668205,-0.000198053,0,0.00134959,1,-0.00327266,-0.000670046,-0.0002625,718.215
0,9653196,6,phononTF,0.000600748,-0.000342965,-0.00308007,-0.0002625,103.547,0.000382,1,-4.06132e-06,-0.00199838,0.0002625,2423.7
0,9653216,5,phononTS,0.000830463,-0.00199676,3.07103e-06,0.0002625,224.504,0.000359253,1,-0.0020087,4.71967e-05,-0.0002625,835.355
0,9655314,18,phononTS,0.000798705,-0.00135493,0.00169989,-0.0002625,734.663,0.000382,1,-0.000996228,0.00300227,0.0002625,1509.02
0,9656022,13,phononTS,0.000620811,-0.005,0.00248845,-0.000201401,7095.03,0.000620811,1,-0.00491691,0.00247942,-0.0002625,9736.83
0,9656306,9,phononTF,0.000504994,-0.000625547,0.00350048,-0.0002625,3301.21,0.000382,1,-0.00100135,0.0029969,0.0002625,7181.07
0,9660496,9,phononTS,0.000846741,-0.00204922,-0.000332041,-0.000262498,917.807,0.000382,1,-0.00200488,-4.81458e-06,0.0002625,1040.58
0,9663259,26,phononTS,0.000924851,0.00246613,0.0020492,-0.000262498,2310.81,0.000382,1,0.00199685,0.00199996,0.0002625,2452.14
0,9664266,5,phononTS,0.000463038,0.00422986,-0.005,0.000171946,1671.43,0.000463038,1,0.00427217,-0.0037201,-0.0002625,4072.29
0,9664266,4,phononTF,0.00188226,-0.00337413,0.000170154,0.000262499,1671.43,0.000577507,1,-0.00324608,7.92953e-05,-0.0002625,1765.94
0,9665834,2,phononTS,0.00102517,-0.00210505,0.000275066,-0.0002625,124.272,0.000382,1,-0.00199513,-4.90029e-06,0.0002625,463.175
0,9673494,15,phononTS,0.000531512,0.00204011,0.00104409,-0.000262498,7618.89,0.000382,1,0.00200361,2.45911e-06,0.0002625,7845.77
0,9677013,13,phononTS,0.000389723,-0.00205946,0.00201631,-0.0002625,4266.13,0.000382,1,-0.00200387,0.00200484,0.0002625,6033.1
0,9677219,7,phononTS,0.000659131,-0.005,0.00365402,0.000252966,2481.15,0.000659131,1,-0.00405073,0.00224933,-0.0002625,3913.36
0,9680943,15,phononTS,0.000642758,-0.00309252,-0.000643291,-0.0002625,1819.48,0.000382,1,-0.00300499,-0.00100217,0.0002625,3298.01
0,9688429,2,phononTS,0.00534941,-0.00304528,-0.00104868,-0.0002625,371.952,0.00191,1,-0.00299518,-0.0010038,0.0002625,3618.08
0,9689547,9,phononTS,0.00070418,6.0991e-05,0.000811534,-0.000262498,4120.95,0.000382,1,3.69633e-06,-5.63894e-07,0.0002625,4312.18
0,9693347,10,phononTF,0.000792772,0.00199584,-1.28002e-06,0.000262498,3861.05,0.000792772,1,0.00174413,0.00024035,-0.0002625,3969.44
0,9693347,4,phononL,0.000492876,-0.00331674,0.00012217,0.000262498,29.0725,0.000492876,1,-0.00407143,-0.000656859,-0.0002625,165.988
0,9693347,3,phononTS,0.00119734,-0.00331674,0.00012217,0.000262498,29.0725,0.000570737,1,-0.00306299,0.000214924,-0.0002625,149.982
0,9694002,3,phononTF,0.00061912,-0.00199547,0.00200093,0.0002625,172.316,0.00061912,1,-0.00182417,0.0021636,-0.0002625,842.814
0,9694828,13,phononTF,0.000487258,-0.00227399,0.00172485,-0.0002625,218.595,0.000382,1,-0.00199738,0.00199638,0.0002625,1001.31
0,9705707,14,phononTS,0.000723762,-0.000995832,0.000996973,0.000262498,1522.65,0.000371565,1,-0.00101495,0.000950944,-0.0002625,1612.48
0,9706238,3,phononTS,0.00336257,-0.00231092,-8.37731e-05,0.000153501,1240.16,0.000382,1,-0.00199988,-1.70334e-06,0.0002625,1310.15
0,9713089,2,phononTF,0.00164128,-0.00228033,0.00164875,-0.0002625,15.8006,0.000382,1,-0.00200475,0.00200296,0.0002625,719.664
0,9713330,8,phononTS,0.000606482,-0.00303235,0.000160923,-0.000262498,900.783,0.000382,1,-0.00200353,4.96155e-06,0.0002625,1134.77
0,9718830,15,phononTS,0.00052363,-0.00103699,0.00297108,-0.0002625,4626.98,0.000382,1,-0.00100488,0.00299973,0.0002625,9034.94
0,9723095,11,phononTS,0.000542434,-0.00261755,0.00115759,-0.0002625,1573.15,0.000382,1,-0.00199567,-1.8483e-06,0.0002625,4858.69
0,9726796,4,phononTS,0.000633933,0.000288084,-0.00288168,-0.0002625,464.577,0.000382,1,2.26116e-06,-0.00199802,0.0002625,2896.01
0,9731231,6,phononTS,0.000475108,0.000370636,0.00108308,-0.0002625,1223.96,0.000382,1,0.000997076,0.000999109,0.0002625,2891.62
0,9731773,7,phononTF,0.00137115,-0.00250459,-0.00137438,-0.0002625,383.554,0.000382,1,-0.00300488,-0.00100139,0.0002625,1026.85
0,9733223,6,phononL,0.00050054,-0.00214689,-0.000208379,-0.0002625,2604.42,0.000382,1,-0.001999,-4.1732e-06,0.0002625,4461.47
0,9740383,9,phononL,0.00046514,-0.00148854,-0.00225852,-0.000262498,1562.3,0.000382,1,-0.00199863,-0.00200361,0.0002625,1646.66
0,9741563,11,phononTS,0.00076475,-0.00113836,-0.000130462,-0.0002625,2181.86,0.000382,1,-0.00100329,-0.000999677,0.0002625,3105.81
0,9741563,2,phononTS,0.000678816,-0.00325688,1.30315e-05,0.000262498,23.0858,0.000678816,1,-0.00231418,0.000187654,-0.0002625,245.315
0,9741701,22,phononTS,0.000849776,-0.00365576,-0.00153884,-0.0002625,4512.65,0.000382,1,-0.000995836,-0.000997233,0.0002625,7494.3
0,9742437,15,phononL,0.000418717,1.51767e-05,-0.0025505,-0.000262498,6164.22,0.000382,1,-3.45919e-06,-0.00200201,0.0002625,6245.91
0,9745331,8,phononTF,0.000697945,3.57809e-05,-0.005,0.000134925,2444.67,0.000697945,1,0.000902983,-0.00428179,-0.0002625,4988.45
0,9748290,9,phononTS,0.000451273,-0.00192751,0.00205855,-0.0002625,11982.3,0.000382,1,-0.0019981,0.0020044,0.0002625,13295.5
0,9758778,10,phononL,0.00041526,-0.00300223,-0.000999584,0.000262498,301.082,0.00041526,1,-0.00305844,-0.000540018,-0.0002625,377.102
0,9758778,3,phononTS,0.00118304,-0.00321414,4.58232e-05,0.000262498,3.56962,0.000586794,1,-0.00300243,-0.00101412,-0.0002625,245.27
0,9760931,13,phononTF,0.000605047,-0.00273145,-0.000720099,-0.0002625,3911.98,0.000382,1,-0.00200419,2.35207e-06,0.0002625,4503.47
0,9765976,4,phononTS,0.00108306,-0.00211675,0.000451765,-0.0002625,89.6832,0.000382,1,-0.000997364,0.000996941,0.0002625,636.88
0,9768627,10,phononL,0.000680359,0.00151833,0.00226476,-0.0002625,4802.16,0.000382,1,0.00200316,0.00200246,0.0002625,5051.01
0,9769027,11,phononTS,0.000502125,-0.000885975,0.00140982,-0.0002625,323.539,0.000382,1,6.00698e-07,0.002004,0.0002625,1059.23
0,9770528,16,phononTS,0.000792455,-0.00220061,0.0017828,-0.0002625,519.662,0.000382,1,-0.00200243,0.00200407,0.0002625,1654.56
0,9771523,10,phononTS,0.000540013,-0.00430458,-0.00439693,-0.0002625,11808.1,0.000382,1,-0.00099717,-0.000995132,0.0002625,13718.6
0,9773668,14,phononTF,0.000538168,-0.00260952,-0.00134578,-0.0002625,635.206,0.000382,1,-0.00199611,-0.00200307,0.0002625,1174.36
0,9775116,7,phononTF,0.000980204,-0.00199877,0.00200116,0.0002625,96.4,0.00019132,1,-0.000738611,0.00392907,-0.0002625,925.239
0,9776894,20,phononTS,0.000482768,0.000711657,0.0016843,-0.0002625,7261.91,0.000382,1,-0.000998832,0.00100439,0.0002625,11348.7
0,9777490,13,phononL,0.000385407,0.00285026,0.00133795,-0.0002625,4140.21,0.000382,1,0.00300299,0.00100305,0.0002625,4484.8
0,9783693,9,phononTF,0.000569969,-0.00383335,-0.000153836,-0.0002625,1518.42,0.000382,1,-0.00300095,-0.00100407,0.0002625,2382.34
0,9783693,6,phononTS,0.000558043,-0.00324015,0.000137033,0.000262499,521.482,0.000558043,1,-0.00281468,6.11528e-05,-0.0002625,662.082
0,9783693,5,phononTF,0.00108609,-0.00324015,0.000137033,0.000262499,521.482,0.000441323,1,-0.00343767,0.000203173,-0.0002625,621.056
0,9784192,10,phononTS,0.000728632,-0.00100416,0.00100192,0.0002625,1697.32,0.000728632,1,-0.00103236,0.00102722,-0.0002625,1876.72
0,9785051,8,phononTF,0.000496399,0.00237223,0.005,6.46165e-06,3410.94,0.000496399,1,0.00258449,0.00479252,-0.0002625,4011.42
0,9794341,19,phononTF,0.000776847,0.000781808,-0.00279073,-0.000262498,2485.64,0.000382,1,0.00100082,-0.00300152,0.0002625,2589.48
0,9795153,4,phononTS,0.000405116,-0.00160746,0.00212525,-0.0002625,2279.44,0.000382,1,-0.00200428,0.00200057,0.0002625,3869.84
0,9798735,15,phononTS,0.00118705,-0.0031137,-0.00188152,-0.0002625,1955.96,0.000382,1,-0.00299581,-0.00100319,0.0002625,3574.22
0,9800242,14,phononTS,0.000383542,2.99202e-06,-0.00200184,0.0002625,10435,0.000383542,1,6.85314e-05,-0.00195144,-0.0002625,14939.4
0,9801760,7,phononTF,0.000802135,0.00148341,-0.0011936,-0.0002625,2270.87,0.000382,1,0.000997128,-0.000996626,0.0002625,7260.67
0,9801760,6,phononTS,0.000997443,0.00418764,0.005,-0.000129198,2270.87,0.000312261,1,0.00417557,0.00496315,-0.0002625,2981.31
0,9802978,10,phononL,0.000625921,0.00180816,-0.000904837,-0.000262499,8790.89,0.000382,1,0.00200362,5.92429e-07,0.0002625,8906.06
0,9802978,5,phononTF,0.00127713,-0.00317456,5.66895e-05,0.000262498,12.078,0.000525227,1,-0.0035115,0.000411238,-0.0002625,135.735
0,9805263,7,phononL,0.000407066,-0.00306484,-0.000425532,-0.000262498,321.518,0.000382,1,-0.00300204,-0.000997217,0.0002625,405.213
0,9806753,4,phononTF,0.000917713,-0.00221495,-0.00167258,-0.0002625,55.5378,0.000382,1,-0.00199763,-0.00199597,0.0002625,749.75
0,9811454,8,phononTS,0.000397507,-0.00196744,0.0020505,-0.0002625,377.994,0.000382,1,-0.00199857,0.00200452,0.0002625,839.949
0,9813382,4,phononTS,0.000566305,0.000205765,-0.000757645,-0.0002625,578.533,0.000382,1,0.000996772,-0.00100314,0.0002625,1590.94
0,9814049,2,phononTS,0.00400192,-0.00330591,-0.000507607,0.000164952,634.943,0.000764,1,-0.00300311,-0.00100278,0.0002625,746.555
0,9816766,6,phononTF,0.000718693,0.000995437,0.00100227,0.000262499,1080.88,0.000445101,1,0.00121075,0.00122841,-0.0002625,1185.39
0,9818139,8,phononTF,0.000384117,0.00198631,-0.00327264,-0.0002625,4805.92,0.000382,1,0.000995627,0.00100136,0.0002625,5950.22
0,9820989,19,phononTS,0.000401095,0.0017344,0.00157631,-0.0002625,25491.9,0.000382,1,0.00199808,0.00199768,0.0002625,27802.3
0,9820989,4,phononTS,0.00133785,-0.00369763,0.000505968,0.000262498,515.379,0.000692017,1,-0.00365374,0.000509065,-0.0002625,611.282
0,9826095,3,phononL,0.00321704,0.000122583,-0.000212711,-0.0002625,1682.43,0.001146,1,0.00200422,9.58383e-07,0.0002625,2201.81
0,9826095,4,phononTF,0.00126602,0.005,0.00111524,2.35541e-05,2201.81,0.000593509,1,0.0047735,0.000812373,-0.0002625,2843.58
0,9826739,6,phononTS,0.00100343,-0.00369023,-0.00218237,-0.0002625,385.286,0.000382,1,-0.00300012,-0.00100241,0.0002625,1380.33
0,9826936,4,phononTS,0.000532627,0.000139458,-0.0016434,-0.0002625,532.024,0.000382,1,-1.06147e-06,-0.00199724,0.0002625,1523.97
0,9829576,32,phononTS,0.000386694,-0.00100172,-0.000999792,0.0002625,13280.9,0.000386694,1,0.0017898,0.00175306,-0.0002625,14688.3
0,9830230,18,phononTS,0.00061387,-0.00180212,-0.000869186,-0.0002625,1095.54,0.000382,1,-0.00100398,-0.000998748,0.0002625,1967.19
0,9830329,12,phononTF,0.000429092,-0.00214727,0.000153731,-0.0002625,1393.3,0.000382,1,-0.00199942,-9.47193e-07,0.0002625,2375.29
0,9833008,8,phononTS,0.000568139,-0.000156374,-4.57955e-06,-0.000262498,3541.53,0.000382,1,9.43109e-07,3.39563e-06,0.0002625,3646.47
0,9833008,4,phononTF,0.000719493,-0.00266046,-2.81841e-06,0.000262498,145.125,0.000719493,1,-0.00284171,0.00015896,-0.0002625,244.73
0,9833738,7,phononTS,0.000728425,0.000379568,-0.00200127,-0.0002625,2830.79,0.000382,1,1.99378e-06,-0.00200243,0.0002625,4254.53
0,9834188,8,phononTS,0.00042178,-0.00204411,-0.00166625,-0.000262498,1094.82,0.000382,1,-0.00199905,-0.00199842,0.0002625,1218.2
0,9834188,4,phononL,0.000824532,-0.00322559,4.635e-05,0.000262498,2.03275,0.000567833,1,-0.00307695,0.000764795,-0.0002625,99.0847
0,9834188,3,phononTF,0.000740427,-0.005,-0.00171386,0.000112814,2.03275,0.000740427,1,-0.00441871,-0.00124506,-0.0002625,614.12
0,9835018,19,phononTS,0.000554416,-0.00148323,0.00182277,-0.0002625,488.638,0.000382,1,-0.00100024,0.00100119,0.0002625,1985.95
0,9836310,5,phononTS,0.000692788,-0.00315367,-0.000228425,-0.000262498,2099.43,0.000382,1,-0.00200312,4.95067e-06,0.0002625,2356.83
0,9840106,13,phononTF,0.000882332,-0.00215098,5.73293e-05,-0.000262498,2545.31,0.000382,1,-0.00200473,3.71299e-06,0.0002625,2640.66
0,9846510,13,phononTF,0.000601222,0.00124516,-0.00298948,-0.0002625,12503.4,0.000382,1,0.00200267,-0.00199972,0.0002625,13215.7
0,9847814,27,phononTF,0.000488101,-0.00199954,-0.00227251,-0.000262498,17580.6,0.000382,1,-0.00200139,-0.00200405,0.0002625,17687.2
0,9848949,12,phononTF,0.000626924,0.00239481,-7.77972e-05,-0.0002625,4788.83,0.000382,1,0.000998086,-0.00100074,0.0002625,6559.83
0,9849047,18,phononTS,0.000401479,0.00346152,-0.005,-4.17398e-05,3588.78,0.000382,1,-0.00100306,0.00100303,0.0002625,6704.57
0,9849860,5,phononTF,0.000945306,-0.0017574,0.000350387,-0.0002625,588.852,0.000382,1,0.00100364,0.00100118,0.0002625,2299.14
0,9869801,5,phononTF,0.00223519,-0.00231783,0.000280546,-0.000262498,1233.99,0.000382,1,-0.00199829,3.24485e-06,0.0002625,1351.01
0,9875212,22,phononL,0.000719253,-0.000995919,-0.000867347,-0.0002625,1612.42,0.000382,1,-0.00100104,-0.00099826,0.0002625,1928.9
0,9875727,4,phononTS,0.00127887,-0.0029539,-0.00064571,-0.0002625,339.144,0.000382,1,-0.00299783,-0.00100125,0.0002625,844.521
0,9875727,9,phononTS,0.000623741,-0.00299783,-0.00100125,0.000262498,844.521,0.000623741,1,-0.00302939,-0.000973861,-0.0002625,934.08
0,9875727,3,phononTS,0.000781424,-0.005,-0.00162065,-2.35787e-05,339.144,0.000781424,1,-0.00433718,-0.00141958,-0.0002625,1013.19
0,9875727,2,phononTF,0.00197443,-0.00282213,0.00042091,0.000262498,339.144,0.000591637,1,-0.00333106,0.000942784,-0.0002625,493.607
0,9877007,7,phononTS,0.000616739,-0.00275163,-0.00213009,-0.0002625,2033.12,0.000382,1,-0.00199655,-0.00200012,0.0002625,3579.63
0,9882556,9,phononL,0.000612413,-0.00279941,-0.00206664,-0.000262498,1990.39,0.000382,1,-0.00200393,-0.0020022,0.0002625,2092.69
0,9886099,3,phononTF,0.00447663,-0.00176598,0.0017716,-0.0002625,656.8,0.000382,1,-0.0019981,0.00200115,0.0002625,2005.93
0,9886706,8,phononL,0.000768723,-0.00293684,4.62353e-05,-0.000262498,138.031,0.000382,1,-0.00199931,3.26187e-06,0.0002625,253.341
0,9887969,16,phononTS,0.000405684,0.00200172,-1.44092e-07,0.0002625,10550.2,0.000405684,1,0.00192334,0.000781729,-0.0002625,10826.5
0,9888939,14,phononTF,0.000431427,0.000335343,-0.000346063,-0.0002625,7529.86,0.000382,1,-2.41273e-06,3.44447e-06,0.0002625,8981.16
0,9889370,3,phononTS,0.000437153,-0.00295888,-0.00102773,-0.0002625,63.704,0.000382,1,-0.00300132,-0.00100346,0.0002625,415.556
0,9889370,2,phononTS,0.00274297,-0.00334192,6.6137e-05,0.000262498,63.704,0.00141842,1,-0.00267441,0.00134553,-0.0002625,364.444
0,9891075,16,phononTS,0.0012461,-0.00298261,-0.000988516,-0.0002625,1112.95,0.000764,1,-0.00300016,-0.00100467,0.0002625,1382.27
0,9892802,2,phononTS,0.000657312,-0.00268917,0.005,-7.91529e-05,880.859,0.000382,1,2.18034e-06,0.0019978,0.0002625,3694.09
0,9893089,6,phononTS,0.000855502,-2.60559e-06,-3.47893e-06,0.000262498,701.487,0.000855502,1,5.0039e-05,-3.00539e-05,-0.0002625,795.947
0,9893089,3,phononTF,0.00354583,-0.00323806,0.000133219,0.000262498,52.3522,0.000877975,1,-0.00296813,0.000416031,-0.0002625,164.331
0,9898064,9,phononTF,0.000431696,0.00302517,-0.00488718,-0.0002625,1472.74,0.000382,1,1.75684e-06,4.63041e-06,0.0002625,6126.9
0,9902630,7,phononTS,0.00216977,-0.00298546,0.000164019,-0.000262498,186.338,0.000382,1,-0.00199992,1.30271e-06,0.0002625,413.741
0,9903551,11,phononTF,0.000821829,0.00011053,-0.00210711,-0.0002625,8148.65,0.000382,1,2.52869e-06,-0.00199769,0.0002625,8617.3
0,9907744,8,phononTF,0.000658232,-0.00189622,-0.00189326,-0.0002625,964.987,0.000382,1,-0.00199949,-0.00199773,0.0002625,1245.18
0,9908082,17,phononTS,0.000443858,-0.00416905,-0.00132841,-0.0002625,1389.66,0.000382,1,-0.00299548,-0.000999473,0.0002625,4829.97
0,9912585,9,phononTS,0.00111513,-0.00199806,4.17777e-06,0.0002625,287.79,0.00111513,1,-0.00144596,2.96557e-05,-0.0002625,860.137
0,9914219,10,phononTS,0.000596444,0.000991905,-0.000830617,-0.000262498,8235.3,0.000382,1,0.00100228,-0.000995424,0.0002625,8339.87
0,9914219,3,phononL,0.00706912,-0.00300212,-0.000449136,-0.000126658,54.0633,0.00298127,1,-0.00300785,-0.000300734,-0.0002625,216.725
0,9915845,14,phononTF,0.000503678,0.00133031,-0.005,0.000225356,1949.7,0.000503678,1,0.00124303,-0.00490905,-0.0002625,2386.05
0,9921409,7,phononTF,0.00067625,-0.000238133,0.00174689,-0.0002625,148.717,0.000382,1,4.21065e-06,0.00199819,0.0002625,1723.03
0,9921482,21,phononTF,0.0003958,-0.00142865,0.00259283,-0.000262498,12119.7,0.000382,1,-0.000997359,0.00300001,0.0002625,12256.3
0,9923147,9,phononTS,0.000468838,-0.00380649,0.00337047,-0.0002625,2411.48,0.000382,1,-0.00200295,0.00199691,0.0002625,4549.34
0,9923147,4,phononTF,0.00253718,-0.00297813,0.000674996,8.43408e-05,571.769,0.000271058,1,-0.00232229,6.19605e-05,-0.0002625,737.574
0,9927944,11,phononTS,0.0006234,-0.00126166,-0.000172554,-0.000262498,591.159,0.000382,1,-0.00200202,1.41637e-06,0.0002625,781.635
0,9931450,12,phononTF,0.000406155,0.000197373,0.00178776,-0.0002625,10715.9,0.000382,1,-2.53266e-06,0.00199533,0.0002625,11211.4
0,9931450,4,phononTS,0.00104393,-0.00323448,8.67745e-05,0.000262498,34.3714,0.000646789,1,-0.00420323,0.000478791,-0.0002625,266.915
0,9932446,16,phononTS,0.000684831,-0.00400947,-0.000274209,-0.000262498,1225.83,0.000382,1,-0.00199655,-0.00199943,0.0002625,1720.99
0,9938904,14,phononTS,0.00101266,-0.000794056,-0.000956349,-0.000262498,783.906,0.000382,1,-0.00100348,-0.00100155,0.0002625,892.872
0,9939887,18,phononTS,0.000840352,-2.13563e-06,0.00200188,0.000262498,2454.12,0.000329984,1,0.000965933,0.0034026,-0.0002625,2807.26
0,9945065,12,phononTF,0.00063881,0.00139478,-0.000616666,-0.0002625,752.468,0.000382,1,0.00100022,-0.000996048,0.0002625,6089.42
0,9946440,6,phononTF,0.00127275,-0.00352919,0.000267444,-0.000262498,92.0022,0.000382,1,-0.00299526,-0.000996965,0.0002625,360.814
0,9947665,6,phononTS,0.000480942,-0.000203956,-0.00163084,-0.0002625,484.579,0.000382,1,-4.54252e-06,-0.00200025,0.0002625,3348.07
0,9948465,16,phononTS,0.000615914,-0.000668002,-0.0011481,-0.0002625,2851.62,0.000382,1,3.41876e-06,-0.00200382,0.0002625,3598.91
0,9950072,12,phononTF,0.000498181,0.00221724,0.00176318,-0.0002625,5677.22,0.000382,1,0.0019959,0.0019957,0.0002625,6629.13
0,9955698,23,phononTS,0.000461478,0.00140748,-0.00188792,-0.0002625,6226.8,0.000382,1,0.0020032,-0.00200437,0.0002625,6725.29
0,9958387,9,phononTS,0.000627536,0.000264234,-0.000939914,-0.0002625,5679.4,0.000382,1,0.00100443,-0.00100148,0.0002625,6220.95
0,9958387,5,phononTS,0.000715231,-0.00328497,-6.77449e-05,0.000262498,46.8441,0.000112951,1,-0.00342597,-9.14895e-05,-0.0002625,151.867
0,9959924,18,phononTS,0.000540423,0.00199866,0.00200466,0.000262498,11131.4,0.000540423,1,0.00200693,0.00152018,-0.0002625,11275.1
0,9966343,11,phononTF,0.00138711,-1.0627e-06,-0.00199941,0.0002625,2974.83,0.000808636,1,-0.00120267,-0.00319793,-0.0002625,3583.08
0,9968882,15,phononTF,0.000591187,0.000931208,0.000933148,-0.000262498,7418.53,0.000382,1,0.000999128,0.000998651,0.0002625,7509.9
0,9972134,17,phononTS,0.000532556,0.000604182,-0.00359366,-0.0002625,3380.58,0.000382,1,0.00100488,-0.00299578,0.0002625,4679.82
0,9972205,23,phononTF,0.000498246,-0.00072966,0.00325578,-0.0002625,2639.22,0.000382,1,-0.000997156,0.00300041,0.0002625,3407.5
0,9973056,7,phononTS,0.00055725,-0.00378941,-0.00109169,-0.0002625,772.827,0.000382,1,-0.00299648,-0.000997756,0.0002625,1454.45
0,9982975,14,phononTF,0.000602709,-0.00036526,0.00168884,-0.0002625,906.913,0.000382,1,-8.7778e-07,0.00199782,0.0002625,1772.39
0,9985005,9,phononTF,0.000438636,0.000108245,0.00462803,-0.0002625,9686.49,0.000382,1,-0.00100489,-0.00100202,0.0002625,15400
0,9986750,13,phononTF,0.000999651,0.00370064,0.000546536,-0.0002625,4130.74,0.000382,1,0.00300025,0.00099681,0.0002625,5532.94
0,9987169,4,phononTS,0.000787115,-0.00298263,-0.00100851,-0.0002625,759.572,0.000382,1,-0.00299634,-0.00100471,0.0002625,1259.97
0,9988087,8,phononTS,0.00107201,-0.000568704,0.00222442,-0.000262498,802.955,0.000382,1,0.000999582,0.00100349,0.0002625,1205.56
0,9988149,9,phononTS,0.000518658,-0.00197438,0.00198962,-0.000262498,603.703,0.000382,1,-0.00200099,0.0020028,0.0002625,696.148
0,9994597,15,phononTS,0.000419096,-0.00214069,-0.00190049,-0.0002625,535.347,0.000382,1,-0.00200469,-0.00199543,0.0002625,999.644
0,9994597,14,phononTS,0.000476295,-0.00224647,-0.00103433,0.000262498,535.347,0.000476295,1,-0.00225879,-0.00168497,-0.0002625,701.124
0,9997243,15,phononTS,0.000804885,-1.16891e-06,-0.00200227,0.000262498,651.465,0.00013627,1,0.00124901,-0.00376712,-0.0002625,1073.22
0,9999221,14,phononTS,0.000439923,-0.00247629,-0.0019511,-0.0002625,4331.31,0.000382,1,-0.00199733,-0.00200128,0.0002625,5161.2
