Run ID,Event ID,Track ID,Particle Name,Start Energy [eV],Start X [m],Start Y [m],Start Z [m],Start Time [ns],Energy Deposited [eV],Track Weight,End X [m],End Y [m],End Z [m],Final Time [ns]
0,4752,11,phononTS,0.000764012,0.000999758,-0.00100173,0.000262498,597.873,0.000764012,1,0.000981177,-0.00103164,-0.0002625,687.853
0,4752,3,phononTF,0.00314198,6.43336e-05,0.000597676,0.000262498,30.9439,0.00314198,1,0.000208257,0.000449441,-0.0002625,127.522
0,6476,16,phononTF,0.000501785,-0.000954415,0.000278689,-0.0002625,323.489,0.000382,1,-0.00199723,-2.88305e-06,0.0002625,777.88
0,7410,8,phononTS,0.000958858,5.42178e-05,0.00141772,-0.0002625,2389.1,0.000382,1,1.14396e-06,0.00199841,0.0002625,2703.02
0,13690,5,phononTS,0.000923838,0.000823145,-0.000102904,-0.0002625,340.174,0.000382,1,0.000998444,-0.000997253,0.0002625,767.771
0,17090,20,phononTS,0.000823782,-0.000750823,0.005,-0.000228056,234.54,0.000382,1,0.00199661,0.00200213,0.0002625,3476.14
0,21364,8,phononTS,0.000729033,0.000455761,0.000249918,-0.0002625,169.031,0.000382,1,0.000996058,-0.00100297,0.0002625,671.877
0,26767,8,phononTS,0.000794342,1.05028e-05,-5.68493e-05,-0.0002625,865.519,0.000382,1,-2.30241e-06,-2.22085e-06,0.0002625,1045.55
0,42503,17,phononTS,0.000531122,0.000998953,0.0010041,0.0002625,662.542,0.000531122,1,0.00101797,0.000205337,-0.0002625,999.865
0,42503,14,phononTS,0.00142285,0.000857342,0.000496646,0.000262498,391.34,0.000778431,1,0.0011548,0.000456126,-0.0002625,510.519
0,49887,2,phononTS,0.00210154,5.68942e-05,0.00132678,-0.0002625,27.3828,0.000382,1,-4.60542e-06,0.00200389,0.0002625,369.326
0,49887,18,phononTS,0.000583562,-4.60542e-06,0.00200389,0.000262498,369.326,0.000583562,1,0.000457392,0.00204877,-0.0002625,509.745
0,50594,12,phononTS,0.00151225,0.000809501,0.00197268,-0.0002625,1048.67,0.000382,1,4.37054e-06,0.00200447,0.0002625,1485.8
0,51494,4,phononTS,0.000747726,0.000608039,0.000895741,-0.0002625,82.4741,0.000382,1,0.00100211,0.00100043,0.0002625,359.098
0,53291,6,phononTS,0.000610523,-3.12103e-05,0.00107621,-0.0002625,1117.98,0.000382,1,4.4319e-06,0.00200073,0.0002625,1522.27
0,54048,3,phononTS,0.00137868,6.08039e-05,0.00131455,-0.0002625,6.24945,0.000764,1,2.71112e-06,0.00199884,0.0002625,350.502
0,54048,2,phononL,0.00100547,0.000118896,0.000630269,0.000262498,6.24945,0.000734329,1,0.000316072,0.000776374,-0.0002625,72.2365
0,67181,8,phononL,0.000540439,0.00200485,2.13085e-06,0.000262498,978.206,0.000540439,1,0.00201717,0.000306607,-0.0002625,1046.21
0,67882,13,phononTF,0.000382616,-0.00199834,-2.67441e-06,0.000262498,3079.63,0.000382616,1,-0.00173076,-0.000272628,-0.0002625,3190.59
0,67882,6,phononTF,0.000875969,6.48054e-05,0.00064156,0.000262498,10.802,0.00066116,1,0.000150295,0.000579925,-0.0002625,102.782
0,71200,7,phononTF,0.000690175,-0.00100147,0.00099686,0.000262498,740.032,0.000690175,1,-0.000334491,0.00146633,-0.0002625,912.782
0,88159,7,phononTS,0.0010873,-2.18717e-05,0.000869378,-0.0002625,10.4849,0.000382,1,-0.000995979,0.000996228,0.0002625,360.297
0,88159,15,phononTS,0.000537597,-0.000995979,0.000996228,0.000262498,360.297,0.000537597,1,-0.000776279,0.000996743,-0.0002625,472.083
0,90754,15,phononTS,0.000386353,-4.86448e-06,-0.00200122,0.000262498,758.984,0.000386353,1,-6.7314e-05,-0.00209816,-0.0002625,862.636
0,92305,2,phononTF,0.00057278,-0.000746255,0.000738063,-0.000262498,837.375,0.000382,1,-0.00100013,0.000998548,0.0002625,946.763
0,93055,18,phononTF,0.000985072,4.74677e-06,-0.00199676,0.000262498,844.982,0.000985072,1,5.31172e-05,-0.00204762,-0.0002625,935.656
0,94621,13,phononTS,0.000626421,0.00200329,-1.53807e-07,0.000262498,600.773,0.00054135,1,0.00225513,4.47654e-05,-0.0002625,714.495
0,107154,19,phononTF,0.000498475,-3.46783e-06,-0.00199754,0.000262498,1912.88,0.000498475,1,0.000176743,0.00154376,-0.0002625,2554.81
0,111028,21,phononTF,0.0006092,0.000283028,-0.000291394,-0.000262498,229.884,0.000382,1,1.65467e-06,2.47364e-06,0.0002625,343.522
0,121214,16,phononTS,0.000496016,0.0029976,0.00100388,0.0002625,1160.04,0.000496016,1,0.0040564,-0.00106727,-0.0002625,2080.88
0,121624,8,phononTF,0.000529499,-0.000567397,0.00141763,-0.000262498,406.473,0.000382,1,2.63608e-06,0.00200445,0.0002625,572.796
0,122654,8,phononTF,0.000413825,1.45791e-06,-4.41656e-06,0.0002625,131.004,0.000413825,1,0.000270914,-0.000270235,-0.0002625,352.861
0,132647,12,phononTS,0.000384598,-2.83157e-06,-1.4738e-06,0.000262498,320.036,0.000384598,1,4.23382e-05,5.44198e-05,-0.0002625,414.566
0,132804,14,phononTF,0.000681209,3.46484e-06,-2.24277e-06,0.000262498,473.977,0.000681209,1,0.000326034,-0.000290455,-0.0002625,591.769
0,132804,2,phononTS,0.00219049,0.000361252,0.000385406,0.000262498,230.572,0.00164954,1,0.00053935,0.0004318,-0.0002625,336.187
0,134109,3,phononTF,0.00431445,0.000122561,0.000105991,-0.0002625,319.157,0.001528,1,-2.45435e-06,4.3474e-06,0.0002625,515.663
0,134350,8,phononTS,0.000498984,-3.5075e-06,-6.4363e-05,-0.0002625,1486.77,0.000382,1,-1.33804e-06,-9.62677e-07,0.0002625,1778.56
0,134350,6,phononTF,0.000559604,0.000607585,0.00130505,0.000262498,1150.41,0.000559604,1,0.000269077,0.00165542,-0.0002625,1273.65
0,134350,5,phononTS,0.000654233,0.000607585,0.00130505,0.000262498,1150.41,0.000306957,1,0.000331871,0.0023023,-0.0002625,1383.41
0,135069,13,phononL,0.000493338,-0.00200182,0.00199585,0.0002625,426.752,0.000493338,1,-0.00278518,0.00197891,-0.0002625,628.496
0,143230,12,phononTS,0.000720423,0.00100012,0.00100183,0.0002625,376.35,0.000720423,1,0.00096483,0.000923057,-0.0002625,677.503
0,146024,7,phononL,0.000531408,-0.000790713,0.00238741,-0.0002625,121.748,0.000382,1,-0.000999772,0.00299696,0.0002625,571.487
0,146024,5,phononTS,0.000423877,0.00018717,0.000598577,0.000262498,30.626,0.000423877,1,0.000218308,0.000557453,-0.0002625,120.237
0,146024,4,phononTS,0.00142719,0.00018717,0.000598577,0.000262498,30.626,0.00045228,1,-0.000416387,-0.000914262,-0.0002625,368.763
0,146529,7,phononTS,0.000517169,-0.0029649,-0.00035844,-0.0002625,838.243,0.000382,1,-0.00300156,-0.000996279,0.0002625,1165.47
0,148884,14,phononTS,0.000618113,-1.39528e-06,-4.15583e-06,0.000262498,3160.39,0.000618113,1,-0.00151573,-0.000548822,-0.0002625,3494.77
0,155481,20,phononTS,0.000598447,0.000400751,0.000868024,-0.0002625,1228.37,0.000382,1,4.09856e-06,-2.69673e-06,0.0002625,1678.91
0,155481,2,phononTS,0.00267788,0.000112392,0.000636124,0.000262498,25.7917,0.00186005,1,8.03014e-05,0.000708021,-0.0002625,122.113
0,158422,14,phononTS,0.000521591,0.00197164,4.49472e-05,-0.0002625,845.062,0.000382,1,0.00200245,-9.90701e-08,0.0002625,1030.77
0,163945,2,phononTS,0.00163883,-0.00147136,-0.000238093,-0.0002625,73.4042,0.000382,1,-0.00300326,-0.00100289,0.0002625,782.626
0,163945,13,phononTS,0.000695161,-0.00300326,-0.00100289,0.000262498,782.626,0.000695161,1,-0.00321143,-0.000179491,-0.0002625,982.788
0,174793,7,phononTS,0.000595493,-0.00184115,0.000314062,-0.0002625,572.767,0.000382,1,-0.00199714,2.10949e-06,0.0002625,969.093
0,180116,10,phononTS,0.000518833,0.000991067,-0.00102671,-0.0002625,535.584,0.000382,1,0.000998746,-0.0010007,0.0002625,719.873
0,180821,4,phononTF,0.000914728,0.000166128,0.0016476,-0.0002625,439.492,0.000382,1,4.40202e-06,0.00199793,0.0002625,675.735
0,181475,8,phononTS,0.000420199,-0.00174067,-0.000940566,-0.0002625,494.28,0.000382,1,-0.00199571,-0.00200075,0.0002625,1226.57
0,181475,7,phononTS,0.000822372,-0.00383017,0.005,1.5884e-06,494.28,0.000822372,1,-0.00429799,0.00429994,-0.0002625,1505.11
0,184113,8,phononTS,0.000501781,4.65543e-05,0.000537042,-0.000262498,104.922,0.000382,1,8.81686e-07,-2.10011e-06,0.0002625,256.007
0,185547,16,phononTS,0.000493287,0.000775031,0.00339576,-0.0002625,888.807,0.000382,1,0.00199818,0.00199512,0.0002625,1650.15
0,185547,2,phononTS,0.000399072,0.000138354,0.000620376,0.000262498,8.91308,0.000399072,1,-0.000676188,0.000782205,-0.0002625,209.776
0,188741,18,phononTF,0.00101864,0.00012601,0.000154367,-0.0002625,342.451,0.000382,1,-1.19018e-06,3.19081e-06,0.0002625,535.65
0,188741,19,phononTF,0.000539649,-1.19018e-06,3.19081e-06,0.000262498,535.65,0.000539649,1,-0.000450079,0.000439185,-0.0002625,675.428
0,198338,23,phononTS,0.000501109,-2.36791e-06,0.000528368,-0.0002625,964.522,0.000382,1,-0.00100146,0.00100374,0.0002625,1307.44
0,198338,7,phononL,0.00136541,0.000527212,0.000528485,0.000262498,730.382,0.000879035,1,-0.000669377,7.81565e-05,-0.0002625,884.044
0,200812,2,phononTF,0.000612664,0.000594219,0.00139419,-0.0002625,216.672,0.000382,1,0.000998071,0.00100412,0.0002625,467.873
0,205931,1,phononTS,0.01,-7.7906e-06,8.27468e-05,0.000205301,0,0.00191,1,-2.17096e-06,-1.44349e-06,0.0002625,302.076
0,205931,5,phononTS,0.00140511,-2.17096e-06,-1.44349e-06,0.000262498,302.076,0.000805297,1,0.00067943,-0.00166904,-0.0002625,670.068
0,239165,7,phononL,0.00127221,0.000565267,0.000809479,-0.0002625,40.8734,0.000764,1,0.00100273,0.00100069,0.0002625,195.62
0,241710,9,phononTS,0.000393738,-0.000129058,-4.39599e-05,-0.0002625,265.96,0.000382,1,-4.06465e-06,-3.39529e-06,0.0002625,644.398
0,243803,13,phononTF,0.00045571,-0.00210848,-0.000111833,-0.0002625,1035.8,0.000382,1,-0.00200445,-2.48549e-06,0.0002625,1222.81
0,249983,2,phononTS,0.00556972,0.00100031,0.00101691,0.000254556,158.773,0.001146,1,0.0010019,0.000999632,0.0002625,288.76
0,253684,8,phononTF,0.000474116,0.000624173,0.000608311,-0.0002625,302.234,0.000382,1,0.00100181,0.0010012,0.0002625,561.124
0,253684,6,phononTF,0.000589126,3.90147e-05,0.000715584,0.000262498,59.6647,0.000589126,1,0.00278728,0.00158687,-0.0002625,583.179
0,253684,5,phononL,0.00250302,3.90147e-05,0.000715584,0.000262498,59.6647,0.00250302,1,0.00106025,0.000550387,-0.0002625,185.022
0,253684,4,phononTF,0.000471146,3.90147e-05,0.000715584,0.000262498,59.6647,0.000471146,1,-8.31512e-05,0.000772454,-0.0002625,153.473
0,256826,14,phononL,0.00043491,-3.1712e-06,-4.08682e-06,0.000262498,1229.85,0.00043491,1,-0.000152775,-0.000320846,-0.0002625,1299.94
0,259020,2,phononTF,0.000653487,0.000734265,0.000177964,-0.000262498,792.442,0.000382,1,0.000998074,-0.00299508,0.0002625,1372.88
0,260405,9,phononTS,0.000423924,-1.25112e-06,0.00199806,0.000262498,712.149,0.000423924,1,-0.000842692,0.00198649,-0.0002625,910.464
0,260405,6,phononTF,0.000386662,0.000232886,0.000388584,0.000262498,337.429,0.000386662,1,-4.9231e-05,0.00066892,-0.0002625,450.184
0,263796,4,phononTF,0.000434751,-0.00100398,0.000998452,0.000262498,1910.63,0.000434751,1,-0.000691277,0.000698607,-0.0002625,2027.09
0,265380,4,phononL,0.002828,-0.000335264,-0.005,-0.000165013,56.4082,0.000764,1,0.00100054,-0.00299751,0.0002625,963.563
0,265380,9,phononTF,0.00154512,0.00100054,-0.00299751,0.000262498,963.563,0.00132601,1,0.00144182,-0.00353333,-0.0002625,1115.98
0,265792,6,phononTF,0.00139838,0.00104967,0.000311303,-0.0002625,3.05347,0.000382,1,0.00199563,-4.2334e-06,0.0002625,427.025
0,265792,7,phononTS,0.000788774,0.00199563,-4.2334e-06,0.000262498,427.025,0.000788774,1,0.00193499,0.000229168,-0.0002625,543.595
0,266967,2,phononTS,0.00112127,2.45866e-06,1.82972e-06,0.0002625,161.105,0.000898067,1,-3.15996e-05,-0.000914917,-0.0002625,583.166
0,270683,12,phononL,0.000474443,-0.005,0.00088002,-0.000221055,766.686,0.000474443,1,-0.00492646,0.000835377,-0.0002625,1342.72
0,271096,14,phononTS,0.000527801,0.000340979,0.000237367,-0.000262498,173.098,0.000382,1,0.00100063,-0.00100458,0.0002625,474.435
0,271096,2,phononTS,0.00191505,6.20106e-05,0.000667426,0.000262498,41.6922,0.000713029,1,-0.000191456,0.00082084,-0.0002625,167.169
0,271298,1,phononTF,0.01,-3.93592e-05,-3.54708e-05,0.000230664,0,0.002674,1,-2.43708e-06,1.12718e-06,0.0002625,354.251
0,274576,6,phononTS,0.00110993,-0.00117181,0.00164387,-0.0002625,197.663,0.000764,1,-0.00200211,0.00200263,0.0002625,955.542
0,286957,11,phononTF,0.000608908,0.000749412,0.000766386,-0.000262498,506.773,0.000382,1,0.000995349,0.00100084,0.0002625,613.766
0,291020,16,phononTS,0.000742293,0.00100191,0.001005,0.000262498,859.977,0.000742293,1,0.000997664,0.000963794,-0.0002625,951.318
0,297554,4,phononTS,0.00364932,0.0020017,0.00200051,0.000262498,621.72,0.00269647,1,0.00391571,0.0022016,-0.0002625,1042.02
0,297554,2,phononTS,0.00635068,-3.426e-05,0.0012934,4.21075e-05,225.854,0.00581538,1,-0.000738322,0.001056,-0.0002625,792.811
0,297781,9,phononTS,0.000579947,-0.000632576,0.000676293,-0.0002625,657.566,0.000382,1,-0.00100044,0.000997194,0.0002625,964.233
0,299555,11,phononL,0.000409106,0.00100336,0.00100307,0.000262498,1028.84,0.000409106,1,0.000305128,0.00102396,-0.0002625,1122.31
0,300373,2,phononTF,0.00425703,0.000139209,-0.000224284,-0.0002625,28.8895,0.001528,1,-2.17412e-06,1.06222e-06,0.0002625,537.977
0,300373,11,phononTS,0.00108011,-2.17412e-06,1.06222e-06,0.000262498,537.977,0.000326862,1,-4.90648e-05,-2.53453e-05,-0.0002625,627.492
0,310256,4,phononTF,0.00041627,-0.000410147,0.000309797,-0.000262498,354.511,0.000382,1,-1.99587e-06,-1.0286e-06,0.0002625,483.883
0,320952,10,phononTS,0.000402634,0.001005,0.00099735,0.0002625,396.229,0.000402634,1,0.0010548,0.000946535,-0.0002625,678.249
0,332543,12,phononTS,0.000612499,7.72525e-05,0.00192575,-0.0002625,742.143,0.000382,1,4.62809e-06,0.00200311,0.0002625,934.483
0,332675,3,phononTS,0.000441058,0.000107373,7.88957e-05,-0.0002625,363.861,0.000382,1,-3.80771e-06,-3.89532e-07,0.0002625,667.505
0,332675,2,phononTS,0.000417531,0.000256637,0.000876371,0.000262498,363.861,0.000417531,1,7.47642e-05,0.000846722,-0.0002625,473.184
0,335077,19,phononTS,0.000459632,-0.000405021,0.00113571,-0.0002625,491.526,0.000382,1,-0.000999192,0.000995833,0.0002625,826.192
0,347246,4,phononTF,0.000427858,4.46918e-05,-2.17797e-05,-0.000262498,1703.71,0.000382,1,0.00100486,-0.00099947,0.0002625,1954.87
0,348555,4,phononTF,0.00113052,0.000307586,0.000252446,-0.0002625,776.322,0.000764,1,3.1303e-06,9.02094e-08,0.0002625,1005.15
0,367057,5,phononTS,0.0018605,0.000999845,0.00100175,0.0002625,54.8397,0.00128509,1,0.00132905,0.00120362,-0.0002625,468.381
0,368497,19,phononTF,0.00060694,0.00100097,0.000995232,0.000262498,590.566,0.00060694,1,0.000920793,0.000907958,-0.0002625,682.826
0,368497,2,phononTF,0.000918832,0.00011073,0.00062233,0.000262498,41.4195,0.000561298,1,0.000698456,4.57225e-05,-0.0002625,208.625
0,371117,7,phononTF,0.00174351,-0.000169609,0.000350852,-0.0002625,147.788,0.000382,1,-4.90951e-06,-4.0983e-07,0.0002625,384.369
0,371117,12,phononTS,0.000952344,-4.90951e-06,-4.0983e-07,0.000262498,384.369,0.000555552,1,2.82476e-05,-0.000306298,-0.0002625,504.657
0,382538,23,phononTS,0.000961276,0.00112593,-0.00222684,-0.0002625,2083.69,0.000382,1,1.33572e-07,-0.00200005,0.0002625,2589.78
0,387884,16,phononTF,0.000505907,0.00121919,-0.000796043,-0.0002625,581.605,0.000382,1,0.00100394,-0.00100308,0.0002625,995.082
0,394138,1,phononTS,0.01,1.45867e-05,2.57869e-05,0.000245739,0,0.000764,1,4.01353e-06,8.15331e-07,0.0002625,364.813
0,396943,14,phononTF,0.000899264,0.000234216,0.00138105,-0.0002625,1343.39,0.000382,1,0.00100104,0.00100025,0.0002625,1663.61
0,404994,3,phononTF,0.00168149,3.45834e-06,6.40456e-07,0.0002625,470.172,0.000496827,1,0.000332557,-0.000401707,-0.0002625,858.475
0,405024,7,phononTF,0.000469021,-0.00124445,0.000745683,-0.000262498,799.954,0.000382,1,-0.000996325,0.000996735,0.0002625,908.388
0,412747,14,phononTS,0.000468528,0.000999456,0.00100248,0.0002625,653.452,0.000468528,1,0.00184542,0.00134928,-0.0002625,1306.83
0,422842,10,phononTS,0.00043376,0.00100063,0.000997926,0.0002625,670.229,0.00043376,1,0.000995595,0.000942387,-0.0002625,851.017
0,422842,2,phononTS,0.000705416,0.000189893,0.000652396,0.000262498,35.4947,0.000705416,1,0.000222209,0.000431598,-0.0002625,149.026
0,438796,8,phononTS,0.000386104,0.000463346,1.45839e-05,-0.000262498,340.136,0.000382,1,-0.00199825,0.00200087,0.0002625,947.875
0,447625,12,phononTS,0.000586777,5.75275e-05,0.000598062,-0.000262498,97.1924,0.000382,1,-1.48353e-06,4.96888e-06,0.0002625,255.832
0,452031,14,phononTS,0.000581135,2.13468e-06,0.00200495,0.000262499,647.875,0.000581135,1,-0.000437165,0.00290175,-0.0002625,880.388
0,452031,9,phononTS,0.000422507,-8.80018e-06,0.00118545,0.000262498,380.627,0.000422507,1,-3.96104e-05,0.00122413,-0.0002625,470.061
0,452031,8,phononL,0.00145627,-8.80018e-06,0.00118545,0.000262498,380.627,0.000525496,1,-9.31267e-06,0.000731143,-0.0002625,456.072
0,471738,9,phononTS,0.00110942,0.000259805,0.000397052,-0.0002625,348.338,0.000382,1,1.58175e-06,8.18501e-07,0.0002625,712.318
0,472239,13,phononTS,0.000382084,-0.000625595,0.00257289,-0.0002625,618.725,0.000382,1,-0.00100155,0.00300455,0.0002625,950.923
0,475619,9,phononTF,0.000946492,0.00100054,0.00099706,0.0002625,723.933,0.000653976,1,0.00133528,0.00106845,-0.0002625,1069.41
0,491475,10,phononTF,0.000540325,-0.0010016,0.000995052,0.000262498,332.435,0.000540325,1,-0.00080187,0.000786174,-0.0002625,434.988
0,491475,2,phononTF,0.000450732,0.000120838,0.000626116,0.000262498,3.20172,0.000450732,1,0.000497397,0.000264104,-0.0002625,129.897
0,495698,6,phononTF,0.000802456,5.4737e-05,0.000292824,-0.000262498,320.502,0.000382,1,-3.77533e-06,-0.00200237,0.0002625,752.331
0,498066,4,phononTS,0.00304745,0.00077197,0.000959483,-0.0002625,65.6229,0.000764,1,0.000999671,0.00100471,0.0002625,509.545
0,508617,18,phononTS,0.000420984,-0.000472371,0.000899901,-0.0002625,274.031,0.000382,1,-0.000995349,0.000998068,0.0002625,583.944
0,511625,9,phononTF,0.000626189,-0.00100224,0.00299891,0.000262498,2713.82,0.000626189,1,-0.0023446,0.00193762,-0.0002625,3025.74
0,512575,11,phononTS,0.000921932,0.000998626,0.000975414,-0.0002625,562.978,0.000382,1,0.000996279,0.00100269,0.0002625,744.618
0,516146,21,phononTF,0.000767513,-0.00100206,-0.000994634,0.000246156,1963.61,0.000382,1,-0.000997743,-0.0010011,0.0002625,1980.49
0,516147,1,phononTS,0.01,0.000245707,0.00106417,-0.000256456,0,0.00727502,1,0.000238811,0.00105756,-0.0002625,437.109
0,525807,11,phononTS,0.000424269,0.00100209,0.000999577,0.000262498,1978.23,0.000424269,1,0.00102643,0.000974881,-0.0002625,2070.7
0,527496,6,phononTS,0.00226339,-0.00035188,0.000936851,-0.0002625,490.968,0.000764,1,-0.00099995,0.000999614,0.0002625,824.228
0,527496,7,phononTS,0.000834892,-0.00099995,0.000999614,0.000262498,824.228,0.000772345,1,-0.000982288,0.000944591,-0.0002625,915.944
0,527496,5,phononTF,0.00235342,0.000296188,0.000874089,0.000262498,490.968,0.00181409,1,0.000575462,0.00058448,-0.0002625,604.154
0,529117,3,phononL,0.000500252,-0.000397536,0.00133376,-0.0002625,83.8153,0.000382,1,-4.561e-06,0.0019971,0.0002625,280.543
0,542682,7,phononTF,0.00119441,0.00052318,0.000341517,-0.000262498,304.157,0.000382,1,0.000995571,0.000997342,0.0002625,475.391
0,549104,18,phononTF,0.000501362,-0.000326465,0.00168737,-0.000262498,239.487,0.000382,1,9.29536e-07,0.0020045,0.0002625,359.083
0,552084,3,phononTS,0.00622041,0.000974921,0.00103224,-0.000112687,196.794,0.00191,1,0.0010038,0.00100151,0.0002625,554.968
0,554411,3,phononTS,0.000385704,-0.000855871,0.000272867,-0.0002625,460.801,0.000382,1,-0.00200029,2.72613e-06,0.0002625,987.69
0,557653,17,phononTF,0.000446769,-0.00100258,0.000995337,0.0002625,1127.15,0.000446769,1,-0.00153943,0.00151953,-0.0002625,1440.59
0,565276,14,phononTF,0.00045397,0.00175973,0.005,-0.000117463,357.451,0.00045397,1,0.0017436,0.00493131,-0.0002625,1124.53
0,566384,7,phononTS,0.000455942,0.00199625,-0.00200201,0.0002625,573.038,0.000455942,1,0.0010275,-0.00306476,-0.0002625,1004.23
0,568609,23,phononTS,0.000443711,0.002003,0.00200405,0.000262498,3464.83,0.000443711,1,0.00195468,0.00199934,-0.0002625,3555.87
0,577705,6,phononTS,0.00047326,-0.0010024,0.000996094,0.000262498,918.261,0.00047326,1,-0.00234867,0.00148466,-0.0002625,1222.14
0,581546,8,phononTF,0.000955493,-2.63414e-06,-4.21521e-06,0.0002625,46.0715,0.000451999,1,-0.000415245,-0.000433119,-0.0002625,411.433
0,589777,2,phononTS,0.000440339,0.00114232,-0.000723301,-0.0002625,102.922,0.000382,1,0.00199596,-0.00200251,0.0002625,752.41
0,599363,11,phononTS,0.000532856,0.00100167,0.000997276,0.000262498,805.994,0.000532856,1,0.00107223,9.50822e-05,-0.0002625,1016.07
0,599363,5,phononTS,0.000385564,-0.00032522,0.000939457,0.000262498,462.491,0.000385564,1,6.34699e-05,0.000961818,-0.0002625,593.302
0,599363,4,phononTS,0.00113432,-0.00032522,0.000939457,0.000262498,462.491,0.000560612,1,0.000433291,0.000782101,-0.0002625,643.825
0,605457,19,phononTS,0.000398402,-1.40847e-06,2.59498e-08,0.000262498,987.181,0.000398402,1,0.00423323,0.000328369,-0.0002625,1899.18
0,605457,5,phononTF,0.00110963,1.76702e-05,0.000672098,0.000262498,57.6386,0.000503104,1,-0.000179011,0.000484796,-0.0002625,159.2
0,606949,7,phononTS,0.0003902,1.46906e-05,0.00035196,-0.0002625,52.5165,0.000382,1,3.11216e-06,-3.54525e-06,0.0002625,305.7
0,606949,6,phononTS,0.00110431,2.6269e-05,0.000707463,0.000262498,52.5165,0.00110431,1,0.000584017,0.00217642,-0.0002625,380.514
0,612607,6,phononTS,0.00152263,0.000377509,0.000102548,-0.0002625,712.155,0.000382,1,0.00100172,-0.000999638,0.0002625,1268.08
0,621904,5,phononL,0.000889724,-0.000478669,0.000870611,-0.0002625,69.3863,0.000382,1,-0.00100207,0.000999437,0.0002625,232.003
0,622647,13,phononL,0.000628906,-0.000137058,0.00158799,-0.0002625,620.697,0.000382,1,-3.15242e-06,0.00199989,0.0002625,901.294
0,625835,4,phononTF,0.00289827,-0.000315207,0.00169056,-0.0002625,17.7312,0.000382,1,-1.75314e-07,0.00200217,0.0002625,511.489
0,631589,2,phononTF,0.000483006,0.00152806,0.00152016,-0.0002625,78.8654,0.000382,1,0.00200124,0.00199814,0.0002625,468.343
0,631590,1,phononTS,0.01,-0.000419723,0.000821897,-0.000204802,0,0.00318061,1,-0.000420881,0.000839582,-0.0002625,487.172
0,631630,17,phononTF,0.000389056,2.40164e-06,2.84352e-06,0.000262498,281.447,0.000389056,1,-0.000331004,0.000463402,-0.0002625,418.774
0,633225,6,phononTS,0.000655419,0.00200398,-1.46726e-05,-0.000262498,648.057,0.000382,1,0.0020027,-2.88029e-07,0.0002625,740.378
0,634084,12,phononL,0.00130773,-0.000603321,0.000236238,-0.0002625,574.058,0.000764,1,-1.19473e-06,-2.64306e-06,0.0002625,754.993
0,634084,11,phononTF,0.000988676,-0.00120544,0.000475118,0.000262498,574.058,0.000988676,1,0.000812414,-0.005,1.6218e-05,1583.5
0,634188,5,phononTF,0.000709854,0.000824587,0.000864888,-0.0002625,149.32,0.000382,1,0.00100161,0.000996191,0.0002625,543.793
0,634188,4,phononTF,0.0022701,0.000293523,0.00047098,0.000262498,149.32,0.00150819,1,0.000495428,0.000274567,-0.0002625,251.35
0,634757,2,phononTF,0.00133957,-0.000714613,-0.000642605,-0.0002625,68.4852,0.000382,1,-0.00100453,-0.00100033,0.0002625,568.11
0,635137,4,phononTS,0.00304258,1.88041e-05,0.000313838,-0.0002625,15.7856,0.001528,1,-2.08028e-06,3.19572e-06,0.0002625,258.65
0,635246,14,phononTS,0.00066425,-0.000898863,-0.000297221,-0.0002625,935.984,0.000382,1,-0.00100294,-0.00100185,0.0002625,1298.6
0,637228,4,phononTS,0.00329536,0.00104454,0.00082219,-0.000223166,82.9825,0.001528,1,0.00100217,0.00100443,0.0002625,295.087
0,637228,5,phononTF,0.000424089,0.00100217,0.00100443,0.000262499,295.087,0.000424089,1,0.000939931,0.00107391,-0.0002625,386.466
0,640716,3,phononL,0.00506811,-0.000423905,0.00195282,-0.0002625,28.0125,0.001146,1,-3.91674e-07,0.00199903,0.0002625,453.771
0,645397,7,phononTS,0.000676173,3.07595e-05,-2.68699e-05,-0.0002625,425.766,0.000382,1,-3.11536e-07,3.84994e-06,0.0002625,604.739
0,647898,5,phononTF,0.000384482,0.000608079,0.000711268,-0.0002625,99.4527,0.000382,1,0.00100416,0.00100481,0.0002625,353.824
0,647898,4,phononTS,0.00143365,0.000211997,0.000417729,0.000262498,99.4527,0.00108169,1,0.000335065,0.000464106,-0.0002625,199.66
0,648922,7,phononTF,0.000972571,-0.00100128,0.000996881,0.000262498,569.227,0.000972571,1,-0.000221245,0.00178265,-0.0002625,779.397
0,649190,3,phononTS,0.00551692,0.000958084,0.000872816,-0.0002625,66.2788,0.000764,1,0.0010018,0.000997743,0.0002625,349.384
0,655927,16,phononTF,0.000541614,0.000159506,0.000172854,-0.0002625,743.65,0.000382,1,-3.05637e-06,4.86282e-06,0.0002625,940.391
0,656257,18,phononTS,0.00109838,0.00219202,-0.005,7.72121e-05,774.021,0.000382,1,0.00100399,-0.00300073,0.0002625,2180.32
0,656363,9,phononTS,0.000390001,0.000611515,-8.22099e-05,-0.0002625,195.109,0.000382,1,0.00100074,-0.00100174,0.0002625,658.603
0,656363,7,phononTF,0.000492868,7.49178e-05,0.000682417,0.000262498,11.6788,0.000492868,1,0.000327417,0.000927975,-0.0002625,119.887
0,657497,4,phononTS,0.00207716,-0.000637694,-0.000187431,-0.0002625,644.629,0.000382,1,-0.0010014,-0.00100317,0.0002625,1074.17
0,657497,9,phononTF,0.000977712,-0.0010014,-0.00100317,0.000262498,1074.17,0.000977712,1,-0.000840098,-0.00134795,-0.0002625,1191.55
0,664302,3,phononTS,0.000825461,4.00364e-05,0.0012526,-0.0002625,78.4813,0.000382,1,1.89985e-07,0.00199889,0.0002625,442.431
0,664302,2,phononTS,0.00584083,0.000139003,0.00078364,-5.13019e-05,78.4813,0.00311395,1,0.000452785,0.000782761,-0.0002625,256.126
0,677190,7,phononTS,0.00186011,-0.005,-0.00351321,0.000171704,1678.74,0.000764,1,-0.00299749,-0.000999476,0.0002625,2506.22
0,677599,7,phononTS,0.00106038,0.00076891,0.00104267,-0.0002625,126.768,0.000382,1,0.00100394,0.000997795,0.0002625,350.385
0,677599,11,phononTS,0.000658992,0.00100394,0.000997795,0.000262498,350.385,0.000658992,1,0.000822632,0.0010439,-0.0002625,456.342
0,677599,6,phononTF,0.00174789,0.000533881,0.00108754,0.000262498,126.768,0.000841559,1,0.000530273,0.00103117,-0.0002625,217.453
0,683214,17,phononTS,0.000454036,-0.0020217,0.0018614,-0.0002625,1417.42,0.000382,1,-0.00199574,0.00199832,0.0002625,1684.7
0,693584,6,phononTS,0.00149401,0.000587223,0.000773159,-0.0002625,22.3057,0.000764,1,0.00100163,0.000995501,0.0002625,321.507
0,698428,10,phononTS,0.000693459,-0.0010337,0.00294564,-0.000262498,1622.72,0.000382,1,-0.00099925,0.00299507,0.0002625,1711.94
0,698428,4,phononTF,0.00182013,5.63381e-05,0.000710879,0.000262498,19.0869,0.00127799,1,0.00030226,0.000949557,-0.0002625,126.812
0,705208,5,phononTS,0.000507545,2.9149e-05,0.000481592,-0.000262498,467.917,0.000382,1,-0.001003,-0.000996525,0.0002625,838.318
0,705208,3,phononTF,0.000523507,-0.000153767,0.000655772,0.000262498,368.219,0.000523507,1,-4.12268e-05,0.000548134,-0.0002625,461.954
0,710549,11,phononTS,0.00100158,-0.005,-0.00497997,-0.000108607,1401.99,0.00100158,1,-0.0047344,-0.00496855,-0.0002625,2911.34
0,715846,11,phononTS,0.000428481,0.00204754,0.000774859,-0.0002625,307.835,0.000382,1,0.00299875,0.00099831,0.0002625,757.258
0,715846,10,phononTS,0.000643257,0.00109634,0.000551409,0.000262498,307.835,0.000643257,1,0.00319774,0.00257453,-0.0002625,872.593
0,715846,2,phononTF,0.00139773,0.000145821,0.000571454,0.000262498,17.4892,0.00125745,1,0.000298712,0.000447035,-0.0002625,114.156
0,717819,9,phononL,0.000693391,-0.000249783,9.96791e-05,-0.000262498,575.183,0.000382,1,3.15839e-06,-3.7394e-06,0.0002625,642.07
0,729693,15,phononTF,0.000440547,-0.000997978,0.00100319,0.000262498,763.241,0.000440547,1,-0.0015157,0.00144493,-0.0002625,913.169
0,735474,11,phononTF,0.000848852,-0.000150275,0.000164051,-0.000262498,220.811,0.000382,1,-0.000996879,0.00100017,0.0002625,443.941
0,739580,4,phononTF,0.00292508,0.000560401,0.000833982,-0.0002625,23.6009,0.000764,1,0.000997935,0.00100402,0.0002625,284.685
0,742864,4,phononTF,0.00224799,0.00200052,0.00199709,0.0002625,1098.84,0.00216311,1,0.00247984,0.00246902,-0.0002625,1537.41
0,749047,8,phononL,0.00212917,-0.000898581,0.000354735,-0.0002625,290.105,0.000764,1,-0.00100129,0.00100097,0.0002625,470.206
0,753932,12,phononL,0.000677871,0.00111781,-0.00269656,-0.0002625,841.87,0.000382,1,0.000997619,-0.00299685,0.0002625,979.564
0,758822,18,phononTS,0.000502539,2.94536e-06,-0.00200116,0.0002625,1758.67,0.000502539,1,1.04451e-05,-0.00200587,-0.0002625,1944.39
0,762646,11,phononTS,0.00067007,-0.000996029,0.000995515,0.000262498,324.694,0.00067007,1,0.000979924,0.00300399,-0.0002625,872.037
0,762646,7,phononTF,0.00124755,0.0001237,0.000634434,0.000262498,0.98218,0.000431129,1,5.67737e-05,0.000680604,-0.0002625,92.1401
0,770298,18,phononTF,0.000576827,-0.00133193,0.0016729,-0.000262498,1093.26,0.000382,1,-0.00100288,0.00100442,0.0002625,1261.51
0,772825,6,phononTS,0.000413895,-2.45853e-05,0.000234106,-0.0002625,40.9732,0.000382,1,-3.26521e-06,-2.9045e-06,0.0002625,266.527
0,775437,19,phononL,0.000693888,-0.00100154,0.000997863,0.0002625,384.045,0.000693888,1,-0.00179903,0.000906769,-0.0002625,705.562
0,778930,12,phononTF,0.00108811,0.00224846,-0.000258813,-0.0002625,2071.79,0.000382,1,0.00199893,1.38144e-06,0.0002625,3006.56
0,779079,5,phononTS,0.000393522,7.34366e-05,0.000776045,-0.000262498,252.126,0.000382,1,-0.000998778,0.000996338,0.0002625,496.233
0,787762,13,phononTS,0.0006273,-4.0676e-06,-1.02422e-07,0.000262498,430.412,0.0006273,1,0.00129173,0.00204626,-0.0002625,908.072
0,787762,3,phononTS,0.00154534,1.77684e-05,0.000663335,0.000262498,49.5234,0.00154534,1,6.21532e-05,0.000705704,-0.0002625,138.629
0,787762,2,phononL,0.000987766,1.77684e-05,0.000663335,0.000262498,49.5234,0.000349373,1,0.000435862,0.00069857,-0.0002625,122.973
0,793244,10,phononTS,0.000477767,-0.0019983,0.00196084,-0.000262498,1531.96,0.000382,1,-0.00199983,0.00200217,0.0002625,1622.98
0,794999,3,phononTF,0.00142716,0.00011752,0.000275141,-0.0002625,124.399,0.000382,1,4.93868e-06,-7.39249e-07,0.0002625,340.737
0,795373,16,phononTF,0.000554381,1.0291e-05,0.000533624,-0.000262498,130.257,0.000382,1,1.1702e-06,-1.04558e-06,0.0002625,275.55
0,802363,13,phononTF,0.000560722,-0.00160667,0.00209029,-0.0002625,561.278,0.000382,1,-0.00200128,0.00200025,0.0002625,808.473
0,802622,18,phononTS,0.000551646,0.000998839,0.00100097,0.000262498,846.848,0.000551646,1,0.00141595,0.00093402,-0.0002625,985.854
0,802622,7,phononTF,0.000558839,9.29647e-05,0.000531584,0.000262498,367.699,0.000558839,1,-0.000255073,0.000189268,-0.0002625,490.874
0,802622,6,phononTS,0.000571114,9.29647e-05,0.000531584,0.000262498,367.699,0.000571114,1,0.00226356,0.00247819,-0.0002625,932.167
0,802622,5,phononTF,0.000615482,9.29647e-05,0.000531584,0.000262498,367.699,0.000615482,1,0.000214545,0.00065648,-0.0002625,462.527
0,806365,10,phononTS,0.0013133,0.00214617,0.00120208,-0.0002625,962.592,0.000382,1,0.00300363,0.00100302,0.0002625,1381.56
0,811607,10,phononTF,0.000570804,0.000710544,0.000688855,-0.0002625,211.278,0.000382,1,0.00100159,0.000999145,0.0002625,444.305
0,815761,6,phononTS,0.00052577,0.00467832,-6.77796e-05,-0.0002625,26.699,0.000382,1,0.0030006,0.000996441,0.0002625,4959.35
0,817457,3,phononL,0.000886954,5.14777e-05,-0.00136183,-0.0002625,33.0415,0.000382,1,1.44679e-06,-0.00199683,0.0002625,386.836
0,817457,2,phononTF,0.00105995,-0.0047348,0.005,-0.000207383,33.0415,0.00105995,1,-0.00480221,0.00493187,-0.0002625,1348.61
0,818757,4,phononTS,0.00275795,3.55441e-05,0.000353017,-0.0002625,59.3138,0.000382,1,2.1252e-06,4.02177e-06,0.0002625,310.588
0,823110,7,phononL,0.000507061,0.000492064,0.000467776,-0.0002625,504.732,0.000382,1,-1.62598e-06,4.12241e-06,0.0002625,693.697
0,823110,6,phononL,0.00114263,0.000985752,0.000931428,0.000262498,504.732,0.000510073,1,0.0012574,0.00121124,-0.0002625,577.005
0,828249,2,phononL,0.000608434,0.0019827,0.000389005,-0.0002625,57.2802,0.000382,1,0.00200008,3.20133e-06,0.0002625,338.954
0,843351,16,phononTS,0.000488865,0.00100038,-0.00100068,0.000262498,2772.95,0.000488865,1,0.00102956,-0.000546022,-0.0002625,2912.78
0,843351,14,phononL,0.00123253,0.00320775,0.00216238,0.000262498,2071.71,0.00123253,1,0.00303283,0.00274125,-0.0002625,2158.21
0,853458,11,phononTS,0.000413763,-2.80959e-06,1.81532e-06,0.000262498,951.644,0.000413763,1,-2.35429e-05,0.000159022,-0.0002625,1058.03
0,857358,6,phononTS,0.00181655,-0.000622753,-0.00227333,-0.0002625,893.036,0.000764,1,2.90255e-06,-0.00200425,0.0002625,1603.19
0,857691,10,phononTS,0.00106998,4.34252e-06,2.95017e-06,0.0002625,264.788,0.000545847,1,7.01046e-06,4.18381e-05,-0.0002625,537.916
0,863353,5,phononTS,0.00123429,-0.000363923,0.000793471,-0.0002625,112.106,0.000764,1,-0.000997621,0.000996268,0.0002625,466.071
0,863353,4,phononTS,0.00131275,0.000269773,0.000590674,0.000262498,112.106,0.000970189,1,0.000235786,0.000531457,-0.0002625,207.012
0,865421,7,phononTS,0.000417075,-3.25057e-06,0.00199648,0.0002625,531.846,0.000417075,1,-9.7351e-05,0.00229497,-0.0002625,783.913
0,869467,7,phononTS,0.00060895,0.00120908,0.000137438,-0.0002625,225.336,0.000382,1,0.00200051,3.16431e-06,0.0002625,617.102
0,869467,6,phononL,0.000974553,0.00041765,0.000271711,0.000262498,225.336,0.000914121,1,0.00073848,0.00056668,-0.0002625,300.341
0,869467,5,phononTS,0.0021874,0.00041765,0.000271711,0.000262498,225.336,0.00182651,1,0.000290293,0.000312862,-0.0002625,330.161
0,877233,7,phononTS,0.000386729,-0.0010083,0.000994413,-0.0002625,27.9162,0.000382,1,-0.00100206,0.00100118,0.0002625,374.743
0,887679,16,phononTF,0.000484161,0.000313694,-0.000314201,-0.000262498,472.114,0.000382,1,4.27141e-06,2.78472e-06,0.0002625,589.686
0,891454,10,phononTS,0.000632052,0.0019981,0.00199694,0.000262498,971.153,0.000632052,1,0.00178684,0.00204443,-0.0002625,1084.55
0,891454,8,phononTS,0.000685752,0.000144099,0.000712171,0.000262498,460.259,0.000685752,1,0.00281611,-0.00145025,-0.0002625,1098.71
0,893419,9,phononTS,0.000808719,-0.000239757,0.000923138,-0.000262498,211.596,0.000382,1,-0.000995791,0.00100076,0.0002625,394.176
0,893419,7,phononTS,0.000565747,0.000246565,0.00056715,0.000262498,41.1231,0.000565747,1,0.000228493,0.000469477,-0.0002625,140.142
0,893419,6,phononTS,0.00128682,0.005,-0.00325166,0.000237632,41.1231,0.000459637,1,0.00423918,-0.00447684,-0.0002625,1418.77
0,897553,2,phononTS,0.00540911,0.000698256,-0.000758387,0.000210675,142.835,0.000764,1,0.000998585,-0.000999618,0.0002625,641.835
0,897553,8,phononTS,0.00267808,0.000998585,-0.000999618,0.000262498,641.835,0.00214934,1,0.00102905,-0.00102589,-0.0002625,731.419
0,902726,2,phononTF,0.00559779,0.000396286,0.000403788,0.000135405,107.83,0.000764,1,-4.35184e-06,-1.07548e-06,0.0002625,207.826
0,902726,16,phononTS,0.00100518,-4.35184e-06,-1.07548e-06,0.000262498,207.826,0.00100518,1,0.000571681,-0.00127021,-0.0002625,506.247
0,902726,15,phononTS,0.00116824,-4.35184e-06,-1.07548e-06,0.000262498,207.826,0.000490063,1,-0.000654226,0.00117698,-0.0002625,489.644
0,904026,17,phononTS,0.00138029,3.24475e-06,-4.07223e-06,0.000262498,444.55,0.00130615,1,-3.40622e-05,-3.80004e-05,-0.0002625,533.943
0,904026,3,phononTS,0.00189605,0.000251739,0.00035928,0.000262498,246.798,0.000928813,1,0.000263682,0.000285371,-0.0002625,345.4
0,908635,10,phononTF,0.000455525,-0.000561778,0.000575648,-0.000262498,219.621,0.000382,1,-0.000996553,0.000997054,0.0002625,356.749
0,909773,2,phononTS,0.00110753,-0.000440625,0.000829078,-0.0002625,11.4812,0.000382,1,-0.000997318,0.000995197,0.0002625,339.11
0,915803,2,phononL,0.00158121,0.000510426,3.46808e-05,-0.0002625,56.3822,0.000382,1,1.23255e-06,-1.32013e-06,0.0002625,227.007
0,927069,16,phononTS,0.00042954,0.00100061,0.000997711,0.000262498,1179.7,0.00042954,1,0.000506442,-8.4173e-05,-0.0002625,1436.91
0,932800,2,phononTS,0.00761018,8.46731e-05,7.51212e-05,0.000127719,246.969,0.000764,1,-4.64833e-06,3.0162e-06,0.0002625,323.879
0,934524,7,phononTS,0.000492065,-0.00204979,-0.00198487,-0.000262498,693.818,0.000382,1,-0.00200048,-0.0019956,0.0002625,784.087
0,937529,16,phononL,0.000751131,0.000714982,0.000884077,-0.0002625,269.318,0.000382,1,0.000995716,0.0010002,0.0002625,473.427
0,937530,3,phononTS,0.00529666,0.000502678,0.000489645,-0.000139847,29.7162,0.00240567,1,0.000458364,0.000495473,-0.0002625,392.785
0,938171,7,phononTS,0.000978381,0.000568539,-0.00110411,-0.0002625,970.248,0.000382,1,2.35189e-06,-0.00200157,0.0002625,1458.23
0,941487,3,phononTF,0.000547506,0.000371178,0.000387765,-0.0002625,94.8544,0.000382,1,-7.61581e-07,-4.6933e-06,0.0002625,350.446
0,941487,2,phononTS,0.00228685,-1.40072e-05,0.000677987,0.000262498,94.8544,0.0018245,1,5.50663e-05,0.00071519,-0.0002625,190.505
0,943808,6,phononTS,0.00151268,-0.00382527,-0.00160749,-0.0002625,1370.8,0.000382,1,-0.00300021,-0.000998467,0.0002625,1848.01
0,954769,5,phononTF,0.00074879,0.000100034,0.000353091,-0.0002625,88.1377,0.000382,1,-4.39725e-08,1.45652e-06,0.0002625,323.383
0,954769,4,phononTS,0.000899105,0.000200111,0.000704724,0.000262498,88.1377,0.000899105,1,0.00103531,0.00190851,-0.0002625,400.578
0,955204,5,phononTS,0.00121945,0.000160408,0.000494037,-0.000262498,172.487,0.000382,1,0.0010036,0.00100035,0.0002625,403.433
0,955204,6,phononTS,0.000833107,0.0010036,0.00100035,0.000262498,403.433,0.000833107,1,0.00094019,0.0010524,-0.0002625,498.434
0,955204,2,phononTF,0.00191087,7.60892e-05,0.000642336,0.000262498,76.7238,0.00191087,1,0.000283267,0.000430372,-0.0002625,180.218
0,957261,6,phononTS,0.000431425,2.77331e-06,-3.09983e-06,0.0002625,169.638,0.000431425,1,0.00027729,-0.000183599,-0.0002625,429.617
0,963843,8,phononTS,0.000576989,-1.83573e-05,0.000564687,-0.000262498,598.366,0.000382,1,-8.36181e-07,9.06831e-07,0.0002625,753.854
0,963843,4,phononTF,0.00342181,-0.000313871,0.000857956,7.81784e-06,247.571,0.00324445,1,-0.000433771,0.000975686,-0.0002625,302.057
0,968513,15,phononTF,0.000386796,-0.00164591,-0.00164763,-0.0002625,1077.75,0.000382,1,-0.00200429,-0.00199805,0.0002625,1427.77
0,976965,8,phononTS,0.000436375,0.00100128,0.00100059,0.000262498,541.494,0.000436375,1,0.00103467,0.000970056,-0.0002625,630.989
0,976965,6,phononL,0.00110602,0.000742088,0.00072755,0.000262498,350.588,0.000743929,1,-0.000179292,0.00134148,-0.0002625,489.018
0,976965,5,phononL,0.000578278,0.000742088,0.00072755,0.000262498,350.588,0.000578278,1,0.000458166,-0.000258711,-0.0002625,476.495
0,992623,6,phononTF,0.000727492,-0.000215416,0.000235206,-0.0002625,346.629,0.000382,1,4.10904e-06,4.70985e-06,0.0002625,556.719
0,997120,7,phononTF,0.000757331,0.00104143,0.00105234,-0.000262498,823.753,0.000382,1,1.40777e-06,1.075e-06,0.0002625,1092.37
0,997120,4,phononL,0.000520526,0.000255097,0.000768851,0.000262498,619.308,0.000520526,1,0.000164799,-0.000152803,-0.0002625,733.617
0,1001082,4,phononTS,0.000518527,2.83713e-05,0.00109481,-0.0002625,83.984,0.000382,1,0.000996862,0.00100332,0.0002625,628.893
0,1003336,8,phononTS,0.000513748,-0.0018052,-0.000845067,-0.000262498,1318.68,0.000382,1,-0.00200219,-4.22863e-06,0.0002625,1521.55
0,1006674,16,phononTF,0.00111885,4.02598e-06,0.00199562,0.000262498,336.959,0.000617931,1,-8.44381e-05,0.00220754,-0.0002625,438.072
0,1007461,11,phononTS,0.000704131,0.000969507,0.000699413,-0.000262498,596.482,0.000382,1,0.00200369,-1.95501e-06,0.0002625,872.304
0,1010299,1,phononTF,0.01,0.00101982,0.0010121,0.000234182,0,0.001146,1,0.0010048,0.000996371,0.0002625,623.327
0,1014670,11,phononTS,0.000450292,4.59583e-05,0.000325692,-0.0002625,64.3482,0.000382,1,3.86561e-06,-3.59971e-06,0.0002625,310.479
0,1015956,13,phononTS,0.000618305,4.0403e-05,0.00151755,-0.000262498,135.535,0.000382,1,-1.72456e-06,0.00200167,0.0002625,279.065
0,1018861,12,phononTS,0.00120057,0.00195806,0.000203672,-0.0002625,466.641,0.000382,1,0.00200043,3.97211e-06,0.0002625,690.416
0,1020064,13,phononTS,0.000444662,0.000886601,0.00107962,-0.0002625,314.725,0.000382,1,0.00100354,0.00100166,0.0002625,772.546
0,1020968,7,phononTS,0.000559257,0.00100078,0.000996316,0.000262498,6719.33,0.000559257,1,0.000954235,0.00151417,-0.0002625,6870.88
0,1026727,9,phononTS,0.000722966,4.87262e-05,-3.51716e-05,-0.000262498,167.399,0.000382,1,2.89415e-07,-4.21507e-06,0.0002625,261.995
0,1032151,7,phononTS,0.000527904,-0.000233935,0.000994173,-0.000262498,125.556,0.000382,1,-0.00100083,0.000997187,0.0002625,310.096
0,1032151,5,phononL,0.00092781,0.00011738,0.000634681,0.000262498,1.15208,0.00092381,1,0.000339078,0.000944243,-0.0002625,72.8797
0,1032151,4,phononTF,0.00389209,0.00011738,0.000634681,0.000262498,1.15208,0.00236264,1,0.000310579,0.000818896,-0.0002625,101.942
0,1034927,10,phononTS,0.000399966,-0.000998771,-0.00100099,0.000262498,659.164,0.000399966,1,-0.00103814,-0.000729899,-0.0002625,775.266
0,1034927,8,phononTS,0.00081833,-5.99424e-05,0.000551248,0.000262498,69.1692,0.000238671,1,-4.0709e-05,0.000496944,-0.0002625,161.001
0,1038477,3,phononTF,0.000489154,0.000115987,0.000112437,-0.0002625,671.723,0.000382,1,5.33784e-07,-3.64241e-06,0.0002625,860.017
0,1041960,7,phononTS,0.00043985,0.00199795,0.00199602,0.000262498,1128.76,0.00043985,1,0.00124771,0.00191404,-0.0002625,1312.71
0,1045330,10,phononTF,0.00100871,0.00136661,-0.00132228,-0.0002625,850.832,0.000382,1,0.0010046,-0.00100194,0.0002625,1098.44
0,1045330,18,phononTS,0.00041597,0.0010046,-0.00100194,0.000262498,1098.44,0.00041597,1,0.0012902,-0.00100921,-0.0002625,1216.43
0,1049816,14,phononL,0.00119192,0.000445157,-0.00100783,-0.000262498,835.165,0.000382,1,0.000997291,-0.0010028,0.0002625,917.095
0,1049816,15,phononTS,0.00038834,0.000997291,-0.0010028,0.000262498,917.095,0.00038834,1,0.00102792,-0.000992212,-0.0002625,1006.66
0,1049817,1,phononTS,0.01,5.85857e-05,0.00087754,6.61207e-05,0,0.00306011,1,3.04486e-05,0.000723817,-0.0002625,632.467
0,1061781,6,phononTS,0.000598035,0.0010018,0.000995882,0.0002625,3.84467,0.000598035,1,0.00144037,0.00117553,-0.0002625,451.419
0,1061781,5,phononTF,0.000421058,0.000124657,0.000636587,0.000262498,3.84467,0.000421058,1,0.000827066,0.00134339,-0.0002625,196.849
0,1066209,10,phononTS,0.000934546,5.22049e-05,2.34722e-06,-0.0002625,450.801,0.000382,1,-3.33596e-06,-4.42272e-06,0.0002625,814.992
0,1067522,12,phononTF,0.000553832,0.000987845,0.000947939,-0.0002625,1320.54,0.000382,1,0.00200001,0.00200485,0.0002625,1855.01
0,1068757,10,phononL,0.000560393,-0.000487913,0.00221518,-0.0002625,548.589,0.000382,1,-6.17614e-07,0.00199614,0.0002625,711.473
0,1068757,6,phononTS,0.00202231,7.45816e-05,0.00083006,0.000262498,100.068,0.00202231,1,0.00128803,0.00270936,-0.0002625,545.506
0,1073397,7,phononL,0.000613939,-0.000383545,0.00131474,-0.0002625,601.327,0.000382,1,-0.000999944,0.00100491,0.0002625,790.688
0,1075440,8,phononTS,0.000465572,-0.000998301,0.00100023,0.000262498,1175.88,0.000465572,1,-0.00204403,0.00149126,-0.0002625,1434.21
0,1077813,3,phononTS,0.00618592,7.16078e-06,3.04435e-06,0.000184465,322.923,0.000764,1,-1.13375e-06,4.24116e-06,0.0002625,815.855
0,1077813,6,phononTS,0.000438434,-1.13375e-06,4.24116e-06,0.000262498,815.855,0.000438434,1,0.000288183,-0.000152784,-0.0002625,945.503
0,1077813,5,phononTS,0.000583925,-1.13375e-06,4.24116e-06,0.000262498,815.855,0.000583925,1,-1.79819e-05,2.46937e-05,-0.0002625,905.584
0,1079438,18,phononTF,0.000716055,-0.00224477,0.00172024,-0.0002625,768.949,0.000382,1,-0.00199682,0.00199738,0.0002625,991.404
0,1093335,2,phononL,0.000502327,0.00105096,0.00100599,-0.000262498,919.817,0.000382,1,0.000997615,0.000996119,0.0002625,982.265
0,1096487,15,phononTF,0.000589692,8.83656e-07,0.00199978,0.000262498,1384.7,0.000589692,1,0.000258519,0.00251944,-0.0002625,1528.74
0,1096487,2,phononTS,0.00189127,-4.26553e-05,0.000625111,0.000262498,147.395,0.0015552,1,-0.00206639,-0.00192504,-0.0002625,771.349
0,1096488,1,phononTF,0.01,0.000416188,0.000284769,-0.000231771,0,0.00592467,1,0.000513685,0.000317434,-0.0002625,771.075
0,1102951,3,phononTS,0.000765452,6.39663e-05,0.00132989,-0.0002625,85.4185,0.000382,1,3.69113e-06,0.00199705,0.0002625,424.445
0,1109653,9,phononTF,0.00381188,-0.000372246,0.00235465,-0.0002625,337.575,0.001528,1,-0.00100285,0.00300153,0.0002625,695.173
0,1109653,13,phononTS,0.000864683,-0.00100285,0.00300153,0.000262498,695.173,0.000334211,1,-0.00104681,0.00221775,-0.0002625,885.633
0,1109835,10,phononTS,0.000617631,0.000147932,-4.131e-05,-0.0002625,767.378,0.000382,1,8.10546e-07,-2.77706e-06,0.0002625,1166.56
0,1113160,2,phononTS,0.0048414,-0.000992383,0.00107042,9.52814e-05,6.97714,0.000382,1,-0.000998445,0.00100409,0.0002625,882.515
0,1121498,11,phononTS,0.000460944,-4.50066e-05,0.000103542,-0.0002625,279.859,0.000382,1,-6.45925e-07,-2.0326e-06,0.0002625,486.142
0,1127100,20,phononTS,0.000874293,-0.000477613,-0.000135616,-0.0002625,638.578,0.000382,1,-3.46098e-06,4.46475e-06,0.0002625,940.528
0,1128543,9,phononTS,0.000730982,-4.363e-05,0.00164899,-0.0002625,166.337,0.000382,1,1.22638e-06,0.00199584,0.0002625,792.48
0,1136167,9,phononTS,0.00140396,0.00200444,3.00944e-06,0.000262498,331.311,0.000741505,1,0.00203834,-4.45684e-05,-0.0002625,420.57
0,1136167,5,phononTS,0.000967989,0.0001687,0.000575094,0.000262498,21.7561,0.00084923,1,0.000166337,1.19289e-05,-0.0002625,177.844
0,1143014,14,phononTF,0.00103239,-0.00200139,0.00199659,0.0002625,628.445,0.000739638,1,-0.00270234,0.00255347,-0.0002625,1175.25
0,1145697,15,phononTS,0.000678067,0.000129967,0.00207843,-0.0002625,1211.16,0.000382,1,-0.00299756,-0.00100178,0.0002625,3672.33
0,1145697,14,phononTS,0.000624448,-0.00116829,0.00154792,0.000262499,1211.16,0.000624448,1,-0.00182689,0.00133111,-0.0002625,1392.61
0,1150397,23,phononTS,0.000677378,-8.31864e-07,5.30348e-07,0.000262498,366.467,0.000390666,1,0.00142748,0.00142686,-0.0002625,774.722
0,1151629,4,phononL,0.000558591,0.000657723,0.000733709,-0.000262498,362.096,0.000382,1,0.00100464,0.000997889,0.0002625,437.072
0,1156602,18,phononTF,0.00146383,-0.00086267,-0.00117377,-0.0002625,2766.17,0.000382,1,-0.00100253,-0.00100394,0.0002625,2962.6
0,1156602,19,phononTS,0.000902492,-0.00100253,-0.00100394,0.000262498,2962.6,0.000351926,1,-0.000958151,-0.000985824,-0.0002625,3054.65
0,1163695,7,phononTF,0.00181878,0.000998709,0.000997313,0.0002625,543.056,0.00119215,1,0.00125732,0.00125852,-0.0002625,762.484
0,1171562,20,phononTS,0.000700379,0.00196034,4.6272e-05,-0.0002625,379.406,0.000382,1,0.00199809,3.13565e-06,0.0002625,754.08
0,1171562,4,phononTS,0.000513404,0.000128999,0.00064124,0.000262498,21.6251,0.000513404,1,0.0010564,0.00209314,-0.0002625,377.936
0,1172512,10,phononTS,0.000634629,0.00100215,0.00099949,0.000262498,724.948,0.000634629,1,0.000946144,0.00101721,-0.0002625,822.542
0,1181803,15,phononTS,0.000404836,0.00198689,0.00194753,-0.000262498,1022.59,0.000382,1,0.00199996,0.00200335,0.0002625,1112.57
0,1182331,20,phononTS,0.000702543,0.0017697,0.00196239,-0.0002625,459.389,0.000382,1,0.00199734,0.00199633,0.0002625,1127.13
0,1184468,19,phononTS,0.000624345,0.000995558,0.000998968,0.000262498,2461.56,0.000624345,1,0.00157915,0.000945796,-0.0002625,2618.9
0,1188818,17,phononTS,0.000625538,0.00200336,0.00199619,0.000262498,1002.67,0.000625538,1,0.00204636,0.00175373,-0.0002625,1115.35
0,1213152,19,phononTF,0.000410663,-0.00312981,-0.00123805,-0.0002625,2235.63,0.000382,1,-0.00299795,-0.000997016,0.0002625,2623.27
0,1213152,2,phononTS,0.00210447,0.000130877,0.0005548,0.000262498,221.647,0.00136688,1,-0.00224994,0.00381607,-0.0002625,974.125
0,1215830,19,phononTF,0.000558098,-0.000997594,0.00299813,0.000262498,824.984,0.000558098,1,0.00083498,0.00354175,-0.0002625,1186.57
0,1215830,3,phononL,0.000493976,-0.000148222,0.000601982,0.000262498,132.752,0.000493976,1,-9.74395e-05,0.000414219,-0.0002625,197.304
0,1220506,17,phononTF,0.000544192,0.005,-0.00089252,0.000164184,2333.88,0.000544192,1,0.00428183,-0.000189645,-0.0002625,4029.42
0,1222054,13,phononTS,0.000981355,3.56868e-06,4.40199e-06,0.0002625,186.305,0.000465473,1,-3.16192e-05,-0.000265755,-0.0002625,534.642
0,1222227,18,phononTS,0.00048673,0.00100267,0.000996617,0.000262498,396.595,0.00048673,1,0.000414315,0.000538765,-0.0002625,589.677
0,1224038,7,phononTS,0.000699784,0.000264027,0.000711075,-0.000262498,116.15,0.000382,1,0.00200101,1.77831e-06,0.0002625,497.374
0,1227759,5,phononTF,0.000418557,4.91212e-05,0.000364264,-0.0002625,185.389,0.000382,1,3.94269e-06,1.86067e-06,0.0002625,423.013
0,1229826,16,phononTS,0.000516439,-8.7357e-07,-1.33857e-06,0.000262498,409.18,0.000516439,1,-0.00444675,0.00276128,-0.0002625,1383.42
0,1241544,8,phononTS,0.000453239,0.000113689,0.000389563,-0.0002625,6.24518,0.000382,1,2.37007e-06,-5.25861e-07,0.0002625,256.551
0,1241816,9,phononTS,0.000424922,4.72104e-05,0.000606216,-0.0002625,270.437,0.000382,1,-3.37893e-06,0.00200114,0.0002625,672.209
0,1255958,12,phononTS,0.000440982,-0.000401163,0.00110405,-0.0002625,854.652,0.000382,1,-4.32047e-06,0.00200491,0.0002625,1773.19
0,1267164,12,phononTF,0.00114689,-0.000384318,0.00152343,-0.0002625,162.016,0.000382,1,-4.50437e-06,0.00199965,0.0002625,444.594
0,1267164,13,phononTS,0.000400059,-4.50437e-06,0.00199965,0.000262498,444.594,0.000400059,1,-4.72173e-05,0.00218864,-0.0002625,551.41
0,1267164,2,phononTS,0.00597393,6.65836e-05,0.000644,0.000262498,9.21876,0.00350586,1,1.71842e-05,0.00067492,-0.0002625,98.5802
0,1274877,3,phononTS,0.00332435,0.000997865,0.000996141,0.0002625,10.2987,0.00169163,1,0.0010233,0.00153699,-0.0002625,518.023
0,1275067,10,phononTS,0.000388606,-0.00200032,0.00199522,0.000262498,1170.07,0.000388606,1,-0.000732081,0.000809816,-0.0002625,1529.53
0,1275067,6,phononTS,0.000421849,0.000108888,0.00101709,0.000262498,186.43,0.000421849,1,0.00056129,0.0020985,-0.0002625,441.665
0,1275067,5,phononTS,0.000797561,0.000108888,0.00101709,0.000262498,186.43,0.000675309,1,-0.000583384,0.0010364,-0.0002625,358.514
0,1275067,4,phononTF,0.00621249,0.000108888,0.00101709,0.000262498,186.43,0.00427847,1,0.000445686,0.000679683,-0.0002625,308.125
0,1275818,4,phononTS,0.000459305,-0.00100099,-0.00100115,0.000262498,1400.03,0.000459305,1,-0.000968656,-0.000958225,-0.0002625,1494.17
0,1285416,3,phononTS,0.00152272,0.000125473,0.000809961,-0.0002625,190.447,0.000382,1,4.90899e-06,-3.68049e-07,0.0002625,511.28
0,1289754,3,phononTF,0.00574787,3.12912e-06,3.31914e-07,0.0002625,211.964,0.00426755,1,0.000296649,-0.000303287,-0.0002625,490.866
0,1297035,8,phononTF,0.000514457,0.000996065,-0.00100374,0.0002625,186.026,0.000514457,1,0.00166475,-0.0027297,-0.0002625,882.901
0,1300975,4,phononTF,0.00175072,0.000640815,0.000868077,-0.0002625,29.2226,0.000382,1,0.00100383,0.000999205,0.0002625,268.138
0,1302781,8,phononTS,0.00107864,-0.00163389,7.8493e-05,-0.0002625,145.618,0.000382,1,-0.00199558,-4.63251e-06,0.0002625,943.067
0,1304784,14,phononTF,0.00220314,-0.00162348,0.00232727,-0.0002625,1880.21,0.001146,1,-0.00200144,0.00200092,0.0002625,2290.05
0,1305931,3,phononTS,0.00301337,1.74555e-06,0.0019995,0.0002625,25.079,0.00156154,1,-1.28409e-05,0.00267343,-0.0002625,537.16
0,1310291,8,phononTS,0.000627086,-3.45985e-07,0.00200025,0.0002625,265.123,0.000498112,1,-1.93622e-05,0.00234814,-0.0002625,643.505
0,1312296,11,phononTF,0.000599713,1.78304e-06,-3.40587e-07,0.000262498,238.28,0.000135908,1,-8.36508e-05,3.06803e-05,-0.0002625,330.062
0,1313064,4,phononTF,0.000983196,6.40838e-07,-2.0722e-06,0.0002625,522.439,0.000896055,1,0.000188959,-0.000317227,-0.0002625,750.55
0,1315421,12,phononTS,0.000451009,-0.00100041,0.00300306,0.000262498,3325.04,0.000451009,1,-0.00125833,0.00198141,-0.0002625,3561.57
0,1318536,15,phononTF,0.000696009,0.000998772,-0.00300251,0.000262498,890.89,0.000696009,1,0.000778846,-0.00279178,-0.0002625,994.754
0,1321994,8,phononTF,0.00050231,-3.86295e-06,2.82864e-06,0.000262498,699.687,0.00050231,1,-1.80936e-05,6.761e-05,-0.0002625,790.642
0,1323768,9,phononTS,0.000814373,-1.77657e-06,0.00199784,0.000262498,2115.48,0.000280475,1,0.000995423,0.00352598,-0.0002625,2489.45
0,1327584,8,phononTS,0.000468559,0.000165761,0.00166607,-0.0002625,695.636,0.000382,1,1.65845e-06,0.00199924,0.0002625,966.014
0,1328619,10,phononL,0.00134371,-0.000896562,0.00104516,-0.0002625,744.144,0.000382,1,-0.00100305,0.0010027,0.0002625,870.254
0,1328619,11,phononTS,0.000512048,-0.00100305,0.0010027,0.000262498,870.254,0.000512048,1,-0.00129245,0.00122347,-0.0002625,1005.4
0,1328619,9,phononL,0.000548398,-0.00079007,0.00108763,0.000262498,744.144,0.000548398,1,-0.000775975,0.0012589,-0.0002625,808.184
0,1333222,9,phononTF,0.000672443,4.59941e-06,0.000346569,-0.000262498,132.957,0.000382,1,2.8895e-06,-9.03439e-07,0.0002625,249.631
0,1333222,3,phononTS,0.000384328,9.57262e-05,0.000589398,0.000262498,28.6927,0.000384328,1,8.89338e-05,0.000434289,-0.0002625,134.135
0,1333222,2,phononTF,0.00107847,0.005,-0.00281811,0.000181311,28.6927,0.00107847,1,0.00468471,-0.00301661,-0.0002625,1156.18
0,1337860,10,phononTS,0.000482082,0.0030029,0.000995347,0.0002625,705.38,0.000482082,1,0.00292115,0.000548856,-0.0002625,992.775
0,1343957,14,phononTS,0.000497955,9.59544e-05,-0.00214515,-0.0002625,1019.66,0.000382,1,1.79641e-06,-0.00200287,0.0002625,1239.37
0,1353874,11,phononL,0.000429957,-0.000962193,0.00119512,-0.000262498,847.842,0.000382,1,-0.0010011,0.000995083,0.0002625,912.619
0,1368061,16,phononTS,0.000521445,9.53788e-05,-4.70429e-05,-0.0002625,261.641,0.000382,1,-4.48743e-06,2.83699e-06,0.0002625,457.75
0,1369342,14,phononL,0.000468698,-0.000732531,0.000709929,-0.0002625,680.433,0.000382,1,-0.00100013,0.000995701,0.0002625,825.147
0,1374270,12,phononTS,0.00049406,-3.62702e-06,4.78424e-06,0.000262498,462.086,0.00049406,1,-0.00109227,-0.000181363,-0.0002625,707.14
0,1374270,6,phononTF,0.00120722,9.41218e-05,0.000461933,0.000262498,231.617,0.00078867,1,-0.00253642,0.0011667,-0.0002625,729.847
0,1376675,8,phononL,0.00114737,0.000859943,0.000655232,-0.0002625,400.744,0.000764,1,0.00100265,0.000995257,0.0002625,542.675
0,1376675,4,phononTS,0.00089246,0.000232779,0.000983367,0.000262498,165.414,0.000424251,1,0.00028422,0.000960763,-0.0002625,255.062
0,1382475,7,phononTS,0.000490585,0.000995696,0.00100043,0.0002625,3.74467,0.000490585,1,0.000960214,0.00117004,-0.0002625,429.297
0,1382475,6,phononTS,0.000981154,0.000117386,0.000629559,0.000262498,3.74467,0.00074413,1,0.000284577,0.000229096,-0.0002625,147.23
0,1382475,5,phononTS,0.0026505,0.000117386,0.000629559,0.000262498,3.74467,0.00227815,1,0.000165943,0.000668048,-0.0002625,92.8617
0,1382475,4,phononTS,0.00180405,-0.00444683,-0.005,4.66295e-05,3.74467,0.00154908,1,-0.00427686,-0.004912,-0.0002625,1381.83
0,1385887,5,phononTS,0.000540185,0.00116667,0.000878949,-0.0002625,661.394,0.000382,1,0.000997208,0.00099574,0.0002625,1029.47
0,1387845,14,phononTS,0.000458872,-0.000279643,0.000111001,-0.0002625,685.934,0.000382,1,1.91027e-06,-4.58363e-06,0.0002625,937.789
0,1395109,3,phononL,0.00165889,0.000227117,0.000703249,-0.000262498,139.455,0.000382,1,-0.0010016,0.000998829,0.0002625,289.274
0,1395109,8,phononTS,0.00113167,-0.0010016,0.000998829,0.000262498,289.274,0.00113167,1,-0.00105326,0.000998239,-0.0002625,380.032
0,1395840,10,phononL,0.000577299,-2.23574e-06,0.00200201,0.000262498,545.773,0.000577299,1,-8.35772e-05,0.00174454,-0.0002625,612.532
0,1402039,5,phononTS,0.000462202,0.000505359,0.000874584,-0.0002625,91.9525,0.000382,1,0.000997983,0.000995295,0.0002625,396.296
0,1402039,4,phononTS,0.00386588,1.27371e-05,0.000753873,0.000262498,91.9525,0.00201694,1,6.53586e-05,0.000807642,-0.0002625,186.206
0,1403017,9,phononTS,0.000706146,1.44874e-06,6.76396e-08,0.000262498,1203.15,0.000706146,1,3.36682e-05,0.000917492,-0.0002625,1414.22
0,1403017,5,phononTS,0.000494763,0.000140594,-0.000356614,0.000262498,954.621,0.000494763,1,0.00015745,-0.000302197,-0.0002625,1044.45
0,1410458,7,phononTF,0.000573842,-0.000323835,0.000372567,-0.0002625,365.324,0.000382,1,1.93967e-06,2.12699e-06,0.0002625,615.467
0,1410458,4,phononTS,0.000782022,0.000148478,0.000628198,0.000262498,106.644,0.000575024,1,-0.00109506,-0.00102291,-0.0002625,506.816
0,1412171,3,phononL,0.00505625,-0.000960733,0.00134339,-0.0002625,14.1773,0.000764,1,-0.00200399,0.00200367,0.0002625,318.609
0,1412171,10,phononTF,0.000909027,-0.00200399,0.00200367,0.000262498,318.609,0.000693492,1,-0.00234488,0.00167208,-0.0002625,440.427
0,1412171,9,phononTS,0.0027666,-0.00200399,0.00200367,0.000262498,318.609,0.000979499,1,-0.00208553,0.00204088,-0.0002625,415.512
0,1414998,12,phononTS,0.000694413,-0.000455917,0.000955448,-0.000262498,286.089,0.000382,1,-1.46061e-06,0.00200176,0.0002625,535.164
0,1419428,17,phononTF,0.000728616,-3.61907e-05,-0.00193511,-0.0002625,1168.22,0.000382,1,-4.50064e-06,-0.00200495,0.0002625,1350.58
0,1423344,6,phononTS,0.000796766,0.000501687,0.000889201,-0.0002625,315.786,0.000382,1,0.00100325,0.000995651,0.0002625,620.813
0,1423344,5,phononTF,0.000896836,1.23913e-07,0.000782752,0.000262498,315.786,0.000478038,1,8.96521e-05,0.000721902,-0.0002625,407.934
0,1423501,17,phononTF,0.000753792,-0.00100008,0.00099732,0.000262498,479.623,0.000753792,1,-0.000592998,0.000584079,-0.0002625,613.549
0,1423502,1,phononTS,0.01,0.000713243,0.00117484,-0.000218969,0,0.00595459,1,0.000717335,0.00121358,-0.0002625,633.013
0,1423779,7,phononTS,0.000510053,0.00147368,4.21509e-05,-0.0002625,466.533,0.000382,1,0.00200345,-4.92792e-06,0.0002625,766.144
0,1423855,11,phononTS,0.000441001,1.99486e-06,-4.11591e-06,0.000262498,397.863,0.000441001,1,-0.00364443,-0.005,0.000166596,1504.02
0,1423855,8,phononTF,0.00127309,0.0017431,-0.005,6.41725e-07,1.85143,0.00111535,1,0.00150912,-0.004759,-0.0002625,1122.8
0,1423855,7,phononTS,0.00139812,0.000114362,0.000638435,0.000262498,1.85143,0.00139812,1,-0.00365532,-0.00150502,-0.0002625,859.638
0,1426154,3,phononL,0.00067447,-0.000160009,0.00135884,-0.0002625,760.495,0.000382,1,0.000999819,0.00100117,0.0002625,984.796
0,1426154,2,phononTS,0.000890809,0.000254267,0.00109366,0.000262498,760.495,0.000890809,1,0.000311673,0.000424927,-0.0002625,929.778
0,1427955,9,phononTS,0.00092184,5.04551e-05,-0.0013966,-0.0002625,346.857,0.000382,1,4.70053e-06,-0.00199741,0.0002625,986.415
0,1436070,9,phononTS,0.00104365,-0.00145685,0.00108229,-0.0002625,468.199,0.000382,1,-0.00100294,0.000998444,0.0002625,935.187
0,1437383,8,phononTS,0.000640327,0.000996479,0.000998362,0.000262498,475.098,0.000369548,1,0.00107386,0.000504481,-0.0002625,624.915
0,1442642,9,phononTS,0.000674526,0.000785217,0.00102276,-0.0002625,531.663,0.000382,1,0.00100325,0.000998008,0.0002625,751.938
0,1467047,12,phononTS,0.000810849,-0.000999311,0.000996093,0.000262498,1082.64,0.000810849,1,-0.000943546,0.000993781,-0.0002625,1173.42
0,1467047,10,phononTS,0.000521397,-0.00013147,0.000765188,0.000262498,823.507,0.000521397,1,0.000520208,0.0012117,-0.0002625,1023.39
0,1467047,9,phononTF,0.000387675,-0.00013147,0.000765188,0.000262498,823.507,0.000387675,1,6.58102e-05,0.000577697,-0.0002625,924.693
0,1471370,7,phononTF,0.00117244,0.000450977,0.000773341,-0.0002625,159.98,0.000382,1,0.0010017,-0.00100176,0.0002625,606.044
0,1476610,16,phononTS,0.000688316,-0.00102517,0.000968806,-0.000262498,281.731,0.000382,1,-0.00100406,0.000998313,0.0002625,374.54
0,1476610,4,phononTS,0.00048222,2.54319e-05,0.000544933,0.000262498,33.2149,0.00048222,1,7.08967e-05,0.00100817,-0.0002625,173.763
0,1483908,18,phononTS,0.000420522,-0.00133946,-0.000353157,-0.0002625,1436.14,0.000382,1,-0.00299827,-0.000997525,0.0002625,2164.65
0,1483908,11,phononTF,0.000807272,-0.000702773,0.00013852,0.000262498,783.179,0.000643569,1,-0.000939014,-4.75616e-05,-0.0002625,888.331
0,1483908,10,phononTS,0.00072532,-0.000702773,0.00013852,0.000262498,783.179,0.00072532,1,-0.000754951,0.000166016,-0.0002625,872.602
0,1487642,4,phononTS,0.000851647,-0.000802264,-0.000784551,-0.0002625,207.992,0.000382,1,-0.0020046,-0.00200431,0.0002625,918.949
0,1490301,2,phononTS,0.00315349,-0.00022318,0.000147899,-3.64406e-05,330.739,0.000764,1,-1.74771e-06,4.69199e-06,0.0002625,415.632
0,1490301,10,phononTS,0.000980234,-1.74771e-06,4.69199e-06,0.000262498,415.632,0.000432602,1,5.70019e-05,-0.000195769,-0.0002625,528.611
0,1491787,21,phononTF,0.000563169,0.00108627,-0.000866491,-0.0002625,568.355,0.000382,1,0.000995662,-0.00100182,0.0002625,758.275
0,1491787,2,phononTS,0.00066423,0.000255851,0.00019501,0.000262498,240.939,0.00066423,1,0.000288962,0.00018115,-0.0002625,331.627
0,1492575,3,phononL,0.00209475,-0.000170486,0.000363806,-0.0002625,781.796,0.000382,1,8.53301e-07,-1.45254e-06,0.0002625,927.481
0,1495206,3,phononTF,0.000431779,-2.29242e-05,-0.000269994,-0.000262498,469.507,0.000382,1,6.04525e-08,-4.49125e-06,0.0002625,575.877
0,1496916,22,phononTS,0.000440105,0.000369074,5.69644e-05,-0.0002625,1297.62,0.000382,1,9.95067e-07,2.26105e-06,0.0002625,1586.78
0,1498512,17,phononTF,0.000535181,-0.00171576,-0.000286105,-0.000262498,1329.94,0.000382,1,-0.00200034,2.16851e-06,0.0002625,1443.6
0,1498512,13,phononTS,0.000542757,-0.000140113,0.000634172,0.000262498,487.662,0.000542757,1,0.00127338,0.0015376,-0.0002625,836.19
0,1502188,18,phononTF,0.000391956,0.00100135,-0.00299728,0.000262498,2784.26,0.000391956,1,0.000237829,-0.00195319,-0.0002625,3030.19
0,1503093,3,phononTF,0.00830918,0.000131646,0.000130799,0.000210707,519.155,0.001528,1,-4.45519e-06,-3.36664e-06,0.0002625,765.524
0,1503457,5,phononTS,0.000396403,7.46003e-05,-0.000403542,-0.000262498,842.883,0.000382,1,2.78691e-08,2.53738e-06,0.0002625,980.892
0,1503742,6,phononTS,0.00046313,0.0019972,-0.00200022,0.0002625,55.6809,0.00046313,1,0.00302791,-0.0033191,-0.0002625,1101.23
0,1503742,5,phononTF,0.00159621,-6.42376e-05,0.000637541,0.000262498,55.6809,0.000783732,1,0.00219508,-0.000485626,-0.0002625,512.353
0,1504327,6,phononTS,0.00277397,-6.04063e-06,0.000390317,-0.0002625,111.529,0.000382,1,1.69136e-06,-4.97816e-06,0.0002625,374.978
0,1504647,8,phononTS,0.000437151,-0.00199848,0.00199975,0.0002625,284.277,0.000437151,1,-0.00305293,0.00226365,-0.0002625,1011.51
0,1504647,5,phononTF,0.0009263,0.000113613,0.000639477,0.000262498,13.0159,0.000229914,1,-7.82745e-05,0.000434204,-0.0002625,115.441
0,1520865,2,phononTS,0.000597774,-8.13581e-08,3.46419e-06,0.0002625,697.121,0.000597774,1,-6.58797e-06,2.9032e-05,-0.0002625,877.7
0,1534223,18,phononTS,0.00070253,0.00200122,-2.63876e-06,0.000262498,1577.26,0.000385066,1,0.00203687,-0.000401109,-0.0002625,1709.39
0,1539570,10,phononTF,0.00101185,0.00100029,0.000998673,0.000262498,517.046,0.00040442,1,0.00159734,0.000419236,-0.0002625,685.365
0,1543017,16,phononTS,0.000662081,-0.000996194,0.0010017,0.000262498,1371.52,0.000662081,1,-0.00178089,0.000824527,-0.0002625,1563.86
0,1544274,1,phononTF,0.01,2.33066e-05,2.57528e-05,0.000199029,0,0.000764,1,-2.77642e-06,1.00758e-06,0.0002625,330.274
0,1544274,4,phononTF,0.000582622,-2.77642e-06,1.00758e-06,0.000262498,330.274,0.000582622,1,0.000316344,0.000326421,-0.0002625,449.28
0,1550799,8,phononTS,0.000546321,3.68952e-06,-1.31928e-06,0.0002625,982.843,0.000546321,1,-0.000417354,0.000232817,-0.0002625,1285.64
0,1550799,3,phononTS,0.000719726,-0.000518569,0.000272172,0.000262498,582.495,0.000719726,1,-2.79579e-05,0.00115214,-0.0002625,817.083
0,1550799,2,phononTS,0.00287717,-0.000518569,0.000272172,0.000262498,582.495,0.000728952,1,-0.000675477,0.000225123,-0.0002625,685.947
0,1551167,9,phononTS,0.000420929,0.000507824,2.35823e-05,-0.000262498,180.443,0.000382,1,-4.57898e-06,-1.39719e-06,0.0002625,328.401
0,1551167,5,phononTF,0.000505197,1.11186e-05,0.000500425,0.000262498,31.3178,0.000505197,1,-0.000486971,4.64106e-05,-0.0002625,179.257
0,1551167,4,phononL,0.000747662,1.11186e-05,0.000500425,0.000262498,31.3178,0.000747662,1,0.00103984,0.000416045,-0.0002625,155.867
0,1551167,3,phononTF,0.00100623,1.11186e-05,0.000500425,0.000262498,31.3178,0.00100623,1,7.18515e-05,0.000441258,-0.0002625,122.392
0,1557378,8,phononTF,0.000464931,-0.005,0.00398932,-0.000113933,1106.47,0.000382,1,0.00100275,-0.00300231,0.0002625,4226.49
0,1557378,6,phononTF,0.00136117,0.005,-0.000488458,7.41817e-05,620.685,0.000722132,1,0.00451519,-3.28916e-06,-0.0002625,3439.58
0,1565939,9,phononL,0.000390308,0.000999106,0.000998354,0.000262498,301.677,0.000390308,1,0.000705363,0.00107986,-0.0002625,369.721
0,1566342,3,phononTS,0.0004514,-8.58581e-06,0.000727631,-0.000262498,360.589,0.000382,1,0.000995368,0.0010028,0.0002625,594.74
0,1568370,3,phononTF,0.000977809,-0.000182632,0.000109001,-0.0002625,413.855,0.000382,1,-8.96424e-07,2.22016e-06,0.0002625,1010.36
0,1573184,1,phononTS,0.01,-0.000997551,0.00100376,0.000253519,0,0.002292,1,-0.000998221,0.00100358,0.0002625,919.529
0,1573184,6,phononL,0.000529115,-0.000998221,0.00100358,0.000262498,919.529,0.000529115,1,-0.000845247,0.000443604,-0.0002625,1004.02
0,1573184,5,phononTS,0.000474544,-0.00276425,-0.005,-7.35295e-05,919.529,0.000474544,1,-0.00274696,-0.00495092,-0.0002625,2468.09
0,1573184,4,phononTS,0.00168201,-0.000998221,0.00100358,0.000262498,919.529,0.00125084,1,-0.00105871,0.000951111,-0.0002625,1014.29
0,1589577,3,phononTS,0.00106015,0.0019965,0.0019979,0.0002625,41.0539,0.00106015,1,0.00290148,0.00271135,-0.0002625,820.791
0,1589577,2,phononTF,0.00214388,0.00312349,-0.00123722,-0.000192872,41.0539,0.00199649,1,0.00306469,-0.001284,-0.0002625,710.619
0,1591112,11,phononTS,0.000582448,2.93505e-07,2.5168e-06,0.000262498,442.922,0.000582448,1,-4.58413e-05,-9.36739e-05,-0.0002625,540.759
0,1593802,22,phononTF,0.000527697,-3.8479e-06,0.00199858,0.000262498,459.747,0.000527697,1,-0.000444334,0.00400666,-0.0002625,847.775
0,1601257,26,phononL,0.000442468,0.00128513,0.00132076,-0.0002625,1921.03,0.000382,1,0.000998813,0.00100474,0.0002625,2069.86
0,1601805,12,phononTF,0.000512861,-0.000775661,0.000787965,-0.000262498,477.991,0.000382,1,-0.000997287,0.000999095,0.0002625,581.973
0,1618616,15,phononTF,0.000415589,-2.62269e-06,4.66058e-07,0.000262498,275.347,0.000415589,1,0.000348533,9.96647e-05,-0.0002625,392.897
0,1618616,5,phononTS,0.000833723,0.000124806,0.000496258,0.000262498,38.6578,0.000833723,1,0.000265115,0.000655784,-0.0002625,153.793
0,1618616,4,phononTS,0.00166229,0.000124806,0.000496258,0.000262498,38.6578,0.00139315,1,0.000303383,0.000450203,-0.0002625,144.329
0,1618616,3,phononTS,0.000500817,0.000124806,0.000496258,0.000262498,38.6578,0.000500817,1,0.000300883,0.00131689,-0.0002625,237.346
0,1624378,11,phononL,0.000414654,-0.000585759,0.00137926,-0.0002625,659.437,0.000382,1,-0.000996284,0.000997232,0.0002625,816.522
0,1624378,3,phononTF,0.000480132,0.000105758,0.000759958,0.000262498,302.277,0.000480132,1,0.00051884,0.00118219,-0.0002625,438.142
0,1626559,12,phononTS,0.000648477,-1.61207e-10,3.43156e-06,0.000262498,270.095,0.000648477,1,0.00104054,-0.00147334,-0.0002625,641.169
0,1629944,3,phononL,0.00564978,0.000112112,0.00031119,-0.0002625,68.9182,0.001528,1,-1.37993e-06,-3.21498e-06,0.0002625,214.637
0,1629944,5,phononTS,0.000561466,-1.37993e-06,-3.21498e-06,0.000262498,214.637,0.000561466,1,-0.000164691,0.000947601,-0.0002625,435.47
0,1635686,3,phononTF,0.00096731,0.000113288,0.000119478,-0.0002625,261.057,0.000382,1,-4.25408e-06,-3.16612e-06,0.0002625,449.973
0,1635686,2,phononL,0.00241189,0.00023083,0.000242121,0.000262498,261.057,0.000469993,1,-0.000154958,-0.000661046,-0.0002625,384.022
0,1643286,17,phononTF,0.00051051,-0.000997229,0.00300166,0.000262498,1790.75,0.00051051,1,-0.000663535,0.00345978,-0.0002625,1927.75
0,1643286,15,phononTS,0.00148522,-0.000783743,0.00277982,0.000262498,1603.44,0.000893979,1,-0.00190077,0.00228021,-0.0002625,1867.73
0,1647083,12,phononTS,0.00083554,0.000700336,0.000272234,-0.000262498,286.511,0.000382,1,0.000995774,0.00100298,0.0002625,483.888
0,1666399,8,phononTF,0.000603381,-3.7964e-06,3.94279e-06,0.000262498,414.418,0.000603381,1,-0.000517938,0.00183219,-0.0002625,774.488
0,1669239,11,phononTS,0.000767897,-0.00199536,-2.49509e-06,0.000262498,711.082,0.000767897,1,-0.00254184,0.000572963,-0.0002625,912.137
0,1674570,10,phononTS,0.000839316,0.000385642,0.00195725,-0.0002625,745.099,0.000382,1,-3.39408e-06,0.00199617,0.0002625,1543.77
0,1684788,3,phononTF,0.00102808,-0.000586075,0.000674513,-0.0002625,231.559,0.000382,1,-0.000998173,0.000996668,0.0002625,492.153
0,1684788,21,phononTF,0.000585795,-0.000998173,0.000996668,0.000262498,492.153,0.000585795,1,0.000805931,0.000308577,-0.0002625,854.04
0,1694186,2,phononTS,0.00358658,0.00300067,0.000999453,0.0002625,23.5429,0.00266284,1,0.00427942,-0.0014621,-0.0002625,1752.07
0,1695546,2,phononTS,0.00700925,3.52776e-05,0.00220641,0.000128278,4.70148,0.000764,1,3.41976e-06,0.00199555,0.0002625,461.584
0,1695546,10,phononTS,0.00183079,3.41976e-06,0.00199555,0.000262499,461.584,0.000590719,1,7.91537e-06,0.00194904,-0.0002625,552.13
0,1703471,3,phononTF,0.000464867,0.00162607,0.0016193,-0.0002625,1033.7,0.000382,1,0.00200403,0.00199908,0.0002625,1548.76
0,1704303,9,phononL,0.000878292,0.00134762,0.000105935,-0.0002625,328.747,0.000382,1,0.00199913,2.87698e-06,0.0002625,509.714
0,1717556,2,phononTS,0.00105204,0.000636918,0.000796803,-0.0002625,87.5815,0.000382,1,0.000995775,0.000999307,0.0002625,370.205
0,1721113,8,phononTF,0.000691674,0.000206324,0.000635853,-0.0002625,360.873,0.000382,1,0.00100056,0.00100344,0.0002625,649.708
0,1729878,10,phononTS,0.000436157,0.000895588,-7.61599e-05,-0.0002625,351.449,0.000382,1,0.000996543,-0.00100417,0.0002625,781.188
0,1729878,7,phononTS,0.00111995,0.000265355,0.000710329,0.000262498,143.104,0.00111995,1,0.000244774,0.000822844,-0.0002625,243.304
0,1733182,2,phononTS,0.00565244,0.000989672,0.00100702,0.000137425,64.579,0.001146,1,0.000999284,0.000997047,0.0002625,530.139
0,1740260,2,phononL,0.000604259,-6.81832e-05,0.000548409,-0.000262498,396.872,0.000382,1,2.36564e-06,4.22805e-06,0.0002625,478.658
0,1740261,1,phononTS,0.01,8.71954e-05,0.000271853,-0.000252679,0,0.00655385,1,7.89835e-05,0.000274175,-0.0002625,362.363
0,1744328,5,phononL,0.000669153,-0.000462846,-0.000604337,-0.0002625,27.0916,0.000382,1,-0.00100294,-0.00100194,0.0002625,400.537
0,1754528,9,phononL,0.000662158,3.2654e-05,-0.00147929,-0.0002625,599.734,0.000382,1,-3.43526e-06,-0.00199877,0.0002625,910.65
0,1754528,4,phononL,0.00250373,4.69003e-05,0.000688048,0.000262498,93.4711,0.00227702,1,-0.000729234,0.000557679,-0.0002625,195.123
0,1754528,3,phononTS,0.00135482,4.69003e-05,0.000688048,0.000262498,93.4711,0.000931743,1,0.00247934,0.0025109,-0.0002625,666.774
0,1754928,11,phononTS,0.000970546,0.00099706,0.00100115,0.000262498,243.582,0.000398387,1,0.00103901,0.000736335,-0.0002625,362.525
0,1758090,18,phononTF,0.00079075,-8.64394e-05,-9.77357e-05,-0.000262498,910.696,0.000382,1,3.82245e-06,-1.17641e-06,0.0002625,1003.51
0,1758967,4,phononL,0.00075681,0.000996368,0.00100342,0.0002625,327.842,0.000284519,1,0.00126406,0.00140973,-0.0002625,484.432
0,1759921,8,phononTF,0.000469861,0.000815261,0.000809594,-0.0002625,541.803,0.000382,1,0.001001,0.00100215,0.0002625,743.554
0,1768236,4,phononTS,0.00212452,0.000279697,0.000367814,-0.0002625,425.776,0.000382,1,1.67743e-06,1.0368e-06,0.0002625,723.784
0,1768236,15,phononTS,0.000489596,1.67743e-06,1.0368e-06,0.000262498,723.784,0.000489596,1,0.00145777,-0.000495351,-0.0002625,1045.68
0,1768236,14,phononTS,0.00124957,1.67743e-06,1.0368e-06,0.000262498,723.784,0.00124957,1,-0.000689375,-4.2715e-05,-0.0002625,896.894
0,1768236,3,phononTF,0.000867632,0.000557716,0.00073459,0.000262498,425.776,0.000777171,1,0.000717957,0.000670914,-0.0002625,522.221
0,1769953,11,phononTS,0.00169515,-0.00234027,-0.00263638,-0.0002625,666.227,0.000382,1,2.84321e-06,-0.00200365,0.0002625,2821.58
0,1769953,12,phononTF,0.00077886,2.84321e-06,-0.00200365,0.000262498,2821.58,0.000466492,1,-0.000257924,-0.00226793,-0.0002625,2931.66
0,1777968,7,phononTS,0.000463495,8.64958e-05,0.00119808,-0.0002625,3.55138,0.000382,1,-4.64689e-06,0.0020012,0.0002625,350.105
0,1779794,1,phononTS,0.01,-0.000998144,0.000999167,0.000259786,0,0.002674,1,-0.000998016,0.000999327,0.0002625,973.092
0,1779794,8,phononTS,0.000756627,-0.000998016,0.000999327,0.000262498,973.092,0.000250106,1,-0.00099295,0.00159222,-0.0002625,1128.62
0,1782259,3,phononTF,0.00503705,6.87174e-05,7.17603e-05,4.19228e-05,572.062,0.001146,1,-1.93227e-06,-1.54739e-06,0.0002625,1617.02
0,1783463,17,phononTS,0.000651929,0.00099672,0.001004,0.000262498,1162.59,0.000651929,1,0.00181447,0.00142195,-0.0002625,1382.13
0,1787500,3,phononTF,0.000854192,0.000227624,0.000215431,-0.000262498,352.823,0.000382,1,4.05653e-06,1.26566e-06,0.0002625,457.12
0,1793590,12,phononTS,0.000523066,-4.44853e-05,0.000366018,-0.0002625,904.809,0.000382,1,-4.83163e-06,-3.10033e-06,0.0002625,1167.58
0,1793590,9,phononTS,0.00382688,-2.45922e-05,0.00191143,0.000255316,618.247,0.00172042,1,0.00208509,0.000684822,-0.0002625,1141.64
0,1797221,3,phononTS,0.000478298,-0.000273367,0.00101703,-0.0002625,350.031,0.000382,1,-0.00100037,0.000999461,0.0002625,711.742
0,1798737,10,phononTS,0.000803582,-0.00199724,-0.00200164,0.000262498,1259.82,0.000422446,1,-0.00206765,-0.00131053,-0.0002625,1432.72
0,1808132,8,phononTS,0.000651746,0.00196471,0.00116132,-0.000262498,531.015,0.000382,1,0.00100186,0.000996204,0.0002625,754.957
0,1815887,8,phononTS,0.000854176,-4.53237e-06,1.51351e-06,0.0002625,361.689,0.000522132,1,0.000259931,-1.61373e-05,-0.0002625,593.787
0,1815887,4,phononTS,0.000391849,0.000378593,0.000696362,0.000262498,176.761,0.000391849,1,0.000572531,0.000348092,-0.0002625,316.124
0,1815887,3,phononTF,0.000975195,0.000378593,0.000696362,0.000262498,176.761,0.000543489,1,0.000539251,0.000346006,-0.0002625,294.87
0,1818342,17,phononL,0.000778846,-0.00171963,0.00190276,-0.0002625,704.442,0.000382,1,-0.00199699,0.00199723,0.0002625,859.7
0,1818342,16,phononTS,0.00186307,-0.00120217,0.00158611,0.000262498,704.442,0.00080542,1,7.83223e-05,0.00204578,-0.0002625,996.022
0,1821952,9,phononTS,0.00150467,0.005,-0.00290593,-0.000154108,272.308,0.000382,1,0.0020048,-2.75465e-06,0.0002625,2078.91
0,1830472,3,phononTF,0.00132168,-0.00433695,-0.00169789,-0.0002625,24.8125,0.000382,1,-0.00299767,-0.00100207,0.0002625,1481.25
0,1831772,3,phononTS,0.00102214,0.000307658,0.000461377,-0.000262498,129.887,0.000382,1,-1.24963e-06,0.00199836,0.0002625,473.378
0,1835822,6,phononTS,0.000532474,-0.000793933,0.00208683,-0.000262498,1159.92,0.000382,1,1.65997e-06,0.00199512,0.0002625,1348.38
0,1843053,5,phononTS,0.00225269,0.000647162,0.00085168,-0.0002625,43.8655,0.000382,1,0.000999351,0.000999149,0.0002625,316.158
0,1853504,2,phononTF,0.000612713,-0.000401633,-0.000172565,-0.0002625,21.781,0.000382,1,-0.00100374,-0.00100173,0.0002625,429.37
0,1853505,1,phononTS,0.01,-4.3017e-05,0.000966311,-0.00016687,0,0.00719897,1,-9.2721e-06,0.000910209,-0.0002625,210.877
0,1859073,10,phononL,0.000424251,-0.00200024,2.78577e-06,0.0002625,732.859,0.000424251,1,-0.00283817,-0.000156905,-0.0002625,948.7
0,1864411,7,phononTS,0.00169717,-0.00201095,-0.000222859,4.00018e-05,623.87,0.000764,1,-0.00200384,3.05622e-06,0.0002625,2938.11
0,1868679,14,phononTF,0.000750924,0.00112648,0.000866817,-0.0002625,1210.07,0.000382,1,0.00100176,0.000998193,0.0002625,1400.17
0,1868679,4,phononTF,0.000390898,0.000134889,0.00164759,0.000262498,652.793,0.000390898,1,0.000679674,0.00218177,-0.0002625,811.39
0,1868679,3,phononTS,0.000415504,0.000134889,0.00164759,0.000262498,652.793,0.000415504,1,0.000728194,0.00282732,-0.0002625,932.551
0,1869715,9,phononTF,0.00198384,-0.000983712,0.00162328,-0.0002625,451.641,0.000382,1,-0.00200252,0.00200293,0.0002625,901.344
0,1869715,12,phononTF,0.000436557,-0.00200252,0.00200293,0.000262498,901.344,0.000436557,1,-0.00222497,0.00222022,-0.0002625,1005.86
0,1869715,11,phononTS,0.000504587,-0.005,0.00478884,-0.000186876,901.344,0.000504587,1,-0.00475569,0.00490065,-0.0002625,1675.36
0,1869715,10,phononTF,0.000407079,-0.00200252,0.00200293,0.000262498,901.344,0.000407079,1,-0.000430554,0.000444927,-0.0002625,1290.77
0,1873971,11,phononTF,0.000576474,0.000537838,0.000559451,-0.000262498,667.45,0.000382,1,0.00200492,4.47703e-06,0.0002625,969.699
0,1875189,6,phononTS,0.000502318,0.00113553,0.000633295,-0.0002625,88.1038,0.000382,1,0.00100066,0.00100378,0.0002625,789.147
0,1875189,5,phononTF,0.00183032,0.000144898,0.000356413,0.000262498,88.1038,0.000465203,1,0.000685996,-0.000174152,-0.0002625,245.896
0,1876740,7,phononTS,0.000429373,0.00100163,0.000996046,0.0002625,639.272,0.000429373,1,0.00104137,0.000965089,-0.0002625,818.116
0,1888993,15,phononTS,0.00303927,-0.00045972,0.00139083,-0.0002625,1324.85,0.001146,1,-0.000997354,0.00300324,0.0002625,1939.27
0,1890005,14,phononTS,0.000541502,0.00199861,-3.83506e-06,0.000262498,1001.56,0.000541502,1,0.00144794,3.67526e-05,-0.0002625,1154.33
0,1894785,11,phononTF,0.000659316,-4.37392e-06,0.00199955,0.000262498,429.228,0.000659316,1,0.00117169,0.00166419,-0.0002625,678.666
0,1894785,5,phononTS,0.000573643,8.19518e-06,0.000806544,0.000262498,108.037,0.000573643,1,-0.000205827,0.000772414,-0.0002625,217.653
0,1896805,13,phononTF,0.00102718,9.66527e-05,0.00210273,-0.0002625,853.776,0.000382,1,-1.7659e-06,0.00199891,0.0002625,1040.05
0,1898493,2,phononTS,0.000529406,2.34981e-06,1.68996e-06,0.0002625,9.30766,0.000529406,1,-6.08821e-05,-0.000324936,-0.0002625,391.575
0,1905004,16,phononTS,0.000672725,0.000999007,-0.000995711,0.000262498,1426.09,0.00063224,1,0.00100209,-0.00109892,-0.0002625,1526.6
0,1906536,12,phononTS,0.000440214,0.00199593,4.72475e-06,0.000262498,754.234,0.000440214,1,0.00202762,4.10614e-05,-0.0002625,843.676
0,1906536,2,phononTS,0.00283022,0.00013552,0.000624281,0.000262498,13.7029,0.00213903,1,0.00222592,-0.00268544,-0.0002625,751.855
0,1910000,14,phononTF,0.000608153,0.002905,0.000906518,-0.000262498,1511.57,0.000382,1,0.00299657,0.00100328,0.0002625,1604.28
0,1912264,12,phononTS,0.000419385,-8.63651e-07,-0.00200375,0.000262498,492.51,0.000419385,1,0.00252174,-0.000503725,-0.0002625,1073.48
0,1912264,4,phononTF,0.000864595,0.000107489,0.000617092,0.000262498,25.6929,0.000864595,1,-0.000307686,0.000738845,-0.0002625,152.505
0,1917253,6,phononTF,0.000538876,0.000834496,0.00117962,-0.0002625,382.612,0.000382,1,0.00100163,0.00100439,0.0002625,580.499
0,1917253,5,phononTS,0.000939466,0.000667364,0.00135486,0.000262498,382.612,0.000788067,1,0.00067836,0.00131401,-0.0002625,474.359
0,1917253,4,phononTF,0.00215832,0.000667364,0.00135486,0.000262498,382.612,0.00203808,1,0.000781807,0.00117384,-0.0002625,481.282
0,1920819,12,phononTF,0.00101148,0.000180412,-3.4059e-05,-0.0002625,314.308,0.000382,1,4.65295e-06,-1.27265e-06,0.0002625,509.303
0,1920981,9,phononTS,0.000688821,-0.00280415,-0.00158555,-0.000262498,946.041,0.000382,1,-0.00200131,-0.00199914,0.0002625,1163.14
0,1929178,9,phononL,0.000933502,0.000585233,0.000825927,-0.0002625,21.4368,0.000382,1,0.0010014,0.00100468,0.0002625,172.963
0,1935322,9,phononTS,0.000530938,1.58912e-06,1.66589e-06,0.0002625,451.458,0.000530938,1,-2.90882e-05,4.52753e-06,-0.0002625,630.59
0,1935892,6,phononTS,0.000671671,-0.00100076,-0.00100139,0.0002625,2007.84,0.000671671,1,-0.00108042,-0.00095098,-0.0002625,2200.5
0,1935892,2,phononL,0.00455941,-0.000146329,0.000309135,0.000262498,365.303,0.00313816,1,0.000409333,0.000286832,-0.0002625,447.529
0,1944067,1,phononL,0.01,6.01936e-05,-6.09067e-05,0.000145039,0,0.001146,1,-1.50977e-06,-4.335e-06,0.0002625,235.546
0,1945446,17,phononTF,0.000419611,-0.000930644,-0.00030662,-0.000262498,414.624,0.000382,1,-0.00199829,3.39846e-06,0.0002625,646.147
0,1946905,10,phononTS,0.000413131,-2.06206e-06,0.00200299,0.000262498,345.716,0.000413131,1,0.00101085,0.00248692,-0.0002625,598.66
0,1953696,8,phononTS,0.000931375,-0.000802202,0.00261947,-0.0002625,35.1899,0.000382,1,-0.00100157,0.00299935,0.0002625,896.358
0,1953696,7,phononTF,0.000822715,0.000194655,0.000720067,0.000262498,35.1899,0.000822715,1,0.000552306,0.00106451,-0.0002625,158.824
0,1956157,15,phononTF,0.000451693,-8.59588e-07,-2.4322e-06,0.0002625,235.254,0.000451693,1,-0.000409778,-0.000415493,-0.0002625,503.417
0,1956157,3,phononTF,0.00196144,0.000310135,0.000514046,0.000262498,142.145,0.00143688,1,0.000453738,0.000339796,-0.0002625,240.78
0,1956671,10,phononL,0.000762421,5.60136e-07,3.19994e-06,0.000262498,298.345,0.000762421,1,-0.00102293,0.000167492,-0.0002625,423.897
0,1960856,11,phononTF,0.000564931,0.000108343,0.000244592,-0.0002625,199.78,0.000382,1,2.57082e-06,-2.99237e-06,0.0002625,409.639
0,1960856,10,phononTF,0.000555055,0.000214115,0.000492175,0.000262498,199.78,0.000555055,1,0.000328641,0.000401812,-0.0002625,293.493
0,1963580,10,phononTF,0.000466414,-2.52487e-06,-4.75241e-06,0.000262498,641.599,0.000466414,1,0.000233694,0.000243138,-0.0002625,748.834
0,1964484,12,phononTF,0.000553796,5.95007e-05,-7.08232e-05,-0.0002625,146.827,0.000382,1,-3.46628e-06,-4.68448e-06,0.0002625,329.272
0,1965129,3,phononTS,0.000655919,0.00095135,0.00096799,-0.000262498,574.984,0.000382,1,0.00100261,0.00100243,0.0002625,664.169
0,1965351,2,phononL,0.00629913,-0.000161007,-2.73279e-05,9.64977e-06,441.806,0.000764,1,-4.71158e-06,1.41185e-06,0.0002625,653.324
0,1965351,21,phononTF,0.000787115,-4.71158e-06,1.41185e-06,0.000262498,653.324,0.000787115,1,5.07339e-05,-5.67315e-05,-0.0002625,744.287
0,1975658,6,phononTS,0.000619789,-2.76292e-06,0.00200363,0.0002625,325.915,0.000619789,1,0.000229245,0.00315987,-0.0002625,842.429
0,1975658,2,phononTF,0.00308472,-5.86767e-05,0.000731437,0.000262498,227.628,0.00206047,1,-0.00055872,0.00051028,-0.0002625,368.154
0,1976612,4,phononL,0.00274192,-0.000724072,0.000960508,-0.0002625,175.537,0.000382,1,-0.0010018,0.000999912,0.0002625,443.952
0,1976612,8,phononTS,0.000456454,-0.0010018,0.000999912,0.000262498,443.952,0.000456454,1,-0.000918309,0.00104398,-0.0002625,540.783
0,1976612,7,phononTF,0.00109017,-0.0010018,0.000999912,0.000262498,443.952,0.00102293,1,-0.00103304,0.00101242,-0.0002625,534.089
0,1976612,6,phononTF,0.000745114,-0.0010018,0.000999912,0.000262498,443.952,0.000745114,1,-0.000953642,0.00119388,-0.0002625,543.091
0,1976612,3,phononTS,0.00119699,0.000109105,0.000842298,0.000262498,175.537,0.00119699,1,0.000594557,0.000471717,-0.0002625,347.352
0,1979125,11,phononTS,0.000396788,-0.000447171,0.000855624,-0.0002625,207.746,0.000382,1,-0.00100041,0.00100283,0.0002625,531.95
0,1979125,5,phononTS,0.000466637,0.000193459,0.000623986,0.000262498,26.7534,0.000466637,1,0.000321303,0.000531045,-0.0002625,135.243
0,1988309,4,phononTF,0.00177391,-0.00110996,0.00109244,-0.0002625,1039.87,0.000382,1,-0.00199714,0.00199914,0.0002625,1509.76
0,1988309,8,phononTF,0.00108758,-0.00199714,0.00199914,0.000262498,1509.76,0.000619844,1,-0.00181374,0.00175932,-0.0002625,1615.21
0,1995083,5,phononTS,0.000878457,5.34279e-05,0.000559618,-0.0002625,7.29043,0.000382,1,4.93017e-06,-2.81337e-06,0.0002625,258.657
0,1998773,3,phononTF,0.000390926,0.00100429,0.000995192,0.0002625,319.878,0.000390926,1,0.0015901,0.00130468,-0.0002625,630.067
0,2002628,2,phononL,0.001408,-0.000995336,0.000995222,0.0002625,176.136,0.000524122,1,-0.00155494,0.00109485,-0.0002625,426.1
0,2003886,11,phononTS,0.000420376,0.00158047,0.000738637,-0.000262498,742.976,0.000382,1,0.00200325,0.00199569,0.0002625,1028.4
0,2003886,9,phononTS,0.000388571,0.000726945,0.000967352,0.000262498,536.733,0.000388571,1,0.000704096,0.000977654,-0.0002625,629.172
0,2005174,6,phononTS,0.00172373,-0.000617515,0.000969135,-0.0002625,563.003,0.001146,1,-0.000996318,0.000997152,0.0002625,821.989
0,2008916,1,phononTF,0.01,5.09366e-05,-5.57929e-05,0.000154704,0,0.002292,1,-3.26246e-06,-1.74971e-06,0.0002625,644.038
0,2008916,6,phononTF,0.000746312,-3.26246e-06,-1.74971e-06,0.000262498,644.038,0.000746312,1,0.000177064,-0.000175195,-0.0002625,743.576
0,2008960,4,phononTF,0.00063946,0.000339395,0.000180756,-0.000262498,366.543,0.000382,1,-0.000998974,-0.00099787,0.0002625,687.791
0,2009878,9,phononTS,0.00116923,-1.30029e-07,-4.63583e-07,0.000262498,756.215,0.00033185,1,2.26641e-05,-4.01197e-05,-0.0002625,849.743
0,2012482,9,phononTS,0.00105512,5.44377e-05,0.0013285,-0.0002625,6.04687,0.000382,1,4.69033e-06,0.00199813,0.0002625,346.278
0,2014467,3,phononTS,0.00471735,-9.67858e-06,8.86507e-06,0.000148795,556.144,0.000764,1,1.82335e-06,3.70356e-06,0.0002625,576.101
0,2014467,5,phononL,0.000773083,1.82335e-06,3.70356e-06,0.000262498,576.101,0.000773083,1,0.000320442,0.000186116,-0.0002625,647.062
0,2014467,4,phononTS,0.00278728,1.82335e-06,3.70356e-06,0.000262498,576.101,0.00118112,1,5.1698e-05,-3.15041e-05,-0.0002625,665.287
0,2015359,14,phononL,0.00118531,0.000170334,-0.000193407,-0.000262498,308.968,0.000382,1,8.87149e-07,3.636e-06,0.0002625,375.433
0,2015359,15,phononTF,0.000656728,8.87149e-07,3.636e-06,0.000262498,375.433,0.000656728,1,0.000302491,-0.000290417,-0.0002625,490.64
0,2015675,11,phononTS,0.00180444,0.00101998,0.000699109,-0.000262498,211.844,0.000382,1,0.00299714,0.00100014,0.0002625,646.274
0,2015675,12,phononTS,0.000768822,0.00299714,0.00100014,0.000262498,646.274,0.000768822,1,0.00205,0.000906464,-0.0002625,864.431
0,2015675,5,phononTS,0.00068508,0.000143402,0.00067127,0.000262498,9.1616,0.000603571,1,0.000459656,0.000522929,-0.0002625,141.165
0,2019547,9,phononTF,0.000960477,-0.00135966,0.00133276,-0.0002625,690.166,0.000382,1,-0.000999738,0.000998364,0.0002625,923.509
0,2019547,10,phononL,0.000395477,-0.000999738,0.000998364,0.000262498,923.509,0.000395477,1,-0.00159499,0.000838537,-0.0002625,1010.83
0,2019547,3,phononL,0.000736083,-0.000175457,0.000740197,0.000262498,169.895,0.000736083,1,-0.000444661,0.00100534,-0.0002625,241.505
0,2024114,8,phononTS,0.000869939,-0.00199725,0.00200292,0.000262498,2751.55,0.000425841,1,-0.00195509,0.00108838,-0.0002625,2958.58
0,2025772,7,phononTF,0.000439251,-0.00214423,0.000142658,-0.0002625,1171.97,0.000382,1,-0.00200152,4.17198e-06,0.0002625,1460.35
0,2027093,3,phononTS,0.000659787,2.67486e-06,0.00200359,0.0002625,40.2219,0.000659787,1,5.30689e-05,0.00145594,-0.0002625,514.23
0,2032826,12,phononTS,0.00133417,0.00309666,0.00192358,-0.0002625,1349.14,0.000382,1,0.00300273,0.000995449,0.0002625,2295.9
0,2040476,13,phononTS,0.000469407,-0.000121044,0.000265911,-0.0002625,922.698,0.000382,1,2.05471e-06,2.08827e-06,0.0002625,1171.1
0,2043976,4,phononTS,0.00119168,2.7722e-05,0.00147884,-0.000262498,542.879,0.000764,1,1.7724e-06,0.0019953,0.0002625,691.375
0,2050253,6,phononTS,0.000668244,3.474e-05,0.000611694,-0.0002625,36.0355,0.000382,1,0.00100408,0.00100072,0.0002625,366.344
0,2053774,1,phononTF,0.01,5.97354e-05,9.01092e-05,0.000172344,0,0.00191,1,1.03564e-06,-1.45133e-06,0.0002625,943.68
0,2053774,7,phononTF,0.00126807,1.03564e-06,-1.45133e-06,0.000262498,943.68,0.000485358,1,0.000734957,0.000742683,-0.0002625,1143.98
0,2058222,2,phononTS,0.00218091,1.38216e-06,0.000311684,-0.0002625,20.34,0.000764,1,3.04583e-06,-1.21054e-06,0.0002625,265.541
0,2065570,15,phononTS,0.00116558,-5.97251e-05,9.98139e-06,-0.0002625,205.756,0.000382,1,-4.65353e-06,-1.66514e-06,0.0002625,388.447
0,2065570,14,phononTF,0.000512039,-0.000114796,2.16279e-05,0.000262498,205.756,0.000512039,1,-0.000408504,0.000247513,-0.0002625,318.135
0,2065570,13,phononL,0.000920464,-0.000114796,2.16279e-05,0.000262498,205.756,0.000380143,1,-0.00283472,0.00145705,-0.0002625,566.13
0,2066640,18,phononTS,0.000707471,0.00300361,0.00100247,0.000262498,3054.33,0.000558508,1,0.0044344,0.000839003,-0.0002625,3374.26
0,2078193,3,phononTS,0.00652008,0.00118722,0.000908916,-1.35603e-05,1431.89,0.001528,1,0.00099936,0.000997633,0.0002625,1588.15
0,2078193,8,phononL,0.000404311,0.00099936,0.000997633,0.000262498,1588.15,0.000404311,1,8.29102e-05,0.000561192,-0.0002625,1715.06
0,2089266,11,phononTF,0.000566688,0.00099692,-0.00100342,0.000262498,921.225,0.000566688,1,0.000448307,-0.00156845,-0.0002625,1083.17
0,2107041,3,phononTS,0.00125359,0.000548774,-0.000183805,-0.0002625,4.79078,0.000382,1,0.000999278,-0.000998591,0.0002625,448.743
0,2107041,8,phononTS,0.000610734,0.000999278,-0.000998591,0.000262498,448.743,0.000610734,1,0.00101316,-0.00143954,-0.0002625,588.298
0,2107041,2,phononTS,0.0040794,-0.00079613,0.00105572,-4.11015e-05,4.79078,0.00260703,1,-0.000923623,0.00116706,-0.0002625,284.801
0,2116385,7,phononTF,0.000515133,0.000996325,0.000845525,-0.0002625,1284.48,0.000382,1,0.00100348,0.00100176,0.0002625,1572.19
0,2120268,4,phononTS,0.000596052,7.7464e-05,7.73263e-05,-0.000262498,384.149,0.000382,1,-2.17735e-06,1.35515e-06,0.0002625,487.425
0,2120776,17,phononTF,0.000712872,0.000265531,0.00174573,-0.0002625,161.026,0.000382,1,-1.63533e-06,0.00200417,0.0002625,601.383
0,2124753,14,phononTS,0.000517518,-0.00100454,-0.00100387,0.000262498,727.638,0.000517518,1,-0.000986918,-0.00105893,-0.0002625,817.419
0,2126335,4,phononTS,0.00127636,3.218e-05,0.00138092,-0.0002625,118.326,0.000764,1,5.17315e-07,0.00200412,0.0002625,450.2
0,2132406,9,phononL,0.00056876,-0.00163552,0.00148034,-0.0002625,34.1409,0.000382,1,-0.00199878,0.00199952,0.0002625,428.102
0,2133478,14,phononTS,0.00064851,2.14895e-06,5.26386e-05,-0.0002625,234.168,0.000382,1,-4.27241e-06,-1.01733e-06,0.0002625,416.317
0,2135438,11,phononTF,0.000474652,0.000997707,0.00100419,0.000262498,883.354,0.000474652,1,0.00140342,0.00070035,-0.0002625,1012.16
0,2135902,15,phononL,0.000568181,-0.000998071,-0.00100309,0.000262498,1551.8,0.000568181,1,-0.000569708,-0.000944973,-0.0002625,1626
0,2139966,14,phononTF,0.000437067,4.26214e-06,0.00199651,0.000262498,361.213,0.000437067,1,0.000182444,0.00182113,-0.0002625,460.832
0,2140434,4,phononTS,0.000895311,0.000271622,4.17169e-05,-0.000262498,258.054,0.000382,1,4.41703e-06,3.61438e-06,0.0002625,373.661
0,2140434,2,phononTS,0.00851897,-3.86338e-05,0.000192174,-0.000215995,96.7903,0.0053812,1,2.39385e-05,0.000190409,-0.0002625,603.163
0,2149423,12,phononTS,0.000383175,-0.00300399,-0.000996484,0.000262498,698.487,0.000383175,1,-0.00476741,-0.00173935,-0.0002625,1086.32
0,2149423,9,phononTS,0.00043679,5.27224e-05,0.000625646,0.000262498,119.659,0.00043679,1,-0.000751928,0.000559323,-0.0002625,310.022
0,2149423,8,phononTF,0.000613819,5.27224e-05,0.000625646,0.000262498,119.659,0.000396377,1,0.00057678,0.00149546,-0.0002625,325.684
0,2149423,7,phononTS,0.0007695,5.27224e-05,0.000625646,0.000262498,119.659,0.0007695,1,-1.45143e-06,0.000593227,-0.0002625,212.356
0,2154614,6,phononTF,0.00039409,0.00156148,0.000441894,-0.0002625,1563.45,0.000382,1,0.00200499,-1.1876e-06,0.0002625,1865.32
0,2154614,3,phononL,0.00310227,0.000167477,-0.000840823,0.000116912,4.62585,0.00193227,1,0.00067528,-0.000901982,-0.0002625,420.904
0,2154836,2,phononTS,0.00584745,0.000776609,0.00102023,3.48195e-05,490.756,0.00191,1,0.00100483,0.000998984,0.0002625,1172.75
0,2171879,5,phononTF,0.000522012,-0.000670441,0.000959657,-0.000262498,385.763,0.000382,1,-4.6493e-06,0.00199514,0.0002625,624.44
0,2177368,7,phononTF,0.00192071,0.000112731,-0.000254091,-0.0002625,237.807,0.000764,1,2.28115e-06,-2.73001e-06,0.0002625,448.587
0,2178903,15,phononTS,0.000407499,-0.005,0.000232129,-0.000243655,640.768,0.000407499,1,-0.0049565,0.000231991,-0.0002625,1555.59
0,2192308,14,phononTF,0.000547002,0.000962601,0.000828972,-0.000262498,834.203,0.000382,1,0.00100275,0.00100128,0.0002625,931.45
0,2197902,20,phononTS,0.000470679,0.00100332,0.000995834,0.0002625,517.719,0.000470679,1,0.000991702,0.000982891,-0.0002625,973.075
0,2202149,14,phononTS,0.000546532,-0.0010014,0.00299836,0.0002625,1464.24,0.000546532,1,0.00155522,0.00440288,-0.0002625,3610.19
0,2202149,5,phononTF,0.00108678,0.000209301,0.000667128,0.000262498,30.9726,0.00108678,1,-0.000226027,0.00106338,-0.0002625,167.558
0,2202149,4,phononTF,0.000413314,0.000209301,0.000667128,0.000262498,30.9726,0.000413314,1,0.00173343,-3.05463e-05,-0.0002625,348.107
0,2202149,3,phononTS,0.000783308,0.000209301,0.000667128,0.000262498,30.9726,0.00074738,1,0.000236561,-0.000213173,-0.0002625,234.273
0,2202149,2,phononTS,0.00198994,0.000209301,0.000667128,0.000262498,30.9726,0.000656019,1,0.000164385,0.00076225,-0.0002625,128.754
0,2204267,9,phononTF,0.000612212,0.00261395,0.00138206,-0.0002625,585.807,0.000382,1,0.00300476,0.000999385,0.0002625,845.342
0,2205357,9,phononTS,0.000456009,-0.00296139,-0.000432624,-0.000262498,845.951,0.000382,1,-0.00300446,-0.00100162,0.0002625,1001.3
0,2209046,10,phononTF,0.000874525,0.000188712,-0.000179482,-0.000262498,1190.35,0.000382,1,4.53707e-06,-4.59532e-06,0.0002625,1290.14
0,2212349,9,phononTS,0.000552967,0.000510588,4.72111e-05,-0.000262498,215.462,0.000382,1,-2.16271e-06,-4.70763e-06,0.0002625,362.767
0,2223073,19,phononTF,0.000413485,-0.000995397,-0.00100118,0.000262498,888.727,0.000413485,1,-0.000544298,-0.000733269,-0.0002625,1022.84
0,2229919,3,phononTS,0.00621743,1.98378e-06,-2.92307e-06,0.000262149,19.9391,0.001528,1,2.57551e-06,-2.94389e-06,0.0002625,309.112
0,2234275,6,phononL,0.000459057,0.000722985,-0.00015338,-0.000262498,201.373,0.000382,1,0.00100321,-0.000996919,0.0002625,313.951
0,2234275,2,phononTS,0.00580906,0.000127795,0.000634127,0.000262498,4.17679,0.00408422,1,0.000199088,0.000804964,-0.0002625,115.036
0,2237394,14,phononTS,0.000625748,3.28799e-06,0.00199831,0.000262498,1517.51,0.000625748,1,2.45712e-05,0.0019436,-0.0002625,1607.14
0,2253104,5,phononTS,0.000470823,-0.00102764,-0.000977409,-0.000262498,931.418,0.000382,1,-0.00100479,-0.00100161,0.0002625,1021.09
0,2253104,2,phononTS,0.00306449,0.000538869,0.000454082,-0.00026023,297.38,0.00268261,1,0.000536239,0.000449084,-0.0002625,298.573
0,2265531,19,phononTF,0.00111562,0.000706848,0.000689838,-0.000262498,786.3,0.000382,1,0.00100025,0.00099686,0.0002625,901.811
0,2266713,2,phononTS,0.00311505,0.000588188,0.000889754,-0.0002625,96.7566,0.001146,1,0.000995489,0.00100275,0.0002625,377.805
0,2268584,16,phononTS,0.000548951,1.5922e-06,5.59524e-07,0.000262498,832.133,0.000548951,1,0.00233756,-0.00133007,-0.0002625,1356.25
0,2269965,9,phononTS,0.00085055,9.44972e-06,0.000718799,-0.000262498,224.336,0.000382,1,2.35354e-06,2.67551e-06,0.0002625,400.897
0,2276811,8,phononL,0.000616765,0.000573868,-0.000205329,-0.0002625,9.30276,0.000382,1,0.00100128,-0.00100182,0.0002625,241.019
0,2276811,7,phononTS,0.000802733,0.000146455,0.000591161,0.000262498,9.30276,0.000802733,1,0.000181894,0.000776655,-0.0002625,116.003
0,2276811,6,phononTF,0.00106626,0.000146455,0.000591161,0.000262498,9.30276,0.00106626,1,0.000499065,0.000236943,-0.0002625,133.395
0,2276811,5,phononTF,0.00060758,0.000146455,0.000591161,0.000262498,9.30276,0.00060758,1,0.000539531,0.000193075,-0.0002625,140.637
0,2276811,4,phononTF,0.00043098,0.000146455,0.000591161,0.000262498,9.30276,0.00043098,1,0.000232578,0.000784828,-0.0002625,108.708
0,2292686,12,phononTF,0.000402661,0.000576231,0.0010675,-0.0002625,2425.73,0.000382,1,-0.000996648,-0.00100051,0.0002625,3346.6
0,2295812,7,phononTS,0.000738929,-4.99439e-06,2.1694e-06,0.0002625,19.0636,0.000738929,1,-3.72632e-05,-0.000301323,-0.0002625,379.618
0,2295812,6,phononTF,0.000771664,5.9543e-05,0.000609153,0.000262498,19.0636,0.000227321,1,0.000714079,-5.19128e-05,-0.0002625,201.924
0,2310327,2,phononTS,0.00382002,0.00199953,-0.00199898,0.0002625,4.84966,0.00242992,1,0.00290592,-0.00206381,-0.0002625,977.286
0,2314724,13,phononTS,0.000818363,8.21525e-05,0.00070447,-0.000262498,100.161,0.000382,1,-4.89109e-06,4.53987e-06,0.0002625,279.916
0,2314724,14,phononTF,0.000383952,-4.89109e-06,4.53987e-06,0.000262498,279.916,0.000383952,1,0.000698776,0.000846319,-0.0002625,491.983
0,2314725,1,phononTF,0.01,0.000165296,0.000681433,-0.000238888,0,0.0030209,1,0.000174873,0.000691448,-0.0002625,999.007
0,2315199,4,phononTF,0.000456191,0.00100232,0.000995704,0.0002625,403.643,0.000456191,1,0.00116889,0.00105042,-0.0002625,597.383
0,2319836,2,phononTS,0.000990547,-6.5905e-05,0.000707613,-0.0002625,29.9222,0.000382,1,0.00100373,0.000996594,0.0002625,556.6
0,2337503,15,phononTS,0.000477434,-0.00189609,-0.00205175,-0.0002625,643.189,0.000382,1,-0.00200414,-0.00200237,0.0002625,960.42
0,2339509,4,phononTS,0.00141045,3.40997e-05,0.000288585,-0.0002625,19.8194,0.000764,1,3.76757e-06,2.41911e-06,0.0002625,256.136
0,2339719,12,phononTF,0.000519168,-4.28347e-06,-3.61706e-06,0.000262498,589.797,0.000519168,1,-0.000296086,0.000288605,-0.0002625,704.38
0,2339719,9,phononTS,0.000577097,0.000248831,0.000570564,0.000262498,77.9999,0.000577097,1,0.000224955,0.000518614,-0.0002625,167.579
0,2339719,8,phononTS,0.000394434,0.000248831,0.000570564,0.000262498,77.9999,0.000394434,1,0.000249146,0.000577201,-0.0002625,169.04
0,2340701,6,phononTS,0.000657036,-0.000995978,0.00300214,0.000262498,1078.14,0.000657036,1,-0.00102505,0.0029498,-0.0002625,1167.49
0,2343969,16,phononTS,0.000688187,2.20262e-05,3.96597e-05,-0.0002625,269.275,0.000382,1,-2.37404e-06,2.81657e-06,0.0002625,474.438
0,2343969,15,phononTS,0.00111744,0.000245763,6.63973e-05,0.000262498,269.275,0.000963899,1,0.00109175,0.000281542,-0.0002625,473.614
0,2347629,10,phononTS,0.00382082,0.000227136,0.00104377,-6.16572e-05,1294.03,0.002718,1,0.000222187,0.00104978,-0.0002625,1709.22
0,2348067,3,phononTF,0.00407502,-0.000997144,0.00299942,0.0002625,116.303,0.00364674,1,-0.00107955,0.0029086,-0.0002625,1152.19
0,2355441,2,phononTS,0.00155199,-0.000817502,0.00121572,-0.0002625,355.479,0.000764,1,-0.00199696,0.00200256,0.0002625,964.006
0,2355908,24,phononTF,0.000550098,-0.00224757,0.00154226,-0.0002625,1725.41,0.000382,1,-0.000996579,0.000997044,0.0002625,2090.76
0,2357531,7,phononTS,0.000418725,-2.74681e-06,1.97094e-06,0.0002625,546.039,0.000418725,1,-0.00322209,0.00254831,-0.0002625,1405.49
0,2362315,2,phononTF,0.0028822,0.000707775,-0.000648788,-0.0002625,115.701,0.000764,1,0.000995529,-0.000998072,0.0002625,599.612
0,2362315,12,phononTS,0.000895967,0.000995529,-0.000998072,0.000262498,599.612,0.000461087,1,0.000538972,-0.00100046,-0.0002625,740.624
0,2369613,11,phononTS,0.000541619,0.00117197,0.00177801,-0.0002625,808.287,0.000382,1,0.000998169,0.000996857,0.0002625,1191.54
0,2369613,10,phononTF,0.0016576,0.00134577,0.00255917,0.000262498,808.287,0.00149688,1,0.00202215,0.00323937,-0.0002625,995.489
0,2369749,14,phononTS,0.000388914,-4.74333e-06,1.42823e-06,0.000262498,1711.59,0.000388914,1,2.17608e-05,-4.73401e-05,-0.0002625,1801.08
0,2374469,7,phononTS,0.000873636,0.00164835,0.00165157,-0.0002625,351.101,0.000382,1,0.00200281,0.00200168,0.0002625,815.817
0,2377602,11,phononTS,0.000395094,0.000289986,3.41179e-06,-0.000262498,228.693,0.000382,1,1.32803e-08,-2.67244e-06,0.0002625,348.733
0,2383296,34,phononTS,0.00042412,-0.00104688,0.00104107,-0.000262498,461.987,0.000382,1,-0.000998681,0.00100256,0.0002625,551.112
0,2394822,17,phononTF,0.000633438,1.6553e-06,0.00199825,0.000262498,1114.55,0.000633438,1,-0.000222568,0.0017661,-0.0002625,1220.06
0,2394822,2,phononTS,0.000902241,0.000120092,0.00074626,0.000262498,44.2402,0.000580511,1,0.000157807,0.000711475,-0.0002625,133.613
0,2400278,8,phononTS,0.000555089,-0.0019986,1.24595e-07,0.000262498,1009.54,0.000555089,1,-0.00194514,2.74548e-05,-0.0002625,1098.94
0,2416737,11,phononL,0.00151762,0.000623702,0.000199456,-0.0002625,3006.96,0.000382,1,-2.59045e-06,3.40505e-06,0.0002625,3188.61
0,2426790,2,phononTF,0.00653016,-0.000206451,0.000433715,-0.000230075,613.809,0.000764,1,6.08605e-07,1.47069e-06,0.0002625,902.73
0,2426790,15,phononTF,0.00120692,6.08605e-07,1.47069e-06,0.000262499,902.73,0.000291333,1,-0.000435789,-0.000451495,-0.0002625,1042.88
0,2427073,3,phononTS,0.00113584,0.000988055,-0.000705945,-0.000262498,582.2,0.000382,1,0.00100162,-0.000996648,0.0002625,700.776
0,2427073,9,phononTS,0.000447752,0.00100162,-0.000996648,0.000262498,700.776,0.000447752,1,-3.44798e-05,-0.000679795,-0.0002625,943.945
0,2432041,11,phononTF,0.000688714,0.0010049,0.0010009,0.000262498,381.12,0.000688714,1,0.000993171,0.000988935,-0.0002625,471.045
0,2432283,15,phononTS,0.000625232,-2.52444e-06,2.71031e-06,0.000262498,536.409,0.000625232,1,-0.000316406,4.22248e-05,-0.0002625,660.964
0,2439016,8,phononTS,0.000417469,0.00100441,-0.000998715,0.000262498,630.115,0.000417469,1,0.00241188,-0.000496564,-0.0002625,951.411
0,2442419,3,phononTS,0.00144678,4.53437e-05,0.000337776,-0.0002625,62.6876,0.000382,1,-4.78798e-07,-4.13746e-06,0.0002625,319.301
0,2442419,13,phononTS,0.00100444,-4.78798e-07,-4.13746e-06,0.000262498,319.301,0.000559041,1,-4.22893e-05,2.99807e-05,-0.0002625,412.486
0,2446050,10,phononTS,0.00067174,-0.00100337,0.000998689,0.0002625,476.544,0.00067174,1,-0.00115395,0.00100478,-0.0002625,786.012
0,2448778,8,phononTS,0.000706117,0.00099527,0.00100471,0.000262498,991.521,0.00050109,1,0.000776469,0.00104232,-0.0002625,1101.72
0,2448778,5,phononTS,0.000888738,0.005,-0.00351937,-0.000213497,543.651,0.000888738,1,0.00490244,-0.0035563,-0.0002625,1534.49
0,2454710,2,phononTF,0.00404404,-0.00322056,-0.00121966,-0.0002625,60.4736,0.001146,1,-0.00299552,-0.000995021,0.0002625,961.549
0,2454710,9,phononTF,0.000523572,-0.00299552,-0.000995021,0.000262498,961.549,0.000523572,1,-0.00276618,-0.00123243,-0.0002625,1067.72
0,2454710,8,phononTF,0.000634426,-0.00299552,-0.000995021,0.000262498,961.549,0.000634426,1,-0.00318608,-0.00117261,-0.0002625,1062.32
0,2455182,7,phononTS,0.00172922,-4.42385e-06,-4.48627e-06,0.0002625,274.604,0.000821613,1,-0.000202943,-9.53618e-05,-0.0002625,619.513
0,2458546,9,phononTS,0.000656208,0.00095503,0.000959028,-0.0002625,193.642,0.000382,1,0.0010033,0.000998883,0.0002625,1001.79
0,2458546,4,phononTF,0.00340933,0.000129271,0.000610138,0.000262498,37.2445,0.00340933,1,0.000453306,0.00028484,-0.0002625,156.947
0,2459628,2,phononTF,0.00274117,3.67772e-05,-7.11778e-05,-0.0002625,1368.01,0.000382,1,-3.99693e-06,2.25258e-07,0.0002625,1733.12
0,2460878,8,phononTS,0.000386249,2.20705e-05,0.000597389,-0.000262498,845.862,0.000382,1,-3.78276e-07,4.97063e-06,0.0002625,1006.94
0,2469182,12,phononTF,0.00041846,2.59158e-06,-6.52909e-07,0.000262498,522.214,0.00041846,1,-0.000750459,0.000770958,-0.0002625,727.424
0,2470862,2,phononL,0.00138971,0.000518498,0.000766113,-0.0002625,613.369,0.000382,1,0.00100077,0.000995222,0.0002625,855.886
0,2470933,17,phononTS,0.000497992,1.7991e-06,-1.66273e-06,0.000262498,974.885,0.000497992,1,2.884e-05,-4.52175e-05,-0.0002625,1067.54
0,2471000,2,phononTS,0.0027642,-0.000998216,0.00096035,0.00014227,137.153,0.000382,1,-0.000998617,0.000998355,0.0002625,502.907
0,2473347,10,phononTS,0.000383105,0.00100362,0.00100197,0.000262498,916.122,0.000383105,1,0.00184335,0.00117254,-0.0002625,1118
0,2473347,7,phononTF,0.00136414,-0.000105894,0.0014793,0.000262498,414.456,0.00136414,1,-0.00451941,0.00295509,-0.0002625,1237.46
0,2473347,6,phononTS,0.000802105,-0.000105894,0.0014793,0.000262498,414.456,0.000802105,1,-6.49342e-05,0.00152317,-0.0002625,503.606
0,2476622,2,phononTF,0.00108391,0.000214445,2.23503e-05,-0.0002625,466.791,0.000382,1,-3.29409e-06,1.66256e-06,0.0002625,689.96
0,2482913,9,phononTS,0.00056559,9.4383e-05,5.01932e-05,-0.000262498,173.825,0.000382,1,-2.90959e-07,8.04606e-08,0.0002625,271.425
0,2482913,4,phononTF,0.00172194,4.98485e-05,0.000608217,0.000262498,24.5528,0.00172194,1,0.000150192,0.000706231,-0.0002625,117.581
0,2483522,10,phononTF,0.000694788,-0.00146712,-0.000535739,-0.0002625,818.649,0.000382,1,-0.000998696,-0.000997906,0.0002625,1107.86
0,2483718,16,phononL,0.000396607,-0.00155231,0.000141716,-0.0002625,396.475,0.000382,1,-0.00200239,1.13091e-06,0.0002625,550.053
0,2486488,25,phononTF,0.00057877,-0.00199591,3.9213e-06,0.000262498,1807.81,0.00057877,1,-0.00275402,0.0022999,-0.0002625,2252.69
0,2487226,6,phononTF,0.000512536,0.005,0.0011341,-0.000117474,231.909,0.000512536,1,0.000549405,0.000446408,-0.0002625,1890.31
0,2490696,5,phononTF,0.00042704,0.000742363,0.00114556,-0.0002625,447.998,0.000382,1,0.00100365,0.000999066,0.0002625,657.706
0,2493357,18,phononTS,0.000661733,0.000997076,-0.000998151,0.000262498,241.387,0.000661733,1,0.00134471,-0.0027776,-0.0002625,635.403
0,2495076,7,phononTS,0.000606942,0.000738554,-0.000351897,-0.0002625,663.573,0.000382,1,-2.93277e-06,-0.00199918,0.0002625,1156.96
0,2500559,11,phononTF,0.000410025,0.000995981,-0.00100475,0.000262498,479.36,0.000410025,1,0.000670734,-0.00131685,-0.0002625,597.75
0,2502723,8,phononTS,0.000391206,-0.00100153,0.000980312,-0.0002625,680.377,0.000382,1,-0.00100006,0.000999824,0.0002625,1000.39
0,2505957,10,phononTS,0.000520138,6.07555e-05,-0.000878154,-0.0002625,5067.67,0.000382,1,0.000996665,-0.00100002,0.0002625,5502.89
0,2508900,7,phononTS,0.000455431,-3.33915e-07,-6.21152e-07,0.000262498,272.292,0.000455431,1,-6.31993e-05,-0.000347229,-0.0002625,402.13
0,2508900,5,phononTF,0.00203843,7.47852e-05,0.000602727,0.000262498,16.9517,0.00147988,1,-0.000153586,0.000837299,-0.0002625,122.854
0,2512121,15,phononTS,0.000446408,-0.00289299,-3.55606e-05,-0.0002625,1664.61,0.000382,1,-0.00200495,2.25091e-06,0.0002625,2077.79
0,2512121,2,phononTF,0.00253969,4.88797e-05,0.000582387,0.000262498,32.7431,0.00129313,1,-0.0017078,0.0023204,-0.0002625,465.201
0,2513145,2,phononTF,0.00450502,-2.06171e-06,-1.64702e-07,0.0002625,158.8,0.00290502,1,-0.000223757,-0.000220717,-0.0002625,473.091
0,2513976,2,phononTS,0.000828586,6.0649e-05,0.00131246,-0.0002625,3.76077,0.000382,1,4.30955e-06,0.00200227,0.0002625,349.45
0,2525499,18,phononTF,0.000560537,0.000884063,0.00110843,-0.0002625,421.968,0.000382,1,0.000995673,0.000995972,0.0002625,892.951
0,2526335,2,phononTS,0.000731319,0.000564071,0.000804978,-0.0002625,28.0574,0.000382,1,0.000999573,0.000998438,0.0002625,327.781
0,2530496,13,phononTS,0.000452454,-0.00181546,0.00128124,-0.0002625,407.4,0.000382,1,-0.00199811,0.0020014,0.0002625,783.485
0,2530861,11,phononTS,0.000722231,0.000999711,-0.00100029,0.0002625,519.146,0.000722231,1,-0.000203232,-0.0016955,-0.0002625,1243.1
0,2533570,15,phononTS,0.00046959,-0.000930772,0.000985841,-0.000262498,513.337,0.000382,1,-0.000997149,0.000995976,0.0002625,608.933
0,2551772,17,phononTS,0.000730533,0.00171196,0.005,-9.17691e-05,3234.95,0.000382,1,-0.00199946,-1.64627e-06,0.0002625,4509.67
0,2551772,3,phononTS,0.000455572,0.000117862,0.000634501,0.000262498,0.988311,0.000455572,1,0.000162241,0.000801048,-0.0002625,105.475
0,2557229,10,phononTF,0.00084517,0.00285276,0.0014654,-0.0002625,2518.8,0.000382,1,0.00199847,0.00199648,0.0002625,2926.7
0,2557229,6,phononTF,0.000391126,0.000206979,0.000634594,0.000262498,31.8459,0.000391126,1,8.97518e-05,0.000740342,-0.0002625,125.942
0,2557455,18,phononTF,0.000819149,0.00200061,0.00200342,0.000262498,1138.88,0.000297722,1,-0.00045425,0.00259582,-0.0002625,1604.7
0,2557455,19,phononTF,0.000521427,-0.00396884,0.005,0.000124019,1604.7,0.000521427,1,-0.00369729,0.00471806,-0.0002625,2437.62
0,2562658,13,phononTS,0.000819419,-0.005,0.0026997,-0.000171758,771.989,0.000819419,1,-0.00475977,0.00230792,-0.0002625,2219.52
0,2562658,4,phononTF,0.000649231,3.5794e-05,0.000795518,0.000262498,98.2643,0.000332661,1,0.000310331,0.000750017,-0.0002625,205.756
0,2566638,7,phononTS,0.00120932,0.00076896,-0.000459231,-0.000262498,508.475,0.000764,1,0.00200066,-3.07108e-06,0.0002625,792.22
0,2567973,2,phononL,0.000445982,0.000498069,0.000809671,-0.000262498,316.77,0.000382,1,-2.66629e-06,-1.11729e-06,0.0002625,438.292
0,2568895,9,phononTS,0.000446987,0.00104422,0.000924378,-0.000262498,1054.39,0.000382,1,0.00100406,0.00100433,0.0002625,1155.18
0,2576480,6,phononTS,0.000754007,3.67793e-06,-5.84364e-07,0.000262498,588.303,0.000754007,1,-0.00107912,0.00049498,-0.0002625,845.725
0,2577419,4,phononTF,0.0025208,0.00102975,0.00129412,-0.0002625,20.7902,0.000382,1,0.0019954,0.00200293,0.0002625,482.077
0,2580126,4,phononTS,0.00234614,8.04396e-05,0.000308456,-0.0002625,34.7763,0.001146,1,1.26899e-07,2.83262e-06,0.0002625,286.704
0,2580126,9,phononTF,0.000973593,1.26899e-07,2.83262e-06,0.000262498,286.704,0.000498081,1,-0.00124638,0.00126489,-0.0002625,603.366
0,2581611,15,phononTS,0.000455605,0.000919451,4.18704e-05,-0.000262498,913.169,0.000382,1,-2.47001e-06,3.52309e-06,0.0002625,1125.09
0,2596065,8,phononTF,0.000580376,0.000102731,0.000125527,-0.0002625,331.549,0.000382,1,-2.48743e-06,4.44676e-06,0.0002625,520.155
0,2613652,10,phononTS,0.000611045,0.000996379,0.00100353,0.0002625,902.235,0.000611045,1,0.000941617,0.00102403,-0.0002625,1081.55
0,2614015,6,phononL,0.00267126,-0.000998577,0.000998742,0.0002625,375.321,0.001273,1,-0.00122605,0.00124753,-0.0002625,584.021
0,2618845,13,phononTS,0.000469264,0.00100074,0.00100373,0.0002625,754.632,0.000469264,1,0.000974805,0.00074322,-0.0002625,984.521
0,2634959,12,phononTS,0.000964375,0.000257281,0.000587782,-0.000262498,113.799,0.000382,1,0.00199935,0.00199688,0.0002625,540.41
0,2637756,7,phononTS,0.000471789,0.00100244,0.00099936,0.000262498,941.268,0.000471789,1,0.001092,0.00116899,-0.0002625,1053.31
0,2641579,15,phononTS,0.000486442,-0.000619225,0.000550052,-0.0002625,1625.94,0.000382,1,-0.00100101,0.000998758,0.0002625,1963.25
0,2641579,2,phononTS,0.00333654,-0.000159951,0.000296536,0.000262498,1073.72,0.00174928,1,-0.00043736,-0.000261296,-0.0002625,1246.08
0,2647182,9,phononL,0.000731867,3.51182e-05,0.000310365,-0.0002625,216.935,0.000382,1,-1.27092e-06,-1.40556e-06,0.0002625,353.68
0,2647182,7,phononL,0.000534797,1.0031e-06,0.000718101,0.000262498,38.4549,0.000534797,1,-0.000235977,0.00058763,-0.0002625,105.266
0,2647182,6,phononTS,0.000523592,1.0031e-06,0.000718101,0.000262498,38.4549,0.000523592,1,9.57028e-06,0.0010011,-0.0002625,157.782
0,2647297,10,phononTF,0.000419414,0.00160293,0.00161914,-0.0002625,408.263,0.000382,1,0.00200201,0.0020031,0.0002625,930.452
0,2647297,9,phononTS,0.000885768,0.000405686,0.000467243,0.000262498,408.263,0.000885768,1,0.000589231,0.0015666,-0.0002625,654.941
0,2666965,2,phononTF,0.00546739,-0.000375286,0.00168105,-0.000170984,526.76,0.001528,1,2.09116e-06,0.0019961,0.0002625,820.854
0,2666965,8,phononL,0.000535734,2.09116e-06,0.0019961,0.000262498,820.854,0.000535734,1,-0.000556585,0.00176765,-0.0002625,907.644
0,2666965,7,phononTS,0.000881349,2.09116e-06,0.0019961,0.000262498,820.854,0.000881349,1,-0.000712233,0.00200655,-0.0002625,998.234
0,2666965,6,phononTS,0.000990128,2.09116e-06,0.0019961,0.000262498,820.854,0.000990128,1,-0.000729545,0.00108081,-0.0002625,1084.05
0,2669523,16,phononTS,0.00042332,0.00104399,0.001024,-0.0002625,5541.28,0.000382,1,3.06985e-06,-3.21436e-06,0.0002625,6166.53
0,2669523,7,phononTF,0.00105078,-0.00289088,0.005,7.1875e-05,1370.01,0.000729661,1,-0.00199461,0.00418675,-0.0002625,2659.84
0,2672432,6,phononTF,0.000922886,0.00203765,8.59337e-05,-0.000262498,654.116,0.000382,1,0.000999247,0.00100024,0.0002625,910.336
0,2672432,7,phononL,0.000511744,0.000999247,0.00100024,0.000262498,910.336,0.000511744,1,0.000978633,0.00166039,-0.0002625,1000.63
0,2672649,4,phononTF,0.00144517,0.00100385,0.00099723,0.0002625,212.789,0.0013566,1,0.00109783,0.000900111,-0.0002625,705.59
0,2677050,4,phononTS,0.000781899,2.93511e-05,0.000303297,-0.0002625,26.1,0.000382,1,4.35172e-06,7.28253e-07,0.0002625,266.721
0,2683813,5,phononTS,0.000566758,0.000252545,0.000944977,-0.000262498,132.786,0.000382,1,4.41698e-06,-1.00178e-06,0.0002625,355.822
0,2690013,6,phononTS,0.000758283,3.42654e-05,0.00033166,-0.000262498,617.344,0.000382,1,-4.67197e-06,-4.59508e-06,0.0002625,741.382
0,2698166,7,phononTS,0.000438653,4.09627e-06,1.62251e-06,0.0002625,892.748,0.000438653,1,2.84282e-05,0.00069518,-0.0002625,1239.87
0,2698313,14,phononTS,0.000673623,-0.000995565,-0.0009977,0.000262498,719.071,0.000673623,1,-0.00100209,-0.00123667,-0.0002625,832.667
0,2698313,3,phononTS,0.0016175,2.353e-05,0.000659046,0.000262498,18.9703,0.00158535,1,-0.000330498,0.00102165,-0.0002625,175.156
0,2702231,3,phononTF,0.00156379,0.000627644,0.000988756,-0.0002625,137.571,0.000382,1,0.000995705,0.00100495,0.0002625,376.659
0,2702231,18,phononTS,0.000958994,0.000995705,0.00100495,0.000262498,376.659,0.000958994,1,0.00146477,0.00207072,-0.0002625,636.186
0,2706346,12,phononTF,0.000518278,-9.69071e-07,0.00199589,0.000262498,377.183,0.000518278,1,0.000303852,0.00259731,-0.0002625,534.567
0,2717109,13,phononTS,0.000401698,-0.000969875,0.0020925,-0.000262498,1930.93,0.000382,1,1.78275e-06,0.00199919,0.0002625,2157.89
0,2717109,2,phononTS,0.000511917,-1.31852e-06,0.000681235,0.000262498,110.214,0.000511917,1,-2.70318e-05,0.000717158,-0.0002625,200.241
0,2718414,3,phononTS,0.00147607,-4.04545e-05,0.000370014,-0.0002625,449.813,0.000382,1,3.70406e-06,1.85754e-06,0.0002625,705.726
0,2738760,13,phononTS,0.00115717,-0.00123021,0.000102672,-0.0002625,980.092,0.000764,1,-0.00199862,1.59121e-06,0.0002625,1355.18
0,2738760,12,phononTF,0.000698422,-0.000461801,0.000203752,0.000262498,980.092,0.000698422,1,-0.000171968,0.000480441,-0.0002625,1093.07
0,2739481,11,phononL,0.00062993,-0.00237743,0.00242,-0.0002625,998.02,0.000382,1,-0.00199933,0.00200497,0.0002625,1166.45
0,2742541,8,phononTF,0.000605454,0.000229766,0.000426393,-0.000262498,238.058,0.000382,1,-4.26396e-06,4.71005e-06,0.0002625,367.251
0,2742541,2,phononTS,0.00115277,0.00017997,0.000399856,0.000262498,148.581,0.000606178,1,0.000271059,-0.000840653,-0.0002625,429.203
0,2744249,6,phononTF,0.00069077,-0.0016473,0.00166917,-0.0002625,645.159,0.000382,1,-0.000996104,0.000999798,0.0002625,1011.78
0,2744249,2,phononTS,0.00465117,0.000113544,0.000644705,0.000262498,1.96471,0.00330909,1,0.000260582,0.000517256,-0.0002625,114.898
0,2748159,3,phononTS,0.000964954,-0.000495238,0.000846531,-0.0002625,141.83,0.000382,1,-0.000995494,0.00100052,0.0002625,452.571
0,2778225,2,phononTS,0.000631326,-2.61392e-06,-2.3086e-06,0.0002625,187.639,0.000631326,1,6.81408e-05,-0.000755986,-0.0002625,552.409
0,2778553,9,phononTF,0.000733674,0.00111009,0.000899935,0.000159329,123.818,0.000382,1,0.00100447,0.00100416,0.0002625,305.678
0,2778553,8,phononTF,0.000508923,0.000458743,0.000435295,0.000262498,123.818,0.000508923,1,-8.35368e-05,0.00146662,-0.0002625,355.832
0,2782995,13,phononTS,0.000405473,4.92414e-06,2.79973e-06,0.0002625,201.982,0.000405473,1,0.000687914,-3.48104e-05,-0.0002625,546.842
0,2782995,7,phononTF,0.000704525,0.000110613,0.000628372,0.000262498,5.02794,0.000704525,1,6.558e-05,0.000580803,-0.0002625,95.5996
0,2782995,6,phononTS,0.000674849,0.000110613,0.000628372,0.000262498,5.02794,0.000674849,1,-0.00325423,0.00282657,-0.0002625,763.541
0,2782995,5,phononTS,0.000389158,0.000110613,0.000628372,0.000262498,5.02794,0.000389158,1,-0.000439779,0.000473905,-0.0002625,167.209
0,2782995,4,phononTF,0.000782469,0.000110613,0.000628372,0.000262498,5.02794,0.000358204,1,1.84571e-05,0.000810476,-0.0002625,103.499
0,2803042,9,phononL,0.000776883,-0.00100282,-0.000998729,0.000262498,586.325,0.000292016,1,-0.000983809,-0.00152456,-0.0002625,666.429
0,2803140,15,phononTS,0.000743532,0.00100191,0.000999375,0.000262498,383.427,0.000743532,1,-0.00092704,-0.0013365,-0.0002625,967.754
0,2809812,6,phononTF,0.0023571,0.00199937,-0.00200068,0.0002625,27.5527,0.0012688,1,0.00180258,-0.0020369,-0.0002625,986.31
0,2816901,20,phononTF,0.000476414,0.000999489,0.000998885,0.000262498,1397.92,0.000476414,1,0.00120962,0.00119903,-0.0002625,1500.57
0,2816902,1,phononTF,0.01,7.66373e-05,0.00043717,-0.00025621,0,0.00555431,1,8.40056e-05,0.000444397,-0.0002625,301.905
0,2816902,7,phononTS,0.000758612,0.005,-0.000317252,5.55908e-06,301.905,0.000758612,1,0.00475308,-0.000832841,-0.0002625,1488.79
0,2825190,4,phononTS,0.000689548,0.000958485,0.00103435,-0.0002625,118.189,0.000382,1,0.000996296,0.00100137,0.0002625,389.637
0,2827041,7,phononTS,0.000644602,-0.000592134,0.00114133,-0.0002625,480.609,0.000382,1,-0.00100097,0.000997982,0.0002625,766.17
0,2839787,9,phononL,0.000420592,1.89566e-06,-1.97853e-06,0.000262498,182.172,0.000420592,1,0.000258613,6.86266e-05,-0.0002625,248.796
0,2847938,10,phononTS,0.000522298,-0.00100089,-0.00100423,0.000262498,733.645,0.000522298,1,-0.000934049,-0.000974317,-0.0002625,829.657
0,2857744,9,phononTS,0.000588319,0.00100424,-0.000997622,0.000262498,1309.92,0.000588319,1,0.00118572,-0.0010142,-0.0002625,1416.91
0,2857744,5,phononL,0.000679459,0.000119888,0.000632749,0.000262498,0.97609,0.000679459,1,8.30055e-05,0.00117185,-0.0002625,82.0923
0,2857744,4,phononTF,0.000627064,0.000119888,0.000632749,0.000262498,0.97609,0.000627064,1,0.000674152,0.000173093,-0.0002625,156.911
0,2857744,3,phononTS,0.00106745,0.000119888,0.000632749,0.000262498,0.97609,0.000983388,1,0.000482076,0.000959541,-0.0002625,154.285
0,2860535,5,phononTF,0.00149388,0.000143054,0.000359692,-0.0002625,173.667,0.000764,1,4.34257e-06,1.40713e-06,0.0002625,411.472
0,2860535,7,phononTF,0.000566706,4.34257e-06,1.40713e-06,0.000262498,411.472,0.000566706,1,-0.00121138,0.000488955,-0.0002625,670.894
0,2867989,20,phononTF,0.000740198,4.99392e-06,2.46937e-06,0.000262498,705.133,0.000617145,1,0.000491508,0.000181122,-0.0002625,843.137
0,2879899,9,phononTS,0.000444895,2.01321e-06,3.99622e-06,0.000262498,404.298,0.000444895,1,2.07144e-05,-0.000411024,-0.0002625,538.58
0,2879899,7,phononTS,0.00130468,9.86702e-05,0.00105727,0.000262498,105.628,0.00130468,1,0.00140434,0.000699969,-0.0002625,394.853
0,2884026,6,phononTF,0.000525382,0.000416274,0.00068871,-0.000262498,212.881,0.000382,1,-3.83025e-06,0.00199957,0.0002625,485.868
0,2894849,2,phononTF,0.00404418,-0.0016627,0.000234795,9.97435e-05,3.17284,0.000382,1,-0.00200381,5.16765e-07,0.0002625,521.648
0,2899710,8,phononTS,0.000569475,2.09251e-06,3.50469e-06,-0.000262498,925.351,0.000382,1,9.76705e-07,1.0395e-06,0.0002625,1018.55
0,2900650,11,phononTS,0.000561317,-0.005,-0.00492014,-7.72985e-05,717.239,0.000382,1,-0.00199746,-0.00200218,0.0002625,2316.94
0,2906338,10,phononTS,0.000871943,-0.00199776,0.00199842,0.0002625,965.049,0.000871943,1,-0.00203262,0.00154863,-0.0002625,1243.07
0,2911401,9,phononTS,0.000420454,3.78482e-05,-5.46805e-05,-0.000262498,231.096,0.000382,1,4.48087e-06,-4.35355e-06,0.0002625,320.331
0,2919442,14,phononTS,0.000781775,-0.00031876,-0.000114495,-0.0002625,376.807,0.000382,1,3.73205e-06,4.01596e-06,0.0002625,637.918
0,2943066,5,phononTF,0.000671461,0.00078699,0.000906631,-0.000262499,169.019,0.000382,1,0.00100197,0.000999684,0.0002625,270.476
0,2954856,9,phononTS,0.00145762,-0.000590859,0.000955255,-0.0002625,114.542,0.000382,1,-0.000996616,0.000997141,0.0002625,380.306
0,2954856,10,phononTF,0.000420879,-0.000996616,0.000997141,0.000262498,380.306,0.000420879,1,-0.0020863,-7.55951e-05,-0.0002625,657.599
0,2962543,10,phononTF,0.000532795,-0.00251463,-0.000499672,-0.0002625,718.162,0.000382,1,-0.00200318,-3.79987e-06,0.0002625,1144.2
0,2962543,9,phononTF,0.000446482,-0.00228904,-0.000326983,0.000262498,718.162,0.000446482,1,-0.00240488,0.0013309,-0.0002625,1044.58
0,2962543,8,phononTF,0.000701322,-0.00228904,-0.000326983,0.000262498,718.162,0.000701322,1,-0.00180642,-0.000792627,-0.0002625,863.859
0,2966231,15,phononTF,0.000602826,8.6303e-07,-0.00199755,0.000262498,1831.8,0.00023859,1,7.05166e-05,-0.00207055,-0.0002625,1923.32
0,2976103,12,phononTS,0.000661435,0.000109423,0.00149562,-0.0002625,356.783,0.000382,1,-4.62325e-06,0.00199772,0.0002625,815.915
0,2982434,14,phononTS,0.000592323,-0.00100221,0.000995172,0.000262498,1620.66,0.000592323,1,-0.000983637,0.000737396,-0.0002625,1735.9
0,2982434,4,phononTS,0.000879424,3.8287e-05,0.000542868,0.000262498,35.3636,0.000434398,1,0.000235001,0.000576136,-0.0002625,143.117
0,2990027,5,phononTS,0.000644797,-6.34566e-05,0.000583558,-0.0002625,80.8244,0.000382,1,1.20688e-06,-3.02891e-06,0.0002625,335.98
0,2990027,4,phononTF,0.00213911,-1.2864e-05,0.000547128,0.000262498,80.8244,0.0012632,1,-0.000483429,0.000926442,-0.0002625,221.311
0,2995395,12,phononTS,0.00120223,1.76298e-06,3.7452e-06,0.000262498,307.657,0.00120223,1,-1.46273e-05,-1.66493e-06,-0.0002625,397.82
0,2995395,7,phononL,0.000980559,0.000134547,0.000634504,0.000262498,22.0605,0.000980559,1,0.000669478,0.000800695,-0.0002625,105.1
0,2995563,8,phononTF,0.000888869,-1.67742e-07,0.00190271,-0.000262498,897.752,0.000382,1,4.27275e-06,0.00199637,0.0002625,989.841
0,2995563,3,phononTS,0.00090061,0.000241262,0.000649614,0.000262498,376.465,0.000708698,1,-0.000252541,0.000659198,-0.0002625,521.428
0,2995563,2,phononTS,0.00175966,0.000241262,0.000649614,0.000262498,376.465,0.0016927,1,-0.00071285,-0.000200628,-0.0002625,657.723
0,2995564,1,phononTS,0.01,-0.000164459,8.30922e-05,-0.000164405,0,0.00681048,1,-0.000205559,8.48703e-05,-0.0002625,553.856
0,2997376,20,phononTS,0.000874678,-0.00100243,0.000997887,0.000262498,414.186,0.000449766,1,-0.000529293,0.00103794,-0.0002625,556.254
0,3004830,12,phononTF,0.000727508,0.00100036,0.000997345,0.000262498,652.8,0.000727508,1,0.00106689,0.00106759,-0.0002625,744.183
0,3004831,1,phononTS,0.01,0.00078784,0.000789225,-0.000187165,0,0.00576925,1,0.000794084,0.000779852,-0.0002625,428.729
0,3011993,2,phononTF,0.00365422,-0.000306377,-0.000326734,-0.0002625,761.244,0.000382,1,-0.000995131,-0.000999495,0.0002625,1136.58
0,3019829,1,phononTF,0.01,-0.000103401,0.000106335,6.18297e-05,0,0.001528,1,-1.43769e-06,-4.13042e-07,0.0002625,185.96
0,3026448,10,phononL,0.000430537,-1.38285e-05,0.000670511,-0.000262498,168.505,0.000382,1,-2.92148e-06,-8.60757e-07,0.0002625,259.699
0,3026448,4,phononTF,0.00156432,3.93007e-06,0.000539899,0.000262498,67.3198,0.00156432,1,0.000314277,0.00106276,-0.0002625,212.956
0,3026496,8,phononTF,0.00066267,0.000653078,0.00064829,-0.0002625,510.578,0.000382,1,0.00100196,0.00100425,0.0002625,759.424
0,3032849,9,phononTF,0.00184464,1.44426e-06,0.00200199,0.000262498,621.538,0.00184464,1,-0.00040079,0.00182499,-0.0002625,747.029
0,3042803,19,phononL,0.000867669,-0.00223722,-0.000852278,-0.0002625,608.788,0.000382,1,-0.00299619,-0.00100457,0.0002625,810.1
0,3042803,18,phononTS,0.00110053,-0.00147826,-0.000699985,0.000262498,608.788,0.000563854,1,-0.00149822,-0.000583158,-0.0002625,708.68
0,3045178,8,phononL,0.000545901,0.000166262,0.000234118,-0.0002625,76.0486,0.000382,1,-2.41349e-06,-2.63381e-06,0.0002625,211.198
0,3048848,2,phononTS,0.000688269,0.000544378,0.000857477,-0.0002625,39.024,0.000382,1,0.000999549,0.000995482,0.0002625,335.713
0,3054393,10,phononTF,0.000509164,0.000999267,0.000995183,0.000262498,431.695,0.000509164,1,0.000450238,0.000735241,-0.0002625,580.238
0,3054623,5,phononTF,0.000522813,0.000254253,0.000253922,-0.000262498,294.633,0.000382,1,0.000998233,0.000997577,0.0002625,496.17
0,3056122,17,phononTF,0.000737547,-0.00200123,-0.00199877,0.000262498,1586.28,0.000737547,1,-0.00473344,-0.00180891,-0.0002625,2091.91
0,3058062,4,phononTS,0.000803936,2.27539e-06,-3.36525e-06,0.0002625,23.9493,0.000803936,1,4.33234e-05,-3.58874e-05,-0.0002625,430.028
0,3058062,3,phononTF,0.0015683,7.71732e-05,0.000711188,0.000262498,23.9493,0.000709428,1,0.000749717,5.72158e-05,-0.0002625,207.883
0,3059826,4,phononTF,0.00112846,0.00153663,0.00157112,-0.0002625,178.972,0.000382,1,0.00199642,0.0020024,0.0002625,745.501
0,3064843,7,phononL,0.00107867,-0.000400354,0.00102097,-0.0002625,893.445,0.000764,1,-0.00100486,0.000995898,0.0002625,1065.22
0,3064843,6,phononTS,0.00076199,0.000204149,0.00104604,0.000262498,893.445,0.000274556,1,0.00023228,0.00120683,-0.0002625,1000.6
0,3065832,7,phononTS,0.000548523,0.000996502,0.000997347,0.0002625,244.789,0.000548523,1,0.000829366,0.00072068,-0.0002625,623.882
0,3065832,4,phononTF,0.00223055,0.000130966,0.000628665,0.000262498,5.11222,0.00149152,1,-5.20624e-05,0.000436059,-0.0002625,105.795
0,3067023,8,phononTF,0.000526739,-0.000217822,0.000226872,-0.000262498,414.438,0.000382,1,-2.63666e-06,4.38689e-06,0.0002625,519.134
0,3067023,6,phononL,0.00135706,-0.000240224,0.000182209,0.000262498,324.019,0.000988671,1,-0.000915023,0.000161196,-0.0002625,415.526
0,3069478,14,phononTS,0.00123619,3.72636e-06,0.00200474,0.0002625,196.18,0.000781376,1,-8.66115e-05,0.003003,-0.0002625,648.714
0,3069807,9,phononTS,0.000596067,0.000235113,-1.022e-05,-0.000262498,465.416,0.000382,1,9.14974e-07,-4.62012e-06,0.0002625,578.519
0,3076473,8,phononTS,0.00130675,-2.33256e-05,0.000453845,-0.0002625,91.5609,0.000382,1,1.71e-06,-3.20291e-07,0.0002625,344.006
0,3076473,7,phononL,0.000610032,0.000140952,0.000556834,0.000262498,91.5609,0.000610032,1,0.000588245,0.00054054,-0.0002625,166.606
0,3076473,6,phononTS,0.00195957,0.000140952,0.000556834,0.000262498,91.5609,0.00139212,1,0.000182073,0.000592453,-0.0002625,180.87
0,3081261,8,phononTF,0.000686108,-0.000578484,0.00163651,-0.0002625,597.084,0.000382,1,-4.2789e-07,0.00200002,0.0002625,907.845
0,3081261,4,phononTS,0.000556713,-3.6393e-06,0.000538615,0.000262498,51.7817,0.000556713,1,1.13201e-05,0.000471846,-0.0002625,147.395
0,3081261,3,phononTS,0.0028947,-3.6393e-06,0.000538615,0.000262498,51.7817,0.00179699,1,2.81768e-05,0.000487635,-0.0002625,144.492
0,3084819,4,phononTF,0.00041608,-0.005,-0.0012208,0.000103736,133.179,0.000382,1,-0.00199952,-1.91575e-06,0.0002625,1696.55
0,3085679,18,phononTS,0.000383307,0.00125439,-0.00187628,-0.0002625,1033.07,0.000382,1,0.00200138,-0.00199821,0.0002625,1401.82
0,3086191,6,phononL,0.00128454,1.00652e-05,0.000391889,-0.0002625,105.087,0.000382,1,-7.61541e-07,4.46542e-06,0.0002625,248.549
0,3086191,18,phononTF,0.000419752,-7.61541e-07,4.46542e-06,0.000262498,248.549,0.000419752,1,0.000269726,-0.000275285,-0.0002625,360.384
0,3086191,5,phononTS,0.000774097,2.08919e-05,0.00077931,0.000262498,105.087,0.000430626,1,-0.000151158,0.000738328,-0.0002625,210.226
0,3086771,13,phononTS,0.000576026,-0.000777602,0.000731058,-0.000262498,428.394,0.000382,1,-0.00300124,-0.00100175,0.0002625,975.848
0,3086771,3,phononTF,0.00236044,2.86487e-05,0.000801301,0.000262498,75.4973,0.00203052,1,-0.00109606,0.00459806,-0.0002625,781.874
0,3089891,3,phononTS,0.00481332,-4.76807e-05,0.000251084,-0.0002625,184.437,0.000764,1,-4.90354e-06,1.10588e-07,0.0002625,411.786
0,3089891,13,phononTF,0.00100945,-4.90354e-06,1.10588e-07,0.000262498,411.786,0.000438122,1,-0.00030444,3.95558e-05,-0.0002625,522.266
0,3107518,5,phononTS,0.000415941,2.98655e-06,-1.63046e-06,0.0002625,695.381,0.000415941,1,0.000206495,-0.000509776,-0.0002625,1015.31
0,3108166,13,phononTS,0.000403073,2.76984e-06,3.94474e-06,0.0002625,145.904,0.000403073,1,-0.000461812,-0.000475299,-0.0002625,507.814
0,3110805,10,phononTS,0.000875135,-0.00159134,0.00137324,-0.0002625,1097.28,0.000764,1,-0.00199672,0.00200041,0.0002625,1482.84
0,3110805,4,phononTF,0.00256224,-0.00411493,0.00429292,-0.000121311,70.9009,0.00151104,1,-0.00406055,0.00423243,-0.0002625,1191.77
0,3110933,13,phononTS,0.000391863,4.90932e-07,-1.00655e-06,0.000262498,630.555,0.000391863,1,-8.0928e-06,5.19625e-05,-0.0002625,721.753
0,3118444,14,phononL,0.000606933,0.000260974,0.00101141,-0.000262498,934.836,0.000382,1,0.00100142,0.0010036,0.0002625,1031.9
0,3124370,11,phononTF,0.000812858,0.000232474,0.000177153,-0.000262498,103.311,0.000382,1,1.77746e-07,8.17887e-07,0.0002625,207.839
0,3124741,13,phononTS,0.000466334,-2.25208e-06,-1.59462e-06,0.000262498,1005.1,0.000466334,1,-0.000190521,3.32293e-05,-0.0002625,1111.94
0,3124741,11,phononTS,0.000602851,-0.005,0.00346739,0.000166029,750.51,0.000170115,1,-0.00455285,0.00451789,-0.0002625,2266.3
0,3128531,4,phononTF,0.00227151,0.000399955,0.00238637,-0.0002625,689.344,0.000382,1,4.34609e-07,0.00200175,0.0002625,950.64
0,3131874,5,phononTS,0.00250279,3.01738e-06,-4.63376e-06,0.0002625,227.266,0.00142088,1,-3.57691e-05,-0.000304624,-0.0002625,585.792
0,3133163,9,phononL,0.000522959,0.000147327,0.00042266,-0.0002625,57.8811,0.000382,1,-3.85263e-07,-2.71358e-06,0.0002625,208.863
0,3141009,19,phononTF,0.000850511,-0.00199573,0.00199907,0.000262498,1824.65,0.000850511,1,-0.00234934,0.00167423,-0.0002625,1947.63
0,3151209,11,phononTS,0.000543051,0.00467289,0.005,0.000256442,806.989,0.000543051,1,0.00466962,0.00432728,-0.0002625,1937.86
0,3155230,3,phononTF,0.00301182,0.00131363,0.000576753,0.000164433,1.70666,0.000764,1,0.000998724,0.00100251,0.0002625,400.474
0,3155230,8,phononL,0.000653855,0.000998724,0.00100251,0.000262498,400.474,0.000561148,1,0.000733304,0.00129665,-0.0002625,473.092
0,3155230,7,phononTS,0.000783112,0.000998724,0.00100251,0.000262498,400.474,0.000783112,1,0.000823879,0.00102353,-0.0002625,508.61
0,3161729,13,phononTS,0.000531859,-0.000999182,0.00300137,0.000262498,1116.24,0.000531859,1,-0.000943646,0.00301241,-0.0002625,1206.33
0,3161729,4,phononTF,0.0016126,2.09909e-05,0.00079134,0.000262498,112.903,0.00130451,1,0.000238889,0.000987053,-0.0002625,216.561
0,3162105,21,phononTS,0.000903496,3.78039e-05,0.000867476,-0.0002625,319.568,0.000382,1,0.000999962,0.00100027,0.0002625,770.493
0,3167258,3,phononTS,0.00639607,0.000678229,0.0013361,0.000213356,14.102,0.001146,1,0.00100105,0.000999236,0.0002625,440.283
0,3167258,8,phononTS,0.000831459,0.00100105,0.000999236,0.000262498,440.283,0.000831459,1,0.0015971,0.00231332,-0.0002625,746.03
0,3167258,7,phononTS,0.00103922,0.00100105,0.000999236,0.000262498,440.283,0.00103922,1,0.00198508,0.00118854,-0.0002625,668.795
0,3167977,18,phononL,0.000572936,-0.000469329,0.000217555,-0.000262498,854.657,0.000382,1,-4.59774e-06,2.08373e-06,0.0002625,934.508
0,3167977,2,phononTF,0.00280976,9.54714e-05,0.000702346,0.000262498,16.0159,0.00192917,1,0.000172531,0.000517319,-0.0002625,114.579
0,3176676,15,phononTF,0.000574964,0.00175935,0.00173414,-0.000262498,1409.77,0.000382,1,0.00199672,0.00199911,0.0002625,1519.35
0,3180303,3,phononTS,0.00522165,0.000385556,0.000751371,0.000188832,376.547,0.001528,1,0.000997376,0.00099528,0.0002625,887.642
0,3180303,6,phononL,0.000667483,0.000997376,0.00099528,0.000262498,887.642,0.00052438,1,0.000749611,0.00150295,-0.0002625,971.542
0,3180303,5,phononTS,0.00057487,0.000997376,0.00099528,0.000262498,887.642,0.00057487,1,0.000915392,0.00195723,-0.0002625,1107.6
0,3180303,4,phononTF,0.000925774,0.000997376,0.00099528,0.000262498,887.642,0.000925774,1,0.00106021,0.000708867,-0.0002625,996.629
0,3187425,15,phononTS,0.000481747,-0.00199631,0.00200354,0.0002625,615.303,0.000481747,1,-0.00203267,0.00106165,-0.0002625,1045.64
0,3191989,2,phononTS,0.00295444,-0.000941851,0.00132298,-0.0002625,2.44975,0.000764,1,-0.00199709,0.00200283,0.0002625,555.634
0,3191989,14,phononTF,0.000609492,-0.00199709,0.00200283,0.000262498,555.634,0.000609492,1,7.51583e-05,0.00195962,-0.0002625,950.323
0,3197043,2,phononL,0.000589862,2.85701e-05,0.00101585,-0.000262498,328.294,0.000382,1,0.0010047,0.000999029,0.0002625,447.189
0,3208685,7,phononL,0.000497246,0.000572672,0.000833265,-0.0002625,31.8562,0.000382,1,0.000998659,0.000995209,0.0002625,183.606
0,3208685,6,phononL,0.000541637,0.000146686,0.000671322,0.000262498,31.8562,0.000541637,1,5.73813e-05,0.00178875,-0.0002625,165.225
0,3213660,4,phononL,0.000941041,0.000552523,0.000892062,-0.0002625,18.1886,0.000382,1,0.000999312,0.00100328,0.0002625,170.177
0,3213660,14,phononTS,0.000519797,0.000999312,0.00100328,0.000262498,170.177,0.000519797,1,0.00059358,0.00223247,-0.0002625,448.902
0,3226051,14,phononTS,0.000425239,0.00156842,0.000687513,-0.0002625,417.601,0.000382,1,0.00199663,0.00200275,0.0002625,1007.59
0,3226051,2,phononL,0.00350001,0.00013737,0.000631262,0.000262498,12.3132,0.00288312,1,-0.000446827,0.000923116,-0.0002625,103.665
0,3229717,2,phononTF,0.000813649,0.000451193,0.000464444,-0.000262498,759.42,0.000382,1,4.07226e-07,-1.09049e-06,0.0002625,902.117
0,3239187,17,phononTS,0.000553968,-0.00115724,-0.000948866,-0.000262498,559.806,0.000382,1,-0.00100365,-0.000995574,0.0002625,662.937
0,3240397,1,phononTS,0.01,-3.08094e-05,6.44059e-05,0.000247472,0,0.002292,1,3.06057e-06,4.74667e-06,0.0002625,818.76
0,3240397,5,phononTS,0.000754954,3.06057e-06,4.74667e-06,0.000262498,818.76,0.000322023,1,4.36274e-05,-0.00073974,-0.0002625,1000.44
0,3255976,10,phononTS,0.000673133,-0.000984084,-0.000892579,-0.0002625,707.92,0.000382,1,-0.000996666,-0.000996767,0.0002625,907.573
0,3255976,7,phononTF,0.00128976,0.000198658,0.000403306,0.000262498,170.796,0.00128976,1,-9.12614e-05,0.000152832,-0.0002625,283.502
0,3262710,10,phononL,0.000575288,-0.000699504,0.00243388,-0.0002625,336.911,0.000382,1,-0.000997329,0.00300345,0.0002625,525.785
0,3263202,12,phononTF,0.000404044,0.00199673,0.00199736,0.000262498,941.588,0.000404044,1,0.00204694,0.00193583,-0.0002625,1032.6
0,3268520,18,phononTF,0.000655582,-0.000703713,0.000741484,-0.000262498,397.813,0.000382,1,-0.00099736,0.000995955,0.0002625,511.071
0,3268973,16,phononTS,0.00054617,0.0018755,0.000678028,-0.0002625,911.576,0.000382,1,0.00300456,0.000999449,0.0002625,1426.88
0,3273679,2,phononTS,0.000741223,3.0711e-05,-0.00186639,-0.0002625,5.01403,0.000382,1,-4.44311e-07,-0.00199776,0.0002625,768.453
0,3273692,9,phononTS,0.000416121,4.72316e-05,0.00181807,-0.0002625,562.565,0.000382,1,8.05885e-07,0.00200013,0.0002625,774.62
0,3273692,8,phononL,0.000748947,9.36572e-05,0.00163602,0.000262499,562.565,0.000748947,1,0.000457723,0.00195283,-0.0002625,640.711
0,3274927,9,phononTS,0.0012343,-0.000999234,0.000996051,0.000262498,1337.62,5.697e-05,1,0.000192057,0.00126922,-0.0002625,1603.67
0,3275057,10,phononTS,0.000452209,0.00108536,0.000984286,-0.0002625,282.412,0.000382,1,0.000998071,0.00100204,0.0002625,476.992
0,3276721,21,phononTF,0.000463959,7.84843e-05,-0.000135025,-0.0002625,483.227,0.000382,1,4.94349e-06,-1.90048e-06,0.0002625,715.151
0,3276721,20,phononL,0.000450492,-0.000351281,-0.000562627,0.000262498,483.227,0.000450492,1,-0.000748791,-0.000191752,-0.0002625,566.007
0,3280311,13,phononL,0.000602964,0.00199856,0.00199878,0.0002625,915.427,0.000550667,1,0.0020683,0.00299228,-0.0002625,1157.31
0,3280311,4,phononTF,0.00123197,0.00035021,0.000191278,0.000262498,583.872,0.000645085,1,0.00107286,0.000904885,-0.0002625,779.577
0,3282533,14,phononTF,0.000509567,0.0020151,2.60505e-05,-0.000262498,521.205,0.000382,1,0.00300385,0.000995342,0.0002625,774.633
0,3286260,5,phononTF,0.000651776,0.000632845,0.000711666,-0.0002625,173.814,0.000382,1,0.000995485,0.000997221,0.0002625,418.959
0,3286781,2,phononTF,0.00446523,0.000300393,0.00030093,0.00019903,2.3111,0.001528,1,-3.54153e-06,-8.19405e-07,0.0002625,152.705
0,3286781,19,phononL,0.00136682,-3.54153e-06,-8.19405e-07,0.000262498,152.705,0.000607303,1,-0.00101491,-0.000176505,-0.0002625,277.377
0,3287703,28,phononTF,0.000545156,-0.000996257,-0.00100322,0.000262498,511.599,0.000545156,1,-0.000289691,-7.37771e-06,-0.0002625,746.636
0,3299878,5,phononTS,0.000604962,0.000996769,0.00100375,0.0002625,792.248,0.000604962,1,0.00159636,0.000555433,-0.0002625,1372.73
0,3300940,5,phononTS,0.000723401,0.000998473,0.00100066,0.0002625,86.3871,0.000723401,1,0.00148654,0.00118937,-0.0002625,555.072
0,3303739,10,phononTS,0.00192595,0.000643197,0.000637494,-0.0002625,901.876,0.000382,1,0.000999235,0.000999891,0.0002625,1527.37
0,3309698,3,phononTF,0.000577793,0.000608782,0.000845252,-0.0002625,56.6148,0.000382,1,0.000998625,0.000995757,0.0002625,303.44
0,3309698,2,phononTF,0.00105997,0.000218941,0.000694748,0.000262498,56.6148,0.000603901,1,-5.68061e-05,0.000423678,-0.0002625,168.598
0,3311970,18,phononL,0.000519657,0.0010021,0.00099925,0.0002625,458.548,0.000519657,1,0.00171003,0.00117584,-0.0002625,652.382
0,3320419,23,phononTS,0.00047495,0.000989178,0.0010016,-0.000262498,421.75,0.000382,1,0.00099828,0.000998431,0.0002625,515.434
0,3348969,14,phononTS,0.000491138,-0.000323318,-2.64393e-06,-0.000262498,936.802,0.000382,1,2.87161e-06,-1.77332e-06,0.0002625,1060.92
0,3353212,6,phononTS,0.000961598,0.000116233,-0.000103441,-0.0002625,30.9742,0.000382,1,0.00200143,0.00200071,0.0002625,727.787
0,3353212,5,phononTS,0.00141558,6.85003e-05,0.000595067,0.000262498,30.9742,0.00141558,1,2.27783e-05,0.000800871,-0.0002625,139.538
0,3353212,4,phononTS,0.00191974,6.85003e-05,0.000595067,0.000262498,30.9742,0.00191974,1,5.58283e-05,0.00080515,-0.0002625,141.136
0,3354035,5,phononTS,0.000857587,-0.00102669,0.000392238,-0.0002625,112.681,0.000764,1,-0.00200368,-2.18518e-07,0.0002625,580.791
0,3356188,6,phononTS,0.00082962,-8.12853e-05,0.000749377,-0.000262498,68.5713,0.000382,1,-2.59499e-07,6.87145e-07,0.0002625,250.003
0,3358810,13,phononTF,0.000383031,-9.89551e-07,3.52688e-06,0.000262498,439.175,0.000383031,1,-0.000536651,-0.000520134,-0.0002625,595.73
0,3359020,23,phononTF,0.000392306,0.00287194,-0.005,0.000243289,2354.55,0.000392306,1,0.0035806,-0.00405111,-0.0002625,5784.31
0,3359020,2,phononTS,0.0020997,0.000185167,0.000568833,0.000262498,28.9667,0.000802504,1,0.000178914,0.000512916,-0.0002625,119.288
0,3359300,4,phononTF,0.00112906,-0.00060602,0.000552931,-0.0002625,925.737,0.000382,1,-0.0010031,0.000999986,0.0002625,1202.04
0,3359300,3,phononTF,0.000521,-0.000208942,0.000105877,0.000262498,925.737,0.000521,1,0.000221168,0.000331379,-0.0002625,1055.98
0,3359519,8,phononTS,0.00125618,2.17384e-05,0.000109263,-0.0002625,684.38,0.000382,1,4.46094e-06,2.63595e-06,0.0002625,887.54
0,3359519,7,phononTF,0.00101973,3.90158e-05,0.00021589,0.000262498,684.38,0.00101973,1,0.000160563,9.03748e-05,-0.0002625,779.097
0,3359519,4,phononTS,0.00189331,0.00052654,0.000647956,0.000262498,470.912,0.000810473,1,0.000538416,0.000652939,-0.0002625,563.565
0,3360377,8,phononTS,0.000713533,-0.000998819,0.000999892,0.000262498,1230.84,0.00045249,1,-0.000255693,0.00244531,-0.0002625,1569.47
0,3361842,7,phononTF,0.000467171,0.000398766,0.000534647,-0.0002625,507.101,0.000382,1,0.000999971,0.000996856,0.0002625,786.374
0,3371765,14,phononTS,0.000690376,-0.00300306,-0.00100056,0.0002625,759.89,0.000690376,1,-0.00298703,-0.000711462,-0.0002625,1115.01
0,3371766,1,phononTS,0.01,0.000161618,0.000280525,-8.6972e-05,0,0.00521872,1,0.000174553,0.000286394,-0.0002625,368.79
0,3375541,8,phononTS,0.000731691,-0.000828704,-0.00113265,-0.0002625,499.119,0.000382,1,-0.000998375,-0.000999454,0.0002625,1001.89
0,3375541,6,phononTS,0.000801622,-1.76773e-05,0.000668569,0.000262498,85.3261,0.000749753,1,3.47086e-05,0.00134044,-0.0002625,259.316
0,3375541,5,phononTS,0.000453837,-1.76773e-05,0.000668569,0.000262498,85.3261,0.000453837,1,-1.43175e-06,-2.10699e-05,-0.0002625,259.379
0,3376231,14,phononTS,0.000442556,0.000153109,0.000952657,-0.000262498,125.164,0.000382,1,0.00100225,0.00100359,0.0002625,325.237
0,3376231,2,phononL,0.000953474,0.000118539,0.00062366,0.000262498,2.04721,0.000442588,1,-0.000177889,0.00134464,-0.0002625,104.622
0,3381153,15,phononTS,0.00077815,0.00199915,-2.64463e-06,0.000262498,670.659,0.00077815,1,0.00194757,-4.11408e-05,-0.0002625,765.194
0,3395906,6,phononL,0.000959149,-0.00199735,-3.00349e-06,0.0002625,1078.01,0.000959149,1,-0.000903931,0.000340882,-0.0002625,1426.42
0,3402382,9,phononTS,0.000721903,2.87319e-06,1.87163e-07,0.000262498,546.593,0.000721903,1,4.4036e-05,0.00028491,-0.0002625,667.783
0,3418757,4,phononL,0.000507957,-0.00138591,0.0015612,-0.0002625,485.998,0.000382,1,-0.0020031,0.00200463,0.0002625,792.494
0,3418757,2,phononTS,0.00280065,-0.005,0.000428321,0.000231896,109.201,0.00113926,1,-0.00274846,0.000461605,-0.0002625,2878.28
0,3419185,11,phononL,0.000465895,-0.00198233,-0.00273387,-0.0002625,1797.88,0.000382,1,-0.00200354,-0.00199858,0.0002625,1973.47
0,3419185,7,phononTS,0.000656024,0.00024892,0.000802242,0.000262498,191.672,0.000656024,1,0.000260394,0.00030687,-0.0002625,337.69
0,3419213,4,phononTF,0.000489308,0.000997262,-0.00100284,0.0002625,1348.15,0.000489308,1,0.00096154,-0.000820182,-0.0002625,1544.32
0,3427620,9,phononL,0.000502865,0.000924179,-0.00235109,-0.0002625,779.474,0.000382,1,0.000997724,-0.00299989,0.0002625,1015.46
0,3427620,3,phononTS,0.00489757,0.00224835,-0.00232345,-0.000172246,35.4729,0.00396423,1,0.002215,-0.00220831,-0.0002625,1080.01
0,3429765,13,phononTF,0.00086858,0.00180682,0.000203105,-0.0002625,379.053,0.000382,1,0.00200396,-1.12733e-06,0.0002625,584.053
0,3430115,2,phononL,0.00181758,0.000468399,-0.000792133,-0.0002625,42.8211,0.000382,1,0.00100172,-0.000998308,0.0002625,595.245
0,3431229,12,phononTS,0.000412289,0.000999542,0.000998397,0.0002625,323.579,0.000412289,1,0.00251275,0.00201047,-0.0002625,1046.43
0,3431742,8,phononL,0.00043388,-0.000117562,0.00156728,-0.0002625,1634.98,0.000382,1,-2.57199e-06,0.00200229,0.0002625,1785.71
0,3435890,23,phononTS,0.000749146,-0.00336804,0.005,6.20734e-05,1354.65,0.000749146,1,-0.00243781,0.00366201,-0.0002625,2693.59
0,3435890,3,phononTF,0.000622368,0.00036551,0.00107664,0.000262498,1110.93,0.000622368,1,-0.000253607,-0.00206552,-0.0002625,1692.07
0,3436551,10,phononTF,0.000591326,0.00200306,-0.00199528,0.0002625,816.949,0.000591326,1,0.00204119,-0.0020342,-0.0002625,997.671
0,3439757,20,phononTF,0.000624154,0.00137016,0.0013537,-0.0002625,163.774,0.000382,1,0.00199856,0.00199879,0.0002625,520.528
0,3440310,15,phononL,0.00144981,-2.57203e-06,-4.36495e-06,0.000262498,781.601,0.000761118,1,0.000301461,0.000551393,-0.0002625,871.398
0,3450907,12,phononTS,0.000815219,-0.000676714,0.000972206,-0.0002625,145.526,0.000382,1,-0.000995442,0.00100327,0.0002625,511.167
0,3453189,2,phononL,0.00552475,3.30312e-06,-6.43485e-07,0.0002625,457.869,0.00318335,1,-0.00031216,-0.000216916,-0.0002625,569.798
0,3463208,13,phononTS,0.000506988,8.5928e-07,0.00199507,0.000262498,1596.47,0.000506988,1,-0.000560146,0.00204005,-0.0002625,1746.24
0,3463220,10,phononTS,0.000474429,-0.00199772,0.00199956,0.0002625,500.456,0.000474429,1,-0.00197907,0.0019111,-0.0002625,700.742
0,3463367,12,phononTF,0.000488737,0.000673406,0.000689932,-0.0002625,300.057,0.000382,1,0.00100135,0.0010041,0.0002625,537.567
0,3474633,8,phononTS,0.000773762,-3.60281e-05,0.000685426,-0.000262498,273.08,0.000382,1,1.52485e-06,3.50495e-06,0.0002625,444.622
0,3474633,2,phononTS,0.00426697,-0.000179982,0.000510425,-0.000202372,167.575,0.00287587,1,-0.000522492,0.000801507,-0.0002625,317.128
0,3491176,3,phononTS,0.00125505,-0.000866492,-0.000692222,-0.0002625,96.565,0.000382,1,-0.00200011,-0.00199861,0.0002625,813.161
0,3491176,25,phononTS,0.000809942,-0.00200011,-0.00199861,0.000262498,813.161,0.000809942,1,-0.00203549,-0.00202837,-0.0002625,902.647
0,3496404,11,phononTF,0.000391444,-0.00100246,0.000999139,0.000262498,489.922,0.000391444,1,-0.00140165,0.000568413,-0.0002625,626.071
0,3528028,20,phononTF,0.000435992,-3.29334e-06,3.47255e-06,0.000262498,598.528,0.000435992,1,0.000447778,-0.000450808,-0.0002625,740.484
0,3537478,2,phononTS,0.00717978,0.000903284,0.000882735,3.61125e-05,410.307,0.000764,1,0.00100306,0.0010012,0.0002625,768.873
0,3537478,8,phononTS,0.00194724,0.00100306,0.0010012,0.000262498,768.873,0.000553458,1,0.000320279,0.00101646,-0.0002625,940.483
0,3539053,4,phononTF,0.000541909,-8.25866e-07,-3.48884e-06,0.0002625,192.004,0.000541909,1,0.000235241,-0.000253627,-0.0002625,528.754
0,3542376,17,phononTF,0.000923535,0.000693385,0.000681708,-0.000262498,177.086,0.000382,1,0.000999739,0.00100098,0.0002625,294.558
0,3542632,7,phononL,0.00049171,0.00179703,0.00128281,-0.000262498,969.183,0.000382,1,0.00200495,0.00199696,0.0002625,1067.63
0,3544896,15,phononTS,0.000619283,5.89567e-05,2.93835e-05,-0.000262498,313.102,0.000382,1,7.39946e-08,-3.91676e-07,0.0002625,408.015
0,3545862,11,phononL,0.000450304,-0.0019963,4.44626e-06,0.000262498,768.353,0.000450304,1,-0.00195426,0.000433541,-0.0002625,842.462
0,3551114,14,phononTS,0.000657482,3.02993e-06,0.00199622,0.000262498,583.44,0.000618768,1,4.70838e-05,0.00171771,-0.0002625,700.3
0,3563386,9,phononL,0.000679002,0.000453418,0.00159668,-0.000262498,507.729,0.000382,1,-1.01018e-06,0.00199663,0.0002625,595.656
0,3563387,1,phononTS,0.01,0.000340416,0.000791233,-0.000257353,0,0.00659838,1,0.000332181,0.000791359,-0.0002625,687.488
0,3579094,18,phononL,0.000408998,-0.000614799,0.000833066,-0.0002625,1086.87,0.000382,1,-0.00100492,0.00100007,0.0002625,1308.91
0,3583123,16,phononTS,0.000433386,0.000996176,0.000999437,0.0002625,995.05,0.000433386,1,0.00104778,0.00103595,-0.0002625,1274.17
0,3583123,8,phononTF,0.00113328,0.000120986,0.000615445,0.000262498,52.177,0.00113328,1,0.000265335,0.000469313,-0.0002625,148.688
0,3583123,7,phononTS,0.000389764,0.000120986,0.000615445,0.000262498,52.177,0.000389764,1,0.000172039,0.00129644,-0.0002625,223.969
0,3586939,10,phononTS,0.000516085,-0.00105758,0.000947107,-0.0002625,650.607,0.000382,1,-0.00100024,0.000997387,0.0002625,839.771
0,3587359,6,phononTF,0.000540785,0.00081482,0.000807861,-0.0002625,149.594,0.000382,1,0.000995956,0.00099856,0.0002625,350.547
0,3587359,5,phononL,0.00201439,0.000633685,0.000617163,0.000262498,149.594,0.000930244,1,6.67681e-05,0.000929846,-0.0002625,240.637
0,3590876,19,phononTS,0.000559861,-0.00229911,0.00204295,-0.000262498,986.243,0.000382,1,-0.00200417,0.00199856,0.0002625,1105.06
0,3600481,9,phononTF,0.000906426,0.00178427,-0.000376907,-0.0002625,472.654,0.000382,1,0.00199518,-1.22811e-07,0.0002625,717.663
0,3603202,4,phononTS,0.000566668,4.10941e-06,0.000297685,-0.0002625,219.656,0.000382,1,4.02469e-06,-9.44789e-07,0.0002625,458.76
0,3605631,14,phononTS,0.000516459,2.37069e-05,-1.68963e-05,-0.000262498,185.409,0.000382,1,2.8419e-06,1.39514e-06,0.0002625,275.15
0,3605682,2,phononTF,0.000628531,2.92076e-06,3.70774e-06,0.0002625,274.803,0.000628531,1,-0.000151985,-6.2566e-05,-0.0002625,466.936
0,3605683,1,phononTF,0.01,0.00032426,0.00101885,-0.000244869,0,0.0049451,1,0.000315974,0.00101037,-0.0002625,427.41
0,3606370,14,phononTF,0.000425626,-8.81037e-07,-1.37326e-06,0.000262498,374.96,0.000425626,1,-0.000188595,-0.000179756,-0.0002625,475.129
0,3606370,6,phononTS,0.000989729,-9.31962e-05,0.000822987,0.000262498,107.606,0.000631825,1,-4.34713e-05,0.000834978,-0.0002625,199.118
0,3606370,5,phononTS,0.000470018,-9.31962e-05,0.000822987,0.000262498,107.606,0.000470018,1,-3.27402e-05,0.00108553,-0.0002625,227.376
0,3621264,5,phononTS,0.00184878,6.72463e-05,0.00130773,-0.0002625,7.93036,0.000382,1,-1.94683e-06,0.00200285,0.0002625,354.952
0,3621264,8,phononTF,0.00118704,-1.94683e-06,0.00200285,0.000262498,354.952,0.00118704,1,0.0005341,0.00145632,-0.0002625,514.463
0,3628409,7,phononTS,0.000588713,-7.14769e-07,0.00200351,0.000262498,386.87,0.000588713,1,-3.88579e-05,0.00197782,-0.0002625,476.814
0,3647936,3,phononTS,0.00250901,-0.000408526,0.000871689,-0.0002625,62.2649,0.001146,1,-0.00100471,0.00100232,0.0002625,396.384
0,3647936,8,phononTS,0.000424739,-0.00100471,0.00100232,0.000262498,396.384,0.000424739,1,-0.001026,0.000833244,-0.0002625,501.34
0,3649283,4,phononTS,0.00102327,3.31989e-05,0.000353742,-0.0002625,29.8277,0.000382,1,-8.79463e-07,9.38695e-07,0.0002625,282.354
0,3652031,2,phononTS,0.000894014,6.30886e-05,0.000318041,-0.0002625,3.16787,0.000382,1,-1.47649e-06,-3.22864e-06,0.0002625,256.88
0,3656859,3,phononL,0.00247779,0.000392718,0.00119234,-0.0002625,54.7328,0.000382,1,0.00100066,0.00100163,0.0002625,232.777
0,3663542,8,phononTS,0.000596828,-0.00131508,0.000112122,-0.0002625,1006.06,0.000382,1,-0.00200072,1.36254e-07,0.0002625,1363.89
0,3663542,7,phononTF,0.000537651,-0.000629442,0.000224107,0.000262498,1006.06,0.000537651,1,-0.000824786,0.000411109,-0.0002625,1107.12
0,3668935,8,phononTF,0.000488427,0.00299565,0.000996318,0.0002625,5.9921,0.000488427,1,0.00329908,0.000732645,-0.0002625,922.111
0,3668935,7,phononTF,0.000936827,0.000139364,0.000606796,0.000262498,5.9921,0.000936827,1,0.000433427,0.000801951,-0.0002625,117.649
0,3670018,7,phononL,0.00123465,6.00653e-05,0.0016407,-0.0002625,278.633,0.000382,1,-4.57913e-06,0.00200361,0.0002625,420.291
0,3673322,19,phononL,0.000435284,0.000646093,0.00162859,-0.0002625,451.395,0.000382,1,4.28545e-06,0.00200185,0.0002625,651.33
0,3683211,8,phononTS,0.000535538,-2.88692e-05,0.00161975,-0.0002625,563.724,0.000382,1,-3.556e-06,0.00199738,0.0002625,823.156
0,3683211,7,phononL,0.00177019,-5.41823e-05,0.00124212,0.000262498,563.724,0.00121623,1,-0.00055844,0.000810297,-0.0002625,656.903
0,3691548,18,phononTF,0.000437558,-3.20744e-06,0.00199729,0.000262498,1138.95,0.000437558,1,0.00107417,0.00306892,-0.0002625,1414.18
0,3705424,6,phononTS,0.00285434,7.83035e-05,0.00037203,-0.0002625,58.9153,0.001528,1,3.55807e-06,2.01605e-06,0.0002625,325.789
0,3705424,5,phononTS,0.00116778,0.000153049,0.000742042,0.000262498,58.9153,0.000682541,1,-0.000229467,0.000468864,-0.0002625,209.256
0,3705641,6,phononTF,0.000484541,-0.000877153,0.000908765,-0.0002625,1032.48,0.000382,1,-0.000999517,0.00099588,0.0002625,1408.95
0,3707865,8,phononTS,0.000422029,-0.00200417,0.00199991,0.000262498,1058.52,0.000422029,1,-0.00233526,0.00104983,-0.0002625,1285.6
0,3713545,17,phononTF,0.000504241,0.00200495,2.06845e-06,0.000262498,1993.57,0.000504241,1,0.00206993,-6.54153e-05,-0.0002625,2084.87
0,3723233,7,phononTS,0.000568797,0.00200362,0.00200467,0.000262498,704.998,0.000568797,1,0.00202124,0.00204712,-0.0002625,796.886
0,3723233,4,phononTF,0.00152169,8.44303e-05,0.00085138,0.000262498,60.9205,0.00104212,1,-0.000307565,0.00124736,-0.0002625,192.395
0,3724112,10,phononTS,0.000742247,-3.2668e-06,-2.18313e-06,0.000262498,710.281,0.000742247,1,-2.36448e-05,-0.000309325,-0.0002625,830.817
0,3724121,8,phononTS,0.000389871,0.0019961,-0.00199594,0.0002625,1569.62,0.000389871,1,0.00204978,-0.00197218,-0.0002625,2075.53
0,3727743,4,phononL,0.00103742,-0.00068714,0.000924039,-0.0002625,65.959,0.000382,1,-0.000999084,0.000996123,0.0002625,271.909
0,3732544,10,phononTS,0.000475876,8.25525e-05,0.000787913,-0.000262498,164.643,0.000382,1,0.00099715,0.00100017,0.0002625,383.628
0,3732544,8,phononL,0.00350954,8.07692e-05,0.000763247,0.000262498,73.5774,0.00193884,1,0.000411988,0.00109436,-0.0002625,150.743
0,3734495,12,phononTF,0.000459044,-0.000241322,0.00223647,-0.0002625,407.181,0.000382,1,1.0663e-06,0.00200008,0.0002625,629.702
0,3737544,15,phononTS,0.000480878,2.56395e-07,6.70732e-07,0.0002625,461.871,0.000480878,1,0.000480678,0.000346453,-0.0002625,987.605
0,3738545,19,phononTS,0.000945711,-0.000605247,0.000951187,-0.0002625,272.32,0.000382,1,-0.00100162,0.00100135,0.0002625,543.138
0,3744240,6,phononL,0.000984036,0.00060672,-0.000215434,-0.0002625,39.596,0.000382,1,0.000999753,-0.00100324,0.0002625,265.933
0,3744240,5,phononTF,0.00107234,0.000213689,0.000572369,0.000262498,39.596,0.000922484,1,0.000421632,0.000784164,-0.0002625,142.837
0,3747721,15,phononTF,0.000681408,-4.41348e-06,0.00200075,0.000262498,696.654,0.000681408,1,-8.89255e-05,0.00200562,-0.0002625,788.337
0,3747721,3,phononTS,0.000572359,2.68481e-05,0.00059871,0.000262498,25.4187,0.000572359,1,-7.69726e-05,0.00145126,-0.0002625,222.598
0,3752063,17,phononTF,0.000465696,6.83817e-07,-4.90708e-06,0.000262498,6359.39,0.000465696,1,-0.000256605,-0.000415601,-0.0002625,6487.55
0,3753763,3,phononTS,0.00126683,8.29354e-05,0.000970105,-0.000262498,247.178,0.000382,1,-4.02886e-06,1.87355e-06,0.0002625,468.454
0,3754962,9,phononL,0.000469828,0.000612497,0.00014437,-0.0002625,317.325,0.000382,1,-2.01831e-06,2.15482e-06,0.0002625,640.001
0,3771942,4,phononTF,0.000618629,4.29871e-05,0.000539237,-0.000262498,136.885,0.000382,1,-0.00199985,0.00199953,0.0002625,584.134
0,3773721,4,phononTF,0.000767843,-0.000426926,0.000431242,-0.000262498,280.62,0.000382,1,-0.00100482,0.00100483,0.0002625,446.471
0,3776498,17,phononTS,0.00119349,0.00161501,0.000415907,-0.0002625,296.35,0.000382,1,0.001002,-0.000999793,0.0002625,783.475
0,3776498,18,phononTF,0.000780686,0.001002,-0.000999793,0.000262498,783.475,0.000780686,1,0.00119157,-0.000803987,-0.0002625,884.755
0,3778339,4,phononTF,0.000462163,-0.000598932,0.000596407,-0.000262498,443.463,0.000382,1,3.51937e-06,-2.54443e-06,0.0002625,614.821
0,3779409,8,phononL,0.000545265,-4.55098e-06,3.05315e-06,0.000262498,659.544,0.000545265,1,-0.000155481,-0.00031166,-0.0002625,729.576
0,3782379,5,phononTS,0.00134898,0.000398405,0.000293604,-0.0002625,246.631,0.000382,1,-4.11215e-06,1.25057e-06,0.0002625,509.13
0,3788164,2,phononTF,0.00139618,-0.00169684,0.00164001,-0.0002625,59.7429,0.000382,1,-0.00100115,0.000999446,0.0002625,627.473
0,3788164,11,phononTS,0.000862415,-0.00100115,0.000999446,0.000262498,627.473,0.000862415,1,-0.00101861,0.000969377,-0.0002625,720.355
0,3793266,4,phononTF,0.000611141,4.38082e-06,8.36327e-07,0.0002625,509.406,0.000611141,1,0.000493127,0.000825567,-0.0002625,826.013
0,3803497,9,phononL,0.000525566,0.00019646,-0.00189761,-0.0002625,1733.59,0.000382,1,-2.29928e-07,-0.00199524,0.0002625,1864
0,3804412,8,phononTF,0.00120699,0.00197976,-0.00159401,-0.000262498,2066.06,0.000764,1,0.00200086,-0.00199997,0.0002625,2191.1
0,3806999,11,phononTS,0.000700477,0.00200496,0.00200019,0.000262498,653.261,0.000700477,1,0.00204966,0.00108561,-0.0002625,864.323
0,3806999,5,phononTF,0.000476475,6.02005e-05,0.000491319,0.000262498,107.18,0.000476475,1,-1.80697e-05,4.63804e-05,-0.0002625,238.259
0,3811845,22,phononTS,0.000555561,2.59734e-06,0.0020024,0.000262498,831.553,0.000555561,1,1.26931e-05,0.00205791,-0.0002625,922.797
0,3814584,17,phononTS,0.000677346,0.0010423,0.00105281,-0.000262498,448.692,0.000382,1,0.00100122,0.00100009,0.0002625,543.032
0,3819809,13,phononTF,0.000947075,-0.00100201,0.000997896,0.000262498,208.552,0.000941364,1,0.00350863,-0.00165766,-0.0002625,1121.55
0,3822770,25,phononTS,0.000384681,-0.000220107,0.000924984,-0.000262498,142.263,0.000382,1,-2.86735e-06,-1.51817e-06,0.0002625,362.103
0,3822770,3,phononTS,0.000673899,0.000100242,0.000607696,0.000262498,23.6113,0.000673899,1,6.22761e-05,0.00059942,-0.0002625,118.51
0,3824071,4,phononTS,0.000627056,5.75343e-05,0.000329201,-0.0002625,7.85219,0.000382,1,-1.07514e-06,1.76308e-06,0.0002625,262.359
0,3824071,3,phononTS,0.000528964,0.000116143,0.000656637,0.000262498,7.85219,0.000528964,1,7.36978e-05,0.000687446,-0.0002625,97.4315
0,3829164,17,phononTS,0.000457213,-0.00142231,0.005,3.34365e-05,1010.63,0.000457213,1,-0.00142304,0.00450172,-0.0002625,1936.58
0,3833078,5,phononL,0.000700114,0.000141116,0.000417781,-0.0002625,218.056,0.000382,1,1.34627e-06,1.38877e-06,0.0002625,367.651
0,3837304,11,phononTS,0.00097726,-0.005,0.00375531,0.000246348,391.553,0.000400196,1,-0.00252326,0.00166236,-0.0002625,2106.37
0,3839732,16,phononTS,0.000439473,0.000790815,-0.000985543,-0.000262498,437.442,0.000382,1,0.00100312,-0.00100293,0.0002625,546.995
0,3847458,10,phononTF,0.000628815,0.00100399,0.000998426,0.0002625,191.438,0.000628815,1,0.00129516,0.00069801,-0.0002625,595.194
0,3858884,23,phononTS,0.000452936,0.00100092,0.0010009,0.0002625,325.865,0.000452936,1,0.00109477,0.000721293,-0.0002625,661.616
0,3860674,2,phononTF,0.00520797,0.000733496,0.000742596,-0.000162273,1050.19,0.000382,1,0.000997795,0.00100478,0.0002625,1360.09
0,3864582,12,phononTS,0.00105901,0.00300285,0.000997176,0.000262498,2309.2,0.000733035,1,0.00265985,0.00051745,-0.0002625,2477.62
0,3866350,8,phononTS,0.000766224,0.0010029,0.00100059,0.000262498,963.221,0.000766224,1,0.00283681,0.00251176,-0.0002625,1412.75
0,3866350,3,phononTS,0.00306704,0.000699298,0.00020995,0.000262498,696.579,0.00169641,1,-0.000347203,0.000346047,-0.0002625,932.555
0,3867549,9,phononTS,0.000596437,-9.91594e-06,0.000520364,-0.000262498,281.13,0.000382,1,-1.23136e-06,-2.87305e-06,0.0002625,424.717
0,3873809,1,phononL,0.01,-1.815e-05,-2.03643e-05,0.000232177,0,0.00382,1,2.31837e-06,-4.35009e-06,0.0002625,1114.03
0,3873809,4,phononTF,0.000438779,2.31837e-06,-4.35009e-06,0.000262498,1114.03,0.000438779,1,0.000247677,-0.000174522,-0.0002625,1219.74
0,3881738,6,phononTF,0.000383327,0.00422242,-1.77218e-05,-0.000262498,3610.71,0.000382,1,0.00199996,-0.00199963,0.0002625,4131.18
0,3881739,1,phononTS,0.01,0.000449031,0.00050335,-0.000247033,0,0.00620521,1,0.000449589,0.000502293,-0.0002625,480.293
0,3884827,13,phononTS,0.000803469,0.000172242,0.000537648,-0.000262498,112.625,0.000382,1,-0.00100462,0.00100169,0.0002625,388.488
0,3887563,5,phononTF,0.00333773,0.00100491,-0.00300414,0.0002625,47.6422,0.00150163,1,0.0013351,-0.00267866,-0.0002625,1255.15
0,3888600,2,phononTF,0.000971077,-0.00019957,0.00024962,-0.000262498,1008.11,0.000382,1,4.81468e-06,1.37101e-06,0.0002625,1114.95
0,3889661,17,phononTF,0.000396327,-0.0021645,0.0022743,-0.0002625,1447.02,0.000382,1,-0.0010045,0.00300335,0.0002625,1838.97
0,3890130,15,phononL,0.000749653,7.86252e-05,0.000584945,-0.000262498,238.042,0.000382,1,4.78462e-06,-2.3148e-06,0.0002625,323.035
0,3890820,17,phononTF,0.00043043,-0.000587152,0.00143859,-0.0002625,622.756,0.000382,1,3.46482e-06,0.00199923,0.0002625,956.778
0,3894059,2,phononTS,0.00191768,0.00114594,-0.000160433,-0.0002625,1057.64,0.000382,1,0.00100018,-0.00100342,0.0002625,1466.31
0,3894059,21,phononTS,0.000588233,0.00100018,-0.00100342,0.000262498,1466.31,0.000588233,1,-2.05736e-05,-0.000781086,-0.0002625,1701.28
0,3894059,20,phononTS,0.000674407,0.00100018,-0.00100342,0.000262498,1466.31,0.000500922,1,0.00098288,-0.00106168,-0.0002625,1562.21
0,3907000,10,phononTS,0.000704226,-4.76233e-05,0.000393639,-0.0002625,104.503,0.000382,1,-3.76042e-06,2.75065e-06,0.0002625,366.345
0,3907609,13,phononTS,0.000410834,0.000933804,0.000159837,-0.000262498,1018.1,0.000382,1,0.0010007,0.000996426,0.0002625,1213.46
0,3911131,14,phononTF,0.00152451,0.00233568,-0.000333952,-0.0002625,641.311,0.000382,1,0.002001,4.81236e-06,0.0002625,883.986
0,3912770,6,phononTS,0.00229659,-0.00048198,0.000810815,-0.0002625,20.8999,0.000764,1,-0.000997827,0.000995548,0.0002625,340.097
0,3918284,14,phononTS,0.000439822,0.000388277,0.00100877,-0.0002625,711.315,0.000382,1,0.000996663,0.00100267,0.0002625,1035.98
0,3918285,1,phononTF,0.01,-9.31735e-06,0.00075557,-0.000232591,0,0.00592326,1,-3.22955e-05,0.000779415,-0.0002625,907.343
0,3930813,16,phononTF,0.00144362,0.00200087,0.00199605,0.000262498,919.577,0.00144362,1,0.000750097,0.000729914,-0.0002625,1237.67
0,3931091,5,phononTF,0.00150782,-0.000153238,0.000395351,-0.0002625,46.0409,0.000382,1,4.04034e-06,-4.0525e-08,0.0002625,262.401
0,3931091,6,phononTS,0.000524592,4.04034e-06,-4.0525e-08,0.000262498,262.401,0.000524592,1,-0.000239308,-0.000409529,-0.0002625,413.204
0,3934479,4,phononTF,0.00194894,0.000679779,0.00069387,-0.0002625,415.968,0.000764,1,0.000995194,0.000998687,0.0002625,650.107
0,3934479,3,phononTS,0.00422311,0.000303377,0.000451999,-2.73859e-05,415.968,0.00200658,1,-0.000404437,0.00128716,-0.0002625,673.607
0,3944127,3,phononL,0.000503596,0.00093272,0.000515555,-0.000262498,885.76,0.000382,1,0.00199519,4.35656e-06,0.0002625,1030.23
0,3952122,11,phononTS,0.000401118,-0.000173771,-0.00101509,-0.000262498,215.103,0.000382,1,-1.12869e-06,-3.95753e-06,0.0002625,447.054
0,3952122,9,phononTF,0.00182976,0.000168643,0.000636385,0.000262498,20.9458,0.000410544,1,0.000512809,0.000922485,-0.0002625,141.236
0,3954176,10,phononTF,0.000514184,-0.000271823,-0.000413921,-0.0002625,489.407,0.000382,1,2.97491e-06,2.17388e-06,0.0002625,744.983
0,3954176,6,phononTS,0.000685298,-0.000202277,0.000330178,0.000262498,112.806,0.000601427,1,-3.4938e-05,0.000413022,-0.0002625,224.141
0,3956296,7,phononTF,0.000737399,-1.77944e-05,7.55938e-06,-0.0002625,1055.05,0.000382,1,5.58994e-07,-3.6623e-06,0.0002625,1234.99
0,3959268,8,phononTS,0.000927821,-2.67235e-05,0.000244698,-0.000262498,573.636,0.000382,1,3.63175e-06,-3.75144e-06,0.0002625,690.092
0,3963002,20,phononTS,0.000797128,0.000998922,0.000997187,0.0002625,424.212,0.000797128,1,0.000775597,0.00103399,-0.0002625,756.384
0,3968453,8,phononTS,0.00299717,-0.000801975,-0.000950348,0.000173464,477.329,0.000382,1,-0.00100302,-0.000998213,0.0002625,522.369
0,3968453,21,phononTS,0.000840639,-0.00100302,-0.000998213,0.000262498,522.369,0.000840639,1,-0.00155508,9.84333e-05,-0.0002625,784.847
0,3968453,20,phononTF,0.000778674,-0.00100302,-0.000998213,0.000262498,522.369,0.000778674,1,-0.00074516,-0.00105232,-0.0002625,627.993
0,3968453,19,phononTS,0.000946544,-0.00100302,-0.000998213,0.000262498,522.369,0.000946544,1,-0.00105922,-0.000847667,-0.0002625,630.284
0,3968454,1,phononTF,0.01,0.000194954,0.000502285,-0.000172735,0,0.00731736,1,0.000268987,0.000431032,-0.0002625,360.94
0,3985288,6,phononTS,0.000735555,0.000996912,0.00100492,0.0002625,485.655,0.000574516,1,0.00145887,0.00133802,-0.0002625,981.662
0,3985288,5,phononL,0.000465685,7.30028e-05,0.000338718,0.000262498,485.655,0.000465685,1,0.000167891,0.000665136,-0.0002625,555.186
0,3985704,9,phononTF,0.000708406,-0.000999684,0.00300143,0.000262498,1544.94,0.000708406,1,-0.000581059,0.00340557,-0.0002625,1679.85
0,3985704,5,phononTS,0.000455049,-0.00171964,0.00214162,0.000262499,1376.7,0.000455049,1,-0.00175493,0.00200397,-0.0002625,1478.43
0,3985704,4,phononTF,0.000483574,-0.00171964,0.00214162,0.000262499,1376.7,0.000483574,1,-0.00175946,0.00217932,-0.0002625,1467.06
0,3985704,2,phononTS,0.00497643,-0.000286049,0.000562636,-1.91996e-05,908.598,0.0028808,1,-0.000266373,0.000562649,-0.0002625,983.259
0,3988124,2,phononTS,0.00147751,-0.000934328,0.00104286,-0.0002625,118.969,0.000382,1,-0.00100388,0.00100126,0.0002625,487.465
0,3988124,13,phononTS,0.000451827,-0.00100388,0.00100126,0.000262498,487.465,0.000451827,1,-0.00100415,0.00128559,-0.0002625,606.578
0,3993523,12,phononTS,0.000635144,-0.00100022,0.000995255,0.000262498,3241.11,0.000635144,1,-0.00115117,0.000950555,-0.0002625,3344.01
0,3996943,12,phononTS,0.0011669,0.00038616,0.00196147,-0.0002625,1329.87,0.000382,1,-3.09727e-06,0.00199906,0.0002625,1700.21
0,4009327,13,phononTF,0.000619057,-0.0011913,0.00112275,-0.0002625,1049.09,0.000382,1,-0.00100391,0.00100196,0.0002625,1444.55
0,4019692,7,phononTS,0.000578547,-0.000177754,2.52445e-05,-0.000262498,172.249,0.000382,1,1.23192e-07,-6.20645e-07,0.0002625,280.958
0,4019692,3,phononTS,0.00387762,0.000128994,0.000415386,0.000262498,45.4014,0.00228447,1,8.39341e-05,0.000231241,-0.0002625,151.678
0,4019768,1,phononTF,0.01,5.54402e-05,-5.30912e-05,0.000161095,0,0.001146,1,-3.70113e-06,4.43508e-06,0.0002625,274.864
0,4020679,9,phononTS,0.000593366,0.000471837,0.00121208,-0.000262499,1041.85,0.000382,1,0.000995775,-0.00100286,0.0002625,1529.17
0,4023288,16,phononTF,0.00102883,-0.00260765,0.00261248,-0.0002625,816.875,0.000382,1,-0.00199591,0.00199548,0.0002625,1164.44
0,4031649,13,phononTF,0.000876639,0.00200429,3.51252e-06,0.000262498,1064.57,0.000876639,1,0.00226178,0.000267943,-0.0002625,1174.48
0,4035279,3,phononTS,0.00461289,0.0010066,0.00111271,4.68203e-05,862.179,0.001146,1,0.00100084,0.00100079,0.0002625,910.8
0,4035593,9,phononL,0.000427388,-0.00227695,-0.00489226,-0.0002625,835.02,0.000382,1,-0.00200038,-0.00199666,0.0002625,1577.38
0,4039611,9,phononTS,0.000446842,-0.00103542,0.00287545,-0.0002625,948.553,0.000382,1,-0.00099564,0.00299891,0.0002625,1149.23
0,4040247,5,phononTS,0.000463122,0.000537014,0.000850756,-0.0002625,49.1384,0.000382,1,0.00100103,0.00100451,0.0002625,350.293
0,4040247,4,phononTS,0.000416454,7.3004e-05,0.000697007,0.000262498,49.1384,0.000416454,1,9.93941e-05,0.00074701,-0.0002625,138.665
0,4042202,8,phononL,0.000415903,-0.0020027,-3.60681e-06,0.000262498,936.899,0.000415903,1,-0.00182964,-0.000171873,-0.0002625,1002.76
0,4046572,10,phononTS,0.00112574,-0.0019041,0.000671758,-0.000262498,413.894,0.000382,1,-0.00199753,4.32804e-06,0.0002625,580.915
0,4051108,14,phononTS,0.000659021,0.00100278,0.00100343,0.000262498,466.808,0.000659021,1,0.00083645,0.00104999,-0.0002625,571.216
0,4051141,23,phononTS,0.000454239,-0.00107428,-7.57688e-05,-0.000262498,508.076,0.000382,1,-0.00200379,2.29021e-06,0.0002625,722.792
0,4052321,11,phononTF,0.000620794,-1.17958e-06,0.00199909,0.0002625,536.392,0.00038113,1,0.000258665,0.00173118,-0.0002625,894.574
0,4056696,3,phononTF,0.00137517,-0.000132996,0.000287787,-0.0002625,332.625,0.000382,1,-4.24048e-06,-3.9826e-07,0.0002625,552.251
0,4056696,11,phononTS,0.000648667,-4.24048e-06,-3.9826e-07,0.000262498,552.251,0.000648667,1,4.67462e-05,-8.4709e-06,-0.0002625,642.606
0,4056696,2,phononL,0.000974581,-0.00026175,0.000575972,0.000262498,332.625,0.000974581,1,-0.00032156,-7.1167e-05,-0.0002625,422.141
0,4057232,6,phononTF,0.000594203,0.000995768,0.00100252,0.000262498,2644.53,0.000482965,1,0.00120899,0.00075186,-0.0002625,2751.87
0,4058111,11,phononTF,0.00124511,-0.000998223,0.000996767,0.000262498,629.826,0.000998186,1,-0.00120826,0.0012172,-0.0002625,733.669
0,4058111,6,phononTS,0.000745602,0.000345579,0.00047553,0.000262498,183.7,0.000509577,1,0.000325944,0.000470909,-0.0002625,273.714
0,4058111,5,phononTS,0.000437993,0.000345579,0.00047553,0.000262498,183.7,0.000437993,1,0.00051232,0.000491909,-0.0002625,289.204
0,4059666,15,phononTS,0.000390187,-3.19393e-06,0.00199648,0.000262498,779.48,0.000390187,1,-6.36769e-05,0.00167243,-0.0002625,906.433
0,4062046,2,phononTF,0.000997723,0.00100073,0.000996658,0.0002625,582.148,0.000997723,1,0.000814058,0.00117504,-0.0002625,797.584
0,4068009,10,phononTF,0.000400291,-0.000540021,0.000583926,-0.0002625,1426.15,0.000382,1,-0.00100017,0.00099632,0.0002625,1707.45
0,4075073,10,phononTF,0.000433906,-0.000683034,0.000588822,-0.000262498,192.932,0.000382,1,-0.000998014,0.00099882,0.0002625,322.695
0,4080247,10,phononL,0.00075731,-1.7099e-06,-0.00199713,0.000262498,1613.92,0.00064689,1,0.000484852,-0.00234707,-0.0002625,1701.16
0,4080247,7,phononTF,0.00180149,0.00176489,0.00191388,0.000262498,756.705,0.000917135,1,0.00216351,0.00156754,-0.0002625,886.207
0,4088938,13,phononTF,0.000602897,0.000263979,0.000227063,-0.000262498,642.307,0.000382,1,-3.91097e-06,2.33579e-06,0.0002625,751.79
0,4090613,14,phononTS,0.000482119,-8.47072e-08,3.94632e-06,0.000262498,502.077,0.000482119,1,-2.87197e-05,-2.64236e-05,-0.0002625,592.2
0,4092978,10,phononL,0.000442545,-0.00074091,0.000700201,-0.0002625,242.506,0.000382,1,-0.000999497,0.00100152,0.0002625,460.493
0,4092978,2,phononL,0.0023192,-8.89616e-05,0.000699067,0.000262498,155.333,0.00210714,1,-0.00095771,0.000833821,-0.0002625,265.494
0,4093329,16,phononTF,0.000708079,-1.39484e-06,-5.97531e-07,0.000262498,707.349,0.000708079,1,-0.000167564,4.33929e-05,-0.0002625,804.123
0,4093329,14,phononTS,0.00100056,-7.22108e-05,-0.000197397,0.000262498,473.298,0.000432033,1,-3.61017e-05,-0.000242738,-0.0002625,562.533
0,4105260,6,phononTS,0.000512311,0.000267849,0.000730067,-0.000262498,349.283,0.000382,1,-4.69044e-06,0.00199574,0.0002625,637.021
0,4105260,4,phononL,0.000524041,3.12047e-05,0.000692457,0.000262498,237.096,0.000524041,1,-0.000213884,0.000694228,-0.0002625,303.018
0,4115132,6,phononTF,0.00150072,0.000151801,0.000214461,-0.0002625,69.8991,0.000382,1,-1.36816e-06,-4.62788e-06,0.0002625,275.395
0,4116209,13,phononTF,0.000855565,-0.00200331,-0.00199678,0.000262498,1022.88,0.000855565,1,-0.00174069,-0.00172653,-0.0002625,1133.95
0,4119377,13,phononTS,0.000411359,0.000316622,0.00167782,-0.000262498,1224.06,0.000382,1,-0.00199592,4.06324e-06,0.0002625,1766.5
0,4119377,5,phononTS,0.000619288,-0.000965431,0.000561984,0.000262498,820.963,0.000619288,1,-0.00117564,0.0014098,-0.0002625,1025.48
0,4120061,9,phononTS,0.000459862,0.00100048,-0.00100485,0.000262498,2143.81,0.000459862,1,0.00102985,-0.00105843,-0.0002625,2233.13
0,4120061,4,phononTF,0.000691472,-0.000477395,-0.000377898,0.000262498,1155.61,0.000691472,1,-1.64203e-05,-0.000974702,-0.0002625,1317.67
0,4122708,5,phononTF,0.00204144,-0.00146249,0.000550564,-0.0002625,1413.54,0.000382,1,-0.00199623,-3.22398e-06,0.0002625,1734.13
0,4125462,2,phononL,0.00071547,-3.61431e-06,0.00200298,0.0002625,477.707,0.0004493,1,-0.000270826,0.00248842,-0.0002625,644.095
0,4127907,10,phononTS,0.000433914,-5.9742e-05,2.21286e-05,-0.0002625,2594,0.000382,1,-4.91913e-06,3.00018e-06,0.0002625,2869.44
0,4128369,11,phononTS,0.00128719,0.001392,0.00109304,-0.0002625,529.925,0.000382,1,0.00200285,0.00199532,0.0002625,1027.9
0,4129005,7,phononL,0.000452628,2.86701e-06,0.00200167,0.000262498,349.171,0.000452628,1,-0.000243058,0.00155612,-0.0002625,428.935
0,4131565,11,phononTS,0.000427821,0.000997195,0.00100407,0.000262498,1636.29,0.000427821,1,0.000963214,0.000966446,-0.0002625,1725.68
0,4138315,13,phononTS,0.000514619,-0.000477654,0.00222317,-0.000262498,360.563,0.000382,1,-0.000998913,0.00300196,0.0002625,584.291
0,4140888,11,phononTF,0.000535595,-0.00114043,-0.000946725,-0.0002625,655.924,0.000382,1,-0.000999978,-0.00100365,0.0002625,845.869
0,4141389,2,phononL,0.00573532,-5.04132e-05,2.47312e-05,0.000227135,135.485,0.001146,1,2.92922e-06,-1.19113e-06,0.0002625,612.518
0,4141389,17,phononL,0.00180633,2.92922e-06,-1.19113e-06,0.000262498,612.518,0.00166904,1,-0.000308587,-0.000288213,-0.0002625,686.758
0,4141550,10,phononTS,0.000760269,0.00199981,-1.29117e-06,0.0002625,368.348,0.000760269,1,0.00177794,0.000331359,-0.0002625,887.529
0,4145720,11,phononL,0.000433102,1.34089e-06,3.70483e-06,0.0002625,176.057,0.000433102,1,-5.71164e-05,2.89832e-06,-0.0002625,301.009
0,4152879,12,phononTS,0.000435156,0.00100112,0.00100123,0.000262498,734.509,0.000435156,1,0.00173366,0.00143247,-0.0002625,943.556
0,4166887,2,phononTF,0.00311631,4.68545e-06,1.02897e-06,0.0002625,178.455,0.00181902,1,0.000705647,4.05786e-05,-0.0002625,519.124
0,4171909,4,phononTF,0.000748844,0.000997087,0.000995154,0.0002625,216.472,0.000615824,1,0.0012395,0.00124856,-0.0002625,540.564
0,4186004,13,phononL,0.000564724,-0.0029156,0.000272857,-0.000262498,720.316,0.000382,1,-0.00200084,-4.8419e-06,0.0002625,839.291
0,4186004,2,phononTF,0.000765368,-6.72362e-06,0.000830697,0.000262498,45.7489,0.000765368,1,0.000439488,0.000473174,-0.0002625,182.002
0,4186434,11,phononTF,0.000420093,0.00099995,0.000995169,0.000262498,1430.51,0.000420093,1,0.000574174,0.00140772,-0.0002625,1566.01
0,4186434,2,phononTF,0.00230345,0.0005994,0.000686841,0.000262498,862.181,0.0013927,1,0.000960742,0.000437256,-0.0002625,983.51
0,4188457,2,phononTS,0.00330388,0.00100355,0.00100078,0.0002625,14.6371,0.00289807,1,0.00165795,0.00249313,-0.0002625,952.931
0,4191081,18,phononTS,0.000484509,-3.49077e-07,-1.41475e-06,0.000262498,381.41,0.000484509,1,8.81188e-05,4.31646e-05,-0.0002625,478.64
0,4201323,9,phononTS,0.000791223,0.000359633,0.000999298,-0.0002625,723.973,0.000382,1,0.0010048,0.000996803,0.0002625,988.726
0,4205493,13,phononTS,0.00329563,4.58757e-05,-2.36883e-05,-0.000167066,380.213,0.000764,1,1.38425e-06,-3.45207e-06,0.0002625,453.431
0,4205493,15,phononTS,0.000981038,1.38425e-06,-3.45207e-06,0.000262499,453.431,0.000504686,1,0.000310253,0.00100432,-0.0002625,692.665
0,4205493,14,phononTF,0.00133942,1.38425e-06,-3.45207e-06,0.000262499,453.431,0.000693171,1,0.000407745,-0.000270733,-0.0002625,581.247
0,4234812,3,phononTS,0.00182104,1.19161e-06,4.19672e-06,0.0002625,236.598,0.00152675,1,-6.25283e-05,-0.000254995,-0.0002625,595.394
0,4234812,2,phononTF,0.00143401,0.000128631,0.000522579,0.000262498,236.598,0.000735787,1,7.13838e-05,0.0004451,-0.0002625,328.218
0,4235203,10,phononTF,0.00105402,0.000481523,0.000489176,-0.000262498,421.618,0.000764,1,0.000995788,0.00100359,0.0002625,575.193
0,4246168,2,phononTS,0.00271735,0.000249464,0.000583136,7.47905e-05,80.7725,0.001146,1,-0.00199775,-0.00199846,0.0002625,692.466
0,4247389,1,phononL,0.01,0.000969823,-0.000891892,0.000104582,0,0.001146,1,0.00100014,-0.00100102,0.0002625,1253.65
0,4249460,18,phononTS,0.000531493,3.86959e-06,2.56832e-06,0.000262498,726.639,0.000531493,1,0.000913577,1.97785e-06,-0.0002625,935.463
0,4249939,8,phononTS,0.000451722,4.53873e-05,0.000145378,-0.0002625,21.9338,0.000382,1,-8.133e-07,2.72678e-06,0.0002625,430.238
0,4249939,7,phononTS,0.00050896,0.000183989,0.000573332,0.000262498,21.9338,0.00050896,1,0.000161113,0.000708921,-0.0002625,124.145
0,4253981,7,phononL,0.000596109,0.000351557,0.000649403,-0.0002625,488.499,0.000382,1,0.000999663,0.000998136,0.0002625,686.8
0,4254271,11,phononTS,0.000409986,-0.000790185,0.000329214,-0.0002625,620.263,0.000382,1,-0.000998893,0.000996423,0.0002625,984.482
0,4261410,12,phononTF,0.0014445,-0.00056976,0.000590536,-0.000262498,216.527,0.000382,1,-0.000997257,0.00100237,0.0002625,352.094
0,4269135,10,phononTF,0.000682453,-4.1532e-06,-2.46353e-06,0.000262498,237.707,0.000682453,1,0.00025333,-0.000269065,-0.0002625,347.688
0,4270755,12,phononTS,0.000405421,0.00173777,3.06438e-05,-0.0002625,297.437,0.000382,1,0.00200409,-7.90001e-07,0.0002625,529
0,4270755,7,phononTS,0.000895249,0.000121705,0.00059664,0.000262498,5.34762,0.000895249,1,0.000581994,0.000534626,-0.0002625,149.797
0,4273625,21,phononTF,0.000557446,-3.76941e-06,-4.21055e-06,0.000262498,496.223,0.000557446,1,0.000549265,0.000413777,-0.0002625,649.989
0,4276796,16,phononTS,0.000659741,0.000228875,0.000274288,-0.000262498,294.398,0.000382,1,0.00100403,-0.000998346,0.0002625,599.655
0,4281770,12,phononTS,0.000523911,-4.78229e-06,2.71231e-06,0.000262498,185.283,0.000523911,1,3.14209e-05,3.5042e-05,-0.0002625,274.717
0,4288855,4,phononL,0.00217027,-0.000708731,0.000472059,-0.0002625,1407.69,0.000382,1,6.84487e-07,4.13481e-06,0.0002625,1590.87
0,4289540,6,phononTS,0.000716554,0.00157135,0.000806165,-0.0002625,19.7019,0.000382,1,0.00299739,0.000999451,0.0002625,658.202
0,4293829,4,phononTF,0.000513592,0.000498582,0.00050578,-0.0002625,570.971,0.000382,1,-1.04828e-06,-1.35147e-06,0.0002625,836.782
0,4293829,3,phononTS,0.00124532,0.000208578,0.000211066,0.000262498,570.971,0.000561549,1,0.000254319,1.82486e-05,-0.0002625,678.143
0,4293829,2,phononTF,0.000983689,0.000208578,0.000211066,0.000262498,570.971,0.000963692,1,0.00399081,-0.000539742,-0.0002625,1262.68
0,4298811,9,phononTF,0.000436946,0.0017393,-0.000238642,-0.0002625,826.564,0.000382,1,0.00200402,4.99776e-06,0.0002625,1071.16
0,4298811,8,phononTF,0.000440334,0.00140262,0.000203018,0.000262498,826.564,0.000440334,1,0.00171984,0.000581585,-0.0002625,952.308
0,4298811,7,phononL,0.000545066,0.00140262,0.000203018,0.000262498,826.564,0.000545066,1,0.00159586,0.000339115,-0.0002625,892.27
0,4298811,6,phononTS,0.000518078,0.00140262,0.000203018,0.000262498,826.564,0.000518078,1,0.00126654,0.000154885,-0.0002625,927.962
0,4298811,5,phononTS,0.000670132,0.00140262,0.000203018,0.000262498,826.564,0.000670132,1,0.00140711,0.000222903,-0.0002625,916.32
0,4298811,4,phononTS,0.00187218,0.00140262,0.000203018,0.000262498,826.564,0.00171123,1,0.00158578,0.000333244,-0.0002625,943.054
0,4301196,22,phononTS,0.000425169,0.000310527,0.000982525,-0.0002625,804.504,0.000382,1,0.00100111,0.00100296,0.0002625,1155.44
0,4301196,4,phononL,0.00119213,4.29286e-06,0.00110355,0.000262498,424.103,0.000735964,1,-0.000172933,0.00023705,-0.0002625,535.124
0,4302156,8,phononTS,0.000678215,0.000118508,0.000815153,-0.0002625,16.6547,0.000382,1,-3.9163e-06,0.00200209,0.0002625,390.032
0,4304268,3,phononTF,0.00302866,0.000604025,0.000788504,-0.0002625,24.2465,0.000764,1,0.00100047,0.000998839,0.0002625,274.647
0,4312835,11,phononTS,0.000442439,0.000995466,-0.000996754,0.000262498,938.133,0.000442439,1,0.000998156,-0.000979996,-0.0002625,1027.93
0,4316692,2,phononL,0.00557367,0.000255237,3.60284e-05,-0.000104784,241.872,0.000382,1,-2.57272e-07,2.7337e-06,0.0002625,421.883
0,4323577,9,phononTS,0.000586717,-0.000998744,0.00100181,0.000262498,684.352,0.000586717,1,-0.000680933,0.000754379,-0.0002625,825.038
0,4324083,15,phononTF,0.00094571,-0.000874569,-0.00112777,-0.0002625,1552.26,0.000382,1,-0.0010006,-0.000996292,0.0002625,1751.13
0,4325971,3,phononTS,0.00123768,-8.8705e-06,0.000387779,-0.0002625,495.264,0.000382,1,-3.15731e-06,-1.29543e-06,0.0002625,759.984
0,4330883,7,phononTS,0.000654156,0.000433808,0.000916197,-0.000262498,478.224,0.000382,1,-0.000999826,0.00100349,0.0002625,798.216
0,4331711,6,phononL,0.000576897,-0.000885353,0.000870036,-0.0002625,1125.87,0.000382,1,-0.00100381,0.00099867,0.0002625,1254.1
0,4337170,1,phononTS,0.01,8.32138e-06,-1.5553e-05,0.000161725,0,0.002674,1,5.45162e-07,-1.00239e-06,0.0002625,362.272
0,4337229,5,phononTS,0.00106568,-0.000202142,0.00188553,-0.0002625,243.755,0.000382,1,-0.00100211,0.00300348,0.0002625,838.067
0,4337229,15,phononTF,0.000589641,-0.00100211,0.00300348,0.000262498,838.067,0.000589641,1,-0.000755753,0.00275188,-0.0002625,946.277
0,4337229,4,phononTF,0.000522959,0.000597824,0.000767582,0.000262498,243.755,0.000522959,1,0.000803252,0.000964646,-0.0002625,345.959
0,4337229,3,phononTS,0.000542741,0.000597824,0.000767582,0.000262498,243.755,0.000542741,1,0.00059839,0.00124626,-0.0002625,387.905
0,4337229,2,phononTS,0.000721696,0.000597824,0.000767582,0.000262498,243.755,0.000337923,1,0.000744429,0.000721131,-0.0002625,346.209
0,4337453,7,phononTF,0.000755858,4.14117e-05,-8.41e-05,-0.000262498,189.262,0.000382,1,-1.95256e-06,-4.55615e-06,0.0002625,280.863
0,4342659,15,phononTS,0.000389365,0.000622635,0.00315701,-0.0002625,1272.59,0.000382,1,3.31803e-06,0.00199922,0.0002625,1736.66
0,4342883,6,phononTF,0.000545314,0.00123888,0.000799279,-0.0002625,902.123,0.000382,1,0.00100382,0.00100076,0.0002625,1194.4
0,4344223,5,phononTF,0.000678558,0.000138592,0.000144793,-0.0002625,356.097,0.000382,1,8.32736e-07,7.30144e-07,0.0002625,548.331
0,4346752,6,phononTS,0.000887007,-0.000995547,0.00300309,0.0002625,901.117,0.000887007,1,-0.00157656,0.00432693,-0.0002625,1822.46
0,4357720,5,phononTS,0.00116114,-0.000358752,-0.000397355,-0.0002625,413.587,0.000382,1,-0.000996682,-0.00100335,0.0002625,956.498
0,4358107,8,phononTS,0.000682689,1.90801e-06,4.21178e-06,0.000262498,253.833,0.000682689,1,-0.000166742,-0.000172069,-0.0002625,372.976
0,4358107,4,phononTF,0.000992974,3.80194e-05,0.000793604,0.000262498,109.59,0.00065255,1,-0.00054178,0.000227364,-0.0002625,274.843
0,4358107,3,phononTS,0.00159379,3.80194e-05,0.000793604,0.000262498,109.59,0.00159379,1,0.000905966,0.000917641,-0.0002625,308.913
0,4364984,9,phononTS,0.000631301,-4.99344e-05,0.00104709,-0.000262498,624.983,0.000382,1,4.76703e-06,0.00200023,0.0002625,842.6
0,4374245,1,phononTF,0.01,3.5183e-06,-1.08344e-06,0.000246412,0,0.003056,1,1.17228e-06,-3.32961e-06,0.0002625,264.277
0,4393576,6,phononL,0.00104295,0.000269287,0.000597943,-0.000262498,276.183,0.000382,1,0.00100058,0.000998942,0.0002625,384.996
0,4398908,9,phononTS,0.00196651,0.000568469,0.00100272,-0.000262498,163.06,0.000764,1,0.000995804,0.00100431,0.0002625,300.29
0,4403835,4,phononTS,0.000385995,-7.10197e-05,0.00098215,-0.000262499,127.302,0.000382,1,3.41689e-06,1.36437e-06,0.0002625,350.129
0,4408264,4,phononTS,0.00193304,-0.000560191,0.00179723,-0.0002625,354.358,0.000764,1,-0.00100193,0.00299989,0.0002625,906.181
0,4415072,16,phononTS,0.000476922,0.0029976,0.000999734,0.0002625,1541.91,0.000476922,1,0.00298473,0.000988775,-0.0002625,1795.32
0,4424845,15,phononTF,0.000529099,0.000999662,0.00100354,0.0002625,675.245,0.000529099,1,0.000531534,0.001772,-0.0002625,1051.34
0,4424845,3,phononTF,0.00108617,0.000217144,0.000774229,0.000262498,39.4098,0.000771765,1,0.000541412,0.000450371,-0.0002625,158.716
0,4435348,3,phononTS,0.00227134,-0.000512054,0.000937434,-0.0002625,160.865,0.001146,1,-0.00200493,0.00199737,0.0002625,656.13
0,4447016,6,phononTS,0.000901673,1.00419e-05,3.04885e-05,-0.000262498,95.2938,0.000382,1,-1.88258e-06,3.62669e-06,0.0002625,186.95
0,4447016,3,phononTS,0.00381395,0.000142999,0.000657069,0.000262498,6.20253,0.00277374,1,0.000177324,0.000555044,-0.0002625,104.654
0,4450139,15,phononTS,0.000418973,-4.29617e-05,0.000168175,-0.000262498,178.265,0.000382,1,-7.21115e-07,-4.61154e-06,0.0002625,283.443
0,4450619,3,phononL,0.00611307,-0.000478437,0.00168787,-0.000219229,67.7927,0.00191,1,4.94383e-06,0.00200016,0.0002625,445.087
0,4458566,9,phononL,0.000503848,-0.00100087,0.00100178,0.000262498,651.072,0.000503848,1,-0.00104744,0.000556433,-0.0002625,726.158
0,4459288,6,phononTS,0.000652394,0.000100949,0.00128857,-0.0002625,129.983,0.000382,1,2.86282e-06,0.00200343,0.0002625,486.21
0,4459288,5,phononL,0.000922238,0.000199034,0.000573705,0.000262498,129.983,0.000329206,1,0.000469353,0.000553838,-0.0002625,196.75
0,4469485,12,phononTS,0.000746138,0.00100125,-0.00100157,0.000262498,526.523,0.000746138,1,0.000935015,-0.00156144,-0.0002625,676.003
0,4474213,10,phononTF,0.000509647,-1.18864e-06,0.00199552,0.000262498,1889.54,0.000509647,1,-0.000246965,0.00172756,-0.0002625,1999.72
0,4474479,5,phononTF,0.00100504,-0.000459826,0.00180242,-0.0002625,165.571,0.000382,1,-0.000998001,0.00300249,0.0002625,682.847
0,4474479,4,phononTS,0.00199145,7.83475e-05,0.000602353,0.000262498,165.571,0.00144008,1,9.49968e-05,0.000593478,-0.0002625,257.591
0,4476181,2,phononTS,0.00150472,0.000620111,0.000852143,-0.0002625,46.0619,0.000382,1,0.000995915,0.00100404,0.0002625,324.705
0,4488632,11,phononTS,0.000870869,-0.000964815,0.00116428,-0.000262498,716.085,0.000382,1,-0.000996884,0.00100236,0.0002625,823.576
0,4488727,11,phononTF,0.000457873,-0.000998265,-0.000995401,0.000262498,1363.21,0.000457873,1,-0.00128316,-0.000698633,-0.0002625,1477.33
0,4489146,13,phononTS,0.000382451,0.00100223,0.00100419,0.000262498,1031.56,0.000382451,1,-0.00043945,-0.00019743,-0.0002625,1415.15
0,4489991,3,phononTS,0.0034492,-4.37162e-05,0.000370805,-0.0002625,871.568,0.001528,1,-8.79908e-07,-4.12355e-06,0.0002625,1129.31
0,4495343,15,phononTS,0.000777662,0.000432747,0.000304093,-0.000262498,152.644,0.000382,1,2.6737e-06,4.36532e-06,0.0002625,311.017
0,4498314,2,phononTS,0.000474497,0.00111004,-0.000987245,-0.0002625,69.9721,0.000382,1,0.00100243,-0.000997568,0.0002625,545.107
0,4501160,18,phononTS,0.000480232,-2.92632e-06,-3.51686e-06,0.000262498,926.732,0.000480232,1,-3.58493e-05,-0.000305265,-0.0002625,1049.48
0,4502489,11,phononTF,0.000467516,-0.00155799,0.000394618,-0.0002625,403.715,0.000382,1,-0.0019963,-1.65749e-06,0.0002625,677.655
0,4504238,18,phononTS,0.00192382,0.00102331,0.000951222,-0.0002625,514.656,0.000764,1,0.000997539,0.00100402,0.0002625,783.055
0,4511419,11,phononTF,0.000788183,0.000298894,0.000175775,-0.0002625,415.737,0.000382,1,1.37061e-06,-8.23951e-07,0.0002625,639.107
0,4511419,10,phononTS,0.00257858,0.00400417,-0.00429387,0.000138127,415.737,0.00101705,1,0.00405486,-0.00383413,-0.0002625,1567.81
0,4517122,5,phononTF,0.000732386,0.000475879,0.000853089,-0.0002625,787.802,0.000382,1,0.000997275,0.0010048,0.0002625,1074.34
0,4517122,4,phononL,0.00127932,-4.55145e-05,0.000701376,0.000262498,787.802,0.000694274,1,-5.64572e-05,0.000732644,-0.0002625,850.142
0,4521316,10,phononTF,0.000384725,0.000791392,0.000678339,-0.000262498,195.201,0.000382,1,0.000998749,0.000999923,0.0002625,310.447
0,4522119,16,phononTS,0.000548657,0.000959342,0.00192543,-0.000262498,629.641,0.000382,1,0.000995645,0.00100309,0.0002625,841.572
0,4522119,14,phononTF,0.00092116,0.00329318,-0.005,0.000261975,429.554,0.000659487,1,0.00280644,0.00352152,-0.0002625,3091.19
0,4525338,8,phononTS,0.00055282,0.000995179,0.00099781,0.000262498,476.913,0.00055282,1,0.000949792,0.00103754,-0.0002625,566.074
0,4526159,9,phononTS,0.000737108,-3.17486e-06,3.66663e-07,0.0002625,418.121,0.000737108,1,-0.000597554,9.47428e-06,-0.0002625,833.509
0,4532699,3,phononTS,0.00643073,0.00101832,0.000630157,-0.0002625,425.905,0.001528,1,0.00100092,0.0010027,0.0002625,652.464
0,4535060,5,phononTS,0.000535569,1.22701e-06,-2.82055e-06,0.0002625,547.502,0.000535569,1,-5.43181e-05,-0.000949537,-0.0002625,980.63
0,4539049,2,phononTS,0.00288724,0.000198634,0.000529453,8.67894e-05,31.8294,0.000764,1,3.322e-06,-1.69268e-06,0.0002625,148.515
0,4542711,22,phononTS,0.000870344,0.000509059,0.000277583,-0.000262498,158.509,0.000382,1,-0.000997293,0.00100141,0.0002625,501.709
0,4547128,17,phononTS,0.000538818,-0.00202695,-0.00194666,-0.000262498,1435.4,0.000382,1,-0.00200329,-0.00199781,0.0002625,1527.6
0,4547128,16,phononTF,0.000538836,0.000201795,-0.005,-0.000141101,1435.4,0.000538836,1,0.000243632,-0.00495776,-0.0002625,2107.87
0,4556665,1,phononTF,0.01,-2.4665e-05,2.85726e-05,0.000227026,0,0.003056,1,3.67895e-06,-4.14637e-07,0.0002625,751.781
0,4556665,10,phononTF,0.000442804,3.67895e-06,-4.14637e-07,0.000262498,751.781,0.000442804,1,-1.37165e-05,0.000153855,-0.0002625,847.552
0,4571496,14,phononTS,0.000687085,-0.00100495,0.00100088,0.0002625,159.893,0.000687085,1,-0.00170877,0.000939535,-0.0002625,506.706
0,4571496,4,phononL,0.00157463,0.000143281,0.000604777,0.000262498,18.5029,0.00130692,1,0.000257026,3.72637e-05,-0.0002625,102.663
0,4571496,3,phononTS,0.00189664,0.000143281,0.000604777,0.000262498,18.5029,0.00189664,1,0.000521756,0.000675818,-0.0002625,152.788
0,4574788,12,phononTS,0.00059617,-0.00200196,3.07538e-06,0.0002625,582.239,0.00059617,1,-0.0019943,-0.000224779,-0.0002625,808.263
0,4574938,1,phononTF,0.01,9.23834e-05,-2.80768e-05,0.000131509,0,0.002674,1,4.18394e-06,-2.51988e-07,0.0002625,1107.03
0,4577306,18,phononTS,0.000897494,0.000653746,-0.000708343,-0.0002625,843.288,0.000382,1,6.33425e-07,2.58089e-06,0.0002625,1301.41
0,4579674,19,phononTS,0.000501013,0.0010045,0.00100045,0.000262498,858.431,0.000501013,1,0.000599994,0.0011591,-0.0002625,1001.78
0,4582778,3,phononTS,0.00257185,3.91164e-05,0.000331713,-0.0002625,13.3023,0.000382,1,-1.21453e-07,-1.84419e-06,0.0002625,260.684
0,4582778,9,phononTF,0.0011955,-1.21453e-07,-1.84419e-06,0.000262498,260.684,0.000368954,1,-0.000234225,0.000431705,-0.0002625,391.576
0,4584778,4,phononTS,0.000948372,0.000170768,0.000698963,-0.0002625,16.1913,0.000382,1,-0.00200356,0.00199672,0.0002625,604.365
0,4587456,15,phononTF,0.000940116,-0.000385231,0.000479226,-0.0002625,500.515,0.000382,1,2.72478e-06,-4.09206e-06,0.0002625,738.019
0,4587456,14,phononTF,0.000607457,-0.000512912,0.000603062,0.000262498,500.515,0.000607457,1,-0.000430807,0.000577362,-0.0002625,592.137
0,4587456,13,phononTF,0.00118208,-0.000512912,0.000603062,0.000262498,500.515,0.000794012,1,-0.000599735,0.000688999,-0.0002625,592.841
0,4601072,5,phononTS,0.000564465,4.70766e-06,0.00199724,0.000262498,424.325,0.000564465,1,-9.48289e-05,0.00199398,-0.0002625,524.203
0,4604032,7,phononL,0.000458557,0.000243717,0.00167207,-0.000262498,679.609,0.000382,1,4.10445e-06,0.0019955,0.0002625,752.554
0,4609322,6,phononTS,0.0013937,-4.63389e-05,0.000155873,-0.0002625,158.864,0.000382,1,-3.84551e-07,-2.72132e-07,0.0002625,365.654
0,4609322,11,phononTF,0.000445768,-3.84551e-07,-2.72132e-07,0.000262498,365.654,0.000445768,1,0.000659941,0.00067323,-0.0002625,550.456
0,4609322,10,phononTS,0.000448003,-3.84551e-07,-2.72132e-07,0.000262498,365.654,0.000448003,1,0.00232914,-0.00370959,-0.0002625,1188.21
0,4609322,5,phononTS,0.000881302,0.00371023,0.005,-4.10407e-05,158.864,0.000881302,1,0.00356473,0.00453221,-0.0002625,1402.42
0,4610986,11,phononTF,0.00100809,0.000888482,0.000880577,-0.0002625,212.464,0.000382,1,0.000999461,0.00100028,0.0002625,401.117
0,4618692,15,phononTS,0.000701317,0.00027672,0.00047873,-0.000262498,203.434,0.000382,1,0.0010037,0.000997461,0.0002625,420.147
0,4620006,14,phononTS,0.000599359,0.0020001,0.00200284,0.0002625,1314.86,0.000599359,1,0.00198257,0.00183509,-0.0002625,1525.98
0,4621074,4,phononTS,0.00100893,3.93038e-05,0.000495125,-0.000262498,656.98,0.000382,1,-2.97536e-06,1.64429e-06,0.0002625,804.955
0,4621513,4,phononL,0.000529107,-7.76351e-05,0.00122852,-0.0002625,706.474,0.000382,1,-8.42501e-07,0.00200148,0.0002625,1007.76
0,4624543,4,phononTS,0.00272402,0.00117614,0.000382725,-0.0002625,229.443,0.000382,1,0.00199635,-2.2951e-06,0.0002625,663.682
0,4624543,9,phononTS,0.00169747,0.00199635,-2.2951e-06,0.000262498,663.682,0.00117463,1,0.00291815,-0.00201357,-0.0002625,1104.06
0,4625682,7,phononL,0.0007406,-0.000441577,0.000873644,-0.0002625,28.8647,0.000382,1,-0.00100152,0.000999171,0.0002625,196.55
0,4628538,10,phononTF,0.000655256,-0.00041888,0.000405982,-0.000262498,212.224,0.000382,1,2.72239e-06,-3.4491e-06,0.0002625,347.077
0,4628538,8,phononTS,0.000485866,-0.000204332,0.000721202,0.000262498,97.5934,0.000485866,1,-0.000241721,0.00105629,-0.0002625,224.616
0,4628538,7,phononTF,0.000473223,-0.000204332,0.000721202,0.000262498,97.5934,0.000473223,1,-0.000700347,0.00120211,-0.0002625,246.061
0,4631158,9,phononTF,0.0010776,0.000109506,0.000109467,-0.0002625,186.043,0.000382,1,2.27009e-06,-2.92245e-06,0.0002625,373.479
0,4646009,13,phononTS,0.000517729,0.00200406,-2.26735e-06,0.0002625,649.571,0.000517729,1,0.00243226,-0.000317107,-0.0002625,1128.34
0,4646009,10,phononTF,0.000959229,0.00117574,0.000465198,0.000262498,466.466,0.000959229,1,0.00132159,0.000519718,-0.0002625,561.793
0,4646009,9,phononTS,0.00101574,0.00117574,0.000465198,0.000262498,466.466,0.000442461,1,0.00148008,0.000492891,-0.0002625,586.901
0,4648518,18,phononTF,0.000466458,0.000996867,-0.00100374,0.000262498,787.824,0.000466458,1,0.00119597,-0.00124704,-0.0002625,894.02
0,4648865,15,phononTF,0.000543715,-0.00317633,-0.00116645,-0.0002625,1774.71,0.000382,1,-0.00300218,-0.000996036,0.0002625,2008.46
0,4648865,9,phononTS,0.000934721,0.00035393,0.000938828,0.000262498,204.439,0.000934721,1,0.00040098,0.0010307,-0.0002625,301.882
0,4657067,9,phononTF,0.00103661,-0.000997073,0.00100431,0.000262498,431.227,0.000466707,1,-0.00144728,0.000567385,-0.0002625,571.21
0,4666218,9,phononTS,0.000644511,-0.000995131,0.00100133,0.0002625,747.101,0.000223787,1,-0.000957499,0.000982873,-0.0002625,935.865
0,4667965,13,phononTS,0.000751628,-0.00200369,-0.00200281,0.000262499,968.906,0.000420326,1,-0.00205744,-0.00202399,-0.0002625,1060.87
0,4667966,1,phononTS,0.01,-0.000220797,0.000574625,-0.000212667,0,0.00699908,1,-0.000316496,0.000534262,-0.0002625,332.472
0,4680822,11,phononTF,0.000504437,0.000999457,0.000997443,0.000262498,616.255,0.000504437,1,0.000826638,0.000824764,-0.0002625,715.388
0,4682936,3,phononTS,0.000927716,0.0010578,-0.000614042,-0.0002625,47.9212,0.000382,1,0.0019961,-0.00199706,0.0002625,743.242
0,4682936,13,phononTS,0.000496754,0.0019961,-0.00199706,0.000262498,743.242,0.000496754,1,0.00194679,-0.00195688,-0.0002625,836.559
0,4682936,2,phononTS,0.000553711,0.000119506,0.000768975,0.000262498,47.9212,0.000553711,1,0.003166,-0.00240564,-0.0002625,873.105
0,4690146,20,phononTS,0.000594953,0.000775913,-0.00185446,-0.0002625,841.362,0.000382,1,0.00100079,-0.00299969,0.0002625,1353.59
0,4694345,1,phononTF,0.01,-5.2186e-06,6.4016e-06,0.000239479,0,0.002292,1,4.26117e-06,-2.93363e-06,0.0002625,744.758
0,4695072,5,phononTF,0.000963543,0.000120173,0.000126991,-0.0002625,260.391,0.000382,1,-3.33518e-06,-3.34445e-06,0.0002625,640.244
0,4695072,2,phononTS,0.000483571,2.02234e-05,0.000464285,0.000262498,62.1498,0.000483571,1,-2.3446e-05,0.000455811,-0.0002625,156.018
0,4695607,11,phononTS,0.000547331,2.25869e-05,-4.45292e-05,-0.000262499,902.234,0.000382,1,-3.52959e-07,-4.44455e-06,0.0002625,992.229
0,4695607,4,phononTS,0.00236942,0.000206173,-2.11379e-06,0.000262498,795.947,0.0015506,1,0.00017557,0.000164643,-0.0002625,900.6
0,4695607,3,phononTF,0.000589971,0.000206173,-2.11379e-06,0.000262498,795.947,0.000589971,1,6.56356e-06,0.000154798,-0.0002625,896.979
0,4697796,12,phononL,0.000842453,1.63289e-06,0.00200368,0.0002625,844.983,0.000423204,1,0.000244077,0.00174106,-0.0002625,1056.63
0,4698411,10,phononTS,0.00101043,-0.00095057,-0.00104071,-0.000262498,651.023,0.000382,1,-0.00100137,-0.00100167,0.0002625,744.262
0,4698411,7,phononTF,0.00125447,0.000179814,0.000307466,0.000262498,146.367,0.00125447,1,0.000318759,0.000489594,-0.0002625,245.543
0,4699915,11,phononTS,0.000665972,0.000127262,0.000100835,-0.0002625,229.658,0.000382,1,-1.01154e-06,-4.67281e-06,0.0002625,448.678
0,4700925,3,phononTS,0.00446484,-0.000437698,0.00297882,-0.000152759,954.458,0.000764,1,-0.000999918,0.00300016,0.0002625,1545.64
0,4700925,6,phononTS,0.000482287,-0.000999918,0.00300016,0.000262499,1545.64,0.000482287,1,-0.000915798,0.00281356,-0.0002625,1658.94
0,4703732,13,phononTF,0.0015257,-0.000369963,-0.00159033,-0.0002625,1127.56,0.000764,1,-3.01981e-06,-0.00199734,0.0002625,1390.58
0,4707525,10,phononTS,0.000553091,0.00175339,0.005,-0.000131456,327.27,0.000553091,1,0.00306117,0.00384683,-0.0002625,1520.37
0,4708603,11,phononTS,0.000475287,0.005,0.00074604,-0.000119814,1757.28,0.000382,1,0.00199829,-0.00200159,0.0002625,2554.93
0,4715213,12,phononTS,0.000384464,-1.07713e-05,3.64453e-05,-0.000262498,342.783,0.000382,1,9.40871e-07,-9.49926e-07,0.0002625,434.7
0,4717710,6,phononTF,0.000490961,-0.000648051,0.000661388,-0.0002625,181.095,0.000382,1,-0.000997544,0.000995267,0.0002625,426.936
0,4720240,7,phononTS,0.00128803,-1.41295e-05,0.000759887,-0.000262498,100.565,0.000382,1,0.000998524,0.000996665,0.0002625,337.44
0,4739088,2,phononTS,0.00140462,0.000315657,-0.000237437,-0.000262498,1060.03,0.000382,1,0.00100121,0.000997848,0.0002625,1362.67
0,4741127,6,phononTS,0.00054281,0.00100065,0.000999226,0.000262498,296.432,0.00054281,1,0.00104042,0.000950042,-0.0002625,389.769
0,4743996,17,phononTS,0.000413014,4.75612e-05,-0.000144289,-0.0002625,312.912,0.000382,1,9.67824e-08,1.26142e-06,0.0002625,517.561
0,4743996,2,phononTS,0.00238904,1.11565e-05,0.000578174,0.000262498,39.6452,0.00133924,1,6.41582e-05,0.000547871,-0.0002625,128.94
0,4747364,8,phononTS,0.000396654,-0.000636551,4.26767e-05,-0.0002625,718.149,0.000382,1,3.95713e-06,1.35748e-06,0.0002625,1046.39
0,4747364,4,phononTF,0.000534665,5.48778e-05,0.000597176,0.000262498,63.9709,0.000534665,1,0.000297378,0.000682525,-0.0002625,168.148
0,4747364,3,phononTS,0.00100216,5.48778e-05,0.000597176,0.000262498,63.9709,0.000690931,1,8.55474e-05,0.000279306,-0.0002625,185.965
0,4747364,2,phononTF,0.000392287,5.48778e-05,0.000597176,0.000262498,63.9709,0.000392287,1,-0.000285748,0.000934016,-0.0002625,185.81
0,4751075,15,phononTS,0.000516299,0.00200151,0.00199509,0.000262498,2350.88,0.000516299,1,0.000657768,0.00276243,-0.0002625,2676.64
0,4751075,10,phononTS,0.00064666,-0.00150868,0.00201472,0.000262498,447.504,0.00064666,1,-0.00151256,0.00270622,-0.0002625,622.505
0,4753088,17,phononTF,0.00157666,0.000131871,0.0001314,-0.0002625,610.128,0.000764,1,2.42011e-06,3.97979e-06,0.0002625,800.423
0,4760526,18,phononL,0.000392365,0.00336556,0.000965329,-0.0002625,1936.54,0.000382,1,0.00299586,0.000999288,0.0002625,2078.39
0,4763794,16,phononTS,0.000437264,2.66313e-06,-1.54247e-06,0.000262498,662.021,0.000437264,1,1.85894e-05,-5.01808e-05,-0.0002625,751.967
0,4765782,3,phononTS,0.00521723,0.00100648,0.000910992,0.000189375,713.82,0.001528,1,0.00100066,0.000996164,0.0002625,990.739
0,4766509,4,phononTS,0.000868968,-0.005,-0.00196804,-0.000243618,2.61814,0.000382,1,-0.00199768,5.42617e-07,0.0002625,1841.61
0,4766509,3,phononTF,0.00144355,0.000110619,0.000628188,0.000262498,2.61814,0.0012508,1,0.000256857,0.000488725,-0.0002625,98.9029
0,4766509,2,phononTS,0.000580218,0.000110619,0.000628188,0.000262498,2.61814,0.000580218,1,-0.000213057,0.00066904,-0.0002625,125.039
0,4768953,3,phononTS,0.0014814,7.60919e-05,-0.00114411,-0.0002625,227.356,0.000382,1,-7.72912e-07,-0.00200075,0.0002625,912.741
0,4769428,10,phononTF,0.000572248,-0.000203189,-0.000280684,-0.0002625,196.736,0.000382,1,3.87083e-06,3.84098e-06,0.0002625,418.4
0,4769428,9,phononTS,0.00125918,-0.000410248,-0.000565207,0.000262498,196.736,0.00125918,1,-0.000514126,-0.00096174,-0.0002625,335.308
0,4776354,12,phononTF,0.000607516,-0.00124933,-0.000891462,-0.0002625,1290.19,0.000382,1,-0.00100218,-0.00100421,0.0002625,1500.12
0,4794331,4,phononTS,0.00308732,0.00100446,0.000881354,-0.0002625,17.5562,0.000382,1,0.000996777,0.000997494,0.0002625,338.924
0,4794331,12,phononTS,0.00236925,0.000996777,0.000997494,0.000262498,338.924,0.0010547,1,0.000272131,0.00109615,-0.0002625,522.937
0,4794429,4,phononTS,0.00395897,0.00193102,0.000312198,-2.1373e-05,817.653,0.001146,1,0.00299526,0.00100252,0.0002625,1552.15
0,4794429,16,phononTF,0.00122059,0.00299526,0.00100252,0.000262498,1552.15,0.000586981,1,0.00321871,0.000780406,-0.0002625,1656.97
0,4802343,13,phononTS,0.00176235,-0.0038513,-0.005,-0.000195502,652.776,0.000382,1,-0.0019953,-0.00200384,0.0002625,2535.88
0,4802343,18,phononTS,0.00122766,-0.0019953,-0.00200384,0.000262499,2535.88,0.000674785,1,-0.00190133,-0.00146436,-0.0002625,2692.89
0,4817419,13,phononTS,0.000408762,0.000610713,0.000956111,-0.0002625,235.006,0.000382,1,0.000999543,0.00100041,0.0002625,496.267
0,4840324,13,phononTS,0.000960118,0.000995857,0.00100265,0.000262498,512.273,0.000960118,1,0.000525058,0.00100983,-0.0002625,654.083
0,4857049,8,phononTS,0.000901666,-0.000199091,0.00107084,-0.0002625,302.164,0.000382,1,-0.000998996,0.000997202,0.0002625,680.366
0,4857049,3,phononTF,0.000708323,8.7139e-05,0.000646427,0.000262498,84.7013,0.000708323,1,0.000409296,0.000320578,-0.0002625,203.993
0,4859317,12,phononTS,0.000554491,0.00114158,8.04471e-05,-0.0002625,393.424,0.000382,1,0.00200151,2.21987e-06,0.0002625,791.078
0,4859317,4,phononTS,0.00290228,0.000112082,0.000655036,0.000262498,6.02296,0.00188324,1,6.73931e-05,0.00069705,-0.0002625,95.134
0,4866215,9,phononTF,0.00116141,0.0014383,-0.0014587,-0.0002625,797.727,0.000382,1,0.00200262,-0.00200338,0.0002625,1122.58
0,4874892,5,phononTF,0.000592974,0.000996777,0.00100073,0.0002625,1081.5,0.000592974,1,0.000849461,0.0011879,-0.0002625,1380.79
0,4877036,13,phononTS,0.000791635,-0.00100281,-0.00100011,0.0002625,441.071,0.000686531,1,-0.00179983,-0.00172736,-0.0002625,936.829
0,4877036,3,phononL,0.000771542,0.000296417,0.000790589,0.000262498,186.803,0.000771542,1,0.000222908,0.00170052,-0.0002625,299.777
0,4877036,2,phononTS,0.00148251,0.000296417,0.000790589,0.000262498,186.803,0.00126874,1,0.000206157,-4.20224e-06,-0.0002625,375.17
0,4878494,9,phononTS,0.000546606,0.000203462,0.00151359,-0.000262498,223.809,0.000382,1,7.54421e-07,0.00200209,0.0002625,381.149
0,4881807,6,phononTS,0.000886391,-0.00100158,-0.00100096,0.0002625,655.656,0.000758135,1,-0.00131255,-0.000968446,-0.0002625,1018.93
0,4886930,14,phononTS,0.00179431,-4.38405e-05,0.00197594,-0.0002625,637.287,0.000764,1,-2.47242e-06,0.00199526,0.0002625,821.761
0,4892451,6,phononTS,0.000845033,0.00085805,0.000844395,-0.0002625,103.466,0.000382,1,0.00100213,0.000999105,0.0002625,442.066
0,4892489,4,phononTS,0.000502153,-0.000444358,0.00130889,-0.000262498,435.399,0.000382,1,-0.00100113,0.00100295,0.0002625,610.039
0,4908563,3,phononTS,0.00163982,-3.76582e-05,0.000399367,-0.0002625,326.547,0.000764,1,4.13614e-06,1.12154e-06,0.0002625,590.421
0,4909435,9,phononTF,0.00070229,0.000671649,0.00121122,-0.000262498,208.035,0.000382,1,0.00099944,0.00100382,0.0002625,324.059
0,4913844,10,phononTS,0.000718954,4.99161e-05,9.32076e-06,-0.000262498,213.381,0.000382,1,1.41707e-06,-3.77678e-06,0.0002625,304.998
0,4914773,8,phononTS,0.00117881,3.65015e-05,0.000144206,-0.0002625,222.495,0.000382,1,1.33571e-06,-9.64259e-07,0.0002625,427.812
0,4914773,10,phononTS,0.000411551,1.33571e-06,-9.64259e-07,0.000262498,427.812,0.000411551,1,-5.29293e-05,-7.01528e-06,-0.0002625,518.849
0,4915131,9,phononTS,0.000666488,0.0014558,0.00195956,-0.000262498,336.401,0.000382,1,0.00200067,0.00199954,0.0002625,488.342
0,4919273,9,phononTF,0.00105064,-0.000854614,0.000843336,-0.0002625,441.776,0.000382,1,-0.00100022,0.000996605,0.0002625,654.754
0,4919273,17,phononTF,0.000398894,-0.00100022,0.000996605,0.000262498,654.754,0.000398894,1,0.00118103,0.000682252,-0.0002625,1069.47
0,4919273,2,phononTF,0.00114875,0.000131671,0.000633422,0.000262498,9.38527,0.000451699,1,0.000278056,0.000652931,-0.0002625,104.592
0,4921092,2,phononTS,0.00297725,-2.73837e-05,0.000814856,9.72214e-05,66.512,0.000382,1,0.002002,-0.00199595,0.0002625,723.325
0,4922541,13,phononTS,0.000467118,-0.0019977,-3.92708e-06,0.000262498,1052.65,0.000467118,1,-0.00218252,-0.000708915,-0.0002625,1238.62
0,4922587,17,phononTS,0.000563476,0.00129016,0.000112356,-0.0002625,976.844,0.000382,1,0.00099783,-0.000995714,0.0002625,1484.43
0,4943461,11,phononTS,0.000498073,0.000999048,0.000996589,0.000262498,650.158,0.000498073,1,0.00103648,0.000983056,-0.0002625,740.693
0,4948444,20,phononTS,0.000565971,-3.43126e-06,9.89933e-07,0.000262498,484.693,0.000565971,1,-9.06165e-05,-7.17552e-05,-0.0002625,588.311
0,4948445,1,phononTS,0.01,0.00027311,0.000601289,-0.000226526,0,0.00512114,1,0.000242111,0.00059833,-0.0002625,383.607
0,4955444,3,phononL,0.00112597,-0.00221549,-0.000574311,-0.0002625,17.1178,0.000764,1,-0.00300096,-0.000996873,0.0002625,475.639
0,4955444,2,phononTF,0.00117615,0.000140915,0.000693374,0.000262498,17.1178,0.000693203,1,-5.91614e-05,0.000280976,-0.0002625,144.399
0,4958008,15,phononTF,0.000557504,0.00100154,-0.00100268,0.000262498,629.913,0.000557504,1,0.00116001,-0.00116971,-0.0002625,728.013
0,4960899,7,phononTF,0.000420308,-0.000995353,0.00100039,0.0002625,1029.18,0.000420308,1,-0.000843011,0.00130145,-0.0002625,1449.57
0,4964159,14,phononTS,0.000441577,2.61268e-07,-0.00199946,0.000262498,1050.86,0.000441577,1,4.41348e-05,-0.00202779,-0.0002625,1144.66
0,4969547,6,phononTS,0.00120374,1.72725e-05,0.000261933,-0.0002625,43.9988,0.000382,1,-2.14422e-06,-4.96243e-06,0.0002625,276.533
0,4971673,1,phononTS,0.01,-4.53681e-06,-1.34869e-06,0.000245762,0,0.002292,1,-3.12446e-06,-2.44269e-06,0.0002625,400.407
0,4973696,17,phononTS,0.000456165,-8.03693e-07,-4.5731e-06,0.000262498,210.45,0.000456165,1,-9.56421e-05,-0.000823392,-0.0002625,402.473
0,4973696,2,phononTS,0.00144768,0.000142579,0.00064969,0.000262498,71.8864,0.000879788,1,-0.000652657,0.000489541,-0.0002625,265.83
0,4985011,8,phononTS,0.00483009,0.000998442,0.000999615,0.0002625,1008.83,0.00262224,1,0.000403441,0.00207875,-0.0002625,2210.84
0,4987237,13,phononTF,0.000461406,4.44662e-06,-1.64108e-06,0.000262498,512.92,0.000461406,1,-0.000698469,0.000711696,-0.0002625,707.028
0,5003859,24,phononTS,0.000513172,-0.00155443,-0.000412975,-0.0002625,493.248,0.000382,1,-0.00200004,3.14596e-06,0.0002625,762.118
0,5004772,11,phononTS,0.000510954,2.68858e-07,0.00199979,0.000262498,601.651,0.000510954,1,-0.00197732,0.00416003,-0.0002625,1140.12
0,5008104,10,phononTS,0.000902827,0.00173269,0.00112028,-0.0002625,754.413,0.000382,1,0.00199661,0.00199563,0.0002625,1167.43
0,5009357,7,phononTF,0.00169169,0.00021123,0.00214877,-0.0002625,1521.92,0.000382,1,-1.83445e-06,0.00200148,0.0002625,1726.04
0,5017251,6,phononTF,0.000408461,0.00100422,0.00100093,0.000262498,331.579,0.000408461,1,0.00077261,0.00127821,-0.0002625,442.286
0,5017251,3,phononTF,0.00298977,0.000137584,0.000638004,0.000262498,12.948,0.00272087,1,-0.000221006,0.000329645,-0.0002625,135.846
0,5018129,5,phononL,0.00191551,-0.000823232,0.000844019,-0.0002625,269.416,0.000764,1,-0.000998179,0.000999506,0.0002625,457.573
0,5021759,9,phononL,0.000683167,-0.000444949,-0.00016837,-0.0002625,296.533,0.000382,1,4.09162e-06,3.37339e-06,0.0002625,444.307
0,5021759,5,phononTF,0.00116707,-9.56149e-05,0.000571429,0.000262498,69.232,0.000376816,1,2.70349e-05,0.000441977,-0.0002625,164.127
0,5023243,1,phononTS,0.01,-6.68602e-05,-6.77073e-05,0.000245512,0,0.003056,1,-4.72424e-06,3.26446e-06,0.0002625,610.307
0,5023243,4,phononTS,0.000984553,-4.72424e-06,3.26446e-06,0.000262498,610.307,0.000307828,1,-3.43036e-05,5.6105e-05,-0.0002625,699.629
0,5027172,3,phononTS,0.00378733,0.00058413,-0.000125358,-0.0002625,70.505,0.000382,1,0.000999632,-0.00100462,0.0002625,502.358
0,5027172,13,phononTS,0.000663216,0.000999632,-0.00100462,0.000262498,502.358,0.000663216,1,0.00190582,5.79639e-05,-0.0002625,803.638
0,5028116,6,phononL,0.000983452,0.00249879,-0.000191869,-0.0002625,369.391,0.000764,1,0.00200252,8.59065e-07,0.0002625,531.709
0,5028902,6,phononTF,0.000565426,-0.000866431,-0.00114529,-0.0002625,507.025,0.000382,1,-0.00100448,-0.00100133,0.0002625,699.28
0,5033254,4,phononTS,0.00104788,-0.0030021,-0.000999886,0.0002625,116.691,0.0010079,1,-0.00456594,-0.00103427,-0.0002625,1556.46
0,5033909,15,phononTF,0.000598878,-0.00127394,0.000712598,-0.0002625,508.936,0.000382,1,-0.00200061,2.68008e-06,0.0002625,900.345
0,5042842,13,phononTS,0.000546081,0.000948807,8.76917e-05,-0.000262498,453.617,0.000382,1,1.23784e-06,-6.47012e-07,0.0002625,671.633
0,5053641,2,phononTF,0.00711628,-0.000985664,0.00098455,0.000216128,22.4512,0.001146,1,-0.00100492,0.00100361,0.0002625,729.041
0,5061403,15,phononTS,0.00138124,-4.81821e-06,0.0020014,0.000262498,495.959,0.000657583,1,2.17176e-05,0.00194712,-0.0002625,585.372
0,5063301,1,phononL,0.01,7.96785e-05,0.00025213,0.00010884,0,0.001528,1,-2.4187e-06,-1.81562e-06,0.0002625,558.412
0,5063301,4,phononTS,0.00445819,-2.4187e-06,-1.81562e-06,0.000262498,558.412,0.00253702,1,-0.000343959,1.01837e-05,-0.0002625,683.995
0,5067747,14,phononTS,0.000474975,-0.0020014,-0.00200232,0.000262498,1953.62,0.000474975,1,-0.00150725,-0.00179672,-0.0002625,2111.91
0,5078622,3,phononTS,0.000680246,0.000220008,0.00104265,-0.000262498,268.897,0.000382,1,0.00100092,0.00100177,0.0002625,455.449
0,5081656,3,phononTS,0.00249882,-0.000364037,0.00107793,-0.0002625,454.622,0.000382,1,-0.00100301,0.00100273,0.0002625,795.036
0,5081656,6,phononTS,0.000895796,-0.00100301,0.00100273,0.000262498,795.036,0.000177509,1,-0.00100967,0.00101401,-0.0002625,889.044
0,5082057,4,phononTF,0.00137373,0.000455294,0.00143014,-0.000262499,196.215,0.000382,1,0.00100117,0.000996218,0.0002625,349.687
0,5082057,6,phononTS,0.000586813,0.00100117,0.000996218,0.000262498,349.687,0.000586813,1,0.000223019,0.000657856,-0.0002625,557.105
0,5082975,12,phononTF,0.000947304,-1.58429e-06,-1.69894e-06,0.0002625,152.431,0.000947304,1,-0.000407232,-0.000417504,-0.0002625,421.728
0,5083504,9,phononTS,0.000409315,-0.00100267,0.00100266,0.0002625,83.2058,0.000409315,1,-0.000417202,0.00022513,-0.0002625,546.552
0,5083601,3,phononTS,0.00404243,0.000396272,0.000191173,-0.000142778,177.14,0.000764,1,0.000998372,-0.000999775,0.0002625,732.956
0,5085087,12,phononTF,0.000520159,0.00190483,-0.00216056,-0.000262498,960.074,0.000382,1,0.00200245,-0.00199608,0.0002625,1057.19
0,5086797,5,phononTF,0.00200538,0.00115961,0.000788981,-0.0002625,989.739,0.000382,1,0.00100138,0.00100471,0.0002625,1195.48
0,5086797,7,phononL,0.00139608,0.00100138,0.00100471,0.000262499,1195.48,0.000274115,1,0.00130561,0.00103804,-0.0002625,1263.54
0,5092274,16,phononL,0.00106904,0.000996339,0.00100439,0.000262498,565.141,0.000947543,1,0.00104441,0.000709888,-0.0002625,632.91
0,5092274,2,phononL,0.00220204,0.00352051,0.00421485,2.97582e-05,12.3199,0.0012268,1,0.00349594,0.00397316,-0.0002625,1260.88
0,5093359,11,phononTS,0.000752656,4.52639e-05,0.000150845,-0.000262498,192.821,0.000382,1,-2.15079e-06,-2.19995e-06,0.0002625,295.882
0,5106855,2,phononTF,0.0022151,0.000638482,0.000609531,-0.0002625,424.681,0.000764,1,0.00100294,0.00100163,0.0002625,683.735
0,5108606,11,phononTS,0.000966603,0.00199862,0.00200299,0.0002625,952.804,0.0009247,1,0.00202374,0.00203237,-0.0002625,1309.21
0,5118557,4,phononTS,0.000997506,0.0001066,0.00130984,-0.0002625,47.265,0.000382,1,4.60344e-06,0.00199978,0.0002625,405.317
0,5118557,13,phononTS,0.000533613,4.60344e-06,0.00199978,0.000262498,405.317,0.000533613,1,0.000327745,0.000768687,-0.0002625,680.372
0,5118557,3,phononTF,0.00115864,0.000208597,0.000619897,0.000262498,47.265,0.00115864,1,0.000653551,0.00106989,-0.0002625,188.023
0,5118557,2,phononTS,0.000619773,0.000208597,0.000619897,0.000262498,47.265,0.000619773,1,-0.000257646,0.000531677,-0.0002625,193.959
0,5123611,2,phononTS,0.00359929,-0.000147421,-4.50098e-05,-0.000241322,115.865,0.001528,1,-4.50058e-06,2.78368e-06,0.0002625,392.775
0,5139431,11,phononTF,0.00163789,-0.000998154,0.00100044,0.000262498,650.742,0.000110268,1,-0.000330628,0.00156717,-0.0002625,828.791
0,5139564,17,phononTF,0.000410707,4.71622e-06,2.21805e-06,0.0002625,159.883,0.000410707,1,0.000195061,-0.000179826,-0.0002625,361.655
0,5142200,4,phononTS,0.00174698,9.40961e-05,0.000372921,-0.0002625,118.982,0.000382,1,-1.4004e-06,7.49657e-07,0.0002625,388.945
0,5143752,14,phononTS,0.000517236,-2.69596e-06,-4.31619e-06,0.000262498,423.405,0.000517236,1,3.90472e-05,1.86671e-05,-0.0002625,517.864
0,5149447,14,phononTS,0.000871586,-0.00208864,0.000855023,-0.0002625,953.015,0.000764,1,-0.00200013,-1.43429e-06,0.0002625,1745.28
0,5155384,8,phononTF,0.00131645,-0.000625439,0.000635757,-0.0002625,154.78,0.000382,1,-0.000997458,0.00100256,0.0002625,409.258
0,5156115,8,phononTS,0.000522383,1.29233e-05,0.00202227,-0.000262498,178.508,0.000382,1,-4.03549e-06,0.00200369,0.0002625,269.682
0,5156115,6,phononTS,0.00116963,9.40214e-05,0.000659313,0.000262498,20.3416,0.00116963,1,5.68208e-05,0.000703222,-0.0002625,109.633
0,5171177,16,phononTS,0.000811956,-0.000108,-2.45159e-05,-0.0002625,476.172,0.000382,1,-1.20362e-06,-1.76991e-07,0.0002625,675.248
0,5174709,16,phononTS,0.00051245,-0.00199872,-0.00200214,0.000262498,883.626,0.00051245,1,-0.00201787,-0.00203841,-0.0002625,973.935
0,5175562,7,phononL,0.000603916,-1.36493e-07,-5.28413e-07,0.000262498,889.249,0.000603916,1,0.00021239,-0.000559455,-0.0002625,975.478
0,5176745,14,phononTS,0.000658766,1.40844e-07,-2.10439e-06,0.000262498,289.935,0.000658766,1,-0.000564758,5.36407e-05,-0.0002625,448.536
0,5176745,8,phononTS,0.00053821,9.1707e-05,0.000514069,0.000262498,78.7158,0.00053821,1,4.84293e-05,0.000554652,-0.0002625,172.365
0,5176745,7,phononTF,0.000407659,9.1707e-05,0.000514069,0.000262498,78.7158,0.000407659,1,0.000304468,0.000733343,-0.0002625,182.685
0,5176944,16,phononTS,0.000393831,-0.00128596,0.000122852,-0.0002625,475.554,0.000382,1,-0.00199879,3.96962e-06,0.0002625,842.144
0,5177767,4,phononTS,0.000470793,-0.00215352,0.00200935,-0.000262498,1016.72,0.000382,1,-0.00200396,0.00200318,0.0002625,1119.77
0,5181317,17,phononTS,0.000535502,-0.000996385,0.00100223,0.0002625,802.51,0.000535502,1,-0.00193794,0.000956276,-0.0002625,1233.33
0,5184733,12,phononTS,0.000495468,0.00299586,0.0010042,0.0002625,2342.05,0.000495468,1,0.00331871,0.000208823,-0.0002625,2797.65
0,5186831,2,phononTS,0.00322049,0.000883927,0.00101454,0.000181774,346.861,0.000382,1,0.00100394,0.00100374,0.0002625,655.104
0,5193653,2,phononTS,0.000493311,0.000187815,0.000908356,-0.000262498,413.005,0.000382,1,-3.02904e-06,2.88389e-07,0.0002625,628.823
0,5194354,3,phononTS,0.00603474,0.000121638,7.08716e-05,0.000215354,137.313,0.001528,1,-2.01319e-06,-4.43894e-06,0.0002625,213.824
0,5194354,8,phononTS,0.000466778,-2.01319e-06,-4.43894e-06,0.000262498,213.824,0.000466778,1,-8.4e-05,6.1221e-05,-0.0002625,316.524
0,5199981,13,phononTS,0.000432592,0.00122653,0.000838802,-0.000262498,465.21,0.000382,1,0.00100143,0.00099814,0.0002625,588.249
0,5209879,3,phononTS,0.00530554,0.000519785,0.000184342,6.75809e-05,272.858,0.000382,1,0.0009963,0.00100251,0.0002625,569.112
0,5213131,3,phononTS,0.0051725,0.000688804,0.000960229,-0.000260555,238.072,0.00191,1,0.00100408,0.00100489,0.0002625,506.934
0,5213239,6,phononTS,0.000561761,-0.000943785,-0.000216652,-0.000262498,286.27,0.000382,1,-0.000995427,-0.000996223,0.0002625,474.549
0,5214790,17,phononL,0.000639999,0.00171833,0.00146636,-0.0002625,1676.71,0.000382,1,0.00199521,0.00200046,0.0002625,1850.67
0,5238355,2,phononTS,0.00349012,3.77118e-05,1.49002e-05,0.00011214,556.613,0.000764,1,9.91929e-07,3.90301e-06,0.0002625,667.609
0,5249585,11,phononTS,0.000683543,0.00023035,-7.32187e-06,-0.000262498,131.255,0.000382,1,-4.88135e-06,1.59373e-07,0.0002625,243.389
0,5251853,10,phononTS,0.00575142,1.4065e-05,0.00196908,-1.07104e-05,375.497,0.00191,1,-2.14498e-06,0.00200208,0.0002625,503.917
0,5252106,5,phononTS,0.00063348,4.32487e-05,0.000390063,-0.0002625,364.096,0.000382,1,4.78567e-06,2.63173e-06,0.0002625,625.138
0,5263988,15,phononTF,0.000802395,0.00100078,-0.000999292,0.000262498,482.187,0.000331724,1,0.000979947,-0.0012419,-0.0002625,586.016
0,5266595,6,phononTF,0.000429725,0.000151996,0.00014098,-0.0002625,482.573,0.000382,1,4.55349e-06,-4.05702e-06,0.0002625,675.771
0,5270210,7,phononTF,0.000664077,-0.0009328,0.000359145,-0.0002625,57.3816,0.000382,1,-0.00199846,-2.61301e-06,0.0002625,521.414
0,5270210,6,phononTS,0.000447497,0.000132856,0.000720902,0.000262498,57.3816,0.000447497,1,0.000236397,0.000583137,-0.0002625,167.562
0,5276539,3,phononTS,0.000572944,0.000412334,0.000238099,-0.000262498,600.169,0.000382,1,1.65091e-06,-2.19379e-06,0.0002625,750.851
0,5285790,15,phononTF,0.00039659,-0.00099592,0.00299812,0.000262498,835.638,0.00039659,1,-0.000950345,0.00295603,-0.0002625,926.175
0,5285790,4,phononTF,0.00141695,3.3497e-05,0.000567907,0.000262498,18.4914,0.000658471,1,-9.1111e-05,0.000450496,-0.0002625,113.216
0,5292484,9,phononTF,0.000383643,-1.00161e-06,-4.64639e-06,0.0002625,228.13,0.000383643,1,0.000182685,-0.000197992,-0.0002625,530.407
0,5293913,4,phononTS,0.000838419,5.50936e-08,0.00199795,0.0002625,902.74,0.000150847,1,0.000424772,0.00198448,-0.0002625,1457.62
0,5295166,19,phononTS,0.000596386,-0.000997023,-0.000998947,0.000262498,1079.2,0.000596386,1,-0.000935874,-0.00144972,-0.0002625,1222.34
0,5296532,12,phononTF,0.000755524,0.00160909,0.00161412,-0.0002625,939.412,0.000382,1,0.00200449,0.002004,0.0002625,1333.26
0,5301692,9,phononTS,0.000434242,0.0016789,-0.0027803,-0.0002625,1305.05,0.000382,1,0.00200359,-0.0020011,0.0002625,1803.1
0,5306419,11,phononTF,0.000525098,-1.02052e-06,4.13015e-06,0.000262498,231.512,0.000525098,1,-0.000267007,-1.13764e-05,-0.0002625,337.921
0,5307046,11,phononTS,0.00233504,0.00200016,0.00200463,0.0002625,545.462,0.00217263,1,0.00166731,0.00297551,-0.0002625,1473.99
0,5307046,10,phononTS,0.00146118,0.00024264,4.2997e-05,0.000262499,545.462,0.00146118,1,0.000199328,-4.98047e-05,-0.0002625,643.095
0,5311028,17,phononTS,0.000749589,2.03786e-06,-3.39772e-06,0.000262498,1131.09,0.000749589,1,-0.000817399,9.46972e-05,-0.0002625,1323.16
0,5318836,13,phononTS,0.0006078,0.00100869,0.00102412,-0.000262498,254.948,0.000382,1,0.00100336,0.00100013,0.0002625,346.224
0,5323768,2,phononTF,0.00100934,0.000722162,0.000805345,-0.0002625,481.209,0.000382,1,0.00100418,0.00100433,0.0002625,701.915
0,5330596,10,phononTS,0.000620166,0.00200229,0.00200335,0.000262498,971.243,0.000620166,1,-4.13102e-05,0.000841887,-0.0002625,1433
0,5334687,10,phononTS,0.000552368,-3.46236e-06,7.32455e-07,0.000262498,304.674,0.000552368,1,-0.000424993,0.000245593,-0.0002625,457.055
0,5344601,11,phononTF,0.000569021,-0.000674209,0.00122132,-0.000262498,508.539,0.000382,1,-0.00100425,0.000997575,0.0002625,625.22
0,5347277,4,phononTF,0.000424564,-0.000144813,0.000142684,-0.0002625,507.326,0.000382,1,-4.76937e-06,1.85917e-06,0.0002625,699.514
0,5347277,3,phononTS,0.000548026,-0.000284856,0.000283508,0.000262498,507.326,0.000548026,1,-0.00021522,5.22856e-05,-0.0002625,624.237
0,5349387,11,phononL,0.000421145,-1.81944e-06,0.00200185,0.0002625,171.888,0.000421145,1,-0.000248258,0.00351495,-0.0002625,525.689
0,5354799,10,phononTF,0.00101665,0.00125462,-0.00113048,-0.0002625,676.731,0.000382,1,0.00100171,-0.0010021,0.0002625,888.317
0,5355373,15,phononTS,0.000416647,0.00200029,0.00199634,0.000262498,1235.42,0.000416647,1,0.00194965,0.00191152,-0.0002625,1332.18
0,5356366,7,phononTS,0.000897122,-0.00104098,0.000945393,-0.0002625,3.8582,0.000382,1,-0.00100284,0.000997186,0.0002625,360.975
0,5356734,6,phononTS,0.0021784,-0.00123275,0.000611992,0.000129681,222.819,0.000382,1,4.51201e-06,0.00199556,0.0002625,3054.91
0,5368806,3,phononTF,0.000434898,0.000623806,0.000783385,-0.0002625,48.4162,0.000382,1,0.000998458,0.00100116,0.0002625,293.121
0,5369144,6,phononTF,0.000650775,4.45347e-06,3.45368e-06,0.000262498,397.499,0.000650775,1,-0.001158,0.00118628,-0.0002625,695.839
0,5371216,22,phononTF,0.000414678,-1.48726e-06,0.00199566,0.0002625,812.911,0.000414678,1,-0.000208225,0.00220464,-0.0002625,1021.34
0,5379759,19,phononTS,0.000430755,4.37031e-05,-0.00111938,-0.0002625,489.812,0.000382,1,-3.30071e-06,-0.00199603,0.0002625,1298.61
0,5380619,17,phononTF,0.00193954,0.00100001,-0.00100052,0.0002625,210.047,0.00132648,1,0.00153533,-0.00143135,-0.0002625,619.94
0,5385639,8,phononTF,0.000582609,0.00118541,0.000830073,-0.000262498,426.326,0.000382,1,0.00100216,0.00100422,0.0002625,526.036
0,5389049,4,phononTS,0.000890599,0.000389621,1.77383e-05,-0.0002625,91.7609,0.000382,1,-1.0907e-06,4.12353e-06,0.0002625,404.194
0,5400748,8,phononL,0.000681562,-0.000997044,0.00100159,0.000262498,407.646,0.000321764,1,-0.000586749,0.00108127,-0.0002625,481.069
0,5400748,6,phononL,0.00038981,9.91019e-05,0.000625481,0.000262498,59.9013,0.00038981,1,-0.00125503,0.000767824,-0.0002625,218.049
0,5400748,5,phononTS,0.000740071,9.91019e-05,0.000625481,0.000262498,59.9013,0.000449462,1,-0.000558369,0.00191654,-0.0002625,368.284
0,5416898,14,phononTS,0.00043386,0.000544395,0.000540235,-0.000262498,452.723,0.000382,1,-3.01512e-06,-6.41823e-07,0.0002625,649.925
0,5431748,20,phononTF,0.000712461,0.000211095,0.00018981,-0.0002625,395.841,0.000382,1,-6.79988e-07,-3.70303e-06,0.0002625,601.926
0,5436515,11,phononL,0.000585034,0.000874593,-0.00258221,-0.0002625,637.412,0.000382,1,0.00100042,-0.0029979,0.0002625,786.346
0,5441175,2,phononTF,0.000927429,0.00100482,0.00100017,0.0002625,726.567,0.000786631,1,0.00130192,0.00130997,-0.0002625,958.606
0,5445240,14,phononTS,0.000459744,-0.005,-0.004394,3.45738e-05,1452.38,0.000382,1,-0.000995342,-0.00100054,0.0002625,2485.52
0,5445240,8,phononTS,0.000449497,0.000142442,0.000646538,0.000262498,10.7151,0.000449497,1,0.00017315,0.000655058,-0.0002625,100.275
0,5450256,13,phononTS,0.000695649,0.000320958,4.30918e-05,-0.000262498,280.906,0.000382,1,3.67897e-06,-1.01041e-06,0.0002625,402.457
0,5450256,4,phononTF,0.000874186,0.00031156,0.000651251,0.000262498,122.928,0.000874186,1,0.000417245,0.000991845,-0.0002625,239.117
0,5452903,6,phononTF,0.000386059,-2.95866e-06,0.00199962,0.000262498,726.105,0.000386059,1,-0.000813442,0.00116773,-0.0002625,945.04
0,5452903,4,phononTF,0.00188089,-0.000120619,0.000828576,0.000262498,402.724,0.00135257,1,-2.79298e-05,0.000660067,-0.0002625,500.091
0,5453579,3,phononTS,0.000527996,-0.000162915,0.000622049,-0.0002625,204.905,0.000382,1,-0.00100354,0.000997251,0.0002625,700.765
0,5453579,2,phononTS,0.00425758,-0.000132537,0.000563341,0.000262498,204.905,0.00307273,1,-0.000163289,0.000525943,-0.0002625,298.222
0,5461387,5,phononL,0.00198981,0.000549613,0.000856096,-0.0002625,83.7476,0.000382,1,0.00100356,0.000998611,0.0002625,237.887
0,5461387,8,phononTS,0.00103242,0.00100356,0.000998611,0.000262498,237.887,0.00103242,1,0.00133932,0.00100699,-0.0002625,362.887
0,5468753,14,phononTS,0.00070103,4.7358e-05,0.00168381,-0.000262498,243.481,0.000382,1,2.76898e-06,0.00200282,0.0002625,365.235
0,5468753,4,phononTF,0.000476445,0.005,0.00400932,0.000182193,5.87107,0.000476445,1,0.00327157,0.00123476,-0.0002625,3813.4
0,5471607,19,phononTF,0.000426354,0.000996959,0.00100331,0.000262498,447.225,0.000426354,1,0.000948561,0.00105137,-0.0002625,537.858
0,5471607,3,phononTS,0.000659084,0.000503884,0.000677006,0.000262498,216.435,0.000659084,1,0.000450636,0.000667678,-0.0002625,307.689
0,5471607,2,phononTS,0.000767744,0.000503884,0.000677006,0.000262498,216.435,0.000386215,1,0.000401082,0.000813633,-0.0002625,326.456
0,5471608,1,phononTS,0.01,0.000932415,0.000771088,-5.45431e-05,0,0.00509522,1,0.000951174,0.000528426,-0.0002625,818.674
0,5473104,6,phononTS,0.00442998,9.61674e-05,-0.00129168,-0.0002625,202.714,0.001528,1,2.69751e-07,-0.00199777,0.0002625,908.842
0,5476993,10,phononTS,0.000436173,2.71589e-06,-7.66572e-08,0.000262498,269.009,0.000436173,1,-0.000442032,-0.000155442,-0.0002625,417.212
0,5484639,3,phononTS,0.000611819,3.66895e-05,0.000308889,-0.0002625,12.8907,0.000382,1,-4.06461e-06,-3.33693e-06,0.0002625,254.838
0,5484639,2,phononTF,0.000518679,7.74435e-05,0.000621113,0.000262498,12.8907,0.000518679,1,0.0001605,0.000703382,-0.0002625,105.013
0,5487856,5,phononL,0.000716607,0.000671609,0.000399432,-0.0002625,350.793,0.000382,1,0.000999454,0.0010005,0.0002625,516.499
0,5487856,4,phononTS,0.00304639,0.000307831,0.000500467,0.000262498,350.793,0.00120888,1,0.000345983,0.00054438,-0.0002625,444.789
0,5487943,5,phononTS,0.000433591,0.00199507,-0.00199566,0.0002625,859.234,0.000433591,1,0.00169126,-0.00204032,-0.0002625,1218.9
0,5492470,6,phononTS,0.000785652,0.000639377,0.00119355,-0.0002625,639.55,0.000382,1,0.00200396,0.00199744,0.0002625,1155.83
0,5496608,9,phononTF,0.000573241,-0.0001352,0.000124286,-0.0002625,229.829,0.000382,1,-4.63664e-06,4.88545e-06,0.0002625,420.054
0,5497724,7,phononL,0.000541407,-6.37431e-05,0.00119334,-0.0002625,982.551,0.000382,1,-4.97149e-06,0.00200474,0.0002625,1189.89
0,5497724,6,phononTS,0.000475055,-0.000122515,0.00038195,0.000262498,982.551,0.000475055,1,-0.000458479,0.000296382,-0.0002625,1112.47
0,5507039,6,phononTF,0.000611104,0.000109296,0.000129735,-0.0002625,589.081,0.000382,1,1.60152e-06,4.62378e-06,0.0002625,777.196
0,5507039,5,phononTS,0.00100319,-4.27587e-06,0.000210284,0.000262498,589.081,0.000498399,1,-0.000202902,0.000272694,-0.0002625,702.107
0,5508657,4,phononTS,0.000658205,-7.5229e-05,0.000914295,-0.000262498,991.552,0.000382,1,-0.000997602,0.00100223,0.0002625,1208.85
0,5509514,15,phononTS,0.000555398,0.00101203,0.000797232,-0.000262498,232.613,0.000382,1,0.00100408,0.000999622,0.0002625,342.901
0,5510095,21,phononTS,0.000632889,-0.00161036,-0.000296764,-0.0002625,264.677,0.000382,1,-0.00299964,-0.00100473,0.0002625,1099.47
0,5511657,13,phononTF,0.000387474,4.81703e-06,1.80429e-06,0.000262498,904.204,0.000387474,1,7.44947e-05,6.78096e-05,-0.0002625,995.564
0,5511657,2,phononL,0.00579115,0.000372172,0.000201393,-8.0607e-05,474.092,0.00355508,1,0.000451453,0.000158419,-0.0002625,735.954
0,5512138,12,phononTS,0.000543572,0.00100202,0.00100481,0.000262498,657.482,0.000543572,1,0.00104339,0.000960181,-0.0002625,750.948
0,5512139,1,phononTS,0.01,-0.000221956,-0.00022276,-0.0002325,0,0.00575714,1,-0.000220714,-0.000225633,-0.0002625,973.367
0,5515144,9,phononTS,0.000592786,-0.000874175,-0.000261911,-0.0002625,934.308,0.000382,1,-0.000999476,-0.000997216,0.0002625,1663.47
0,5517281,6,phononTS,0.000468256,0.00100044,0.00130217,-0.000262498,277.874,0.000382,1,0.000997023,0.00100211,0.0002625,398.997
0,5519379,14,phononL,0.000441541,0.005,0.0011782,3.91808e-05,4288.16,0.000441541,1,0.00193203,0.000778048,-0.0002625,4865.25
0,5530761,6,phononTS,0.00120845,-0.000975146,-0.000609677,-0.0002625,1553.88,0.000382,1,-0.000997531,-0.000997122,0.0002625,1815.18
0,5535004,9,phononTF,0.000499728,0.000185988,-0.000164314,-0.000262498,202.622,0.000382,1,-6.25846e-07,3.26321e-07,0.0002625,302.731
0,5535004,3,phononL,0.00277441,0.000118962,0.00063686,0.000262498,10.2832,0.00150528,1,0.00104586,0.000503952,-0.0002625,125.855
0,5549273,9,phononTF,0.00061554,-4.61175e-06,1.96758e-06,0.000262498,871.195,0.00061554,1,0.000256003,0.000298003,-0.0002625,984.934
0,5553633,2,phononTS,0.00151372,0.000997472,0.000997417,0.0002625,471.539,0.00123442,1,0.00101071,0.00101082,-0.0002625,651.161
0,5553770,6,phononTF,0.000544346,1.97874e-06,-7.6665e-07,0.000262498,543.029,0.000544346,1,-2.56938e-05,2.82165e-05,-0.0002625,633.168
0,5560686,17,phononTS,0.000758093,-3.98881e-06,3.39457e-06,0.000262498,2566.27,0.000581708,1,-0.00054185,0.00134796,-0.0002625,2871.45
0,5562775,8,phononL,0.000385568,0.00167266,0.000678492,-0.000262499,943.344,0.000382,1,0.00300267,0.000999162,0.0002625,1104.17
0,5562775,6,phononTS,0.000638929,0.005,-0.00396749,-0.000156197,830.555,0.000638929,1,0.0047202,-0.00407166,-0.0002625,1970.89
0,5562775,5,phononTF,0.000411286,0.0013547,0.000647361,0.000262498,830.555,0.000411286,1,0.00176928,0.000239277,-0.0002625,964.827
0,5562775,4,phononTS,0.00188412,0.0013547,0.000647361,0.000262498,830.555,0.00104405,1,-0.00118805,-0.000700408,-0.0002625,1388.12
0,5563312,16,phononTS,0.00128476,0.00100203,-0.0030036,0.000262498,1423.02,0.0006921,1,0.00108594,-0.00301473,-0.0002625,1521.22
0,5564027,11,phononTS,0.000481978,-0.00107627,0.00112888,-0.0002625,537.765,0.000382,1,-0.000998873,0.00100411,0.0002625,751.893
0,5566005,1,phononTF,0.01,-0.000963831,0.0010192,0.000137912,0,0.002674,1,-0.00100062,0.00100174,0.0002625,755.279
0,5567001,18,phononTS,0.000755587,-0.00179933,0.00088087,-0.0002625,442.174,0.000382,1,-0.000996788,0.00100183,0.0002625,831.554
0,5567001,5,phononTF,0.00146689,2.92909e-05,0.000748836,0.000262498,67.0557,0.00143407,1,-0.000415017,0.000705873,-0.0002625,197.969
0,5570448,4,phononTS,0.000574876,0.00072991,-0.000613455,-0.0002625,337.8,0.000382,1,0.000996248,-0.00100393,0.0002625,789.672
0,5576498,12,phononTS,0.000586655,5.59729e-08,2.03262e-06,0.000262498,764.988,0.000586655,1,0.000682535,0.000752591,-0.0002625,1002.15
0,5576498,4,phononTS,0.00201819,-0.000108107,0.000519664,0.000262498,64.7516,0.00167938,1,-0.000277828,0.000540329,-0.0002625,170.377
0,5583344,10,phononL,0.000521678,3.55504e-05,0.00134731,-0.0002625,294.812,0.000382,1,-2.48287e-06,0.00199894,0.0002625,474.198
0,5583344,5,phononTF,0.000518548,0.000141983,0.000639088,0.000262498,115.77,0.000518548,1,0.000308964,0.000800416,-0.0002625,214.029
0,5583344,4,phononTS,0.00195447,0.000141983,0.000639088,0.000262498,115.77,9.04501e-05,1,7.22272e-05,0.00124249,-0.0002625,280.552
0,5592394,6,phononTS,0.0011417,1.96266e-06,-0.00200303,0.0002625,535.714,0.000563915,1,-0.000152459,-0.00290832,-0.0002625,1386.64
0,5595629,5,phononTS,0.00110241,-7.72806e-06,0.001399,-0.0002625,325.278,0.000382,1,3.22053e-06,0.00199787,0.0002625,638.432
0,5596108,12,phononTS,0.00122756,0.00199749,0.00200485,0.0002625,179.349,0.000639496,1,0.0044476,0.00329399,-0.0002625,1372.42
0,5604077,9,phononTF,0.000704128,-1.67287e-06,4.99527e-06,0.000262498,855.642,0.000704128,1,-0.000309324,0.000320493,-0.0002625,972.958
0,5607184,11,phononTS,0.00109942,0.000999073,0.0010035,0.0002625,1380.29,0.000838437,1,0.000474229,0.00100464,-0.0002625,1828.13
0,5610904,2,phononL,0.00541854,-0.00154286,-6.45361e-06,-6.05785e-05,49.4225,0.000382,1,-0.00199507,4.90242e-06,0.0002625,498.015
0,5610904,15,phononL,0.00111497,-0.00199507,4.90242e-06,0.000262498,498.015,0.000632024,1,-0.00155889,8.15018e-05,-0.0002625,572.86
0,5613424,14,phononTF,0.000986067,-0.000998531,0.000996677,0.000262498,616.326,0.000409116,1,-0.000710455,0.00133903,-0.0002625,736.466
0,5623893,9,phononTS,0.000635964,-0.000738336,0.000881189,-0.0002625,288.59,0.000382,1,-0.000995008,0.000997624,0.0002625,534.445
0,5631545,5,phononTS,0.000826857,5.77513e-05,0.00131607,-0.0002625,2.392,0.000382,1,2.28103e-06,0.00200465,0.0002625,348.051
0,5641634,9,phononTF,0.00129262,0.00109682,0.00135436,-0.0002625,300.448,0.000382,1,0.0010049,0.000998289,0.0002625,536.784
0,5641634,10,phononTF,0.000589331,0.0010049,0.000998289,0.000262498,536.784,0.000589331,1,0.000900309,0.000698224,-0.0002625,647.761
0,5648363,10,phononTS,0.000445392,0.00165516,-0.000733465,-0.0002625,343.493,0.000382,1,0.00200479,-0.00199754,0.0002625,907.27
0,5648486,6,phononTS,0.000683453,0.00368837,-0.005,-0.000244984,12.4389,0.000683453,1,0.00373626,-0.00484068,-0.0002625,1522.69
0,5648486,5,phononTF,0.000904576,0.000165445,0.000686852,0.000262498,12.4389,0.000904576,1,0.00133923,-0.000505376,-0.0002625,312.575
0,5655618,6,phononTS,0.000389271,0.000126757,0.000337798,-0.0002625,34.846,0.000382,1,2.53238e-06,3.56693e-06,0.0002625,299.47
0,5655618,5,phononTS,0.000396105,0.000250981,0.000672028,0.000262498,34.846,0.000396105,1,0.000171063,0.000682943,-0.0002625,132.728
0,5658234,14,phononTF,0.000702299,0.00100478,0.00100219,0.000262498,622.802,7.39378e-05,1,0.000982828,0.00103151,-0.0002625,712.933
0,5661701,15,phononTF,0.000402809,-0.00014358,-5.27139e-05,-0.0002625,483.351,0.000382,1,5.88044e-07,1.7047e-06,0.0002625,673.771
0,5661701,14,phononTS,0.00154567,-0.000287747,-0.000107132,0.000262498,483.351,0.000567419,1,-8.2554e-05,0.000701321,-0.0002625,680.698
0,5661983,3,phononTS,0.000438013,-6.65422e-05,9.92721e-05,-0.0002625,591.629,0.000382,1,-2.51541e-06,-7.70239e-07,0.0002625,799.668
0,5664551,9,phononTS,0.000982001,0.00213746,-0.000989958,-0.0002625,540.082,0.000382,1,0.00199553,-0.00199885,0.0002625,892.584
0,5666015,9,phononTF,0.000521991,-0.000165903,0.00214635,-0.0002625,818.477,0.000382,1,4.49617e-06,0.00199801,0.0002625,1015.36
0,5674895,6,phononTS,0.000414649,0.000539728,0.000888466,-0.0002625,38.0155,0.000382,1,0.00100248,0.00100132,0.0002625,333.432
0,5674895,5,phononL,0.000775443,7.69789e-05,0.000775615,0.000262498,38.0155,0.000606904,1,0.000181511,0.000515162,-0.0002625,105.166
0,5676109,8,phononL,0.00104681,-3.07577e-06,-3.32908e-06,0.000262498,388.194,0.000931394,1,-0.000187175,0.000225533,-0.0002625,455.894
0,5676682,3,phononTF,0.000950735,-0.00100421,-0.00100253,0.0002625,67.3069,0.000950735,1,-0.00170741,-0.00168694,-0.0002625,638.574
0,5676682,2,phononTS,0.00152781,0.0004022,0.000366287,0.000262498,67.3069,0.000766535,1,0.000549039,-0.000522043,-0.0002625,269.617
0,5682847,15,phononTF,0.000426943,5.9917e-05,-8.73649e-05,-0.000262498,288.768,0.000382,1,4.33521e-06,1.56945e-06,0.0002625,380.845
0,5683404,15,phononTS,0.000479079,1.7596e-06,-3.54639e-06,0.000262498,547.913,0.000479079,1,-5.14277e-05,4.70765e-05,-0.0002625,647.422
0,5683405,3,phononL,0.00842594,0.000544226,0.00013765,-0.000212613,719.112,0.00533075,1,0.000539142,0.000247659,-0.0002625,732.132
0,5693293,12,phononTS,0.000635305,-0.00100118,0.00100267,0.000262498,1083.52,0.000635305,1,-0.000925684,0.000901015,-0.0002625,1188.5
0,5693293,6,phononTS,0.000479336,8.62632e-05,0.000637999,0.000262498,13.6062,0.000479336,1,-7.76999e-05,0.000930427,-0.0002625,144.165
0,5693476,3,phononTS,0.000754256,4.94879e-06,3.67864e-06,0.0002625,728.695,0.000504251,1,2.55828e-05,-0.000239941,-0.0002625,955.795
0,5701295,15,phononTS,0.000428326,-0.00102153,0.000975262,-0.000262498,499.928,0.000382,1,-0.000995174,0.00100478,0.0002625,589.515
0,5701740,13,phononTF,0.000425534,0.00199823,2.58393e-06,0.000262498,672.16,0.000425534,1,0.000151492,-0.000996068,-0.0002625,1056.45
0,5706355,8,phononTF,0.00047789,0.00018026,0.000561549,-0.000262498,169.384,0.000382,1,0.000998381,0.000996972,0.0002625,363.908
0,5709587,16,phononTF,0.00103457,0.000996233,0.00100644,-0.0002625,800.919,0.000382,1,0.00100117,0.00100123,0.0002625,980.694
0,5709587,17,phononTF,0.000455399,0.00100117,0.00100123,0.000262498,980.694,0.000455399,1,0.00123389,0.000703945,-0.0002625,1093.68
0,5715683,2,phononTS,0.000780299,0.0022476,0.000961857,-0.0002625,178.631,0.000382,1,0.00300322,0.00100132,0.0002625,922.815
0,5716117,19,phononTF,0.000575742,4.17451e-06,-4.19152e-06,0.000262498,1135.62,0.000575742,1,9.15398e-06,-9.252e-06,-0.0002625,1225.5
0,5716629,9,phononTS,0.000819429,0.000957218,-0.00118997,-0.000262498,293.093,0.000382,1,0.00100303,-0.000996503,0.0002625,400.333
0,5734168,12,phononL,0.00212833,-1.47123e-07,0.00200496,0.000262498,817.539,0.00151258,1,-8.26813e-05,0.0024682,-0.0002625,894.084
0,5734168,2,phononTS,0.0021789,2.03622e-05,0.000604968,0.000262498,53.3601,0.000653393,1,-0.000844783,0.00059174,-0.0002625,254.632
0,5740444,10,phononTF,0.000493875,0.000997183,0.00100112,0.000262498,335.506,0.000493875,1,0.000650903,0.00147962,-0.0002625,475.803
0,5742510,5,phononTS,0.00070107,-0.000832219,0.000909047,-0.000262498,1009.3,0.000382,1,-0.000999403,0.000998263,0.0002625,1121.08
0,5745073,5,phononL,0.00103005,0.000112716,0.000194164,-0.0002625,197.477,0.000382,1,3.22063e-06,7.02943e-07,0.0002625,328.055
0,5745378,5,phononTF,0.000578721,-1.59472e-06,0.00199925,0.0002625,665.022,0.000578721,1,-4.27565e-05,0.00207428,-0.0002625,939.265
0,5745378,4,phononTF,0.0018773,8.07286e-05,0.00184919,0.000262498,665.022,0.000466439,1,0.00017238,0.00175841,-0.0002625,757.603
0,5748581,12,phononL,0.000440315,-0.00285159,-0.00155988,-0.0002625,2119.02,0.000382,1,-0.00299583,-0.000996346,0.0002625,2292.99
0,5761895,5,phononTF,0.000673272,0.000463668,0.000443317,-0.000262498,427.509,0.000382,1,1.30505e-06,-2.3427e-06,0.0002625,569.402
0,5763730,9,phononTS,0.000795493,0.000568455,0.00116731,-0.000262498,155.156,0.000382,1,0.00199894,0.00199718,0.0002625,492.747
0,5763730,6,phononTF,0.00161634,0.000105625,0.000687992,0.000262498,10.0339,0.000953581,1,0.000272497,0.000944938,-0.0002625,116.912
0,5765235,1,phononTS,0.01,-1.18845e-05,-2.32251e-08,0.000247779,0,0.002292,1,4.15946e-06,3.67196e-08,0.0002625,382.637
0,5768508,9,phononTS,0.000415599,-0.00199653,0.00199697,0.0002625,470.862,0.000415599,1,-0.00144311,0.0024973,-0.0002625,1051.05
0,5772375,16,phononTF,0.000957273,-0.00106587,-0.00104358,-0.0002625,498.167,0.000382,1,-0.000999985,-0.00100225,0.0002625,704.618
0,5775059,11,phononTS,0.000408228,-1.35574e-05,1.74119e-05,-0.000262498,110.619,0.000382,1,1.19036e-06,4.4911e-06,0.0002625,203.593
0,5775059,6,phononTF,0.000748748,3.92433e-05,0.000491069,0.000262498,33.7567,0.000693927,1,5.99907e-05,0.000470513,-0.0002625,123.774
0,5775059,5,phononTS,0.000563582,3.92433e-05,0.000491069,0.000262498,33.7567,0.000462209,1,-7.95963e-05,0.000153593,-0.0002625,166.072
0,5775059,4,phononTS,0.000691717,3.92433e-05,0.000491069,0.000262498,33.7567,0.000213665,1,-5.46155e-06,0.000327309,-0.0002625,137.952
0,5775201,13,phononTS,0.000547403,-0.00104596,0.00103614,-0.000262498,258.07,0.000382,1,-0.00100371,0.00099524,0.0002625,347.288
0,5775384,6,phononTS,0.00114558,4.23719e-06,4.85909e-06,0.0002625,367.43,0.000785039,1,-0.000245476,-1.24913e-06,-0.0002625,597.082
0,5776361,6,phononTF,0.000662257,0.00151332,0.0016042,-0.0002625,2765.59,0.000382,1,0.00199631,0.00199728,0.0002625,3051.19
0,5776361,5,phononTS,0.00140634,0.00103033,0.00121113,0.000262498,2765.59,0.00101118,1,0.00107704,0.00118336,-0.0002625,2860.19
0,5786264,11,phononTS,0.000426774,-0.00099528,0.00100121,0.000262498,943.15,0.000426774,1,-8.96708e-06,-0.000450246,-0.0002625,1305.21
0,5790974,11,phononTS,0.000994795,-0.00084336,0.00100526,-0.0002625,596.42,0.000382,1,-0.000996562,0.00100069,0.0002625,793.367
0,5790974,10,phononTF,0.000443458,-0.000839592,0.000966384,0.000262499,596.42,0.000443458,1,-0.000990688,0.00104294,-0.0002625,692.303
0,5790974,2,phononTF,0.00136352,-0.000653205,0.000812862,0.000262498,410.753,0.000846022,1,-0.00105198,0.00124068,-0.0002625,546.514
0,5792853,13,phononTF,0.000681871,0.00184335,0.000144435,-0.0002625,685.236,0.000382,1,0.00199947,-3.72722e-06,0.0002625,890.288
0,5800923,11,phononL,0.000509009,0.00100188,-0.00099937,0.000262498,454.58,0.000509009,1,0.000701287,-0.000971297,-0.0002625,522.475
0,5800924,3,phononTF,0.00534495,0.000662263,0.000629055,-0.000186456,623.399,0.00363832,1,0.000765317,0.000724524,-0.0002625,650.986
0,5803261,10,phononTS,0.000488204,7.11504e-06,0.000132077,-0.0002625,216.262,0.000382,1,4.79182e-06,-1.09763e-06,0.0002625,422.081
0,5803915,4,phononTS,0.00130948,-0.000466156,0.000886909,-0.0002625,290.691,0.000382,1,-0.00100121,0.000995418,0.0002625,605.134
0,5803915,7,phononTF,0.000694912,-0.00100121,0.000995418,0.000262498,605.134,0.000694912,1,-0.000757191,0.00123218,-0.0002625,712.234
0,5805301,4,phononTS,0.000682005,-4.51687e-07,4.49509e-06,0.0002625,23.6138,0.000682005,1,-5.5612e-05,1.10308e-05,-0.0002625,368.646
0,5805301,3,phononTS,0.00188106,2.37954e-05,0.000694021,0.000262498,23.6138,0.00075175,1,0.000523581,0.00216314,-0.0002625,347.836
0,5805301,8,phononTF,0.000894139,-0.0014648,-0.005,-1.36908e-05,347.836,0.000894139,1,-0.00196898,-0.00448683,-0.0002625,2738.12
0,5808106,9,phononTF,0.000498033,0.00200133,-4.38806e-06,0.000262498,636.158,0.000498033,1,0.00225788,-0.000249147,-0.0002625,744.544
0,5812145,3,phononTF,0.0039308,-0.000149,0.000400624,-0.0002625,87.7201,0.000764,1,-5.94646e-07,-4.14484e-07,0.0002625,311.863
0,5812145,8,phononTS,0.0016318,-5.94646e-07,-4.14484e-07,0.000262498,311.863,0.0016318,1,-3.50669e-05,-4.96153e-05,-0.0002625,401.082
0,5823561,12,phononTS,0.000904007,0.000329552,-0.000349035,-0.000262498,848.718,0.000382,1,0.00100215,0.000997902,0.0002625,1166.69
0,5824616,14,phononTF,0.000497102,-1.76453e-06,-2.57995e-06,0.000262498,414.311,0.000497102,1,0.00030781,-0.000323864,-0.0002625,532.199
0,5825975,10,phononTS,0.00061001,2.13736e-06,-1.08472e-06,0.0002625,271.522,0.00061001,1,9.14038e-05,2.04522e-05,-0.0002625,466.403
0,5826257,7,phononTS,0.000538874,0.00108555,0.000194721,-0.000262498,397.291,0.000382,1,0.00100384,0.00100201,0.0002625,587.642
0,5826606,2,phononTS,0.000392778,0.000139343,0.00131811,-0.0002625,128.476,0.000382,1,3.56763e-06,0.00199734,0.0002625,465.698
0,5832370,10,phononTF,0.000546694,0.00099512,0.000998614,0.000262498,1236.14,0.000546694,1,0.000733658,0.000685917,-0.0002625,1351.81
0,5834838,20,phononTF,0.000385732,-0.00104526,-0.000457207,-0.000262498,310.239,0.000382,1,-0.000999426,0.00299993,0.0002625,937.449
0,5844957,13,phononTF,0.000999336,-0.00212911,-0.000129555,-0.0002625,960.087,0.000382,1,-0.00200425,2.22583e-06,0.0002625,1150.23
0,5859314,10,phononTS,0.000675667,-0.00299979,-0.000998421,0.0002625,3246.18,0.000675667,1,-0.00293461,-0.00105033,-0.0002625,3531.6
0,5861390,4,phononTF,0.00341251,0.000997676,0.000996172,0.0002625,90.2317,0.00127359,1,0.00144121,0.000680192,-0.0002625,508.081
0,5862584,14,phononTS,0.000575701,1.65859e-06,3.75712e-06,0.000262498,533.489,0.000575701,1,-0.000520204,-0.000341048,-0.0002625,707.235
0,5863385,10,phononTF,0.00065662,0.000744977,0.00125271,-0.000262498,1037.75,0.000382,1,0.00099902,0.00100056,0.0002625,1146.53
0,5864623,16,phononTS,0.000631353,0.00101131,0.000944778,-0.000262498,304.685,0.000382,1,0.000996282,0.000998162,0.0002625,396.279
0,5864623,3,phononTF,0.000798346,8.29066e-05,0.000638378,0.000262498,82.3787,0.000643919,1,0.000283774,0.000844837,-0.0002625,184.929
0,5866510,9,phononTS,0.00061968,-0.00100117,0.000996494,0.000262498,489.701,0.00061968,1,-0.000839804,0.000238999,-0.0002625,681.977
0,5866510,5,phononTF,0.00147622,5.756e-05,0.000755529,0.000262498,175.395,0.0011413,1,-0.00280048,0.00371052,-0.0002625,885.758
0,5869261,12,phononTF,0.000436486,0.00100192,-0.00100172,0.000262498,754.524,0.000436486,1,0.0014514,-0.000557957,-0.0002625,895.285
0,5873364,8,phononTS,0.000596127,0.00099747,0.000995405,0.000262498,613.032,0.000596127,1,0.00100084,0.000965394,-0.0002625,707.653
0,5874691,4,phononL,0.00248558,-0.000425159,0.000855359,-0.0002625,86.6331,0.000382,1,-0.00100144,0.000995405,0.0002625,257.393
0,5879916,7,phononTF,0.000435844,0.00231823,-0.00168649,-0.0002625,1434.93,0.000382,1,0.00199672,-0.00200004,0.0002625,1671.43
0,5880524,7,phononTS,0.000825117,1.91361e-05,0.000383991,-0.0002625,81.2821,0.000382,1,-1.41164e-06,-7.77588e-07,0.0002625,346.192
0,5884687,6,phononL,0.000846553,0.00172364,0.000958011,-0.0002625,222.874,0.000382,1,0.002998,0.00100254,0.0002625,780.608
0,5884687,5,phononTS,0.000756309,7.02999e-05,0.00081449,0.000262498,222.874,0.000756309,1,4.3697e-05,0.000804413,-0.0002625,313.286
0,5884687,2,phononTS,0.00426389,-0.000419554,4.82945e-05,0.00025363,24.5826,0.00268242,1,-0.00109948,9.58344e-05,-0.0002625,331.483
0,5888174,10,phononTS,0.000557991,0.000146801,0.000417638,-0.0002625,3.94037,0.000382,1,-0.00100091,0.000998171,0.0002625,394.09
0,5892567,13,phononTF,0.00452512,0.000995796,-0.000999536,0.0002625,423.079,0.00256789,1,0.000792938,-0.000791031,-0.0002625,1254.44
0,5894215,14,phononTF,0.000953017,-2.28406e-06,-3.74882e-06,0.000262498,1316.64,0.000702421,1,-0.000693459,-0.000660488,-0.0002625,1504.15
0,5894215,2,phononTS,0.00314972,-0.000467073,0.000189969,0.000262498,288.972,0.00115888,1,-0.000951725,0.000201159,-0.0002625,433.517
0,5895214,20,phononTS,0.00164453,-2.26666e-05,2.21915e-05,-0.0002625,355.676,0.000382,1,-2.42419e-06,3.39854e-06,0.0002625,535.157
0,5895214,22,phononTF,0.000677904,-2.42419e-06,3.39854e-06,0.000262498,535.157,0.000677904,1,-0.000198706,0.000208993,-0.0002625,637.322
0,5895214,21,phononTS,0.000532008,-2.42419e-06,3.39854e-06,0.000262498,535.157,0.000532008,1,-4.01639e-05,0.000314804,-0.0002625,656.149
0,5901129,11,phononTS,0.00124429,-0.00201791,0.000399706,-0.0002625,811.676,0.000382,1,-0.00199821,-2.20371e-07,0.0002625,1077.3
0,5905696,4,phononTS,0.000550105,0.00100069,0.000997692,0.0002625,1444.69,0.000550105,1,0.00099364,0.000555614,-0.0002625,1722.44
0,5915010,7,phononTF,0.000445435,3.63363e-06,-3.35364e-06,0.000262498,342.078,0.000445435,1,0.000255204,-0.000273226,-0.0002625,452.674
0,5925778,12,phononTS,0.000615469,-0.00123625,0.005,0.000237302,371.331,0.000615469,1,-0.00309821,0.00255267,-0.0002625,1888.35
0,5927313,4,phononTS,0.000850241,0.000997461,0.00100222,0.0002625,576.283,0.000850241,1,0.00104918,0.00124453,-0.0002625,810.274
0,5932257,11,phononTS,0.000585776,0.000997336,0.00100364,0.0002625,198.805,0.000585776,1,0.00206885,0.00123027,-0.0002625,695.338
0,5938059,9,phononL,0.000429735,-1.2091e-06,-1.86063e-06,0.000262498,255.362,0.000429735,1,-0.00065368,-0.00017438,-0.0002625,347.558
0,5938059,6,phononTF,0.0018432,0.000115518,0.000660931,0.000262498,4.07181,0.00160235,1,-9.48043e-05,0.000454874,-0.0002625,107.185
0,5938059,5,phononTF,0.000719955,0.000115518,0.000660931,0.000262498,4.07181,0.000719955,1,-0.000240997,0.000726687,-0.0002625,122.15
0,5938059,4,phononL,0.0024514,0.000115518,0.000660931,0.000262498,4.07181,0.00186159,1,0.000271342,0.000566783,-0.0002625,68.3451
0,5938906,2,phononTF,0.00147272,-0.000623032,0.000611142,-0.0002625,377.102,0.000382,1,-0.000996778,0.00099887,0.0002625,728.393
0,5939251,10,phononTF,0.000450371,8.07598e-05,0.000198563,-0.000262498,269.59,0.000382,1,-4.15727e-06,-2.54147e-06,0.0002625,369.657
0,5939251,7,phononTF,0.000567787,7.07713e-05,0.00059114,0.000262498,136.592,0.000567787,1,0.000595256,8.28604e-05,-0.0002625,291.35
0,5943754,15,phononL,0.000619583,-7.20248e-05,0.00159521,-0.000262498,419.342,0.000382,1,4.54867e-06,3.78378e-06,0.0002625,601.195
0,5944490,13,phononL,0.000414459,0.000708618,-0.00116899,-0.000262498,406.39,0.000382,1,0.00100062,-0.0010024,0.0002625,475.857
0,5947355,5,phononTS,0.00113909,0.000122872,0.00147332,-0.0002625,95.7695,0.000382,1,2.61554e-06,0.00200356,0.0002625,410.289
0,5947355,4,phononTS,0.00185043,0.000243128,0.000943076,0.000262498,95.7695,0.000959087,1,0.000223763,0.000956458,-0.0002625,185.781
0,5948957,9,phononTS,0.00045316,0.0029617,0.000928271,-0.0002625,927.378,0.000382,1,0.00299879,0.00100029,0.0002625,1310.93
0,5949115,15,phononTF,0.000507946,0.00296118,0.00300962,-0.000262498,1906.53,0.000382,1,0.00200014,0.00199646,0.0002625,2163.2
0,5956355,12,phononTF,0.000508793,1.85788e-06,0.00199532,0.0002625,1401.15,0.000508793,1,-0.000295963,0.00231335,-0.0002625,1636.49
0,5970213,2,phononTS,0.00128561,0.000343862,0.00102049,-0.000262498,1498.23,0.000764,1,-3.12754e-06,3.19901e-06,0.0002625,1737.61
0,5979136,15,phononTS,0.000394021,-4.69776e-07,1.21938e-06,0.000262498,494.983,0.000394021,1,-0.00199821,0.00100404,-0.0002625,951.029
0,5981884,10,phononTS,0.000735745,-2.81306e-05,0.000585449,-0.000262498,417.864,0.000382,1,-2.13599e-06,-3.22007e-06,0.0002625,576.685
0,5986211,9,phononTF,0.000774408,-1.86151e-06,-2.87656e-06,0.0002625,1313.71,0.000774408,1,-0.00047907,-0.000454814,-0.0002625,1603.87
0,5986225,9,phononTF,0.000635293,-0.00132081,0.00130297,-0.000262498,331.754,0.000382,1,-0.00100281,0.000995154,0.0002625,449.297
0,5986225,5,phononTF,0.00104537,9.49488e-05,0.000612007,0.000262498,5.9868,0.00104537,1,4.01961e-05,0.00066469,-0.0002625,96.8019
0,5992061,2,phononTS,0.000630943,5.03222e-08,0.00131717,-0.0002625,38.5906,0.000382,1,-4.66889e-06,0.00200366,0.0002625,386.495
0,5993552,8,phononTS,0.000894734,7.69243e-05,0.000387862,-0.0002625,63.4467,0.000764,1,-3.42316e-07,-1.4312e-06,0.0002625,335.474
0,5993552,7,phononTS,0.000780287,0.000154191,0.000777154,0.000262498,63.4467,0.000469328,1,-0.000151008,0.000740909,-0.0002625,183.721
0,5995599,8,phononTF,0.000450722,-0.000879595,-0.00100071,-0.0002625,934.966,0.000382,1,-0.000997606,-0.00100213,0.0002625,1121.69
0,5996994,5,phononL,0.000538255,0.000365625,0.00148194,-0.0002625,2706.87,0.000382,1,2.62525e-06,0.00200275,0.0002625,2887.49
0,6005713,14,phononTS,0.000429695,0.00213289,0.000758376,-0.0002625,871.651,0.000382,1,0.0029982,0.00099716,0.0002625,1288.69
0,6005713,10,phononTS,0.000519021,0.000564595,-2.20655e-05,0.000262498,239.431,0.000519021,1,1.89518e-05,-6.33195e-05,-0.0002625,391.471
0,6005713,9,phononTS,0.000465394,0.000564595,-2.20655e-05,0.000262498,239.431,0.000465394,1,0.000537204,-5.05625e-06,-0.0002625,329.048
0,6008416,10,phononTS,0.000473218,-0.00169599,0.00121648,-0.000262498,1177.52,0.000382,1,-0.0020004,-1.27327e-08,0.0002625,1449.33
0,6010453,2,phononTS,0.000867025,0.000910215,0.000415357,-0.000262498,1492.31,0.000382,1,0.000996456,0.000999356,0.0002625,1655.16
0,6014719,20,phononTF,0.000423732,0.00190002,0.000102032,-0.0002625,464.076,0.000382,1,0.00199519,1.46953e-06,0.0002625,1021.69
0,6015341,11,phononTS,0.000913547,-1.58266e-06,3.39977e-06,0.000262498,688.677,0.000607685,1,-0.000817621,0.000248367,-0.0002625,894.816
0,6034522,3,phononTS,0.000676631,-9.66691e-05,0.000381452,-0.0002625,425.815,0.000382,1,-4.86134e-06,1.66449e-06,0.0002625,697.213
0,6037097,1,phononTS,0.01,1.39429e-05,5.46056e-06,0.000228636,0,0.001528,1,3.59015e-06,2.6477e-06,0.0002625,551.605
0,6037097,6,phononTS,0.00057719,3.59015e-06,2.6477e-06,0.000262498,551.605,0.00057719,1,-0.000725913,-3.04783e-06,-0.0002625,730.548
0,6039979,2,phononTF,0.0066099,-0.000926605,0.000930179,9.58655e-05,201.566,0.000764,1,-0.00100289,0.00100487,0.0002625,497.378
0,6039979,6,phononTS,0.00512282,-0.00100289,0.00100487,0.000262498,497.378,0.00308031,1,-0.00104021,0.000847746,-0.0002625,604.721
0,6044447,13,phononTS,0.000515936,-0.000193616,-0.00114492,-0.0002625,468.861,0.000382,1,-1.32575e-06,-0.00199784,0.0002625,879.549
0,6045438,17,phononTF,0.000615882,-0.00200447,0.00199723,0.000262498,726.661,0.000615882,1,-0.00170363,0.00232119,-0.0002625,845.131
0,6046344,11,phononTF,0.000430049,0.000995664,0.001001,0.0002625,840.531,0.000430049,1,0.00168308,0.00143256,-0.0002625,1106.75
0,6046723,5,phononL,0.000587069,0.000898507,0.000550875,-0.0002625,488.739,0.000382,1,0.00100268,0.00100366,0.0002625,824.036
0,6047038,20,phononTF,0.000456243,-0.00202207,-2.28444e-05,-0.0002625,1561.49,0.000382,1,-0.00200352,-3.70613e-06,0.0002625,1844.32
0,6047258,16,phononTF,0.000662904,-0.00030669,0.00095503,-0.000262498,479.909,0.000382,1,4.19971e-06,4.18258e-06,0.0002625,692.614
0,6051458,4,phononTF,0.00173781,0.000744782,0.000858406,-0.0002625,93.6129,0.000382,1,0.00100128,0.00100487,0.0002625,504.529
0,6051458,13,phononTS,0.000515999,0.00100128,0.00100487,0.000262498,504.529,0.000515999,1,0.00102829,0.000985725,-0.0002625,594.148
0,6051458,12,phononTF,0.000603843,0.00100128,0.00100487,0.000262498,504.529,0.000603843,1,0.00153568,0.000453843,-0.0002625,663.642
0,6051458,3,phononTF,0.0031905,0.000301694,0.000491806,0.000262498,93.6129,0.00229988,1,0.000828006,0.000688367,-0.0002625,237.899
0,6052243,8,phononTS,0.000420855,0.00099655,0.00100172,0.0002625,757.328,0.000420855,1,0.00120177,0.00140864,-0.0002625,1051.86
0,6053669,10,phononTS,0.000514645,-0.00110191,-0.00115958,-0.0002625,874.757,0.000382,1,-0.000999974,-0.000998756,0.0002625,1099.04
0,6054871,11,phononTS,0.000511151,-2.97761e-05,0.000802769,-0.000262498,167.335,0.000382,1,3.11701e-06,0.00199931,0.0002625,438.837
0,6072125,8,phononTS,0.000550479,-2.28231e-06,0.00200342,0.0002625,670.297,0.000550479,1,-4.91958e-06,0.00290457,-0.0002625,1140.89
0,6072803,11,phononTS,0.000468581,1.43165e-05,0.000980491,-0.000262498,636.681,0.000382,1,0.000995884,-0.000995355,0.0002625,1076.06
0,6072803,2,phononTS,0.00160177,0.000171117,0.000806359,0.000262498,177.998,0.00160177,1,0.000693199,0.000484014,-0.0002625,349.689
0,6078581,8,phononTS,0.00087293,4.01242e-06,0.00200022,0.0002625,1.33572,0.00087293,1,-5.11097e-05,0.00268369,-0.0002625,517.543
0,6078581,7,phononTF,0.000603855,0.000114257,0.000633281,0.000262498,1.33572,0.000603855,1,-1.53589e-05,0.000497196,-0.0002625,96.778
0,6080909,6,phononTF,0.000653737,0.00162554,0.0023632,-0.0002625,1277.89,0.000382,1,0.00200053,0.00199584,0.0002625,1532.04
0,6080909,5,phononTS,0.000416441,0.00125055,0.00273055,0.000262498,1277.89,0.000416441,1,0.00118392,0.00207031,-0.0002625,1450.8
0,6081739,4,phononTS,0.000522289,-0.000962745,0.000441512,-0.000262498,1380.93,0.000382,1,-0.000997123,0.000998796,0.0002625,1530.13
0,6084218,5,phononTF,0.000761807,-0.000152991,-2.79008e-05,-0.000262498,571.491,0.000382,1,1.08218e-06,-2.68314e-06,0.0002625,667.268
0,6097874,2,phononTS,0.00172732,0.000861528,0.000931715,-0.0002625,390.478,0.000382,1,0.000996248,0.000995899,0.0002625,604.479
0,6106928,3,phononL,0.00102631,0.000352535,0.00190079,-0.0002625,54.0142,0.000382,1,-3.53534e-06,0.00199759,0.0002625,278.635
0,6107241,10,phononTS,0.00111697,1.53719e-05,0.000744043,-0.000262498,360.66,0.000382,1,-1.39102e-06,1.31641e-06,0.0002625,541.562
0,6117573,4,phononL,0.00129764,-8.95318e-07,0.00200076,0.0002625,272.672,0.00129764,1,-3.12281e-05,0.00266588,-0.0002625,544.915
0,6117573,3,phononTS,0.000761013,5.97701e-05,0.000670539,0.000262498,272.672,0.000162648,1,-0.00105529,0.000464694,-0.0002625,522.958
0,6117669,15,phononTS,0.000494019,-0.00099528,0.00300136,0.000262498,708.647,0.000494019,1,-0.000176018,0.00316604,-0.0002625,910.38
0,6122371,5,phononTS,0.0012724,4.44851e-05,0.000300298,-0.0002625,34.4633,0.000382,1,-2.85447e-06,-2.5245e-06,0.0002625,281.781
0,6126370,16,phononL,0.000754455,0.00319325,0.00102706,-0.000262498,1507.51,0.000382,1,0.00300121,0.00100086,0.0002625,1572.04
0,6126868,3,phononTS,0.00204485,-0.00206287,-0.00268499,-0.0002625,290.369,0.000382,1,-0.0010024,-0.000998317,0.0002625,2769.1
0,6130678,13,phononTS,0.000506008,0.000998818,-0.000999641,0.0002625,1063.55,0.000506008,1,0.000975169,-0.000978958,-0.0002625,1251.59
0,6130678,2,phononTS,0.00682469,-0.00136155,4.06489e-05,2.11714e-05,101.689,0.00361937,1,-0.00127589,2.00858e-05,-0.0002625,718.619
0,6133643,10,phononTF,0.000396313,-0.000632862,-0.000628923,-0.0002625,493.848,0.000382,1,-0.00100426,-0.000997059,0.0002625,1002.81
0,6133643,7,phononTF,0.000785197,-4.15935e-05,0.000618876,0.000262498,78.3564,0.000785197,1,-0.000670861,-2.46173e-07,-0.0002625,254.163
0,6133643,6,phononTF,0.000730575,-4.15935e-05,0.000618876,0.000262498,78.3564,0.000178656,1,-7.49435e-05,0.000330887,-0.0002625,187.404
0,6138019,13,phononTS,0.00106086,-0.00301553,-0.00103958,-0.0002625,980.851,0.000382,1,-0.00299871,-0.000998872,0.0002625,1164.56
0,6138513,4,phononTF,0.00153656,-1.74543e-06,-4.18307e-07,0.0002625,18.3191,0.000206748,1,-9.98695e-05,-0.000283658,-0.0002625,344.964
0,6142411,4,phononTS,0.000693802,3.97744e-05,0.000295651,-0.0002625,93.953,0.000382,1,4.40395e-06,-4.70793e-06,0.0002625,333.373
0,6151517,10,phononTS,0.000430421,0.00100062,-0.000997876,0.0002625,193.797,0.000430421,1,0.00132602,-0.00208513,-0.0002625,695.074
0,6153446,18,phononTS,0.000882363,-0.000687074,0.000977977,-0.0002625,371.171,0.000382,1,-0.00100346,0.000999783,0.0002625,859.595
0,6165612,15,phononTF,0.00140329,-0.000523715,-0.00462123,-0.0002625,419.583,0.000382,1,0.00100164,-0.0030015,0.0002625,3591.62
0,6174323,4,phononL,0.000411976,-0.000442867,0.000821033,-0.0002625,1.62716,0.000382,1,-0.000999251,0.0010036,0.0002625,171.753
0,6178238,8,phononTS,0.000633844,0.0020215,0.000119328,-0.0002625,1194.55,0.000382,1,0.00199764,2.9358e-06,0.0002625,1605.77
0,6178830,9,phononTS,0.000593857,0.000555167,-0.000965935,-0.0002625,515.306,0.000382,1,0.00100209,-0.000998309,0.0002625,792.235
0,6179189,13,phononL,0.000473953,1.72305e-05,0.00133697,-0.000262498,557.593,0.000382,1,0.00100113,0.00100039,0.0002625,685.554
0,6179189,5,phononTS,0.000509165,0.000109474,0.00125071,0.000262498,452.557,0.000509165,1,0.000524676,0.00120689,-0.0002625,590.088
0,6184482,9,phononTS,0.000464203,0.0010008,0.000998279,0.000262498,573.77,0.000464203,1,0.00104127,0.00124102,-0.0002625,686.564
0,6185558,2,phononTF,0.00108359,-0.000951546,-0.000727168,-0.0002625,212.703,0.000382,1,-0.00199927,-0.00199515,0.0002625,812.733
0,6195038,8,phononTF,0.000475767,0.00055694,0.000817176,-0.0002625,8.89929,0.000382,1,0.00100173,0.001001,0.0002625,272.441
0,6197268,12,phononTS,0.000524165,4.36274e-05,-2.64499e-05,-0.000262498,444.606,0.000382,1,5.14273e-07,2.48952e-06,0.0002625,534.065
0,6198629,1,phononL,0.01,1.04018e-05,2.39437e-06,0.000249744,0,0.001146,1,-4.46952e-06,-1.99779e-06,0.0002625,1663.18
0,6214114,8,phononTF,0.00293523,4.13823e-06,-0.00200266,0.0002625,681.504,0.00208824,1,0.000409006,-0.00172192,-0.0002625,1889.85
0,6216994,3,phononL,0.000472749,0.000210647,0.000687862,-0.000262498,153.097,0.000382,1,0.000995129,0.000996889,0.0002625,261.711
0,6217969,16,phononTS,0.000543308,0.000998437,-0.00100288,0.000262498,4240.18,0.000543308,1,0.00157829,-0.00105879,-0.0002625,4396.95
0,6220717,5,phononTS,0.00219959,0.00113751,6.27879e-05,-0.0002625,358.006,0.000382,1,0.00199586,2.68967e-06,0.0002625,763.517
0,6220717,10,phononTS,0.00138042,0.00199586,2.68967e-06,0.000262498,763.517,0.000670366,1,0.00196035,3.20723e-05,-0.0002625,853.02
0,6227380,6,phononTF,0.000560269,0.00160686,0.00159641,-0.0002625,2444.07,0.000382,1,0.00200221,0.00200197,0.0002625,2708.41
0,6227380,5,phononTF,0.000627838,0.00121151,0.00119086,0.000262498,2444.07,0.000627838,1,0.00100634,0.000991779,-0.0002625,2546.39
0,6227380,4,phononL,0.00100824,0.00121151,0.00119086,0.000262498,2444.07,0.00100824,1,0.00107548,0.00120682,-0.0002625,2507.46
0,6227380,3,phononTS,0.000382096,0.00121151,0.00119086,0.000262498,2444.07,0.000382096,1,0.00184449,0.0021565,-0.0002625,2703.81
0,6244331,7,phononTS,0.00183762,-0.00200382,0.00200173,0.000262498,559.454,0.00170296,1,-0.00205304,0.00194722,-0.0002625,653.822
0,6246859,2,phononTF,0.00158746,-8.08613e-05,9.09891e-05,-0.000262498,1087.96,0.000382,1,0.00100363,-0.00100359,0.0002625,1366.62
0,6246859,11,phononTS,0.000648602,0.00100363,-0.00100359,0.000262498,1366.62,0.000648602,1,0.00104779,-0.000931305,-0.0002625,1462.45
0,6247444,18,phononTF,0.000505952,0.000998366,0.000995822,0.000262498,808.743,0.000505952,1,0.00131376,0.000773951,-0.0002625,923.574
0,6247444,13,phononL,0.00114249,0.0011366,0.000663992,0.000262498,328.323,0.00114249,1,0.00100126,0.000315912,-0.0002625,399.508
0,6247445,1,phononTS,0.01,-1.6923e-05,0.000962511,-0.000244917,0,0.00525312,1,-2.87348e-05,0.00100604,-0.0002625,611.302
0,6247905,12,phononTS,0.000826005,-0.000997,0.00100272,0.000262498,887.262,0.000631266,1,-0.00107062,0.00197564,-0.0002625,1102.84
0,6247905,10,phononTS,0.000721563,-0.000127967,0.000554789,0.000262498,707.324,0.000514789,1,0.000702952,0.00130431,-0.0002625,961.885
0,6247905,9,phononTS,0.000423188,-0.000127967,0.000554789,0.000262498,707.324,0.000423188,1,0.00109215,-0.000842489,-0.0002625,1087.21
0,6251615,11,phononTS,0.000867216,-0.00254473,0.00304485,-0.0002625,1241.78,0.000382,1,-0.00199802,0.00199731,0.0002625,1768.33
0,6269718,18,phononTS,0.000569146,-3.06514e-06,-3.07519e-06,0.000262498,377.516,0.000569146,1,0.000843685,0.000911715,-0.0002625,653.492
0,6270198,14,phononTS,0.000697758,2.19315e-07,0.00200292,0.000262499,699.255,0.000697758,1,0.0014121,0.00245335,-0.0002625,1011.17
0,6273675,6,phononTF,0.000654054,0.00144725,0.000831184,-0.0002625,848.953,0.000382,1,0.0030025,0.00099717,0.0002625,1468.54
0,6273675,5,phononTS,0.00143049,-0.000107998,0.0006652,0.000262498,848.953,0.000936177,1,-0.000668864,0.00066949,-0.0002625,1003.3
0,6278485,12,phononTS,0.00107573,-0.00100027,0.000999323,0.000262498,457.593,0.00085051,1,-0.00103991,0.00156689,-0.0002625,608.491
0,6284887,5,phononTS,0.00100386,-8.82973e-06,0.000156391,-0.0002625,252.607,0.000382,1,8.85729e-07,-3.03972e-06,0.0002625,460.662
0,6284887,4,phononTF,0.00293215,0.000543922,0.000994304,0.000156846,252.607,0.00236197,1,0.00101592,0.000536536,-0.0002625,549.652
0,6284887,2,phononTS,0.00553183,3.26688e-05,0.00018348,-0.000217667,190.938,0.00383726,1,3.31232e-05,0.000193044,-0.0002625,251.504
0,6286829,18,phononTS,0.000564057,0.00113363,0.000503149,-0.0002625,1296.45,0.000382,1,-3.13466e-06,-1.75937e-06,0.0002625,2487.38
0,6297685,15,phononTS,0.000457852,0.000150253,-0.00111714,-0.0002625,518.994,0.000382,1,0.00100291,-0.00100358,0.0002625,913.07
0,6297685,5,phononTS,0.00115504,0.000145982,0.000761375,0.000262498,41.457,0.000870422,1,0.001005,-0.00116521,-0.0002625,463.729
0,6309871,8,phononTS,0.000709904,-1.03725e-07,-4.24471e-06,0.000262498,434.265,0.000709904,1,-0.000785649,1.85015e-05,-0.0002625,621.603
0,6311836,5,phononTF,0.000768085,-3.644e-06,-1.63309e-06,0.0002625,215.037,0.000615868,1,7.80834e-05,-0.000222626,-0.0002625,520.841
0,6311836,4,phononTS,0.00121685,-0.000167099,0.000440351,0.000262498,215.037,0.000880719,1,-0.000206767,0.000732685,-0.0002625,333.659
0,6318221,13,phononTS,0.000562212,0.000828782,0.000969704,-0.000262498,1189.56,0.000382,1,0.00100222,0.000996508,0.0002625,1294.93
0,6318221,9,phononTS,0.0015403,0.000863194,0.000587841,0.000262498,918.61,0.00092238,1,0.000843046,0.000702715,-0.0002625,1019.04
0,6320132,3,phononTS,0.00357491,2.43932e-05,-2.91914e-05,-0.0002625,65.2062,0.000764,1,1.49522e-08,3.76414e-06,0.0002625,340.313
0,6320132,7,phononTF,0.000605224,1.49522e-08,3.76414e-06,0.000262498,340.313,0.000605224,1,-0.000157355,-0.000151085,-0.0002625,437.812
0,6321517,18,phononTF,0.00049556,-0.00200296,0.00200488,0.000262498,1309.27,0.00049556,1,0.000500642,-0.0010375,-0.0002625,1994.64
0,6321517,3,phononTF,0.00383366,-0.000586687,0.00130588,6.10399e-05,52.4849,0.00182249,1,0.000207772,0.000510568,-0.0002625,576.684
0,6334173,18,phononTF,0.00065626,-0.000217866,-0.00177218,-0.000262498,1014.28,0.000382,1,4.14259e-06,-0.00199879,0.0002625,1119.59
0,6335390,7,phononTS,0.000458244,0.000603904,-0.000698914,-0.0002625,320.399,0.000382,1,0.00100475,-0.000995238,0.0002625,629.675
0,6337814,3,phononTF,0.00301045,0.00156668,0.00157755,-0.0002625,151.247,0.001146,1,0.00199781,0.00199508,0.0002625,697.003
0,6345258,12,phononTS,0.000890584,0.000648132,0.00119571,-0.0002625,682.289,0.000382,1,0.00100003,0.000996328,0.0002625,1103
0,6345258,2,phononTF,0.0024312,8.74925e-05,0.000497075,0.000262498,156.284,0.00129416,1,0.000243974,0.000261732,-0.0002625,260.697
0,6349360,10,phononTS,0.000410202,0.0009992,0.00100107,0.000262498,1447.94,0.000410202,1,0.0010189,0.0010531,-0.0002625,1537.67
0,6349360,5,phononTS,0.00384716,0.000975685,0.000898002,0.000262498,867.876,0.00194994,1,0.000547981,0.00070854,-0.0002625,1016.45
0,6357007,25,phononTS,0.000642132,-0.0011174,0.00369036,-0.0002625,4324.45,0.000382,1,-0.00100452,0.00299785,0.0002625,4684.38
0,6357007,13,phononTF,0.000533316,-0.00260683,-0.000897259,0.000262498,2357.64,0.000533316,1,-0.00228705,-0.00056555,-0.0002625,2477.16
0,6364964,10,phononTS,0.00088347,0.000996649,0.000860408,-0.0002625,776.688,0.000382,1,0.00100178,0.00100056,0.0002625,984.554
0,6364964,3,phononTS,0.000626404,0.000220516,0.000599397,0.000262498,29.0143,0.000626404,1,0.000206314,-3.6681e-05,-0.0002625,194.162
0,6367631,10,phononTF,0.000645071,-7.01244e-05,0.00164779,-0.0002625,348.235,0.000382,1,-1.7282e-06,0.00200167,0.0002625,583.679
0,6367631,6,phononTS,0.000538994,0.000159838,0.00058758,0.000262498,57.5609,0.000538994,1,0.000690891,0.00103307,-0.0002625,242.458
0,6371867,12,phononL,0.000620895,-0.00121379,0.000381511,-0.0002625,931.865,0.000382,1,-0.00199931,3.89968e-06,0.0002625,1156.13
0,6382031,15,phononTS,0.00119879,-5.22684e-05,7.71224e-05,-0.000262498,417.669,0.000382,1,3.76385e-06,-3.22489e-06,0.0002625,519.56
0,6382031,16,phononTF,0.000707797,3.76385e-06,-3.22489e-06,0.000262498,519.56,0.000480103,1,-0.000725389,0.000737256,-0.0002625,718.925
0,6388115,15,phononTF,0.000501027,-0.0028431,-0.00093231,-0.000262498,1436.09,0.000382,1,-0.00299802,-0.00100484,0.0002625,1532.21
0,6388115,11,phononTS,0.000935314,-0.000213644,0.00112805,0.000262498,485.87,0.000671761,1,0.00027888,0.0011801,-0.0002625,634.188
0,6394737,7,phononTF,0.000423729,0.000156393,-0.000150966,-0.000262498,200.029,0.000382,1,3.39487e-06,-5.01074e-07,0.0002625,297.179
0,6394737,4,phononL,0.000525305,0.000113383,0.000664779,0.000262498,8.17607,0.000525305,1,-0.000934843,0.000591246,-0.0002625,134.502
0,6396478,3,phononL,0.00549414,0.00100571,0.00101887,0.00019868,142.7,0.001146,1,0.000995608,0.000999587,0.0002625,690.897
0,6398941,14,phononTS,0.00057142,3.4158e-06,-0.00200365,0.000262498,1273.84,0.00057142,1,-2.50134e-06,-0.00202692,-0.0002625,1363.69
0,6398941,10,phononTS,0.00091984,0.000934802,0.000220901,0.000262498,403.149,0.00091984,1,4.33407e-05,0.000157245,-0.0002625,611.26
0,6399230,14,phononTF,0.00039339,3.75254e-06,-2.01035e-06,0.000262498,961.048,0.00039339,1,-0.000511033,-0.00074571,-0.0002625,1147.41
0,6401483,12,phononTF,0.000699787,-0.0011065,0.0031033,-0.0002625,2046.73,0.000382,1,-0.00100101,0.00299619,0.0002625,2233.71
0,6405956,12,phononTS,0.000463327,-0.000229707,-0.000421861,-0.0002625,320.51,0.000382,1,-0.00100301,-0.00100302,0.0002625,778.587
0,6405956,2,phononTF,0.000654529,0.000144273,0.000563602,0.000262498,71.7076,0.000654529,1,-5.84893e-05,0.000787061,-0.0002625,176.088
0,6412496,8,phononTS,0.000417874,7.24433e-05,4.10422e-05,-0.000262498,778.55,0.000382,1,3.9519e-06,-1.09916e-06,0.0002625,874.099
0,6412496,3,phononTS,0.000927546,-5.86311e-06,0.000354624,0.000262498,395.393,0.000927546,1,-2.38829e-05,0.000726514,-0.0002625,524.619
0,6416425,18,phononTF,0.00043979,-0.0014814,-0.00035739,-0.0002625,353.244,0.000382,1,-0.00199611,-2.95795e-06,0.0002625,644.77
0,6421225,6,phononTS,0.00125266,-0.000961551,0.000336115,-0.0002625,10.6776,0.000382,1,-0.00200401,3.54225e-06,0.0002625,502.889
0,6423183,5,phononTF,0.00204586,-0.00143049,0.00139742,-0.0002625,1209.48,0.000764,1,-0.00100359,0.000997143,0.0002625,1480.92
0,6423183,14,phononTS,0.000594325,-0.00100359,0.000997143,0.000262498,1480.92,0.000594325,1,-0.000991976,0.000948163,-0.0002625,1572.36
0,6425405,18,phononTF,0.000717868,-0.000999364,0.000997078,0.000262498,2078.77,0.000717868,1,-0.00117535,0.00117233,-0.0002625,2178.3
0,6426832,3,phononL,0.0054166,0.00016959,0.000872892,-0.0002625,938.904,0.000382,1,0.000996159,0.000996695,0.0002625,1106.47
0,6429860,3,phononL,0.000665209,-0.000995343,0.000995352,0.0002625,578.96,0.000487124,1,-0.00196492,0.00104431,-0.0002625,815.821
0,6436024,16,phononTS,0.000549993,-4.10523e-07,4.81898e-06,0.0002625,483.933,0.000549993,1,-2.58133e-05,0.000286328,-0.0002625,719.47
0,6436024,8,phononTS,0.000457761,-1.89707e-05,-0.000308604,0.000262498,394.577,0.000457761,1,2.86778e-05,-0.000269885,-0.0002625,483.706
0,6436024,7,phononTS,0.000680115,-1.89707e-05,-0.000308604,0.000262498,394.577,0.000680115,1,3.26306e-05,-0.000340958,-0.0002625,483.823
0,6442975,28,phononTS,0.000403411,-0.00200034,4.33646e-06,0.0002625,726.047,0.000403411,1,-0.00196927,-4.24924e-05,-0.0002625,994.101
0,6451761,5,phononTS,0.000689184,0.00097797,0.000987279,-0.0002625,259.583,0.000382,1,0.000995479,0.00100194,0.0002625,530.25
0,6455582,16,phononTF,0.00124767,-6.92131e-07,-1.35783e-06,0.000262498,301.073,0.00124767,1,-0.001344,0.00133991,-0.0002625,638.249
0,6461667,6,phononTF,0.00128553,-0.000997785,0.00100028,0.000262498,1281.35,0.000930159,1,-0.00123194,0.000777051,-0.0002625,1386.86
0,6480191,6,phononTS,0.00139207,0.00114645,0.0010465,-0.0002625,1031.95,0.000382,1,0.000999295,0.00100007,0.0002625,1236.95
0,6480191,7,phononTF,0.000657268,0.000999295,0.00100007,0.000262498,1236.95,0.000657268,1,0.00076893,0.00117548,-0.0002625,1341.26
0,6491405,5,phononTS,0.000405742,0.000117707,0.000526406,-0.0002625,116.707,0.000382,1,-0.00100403,0.000995746,0.0002625,471.224
0,6491405,4,phononTS,0.00108035,0.000116031,0.000495089,0.000262498,116.707,0.000650672,1,7.99711e-05,0.00045738,-0.0002625,206.059
0,6503999,10,phononTS,0.000601641,0.000997502,0.000995908,0.000262498,622.103,0.000601641,1,0.000999848,0.000920191,-0.0002625,720.076
0,6508504,5,phononTS,0.00160719,-0.000578433,0.000870042,-0.0002625,173.733,0.001146,1,-0.000997566,0.00100127,0.0002625,460.224
0,6514363,9,phononTS,0.000614604,0.00100361,-0.00100354,0.000262498,394.634,0.000614604,1,0.00100748,-0.00100622,-0.0002625,487.277
0,6514363,7,phononTS,0.00182101,0.00159742,-8.17411e-05,0.000262498,228.824,0.00122289,1,0.00155884,-0.00022144,-0.0002625,330.843
0,6514363,5,phononTF,0.0012442,0.000129149,0.000699428,0.000262498,11.8883,0.00108623,1,0.000506497,0.00141107,-0.0002625,188.048
0,6527112,3,phononTS,0.00343131,0.000805096,0.000888653,-0.0002625,47.3858,0.000382,1,0.000997826,0.00100322,0.0002625,351.188
0,6527413,7,phononTS,0.000514156,0.00338628,0.000951558,-0.0002625,1295.32,0.000382,1,0.00300104,0.000997767,0.0002625,1555.58
0,6531615,1,phononTF,0.01,-1.4892e-05,1.05432e-05,0.000221107,0,0.002674,1,-6.03363e-08,-3.54067e-06,0.0002625,667.738
0,6531687,6,phononTS,0.000596451,0.000611915,0.000238067,-0.0002625,129.489,0.000382,1,-7.7221e-07,3.01172e-06,0.0002625,525.381
0,6531687,5,phononL,0.00119916,1.08975e-05,0.000918118,0.000262498,129.489,0.00119916,1,-0.000419431,0.000754094,-0.0002625,205.671
0,6531687,4,phononTS,0.00187603,1.08975e-05,0.000918118,0.000262498,129.489,0.00128686,1,0.000328628,0.00150141,-0.0002625,308.603
0,6532521,8,phononTS,0.000446686,-2.19837e-06,1.61184e-06,0.000262498,286.873,0.000446686,1,-0.000329248,0.000446989,-0.0002625,449.66
0,6537396,2,phononL,0.00216267,0.00113475,0.000334996,-0.0002625,38.9252,0.000764,1,0.00199951,3.32454e-06,0.0002625,272.518
0,6539722,3,phononTS,0.00480245,0.000692925,0.000480876,8.80158e-05,492.263,0.001146,1,0.000995281,0.00099749,0.0002625,615.06
0,6544326,2,phononTF,0.00136148,0.000739655,0.00122096,-0.000262498,294.833,0.000382,1,0.000999353,0.00100439,0.0002625,403.207
0,6544837,3,phononTS,0.00392658,-1.95552e-05,0.000365057,-0.0002625,61.2601,0.000764,1,-3.32308e-06,9.57564e-07,0.0002625,316.593
0,6547814,8,phononTF,0.000553248,-0.000343113,0.000355582,-0.0002625,457.497,0.000382,1,4.11223e-06,-2.19759e-06,0.0002625,705.301
0,6550999,10,phononTS,0.00100468,-0.000119403,-0.000968235,-0.0002625,1341.58,0.000764,1,-0.000997528,-0.000998717,0.0002625,1747.25
0,6550999,9,phononTF,0.00236339,0.000758719,-0.000937752,0.000262498,1341.58,0.000907176,1,0.000823532,-0.000777816,-0.0002625,1438.02
0,6552927,21,phononTF,0.000597006,-0.0033746,-0.00136441,-0.0002625,1463.24,0.000382,1,-0.00299514,-0.000995035,0.0002625,1718.6
0,6557253,11,phononTF,0.00156204,0.00171488,0.000291827,-0.0002625,883.292,0.000382,1,0.00199564,-5.54011e-07,0.0002625,1110.27
0,6557253,14,phononTS,0.000967474,0.00199564,-5.54011e-07,0.000262499,1110.27,0.000967474,1,0.00197344,-7.44963e-05,-0.0002625,1206.43
0,6562103,7,phononTF,0.00053787,-0.00109065,0.000914453,-0.0002625,1528.67,0.000382,1,-0.000996962,0.00099576,0.0002625,1713.78
0,6566280,7,phononL,0.00108519,-0.000281118,0.000108702,-0.0002625,507.861,0.000382,1,4.5166e-06,1.37649e-06,0.0002625,644.02
0,6569606,8,phononTS,0.000396443,0.0042415,0.00163828,-0.0002625,570.219,0.000382,1,0.00299504,0.00099768,0.0002625,1879.47
0,6569899,8,phononTF,0.000662354,-0.00100283,0.000999348,0.0002625,1092.77,0.000201734,1,-0.00097381,0.000969445,-0.0002625,1363.25
0,6575702,19,phononTS,0.000614696,0.00096266,-0.00294717,-0.000262498,3649.23,0.000382,1,0.000997785,-0.00299878,0.0002625,3742.18
0,6587985,9,phononTF,0.00114926,0.0012942,0.000718378,-0.000262498,429.302,0.000382,1,0.00100202,0.000997349,0.0002625,542.624
0,6587985,4,phononTS,0.000948731,7.96759e-05,0.000621827,0.000262498,23.9677,0.000179709,1,0.000905317,0.00052082,-0.0002625,216.959
0,6593833,11,phononTF,0.00155865,-0.000390014,0.000364066,-0.0002625,929.93,0.000382,1,1.08532e-06,2.45257e-06,0.0002625,1378.12
0,6593966,4,phononTS,0.00293702,0.000847569,0.00108736,-0.0002625,455.453,0.001146,1,0.00100241,0.000999933,0.0002625,686.013
0,6603986,1,phononTS,0.01,-3.43478e-05,-1.34029e-05,0.000155986,0,0.001528,1,2.08165e-06,-4.88473e-06,0.0002625,466.77
0,6607178,17,phononTF,0.000421125,-0.00167015,0.000216677,-0.000262498,1093.22,0.000382,1,-0.00200095,3.53613e-06,0.0002625,1209.75
0,6607973,17,phononTS,0.000447233,-0.0015972,0.00388631,-0.0002625,1497.5,0.000382,1,-0.000998437,0.00300444,0.0002625,1987.61
0,6607973,5,phononTS,0.000603857,0.000118136,0.000562767,0.000262498,26.5443,0.000603857,1,1.21904e-05,-0.000153227,-0.0002625,205.014
0,6609446,5,phononTS,0.000423612,0.000208496,2.39295e-05,-0.000262498,423.688,0.000382,1,3.17305e-07,3.07197e-06,0.0002625,532.773
0,6610933,15,phononTF,0.000762501,-0.000998608,0.00300144,0.000262498,2571.14,0.000762501,1,-0.000815426,0.00291648,-0.0002625,2669.62
0,6610933,6,phononTF,0.00107567,0.000163654,0.000584704,0.000262498,17.5796,0.000540892,1,3.5375e-05,0.00045078,-0.0002625,112.883
0,6612694,3,phononTS,0.000540048,3.98956e-05,0.000377521,-0.0002625,48.9498,0.000382,1,-2.58364e-06,-3.26447e-06,0.0002625,308.224
0,6612694,2,phononTS,0.000881484,8.23747e-05,0.000758306,0.000262498,48.9498,0.000426598,1,-1.19215e-05,0.000460081,-0.0002625,174.969
0,6625467,9,phononTS,0.000495222,0.000995285,0.000996967,0.000262498,263.992,0.000495222,1,0.000951367,0.000847903,-0.0002625,366.72
0,6625467,6,phononTS,0.00356057,-0.000364066,0.000177135,0.000198572,68.8145,0.00151249,1,-0.000249696,-0.000662223,-0.0002625,463.729
0,6627501,9,phononL,0.000576602,-0.00200309,-4.92384e-06,0.0002625,468.653,0.000576602,1,-0.00205634,0.000505647,-0.0002625,627.199
0,6627501,7,phononTS,0.000473274,0.000103274,0.000244324,0.000262498,63.3747,0.000473274,1,-0.000795256,7.55485e-05,-0.0002625,267.136
0,6644034,15,phononTS,0.00050444,-0.00100228,0.0029975,0.000262498,893.614,0.00050444,1,-0.00095755,0.00303315,-0.0002625,982.869
0,6644970,12,phononTS,0.000509264,0.00200325,0.00199543,0.000262498,1672.14,0.000509264,1,0.00357119,0.000823315,-0.0002625,2052.98
0,6644970,2,phononTS,0.00559474,-0.000703338,0.000800892,-0.000223042,12.6273,0.00239605,1,-0.000703715,0.000800108,-0.0002625,167.157
0,6646894,21,phononTS,0.0010694,-0.00196528,-0.00151816,-0.0002625,750.94,0.000382,1,-0.00199855,-0.00199588,0.0002625,1205.89
0,6656424,11,phononTS,0.00069661,-2.37334e-06,-4.7666e-06,0.000262498,268.453,0.000223266,1,7.98143e-05,-3.25894e-05,-0.0002625,368.64
0,6661579,10,phononTS,0.000530668,9.1461e-05,0.000847645,-0.0002625,346.096,0.000382,1,0.000996613,0.00100133,0.0002625,666.845
0,6664098,15,phononTF,0.000572185,0.00046749,0.000465119,-0.000262499,590.228,0.000382,1,0.000998615,0.000999967,0.0002625,747.481
0,6669630,12,phononTF,0.00203139,-4.45918e-06,-1.07915e-06,0.000262498,328.863,0.00203139,1,-0.00107675,0.000977318,-0.0002625,595.235
0,6669630,2,phononTF,0.000857746,6.51866e-05,0.000219345,0.000262498,130.508,0.000857746,1,0.00056172,0.000729091,-0.0002625,281.877
0,6670198,8,phononTS,0.00155602,0.000197759,0.000877847,-0.0002625,32.3291,0.000764,1,4.43531e-06,3.83178e-06,0.0002625,356.462
0,6670198,13,phononTS,0.000665199,4.43531e-06,3.83178e-06,0.000262498,356.462,0.000665199,1,1.86028e-05,-1.86155e-05,-0.0002625,449.15
0,6670198,7,phononTS,0.00075479,0.000195868,0.000630231,0.000262498,32.3291,0.000458281,1,0.000213911,0.000713262,-0.0002625,132
0,6670198,6,phononL,0.00112774,0.000195868,0.000630231,0.000262498,32.3291,0.00112774,1,-0.000262753,0.000946382,-0.0002625,116.002
0,6671209,3,phononL,0.00064188,-0.000936057,0.00130944,-0.0002625,4.70702,0.000382,1,-0.00200207,0.00200421,0.0002625,317.849
0,6683291,6,phononTS,0.00106349,2.18355e-06,-1.85047e-06,0.0002625,236.091,0.000752707,1,-1.32568e-05,-4.83806e-05,-0.0002625,506.619
0,6683291,5,phononTF,0.000446008,4.73785e-05,6.445e-05,0.000262498,236.091,0.000446008,1,0.000905338,-0.00449264,-0.0002625,1060.73
0,6686674,19,phononTS,0.000783746,0.00190318,3.45388e-05,-0.000262498,744.987,0.000382,1,0.00200444,2.02933e-06,0.0002625,843.721
0,6687304,12,phononTS,0.00085932,2.11299e-05,0.000762245,-0.000262498,139.117,0.000382,1,0.00100052,0.000999498,0.0002625,369.55
0,6688280,20,phononTF,0.000558637,0.0018928,-0.00237984,-0.0002625,616.915,0.000382,1,0.00100299,-0.00300219,0.0002625,2106.58
0,6691157,5,phononTF,0.000944808,0.00100073,0.000997159,0.0002625,1138.9,0.000811716,1,0.000978727,0.000669857,-0.0002625,1366.86
0,6692171,7,phononTF,0.000523879,0.00116542,0.000830852,-0.000262498,945.683,0.000382,1,0.00100164,0.0010006,0.0002625,1044.22
0,6692171,5,phononTS,0.000787294,0.00113722,0.000790986,0.000262498,855.908,0.000787294,1,0.00291157,2.11334e-05,-0.0002625,1247.41
0,6692171,4,phononTS,0.000706297,0.00113722,0.000790986,0.000262498,855.908,0.00033532,1,0.00257315,0.00140677,-0.0002625,1180.94
0,6692171,2,phononTF,0.00554734,0.000586221,0.000227667,0.000262498,631.194,0.00414173,1,0.000459276,0.000537152,-0.0002625,743.585
0,6695811,13,phononTS,0.000655618,-4.45757e-05,-9.76563e-05,-0.000262498,265.242,0.000382,1,3.44902e-06,9.59222e-07,0.0002625,363.221
0,6695811,2,phononTS,0.00124979,2.4354e-07,0.000268388,0.000262498,137.567,0.00124979,1,-0.00078295,0.000282978,-0.0002625,324.557
0,6695838,15,phononTS,0.00135409,0.00162852,1.95829e-05,-0.0002625,448.882,0.000382,1,0.0020032,-3.41294e-06,0.0002625,964.855
0,6695838,16,phononTF,0.000474647,0.0020032,-3.41294e-06,0.000262498,964.855,0.000474647,1,0.00145497,-0.000673997,-0.0002625,1142.23
0,6701676,16,phononTF,0.000526611,1.48443e-06,2.03002e-06,0.0002625,107.243,0.000526611,1,0.000238979,-8.76114e-06,-0.0002625,313.784
0,6703777,9,phononTF,0.000552191,-1.33494e-07,1.19524e-06,0.000262498,706.113,0.000552191,1,-0.000345087,-0.00033801,-0.0002625,828.45
0,6719179,19,phononTS,0.000519933,3.59255e-05,3.38931e-05,-0.000262498,588.496,0.000382,1,-2.71206e-06,-2.12994e-06,0.0002625,677.834
0,6727161,17,phononTF,0.000421179,0.00118432,0.00117281,-0.000262498,272.107,0.000382,1,0.00100187,0.000999471,0.0002625,371.733
0,6727161,2,phononTF,0.00147689,4.1835e-05,0.000610927,0.000262498,21.7221,0.000713703,1,-5.51258e-05,0.000703826,-0.0002625,114.489
0,6727162,1,phononTF,0.01,0.000675051,0.000643929,-0.000234277,0,0.00818074,1,0.000688269,0.000657544,-0.0002625,483.232
0,6728813,10,phononTS,0.00045882,0.00164411,0.000707763,-0.0002625,1451.37,0.000382,1,0.00200202,-6.84455e-07,0.0002625,2248.64
0,6728813,5,phononTS,0.0006691,0.000369084,0.000378262,0.000262498,191.822,0.0006691,1,-0.000174052,0.000323795,-0.0002625,343.372
0,6728813,4,phononL,0.00129983,0.000369084,0.000378262,0.000262498,191.822,0.00129983,1,0.000297641,8.6236e-05,-0.0002625,259.693
0,6728813,3,phononTS,0.000876977,0.000369084,0.000378262,0.000262498,191.822,0.000309235,1,0.000465621,-0.000298114,-0.0002625,368.573
0,6731650,4,phononL,0.000618246,4.11166e-05,0.000338503,-0.0002625,21.8648,0.000382,1,-1.59073e-06,4.54252e-06,0.0002625,160.535
0,6731650,3,phononTF,0.000839014,8.38238e-05,0.000672461,0.000262498,21.8648,0.000839014,1,4.66757e-05,0.000746411,-0.0002625,113.217
0,6731650,2,phononTF,0.000512277,8.38238e-05,0.000672461,0.000262498,21.8648,0.000512277,1,0.000488298,0.000276445,-0.0002625,154.103
0,6737924,13,phononL,0.000540805,7.13995e-07,-4.35674e-06,0.000262498,824.452,0.000540805,1,0.000520944,0.000160942,-0.0002625,906.435
0,6738776,2,phononTS,0.00120988,1.60232e-05,0.000550892,-0.0002625,199.653,0.000382,1,3.53188e-06,-8.7661e-07,0.0002625,461.255
0,6739939,28,phononTF,0.000615631,-0.00200489,0.00200067,0.000262498,728.39,0.000615631,1,-0.00216141,0.00216352,-0.0002625,826.473
0,6745399,16,phononTS,0.000588065,-0.00137541,-0.00145583,-0.0002625,606.785,0.000382,1,-0.00200014,2.57154e-06,0.0002625,1076.51
0,6745399,15,phononTS,0.000610135,-0.00119528,-0.00110464,0.000262498,606.785,0.000610135,1,-0.00107961,-0.00107207,-0.0002625,706.48
0,6746593,12,phononTF,0.0005219,0.00100277,0.00100363,0.000262498,520.401,0.0005219,1,0.001519,0.00153628,-0.0002625,675.883
0,6753854,2,phononTS,0.00114532,0.000950913,0.000997221,-0.0002625,1482.49,0.000382,1,0.000997893,0.000998598,0.0002625,1664.15
0,6769830,17,phononTF,0.0004728,0.000261182,0.000458026,-0.000262498,101.912,0.000382,1,0.00100138,0.000997574,0.0002625,289.001
0,6770753,9,phononTF,0.000399364,-0.00264662,-0.000658931,-0.0002625,514.599,0.000382,1,-0.00199742,-4.74966e-06,0.0002625,964.975
0,6775903,5,phononTS,0.000829121,2.40289e-06,-1.62545e-06,0.0002625,27.9781,0.000829121,1,7.2274e-05,-0.000316573,-0.0002625,416.163
0,6775903,4,phononTF,0.00187435,0.000198462,0.000561961,0.000262498,27.9781,0.00182762,1,-0.000302969,4.622e-05,-0.0002625,181.15
0,6788572,8,phononTF,0.0005842,0.00199952,0.00199576,0.0002625,181.934,0.0005842,1,0.00366923,0.00368313,-0.0002625,1014.3
0,6789941,6,phononTF,0.000506868,0.001124,-0.000690572,-0.0002625,103.697,0.000382,1,0.00200044,-0.0019956,0.0002625,689.301
0,6791777,8,phononTF,0.00109904,-0.000181688,-8.20185e-05,-0.0002625,296.54,0.000382,1,-3.30249e-06,3.45045e-06,0.0002625,492.714
0,6791777,9,phononL,0.000513652,-3.30249e-06,3.45045e-06,0.000262498,492.714,0.000513652,1,0.000437574,1.52167e-05,-0.0002625,567.372
0,6792630,12,phononTF,0.000685994,0.00100494,-0.00100455,0.000262498,557.805,0.000685994,1,0.000759807,-0.00102475,-0.0002625,661.903
0,6794057,2,phononTS,0.00117147,0.000586038,-0.000225854,-0.0002625,41.7689,0.000382,1,0.00100284,-0.00100232,0.0002625,469.203
0,6795131,3,phononTS,0.000385277,0.001125,0.000278912,-0.0002625,195.612,0.000382,1,0.00199823,-3.86861e-07,0.0002625,618.093
0,6795131,2,phononTS,0.00731192,0.000245166,0.000565585,0.000253325,195.612,0.00266335,1,0.00024105,0.0005441,-0.0002625,287.114
0,6795131,11,phononTF,0.000592449,-0.00425353,0.005,9.61177e-05,287.114,0.000592449,1,-0.00418141,0.00492097,-0.0002625,3186.83
0,6797615,3,phononTF,0.000782951,0.000663414,0.000899345,-0.0002625,192.708,0.000382,1,0.00100427,0.000995347,0.0002625,424.985
0,6797615,2,phononTF,0.0028942,0.000322563,0.000803344,0.000262498,192.708,0.000843812,1,0.000557147,0.000567025,-0.0002625,299.287
0,6805053,5,phononTS,0.000465325,2.07614e-05,0.00162741,-0.0002625,60.437,0.000382,1,-6.75752e-07,0.00199509,0.0002625,572.848
0,6805053,4,phononTS,0.000483096,8.50727e-05,0.000524362,0.000262498,60.437,0.000483096,1,4.44747e-05,0.000189736,-0.0002625,184.19
0,6805053,3,phononTS,0.00473507,8.50727e-05,0.000524362,0.000262498,60.437,0.003051,1,7.7736e-05,0.000491465,-0.0002625,155.832
0,6819536,14,phononTF,0.000663639,0.00133223,-0.00134361,-0.000262498,1397.24,0.000382,1,0.000998299,-0.00100011,0.0002625,1518.93
0,6825745,17,phononTS,0.00052223,-0.00100187,0.000998347,0.000262498,380.618,0.00052223,1,-0.00152184,0.000962118,-0.0002625,529.312
0,6825745,2,phononTS,0.001342,0.000100257,0.000616744,0.000262498,3.86312,0.000965575,1,0.000158555,0.000421456,-0.0002625,116.283
0,6831500,16,phononTS,0.000457528,0.00204513,0.00202114,-0.0002625,1265.42,0.000382,1,0.00200293,0.00199965,0.0002625,1444.94
0,6832680,17,phononTS,0.000427377,0.00104693,-0.00296316,-0.0002625,897.483,0.000382,1,0.00100231,-0.00299525,0.0002625,1083.39
0,6834512,10,phononTF,0.000618292,-0.000134266,0.00187685,-0.0002625,423.487,0.000382,1,2.11372e-06,0.00200092,0.0002625,614.609
0,6834512,5,phononTS,0.00151459,-0.00037802,0.00123617,0.000262498,181.878,0.000934543,1,-0.00054627,0.00126623,-0.0002625,286.995
0,6840873,12,phononTF,0.00043471,0.00181086,0.00018507,-0.0002625,638.654,0.000382,1,0.00200285,-5.26777e-07,0.0002625,840.285
0,6840873,7,phononTS,0.00150426,0.000212715,0.000515112,0.000262498,60.8671,0.00150426,1,0.00026583,0.000538007,-0.0002625,152.962
0,6840873,6,phononTS,0.00116224,0.000212715,0.000515112,0.000262498,60.8671,0.000427845,1,0.00157965,0.00123787,-0.0002625,379.934
0,6842310,16,phononTF,0.00166277,-0.00200021,-0.00200382,0.000262498,2234.06,0.00166277,1,-0.00225823,-0.00174435,-0.0002625,2343.8
0,6843759,11,phononTS,0.000396455,-0.00100055,0.00299557,0.0002625,807.826,0.000396455,1,-5.79986e-08,0.00444269,-0.0002625,1505.92
0,6852053,4,phononTF,0.00184837,9.29104e-05,9.57144e-05,-0.0002625,453.877,0.000382,1,-3.82445e-06,3.54589e-06,0.0002625,824.811
0,6854435,9,phononTF,0.000433274,0.000419706,0.000406341,-0.000262498,183.521,0.000382,1,-4.74064e-06,-3.90866e-06,0.0002625,318.685
0,6854435,7,phononTS,0.000509302,0.000419945,0.000398146,0.000262498,92.9423,0.000509302,1,-0.000153911,0.00051524,-0.0002625,256.062
0,6863481,8,phononTF,0.000416312,0.000587342,0.00249261,-0.0002625,721.607,0.000382,1,-6.05139e-07,0.0019951,0.0002625,1047.02
0,6872634,14,phononTF,0.000407341,-0.000997229,0.00100102,0.000262498,1798.35,0.000407341,1,-0.000923718,0.000770752,-0.0002625,1901.15
0,6872634,8,phononTS,0.000497437,7.64193e-05,0.000719875,0.000262498,34.6675,0.000497437,1,-0.00026734,0.000582199,-0.0002625,169.079
0,6872634,7,phononTS,0.000876812,7.64193e-05,0.000719875,0.000262498,34.6675,0.000876812,1,-0.000748342,0.000498157,-0.0002625,235.406
0,6873831,4,phononTS,0.000694164,-1.93004e-06,2.96627e-06,0.0002625,19.7747,0.000694164,1,-4.0028e-05,-0.000298705,-0.0002625,379.146
0,6887101,8,phononTS,0.00115124,0.000753234,0.000238665,-0.000262498,565.569,0.000382,1,-0.0020049,-0.0019968,0.0002625,1241.31
0,6887101,9,phononTS,0.000662102,-0.0020049,-0.0019968,0.000262498,1241.31,0.000662102,1,-0.00195492,-0.00201313,-0.0002625,1331.22
0,6887101,4,phononTF,0.000449541,3.4776e-05,0.000591441,0.000262498,252.929,0.000449541,1,3.11664e-05,0.000489371,-0.0002625,345.427
0,6887101,3,phononTS,0.000954228,3.4776e-05,0.000591441,0.000262498,252.929,0.000704585,1,-5.55595e-05,-0.00024918,-0.0002625,448.396
0,6887101,2,phononTF,0.00496311,3.4776e-05,0.000591441,0.000262498,252.929,0.00270328,1,0.000183602,0.000732592,-0.0002625,349.39
0,6888421,22,phononTS,0.000528165,-2.41294e-06,-4.32303e-06,0.000262498,756.674,0.000528165,1,-0.00173348,-0.000920717,-0.0002625,1153.07
0,6888433,5,phononTF,0.000678275,0.00099518,0.00100173,0.0002625,472.568,0.000678275,1,0.0019856,0.0019627,-0.0002625,979.718
0,6888866,4,phononTF,0.000545596,-0.000264761,0.000242,-0.000262498,343.03,0.000382,1,-2.53512e-06,-1.57134e-06,0.0002625,452.546
0,6891654,5,phononTS,0.00040982,-0.000958681,0.00096452,-0.0002625,922.571,0.000382,1,-0.000996747,0.000996601,0.0002625,1101.4
0,6896015,3,phononTS,0.000546369,-4.51259e-06,3.63706e-06,0.0002625,533.319,0.000546369,1,-3.73323e-05,-8.42555e-06,-0.0002625,724.636
0,6896261,5,phononTS,0.000768187,-0.000234279,0.000744245,-0.000262498,184.305,0.000382,1,0.00200059,0.00199812,0.0002625,684.324
0,6898495,10,phononL,0.000860106,4.85765e-06,-4.6472e-06,0.000262498,612.235,0.00063992,1,0.00084289,-0.000233939,-0.0002625,722.326
0,6898758,14,phononTS,0.00119181,0.000482148,-0.00196208,-0.0002625,822.592,0.000382,1,-7.58209e-07,-0.00199556,0.0002625,1114.82
0,6899546,7,phononTS,0.00110732,-7.2035e-05,0.000428149,-0.0002625,706.529,0.000382,1,-3.75106e-06,4.1266e-06,0.0002625,986.496
0,6900502,3,phononTS,0.00764049,-5.36421e-05,-0.000292843,5.50558e-05,26.1497,0.000764,1,3.96257e-06,4.85125e-06,0.0002625,919.906
0,6901743,3,phononTF,0.000412852,-0.000152609,-8.10352e-06,-0.000262498,983.592,0.000382,1,-4.15605e-06,3.91315e-06,0.0002625,1078.93
0,6912169,4,phononTS,0.00101706,3.97562e-06,-0.00199662,0.0002625,297.228,0.00101706,1,9.40892e-06,-0.00284964,-0.0002625,895.899
0,6930208,8,phononL,0.00155228,0.000146967,0.00144749,-0.0002625,272.392,0.000764,1,8.96824e-07,0.00200098,0.0002625,440.081
0,6930208,10,phononTS,0.000562986,8.96824e-07,0.00200098,0.000262498,440.081,0.000562986,1,-0.00244827,0.005,-8.69792e-05,1155.88
0,6958344,2,phononTS,0.00233446,-8.60794e-05,0.00111929,-0.0002625,5.12237,0.000382,1,-2.83018e-06,0.0020046,0.0002625,365.323
0,6958344,19,phononTF,0.00125471,-2.83018e-06,0.0020046,0.000262498,365.323,0.000937746,1,0.000293443,0.00231275,-0.0002625,481.828
0,6963122,9,phononTS,0.00074943,3.95216e-06,0.000491185,-0.000262498,207.931,0.000382,1,8.37061e-07,-4.24598e-06,0.0002625,354.257
0,6976593,10,phononL,0.00168117,-0.000646621,0.000975847,-0.0002625,237.279,0.000382,1,-0.0010016,0.000997267,0.0002625,377.635
0,6976593,11,phononTS,0.00107122,-0.0010016,0.000997267,0.000262498,377.635,0.00107122,1,-0.00128877,0.000973288,-0.0002625,498.204
0,6983045,15,phononTS,0.000511143,1.53874e-06,-0.00199754,0.000262498,2973.88,0.000511143,1,-0.000232169,-0.00116208,-0.0002625,3176.91
0,6989800,13,phononTF,0.000409932,0.00231759,7.8021e-05,-0.0002625,415.953,0.000382,1,0.00300496,0.00100125,0.0002625,861.856
0,6989800,2,phononTS,0.000659446,0.000128093,0.000631148,0.000262498,13.0384,0.000659446,1,-0.000595838,0.00058827,-0.0002625,192.312
0,6990261,10,phononTF,0.000455437,-0.00163663,-0.00153273,-0.0002625,259.07,0.000382,1,-0.00199836,-0.0019999,0.0002625,1094.83
0,6991820,14,phononTF,0.00157132,0.000158908,0.000191305,-0.000262498,319.133,0.000764,1,-5.12885e-08,-1.41929e-07,0.0002625,419.507
0,7011374,7,phononTF,0.000501271,-0.000999168,0.000996142,0.000262498,337.576,0.000501271,1,-0.000789591,0.000783831,-0.0002625,440.949
0,7017274,8,phononTS,0.00089074,4.54581e-05,2.26684e-05,-0.000262498,174.322,0.000382,1,1.89721e-06,-1.12998e-06,0.0002625,264.158
0,7023555,16,phononL,0.000518509,-2.70213e-06,-3.67461e-06,0.000262498,1108.02,0.000518509,1,0.000415733,3.26296e-06,-0.0002625,1181.4
0,7024642,8,phononTF,0.000568741,0.00300486,0.000996553,0.0002625,734.796,0.000568741,1,0.00484629,0.000491564,-0.0002625,1458.8
0,7030707,8,phononTS,0.000553929,-1.55265e-06,-3.01891e-06,0.0002625,165.695,0.000553929,1,-7.71302e-05,0.000808581,-0.0002625,466.588
0,7030707,6,phononTS,0.000385288,0.000108589,0.000683971,0.000262498,15.0079,0.000385288,1,-0.00080742,0.00148479,-0.0002625,285.913
0,7030707,5,phononTS,0.000617115,0.00418813,0.005,-0.000248402,15.0079,0.000617115,1,0.005,0.00425111,-0.000161949,1565.62
0,7032930,5,phononTS,0.000432603,-5.95796e-05,0.000631319,-0.0002625,34.176,0.000382,1,1.86207e-06,3.34653e-06,0.0002625,304.25
0,7032930,4,phononL,0.00118103,1.81645e-05,0.000747895,0.000262498,34.176,0.00118103,1,5.56761e-05,0.000224996,-0.0002625,114.168
0,7032930,3,phononTS,0.00210326,1.81645e-05,0.000747895,0.000262498,34.176,0.00210326,1,4.53191e-05,0.000728369,-0.0002625,123.84
0,7032930,2,phononTS,0.000760429,1.81645e-05,0.000747895,0.000262498,34.176,0.000760429,1,-0.000257968,-0.000277569,-0.0002625,272.09
0,7038965,11,phononTF,0.000730483,0.00200417,4.77766e-06,0.000262498,1399.28,0.000610934,1,0.00196851,0.000302965,-0.0002625,1509.58
0,7042910,4,phononTS,0.00295342,0.0010945,0.000292135,-0.0002625,62.3358,0.000382,1,0.00199994,-3.83411e-06,0.0002625,508.061
0,7042910,7,phononTS,0.000404406,0.00199994,-3.83411e-06,0.000262498,508.061,0.000404406,1,0.00299154,0.00180997,-0.0002625,923.431
0,7042910,6,phononTS,0.00169756,0.00199994,-3.83411e-06,0.000262498,508.061,0.000965136,1,0.00195899,2.37128e-05,-0.0002625,597.589
0,7048332,9,phononL,0.000502333,0.00056439,-0.000647396,-0.0002625,293.825,0.000382,1,0.000995086,-0.00100066,0.0002625,461.446
0,7048628,10,phononTF,0.00157182,-1.18299e-06,-3.21787e-06,0.0002625,150.447,0.00157182,1,0.000341194,-0.000555104,-0.0002625,512.718
0,7048628,9,phononTF,0.000812151,0.000305509,0.000354749,0.000262498,150.447,0.000812151,1,-0.000573583,0.00121484,-0.0002625,379.29
0,7048628,2,phononTS,0.00122869,0.000261676,0.00067642,0.000262498,34.8917,0.000456553,1,0.000218483,0.00046707,-0.0002625,143.9
0,7056069,4,phononTS,0.00130732,4.55745e-05,0.000258441,-0.0002625,40.9041,0.000382,1,9.50115e-07,-2.88951e-06,0.0002625,270.559
0,7059092,19,phononTS,0.000451606,0.00259903,0.000609647,-0.0002625,2112.08,0.000382,1,0.00200004,-3.65148e-06,0.0002625,2534.83
0,7059133,5,phononTF,0.000807648,-0.00049537,0.000662815,-0.0002625,680.672,0.000382,1,1.47195e-06,6.09837e-07,0.0002625,1384.48
0,7059133,4,phononTS,0.00200021,6.72027e-05,0.0014438,0.000262498,680.672,0.000746295,1,3.80137e-05,0.00141624,-0.0002625,777.037
0,7066493,21,phononTF,0.000428744,-0.00184263,-0.00215042,-0.0002625,1746.66,0.000382,1,-0.00200318,-0.00199814,0.0002625,1941.66
0,7094424,1,phononTS,0.01,-1.45088e-05,-1.07763e-05,7.28502e-05,0,0.001146,1,1.93794e-06,-2.27966e-06,0.0002625,561.589
0,7094424,5,phononTF,0.00121247,1.93794e-06,-2.27966e-06,0.000262498,561.589,0.000923598,1,-0.00108828,0.00122976,-0.0002625,860.072
0,7099952,17,phononTF,0.000468219,-0.000253027,-0.0017485,-0.000262498,602.311,0.000382,1,-1.68278e-06,-0.00199619,0.0002625,710.6
0,7099952,4,phononTF,0.000486583,0.000125667,0.000629176,0.000262498,5.2335,0.000486583,1,-0.000307558,0.00106098,-0.0002625,143.577
0,7100786,8,phononTF,0.00156195,-0.000275102,0.00173142,-0.0002625,92.0088,0.000764,1,5.15442e-07,0.00199921,0.0002625,592.996
0,7100786,7,phononTS,0.000713002,0.000133975,0.000757353,0.000262498,92.0088,0.000443925,1,-0.0005182,0.000945829,-0.0002625,270.63
0,7100786,6,phononTS,0.000681154,0.000133975,0.000757353,0.000262498,92.0088,0.000681154,1,-0.000743225,0.00066227,-0.0002625,300.631
0,7102998,6,phononTS,0.00142825,-1.05464e-06,0.00200201,0.000262498,546.11,0.000618969,1,-4.01825e-05,0.00133834,-0.0002625,715.609
0,7102998,7,phononTF,0.000476655,-4.01825e-05,0.00133834,-0.000262498,715.609,0.000476655,1,-0.000449403,0.005,-0.000205327,1350.21
0,7113066,3,phononTS,0.000898008,0.000993084,-0.000788264,-0.0002625,47.6894,0.000382,1,0.00100144,-0.000995613,0.0002625,490.927
0,7118430,17,phononTF,0.000580728,0.00174924,0.005,-5.27067e-05,475.502,0.000580728,1,0.00174738,0.00490523,-0.0002625,1545.92
0,7126475,7,phononTF,0.000559907,-2.31051e-06,-4.85776e-06,0.0002625,169.377,0.000559907,1,0.000196826,-0.000205167,-0.0002625,373.752
0,7128719,5,phononTS,0.000956363,-0.000300934,-0.000270203,-0.0002625,538.279,0.000382,1,3.76884e-06,-6.80531e-07,0.0002625,1000.69
0,7134708,23,phononTF,0.000501138,-0.000999504,0.00299959,0.0002625,1944.54,0.000501138,1,-0.000748009,0.00273589,-0.0002625,2272.54
0,7139614,18,phononTF,0.00116096,0.00211638,0.000310369,-0.0002625,328.14,0.000382,1,0.00200388,-2.24357e-06,0.0002625,553.384
0,7139614,19,phononTS,0.000747259,0.00200388,-2.24357e-06,0.000262498,553.384,0.000747259,1,0.00197676,6.65737e-08,-0.0002625,643.081
0,7139614,4,phononTS,0.00077729,0.000265096,0.000609402,0.000262498,89.273,0.00077729,1,-0.000462036,0.00068467,-0.0002625,267.527
0,7139614,3,phononTS,0.00127687,-0.00335626,0.005,-0.000248007,89.273,0.00127687,1,-0.00309723,0.00480884,-0.0002625,1199.36
0,7144554,6,phononTS,0.00116605,-1.45957e-06,0.000392926,-0.0002625,115.705,0.000382,1,-2.38934e-06,-8.10967e-07,0.0002625,378.759
0,7144853,11,phononTS,0.00108228,-0.000261306,0.00205259,-0.000262498,760.356,0.000382,1,-3.88251e-06,0.00200107,0.0002625,879.015
0,7144853,12,phononTF,0.000514754,-3.88251e-06,0.00200107,0.000262498,879.015,0.000514754,1,-0.00176371,0.00324502,-0.0002625,1266.99
0,7144853,2,phononTS,0.00140548,9.54585e-05,0.000635652,0.000262498,4.30324,0.0009118,1,-0.00108332,0.00120496,-0.0002625,282.945
0,7148367,16,phononTS,0.000420981,-0.000999499,0.00299945,0.000262498,1295.4,0.000420981,1,-0.000335741,0.00222869,-0.0002625,1532.94
0,7148367,7,phononTS,0.000441682,-0.000561605,0.000326923,0.000262498,541.85,0.000441682,1,-0.000531492,0.0003484,-0.0002625,635.59
0,7149124,1,phononTF,0.01,1.55135e-05,2.02666e-05,0.000154877,0,0.003056,1,-4.95278e-06,8.78214e-07,0.0002625,747.609
0,7156935,5,phononTS,0.00104525,5.40202e-07,-3.49308e-06,0.0002625,246.563,0.000495591,1,-9.66934e-06,-0.000341575,-0.0002625,624.787
0,7167035,9,phononTS,0.00117412,-0.000580808,0.000817777,-0.0002625,123.591,0.000764,1,-0.000998773,0.00100088,0.0002625,417.333
0,7169550,14,phononTF,0.000469325,0.005,-6.2678e-05,-0.000233828,467.513,0.000469325,1,0.00440306,-0.000297943,-0.0002625,1506.35
0,7169948,7,phononTS,0.000618978,-0.00138374,0.000118233,-0.0002625,441.895,0.000382,1,-0.00299896,-0.000998515,0.0002625,1238.24
0,7184721,7,phononTS,0.000497405,0.000997357,0.000997127,0.000262498,552.89,0.000497405,1,0.00192424,0.00106815,-0.0002625,766.632
0,7186991,9,phononTS,0.000712552,-4.39258e-06,0.0020012,0.000262498,1196.11,0.000712552,1,-0.000160594,0.00195854,-0.0002625,1299.61
0,7190549,8,phononTF,0.00123183,-0.000120483,0.000346946,-0.0002625,261.262,0.000382,1,7.27685e-08,4.28091e-06,0.0002625,494.471
0,7191753,6,phononTS,0.00206792,0.000147407,0.000491016,-0.0002625,132.552,0.000382,1,-0.00100356,0.000996619,0.0002625,494.655
0,7195173,3,phononTF,0.00318824,0.00236988,0.000372462,-0.0002625,150.532,0.000764,1,0.00200415,-4.92493e-06,0.0002625,707.288
0,7195173,5,phononL,0.000979843,0.00200415,-4.92493e-06,0.000262498,707.288,0.000559569,1,0.00241825,-9.62883e-05,-0.0002625,781.077
0,7201121,12,phononTS,0.000500518,0.00286528,0.00356026,-0.0002625,1539.12,0.000382,1,0.000997345,0.0010023,0.0002625,2728.64
0,7205401,2,phononL,0.000702293,5.13838e-05,0.00128111,-0.0002625,31.9786,0.000382,1,-3.13892e-06,0.00200323,0.0002625,223.433
0,7213837,6,phononTF,0.000899478,0.00164418,0.00158699,-0.0002625,728.312,0.000382,1,0.00199691,0.00199547,0.0002625,990.41
0,7223440,7,phononTS,0.000466148,0.00160901,0.000955603,-0.0002625,917.489,0.000382,1,0.00100294,0.000997294,0.0002625,1167.76
0,7235281,5,phononTS,0.00148209,-0.00271034,-0.00247421,-0.0002625,9.69305,0.000382,1,3.41304e-06,-1.47185e-06,0.0002625,2544.12
0,7235281,10,phononTF,0.000497609,3.41304e-06,-1.47185e-06,0.000262499,2544.12,0.000497609,1,-0.000495609,0.000469586,-0.0002625,2693.18
0,7239476,10,phononTS,0.000908348,1.92925e-06,-4.96809e-06,0.0002625,1305.19,0.000239314,1,-0.000162369,2.95558e-05,-0.0002625,1618.29
0,7240313,10,phononTS,0.000771435,0.00199688,-5.66549e-07,0.0002625,648.169,0.000771435,1,0.00144357,-0.000249732,-0.0002625,987.086
0,7241437,5,phononTF,0.00156053,0.000373943,0.000375419,-0.0002625,853.227,0.000764,1,-1.54722e-06,3.32163e-06,0.0002625,1109.1
0,7243936,11,phononL,0.000406557,-0.000258963,0.000556161,-0.0002625,2122.84,0.000382,1,-4.55755e-06,-4.80372e-06,0.0002625,2298.79
0,7255990,3,phononTS,0.00624077,-0.000997393,-0.0010712,0.000176843,2231.89,0.000382,1,-0.00100299,-0.00100138,0.0002625,2373.24
0,7255990,4,phononTS,0.00525096,-0.00100299,-0.00100138,0.000262498,2373.24,0.00337907,1,-0.00108484,-0.00103485,-0.0002625,2470.31
0,7262558,2,phononTF,0.0014221,0.000258665,0.000427789,-0.000262498,793,0.000382,1,-1.83926e-06,-7.96487e-07,0.0002625,923.743
0,7262558,9,phononTF,0.000425339,-1.83926e-06,-7.96487e-07,0.000262498,923.743,0.000425339,1,0.000204117,0.00149342,-0.0002625,1223.76
0,7263393,7,phononL,0.000638237,-0.000217426,0.000249354,-0.000262498,138.657,0.000382,1,2.58485e-06,-1.12903e-06,0.0002625,208.049
0,7264428,8,phononTS,0.00044667,-3.94644e-07,0.00199851,0.000262498,714.915,0.00044667,1,-0.000456072,0.00204265,-0.0002625,854.491
0,7264428,4,phononTS,0.00062003,7.14179e-05,0.00067946,0.000262498,84.5714,0.00062003,1,0.000267352,0.000969398,-0.0002625,217.558
0,7275917,5,phononL,0.000385978,-0.000179901,0.000469681,-0.000262498,261.869,0.000382,1,3.06258e-06,-4.42201e-06,0.0002625,341.273
0,7277769,12,phononTS,0.000590957,3.02905e-06,-4.08856e-06,0.000262498,627.19,0.000590957,1,5.8314e-06,4.66465e-05,-0.0002625,723.262
0,7278685,11,phononTF,0.00100659,-0.00118473,-0.000809616,-0.0002625,1361.98,0.000382,1,-0.00099846,-0.000997525,0.0002625,1563.28
0,7281776,16,phononTS,0.00085427,0.00103859,0.00104482,-0.0002625,771.952,0.000382,1,0.000996403,0.00100447,0.0002625,968.059
0,7282916,9,phononTF,0.000743344,-0.000879182,-0.000870067,-0.0002625,729.984,0.000382,1,-0.000999777,-0.00100275,0.0002625,920.512
0,7283169,12,phononTF,0.000483065,0.00027032,0.000255287,-0.000262498,742.789,0.000382,1,0.000997628,0.00100069,0.0002625,942.366
0,7283954,6,phononTS,0.000953583,4.82896e-05,0.000327372,-0.0002625,6.66073,0.000382,1,4.627e-06,-8.2385e-07,0.0002625,252.491
0,7284975,9,phononTF,0.000574487,0.000996105,0.00100096,0.000262498,326.514,0.000574487,1,0.00125714,0.000748144,-0.0002625,435.831
0,7287818,7,phononTS,0.000871909,0.000975634,0.000954173,-0.0002625,564.336,0.000382,1,0.00100223,0.00100133,0.0002625,965.763
0,7287818,6,phononTF,0.000896183,0.000946647,0.00135915,0.000262498,564.336,0.00027932,1,0.00127095,0.00102292,-0.0002625,684.601
0,7289249,9,phononTS,0.000383157,0.000662821,0.00149449,-0.0002625,307.241,0.000382,1,0.00199824,0.00200165,0.0002625,921.474
0,7302503,5,phononTS,0.00104116,-0.00190387,0.000982445,-0.0002625,567.53,0.000382,1,-0.000999789,0.00100232,0.0002625,2739.75
0,7310718,6,phononTS,0.000645614,-4.94139e-07,2.46722e-06,0.000262498,921.389,0.000645614,1,-7.27334e-05,-0.000572917,-0.0002625,1073.39
0,7310718,4,phononTS,0.00364221,0.00052123,-0.000467053,0.000262498,780.936,0.00187291,1,-0.000579561,-0.000581815,-0.0002625,1033.63
0,7312948,11,phononTS,0.000665278,0.000948441,0.000973108,-0.0002625,625.626,0.000382,1,0.000998168,0.00100259,0.0002625,810.77
0,7316264,12,phononTS,0.0014373,-0.000383021,0.00105389,-0.0002625,626.275,0.000382,1,-0.00100434,0.000998361,0.0002625,951.931
0,7316264,13,phononTF,0.000832763,-0.00100434,0.000998361,0.000262498,951.931,0.000518516,1,-0.00109422,0.00109224,-0.0002625,1044.51
0,7324388,10,phononL,0.00055839,0.00111031,-0.00189887,-0.0002625,1509.7,0.000382,1,0.00200449,-0.00199735,0.0002625,1733.39
0,7325302,1,phononTS,0.01,0.000125844,0.000301157,0.0001515,0,0.001528,1,-4.06775e-06,9.62722e-07,0.0002625,207.611
0,7331410,7,phononL,0.000425073,3.09615e-07,5.47789e-07,0.000262498,306.889,0.000425073,1,0.000572303,0.00241926,-0.0002625,588.964
0,7331736,2,phononTS,0.00485595,-0.000658005,-0.000158267,-1.78726e-05,1059.47,0.001146,1,8.45276e-08,2.20629e-06,0.0002625,1600.47
0,7333145,15,phononTF,0.00109544,-0.00143794,0.00147757,-0.000262498,1252.74,0.000382,1,-0.00100358,0.000998104,0.0002625,1397.11
0,7333145,2,phononTF,0.00332617,0.000277138,0.000414503,0.00025818,212.697,0.00332617,1,0.000790489,0.000833882,-0.0002625,360.445
0,7338590,18,phononTF,0.000549574,1.95753e-06,-1.95508e-06,0.0002625,285.852,0.000549574,1,-0.000266643,-0.000273235,-0.0002625,508.704
0,7339412,17,phononTF,0.000788197,-0.00135941,0.000323783,-0.0002625,1897.64,0.000382,1,-0.00200039,-4.43534e-06,0.0002625,2225.61
0,7339975,15,phononTS,0.00137271,-0.000967686,0.00104746,-0.000262498,410.807,0.000764,1,-0.000997199,0.000997817,0.0002625,500.217
0,7339975,4,phononTS,0.00096129,8.03309e-06,0.000362922,0.000262498,180.147,0.000643743,1,-0.000909136,0.00065882,-0.0002625,399.849
0,7339975,3,phononTS,0.000425879,8.03309e-06,0.000362922,0.000262498,180.147,0.000425879,1,3.73231e-05,-0.000346424,-0.0002625,356.788
0,7341984,17,phononL,0.00240243,-0.00200205,1.91958e-06,0.0002625,491.713,0.00208601,1,-0.00175302,-0.000280201,-0.0002625,706.28
0,7343711,20,phononTS,0.000446826,0.00200489,0.00200176,0.0002625,204.245,0.000446826,1,0.00293803,0.00258567,-0.0002625,955.936
0,7343711,19,phononTS,0.000516202,0.000138611,0.00083395,0.000262498,204.245,0.000516202,1,7.622e-05,0.000789364,-0.0002625,299.382
0,7343711,5,phononTS,0.000769422,0.000142943,0.000659468,0.000262498,6.42891,0.000501047,1,0.000178923,0.000656447,-0.0002625,97.1542
0,7343711,4,phononTF,0.000477151,0.000142943,0.000659468,0.000262498,6.42891,0.000477151,1,-0.0002863,0.000214455,-0.0002625,146.068
0,7358319,7,phononTS,0.000452378,0.000305114,0.00108894,-0.000262498,463.933,0.000382,1,-1.83291e-06,0.00199687,0.0002625,682.371
0,7363561,14,phononTS,0.000455265,-0.000996646,0.00299813,0.000262498,1156.01,0.000455265,1,-0.000930199,0.00304042,-0.0002625,1251.4
0,7363561,5,phononTS,0.000870746,-5.52039e-05,0.000395967,0.000262498,216.92,0.000870746,1,-0.00158028,-0.000231061,-0.0002625,565.39
0,7370178,17,phononTF,0.000385758,4.48927e-05,-0.00196319,-0.000262498,973.457,0.000382,1,3.37392e-06,-0.00200245,0.0002625,1063.86
0,7370178,8,phononTF,0.000642671,-0.000431982,0.000712396,0.000262498,335.841,0.000642671,1,-0.000669867,0.000939298,-0.0002625,441.824
0,7371733,12,phononTS,0.000405689,-4.34985e-05,6.75982e-05,-0.0002625,212.962,0.000382,1,3.82026e-06,-1.37254e-06,0.0002625,403.996
0,7375656,16,phononTS,0.000670511,0.000462041,-4.69204e-05,-0.000262498,385.912,0.000382,1,1.11708e-07,-2.77335e-06,0.0002625,526.339
0,7381023,7,phononTS,0.0011983,8.34037e-07,4.65804e-06,0.000262498,1043.75,0.000791333,1,-2.89604e-05,-3.56725e-05,-0.0002625,1137.82
0,7393789,6,phononTS,0.000480637,-8.1018e-07,-4.76547e-06,0.000262498,647.721,0.000480637,1,-1.39264e-05,3.13984e-05,-0.0002625,739.77
0,7394307,2,phononTS,0.000512397,-0.00041855,0.000853856,-0.0002625,47.3325,0.000382,1,-0.000997346,0.00100258,0.0002625,378.792
0,7395235,8,phononTS,0.000782857,-0.00200179,-1.3562e-06,0.000262498,469.419,0.000292591,1,-0.00198594,1.88351e-05,-0.0002625,562.784
0,7395508,15,phononL,0.000431751,-0.000670928,0.000735639,-0.0002625,1508.5,0.000382,1,-0.000999089,0.0010033,0.0002625,1656.93
0,7398438,14,phononTS,0.00116039,0.000997317,0.00100229,0.0002625,305.681,0.00116039,1,0.000961331,0.00105349,-0.0002625,491.712
0,7398438,8,phononTF,0.00061491,0.005,0.000770052,4.26802e-06,212.727,0.00061491,1,0.00478138,0.000580602,-0.0002625,979.322
0,7407186,5,phononTF,0.000587108,-0.000731508,0.000740638,-0.000262498,654.745,0.000382,1,-0.000997984,0.000995362,0.0002625,764.499
0,7408922,10,phononTS,0.00133122,7.17932e-07,2.43663e-06,0.000262498,277.555,0.000831688,1,0.00101206,-0.00047174,-0.0002625,529.48
0,7410858,7,phononTF,0.000399577,-1.96468e-06,0.00200196,0.000262498,1544.37,0.000399577,1,0.000250134,0.00173771,-0.0002625,1653.78
0,7425492,10,phononTS,0.000907,-0.000103797,0.000281752,-0.0002625,229.111,0.000382,1,2.0265e-06,-4.31837e-06,0.0002625,454.068
0,7425492,4,phononTF,0.000672892,0.000162964,0.000614839,0.000262498,41.7074,0.000431163,1,0.000491608,0.000266398,-0.0002625,164.255
0,7425492,2,phononTS,0.00234239,0.000164619,0.000683591,0.000183434,20.6443,0.000800013,1,-0.000716516,0.00143122,-0.0002625,271.351
0,7430218,13,phononTS,0.000818806,-0.00113994,-0.000241736,-0.0002625,385.697,0.000382,1,-0.000997739,-0.00100238,0.0002625,694.288
0,7437642,5,phononTF,0.000481404,-0.000998021,0.00299724,0.0002625,121.759,0.000481404,1,-0.000969728,0.00332168,-0.0002625,828.426
0,7441643,8,phononTS,0.000382016,0.000999459,-0.00100195,0.0002625,168.051,0.000382016,1,-0.00350098,-0.00457743,-0.0002625,3802.81
0,7445434,7,phononL,0.00508376,-0.000237856,0.00220023,0.000129002,75.372,0.001146,1,-1.38655e-06,0.00199971,0.0002625,468.718
0,7445434,18,phononTS,0.00205088,-1.38655e-06,0.00199971,0.000262498,468.718,0.00205088,1,-8.22763e-05,0.00199925,-0.0002625,567.248
0,7445434,17,phononTF,0.00134819,-1.38655e-06,0.00199971,0.000262498,468.718,0.00134819,1,-0.000436113,0.00170067,-0.0002625,601.34
0,7454019,7,phononTS,0.000564894,1.98112e-06,6.33186e-07,0.0002625,550.996,0.000564894,1,1.1195e-05,2.48911e-05,-0.0002625,730.608
0,7455427,2,phononTS,0.000895813,5.37803e-05,5.24037e-06,-0.000262498,557.017,0.000382,1,4.10237e-07,-2.10747e-06,0.0002625,648.137
0,7464718,2,phononL,0.00192083,6.73179e-05,0.000316729,-0.0002625,14.4368,0.000764,1,-1.40935e-08,-1.87951e-06,0.0002625,152.198
0,7464718,16,phononTS,0.000916084,-1.40935e-08,-1.87951e-06,0.000262498,152.198,0.000621407,1,-3.12079e-05,0.000166767,-0.0002625,260.294
0,7473126,2,phononTF,0.000557154,0.000691281,0.000843237,-0.0002625,597.034,0.000382,1,0.00100276,0.000995541,0.0002625,935.967
0,7475213,14,phononTF,0.000515403,-0.000545323,0.00026399,-0.000262498,1230.99,0.000382,1,4.10743e-06,-1.28797e-06,0.0002625,1379.68
0,7475347,12,phononTS,0.000868856,-4.42418e-05,0.000122161,-0.0002625,429.478,0.000382,1,4.61408e-06,3.00124e-06,0.0002625,629.081
0,7479830,12,phononTS,0.000824407,-3.30561e-05,-4.07962e-05,-0.0002625,283.356,0.000382,1,2.91077e-06,-2.8857e-06,0.0002625,462.057
0,7502396,4,phononTS,0.00429973,0.00199205,1.9933e-05,0.00021679,1278.11,0.000764,1,0.00199578,2.08585e-06,0.0002625,1481.94
0,7504579,11,phononTS,0.000725124,0.00298738,0.000816931,-0.0002625,720.833,0.000382,1,0.00300186,0.00100167,0.0002625,938.404
0,7504579,10,phononTF,0.000627428,0.00297291,0.000632191,0.000262498,720.833,2.53322e-05,1,0.00390957,0.00145706,-0.0002625,955.462
0,7513894,15,phononTF,0.000509235,0.000156403,-0.00179523,-0.000262498,1133.97,0.000382,1,-1.09919e-06,-0.00199952,0.0002625,1235.43
0,7515032,5,phononTF,0.00131686,0.000306989,-7.35475e-06,-0.0002625,437.484,0.000382,1,1.97074e-06,4.55348e-06,0.0002625,654.823
0,7516268,13,phononTF,0.00106727,-2.30077e-06,2.88575e-06,0.000262498,579.483,0.000443947,1,8.27029e-05,-7.87947e-05,-0.0002625,671.599
0,7523008,5,phononTF,0.00181695,-0.00100839,0.000859351,-0.0002625,209.593,0.001146,1,-0.000995477,0.00100293,0.0002625,399.594
0,7523008,4,phononTF,0.000589924,-0.0010213,0.000715771,0.000262498,209.593,0.000589924,1,-0.00130205,0.000783182,-0.0002625,317.936
0,7526310,10,phononTF,0.000725606,-0.00176528,0.000238318,-0.000262498,778.829,0.000382,1,-0.00200004,-2.88236e-07,0.0002625,885.415
0,7526310,4,phononTS,0.000422437,0.000132086,0.000636883,0.000262498,163.766,0.000422437,1,-0.00250877,0.00325778,-0.0002625,832.074
0,7527740,4,phononL,0.00635581,-0.000623406,0.00103894,-1.44106e-05,46.7746,0.000382,1,-0.000997395,0.0010044,0.0002625,365.97
0,7527740,11,phononTF,0.00130663,-0.000997395,0.0010044,0.000262498,365.97,0.00047504,1,-0.000593367,0.00141279,-0.0002625,499.628
0,7529042,21,phononTS,0.000468381,0.000999242,0.00100432,0.000262498,637.937,0.000468381,1,0.00103042,0.00100418,-0.0002625,727.49
0,7529505,21,phononTF,0.000529479,-0.00076667,0.00323758,-0.0002625,1370.07,0.000382,1,-0.00100048,0.00299802,0.0002625,1583.23
0,7534677,14,phononTF,0.000693533,4.67916e-05,0.000213997,-0.0002625,216.57,0.000382,1,-1.85803e-06,4.67917e-06,0.0002625,417.687
0,7550210,11,phononTS,0.000623124,0.000997112,0.000997925,0.0002625,933.018,0.000623124,1,0.000693576,0.0017746,-0.0002625,1342.07
0,7557258,13,phononTS,0.000831216,-7.38328e-07,-3.15371e-06,0.000262498,675.087,0.000831216,1,0.000710808,-0.000839424,-0.0002625,926.057
0,7557452,10,phononTF,0.000441503,-0.000224924,0.00221195,-0.0002625,843.511,0.000382,1,-6.86276e-08,0.00199738,0.0002625,1119.8
0,7561392,2,phononTS,0.000835766,8.64399e-05,0.00065897,-0.000262498,447.142,0.000382,1,-0.00199783,0.00200023,0.0002625,934.745
0,7563371,9,phononTS,0.00057409,-0.000873606,0.000317334,-0.0002625,150.29,0.000382,1,-0.00199708,2.92091e-06,0.0002625,665.388
0,7568448,9,phononTS,0.000691964,-0.000989686,0.00101138,-0.000262498,185.465,0.000382,1,-0.000998342,0.000998296,0.0002625,276.981
0,7572622,25,phononTF,0.00104512,-0.000999506,0.000997457,0.000262498,352.681,0.000818612,1,-0.00154015,0.00145994,-0.0002625,506.864
0,7592206,5,phononTS,0.00175706,7.23904e-05,0.000350576,-0.0002625,28.4486,0.000764,1,7.33795e-07,-4.66495e-06,0.0002625,291.286
0,7594344,10,phononTS,0.000649255,0.000999894,0.000997027,0.0002625,454.153,0.000446788,1,0.00197136,0.00208165,-0.0002625,1077.12
0,7594344,2,phononTF,0.00121642,1.69475e-05,0.000288202,0.000262498,383.003,0.00102629,1,0.000304987,0.000580306,-0.0002625,497.06
0,7600351,24,phononTF,0.000429808,-0.000995829,0.00100058,0.000262498,1518.33,0.000429808,1,-0.000665415,0.00131735,-0.0002625,1637.49
0,7601710,5,phononTS,0.00138606,0.0005666,-0.000167371,-0.0002625,10.8412,0.000764,1,0.000999545,-0.00100096,0.0002625,456.942
0,7601710,4,phononTF,0.000642948,0.000133656,0.000666216,0.000262498,10.8412,0.000642948,1,-0.00018139,-0.000445551,-0.0002625,249.563
0,7602988,7,phononL,0.000487677,5.26091e-05,0.000295894,-0.000262498,1089.95,0.000382,1,2.02963e-07,3.62753e-06,0.0002625,1157.67
0,7606094,17,phononTS,0.000850523,0.000860419,-0.000250503,-0.0002625,495.621,0.000382,1,0.00199745,3.00812e-06,0.0002625,1007.63
0,7606094,16,phononTS,0.000703298,-0.000276607,-0.000504013,0.000262498,495.621,0.000703298,1,-0.000404061,1.33086e-05,-0.0002625,651.555
0,7612337,16,phononTS,0.000456291,-0.000527558,-8.3087e-05,-0.000262498,516.141,0.000382,1,-4.04855e-06,-0.00200237,0.0002625,942.193
0,7614686,13,phononTF,0.000624427,-0.00148685,-0.0012179,-0.000262498,507.074,0.000382,1,-0.000996352,-0.00100236,0.0002625,646.081
0,7630392,22,phononTS,0.000465648,-0.000428286,0.00105247,-0.000262498,612.707,0.000382,1,-0.000996698,0.00100263,0.0002625,767.904
0,7630393,1,phononTS,0.01,-0.000119993,0.000175495,-8.3953e-05,0,0.00632653,1,-5.41359e-05,0.000174562,-0.0002625,768.588
0,7633236,6,phononTF,0.000772254,-9.98741e-05,-9.75466e-05,-0.000262498,1219.74,0.000382,1,-5.46036e-07,3.32152e-06,0.0002625,1312.83
0,7638211,14,phononTF,0.000694851,-0.000660386,0.00048987,-0.0002625,1125.48,0.000382,1,-0.00100061,0.00100282,0.0002625,1415.56
0,7638211,2,phononTF,0.0031248,0.000246892,0.000412863,0.000262498,816.149,0.00298185,1,0.000175343,0.000488231,-0.0002625,907.763
0,7638843,10,phononTF,0.0005142,-3.79511e-06,4.93433e-06,0.000262498,386.27,0.0005142,1,0.000414994,0.000422012,-0.0002625,521.96
0,7638844,1,phononTF,0.01,-0.000249063,0.000997693,-0.000242347,0,0.00549178,1,-0.000259537,0.000983702,-0.0002625,657.791
0,7639457,5,phononTF,0.000518444,-7.99337e-05,9.12003e-05,-0.000262499,448.912,0.000382,1,-0.00100366,0.000999735,0.0002625,688.22
0,7639508,15,phononTS,0.000411478,-0.005,-0.00112676,0.000130816,1433.85,0.000382,1,-0.00199925,0.00199716,0.0002625,2215.79
0,7642744,9,phononTF,0.00116009,-0.00084082,0.00114493,-0.0002625,123.256,0.000382,1,-1.47671e-06,0.00200299,0.0002625,534.574
0,7642744,8,phononTS,0.000399855,-8.829e-05,0.000642437,0.000262498,123.256,0.000399855,1,0.000716043,0.000727733,-0.0002625,313.188
0,7642744,7,phononTS,0.00214722,-8.829e-05,0.000642437,0.000262498,123.256,0.00123159,1,-0.0014159,0.00102632,-0.0002625,417.557
0,7651069,9,phononTF,0.000418036,0.000308404,-0.0016325,-0.0002625,457.893,0.000382,1,-1.77383e-06,-0.00200334,0.0002625,706.879
0,7651069,5,phononTS,0.000512283,0.00279329,-0.005,-0.000201647,31.9726,0.000512283,1,0.00276153,-0.00495827,-0.0002625,1671.05
0,7651069,4,phononTS,0.00324622,0.000192816,0.000651304,0.000262498,31.9726,0.00159381,1,0.000255356,0.00142542,-0.0002625,220.719
0,7652360,4,phononTS,0.000555877,6.00811e-05,0.00131581,-0.0002625,1.84002,0.000382,1,-4.83542e-06,0.00199564,0.0002625,344.468
0,7652360,3,phononTS,0.000565769,0.000124997,0.000635981,0.000262498,1.84002,0.000565769,1,0.000157634,0.000684895,-0.0002625,91.1494
0,7662438,6,phononTF,0.000763038,-0.00136254,0.00067203,-0.0002625,799.164,0.000382,1,-0.00199968,4.33231e-06,0.0002625,1077.26
0,7662438,3,phononTF,0.000870571,0.000325056,0.000549438,0.000262498,231.114,0.000870571,1,0.000221849,0.000446659,-0.0002625,324.444
0,7667203,7,phononTS,0.00128431,-0.000379892,0.000873966,-0.0002625,158.462,0.000382,1,-0.000995901,0.000996837,0.0002625,497.304
0,7676735,6,phononTS,0.000416235,0.000907647,-3.45801e-05,-0.000262498,312.586,0.000382,1,0.000998227,-0.00100288,0.0002625,533.89
0,7677186,10,phononTF,0.000446067,-0.000222465,0.000208582,-0.0002625,218.407,0.000382,1,-2.65736e-06,-8.63161e-07,0.0002625,633.729
0,7678825,13,phononTF,0.00133339,-0.000818939,0.00087449,-0.0002625,556.948,0.000382,1,-0.000998671,0.000997135,0.0002625,754.329
0,7690014,10,phononTS,0.000413937,0.000148671,1.08325e-05,-0.0002625,285.106,0.000382,1,4.31601e-06,-2.14003e-07,0.0002625,490.175
0,7690014,3,phononTF,0.00380057,9.21629e-05,0.000635467,0.000262498,11.7232,0.00311808,1,0.000289211,0.000447248,-0.0002625,112.946
0,7692834,11,phononTS,0.00108105,0.00237284,-0.00198545,-0.0002625,716.826,0.000382,1,0.00199706,-0.00200124,0.0002625,1780.61
0,7694490,2,phononTS,0.00462588,0.000313398,0.000900871,-0.0002625,6.67685,0.000764,1,0.00100148,0.00100201,0.0002625,338.827
0,7703133,11,phononL,0.000451625,4.38851e-06,4.89279e-06,0.000262498,1975.33,0.000451625,1,0.000266927,-0.000546403,-0.0002625,2062.94
0,7718325,18,phononTS,0.000636141,0.0011214,-0.00300595,-0.0002625,1696.57,0.000382,1,0.00100422,-0.00300307,0.0002625,2546.02
0,7721663,2,phononTS,0.000483738,3.89505e-05,4.48463e-05,-0.0002625,318.323,0.000382,1,-4.1503e-06,3.95582e-07,0.0002625,496.496
0,7721782,8,phononTS,0.000750805,-0.000826729,0.00038119,-0.0002625,100.97,0.000382,1,-0.00200216,-1.71974e-06,0.0002625,777.013
0,7724165,26,phononTS,0.000707397,-0.00100191,0.000996569,0.000262498,947.048,0.000707397,1,-0.000979981,0.000941906,-0.0002625,1036.64
0,7724166,1,phononTF,0.01,0.000251928,0.000809188,-0.000126751,0,0.00708904,1,0.000156621,0.000710154,-0.0002625,369.666
0,7731538,6,phononTS,0.00066252,-0.000951854,-0.000586701,-0.000262498,1179.1,0.000382,1,-0.000998866,-0.000998887,0.0002625,1312.76
0,7735033,2,phononTF,0.000490495,-0.000222684,1.6523e-05,-0.000262498,625.377,0.000382,1,-6.15394e-07,-1.22694e-08,0.0002625,727.071
0,7735971,2,phononTS,0.00218823,0.000996392,0.000998985,0.0002625,78.8269,0.00168262,1,0.00123316,0.000984139,-0.0002625,509.645
0,7736820,5,phononTS,0.00150444,-2.86052e-06,0.0020029,0.0002625,8.55103,0.00092479,1,-7.30447e-05,0.00268192,-0.0002625,522.463
0,7738469,16,phononTF,0.000401957,0.000995241,-0.00100193,0.000262498,730.415,0.000401957,1,-0.000150708,-0.00216527,-0.0002625,1024.01
0,7738469,8,phononTF,0.00103879,0.000156925,0.000549426,0.000262498,35.7166,0.000910814,1,-8.60784e-05,0.000802422,-0.0002625,143.764
0,7753095,2,phononTF,0.000950991,0.00117865,0.00138531,-0.0002625,57.1973,0.000382,1,0.00200384,0.00200153,0.0002625,465.219
0,7759533,16,phononTF,0.000963228,-0.000137923,-0.000149622,-0.0002625,1481.45,0.000382,1,-5.71817e-07,-3.2313e-06,0.0002625,1677.69
0,7763424,4,phononL,0.000540577,0.000591127,0.000709549,-0.000262498,326.784,0.000382,1,0.000998206,0.000995145,0.0002625,405.886
0,7765197,2,phononTF,0.00462901,0.000110319,0.000630914,0.000254577,0.889618,0.000382,1,8.67025e-07,-1.42919e-06,0.0002625,110.712
0,7766645,5,phononTS,0.00115816,-0.000722499,0.00194937,-0.000262498,681.787,0.000764,1,-1.42055e-06,0.00199686,0.0002625,859.715
0,7768264,21,phononTS,0.000501658,-0.00100265,0.000995063,0.000262498,1093.01,0.000501658,1,-0.00100714,0.000956912,-0.0002625,1183.64
0,7774240,2,phononTF,0.00520383,-0.00137179,0.00138381,-2.42847e-05,244.622,0.001528,1,-0.000999572,0.00100131,0.0002625,696.898
0,7778498,2,phononTS,0.00213981,0.000535339,-0.000211264,-0.0002625,32.6798,0.000764,1,0.000998868,-0.00100435,0.0002625,473.041
0,7784957,15,phononTF,0.000391966,0.000435974,0.00157685,-0.0002625,345.482,0.000382,1,-4.00189e-07,0.00199731,0.0002625,619.8
0,7784957,4,phononTS,0.00103404,8.17647e-05,0.00040635,0.000262498,62.3299,0.000779036,1,0.00172183,0.00100192,-0.0002625,432.993
0,7785627,12,phononL,0.000537686,-0.00114012,0.00164111,-0.0002625,1897.7,0.000382,1,-0.00100008,0.000996066,0.0002625,2079.16
0,7785627,7,phononTS,0.000766341,0.00080026,0.00159046,0.000262498,367.566,0.000338194,1,0.00228557,-7.52434e-05,-0.0002625,812.739
0,7793726,9,phononTF,0.000554639,2.16974e-06,4.7476e-06,0.000262498,252.859,0.000554639,1,0.000304593,-0.000287943,-0.0002625,368.009
0,7793726,7,phononTS,0.000549445,8.74395e-05,0.000661623,0.000262498,6.95619,0.000549445,1,-0.000480299,0.000711371,-0.0002625,162.121
0,7794725,13,phononTF,0.000667126,-0.005,0.00246106,-0.000121457,472.997,0.000502346,1,-0.00494217,0.00241099,-0.0002625,2152.48
0,7802592,15,phononTF,0.00115278,-0.000288422,0.00170052,-0.0002625,488.402,0.000382,1,-7.19121e-07,0.0020012,0.0002625,717.622
0,7802592,16,phononTF,0.000514474,-7.19121e-07,0.0020012,0.000262498,717.622,0.000514474,1,0.000292669,0.00228746,-0.0002625,831.629
0,7806239,15,phononTS,0.000742123,-0.0010016,-0.0010049,0.0002625,294.418,0.000742123,1,-0.00178304,-0.00228505,-0.0002625,761.339
0,7806239,2,phononTS,0.00047923,0.0001408,0.000655365,0.000262498,12.0494,0.00047923,1,0.000312177,0.00108243,-0.0002625,159.164
0,7812584,11,phononTS,0.000405147,0.000402057,0.001362,-0.0002625,458.815,0.000382,1,-4.28148e-06,0.00200271,0.0002625,1042.67
0,7817043,1,phononTS,0.01,1.34902e-06,2.567e-05,0.000175149,0,0.000764,1,-4.32463e-06,4.77056e-08,0.0002625,256.813
0,7817043,4,phononTS,0.00106524,-4.32463e-06,4.77056e-08,0.000262498,256.813,0.00047659,1,4.8749e-05,3.95735e-05,-0.0002625,350.022
0,7818519,6,phononTS,0.000382462,0.000160975,0.000152703,-0.0002625,743.264,0.000382,1,2.52089e-06,-1.20675e-06,0.0002625,975.698
0,7818519,5,phononTF,0.000715024,0.000319428,0.000306612,0.000262498,743.264,0.000600345,1,-5.18486e-05,0.000691164,-0.0002625,872.224
0,7821612,8,phononTS,0.00109042,-4.34177e-06,-0.000474499,-0.000262498,785.841,0.000382,1,0.000997675,0.00100396,0.0002625,1140.79
0,7821612,9,phononTF,0.000398123,0.000997675,0.00100396,0.000262498,1140.79,0.000398123,1,0.00178825,0.00170469,-0.0002625,1345.33
0,7825105,2,phononTF,0.00533061,0.00100465,-0.00100072,0.0002625,1062.33,0.00202429,1,0.000786838,-0.000778362,-0.0002625,1568.13
0,7828130,6,phononTF,0.000755463,0.000609894,0.000597431,-0.0002625,157.569,0.000382,1,0.00100116,0.00100461,0.0002625,421.355
0,7832607,2,phononTS,0.000582926,-0.000132541,0.00104899,-0.0002625,451.876,0.000382,1,-0.000995007,0.000997211,0.0002625,844.412
0,7832608,1,phononL,0.01,-0.000194854,0.000902443,-0.000248111,0,0.00608562,1,-0.000165511,0.000904416,-0.0002625,144.77
0,7835611,12,phononTS,0.000918211,-0.00106023,-0.00110965,-0.0002625,610.208,0.000382,1,-0.00100009,-0.00100297,0.0002625,818.795
0,7835611,11,phononTF,0.000791893,-0.00112037,-0.00121632,0.000262498,610.208,0.000791893,1,-0.000990798,-0.00109355,-0.0002625,705.113
0,7837626,15,phononL,0.000458163,0.000338591,2.63314e-05,-0.000262498,1463.11,0.000382,1,1.12731e-06,1.35083e-06,0.0002625,1532.51
0,7842069,10,phononTF,0.000466981,4.18268e-07,4.78625e-06,0.000262498,837.014,0.000466981,1,-0.00032835,-0.000210975,-0.0002625,953.347
0,7842070,1,phononTS,0.01,0.000215799,0.000275,-0.000229797,0,0.00748943,1,0.00027435,0.000270678,-0.0002625,384.384
0,7845808,7,phononTS,0.000519178,0.00100883,0.00105241,-0.000262498,407.643,0.000382,1,0.000999016,0.000997844,0.0002625,498.892
0,7855152,8,phononTS,0.000396124,-0.00099831,0.00299658,0.000262498,321.037,0.000396124,1,0.000681243,0.00233277,-0.0002625,689.944
0,7858314,7,phononTF,0.000609113,-0.000303778,-0.000211293,-0.000262498,1128.87,0.000382,1,-0.000998909,-0.00100219,0.0002625,1333.05
0,7858945,15,phononTS,0.000502185,-0.00199511,-3.63553e-06,0.000262498,1581.31,0.000502185,1,-0.00194858,-0.000178794,-0.0002625,1686.62
0,7864658,13,phononTS,0.000784834,5.70104e-05,0.00050796,-0.0002625,411.541,0.000382,1,3.82696e-06,3.74033e-06,0.0002625,711.5
0,7878132,14,phononTS,0.000791782,-0.00129216,-1.02675e-05,-0.0002625,395.257,0.000382,1,-0.0020003,4.75389e-06,0.0002625,1123.02
0,7880232,9,phononTF,0.000619423,-0.00146811,0.000363342,-0.0002625,675.835,0.000382,1,-0.00200044,-0.00200189,0.0002625,1574.65
0,7880232,4,phononTF,0.00162308,0.00011841,0.000630776,0.000262498,0.831817,0.00134378,1,-2.77868e-05,0.000775517,-0.0002625,97.4312
0,7880232,3,phononTS,0.000781144,0.00011841,0.000630776,0.000262498,0.831817,0.000781144,1,-0.00148943,0.00255424,-0.0002625,472.637
0,7881312,16,phononTS,0.000758352,0.00024357,0.000929939,-0.0002625,618.703,0.000382,1,0.00100026,0.00100492,0.0002625,929.913
0,7883956,14,phononL,0.000778505,0.00300224,0.00100494,0.0002625,636.221,0.000426418,1,0.00472354,0.00151642,-0.0002625,1260.89
0,7895325,8,phononTF,0.000639702,0.000323051,-0.000315139,-0.0002625,260.864,0.000382,1,0.000999983,-0.00100006,0.0002625,637.364
0,7898832,11,phononTF,0.000536575,-0.00199817,0.0020017,0.0002625,550.502,0.000536575,1,-0.00241463,0.00240485,-0.0002625,1085.84
0,7898832,9,phononTS,0.000724309,-0.00137734,0.00073024,0.000262498,386.74,0.000724309,1,-0.00141208,0.000678661,-0.0002625,479.661
0,7908790,3,phononTS,0.00193435,0.000820135,0.00104157,-0.0002625,1138.77,0.000764,1,0.000997795,0.000995891,0.0002625,1561.13
0,7923253,7,phononTS,0.000520246,-4.62386e-05,3.30521e-05,-0.0002625,142.422,0.000382,1,3.48484e-06,-3.88238e-06,0.0002625,320.699
0,7929581,3,phononTS,0.00583126,0.000984208,0.00138124,-0.0002625,658.66,0.000382,1,0.00100278,0.000997893,0.0002625,1151.62
0,7932658,2,phononL,0.00752845,-0.000911986,0.000835737,-0.000106524,1577.38,0.00329096,1,-0.00109797,0.000773445,-0.0002625,1817.56
0,7936213,22,phononTF,0.000676811,0.00100483,-0.00099661,0.0002625,700.815,0.000676811,1,0.00100286,-0.00121195,-0.0002625,1100.84
0,7939559,14,phononTS,0.000429125,0.000998413,0.00100257,0.000262498,784.007,0.000429125,1,0.000505864,0.00095191,-0.0002625,928.513
0,7941523,3,phononTS,0.00269769,0.000203114,0.000285155,-0.0002625,215.473,0.000382,1,-2.64611e-06,1.53042e-06,0.0002625,481.825
0,7947672,14,phononTS,0.000481536,-0.00103236,0.0015837,-0.000262498,657.958,0.000382,1,1.92309e-06,1.94653e-06,0.0002625,1033.99
0,7947775,3,phononTS,0.000578121,-9.70019e-05,0.000770145,-0.000262498,289.225,0.000382,1,1.31493e-06,-3.53148e-06,0.0002625,477.615
0,7948689,9,phononTS,0.00064253,0.0005067,0.000874941,-0.0002625,574.835,0.000382,1,0.000997232,0.000995239,0.0002625,878.568
0,7948689,8,phononTS,0.00116131,1.61689e-05,0.000754643,0.000262498,574.835,0.00116131,1,-0.000153205,0.00133029,-0.0002625,741.472
0,7949300,11,phononTS,0.000475606,-0.000998465,0.00100051,0.000262498,853.403,0.000475606,1,0.00217735,0.00406486,-0.0002625,1636.19
0,7953261,10,phononTF,0.000526932,-0.000554295,0.000562484,-0.000262498,116.467,0.000382,1,-0.00200171,0.00199836,0.0002625,476.925
0,7958347,6,phononL,0.000616222,-0.000149373,0.00116143,-0.0002625,622.843,0.000382,1,-4.9502e-06,0.00200183,0.0002625,838.381
0,7958347,5,phononTS,0.00076416,-0.000293796,0.000321025,0.000262498,622.843,0.00076416,1,0.00076969,0.00183063,-0.0002625,986.734
0,7968657,9,phononTF,0.000889853,-0.000343876,0.000355569,-0.0002625,974.581,0.000382,1,4.70969e-06,2.67643e-06,0.0002625,1222.2
0,7971423,14,phononTF,0.00118597,-0.000418264,0.0002293,-0.000262498,715.141,0.000382,1,-4.97905e-06,-1.63405e-06,0.0002625,843.09
0,7972284,5,phononTF,0.000480213,0.00217583,-0.000204564,-0.000262498,498.858,0.000382,1,0.00199963,3.01013e-06,0.0002625,601.051
0,7972284,3,phononTS,0.000486934,0.000299342,0.000909204,0.000262498,68.4693,0.000486934,1,0.000438715,-6.43594e-05,-0.0002625,292.329
0,7975821,21,phononTF,0.000451352,-0.00111947,0.000887569,-0.0002625,611.548,0.000382,1,-0.00100363,0.00100263,0.0002625,799.797
0,7975821,2,phononTF,0.00303031,-4.9983e-05,0.000523908,0.000262498,52.7665,0.00139643,1,-0.000311116,0.000271165,-0.0002625,162.521
0,7987510,2,phononTF,0.000655544,-4.64256e-06,1.67539e-06,0.0002625,1078.43,0.000655544,1,0.000324546,-0.000315804,-0.0002625,1301.24
0,7995078,3,phononTF,0.00553101,-0.000160544,0.00015859,-7.73689e-05,360.54,0.001528,1,5.65705e-07,4.75335e-06,0.0002625,662.605
0,8003756,9,phononTF,0.000680004,-2.63541e-06,0.00199796,0.000262498,388.158,0.000680004,1,-1.35581e-05,0.001987,-0.0002625,478.075
0,8003756,4,phononL,0.000460617,0.000125249,0.000624029,0.000262498,17.9795,0.000460617,1,0.00199949,0.000770551,-0.0002625,230.45
0,8003756,3,phononTF,0.000412953,0.000125249,0.000624029,0.000262498,17.9795,0.000412953,1,0.000662172,0.000290542,-0.0002625,166.334
0,8003756,2,phononTF,0.00343785,0.000125249,0.000624029,0.000262498,17.9795,0.00131069,1,-0.000580528,0.00130316,-0.0002625,209.175
0,8015997,12,phononTF,0.000534836,8.34817e-07,-1.15755e-06,0.000262498,894.174,0.000534836,1,0.000171814,0.000168351,-0.0002625,993.051
0,8015997,9,phononTS,0.000444768,-0.000716659,0.00103354,0.000262498,491.1,0.000444768,1,-0.000671201,0.00121777,-0.0002625,597.376
0,8015997,7,phononTF,0.00117655,-0.000866695,0.000320191,0.000262498,240.541,0.00117655,1,-0.0010667,0.000511555,-0.0002625,342.107
0,8015997,6,phononL,0.000530409,-0.000866695,0.000320191,0.000262498,240.541,0.000530409,1,-0.000289975,0.000308642,-0.0002625,324.281
0,8019656,15,phononTF,0.000387129,0.00124994,0.00127244,-0.0002625,1500.28,0.000382,1,0.00100497,0.000995715,0.0002625,1722.44
0,8019656,3,phononTS,0.000777005,8.13242e-05,0.000657522,0.000262498,20.8878,0.000777005,1,-2.81123e-05,0.00074278,-0.0002625,127.236
0,8019656,2,phononTS,0.000715297,8.13242e-05,0.000657522,0.000262498,20.8878,0.000715297,1,-8.26508e-05,0.000684024,-0.0002625,125.706
0,8024766,12,phononTS,0.000478203,-1.11419e-06,-9.58741e-07,0.0002625,136.919,0.000478203,1,3.17519e-05,-2.39961e-05,-0.0002625,360.682
0,8032519,17,phononTF,0.000802974,-0.000995405,0.00100013,0.000262498,676.506,0.000802974,1,-0.000820558,0.000803005,-0.0002625,777.751
0,8038984,3,phononTF,0.000446255,0.000117021,0.00223251,-0.0002625,468.35,0.000382,1,5.36835e-07,0.00200234,0.0002625,858.056
0,8038984,2,phononL,0.00384094,0.000125433,0.000818627,0.000262498,468.35,0.00156819,1,-0.00024773,0.00118217,-0.0002625,549.357
0,8039083,5,phononTF,0.00276833,0.00239487,-0.00304807,0.000113104,144.64,0.00136118,1,0.00269019,-0.00276273,-0.0002625,2715.05
0,8046320,12,phononTS,0.00107999,-0.00221205,0.000117089,-0.0002625,732.371,0.000382,1,-0.00199661,-5.53281e-08,0.0002625,969.647
0,8046320,11,phononTF,0.000923523,-0.00242748,0.000234233,0.000262498,732.371,0.000403012,1,-0.00190265,-0.0002758,-0.0002625,886.487
0,8047033,10,phononTS,0.000586354,-2.03269e-05,0.00197031,-0.0002625,486.925,0.000382,1,3.69258e-07,0.00199589,0.0002625,762.892
0,8048124,7,phononTF,0.000769115,0.000487853,0.00149459,-0.000262498,953.891,0.000382,1,-3.07021e-07,0.00199517,0.0002625,1103.52
0,8050188,8,phononTF,0.000622661,0.00160473,-0.000199451,-0.0002625,10.8535,0.000382,1,0.00199929,4.29629e-06,0.0002625,695.817
0,8061495,7,phononTS,0.000656545,0.00101231,0.000519446,-0.0002625,294.456,0.000382,1,0.000998502,0.00100411,0.0002625,764.556
0,8063911,4,phononTF,0.000746816,-0.000161505,0.00188505,-0.0002625,186.728,0.000382,1,2.9886e-06,0.00199745,0.0002625,711.667
0,8069597,3,phononTS,0.00106852,0.000864304,0.000442168,-0.0002625,484.366,0.000382,1,0.00200412,-2.96e-06,0.0002625,1022.04
0,8071167,11,phononTF,0.000843092,0.001999,2.62387e-06,0.000262498,1737.77,0.000843092,1,0.00216484,0.000170953,-0.0002625,1836.4
0,8078787,7,phononL,0.000802572,-0.000393603,0.000476785,-0.0002625,378.665,0.000382,1,-4.40762e-06,-1.73073e-06,0.0002625,556.423
0,8079073,5,phononTF,0.00351144,0.000146295,0.00013331,-0.0002625,219.433,0.000382,1,3.23034e-06,2.76595e-06,0.0002625,411.674
0,8079073,8,phononTS,0.0020309,3.23034e-06,2.76595e-06,0.000262498,411.674,0.00140757,1,3.82061e-05,0.000659975,-0.0002625,580.32
0,8096193,12,phononTS,0.000533598,5.14742e-05,0.000777706,-0.000262499,535.074,0.000382,1,-0.000998322,0.000998672,0.0002625,775.641
0,8105076,6,phononTF,0.0013454,0.00188082,0.00212275,-0.0002625,326.217,0.000382,1,0.00200333,0.00200256,0.0002625,1055.46
0,8111470,4,phononTS,0.00102708,-1.48776e-05,0.000414785,-0.0002625,183.183,0.000382,1,1.92372e-06,5.91795e-07,0.0002625,415.14
0,8130679,2,phononTF,0.00262455,0.000272901,0.000260295,-0.0002625,531.761,0.000382,1,3.62298e-06,1.30996e-06,0.0002625,692.806
0,8130679,13,phononL,0.000502925,3.62298e-06,1.30996e-06,0.000262498,692.806,0.000502925,1,-0.00047839,0.00191969,-0.0002625,919.691
0,8130679,12,phononTF,0.00141849,3.62298e-06,1.30996e-06,0.000262498,692.806,0.00141849,1,0.000693282,0.000688035,-0.0002625,882.475
0,8139417,10,phononTS,0.000659443,0.000995193,0.000996264,0.000262498,312.717,0.000659443,1,0.00173096,0.000929638,-0.0002625,496.891
0,8141104,8,phononL,0.000539588,0.000557506,0.000833656,-0.0002625,197.087,0.000382,1,0.000998634,0.00100404,0.0002625,351.073
0,8141104,4,phononTF,0.00057206,0.000125864,0.000689213,0.000262498,11.5531,0.00057206,1,0.000237507,0.000571322,-0.0002625,105.609
0,8144369,19,phononL,0.00234834,-1.36064e-06,-1.39119e-06,0.000262498,528.1,0.00122589,1,4.56913e-05,-0.000315111,-0.0002625,596.613
0,8145107,6,phononTS,0.00087295,-0.00100296,0.000998885,0.0002625,463.291,0.00087295,1,-0.000952031,0.00108388,-0.0002625,1061.33
0,8146377,2,phononTF,0.00451979,3.89462e-05,9.99945e-05,0.000113411,295.898,0.001146,1,-3.85583e-06,9.76588e-07,0.0002625,362.699
0,8147844,9,phononTS,0.000679578,0.00105521,0.00101917,-0.000262498,696.256,0.000382,1,0.0010004,0.00100105,0.0002625,788.006
0,8149820,8,phononTS,0.000709993,1.29768e-06,0.00199881,0.000262498,1754.5,0.000709993,1,3.01255e-06,0.00202848,-0.0002625,1844.11
0,8149820,5,phononTS,0.00335635,0.000715021,0.000822398,0.000262498,538.315,0.00161085,1,0.000769234,0.000795018,-0.0002625,627.696
0,8151050,15,phononTF,0.000426422,0.00199996,-0.00199691,0.000262498,822.295,0.000426422,1,0.00197515,-0.00202237,-0.0002625,912.385
0,8153855,3,phononTF,0.000392109,0.000107538,0.000264463,-0.0002625,41.8099,0.000382,1,-3.66427e-06,2.18656e-07,0.0002625,255.461
0,8157622,18,phononTF,0.000387771,-3.65291e-06,1.20947e-06,0.0002625,1259.1,0.000387771,1,-0.000182126,-0.0001819,-0.0002625,1459.03
0,8157622,13,phononTF,0.00104205,0.00082118,-0.000226878,0.000262498,463.87,0.000505437,1,0.000471527,-0.000538995,-0.0002625,585.831
0,8158881,9,phononTS,0.00146939,-0.000673958,-9.46493e-05,-0.0002625,713.418,0.000382,1,-5.21371e-07,3.12793e-06,0.0002625,1066.17
0,8163002,18,phononTS,0.000720723,2.22053e-06,6.74992e-07,0.000262498,239.928,0.000720723,1,-0.00176848,-0.00141464,-0.0002625,672.112
0,8172714,7,phononL,0.000433954,0.0002756,-0.00037453,-0.0002625,104.07,0.000382,1,1.99834e-06,9.9132e-07,0.0002625,696.499
0,8175742,1,phononTS,0.01,3.82959e-06,-6.7427e-06,0.000208803,0,0.002674,1,-1.20244e-06,2.09966e-06,0.0002625,488.4
0,8175742,7,phononTS,0.000898828,-1.20244e-06,2.09966e-06,0.000262498,488.4,0.000898828,1,-0.000847549,1.91177e-05,-0.0002625,687.673
0,8175742,6,phononTF,0.000800057,-1.20244e-06,2.09966e-06,0.000262498,488.4,0.000800057,1,0.000254254,0.000174579,-0.0002625,595.232
0,8175742,5,phononTS,0.0007241,-1.20244e-06,2.09966e-06,0.000262498,488.4,0.0007241,1,4.67829e-05,-4.07906e-06,-0.0002625,584.757
0,8184538,14,phononTS,0.000447417,0.00099961,0.00100392,0.000262498,560.167,0.000447417,1,-0.000791311,-0.00125626,-0.0002625,1102.17
0,8184538,10,phononTS,0.000864289,9.28227e-05,0.000760708,0.000262498,173.131,0.000864289,1,0.00197961,0.00223133,-0.0002625,629.939
0,8188590,12,phononTS,0.000523902,-0.00299891,-0.00100264,0.000262498,1012.74,0.000523902,1,-0.00303812,-0.00145219,-0.0002625,1151.6
0,8188590,8,phononTF,0.000412472,0.000320345,0.000329607,0.000262498,71.3165,0.000412472,1,0.000243288,0.000456574,-0.0002625,165.595
0,8188590,7,phononTS,0.000405725,0.000320345,0.000329607,0.000262498,71.3165,0.000405725,1,0.00104946,-0.000503417,-0.0002625,323.84
0,8193278,5,phononTS,0.000446857,0.000949161,0.00102719,-0.000262498,265.659,0.000382,1,0.000995752,0.00100047,0.0002625,360.297
0,8201998,4,phononL,0.00292959,0.000102994,0.00133914,-0.0002625,36.188,0.000764,1,-1.58833e-06,0.00199704,0.0002625,218.249
0,8210766,1,phononTS,0.01,9.11186e-06,3.62452e-06,0.000226791,0,0.001528,1,3.26774e-06,2.75207e-07,0.0002625,281.134
0,8210766,6,phononTF,0.000872609,3.26774e-06,2.75207e-07,0.000262498,281.134,0.000872609,1,-0.000161166,-0.000154049,-0.0002625,379.273
0,8212011,5,phononTS,0.00072023,0.00474945,0.005,0.000137289,1958.4,0.000222459,1,0.00465796,0.00495374,-0.0002625,5423.59
0,8213792,16,phononTF,0.000602367,0.000878539,0.000865508,-0.0002625,474.474,0.000382,1,0.00100327,0.00100345,0.0002625,857.164
0,8220033,7,phononTS,0.000474234,0.000765674,0.000954579,-0.0002625,436.071,0.000382,1,0.00100021,0.00099907,0.0002625,733.224
0,8220702,13,phononTS,0.000548297,-0.000182233,-0.000914898,-0.000262498,1359.36,0.000382,1,-1.95762e-06,-0.00199876,0.0002625,1609.36
0,8221883,5,phononL,0.000944543,0.000150893,0.000780227,-0.0002625,144.155,0.000382,1,2.62567e-07,1.28737e-06,0.0002625,320.069
0,8221883,4,phononTF,0.00105216,8.89207e-06,0.000387755,0.000262498,144.155,0.000330819,1,4.01858e-05,0.000589838,-0.0002625,243.957
0,8224663,12,phononTS,0.000426679,0.000114298,0.00130742,-0.0002625,367.815,0.000382,1,-4.95165e-06,0.00200432,0.0002625,729.73
0,8224663,4,phononTS,0.00124236,0.00013707,0.000652768,0.000262498,4.91789,0.000748022,1,8.8145e-05,0.000556142,-0.0002625,102.715
0,8224663,3,phononTF,0.00134686,0.00013707,0.000652768,0.000262498,4.91789,0.000884803,1,0.000541188,0.000223597,-0.0002625,141.137
0,8227285,3,phononL,0.000446877,0.000148185,0.000288257,-0.0002625,32.9558,0.000382,1,-3.43043e-06,-4.48494e-06,0.0002625,171.272
0,8229020,15,phononTS,0.000428251,-0.005,-0.00170819,8.31585e-05,2016.13,0.000428251,1,-0.00481135,-0.00152497,-0.0002625,2916.75
0,8241209,8,phononTF,0.000811427,0.00135428,0.00241632,-0.0002625,797.57,0.000382,1,0.00199833,0.00199554,0.0002625,1132.13
0,8241293,6,phononTF,0.000754153,-3.29467e-06,0.00199734,0.0002625,18.3311,0.000754153,1,-0.000207658,0.00221173,-0.0002625,500.94
0,8241293,5,phononTS,0.000813148,8.27622e-05,0.000649782,0.000262498,18.3311,0.000395637,1,0.00180661,0.00309709,-0.0002625,586.96
0,8243195,9,phononTS,0.00050729,0.00199584,-4.16854e-06,0.0002625,714.312,0.00050729,1,0.00204489,-2.24576e-05,-0.0002625,898.149
0,8244244,7,phononTF,0.00108677,0.000703405,0.000245964,-0.0002625,41.1024,0.000382,1,0.00100135,0.000996319,0.0002625,360.291
0,8244244,8,phononTF,0.000495553,0.00100135,0.000996319,0.000262498,360.291,0.000495553,1,0.000306346,0.000319862,-0.0002625,548.994
0,8244244,9,phononTF,0.000596092,0.00271262,-0.00074172,-0.000262498,590.435,0.000596092,1,0.00286377,0.005,5.59644e-05,1592.58
0,8244244,5,phononTF,0.000430894,0.000261527,0.000676601,0.000262498,41.1024,0.000430894,1,-0.000778803,0.00142175,-0.0002625,285.268
0,8244244,4,phononTF,0.000644554,0.000261527,0.000676601,0.000262498,41.1024,0.000644554,1,0.000478165,0.000902221,-0.0002625,145.697
0,8246772,2,phononTF,0.00046771,0.000549131,0.000568052,-0.000262498,518.868,0.000382,1,0.000997825,0.00100105,0.0002625,658.321
0,8250988,13,phononTS,0.00133562,-4.28236e-05,-0.000158878,-0.000262498,242.965,0.000764,1,1.69078e-06,4.52421e-06,0.0002625,347.129
0,8252218,17,phononL,0.0004193,0.000162732,0.000242616,-0.000262498,225.226,0.000382,1,-0.000997786,0.00100055,0.0002625,394.529
0,8253502,2,phononTS,0.0010427,1.37206e-05,0.000446239,-0.0002625,182.513,0.000382,1,-3.03588e-06,-7.72049e-07,0.0002625,416.07
0,8260736,8,phononTS,0.000418375,-2.63912e-05,0.000541895,-0.0002625,577.818,0.000382,1,4.41616e-06,-3.14547e-06,0.0002625,819.984
0,8263669,3,phononTS,0.00197687,-0.000703864,0.000101623,-0.0002625,38.576,0.000382,1,-1.99106e-06,3.34159e-06,0.0002625,476.447
0,8263669,12,phononTF,0.00142436,-1.99106e-06,3.34159e-06,0.000262498,476.447,0.00142436,1,-7.49009e-05,-0.000287856,-0.0002625,586.072
0,8271426,15,phononTS,0.000669933,-0.00140665,0.00138969,-0.0002625,761.124,0.000382,1,-0.00199845,0.00199824,0.0002625,1181.15
0,8271426,3,phononTS,0.00109188,0.000195604,0.000528912,0.000262498,50.8729,0.000918759,1,-8.302e-05,0.000544883,-0.0002625,168.642
0,8276048,16,phononTS,0.000574627,-0.000351929,-0.000935411,-0.0002625,546.71,0.000382,1,-0.000999224,-0.000999515,0.0002625,879.692
0,8276048,3,phononTF,0.000472384,0.000105842,0.000494721,0.000262498,85.6672,0.000472384,1,0.000310844,0.000173833,-0.0002625,200.778
0,8276048,2,phononL,0.00091066,0.000105842,0.000494721,0.000262498,85.6672,0.00091066,1,-1.99625e-05,-8.24322e-05,-0.0002625,170.79
0,8281424,17,phononTS,0.000385426,-0.00193978,-0.00159047,-0.0002625,2288.56,0.000382,1,-0.00199812,-0.0020001,0.0002625,2838.81
0,8284921,9,phononTS,0.000542184,-2.27174e-05,-2.24429e-05,-0.000262498,460.616,0.000382,1,-4.72825e-06,-2.33978e-06,0.0002625,550.363
0,8294868,5,phononTS,0.00106528,0.000140321,0.000416903,-0.0002625,133.326,0.000382,1,2.41509e-06,4.72781e-06,0.0002625,418.969
0,8298722,10,phononL,0.000437699,0.00100041,0.00100393,0.0002625,264.566,0.000437699,1,0.0017965,0.000993948,-0.0002625,468.568
0,8304727,4,phononL,0.00380067,-0.00228004,0.000215391,-0.0002625,646.256,0.001528,1,-0.00199677,-4.03073e-06,0.0002625,1030.98
0,8304727,9,phononL,0.000386964,-0.00199677,-4.03073e-06,0.000262498,1030.98,0.000386964,1,-0.00249074,-0.000187132,-0.0002625,1111.69
0,8309786,4,phononTS,0.000456159,3.69113e-07,0.00200137,0.0002625,28.1772,0.000456159,1,-6.90694e-05,0.00273492,-0.0002625,571.916
0,8313553,17,phononTS,0.000660874,2.50105e-06,3.89675e-06,0.000262498,235.406,0.000660874,1,-0.000191834,-0.000465482,-0.0002625,389.632
0,8316315,20,phononTF,0.000802229,0.00199654,-4.68295e-06,0.000262498,1124.63,0.000802229,1,0.00245228,0.000331573,-0.0002625,1261.39
0,8317489,10,phononTF,0.000508258,0.00214705,0.00227841,-0.0002625,1667.61,0.000382,1,0.00100425,0.00100015,0.0002625,2412.72
0,8322909,4,phononL,0.00151623,5.58411e-05,0.00169856,-0.000262498,656.162,0.000382,1,4.48894e-06,0.0019982,0.0002625,724.149
0,8322909,5,phononTS,0.000527318,4.48894e-06,0.0019982,0.000262498,724.149,0.000527318,1,-2.06547e-05,0.00122435,-0.0002625,912.437
0,8327422,5,phononTF,0.00042692,0.000997192,0.000999133,0.0002625,211.032,0.00042692,1,0.001483,0.00153584,-0.0002625,520.953
0,8327883,2,phononTS,0.00475168,9.22766e-05,0.00062036,-0.000167734,161.118,0.000382,1,4.56675e-07,2.52073e-06,0.0002625,424.712
0,8333534,11,phononTS,0.00126967,6.52866e-05,0.000630376,-0.0002625,223.422,0.000382,1,-4.99118e-06,8.41121e-07,0.0002625,493.371
0,8333534,17,phononTS,0.000623917,-4.99118e-06,8.41121e-07,0.000262498,493.371,0.000623917,1,7.57528e-05,-0.000717641,-0.0002625,671.958
0,8333737,17,phononTF,0.000498662,0.000256825,0.00228899,-0.0002625,605.939,0.000382,1,-4.13431e-06,0.00200418,0.0002625,830.985
0,8333737,2,phononTS,0.00320681,-0.000543385,0.00215214,-0.000222639,144.325,0.00243103,1,-0.000554437,0.00215084,-0.0002625,2487.76
0,8341410,8,phononTS,0.000469455,0.000996873,0.00100078,0.000262498,630.204,0.000469455,1,0.000960748,0.0015004,-0.0002625,776.046
0,8346909,13,phononTS,0.00107523,-0.000640347,0.000956985,-0.0002625,300.752,0.000382,1,-0.00100357,0.00100237,0.0002625,555.361
0,8354746,15,phononTF,0.00102925,-4.1615e-06,-0.00199753,0.000262498,1054.23,0.000683994,1,-0.000753165,-0.00126761,-0.0002625,1254.47
0,8354746,3,phononTS,0.000558844,-7.46298e-05,0.000638525,0.000262498,200.174,0.000558844,1,0.000409265,0.000757855,-0.0002625,351.096
0,8355171,8,phononTF,0.000907373,-0.000107127,0.00010634,-0.0002625,968.084,0.000382,1,-2.56398e-06,-1.63788e-06,0.0002625,1155.27
0,8357953,13,phononTS,0.000542657,-0.000998799,0.000995326,0.000262498,1072.26,0.000542657,1,-0.000956172,0.00101577,-0.0002625,1164.52
0,8360309,6,phononTS,0.000506393,-4.21958e-05,-2.44746e-05,-0.000262498,263.242,0.000382,1,-3.69189e-06,2.24102e-07,0.0002625,352.901
0,8362095,11,phononL,0.000738417,0.000582236,0.000867774,-0.0002625,38.8082,0.000382,1,0.00100101,0.00100443,0.0002625,188.539
0,8362830,17,phononTS,0.00063602,-0.000998464,0.00100217,0.000262498,356.637,0.00063602,1,-0.000274659,0.00101733,-0.0002625,535.893
0,8368383,5,phononTS,0.000592877,4.85445e-06,0.00200264,0.0002625,1355.38,0.000425821,1,3.80185e-05,0.00195435,-0.0002625,1562.58
0,8368384,1,phononTF,0.01,0.000478683,0.000966374,-0.000217526,0,0.00555119,1,0.000489366,0.000955107,-0.0002625,640.669
0,8380217,16,phononTF,0.000471395,-0.0020042,-0.00199655,0.000262498,4945.56,0.000471395,1,-0.00190048,-0.00203087,-0.0002625,5038.22
0,8380912,8,phononTF,0.000974296,0.000589093,-0.000600356,-0.0002625,259.958,0.000764,1,0.000998481,-0.00100462,0.0002625,601.23
0,8380912,4,phononTS,0.0024005,0.000168983,0.000725197,0.000262498,51.4616,0.00214758,1,1.37562e-05,0.000952875,-0.0002625,174.414
0,8380912,3,phononTS,0.00044284,0.000168983,0.000725197,0.000262498,51.4616,0.00044284,1,0.0013499,0.00121341,-0.0002625,329.745
0,8383927,8,phononTF,0.000917727,-0.00117247,0.000604211,-0.0002625,335.029,0.000382,1,-0.00100213,0.00299964,0.0002625,1065.67
0,8387733,7,phononTF,0.000706531,-0.00166109,0.000272157,-0.0002625,1481.08,0.000382,1,-0.00200158,6.5095e-07,0.0002625,1719.76
0,8392756,2,phononTS,0.000853514,-4.03541e-05,-0.00156834,-0.0002625,170.08,0.000382,1,-3.2467e-06,-0.00199535,0.0002625,984.593
0,8400844,11,phononTS,0.000589955,0.000121704,0.000900448,-0.0002625,546.202,0.000382,1,0.000996683,0.000995122,0.0002625,959.828
0,8401925,6,phononL,0.00066674,0.000606066,0.000665565,-0.0002625,560.401,0.000382,1,0.00100367,0.000995755,0.0002625,721.695
0,8404062,24,phononTF,0.000465541,0.00130624,0.000686506,-0.0002625,764.333,0.000382,1,0.000996667,0.000999744,0.0002625,998.95
0,8405342,17,phononTF,0.000402132,0.00177698,0.0014809,-0.000262498,942.852,0.000382,1,0.00199872,0.00200129,0.0002625,1086.48
0,8406018,10,phononTS,0.000711643,-0.000141109,4.19501e-05,-0.0002625,1164.81,0.000382,1,1.29363e-06,2.57655e-06,0.0002625,1369.09
0,8406018,5,phononTS,0.00155911,0.000150692,0.000575372,0.000262498,22.1363,0.00155911,1,0.000180855,0.000569224,-0.0002625,117.285
0,8419327,11,phononTS,0.0010975,-0.00036016,-0.00201768,-0.0002625,4237.52,0.000382,1,3.63607e-06,-0.00199653,0.0002625,4497.12
0,8428961,8,phononTF,0.00224266,0.00199703,-1.01546e-06,0.000262498,810.288,0.00117057,1,0.00250281,-0.000495052,-0.0002625,961.691
0,8434095,10,phononTF,0.00105444,-0.000523482,0.00051464,-0.000262498,231.255,0.000382,1,-0.00100084,0.00100024,0.0002625,378.432
0,8434095,11,phononTS,0.000556567,-0.00100084,0.00100024,0.000262498,378.432,0.000556567,1,-0.000953177,0.00105315,-0.0002625,472.229
0,8438924,11,phononTS,0.00190263,3.47608e-05,0.000113267,-0.0002625,1111.46,0.000764,1,-2.5663e-06,7.97387e-07,0.0002625,1536.02
0,8445421,18,phononTS,0.000398547,0.00200221,-0.00200191,0.000262498,3206.75,0.000398547,1,0.0019612,-0.00173675,-0.0002625,3322.08
0,8449697,12,phononTF,0.000426314,0.000774642,-0.00123675,-0.000262498,673.534,0.000382,1,0.000999615,-0.000995899,0.0002625,780.276
0,8450437,8,phononTF,0.000474774,0.000417558,0.000509386,-0.000262498,141.131,0.000382,1,4.01339e-06,-3.03262e-07,0.0002625,288.563
0,8452892,8,phononTS,0.000692641,0.000998815,0.000996356,0.000262498,964.003,0.000692641,1,0.000482792,0.000738504,-0.0002625,1129.3
0,8456031,8,phononTF,0.000775758,0.000613455,0.000905165,-0.0002625,881.633,0.000382,1,0.00100057,0.000996007,0.0002625,1126.68
0,8456031,4,phononTS,0.00418951,-0.000222222,-0.000252755,-0.000178996,680.451,0.00188319,1,-7.288e-05,-0.000295521,-0.0002625,870.854
0,8456558,2,phononTS,0.000679913,0.000167008,0.000980982,-0.000262498,237.897,0.000382,1,0.00100048,0.00100238,0.0002625,432.504
0,8466586,12,phononL,0.000412026,0.00200074,-0.00200187,0.0002625,1171.41,0.000412026,1,0.000345579,-0.00340995,-0.0002625,1924.66
0,8469193,4,phononTS,0.00346769,-0.000104582,4.68391e-05,-0.0002625,725.086,0.000764,1,3.84516e-06,1.47934e-07,0.0002625,914.795
0,8469193,8,phononTF,0.000653226,-0.00166208,0.005,0.00017454,914.795,0.000653226,1,-0.00153146,0.00482395,-0.0002625,1906.36
0,8469193,7,phononTF,0.00143064,3.84516e-06,1.47934e-07,0.000262498,914.795,0.00127605,1,-7.64428e-05,0.000189986,-0.0002625,1013.81
0,8469193,3,phononTF,0.00195662,-0.000131833,3.06312e-05,0.000262498,725.086,0.00172038,1,-0.000953686,-0.00267192,-0.0002625,1239.21
0,8469275,22,phononTS,0.000490843,0.000336808,0.00106814,-0.000262498,1005.74,0.000382,1,2.26743e-06,0.00199753,0.0002625,1229.06
0,8475223,6,phononTS,0.000593335,1.10844e-06,-0.00199937,0.000262498,1029.47,0.000593335,1,-0.00283785,0.00117195,-0.0002625,1802.81
0,8475223,3,phononL,0.00133364,4.30893e-05,0.000762318,0.000262498,29.7904,0.00133364,1,0.00067233,0.000774332,-0.0002625,117.574
0,8475223,2,phononTF,0.00594218,0.000623818,0.00117121,-7.53761e-05,29.7904,0.00473502,1,0.000482907,0.00122503,-0.0002625,407.118
0,8478797,7,phononTS,0.000523197,0.00211205,0.005,-9.73782e-05,3698.42,0.000523197,1,0.00220281,0.00482669,-0.0002625,4864.1
0,8483138,13,phononTF,0.00101754,-0.00100333,0.00099613,0.000262498,1200.62,0.000601352,1,-0.00174107,0.000167227,-0.0002625,1413.31
0,8485607,3,phononTF,0.000422647,2.88641e-06,2.18155e-06,0.0002625,726.743,0.000422647,1,-6.72735e-05,-7.11792e-05,-0.0002625,909.822
0,8495002,22,phononTS,0.000494139,-0.00100416,-0.000996038,0.000262498,1143.49,0.000494139,1,0.000207827,-0.00234753,-0.0002625,1516.58
0,8495394,13,phononTS,0.000740441,-1.48352e-06,3.02514e-06,0.000262498,517.73,0.000740441,1,-4.55072e-05,-0.000242709,-0.0002625,630.774
0,8498551,11,phononTF,0.000611963,-2.15339e-06,-2.63158e-06,0.0002625,129.667,0.000611963,1,0.00017936,0.000200613,-0.0002625,333.57
0,8498551,8,phononL,0.000439029,7.07096e-05,0.000695323,0.000262498,12.8671,0.000439029,1,0.000655349,0.0011548,-0.0002625,113.575
0,8503333,9,phononTF,0.000407315,-0.00216912,-0.00163678,-0.0002625,12.4586,0.000382,1,-0.00199591,-4.76047e-07,0.0002625,943.011
0,8503333,8,phononTF,0.00055909,6.02478e-05,0.000629604,0.000262498,12.4586,0.00055909,1,0.000235445,0.000430433,-0.0002625,113.89
0,8503333,7,phononTS,0.000911564,6.02478e-05,0.000629604,0.000262498,12.4586,0.000911564,1,0.000281426,0.000717904,-0.0002625,129.57
0,8503333,6,phononTS,0.00131776,6.02478e-05,0.000629604,0.000262498,12.4586,0.00131776,1,-0.000274438,0.000673861,-0.0002625,136.166
0,8505674,8,phononTS,0.00293331,-0.000498049,0.00038821,-1.99876e-05,252.414,0.000764,1,-3.0835e-07,2.21365e-06,0.0002625,480.297
0,8505674,9,phononL,0.000847467,-3.0835e-07,2.21365e-06,0.000262498,480.297,0.000792737,1,0.000199574,-0.000302728,-0.0002625,551.161
0,8505674,5,phononTS,0.000691667,-6.40501e-05,0.000525206,0.000262498,68.1138,0.000691667,1,-0.00123286,-0.000829006,-0.0002625,436.592
0,8508100,7,phononTF,0.00140697,-0.000249957,0.00174929,-0.0002625,820.701,0.000382,1,-3.45172e-06,0.00199548,0.0002625,1036.86
0,8526551,4,phononTS,0.00360106,0.000198593,0.00198942,0.000103082,211.134,0.000764,1,-2.1662e-06,0.00199729,0.0002625,476.634
0,8526551,10,phononL,0.000880495,-2.1662e-06,0.00199729,0.000262498,476.634,0.000880495,1,0.000211797,0.00177445,-0.0002625,544.957
0,8526551,9,phononTF,0.000649913,-2.1662e-06,0.00199729,0.000262498,476.634,0.000649913,1,0.000249715,0.00226054,-0.0002625,585.976
0,8529685,4,phononTS,0.000404044,3.658e-05,0.000153134,-0.000262498,456.174,0.000382,1,1.50925e-06,-2.388e-06,0.0002625,563.226
0,8534431,9,phononTF,0.000548288,-0.000847463,0.000836091,-0.000262498,450.091,0.000382,1,-0.00100148,0.000995194,0.0002625,547.623
0,8534737,12,phononTF,0.000667184,0.000421314,0.000448085,-0.000262498,226.89,0.000382,1,-3.17705e-06,1.55732e-06,0.0002625,366.443
0,8537135,3,phononTS,0.00428223,0.000118641,0.000724752,-0.0002625,7.25941,0.000764,1,0.000997879,0.00099633,0.0002625,318.577
0,8539185,14,phononTS,0.000459497,-0.000483405,0.000768514,-0.000262498,1039.62,0.000382,1,-0.000999558,0.000996026,0.0002625,1202.47
0,8541800,3,phononTS,0.00363516,-0.001021,0.000999657,0.000200388,709.503,0.001528,1,-0.00100271,0.000995983,0.0002625,1016.68
0,8541800,4,phononTS,0.000673902,-0.00100271,0.000995983,0.000262498,1016.68,0.000183307,1,-0.000954968,0.00100462,-0.0002625,1110.84
0,8543059,8,phononTS,0.000965132,-0.000325614,0.00210995,-0.0002625,529.211,0.000764,1,-0.00100128,0.00299966,0.0002625,1260.82
0,8543059,6,phononL,0.00190376,8.8398e-05,0.000424522,0.000262498,312.235,0.00160483,1,0.000274231,0.000840932,-0.0002625,388.215
0,8543807,18,phononTS,0.00140072,-0.000998399,0.00100382,0.000262499,355.536,0.0010722,1,-0.00180958,0.000840669,-0.0002625,552.499
0,8543824,21,phononTS,0.0011373,0.00110033,0.00124718,-0.0002625,349.396,0.000382,1,0.0019995,0.00200219,0.0002625,876.753
0,8557606,14,phononTS,0.000588184,-0.000997986,0.000996277,0.000262498,605.863,0.000217193,1,-0.000959448,0.000905968,-0.0002625,703.445
0,8561429,19,phononTS,0.000720211,-8.03772e-05,0.00210795,-0.0002625,646.673,0.000382,1,-3.93959e-06,0.00200152,0.0002625,857.552
0,8561429,4,phononL,0.00104849,6.15278e-05,0.000977149,0.000262498,173.363,0.000651089,1,-8.60452e-05,0.00127606,-0.0002625,242.677
0,8561429,3,phononTF,0.00141851,6.15278e-05,0.000977149,0.000262498,173.363,0.000615304,1,-0.0014363,0.00173009,-0.0002625,488.937
0,8566979,8,phononTS,0.000900672,3.78984e-05,5.05867e-05,-0.0002625,135.691,0.000382,1,-3.3132e-06,-1.35991e-06,0.0002625,324.252
0,8569658,15,phononTS,0.000686117,-0.000482208,-0.00100918,-0.0002625,746.542,0.000382,1,-0.000995839,-0.000999263,0.0002625,1043.79
0,8572475,13,phononTS,0.00226026,0.000616602,0.000293978,-0.0002625,306.178,0.000764,1,1.3658e-06,3.92238e-06,0.0002625,668.216
0,8572475,18,phononTS,0.000981319,1.3658e-06,3.92238e-06,0.000262498,668.216,0.000981319,1,-0.00293341,-0.00241687,-0.0002625,1388.63
0,8574313,11,phononTS,0.000559961,0.0015889,0.00200787,-0.000262498,1784.25,0.000382,1,0.00200141,0.00200126,0.0002625,1919.71
0,8578422,12,phononTF,0.00046145,2.35864e-06,-0.00200017,0.000262498,763.235,0.00046145,1,-0.000166133,-0.00215253,-0.0002625,861.626
0,8584208,15,phononL,0.000532413,-0.0016377,0.00211797,-0.0002625,864.717,0.000382,1,-0.00200026,0.0020035,0.0002625,1007.68
0,8584444,11,phononTS,0.000602222,-0.0030016,-0.000995671,0.000262498,5253.59,0.000602222,1,-0.00300596,-0.00130265,-0.0002625,5375.59
0,8584841,19,phononTF,0.000414834,-0.000420171,0.00356312,-0.0002625,1763.54,0.000382,1,-0.000997084,0.00300224,0.0002625,2093.98
0,8590188,9,phononTF,0.000437783,0.000837568,0.00116911,-0.000262498,464.66,0.000382,1,0.000999016,0.00100025,0.0002625,563.012
0,8590188,7,phononL,0.000776486,-9.86342e-05,0.000852404,0.000262498,240.601,0.000776486,1,0.000490997,0.000525571,-0.0002625,334.054
0,8590188,6,phononTF,0.000601038,-9.86342e-05,0.000852404,0.000262498,240.601,0.000601038,1,0.000496071,0.000240222,-0.0002625,412.048
0,8590188,5,phononTF,0.000906708,-9.86342e-05,0.000852404,0.000262498,240.601,0.000906708,1,-0.00117125,-0.000189887,-0.0002625,512.737
0,8590188,4,phononTF,0.00266916,-9.86342e-05,0.000852404,0.000262498,240.601,0.00186466,1,-0.000165396,0.000971418,-0.0002625,334.306
0,8595199,21,phononTF,0.000419202,2.21051e-06,-4.55182e-07,0.0002625,892.862,0.000419202,1,7.77538e-05,-7.23137e-05,-0.0002625,1076.12
0,8596795,1,phononTS,0.01,0.000961426,0.0010087,0.00022309,0,0.000764,1,0.00100275,0.00100225,0.0002625,903.05
0,8596795,5,phononTF,0.00174434,0.00100275,0.00100225,0.000262498,903.05,0.00174434,1,0.000546516,0.00144635,-0.0002625,1044.32
0,8596795,4,phononTS,0.00157516,0.00100275,0.00100225,0.000262498,903.05,0.00157516,1,0.00100345,0.000996225,-0.0002625,996.42
0,8596795,3,phononTF,0.00171373,0.00100275,0.00100225,0.000262498,903.05,0.000554341,1,0.00144962,0.000569431,-0.0002625,1042.33
0,8599790,13,phononTF,0.000434883,-0.000532262,-0.000551778,-0.000262498,419.429,0.000382,1,-0.000995912,-0.00100302,0.0002625,562.054
0,8600857,14,phononL,0.000601022,3.97746e-05,0.000779166,-0.000262498,263.15,0.000382,1,0.000998115,0.00100241,0.0002625,384.177
0,8618620,13,phononTF,0.000452446,-0.00196331,0.00195753,-0.000262498,1243,0.000382,1,-0.00200292,0.00200198,0.0002625,1333.5
0,8625360,12,phononTS,0.000533139,-0.00199968,0.00199864,0.0002625,583.898,0.000533139,1,-0.00357096,0.00266875,-0.0002625,1819.2
0,8626165,10,phononL,0.000637047,0.000104871,-0.00121959,-0.0002625,721.494,0.000382,1,1.91287e-06,-0.00200117,0.0002625,924.684
0,8626165,4,phononTF,0.00162997,0.000130786,0.000683923,0.000262498,109.445,0.000242653,1,-0.000427112,-0.000544367,-0.0002625,373.331
0,8626752,13,phononTS,0.00135478,-0.000283515,-0.000630102,-0.0002625,1015.86,0.000764,1,-0.000996618,-0.000996985,0.0002625,1417.29
0,8626752,12,phononTF,0.00115115,0.000429586,-0.00026322,0.000262498,1015.86,0.00115115,1,0.000227661,-5.68147e-05,-0.0002625,1118.71
0,8629531,7,phononTS,0.00121042,0.00106184,0.000370939,-0.0002625,796.985,0.000382,1,0.00199858,-1.45895e-06,0.0002625,1262.98
0,8634275,11,phononTF,0.000589244,0.000207067,-0.000211563,-0.000262498,570.358,0.000382,1,1.6306e-06,-2.60984e-06,0.0002625,673.282
0,8639521,12,phononTS,0.0022911,-0.00100246,0.000883529,-0.0002625,635.524,0.000764,1,-0.000996012,0.000997304,0.0002625,938.389
0,8639754,10,phononTS,0.000476098,-0.00300141,-0.000995049,0.000262498,956.945,0.000476098,1,-0.00232491,-0.00107367,-0.0002625,1132.83
0,8641892,2,phononL,0.00437517,-0.000541765,0.000468321,-0.0002625,472.623,0.001146,1,-0.000998884,0.00100196,0.0002625,770.096
0,8641892,11,phononTF,0.000443196,-0.000998884,0.00100196,0.000262498,770.096,0.000443196,1,-0.00198816,0.0019891,-0.0002625,1025.94
0,8644221,11,phononTF,0.00194212,4.28969e-06,2.04748e-06,0.000262498,300.253,0.00107029,1,-0.000236681,0.000258608,-0.0002625,409.104
0,8644657,7,phononTS,0.000582047,-0.000425906,0.000953797,-0.0002625,238.248,0.000382,1,-0.0010016,0.000995366,0.0002625,557.22
0,8646937,17,phononTS,0.000476987,-1.34447e-05,0.000263765,-0.000262498,1167.51,0.000382,1,4.84429e-06,-3.86434e-06,0.0002625,1285.51
0,8650121,17,phononL,0.000543333,0.000567641,-0.000131953,-0.0002625,398.239,0.000382,1,0.00199922,1.77021e-06,0.0002625,730.156
0,8650121,16,phononTS,0.00162982,-0.000863937,-0.000265676,0.000262498,398.239,0.000886861,1,-0.00133508,-0.000278558,-0.0002625,541.841
0,8653818,14,phononTS,0.00105272,-0.00200017,-3.84328e-06,0.0002625,638.065,0.00105272,1,-0.0020033,6.06738e-05,-0.0002625,832.203
0,8667535,4,phononTF,0.000968391,0.000130762,0.000125875,-0.0002625,344.18,0.000382,1,4.01009e-07,1.15828e-06,0.0002625,534.231
0,8679314,8,phononTS,0.000477603,-0.000998255,0.00299543,0.000262498,670.474,0.000477603,1,-0.00100284,0.00323798,-0.0002625,784.969
0,8679314,6,phononTF,0.000653346,6.07367e-05,0.000691234,0.000262498,58.1242,0.000653346,1,-0.000458542,0.000167659,-0.0002625,213.52
0,8685254,3,phononTS,0.00187017,-2.03779e-06,0.00200396,0.0002625,1.22548,0.00187017,1,-6.16679e-05,0.00268718,-0.0002625,516.786
0,8687078,2,phononTS,0.00544624,-0.000953693,0.000981749,9.31806e-05,1029.85,0.000764,1,-0.00100065,0.000995814,0.0002625,1440.67
0,8690467,13,phononTF,0.00116393,3.40932e-05,0.000206063,-0.0002625,532.726,0.000382,1,3.03042e-06,4.98971e-06,0.0002625,727.179
0,8691466,20,phononTS,0.00073981,0.000997246,0.00100336,0.000262498,1372.48,0.000299391,1,0.00117334,0.0018334,-0.0002625,1573.22
0,8692650,14,phononTS,0.000607224,7.78937e-05,-0.00119419,-0.0002625,347.745,0.000382,1,-2.62411e-06,-0.00199684,0.0002625,727.042
0,8692650,4,phononTS,0.0011398,0.000109658,0.000693926,0.000262498,42.4225,0.000823136,1,6.25521e-05,0.000738507,-0.0002625,136.087
0,8695961,12,phononTS,0.00200196,-0.000863283,0.0010336,-0.0002625,236.916,0.000382,1,-0.000998876,0.000999004,0.0002625,643.078
0,8696874,18,phononTF,0.00110068,0.000303317,0.00231291,-0.0002625,853.82,0.000382,1,3.80317e-06,0.00200353,0.0002625,1086.3
0,8701501,4,phononTF,0.00105558,0.00100249,-0.00099926,0.0002625,197.278,0.000436467,1,0.00131564,-0.00159871,-0.0002625,669.054
0,8703183,10,phononTS,0.000872602,0.0019969,-0.00200282,0.000262498,824.588,0.000431164,1,0.00109115,-0.00206376,-0.0002625,1034.85
0,8703781,12,phononTS,0.001112,0.00100476,0.000995029,0.000262498,979.566,0.001112,1,0.000952466,0.000984731,-0.0002625,1069.77
0,8704956,12,phononTS,0.000477751,-3.05921e-05,0.00211849,-0.0002625,1041.65,0.000382,1,1.90202e-06,0.00200075,0.0002625,1242.03
0,8705823,9,phononTF,0.000576891,0.00200336,2.21856e-06,0.0002625,346.152,0.000576891,1,0.00143973,0.00115212,-0.0002625,840.582
0,8716109,4,phononTS,0.00179501,-4.17396e-05,0.000102229,-0.0002625,90.7206,0.000382,1,-1.4195e-06,9.63216e-09,0.0002625,484.883
0,8716109,12,phononTF,0.000867359,-1.4195e-06,9.63216e-09,0.000262498,484.883,0.000862267,1,-0.000203341,-0.000174436,-0.0002625,586.532
0,8716109,11,phononTF,0.000400743,-1.4195e-06,9.63216e-09,0.000262498,484.883,0.000400743,1,0.000533031,-0.00053641,-0.0002625,642.626
0,8716109,3,phononTF,0.00202145,-0.0001627,0.000408887,0.000262498,90.7206,0.00175581,1,5.30775e-05,0.000319209,-0.0002625,192.217
0,8716109,2,phononL,0.00137332,-0.0001627,0.000408887,0.000262498,90.7206,0.00137332,1,0.000428164,0.000233389,-0.0002625,178.149
0,8718134,5,phononTF,0.000531704,0.00108301,0.00108104,-0.0002625,1339,0.000382,1,0.00100257,0.00100291,0.0002625,1522.83
0,8718134,2,phononTS,0.00152255,0.000735824,0.00143931,0.000262498,1175.49,0.000540259,1,0.00156867,0.00133559,-0.0002625,1369.57
0,8718769,10,phononTS,0.000824212,-4.72726e-05,0.00073589,-0.000262498,139.503,0.000382,1,-1.36528e-06,0.00200208,0.0002625,425.129
0,8738806,2,phononTS,0.00613693,0.000967802,-0.000968061,-0.00023568,25.7466,0.001528,1,0.000999465,-0.000997871,0.0002625,1164.65
0,8738806,12,phononTF,0.000670507,0.000999465,-0.000997871,0.000262498,1164.65,0.000670507,1,0.00124322,-0.00123299,-0.0002625,1271.57
0,8741307,3,phononTS,0.000818077,-0.000224325,0.000438429,-0.000262498,214.53,0.000764,1,3.9295e-07,3.53165e-06,0.0002625,366.838
0,8754756,9,phononL,0.000657616,-0.000573695,0.000298502,-0.000262498,317.463,0.000382,1,-1.32389e-06,3.0968e-06,0.0002625,408.09
0,8760599,14,phononTS,0.000586515,1.51417e-06,-3.22747e-07,0.000262498,650.149,0.000586515,1,0.0010297,-0.000275495,-0.0002625,888.493
0,8763073,16,phononTS,0.000411097,0.00100268,0.000997595,0.000262498,358.128,0.000411097,1,0.000555681,0.000949476,-0.0002625,496.434
0,8777002,12,phononTS,0.000951971,-0.005,0.00115401,-0.000220035,555.451,0.000411806,1,-0.00493148,0.00108075,-0.0002625,2216.45
0,8780286,7,phononTS,0.00235038,-0.000441,0.000816451,-0.0002625,1.69232,0.001146,1,-0.00100113,0.00100488,0.0002625,333.319
0,8780286,9,phononTS,0.000624624,-0.00100113,0.00100488,0.000262498,333.319,0.000624624,1,-0.00220963,0.000994709,-0.0002625,607.212
0,8782714,2,phononTS,0.00413273,0.00198058,2.10348e-05,-2.13705e-05,26.6571,0.000764,1,0.00199843,1.94811e-06,0.0002625,738.678
0,8801013,5,phononTS,0.00118324,0.000846751,0.000871084,-0.0002625,339.348,0.000382,1,0.000999155,0.000995456,0.0002625,565.666
0,8817666,10,phononTS,0.00222018,-0.00203602,-0.00165601,-0.0002625,1331.26,0.000764,1,-0.00199779,-0.00200001,0.0002625,1581.17
0,8817666,13,phononTS,0.000799858,-0.00199779,-0.00200001,0.000262498,1581.17,0.000762974,1,-0.00195589,-0.00204028,-0.0002625,1670.42
0,8822701,19,phononL,0.000463914,-0.00148687,-0.00074533,-0.000262498,442.927,0.000382,1,-0.00100164,-0.00100499,0.0002625,525.793
0,8822701,2,phononTF,0.000871687,2.32724e-05,0.000687916,0.000262498,23.705,0.000495944,1,0.00057686,0.000269125,-0.0002625,177.59
0,8828856,2,phononL,0.00067739,0.000604502,0.000819009,-0.0002625,109.794,0.000382,1,0.000996392,0.00100336,0.0002625,258.949
0,8830644,16,phononTS,0.00116623,0.00199549,0.00199605,0.000262498,996.338,0.00071529,1,0.00119018,0.00219294,-0.0002625,1192.89
0,8831469,12,phononTS,0.000890119,1.82521e-05,-2.07176e-05,-0.000262498,807.182,0.000382,1,-2.21269e-06,-1.34246e-06,0.0002625,896.903
0,8844000,10,phononTS,0.00133799,-0.000999875,-0.00100029,0.000262498,479.592,0.000972954,1,-0.00154725,-0.00215016,-0.0002625,751.385
0,8847054,7,phononTS,0.00115585,0.000208144,0.000292501,-0.000262498,551.188,0.000382,1,2.02003e-06,-4.69447e-06,0.0002625,685.859
0,8849455,5,phononTF,0.000543674,0.000603635,0.000684927,-0.0002625,169.184,0.000382,1,0.000999526,0.00100169,0.0002625,425.103
0,8849455,4,phononTS,0.00126249,0.000207745,0.000368162,0.000262498,169.184,0.00111673,1,0.00173369,0.00117091,-0.0002625,524.108
0,8858179,14,phononTS,0.000398503,-0.00100161,0.00300471,0.0002625,758.394,0.000398503,1,1.86972e-05,0.00324608,-0.0002625,1229.68
0,8858179,5,phononTS,0.000551335,0.000152517,0.000731699,0.000262498,18.4301,0.000551335,1,-0.000270643,-0.000654057,-0.0002625,324.475
0,8865928,9,phononTS,0.000452129,-0.000954706,0.000583137,-0.0002625,537.704,0.000382,1,-0.000998473,0.000998191,0.0002625,805.93
0,8865928,4,phononTS,0.00112214,0.000228902,0.000789368,0.000262498,39.2562,0.00051583,1,0.00019976,0.000778847,-0.0002625,128.869
0,8870995,2,phononTS,0.000830044,8.50185e-05,0.000990827,-0.000262498,347.491,0.000382,1,0.00099843,0.00100471,0.0002625,557.292
0,8870996,1,phononTF,0.01,3.4071e-05,0.000790292,-0.000101986,0,0.00645895,1,7.26822e-05,0.000788164,-0.0002625,457.349
0,8871985,3,phononTS,0.00469663,-3.81359e-05,0.000275902,-0.0002625,122.536,0.001146,1,1.70343e-06,2.5169e-06,0.0002625,349.803
0,8875550,10,phononTF,0.00047739,-0.00199548,0.00199864,0.0002625,488.14,0.00047739,1,-0.00254969,0.00148232,-0.0002625,806.534
0,8890608,10,phononTF,0.000401802,-3.06129e-06,-1.37418e-06,0.000262498,1022.62,0.000401802,1,-0.000184743,0.000271563,-0.0002625,1131.56
0,8899914,1,phononL,0.01,-7.4958e-06,-2.11853e-05,0.000249995,0,0.000382,1,1.74051e-07,3.15078e-08,0.0002625,971.953
0,8902436,19,phononTS,0.000403715,-0.00094292,0.000985905,-0.0002625,712.092,0.000382,1,-0.000996646,0.000997692,0.0002625,892.247
0,8902436,18,phononTF,0.00087514,-0.000889194,0.000974118,0.000262498,712.092,0.000506616,1,-0.000597901,0.00044726,-0.0002625,857.867
0,8903439,12,phononTF,0.00347837,-1.57346e-06,0.00199656,0.0002625,422.686,0.0014262,1,0.000219393,0.00177581,-0.0002625,1027.18
0,8920369,4,phononTF,0.00379816,6.94817e-05,7.35513e-05,-3.16106e-05,52.7303,0.000382,1,-6.73526e-07,7.43042e-07,0.0002625,178.005
0,8920369,9,phononTS,0.0014374,-6.73526e-07,7.43042e-07,0.000262498,178.005,0.00111175,1,-0.000207357,3.22662e-05,-0.0002625,287.083
0,8920645,13,phononTS,0.000386639,0.00100214,0.000999879,0.0002625,604.227,0.000386639,1,0.000837939,0.00153535,-0.0002625,925.801
0,8930127,14,phononTS,0.000636929,0.00199522,0.00200233,0.000262498,1251,0.000289151,1,0.00381326,0.00374277,-0.0002625,1745.84
0,8931479,14,phononTS,0.000447718,2.43093e-06,-0.00199754,0.000262498,1879.58,0.000447718,1,0.000150281,-0.00248537,-0.0002625,2032.88
0,8932231,9,phononTF,0.000717235,0.00100219,-0.000996993,0.000262498,575.616,0.000717235,1,0.0012139,-0.00126153,-0.0002625,684.364
0,8935286,5,phononTS,0.000564297,0.00031415,-1.81023e-05,-0.000262498,827.561,0.000382,1,-1.74532e-06,4.58756e-06,0.0002625,949.152
0,8935956,18,phononTF,0.000453129,-0.00100239,-0.00100312,0.000262498,1892.46,0.000453129,1,-0.000972978,-0.000985312,-0.0002625,1982.58
0,8935956,5,phononTF,0.000610678,0.000143286,0.000758708,0.000262498,29.9841,0.000610678,1,0.000339177,0.000946298,-0.0002625,131.112
0,8935956,4,phononTS,0.000413952,0.000143286,0.000758708,0.000262498,29.9841,0.000413952,1,0.000570272,0.000802101,-0.0002625,165.698
0,8940327,4,phononTS,0.00177832,0.000146238,1.80439e-05,-0.0002625,10.2229,0.000382,1,-2.92215e-06,3.78921e-06,0.0002625,271.438
0,8954479,14,phononTS,0.000427894,0.00100206,-0.00300276,0.0002625,859.085,0.000427894,1,0.00154871,-0.00302362,-0.0002625,1315.99
0,8958880,10,phononTS,0.00177657,-0.000998576,0.0010037,0.000262498,555.656,0.000956266,1,-0.00142618,0.000957648,-0.0002625,691.384
0,8959138,4,phononL,0.000781869,0.000138476,0.00147605,-0.0002625,1092.52,0.000382,1,-2.03957e-06,0.002,0.0002625,1255.74
0,8959138,3,phononTF,0.00259526,0.00027899,0.000952107,0.000262498,1092.52,0.00192219,1,0.000781017,0.000454349,-0.0002625,1243.27
0,8970054,15,phononTS,0.000709106,-0.000986315,0.000969452,-0.000262498,1407.42,0.000382,1,-0.00100075,0.000995581,0.0002625,1497.62
0,8970054,13,phononL,0.000566395,-0.00334069,0.002748,0.000262498,836.963,0.000566395,1,-0.00266951,0.0025078,-0.0002625,932.995
0,8970054,2,phononTF,0.001618,0.000140618,0.000620493,0.000262498,11.1474,0.0013052,1,-0.000432251,3.62274e-05,-0.0002625,177.614
0,8971952,7,phononTF,0.000479833,0.000645416,0.00124277,-0.0002625,818.449,0.000382,1,0.001,0.000997958,0.0002625,1059.11
0,8980865,12,phononL,0.00246256,-0.000838746,-0.000509427,-0.0002625,352.865,0.000382,1,-0.000996533,-0.0010013,0.0002625,582.433
0,8984755,10,phononTS,0.00177283,-1.5859e-06,0.00200088,0.0002625,434.985,0.000871965,1,-4.77986e-05,0.00196473,-0.0002625,702.647
0,8986560,9,phononTS,0.000586392,0.000951241,-0.00103,-0.000262498,818.79,0.000382,1,0.000999207,-0.000997256,0.0002625,908.077
0,8989117,2,phononTF,0.00616157,-0.000731402,-0.000723376,-0.0002625,75.5247,0.000764,1,-0.000997215,-0.000999513,0.0002625,1069.36
0,9003114,12,phononTS,0.001104,0.00099238,0.000880755,-0.0002625,925.432,0.000764,1,0.00100262,0.00100196,0.0002625,1130.36
0,9012639,17,phononTS,0.000569668,-0.00204861,0.00204698,-0.000262498,1542.98,0.000382,1,-0.00199529,0.00200148,0.0002625,1636.61
0,9020701,14,phononTS,0.000703693,-0.00200293,0.00199582,0.000262498,1058.7,0.000703693,1,-0.00168936,0.00193319,-0.0002625,1184.52
0,9020701,9,phononL,0.0045639,-4.37728e-05,0.00061787,-8.18246e-05,843.512,0.00414251,1,8.49979e-05,0.000583335,-0.0002625,1155.5
0,9022770,15,phononTS,0.00070847,-5.35986e-06,-2.45117e-05,-0.000262498,261.892,0.000382,1,2.99828e-06,1.00421e-06,0.0002625,351.647
0,9022770,2,phononTF,0.00247933,0.005,-0.000234568,-1.3599e-05,18.4534,0.00134006,1,0.00476887,-1.14806e-05,-0.0002625,937.931
0,9023440,6,phononTS,0.00054214,-0.000212852,-0.00093002,-0.000262498,734.283,0.000382,1,-0.000999739,-0.0010028,0.0002625,926.506
0,9029696,19,phononTS,0.000645016,-4.73272e-06,3.04277e-06,0.0002625,679.2,0.000645016,1,0.000152522,-3.29326e-05,-0.0002625,893.747
0,9044441,17,phononL,0.000516115,-0.000559792,0.000538225,-0.000262498,504.384,0.000382,1,-0.00099675,0.00100399,0.0002625,595.295
0,9044441,5,phononTS,0.00106506,0.000117768,0.000630902,0.000262498,0.696036,0.000517126,1,0.000159617,0.000657413,-0.0002625,94.3607
0,9045897,10,phononL,0.000532457,-0.00191996,-0.00293243,-0.000262498,944.034,0.000382,1,-0.00199687,-0.00200356,0.0002625,1058.85
0,9045897,6,phononTS,0.000523899,6.94065e-05,0.000743823,0.000262498,59.9127,0.000523899,1,0.000151226,0.00077926,-0.0002625,156.62
0,9045897,5,phononTF,0.000700139,6.94065e-05,0.000743823,0.000262498,59.9127,0.000700139,1,-0.000237034,0.000497612,-0.0002625,174.362
0,9052018,6,phononTS,0.00117704,0.000403182,0.000942383,-0.000262498,130.349,0.000382,1,4.26949e-06,0.00199979,0.0002625,379.896
0,9052018,2,phononTS,0.00194124,0.00013442,0.000635627,0.000262498,15.1069,0.000346543,1,0.00017215,0.00133711,-0.0002625,192.895
0,9053641,11,phononTS,0.000469519,0.000159728,0.000291572,-0.0002625,219.923,0.000382,1,1.74114e-06,-4.03688e-06,0.0002625,741.639
0,9061804,9,phononTS,0.0013152,0.00200441,0.00199716,0.000262498,816.745,0.000124982,1,0.00204547,0.00291684,-0.0002625,1028.49
0,9068786,6,phononTF,0.00161115,3.65764e-06,0.00200066,0.000262498,721.057,0.00098569,1,0.000474449,0.00152567,-0.0002625,866.808
0,9073480,1,phononTS,0.01,-2.91958e-07,2.88018e-06,0.000234594,0,0.002674,1,2.13027e-06,2.16482e-06,0.0002625,586.08
0,9077658,6,phononTF,0.000432273,0.00100219,0.000999447,0.0002625,314.531,0.000432273,1,0.00129528,0.000719318,-0.0002625,541.488
0,9077658,4,phononTF,0.00339885,-5.96607e-06,0.000615121,0.000262498,83.6943,0.00303698,1,-8.27253e-05,0.00068849,-0.0002625,175.388
0,9077658,3,phononTF,0.000722938,-5.96607e-06,0.000615121,0.000262498,83.6943,0.000722938,1,0.000210834,0.000815957,-0.0002625,187.407
0,9077658,2,phononTF,0.00120406,-5.96607e-06,0.000615121,0.000262498,83.6943,0.000667762,1,0.00109984,0.00170174,-0.0002625,363.843
0,9089321,16,phononL,0.00042314,0.00200023,-0.00199724,0.000262498,957.724,0.00042314,1,0.00150669,-0.00108862,-0.0002625,1087.28
0,9089321,3,phononTS,0.00169906,0.000153907,0.000605748,0.000262498,15.3155,0.00113205,1,0.000242994,0.00140703,-0.0002625,209.398
0,9095701,5,phononTS,0.00114338,0.00314996,0.000932056,-0.0002625,1765.77,0.000382,1,0.00299751,0.00100127,0.0002625,3880.93
0,9095701,6,phononTF,0.000658954,0.00299751,0.00100127,0.000262499,3880.93,0.000636591,1,0.00352732,0.00147982,-0.0002625,4034.53
0,9101051,5,phononTF,0.00110355,-0.00027197,0.000291573,-0.000262498,204.464,0.000382,1,3.14386e-06,4.99788e-06,0.0002625,317.121
0,9101051,6,phononTF,0.000475775,3.14386e-06,4.99788e-06,0.000262499,317.121,0.000475775,1,0.00376365,0.000694558,-0.0002625,1003.66
0,9102219,2,phononTS,0.00925768,7.48999e-05,-2.90929e-06,0.000209683,652.491,0.002292,1,-3.7989e-06,-1.48731e-06,0.0002625,684.744
0,9102219,7,phononTF,0.000531085,-3.7989e-06,-1.48731e-06,0.000262498,684.744,0.000531085,1,-0.000231449,-0.000193892,-0.0002625,789.22
0,9104752,17,phononTF,0.000487518,-0.00200298,0.00199806,0.0002625,323.573,0.000487518,1,-0.00342294,0.00409396,-0.0002625,1227.39
0,9104837,14,phononTS,0.000537183,-0.000113657,0.00201319,-0.0002625,892.323,0.000382,1,-2.08982e-06,0.00200127,0.0002625,1096.91
0,9109179,11,phononTF,0.000455507,2.86929e-06,-0.00199721,0.0002625,669.768,0.000455507,1,6.63351e-05,-0.0019424,-0.0002625,851.995
0,9112158,16,phononTS,0.000513497,-0.00196837,-4.16207e-05,-0.000262498,2217.03,0.000382,1,-0.00199946,9.58891e-07,0.0002625,2306.59
0,9112158,4,phononTF,0.000607032,0.00018052,0.00062831,0.000262498,16.403,0.000342265,1,0.000230865,0.00026597,-0.0002625,135.213
0,9112158,3,phononL,0.00111856,0.00018052,0.00062831,0.000262498,16.403,0.000958303,1,0.000424006,0.00102073,-0.0002625,92.9613
0,9112158,2,phononTS,0.00105914,0.00018052,0.00062831,0.000262498,16.403,0.00105914,1,0.00102559,0.000731301,-0.0002625,218.946
0,9113064,7,phononL,0.000410582,-4.78447e-06,0.000320289,-0.0002625,174.791,0.000382,1,-1.28072e-06,-4.37239e-06,0.0002625,312.405
0,9113064,6,phononTF,0.000579686,-8.28821e-06,0.000644949,0.000262498,174.791,8.63531e-05,1,0.000341588,0.000293529,-0.0002625,298.424
0,9123837,10,phononTS,0.000519805,-2.18534e-06,-5.16439e-05,-0.000262498,266.191,0.000382,1,2.20528e-06,-7.92479e-07,0.0002625,356.689
0,9123838,1,phononTF,0.01,-0.000240304,0.00082838,-0.000251064,0,0.00441526,1,-0.000240865,0.000829454,-0.0002625,660.189
0,9126215,16,phononTF,0.000475617,-0.00127569,0.000647356,-0.0002625,1293.2,0.000382,1,-0.00200284,-1.61179e-06,0.0002625,1677.02
0,9126215,2,phononTF,0.000688581,-3.1432e-05,0.000695372,0.000262498,343.588,0.000688581,1,-0.000803245,0.00148604,-0.0002625,552.921
0,9135692,17,phononL,0.000704908,0.000375463,0.00165843,-0.0002625,695.441,0.000382,1,-2.53939e-06,0.00199515,0.0002625,1180.95
0,9149194,13,phononTF,0.000518371,-1.18085e-07,-1.53029e-06,0.000262498,491.084,0.000518371,1,0.000808355,0.000804012,-0.0002625,706.147
0,9154486,8,phononTS,0.00069619,-0.00370204,0.00103274,-0.000219419,153.651,0.000382,1,-0.0020008,1.82467e-06,0.0002625,1255.04
0,9155091,13,phononTS,0.000585574,4.46854e-06,-3.07066e-06,0.0002625,276.025,0.000311719,1,-9.2918e-05,-1.79612e-05,-0.0002625,566.762
0,9155091,12,phononTS,0.000594689,8.92869e-05,9.67505e-06,0.000262498,276.025,0.000594689,1,-0.000465998,-4.51183e-05,-0.0002625,429.295
0,9155091,2,phononTF,0.00156747,6.59944e-05,0.000726926,0.000262498,18.5919,0.000850621,1,0.000467568,0.000325055,-0.0002625,151.312
0,9157023,17,phononTS,0.000926946,3.03542e-05,4.09419e-05,-0.0002625,678.911,0.000382,1,-4.80244e-07,-1.68424e-07,0.0002625,1050.87
0,9157639,15,phononTF,0.000633626,0.000672256,0.00127912,-0.000262498,502.924,0.000382,1,0.00100044,0.000998941,0.0002625,621.074
0,9165334,7,phononTS,0.000699527,0.00107384,0.000298178,-0.0002625,7.62915,0.000382,1,0.00200429,9.33921e-07,0.0002625,452.495
0,9165334,6,phononTS,0.000656024,0.000143392,0.00059542,0.000262498,7.62915,0.000656024,1,0.000190049,0.000426005,-0.0002625,112.349
0,9168119,4,phononTS,0.00116237,2.87283e-05,0.000137943,-0.0002625,29.2397,0.000764,1,1.76213e-06,-1.65189e-06,0.0002625,449.552
0,9173577,15,phononL,0.000620706,-3.34771e-06,0.00199692,0.0002625,277.779,0.000404678,1,5.07869e-05,0.00232148,-0.0002625,635.302
0,9173577,14,phononTS,0.0008527,0.00066687,0.000926171,0.000262498,277.779,0.0008527,1,0.000714439,0.000916644,-0.0002625,369.212
0,9179763,12,phononL,0.000429741,-2.6193e-06,4.33549e-06,0.000262498,2557.5,0.000429741,1,-2.34512e-05,0.00070621,-0.0002625,2651.28
0,9180213,2,phononTS,0.00358079,-0.000995407,0.00120869,6.77452e-05,357.334,0.000382,1,-0.000996561,0.000997343,0.0002625,759.53
0,9180213,16,phononL,0.00176465,-0.000996561,0.000997343,0.000262499,759.53,0.00131784,1,-0.00079254,0.000254163,-0.0002625,860.333
0,9181968,9,phononTS,0.000715424,0.000330186,-0.00142554,-0.0002625,571.809,0.000382,1,0.000997418,-0.00300484,0.0002625,1293.02
0,9186523,12,phononTF,0.00070063,0.000316734,0.000322591,-0.0002625,399.679,0.000382,1,-2.12047e-06,4.2357e-06,0.0002625,636.56
0,9188347,4,phononTS,0.000679957,0.00106421,0.000350535,-0.0002625,18.0052,0.000382,1,0.00199619,2.0151e-06,0.0002625,466.508
0,9189732,8,phononTS,0.000911712,5.93277e-05,-2.36351e-06,-0.0002625,27.3363,0.000382,1,3.7934e-06,-2.83202e-06,0.0002625,448.034
0,9189732,7,phononTS,0.00046914,5.24882e-05,0.000610593,0.000262498,27.3363,0.00046914,1,8.95558e-05,0.0005291,-0.0002625,124.24
0,9189732,6,phononTS,0.000477646,0.00287899,-0.005,-0.000134086,27.3363,0.000477646,1,0.00166619,-0.00380577,-0.0002625,1917.49
0,9190424,2,phononL,0.00564088,-0.00194359,0.00186443,0.000199788,266.248,0.001146,1,-0.00200118,0.00199776,0.0002625,904.597
0,9190653,12,phononTS,0.000776053,0.000235893,0.000227476,-0.000262498,457.897,0.000382,1,0.00199937,0.00200361,0.0002625,950.314
0,9190930,3,phononTS,0.00199617,-0.00199838,-0.00199948,0.0002625,165.786,0.0017999,1,-0.00370399,-0.00452168,-0.0002625,1430.09
0,9195652,1,phononTS,0.01,-2.02613e-06,-9.04647e-06,0.000192043,0,0.002292,1,3.47164e-06,-2.54541e-06,0.0002625,243.792
0,9195652,6,phononTF,0.000496451,3.47164e-06,-2.54541e-06,0.000262498,243.792,0.000496451,1,0.00281779,0.000815336,-0.0002625,776.222
0,9195652,5,phononTS,0.0010323,3.47164e-06,-2.54541e-06,0.000262498,243.792,0.0010323,1,0.000536254,0.00190164,-0.0002625,666.936
0,9203152,15,phononTS,0.000624218,-0.000901658,0.000978965,-0.000262498,879.835,0.000382,1,-0.000995273,0.00100088,0.0002625,978.344
0,9208311,11,phononTS,0.000558977,0.000964148,0.00102323,-0.0002625,294.748,0.000382,1,0.00100092,0.00100289,0.0002625,663.213
0,9208311,10,phononTS,0.00158453,0.000853838,0.00108427,0.000262498,294.748,0.000494714,1,0.000827903,0.00107816,-0.0002625,386.132
0,9216564,11,phononTS,0.000389051,1.70905e-05,-0.00158967,-0.000262498,757.381,0.000382,1,2.08181e-06,-0.00200068,0.0002625,891.818
0,9219050,7,phononL,0.000774109,-2.00626e-06,0.00199548,0.0002625,14.4654,0.000774109,1,-0.000437033,0.00233234,-0.0002625,282.332
0,9221894,12,phononTS,0.000569598,0.00199846,-0.00199925,0.0002625,642.817,0.000569598,1,0.00203155,-0.00203567,-0.0002625,822.224
0,9225865,14,phononTS,0.00183044,0.000240883,0.00208584,0.000207365,611.646,0.000764,1,7.11667e-07,0.00200277,0.0002625,701.049
0,9228621,3,phononL,0.00627603,0.000632222,0.000693428,-0.0002625,549.141,0.000764,1,0.00100069,0.000996129,0.0002625,1230.83
0,9230832,3,phononTF,0.000426517,0.000995308,-0.00100249,0.0002625,5.09224,0.000426517,1,0.00143556,-0.0018174,-0.0002625,587.675
0,9230832,2,phononTS,0.000883918,0.000114807,0.00062733,0.000262498,5.09224,0.000431728,1,0.000684096,0.000684308,-0.0002625,160.334
0,9231713,8,phononTF,0.000673479,0.000470381,0.000466297,-0.000262498,141.934,0.000382,1,3.63625e-06,-1.58988e-06,0.0002625,286.77
0,9233659,5,phononTF,0.000806035,0.000384123,0.000366639,-0.0002625,6.53401,0.000382,1,3.89723e-06,-4.48611e-06,0.0002625,247.482
0,9238738,2,phononTS,0.00469569,4.05761e-06,0.00199892,0.0002625,9.49949,0.00276928,1,-3.79072e-05,0.00205167,-0.0002625,528.212
0,9242457,11,phononTS,0.000471704,0.000999446,0.00100074,0.0002625,158.449,0.000471704,1,0.00153077,0.00123553,-0.0002625,489.29
0,9242457,3,phononTS,0.000548799,0.000226699,0.000525437,0.000262498,51.2954,0.000548799,1,-0.000293028,0.000472911,-0.0002625,199.568
0,9242457,2,phononTS,0.00427499,0.000226699,0.000525437,0.000262498,51.2954,0.00226217,1,0.000202324,0.000527165,-0.0002625,141.103
0,9245886,10,phononTS,0.000481156,0.00228228,-0.0010347,-0.000262498,1397.42,0.000382,1,0.00200318,-4.27201e-06,0.0002625,1638.28
0,9245886,3,phononTS,0.00553884,0.000478054,0.000684262,0.000262498,226.264,0.00152715,1,0.000450277,0.000653215,-0.0002625,319.788
0,9245956,13,phononTS,0.000509707,8.23308e-05,0.00135919,-0.0002625,386.911,0.000382,1,-3.61007e-06,0.00200478,0.0002625,730.319
0,9247128,14,phononTF,0.000436932,-0.00132858,-0.00137274,-0.0002625,497.119,0.000382,1,-0.000998743,-0.00100192,0.0002625,911.551
0,9250225,15,phononTS,0.00125562,-0.00198754,-0.00192105,-0.000262498,2070.13,0.000382,1,-0.0019978,-0.00200215,0.0002625,2168.14
0,9250225,2,phononTF,0.00148336,0.000833811,0.000709835,0.000262498,374.973,0.00114271,1,0.00156366,6.40286e-05,-0.0002625,567.04
0,9251693,16,phononTS,0.000436314,3.85572e-06,3.13706e-06,0.000262498,301.076,0.000436314,1,-0.000565793,-0.00128327,-0.0002625,601.615
0,9251693,14,phononTF,0.000418431,0.005,0.000134209,-0.000218614,210.171,0.000418431,1,0.00494413,0.000188644,-0.0002625,1084.94
0,9262325,9,phononTF,0.000656771,-0.0010048,0.00099631,0.000262498,640.447,0.000656771,1,-0.00250706,0.00247982,-0.0002625,1012.86
0,9270810,6,phononTF,0.00173682,2.50641e-06,-3.95446e-06,0.000262498,426.072,0.00173682,1,7.35898e-05,-7.52162e-05,-0.0002625,517.587
0,9272223,9,phononTS,0.000760263,-3.36422e-05,0.000123532,-0.0002625,247.54,0.000382,1,-3.20111e-06,1.18694e-06,0.0002625,657.466
0,9272223,2,phononTF,0.00298668,-1.76986e-05,0.000657061,0.000262498,67.5474,0.00127968,1,-0.000254413,0.000428547,-0.0002625,173.613
0,9274055,7,phononL,0.000564699,7.65786e-05,0.000454253,-0.0002625,578.004,0.000382,1,-5.26468e-08,-3.95057e-06,0.0002625,730.321
0,9274753,11,phononL,0.00040701,0.000515535,0.00126595,-0.000262498,507.03,0.000382,1,-2.66334e-06,0.00200048,0.0002625,623.323
0,9274753,3,phononTF,0.000441813,0.00015211,0.000602312,0.000262498,12.9302,0.000441813,1,-3.15705e-05,0.00092562,-0.0002625,127.91
0,9274753,2,phononTS,0.00499444,0.000554283,0.00101543,-7.75269e-05,12.9302,0.00231184,1,0.000543424,0.00102912,-0.0002625,160.605
0,9275932,4,phononL,0.000953217,3.37872e-06,3.98042e-07,0.0002625,817.997,0.000649139,1,4.84343e-05,6.58595e-05,-0.0002625,1005.94
0,9276218,5,phononTS,0.000533184,-4.97098e-05,3.79358e-05,-0.000262498,1546.46,0.000382,1,-3.25503e-06,3.63728e-06,0.0002625,1635.72
0,9277224,5,phononTS,0.00125808,0.000961698,0.00095317,-0.0002625,239.759,0.000382,1,0.000998388,0.000995659,0.0002625,426.078
0,9285581,20,phononTS,0.000550709,-0.000996361,0.000997815,0.000262498,4532.61,0.000550709,1,-0.000962066,0.000959337,-0.0002625,4621.99
0,9287834,11,phononTS,0.00105462,-0.00203374,-0.00205322,-0.0002625,1059.42,0.000382,1,-0.00200486,-0.00199942,0.0002625,1238.08
0,9289546,3,phononTF,0.00416468,-0.000129893,0.000148061,-0.000240144,469.293,0.001528,1,-2.73905e-06,2.69901e-06,0.0002625,561.929
0,9298427,7,phononTS,0.000724384,2.1346e-06,-1.88002e-06,0.0002625,521.176,0.000724384,1,-1.1913e-05,2.85028e-06,-0.0002625,793.41
0,9302007,13,phononTS,0.000404122,-0.00100387,0.00100066,0.000262498,992.515,0.000404122,1,-0.000686419,0.00152595,-0.0002625,1164.17
0,9302007,2,phononTF,0.000789282,-4.78328e-05,0.000584281,0.000262498,102.322,0.000695884,1,3.649e-05,0.0005039,-0.0002625,194.379
0,9309283,8,phononTS,0.000425764,-0.00191214,0.000120171,-0.0002625,739.231,0.000382,1,-0.00199676,-4.37379e-06,0.0002625,954.387
0,9310670,11,phononTF,0.0023864,-0.000998022,0.00100474,0.000262498,1024.63,0.00199951,1,-0.00270965,0.00353065,-0.0002625,1564.02
0,9310671,3,phononTF,0.00367301,9.47313e-05,0.000632094,0.00024661,8.74435,0.00253389,1,0.000775883,0.00167694,-0.0002625,248.458
0,9314241,16,phononTF,0.000628961,-2.22854e-06,0.00200072,0.000262498,889.69,0.000628961,1,0.000241938,0.00173077,-0.0002625,1000.02
0,9321989,26,phononTF,0.000572857,0.00100038,-0.000998479,0.000262498,1565.35,0.000572857,1,0.000988898,-0.00102224,-0.0002625,1655.38
0,9324034,5,phononTS,0.000689464,0.000996228,0.0010025,0.0002625,24.6114,0.000689464,1,0.0010078,0.000991607,-0.0002625,437.148
0,9324034,4,phononTF,0.00109039,0.000140092,0.000700698,0.000262498,24.6114,0.00109039,1,4.55067e-06,0.000567877,-0.0002625,120.178
0,9335374,3,phononTS,0.000516646,0.00104515,0.000928369,-0.000262498,1285.73,0.000382,1,0.00099835,0.000996169,0.0002625,1381.22
0,9335808,10,phononTF,0.00041135,-0.00260255,-0.000618944,-0.0002625,1808.88,0.000382,1,-0.00299654,-0.000997419,0.0002625,2068.1
0,9336453,8,phononTS,0.000891415,-0.000493287,0.00075136,-0.0002625,83.5331,0.000382,1,-0.00100245,0.000997495,0.0002625,410.411
0,9336453,7,phononTF,0.000781738,1.58772e-05,0.000505225,0.000262498,83.5331,0.000781738,1,-0.000726054,-0.000255227,-0.0002625,286.321
0,9341058,8,phononTS,0.000609638,-0.000555588,0.000829283,-0.0002625,58.3711,0.000382,1,-0.00100256,0.000999754,0.0002625,357.518
0,9341058,7,phononTS,0.000515623,-0.000108621,0.000658813,0.000262498,58.3711,0.000515623,1,0.000241665,-3.55084e-05,-0.0002625,255.107
0,9341058,6,phononTS,0.00286694,-0.000108621,0.000658813,0.000262498,58.3711,0.00187737,1,-0.000434557,0.000337978,-0.0002625,207.191
0,9344607,11,phononTF,0.00236164,-8.14362e-05,9.98988e-05,-0.0002625,219.692,0.000382,1,2.86823e-06,1.70824e-06,0.0002625,405.292
0,9344607,13,phononTS,0.000637086,2.86823e-06,1.70824e-06,0.000262498,405.292,0.000637086,1,-1.55787e-05,-2.72736e-05,-0.0002625,494.891
0,9344607,12,phononTS,0.000919642,2.86823e-06,1.70824e-06,0.000262498,405.292,0.000919642,1,3.16054e-05,2.65667e-05,-0.0002625,494.909
0,9363515,17,phononL,0.00115241,0.000497402,0.00100494,-0.0002625,796.961,0.000382,1,0.000996492,0.000996755,0.0002625,1015.33
0,9367336,12,phononTF,0.000422224,-0.00100462,0.00299522,0.000262498,1069.81,0.000422224,1,-0.000724978,0.00346896,-0.0002625,1207.47
0,9367336,10,phononTS,0.000798677,-0.00110158,0.00273834,0.000262498,868.466,0.000645024,1,-0.00102792,0.00353083,-0.0002625,1056.62
0,9367336,9,phononTS,0.000582433,-0.00110158,0.00273834,0.000262498,868.466,0.000582433,1,-0.00396033,-0.00182603,-0.0002625,1869.47
0,9367395,6,phononTS,0.000691539,-2.61444e-06,3.57932e-06,0.000262498,387.232,0.000691539,1,0.000586902,7.03613e-05,-0.0002625,541.595
0,9367395,2,phononTF,0.00651793,9.95974e-05,0.000678433,0.000262498,248.143,0.00389123,1,0.000240861,0.000825472,-0.0002625,344.544
0,9369574,2,phononTS,0.00643352,1.14119e-05,0.000107554,8.07225e-05,14.9066,0.000764,1,-1.25631e-06,1.49213e-06,0.0002625,198.061
0,9369574,10,phononTS,0.000442305,-1.25631e-06,1.49213e-06,0.000262498,198.061,0.000442305,1,0.000324499,8.11933e-06,-0.0002625,322.452
0,9369574,9,phononTF,0.00163005,-1.25631e-06,1.49213e-06,0.000262498,198.061,0.00163005,1,0.000543758,0.000524806,-0.0002625,356.495
0,9370262,4,phononTS,0.00194452,4.84371e-05,0.000491653,-0.0002625,317.479,0.000382,1,-2.52634e-06,-2.42947e-06,0.0002625,606.909
0,9370262,9,phononTS,0.00123871,-2.52634e-06,-2.42947e-06,0.000262498,606.909,0.00123871,1,-0.000256626,0.000335948,-0.0002625,750.48
0,9370262,3,phononTS,0.000419097,9.94003e-05,0.000985734,0.000262498,317.479,0.000419097,1,-0.000564264,0.000967384,-0.0002625,487.569
0,9370262,2,phononTF,0.00253976,9.94003e-05,0.000985734,0.000262498,317.479,0.00237534,1,-4.0824e-05,0.000848623,-0.0002625,413.418
0,9370913,8,phononTS,0.000443048,2.39777e-06,-2.13298e-07,0.000262498,902.701,0.000443048,1,-2.76164e-06,-0.000279223,-0.0002625,1020.95
0,9374294,6,phononTS,0.000421742,-8.3406e-05,0.000842385,-0.000262498,163.807,0.000382,1,4.59964e-06,1.64602e-07,0.0002625,365.646
0,9381404,17,phononTF,0.000390666,-0.000482125,0.00247931,-0.000262498,752.79,0.000382,1,-0.0010011,0.0030008,0.0002625,907.902
0,9385425,8,phononTF,0.00125592,-0.000628707,0.000623388,-0.0002625,223.614,0.000382,1,-0.00100068,0.00100483,0.0002625,479.65
0,9386411,14,phononTF,0.000667589,0.00221526,0.000284156,-0.000262498,922.87,0.000382,1,0.00199893,3.83525e-06,0.0002625,1033.47
0,9386412,3,phononTS,0.00810312,7.62562e-05,0.000821245,-0.000142195,72.5493,0.00491709,1,9.0809e-05,0.000974409,-0.0002625,277.918
0,9387342,4,phononTS,0.00195989,0.000292313,0.000624001,-0.0002625,9.77184,0.000764,1,-0.000995164,0.000996061,0.0002625,401.677
0,9390131,7,phononTF,0.000586742,0.00100449,-0.000998318,0.000262498,964.424,0.000586742,1,0.00131227,-0.000679103,-0.0002625,1082.01
0,9392917,19,phononL,0.000382736,0.00200446,-2.44967e-06,0.000262498,1048.96,0.000382736,1,0.00165724,-0.000411822,-0.0002625,1131.17
0,9400443,7,phononTS,0.00053754,-0.000118731,0.00020391,-0.0002625,272.178,0.000382,1,3.4272e-06,4.79799e-06,0.0002625,741.752
0,9407720,22,phononTS,0.000497402,0.00113205,-2.27778e-05,-0.0002625,453.972,0.000382,1,0.00200225,-3.18282e-06,0.0002625,860.208
0,9409938,6,phononTS,0.000407266,3.73247e-05,0.000424909,-0.000262499,443.584,0.000382,1,-4.38928e-06,4.97601e-06,0.0002625,578.395
0,9414462,4,phononTS,0.000499718,-0.000627811,0.000228912,-0.0002625,794.746,0.000382,1,-0.00199833,-0.00199797,0.0002625,1390.72
0,9429125,11,phononTS,0.00039575,-0.000396994,-4.43021e-05,-0.0002625,989.398,0.000382,1,1.01826e-07,2.12962e-06,0.0002625,1597.25
0,9429125,8,phononTF,0.00153578,-0.000708778,0.00135251,0.000262498,323.459,0.00153578,1,-0.000582317,0.00140261,-0.0002625,417.482
0,9437101,6,phononTS,0.000694543,-1.68998e-07,1.48306e-06,0.000262498,1733.85,0.000694543,1,-0.00441582,0.0029033,-0.0002625,2716.13
0,9437579,7,phononTS,0.00111858,1.75793e-06,7.67275e-07,0.000262498,621.475,0.00053067,1,-9.96662e-05,-3.35545e-05,-0.0002625,719.874
0,9440562,2,phononTF,0.000624671,0.000940295,0.00100313,-0.000262498,793.448,0.000382,1,0.000997265,0.00100373,0.0002625,884.15
0,9444519,2,phononL,0.00168025,-2.08957e-05,0.00134166,-0.0002625,726.11,0.000382,1,0.00100489,0.000996484,0.0002625,938.241
0,9444519,11,phononTF,0.00118099,0.00100489,0.000996484,0.000262498,938.241,0.000255951,1,0.000716953,0.000698364,-0.0002625,1053.29
0,9449895,12,phononTS,0.000735915,0.000626654,-0.000127993,-0.0002625,215.729,0.000382,1,0.000997039,-0.000998576,0.0002625,662.07
0,9458532,10,phononTF,0.000627112,7.75497e-06,0.000418377,-0.000262498,173.663,0.000382,1,0.000997261,0.00100251,0.0002625,401.003
0,9460018,2,phononTS,0.000411148,3.07137e-05,0.000338507,-0.0002625,16.5804,0.000382,1,2.49967e-06,-1.14264e-06,0.0002625,265.59
0,9460797,13,phononTF,0.00105398,0.000419174,0.000421015,-0.000262498,839.92,0.000382,1,-1.51007e-06,1.23169e-06,0.0002625,976.003
0,9460797,17,phononTS,0.000458093,-1.51007e-06,1.23169e-06,0.000262498,976.003,0.000458093,1,0.000670793,-0.00166586,-0.0002625,1343.47
0,9460797,2,phononTS,0.00348692,0.000138424,0.00049191,0.000262498,731.556,0.00310447,1,0.000215409,0.000537008,-0.0002625,827.823
0,9479758,2,phononL,0.00440697,-0.0020926,0.000638371,-0.000259184,211.915,0.001146,1,-0.00200345,1.44687e-06,0.0002625,798.599
0,9479758,13,phononTS,0.000421996,-0.00200345,1.44687e-06,0.000262498,798.599,0.000421996,1,-0.00195326,-1.42171e-05,-0.0002625,890.268
0,9479758,12,phononTS,0.000419272,-0.00200345,1.44687e-06,0.000262498,798.599,0.000419272,1,-0.0015663,0.000661868,-0.0002625,998.695
0,9479758,11,phononTS,0.00134623,-0.00200345,1.44687e-06,0.000262498,798.599,0.000915893,1,-0.00203811,0.000233383,-0.0002625,910.2
0,9482375,16,phononTF,0.000706234,-0.000846457,0.000861786,-0.0002625,355.402,0.000382,1,-0.000997175,0.00100484,0.0002625,547.295
0,9499982,11,phononTF,0.000656909,0.00189411,-0.00210776,-0.0002625,1304.14,0.000382,1,0.00200445,-0.00200442,0.0002625,1491.52
0,9499982,10,phononTF,0.000572596,0.00157885,0.005,0.000122018,1304.14,0.000572596,1,0.0013114,0.00473823,-0.0002625,5620.56
0,9499982,5,phononTF,0.00057097,0.000481282,0.00110036,0.000262498,631.396,0.000155634,1,0.000783437,0.000806156,-0.0002625,746.653
0,9500283,12,phononTF,0.00080278,-0.00238529,0.00238976,-0.0002625,1894.96,0.000382,1,-0.00199742,0.00199598,0.0002625,2155.95
0,9504390,14,phononTS,0.000679406,-3.82613e-06,6.27324e-07,0.000262498,445.239,0.000679406,1,3.02395e-05,2.90111e-05,-0.0002625,534.759
0,9506937,14,phononTS,0.000404376,-1.59125e-06,3.47663e-06,0.0002625,331.433,0.000404376,1,0.000284295,0.000411984,-0.0002625,640.505
0,9508072,14,phononTS,0.000545369,0.000979191,-0.00103462,-0.000262498,5302.12,0.000382,1,0.00100074,-0.00100399,0.0002625,5395.02
0,9511518,16,phononL,0.000501357,0.000813298,5.37937e-05,-0.000262498,790.235,0.000382,1,-5.53415e-07,-4.83853e-06,0.0002625,894.129
0,9511518,12,phononL,0.000987856,0.00085362,2.09439e-05,0.000262498,700.861,0.000877668,1,0.0005082,-6.26909e-05,-0.0002625,771.084
0,9517673,3,phononTF,0.000452167,0.000470944,-0.000494047,-0.0002625,146.562,0.000382,1,0.000995518,-0.00100346,0.0002625,454.648
0,9524946,11,phononTS,0.000859611,0.00119061,0.00114569,-0.0002625,824.838,0.000382,1,0.000996511,0.00100156,0.0002625,1180.91
0,9525023,4,phononTS,0.000734509,2.04015e-05,0.000414053,-0.0002625,177.881,0.000382,1,4.94957e-06,1.49351e-06,0.0002625,449.581
0,9526713,9,phononTS,0.000409678,-0.000190124,0.00156375,-0.0002625,298.726,0.000382,1,1.20648e-06,0.00200429,0.0002625,599.389
0,9527926,18,phononTS,0.00043844,-0.000415659,-4.05307e-05,-0.000262498,359.214,0.000382,1,-7.63599e-07,4.99952e-06,0.0002625,496.793
0,9527926,16,phononTS,0.00119937,-0.00049117,2.09683e-05,0.000262498,257.308,0.000597394,1,-0.00207985,0.00121803,-0.0002625,643.37
0,9534396,6,phononTS,0.0010982,0.000435229,-0.00105211,-0.000262498,1110.96,0.000382,1,0.00100462,-0.000995406,0.0002625,1266.22
0,9534396,7,phononTF,0.00052997,0.00100462,-0.000995406,0.000262498,1266.22,0.00052997,1,0.00131375,-0.00129254,-0.0002625,1382.87
0,9534396,3,phononTF,0.00365741,-0.000539477,-5.77868e-05,0.000262498,856.286,0.00123465,1,-0.00151086,-0.000441621,-0.0002625,1073.62
0,9540267,16,phononTS,0.00114385,0.00125228,0.000116359,-0.0002625,371.722,0.000764,1,0.00200329,-4.24654e-06,0.0002625,741.898
0,9542212,2,phononTS,0.0022748,3.48964e-05,0.00135455,-0.0002625,18.0448,0.000764,1,-1.42204e-06,0.00199536,0.0002625,346.273
0,9549853,6,phononL,0.000465963,9.67925e-05,0.00131529,-0.0002625,61.5673,0.000382,1,1.21365e-06,0.00199562,0.0002625,247.015
0,9550548,7,phononTS,0.000599645,4.18887e-06,0.00199995,0.0002625,279.317,0.000599645,1,9.71994e-05,0.00294178,-0.0002625,721.57
0,9553261,9,phononTF,0.00069432,4.42963e-06,0.00200137,0.000262498,509.813,0.00069432,1,-0.000264039,0.00172262,-0.0002625,621.444
0,9555172,7,phononTS,0.000416175,0.000326979,0.000791498,-0.000262498,456.798,0.000382,1,-2.73393e-06,-4.02521e-06,0.0002625,666.013
0,9555758,21,phononTF,0.000474106,0.00100058,-0.00100179,0.000262498,648.844,0.000474106,1,0.000696135,-0.00129379,-0.0002625,764.068
0,9555758,3,phononTS,0.00129359,0.000459058,0.000733011,0.000262498,228.986,0.00100493,1,0.000651534,0.000817513,-0.0002625,342.894
0,9555758,2,phononTS,0.000993576,0.000459058,0.000733011,0.000262498,228.986,0.000638581,1,0.000455268,0.000697665,-0.0002625,320.521
0,9565930,1,phononTF,0.01,0.000100954,8.68301e-05,0.000153645,0,0.002292,1,1.72108e-06,3.06965e-06,0.0002625,746.063
0,9565930,8,phononTF,0.00069523,1.72108e-06,3.06965e-06,0.000262498,746.063,0.00069523,1,0.000428678,-0.000408287,-0.0002625,881.538
0,9565930,7,phononTF,0.00047112,1.72108e-06,3.06965e-06,0.000262498,746.063,0.00047112,1,5.68132e-05,6.91933e-05,-0.0002625,837.264
0,9565930,6,phononTS,0.00071384,1.72108e-06,3.06965e-06,0.000262498,746.063,0.00071384,1,0.000225196,-3.47424e-05,-0.0002625,856.682
0,9573847,2,phononTF,0.00118648,0.00100693,0.000199186,-0.0002625,85.9912,0.000764,1,0.0020048,-3.79244e-06,0.0002625,525.173
0,9575763,8,phononTS,0.000593085,0.0010013,0.000996642,0.000262498,686.974,0.000593085,1,0.00101041,0.000940573,-0.0002625,784.075
0,9578888,6,phononL,0.00201838,0.000142542,0.00161235,-0.0002625,14.7686,0.000382,1,-3.23301e-06,0.00200133,0.0002625,303.499
0,9590562,6,phononTF,0.000580896,0.000730601,0.0013269,-0.000262498,394.584,0.000382,1,0.00100452,0.00100076,0.0002625,512.265
0,9597664,14,phononTF,0.00114732,-4.78622e-06,0.00400702,-0.0002625,295.06,0.000382,1,-0.000995422,0.00299647,0.0002625,1566.36
0,9601343,8,phononTS,0.00168232,-0.000999267,0.00300433,0.0002625,20.1166,0.00168232,1,-0.0015865,0.00415662,-0.0002625,843.11
0,9606794,17,phononL,0.000477871,2.14067e-06,0.00200399,0.000262498,917.892,0.000477871,1,-0.00177684,0.00371953,-0.0002625,1214.53
0,9609398,14,phononTF,0.000530201,0.00100398,0.000998757,0.000262498,519.647,0.000530201,1,0.000230351,0.00250869,-0.0002625,838.215
0,9614260,13,phononTS,0.00168094,0.00200494,-0.0019968,0.0002625,227.785,0.00161582,1,0.00265268,-0.00350904,-0.0002625,1251.51
0,9614260,5,phononTF,0.000600246,0.000109805,0.000625032,0.000262498,2.8367,0.000600246,1,2.84879e-05,0.000539707,-0.0002625,94.9435
0,9618492,7,phononTF,0.00139405,-0.00123845,0.000866325,-0.0002625,435.572,0.000764,1,-0.000995039,0.000997178,0.0002625,645.199
0,9629429,10,phononTF,0.00052324,-0.000489732,0.00155287,-0.0002625,213.712,0.000382,1,9.26313e-07,0.00200274,0.0002625,507.144
0,9629429,5,phononTS,0.00099172,0.000109324,0.000750181,0.000262498,45.6306,0.000174315,1,6.47056e-05,0.00141453,-0.0002625,213.953
0,9631231,14,phononTS,0.000478257,0.000998921,0.000998809,-0.000262498,417.211,0.000382,1,0.00099684,0.00100466,0.0002625,508.574
0,9632553,6,phononTS,0.00287178,-0.000755877,0.000139121,-0.0002625,461.939,0.001146,1,-3.62594e-06,2.26561e-06,0.0002625,1014.2
0,9640099,2,phononL,0.000934413,0.000563964,0.000854644,-0.0002625,205.927,0.000382,1,0.00100054,0.000995324,0.0002625,357.893
0,9661490,11,phononTF,0.000524226,7.38507e-07,4.45078e-06,0.000262498,385.953,0.000524226,1,0.000347181,-0.000209555,-0.0002625,504.493
0,9669871,3,phononTS,0.000573376,0.000628988,0.000947875,-0.0002625,100.859,0.000382,1,0.000996256,0.00100113,0.0002625,364.603
0,9675550,9,phononL,0.00154649,0.000472076,-0.000643296,-0.0002625,241.577,0.000382,1,0.000996419,-0.00100277,0.0002625,659.811
0,9675875,14,phononTS,0.00066939,0.00204869,0.000111968,-0.0002625,746.983,0.000382,1,0.00200316,3.14377e-06,0.0002625,944.826
0,9680779,3,phononTF,0.0053723,0.000435797,0.0015474,-2.17748e-05,925.762,0.00191,1,-2.38857e-06,0.00199501,0.0002625,1318.21
0,9683555,10,phononTF,0.000389204,-0.00116849,-0.000825784,-0.0002625,1640.22,0.000382,1,-0.00100465,-0.00100172,0.0002625,1838.7
0,9684135,9,phononTF,0.000780475,0.0011473,0.000854829,-0.0002625,280.154,0.000382,1,0.000997454,0.000998125,0.0002625,666.591
0,9691717,16,phononTS,0.000484404,0.00100442,0.000995148,0.000262498,481.684,0.000484404,1,0.00127544,0.000991192,-0.0002625,599.4
0,9691717,7,phononTF,0.00132419,-3.12185e-05,0.00100867,0.000262498,196.321,0.000458841,1,0.000192519,0.000952325,-0.0002625,298.336
0,9692473,7,phononTF,0.000463099,0.00301852,0.000980389,-0.000262498,1855.27,0.000382,1,0.00299569,0.00100224,0.0002625,1945.31
0,9692473,4,phononTS,0.000473226,0.000279683,0.000462078,0.000262498,1045.8,0.000473226,1,0.000474022,-0.000447969,-0.0002625,1263.06
0,9692473,3,phononTS,0.00661837,0.000354468,0.000103324,-0.000229496,1045.8,0.0045364,1,0.000418759,-3.76317e-06,-0.0002625,1247.49
0,9701361,17,phononTS,0.000506307,-0.00340219,-0.000863944,-0.0002625,1589.94,0.000382,1,-0.00300236,-0.00099946,0.0002625,2074.01
0,9701361,12,phononTS,0.00133068,0.000522711,0.00075207,0.000262498,322.193,0.00133068,1,0.000579113,0.000705866,-0.0002625,421.625
0,9702209,9,phononTS,0.000869883,4.4723e-06,2.1684e-06,0.0002625,168.918,0.000255497,1,-0.000338924,-0.000487445,-0.0002625,508.228
0,9706445,4,phononTF,0.000672483,0.005,0.00117032,5.61329e-05,270.842,0.000382,1,0.000995065,-0.000999279,0.0002625,2029.78
0,9706445,2,phononTS,0.00788846,0.00017569,0.000719048,-0.000181448,13.7409,0.00336151,1,0.000203067,0.000689111,-0.0002625,211.867
0,9714358,21,phononTF,0.00133147,0.00209948,0.000101234,-0.0002625,814.957,0.000382,1,0.00200037,-3.405e-06,0.0002625,1001.33
0,9714358,22,phononTS,0.000391339,0.00200037,-3.405e-06,0.000262498,1001.33,0.000391339,1,0.00207577,1.66926e-05,-0.0002625,1098.43
0,9716785,4,phononL,0.00283601,-1.03406e-05,0.00135412,-0.0002625,56.6922,0.001146,1,2.33679e-06,0.00199708,0.0002625,234.454
0,9716785,6,phononTF,0.00089386,2.33679e-06,0.00199708,0.000262498,234.454,0.00033876,1,-0.00016188,0.00183633,-0.0002625,332.748
0,9718878,9,phononTS,0.000549589,0.00304518,0.00115325,-0.000262498,1584.43,0.000382,1,0.00299897,0.0010047,0.0002625,1687.08
0,9723445,3,phononTF,0.00157148,0.000243027,0.000234508,-0.0002625,792.3,0.000382,1,2.51113e-06,-4.85545e-06,0.0002625,1037.95
0,9728986,17,phononTS,0.000560028,-0.00391734,0.0031949,-0.0002625,916.572,0.000382,1,-0.000998328,0.000996833,0.0002625,2740.59
0,9728986,14,phononTS,0.00141088,0.000900035,-0.00031689,0.000262498,415.228,0.000741625,1,0.000916639,-0.000342438,-0.0002625,505.324
0,9740053,3,phononTF,0.00209877,0.000188574,0.000357866,-0.0002625,456.107,0.000382,1,1.11977e-06,1.65985e-06,0.0002625,694.73
0,9742086,6,phononL,0.000670867,-0.00044274,0.000794238,-0.0002625,6.41437,0.000382,1,-0.0010047,0.00100439,0.0002625,179.158
0,9742086,5,phononTF,0.000917725,0.000119221,0.000584084,0.000262498,6.41437,0.000917725,1,0.000993988,0.00147619,-0.0002625,238.372
0,9742086,4,phononTF,0.000693929,0.000119221,0.000584084,0.000262498,6.41437,0.000693929,1,-0.000433309,3.20273e-05,-0.0002625,167.528
0,9745521,12,phononL,0.00057209,-4.31811e-06,4.31771e-06,0.000262498,548.458,0.00057209,1,-0.00025513,0.000337747,-0.0002625,622.272
0,9745521,2,phononTS,0.00429517,0.000110281,0.000589935,0.000262498,8.94566,0.00255989,1,0.000157146,0.000566515,-0.0002625,98.58
0,9746413,16,phononL,0.00102205,-0.000450719,-0.00221276,-0.0002625,672.786,0.000382,1,-2.27752e-06,-0.00199615,0.0002625,830.52
0,9746413,15,phononTF,0.00097755,-0.000899159,-0.00242938,0.000262498,672.786,0.000728809,1,-0.000818005,-0.00227292,-0.0002625,769.105
0,9747127,8,phononTF,0.000399228,3.4472e-06,0.00199867,0.000262498,354.052,0.000399228,1,0.000271521,0.00172107,-0.0002625,465.557
0,9751383,5,phononTS,0.00105991,0.000789313,0.000922969,-0.0002625,18.3724,0.000382,1,0.000998608,0.00100369,0.0002625,479.776
0,9751383,9,phononL,0.000409467,0.000998608,0.00100369,0.000262498,479.776,0.000409467,1,0.000959455,0.00130911,-0.0002625,547.91
0,9752289,11,phononTF,0.00125066,0.000307603,0.00170012,-0.0002625,408.505,0.000764,1,-3.33946e-06,0.00199734,0.0002625,640.715
0,9752289,7,phononTS,0.000439914,9.23714e-05,0.000863294,0.000262498,187.277,0.000439914,1,-0.000560485,0.00167446,-0.0002625,428.703
0,9758471,11,phononTS,0.000668914,-0.000985911,0.000290645,-0.000262499,364.959,0.000382,1,-0.00299835,-0.00100158,0.0002625,837.332
0,9758471,2,phononTS,0.00272627,-0.000264703,0.000409966,0.000262498,180.4,0.00117309,1,-0.000341722,0.00254127,-0.0002625,645.566
0,9758682,4,phononTF,0.00136477,-0.000150512,-0.000142959,-0.0002625,36.6608,0.000764,1,-1.96463e-06,2.49127e-07,0.0002625,487.58
0,9758867,6,phononTF,0.000719354,0.000145529,2.74601e-05,-0.0002625,538.814,0.000382,1,-4.57643e-06,-8.04312e-07,0.0002625,729.811
0,9758867,5,phononTS,0.00216503,0.000295633,5.57244e-05,0.000262498,538.814,0.00216503,1,-3.66462e-05,0.000226408,-0.0002625,674.422
0,9766134,2,phononTS,0.00102964,4.50669e-05,0.000115606,-0.0002625,156.266,0.000382,1,-3.93487e-06,-3.95887e-06,0.0002625,355.938
0,9766135,1,phononTF,0.01,0.00158145,0.0018156,-0.000261311,0,0.00437078,1,0.00158233,0.00181469,-0.0002625,1203.62
0,9774932,5,phononTS,0.000517874,-3.30104e-06,2.38231e-06,0.000262498,1092.88,0.000517874,1,0.000837002,-0.000191257,-0.0002625,1299.45
0,9800676,8,phononTS,0.000497229,-0.00127777,0.00112624,-0.0002625,674.879,0.000382,1,-0.00199786,0.0020041,0.0002625,1189.19
0,9802181,15,phononTF,0.000475116,0.000256953,-0.0018801,-0.0002625,1934.91,0.000382,1,-3.48275e-06,-0.00200097,0.0002625,2147.94
0,9803802,23,phononTS,0.000779255,-0.00100028,0.000999635,0.000262498,1237.92,0.000779255,1,-0.000958705,0.00141235,-0.0002625,1371.73
0,9803836,13,phononTF,0.000454402,0.000494895,0.00050818,-0.0002625,605.387,0.000382,1,0.000996324,0.000998688,0.0002625,906.619
0,9803836,2,phononTS,0.00395815,0.000492921,0.000931064,0.000262498,260.309,0.0033502,1,0.000460434,0.000954886,-0.0002625,354.102
0,9804981,17,phononTF,0.00043292,-1.5547e-06,-3.94225e-06,0.0002625,1521.05,0.00043292,1,2.29867e-05,-2.7152e-05,-0.0002625,1791.24
0,9806029,2,phononTS,0.00317478,-0.000838202,-0.00055416,2.03782e-05,84.4511,0.00191,1,-0.00099901,0.000996841,0.0002625,912.319
0,9808530,23,phononTS,0.000482063,-0.00199607,-0.00199728,0.0002625,906.814,0.000482063,1,-0.00253301,-0.00198374,-0.0002625,1198.59
0,9809437,10,phononTS,0.000434307,1.92753e-06,1.86907e-06,0.000262498,435.183,0.000434307,1,-0.000241618,0.000405327,-0.0002625,585.286
0,9810466,9,phononTF,0.000382612,0.00200245,0.00199781,0.0002625,492.605,0.000382612,1,0.000826491,0.000811992,-0.0002625,1423.35
0,9810466,6,phononTF,0.00073803,0.00017077,0.000556375,0.000262498,134.129,0.000388378,1,0.00028688,0.000674961,-0.0002625,228.389
0,9812716,12,phononL,0.000769501,0.00181843,0.00206361,-0.0002625,488.106,0.000382,1,0.00200388,0.00199641,0.0002625,617.349
0,9812716,2,phononTF,0.0029788,0.000121905,0.000641171,0.000262498,2.16993,0.00172368,1,0.000426995,0.000166519,-0.0002625,140.622
0,9818740,1,phononTF,0.01,4.62481e-06,5.39192e-06,0.000261206,0,0.001146,1,3.90413e-06,4.82623e-06,0.0002625,648.064
0,9818740,7,phononL,0.00297441,3.90413e-06,4.82623e-06,0.000262498,648.064,0.00146119,1,-0.000242641,-0.000524112,-0.0002625,733.403
0,9828527,11,phononTF,0.000663913,-6.34278e-05,0.00206106,-0.0002625,1882.09,0.000382,1,-4.33542e-06,0.00199933,0.0002625,2098.46
0,9828866,15,phononTS,0.00105104,-0.00100144,0.000996379,0.000262498,640.672,0.00100979,1,-0.000463396,0.00192323,-0.0002625,886.084
0,9828866,12,phononTF,0.00231323,0.000135385,0.000422365,0.000262498,79.894,0.000823001,1,-0.000593018,-0.000309915,-0.0002625,278.243
0,9833637,15,phononTF,0.00118233,0.000417799,0.000425993,-0.0002625,331.209,0.000382,1,-3.19822e-07,-4.1559e-06,0.0002625,604.128
0,9833637,17,phononTF,0.000415408,-3.19822e-07,-4.1559e-06,0.000262498,604.128,0.000415408,1,0.000987198,0.00100294,-0.0002625,861.701
0,9834797,6,phononL,0.000496886,0.000101941,0.000304175,-0.0002625,56.7295,0.000382,1,1.82663e-06,-9.12307e-07,0.0002625,194.177
0,9835086,7,phononTS,0.000623396,-4.98702e-06,0.00200068,0.000262498,611.878,0.000623396,1,4.73738e-05,0.00205698,-0.0002625,706.326
0,9835086,4,phononTS,0.00175582,0.000250011,0.000947098,0.000262498,87.0481,0.00141419,1,0.00156753,0.000563464,-0.0002625,379.681
0,9835086,3,phononTS,0.0010975,0.000250011,0.000947098,0.000262498,87.0481,0.0010975,1,0.000514527,0.000716946,-0.0002625,220.473
0,9835086,2,phononTF,0.00194649,0.00163344,-0.005,0.000123178,87.0481,0.00160178,1,0.000533041,-0.00391131,-0.0002625,2848.25
0,9835935,11,phononTF,0.000422247,0.00115913,0.000815798,-0.000262498,345.664,0.000382,1,0.00199612,-4.14437e-06,0.0002625,565.41
0,9842600,7,phononTS,0.00111869,0.00214462,0.00104343,-0.0002625,363.1,0.000382,1,0.00300363,0.000997059,0.0002625,1156.91
0,9842600,9,phononTS,0.000533185,0.00300363,0.000997059,0.000262498,1156.91,0.000533185,1,0.00299847,0.00102681,-0.0002625,1251.42
0,9842600,6,phononTS,0.000497738,-0.000432382,0.00118255,0.000262498,363.1,0.000497738,1,-0.000482087,0.00166787,-0.0002625,506.626
0,9842600,5,phononTF,0.00245064,-0.000432382,0.00118255,0.000262498,363.1,0.00245029,1,0.00316881,0.00101587,-0.0002625,1015.11
0,9851328,4,phononTF,0.000566846,0.000997557,0.000999454,0.0002625,236.064,0.000566846,1,0.00174141,0.00175729,-0.0002625,641.641
0,9853838,8,phononTS,0.000806086,-0.000868097,1.71939e-05,-0.0002625,494.96,0.000382,1,4.03369e-06,-4.06318e-06,0.0002625,899.116
0,9860859,3,phononTS,0.000654956,0.000942965,0.000989673,-0.000262498,594.936,0.000382,1,0.000995295,0.000995044,0.0002625,685.956
0,9868150,14,phononTS,0.000450402,-2.6809e-05,-0.00200693,-0.000262498,2358.07,0.000382,1,4.88452e-07,-0.00200018,0.0002625,2449.36
0,9868472,3,phononTF,0.00109931,-0.0010473,0.000947074,-0.000262498,844.795,0.000382,1,-0.000999448,0.000995567,0.0002625,935.426
0,9869267,9,phononL,0.000550772,0.00200256,-0.00200297,0.000262498,1774.15,0.000550772,1,0.00171914,-0.00268105,-0.0002625,1872.56
0,9877384,20,phononTS,0.000461547,0.00200219,-1.03552e-06,0.000262498,600.393,0.000461547,1,0.00150272,-0.00071341,-0.0002625,813.298
0,9889078,12,phononTS,0.000641655,0.00202764,2.41054e-05,-0.000262498,868.077,0.000382,1,0.00200258,9.94777e-07,0.0002625,958.668
0,9895181,3,phononTS,0.00178115,0.000717263,0.000957761,-0.0002625,389.805,0.000382,1,0.000998126,0.000997525,0.0002625,624.301
0,9896338,11,phononTS,0.000689726,6.14594e-05,0.00194133,-0.0002625,246.85,0.000382,1,-0.00299712,-0.000995435,0.0002625,1109.35
0,9896339,1,phononTS,0.01,0.000162892,0.000731975,-0.000107706,0,0.0057097,1,0.000164589,0.000696965,-0.0002625,276.548
0,9898343,14,phononL,0.000813841,-0.00099542,0.00299896,0.000262498,1116.46,0.000586196,1,-0.00130602,0.00306455,-0.0002625,1185
0,9898343,3,phononTS,0.000524612,0.000212791,0.000801283,0.000262498,147.318,0.000524612,1,0.000240854,0.00077003,-0.0002625,236.863
0,9898343,2,phononTS,0.000855508,0.000212791,0.000801283,0.000262498,147.318,0.000371703,1,-6.75836e-05,0.000777714,-0.0002625,264.61
0,9907781,4,phononTS,0.00313693,4.60282e-05,0.000317137,-0.0002625,118.001,0.000764,1,1.29375e-06,-4.56259e-06,0.0002625,362.164
0,9910902,14,phononTS,0.00270224,0.0030326,0.00096839,-0.0002625,1438.83,0.001146,1,0.00299621,0.000999203,0.0002625,1617.73
0,9910902,15,phononTS,0.000456643,0.00299621,0.000999203,0.000262498,1617.73,0.000456643,1,0.00297317,0.000688381,-0.0002625,1739.11
0,9916332,9,phononTF,0.000523081,0.000117319,0.0002126,-0.0002625,382.478,0.000382,1,4.78816e-06,2.41784e-06,0.0002625,577.876
0,9916933,19,phononTS,0.000430137,-1.844e-06,4.57849e-06,0.000262498,633.359,0.000430137,1,-0.000446992,5.26845e-05,-0.0002625,771.416
0,9917270,12,phononTS,0.00075531,0.000999535,0.00100126,0.000262498,1185.06,0.00075531,1,0.00101177,6.94608e-05,-0.0002625,1403.85
0,9917270,8,phononTS,0.000702679,-0.000379307,0.005,6.25662e-05,703.7,0.000702679,1,0.000195608,0.00474152,-0.0002625,1859.15
0,9930251,6,phononTF,0.00085649,-0.00070705,0.000948549,-0.0002625,191.877,0.000382,1,-0.000995145,0.00100116,0.0002625,410.146
0,9938187,9,phononTS,0.000412049,0.00124982,0.00101966,-0.000262498,1639.18,0.000382,1,0.00099709,0.00099843,0.0002625,1753.74
0,9941673,3,phononTS,0.00147106,0.000845542,-0.00112856,-0.0002625,25.3706,0.000382,1,2.15741e-06,-0.00200231,0.0002625,698.66
0,9942716,10,phononL,0.00344018,-0.000171113,0.00226364,-0.0002625,475.285,0.001146,1,-1.94542e-06,0.0020047,0.0002625,611.912
0,9944258,8,phononTS,0.000744461,4.10388e-06,3.50024e-06,0.000262498,424.581,0.000744461,1,-0.000749718,0.000988795,-0.0002625,699.249
0,9948324,10,phononTS,0.000532277,0.00100484,0.000995565,0.000262498,424.296,0.000532277,1,0.000821989,0.000957134,-0.0002625,530.625
0,9948324,6,phononL,0.00054502,0.000117395,0.000612666,0.000262498,157.488,0.00054502,1,-0.000404835,0.00031402,-0.0002625,244.618
0,9962453,9,phononTS,0.0010928,-3.67933e-06,-1.33926e-08,0.000262498,297.267,0.0010928,1,-2.31808e-05,0.000169618,-0.0002625,404.802
0,9966276,8,phononTF,0.00058415,-0.000258109,0.000293573,-0.000262498,981.111,0.000382,1,-0.00100434,0.00100112,0.0002625,1180
0,9966276,6,phononTS,0.000724207,7.4356e-05,0.00117103,0.000262498,492.749,0.000724207,1,-5.39168e-05,0.00195305,-0.0002625,686.89
0,9966276,5,phononTS,0.000413476,7.4356e-05,0.00117103,0.000262498,492.749,0.000413476,1,-8.83843e-05,0.00125748,-0.0002625,603.909
0,9966276,4,phononTS,0.000409438,7.4356e-05,0.00117103,0.000262498,492.749,0.000409438,1,1.32733e-05,0.000474605,-0.0002625,667.107
0,9966276,3,phononTS,0.00242487,0.000342568,0.00130236,-0.000170949,492.749,0.00231381,1,0.000457533,0.00131424,-0.0002625,633.381
0,9966276,2,phononTS,0.00120058,7.4356e-05,0.00117103,0.000262498,492.749,0.00037294,1,3.05339e-05,0.000910392,-0.0002625,607.514
0,9967162,9,phononTF,0.000389458,0.00161841,0.00146354,-0.0002625,905.993,0.000382,1,0.00199706,0.00199848,0.0002625,1185.24
0,9967162,4,phononTS,0.000995223,0.000132346,0.000661226,0.000262498,16.2307,0.00071904,1,0.000210298,0.000661144,-0.0002625,114.508
0,9967162,3,phononTS,0.00333419,0.000132346,0.000661226,0.000262498,16.2307,0.00216631,1,0.000154026,0.000760194,-0.0002625,114.51
0,9971008,11,phononTF,0.000952585,0.00100375,0.000995755,0.000262498,338.336,0.000258126,1,0.00109611,0.00108528,-0.0002625,430.868
0,9973637,11,phononTS,0.000417731,-0.00184768,-0.00191559,-0.000262498,5789.08,0.000382,1,-0.00199694,-0.0020006,0.0002625,5898.89
0,9986810,2,phononTF,0.00190252,0.000569212,0.000547193,-0.000262498,1633.06,0.000382,1,-1.036e-06,1.98308e-06,0.0002625,1796.31
0,9986810,7,phononTS,0.00136035,-1.036e-06,1.98308e-06,0.000262498,1796.31,0.000358505,1,0.00196458,0.00218251,-0.0002625,2337.37
0,9987990,10,phononTF,0.00120431,-2.49888e-06,0.00200286,0.000262498,758.821,0.000643928,1,4.56199e-05,0.00205062,-0.0002625,849.446
0,9988926,12,phononTF,0.00105754,-0.00244771,-0.00155576,-0.0002625,764.247,0.000382,1,-0.00199956,-0.00199918,0.0002625,1045.14
0,9989370,4,phononL,0.00194751,0.00100135,0.000999203,0.0002625,36.9115,0.00145594,1,0.000314786,0.00126527,-0.0002625,290.884
0,9998825,6,phononTF,0.000528956,0.00147191,0.00158385,-0.000262498,394.2,0.000382,1,0.000998328,0.00100449,0.0002625,554.394
