Run ID,Event ID,Track ID,Particle Name,Start Energy [eV],Start X [m],Start Y [m],Start Z [m],Start Time [ns],Energy Deposited [eV],Track Weight,End X [m],End Y [m],End Z [m],Final Time [ns]
0,208,16,phononL,0.000912366,-0.000934035,0.0016396,-0.0002625,1483.63,0.000382,1,-0.000999308,0.000996337,0.0002625,1662.16
0,6088,2,phononTF,0.000559938,-0.00062959,0.00261927,-0.0002625,57.8,0.000382,1,-0.000995463,0.00299987,0.0002625,312.542
0,6979,10,phononTS,0.000425057,-0.00120712,0.00276553,-0.000262498,627.853,0.000382,1,-4.1326e-06,0.00199609,0.0002625,933.681
0,9496,2,phononL,0.00666698,-8.53474e-05,0.00209517,0.000202189,214.834,0.000382,1,-3.31761e-06,0.00199832,0.0002625,546.825
0,9942,3,phononL,0.00135026,-0.000188354,0.0021094,-0.0002625,39.546,0.000382,1,-2.68649e-06,0.00200192,0.0002625,169.697
0,9942,10,phononTF,0.000547952,-2.68649e-06,0.00200192,0.000262498,169.697,0.000547952,1,-0.00046952,0.00254313,-0.0002625,324.194
0,19173,3,phononL,0.00184649,-0.00136969,0.00285315,-0.0002625,252.653,0.000382,1,-0.00100094,0.00300345,0.0002625,563.476
0,19173,14,phononTS,0.0013654,-0.00100094,0.00300345,0.000262498,563.476,0.0013654,1,-0.00105014,0.00298407,-0.0002625,653.332
0,19173,2,phononTF,0.000983281,-0.000242662,0.00238629,0.000262498,252.653,0.000284268,1,-0.000531716,0.00266922,-0.0002625,366.096
0,22652,2,phononTF,0.0039904,-0.00062755,0.00250562,-0.0002625,131.666,0.001146,1,-0.000995709,0.00300455,0.0002625,470.302
0,22652,9,phononTS,0.000799941,-0.000995709,0.00300455,0.000262498,470.302,0.000799941,1,-0.00190189,0.00154182,-0.0002625,826.146
0,22652,8,phononTS,0.00146026,-0.000995709,0.00300455,0.000262498,470.302,0.00120283,1,-0.00109109,0.00374976,-0.0002625,653.971
0,27880,8,phononTS,0.000810844,-2.70329e-06,0.00199677,0.000262498,315.844,0.000255572,1,0.000230951,0.00202592,-0.0002625,427.966
0,35008,9,phononTS,0.000495248,-4.21819e-05,0.00287883,-0.0002625,462.026,0.000382,1,-9.62057e-07,0.00200292,0.0002625,816.331
0,35008,7,phononTS,0.00102671,-0.000464154,0.00270467,0.000262498,273.801,0.000671454,1,0.00101485,0.00342293,-0.0002625,616.284
0,45589,17,phononTS,0.000439963,-0.00100468,0.00300263,0.000262498,548.828,0.000439963,1,-0.00069781,0.00302689,-0.0002625,671.749
0,50901,13,phononTF,0.000890067,0.00210953,-0.00205376,-0.0002625,1805.94,0.000382,1,0.00199794,-0.0019962,0.0002625,1992.37
0,52506,2,phononL,0.000430275,-0.000618892,0.00166885,-0.0002625,248.982,0.000382,1,-0.000999802,0.000998403,0.0002625,454.353
0,53982,19,phononTF,0.000509122,8.99618e-07,0.00199874,0.0002625,342.005,0.000509122,1,0.000175589,0.0018487,-0.0002625,638.434
0,53982,18,phononTS,0.000424863,-0.000348479,0.00229882,0.000262498,342.005,0.000424863,1,-0.00125764,0.00256316,-0.0002625,559.571
0,57888,13,phononTF,0.000464507,-0.00128055,0.00272356,-0.000262498,899.069,0.000382,1,-0.00100364,0.00300133,0.0002625,1011.51
0,61716,8,phononTF,0.000465124,0.00129766,0.000693211,-0.0002625,324.663,0.000382,1,0.00199647,4.30963e-06,0.0002625,705.658
0,61723,3,phononTF,0.000788031,-0.000186375,0.00219358,-0.0002625,16.4824,0.000382,1,4.83193e-06,0.00200002,0.0002625,219.13
0,66100,2,phononTF,0.00367634,-0.000736003,0.00274566,-0.0002625,171.291,0.001146,1,-0.00100293,0.00300027,0.0002625,390.834
0,66100,16,phononTS,0.00203058,-0.00100293,0.00300027,0.000262498,390.834,0.00127365,1,-0.000953977,0.00308775,-0.0002625,487.853
0,68484,12,phononTF,0.00111012,-0.005,-0.00308196,-0.000140372,217.726,0.00111012,1,-0.00492814,-0.00315323,-0.0002625,1601.09
0,68484,11,phononTS,0.00103076,0.000170451,0.00226729,0.000262498,217.726,0.000598786,1,0.0016611,0.000448246,-0.0002625,663.208
0,70813,6,phononTS,0.00121157,2.54594e-06,0.00200442,0.0002625,35.1848,0.000805842,1,-0.000472202,0.000966154,-0.0002625,533.659
0,72751,6,phononTF,0.000699887,-0.000684104,0.00267424,-0.0002625,60.7318,0.000382,1,-0.00100143,0.00300368,0.0002625,299.012
0,87466,14,phononTF,0.000440723,-0.000997035,0.0029977,0.000262498,742.941,0.000440723,1,-0.00123662,0.00275628,-0.0002625,850.277
0,87466,2,phononTF,0.000586494,-0.00107297,0.00267897,0.000262498,550.498,0.000586494,1,-0.000228085,0.00353005,-0.0002625,774.997
0,88336,14,phononTS,0.000664746,-0.000996616,0.00299813,0.000262498,696.197,0.00013553,1,-0.000551456,0.0030325,-0.0002625,837.236
0,96060,1,phononTS,0.01,-1.90299e-06,0.00199575,0.000202167,0,0.000382,1,4.40359e-06,0.0019973,0.0002625,181.54
0,96060,4,phononTS,0.00231878,4.40359e-06,0.0019973,0.000262498,181.54,0.000954552,1,-0.000935651,0.00343353,-0.0002625,525.419
0,98729,9,phononTF,0.00280644,-0.00100014,0.00300473,0.0002625,13.5397,0.00118767,1,-0.00131985,0.00332068,-0.0002625,368.971
0,100359,5,phononTS,0.000413506,-9.39884e-05,0.00254715,-0.000262498,461.442,0.000382,1,0.00100005,0.000998981,0.0002625,834.238
0,107568,12,phononTF,0.00055728,-0.000758755,0.00322107,-0.000262498,383.34,0.000382,1,-0.00200321,0.0019975,0.0002625,695.867
0,107568,8,phononTF,0.000703274,-0.000329692,0.00244441,0.000262498,3.94866,0.000563746,1,-0.00155184,0.00342585,-0.0002625,292.004
0,107568,7,phononTS,0.000438121,-0.000329692,0.00244441,0.000262498,3.94866,0.000438121,1,0.000528657,0.00256362,-0.0002625,209.202
0,107626,3,phononTF,0.000516921,0.00148943,0.0019175,-0.0002625,505.269,0.000382,1,0.00299964,0.00100181,0.0002625,1252.59
0,112361,10,phononTF,0.000484723,-0.000997847,0.00299681,0.000262498,250.395,0.000484723,1,0.00106309,0.000840646,-0.0002625,770.002
0,123222,9,phononTS,0.000598534,-0.000781156,0.00250702,-0.000262498,721.29,0.000382,1,-0.000999898,0.00299808,0.0002625,880.2
0,132573,5,phononTS,0.00107444,0.000389223,0.0017251,-0.0002625,121.732,0.000382,1,0.00099558,0.00100463,0.0002625,571.841
0,132573,7,phononTF,0.000511612,0.00099558,0.00100463,0.000262498,571.841,0.000511612,1,0.00129916,0.00132212,-0.0002625,688.941
0,136767,7,phononTS,0.000609829,-3.00049e-06,0.00199608,0.0002625,495.434,0.000609829,1,-1.00454e-05,0.00199419,-0.0002625,675.159
0,149886,15,phononTS,0.00125272,-3.39286e-06,0.0019994,0.000262498,423.423,0.00125272,1,-5.95876e-05,0.00293468,-0.0002625,638.101
0,149887,1,phononTS,0.01,-0.000407446,0.00252887,-0.000249038,0,0.00745868,1,-0.000434565,0.00253524,-0.0002625,284.673
0,152370,11,phononTF,0.000732804,0.00200208,-1.7678e-06,0.000262498,4889.91,0.000732804,1,-0.00268266,0.000908823,-0.0002625,5737.39
0,152370,4,phononTS,0.000589672,-0.000797259,0.00245518,0.000262498,235.528,0.000589672,1,-0.0012759,0.00176295,-0.0002625,443.768
0,155229,12,phononTS,0.000474079,0.000202119,0.00207456,-0.000262498,303.761,0.000382,1,-2.63495e-06,0.00200254,0.0002625,418.05
0,156116,1,phononTF,0.01,-0.000990063,0.00299111,0.000124413,0,0.000764,1,-0.000998334,0.00299975,0.0002625,641.729
0,156359,4,phononTF,0.00245248,-0.000647837,0.00266103,-0.0002625,39.8612,0.000764,1,-0.000996072,0.00300012,0.0002625,284.759
0,174408,2,phononTF,0.00165494,0.000291027,0.00174144,-0.0002625,31.4769,0.000382,1,0.000998382,0.00100403,0.0002625,426.841
0,177514,11,phononTS,0.0005234,-0.00105025,0.00102462,-0.0002625,523.24,0.000382,1,-0.00100312,0.000995614,0.0002625,702.244
0,179053,4,phononTS,0.000610921,-6.4684e-05,0.00195364,-0.000262498,612.147,0.000382,1,6.95082e-07,0.00200391,0.0002625,707.334
0,181145,1,phononTS,0.01,-0.000104906,0.00185979,0.000221798,0,0.001528,1,-2.96643e-06,0.00200245,0.0002625,213.702
0,181145,7,phononTS,0.00044188,-2.96643e-06,0.00200245,0.000262498,213.702,0.00044188,1,-5.00999e-05,0.00196225,-0.0002625,302.802
0,181145,6,phononTF,0.00168637,-2.96643e-06,0.00200245,0.000262498,213.702,0.00138319,1,-0.00024718,0.00174099,-0.0002625,323.164
0,181145,5,phononTF,0.00102516,-2.96643e-06,0.00200245,0.000262498,213.702,0.000223053,1,0.000195084,0.00217503,-0.0002625,314.968
0,182045,7,phononTS,0.000731608,-3.43159e-06,0.0020035,0.000262498,407.52,0.00036879,1,0.00141335,0.00259915,-0.0002625,733.477
0,190470,12,phononTS,0.000446705,-4.80072e-06,0.00200467,0.0002625,159.994,0.000446705,1,4.87422e-05,0.00198199,-0.0002625,339.156
0,198138,19,phononTS,0.000746847,-0.000995858,0.000998429,0.0002625,695.169,0.000156751,1,-0.00101624,0.000987121,-0.0002625,874.653
0,212315,14,phononTS,0.00130516,-4.87424e-06,0.0020048,0.000262498,1471.73,0.000837464,1,-0.000757707,0.00354662,-0.0002625,1822.69
0,214662,2,phononTF,0.00304508,-0.000856939,0.00300118,-0.0002625,23.3208,0.000764,1,-0.000998741,0.00299874,0.0002625,280.283
0,217078,8,phononTS,0.000386456,-6.65513e-05,0.00291203,-0.000262498,447.498,0.000382,1,2.11958e-06,0.00200445,0.0002625,658.349
0,220593,18,phononTS,0.000541024,-0.000981248,0.00301542,-0.000262498,515.196,0.000382,1,-0.000999221,0.00299817,0.0002625,607.278
0,222521,8,phononL,0.000432572,1.63507e-06,0.00200482,0.000262498,392.15,0.000432572,1,-0.000474059,0.00130424,-0.0002625,502.934
0,222521,3,phononTS,0.000945415,-0.000259327,0.00195274,0.000262498,183.773,0.00027961,1,-0.000497329,0.00191614,-0.0002625,296.143
0,225253,13,phononTS,0.000534375,0.000238564,0.00223966,-0.000262498,210.001,0.000382,1,-0.00100235,0.00300175,0.0002625,520.483
0,228460,5,phononTF,0.00165828,-4.59999e-06,0.0020031,0.0002625,57.4278,0.0014529,1,0.000258092,0.00172842,-0.0002625,390.093
0,231217,5,phononTS,0.000499235,-0.000999364,0.00299773,0.0002625,632.351,0.000499235,1,-0.00104931,0.00296505,-0.0002625,810.873
0,233713,17,phononTF,0.000406938,-0.00194405,0.00220471,-0.0002625,381.271,0.000382,1,-0.00200423,0.00199665,0.0002625,783.314
0,233713,16,phononTS,0.0005634,-0.0017635,0.00282889,0.000262498,381.271,0.0005634,1,-0.00266683,0.00450934,-0.0002625,764.952
0,233713,15,phononTS,0.000782058,-0.0017635,0.00282889,0.000262498,381.271,0.000203106,1,-0.000193215,0.00375896,-0.0002625,747.672
0,239125,2,phononTS,0.00314805,-0.000345466,0.00234663,8.04642e-05,122.745,0.000764,1,-0.00199749,0.00200138,0.0002625,480.495
0,239125,10,phononTS,0.00189515,-0.00199749,0.00200138,0.000262498,480.495,0.000760491,1,-0.00204291,0.00195804,-0.0002625,578.967
0,244432,11,phononTF,0.000427064,0.000996919,0.00099552,0.000262498,1587.01,0.000427064,1,0.00127485,0.000729785,-0.0002625,1698.35
0,244734,2,phononTF,0.00090361,-0.00100385,-0.000995066,0.0002625,1391.97,0.00090361,1,-0.000451893,-0.00158494,-0.0002625,2178.99
0,245695,13,phononTF,0.000534701,-0.0015616,-0.00157766,-0.000262498,1268.67,0.000382,1,-0.00100347,-0.00100215,0.0002625,1432.64
0,246586,9,phononTS,0.00135255,-0.000906382,0.00264528,-0.0002625,350.64,0.000764,1,0.00199725,3.3782e-08,0.0002625,1280.53
0,253070,8,phononTS,0.000561428,-0.00110241,0.00214167,-0.0002625,842.005,0.000382,1,-0.00199611,0.00200254,0.0002625,1262.5
0,253854,4,phononTF,0.00372879,5.35527e-07,0.00210926,-0.0002625,7.9463,0.000764,1,-2.18629e-06,0.00199568,0.0002625,218.588
0,253854,12,phononTS,0.000440661,-2.18629e-06,0.00199568,0.000262498,218.588,0.000440661,1,0.00121322,0.000844042,-0.0002625,567.459
0,255111,19,phononL,0.000431578,-0.00159722,0.00178277,-0.0002625,1476.71,0.000382,1,-0.00199571,0.00199965,0.0002625,1628.6
0,257882,7,phononTF,0.000883693,0.00141316,0.000601919,-0.0002625,8.48439,0.000382,1,0.00199728,3.37702e-06,0.0002625,684.426
0,257882,6,phononTF,0.00129354,-0.000339215,0.00239754,0.000262498,8.48439,0.00129354,1,-0.000296842,0.00245406,-0.0002625,99.2977
0,260501,12,phononTS,0.00131039,-4.76819e-06,0.00199923,0.000262498,393.686,0.0011104,1,5.29059e-05,0.00257839,-0.0002625,550.335
0,274401,11,phononTS,0.000606129,-0.00299888,-0.000997703,0.000262498,2425,0.000606129,1,-0.00295615,-0.000952934,-0.0002625,2514.09
0,276589,2,phononL,0.00492724,-0.000847902,0.00112725,-0.0002625,23.6793,0.001146,1,-0.000995937,0.00100307,0.0002625,349.477
0,276589,22,phononTS,0.000580186,-0.000995937,0.00100307,0.000262498,349.477,0.000580186,1,-0.0018483,0.00122658,-0.0002625,555.211
0,276589,21,phononTS,0.000604662,-0.000995937,0.00100307,0.000262498,349.477,0.000131529,1,0.00108089,0.00254091,-0.0002625,845.7
0,279986,10,phononTS,0.000843489,-3.80188e-06,0.00200414,0.000262498,209.286,0.000843489,1,-0.00016966,0.00279024,-0.0002625,401.649
0,287178,7,phononL,0.000414814,-0.000663179,0.00271496,-0.0002625,4.66317,0.000382,1,-0.00100382,0.00299709,0.0002625,155.466
0,287178,6,phononTS,0.00040283,-0.000322539,0.00243283,0.000262498,4.66317,0.00040283,1,-0.00179602,0.00296763,-0.0002625,331.548
0,287178,5,phononTS,0.000696153,-0.000322539,0.00243283,0.000262498,4.66317,0.000696153,1,-0.000224324,0.0032042,-0.0002625,193.236
0,287178,4,phononTF,0.00101636,0.00329068,0.005,0.000200679,4.66317,0.00101636,1,0.00159202,0.00343408,-0.0002625,1275.4
0,290999,9,phononL,0.000549948,-0.000602989,0.00333588,-0.0002625,922.547,0.000382,1,-0.000997666,0.00299515,0.0002625,1084.57
0,290999,7,phononTF,0.000424325,-0.000551366,0.00334442,0.000262498,685.59,0.000424325,1,-0.00140588,0.00421829,-0.0002625,913.231
0,293950,9,phononTS,0.000394795,-0.000951668,0.00298537,-0.0002625,38.9056,0.000382,1,-0.000998465,0.00300244,0.0002625,518.065
0,293950,8,phononTF,0.000495329,-0.000496967,0.00232138,0.000262498,38.9056,0.000495329,1,-0.000243793,0.00191271,-0.0002625,166.689
0,293950,7,phononTF,0.00192974,-0.000496967,0.00232138,0.000262498,38.9056,0.00161578,1,-0.000331557,0.00217548,-0.0002625,136.917
0,294270,13,phononTS,0.000409864,-0.00199954,0.00199943,0.000262499,1037.21,0.000409864,1,-0.00195678,0.0019609,-0.0002625,1126.44
0,301948,10,phononL,0.000430982,1.16633e-06,0.0020021,0.000262498,416.743,0.000430982,1,-0.000271273,0.00144711,-0.0002625,505.041
0,304237,15,phononTF,0.00105222,-0.000416317,0.00240438,-0.000262498,143.021,0.000382,1,8.61407e-07,0.00200019,0.0002625,276.996
0,304237,2,phononTS,0.00113529,-0.005,-0.00240408,-9.69964e-05,53.7105,0.000587427,1,-0.00481981,-0.00234858,-0.0002625,1302.3
0,322880,3,phononTF,0.000961966,-0.000148598,0.00226465,-0.0002625,151.252,0.000382,1,1.22038e-06,0.00200039,0.0002625,365.992
0,322880,2,phononTF,0.000499792,-0.000298415,0.00252891,0.000262498,151.252,0.000499792,1,-0.000454892,0.00279142,-0.0002625,258.542
0,323392,2,phononTS,0.00366674,-4.10509e-05,0.00210776,-0.0002625,28.6605,0.000382,1,-3.44565e-06,0.00199815,0.0002625,425.788
0,325458,14,phononTS,0.000489,0.000106037,0.00225393,-0.0002625,337.086,0.000382,1,3.75055e-06,0.00200089,0.0002625,580.088
0,335006,13,phononTS,0.000621897,-0.00100483,0.00299789,0.000262498,1921.4,0.000621897,1,-0.000993233,0.0030064,-0.0002625,2011.8
0,335006,4,phononTF,0.000722183,0.000467059,0.0024994,0.000262498,329.828,0.000722183,1,0.000654268,0.0023189,-0.0002625,430.126
0,335006,3,phononTF,0.00364752,0.000485959,0.00258197,4.52587e-05,329.828,0.00176327,1,0.000713987,0.00234552,-0.0002625,451.485
0,335967,3,phononL,0.000948533,-0.000259809,0.00240875,-0.0002625,116.166,0.000382,1,-1.40638e-06,0.00199588,0.0002625,261.531
0,337827,2,phononTF,0.00664752,-0.00116912,0.00282397,0.000162952,30.4589,0.001146,1,-0.000996287,0.00299733,0.0002625,413.638
0,337827,10,phononTS,0.000420613,-0.000996287,0.00299733,0.000262498,413.638,0.000420613,1,-0.000970946,0.00298238,-0.0002625,508.986
0,337827,9,phononTF,0.000806887,-0.000996287,0.00299733,0.000262498,413.638,0.000182247,1,-0.00144939,0.00343841,-0.0002625,554.331
0,344077,16,phononTS,0.000868949,0.00199646,0.00200005,0.000262498,652.027,0.000868949,1,0.00201209,0.0017929,-0.0002625,761.027
0,346162,6,phononTF,0.000687784,-0.000404842,0.00217004,-0.000262498,131.073,0.000382,1,2.73584e-06,0.00199898,0.0002625,257.254
0,350304,10,phononTF,0.00104623,-0.000609492,0.00270251,-0.0002625,37.1345,0.000764,1,-0.00100153,0.00300306,0.0002625,290.899
0,352684,10,phononTF,0.00166583,-0.000431591,0.00270026,-0.0002625,270.191,0.000382,1,-0.00100169,0.00299729,0.0002625,512.801
0,352684,11,phononTF,0.000776506,-0.00100169,0.00299729,0.000262498,512.801,0.000667242,1,-0.000582204,0.00342442,-0.0002625,649.213
0,364607,21,phononTF,0.00181619,-0.0019955,0.00200074,0.000262498,857.331,0.00111933,1,-0.00179962,0.00220164,-0.0002625,959.228
0,368446,11,phononTS,0.00068787,-0.00199639,-3.83699e-06,0.000262498,1246.3,0.00068787,1,-0.00198103,7.44745e-06,-0.0002625,1337.91
0,380767,11,phononTF,0.00171652,-0.00295841,-0.000746447,-0.0002625,949.934,0.000764,1,-0.00300399,-0.00100166,0.0002625,1371.08
0,380767,15,phononTF,0.000724914,-0.00300399,-0.00100166,0.000262498,1371.08,0.000423695,1,-0.00328926,-0.000721307,-0.0002625,1484.06
0,380768,1,phononTS,0.01,-0.000122678,0.00225841,-0.000248591,0,0.00580124,1,-0.00015181,0.00226687,-0.0002625,403.901
0,389269,13,phononTS,0.000650178,2.66822e-05,0.00201562,-0.000262498,151.153,0.000382,1,-1.97905e-06,0.00199804,0.0002625,240.742
0,389269,2,phononTF,0.000423747,-0.000364798,0.00240557,0.000262498,20.6685,0.000423747,1,5.83346e-05,0.00198108,-0.0002625,157.074
0,402077,7,phononTF,0.000815165,-0.000229123,0.00213375,-0.0002625,89.6602,0.000382,1,-6.42347e-07,0.00199889,0.0002625,296.345
0,402077,6,phononTS,0.00126805,-0.000457603,0.0022686,0.000262498,89.6602,0.00126805,1,-0.00022456,0.00170967,-0.0002625,258.6
0,413316,5,phononTS,0.00178067,-0.000205364,0.00218036,-0.0002625,131.925,0.000382,1,-4.92084e-06,0.00200115,0.0002625,376.636
0,416436,8,phononL,0.00064091,-2.89728e-07,0.00200256,0.0002625,94.273,0.000432922,1,0.000294645,0.00257606,-0.0002625,268.077
0,419310,2,phononTS,0.00950231,-2.56204e-06,0.00200106,0.000249023,130.144,0.000382,1,-1.34786e-06,0.00200145,0.0002625,552.458
0,419310,5,phononL,0.000591636,-1.34786e-06,0.00200145,0.000262498,552.458,0.000591636,1,-0.000213059,0.00290249,-0.0002625,667.731
0,423333,9,phononL,0.000535985,0.000312883,0.0018261,-0.000262498,564.228,0.000382,1,3.1819e-06,0.00200241,0.0002625,634.65
0,424222,3,phononTF,0.00800894,-0.00128555,0.00254363,-0.000230422,35.9399,0.00321608,1,-0.0012843,0.00254486,-0.0002625,1443.23
0,433134,2,phononTF,0.00336805,-4.39278e-05,0.0022263,-0.0002625,253.873,0.000764,1,-4.50277e-06,0.00199912,0.0002625,662.979
0,433134,16,phononTS,0.000487382,-4.50277e-06,0.00199912,0.000262498,662.979,0.000487382,1,3.60616e-06,0.00202657,-0.0002625,752.612
0,433134,15,phononTS,0.000442456,-4.50277e-06,0.00199912,0.000262498,662.979,0.000442456,1,0.00166586,0.00331244,-0.0002625,1089.4
0,433134,14,phononL,0.00142285,-4.50277e-06,0.00199912,0.000262498,662.979,0.000968052,1,-0.00109346,0.00280698,-0.0002625,829.585
0,435501,11,phononL,0.000473842,-0.00144865,0.00199631,-0.000262498,438.916,0.000382,1,-0.00200388,0.00200426,0.0002625,521.074
0,435501,2,phononL,0.00289461,-0.000308661,0.00241971,0.000262498,3.55821,0.000464782,1,-0.00057933,0.00282904,-0.0002625,82.1494
0,440025,4,phononTF,0.000581197,-0.00110035,0.00292088,-0.0002625,883.109,0.000382,1,-0.000995694,0.00299837,0.0002625,1069.17
0,440025,2,phononTF,0.00305042,-0.000461131,0.00245293,9.47536e-05,126.658,0.00190197,1,-0.000742519,0.00281257,-0.0002625,228.778
0,442337,5,phononTF,0.000414134,-0.000338299,0.00209627,-0.000262498,383.393,0.000382,1,-1.86901e-06,0.00199912,0.0002625,498.953
0,456681,10,phononTF,0.00131173,-0.000101963,0.00195373,-0.0002625,476.864,0.000764,1,2.50501e-06,0.00200075,0.0002625,662.384
0,456681,2,phononTS,0.000682316,-0.000629339,0.00231071,0.000262498,271.195,0.000376215,1,-0.00102137,0.00221956,-0.0002625,408.397
0,463789,9,phononTS,0.00180564,0.000987294,0.00276705,-5.27808e-05,383.14,0.000764,1,-1.15076e-06,0.0019976,0.0002625,964.19
0,465940,5,phononTS,0.00103667,-0.000679832,0.000489,-0.0002625,289.862,0.000382,1,-0.000997244,-0.000999912,0.0002625,957.423
0,466622,16,phononTS,0.000438422,-0.00081612,0.00269967,-0.000262498,340.775,0.000382,1,-0.00100045,0.00299977,0.0002625,473.877
0,466622,10,phononL,0.000588668,-0.000576156,0.00202235,0.000262498,155.049,0.000588668,1,-0.00108874,0.00183665,-0.0002625,237.098
0,467299,13,phononTS,0.000506011,0.000240372,0.00203094,-0.000262498,370.573,0.000382,1,3.01428e-06,0.00200106,0.0002625,485.771
0,468020,2,phononTS,0.00328171,-0.00103879,0.00271105,-0.0002625,328.582,0.001146,1,-0.000996768,0.00300083,0.0002625,565.049
0,468271,10,phononTS,0.000765434,0.000996278,0.00100258,0.0002625,1592.24,0.000611179,1,0.00179606,0.000557062,-0.0002625,2031.17
0,473684,14,phononTF,0.000420954,-0.000788273,0.00121092,-0.0002625,959.544,0.000382,1,-0.00100467,0.000998302,0.0002625,1167.14
0,473684,3,phononTS,0.000888085,-0.000503544,0.00220101,0.000262498,91.0639,0.000840093,1,-0.000337636,0.0014396,-0.0002625,272.798
0,489052,13,phononTF,0.000796672,-0.00200122,0.00200039,0.000262498,466.079,0.000796672,1,-0.00179147,0.0021652,-0.0002625,568.196
0,498340,11,phononTS,0.000770839,0.000998504,-0.0010015,0.000262498,1235.99,0.000770839,1,0.00249518,-0.00195308,-0.0002625,1591.83
0,498340,3,phononTS,0.000995165,-0.000287398,0.00235966,0.000262498,109.609,0.000995165,1,-0.000264275,0.00241474,-0.0002625,199.146
0,506349,5,phononTS,0.00114873,-0.000391137,0.00323857,-0.0002625,1247.06,0.000764,1,-0.00100179,0.00299856,0.0002625,1599.99
0,509811,1,phononTS,0.01,-9.64294e-06,0.00200074,0.000193841,0,0.002674,1,-2.58928e-06,0.00200183,0.0002625,694.96
0,509811,6,phononTS,0.000466582,-2.58928e-06,0.00200183,0.000262498,694.96,0.000466582,1,0.000184303,0.000908094,-0.0002625,940.885
0,509811,5,phononTF,0.000750173,-2.58928e-06,0.00200183,0.000262498,694.96,0.000750173,1,0.00031922,0.00219742,-0.0002625,809.987
0,515932,2,phononL,0.00718684,-0.000982867,0.00302977,0.000223021,525.93,0.00191,1,-0.000997588,0.00300455,0.0002625,539.405
0,522422,6,phononTF,0.000521021,-5.20643e-05,0.00195071,-0.0002625,1514.14,0.000382,1,-1.55328e-08,0.00200393,0.0002625,1698.03
0,527317,15,phononTS,0.000893387,0.00334652,0.00104242,-0.000262498,2868.57,0.000382,1,0.00299505,0.000997304,0.0002625,2994.38
0,529068,13,phononTS,0.000457287,0.000381323,0.00171523,-0.0002625,197.914,0.000382,1,0.00100049,0.0010033,0.0002625,648.727
0,538380,5,phononTS,0.000957459,-0.000202678,0.00220481,-0.0002625,51.5062,0.000764,1,-1.92798e-06,0.00199952,0.0002625,301.105
0,538380,4,phononTF,0.000826414,-0.000403427,0.00241009,0.000262498,51.5062,0.000826414,1,-0.00081418,0.00174469,-0.0002625,221.639
0,538380,3,phononTS,0.000701913,-0.000403427,0.00241009,0.000262498,51.5062,0.000701913,1,0.000348199,0.00227537,-0.0002625,236.911
0,538380,2,phononTS,0.000663884,-0.000403427,0.00241009,0.000262498,51.5062,0.000663884,1,-0.000401586,0.00241027,-0.0002625,142.636
0,542966,2,phononTS,0.00433516,0.00285991,0.000912614,-0.0002625,476.451,0.000764,1,0.00299759,0.00100374,0.0002625,1463.68
0,542966,14,phononL,0.000501631,0.00299759,0.00100374,0.000262499,1463.68,0.000501631,1,0.00352072,0.000951249,-0.0002625,1543.8
0,549500,6,phononTF,0.00104262,-0.000767842,0.00263295,-0.0002625,177.169,0.000382,1,-0.00100354,0.00300244,0.0002625,421.276
0,553030,15,phononTF,0.000654256,6.23746e-05,0.00193508,-0.000262498,187.612,0.000382,1,-3.10631e-06,0.00199866,0.0002625,278.837
0,561349,19,phononL,0.000673705,-4.84639e-05,-0.0011457,-0.0002625,4633.36,0.000382,1,-2.43393e-06,-0.00199558,0.0002625,4872.83
0,570156,3,phononTF,0.000465608,0.00200453,-8.1414e-07,0.0002625,179.721,0.000465608,1,0.00320917,-0.00121113,-0.0002625,1097.6
0,570156,2,phononTF,0.00537156,-0.000404729,0.00241981,0.000262498,179.721,0.00167677,1,-0.000743305,0.00267594,-0.0002625,298.341
0,577068,6,phononTS,0.000622431,-0.000335793,0.00274721,-0.000262498,99.0104,0.000382,1,-0.00299719,-0.00100192,0.0002625,959.425
0,582384,18,phononTS,0.000668109,2.79781e-05,0.00205484,-0.000262498,270.841,0.000382,1,1.28395e-06,0.00200429,0.0002625,360.302
0,582690,3,phononTS,0.000615858,-0.000632623,0.00276618,-0.0002625,96.8641,0.000382,1,-0.00100227,0.00300088,0.0002625,387.564
0,582690,2,phononTS,0.00195668,-0.000262976,0.00253147,0.000262498,96.8641,0.00195668,1,-0.000736498,0.00108931,-0.0002625,415.077
0,584240,13,phononTS,0.000396909,0.00203141,-4.98879e-05,-0.000262498,2139.86,0.000382,1,0.0019993,-4.84328e-06,0.0002625,2229.2
0,584240,4,phononTF,0.00163816,-0.00013408,0.00241291,0.000262498,719.17,0.000842894,1,-0.000901013,0.00148844,-0.0002625,947.689
0,585011,5,phononTF,0.00365018,-0.00112258,0.00311873,0.00016272,729.817,0.000382,1,-0.000999385,0.00299586,0.0002625,827.542
0,585011,9,phononTF,0.00147718,-0.000999385,0.00299586,0.000262498,827.542,0.00141226,1,-0.000903043,0.00291896,-0.0002625,920.161
0,588761,18,phononTS,0.000530877,-1.04384e-05,0.00205317,-0.0002625,169.683,0.000382,1,-1.59211e-06,0.00199813,0.0002625,443.219
0,589391,4,phononL,0.00254481,-0.000633772,0.00191436,-0.0002625,225.678,0.000764,1,-0.00100499,0.00100166,0.0002625,471.834
0,595812,4,phononTS,0.00137089,-7.39477e-06,0.00211796,-0.0002625,49.8239,0.000764,1,1.50939e-06,0.00200193,0.0002625,453.973
0,596617,3,phononTF,0.000944207,-0.000198505,0.00219282,-0.000262498,404.917,0.000382,1,3.57802e-06,0.00199656,0.0002625,507.21
0,603843,7,phononTS,0.000537295,4.42423e-06,0.00199738,0.000262498,479.01,0.000537295,1,0.000592016,0.00152271,-0.0002625,673.737
0,603936,6,phononTS,0.000692019,-0.000219539,0.0022186,-0.0002625,266.525,0.000382,1,2.18176e-06,0.00199877,0.0002625,522.893
0,608665,2,phononTS,0.00701568,1.63655e-06,0.00199258,0.000236318,38.8085,0.001528,1,3.28567e-06,0.00200348,0.0002625,138.925
0,613498,6,phononTF,0.00246553,6.57391e-05,0.00206849,-0.000262498,308.255,0.000764,1,-1.3616e-06,0.00199995,0.0002625,399.632
0,613498,10,phononTF,0.000928347,-1.3616e-06,0.00199995,0.000262498,399.632,0.000571267,1,-9.8006e-06,0.00180712,-0.0002625,498.542
0,613498,3,phononTS,0.000619069,-0.000359017,0.00250813,0.000262498,19.0041,0.000619069,1,0.00205425,0.00483951,-0.0002625,626.704
0,616244,8,phononTS,0.000632284,0.000995302,0.00100384,0.000262498,476.056,0.000632284,1,0.000437793,0.00222929,-0.0002625,766.427
0,623691,25,phononTS,0.000586538,-9.19287e-08,0.00200081,0.000262498,556.175,0.000116265,1,-9.42691e-06,0.00193619,-0.0002625,651.633
0,627059,4,phononTF,0.00112126,-0.000171514,0.00211682,-0.0002625,169.102,0.000382,1,3.03655e-06,0.00200174,0.0002625,463.547
0,637865,3,phononTS,0.00926943,8.78533e-06,0.00203445,0.000242788,822.765,0.00191,1,3.77925e-06,0.00200405,0.0002625,921.344
0,637865,6,phononTF,0.00513816,3.77925e-06,0.00200405,0.000262498,921.344,0.00373594,1,0.000161263,0.00215724,-0.0002625,1018.77
0,638818,1,phononTF,0.01,7.40164e-06,0.00199342,0.000240568,0,0.001146,1,2.38547e-06,0.00200339,0.0002625,331.054
0,638818,4,phononTS,0.00516691,2.38547e-06,0.00200339,0.000262498,331.054,0.00424424,1,0.00133294,0.00241074,-0.0002625,634.546
0,638818,3,phononTS,0.000654939,2.38547e-06,0.00200339,0.000262498,331.054,0.000654939,1,-0.00018456,0.00225996,-0.0002625,459.708
0,638818,2,phononTS,0.00206323,2.38547e-06,0.00200339,0.000262498,331.054,0.00133296,1,0.000820499,0.00205015,-0.0002625,523.984
0,640702,4,phononTF,0.000719492,-0.00121843,0.00123605,-0.000262498,2157.06,0.000382,1,-0.000999035,0.000996009,0.0002625,2263.54
0,663930,11,phononTS,0.000402514,-0.000847087,0.00306206,-0.000262498,290.444,0.000382,1,-0.00100215,0.00299912,0.0002625,399.232
0,664360,3,phononL,0.0011388,-0.00134042,0.000826507,-0.0002625,96.6485,0.000764,1,-0.000999058,0.00100491,0.0002625,436.548
0,664360,2,phononTS,0.00147037,-0.000275351,0.00236621,0.000262498,96.6485,0.000284912,1,-0.000430467,0.002828,-0.0002625,247.034
0,672261,6,phononTF,0.000402283,5.49519e-07,0.00200308,0.0002625,34.134,0.000402283,1,0.000166538,0.00183944,-0.0002625,329.141
0,672261,5,phononTS,0.00113531,-0.000331427,0.00233035,0.000262498,34.134,0.00056133,1,0.000324362,0.00191786,-0.0002625,231.287
0,672449,17,phononTS,0.000521942,-0.000959818,0.00284581,-0.000262498,230.243,0.000382,1,-0.00100454,0.00299918,0.0002625,333.403
0,680054,10,phononTS,0.000483308,-0.00199839,0.00200468,0.000262498,425.734,0.000483308,1,-0.00204075,0.00204362,-0.0002625,515.015
0,683348,7,phononTS,0.000516116,-0.000400375,0.00259523,-0.000262498,460.824,0.000382,1,-0.000996918,0.00299856,0.0002625,649.503
0,685286,11,phononTS,0.000641455,-0.00100331,0.00300188,0.000262498,265.148,0.000641455,1,-0.00104668,0.00304432,-0.0002625,354.275
0,689941,1,phononL,0.01,-6.58316e-05,0.00202841,0.000231894,0,0.000382,1,1.65113e-06,0.00199509,0.0002625,766.741
0,694624,13,phononTS,0.000395678,-0.000999517,-0.000998903,0.0002625,790.376,0.000395678,1,-0.00100983,-0.00098577,-0.0002625,1440.95
0,698826,13,phononTS,0.000564114,0.00135111,-0.00105215,-0.0002625,1729.54,0.000382,1,0.00200207,-1.10174e-07,0.0002625,2276.28
0,710534,5,phononTS,0.00080491,-0.000371663,0.00226981,-0.0002625,88.1721,0.000382,1,-3.3625e-06,0.00199659,0.0002625,326.878
0,710534,4,phononTF,0.000580152,-0.000417202,0.00228886,0.000262498,88.1721,0.000580152,1,7.12818e-05,0.00178307,-0.0002625,238.293
0,710534,3,phononTS,0.000878669,-0.000417202,0.00228886,0.000262498,88.1721,0.000352412,1,-0.00045797,0.00255734,-0.0002625,203.932
0,715410,19,phononTF,0.000604532,1.84773e-06,0.00199645,0.000262498,526.479,0.000604532,1,-9.48682e-06,0.00196871,-0.0002625,616.562
0,718470,6,phononTS,0.000790504,-0.00107134,0.00299326,-0.000262498,771.999,0.000382,1,-0.000999623,0.00300328,0.0002625,870.326
0,721772,1,phononTS,0.01,-2.12771e-05,0.00201171,0.000239676,0,0.00191,1,-4.36349e-06,0.00199516,0.0002625,1495.37
0,728069,17,phononTS,0.00070813,-7.43799e-05,0.00059748,-0.0002625,186.095,0.000382,1,-3.57393e-06,-1.8996e-06,0.0002625,843.128
0,736342,1,phononTF,0.01,-6.83541e-05,0.00206216,0.000225122,0,0.001146,1,-3.52951e-07,0.0019951,0.0002625,556.987
0,738394,9,phononTF,0.000530004,7.16038e-05,0.00196394,-0.000262498,618.06,0.000382,1,-1.26303e-06,0.00200462,0.0002625,709.392
0,738394,7,phononTS,0.000594635,5.22546e-05,0.0019453,0.000262498,528.313,0.000594635,1,2.53448e-05,0.00183022,-0.0002625,628.48
0,744883,18,phononTS,0.000418407,0.00194665,0.00201062,-0.000262498,1294.44,0.000382,1,0.00200261,0.00199987,0.0002625,1384.53
0,756447,10,phononTS,0.000693438,-0.000699345,0.00239403,-0.0002625,285.297,0.000382,1,-0.00200124,0.0020025,0.0002625,866.459
0,757399,4,phononTS,0.00167882,-0.000829361,0.00285509,-0.0002625,3.27517,0.000764,1,-0.000999414,0.00299768,0.0002625,468.424
0,757672,3,phononTF,0.00068516,-0.000473871,0.00248943,-0.000262498,420.881,0.000382,1,-4.69396e-08,0.00199922,0.0002625,568.098
0,782962,10,phononTS,0.000694881,-0.00102488,0.00292461,-0.000262498,508.196,0.000382,1,-0.000999115,0.00299527,0.0002625,604.676
0,789453,8,phononTS,0.000432117,-0.00113322,0.00217995,-0.0002625,131.039,0.000382,1,-0.0020014,0.00199821,0.0002625,551.304
0,789453,7,phononTS,0.000448849,-0.000265053,0.00236168,0.000262498,131.039,0.000448849,1,-0.000972401,0.00244362,-0.0002625,307.514
0,789453,6,phononTS,0.000685278,-0.005,-0.00358315,-0.00019047,131.039,0.000318616,1,-0.00416198,-0.00441642,-0.0002625,1717.45
0,792661,4,phononTF,0.00115056,-0.000682937,0.00271316,-0.0002625,31.372,0.000382,1,-0.00100345,0.00300122,0.0002625,266.474
0,792661,11,phononTS,0.000461144,-0.00100345,0.00300122,0.000262498,266.474,0.000461144,1,-0.000762653,0.00294745,-0.0002625,383.425
0,792661,3,phononTF,0.00166738,-0.00036242,0.0024251,0.000262498,31.372,0.000916753,1,-0.000191094,0.00259039,-0.0002625,130.306
0,792661,2,phononTS,0.00120489,-0.00036242,0.0024251,0.000262498,31.372,0.00117541,1,-0.00141831,0.00376275,-0.0002625,385.11
0,806468,5,phononTF,0.000421709,-0.000206807,0.00226471,-0.000262498,186.803,0.000382,1,-0.00100411,0.00299844,0.0002625,394.76
0,807866,2,phononTF,0.00233602,-0.000183168,0.00217544,-0.000262498,653.238,0.001146,1,-4.45809e-06,0.00199901,0.0002625,752.867
0,808282,9,phononTF,0.000613611,-3.85767e-06,0.00200127,0.000262498,576.287,0.000613611,1,0.000735768,0.00125752,-0.0002625,777.281
0,810041,13,phononTS,0.000577372,0.00299523,0.000999932,0.000262498,1394.09,0.000577372,1,0.00340453,0.00303724,-0.0002625,1842.52
0,810244,14,phononTS,0.000593358,0.000940583,-9.80044e-05,-0.000262498,2768.51,0.000382,1,0.00100302,-0.000998003,0.0002625,2977.92
0,810244,3,phononTS,0.00209622,0.000165151,0.00219322,0.000262498,359.393,0.000628422,1,0.000704961,0.00183639,-0.0002625,536.504
0,818016,10,phononTF,0.000727716,-0.00198854,0.00214681,-0.0002625,1363.93,0.000382,1,-0.00200288,0.00199537,0.0002625,1555.05
0,825002,12,phononTF,0.000748065,-0.00100424,0.00299775,0.000262498,1195.22,0.000748065,1,-0.000816763,0.0028173,-0.0002625,1295.53
0,825002,4,phononTF,0.000948614,-0.000345186,0.00225098,0.000262498,268.279,0.000948614,1,0.00284957,0.00348209,-0.0002625,880.77
0,836146,23,phononTF,0.00097476,-0.000965798,0.00295665,-0.0002625,267.287,0.000382,1,-0.00100327,0.00299505,0.0002625,447.98
0,836146,22,phononTS,0.000522407,-0.000928329,0.00291825,0.000262498,267.287,0.000522407,1,-0.00097218,0.0031889,-0.0002625,383.218
0,838060,2,phononTS,0.0011604,3.50257e-05,0.0020229,-0.0002625,871.88,0.000382,1,4.505e-06,0.0020037,0.0002625,1051.78
0,838060,19,phononTF,0.000671331,4.505e-06,0.0020037,0.000262498,1051.78,0.000671331,1,-9.0576e-05,0.00190634,-0.0002625,1144.62
0,838061,3,phononTF,0.00365827,0.000570633,0.00256611,-4.85627e-05,475.819,0.00357875,1,0.000654702,0.00249825,-0.0002625,656.243
0,843166,5,phononTS,0.00120162,-0.00074,0.00249606,-0.000262498,578.645,0.000382,1,-0.00199885,0.00199686,0.0002625,869.665
0,859980,8,phononTS,0.000426944,3.00992e-06,0.00200217,0.0002625,384.696,0.000426944,1,4.41918e-05,0.00176629,-0.0002625,882.714
0,859980,4,phononTS,0.000892426,-0.000309697,0.00244343,0.000262498,33.3662,0.000892426,1,-0.000268878,0.00248115,-0.0002625,126.615
0,862810,11,phononTS,0.000648067,-0.00199991,0.00200269,0.000262498,618.664,0.000648067,1,-0.00250942,0.00233784,-0.0002625,789.974
0,862810,9,phononTF,0.000827033,-0.00175743,0.00259129,0.000262498,357.331,0.00022119,1,-0.00180516,0.00233816,-0.0002625,462.4
0,865806,3,phononTF,0.000571989,-6.99608e-07,0.00199916,0.000262498,394.738,0.000571989,1,-0.000749813,0.00151739,-0.0002625,580.397
0,876361,11,phononTF,0.000570456,4.00545e-06,0.00199534,0.000262498,238.514,0.000570456,1,-7.31032e-06,0.00196367,-0.0002625,328.656
0,876492,1,phononTF,0.01,-1.27506e-05,0.00201123,0.000237669,0,0.001146,1,1.68235e-06,0.00199562,0.0002625,511.371
0,876492,6,phononTF,0.0011551,1.68235e-06,0.00199562,0.000262498,511.371,0.000851264,1,0.000740278,0.00124378,-0.0002625,712.903
0,876492,5,phononTF,0.00135946,1.68235e-06,0.00199562,0.000262498,511.371,0.000162124,1,-0.000668173,0.0015566,-0.0002625,683.253
0,904713,8,phononTS,0.000425415,1.18807e-05,0.00198138,-0.000262498,1381.14,0.000382,1,-3.80537e-07,0.00200131,0.0002625,1472.48
0,914007,13,phononL,0.000738379,-0.000612088,0.00232358,-0.0002625,691.959,0.000382,1,-4.92387e-06,0.00199716,0.0002625,881.523
0,914998,2,phononTF,0.00500216,-0.000133156,0.00213655,-0.0002625,32.4942,0.001146,1,-6.23071e-07,0.00199885,0.0002625,224.141
0,914998,6,phononTS,0.000506381,-6.23071e-07,0.00199885,0.000262498,224.141,0.000506381,1,-3.84034e-05,0.00222855,-0.0002625,338.942
0,914998,5,phononTF,0.00246658,-6.23071e-07,0.00199885,0.000262498,224.141,0.00201371,1,-0.000509075,0.00147905,-0.0002625,377.702
0,915274,2,phononTF,0.00439599,-0.00100248,0.00299853,0.0002625,71.1291,0.00214959,1,-0.000728966,0.00271263,-0.0002625,376.557
0,919140,2,phononTF,0.0010019,-5.17925e-05,0.00210824,-0.0002625,120.722,0.000382,1,-2.63922e-06,0.00200406,0.0002625,306.238
0,929806,16,phononTF,0.000404872,-2.85222e-06,0.00199659,0.000262498,1856.32,0.000404872,1,-0.000237781,0.0022202,-0.0002625,1961.9
0,931165,10,phononTS,0.000824813,-0.000996743,0.0030004,0.000262498,747.182,0.000824813,1,-1.31458e-05,0.00279027,-0.0002625,977.927
0,933524,8,phononTS,0.000630996,-0.000997556,0.00300024,0.0002625,588.174,0.000630996,1,-0.00119513,0.00273113,-0.0002625,980.9
0,950164,11,phononTS,0.000442472,-0.00138112,0.00326781,-0.0002625,1433.79,0.000382,1,-0.00099932,0.00300289,0.0002625,1732.78
0,951159,7,phononTF,0.000673858,-0.00126014,0.00275307,-0.000262498,746.019,0.000382,1,-0.0010034,0.00299798,0.0002625,854.428
0,951159,2,phononL,0.00617249,-0.00088189,0.00286923,-0.000169306,661.683,0.005563,1,-0.000910917,0.00296885,-0.0002625,769.305
0,951160,3,phononTS,0.00611059,5.74448e-05,0.00265592,-0.000134886,112.207,0.00429604,1,0.000192209,0.00295203,-0.0002625,324.072
0,956359,1,phononTF,0.01,-2.04213e-05,0.00198554,0.000163542,0,0.000764,1,-3.17449e-06,0.00200288,0.0002625,243.323
0,958210,2,phononTF,0.00274806,-0.00063559,0.0013157,-0.0002625,5.51452,0.001146,1,-0.000996184,0.00100225,0.0002625,498.728
0,961948,7,phononTS,0.000445648,-4.21188e-05,0.00174879,-0.000262498,992.249,0.000382,1,2.69308e-06,0.00200225,0.0002625,1106.16
0,965436,3,phononTS,0.00619384,-0.000972213,0.00289138,-0.0002625,12.5737,0.002674,1,-0.000996687,0.0029998,0.0002625,440.947
0,966632,8,phononTS,0.000512777,0.0020926,-0.00232265,-0.0002625,2510.32,0.000382,1,0.00200226,-0.0020038,0.0002625,2766.66
0,966632,3,phononTS,0.00353004,2.17052e-05,0.0027549,1.88417e-05,9.22781,0.00225313,1,-0.000206642,0.00345728,-0.0002625,270.336
0,969162,13,phononTF,0.000742585,-0.00100024,0.00299815,0.000262498,957.374,0.000673575,1,-0.00131003,0.00330212,-0.0002625,1074.08
0,969162,2,phononTF,0.00205406,-0.000532729,0.00164779,0.000262498,765.144,0.00114313,1,-0.00104048,0.00215622,-0.0002625,917.786
0,969834,6,phononTS,0.000478792,-1.20576e-06,0.00199881,0.000262498,476.355,0.000478792,1,4.40192e-05,0.00209955,-0.0002625,574.612
0,971406,10,phononTS,0.000421629,-0.00299814,-0.000998063,0.000262498,1559.49,0.000421629,1,-0.00296575,-0.00102858,-0.0002625,1649
0,976086,2,phononTF,0.00249858,-0.00061023,0.00262863,-0.000254546,8.17452,0.000764,1,-0.000997321,0.00300088,0.0002625,250.54
0,976086,13,phononTS,0.00161523,-0.000997321,0.00300088,0.000262498,250.54,0.00108955,1,-0.000691892,0.00390869,-0.0002625,468.957
0,981876,13,phononTS,0.000603498,-0.00200078,0.00199538,0.000262498,615.584,0.000498573,1,-0.00201333,0.00197138,-0.0002625,705.394
0,987722,5,phononTS,0.00117453,-0.00113836,0.00223158,-0.0002625,11.6108,0.000382,1,-0.00199681,0.00200497,0.0002625,434.205
0,1000313,10,phononTF,0.000849766,0.00160964,0.00037989,-0.0002625,747.945,0.000382,1,0.00199601,1.32132e-06,0.0002625,1005.99
0,1000313,8,phononTS,0.00173413,-0.005,0.00166946,-4.27892e-05,343.675,0.000981784,1,-0.00494343,0.00168776,-0.0002625,1900.98
0,1001547,7,phononTF,0.000671082,-0.000116303,0.00212308,-0.0002625,242.992,0.000382,1,4.56852e-06,0.00199691,0.0002625,432.425
0,1003482,8,phononL,0.000627606,-0.0005108,0.00210353,-0.0002625,1142.36,0.000382,1,-3.41892e-06,0.00200324,0.0002625,1301.68
0,1003482,7,phononTS,0.00105566,-0.00101818,0.00220383,0.000262498,1142.36,0.000802309,1,-0.000997479,0.00224574,-0.0002625,1234.45
0,1003482,6,phononTF,0.00189014,-0.00101818,0.00220383,0.000262498,1142.36,0.00170374,1,-0.00090464,0.00232065,-0.0002625,1236.48
0,1003985,7,phononTF,0.000639301,0.00100064,0.000995245,0.0002625,62.7885,0.000639301,1,0.00168501,0.000314323,-0.0002625,628.295
0,1006281,5,phononTF,0.000521263,-0.00216364,0.00187537,-0.0002625,700.5,0.000382,1,-0.00100199,0.00100493,0.0002625,1169.15
0,1006281,4,phononTS,0.000392348,-0.00144026,0.00260691,0.000262498,700.5,0.000392348,1,-0.000176411,0.00195934,-0.0002625,997.459
0,1014101,7,phononTS,0.000857046,-1.14993e-06,0.00200325,0.0002625,572.752,0.000386396,1,-0.000211786,0.00201216,-0.0002625,863.179
0,1016058,7,phononTF,0.000777343,-0.000230801,0.00222463,-0.0002625,93.6802,0.000382,1,4.76925e-06,0.00200196,0.0002625,306
0,1027119,3,phononTF,0.00113595,3.19544e-06,0.00200127,0.0002625,809.902,0.00113595,1,-2.31476e-05,0.00190238,-0.0002625,1087.05
0,1035814,7,phononTF,0.00111257,-5.47389e-05,0.00224053,-0.000262498,222.764,0.000382,1,3.20765e-06,0.00199853,0.0002625,326.68
0,1037031,3,phononTF,0.00441208,-0.00055522,0.00254024,-0.0002625,111.601,0.000382,1,-0.00100109,0.00300275,0.0002625,395.457
0,1040271,12,phononTF,0.000407813,-0.000244024,0.00225871,-0.000262498,359.101,0.000382,1,-8.23914e-07,0.00200384,0.0002625,467.27
0,1048406,11,phononTS,0.000471691,-0.000997822,0.00300375,0.000262498,339.707,0.000471691,1,-0.000802964,0.003037,-0.0002625,447.262
0,1054781,3,phononTF,0.000567363,-2.77637e-06,0.0020011,0.0002625,24.0312,0.000567363,1,0.000188247,0.00176039,-0.0002625,341.201
0,1054781,2,phononTS,0.00337072,-0.00301037,0.00476883,-0.000229175,24.0312,0.00270705,1,-0.00298633,0.00476923,-0.0002625,827.988
0,1055737,21,phononTF,0.000514719,-0.000620978,0.00169117,-0.0002625,250.837,0.000382,1,-0.00100199,0.000999454,0.0002625,597.207
0,1057472,2,phononTS,0.000482967,-0.000979515,0.00297963,-0.000262498,582.763,0.000382,1,-0.000999097,0.00299682,0.0002625,672.502
0,1059410,7,phononTF,0.000888047,-0.000995379,0.00300271,0.000262498,833.751,0.000888047,1,-0.000910022,0.00291903,-0.0002625,925.929
0,1065813,1,phononTS,0.01,1.04618e-05,0.00199836,0.000185063,0,0.001528,1,4.97723e-06,0.00200139,0.0002625,653.507
0,1069880,3,phononTS,0.00577168,8.87367e-05,0.00208751,0.000246137,61.8059,0.001528,1,2.07371e-06,0.00200131,0.0002625,391.24
0,1069904,12,phononTS,0.00065151,-0.00199612,0.00199512,0.000262498,1029.67,0.00065151,1,-0.00205369,0.00204655,-0.0002625,1124.24
0,1070993,14,phononTS,0.0009826,0.000441396,0.00097236,-0.0002625,892.748,0.000764,1,2.66921e-06,1.20385e-06,0.0002625,1379.13
0,1078912,4,phononTF,0.00120013,-7.44308e-05,0.00228592,-0.000262498,132.86,0.000382,1,2.67639e-06,0.00199906,0.0002625,241.995
0,1081225,5,phononTS,0.00149069,0.00019734,0.0018584,-0.0002625,287.467,0.000382,1,-4.39212e-06,0.00200438,0.0002625,516.749
0,1081225,13,phononTF,0.0010556,-4.39212e-06,0.00200438,0.000262498,516.749,0.0010556,1,-0.00206172,-3.51836e-05,-0.0002625,1020.75
0,1081225,4,phononTS,0.0013764,0.000374928,0.0018152,0.000262498,287.467,0.0013764,1,0.000342413,0.00140623,-0.0002625,420.866
0,1082783,7,phononTS,0.00045364,-0.000923679,0.00221632,-0.0002625,2116.55,0.000382,1,-0.000996888,0.0029995,0.0002625,2490.04
0,1082783,5,phononTS,0.00060353,-0.00130677,0.00223736,0.000262498,1819.34,0.00060353,1,-0.00377409,-0.000310942,-0.0002625,2460.41
0,1100616,13,phononTS,0.000535043,-0.00200311,0.00200287,0.000262498,3273.31,0.000535043,1,-0.00147166,0.00195034,-0.0002625,3423.23
0,1101903,12,phononTS,0.000558545,0.00198003,0.00203791,-0.0002625,1119.34,0.000382,1,0.00200275,0.00200384,0.0002625,1495.13
0,1108614,8,phononL,0.00118138,-0.000115632,0.00217091,-0.0002625,21.4942,0.000382,1,-1.41287e-06,0.00199507,0.0002625,151.391
0,1122569,10,phononTF,0.000700601,-0.00100301,0.00299711,0.0002625,189.206,0.000700601,1,-0.0012972,0.0033191,-0.0002625,543.1
0,1122569,7,phononTF,0.000962733,-0.000324778,0.00241537,0.000262498,3.45175,0.000962733,1,-0.000582236,0.00216959,-0.0002625,111.972
0,1122569,6,phononTF,0.000394288,-0.000324778,0.00241537,0.000262498,3.45175,0.000394288,1,-0.000229463,0.0023194,-0.0002625,96.2652
0,1122569,5,phononTS,0.00300984,-0.000714648,0.005,-1.18671e-05,3.45175,0.000622639,1,-0.000696524,0.00495578,-0.0002625,701.948
0,1125526,6,phononTS,0.000418348,-0.000439329,0.00221135,-0.000262498,390.402,0.000382,1,-3.02383e-06,0.00200189,0.0002625,541.636
0,1127394,9,phononTS,0.000525044,8.87904e-07,0.00200436,0.0002625,142.842,0.000525044,1,-4.25781e-05,0.00198969,-0.0002625,326.224
0,1134039,6,phononTF,0.00223526,4.2599e-06,0.00200003,0.0002625,138.153,0.000763498,1,0.000233937,0.00182703,-0.0002625,450.73
0,1134886,12,phononTS,0.00169013,-0.000842868,0.000892949,-0.0002625,774.619,0.000764,1,-0.000999436,0.00100043,0.0002625,998.979
0,1138431,3,phononL,0.000946573,0.000320069,0.00208115,-0.0002625,81.1988,0.000382,1,-1.45419e-06,0.00199585,0.0002625,455.383
0,1138431,7,phononTS,0.000484191,-1.45419e-06,0.00199585,0.000262498,455.383,0.000484191,1,0.000542268,0.000478096,-0.0002625,790.256
0,1138431,2,phononTF,0.00677113,-0.000968814,0.00203256,-6.7024e-05,81.1988,0.00497686,1,-0.000941544,0.00197877,-0.0002625,429.265
0,1138983,13,phononTS,0.000710387,-9.52424e-07,0.00200136,0.0002625,930.838,0.000710387,1,-5.55242e-05,0.00199658,-0.0002625,1112.74
0,1142587,12,phononTS,0.000780809,-0.000944105,0.00299982,-0.0002625,317.697,0.000382,1,-0.000999919,0.00299698,0.0002625,499.33
0,1149220,13,phononTS,0.000597818,0.000721685,0.00336875,-0.0002625,1364.18,0.000382,1,4.17642e-06,0.00199898,0.0002625,2112.01
0,1155442,9,phononTS,0.000459709,-0.000999727,0.00299658,0.0002625,6.61881,0.000459709,1,-0.00096699,0.00296212,-0.0002625,389.948
0,1175319,2,phononTF,0.00388409,-0.000405695,0.00239474,-0.0002625,175.63,0.000382,1,4.37548e-06,0.002,0.0002625,389.427
0,1175319,13,phononTS,0.00237797,4.37548e-06,0.002,0.000262498,389.427,0.00154093,1,-0.000184303,0.00191282,-0.0002625,503.149
0,1181350,7,phononTS,0.000521033,2.36608e-06,0.00199917,0.000262498,366.736,0.000521033,1,1.28226e-05,0.00202091,-0.0002625,456.647
0,1181350,5,phononTF,0.000500839,-0.00037345,0.00195146,0.000262498,147.516,0.000500839,1,-1.28367e-05,0.0015783,-0.0002625,273.825
0,1185994,7,phononL,0.000696762,0.00122181,0.00313694,-0.0002625,880.835,0.000382,1,-0.00100414,0.00300312,0.0002625,1201.05
0,1185994,6,phononTF,0.00128733,0.00117992,0.00349702,0.000262498,880.835,0.00102579,1,0.00146039,0.00321569,-0.0002625,993.543
0,1185994,5,phononTS,0.0006863,0.00117992,0.00349702,0.000262498,880.835,0.0006863,1,-0.00182662,0.000424512,-0.0002625,1652.73
0,1185994,4,phononTF,0.00182484,0.00117992,0.00349702,0.000262498,880.835,0.00119891,1,0.000972804,0.0037065,-0.0002625,983.892
0,1189505,15,phononTF,0.000640033,-0.000587884,0.00136838,-0.0002625,501.599,0.000382,1,-0.00100092,0.000997554,0.0002625,1031.46
0,1197353,3,phononTS,0.00124971,-0.00011413,0.00222244,-0.0002625,28.4904,0.000382,1,2.7285e-06,0.00200091,0.0002625,266.977
0,1199989,5,phononTS,0.000918168,-0.000491663,0.00276828,-0.000262498,556.815,0.000382,1,-2.71543e-06,0.00200022,0.0002625,776.002
0,1205981,14,phononTS,0.000807854,0.000995965,0.00100449,0.000262498,1088.95,0.000807854,1,0.00101893,0.00105598,-0.0002625,1178.58
0,1206320,19,phononL,0.00076583,0.00104964,0.00148526,-0.000262498,797.834,0.000382,1,0.00100354,0.00100258,0.0002625,875.215
0,1207374,8,phononTS,0.00062582,-1.40233e-06,0.00199656,0.0002625,132.751,0.00062582,1,-5.49064e-05,0.00202893,-0.0002625,404.32
0,1209510,14,phononTF,0.000627483,2.85563e-06,0.00199827,0.000262498,411.397,0.000627483,1,-0.000217319,0.00176977,-0.0002625,516.383
0,1210918,3,phononTF,0.00124585,-4.97381e-06,0.00200104,0.0002625,257.164,0.00107937,1,9.74468e-05,0.00192067,-0.0002625,536.024
0,1211556,4,phononTF,0.000412181,-4.54181e-07,0.00200179,0.0002625,298.359,0.000412181,1,-2.62744e-05,0.00196845,-0.0002625,478.774
0,1211556,2,phononTS,0.00653778,-0.000627847,0.00336084,-0.000183902,196.14,0.00313781,1,-0.00065432,0.00340857,-0.0002625,821.915
0,1212505,1,phononTF,0.01,-6.44938e-05,0.0019303,7.97227e-05,0,0.000382,1,-1.40263e-06,0.00199797,0.0002625,517.254
0,1213515,14,phononTF,0.00043484,-0.000998519,0.00300063,0.0002625,218.596,0.00043484,1,-0.0010835,0.00323195,-0.0002625,424.607
0,1215259,16,phononTS,0.000765409,0.000160834,0.00231801,-0.000262498,379.677,0.000382,1,-2.6505e-06,0.00200322,0.0002625,512.703
0,1220830,8,phononTF,0.000773373,-0.000744242,0.00280464,-0.0002625,327.271,0.000382,1,-0.00100003,0.00300361,0.0002625,542.232
0,1233179,27,phononTS,0.000406091,-0.0019978,0.00200219,0.000262498,617.429,0.000406091,1,-0.00225255,0.00200844,-0.0002625,732.822
0,1240447,2,phononTF,0.000862866,-0.000313574,0.00179193,-0.000262498,1331.08,0.000382,1,-6.88989e-07,0.00200448,0.0002625,1445.38
0,1240898,1,phononL,0.01,-8.89524e-05,0.00197324,0.000217834,0,0.003438,1,-1.54242e-06,0.00199588,0.0002625,188.496
0,1241485,14,phononTS,0.00250294,-4.50367e-06,0.0020026,0.000262498,203.479,0.0021607,1,0.00084418,0.00190567,-0.0002625,400.161
0,1245016,2,phononTF,0.00500014,0.000998813,0.00100178,0.0002625,28.0073,0.00465726,1,0.000719826,0.00072274,-0.0002625,654.985
0,1245017,1,phononTF,0.01,0.000540601,0.00289718,-0.000256738,0,0.00629773,1,0.000530473,0.00290997,-0.0002625,988.353
0,1250659,8,phononTS,0.000864893,2.37148e-06,0.00200059,0.0002625,396.863,0.000551795,1,2.36971e-05,0.00199663,-0.0002625,584.933
0,1251094,10,phononL,0.000438272,-0.000495232,0.00226872,-0.0002625,119.068,0.000382,1,3.19427e-06,0.00200154,0.0002625,270.218
0,1252203,19,phononTF,0.000578781,0.00200374,-0.00200072,0.000262498,6506.6,0.000578781,1,0.00206658,-0.00205473,-0.0002625,6597.69
0,1288788,6,phononTF,0.000467674,-0.00123389,0.00275671,-0.000262498,234.427,0.000382,1,-0.00100208,0.00300015,0.0002625,341.079
0,1301713,21,phononTS,0.000522967,-0.000174996,0.0019259,-0.000262498,566.187,0.000382,1,3.94599e-06,0.00199627,0.0002625,677.773
0,1303239,20,phononTS,0.000504456,-3.1847e-06,2.71437e-06,0.000262498,2147.74,0.000504456,1,3.97888e-05,-0.000473904,-0.0002625,2290.14
0,1303239,3,phononTS,0.000430206,-0.000441038,0.00231436,0.000262498,1017.41,0.000430206,1,0.000782209,0.00199577,-0.0002625,1291.09
0,1303239,2,phononTF,0.00150188,-0.000441038,0.00231436,0.000262498,1017.41,0.00054578,1,-0.000235603,0.00252723,-0.0002625,1120.57
0,1309061,5,phononTS,0.00244824,-0.000619909,0.00190748,-0.0002625,221.173,0.000764,1,-2.34761e-06,0.00200197,0.0002625,557.336
0,1309061,11,phononTS,0.000436094,-2.34761e-06,0.00200197,0.000262498,557.336,0.000436094,1,-4.38646e-05,0.00216437,-0.0002625,665.439
0,1315996,17,phononTS,0.000477993,-0.00286666,0.005,7.68389e-05,3142.29,0.000477993,1,7.89777e-05,0.00247266,-0.0002625,5080.45
0,1321801,5,phononTF,0.000395173,-0.000205213,0.00221543,-0.0002625,229.788,0.000382,1,1.92538e-06,0.00199963,0.0002625,436.598
0,1321801,4,phononTF,0.000747868,-0.000412351,0.00243123,0.000262498,229.788,0.000747868,1,-0.000728317,0.00209876,-0.0002625,349.902
0,1324509,11,phononTF,0.000481361,-0.00200373,0.00200266,0.000262498,795.583,0.000481361,1,-0.00318173,0.000807043,-0.0002625,1096.6
0,1332264,6,phononTS,0.000407998,0.000619286,0.00141714,-0.0002625,3.44675,0.000382,1,0.000998388,0.000996973,0.0002625,1052.3
0,1332264,5,phononTF,0.00166234,-0.00032578,0.002439,0.000262498,3.44675,0.00120157,1,-0.00044611,0.00231573,-0.0002625,98.0355
0,1332600,15,phononTF,0.000554133,-0.00199772,3.8468e-07,0.000262498,1493.92,0.000554133,1,-0.00152731,0.000192274,-0.0002625,1629.61
0,1339903,14,phononTS,0.000559737,-0.00100475,0.0029975,0.000262499,891.887,0.000559737,1,-0.000951175,0.00294552,-0.0002625,986.143
0,1343413,12,phononTF,0.000882362,-0.00074246,0.00313089,-0.0002625,418.851,0.000382,1,-0.000999715,0.00299533,0.0002625,767.103
0,1343413,13,phononTS,0.000412215,-0.000999715,0.00299533,0.000262498,767.103,0.000412215,1,-0.00106873,0.00378908,-0.0002625,955.481
0,1343809,4,phononTF,0.00114383,-0.000586332,0.0026015,-0.0002625,641.253,0.000382,1,-0.000999486,0.00299888,0.0002625,907.201
0,1343809,2,phononTF,0.00452652,2.47952e-05,0.00182327,0.000166153,444.916,0.00356626,1,-0.000214783,0.00205609,-0.0002625,537.929
0,1348443,2,phononTS,0.00228777,-3.46646e-05,0.00213591,-0.0002625,67.6325,0.000382,1,2.93658e-07,0.00199829,0.0002625,278.371
0,1348847,5,phononTS,0.00118213,-0.00200053,-4.7426e-06,0.0002625,7.74658,0.00049937,1,-0.00272165,-2.38591e-05,-0.0002625,823.804
0,1366675,16,phononTS,0.000897088,-0.00105347,0.00306748,-0.0002625,389.827,0.000382,1,-0.00100149,0.00299919,0.0002625,797.736
0,1366675,17,phononTF,0.000407556,-0.00100149,0.00299919,0.000262498,797.736,0.000407556,1,-0.000188238,0.00218523,-0.0002625,1014.25
0,1366675,3,phononTS,0.00205681,-0.000293893,0.00240774,0.000262498,31.549,0.00149254,1,-0.000168257,0.00251796,-0.0002625,141.209
0,1380480,11,phononTS,0.000618497,0.00200234,0.00200003,0.000262498,2388.83,0.000618497,1,0.00333184,0.00120301,-0.0002625,2705.42
0,1384879,5,phononTS,0.00214721,-0.000996707,0.002991,0.000254297,15.9601,0.000382,1,-0.000997807,0.00300178,0.0002625,167.64
0,1389736,16,phononTS,0.000492375,-0.00200119,-2.27562e-06,0.000262498,3189.32,0.000492375,1,-0.00180065,-0.000175947,-0.0002625,3311.19
0,1390319,1,phononTF,0.01,8.51847e-05,0.00207818,0.000142869,0,0.001146,1,-3.81608e-06,0.00199626,0.0002625,477.533
0,1390319,5,phononTF,0.000433774,-3.81608e-06,0.00199626,0.000262498,477.533,0.000433774,1,0.000563002,0.00144196,-0.0002625,640.322
0,1390319,4,phononTS,0.000561347,-3.81608e-06,0.00199626,0.000262498,477.533,0.000561347,1,-5.21824e-05,0.00195785,-0.0002625,566.656
0,1397444,11,phononTF,0.000410232,0.00199706,0.00200045,0.000262498,2443.18,0.000410232,1,0.0019149,0.00191428,-0.0002625,2535.34
0,1397444,6,phononTF,0.000812554,-0.000255609,0.00241951,0.000262498,97.643,0.000812554,1,-0.000812412,0.00202462,-0.0002625,251.003
0,1397444,5,phononTS,0.00134933,-0.000255609,0.00241951,0.000262498,97.643,0.00122768,1,3.40922e-05,0.00166736,-0.0002625,297.629
0,1399371,10,phononTF,0.000686675,-0.00206946,0.000259497,-0.000262498,1215.6,0.000382,1,-0.00199609,-3.80672e-06,0.0002625,1321.95
0,1399371,6,phononTS,0.00111689,-0.000174677,0.00273876,0.000262498,437.86,0.00111689,1,0.000262023,0.00225502,-0.0002625,616.305
0,1399371,5,phononTS,0.00137136,-0.000174677,0.00273876,0.000262498,437.86,0.00137136,1,-0.0001711,0.00299046,-0.0002625,553.341
0,1401414,15,phononTS,0.000509407,4.63333e-06,0.0019955,0.000262498,523.848,0.000509407,1,5.27236e-05,0.00196275,-0.0002625,613.176
0,1405461,8,phononTS,0.001332,-0.000766066,0.00267798,-0.000262498,677.974,0.000382,1,-0.00100296,0.00299586,0.0002625,817.686
0,1405461,9,phononTS,0.000576676,-0.00100296,0.00299586,0.000262498,817.686,0.000576676,1,-0.00105721,0.00302897,-0.0002625,910.428
0,1410369,11,phononTS,0.00110315,-2.26859e-06,0.0019987,0.0002625,217.516,0.00110315,1,2.5042e-06,0.00194419,-0.0002625,488.811
0,1413771,15,phononTF,0.00047622,-0.000995729,0.0030016,0.0002625,357.401,0.00047622,1,-0.0010929,0.00332107,-0.0002625,697.436
0,1415827,31,phononTS,0.000754913,-4.2524e-05,0.00209522,-0.000262498,193.01,0.000382,1,-2.56477e-07,0.00199797,0.0002625,291.057
0,1418516,15,phononTS,0.000679695,-0.00100613,0.00272145,-0.000262498,455.56,0.000382,1,-0.000995195,0.00300228,0.0002625,573.79
0,1418762,13,phononL,0.000526121,-0.000454472,0.000618238,-0.0002625,849.094,0.000382,1,-3.39959e-06,-2.39457e-06,0.0002625,1054.9
0,1435143,5,phononTS,0.00270886,-0.00174461,0.00210641,8.86446e-05,99.4302,0.001146,1,-0.00200054,0.00200305,0.0002625,529.31
0,1439316,5,phononTF,0.000752084,-0.000193479,0.00220122,-0.000262498,186.566,0.000382,1,3.62096e-06,0.00199971,0.0002625,288.571
0,1439774,16,phononTF,0.000547681,-6.22894e-05,0.00246028,-0.000262498,157.134,0.000382,1,-0.000995855,0.000995555,0.0002625,478.084
0,1441468,11,phononTS,0.000947498,0.00199964,3.03013e-06,0.000262498,732.14,0.000947498,1,0.00308878,0.000452059,-0.0002625,993.614
0,1441752,15,phononTS,0.000782554,0.00100184,-0.000996306,0.0002625,1367.05,0.000782554,1,0.000925521,-0.000989481,-0.0002625,1662.57
0,1441753,1,phononTS,0.01,0.000165504,0.00196548,-0.00020048,0,0.00702278,1,0.00023333,0.00197188,-0.0002625,935.783
0,1447170,15,phononTF,0.000636398,0.00100251,0.00100215,0.000262498,1913.99,0.000636398,1,0.00143763,0.0016578,-0.0002625,2083.58
0,1454513,3,phononTS,0.00587273,0.00207429,-0.000238652,0.000155765,47.1553,0.001146,1,0.00200496,2.91418e-06,0.0002625,1309.64
0,1456885,10,phononTS,0.000394135,2.49787e-06,0.00199642,0.000262498,449.252,0.000394135,1,-3.3488e-06,0.0019965,-0.0002625,542.579
0,1458411,14,phononTS,0.000540644,0.00199564,0.00199522,0.000262498,1509.98,0.000540644,1,0.00218036,0.00225994,-0.0002625,1639.28
0,1458411,2,phononTS,0.0014279,-0.00027066,0.00247019,0.000262498,31.3396,0.0014279,1,-0.000314005,0.00242596,-0.0002625,120.425
0,1459354,12,phononTF,0.00049516,-0.00186521,0.005,0.00024551,627.903,0.00049516,1,-0.00279327,0.00390458,-0.0002625,1408.11
0,1468352,19,phononTS,0.00105369,4.47434e-06,0.00200034,0.000262498,630.693,0.00105369,1,-0.000921132,0.00179602,-0.0002625,850.915
0,1471738,13,phononTF,0.000886157,-0.00131871,0.00279239,-5.71895e-05,479.984,0.000886157,1,-0.00152505,0.00248579,-0.0002625,661.478
0,1473204,10,phononL,0.000524641,-0.00100214,-0.000998369,0.000262498,696.184,0.000524641,1,-0.00190187,0.00073207,-0.0002625,927.379
0,1473204,7,phononTS,0.00144212,-0.000222284,0.00230581,0.000262498,142.659,0.00122807,1,-0.000257692,0.00225237,-0.0002625,235.574
0,1500249,11,phononTS,0.000952807,-0.000995927,0.00100244,0.000262498,1087.37,0.000952807,1,-0.0032713,0.000933181,-0.0002625,1582.79
0,1508466,7,phononTS,0.00106483,-0.000995198,0.00300379,0.000262498,812.356,0.000703479,1,-0.00102214,0.00270077,-0.0002625,932.655
0,1509532,13,phononTF,0.000509698,0.00200484,2.95777e-06,0.0002625,1185.71,0.000509698,1,0.00246954,0.000483633,-0.0002625,1476.59
0,1518107,28,phononTS,0.000391653,0.000226769,0.00197932,-0.000262498,1046.73,0.000382,1,-2.25835e-06,0.00200431,0.0002625,1158.08
0,1521589,10,phononTS,0.000572946,2.54902e-06,0.00200406,0.000262498,524.746,0.000572946,1,-3.68507e-05,0.00200837,-0.0002625,618.312
0,1521589,2,phononTS,0.000833979,-0.00210886,0.005,-0.000140452,363.776,0.000833979,1,-0.00225399,0.00484205,-0.0002625,979.711
0,1527475,8,phononTS,0.000560212,0.000286619,0.00171508,-0.0002625,184.709,0.000382,1,0.00100112,0.00100122,0.0002625,657.629
0,1527475,7,phononL,0.000589454,-0.000427882,0.00242893,0.000262498,184.709,0.000589454,1,-0.000407165,0.00294577,-0.0002625,264.202
0,1527475,6,phononL,0.00147719,-0.000427882,0.00242893,0.000262498,184.709,0.000968888,1,-0.000188131,0.00276652,-0.0002625,258.317
0,1528285,8,phononTS,0.000398675,-0.00100229,0.000998983,0.0002625,326.217,0.000398675,1,-0.00105708,0.000974632,-0.0002625,505.2
0,1538018,7,phononTS,0.000641338,0.00100307,0.000998416,0.000262498,891.584,0.000641338,1,0.000729923,0.00141192,-0.0002625,1045.53
0,1547361,20,phononTS,0.000461266,4.82875e-06,-2.21467e-06,0.000262498,2140.77,0.000461266,1,-4.52806e-05,-0.000578859,-0.0002625,2297.14
0,1552807,3,phononTF,0.00245025,-2.45029e-05,0.00208113,-0.0002625,627.585,0.001146,1,3.5491e-06,0.00200265,0.0002625,810.556
0,1553644,12,phononTF,0.000762587,-0.000618368,0.00267335,-0.0002625,212.643,0.000382,1,-0.00100458,0.00299567,0.0002625,466.485
0,1553644,3,phononTF,0.000469687,-0.000312464,0.00244685,0.000262498,25.8419,0.000469687,1,0.000469996,0.00208709,-0.0002625,212.614
0,1553644,2,phononL,0.00186943,-0.000312464,0.00244685,0.000262498,25.8419,0.000516256,1,-7.98891e-05,0.00258562,-0.0002625,92.6695
0,1555495,7,phononTS,0.000569514,-0.00097289,0.0014388,-0.000262498,931.216,0.000382,1,-0.000996468,0.000999989,0.0002625,1069.08
0,1561744,9,phononTS,0.000754944,-0.000995165,0.00100207,0.000262498,630.134,0.000754944,1,-0.00104513,0.00103587,-0.0002625,719.374
0,1561744,6,phononL,0.00243932,-0.000395586,0.00247975,0.000262498,70.5661,0.00236685,1,-0.000767272,0.00241916,-0.0002625,141.781
0,1561744,5,phononTF,0.000731776,-0.000395586,0.00247975,0.000262498,70.5661,0.000731776,1,-0.00021784,0.00273853,-0.0002625,177.864
0,1561744,4,phononL,0.000588826,-0.000395586,0.00247975,0.000262498,70.5661,0.000588826,1,-3.50047e-05,0.0028049,-0.0002625,148.93
0,1561745,1,phononTS,0.01,-0.000433521,0.00225781,-6.75425e-05,0,0.00493642,1,-0.000442136,0.00224315,-0.0002625,207.267
0,1568280,11,phononTS,0.000410966,-0.000121128,0.00223804,-0.0002625,22.5234,0.000382,1,4.69577e-06,0.00199831,0.0002625,266.177
0,1571608,16,phononTF,0.000686735,-0.00200193,0.00199649,0.0002625,209.424,0.000458508,1,-0.00282357,0.00150147,-0.0002625,604.104
0,1571608,2,phononTS,0.00313365,-0.000428361,0.0025151,0.000262498,26.4637,0.00186366,1,-0.000559746,0.00251404,-0.0002625,129.271
0,1574218,15,phononTS,0.000478887,-0.000414766,0.00257945,-0.000262498,477.702,0.000382,1,-0.000998046,0.00100458,0.0002625,824.36
0,1576325,11,phononTF,0.000439228,1.18055e-06,0.00199685,0.000262498,507.953,0.000439228,1,0.00103776,0.00302831,-0.0002625,774.087
0,1579747,9,phononTF,0.000464012,-0.000527308,0.00246986,-0.000262498,161.543,0.000382,1,-0.000995682,0.00299566,0.0002625,314.018
0,1580204,6,phononL,0.000536382,-0.00167556,0.00210066,-0.0002625,72.4108,0.000382,1,-0.00200185,0.00199707,0.0002625,524.069
0,1580204,5,phononTF,0.000537145,-0.00038977,0.0021592,0.000262498,72.4108,0.000537145,1,-0.00068479,0.00217138,-0.0002625,182.269
0,1580204,4,phononTF,0.000528817,-0.00038977,0.0021592,0.000262498,72.4108,0.000528817,1,-5.23437e-05,0.00183605,-0.0002625,192.632
0,1584349,8,phononTS,0.000392983,1.21624e-05,0.00190837,-0.000262498,313.442,0.000382,1,3.02506e-06,0.00199541,0.0002625,410.738
0,1584349,6,phononTS,0.00123475,-0.000558355,0.00249134,0.000262498,147.424,0.000576275,1,-0.00054552,0.00254684,-0.0002625,237.423
0,1586540,18,phononTS,0.000597011,3.16351e-05,0.00228682,-0.000262498,397.201,0.000382,1,-4.00281e-06,0.00199683,0.0002625,515.541
0,1586592,9,phononTF,0.00059248,-0.000213116,0.00219785,-0.0002625,328.914,0.000382,1,-2.99824e-06,0.0019957,0.0002625,534.467
0,1588072,22,phononTS,0.000613989,-0.000840554,0.00296761,-0.0002625,922.556,0.000382,1,-0.00100392,0.00299661,0.0002625,1131.89
0,1594898,8,phononTF,0.000442398,-0.0010016,0.00299766,0.000262498,1091.34,0.000442398,1,-0.00134438,0.00334486,-0.0002625,1214.03
0,1594968,14,phononTS,0.000981759,-2.74388e-06,0.00200486,0.000262498,396.648,0.000981759,1,4.60738e-05,0.00192643,-0.0002625,492.925
0,1594968,2,phononTF,0.000759439,-0.000194474,0.00207916,0.000262498,190.915,0.000759439,1,0.000190131,0.00245271,-0.0002625,319.331
0,1594969,1,phononTF,0.01,-0.000198136,0.00274964,-0.000224427,0,0.00716976,1,-0.000210014,0.00273756,-0.0002625,927.946
0,1610483,11,phononTS,0.00062267,4.78313e-07,0.0020006,0.000262498,431.798,0.00062267,1,-0.00134116,0.00404255,-0.0002625,913.246
0,1618422,4,phononTS,0.000384514,-0.000985964,0.0029422,-0.000262498,462.179,0.000382,1,-0.00100297,0.00299709,0.0002625,551.989
0,1627266,8,phononTS,0.000522815,1.48884e-06,0.00199622,0.000262498,771.203,0.000522815,1,-5.20523e-05,0.00198768,-0.0002625,862.389
0,1634584,1,phononTS,0.01,2.40898e-05,0.00199026,0.000249033,0,0.003056,1,-8.56113e-09,0.00199937,0.0002625,310.784
0,1641392,22,phononTF,0.00084892,-0.001221,0.000767586,-0.000262498,534.963,0.000382,1,-0.000996576,0.000997321,0.0002625,640.644
0,1653338,11,phononTF,0.000522939,-0.00200222,0.00199594,0.000262498,1393.91,0.000522939,1,-0.00296501,0.00255626,-0.0002625,1615.97
0,1663853,16,phononTF,0.000832484,-0.000587048,0.00139687,-0.0002625,723.652,0.000382,1,-0.000996351,0.00100347,0.0002625,988.195
0,1664510,7,phononTS,0.000563939,2.43599e-07,0.00200499,0.000262498,511.044,0.000563939,1,-0.000453551,0.0015313,-0.0002625,690.195
0,1664923,3,phononTF,0.00138469,0.00266753,-0.00131365,-0.0002625,12.1933,0.000382,1,0.000999951,-0.00299947,0.0002625,3563.25
0,1664923,2,phononTS,0.00174001,-0.000321314,0.00242855,0.000262498,12.1933,0.00123249,1,-0.000347774,0.00241533,-0.0002625,103.191
0,1678042,3,phononTF,0.000747862,-0.000243342,0.00224009,-0.000262498,912.146,0.000382,1,-4.46316e-06,0.0020009,0.0002625,1019.04
0,1680132,8,phononTF,0.000395185,0.000997531,-0.00100037,0.000262498,1012.95,0.000395185,1,0.000328033,-0.00167514,-0.0002625,1199.27
0,1680132,3,phononTF,0.000420214,-0.000314726,0.00242521,0.000262498,0.949988,0.000420214,1,-6.10159e-05,0.00216297,-0.0002625,110.405
0,1680132,2,phononTF,0.00328125,0.005,0.00497087,-0.000160458,0.949988,0.0014937,1,0.00492782,0.00490977,-0.0002625,2735.83
0,1683827,10,phononTS,0.000393405,-0.00200175,0.00199675,0.000262498,779.604,0.000393405,1,-0.00149515,0.00204716,-0.0002625,926.069
0,1688411,22,phononTF,0.000785241,-0.000313257,0.00233477,-0.000262498,207.263,0.000382,1,-0.00100181,0.0010005,0.0002625,493.743
0,1688937,2,phononTF,0.000415949,-0.000688375,0.00267624,-0.0002625,18.0132,0.000382,1,-0.00100369,0.00300301,0.0002625,255.565
0,1688938,3,phononTS,0.00658665,-0.00171961,0.00293338,-0.000254353,282.047,0.00353151,1,-0.00175391,0.00292057,-0.0002625,1093.92
0,1692134,6,phononL,0.000430121,-0.00134334,0.000952084,-0.000262498,609.696,0.000382,1,-0.000998942,0.000997649,0.0002625,679.511
0,1692658,11,phononL,0.000627498,3.24829e-06,0.00200233,0.000262498,552.501,0.000627498,1,4.69115e-05,0.00269961,-0.0002625,646.017
0,1696368,2,phononTS,0.000937522,-0.000570746,0.000163607,-0.0002625,53.3075,0.000382,1,-0.000999885,-0.00100343,0.0002625,1036.9
0,1700052,13,phononTS,0.000636763,-0.00102003,0.00156483,-0.000262498,677.034,0.000382,1,-0.00100041,0.001004,0.0002625,826.913
0,1702978,17,phononTF,0.000586239,-0.000275723,0.00228554,-0.000262498,577.737,0.000382,1,4.44506e-06,0.00199813,0.0002625,690.85
0,1710788,3,phononTF,0.00114733,-0.000641585,0.00269961,-0.0002625,6.1307,0.000382,1,-0.000995385,0.00299643,0.0002625,249.86
0,1714088,13,phononTS,0.000765521,-0.00200305,-0.00198094,-0.000262498,1291.07,0.000382,1,-0.00199738,-0.00199555,0.0002625,1381.32
0,1714088,2,phononTS,0.00249325,-0.000300098,0.0024183,0.000262498,81.0582,0.00156814,1,-0.000186501,0.00246186,-0.0002625,180.502
0,1721069,2,phononTS,0.00320612,-3.57002e-05,0.00204682,-0.0002625,532.921,0.000382,1,4.77464e-06,0.00200011,0.0002625,657.444
0,1725361,5,phononTS,0.000767945,-2.05949e-05,0.002028,-0.000262498,381.727,0.000382,1,3.52156e-06,0.0020035,0.0002625,471.493
0,1729511,18,phononTF,0.000432619,-0.000213945,0.00221831,-0.0002625,188.877,0.000382,1,-4.06866e-06,0.00199797,0.0002625,396.532
0,1730747,12,phononTS,0.000761315,-0.00099562,0.00100436,0.0002625,312.864,0.000358747,1,-0.00120216,0.000960505,-0.0002625,530.218
0,1740694,13,phononTS,0.000465247,2.472e-05,0.00199919,-0.000262498,163.45,0.000382,1,2.08759e-06,0.00199727,0.0002625,253.17
0,1744493,11,phononTF,0.000421917,-0.000998513,0.000997013,0.000262498,2027.42,0.000421917,1,-0.00169372,0.00165931,-0.0002625,2215.9
0,1745057,12,phononTF,0.000607751,-0.00199995,-0.00199957,0.000262498,2881.53,0.000607751,1,-0.00183304,-0.00183639,-0.0002625,2979.88
0,1750574,1,phononTS,0.01,-0.000995743,0.0029971,0.000253516,0,0.003438,1,-0.000995002,0.00300142,0.0002625,1054.31
0,1756216,13,phononTS,0.000699603,3.22e-07,0.00199761,0.000262498,622.147,0.000699603,1,0.000177619,0.00299465,-0.0002625,851.358
0,1756216,2,phononTF,0.000742976,-0.000256039,0.00243171,0.000262498,46.3046,0.000307128,1,-0.000418422,0.00265742,-0.0002625,149.878
0,1762550,2,phononTS,0.00401462,0.000882119,0.00063739,-0.000256904,409.23,0.000382,1,0.00100353,0.000997239,0.0002625,998.081
0,1779080,12,phononTF,0.00109741,-0.00100355,0.00300148,0.000262498,771.029,0.000358311,1,-0.00103763,-0.00203848,-0.0002625,1666.88
0,1781301,4,phononL,0.00222713,-0.000103942,0.00221686,-0.0002625,39.0355,0.001146,1,8.32791e-07,0.00200121,0.0002625,170.625
0,1781301,10,phononTS,0.000403221,8.32791e-07,0.00200121,0.000262498,170.625,0.000403221,1,7.12504e-05,0.00195856,-0.0002625,270.846
0,1781301,3,phononTF,0.00173199,-0.000208716,0.00243252,0.000262498,39.0355,0.00110618,1,3.86617e-05,0.0026921,-0.0002625,147.8
0,1785488,12,phononTF,0.000383423,-8.47325e-07,-1.16417e-06,0.000262498,1450.91,0.000383423,1,-0.000233665,-0.000155521,-0.0002625,1555.03
0,1785743,9,phononTF,0.00199107,0.000342913,0.00164961,-0.0002625,80.8817,0.001146,1,0.000997888,0.00100319,0.0002625,443.827
0,1785743,8,phononTF,0.000561745,0.00287173,-0.005,4.14911e-05,80.8817,0.000561745,1,0.00319629,-0.00468358,-0.0002625,2536.96
0,1785743,7,phononTS,0.000494641,-0.00031206,0.00229602,0.000262498,80.8817,0.000494641,1,-0.000151355,0.00234008,-0.0002625,184.765
0,1785743,6,phononTS,0.000453611,-0.00031206,0.00229602,0.000262498,80.8817,0.000453611,1,-0.000437922,0.0022838,-0.0002625,182.651
0,1792526,7,phononTS,0.000499397,0.000897149,0.00219542,-0.0002625,112.819,0.000382,1,0.00199627,0.00200277,0.0002625,606.951
0,1792526,6,phononTS,0.000646948,-0.000201965,0.00238807,0.000262498,112.819,0.000646948,1,-0.000218498,0.00244302,-0.0002625,202.652
0,1808990,16,phononTF,0.000391374,-0.0022587,0.00227107,-0.000262498,1510.94,0.000382,1,-0.00199969,0.00200354,0.0002625,1621.1
0,1808990,7,phononTF,0.00126343,-0.000762334,0.00241623,0.000262498,228.15,0.000493842,1,-0.000900588,0.00248339,-0.0002625,323.056
0,1815263,13,phononTS,0.000504555,-0.00100423,0.000995267,0.000262498,1065.08,0.000504555,1,0.000171219,0.00201335,-0.0002625,1393.43
0,1815263,8,phononTS,0.000639671,-0.000404577,0.00244924,0.000262498,206.18,0.000639671,1,-0.000508846,0.0024176,-0.0002625,305.206
0,1816904,15,phononTF,0.000475527,-0.000653165,0.00064646,-0.0002625,377.943,0.000382,1,-0.00100034,0.00100285,0.0002625,612.536
0,1822967,11,phononTS,0.00053405,-0.000460546,0.00240037,-0.000262498,123.209,0.000382,1,-0.000996026,0.00100309,0.0002625,437.266
0,1825222,6,phononTF,0.000835828,-0.000790391,0.00321059,-0.0002625,191.675,0.000382,1,-0.00100351,0.00300137,0.0002625,405.899
0,1825222,7,phononTF,0.000416733,-0.00100351,0.00300137,0.000262498,405.899,0.000416733,1,-0.00102253,0.00322367,-0.0002625,507.62
0,1825222,3,phononTF,0.0030231,-0.000307366,0.00246624,0.000262498,17.2056,0.00184148,1,-0.000302766,0.00245439,-0.0002625,107.121
0,1826415,18,phononTS,0.000927433,-0.00097623,0.00308118,-0.000262498,190.849,0.000382,1,-0.000995928,0.0030005,0.0002625,290.429
0,1826416,3,phononTS,0.00277532,-0.000318763,0.00257395,0.000101227,79.0296,0.00277532,1,0.005,-0.00185405,-1.63133e-05,1297.38
0,1827278,18,phononTF,0.000436276,-0.00123117,0.00289091,-0.0002625,943.322,0.000382,1,-0.000998564,0.00300399,0.0002625,1150.22
0,1830106,16,phononTS,0.000855207,-0.00100789,0.00332064,-0.000262498,276.151,0.000382,1,-0.00100167,0.00299796,0.0002625,400.143
0,1844607,6,phononTF,0.00282244,-0.000508462,0.00261246,-0.0002625,274.564,0.000382,1,-0.000998822,0.00299625,0.0002625,532.014
0,1844607,12,phononTS,0.00178598,-0.000998822,0.00299625,0.000262498,532.014,0.000276446,1,-0.000986159,0.00224579,-0.0002625,716.109
0,1845330,7,phononTS,0.00130392,0.000105148,0.0010337,-0.0002625,298.21,0.000764,1,-2.06557e-06,4.75404e-06,0.0002625,774.923
0,1856742,13,phononTS,0.000741952,-0.00200475,0.00200364,0.000262498,1112.49,0.000741952,1,-0.00198363,0.0019727,-0.0002625,1202.01
0,1858646,5,phononTS,0.00048584,3.52129e-06,0.00199607,0.000262498,626.848,0.00048584,1,-2.82316e-05,0.00201194,-0.0002625,722.662
0,1862517,2,phononTF,0.00515637,-0.00089064,0.00289011,-0.0002625,92.1605,0.000764,1,-0.000997728,0.00299946,0.0002625,477.239
0,1864059,8,phononTF,0.00174843,-0.000146972,0.00212552,-0.0002625,64.9321,0.000382,1,-4.76249e-06,0.00200465,0.0002625,256.679
0,1864059,13,phononL,0.000725176,-4.76249e-06,0.00200465,0.000262498,256.679,0.000725176,1,-6.14341e-05,0.00234425,-0.0002625,326.363
0,1864059,12,phononTS,0.000545103,-4.76249e-06,0.00200465,0.000262498,256.679,0.000545103,1,-6.08996e-05,0.00205104,-0.0002625,351.211
0,1866844,2,phononTF,0.00721375,0.000243843,0.000165513,-0.000109513,297.453,0.000382,1,1.74845e-07,1.16632e-06,0.0002625,1237.19
0,1866844,6,phononTF,0.00221706,1.74845e-07,1.16632e-06,0.000262498,1237.19,0.00115901,1,-0.000686044,0.000695602,-0.0002625,1426.94
0,1867791,10,phononTF,0.000551081,-0.000274624,0.00175262,-0.000262498,1608.79,0.000382,1,-0.00100391,0.00100435,0.0002625,1808.88
0,1882717,3,phononTF,0.000597971,-0.000706259,0.00223846,-0.000262498,1134.35,0.000382,1,-0.0010003,-0.00100073,0.0002625,1726.24
0,1885851,19,phononTS,0.000427715,2.70397e-05,0.00203516,-0.000262498,462.996,0.000382,1,-1.37691e-06,0.00200436,0.0002625,552.495
0,1887003,13,phononTS,0.000609456,0.00199834,-4.43501e-06,0.000262499,1021.6,4.2629e-05,1,0.00201119,5.09908e-05,-0.0002625,1111.6
0,1887640,9,phononTF,0.00146203,-0.000998972,0.000997311,0.000262498,1019.18,0.000835732,1,-0.000746365,0.00125967,-0.0002625,1128.55
0,1889875,2,phononTS,0.00661824,-0.000297788,0.00230434,0.000230411,55.5216,0.000382,1,3.83134e-06,0.00199954,0.0002625,160.355
0,1894908,3,phononL,0.0007523,-0.000542052,0.00205575,-0.000262498,347.074,0.000382,1,4.1129e-07,0.00200199,0.0002625,428.559
0,1906700,14,phononTS,0.000503457,-0.00420795,0.005,-0.000222054,1385.51,0.000503457,1,-0.00421476,0.00498076,-0.0002625,2731.89
0,1941359,10,phononTS,0.00110774,-0.000965887,0.00295753,-0.000262498,992.438,0.000382,1,-0.00100378,0.00299502,0.0002625,1081.76
0,1941359,11,phononTS,0.000406344,-0.00100378,0.00299502,0.000262498,1081.76,0.000406344,1,-0.000917557,0.00303394,-0.0002625,1178.99
0,1942729,11,phononTF,0.000505348,4.49004e-06,0.00199648,0.000262498,276.164,0.000505348,1,-0.00268282,-0.0033308,-0.0002625,1316.92
0,1942729,8,phononTS,0.000601692,-0.000236253,0.00248247,0.000262498,32.6569,0.000601692,1,6.39049e-05,0.00278619,-0.0002625,177.035
0,1946370,7,phononTS,0.000392904,-4.69656e-06,0.00194632,-0.0002625,832.546,0.000382,1,4.23667e-06,0.00200131,0.0002625,1014.92
0,1946370,3,phononTS,0.00136449,-0.000707935,0.00227365,0.000262498,687.543,0.000365661,1,-3.20359e-05,0.0022149,-0.0002625,858.394
0,1952638,14,phononTF,0.00053886,-0.00153061,0.000482812,-0.0002625,479.933,0.000382,1,-0.00200113,-1.11119e-06,0.0002625,918.911
0,1964174,11,phononTF,0.000727997,0.0010925,-0.000905652,-0.000262498,2838.85,0.000382,1,0.00100281,-0.000999175,0.0002625,2931.42
0,1964670,14,phononTF,0.00046524,0.002003,0.00200339,0.000262498,1253.36,0.00046524,1,-8.6037e-05,0.00408929,-0.0002625,1766.84
0,1964670,4,phononTS,0.000983881,-0.000292725,0.00242748,0.000262498,13.0986,2.3995e-05,1,-0.00196755,0.00166973,-0.0002625,388.014
0,1972087,16,phononTS,0.00119321,-0.000217389,0.00244726,-0.000262498,156.708,0.000382,1,-0.000995007,0.000995671,0.0002625,499.23
0,1975299,9,phononTF,0.000657125,-0.00011899,0.00211341,-0.0002625,98.173,0.000382,1,3.00613e-07,0.00200008,0.0002625,286.514
0,1975299,8,phononTS,0.00134774,-0.00023828,0.00222675,0.000262498,98.173,0.00134774,1,0.000576252,0.00228603,-0.0002625,294.079
0,1975299,7,phononTS,0.00070663,-0.00023828,0.00222675,0.000262498,98.173,0.00070663,1,2.83697e-05,0.0034102,-0.0002625,369.343
0,1981552,10,phononTS,0.000761619,0.000123273,0.00194974,-0.0002625,2453.17,0.000382,1,3.83384e-06,0.00199866,0.0002625,2652.82
0,1984337,20,phononTF,0.000462092,-0.00124878,0.00325107,-0.000262498,633.449,0.000382,1,-0.000997779,0.00300084,0.0002625,742.118
0,1984337,16,phononTF,0.000580562,-0.000655087,0.00277359,0.000262498,356.698,0.000580562,1,-0.000161131,0.00227103,-0.0002625,507.688
0,2001307,21,phononTF,0.000814337,-0.000882247,0.00297323,-0.0002625,314.531,0.000382,1,-0.00100417,0.00299799,0.0002625,503.353
0,2001938,6,phononTF,0.000995347,-0.000264987,0.00226305,-0.000262498,356.627,0.000382,1,-3.92942e-06,0.00199535,0.0002625,466.95
0,2003352,11,phononTS,0.000495422,-0.00021647,0.00198742,-0.000262498,300.268,0.000382,1,-4.48938e-06,0.00199983,0.0002625,410.646
0,2006870,5,phononL,0.00122867,-0.000599044,0.00273687,-0.0002625,45.1739,0.000382,1,-0.000997775,0.00299722,0.0002625,200.304
0,2008175,12,phononTS,0.000486869,-1.96812e-06,0.00199841,0.000262498,458.063,0.000486869,1,-0.00109949,0.0026904,-0.0002625,741.691
0,2008973,15,phononL,0.000467756,0.000904559,0.000329271,-0.0002625,481.555,0.000382,1,0.00100487,0.000997611,0.0002625,665.176
0,2008973,7,phononTS,0.000929569,-0.000303889,0.00245916,0.000262498,34.8065,0.000929569,1,0.00124327,0.00431487,-0.0002625,490.531
0,2008973,6,phononL,0.000523569,-0.000303889,0.00245916,0.000262498,34.8065,0.000523569,1,0.000344508,0.00218835,-0.0002625,130.243
0,2010857,6,phononTS,0.000516746,-5.16228e-05,0.00197359,-0.0002625,549.742,0.000382,1,1.12503e-06,0.00199706,0.0002625,728.862
0,2010857,3,phononTF,0.000841941,-0.000455863,0.0024441,0.000262498,232.063,0.000841941,1,-0.000151644,0.00251344,-0.0002625,343.274
0,2015514,7,phononTF,0.000420685,-0.000195893,0.00219583,-0.0002625,31.2156,0.000382,1,-1.38798e-06,0.00200005,0.0002625,234.294
0,2019719,11,phononTS,0.000452635,0.00186766,0.00122099,-0.0002625,556.197,0.000382,1,0.00199918,0.00200163,0.0002625,944.391
0,2032345,12,phononTS,0.000779522,-0.000168239,0.00226754,-0.000262498,296.269,0.000382,1,-1.01843e-06,0.00199622,0.0002625,424.792
0,2040529,7,phononTF,0.00195165,0.000866713,0.00114315,-0.0002625,204.393,0.000764,1,0.00100232,0.0010027,0.0002625,698.038
0,2045520,21,phononTS,0.000850851,-0.00199795,0.00199832,0.000262498,468.02,0.000610469,1,-0.00181661,0.00201975,-0.0002625,574.24
0,2048409,5,phononTS,0.000534711,-2.4861e-06,0.00200197,0.0002625,255.807,0.000534711,1,5.91884e-05,0.00226262,-0.0002625,495.077
0,2051306,1,phononTS,0.01,4.62044e-05,0.00201472,0.000136281,0,0.002292,1,2.58374e-06,0.00200357,0.0002625,617.47
0,2051978,12,phononL,0.000879972,-0.00193065,0.00161088,-0.0002625,1349.15,0.000382,1,-0.00200281,0.00199891,0.0002625,1493.46
0,2062153,4,phononTF,0.00174579,-0.0001591,0.00215368,-0.0002625,19.3257,0.000382,1,-2.11948e-06,0.0020001,0.0002625,214.257
0,2063844,13,phononTS,0.000411275,3.14769e-06,0.00200416,0.000262498,312.553,0.000411275,1,-9.71503e-06,0.00199242,-0.0002625,402.377
0,2063844,6,phononTF,0.000667451,-0.000332671,0.00245221,0.000262498,19.9418,0.00057212,1,-0.000226209,0.00228749,-0.0002625,117.192
0,2063931,3,phononTS,0.000838277,-0.00114044,0.00220125,-0.0002625,163.91,0.000382,1,-0.001998,0.00200354,0.0002625,576.584
0,2067854,3,phononTS,0.000439928,-0.00117563,0.00220133,-0.0002625,10.9485,0.000382,1,-0.00200251,0.00200356,0.0002625,420.526
0,2067854,2,phononTS,0.00113175,-0.000348742,0.00239911,0.000262498,10.9485,0.000923643,1,0.000345684,0.00177712,-0.0002625,234.534
0,2069876,4,phononTF,0.00240323,-0.000863247,0.00291363,-0.0002625,101.033,0.000764,1,-0.00099979,0.00300471,0.0002625,481.213
0,2073141,14,phononTF,0.000437518,0.000272673,0.00188994,-0.0002625,777.857,0.000382,1,-2.24476e-06,0.00200095,0.0002625,993.941
0,2073141,12,phononTS,0.000776042,0.000608132,0.00252988,0.000262498,519.286,0.000776042,1,0.000561691,0.00244529,-0.0002625,616.092
0,2073141,4,phononTS,0.00121135,5.10471e-05,0.00223255,0.000262498,134.47,0.000607541,1,-4.5449e-05,0.00252643,-0.0002625,260.138
0,2076686,13,phononTF,0.00048038,0.000456295,0.000467961,-0.0002625,2241.33,0.000382,1,0.00100187,0.000999671,0.0002625,2874.63
0,2086209,8,phononTF,0.000858807,-0.000189229,0.00213349,-0.0002625,112.916,0.000382,1,1.19169e-06,0.00199667,0.0002625,312.582
0,2086209,7,phononTS,0.000683521,-0.000379649,0.00227031,0.000262498,112.916,0.000587303,1,-0.00124099,0.00195309,-0.0002625,330.738
0,2087736,4,phononTS,0.000437222,-0.000575618,0.00204506,-0.0002625,879.63,0.000382,1,-2.03286e-06,0.00199607,0.0002625,1183.31
0,2088354,17,phononTF,0.000469598,-0.00140582,0.00257616,-0.000262498,816.614,0.000382,1,-0.00199534,0.00199731,0.0002625,984.163
0,2089007,10,phononTS,0.000531854,0.00212969,0.00102574,-0.0002625,930.996,0.000382,1,0.00199747,0.00200069,0.0002625,2836.04
0,2089007,4,phononTF,0.000848608,-0.000381806,0.00236564,0.000262498,27.1452,0.000848608,1,-0.00101136,0.00171868,-0.0002625,205.831
0,2091010,6,phononTS,0.000717751,4.65433e-06,0.00199528,0.000262498,249.205,0.000717751,1,5.17469e-05,0.00197055,-0.0002625,341.593
0,2092558,6,phononTS,0.000493287,0.00110142,0.00250349,-0.0002625,477.089,0.000382,1,0.00199562,0.00200458,0.0002625,951.717
0,2093802,20,phononTS,0.000399327,-0.000914013,0.00302442,-0.000262498,1017.54,0.000382,1,-0.00100447,0.00300486,0.0002625,1117.89
0,2094912,2,phononTS,0.00295366,-0.000807929,0.00297999,-0.000262498,543.83,0.001146,1,-0.00100205,0.00299701,0.0002625,651.422
0,2114542,14,phononTF,0.000402438,3.30976e-06,2.10053e-06,0.000262498,2421.79,0.000402438,1,-0.000546086,-0.000711835,-0.0002625,2605.53
0,2114542,5,phononTS,0.000416015,-0.000545731,0.00237588,0.000262498,30.0831,0.000416015,1,-0.000574843,0.00234539,-0.0002625,119.63
0,2119623,2,phononTS,0.00217084,0.000870674,0.00222735,-0.0002625,19.055,0.000382,1,0.00199903,0.00200082,0.0002625,525.963
0,2139384,1,phononL,0.01,-7.49331e-05,0.00206938,0.000182012,0,0.001528,1,-3.46116e-06,0.00200441,0.0002625,335.985
0,2149242,4,phononTF,0.00121599,-0.000119568,0.00232666,-0.0002625,9.89002,0.000764,1,1.49753e-06,0.00200407,0.0002625,397.259
0,2153467,9,phononTS,0.000578284,0.000913972,-0.005,-0.000260274,218.941,0.000382,1,-0.00300458,-0.000999416,0.0002625,3508.78
0,2155065,7,phononTF,0.000418088,-0.000604574,0.00262288,-0.0002625,62.7061,0.000382,1,-0.000996357,0.00299905,0.0002625,321.137
0,2155876,13,phononTF,0.00047265,-0.000655234,0.00269947,-0.000262498,1794.92,0.000382,1,-0.00100399,0.00299916,0.0002625,1916.28
0,2165318,1,phononTS,0.01,-7.93162e-06,0.00199806,0.000234643,0,0.002292,1,1.86803e-06,0.00199618,0.0002625,708.064
0,2173478,4,phononL,0.000403062,3.92121e-06,0.00199873,0.0002625,250.656,0.000403062,1,0.000746308,0.00197128,-0.0002625,445.238
0,2179148,19,phononTF,0.000426699,-0.00199938,0.00199709,0.000262498,1247.33,0.000426699,1,-0.00209935,0.0024415,-0.0002625,1378.4
0,2179148,4,phononTS,0.000434106,-0.000311372,0.00244258,0.000262498,14.4825,0.000434106,1,-0.00102735,0.00252895,-0.0002625,196.598
0,2179148,3,phononTS,0.00199677,-0.000311372,0.00244258,0.000262498,14.4825,0.00199677,1,-0.000436528,0.00284577,-0.0002625,155.298
0,2182596,21,phononTS,0.00154993,-0.00199605,-3.69184e-06,0.000262498,1231.16,0.00135827,1,-0.00194897,-4.30764e-05,-0.0002625,1320.28
0,2183214,7,phononTS,0.0006093,1.65098e-06,0.00199837,0.000262498,439.462,0.0006093,1,2.25944e-05,0.00198282,-0.0002625,532.303
0,2185956,23,phononTF,0.000826775,-0.00100323,0.00300253,0.000262498,372.712,0.000826775,1,0.000204937,0.0040389,-0.0002625,663.206
0,2190738,3,phononTS,0.00105045,-0.00116184,0.00216712,-0.0002625,96.3025,0.000382,1,-0.00199584,0.00199677,0.0002625,483.144
0,2190738,15,phononTS,0.000615047,-0.00199584,0.00199677,0.000262498,483.144,0.000399603,1,-0.00221953,0.00147182,-0.0002625,646.856
0,2190964,8,phononTF,0.00104449,-0.000648052,0.00134321,-0.0002625,1139.43,0.000382,1,-0.000998894,0.00100336,0.0002625,1507.67
0,2191831,3,phononTF,0.00186582,0.000673563,0.00132279,-0.0002625,281.698,0.000764,1,0.00100019,0.0010032,0.0002625,758.615
0,2192061,12,phononTS,0.000782633,0.00178359,0.0015582,-0.0002625,498.384,0.000382,1,0.00299794,0.000999063,0.0002625,1173.07
0,2192981,7,phononL,0.000937141,-0.00064405,0.0026678,-0.0002625,41.2018,0.000382,1,-0.000999461,0.00299748,0.0002625,197.83
0,2201054,5,phononTS,0.000929107,-0.000622642,0.00273148,-0.0002625,22.2125,0.000382,1,-0.000997819,0.00300043,0.0002625,320.408
0,2201569,9,phononTS,0.000855936,0.000620391,-0.0017702,-0.0002625,255.921,0.000382,1,0.00100271,-0.00299545,0.0002625,1363.6
0,2204939,10,phononTS,0.000584809,-0.00124998,0.000982971,-0.000262498,346.756,0.000382,1,-0.00100146,0.001004,0.0002625,462.727
0,2204940,3,phononTS,0.00474855,-0.000568322,0.00246914,-0.000227587,235.951,0.00407482,1,-0.000452399,0.00255489,-0.0002625,264.802
0,2204940,2,phononTS,0.00525145,-0.000568322,0.00246914,-0.000227587,235.951,0.00461263,1,-0.000486909,0.00231175,-0.0002625,271.759
0,2205023,6,phononTF,0.00227999,-0.000189801,0.00223452,-0.0002625,20.5937,0.000382,1,5.04731e-07,0.0019951,0.0002625,231.745
0,2205023,21,phononTS,0.000773779,0.005,-0.00250895,-0.000244403,231.745,0.000773779,1,0.00456345,-0.00198716,-0.0002625,1591.57
0,2205231,22,phononTS,0.00046535,-2.0763e-06,0.00199621,0.000262498,672.16,0.00046535,1,0.000297996,0.00204019,-0.0002625,791.609
0,2205231,2,phononTS,0.000663735,-0.000350068,0.00221955,0.000262498,382.676,0.000663735,1,-0.000404438,0.00208286,-0.0002625,489.194
0,2211331,6,phononTS,0.000576454,0.000108683,-5.4259e-06,-0.0002625,1815.73,0.000382,1,2.7232e-06,1.1453e-06,0.0002625,2487.68
0,2214112,2,phononTF,0.00542849,-0.000616178,0.0026123,-0.0002625,382.663,0.000382,1,-0.000997253,0.00299688,0.0002625,640.867
0,2214112,9,phononTF,0.000482428,-0.000997253,0.00299688,0.000262498,640.867,0.000482428,1,-0.000288713,0.00257253,-0.0002625,818.065
0,2221573,2,phononTF,0.00688869,4.52497e-05,0.00204569,0.000195929,570.07,0.001528,1,8.39764e-07,0.00200209,0.0002625,585.73
0,2228828,5,phononTF,0.000391005,-0.000611259,0.00261202,-0.0002625,73.113,0.000382,1,-0.00100164,0.00300228,0.0002625,333.944
0,2232645,22,phononTS,0.000421742,0.00200278,0.00200333,0.000262498,1512.71,0.000421742,1,0.00275912,0.0021951,-0.0002625,1706.62
0,2267995,6,phononTS,0.000511628,-2.0429e-06,0.001998,0.000262498,1168.45,0.000511628,1,0.000255346,0.00104171,-0.0002625,1393.62
0,2267995,4,phononTF,0.000508944,-0.000257273,0.00255559,0.000262498,937.659,0.000508944,1,0.000232766,0.00305647,-0.0002625,1088.17
0,2267995,3,phononTS,0.0014688,-0.000257273,0.00255559,0.000262498,937.659,0.00107661,1,0.00192284,0.00147348,-0.0002625,1416.77
0,2269478,3,phononTF,0.00105812,0.000378003,0.00172339,-0.0002625,29.077,0.000382,1,0.000997908,0.000995436,0.0002625,409.173
0,2276139,3,phononTF,0.000681039,-0.000161152,0.00214882,-0.0002625,131.373,0.000382,1,-4.29852e-06,0.00199997,0.0002625,422.874
0,2290276,12,phononTS,0.000426707,-0.00200349,0.00200338,0.000262498,1314.47,0.000426707,1,-0.00205781,0.00202601,-0.0002625,1406.51
0,2303061,2,phononTS,0.00185201,-0.0011071,0.00202726,-0.0002625,1163.22,0.000764,1,-0.00199906,0.00200217,0.0002625,1481.3
0,2303061,10,phononTS,0.000559271,-0.00199906,0.00200217,0.000262498,1481.3,0.000559271,1,-0.00193892,0.00190429,-0.0002625,1584.87
0,2306631,13,phononTF,0.000498164,0.00190102,0.00210184,-0.0002625,508.79,0.000382,1,0.0020015,0.00200117,0.0002625,695.028
0,2312588,8,phononTS,0.000624879,2.08677e-05,0.00204487,-0.000262498,152.637,0.000382,1,4.36198e-06,0.00199778,0.0002625,242.574
0,2316183,10,phononTF,0.000713491,-6.24337e-05,0.00205974,-0.0002625,383.845,0.000382,1,-2.04206e-06,0.00200262,0.0002625,565.829
0,2327420,14,phononTS,0.000405289,-0.00137452,-0.00221871,-0.0002625,3435.33,0.000382,1,-0.00100304,-0.00100058,0.0002625,4402.06
0,2328841,2,phononTS,0.00245121,-0.000157083,0.00221729,-0.0002625,0.35463,0.000382,1,-5.88365e-07,0.00200402,0.0002625,242.382
0,2328841,10,phononTS,0.000438138,-5.88365e-07,0.00200402,0.000262498,242.382,0.000438138,1,4.6135e-05,0.00215977,-0.0002625,345.724
0,2328841,9,phononL,0.000910054,-5.88365e-07,0.00200402,0.000262498,242.382,0.000706843,1,0.000243195,0.00154359,-0.0002625,322.996
0,2332348,14,phononTS,0.0009294,-0.00069121,0.00239534,-0.0002625,277.296,0.000382,1,-0.00100467,0.00299803,0.0002625,639.896
0,2335333,1,phononTF,0.01,5.76701e-05,0.00193784,0.000191014,0,0.001528,1,-2.25276e-06,0.00199557,0.0002625,471.761
0,2335753,14,phononL,0.000385986,0.000464022,0.00175016,-0.000262498,216.222,0.000382,1,-4.72683e-06,0.00200045,0.0002625,297.626
0,2338983,2,phononTS,0.00654376,-0.000976838,0.00296052,-0.000124483,158.007,0.001146,1,-0.00100342,0.00299741,0.0002625,490.628
0,2339668,5,phononTS,0.000562998,-0.00110091,0.00124072,-0.0002625,31.907,0.000382,1,-0.00199705,2.26528e-06,0.0002625,678.776
0,2339668,4,phononTS,0.000902522,-0.000204767,0.00247917,0.000262498,31.907,0.000902522,1,-0.000225708,0.00252707,-0.0002625,124.027
0,2344084,8,phononTF,0.00109709,-0.000252455,0.00196704,-0.000262498,184.396,0.000382,1,-7.9272e-08,0.00199817,0.0002625,289.315
0,2351799,3,phononTS,0.00113621,-1.59457e-06,0.00199787,0.0002625,88.8734,0.000568233,1,1.30467e-05,0.00204394,-0.0002625,426.687
0,2352149,8,phononL,0.00101189,-0.00100207,0.00300282,0.000262498,617.191,0.000912119,1,-0.00165674,0.00316552,-0.0002625,709.285
0,2352149,5,phononTS,0.000817522,-0.000287401,0.0022157,0.000262498,171.906,0.000606208,1,-0.000533774,0.00222801,-0.0002625,285.291
0,2352149,4,phononTS,0.00116878,-0.000287401,0.0022157,0.000262498,171.906,0.000177805,1,4.9963e-06,0.00217719,-0.0002625,290.501
0,2353713,17,phononTF,0.000422596,0.00164922,-0.000189149,-0.0002625,1972.5,0.000382,1,0.00200208,3.8847e-06,0.0002625,2210.42
0,2358399,9,phononTS,0.00054988,-1.17308e-06,0.00199605,0.000262498,743.857,0.00054988,1,-0.00022007,0.00184139,-0.0002625,865.874
0,2362912,8,phononL,0.000583072,-0.000226553,0.00214661,-0.0002625,143.073,0.000382,1,3.35721e-06,0.00199827,0.0002625,343.868
0,2362912,5,phononTS,0.000401137,-0.000288992,0.00244299,0.000262498,9.85024,0.000401137,1,-0.000728613,0.00231994,-0.0002625,155.181
0,2362912,4,phononTS,0.00141521,-0.000288992,0.00244299,0.000262498,9.85024,0.00107038,1,-0.000249536,0.0024858,-0.0002625,99.0534
0,2362912,3,phononTS,0.000526559,-0.005,0.00420144,-0.000231719,9.85024,0.000526559,1,-0.00499181,0.00419869,-0.0002625,1089.48
0,2362912,2,phononTS,0.00307054,-0.000288992,0.00244299,0.000262498,9.85024,0.00307054,1,-0.000338144,0.00159241,-0.0002625,207.749
0,2362913,1,phononTF,0.01,-0.00122862,0.00373315,-0.000232211,0,0.00688047,1,-0.00122117,0.00372276,-0.0002625,1398.89
0,2384883,15,phononTF,0.000831882,-0.00100174,-0.00100215,0.000262498,846.878,0.000831882,1,-0.000577026,-0.00057895,-0.0002625,983.571
0,2386566,14,phononTF,0.000391498,-0.00100301,0.00300149,0.000262498,784.959,0.000391498,1,-0.00116357,0.00283974,-0.0002625,883.075
0,2389471,3,phononTS,0.000527681,-4.61039e-05,0.00208435,-0.000262498,422.086,0.000382,1,-4.04972e-07,0.0019992,0.0002625,518.949
0,2390024,11,phononTF,0.000459419,2.94658e-06,0.0019961,0.000262498,1293.97,0.000459419,1,-0.000188229,0.00217954,-0.0002625,1394.61
0,2390024,3,phononTS,0.00118978,0.000113298,0.00204061,0.000262498,1114.83,0.00101765,1,0.00015575,0.00253311,-0.0002625,1259.42
0,2390024,2,phononTF,0.00115275,0.000113298,0.00204061,0.000262498,1114.83,0.000848028,1,0.000331836,0.00221237,-0.0002625,1217.92
0,2397950,1,phononTS,0.01,-4.2694e-06,0.00200164,0.000172184,0,0.001528,1,-1.6496e-07,0.00199963,0.0002625,401.301
0,2397950,3,phononTS,0.00150746,-1.6496e-07,0.00199963,0.000262498,401.301,0.000987124,1,9.02768e-05,0.00203705,-0.0002625,498.717
0,2401304,5,phononTS,0.000558649,9.64749e-05,0.0020549,-0.000262498,738.504,0.000382,1,-3.00598e-06,0.00200487,0.0002625,836.52
0,2401893,18,phononTS,0.000936099,-4.10415e-06,0.002002,0.000262498,414.774,0.000490769,1,-3.27362e-05,0.00184741,-0.0002625,521.359
0,2402337,5,phononTS,0.000630977,-0.000440294,0.00196324,-0.0002625,1416.92,0.000382,1,-1.54758e-07,0.00200219,0.0002625,1979.26
0,2404750,7,phononTS,0.00381856,-0.000853562,0.00300367,5.11042e-05,5.56284,0.00191,1,-0.00100313,0.00299616,0.0002625,255.511
0,2405866,14,phononTF,0.00329504,-0.000567189,0.0026803,-0.0002625,401.669,0.000764,1,-0.00100297,0.00300132,0.0002625,668.599
0,2405866,15,phononTF,0.0016023,-0.00100297,0.00300132,0.000262498,668.599,0.00117133,1,-0.000238367,0.00377317,-0.0002625,875.159
0,2406045,2,phononTS,0.00523567,-0.000340682,0.00239341,0.000250282,11.0537,0.000382,1,4.74758e-06,0.00200092,0.0002625,125.652
0,2406045,17,phononTS,0.000507675,4.74758e-06,0.00200092,0.000262498,125.652,0.000507675,1,0.000233922,0.00203778,-0.0002625,236.918
0,2407727,9,phononTS,0.000390152,-1.06835e-06,0.00200125,0.000262498,439.888,0.000390152,1,0.00405734,0.00158328,-0.0002625,1315.03
0,2411790,18,phononTS,0.000497882,-3.07717e-06,0.00199659,0.0002625,363.626,0.000497882,1,-4.803e-05,0.0020384,-0.0002625,541.846
0,2411790,2,phononTF,0.000694477,-0.000359875,0.00228151,0.000262498,32.6142,0.000694477,1,-0.00118352,0.00352336,-0.0002625,312.35
0,2411791,1,phononTF,0.01,-0.000730429,0.00240084,-0.000251181,0,0.00609458,1,-0.000725303,0.00240296,-0.0002625,208.713
0,2419636,3,phononTF,0.00137733,-0.00026216,0.00226609,-0.0002625,131.968,0.000764,1,2.55165e-06,0.0020015,0.0002625,353.173
0,2425414,9,phononTS,0.00084055,-0.00200297,0.00200358,0.000262498,1410.23,0.000467372,1,-0.00197767,0.00195066,-0.0002625,1499.73
0,2425414,5,phononTF,0.000723351,-0.000771273,0.00236944,0.000262498,706.775,0.000723351,1,-0.000422186,0.0020453,-0.0002625,829.19
0,2457830,12,phononTF,0.000594518,8.5774e-05,0.00208674,-0.000262498,462.954,0.000382,1,-2.95852e-06,0.00200217,0.0002625,555.241
0,2457830,9,phononTS,0.00051852,0.000383919,0.00237838,0.000262499,348.096,0.00051852,1,0.000735418,0.00207452,-0.0002625,497.926
0,2457830,8,phononTS,0.00142166,0.000383919,0.00237838,0.000262499,348.096,0.00128375,1,-0.00149793,0.00345232,-0.0002625,776.803
0,2460472,10,phononL,0.000416145,0.000613816,0.00142089,-0.0002625,202.76,0.000382,1,0.000999814,0.00100467,0.0002625,541.696
0,2460730,23,phononTF,0.000399825,-0.00112166,-0.00111609,-0.0002625,604.056,0.000382,1,-0.000995308,-0.000996365,0.0002625,1518.15
0,2460731,1,phononTF,0.01,0.000140875,0.00223019,-0.000122857,0,0.00702357,1,0.000190091,0.00228112,-0.0002625,643.47
0,2464342,10,phononTS,0.000496602,-0.000996525,0.00100415,0.0002625,209.16,0.000496602,1,-0.00134019,0.000264892,-0.0002625,816.29
0,2464342,9,phononTF,0.000625399,-0.000309189,0.00248265,0.000262498,209.16,0.000625399,1,-0.000576998,0.00220468,-0.0002625,320.689
0,2466395,3,phononTF,0.000423215,0.000115234,0.0014173,-0.0002625,477.213,0.000382,1,0.000995494,0.000998883,0.0002625,884.694
0,2469638,15,phononTF,0.000466628,-0.00159504,0.00191647,-0.0002625,299.922,0.000382,1,-0.00199554,0.00199614,0.0002625,548.738
0,2470173,8,phononTS,0.000676062,-0.00110234,0.00217649,-0.0002625,194.142,0.000382,1,-0.00200437,0.00200251,0.0002625,619.769
0,2472656,8,phononTS,0.0015594,4.7483e-06,0.00269782,-0.000262498,339.752,0.000382,1,2.43924e-06,0.00199544,0.0002625,516.181
0,2472656,10,phononTS,0.000546631,2.43924e-06,0.00199544,0.000262498,516.181,0.000546631,1,9.67248e-05,0.00194686,-0.0002625,613.775
0,2485670,6,phononTF,0.000577991,-0.000356373,0.00234737,-0.0002625,5.69534,0.000382,1,6.6441e-08,0.0020034,0.0002625,220.54
0,2487194,6,phononTF,0.00110534,-0.000826082,0.00281609,-0.0002625,366.161,0.000382,1,-0.00100412,0.00300127,0.0002625,566.261
0,2487194,14,phononTF,0.000424878,-0.00100412,0.00300127,0.000262498,566.261,0.000424878,1,-0.000692806,0.00299296,-0.0002625,678.154
0,2487194,5,phononTS,0.000401496,-0.000648046,0.00263091,0.000262498,366.161,0.000401496,1,-0.000667414,0.00258651,-0.0002625,460.971
0,2489717,6,phononL,0.000640892,-0.000145126,0.0022234,-0.0002625,5.26403,0.000382,1,2.36088e-06,0.00199701,0.0002625,138.886
0,2489717,5,phononTF,0.00317434,-0.000292612,0.00244979,0.000262498,5.26403,0.00277004,1,2.54927e-05,0.00278208,-0.0002625,124.669
0,2491565,17,phononTS,0.000402611,-0.000309336,0.00137926,-0.0002625,265.161,0.000382,1,-0.00100078,0.00100229,0.0002625,662.454
0,2491565,3,phononTS,0.000450546,-0.000126914,0.00227518,0.000262498,46.5521,0.000450546,1,0.000201786,0.00196142,-0.0002625,194.933
0,2501421,7,phononTF,0.000517013,-0.000784153,0.00274192,-0.0002625,136.303,0.000382,1,-0.00099756,0.00299574,0.0002625,351.644
0,2501421,6,phononTS,0.00125415,-0.000570748,0.0024881,0.000262498,136.303,0.000866014,1,-0.000920858,0.00357323,-0.0002625,387.647
0,2501421,5,phononTF,0.000665575,-0.000570748,0.0024881,0.000262498,136.303,0.000665575,1,-0.000321641,0.00223733,-0.0002625,244.653
0,2501427,8,phononTF,0.000873657,0.000409274,0.00163912,-0.0002625,77.7457,0.000382,1,0.000997141,0.000995554,0.0002625,429.869
0,2501427,7,phononTF,0.000505475,-0.00017859,0.00228267,0.000262498,77.7457,0.000505475,1,-0.000236882,0.00221097,-0.0002625,169.163
0,2502847,6,phononTS,0.000843265,-3.82057e-05,0.00196592,-0.000262498,891.795,0.000382,1,4.29519e-06,0.00199776,0.0002625,981.168
0,2527036,6,phononTF,0.000452939,-0.000996752,0.00299847,0.0002625,464.334,0.000452939,1,-0.000716716,0.00321929,-0.0002625,685.722
0,2528429,9,phononTF,0.000704691,0.000997285,0.00100219,0.000262498,813.191,0.000584003,1,0.0012593,0.000748478,-0.0002625,922.635
0,2532255,5,phononTS,0.000544623,-2.59549e-06,0.00199635,0.0002625,327.886,0.000544623,1,0.000805478,0.00177776,-0.0002625,734.397
0,2539286,1,phononTS,0.01,-1.43054e-05,0.00200002,0.000243033,0,0.00191,1,-3.18756e-06,0.00200024,0.0002625,118.986
0,2548696,3,phononTF,0.00418182,-0.000140483,0.00214699,-0.0002625,198.588,0.000764,1,-3.48685e-07,0.00200105,0.0002625,391.194
0,2548696,15,phononTF,0.000984621,-3.48685e-07,0.00200105,0.000262498,391.194,0.000959008,1,0.000729868,0.00124301,-0.0002625,593.493
0,2548696,14,phononTF,0.00105582,-3.48685e-07,0.00200105,0.000262498,391.194,0.00105582,1,-2.22677e-05,0.00198409,-0.0002625,481.215
0,2562267,3,phononTF,0.00135603,0.000782221,0.00124058,-0.0002625,2.54911,0.000764,1,0.0010008,0.00100065,0.0002625,641.184
0,2563984,5,phononL,0.000917478,-0.000611639,0.00265991,-0.0002625,82.7728,0.000764,1,-0.000997205,0.00299954,0.0002625,243.656
0,2563984,4,phononTS,0.000440347,-0.000226075,0.00232029,0.000262498,82.7728,0.000440347,1,-0.00117094,0.00248877,-0.0002625,293.906
0,2569755,10,phononTS,0.00108724,4.85158e-06,0.00200186,0.000262498,219.72,0.00108724,1,-7.86462e-05,0.0019313,-0.0002625,322.891
0,2569755,8,phononTS,0.000459535,-0.000369993,0.0023677,0.000262498,18.8587,0.000459535,1,-0.000344406,0.00198407,-0.0002625,151.402
0,2574730,9,phononL,0.000574144,-2.29276e-06,-0.00199524,0.000262498,1686.38,0.000574144,1,-0.00298906,-0.000567271,-0.0002625,2071.83
0,2575112,4,phononTS,0.000392507,3.52008e-05,0.00244352,-0.000262498,296.727,0.000382,1,3.65015e-06,0.00200349,0.0002625,434.511
0,2576755,11,phononTF,0.000444132,2.38894e-06,0.00199814,0.0002625,424.505,0.000444132,1,0.00067805,0.00265655,-0.0002625,722.724
0,2577283,15,phononTS,0.000443987,3.98347e-06,0.00199625,0.000262498,499.23,0.000443987,1,-4.73269e-05,0.00202911,-0.0002625,588.469
0,2582558,3,phononTF,0.00382337,5.16996e-05,0.00208534,-0.000262498,516.703,0.000382,1,2.18946e-06,0.00199845,0.0002625,608.647
0,2582558,8,phononTS,0.00305028,0.00247211,0.00218193,-3.09707e-05,608.647,0.0026977,1,0.00249312,0.00216501,-0.0002625,1791.82
0,2586709,9,phononTF,0.00052648,-0.0010047,0.00300315,0.0002625,115.963,0.00052648,1,-0.00151332,0.00247969,-0.0002625,486.879
0,2586903,4,phononTS,0.000433629,4.75822e-05,0.00221609,-0.0002625,83.2647,0.000382,1,2.14392e-06,0.00199809,0.0002625,284.937
0,2586903,3,phononTS,0.00293479,-4.61623e-06,0.00219833,0.000262498,83.2647,0.00248666,1,3.99835e-05,0.00247701,-0.0002625,200.132
0,2586903,2,phononTS,0.00112159,-4.61623e-06,0.00219833,0.000262498,83.2647,0.000895802,1,-5.12311e-05,0.00153027,-0.0002625,256.437
0,2588224,20,phononTF,0.000461602,9.17952e-05,5.89118e-06,-0.000262498,2827.96,0.000382,1,-2.46984e-06,4.20353e-06,0.0002625,2920.08
0,2590850,4,phononTS,0.000542132,-3.34938e-05,0.00216971,-0.000262498,423.714,0.000382,1,-1.30179e-06,0.00200227,0.0002625,528.671
0,2602044,13,phononTS,0.000701814,1.17851e-06,0.00200385,0.0002625,290.104,0.000701814,1,0.000345427,0.00200503,-0.0002625,540.471
0,2602044,6,phononL,0.00148688,-0.000381378,0.00235126,0.000262498,34.565,0.000713269,1,-0.000297262,0.00278364,-0.0002625,109.286
0,2602044,14,phononTS,0.000407285,-0.00136386,-0.005,0.000100848,1384.64,0.000407285,1,-0.000339303,-0.00370824,-0.0002625,1858.94
0,2603571,10,phononL,0.000424255,1.40384e-07,0.00200254,0.000262498,619.464,0.000424255,1,0.000536428,0.00215038,-0.0002625,702.117
0,2614144,10,phononTS,0.000517817,-2.96225e-05,0.0027966,-0.000262498,836.87,0.000382,1,4.55302e-06,0.0019962,0.0002625,1027.36
0,2617319,6,phononTS,0.000653672,-3.62126e-05,0.00249272,-0.000262498,187.163,0.000382,1,-2.44414e-06,0.00199965,0.0002625,334.689
0,2621618,10,phononL,0.000486131,-0.000411157,0.00228333,-0.000262498,206.451,0.000382,1,-3.43226e-06,0.0019979,0.0002625,285.583
0,2623818,14,phononTF,0.000846658,0.00199994,1.26336e-06,0.000262498,834.953,0.000299786,1,0.00227095,0.000285006,-0.0002625,947.082
0,2633263,2,phononTF,0.0018472,-0.000360898,0.00231027,-0.0002625,6.1207,0.000382,1,-0.00100309,0.00300219,0.0002625,285.021
0,2633263,22,phononTS,0.000593087,-0.00100309,0.00300219,0.000262498,285.021,0.000593087,1,-0.00103492,0.00296224,-0.0002625,374.42
0,2633263,21,phononTS,0.00062577,-0.00100309,0.00300219,0.000262498,285.021,0.00062577,1,-0.00228525,0.00379045,-0.0002625,592.675
0,2634112,22,phononL,0.000528136,0.00191259,0.00246767,-0.0002625,729.913,0.000382,1,0.00199905,0.0020037,0.0002625,883.198
0,2634322,7,phononTS,0.000901901,-0.000673571,0.00301618,-0.0002625,519.711,0.000382,1,-0.0010036,0.00299578,0.0002625,840.941
0,2634322,5,phononL,0.000685687,-0.000416839,0.00277092,0.000262498,300.192,0.000685687,1,-0.00169558,0.00284642,-0.0002625,449.671
0,2634322,4,phononTS,0.00184187,-0.000416839,0.00277092,0.000262498,300.192,0.00115777,1,-0.000467192,0.00282679,-0.0002625,394.643
0,2635882,9,phononTF,0.00054816,-0.00100332,0.00300213,0.000262498,858.644,0.00054816,1,-0.00119191,0.00305932,-0.0002625,957.361
0,2639248,14,phononTS,0.00299706,-0.000995114,0.00299803,0.000262498,515.569,0.0021831,1,-0.000653047,0.00301192,-0.0002625,641.148
0,2641871,6,phononTS,0.000396997,-3.1515e-06,0.00200358,0.000262498,532.891,0.000396997,1,-0.000227779,0.00102973,-0.0002625,761.991
0,2646648,8,phononTS,0.000668698,0.00019223,0.00195651,-0.000262498,154.269,0.000382,1,-2.20976e-06,0.00199841,0.0002625,265.584
0,2652959,13,phononL,0.000537536,-0.00100377,0.000995701,0.000262498,1320.22,0.000537536,1,-0.00134755,-0.000237396,-0.0002625,1472.39
0,2660678,16,phononTF,0.000600396,0.00209662,0.00189489,-0.0002625,6426.6,0.000382,1,0.00199668,0.00199727,0.0002625,6706.21
0,2660889,4,phononTF,0.0016347,-0.000145699,0.00225755,-0.0002625,37.8831,0.000764,1,3.57029e-06,0.00199909,0.0002625,251.326
0,2668645,7,phononTS,0.000383085,-0.00326463,0.00135413,-0.0002625,645.238,0.000382,1,-0.00200272,0.00199613,0.0002625,1243.8
0,2668836,8,phononTS,0.00274029,-0.000996251,0.00100111,0.0002625,367.363,0.00139335,1,-0.000953622,0.000536482,-0.0002625,757.223
0,2669462,8,phononTF,0.000596681,-7.58937e-07,0.00200218,0.0002625,411.858,0.000596681,1,0.000157986,0.00184498,-0.0002625,704.889
0,2669462,5,phononTF,0.00125436,-0.000302781,0.00247845,0.000262498,12.3836,0.000882829,1,-0.000153381,0.00232407,-0.0002625,109.506
0,2673614,3,phononTS,0.00104381,-0.00112902,0.00290408,-0.0002625,30.3799,0.000382,1,-0.0010027,0.0030043,0.0002625,382.448
0,2684925,7,phononTS,0.000969747,-0.0010148,0.00304411,-0.0002625,112.53,0.000382,1,-0.00100278,0.00299552,0.0002625,804.941
0,2689007,9,phononTS,0.000692429,0.000998035,0.000998504,0.000262498,415.114,0.000692429,1,0.0010185,0.00103966,-0.0002625,509.645
0,2689558,17,phononTS,0.00120905,-0.00200135,0.00199526,0.0002625,1223.4,0.00120905,1,-0.00203917,0.00202602,-0.0002625,1491.73
0,2692567,1,phononTF,0.01,-4.24685e-06,0.00199628,0.000261807,0,0.003056,1,-2.95352e-06,0.00199537,0.0002625,1000.29
0,2692567,8,phononTS,0.000804401,-2.95352e-06,0.00199537,0.000262498,1000.29,0.000804401,1,-0.000198443,0.00203318,-0.0002625,1107.86
0,2692567,7,phononTF,0.000546881,-2.95352e-06,0.00199537,0.000262498,1000.29,0.000546881,1,-0.000237133,0.00222291,-0.0002625,1106.5
0,2692567,6,phononL,0.000428852,-2.95352e-06,0.00199537,0.000262498,1000.29,0.000428852,1,0.000402693,0.0018079,-0.0002625,1075.71
0,2692985,17,phononTS,0.000489865,-0.000995471,0.00100484,0.000262498,2548.21,0.000489865,1,-0.00101433,0.00117526,-0.0002625,2653.98
0,2701527,3,phononTF,0.000711416,-0.000624775,-0.00085122,-0.0002625,18.563,0.000382,1,-0.00100408,-0.000998037,0.0002625,1154.19
0,2701527,2,phononL,0.00632374,0.000215752,0.00294224,6.70306e-05,18.563,0.00536219,1,-0.000161363,0.00282367,-0.0002625,226.802
0,2711561,15,phononTS,0.000680425,0.0033097,0.000831705,-0.0002625,3626.25,0.000382,1,0.00199739,4.94205e-06,0.0002625,4279.78
0,2711561,11,phononTS,0.000456955,0.00107404,0.00269926,0.000262498,2085.79,0.000456955,1,0.00104128,0.00270331,-0.0002625,2176.49
0,2711774,13,phononTF,0.000537786,-0.000544207,0.00253156,-0.000262498,317.057,0.000382,1,-0.000999622,0.00299856,0.0002625,460.411
0,2718717,4,phononTF,0.00128216,0.000118452,0.00211462,-0.0002625,48.4275,0.000382,1,-3.04361e-06,0.00199542,0.0002625,265.406
0,2726383,14,phononTS,0.000385402,-0.00100222,0.00300347,0.000262498,829.444,0.000385402,1,-0.00103303,0.00298504,-0.0002625,925.35
0,2730080,2,phononTF,0.00412208,-2.15008e-05,0.00221467,-0.0002625,49.4661,0.000764,1,-3.15714e-06,0.00200321,0.0002625,341.68
0,2741160,7,phononTF,0.000446679,-0.000169439,0.00207415,-0.000262498,103.551,0.000382,1,1.46075e-06,0.00200348,0.0002625,200.885
0,2744240,15,phononTF,0.000520358,-0.000999383,0.00299584,0.000262498,657.1,0.000520358,1,-0.000427537,0.00194207,-0.0002625,893.916
0,2744684,6,phononTF,0.000429094,2.75124e-06,5.46793e-07,0.0002625,319.569,0.000429094,1,0.000660367,-0.000673527,-0.0002625,875.412
0,2748331,4,phononL,0.00237619,-0.000666103,0.00272239,-0.0002625,4.53129,0.000382,1,-0.00100229,0.00300404,0.0002625,154.861
0,2748331,11,phononTS,0.000868847,-0.00100229,0.00300404,0.000262498,154.861,0.000868847,1,-0.000915851,0.00427677,-0.0002625,442.006
0,2750902,7,phononTS,0.000785846,2.37005e-05,0.00213241,-0.0002625,356.381,0.000382,1,-2.85453e-06,0.00199729,0.0002625,559.509
0,2750902,6,phononTS,0.000555899,5.02554e-05,0.00226753,0.000262498,356.381,0.000555899,1,8.82103e-05,0.00221982,-0.0002625,445.537
0,2751071,1,phononTS,0.01,-2.77544e-06,0.00199638,0.000261971,0,0.003056,1,-2.79784e-06,0.00199627,0.0002625,800.558
0,2751071,3,phononTS,0.00371287,-2.79784e-06,0.00199627,0.000262498,800.558,0.00217036,1,-4.64314e-05,0.00195609,-0.0002625,889.729
0,2753681,2,phononTS,0.00276585,-0.000347486,0.00265358,0.000119033,72.3512,0.001146,1,0.00199867,3.61481e-06,0.0002625,686.795
0,2753681,11,phononTS,0.000637621,0.00199867,3.61481e-06,0.000262498,686.795,0.000519571,1,0.00204758,-3.81556e-05,-0.0002625,780.279
0,2755491,10,phononTF,0.000385882,0.000995622,0.00100195,0.0002625,676.061,0.000385882,1,0.0008005,0.000796652,-0.0002625,880.197
0,2755984,10,phononTF,0.00126514,-0.00100423,0.00300493,0.000262498,425.863,0.00126514,1,-0.00119703,0.00281099,-0.0002625,527.376
0,2763447,13,phononTS,0.000675931,-0.00200205,0.00200449,0.000262498,1966.57,0.000675931,1,-0.00167305,0.0021662,-0.0002625,2101.08
0,2768417,10,phononTF,0.000910349,-0.00066182,0.00265398,-0.000262498,251.565,0.000382,1,-0.000998766,0.00299847,0.0002625,373.54
0,2770986,12,phononTF,0.000646892,-0.000251441,0.00174118,-0.000262498,545.653,0.000382,1,-0.00100076,0.00100425,0.0002625,746.737
0,2771763,9,phononTF,0.000417829,-0.000168621,0.00221348,-0.0002625,5.02589,0.000382,1,-9.69919e-07,0.00199897,0.0002625,210.267
0,2771763,8,phononTF,0.000759673,-0.000336271,0.00242799,0.000262498,5.02589,0.000759673,1,0.00065923,0.00343375,-0.0002625,263.844
0,2771763,7,phononL,0.000818581,-0.000336271,0.00242799,0.000262498,5.02589,0.000818581,1,-0.000275205,0.00165907,-0.0002625,104.909
0,2771763,6,phononTS,0.000525893,-0.000336271,0.00242799,0.000262498,5.02589,0.000525893,1,-0.000671268,0.00366075,-0.0002625,280.936
0,2771763,5,phononTF,0.00102689,-0.000336271,0.00242799,0.000262498,5.02589,0.000355802,1,-0.000240894,0.00233757,-0.0002625,97.6637
0,2777211,15,phononTS,0.000382962,-0.00100183,0.00300412,0.000262498,594.917,0.000382962,1,-0.00100639,0.00295059,-0.0002625,685.385
0,2784919,12,phononL,0.000392231,-6.48349e-07,0.00200103,0.000262498,689.305,0.000392231,1,-0.00027328,0.00150048,-0.0002625,773.753
0,2785973,1,phononTS,0.01,5.45463e-06,0.00199749,0.000246576,0,0.000382,1,4.1233e-06,0.00199975,0.0002625,703.975
0,2785973,5,phononTS,0.00129942,4.1233e-06,0.00199975,0.000262498,703.975,0.000794354,1,1.97952e-05,0.00174533,-0.0002625,818.946
0,2794836,16,phononTF,0.000474906,-0.000998074,0.00300401,0.000262498,316.165,0.000474906,1,-0.000795952,0.00284845,-0.0002625,417.392
0,2799912,1,phononTF,0.01,-1.97645e-05,0.00201094,0.000245306,0,0.001146,1,-2.3262e-06,0.0020012,0.0002625,448.659
0,2802801,5,phononTS,0.00426818,3.63149e-05,0.00128615,-0.0002625,46.5425,0.00191,1,0.00100461,0.000997193,0.0002625,732.096
0,2802801,9,phononTF,0.000718928,0.005,0.0043579,8.40197e-05,732.096,0.000718928,1,0.00467787,0.00469042,-0.0002625,1726.88
0,2802801,8,phononTF,0.00104424,0.00100461,0.000997193,0.000262498,732.096,0.000929149,1,0.000417296,0.000401863,-0.0002625,901.245
0,2809819,4,phononTF,0.00127678,3.01796e-06,0.00199902,0.0002625,40.5645,0.00127678,1,0.000255656,0.00174939,-0.0002625,366.094
0,2811680,7,phononTS,0.000960626,-0.00199571,0.00199967,0.000262498,1472.77,0.000681982,1,-0.00196744,0.00196757,-0.0002625,1562.31
0,2811680,3,phononTS,0.0032161,-0.00042468,0.00246358,0.000262498,19.0185,0.00167066,1,0.000243931,0.00250119,-0.0002625,188.14
0,2819207,6,phononTF,0.00243747,-0.000649804,0.00265927,-0.0002625,333.012,0.001146,1,-0.00100226,0.00300442,0.0002625,579.632
0,2820836,2,phononTF,0.00664284,-0.00111594,0.00318976,0.000149094,56.2849,0.000382,1,-0.00100153,0.00300329,0.0002625,747.079
0,2827041,10,phononTF,0.000585543,-0.000103521,0.00210809,-0.0002625,355.495,0.000382,1,2.24571e-06,0.00200041,0.0002625,636.135
0,2828085,19,phononTS,0.000597771,-2.23676e-06,0.00199568,0.0002625,107.503,0.000597771,1,6.48886e-05,0.00169967,-0.0002625,355.535
0,2829769,16,phononTS,0.000591092,0.0020042,0.00199826,0.0002625,796.069,0.000591092,1,0.00175459,0.00192653,-0.0002625,1034.16
0,2831932,9,phononTS,0.000612758,-0.000727933,0.00310065,-0.0002625,251.395,0.000382,1,-0.000996919,0.00300025,0.0002625,588.88
0,2837885,9,phononTF,0.00054953,-0.000997211,0.00299536,0.0002625,1713.11,0.000219421,1,-0.00118067,0.00284031,-0.0002625,2011.98
0,2844137,2,phononTS,0.000912527,-4.08266e-06,0.00199888,0.0002625,349.949,0.000912527,1,-4.19864e-05,0.00157318,-0.0002625,621.088
0,2848910,17,phononTF,0.000591033,6.89248e-08,0.00200374,0.0002625,614.931,0.000591033,1,0.000219573,0.00224086,-0.0002625,933.524
0,2850157,4,phononTF,0.00516141,-9.2217e-05,0.00213577,-0.0002625,229.856,0.001146,1,2.5202e-06,0.00200281,0.0002625,428.565
0,2850157,5,phononTS,0.00291259,2.5202e-06,0.00200281,0.000262498,428.565,0.00143376,1,3.01183e-06,0.00200237,-0.0002625,519.564
0,2851142,19,phononTS,0.000770591,-0.00199611,-0.00199648,0.0002625,2664.44,0.000770591,1,-0.00134056,-0.00204702,-0.0002625,3165.11
0,2854565,3,phononTF,0.00114999,0.000102323,0.00205979,-0.0002625,138.464,0.000382,1,-3.04946e-06,0.00200438,0.0002625,355.607
0,2855693,12,phononTS,0.000639534,4.40271e-06,0.00199736,0.000262498,666.827,0.000478615,1,0.000252132,0.00204178,-0.0002625,780.087
0,2855693,5,phononTS,0.0041923,-0.000292267,0.00224633,0.000262498,460.016,0.00206229,1,-0.000260432,0.00245422,-0.0002625,572.147
0,2865247,12,phononTS,0.000689992,0.00100486,-0.00100031,0.0002625,812.219,0.000689992,1,0.00103881,-0.00105179,-0.0002625,1079.81
0,2874063,12,phononTS,0.00139188,-0.00174688,0.00115063,-0.0002625,736.293,0.000382,1,-0.000998755,0.000996908,0.0002625,1117.17
0,2874063,13,phononTS,0.000463088,-0.000998755,0.000996908,0.000262498,1117.17,0.000463088,1,-0.00097237,0.000996257,-0.0002625,1206.9
0,2876342,5,phononTF,0.000394487,1.90868e-05,0.00214275,-0.0002625,293.519,0.000382,1,-4.47118e-06,0.00199896,0.0002625,483.595
0,2879778,5,phononTF,0.000674987,0.000466942,0.00174385,-0.0002625,105.106,0.000382,1,0.000997241,0.000997489,0.0002625,480.167
0,2879778,4,phononTS,0.000457982,-6.33557e-05,0.00249021,0.000262498,105.106,0.000457982,1,0.0030545,0.000692516,-0.0002625,789.657
0,2881456,8,phononTF,0.000709001,-1.68996e-06,-1.15394e-06,0.0002625,702.91,0.000593239,1,-9.63497e-05,0.000214772,-0.0002625,1061.9
0,2883712,3,phononTF,0.00334948,-0.000649189,0.0027041,-0.0002625,10.9628,0.000382,1,-0.00100126,0.00299979,0.0002625,254.182
0,2887497,1,phononTS,0.01,6.65935e-07,0.00200228,0.00016911,0,0.002674,1,-4.21842e-06,0.00199765,0.0002625,588.801
0,2892783,5,phononTF,0.000946719,-0.00019541,0.00218813,-0.0002625,36.0339,0.000382,1,5.90822e-07,0.00199828,0.0002625,238.582
0,2895173,10,phononTS,0.000503512,-0.00100121,0.00299736,0.0002625,12.7896,0.000503512,1,-0.00134684,0.00409501,-0.0002625,696.007
0,2907958,16,phononTF,0.000406606,-5.2439e-07,0.00199644,0.0002625,261.018,0.000406606,1,0.000177235,0.00192716,-0.0002625,456.786
0,2917544,3,phononTF,0.00149768,-0.000150019,0.00221371,-0.0002625,36.9348,0.000382,1,3.73569e-06,0.00200313,0.0002625,240.851
0,2923586,5,phononTS,0.00209305,-0.000278974,0.00216648,-0.0002625,603.694,0.000764,1,-1.32411e-06,0.00199979,0.0002625,862.015
0,2923586,6,phononTS,0.000781684,-1.32411e-06,0.00199979,0.000262498,862.015,0.000781684,1,-4.63857e-05,0.00200961,-0.0002625,952.464
0,2929820,11,phononTS,0.00055507,-2.37526e-05,0.00199219,-0.0002625,262.979,0.000382,1,4.48177e-06,0.00199871,0.0002625,453.066
0,2929820,2,phononTS,0.00163772,-0.000410482,0.00244814,0.000262498,40.1281,0.000420306,1,-0.000807106,0.00240541,-0.0002625,171.829
0,2932989,3,phononL,0.00577756,0.000116742,0.00214553,-0.0002625,369.507,0.001528,1,2.77029e-06,0.00199643,0.0002625,498.315
0,2933112,1,phononTF,0.01,2.11533e-05,0.0019758,0.000202613,0,0.002292,1,-2.21272e-07,0.00199646,0.0002625,268.427
0,2933112,7,phononTF,0.0014788,-2.21272e-07,0.00199646,0.000262498,268.427,0.00107124,1,-0.000220175,0.00216421,-0.0002625,371.562
0,2933112,6,phononTS,0.00167482,-2.21272e-07,0.00199646,0.000262498,268.427,0.000814913,1,-0.000342975,0.00149679,-0.0002625,439.246
0,2943664,10,phononL,0.00053419,-0.00139492,0.00334505,-0.0002625,236.107,0.000382,1,-0.00100374,0.00300226,0.0002625,489.786
0,2943664,3,phononTS,0.002059,-0.00028829,0.00241162,0.000262498,15.4619,0.00151993,1,-0.00220574,-0.000747706,-0.0002625,715.911
0,2946011,3,phononTF,0.00169177,0.000387907,0.00169085,-0.0002625,20.4738,0.000764,1,0.000996804,0.000999915,0.0002625,388.612
0,2946011,7,phononTS,0.000475682,0.000996804,0.000999915,0.000262498,388.612,0.000475682,1,0.000982062,0.000990655,-0.0002625,480.159
0,2946011,2,phononL,0.00150419,-0.000220988,0.00238179,0.000262498,20.4738,0.000931101,1,-0.000558494,0.00222974,-0.0002625,91.5278
0,2951328,6,phononTF,0.000383108,1.76925e-06,0.00199632,0.000262498,574.641,0.000383108,1,-0.000501338,0.00125395,-0.0002625,760.247
0,2951328,3,phononTF,0.00279643,-0.000200084,0.00220859,0.000146003,73.8891,0.000433734,1,-0.000214757,0.00216317,-0.0002625,171.174
0,2957057,1,phononTS,0.01,2.2885e-05,0.00198039,0.000223192,0,0.001146,1,-3.48297e-07,0.00200083,0.0002625,234.722
0,2957057,8,phononTF,0.00123252,-3.48297e-07,0.00200083,0.000262498,234.722,0.000600127,1,0.000988697,0.00159963,-0.0002625,455.303
0,2957895,13,phononTS,0.000427093,-1.08965e-05,0.00201049,-0.000262498,390.475,0.000382,1,-4.07057e-06,0.00199571,0.0002625,484.701
0,2957895,5,phononTS,0.000480327,-0.000317994,0.00224484,0.000262498,108.342,0.000480327,1,-0.000932246,0.00257921,-0.0002625,292.964
0,2959614,2,phononTS,0.00415639,-0.000215133,0.00228066,-0.0002625,2.25425,0.001146,1,4.2934e-06,0.00199634,0.0002625,247.107
0,2959614,10,phononTS,0.00219303,4.2934e-06,0.00199634,0.000262499,247.107,0.00020309,1,-0.000719376,0.00194149,-0.0002625,426.41
0,2959728,12,phononTS,0.0010486,-5.18391e-05,0.002528,-0.000262498,390.894,0.000382,1,1.3924e-06,0.00199845,0.0002625,540.538
0,2959728,17,phononTS,0.000385296,1.3924e-06,0.00199845,0.000262498,540.538,0.000385296,1,3.20869e-06,0.00198964,-0.0002625,634.132
0,2968371,14,phononTF,0.000763052,0.00151946,-0.00029295,-0.000262498,2875.05,0.000382,1,0.000998571,-0.00100284,0.0002625,3056.67
0,2975512,4,phononTS,0.0014804,-0.00416971,0.005,-0.000162254,21.1248,0.000382,1,0.000996757,-0.00100388,0.0002625,2319.83
0,2975512,14,phononTS,0.000668523,0.000996757,-0.00100388,0.000262498,2319.83,0.000668523,1,0.00115176,-0.00100273,-0.0002625,2424.98
0,2975512,2,phononTS,0.00444154,-0.000335143,0.00248832,0.000229111,13.4653,0.00187754,1,-0.000333503,0.0026679,-0.0002625,115.415
0,2975971,5,phononTS,0.000439978,1.56456e-07,0.00199639,0.0002625,815.72,0.000439978,1,-3.14833e-05,0.00195693,-0.0002625,994.538
0,2982965,11,phononTS,0.00324697,0.000337984,0.00146999,6.89558e-05,1509.56,0.000764,1,5.07191e-08,0.00199876,0.0002625,1913.9
0,2993419,5,phononTF,0.0010846,-0.000649985,0.00266031,-0.0002625,18.7168,0.000382,1,-0.000997422,0.00300361,0.0002625,264.222
0,2993419,13,phononTS,0.000521827,-0.000997422,0.00300361,0.000262498,264.222,0.000521827,1,-0.00103766,0.00342892,-0.0002625,399.716
0,2998025,13,phononTS,0.000983492,-0.00111925,0.00206305,-0.0002625,273.352,0.000764,1,-0.00200094,0.00200494,0.0002625,677.182
0,3003757,21,phononTS,0.000531791,0.000974566,-0.00303042,-0.000262498,1702.74,0.000382,1,0.00100399,-0.00299597,0.0002625,1792.25
0,3008158,3,phononTS,0.000674288,0.00137561,0.00166961,-0.0002625,131.944,0.000382,1,0.0029992,0.00100168,0.0002625,851.548
0,3008538,14,phononL,0.000550268,-0.000995595,0.000997234,0.000262498,1127.82,0.000550268,1,-0.00103197,0.000414658,-0.0002625,1212.1
0,3008723,13,phononTF,0.000552465,-0.000133477,0.00213524,-0.0002625,754.831,0.000382,1,3.82554e-06,0.00199541,0.0002625,951.572
0,3008723,3,phononTS,0.000722975,-0.000157102,0.00242215,0.000262498,222.347,0.000722975,1,-0.000416979,0.00197274,-0.0002625,379.433
0,3010563,1,phononTF,0.01,-7.641e-05,0.00209591,0.000151258,0,0.003056,1,1.82996e-06,0.0019966,0.0002625,216.916
0,3010563,6,phononTS,0.000822319,1.82996e-06,0.0019966,0.000262498,216.916,0.000822319,1,3.31061e-06,0.00194763,-0.0002625,307.843
0,3010563,5,phononTS,0.00046998,1.82996e-06,0.0019966,0.000262498,216.916,0.00046998,1,-7.43575e-07,0.00192252,-0.0002625,314.749
0,3010563,4,phononTF,0.000546075,1.82996e-06,0.0019966,0.000262498,216.916,0.000546075,1,-0.00020113,0.00178343,-0.0002625,319.9
0,3010563,3,phononTS,0.0012775,1.82996e-06,0.0019966,0.000262498,216.916,0.000779325,1,-0.000215805,0.00195386,-0.0002625,326.822
0,3013919,8,phononTF,0.000554827,-0.00100177,0.00300353,0.000262498,999.097,0.000554827,1,0.00030066,0.00472956,-0.0002625,1386.75
0,3013919,6,phononTS,0.00239355,0.000376276,0.00303533,0.000262498,648.969,0.00226101,1,0.000326242,0.00298798,-0.0002625,743.095
0,3020595,3,phononTS,0.000844386,-0.000103717,0.00248993,-0.0002625,241.938,0.000382,1,-1.56213e-06,0.00200023,0.0002625,543.254
0,3020595,2,phononTS,0.00114903,-0.000205872,0.00297964,0.000262498,241.938,6.9502e-05,1,-0.000221261,0.00293299,-0.0002625,333.636
0,3021512,13,phononTF,0.000674292,0.00014379,0.00181463,-0.0002625,1582.47,0.000382,1,3.87987e-06,0.00199749,0.0002625,1780.98
0,3021512,6,phononTS,0.00100188,-0.000293625,0.00226965,0.000262498,53.1739,0.00100188,1,-0.000821113,0.00322498,-0.0002625,301.608
0,3022514,20,phononTF,0.000547734,0.000176647,0.00188131,-0.0002625,960.917,0.000382,1,-3.83916e-06,0.00199783,0.0002625,1158.23
0,3022703,2,phononTF,0.000550485,-0.000453483,0.00246256,-0.000262498,259.477,0.000382,1,-0.000995475,0.00300243,0.0002625,418.313
0,3023823,16,phononTF,0.000435728,-0.000920064,0.00307239,-0.000262498,187.262,0.000382,1,-0.000999799,0.00299549,0.0002625,279.12
0,3024298,5,phononTF,0.000513949,-0.000648992,0.00264072,-0.0002625,41.2628,0.000382,1,-0.000998932,0.00299772,0.0002625,289.651
0,3024298,4,phononTS,0.00111468,-0.000299053,0.00228371,0.000262498,41.2628,0.00111468,1,-0.000279836,0.00221827,-0.0002625,137.624
0,3024298,3,phononTS,0.00235793,-0.005,-0.000978571,-8.27e-05,41.2628,0.00235793,1,-0.00248271,-0.00309235,-0.0002625,1647.31
0,3030995,18,phononL,0.00132858,-0.000644707,0.000987998,-0.0002625,725.775,0.000382,1,-0.000999551,0.000996836,0.0002625,866.619
0,3031801,15,phononTF,0.000453608,0.00208361,-0.00192135,-0.000262498,2502.79,0.000382,1,0.00199685,-0.00199573,0.0002625,2594.96
0,3031801,10,phononTS,0.00299201,-0.005,-0.0030419,9.38267e-05,537.11,0.0022244,1,-0.00206964,-0.00041357,-0.0002625,2387.47
0,3034152,6,phononTF,0.000683064,-0.000673944,0.00268506,-0.0002625,131.864,0.000382,1,-0.00100415,0.00300265,0.0002625,370.3
0,3034152,5,phononTF,0.00221769,-0.000343739,0.00236747,0.000262498,131.864,0.000317919,1,-0.000710373,0.00272443,-0.0002625,257.334
0,3037440,10,phononTS,0.00140224,-0.000997679,0.00299838,0.000262498,829.057,0.000601878,1,-0.000822616,0.00299853,-0.0002625,936.125
0,3038068,14,phononTF,0.000457823,-1.08397e-06,0.00199838,0.0002625,181.821,0.000457823,1,0.000185815,0.00182065,-0.0002625,482.099
0,3038068,2,phononTS,0.000593602,-0.000315237,0.0024276,0.000262498,2.88139,0.000593602,1,-0.000297055,0.00245766,-0.0002625,92.4439
0,3049571,5,phononTF,0.00125527,-0.000666748,0.00288595,-0.0002625,380.113,0.000382,1,-0.00099899,0.00299622,0.0002625,610.364
0,3053809,10,phononTS,0.00145303,4.2924e-06,0.00199875,0.0002625,104.647,0.000263519,1,4.57463e-05,0.00197688,-0.0002625,284.636
0,3056941,8,phononTF,0.000398434,-0.000777498,0.00256468,-0.000262498,208.435,0.000382,1,-0.000998976,0.00099524,0.0002625,520.896
0,3057464,11,phononTS,0.00139186,8.85441e-05,0.000105977,-0.0002625,654.579,0.000382,1,-2.57592e-06,-7.9902e-08,0.0002625,867.615
0,3057464,12,phononTF,0.000446065,-2.57592e-06,-7.9902e-08,0.000262498,867.615,0.000446065,1,-0.000310589,-0.000307494,-0.0002625,984.627
0,3064767,2,phononL,0.000495204,4.55829e-06,0.00200009,0.0002625,420.776,0.000495204,1,0.000329244,0.00199903,-0.0002625,558.39
0,3071903,11,phononTS,0.000422757,-1.06405e-06,0.0020006,0.000262498,453.942,0.000422757,1,-0.000689831,0.000797707,-0.0002625,742.174
0,3087897,6,phononL,0.00138979,4.51266e-06,0.00199702,0.000262498,304.99,0.000843862,1,0.000298007,0.00208551,-0.0002625,373.106
0,3093881,7,phononTF,0.00111515,-0.000612829,0.00259916,-0.0002625,32.4892,0.000382,1,-0.00100461,0.00300473,0.0002625,264.012
0,3093881,8,phononTF,0.000540387,-0.00100461,0.00300473,0.000262498,264.012,0.000540387,1,-0.000683873,0.00333983,-0.0002625,383.851
0,3093881,6,phononTS,0.00172112,-0.000450513,0.00241689,0.000262498,32.4892,0.00172112,1,-0.000578792,0.00333288,-0.0002625,246.198
0,3093881,5,phononTS,0.0015518,-0.000450513,0.00241689,0.000262498,32.4892,0.000733534,1,-0.000476886,0.00241106,-0.0002625,122.213
0,3099831,18,phononL,0.000421417,0.00199831,0.00199605,0.000262498,1430.07,0.000421417,1,0.00221957,0.00244224,-0.0002625,1508.96
0,3101403,9,phononTF,0.000522537,-0.000933172,0.00266333,-0.0002625,995.144,0.000382,1,-0.00100037,0.00300313,0.0002625,1458.38
0,3101403,5,phononTS,0.000962878,3.70122e-05,0.00197673,0.000262498,471.662,0.000962878,1,0.00329219,-0.00142677,-0.0002625,1351.41
0,3103075,2,phononTF,0.00407884,-0.000210054,0.00219846,-0.0002625,77.4395,0.000764,1,-2.09444e-07,0.00199695,0.0002625,282.682
0,3104504,15,phononTS,0.000904499,-0.000953293,0.00268463,-0.0002625,253.195,0.000382,1,-0.000997833,0.0029975,0.0002625,495.192
0,3108111,11,phononTS,0.000505846,-3.11784e-05,0.00203649,-0.000262498,246.085,0.000382,1,4.84902e-06,0.00200025,0.0002625,335.46
0,3118281,1,phononTS,0.01,7.35481e-06,0.00202258,0.000173109,0,0.001528,1,3.29251e-06,0.00199617,0.0002625,378.572
0,3118281,8,phononTF,0.000639481,3.29251e-06,0.00199617,0.000262498,378.572,0.000639481,1,-0.00104129,0.000945186,-0.0002625,647.819
0,3118281,7,phononTS,0.00131484,3.29251e-06,0.00199617,0.000262498,378.572,0.00131484,1,-3.24164e-05,0.00193653,-0.0002625,477.545
0,3125513,5,phononTF,0.00149123,-0.000176668,0.00216796,-0.0002625,42.4601,0.000764,1,3.3673e-06,0.00200337,0.0002625,241.619
0,3130224,6,phononTS,0.00153271,0.00139989,0.0016268,-0.0002625,128.38,0.000764,1,0.00300121,0.000997358,0.0002625,835.938
0,3132511,5,phononTF,0.00107309,-0.000267537,0.00208586,-0.0002625,143.138,0.000764,1,1.47735e-07,0.00199681,0.0002625,357.111
0,3132783,3,phononTF,0.000750291,-0.000691333,0.00271164,-0.0002625,15.4445,0.000382,1,-0.000999694,0.00300285,0.0002625,248.058
0,3133959,10,phononTS,0.00167166,-0.00100015,0.00299844,0.000262498,282.116,0.000878831,1,-0.00095093,0.00298433,-0.0002625,372.221
0,3134540,9,phononTS,0.000599375,-2.11502e-06,0.00200421,0.0002625,216.256,0.000599375,1,-4.94628e-05,0.00196564,-0.0002625,394.546
0,3134540,5,phononL,0.000538256,-6.49614e-05,0.00239217,0.000262498,98.856,0.000538256,1,-0.00044544,0.00267928,-0.0002625,176.531
0,3137504,8,phononTS,0.00127426,-0.00199823,0.00200374,0.0002625,127.259,0.000825682,1,-0.00283368,0.0019785,-0.0002625,527.641
0,3138839,2,phononTS,0.00156889,-0.000109955,0.00202181,-0.0002625,1322.46,0.000382,1,3.34806e-06,0.00200107,0.0002625,1527.17
0,3138839,15,phononTF,0.00055981,3.34806e-06,0.00200107,0.000262498,1527.17,0.00055981,1,0.00048235,0.00246314,-0.0002625,1672.18
0,3138840,1,phononTS,0.01,-0.00153789,0.00323983,-0.000259441,0,0.00597373,1,-0.00153909,0.0032346,-0.0002625,1532.52
0,3143754,24,phononTF,0.000476278,-0.000967659,0.00295548,-0.0002625,908.336,0.000382,1,-0.00100416,0.00299796,0.0002625,1089.2
0,3143754,2,phononTS,0.00552007,-0.000264173,0.002335,0.000155729,41.0424,0.00382833,1,-0.000289081,0.00231699,-0.0002625,113.018
0,3144641,6,phononTS,0.000423243,-0.00111012,0.000929871,-0.0002625,1365.56,0.000382,1,-0.00100027,0.000998947,0.0002625,1575.94
0,3149857,14,phononTF,0.000445402,-0.000222832,0.00217858,-0.000262498,214.689,0.000382,1,-2.65212e-06,0.00200283,0.0002625,318.03
0,3155259,11,phononTF,0.000818173,-3.16408e-06,0.00199984,0.0002625,189.406,0.000611884,1,0.000307098,0.00167982,-0.0002625,425.128
0,3170677,2,phononTF,0.0021805,-8.64864e-05,0.00226888,-0.0002625,31.253,0.000382,1,1.78902e-06,0.00200146,0.0002625,245.15
0,3176976,4,phononTF,0.000505851,-0.000180699,0.00220625,-0.000262498,631.587,0.000382,1,-9.11848e-08,0.00199639,0.0002625,734.098
0,3177885,7,phononTS,0.000899232,6.51584e-05,0.00214208,-0.0002625,285.014,0.000382,1,1.61361e-06,0.00199994,0.0002625,500.279
0,3177885,6,phononTS,0.00247017,0.000128703,0.00228422,0.000262498,285.014,0.000924915,1,-0.000460765,0.00269825,-0.0002625,473.838
0,3180841,4,phononTS,0.000635399,1.97338e-05,0.00220909,-0.000262498,344.614,0.000382,1,1.98574e-06,0.00200369,0.0002625,453.414
0,3200478,3,phononTS,0.003973,0.00164162,0.00168745,-0.0002625,293.842,0.000764,1,0.00300104,0.000998178,0.0002625,936.318
0,3215739,14,phononTF,0.000731894,-0.00108841,0.00308456,-0.0002625,668.616,0.000382,1,-0.00100317,0.00300144,0.0002625,852.959
0,3220966,9,phononTS,0.00144542,1.08412e-05,0.00236011,-0.0002625,284.229,0.000382,1,-4.10507e-06,0.0019977,0.0002625,540.466
0,3226317,15,phononTS,0.000505938,-0.00100494,0.00100376,0.000262498,1301.23,0.000505938,1,-0.00150792,0.00104652,-0.0002625,1447.37
0,3226317,2,phononTS,0.0012111,3.57354e-05,0.00210813,0.000262498,462.673,0.0012111,1,0.000842686,0.000414797,-0.0002625,842.629
0,3226359,9,phononTS,0.000869467,-2.06078e-07,0.00199605,0.000262498,753.443,0.000406859,1,0.000669577,0.00234082,-0.0002625,946.386
0,3226479,22,phononTF,0.000527828,0.00114745,-0.00294386,-0.0002625,2589.54,0.000382,1,0.00100206,-0.0029987,0.0002625,2875.43
0,3234482,8,phononTF,0.000789655,0.00238881,0.00165327,-0.0002625,811.652,0.000382,1,0.00299587,0.00100444,0.0002625,1167.88
0,3254777,16,phononTS,0.00215496,-3.11608e-06,0.00199524,0.000262499,443.63,0.000826869,1,-8.0359e-05,0.00201385,-0.0002625,540.077
0,3260318,8,phononTS,0.000863441,-0.000946637,0.00164184,-0.0002625,16.8019,0.000382,1,-0.00100487,0.00100315,0.0002625,700.715
0,3263890,3,phononTS,0.000722593,-3.52958e-05,0.00216569,-0.0002625,29.0418,0.000382,1,1.96349e-06,0.00200225,0.0002625,263.749
0,3265659,10,phononTS,0.000490292,-0.00100124,0.00100307,0.0002625,304.288,0.000490292,1,-0.0010489,0.000240189,-0.0002625,671.152
0,3268329,3,phononTF,0.000589437,-0.00100208,0.003004,0.0002625,60.9812,0.000589437,1,-0.00132766,0.00330418,-0.0002625,416.872
0,3268329,2,phononTF,0.00166575,-0.000350903,0.00240364,0.000262498,60.9812,0.00141745,1,4.67387e-05,0.00201753,-0.0002625,191.666
0,3268593,1,phononTS,0.01,-4.20038e-05,0.00214279,0.000208033,0,0.002674,1,-1.4208e-06,0.00200306,0.0002625,163.949
0,3268593,9,phononTF,0.000805337,-1.4208e-06,0.00200306,0.000262498,163.949,0.000805337,1,-0.000198255,0.00241553,-0.0002625,291.185
0,3273772,9,phononTF,0.000586761,-0.0021215,0.000258958,-0.0002625,2104.97,0.000382,1,-0.0010016,0.000997483,0.0002625,2616.6
0,3279402,14,phononTS,0.000986837,4.6345e-06,0.00199862,0.0002625,1292.78,0.000507609,1,0.000440893,0.00215931,-0.0002625,1587.77
0,3282844,7,phononTS,0.000421409,-0.00210174,-0.00128757,-0.0002625,724.728,0.000382,1,-0.00200351,-0.00200451,0.0002625,1478.57
0,3282844,3,phononTF,0.00102915,-0.000284711,0.00246076,0.000262498,7.64065,0.000726132,1,-0.000165303,0.00200772,-0.0002625,140.132
0,3282958,2,phononTS,0.00304348,-0.00300246,0.005,9.27963e-05,284.405,0.001146,1,-0.000995861,0.00300016,0.0002625,2047.72
0,3282958,17,phononTS,0.000515644,-0.000995861,0.00300016,0.000262498,2047.72,0.000515644,1,-0.000973187,0.00302864,-0.0002625,2140.67
0,3282958,16,phononTS,0.000650567,-0.000995861,0.00300016,0.000262498,2047.72,0.000139372,1,-0.00267089,0.00367005,-0.0002625,2416.23
0,3306530,16,phononTF,0.000414725,0.00199626,0.00200013,0.0002625,600.534,0.000414725,1,0.00203377,0.00224488,-0.0002625,808.746
0,3311559,9,phononTS,0.000573863,-0.00100324,0.00299634,0.000262499,509.625,0.000573863,1,-0.000940574,0.00298615,-0.0002625,604.928
0,3311559,7,phononTF,0.00075915,-0.000408249,0.0023471,0.000262498,272.815,0.00075915,1,0.000273617,0.00301394,-0.0002625,459.158
0,3314942,7,phononTF,0.000540815,-0.00100321,0.00299805,0.0002625,247.691,0.000540815,1,-0.00126071,0.00275238,-0.0002625,464.717
0,3321653,7,phononTS,0.00116452,-0.000967089,0.00313642,-0.0002625,782.472,0.000764,1,-0.000998604,0.00300022,0.0002625,1087.35
0,3329405,1,phononL,0.01,-4.22427e-05,0.0019518,0.000200911,0,0.001528,1,2.27594e-06,0.00199805,0.0002625,546.988
0,3329405,8,phononTS,0.00128204,2.27594e-06,0.00199805,0.000262498,546.988,0.000913046,1,6.94123e-06,0.00201292,-0.0002625,638.901
0,3329405,7,phononTS,0.000658307,2.27594e-06,0.00199805,0.000262498,546.988,0.000658307,1,2.34538e-05,0.00197974,-0.0002625,636.703
0,3329405,6,phononTS,0.000877295,2.27594e-06,0.00199805,0.000262498,546.988,0.000744618,1,-5.21978e-05,0.0020018,-0.0002625,637.466
0,3329405,5,phononTF,0.00109875,2.27594e-06,0.00199805,0.000262498,546.988,0.00109875,1,0.000214571,0.00177565,-0.0002625,651.092
0,3340317,13,phononTF,0.000407472,-0.00199847,0.00200191,0.000262498,591.58,0.000407472,1,-0.00247803,0.00093954,-0.0002625,826.165
0,3343870,13,phononTF,0.00074146,-3.39878e-06,-1.48913e-06,0.000262498,874.015,0.000317923,1,-0.000450025,0.000431974,-0.0002625,1013.37
0,3345111,4,phononTS,0.000440952,-4.00233e-05,0.00215362,-0.000262498,226.424,0.000382,1,2.13111e-06,0.00200398,0.0002625,329.235
0,3347688,4,phononTF,0.000452999,4.63067e-06,-2.50552e-06,0.0002625,22.0094,0.000452999,1,0.000480268,0.000557818,-0.0002625,692.546
0,3347688,3,phononL,0.000530308,-0.000288257,0.00245224,0.000262498,22.0094,0.000530308,1,-0.00122732,0.00274083,-0.0002625,143.687
0,3347688,2,phononTS,0.00142448,-0.000288257,0.00245224,0.000262498,22.0094,0.00117415,1,-0.00172079,-0.000573746,-0.0002625,701.613
0,3354200,2,phononL,0.00351362,3.63506e-05,0.0021566,0.000197663,473.513,0.000382,1,1.86167e-06,0.00199737,0.0002625,531.42
0,3362083,14,phononTS,0.000400593,0.00101493,-0.00100699,-0.000262498,1247.81,0.000382,1,0.00100096,-0.000996836,0.0002625,1337.62
0,3362418,4,phononTS,0.000601057,-0.000503131,0.00199657,-0.000262498,651.496,0.000382,1,-1.33673e-06,0.00200408,0.0002625,799.111
0,3362912,13,phononTF,0.00103906,0.000255119,0.00221672,-0.0002625,612.553,0.000382,1,-2.98992e-06,0.00199725,0.0002625,829.142
0,3362912,3,phononTS,0.00251387,-0.000706612,0.0023364,0.000262498,168.092,0.00138741,1,0.000206562,0.00233854,-0.0002625,377.523
0,3364870,11,phononTF,0.000455636,-0.00100473,0.0030013,0.000262498,295.597,0.000455636,1,-0.00126943,0.00295924,-0.0002625,401.933
0,3365845,15,phononTF,0.00039104,-0.000588613,0.00258616,-0.000262498,606.374,0.000382,1,-0.00100246,0.00299644,0.0002625,740.65
0,3370113,6,phononTF,0.000549165,-0.00064422,0.00262806,-0.0002625,129.034,0.000382,1,-0.00099932,0.00299683,0.0002625,379.967
0,3370113,5,phononTS,0.00158375,-0.000289122,0.00225929,0.000262498,129.034,0.000690051,1,-0.00021326,0.00174694,-0.0002625,281.298
0,3372200,2,phononTF,0.00306623,-0.000123109,0.00213298,-0.0002625,30.8908,0.000382,1,1.0572e-08,0.00200386,0.0002625,220.703
0,3377900,8,phononTS,0.00136194,3.49633e-05,0.00216738,-0.0002625,744.373,0.000382,1,3.93822e-06,0.00200337,0.0002625,953.684
0,3383881,2,phononL,0.00592958,-0.000413743,0.00226578,-5.57737e-05,19.762,0.000764,1,4.78243e-06,0.0019952,0.0002625,144.697
0,3384244,6,phononTF,0.000412656,-4.34407e-06,0.00200317,0.0002625,164.862,0.000412656,1,0.00042443,0.00155792,-0.0002625,442.325
0,3387498,1,phononTS,0.01,1.49281e-06,0.00200088,0.000251038,0,0.00191,1,3.85418e-06,0.00199926,0.0002625,294.604
0,3387498,4,phononTF,0.000778608,-0.00102816,0.005,0.000181189,294.604,0.000356766,1,-0.00298639,0.001673,-0.0002625,1576.11
0,3392529,10,phononTS,0.000671462,-0.00199974,-0.00200365,0.000262498,3044.51,0.000671462,1,-0.00197479,-0.00198716,-0.0002625,3134.27
0,3392529,2,phononTS,0.00312678,1.40074e-05,0.00210001,-5.88048e-07,436.894,0.00234761,1,-0.000651037,0.00332455,-0.0002625,707.573
0,3394718,6,phononTS,0.000436367,-0.000932565,0.00304211,-0.000262499,1832.31,0.000382,1,-0.000999193,0.00299773,0.0002625,1927.78
0,3396277,9,phononTF,0.000916523,0.000723415,0.00128278,-0.000262498,782.93,0.000382,1,0.00100146,0.000997608,0.0002625,895.722
0,3396598,20,phononTF,0.000579983,0.00317369,0.00318028,-0.0002625,1216.57,0.000382,1,0.00199708,0.0019957,0.0002625,1689.99
0,3404870,24,phononTF,0.00162959,-0.00114006,0.00314951,-0.0002625,393.097,0.000382,1,-0.000995221,0.00300229,0.0002625,586.258
0,3416976,9,phononTS,0.000563855,-0.000999874,0.00299734,0.000262498,278.299,0.000563855,1,-0.000965505,0.0029552,-0.0002625,367.619
0,3416976,6,phononTF,0.00117325,-0.000329833,0.00243115,0.000262498,16.9,0.000943214,1,-0.000401245,0.00253068,-0.0002625,109.611
0,3423973,9,phononTS,0.0007773,-0.00100326,0.00100456,0.000262498,781.549,0.000529967,1,-0.00103438,0.00103891,-0.0002625,878.475
0,3432710,2,phononTF,0.0021268,-0.000629767,0.00171384,-0.0002625,44.2654,0.000382,1,-0.00100033,0.000999852,0.0002625,396.924
0,3432996,15,phononTS,0.00102668,-1.57083e-06,0.00199957,0.000262498,360.291,0.000588102,1,0.000537194,0.00108979,-0.0002625,603.397
0,3437261,12,phononTS,0.000573286,0.00311332,0.005,-0.000163617,1970.67,0.000382,1,0.00300484,0.00100244,0.0002625,3179.73
0,3437970,4,phononTS,0.00215929,-0.0023602,0.0048896,-0.0002625,26.5383,0.000382,1,-0.00100356,0.002997,0.0002625,1077.91
0,3437970,14,phononTF,0.000752706,-0.00100356,0.002997,0.000262498,1077.91,0.000752706,1,-0.00080408,0.0027801,-0.0002625,1181.59
0,3437970,13,phononTS,0.000716152,-0.00100356,0.002997,0.000262498,1077.91,0.000716152,1,-0.000589798,0.00217672,-0.0002625,1297.44
0,3439038,12,phononTF,0.000554506,4.3172e-07,-0.00200376,0.000262498,1794.33,0.000554506,1,0.00016981,-0.00216647,-0.0002625,1892.76
0,3441821,9,phononTF,0.00436719,-0.00135575,0.00259693,-0.0002625,263.556,0.001146,1,-0.000997355,0.0029973,0.0002625,535.649
0,3442347,2,phononTS,0.000578746,-0.000246427,0.00298902,-0.000262498,687.334,0.000382,1,-0.00199755,0.00200064,0.0002625,1093.96
0,3448190,11,phononTF,0.000808112,-0.000145106,0.00218309,-0.0002625,185.253,0.000382,1,3.89835e-06,0.00199719,0.0002625,384.634
0,3453584,10,phononTS,0.00180099,-0.000712036,0.00189032,-0.0002625,577.344,0.000764,1,0.00100321,0.000998411,0.0002625,1138.1
0,3459770,14,phononTF,0.000650494,-1.9236e-06,0.00199738,0.000262498,482.729,0.000183937,1,0.000926318,0.00279277,-0.0002625,713.892
0,3460116,7,phononTS,0.00139158,0.000885217,0.00222204,-0.0002625,22.9518,0.000382,1,0.00200242,0.00200036,0.0002625,537.419
0,3462722,3,phononTF,0.00241126,-6.15419e-05,-0.000166451,-0.0002625,1514.47,0.000382,1,0.00100144,-0.000995652,0.0002625,2270.28
0,3467568,14,phononTF,0.000534213,-0.00449854,0.00136301,-0.0002625,931.79,0.000382,1,2.59257e-06,0.00199994,0.0002625,2016.26
0,3467896,2,phononTF,0.00570509,-0.000280812,0.00229175,0.000117375,216.79,0.001528,1,2.92141e-06,0.00200433,0.0002625,290.39
0,3481055,3,phononTS,0.000754244,1.12695e-06,0.0020014,0.0002625,432.192,0.000754244,1,-5.36208e-05,0.00143002,-0.0002625,743.334
0,3482742,1,phononTF,0.01,-0.00102412,0.00297047,0.000246495,0,0.001146,1,-0.00100382,0.00300348,0.0002625,583.074
0,3482742,6,phononL,0.00123509,-0.00100382,0.00300348,0.000262498,583.074,0.00123509,1,-0.00140394,0.00323347,-0.0002625,659.567
0,3483959,4,phononTF,0.0030312,7.07883e-05,0.00210119,-0.0002625,118.206,0.000382,1,3.55211e-06,0.00200464,0.0002625,303.26
0,3483959,11,phononTF,0.000592088,3.55211e-06,0.00200464,0.000262498,303.26,0.000592088,1,-0.000280341,0.00172567,-0.0002625,416.151
0,3483959,10,phononTF,0.000790959,3.55211e-06,0.00200464,0.000262498,303.26,0.000790959,1,0.000322147,0.00231115,-0.0002625,420.695
0,3484153,17,phononTF,0.000520279,1.76244e-06,0.00200153,0.000262498,680.696,0.000520279,1,-0.000177973,0.00190361,-0.0002625,779.036
0,3504870,13,phononTS,0.00083261,-0.00200095,-0.00200293,0.000262498,2920.38,0.00083261,1,-0.00201219,-0.00204987,-0.0002625,3010.7
0,3506387,1,phononTF,0.01,1.86369e-05,0.00198988,0.000232286,0,0.002292,1,3.87845e-06,0.00199604,0.0002625,295.142
0,3509919,2,phononTF,0.000754581,-0.000639441,0.00172829,-0.0002625,16.4808,0.000382,1,-0.00100383,0.000998256,0.0002625,373.819
0,3510821,10,phononL,0.000566433,7.01579e-05,0.00253504,-0.000262498,479.054,0.000382,1,1.01071e-06,0.00199638,0.0002625,560.432
0,3511516,15,phononTS,0.000751897,0.00100348,0.00100073,0.0002625,509.996,0.000751897,1,0.000402308,0.00142797,-0.0002625,985.896
0,3519281,4,phononL,0.00169141,0.000424527,0.00112291,-0.0002625,476.649,0.000764,1,0.000998796,0.00100495,0.0002625,646.136
0,3532164,8,phononTF,0.000401422,-3.01367e-06,0.00200226,0.0002625,443.364,0.000401422,1,0.000590965,0.00156799,-0.0002625,764.194
0,3532164,5,phononTS,0.000639512,-2.58141e-05,0.00225233,0.000262498,102.152,0.000639512,1,1.97002e-05,0.00229422,-0.0002625,191.244
0,3532164,4,phononTF,0.000737196,-2.58141e-05,0.00225233,0.000262498,102.152,0.000737196,1,-0.00244669,0.00231825,-0.0002625,555.016
0,3538232,19,phononTF,0.000507867,0.00086172,0.000866612,-0.0002625,1691.58,0.000382,1,0.000998591,0.000997055,0.0002625,2105.41
0,3541722,15,phononL,0.000721079,-0.000996027,0.00300065,0.000262498,461.123,0.000721079,1,-0.00102652,0.00241139,-0.0002625,545.874
0,3541722,13,phononTS,0.000513116,-0.00471036,0.005,-0.000144284,262.894,0.000513116,1,-0.00471638,0.00484341,-0.0002625,1136.48
0,3542284,4,phononTS,0.000630112,-0.000871344,0.00403485,-0.0002625,54.5161,0.000382,1,-0.00199626,0.00200444,0.0002625,1430.21
0,3544487,7,phononL,0.00328244,-0.00100461,0.00300497,0.000262498,354.892,0.00279785,1,-0.000693105,0.00355417,-0.0002625,444.572
0,3544979,13,phononTS,0.000532557,-0.00313389,0.00238122,-0.0002625,239.228,0.000382,1,-0.00199964,0.00199798,0.0002625,801.918
0,3544979,8,phononL,0.000418488,-0.00026733,0.00242312,0.000262498,33.204,0.000418488,1,-0.000156118,0.00268905,-0.0002625,100.639
0,3545332,14,phononTS,0.000489565,-4.13878e-05,0.00199887,-0.000262498,323.139,0.000382,1,4.31682e-07,0.00200441,0.0002625,414.296
0,3545333,1,phononTS,0.01,-0.000209606,0.00272959,-0.000258477,0,0.00605627,1,-0.000208455,0.00273096,-0.0002625,642.423
0,3553640,3,phononTS,0.00142622,-0.000109104,0.00101771,-0.0002625,172.1,0.000382,1,7.5258e-07,1.30104e-06,0.0002625,632.091
0,3578751,11,phononTS,0.000434464,-1.57274e-06,0.00199665,0.000262498,678.074,0.000434464,1,-0.00158397,-0.000318823,-0.0002625,1222.8
0,3582275,13,phononTF,0.000460883,-0.00199569,0.00200128,0.000262498,768.622,0.000460883,1,-0.00281616,0.00116504,-0.0002625,988.34
0,3587194,4,phononTF,0.000655647,-0.000119262,0.00211396,-0.0002625,107.501,0.000382,1,-4.39617e-06,0.00199607,0.0002625,295.877
0,3588041,9,phononTF,0.00039653,-0.000643928,0.00271727,-0.0002625,16.1011,0.000382,1,-0.000999519,0.00300052,0.0002625,259.311
0,3588041,8,phononTS,0.000989513,-0.000288338,0.00243402,0.000262498,16.1011,0.000989513,1,-0.00021669,0.00247979,-0.0002625,111.854
0,3588041,7,phononTS,0.000820103,0.00104013,0.005,-4.215e-05,16.1011,0.000549024,1,0.00105982,0.00490131,-0.0002625,642.939
0,3605466,10,phononTF,0.000562006,0.00116809,0.0028187,-0.000262498,896.773,0.000382,1,0.00200343,0.0020019,0.0002625,1115.97
0,3605466,3,phononL,0.00311255,-0.000535844,0.00241625,0.000262498,384.093,0.00134388,1,-0.000668821,0.00158798,-0.0002625,490.492
0,3615446,13,phononTS,0.000583143,1.26742e-06,0.0019996,0.0002625,163.959,0.000583143,1,-0.000203519,0.00119172,-0.0002625,558.428
0,3615883,11,phononL,0.000400831,-0.000998122,0.00100258,0.000262498,1179.63,0.000400831,1,-0.000754371,0.00132866,-0.0002625,1252.84
0,3616417,7,phononTF,0.00038453,-0.000134834,0.00214423,-0.0002625,83.2501,0.000382,1,4.04716e-06,0.002,0.0002625,276.016
0,3619336,9,phononL,0.000567372,-0.000584537,0.00231545,-0.000262498,466.81,0.000382,1,-5.7285e-07,0.00200439,0.0002625,559.054
0,3624541,15,phononL,0.000405837,-0.00199611,0.00199577,0.000262498,1133.35,0.000405837,1,-0.00168226,0.00183717,-0.0002625,1203.52
0,3625926,3,phononTS,0.00121644,-0.000562544,0.00211248,-0.0002625,568.046,0.000382,1,3.06621e-06,0.00200063,0.0002625,867.998
0,3626947,4,phononTS,0.00165653,-7.17861e-05,0.00207275,-0.0002625,197.882,0.000382,1,-3.13661e-06,0.00200203,0.0002625,402.009
0,3626947,11,phononTS,0.000642438,-3.13661e-06,0.00200203,0.000262498,402.009,0.000642438,1,-7.69219e-05,0.0020208,-0.0002625,499.04
0,3629041,20,phononTS,0.000612227,-0.000995112,0.00300422,0.000262498,717.909,0.000612227,1,-0.00106719,0.00292118,-0.0002625,821.156
0,3633550,5,phononTF,0.000516635,-0.000250858,0.00224784,-0.000262498,263.022,0.000382,1,-3.91123e-06,0.00200012,0.0002625,371.205
0,3636773,8,phononTF,0.0012785,0.000279594,0.00226901,-0.000262498,227.879,0.000382,1,-1.14064e-06,0.00200109,0.0002625,339.564
0,3642424,6,phononTF,0.00074302,-0.000997901,0.00300018,0.0002625,1442.83,0.00074302,1,-0.00118082,0.003178,-0.0002625,1742.58
0,3643409,4,phononTS,0.00459563,-0.000410508,0.00212911,-0.0002625,40.2837,0.000764,1,-3.80307e-06,0.00199858,0.0002625,315.592
0,3643409,7,phononTS,0.00249634,-3.80307e-06,0.00199858,0.000262498,315.592,0.00249634,1,-0.000317208,0.00131238,-0.0002625,508.167
0,3645680,7,phononTS,0.000573253,-0.000673382,0.00287526,-0.0002625,189.429,0.000382,1,-0.00100197,0.00300489,0.0002625,453.499
0,3645680,6,phononTF,0.000468278,-0.000344795,0.00274564,0.000262498,189.429,0.000468278,1,-0.00134062,0.00353813,-0.0002625,430.186
0,3646152,14,phononTS,0.000544146,-0.00300496,0.00240635,-0.000262498,785.632,0.000382,1,-0.00199631,0.0019989,0.0002625,1025.98
0,3647832,7,phononTF,0.000569199,8.39362e-07,0.00199917,0.000262498,629.252,0.000569199,1,5.71206e-05,0.00198865,-0.0002625,719.942
0,3649635,7,phononTS,0.000470927,-0.000370591,0.00294002,-0.0002625,29.5765,0.000382,1,-0.000995782,0.00300239,0.0002625,350.103
0,3652100,13,phononTS,0.00121108,-2.38309e-06,0.00199821,0.000262498,760.394,0.00121108,1,-3.22201e-05,0.00209097,-0.0002625,858.079
0,3654684,30,phononL,0.000753703,0.00111691,-0.00124336,-0.0002625,2964.43,0.000382,1,0.000997995,-0.000997816,0.0002625,3104.07
0,3662559,8,phononTF,0.000722014,-0.000612554,0.00262669,-0.0002625,21.2262,0.000382,1,-0.00100009,0.00300332,0.0002625,250.839
0,3662559,7,phononTS,0.000598306,-0.000435053,0.00244138,0.000262498,21.2262,0.000598306,1,-0.00029417,0.00159102,-0.0002625,225.236
0,3670029,15,phononTS,0.000751835,-0.000142509,0.00211432,-0.0002625,231.267,0.000382,1,-3.58452e-06,0.00200098,0.0002625,453.389
0,3675106,2,phononTF,0.00439198,-0.00101697,0.0029453,-0.0002625,942.421,0.001146,1,-0.000995032,0.00299826,0.0002625,1123.67
0,3680921,3,phononTS,0.00205498,-0.000689899,0.00265204,-0.0002625,218.777,0.000382,1,-0.00100142,0.00299583,0.0002625,518.31
0,3682612,4,phononTF,0.00399286,-0.000660258,0.00278593,-0.0002625,131.181,0.001146,1,-0.000996936,0.002997,0.0002625,365.632
0,3682612,10,phononTF,0.00160222,-0.000996936,0.002997,0.000262498,365.632,0.00106575,1,-0.000763978,0.00324161,-0.0002625,472.438
0,3691532,5,phononTF,0.000445689,-0.000145955,0.00215663,-0.0002625,40.0362,0.000382,1,3.13134e-06,0.00199808,0.0002625,235.217
0,3691532,4,phononL,0.00148182,-0.00029504,0.00231519,0.000262498,40.0362,0.000646832,1,-0.000246315,0.00198894,-0.0002625,109.08
0,3691872,1,phononTS,0.01,1.0946e-05,0.00199886,0.000218843,0,0.002674,1,1.3883e-06,0.00200264,0.0002625,155.382
0,3691872,8,phononTS,0.000651954,1.3883e-06,0.00200264,0.000262498,155.382,0.000651954,1,0.000971458,0.00146449,-0.0002625,406.848
0,3695364,17,phononTF,0.000430536,-0.000244236,0.00199889,-0.000262498,262.938,0.000382,1,0.000996867,0.00100435,0.0002625,554.79
0,3696670,9,phononTF,0.000595076,-0.00100487,0.00300259,0.0002625,368.265,0.000595076,1,-0.00134044,0.00330636,-0.0002625,728.083
0,3699583,8,phononTF,0.00113759,-0.000274421,0.00228271,-0.0002625,430.727,0.000382,1,-2.75732e-06,0.0019995,0.0002625,655.044
0,3723545,6,phononTS,0.000935659,0.000997139,0.000997647,0.000262498,266.286,0.000322586,1,0.000988431,0.00122403,-0.0002625,378.391
0,3724071,4,phononTF,0.000568053,-0.00173292,0.000370427,-0.0002625,130.043,0.000382,1,-0.00200317,-2.44006e-06,0.0002625,870.501
0,3724071,3,phononTS,0.00507347,-0.000381717,0.00223476,0.000262498,130.043,0.00340321,1,-0.0002209,0.00227653,-0.0002625,234.025
0,3732206,9,phononTS,0.000881302,-0.000952704,0.00296023,-0.0002625,448.004,0.000382,1,-0.000997571,0.00300267,0.0002625,626.192
0,3735301,18,phononTS,0.000594415,4.72595e-06,0.00199855,0.000262498,744.582,0.000534001,1,5.04323e-05,0.00204022,-0.0002625,833.675
0,3748301,11,phononTF,0.000464027,-0.000681501,0.00270449,-0.0002625,197.42,0.000382,1,-0.000997512,0.00300494,0.0002625,432.536
0,3748301,5,phononTS,0.000839308,-0.000328058,0.00242711,0.000262498,11.6874,0.000839308,1,0.000593276,0.00231954,-0.0002625,226.361
0,3748301,4,phononTS,0.000530413,-0.000328058,0.00242711,0.000262498,11.6874,0.000530413,1,-0.000300778,0.0024601,-0.0002625,101.283
0,3748301,3,phononTS,0.000600496,-0.000328058,0.00242711,0.000262498,11.6874,0.000600496,1,-0.000318758,0.00243625,-0.0002625,101.534
0,3758949,8,phononTS,0.000765768,-0.000184535,0.00204255,-0.0002625,479.789,0.000382,1,2.47529e-06,0.00200141,0.0002625,681.27
0,3758949,2,phononTF,0.00369935,-0.000136042,0.00251931,0.00011702,109.141,0.00248007,1,-0.000814883,0.00146238,-0.0002625,341.119
0,3763136,14,phononTF,0.000464331,0.00299826,0.00100437,0.000262498,4563.68,0.000464331,1,0.00320971,0.00120539,-0.0002625,4666.45
0,3763136,10,phononTS,0.000461088,-0.000142603,0.00257745,0.000262498,883.408,0.000461088,1,-0.000297253,0.00253884,-0.0002625,986.878
0,3763256,11,phononTS,0.000734569,-0.000997232,0.00299636,0.0002625,200.754,0.000503664,1,-0.00104012,0.00295375,-0.0002625,383.687
0,3778979,15,phononTF,0.00051351,-0.000995315,0.00300307,0.000262498,481.95,0.00051351,1,-0.00200268,0.00199657,-0.0002625,741.992
0,3778979,13,phononTF,0.000443534,-0.00193828,0.005,-5.68362e-05,254.133,0.000443534,1,-0.00034481,0.00325648,-0.0002625,1181.29
0,3780042,2,phononTS,0.00117601,0.000261981,0.00316029,-0.000262498,451.598,0.000764,1,-2.6625e-06,0.00199807,0.0002625,712.348
0,3780215,6,phononTF,0.000908207,-0.000187303,0.00210971,-0.0002625,125.071,0.000764,1,-1.58552e-06,0.00199716,0.0002625,323.144
0,3780446,1,phononTF,0.01,-2.0748e-05,0.00202138,0.000119247,0,0.000764,1,1.67404e-06,0.00199887,0.0002625,720.06
0,3781901,18,phononTS,0.000468975,-0.0010174,0.0029769,-0.000262498,216.945,0.000382,1,-0.00100313,0.0029958,0.0002625,306.7
0,3786676,6,phononTS,0.0016896,-0.000102848,0.002198,-0.0002625,33.6756,0.000382,1,-3.11359e-06,0.00200449,0.0002625,263.908
0,3786676,8,phononTS,0.00076165,-3.11359e-06,0.00200449,0.000262498,263.908,0.00076165,1,2.27403e-05,0.00198015,-0.0002625,353.555
0,3789486,12,phononTF,0.000562624,-0.000232361,0.00015115,-0.000262498,1671.24,0.000382,1,-4.14847e-06,-4.28128e-06,0.0002625,1774.92
0,3801363,15,phononTS,0.000569729,-0.00100171,0.00299785,0.000262498,672.339,0.000569729,1,-0.000997956,0.00358271,-0.0002625,830.115
0,3803028,2,phononTS,0.00533534,-5.42148e-05,0.00058796,-0.0002625,49.4026,0.001146,1,-0.00100234,-0.00100301,0.0002625,1024.63
0,3822445,10,phononTS,0.000467048,-0.00100478,0.00102573,-0.0002625,1836.03,0.000382,1,-0.00099663,0.00100261,0.0002625,4862.81
0,3823792,9,phononTF,0.000440138,-0.000258746,0.00222199,-0.000262498,130.301,0.000382,1,4.5886e-06,0.00200065,0.0002625,239.199
0,3828239,17,phononTF,0.000454118,-0.00117724,0.00103645,-0.0002625,1816.57,0.000382,1,-0.000996998,0.000995766,0.0002625,2208.19
0,3828239,3,phononTF,0.00124433,-0.00029621,0.00234545,0.000262498,14.7559,0.000843155,1,-0.000581303,0.00109872,-0.0002625,275.038
0,3834327,21,phononTS,0.000681917,-1.30663e-06,0.00200074,0.000262498,1338.02,0.000681917,1,0.00102546,0.00183284,-0.0002625,1572.24
0,3835687,10,phononTS,0.00102738,-0.0010018,0.00299881,0.000262498,249.563,0.000493075,1,-0.000698779,0.00295591,-0.0002625,369.384
0,3836170,1,phononTS,0.01,2.3179e-05,0.00195398,0.000256164,0,0.001146,1,-4.42877e-06,0.0019997,0.0002625,385.468
0,3838073,2,phononTF,0.00223201,-0.000641791,0.00269675,-0.0002625,85.6691,0.000382,1,-0.00100062,0.00299631,0.0002625,330.851
0,3839072,10,phononTS,0.00120494,-0.00061955,0.00270262,-0.0002625,15.453,0.000382,1,-0.000997113,0.00300113,0.0002625,319.836
0,3839072,11,phononTS,0.000598191,-0.000997113,0.00300113,0.000262498,319.836,0.000598191,1,-0.00102796,0.00251253,-0.0002625,466.608
0,3839072,9,phononTS,0.000482999,-0.000241988,0.0024041,0.000262498,15.453,0.000482999,1,0.000955766,0.00469227,-0.0002625,520.418
0,3839072,8,phononTS,0.00041052,-0.000241988,0.0024041,0.000262498,15.453,0.00041052,1,0.000292713,0.00231279,-0.0002625,171.648
0,3844257,14,phononTS,0.000755215,-0.00102017,0.000850334,-0.0002625,810.199,0.000382,1,-0.000997643,0.00100359,0.0002625,1120.27
0,3844277,9,phononTS,0.000480622,-0.000904969,0.00203072,-0.000262498,819.898,0.000382,1,9.04113e-07,0.00200216,0.0002625,1028.87
0,3847065,9,phononTF,0.0010331,0.00339908,0.000672762,-0.0002625,1008.18,0.000382,1,0.00300475,0.000997178,0.0002625,1264.28
0,3847065,5,phononTS,0.00529716,0.00164858,0.00457756,-0.000209909,18.5567,0.00385516,1,0.00206,0.0049803,-0.0002625,845.796
0,3847065,10,phononTS,0.000506512,0.00197099,0.005,-0.000198078,845.796,0.000506512,1,0.00234913,0.0047248,-0.0002625,956.542
0,3847065,4,phononTF,0.00084653,-0.000359294,0.0023522,0.000262498,18.5567,0.000634474,1,-2.42985e-05,0.00269876,-0.0002625,140.513
0,3857638,3,phononTS,0.0039195,0.000856666,0.000197095,-0.0002625,8.50904,0.000382,1,0.00199538,-0.00199592,0.0002625,978.814
0,3865560,9,phononTS,0.00105805,-0.000867272,0.00278253,-0.0002625,414.858,0.000382,1,-0.00100426,0.00300052,0.0002625,655.788
0,3869158,13,phononTS,0.00066752,0.000996616,-0.00300046,0.0002625,2429.2,0.00066752,1,0.000942915,-0.00296273,-0.0002625,2739.14
0,3871312,14,phononTS,0.000665708,-0.000220345,0.00192364,-0.000262498,234.819,0.000382,1,8.26536e-07,0.00199808,0.0002625,350.978
0,3875355,5,phononTS,0.00177701,-1.69885e-05,0.00234491,-0.0002625,213.182,0.000382,1,-2.75817e-06,0.00199519,0.0002625,466.337
0,3875355,10,phononTS,0.000885934,-2.75817e-06,0.00199519,0.000262498,466.337,0.000870963,1,-4.40167e-05,0.00227036,-0.0002625,582.869
0,3883914,5,phononTS,0.000894825,-0.000997591,0.00301122,-0.000262498,1862.66,0.000382,1,-0.00100252,0.00299859,0.0002625,1954.73
0,3885676,5,phononTS,0.000409789,-0.000995082,0.00300282,0.0002625,421.167,0.000409789,1,-0.00117117,0.00296255,-0.0002625,632.319
0,3890358,2,phononTF,0.00355947,-0.00100281,0.00299792,0.0002625,89.9723,0.0029907,1,-0.00127204,0.00272597,-0.0002625,1550.69
0,3901785,3,phononTF,0.00239174,-0.000675513,0.00269584,-0.0002625,13.1284,0.000382,1,-0.000995534,0.00300339,0.0002625,248.376
0,3904765,10,phononTF,0.000597667,-0.000146993,0.00215539,-0.0002625,109.595,0.000382,1,-1.84666e-06,0.00200366,0.0002625,399.928
0,3907151,7,phononTS,0.0011805,0.000997343,0.00100375,0.0002625,334.483,0.0011805,1,0.0013357,7.58222e-05,-0.0002625,1003.97
0,3907151,6,phononTF,0.000721478,0.000320638,0.0028596,0.000262498,334.483,0.000721478,1,0.000445199,0.00274219,-0.0002625,429.205
0,3907151,5,phononTF,0.0010437,0.000320638,0.0028596,0.000262498,334.483,0.000210913,1,-8.98155e-05,0.0032862,-0.0002625,469.836
0,3907833,14,phononL,0.000419448,-0.00207916,0.00163581,-0.0002625,2260.69,0.000382,1,-0.00199902,0.00200306,0.0002625,2403.1
0,3908209,5,phononTF,0.000562899,-0.00112069,0.003124,-0.0002625,295.225,0.000382,1,-0.00100376,0.00300358,0.0002625,587.981
0,3920284,1,phononTS,0.01,-1.66664e-05,0.00200736,0.000180365,0,0.000764,1,-3.3349e-06,0.00200202,0.0002625,177.404
0,3927551,4,phononTF,0.000411498,-0.00105199,0.00305264,-0.0002625,25.7966,0.000382,1,-0.000999693,0.00299946,0.0002625,291.47
0,3927556,4,phononTS,0.000752569,-0.00100383,0.00100319,0.0002625,1612.66,0.000142112,1,-0.0012284,0.00184516,-0.0002625,2224.66
0,3930641,14,phononTS,0.00078549,-0.00338071,0.000629762,-0.0002625,584.846,0.000382,1,-0.00200202,-2.94303e-06,0.0002625,1114.26
0,3930641,13,phononL,0.00197741,-0.00251265,0.000364673,0.000262498,584.846,0.00118478,1,-0.00218931,0.00020829,-0.0002625,655.369
0,3931734,10,phononTS,0.000531733,4.19097e-05,0.00211041,-0.0002625,621.926,0.000382,1,-2.4378e-06,0.0019984,0.0002625,820.479
0,3933221,10,phononTS,0.00170704,-0.000789326,0.00202572,-0.0002625,1090.79,0.000382,1,-0.000998033,0.00300323,0.0002625,1547.85
0,3933221,12,phononTS,0.000573227,-0.000998033,0.00300323,0.000262498,1547.85,0.000573227,1,-0.000776938,0.00302146,-0.0002625,1660.65
0,3933221,11,phononL,0.000387179,-0.000998033,0.00300323,0.000262498,1547.85,0.000387179,1,-0.00140665,0.00293494,-0.0002625,1621.05
0,3933221,4,phononTS,0.00134324,-0.000684629,0.00276649,0.000262498,461.809,0.000898495,1,-0.000699325,0.0038154,-0.0002625,689.807
0,3944455,11,phononTS,0.000537724,6.98304e-07,0.00200116,0.000262498,307.575,0.000537724,1,0.00166462,0.00222583,-0.0002625,676.117
0,3947772,8,phononTS,0.000448054,-0.00200195,-4.9368e-07,0.000262498,663.113,0.000448054,1,-0.0023396,-0.000564752,-0.0002625,841.535
0,3969798,13,phononTS,0.000881743,-2.20868e-06,0.00199975,0.000262498,437.279,0.000809342,1,0.000798831,0.00198039,-0.0002625,628.456
0,3975078,5,phononTS,0.000599377,-0.000591948,0.00236437,-0.0002625,41.7699,0.000382,1,-0.00100048,0.00100303,0.0002625,620.913
0,3975078,4,phononTS,0.000596484,-0.000409391,0.00238693,0.000262498,41.7699,0.000596484,1,-0.0021646,0.00256726,-0.0002625,428.846
0,3983429,3,phononL,0.000665403,-8.62531e-05,0.000403519,-0.0002625,270.5,0.000382,1,3.84927e-06,-2.61438e-06,0.0002625,624.094
0,3984814,9,phononTS,0.00209035,0.0020022,0.00200066,0.000262498,674.288,0.00065413,1,0.00201654,0.00196193,-0.0002625,764.407
0,3985434,7,phononTF,0.000776053,-0.000205367,0.00218246,-0.0002625,32.2621,0.000382,1,4.11614e-06,0.00200382,0.0002625,237.117
0,3987129,13,phononTF,0.00127456,0.000395879,0.00237774,-0.0002625,551.79,0.000382,1,4.68296e-06,0.001996,0.0002625,812.434
0,3987240,2,phononTS,0.00449345,9.76609e-07,0.00201644,1.30856e-05,3.6184,0.001528,1,2.04283e-06,0.00199767,0.0002625,218.341
0,3987240,14,phononTS,0.00114702,2.04283e-06,0.00199767,0.000262498,218.341,0.00114702,1,-0.000931274,0.000499568,-0.0002625,573.59
0,3987240,13,phononTF,0.000464632,2.04283e-06,0.00199767,0.000262498,218.341,0.000464632,1,-0.000191256,0.002201,-0.0002625,320.192
0,3989014,17,phononTF,0.000491784,-0.00139426,0.00167173,-0.0002625,478.638,0.000382,1,-0.00199913,0.00200038,0.0002625,795.536
0,3991229,8,phononTF,0.00182199,-0.00117195,0.00324201,-0.000262498,427.099,0.000382,1,-0.000996355,0.00300004,0.0002625,532.584
0,3992809,7,phononTS,0.000462933,-9.00136e-05,0.00277961,-0.000262498,203.578,0.000382,1,-1.83447e-06,0.00199831,0.0002625,389.894
0,3997029,10,phononTF,0.00042815,0.00100237,-0.0030016,0.000262498,3354.03,0.00042815,1,0.00056981,-0.00258511,-0.0002625,3490.47
0,4015045,20,phononTS,0.000581441,-0.000844628,0.00147751,-0.000262498,331.591,0.000382,1,3.02651e-06,-4.87214e-07,0.0002625,677.093
0,4022890,26,phononTF,0.000556352,0.00352607,0.00290637,-0.0002625,1281.97,0.000382,1,-2.47201e-07,0.00199959,0.0002625,4161.69
0,4022890,5,phononTS,0.00057905,-0.000364461,0.00250977,0.000262498,268.409,0.00057905,1,-0.000311638,0.00252607,-0.0002625,358.307
0,4022890,4,phononTF,0.000976456,-0.000364461,0.00250977,0.000262498,268.409,0.000976456,1,-0.0016899,0.00357744,-0.0002625,578.373
0,4022890,3,phononTS,0.000589758,-0.000364461,0.00250977,0.000262498,268.409,0.000589758,1,-0.000167915,0.00251399,-0.0002625,377.898
0,4022890,2,phononTS,0.000841751,-0.000364461,0.00250977,0.000262498,268.409,0.000841751,1,-0.000322479,0.00247757,-0.0002625,357.779
0,4025052,7,phononTF,0.00100109,0.00100453,0.000999236,0.000262498,842.821,0.00100109,1,0.00127393,0.000717048,-0.0002625,954.718
0,4025052,2,phononTF,0.00617038,-0.000723442,0.00200642,0.000196068,510.133,0.00515517,1,-0.000836843,0.00193391,-0.0002625,604.648
0,4041383,14,phononTS,0.000483993,-1.70384e-06,0.00199576,0.000262498,1081.51,0.000483993,1,-3.23002e-06,0.0019543,-0.0002625,1172.44
0,4048470,10,phononTF,0.000635914,-0.000115634,0.00201522,-0.0002625,243.024,0.000382,1,2.49063e-06,0.00199958,0.0002625,429.792
0,4048928,2,phononTF,0.000399543,0.000382142,0.00171192,-0.0002625,31.7409,0.000382,1,0.00100135,0.00100238,0.0002625,406.506
0,4050224,8,phononTS,0.000512953,-0.00218999,0.005,-7.19725e-05,172.729,0.000512953,1,-0.00203109,0.00490435,-0.0002625,916.744
0,4050224,6,phononL,0.000877163,-0.000371764,0.0024093,0.000262498,38.5306,0.0006715,1,-0.000804474,0.00232662,-0.0002625,113.252
0,4053080,5,phononTF,0.000912717,-0.000132853,0.00223006,-0.0002625,90.2516,0.000382,1,-2.43194e-06,0.00200195,0.0002625,296.724
0,4054295,9,phononL,0.000498462,-0.000174999,0.00248678,-0.000262498,108.474,0.000382,1,-3.62405e-06,0.00199621,0.0002625,188.617
0,4061567,29,phononTF,0.000462461,6.75924e-07,0.00199846,0.0002625,1026.08,0.000462461,1,-0.000243309,0.00223152,-0.0002625,1239.65
0,4063929,2,phononTS,0.00554919,-0.000982977,0.00296993,7.32216e-06,125.033,0.000382,1,-0.000996279,0.00299633,0.0002625,296.146
0,4067326,1,phononTS,0.01,-1.28261e-05,0.00200696,0.000237261,0,0.002292,1,1.42319e-06,0.00199554,0.0002625,145.231
0,4067930,7,phononTS,0.000637947,-3.37439e-05,0.00202848,-0.000262498,182.259,0.000382,1,-4.1897e-06,0.00199965,0.0002625,271.819
0,4072061,16,phononTS,0.000487448,0.00199525,0.00200283,0.0002625,2018.91,0.000487448,1,0.00196998,0.00197338,-0.0002625,2287.59
0,4072799,7,phononTS,0.000702062,-0.000574696,0.00199535,-0.000262498,274.864,0.000382,1,-2.87365e-06,0.00200416,0.0002625,426.667
0,4072799,6,phononTF,0.00294352,-0.000574696,0.00199535,-0.000262498,274.864,0.00294352,1,-0.005,0.00232181,-0.000102209,1043.94
0,4080527,6,phononTS,0.000383349,-0.00100339,0.000999189,0.000262498,741.262,0.000383349,1,-0.00106092,0.00181907,-0.0002625,938.627
0,4081808,20,phononTS,0.000587295,0.0020374,0.0021768,-0.000262498,1290.9,0.000382,1,0.00200241,0.00200017,0.0002625,1396.7
0,4081808,4,phononTF,0.0015996,-0.000316792,0.00232146,0.000262498,183.543,0.00133767,1,-0.000418085,0.00241451,-0.0002625,276.616
0,4081808,3,phononTF,0.0012308,-0.000316792,0.00232146,0.000262498,183.543,0.000726978,1,-0.000246173,0.00225317,-0.0002625,274.979
0,4086436,5,phononTS,0.000411351,-0.000121838,0.00221713,-0.0002625,25.8842,0.000382,1,-4.41356e-07,0.00200289,0.0002625,263.58
0,4086436,4,phononL,0.000531663,-0.000243234,0.00243136,0.000262498,25.8842,0.000531663,1,-0.000962865,0.00220413,-0.0002625,125.481
0,4093081,10,phononTF,0.000739986,0.00187528,0.00174847,-0.0002625,634.882,0.000382,1,0.00200112,0.00199745,0.0002625,1266.88
0,4093081,9,phononTS,0.000778097,0.00124608,0.000503579,0.000262498,634.882,0.00025904,1,0.000523645,0.0022271,-0.0002625,1026.18
0,4099542,3,phononTF,0.00463739,-0.000117395,0.00211198,-0.0002625,635.528,0.000382,1,-3.84473e-06,0.00199573,0.0002625,823.691
0,4105602,8,phononTS,0.000710582,-0.00105418,0.00327525,-0.000262498,234.732,0.000382,1,-0.00100204,0.00299675,0.0002625,355.825
0,4105602,4,phononTF,0.000884181,-0.000366649,0.00237121,0.000262498,14.6281,0.00042193,1,-0.000349774,0.00223791,-0.0002625,108.946
0,4106486,2,phononTF,0.00119201,-0.000183292,0.00223589,-0.0002625,53.2368,0.000764,1,4.62744e-06,0.00200215,0.0002625,263.14
0,4126189,17,phononTF,0.000775712,4.4562e-06,0.00200023,0.000262498,252.686,0.000775712,1,0.000550875,0.00265072,-0.0002625,427.076
0,4136396,9,phononTS,0.000977508,-0.00121077,0.00223911,-0.0002625,117.744,0.000382,1,-0.00199634,0.00200147,0.0002625,520.065
0,4148920,8,phononTS,0.000488429,-0.000985753,0.00264492,-0.0002625,535.101,0.000382,1,-0.000995344,0.003001,0.0002625,751.23
0,4148920,7,phononTS,0.000555712,-0.005,-0.00167383,-0.000216763,535.101,0.000555712,1,-0.00371517,-0.00295152,-0.0002625,1927.45
0,4150597,2,phononTS,0.00559723,-0.000601293,0.00300597,5.20041e-06,95.4097,0.001146,1,-0.00100078,0.00299616,0.0002625,1681.33
0,4170046,18,phononTF,0.000388424,0.00170219,0.00152721,-0.000262498,965.391,0.000382,1,0.00200348,0.00199915,0.0002625,1103.35
0,4172890,3,phononTF,0.00829202,-5.17188e-05,0.00209678,0.000206133,527.186,0.001146,1,2.229e-06,0.00200465,0.0002625,775.361
0,4173896,4,phononL,0.00250614,-0.00143709,0.0015616,-0.0002625,1748.59,0.000764,1,-0.00199935,0.00199638,0.0002625,2462.22
0,4178724,12,phononTS,0.000441694,-0.000998235,0.00299594,0.000262498,986.416,0.000441694,1,0.000242762,0.00495456,-0.0002625,1444.84
0,4178724,10,phononTS,0.000508885,-0.000925274,0.0017501,0.000262498,660.104,0.000508885,1,-0.000905318,0.00159437,-0.0002625,764.368
0,4178724,9,phononTF,0.000820896,-0.005,0.00228456,-0.00019546,660.104,0.000577804,1,-0.00492015,0.0022068,-0.0002625,1413.89
0,4178724,8,phononTS,0.000429357,-0.000925274,0.0017501,0.000262498,660.104,0.000429357,1,-0.00223274,0.00124211,-0.0002625,959.27
0,4178724,7,phononTS,0.00143291,-0.000925274,0.0017501,0.000262498,660.104,0.00065145,1,-0.000923247,0.00178126,-0.0002625,749.658
0,4179336,5,phononTF,0.000391957,0.000182394,0.00186772,-0.0002625,725.778,0.000382,1,3.58429e-06,0.00199789,0.0002625,923.262
0,4179791,14,phononTF,0.00151282,-0.000115852,0.00211508,-0.0002625,218.742,0.000764,1,1.2654e-06,0.00200249,0.0002625,406.887
0,4196200,19,phononTF,0.000666951,0.000448947,0.00164481,-0.0002625,397.066,0.000382,1,2.44829e-06,0.00200424,0.0002625,644.082
0,4198619,10,phononTF,0.000588324,-0.00100031,0.00299746,0.0002625,415.825,0.000588324,1,-0.00173329,0.00371175,-0.0002625,809.472
0,4201722,11,phononTS,0.00224448,-0.00113138,0.00121556,-0.0002625,255.541,0.000764,1,-0.000997503,0.00100112,0.0002625,495.253
0,4201722,12,phononTS,0.000529632,-0.000997503,0.00100112,0.000262498,495.253,0.000529632,1,-0.000708998,0.00102827,-0.0002625,613.798
0,4211469,2,phononTF,0.00190996,-0.000999942,0.00299683,0.0002625,206.236,0.00173753,1,-0.00130606,0.00330631,-0.0002625,556.984
0,4213136,9,phononTF,0.000551085,5.24494e-05,0.000166546,-0.0002625,1288.82,0.000382,1,0.000998576,0.00100441,0.0002625,1762.81
0,4216824,3,phononL,0.00679566,-0.000740902,0.00279131,0.000210324,18.8639,0.00191,1,-0.000997336,0.00300385,0.0002625,145.292
0,4216824,6,phononTF,0.000409464,-0.000997336,0.00300385,0.000262498,145.292,0.000409464,1,0.000171263,0.00183369,-0.0002625,442.334
0,4223947,19,phononTF,0.000518044,1.01565e-06,0.00200153,0.000262498,902.337,0.000518044,1,0.000671979,0.00327021,-0.0002625,1177.61
0,4229127,9,phononTF,0.000644688,-0.000735487,0.00127197,-0.000262498,1539.4,0.000382,1,-0.00100169,0.000999326,0.0002625,1650.44
0,4230239,7,phononTF,0.000556562,-0.000682061,0.00266807,-0.0002625,24.8404,0.000382,1,-0.00100205,0.00299575,0.0002625,263.335
0,4230239,6,phononTS,0.000910948,-0.000362076,0.00234039,0.000262498,24.8404,0.000910948,1,0.000524732,0.00307634,-0.0002625,284.86
0,4230239,5,phononTF,0.000567621,-0.000362076,0.00234039,0.000262498,24.8404,0.000567621,1,-0.000449223,0.00233155,-0.0002625,116.64
0,4230239,4,phononTS,0.000857711,-0.000362076,0.00234039,0.000262498,24.8404,0.000857711,1,-0.000242771,0.00233583,-0.0002625,126.376
0,4230239,3,phononTF,0.00272979,-0.000460413,-0.005,0.000190854,24.8404,0.00163334,1,-0.00255661,0.00309484,-0.0002625,2741.85
0,4250752,20,phononTS,0.000500697,0.00137622,-0.0014579,-0.0002625,855.919,0.000382,1,0.00199954,-0.00199654,0.0002625,1679.36
0,4250752,3,phononTS,0.00105204,-0.000314302,0.00252774,0.000262498,22.9569,0.000852314,1,-1.20399e-05,0.00252612,-0.0002625,144.265
0,4250752,2,phononTF,0.00103743,-0.000314302,0.00252774,0.000262498,22.9569,0.000244723,1,-0.00080887,0.00208164,-0.0002625,169.978
0,4261198,3,phononTS,0.000629122,0.000237952,0.00195594,-0.000262498,1198.54,0.000382,1,-4.93938e-06,0.0020007,0.0002625,1311.24
0,4263352,13,phononTS,0.000966754,-0.000534977,0.00205036,-0.000262498,518.007,0.000382,1,-2.79394e-06,0.00200293,0.0002625,668.147
0,4264641,12,phononL,0.000438735,-0.00112607,0.00316646,-0.0002625,316.787,0.000382,1,-0.000999369,0.00299939,0.0002625,446.689
0,4264994,11,phononTS,0.000825374,-0.000995204,0.00299597,0.000262498,1808.55,0.000825374,1,-0.000568991,0.0029795,-0.0002625,1944.96
0,4264994,9,phononL,0.000813209,0.000744059,0.00471571,0.000262499,1352.9,0.000813209,1,0.00131575,0.0045685,-0.0002625,1438.11
0,4266060,11,phononTF,0.000564052,3.78666e-06,0.00200271,0.000262498,755.701,0.000564052,1,0.000323046,0.00172765,-0.0002625,872.613
0,4267877,7,phononTS,0.00042584,-1.42821e-06,2.16987e-06,0.000262498,1684.99,0.00042584,1,-2.06221e-05,3.90255e-05,-0.0002625,1777.39
0,4270913,13,phononTS,0.000630244,2.80866e-06,0.00199725,0.0002625,133.743,0.000630244,1,4.16699e-05,0.00215423,-0.0002625,332.105
0,4279866,3,phononTF,0.00100265,-4.81178e-06,0.00200029,0.0002625,326.482,0.000750542,1,-0.00082802,0.00273587,-0.0002625,760.503
0,4280307,4,phononTF,0.00111987,2.25549e-06,0.00200449,0.0002625,24.5812,0.000835419,1,-0.000308068,0.00230431,-0.0002625,355.375
0,4280307,3,phononTS,0.000600541,-0.000352414,0.00233842,0.000262498,24.5812,0.000379122,1,0.0002393,0.00252898,-0.0002625,194.873
0,4286238,12,phononTS,0.00162609,-3.85401e-06,0.00199866,0.000262498,346.184,0.000688114,1,-4.47606e-05,0.00195214,-0.0002625,435.279
0,4292107,5,phononTS,0.000418261,6.49941e-06,0.00144432,-0.0002625,23.964,0.000382,1,4.59995e-06,0.00200473,0.0002625,400.923
0,4295743,12,phononTF,0.00136818,-0.00100377,0.003001,0.000262498,383.161,0.00136818,1,-0.000764547,0.00274902,-0.0002625,491.494
0,4295743,3,phononTF,0.00051588,-0.000191452,0.00261677,0.000262498,130.634,0.00051588,1,0.000227423,0.00221309,-0.0002625,264.697
0,4297400,7,phononTS,0.000854456,2.4011e-05,0.00197284,-0.000262498,209.597,0.000382,1,-4.12888e-06,0.00199929,0.0002625,299.2
0,4300182,3,phononTS,0.00500103,7.92687e-06,0.00200285,0.00024446,111.316,0.000764,1,2.59066e-06,0.00199755,0.0002625,182.62
0,4309036,20,phononTS,0.000994407,-4.22882e-05,0.00181134,-0.0002625,708.907,0.000382,1,-8.34312e-08,0.00200073,0.0002625,922.714
0,4315831,15,phononL,0.000641333,-0.00100148,0.00299835,0.000262498,1061.93,0.000641333,1,-0.000845777,0.00230829,-0.0002625,1156.76
0,4315831,13,phononTF,0.00156061,-0.00120809,0.00305394,0.000262498,868.89,0.000752517,1,-0.000941399,0.00332091,-0.0002625,979.806
0,4317854,9,phononTS,0.0005551,0.000999704,0.00100312,0.000262498,518.435,0.0005551,1,0.000990325,0.00105909,-0.0002625,608.594
0,4317854,6,phononTF,0.000793204,-0.00031608,0.00242175,0.000262498,5.78493,0.000380641,1,5.86388e-05,0.00280648,-0.0002625,134.319
0,4321720,8,phononTF,0.000464027,-0.000329652,0.0023182,-0.000262498,109.812,0.000382,1,-0.000996527,0.003,0.0002625,296.125
0,4321720,4,phononTF,0.00123326,-0.000292541,0.00237231,0.000262498,15.3254,0.000747083,1,-0.000533614,0.00223033,-0.0002625,120.068
0,4329047,13,phononTF,0.000474518,0.00114924,-0.000659929,-0.0002625,890.855,0.000382,1,0.00100245,-0.000999775,0.0002625,1240.45
0,4329047,11,phononTS,0.00386169,0.000637242,0.00173061,0.000262498,508.021,0.00263628,1,0.00152069,0.00271676,-0.0002625,797.061
0,4333582,13,phononTS,0.000623562,-0.00202022,0.00171933,-0.000262498,845.419,0.000382,1,-0.00200207,0.00200317,0.0002625,965.302
0,4339612,3,phononTF,0.00254865,-0.000296023,0.00230604,-0.0002625,70.1593,0.000764,1,8.52926e-07,0.00200076,0.0002625,301.55
0,4339612,12,phononTS,0.000611335,8.52926e-07,0.00200076,0.000262498,301.55,0.000611335,1,-0.000281545,0.00204486,-0.0002625,418.873
0,4339612,11,phononTF,0.000768604,8.52926e-07,0.00200076,0.000262498,301.55,0.000768604,1,0.000454469,0.00244996,-0.0002625,443.486
0,4341086,11,phononTS,0.000558323,-0.000997335,0.00300414,0.000262498,1142.82,0.000558323,1,-0.00100681,0.00295973,-0.0002625,1238.1
0,4344283,5,phononTS,0.00113401,0.00135603,0.00206451,-0.0002625,1016.41,0.000382,1,0.0020024,0.00199966,0.0002625,1349.09
0,4344283,10,phononTF,0.000457151,0.0020024,0.00199966,0.000262499,1349.09,0.000457151,1,0.0020771,0.00192703,-0.0002625,1440.72
0,4345476,2,phononL,0.00385668,-3.21705e-05,0.000512147,-1.86452e-05,65.1493,0.001528,1,0.0029952,0.000997753,0.0002625,732.672
0,4345476,12,phononTS,0.000993519,0.0029952,0.000997753,0.000262498,732.672,0.000360675,1,0.00256492,0.00107158,-0.0002625,873.779
0,4347766,12,phononTF,0.000419605,-0.000148288,0.00188483,-0.0002625,419.641,0.000382,1,-2.14948e-06,0.00199721,0.0002625,605.988
0,4351318,12,phononTS,0.000506892,-0.00101618,0.00104003,-0.000262498,1821.45,0.000382,1,-0.000995689,0.00100171,0.0002625,1911.62
0,4357510,11,phononTS,0.000791733,-0.00200171,2.48327e-06,0.000262498,656.907,0.000791733,1,-0.00200077,-1.72723e-05,-0.0002625,751.006
0,4362259,16,phononTF,0.000404936,0.00200123,3.33949e-06,0.000262498,965.611,0.000404936,1,0.00170771,0.000222303,-0.0002625,1077.78
0,4362594,2,phononTF,0.00512678,-0.000679084,0.00268033,-0.0002625,29.4442,0.000764,1,-0.00100183,0.00300356,0.0002625,265.042
0,4362594,14,phononTF,0.000457892,-0.00100183,0.00300356,0.000262498,265.042,0.000457892,1,-0.00154399,0.00353211,-0.0002625,422.718
0,4362594,13,phononTS,0.00151489,-0.00100183,0.00300356,0.000262498,265.042,0.00144411,1,-0.000955095,0.00296502,-0.0002625,354.194
0,4362594,12,phononTF,0.00153187,-0.00100183,0.00300356,0.000262498,265.042,0.00146998,1,-0.0013042,0.00319003,-0.0002625,377.5
0,4367622,6,phononTS,0.00243495,-0.00290104,0.00011164,-0.0002625,1904.06,0.000382,1,-0.00200486,4.20265e-06,0.0002625,2231.59
0,4378191,18,phononTS,0.000452964,0.00199606,2.93537e-06,0.000262498,1702.8,0.000452964,1,0.00197723,8.90499e-05,-0.0002625,1799.99
0,4385494,1,phononTS,0.01,-0.000982169,0.0028551,0.00017155,0,0.00191,1,-0.00099521,0.00299549,0.0002625,775.76
0,4385846,6,phononTS,0.000748899,-0.00100309,0.00300096,0.000262498,295.431,0.000748899,1,-0.00190258,0.00325522,-0.0002625,510.917
0,4386166,11,phononTS,0.00098693,-0.00188336,0.00134447,-0.0002625,654.14,0.000382,1,-0.00200264,0.00199867,0.0002625,1003.56
0,4386166,10,phononTS,0.000656032,-0.00176409,0.000690277,0.000262498,654.14,0.000656032,1,-0.00173385,0.000718737,-0.0002625,743.653
0,4386166,9,phononTS,0.00106298,-0.00176409,0.000690277,0.000262498,654.14,0.000749699,1,-0.00275704,-0.00134411,-0.0002625,1103.58
0,4392847,15,phononTS,0.000589107,4.59173e-06,0.00200393,0.000262498,227.173,0.000589107,1,-0.000599099,0.00201699,-0.0002625,384.609
0,4393081,14,phononTS,0.000833274,-0.000999948,0.00299829,0.000262498,277.515,0.000833274,1,-0.000954476,0.00341378,-0.0002625,411.636
0,4394298,3,phononTF,0.00250617,-0.000147101,0.00220675,-0.0002625,3.8233,0.000764,1,3.48992e-06,0.00200177,0.0002625,206.585
0,4394298,9,phononL,0.000509436,3.48992e-06,0.00200177,0.000262498,206.585,0.000509436,1,1.33407e-06,0.00215392,-0.0002625,270.239
0,4402402,21,phononTF,0.000505917,0.00100118,0.0010045,0.000262498,2109.72,0.000505917,1,0.0014384,0.000579832,-0.0002625,2247.38
0,4405106,18,phononL,0.000744553,-0.000627979,0.00183191,-0.0002625,348.236,0.000382,1,-3.99695e-06,0.00200287,0.0002625,527.972
0,4405365,11,phononTS,0.000492895,0.00263111,0.005,0.000128777,3555.25,0.000492895,1,-0.00108148,-0.00308909,-0.0002625,6036.85
0,4405365,5,phononTS,0.000760639,0.000942182,0.0027786,0.000262498,625.526,0.000760639,1,0.00107945,0.00373472,-0.0002625,847.053
0,4405585,8,phononTS,0.000713634,-0.000339702,0.00240438,-0.000262498,107.213,0.000382,1,-4.69155e-06,0.0019995,0.0002625,266.099
0,4408275,4,phononTS,0.0023191,-0.000638402,0.00276431,-0.0002625,340.434,0.000382,1,-0.000999542,0.00299759,0.0002625,628.911
0,4408275,14,phononTS,0.00066986,-0.000999542,0.00299759,0.000262498,628.911,0.00066986,1,-0.00134167,0.00272508,-0.0002625,774.64
0,4412252,3,phononTF,0.00709631,-0.00034642,0.00242976,-3.90256e-05,628.141,0.00191,1,-1.23572e-06,0.00200105,0.0002625,738.134
0,4419548,17,phononTF,0.000715158,-0.000187097,0.00214112,-0.0002625,194.579,0.000382,1,-3.45224e-06,0.00199907,0.0002625,393.302
0,4419625,8,phononTS,0.000429676,-2.44057e-06,0.00200827,-0.000262498,891.245,0.000382,1,1.99724e-06,0.00200472,0.0002625,984.684
0,4421193,12,phononTS,0.000780657,0.000955219,-0.000833853,-0.0002625,2636.99,0.000382,1,0.00100095,-0.00100216,0.0002625,2925.24
0,4421193,2,phononTF,0.00319059,-0.000245588,0.00255247,0.000262498,174.685,0.00233698,1,0.000257555,0.00303938,-0.0002625,324.416
0,4421194,1,phononTS,0.01,-0.000851774,0.00216254,-0.000109908,0,0.00585442,1,-0.000844646,0.00217846,-0.0002625,370.314
0,4424044,3,phononTF,0.00662504,-1.03691e-06,0.00199244,0.000161807,231.495,0.001528,1,-2.21494e-06,0.00199988,0.0002625,616.458
0,4424791,6,phononTS,0.00170177,-0.00100215,0.00300386,0.0002625,291.069,0.00170177,1,-0.00102677,0.00298073,-0.0002625,560.063
0,4431096,9,phononTS,0.000880922,4.98319e-06,0.0019995,0.000262498,241.521,8.08072e-05,1,-4.5758e-05,0.00201613,-0.0002625,336.908
0,4433916,3,phononTF,0.00121058,-0.000122599,0.0021357,-0.0002625,78.0546,0.000764,1,4.80381e-06,0.0020015,0.0002625,268.598
0,4433916,2,phononTS,0.00293917,-0.000250001,0.0022699,0.000262498,78.0546,0.00253216,1,7.14834e-05,0.00259307,-0.0002625,226.654
0,4435517,19,phononTF,0.000411471,-0.000105235,0.00179701,-0.0002625,942.443,0.000382,1,3.67821e-06,0.00200271,0.0002625,1275.01
0,4440106,9,phononTF,0.000599852,-0.000818281,0.00118654,-0.000262498,614.076,0.000382,1,-4.10123e-06,0.00200374,0.0002625,831.255
0,4453484,13,phononTF,0.00076481,-9.92093e-05,0.00166995,-0.000262498,228.9,0.000382,1,0.00199927,0.00200214,0.0002625,630.088
0,4453484,2,phononTF,0.00439017,-0.00031159,0.00249018,0.000262498,29.2136,0.00264526,1,-0.000776652,0.00277801,-0.0002625,165.825
0,4454052,2,phononTF,0.00107155,-0.000545413,0.00264327,-0.0002625,129.313,0.000382,1,-0.00100315,0.00300032,0.0002625,404.927
0,4454434,5,phononTF,0.00163096,-0.000230436,0.00214516,-0.0002625,59.2298,0.000382,1,3.54874e-06,0.00199874,0.0002625,267.414
0,4454434,8,phononTF,0.000558422,3.54874e-06,0.00199874,0.000262498,267.414,0.000558422,1,0.000181735,0.0018172,-0.0002625,367.347
0,4454434,4,phononTF,0.000702121,-0.00046442,0.00229157,0.000262498,59.2298,0.000702121,1,-0.000265813,0.00266637,-0.0002625,181.239
0,4459940,9,phononTF,0.000471041,-0.00132998,0.000836186,-0.0002625,617.16,0.000382,1,-0.00100257,0.00100404,0.0002625,847.618
0,4459940,6,phononTF,0.000602243,-0.000238336,0.00254017,0.000262498,164.651,0.000602243,1,-0.000981942,0.0016951,-0.0002625,380.07
0,4459940,5,phononTS,0.000625844,-0.000238336,0.00254017,0.000262498,164.651,0.000625844,1,-0.000221888,0.00268642,-0.0002625,269.757
0,4459940,4,phononTS,0.000572496,-0.000238336,0.00254017,0.000262498,164.651,0.000572496,1,-0.000221593,0.00255853,-0.0002625,254.405
0,4459940,3,phononTS,0.00347337,-0.000238336,0.00254017,0.000262498,164.651,0.0029124,1,-0.000284855,0.00247976,-0.0002625,259.574
0,4459940,2,phononTF,0.00160275,-0.000238336,0.00254017,0.000262498,164.651,0.00157327,1,-0.000462448,0.0027646,-0.0002625,269.844
0,4459941,1,phononTS,0.01,0.000141033,0.00290947,-0.000182418,0,0.00662739,1,0.000170467,0.00297148,-0.0002625,566.805
0,4463532,2,phononTF,0.00268527,-0.000123071,0.00211748,-0.0002625,139.695,0.000382,1,2.41927e-06,0.00199599,0.0002625,329.413
0,4470444,5,phononTS,0.000411975,-0.00044892,0.00191455,-0.000262498,621.37,0.000382,1,4.02666e-06,0.00199718,0.0002625,765.97
0,4470857,11,phononTS,0.000639066,-2.5973e-06,0.00200069,0.000262498,725.889,0.000639066,1,0.000720766,0.00118722,-0.0002625,975.342
0,4475746,10,phononL,0.000785157,-0.0020039,0.00200075,0.000262498,1064.31,0.00027758,1,-0.00168856,0.00109308,-0.0002625,1184.25
0,4480218,5,phononTF,0.00066607,-0.000316077,0.00237376,-0.0002625,356.282,0.000382,1,-0.00100163,0.00300489,0.0002625,634.55
0,4482193,11,phononTS,0.0015428,-0.00100386,0.002999,0.000262498,326.244,0.000799771,1,-0.000734839,0.00307731,-0.0002625,447.875
0,4487888,3,phononL,0.00267446,-0.000999938,0.0030033,0.0002625,74.339,0.00198843,1,-0.00128761,0.00334494,-0.0002625,301.397
0,4496463,17,phononTS,0.000724049,3.37004e-05,-0.00499171,-0.0002625,2184.82,0.000382,1,-0.00300055,-0.000995223,0.0002625,3326.69
0,4500258,20,phononTS,0.000691569,3.38898e-05,0.00154378,-0.0002625,3632.34,0.000382,1,-0.00200236,4.49817e-06,0.0002625,4609.64
0,4500858,7,phononTF,0.000388909,-7.19662e-05,0.00212232,-0.0002625,115.22,0.000382,1,-3.88442e-06,0.00199769,0.0002625,491.416
0,4500858,6,phononTF,0.00158419,-0.000276211,0.00249619,0.000262498,115.22,0.00142753,1,5.48857e-05,0.00282581,-0.0002625,235.761
0,4500858,5,phononTF,0.000615177,-0.000276211,0.00249619,0.000262498,115.22,0.000615177,1,0.000295501,0.00147719,-0.0002625,346.575
0,4500967,4,phononTF,0.00101234,-0.000659211,0.00271734,-0.0002625,3.79993,0.000764,1,-0.000999874,0.00300283,0.0002625,243.479
0,4500967,3,phononL,0.00492115,0.00102802,0.00343118,0.000230625,3.79993,0.00211991,1,8.70798e-05,0.00406951,-0.0002625,444.666
0,4503911,2,phononTS,0.00651208,-0.000104097,0.00201288,9.33551e-05,86.6618,0.001528,1,-2.88515e-06,0.00200293,0.0002625,233.07
0,4505328,10,phononTS,0.000449691,-1.45069e-06,0.00199861,0.000262498,761.26,0.000449691,1,-0.000268796,0.00216144,-0.0002625,888.991
0,4510894,13,phononTS,0.000436679,-0.00123147,0.000968302,-0.0002625,729.262,0.000382,1,-0.000999346,0.000997132,0.0002625,958.395
0,4518167,9,phononTS,0.000461927,0.000958682,0.000978615,-0.000262498,787.146,0.000382,1,0.000997845,0.000997585,0.0002625,877.356
0,4518167,5,phononL,0.00290103,-0.000248787,0.00262942,0.000262498,166.094,0.00117277,1,-0.000485546,0.00257965,-0.0002625,231.929
0,4523588,19,phononTS,0.000508171,-0.00200374,0.00200262,0.0002625,303.231,0.000508171,1,-0.00372762,0.00219085,-0.0002625,1064.48
0,4532179,2,phononTS,0.000442817,-0.000408848,0.00231192,-0.000262498,163.379,0.000382,1,-0.00100016,0.0029968,0.0002625,382.422
0,4534777,5,phononTF,0.000634026,-0.000997486,0.00299634,0.0002625,76.0592,0.000634026,1,-0.00122231,0.00322624,-0.0002625,392.212
0,4534777,4,phononTS,0.000444923,-0.000547843,0.00253654,0.000262498,76.0592,0.000444923,1,-0.000550621,0.00254855,-0.0002625,168.276
0,4534777,3,phononTS,0.000709495,-0.000547843,0.00253654,0.000262498,76.0592,0.000709495,1,-0.000531675,0.00259276,-0.0002625,171.867
0,4534777,2,phononTS,0.00588338,-0.000636115,0.00216172,0.000181481,76.0592,0.00461005,1,-0.000736368,0.00143659,-0.0002625,585.664
0,4534993,12,phononTF,0.00067949,-0.000477931,0.00216739,-0.000262498,279.774,0.000382,1,-0.00099509,0.00299825,0.0002625,479.489
0,4534993,5,phononTS,0.000385802,-0.000140447,0.00252654,0.000262498,125.688,0.000385802,1,-0.000697707,0.00270194,-0.0002625,290.201
0,4540817,2,phononTS,0.00417246,-0.00132805,0.00289146,-0.0002625,151.412,0.000764,1,-0.00100225,0.00299815,0.0002625,890.855
0,4547637,12,phononTF,0.000484477,-0.00100444,0.0029976,0.000262498,349.51,0.000484477,1,-0.00171978,0.00226821,-0.0002625,546.137
0,4547638,1,phononTS,0.01,6.40596e-05,0.00223905,-0.000260695,0,0.00677691,1,6.48808e-05,0.00223891,-0.0002625,876.863
0,4548003,2,phononTS,0.00433142,-0.00196618,0.00202945,-0.000117229,50.748,0.000382,1,-0.00199504,0.0020021,0.0002625,796.027
0,4548003,10,phononTS,0.00232225,-0.00199504,0.0020021,0.000262498,796.027,0.00218738,1,-0.00201611,0.00152958,-0.0002625,940.169
0,4549728,3,phononTS,0.00225455,0.00200485,0.00199541,0.0002625,34.2241,0.00101492,1,0.00315786,0.00173037,-0.0002625,811.872
0,4558600,4,phononL,0.000949469,-0.00114813,0.00223135,-0.0002625,20.91,0.000382,1,-0.00199912,0.00199954,0.0002625,243.62
0,4558600,17,phononTF,0.00041106,-0.00199912,0.00199954,0.000262498,243.62,0.00041106,1,-0.00195935,0.00171933,-0.0002625,351.757
0,4558600,3,phononTS,0.00135729,-0.00029714,0.00246315,0.000262498,20.91,0.00106097,1,-1.59843e-05,0.00158718,-0.0002625,232.716
0,4558600,2,phononTF,0.00224944,-0.00029714,0.00246315,0.000262498,20.91,0.000692113,1,-0.000753441,0.00274711,-0.0002625,156.165
0,4570481,19,phononTS,0.000532681,-0.000967113,0.00251535,-0.000262498,782.761,0.000382,1,-0.00100216,0.0029962,0.0002625,926.022
0,4573952,24,phononTF,0.000751297,-0.00268734,-0.000113042,-0.0002625,501.349,0.000382,1,-0.00200374,-0.00199506,0.0002625,2992.43
0,4581009,12,phononTS,0.00162093,-2.34093e-06,0.00200294,0.000262498,214.578,0.000664132,1,-5.52033e-05,0.00222781,-0.0002625,329.751
0,4589719,8,phononTF,0.00201103,-0.000629058,0.00264239,-0.0002625,103.308,0.000382,1,-0.000998227,0.00299643,0.0002625,354.071
0,4594616,6,phononTF,0.000557604,0.005,-0.00264794,-0.000207531,58.3736,0.000557604,1,0.00491811,-0.00256913,-0.0002625,2340.54
0,4597150,7,phononTF,0.00364925,-0.000120615,0.00199531,-0.0002625,196.435,0.000764,1,4.69578e-07,0.00200224,0.0002625,383.524
0,4597150,12,phononTF,0.000800357,4.69578e-07,0.00200224,0.000262498,383.524,0.000607781,1,0.000272985,0.00171905,-0.0002625,495.744
0,4597150,11,phononTS,0.00155426,4.69578e-07,0.00200224,0.000262498,383.524,0.00121229,1,2.16674e-05,0.00202164,-0.0002625,473.237
0,4599395,15,phononTF,0.00063229,0.00231842,-0.000273875,-0.000262498,3238.33,0.000382,1,0.0020038,-9.93157e-07,0.0002625,3354.62
0,4599395,4,phononTF,0.000585307,-0.000318254,0.00251901,0.000262498,23.2815,0.000585307,1,0.000197377,0.00367289,-0.0002625,273.718
0,4604504,8,phononTS,0.00100583,-0.00112097,0.0010398,-0.0002625,540.147,0.000382,1,-0.00099524,0.00100374,0.0002625,741.331
0,4604504,9,phononTF,0.000436472,-0.00099524,0.00100374,0.000262498,741.331,0.000436472,1,-0.0015122,0.00152072,-0.0002625,895.423
0,4604504,5,phononTF,0.00130565,-0.000282327,0.0024222,0.000262498,11.6411,0.000995712,1,-0.000572337,0.00251091,-0.0002625,121.246
0,4604504,4,phononTF,0.000851678,-0.000282327,0.0024222,0.000262498,11.6411,0.000851678,1,-0.000439265,0.00226442,-0.0002625,109.384
0,4604504,3,phononTF,0.000481282,-0.000282327,0.0024222,0.000262498,11.6411,0.000481282,1,-0.00057452,0.00257746,-0.0002625,122.318
0,4606705,17,phononTF,0.000420141,1.03281e-06,0.00200177,0.000262498,492.01,0.000420141,1,0.000322294,0.0018341,-0.0002625,606.454
0,4606705,9,phononL,0.00131601,-0.000461284,0.00250972,0.000262498,51.1611,0.00113768,1,-0.000151901,0.00227133,-0.0002625,123.44
0,4618279,9,phononTS,0.000419048,-0.001056,0.00155649,-0.0002625,216.856,0.000382,1,-0.00100043,0.000995018,0.0002625,525.136
0,4621623,11,phononTS,0.000576616,-0.00200471,0.00200067,0.000262498,817.061,0.000576616,1,-0.00142608,0.0021568,-0.0002625,983.241
0,4621956,12,phononTS,0.000541186,-0.000996605,0.00299797,0.000262498,1127.93,0.000541186,1,-0.00190588,0.00268782,-0.0002625,1346.73
0,4622157,3,phononTS,0.00430383,-0.00103169,0.0029781,-0.000104712,381.124,0.000764,1,-0.000999017,0.00300401,0.0002625,446.265
0,4622157,5,phononTS,0.00139944,-0.000999017,0.00300401,0.000262498,446.265,0.000986552,1,-0.00100238,0.00295415,-0.0002625,536.832
0,4622433,3,phononTS,0.000631236,-6.33706e-05,0.0019442,-0.0002625,613.422,0.000382,1,-3.21568e-06,0.00199648,0.0002625,1103.25
0,4625279,3,phononTS,0.00138367,-3.7806e-05,0.00196224,-0.0002625,647.91,0.000382,1,-2.58138e-07,0.00200495,0.0002625,1005.18
0,4626271,14,phononTF,0.000828449,-3.133e-06,0.00199535,0.000262498,300.821,0.000828449,1,0.000205269,0.00177791,-0.0002625,404.407
0,4629876,14,phononTF,0.000865295,0.00323829,0.00123569,-0.000262498,1655.92,0.000382,1,0.00300086,0.000999811,0.0002625,1762.74
0,4633957,1,phononTS,0.01,-4.37146e-06,0.00200155,0.000243764,0,0.002292,1,4.83735e-07,0.00200285,0.0002625,267.102
0,4633957,7,phononTS,0.000394735,4.83735e-07,0.00200285,0.000262498,267.102,0.000394735,1,-4.51924e-05,0.00182846,-0.0002625,372.349
0,4636800,22,phononTF,0.000543081,-0.00100242,0.00300312,0.000262498,278.153,0.000543081,1,-0.00108233,0.00308741,-0.0002625,370.193
0,4636801,1,phononTS,0.01,-0.000311448,0.00289954,-0.000241547,0,0.00504662,1,-0.000315799,0.00291846,-0.0002625,445.282
0,4643292,4,phononTF,0.00050953,1.73266e-06,0.00200434,0.000262498,1747.17,0.00050953,1,0.000483149,0.001473,-0.0002625,1901.15
0,4645759,3,phononTF,0.00100589,-8.98053e-05,0.00256411,-0.000262498,322.333,0.000382,1,-0.000996636,0.00300491,0.0002625,530.967
0,4645759,10,phononTF,0.000427109,-0.000996636,0.00300491,0.000262498,530.967,0.000427109,1,-0.00127321,0.00272501,-0.0002625,643.432
0,4648988,6,phononL,0.000410979,-0.000506273,0.00277372,-0.000262498,83.0744,0.000382,1,-0.00100057,0.0030034,0.0002625,165.369
0,4651379,4,phononTS,0.000539654,4.31704e-05,0.00196161,-0.000262498,160.564,0.000382,1,-3.96567e-06,0.00200158,0.0002625,249.671
0,4651753,8,phononTF,0.0009545,-0.000678088,0.00269281,-0.0002625,80.0662,0.000382,1,-0.00100165,0.00300317,0.0002625,316.292
0,4657948,22,phononL,0.000449288,-0.000111683,0.00187374,-0.0002625,1737.41,0.000382,1,3.22893e-06,3.89933e-06,0.0002625,2364.58
0,4660267,4,phononTF,0.000623521,-0.000646608,0.0013392,-0.0002625,478.282,0.000382,1,-0.00100023,0.00099887,0.0002625,841.121
0,4660679,1,phononTS,0.01,9.75868e-05,0.00199529,5.99429e-05,0,0.002674,1,-1.94982e-06,0.00199527,0.0002625,724.807
0,4681988,1,phononL,0.01,-0.000981275,0.00288205,0.000128906,0,0.001528,1,-0.00100215,0.00299597,0.0002625,486.821
0,4694331,9,phononTF,0.00052108,-0.00199892,0.00199982,0.000262498,1110.21,0.00052108,1,-0.00203409,0.00190711,-0.0002625,1202.33
0,4694331,6,phononTS,0.000427572,-0.000539102,0.00230034,0.000262498,273.252,0.000427572,1,-0.000503406,0.00232999,-0.0002625,362.735
0,4697072,3,phononTF,0.000652764,-0.000175447,0.00218469,-0.0002625,95.3551,0.000382,1,-1.82941e-06,0.00199651,0.0002625,296.295
0,4697072,2,phononTF,0.000632879,-0.000349065,0.00237288,0.000262498,95.3551,0.000632879,1,-5.676e-05,0.0020875,-0.0002625,209.295
0,4697410,21,phononTS,0.000451922,-0.00339277,-0.00205224,-0.0002625,3157.15,0.000382,1,4.45065e-06,2.92249e-06,0.0002625,4859.83
0,4702320,10,phononTF,0.000790334,-0.00329931,-0.000721079,-0.000262499,2082.12,0.000382,1,-0.00300386,-0.00100325,0.0002625,2195.92
0,4703538,15,phononL,0.000657152,0.00200303,0.00199967,0.0002625,1579.25,0.000657152,1,0.00221451,0.00254985,-0.0002625,2181.71
0,4704308,13,phononTF,0.000401872,-0.000640362,0.0027387,-0.0002625,801.092,0.000382,1,-0.000996242,0.0029965,0.0002625,1042.8
0,4715450,18,phononTF,0.00044953,5.35784e-07,0.00199966,0.000262498,1325.5,0.00044953,1,0.000992368,0.00275579,-0.0002625,1563.14
0,4718068,5,phononTF,0.00137593,0.00160998,0.0003951,-0.0002625,147.337,0.000382,1,0.00199927,1.3661e-06,0.0002625,932.125
0,4718073,1,phononTS,0.01,-0.000993817,0.00297871,0.000169905,0,0.000382,1,-0.00100039,0.00299631,0.0002625,850.559
0,4718073,3,phononL,0.000680293,-0.00100039,0.00299631,0.000262498,850.559,0.000680293,1,-0.000212289,0.00354874,-0.0002625,973.542
0,4718073,2,phononTS,0.00830604,-0.000903435,0.00271528,-0.000260888,850.559,0.00222684,1,-0.000903268,0.0027152,-0.0002625,979.62
0,4723224,11,phononTS,0.000641797,0.00114274,0.00210873,-0.0002625,1215.45,0.000382,1,0.00200141,0.00199868,0.0002625,1611.49
0,4723224,3,phononTS,0.00401065,-0.000345209,0.00235384,0.000262498,33.7909,0.00155395,1,-0.000207571,0.00231341,-0.0002625,135.555
0,4729228,4,phononTS,0.000806749,-3.30581e-05,0.00202989,-0.0002625,350.424,0.000382,1,-4.02799e-06,0.00199785,0.0002625,529.466
0,4748674,8,phononTF,0.00113284,0.00100137,0.00100059,0.0002625,139.005,0.000552441,1,0.00146134,0.00052597,-0.0002625,663.918
0,4758528,7,phononL,0.000608148,0.00099791,0.000999872,0.000262498,1102.94,0.000608148,1,0.00118565,-0.000427308,-0.0002625,1269.51
0,4779070,2,phononL,0.00278352,-0.000153652,0.00242107,-0.0002625,416.231,0.000382,1,8.46872e-07,0.00200489,0.0002625,566.486
0,4781182,5,phononTS,0.00118272,0.00144883,0.00203307,-0.000262499,1135.91,0.000382,1,0.00200418,0.00199939,0.0002625,1292.14
0,4782736,5,phononTF,0.000445712,3.79589e-06,0.00200248,0.0002625,212.546,0.000445712,1,0.000489681,0.00150425,-0.0002625,511.016
0,4786611,3,phononTF,0.00126738,-2.44688e-05,0.0019763,-0.000262498,197.075,0.000382,1,-1.5089e-06,0.00199882,0.0002625,287.123
0,4786611,4,phononTS,0.000434063,-1.5089e-06,0.00199882,0.000262498,287.123,0.000434063,1,1.35935e-05,0.00198324,-0.0002625,380.241
0,4787315,4,phononTF,0.00249436,-0.000541238,0.00255246,-0.000262498,741.041,0.000382,1,-0.0010029,0.00299963,0.0002625,883.036
0,4787315,7,phononTS,0.00116726,-0.0010029,0.00299963,0.000262498,883.036,0.000491682,1,-0.00249138,0.00247646,-0.0002625,1211.85
0,4787567,7,phononL,0.000415066,0.00136992,0.00201956,-0.0002625,186.595,0.000382,1,0.00199981,0.002005,0.0002625,537.96
0,4789447,12,phononTS,0.000772197,-0.000711785,0.00201507,-0.000262498,187.996,0.000382,1,-0.00100153,0.000999311,0.0002625,427.239
0,4797376,10,phononTF,0.000758866,-3.10389e-06,0.00199925,0.000262498,764.874,0.000758866,1,-0.000179266,0.00216795,-0.0002625,863.948
0,4797376,5,phononL,0.00141364,-8.74625e-05,0.0022235,0.000262498,578.592,0.000364077,1,-0.000563964,0.00209254,-0.0002625,656.817
0,4797636,5,phononL,0.000912189,2.0313e-06,0.00199643,0.0002625,282.23,0.000632732,1,-0.000211084,0.00172632,-0.0002625,572.035
0,4804647,17,phononTS,0.000450896,-0.00100232,0.00300263,0.0002625,507.344,0.000450896,1,-0.00104314,0.00432978,-0.0002625,1103.44
0,4805927,1,phononTS,0.01,-2.06e-05,0.0020009,0.000249953,0,0.00191,1,-1.5831e-06,0.00200065,0.0002625,303.051
0,4813683,5,phononTS,0.00344348,3.69805e-05,0.00117136,-0.0002625,298.157,0.000382,1,-4.36849e-06,0.0020016,0.0002625,824.922
0,4813683,13,phononTS,0.00183873,-4.36849e-06,0.0020016,0.000262498,824.922,0.00137531,1,-1.05011e-05,0.00278723,-0.0002625,1015.61
0,4823421,3,phononTS,0.000592919,4.27143e-06,0.0019992,0.0002625,262.813,0.000592919,1,6.92614e-05,0.00159497,-0.0002625,537.269
0,4829519,8,phononTF,0.000602926,0.00138251,0.000639475,-0.0002625,1504.54,0.000382,1,0.000998138,0.00100212,0.0002625,1761.52
0,4838185,5,phononTS,0.000450514,-4.55614e-06,0.00199616,0.0002625,420.824,0.000450514,1,-5.56766e-05,0.00196354,-0.0002625,599.33
0,4847368,9,phononTF,0.000846215,1.75262e-05,0.00214308,-0.0002625,293.459,0.000382,1,3.26904e-06,0.00199661,0.0002625,483.867
0,4847870,8,phononTS,0.000518352,-0.000885194,0.00295791,-0.0002625,235.244,0.000382,1,-0.000995576,0.00300166,0.0002625,433.418
0,4848615,21,phononTS,0.000618718,-0.005,-0.00235389,-0.000187829,795.035,0.000336804,1,-0.00490902,-0.00234477,-0.0002625,1960.67
0,4850481,15,phononTS,0.000574538,-0.000962526,0.00296446,-0.0002625,431.644,0.000382,1,-0.00100157,0.00300109,0.0002625,618.028
0,4850872,12,phononTS,0.000518496,-0.000997852,0.00300368,0.000262498,275.204,0.000518496,1,-0.00167751,0.00132098,-0.0002625,645.699
0,4850872,4,phononL,0.00160409,-0.000342235,0.00253286,0.000262498,46.1117,0.000606379,1,-0.000322531,0.00205704,-0.0002625,122.913
0,4858724,16,phononTF,0.000805102,-0.000713774,0.00128951,-0.000262498,280.564,0.000382,1,-0.00100279,0.00099613,0.0002625,394.788
0,4858724,3,phononTS,0.000923112,-0.000327697,0.00244107,0.000262498,3.64049,0.000923112,1,-0.000677812,-0.000184595,-0.0002625,574.686
0,4880942,11,phononTS,0.000871405,-1.37187e-06,0.00200159,0.000262498,217.793,0.000517244,1,0.00196304,0.00355257,-0.0002625,693.68
0,4886831,4,phononTF,0.00231611,0.000623367,0.00138403,-0.0002625,253.016,0.001146,1,0.00100042,0.00100006,0.0002625,767.778
0,4888026,3,phononL,0.00521193,-0.000119218,0.00191003,0.000228051,115.846,0.00191,1,4.57201e-07,0.00200378,0.0002625,718.229
0,4895606,5,phononTS,0.000796449,3.61068e-06,0.00200379,0.0002625,122.206,0.000796449,1,5.36564e-05,0.00191714,-0.0002625,606.825
0,4895606,4,phononTF,0.000621145,-0.000196572,0.00235042,0.000262498,122.206,0.000555421,1,-2.89758e-06,0.00215827,-0.0002625,223.607
0,4904938,17,phononTF,0.000716846,-0.00100124,0.00100281,0.000262498,1345.28,0.000716846,1,-0.00118555,0.000787451,-0.0002625,1448.39
0,4908869,9,phononL,0.000541407,0.0020882,-0.000583146,-0.000262498,1370.84,0.000382,1,0.00199539,-0.00199703,0.0002625,1534.39
0,4919207,13,phononTS,0.000937144,-0.00099652,0.00300019,0.0002625,205.714,0.000694625,1,-0.00130247,0.00300363,-0.0002625,674.675
0,4921121,2,phononTF,0.000440912,-0.00056144,0.00157902,-0.0002625,484.25,0.000382,1,-0.000996204,0.000996004,0.0002625,1089.04
0,4923605,16,phononTF,0.000537351,0.000226951,0.00190721,-0.000262498,177.885,0.000382,1,-3.80642e-06,0.00199987,0.0002625,280.907
0,4926086,15,phononTS,0.000409771,0.000997478,0.00100094,0.0002625,719.864,0.000409771,1,0.000549301,-8.10863e-05,-0.0002625,1379.04
0,4926527,5,phononTF,0.000455918,-0.000613787,0.001751,-0.0002625,31.0366,0.000382,1,-0.000999116,0.000995283,0.0002625,397.5
0,4928923,5,phononTS,0.000696939,-3.295e-05,0.00201369,-0.000262498,229.406,0.000382,1,2.85633e-06,0.00200025,0.0002625,321.488
0,4931717,2,phononTF,0.00564142,-0.000240301,0.00222278,3.75834e-05,447.895,0.001528,1,-3.22043e-06,0.00199977,0.0002625,738.325
0,4931717,10,phononTF,0.000715713,-3.22043e-06,0.00199977,0.000262498,738.325,0.000715713,1,-0.000171685,0.00195438,-0.0002625,835.291
0,4931717,9,phononTF,0.000715363,-3.22043e-06,0.00199977,0.000262498,738.325,0.000388864,1,0.000508258,0.00249746,-0.0002625,889.933
0,4931717,8,phononTF,0.000384981,-3.22043e-06,0.00199977,0.000262498,738.325,0.000384981,1,0.00031571,0.00167585,-0.0002625,857.203
0,4932348,2,phononTF,0.00279508,-0.000214169,0.00178384,-0.000262498,466.397,0.001146,1,-1.52081e-06,0.00200354,0.0002625,570.757
0,4936208,7,phononTF,0.000495121,-0.00141654,0.00249587,-0.000262498,290.761,0.000382,1,-0.00199638,0.00199575,0.0002625,452.481
0,4936208,2,phononTS,0.00192622,-0.000664806,0.00263146,0.000262498,105.281,0.00163034,1,-0.00119888,0.00271137,-0.0002625,260.763
0,4936374,14,phononTF,0.000388515,3.81682e-06,0.00200303,0.000262498,438.781,0.000388515,1,0.000537054,0.00145275,-0.0002625,597.7
0,4936690,3,phononTF,0.000444348,-0.000153463,0.00216026,-0.0002625,23.2736,0.000382,1,2.46049e-06,0.00199636,0.0002625,218.938
0,4937021,5,phononTF,0.00217723,-0.00126054,0.00162457,-0.0002625,370.675,0.000764,1,-0.00200128,0.00200141,0.0002625,1048.35
0,4937275,21,phononTF,0.000672152,-0.000509706,0.00267097,-0.000262498,299.498,0.000382,1,4.46387e-06,0.00200035,0.0002625,474.98
0,4937275,9,phononTS,0.000430492,-0.000587782,0.00250667,0.000262498,235.231,0.000430492,1,-0.000564607,0.00255618,-0.0002625,324.846
0,4940495,11,phononTS,0.000493442,0.000905529,0.0018406,-0.000262498,921.293,0.000382,1,-4.09328e-06,0.00200427,0.0002625,1135.07
0,4942824,11,phononL,0.00107142,-0.000398722,0.00192202,-0.0002625,264.181,0.000382,1,-2.98604e-06,0.00199845,0.0002625,404.968
0,4942824,6,phononTS,0.00168534,-0.000255735,0.00214431,0.000262498,82.0844,0.00149903,1,0.000514353,0.00198045,-0.0002625,271.468
0,4950562,13,phononTF,0.000915627,0.000675604,0.000729848,-0.000262498,1271.02,0.000382,1,0.00100217,0.000996698,0.0002625,1388.51
0,4950562,14,phononTS,0.00039279,0.00100217,0.000996698,0.000262498,1388.51,0.00039279,1,0.00191936,0.0019663,-0.0002625,1679.41
0,4972110,5,phononTS,0.000453231,-0.000995163,0.00299544,0.0002625,287.889,0.000453231,1,-0.000962203,0.00319006,-0.0002625,791.813
0,4977392,9,phononTS,0.00060444,0.0009955,0.00100297,0.0002625,471.923,0.00060444,1,0.00102635,0.00103738,-0.0002625,823.882
0,4983381,10,phononTF,0.000420265,-0.000960207,0.005,0.00024136,310.287,0.000420265,1,-0.00475515,0.00275943,-0.0002625,1425.15
0,4983775,26,phononTS,0.000504424,-0.000649668,0.0020229,-0.0002625,596.122,0.000382,1,-0.00100195,0.00100134,0.0002625,1084.62
0,4988511,11,phononTS,0.000412582,-0.000802182,0.00197834,-0.000262498,954.832,0.000382,1,-3.63861e-06,0.00200304,0.0002625,1146.92
0,4998347,10,phononTS,0.000513213,3.93195e-06,0.00203678,-0.000262498,308.744,0.000382,1,2.72559e-06,0.00199601,0.0002625,404.328
0,5001390,5,phononTS,0.00039535,-0.000158245,0.00221232,-0.0002625,0.982193,0.000382,1,-3.96706e-06,0.00199594,0.0002625,244.448
0,5001390,4,phononTS,0.00104728,-0.000312522,0.00242869,0.000262498,0.982193,0.000380348,1,-0.00149218,0.00201382,-0.0002625,273.793
0,5008659,21,phononTS,0.000552927,-1.92997e-05,0.00202757,-0.000262498,513.945,0.000382,1,-9.0872e-07,0.00199672,0.0002625,603.481
0,5021015,5,phononTS,0.000611525,-0.000998225,0.00300114,0.0002625,33.1277,0.000611525,1,-0.00184917,0.00349785,-0.0002625,593.664
0,5021015,4,phononTF,0.000692511,-0.000222914,0.00250055,0.000262498,33.1277,0.000692511,1,0.00139313,-0.005,0.000199657,1351.48
0,5021015,3,phononTS,0.00392441,-0.000222914,0.00250055,0.000262498,33.1277,0.00255717,1,4.64697e-05,0.00249711,-0.0002625,150.631
0,5022037,2,phononL,0.000772478,-1.91232e-06,0.0020011,0.0002625,126.623,0.000772478,1,0.000269411,0.00166177,-0.0002625,276.408
0,5024373,1,phononTF,0.01,-6.27693e-05,0.00196136,0.000214489,0,0.002292,1,8.55743e-07,0.00199969,0.0002625,463.046
0,5024373,8,phononTF,0.00132336,8.55743e-07,0.00199969,0.000262498,463.046,0.00104675,1,-6.17184e-05,0.00215197,-0.0002625,558.89
0,5024373,7,phononTS,0.000614047,8.55743e-07,0.00199969,0.000262498,463.046,0.000614047,1,0.000579714,0.00196722,-0.0002625,620.257
0,5024373,6,phononTS,0.00144613,8.55743e-07,0.00199969,0.000262498,463.046,0.000971266,1,-0.00228257,-0.000418895,-0.0002625,1068.06
0,5025146,13,phononTS,0.000489514,-0.000980481,0.001132,-0.0002625,1310.35,0.000382,1,-0.000998875,0.0010039,0.0002625,1717.15
0,5025147,1,phononTS,0.01,0.000536175,0.00224143,-0.000253823,0,0.00698702,1,0.000537083,0.002241,-0.0002625,911.953
0,5025218,14,phononTF,0.000707552,-0.000555097,0.00253387,-0.0002625,194.882,0.000382,1,-1.19812e-06,0.00199773,0.0002625,454.211
0,5025218,2,phononTS,0.000551158,-0.000375907,0.00240822,0.000262498,11.5387,0.000551158,1,-0.000500712,0.00230311,-0.0002625,120.721
0,5027444,11,phononL,0.000428546,-2.33787e-06,0.00200231,0.000262498,250.66,0.000428546,1,-0.000780808,0.00193112,-0.0002625,351.506
0,5030679,5,phononTF,0.0010179,-0.000115824,0.00211276,-0.0002625,69.0876,0.000382,1,2.03971e-06,0.00199964,0.0002625,445.585
0,5030679,14,phononTF,0.000530244,2.03971e-06,0.00199964,0.000262498,445.585,0.000530244,1,-0.000228756,0.00221933,-0.0002625,550.658
0,5030679,4,phononTF,0.000440821,-0.000469416,0.00245213,0.000262498,69.0876,0.000440821,1,0.000207441,0.0030446,-0.0002625,250.088
0,5030679,3,phononTF,0.000561909,-0.000469416,0.00245213,0.000262498,69.0876,0.000561909,1,-0.000553969,0.0027332,-0.0002625,177.591
0,5030679,2,phononL,0.00067548,-0.000469416,0.00245213,0.000262498,69.0876,0.00067548,1,0.00131276,0.00255108,-0.0002625,271.226
0,5031444,6,phononTF,0.000880205,-0.0003508,0.00231483,-0.0002625,12.303,0.000382,1,-1.12843e-06,0.00199783,0.0002625,227.197
0,5037656,13,phononTF,0.000428137,-0.000891991,0.00288614,-0.0002625,338.685,0.000382,1,-0.00100273,0.00299886,0.0002625,541.73
0,5057054,1,phononTS,0.01,-0.00199824,0.00200354,0.000236316,0,0.001146,1,-0.00199722,0.00199894,0.0002625,1139.97
0,5057054,6,phononTF,0.000951905,-0.00381103,0.005,-0.000226725,1139.97,0.000951905,1,-0.00365726,0.00484617,-0.0002625,1794.92
0,5057054,5,phononTS,0.000596203,-0.00199722,0.00199894,0.000262498,1139.97,0.000596203,1,-0.00176652,0.00152378,-0.0002625,1297.81
0,5061143,13,phononL,0.000785858,0.0020009,4.79972e-08,0.0002625,1441.63,0.000785858,1,0.00242416,-2.86121e-05,-0.0002625,1662.74
0,5088370,13,phononTF,0.000661694,-0.000107676,0.00188648,-0.0002625,291.385,0.000382,1,6.29458e-07,0.00199654,0.0002625,487.328
0,5088370,6,phononTF,0.000855166,-0.000244735,0.00236577,0.000262498,86.8805,0.000855166,1,-0.00016465,0.00240301,-0.0002625,178.47
0,5091133,16,phononTS,0.000547721,0.00246221,-0.000501654,-0.000262498,1251.55,0.000382,1,0.00200428,-1.10169e-06,0.0002625,1434.2
0,5091134,1,phononTF,0.01,4.77476e-05,0.0021988,-9.8471e-05,0,0.00499617,1,6.72668e-05,0.00221242,-0.0002625,172.492
0,5091525,3,phononTF,0.00172349,-0.000763636,0.00275626,-0.0002625,310.145,0.000382,1,-0.00100231,0.00299976,0.0002625,525.136
0,5092264,3,phononTF,0.00100998,-0.000639333,0.00265349,-0.0002625,21.7599,0.000382,1,-0.000999907,0.00299927,0.0002625,269.7
0,5101088,6,phononTS,0.000803995,-4.53128e-05,0.00234865,-0.000262498,198.837,0.000382,1,-4.34484e-06,0.00200342,0.0002625,323.954
0,5101088,4,phononTS,0.000447419,-0.000179233,0.00248528,0.000262498,103.14,0.000447419,1,-0.000212594,0.00271902,-0.0002625,214.957
0,5101088,3,phononTS,0.000969758,-0.000179233,0.00248528,0.000262498,103.14,0.00056456,1,-0.000165014,0.00248583,-0.0002625,195.429
0,5107316,1,phononTF,0.01,-1.89039e-05,0.00197732,0.000227686,0,0.002292,1,4.05507e-06,0.00199932,0.0002625,381.332
0,5107316,7,phononTF,0.000575263,4.05507e-06,0.00199932,0.000262498,381.332,0.000575263,1,0.000656969,0.00265144,-0.0002625,563.363
0,5107316,10,phononTS,0.000430652,4.40155e-05,0.00203735,-0.000262498,470.724,0.000382,1,2.87205e-06,0.00200018,0.0002625,560.105
0,5107527,12,phononTS,0.000552421,0.00099999,0.00100153,0.000262498,1195.03,0.000552421,1,0.00104396,0.00104435,-0.0002625,1288.61
0,5107527,7,phononTS,0.000773185,-0.005,-0.00195156,-0.000161295,108.73,0.000502911,1,-0.00308815,-0.000518402,-0.0002625,1666.74
0,5136934,15,phononTS,0.000644829,-0.000950664,0.00295837,-0.0002625,328.156,0.000382,1,-0.00100071,0.00300302,0.0002625,515.409
0,5137057,14,phononTS,0.000421734,0.000165504,0.00196199,-0.000262498,546.984,0.000382,1,3.54638e-07,0.00200295,0.0002625,651.361
0,5137057,8,phononTS,0.000568351,-0.000518872,0.00193333,0.000262498,372.127,0.000568351,1,-0.000706197,0.00281847,-0.0002625,585.167
0,5137057,7,phononTS,0.000625456,-0.000518872,0.00193333,0.000262498,372.127,0.000625456,1,-0.000846413,0.00104571,-0.0002625,594.563
0,5140432,10,phononTS,0.000400577,-0.00186479,0.00200973,-0.0002625,316.346,0.000382,1,-0.00199668,0.00200285,0.0002625,581.151
0,5140432,4,phononTF,0.000808558,-0.000332928,0.00230978,0.000262498,26.8558,0.000659316,1,-0.000431633,0.00220669,-0.0002625,119.989
0,5140432,2,phononTF,0.00260022,-0.000313574,0.00242237,0.000253844,0.862145,0.00255124,1,-0.00074258,0.0019811,-0.0002625,138.375
0,5140862,18,phononTS,0.000719678,1.07108e-05,0.00220508,-0.000262498,1491.17,0.000382,1,3.43329e-06,0.00200452,0.0002625,1601.23
0,5144247,3,phononTS,0.000965358,-0.000189622,0.00201158,-0.0002625,252.949,0.000382,1,4.78896e-06,0.00199519,0.0002625,472.707
0,5147344,15,phononL,0.000722973,-0.0015312,0.000551336,-0.000262498,740.26,0.000382,1,-0.00199577,-3.75363e-06,0.0002625,839.118
0,5149187,3,phononTF,0.00391019,0.000209385,0.00212671,9.56557e-05,53.6076,0.000382,1,-1.63156e-07,0.0019951,0.0002625,203.679
0,5149187,7,phononTS,0.000667039,-1.63156e-07,0.0019951,0.000262498,203.679,0.000667039,1,-0.000191884,0.00198907,-0.0002625,311.049
0,5153009,11,phononTS,0.000930632,-0.000999508,0.00300024,0.0002625,1091.1,0.000519135,1,-0.000534279,0.00300922,-0.0002625,1373.2
0,5154280,14,phononTS,0.00125799,-0.000996589,0.00300141,0.000262498,331.105,0.000717521,1,0.000652973,0.00141663,-0.0002625,785.997
0,5156536,3,phononTS,0.000629406,-0.000792775,0.00161964,-0.0002625,145.844,0.000382,1,-0.00100035,0.000995964,0.0002625,497.668
0,5156536,2,phononTS,0.00204711,-0.000585199,0.00224332,0.000262498,145.844,0.00153873,1,-0.000471176,0.00227733,-0.0002625,249.05
0,5160241,4,phononTS,0.000709565,-0.000760238,0.00304497,-0.000262498,285.147,0.000382,1,-0.00099595,0.00300335,0.0002625,397.115
0,5160241,2,phononL,0.00601135,-0.00100896,0.00291241,2.25352e-05,197.271,0.00326493,1,-0.00123063,0.00253236,-0.0002625,278.057
0,5161885,11,phononTF,0.000841777,0.00107555,0.00103261,-0.0002625,366.139,0.000382,1,0.00200052,-3.90272e-06,0.0002625,879.813
0,5161886,1,phononTF,0.01,-0.000915803,0.00243076,-9.00672e-05,0,0.00652634,1,-0.00103065,0.00233108,-0.0002625,1157.22
0,5168338,8,phononTF,0.000769719,-3.30571e-07,0.00200464,0.0002625,161.491,0.000769719,1,0.000291675,0.00171568,-0.0002625,389.732
0,5168338,2,phononTS,0.00227713,-0.000500842,0.00250845,0.000262498,58.0454,0.00160608,1,-0.00054007,0.00255505,-0.0002625,152.193
0,5169414,9,phononTF,0.000512727,-0.000956301,0.00295378,-0.000262498,617.045,0.000382,1,-0.00100356,0.00300236,0.0002625,707.668
0,5171877,14,phononTS,0.00107128,-0.00100127,0.00300236,0.000262498,978.396,0.000291541,1,-0.00169112,0.00368186,-0.0002625,1207.97
0,5182296,5,phononTS,0.00238477,0.00189599,0.00205146,-0.0002625,462.128,0.000764,1,0.00200426,0.00200371,0.0002625,857.473
0,5182296,12,phononTS,0.000473307,0.00200426,0.00200371,0.000262498,857.473,0.000473307,1,0.00178405,0.00205952,-0.0002625,972.329
0,5182296,2,phononTF,0.00252824,-0.000346208,0.00236424,0.000262498,22.8288,0.00107719,1,-0.000173366,0.00215356,-0.0002625,125.218
0,5186708,14,phononTS,0.00096721,-0.00066668,0.00199339,-0.000262498,355.292,0.000382,1,-0.000996561,0.0030003,0.0002625,592.145
0,5187157,6,phononTF,0.000545217,0.00199703,3.5845e-06,0.000262498,1159.09,0.000545217,1,0.00499041,0.00298085,-0.0002625,1887.42
0,5193665,12,phononL,0.000525803,-0.000330827,0.00252003,-0.000262498,208.244,0.000382,1,-2.69493e-06,0.00199599,0.0002625,296.94
0,5193665,5,phononTF,0.00127768,-0.000567775,0.00260528,0.000262498,104.655,0.0011844,1,-0.000524374,0.00265119,-0.0002625,195.179
0,5193665,4,phononTS,0.00165091,-0.000567775,0.00260528,0.000262498,104.655,0.00164038,1,5.47806e-05,0.00222775,-0.0002625,294.245
0,5197860,21,phononTS,0.000458634,-0.00099839,0.00100109,0.000262498,1319.42,0.000458634,1,-0.000976537,0.00103904,-0.0002625,1409.2
0,5198162,17,phononTS,0.000476358,0.00112439,0.00173073,-0.0002625,901.803,0.000382,1,0.002005,0.00200171,0.0002625,1326.42
0,5198670,4,phononTF,0.000483486,-0.00026195,0.0021643,-0.000262498,257.801,0.000382,1,2.85105e-06,0.00199701,0.0002625,365.547
0,5199112,15,phononTF,0.000736032,2.65116e-06,0.00200289,0.000262498,457.674,0.000736032,1,-0.00234309,0.00204252,-0.0002625,897.916
0,5199112,13,phononTS,0.000586879,-6.69862e-05,0.00225858,0.000262498,264.603,0.000586879,1,0.000456343,0.00198407,-0.0002625,432.232
0,5204271,15,phononTS,0.000994294,-0.000992259,0.00283345,-0.0002625,825.812,0.000382,1,-0.00100274,0.00299882,0.0002625,1248.3
0,5204271,10,phononL,0.000684913,-0.00039493,0.00204731,0.000262498,569.828,0.000684913,1,-0.000343192,0.00295884,-0.0002625,682.732
0,5209126,6,phononTF,0.00160423,-0.000118432,0.00212295,-0.0002625,34.39,0.000382,1,2.10617e-06,0.00199988,0.0002625,223.57
0,5212475,5,phononTS,0.00249182,-8.73208e-05,0.00199956,-0.0002625,377.861,0.001146,1,8.02962e-07,0.00200181,0.0002625,576.28
0,5212672,10,phononTF,0.000517236,0.000158696,0.0018357,-0.0002625,312.764,0.000382,1,1.52305e-06,0.00199583,0.0002625,508.241
0,5212672,6,phononTS,0.000412368,-0.000138075,0.00228148,0.000262498,85.8003,0.000412368,1,0.00256738,0.00031095,-0.0002625,715.505
0,5212672,5,phononTS,0.000792648,-0.000138075,0.00228148,0.000262498,85.8003,0.000792648,1,-0.000163462,0.00221438,-0.0002625,184.675
0,5212672,4,phononTS,0.00103671,-0.000138075,0.00228148,0.000262498,85.8003,0.00103671,1,-0.00121617,0.00445297,-0.0002625,563.22
0,5212672,3,phononTS,0.00141378,-0.000138075,0.00228148,0.000262498,85.8003,0.00114522,1,-0.00069014,0.00226857,-0.0002625,239.766
0,5212672,2,phononTS,0.00115602,-0.000138075,0.00228148,0.000262498,85.8003,0.000527094,1,0.000801095,0.00170427,-0.0002625,336.554
0,5214675,7,phononTF,0.000444984,-0.00049637,0.00148434,-0.0002625,506.459,0.000382,1,-0.000997269,0.000999962,0.0002625,804.983
0,5214675,6,phononTS,0.000703427,4.52708e-06,0.00196871,0.000262498,506.459,0.000703427,1,3.79135e-05,0.00198319,-0.0002625,600.742
0,5223853,3,phononTS,0.00208306,-0.000972482,0.00100127,-0.0002625,313.652,0.000382,1,-0.00200313,4.94585e-07,0.0002625,930.077
0,5223853,10,phononTS,0.00134026,-0.00200313,4.94585e-07,0.000262498,930.077,0.000877699,1,0.00183055,-0.00229669,-0.0002625,1768.91
0,5223853,2,phononTF,0.0041521,-0.000624699,0.00250713,-6.67512e-06,313.652,0.00322399,1,-0.0005822,0.00252592,-0.0002625,638.938
0,5224150,11,phononTF,0.000424028,-0.000365348,0.00162635,-0.0002625,403.737,0.000382,1,-0.00100113,0.00100238,0.0002625,757.827
0,5231285,20,phononTS,0.00257107,-0.00103047,0.00294742,-0.0002625,433.537,0.000382,1,-0.00100277,0.00299835,0.0002625,612.432
0,5237320,2,phononL,0.00159575,0.000372463,0.0017181,-0.0002625,44.9871,0.000382,1,0.000997141,0.000997591,0.0002625,290.083
0,5237320,13,phononTS,0.000757097,0.000997141,0.000997591,0.000262498,290.083,0.000757097,1,0.000838464,0.00148553,-0.0002625,444.138
0,5240054,13,phononTS,0.000383934,0.00199808,-0.00199837,0.000262498,4314.15,0.000383934,1,0.00133616,-0.00242383,-0.0002625,4513.33
0,5246113,1,phononL,0.01,3.11898e-05,0.0019521,0.000212816,0,0.000764,1,3.60809e-06,0.00199567,0.0002625,228.102
0,5246223,13,phononTS,0.000753186,0.000996899,-0.00299708,0.0002625,966.576,0.000753186,1,0.00179686,-0.00408642,-0.0002625,1846.51
0,5251506,6,phononL,0.000913255,-0.000803617,0.00262257,-0.0002625,265.673,0.000382,1,-0.00100425,0.00299709,0.0002625,557.009
0,5251506,7,phononTS,0.000412369,-0.00100425,0.00299709,0.000262498,557.009,0.000412369,1,-0.00121317,0.00316139,-0.0002625,678.863
0,5258068,7,phononTS,0.000645544,-0.00257651,0.00185657,-0.0002625,2211.48,0.000382,1,-0.00199845,0.0019981,0.0002625,2541.84
0,5258068,3,phononL,0.000742409,-0.000408944,0.00225321,0.000262498,366.266,0.000742409,1,-0.000451749,0.00275249,-0.0002625,444.701
0,5260993,19,phononTS,0.000548312,-0.000997366,0.00299617,0.000262498,1650.23,0.000548312,1,-0.00229192,0.00203277,-0.0002625,1988.3
0,5270039,9,phononTS,0.000514391,3.50658e-06,0.00200157,0.000262498,1774.15,0.000514391,1,-6.30921e-05,0.00200835,-0.0002625,1871.19
0,5270039,7,phononTF,0.000830294,-0.000641559,0.00277492,0.000262498,1520.17,0.000830294,1,-0.000765606,0.00245864,-0.0002625,1633.38
0,5270039,5,phononTF,0.000718397,-0.000379399,0.00238486,0.000262498,1237.38,0.000718397,1,-0.000234102,0.00224441,-0.0002625,1333.68
0,5270039,4,phononTS,0.00042511,-0.000379399,0.00238486,0.000262498,1237.38,0.00042511,1,0.000312451,0.00232218,-0.0002625,1410.54
0,5275184,14,phononTS,0.000413694,0.00135344,-0.00251816,-0.0002625,2327.25,0.000382,1,0.000995528,-0.00300445,0.0002625,2625.15
0,5275697,8,phononL,0.00563452,-0.000148376,0.00329124,-0.0002625,510.416,0.000764,1,-3.20389e-06,0.00199527,0.0002625,894.377
0,5276033,2,phononTS,0.000452784,-0.000741021,0.00243939,-0.000262498,366.639,0.000382,1,-0.00200027,0.00200118,0.0002625,653.44
0,5276034,1,phononL,0.01,-0.00052945,0.00293654,-0.000175081,0,0.00520277,1,-0.000524735,0.00290554,-0.0002625,374.297
0,5280540,11,phononTS,0.00049231,0.000141199,0.000134093,-0.0002625,675.692,0.000382,1,2.12566e-06,-3.79227e-06,0.0002625,901.936
0,5280540,4,phononL,0.00127134,-0.000101926,0.00246256,0.000262498,183.041,0.00063101,1,-0.000455846,0.00315762,-0.0002625,286.275
0,5281198,1,phononTS,0.01,-7.17969e-06,0.00200785,0.000172013,0,0.002674,1,-1.39517e-06,0.00200033,0.0002625,520.298
0,5281198,6,phononTF,0.000692871,-1.39517e-06,0.00200033,0.000262498,520.298,0.000692871,1,0.00183329,0.00275974,-0.0002625,890.132
0,5281198,5,phononTS,0.000534076,-1.39517e-06,0.00200033,0.000262498,520.298,0.000534076,1,4.95556e-05,0.00208467,-0.0002625,617.006
0,5281198,4,phononTS,0.00216605,-0.00289386,0.005,-4.36625e-05,520.298,0.000741437,1,-0.00273141,0.00399476,-0.0002625,1486.09
0,5284006,9,phononTS,0.000525729,-0.000995212,0.00299687,0.000262498,407.565,0.000525729,1,-0.00102833,0.00295494,-0.0002625,500.483
0,5309000,19,phononL,0.000873913,-0.0010043,0.00299691,0.000262498,713.773,0.000873913,1,-0.00124368,0.00291757,-0.0002625,779.94
0,5309000,5,phononTS,0.00069734,-0.000718541,0.00309255,0.000262498,509.654,0.000181653,1,-0.000706196,0.00315327,-0.0002625,605.979
0,5309121,15,phononTS,0.000385851,0.00299848,0.000997561,0.000262498,805.635,0.000385851,1,0.0027343,0.000911683,-0.0002625,927.225
0,5315434,7,phononTF,0.000569372,-0.000758568,0.00272412,-0.000262498,346.466,0.000382,1,-0.00100277,0.00300269,0.0002625,457.718
0,5316289,19,phononTF,0.000428321,-0.00200376,9.41287e-07,0.000262498,1047.48,0.000428321,1,0.00118581,0.00380798,-0.0002625,1906.94
0,5316312,5,phononTF,0.000899677,0.000385602,0.00179479,-0.0002625,373.513,0.000382,1,0.00100379,0.000995976,0.0002625,909.728
0,5318190,7,phononTS,0.00122089,9.29026e-07,0.00200357,0.0002625,254.147,0.00122089,1,3.07726e-05,0.00200015,-0.0002625,537.969
0,5318191,3,phononTS,0.0062765,-0.000400635,0.00222501,-0.000147271,199.403,0.00599417,1,-0.00041213,0.00221801,-0.0002625,316.045
0,5318191,2,phononTS,0.0037235,-0.000821869,0.00281819,0.000162315,199.403,0.00148373,1,-0.0015295,0.00277517,-0.0002625,527.546
0,5323538,12,phononTF,0.000686754,-0.000691029,0.00268452,-0.000262498,133.009,0.000382,1,4.09789e-07,0.00199693,0.0002625,322.804
0,5330686,12,phononTS,0.00236475,-0.000994397,0.00296887,-0.0002625,347.215,0.000382,1,-0.00099702,0.00300059,0.0002625,528.77
0,5336850,7,phononTS,0.000518662,0.000296474,0.0016653,-0.0002625,544.011,0.000382,1,0.00100289,0.000999962,0.0002625,1003.82
0,5336850,5,phononTS,0.00113715,-0.000330948,0.00233082,0.000262498,362.295,0.000536657,1,-0.000295226,0.00208734,-0.0002625,475.188
0,5336850,4,phononTS,0.00502135,-0.000330948,0.00233082,0.000262498,362.295,0.00291182,1,-0.00128037,0.00247378,-0.0002625,583.033
0,5338891,15,phononTS,0.0004649,4.30327e-06,0.00199828,0.000262498,409.762,0.0004649,1,-0.000167404,0.00206672,-0.0002625,520.511
0,5341492,2,phononTF,0.005764,-6.1369e-05,0.00215474,1.06864e-05,89.447,0.001528,1,-4.42066e-07,0.00199626,0.0002625,201.65
0,5341492,7,phononTS,0.000655315,-4.42066e-07,0.00199626,0.000262498,201.65,0.000246638,1,0.000229064,0.00278436,-0.0002625,402.64
0,5368585,18,phononTF,0.000492355,-0.00042814,0.0024373,-0.000262498,245.348,0.000382,1,-0.0010016,0.00299711,0.0002625,409.341
0,5371148,11,phononTS,0.00134774,-3.33965e-05,0.0020477,-0.0002625,492.939,0.000382,1,2.81604e-06,0.0019989,0.0002625,849.645
0,5379145,16,phononTS,0.00046842,0.00097874,0.000174388,-0.000262498,650.882,0.000382,1,0.00199987,1.73584e-06,0.0002625,884.01
0,5380928,22,phononTF,0.000577871,0.00100487,-0.00099526,0.000262498,1172.03,0.000484743,1,0.0015268,-0.000483237,-0.0002625,1326.18
0,5380928,20,phononTS,0.000383318,0.000842238,0.00123043,0.000262498,662.308,0.000383318,1,0.00101893,0.00128503,-0.0002625,772.628
0,5381201,16,phononTF,0.000763474,-0.000673667,0.00273615,-0.0002625,302.576,0.000382,1,-0.000997829,0.00299964,0.0002625,536.759
0,5389160,15,phononTS,0.000408502,-0.00199726,0.00200071,0.000262498,696.936,0.000408502,1,-0.00327088,0.00154891,-0.0002625,986.908
0,5392056,13,phononTF,0.0006395,-0.000125738,-0.000230953,-0.0002625,456.357,0.000382,1,-0.000999538,-0.00100224,0.0002625,899.5
0,5392056,5,phononTF,0.000611093,-0.000281586,0.00245506,0.000262498,64.4063,0.000611093,1,-0.000200151,0.00265743,-0.0002625,164.557
0,5393344,3,phononTS,0.00233278,0.00142507,0.00189603,-0.0002625,90.6305,0.000382,1,0.00200248,0.00199809,0.0002625,563.415
0,5393344,14,phononTS,0.00109209,0.00200248,0.00199809,0.000262498,563.415,0.000757532,1,0.00199514,0.00194364,-0.0002625,654.521
0,5395131,6,phononTS,0.000479926,-0.000666453,0.0032294,-0.000262498,438.216,0.000382,1,-0.00100266,0.00300273,0.0002625,579.029
0,5402380,16,phononTS,0.000418637,-0.0020011,3.24313e-06,0.000262498,1730.44,0.000418637,1,-0.00222201,0.000838626,-0.0002625,1933.13
0,5413271,1,phononTS,0.01,-0.000967039,0.0029882,0.000246345,0,0.00191,1,-0.00100105,0.00300186,0.0002625,713.947
0,5419912,13,phononTS,0.000502213,-0.000998087,0.00300315,0.000262498,474.073,0.000502213,1,-0.000942283,0.00301835,-0.0002625,563.951
0,5419912,2,phononTS,0.00156414,-0.000317668,0.00246874,0.000262498,24.0516,0.00150667,1,-0.00084078,0.00259991,-0.0002625,181.01
0,5434817,2,phononTF,0.000590533,-0.000146153,0.00221508,-0.0002625,26.0251,0.000382,1,-6.18931e-07,0.0020032,0.0002625,229.864
0,5445406,11,phononTF,0.000544241,4.55901e-05,0.00191979,-0.000262498,919.426,0.000382,1,-4.51137e-06,0.0019965,0.0002625,1010.96
0,5445489,10,phononTF,0.000452879,-3.03046e-05,0.00232303,-0.0002625,217.518,0.000382,1,-1.68877e-06,0.00200237,0.0002625,467.341
0,5445489,3,phononTS,0.000774894,-0.000326675,0.00223722,0.000262498,32.6323,0.000774894,1,5.50226e-05,0.00173659,-0.0002625,207.368
0,5453203,6,phononTF,0.00137259,-0.000893691,0.00292429,-0.0002625,224.025,0.000382,1,-0.00100346,0.00300084,0.0002625,410.6
0,5453522,4,phononTS,0.000629528,-0.000684943,0.00172106,-0.0002625,10.4456,0.000382,1,-0.00100289,0.00099656,0.0002625,406.945
0,5462080,7,phononTS,0.000969391,0.00038676,0.00188091,-0.0002625,513.32,0.000382,1,-4.99771e-06,0.00199554,0.0002625,942.718
0,5467659,6,phononL,0.000706028,2.18394e-06,0.00199625,0.000262498,867.646,0.000706028,1,-0.000520479,0.00272482,-0.0002625,983.745
0,5473359,13,phononTS,0.000517639,-2.95009e-06,0.00200373,0.000262498,1542.28,0.000517639,1,6.20009e-06,0.0015863,-0.0002625,1678.51
0,5477777,6,phononTS,0.000846518,-0.00032747,0.00302755,-0.0002625,30.6613,0.000382,1,-0.00100113,0.00300272,0.0002625,373.671
0,5478530,2,phononL,0.00737457,-0.000451309,0.00188352,-0.000100291,291.408,0.000764,1,-4.73254e-06,0.00199838,0.0002625,624.01
0,5499570,17,phononTS,0.00141455,-6.48794e-05,0.00266797,-0.000262498,149.233,0.000382,1,-1.44671e-06,0.00200104,0.0002625,318.651
0,5502567,5,phononTF,0.000992869,3.65147e-05,0.00203625,-0.0002625,23.1048,0.000382,1,2.48829e-06,0.00200347,0.0002625,251.556
0,5509781,19,phononTF,0.000505156,3.2063e-06,0.00199841,0.0002625,156.845,0.000505156,1,0.000330229,0.00165893,-0.0002625,398.289
0,5513733,9,phononTS,0.000427667,-0.000600251,0.00169148,-0.0002625,1196.13,0.000382,1,-0.00100208,0.00300464,0.0002625,1974.4
0,5520621,2,phononTS,0.000493951,3.05078e-05,0.0019623,-0.0002625,357.911,0.000382,1,6.07064e-07,0.00199735,0.0002625,574.197
0,5531377,3,phononTF,0.00559754,-0.00100359,0.00300136,0.0002625,2.53075,0.00410499,1,-0.0007595,0.00324845,-0.0002625,323.747
0,5539448,6,phononTS,0.00180249,-0.00123598,0.0028996,-0.0002625,696.989,0.000382,1,-0.000995587,0.00300496,0.0002625,937.707
0,5539448,9,phononTF,0.00118171,-0.000995587,0.00300496,0.000262498,937.707,0.00118171,1,-0.0014508,0.00254005,-0.0002625,1081.43
0,5540739,13,phononTS,0.000543651,1.90834e-06,0.00199646,0.000262498,888.613,0.000543651,1,-3.77641e-05,0.00203115,-0.0002625,981.914
0,5540739,4,phononTF,0.00166618,-3.55891e-05,0.00255305,0.000262498,476.038,0.000408201,1,-0.00103156,0.00199683,-0.0002625,703.092
0,5547774,13,phononTS,0.000418753,-0.00200234,0.00200125,0.000262498,388.57,0.000418753,1,-0.00274731,0.000682959,-0.0002625,708.595
0,5547774,6,phononTF,0.00112412,-0.000196132,0.00246065,0.000262498,21.9057,0.000503338,1,-0.00294748,0.00370013,-0.0002625,563.47
0,5547940,2,phononTS,0.0025417,-0.00100132,0.00299753,0.0002625,449.521,0.00212528,1,-0.000998022,0.00300399,-0.0002625,723.156
0,5555190,16,phononL,0.000582141,9.79971e-07,0.0019984,0.0002625,1068.85,0.000582141,1,-0.000235526,0.00195738,-0.0002625,1200.4
0,5561937,16,phononTF,0.000610266,-0.000903292,0.00299,-0.000262498,1328.91,0.000382,1,0.00199688,0.0019989,0.0002625,1882.26
0,5565657,8,phononTF,0.000507929,-4.53871e-06,0.00199616,0.000262498,251.543,0.000507929,1,0.00018848,0.00221355,-0.0002625,355.076
0,5566763,9,phononTF,0.00114675,-0.0013688,0.00136916,-0.0002625,536.595,0.000764,1,0.00200096,-3.07566e-06,0.0002625,1832.75
0,5566763,8,phononTS,0.00147578,-0.00473855,0.00274139,0.000262498,536.595,0.000707667,1,-0.00477803,0.0027664,-0.0002625,626.52
0,5568488,4,phononTS,0.000982346,-3.0637e-05,0.00197427,-0.000262498,372.546,0.000382,1,-3.04813e-06,0.00200261,0.0002625,468.858
0,5572032,13,phononTF,0.000556155,6.53087e-05,0.00205703,-0.000262498,498.93,0.000382,1,3.2821e-06,0.00199713,0.0002625,590.01
0,5572032,3,phononTF,0.00171647,-0.000314774,0.00243175,0.000262498,370.312,0.00144302,1,-0.00105968,0.00157128,-0.0002625,588.012
0,5585104,15,phononTS,0.000532232,-4.63497e-06,0.00199842,0.000262498,332.037,0.000532232,1,1.92826e-06,0.00190693,-0.0002625,431.074
0,5590915,19,phononTF,0.00118408,0.00200152,5.26615e-07,0.000262498,1089.74,0.000344519,1,0.00180606,0.000187399,-0.0002625,1190.81
0,5591815,23,phononTS,0.000393496,0.0019957,-0.00200332,0.000262498,2266.17,0.000393496,1,0.00204296,-0.00190083,-0.0002625,2364.5
0,5592586,4,phononTF,0.0016346,4.45387e-05,0.00210417,-0.0002625,191.731,0.000382,1,-2.34546e-07,0.0019994,0.0002625,377.256
0,5593750,7,phononTF,0.00044187,-3.75789e-06,0.0020031,0.000262498,402.301,0.00044187,1,0.000267902,0.00222324,-0.0002625,512.054
0,5595705,9,phononL,0.000618986,-0.000376519,0.00284671,-0.0002625,1757.31,0.000382,1,0.00100251,0.000999119,0.0002625,2121.5
0,5597263,1,phononTS,0.01,-7.60776e-05,0.00220556,0.000151115,0,0.000382,1,4.54394e-06,0.0019972,0.0002625,140.34
0,5597263,4,phononTF,0.000567469,4.54394e-06,0.0019972,0.000262498,140.34,0.000390302,1,0.000253434,0.00183962,-0.0002625,246.18
0,5597263,3,phononTS,0.00754079,-0.000205323,0.00198198,-0.000260847,140.34,0.00354023,1,-0.000202188,0.00198309,-0.0002625,241.323
0,5598244,8,phononTF,0.000725414,-0.00224773,0.00201195,-0.000262498,1459.46,0.000382,1,-0.00199729,0.00200221,0.0002625,1564.12
0,5606069,7,phononTS,0.00105738,-4.49239e-06,0.00199641,0.000262498,304.706,0.000751284,1,5.45459e-07,0.00127167,-0.0002625,484.768
0,5606069,5,phononL,0.00052606,-0.000248812,0.00225171,0.000262498,115.075,0.00052606,1,-0.000686378,0.0020044,-0.0002625,194.403
0,5606069,4,phononTS,0.00278636,-0.000248812,0.00225171,0.000262498,115.075,0.00101499,1,-0.000947028,0.00234919,-0.0002625,295.094
0,5606769,5,phononTS,0.0017673,0.00199819,0.00199953,0.0002625,869.551,0.000779876,1,0.00277147,0.00209911,-0.0002625,1625.33
0,5608670,7,phononTF,0.000812629,-0.000719361,0.0027675,-0.000262498,87.6686,0.000382,1,-0.00200178,0.00200488,0.0002625,369.943
0,5609442,3,phononTS,0.000668366,-0.000124718,0.00221256,-0.0002625,104.279,0.000382,1,1.37386e-06,0.00200208,0.0002625,341.948
0,5612820,15,phononTF,0.00208576,0.00199907,0.0019957,0.000262498,763.377,0.000963401,1,0.00279111,0.00119414,-0.0002625,976.183
0,5617389,13,phononTF,0.000575736,-4.20566e-05,0.00204326,-0.000262498,115.224,0.000382,1,-3.78657e-06,0.00200356,0.0002625,205.596
0,5619847,3,phononTF,0.00109234,-0.000136692,0.00215076,-0.0002625,151.605,0.000382,1,-4.67161e-06,0.00200143,0.0002625,344.74
0,5625739,9,phononTS,0.000806386,-3.93896e-07,0.00199617,0.0002625,301.895,0.00071854,1,6.70507e-05,0.00125684,-0.0002625,666.479
0,5625739,2,phononL,0.0008705,-0.000385697,0.00246884,0.000262498,71.7771,0.000518455,1,2.95398e-05,0.00233611,-0.0002625,146.36
0,5635859,9,phononTS,0.000789038,-0.000628105,0.00292974,-0.0002625,432.325,0.000382,1,-0.000999729,0.00299571,0.0002625,698.575
0,5636179,2,phononTF,0.000413268,-2.93776e-06,0.0020024,0.0002625,378.993,0.000413268,1,-0.000181991,0.00176982,-0.0002625,588.229
0,5636652,4,phononTF,0.000409416,-0.000326628,0.00271424,-0.000262498,496.256,0.000382,1,-0.00200178,0.00199547,0.0002625,838.574
0,5638364,9,phononTF,0.000387387,0.00100167,0.000996812,0.000262498,833.608,0.000387387,1,0.00128054,0.00123845,-0.0002625,944.807
0,5639005,4,phononTF,0.00252101,-0.000571657,0.00143443,-0.0002625,1196.75,0.000382,1,-0.000996024,0.00099743,0.0002625,1472.04
0,5639005,12,phononL,0.00102252,-0.000996024,0.00099743,0.000262498,1472.04,0.000869561,1,-0.00116388,0.00170251,-0.0002625,1568.46
0,5639005,11,phononTF,0.000871501,-0.000996024,0.00099743,0.000262498,1472.04,0.000871501,1,-0.00134636,0.000843227,-0.0002625,1590.06
0,5640003,12,phononTF,0.000891818,-3.742e-06,0.00200034,0.000262498,224.255,0.000891818,1,0.000676548,0.0027099,-0.0002625,416.054
0,5640003,5,phononTF,0.000446477,-0.000277435,0.00232578,0.000262498,20.3231,0.000446477,1,-0.000562203,0.00195579,-0.0002625,143.81
0,5641036,1,phononTF,0.01,-1.01336e-05,0.00198454,0.000248719,0,0.000382,1,4.88396e-06,0.0019993,0.0002625,415.073
0,5641241,5,phononTF,0.00117475,-0.000145789,0.00220328,-0.0002625,4.79883,0.000382,1,2.57737e-06,0.00199917,0.0002625,207.318
0,5641241,4,phononTF,0.000534226,-0.000294154,0.0024074,0.000262498,4.79883,0.000534226,1,-0.000521655,0.0021876,-0.0002625,109.703
0,5641241,3,phononTS,0.00346261,-0.000294154,0.0024074,0.000262498,4.79883,0.00089602,1,-7.13142e-05,0.00150761,-0.0002625,219.641
0,5643865,10,phononTS,0.000772034,1.86734e-07,0.00200443,0.000262498,486.319,0.000772034,1,-0.000964931,0.00124844,-0.0002625,758.576
0,5650615,16,phononTF,0.000399818,-0.005,-0.000961149,-0.000211226,601.474,0.000399818,1,-0.00495832,-0.000922641,-0.0002625,3797.71
0,5650615,5,phononL,0.00132118,-0.000328007,0.00243094,0.000262498,19.3899,0.00119609,1,3.12556e-05,0.00220009,-0.0002625,93.742
0,5650615,4,phononTF,0.000505153,-0.000328007,0.00243094,0.000262498,19.3899,0.000505153,1,-0.000263338,0.00249308,-0.0002625,110.566
0,5659160,5,phononL,0.000953184,0.000866127,0.00218652,-0.0002625,73.745,0.000382,1,0.00199938,0.00199963,0.0002625,347.511
0,5659160,10,phononTS,0.000471429,0.00199938,0.00199963,0.000262498,347.511,0.000471429,1,0.000838434,0.0025962,-0.0002625,623.645
0,5659522,16,phononTF,0.000444514,8.78233e-06,0.00196432,-0.0002625,324.057,0.000382,1,-4.0045e-06,0.00199909,0.0002625,560.751
0,5659523,1,phononTS,0.01,-4.15117e-05,0.00232409,-0.000242331,0,0.00522289,1,-6.19925e-05,0.00232379,-0.0002625,229.822
0,5662656,13,phononTF,0.000639669,-0.000238228,0.00223221,-0.000262498,289.201,0.000382,1,1.60446e-06,0.00199642,0.0002625,396.241
0,5670014,16,phononTS,0.000466273,0.00108442,0.00101649,-0.000262498,519.675,0.000382,1,0.00100158,0.000997659,0.0002625,617.427
0,5670222,1,phononTS,0.01,-3.68044e-07,0.00200377,0.000229422,0,0.002292,1,1.30797e-06,0.00200197,0.0002625,140.823
0,5671850,9,phononTF,0.000828655,3.06079e-07,0.00200316,0.000262498,331.27,0.000828655,1,0.000821341,0.00282629,-0.0002625,549.877
0,5672729,15,phononTS,0.000708206,-0.00200218,0.0019991,0.0002625,1264.49,0.000648664,1,-0.00245413,0.00158432,-0.0002625,1609.44
0,5677575,12,phononTF,0.000742888,-0.000786965,0.00310906,-0.0002625,403.46,0.000382,1,-0.000995671,0.00299764,0.0002625,605.62
0,5685572,4,phononTF,0.00137867,0.000305027,0.0016857,-0.0002625,18.6803,0.000764,1,0.000996634,0.00099692,0.0002625,398.155
0,5686675,2,phononTS,0.00679944,-0.000252321,0.00158406,9.97287e-05,402.534,0.000764,1,1.04809e-06,0.002003,0.0002625,788.199
0,5686741,29,phononL,0.00038469,-0.000454178,0.00247022,-0.000262498,446.96,0.000382,1,3.27233e-06,0.00200105,0.0002625,539.402
0,5686741,2,phononTF,0.000611334,-0.000315825,0.00243156,0.000262498,0.59959,0.000611334,1,-0.000171488,0.00258885,-0.0002625,97.9884
0,5686742,1,phononL,0.01,-6.08633e-05,0.00270975,-0.000245751,0,0.00553565,1,-5.64408e-05,0.00272873,-0.0002625,176.858
0,5686931,7,phononL,0.00433186,0.0024013,0.00154641,-0.000261023,395.286,0.000764,1,0.0020049,0.0020002,0.0002625,1273.5
0,5695860,2,phononTF,0.00105482,-0.000202079,0.00219579,-0.000262498,329.835,0.000382,1,-4.77503e-06,0.00200118,0.0002625,431.555
0,5720543,17,phononTS,0.000719514,-0.00100143,0.00299805,0.000262498,391.243,0.000719514,1,-0.00142995,0.00283751,-0.0002625,537.742
0,5720650,19,phononTS,0.000396872,-0.00199622,0.00199571,0.000262498,2952.39,0.000396872,1,-0.00197264,0.00198982,-0.0002625,3043.89
0,5728626,12,phononL,0.000776708,-5.18997e-05,0.00198886,-0.000262498,490.895,0.000382,1,2.35028e-06,0.0019986,0.0002625,553.349
0,5742592,12,phononTF,0.000451339,-4.51943e-06,0.00199998,0.0002625,290.67,0.000451339,1,0.000243951,0.00167356,-0.0002625,524.472
0,5742592,7,phononTS,0.000385227,-0.000241222,0.00238961,0.000262498,17.0492,0.000385227,1,0.00329058,-0.00103982,-0.0002625,888.551
0,5742592,6,phononTS,0.00055122,-0.000241222,0.00238961,0.000262498,17.0492,0.00055122,1,-0.000295531,0.00275465,-0.0002625,148.699
0,5742592,5,phononTF,0.000562621,-0.000241222,0.00238961,0.000262498,17.0492,0.000562621,1,0.000310114,0.00295672,-0.0002625,179.502
0,5744239,4,phononTS,0.000410679,4.94394e-06,0.00199583,0.0002625,149.656,0.000410679,1,0.000428841,0.00175671,-0.0002625,454.007
0,5746147,3,phononTS,0.000959913,-0.000186726,0.00224937,-0.000262498,321.628,0.000382,1,0.000999489,0.00100026,0.0002625,678.791
0,5746682,5,phononTF,0.00043575,-0.000136052,0.00219897,-0.0002625,47.1572,0.000382,1,-1.95904e-06,0.00200232,0.0002625,247.809
0,5753625,8,phononTF,0.000396643,-0.000405672,0.00248101,-0.000262498,128.111,0.000382,1,1.539e-06,0.00199956,0.0002625,271.356
0,5760247,11,phononTS,0.00126775,-0.000997985,0.000996773,0.000262498,1195.26,0.00126775,1,-0.000464516,0.00104088,-0.0002625,1345.56
0,5760409,16,phononTF,0.000456741,-0.000369779,0.00238635,-0.0002625,294.937,0.000382,1,1.35832e-06,0.00200402,0.0002625,550.955
0,5760409,15,phononTS,0.000504503,-0.000740915,0.00276867,0.000262498,294.937,0.000504503,1,-0.00075393,0.00284665,-0.0002625,392.565
0,5761715,5,phononTF,0.00313383,0.00039686,0.00179166,-0.0002625,491.29,0.000764,1,0.000996137,0.000997834,0.0002625,888.025
0,5770959,17,phononTS,0.00166562,-3.49414e-06,0.00200167,0.000262498,208.291,0.00166562,1,-0.000553596,0.00167724,-0.0002625,383.712
0,5772687,7,phononTS,0.000898336,-0.00200336,1.27073e-06,0.000262498,762.975,0.000898336,1,-0.00204395,9.16025e-05,-0.0002625,860.345
0,5773121,3,phononTS,0.00199182,0.00147233,0.00167718,-0.0002625,149.735,0.000764,1,0.002995,0.000995625,0.0002625,840.601
0,5782512,4,phononTF,0.000545451,7.66335e-05,0.00207132,-0.000262498,675.4,0.000382,1,1.25998e-06,0.00199554,0.0002625,767.155
0,5782521,11,phononTF,0.0016316,-0.0001757,0.00217793,-0.0002625,699.013,0.000764,1,4.90271e-09,0.0019974,0.0002625,898.37
0,5788459,9,phononTS,0.000500215,-0.000998686,0.00300102,0.000262498,330.654,0.000500215,1,-0.00103876,0.00303185,-0.0002625,427.943
0,5804693,10,phononTS,0.0015861,-1.24027e-06,0.00200092,0.0002625,1129.22,0.00125141,1,3.09728e-05,0.00176079,-0.0002625,1354.71
0,5815046,20,phononTS,0.000385612,-0.000774565,0.00269401,-0.000262498,223.638,0.000382,1,-0.00100111,0.00300231,0.0002625,361.354
0,5819062,2,phononTS,0.00653244,7.24453e-05,0.00199989,0.000226246,83.7853,0.001528,1,-1.75476e-06,0.0020013,0.0002625,241.215
0,5819062,12,phononTF,0.000401571,-1.75476e-06,0.0020013,0.000262498,241.215,0.000401571,1,0.000181117,0.00182722,-0.0002625,340.907
0,5825462,1,phononL,0.01,2.28275e-05,0.00202213,0.000203455,0,0.00191,1,8.02391e-07,0.00199772,0.0002625,123.838
0,5825462,6,phononTS,0.000513805,8.02391e-07,0.00199772,0.000262498,123.838,0.000513805,1,-0.000235149,0.00194816,-0.0002625,240.005
0,5826658,9,phononTS,0.000872919,6.72514e-07,0.00198493,-0.0002625,220.263,0.000382,1,6.02036e-07,0.00200132,0.0002625,402.255
0,5827725,15,phononTS,0.000785168,0.00299792,0.00100048,0.000262499,2551.32,0.000785168,1,0.00304281,0.00125378,-0.0002625,2665.21
0,5829167,5,phononTS,0.000630772,0.000557315,0.00263092,-0.0002625,38.3948,0.000382,1,-0.00100478,0.0030006,0.0002625,571.105
0,5832688,7,phononTF,0.000637946,-0.000638837,0.00262729,-0.0002625,462.505,0.000382,1,-0.00100038,0.00300278,0.0002625,715.666
0,5832688,6,phononTF,0.00134264,-0.000277292,0.0022518,0.000262498,462.505,0.00134264,1,-0.000337708,0.00218935,-0.0002625,553.604
0,5835698,1,phononTF,0.01,-0.000991415,0.00300609,0.000236709,0,0.002674,1,-0.000997127,0.00300025,0.0002625,683.294
0,5835698,8,phononTF,0.000752067,-0.000997127,0.00300025,0.000262498,683.294,0.000752067,1,-0.000946646,0.00301789,-0.0002625,773.84
0,5835698,7,phononTF,0.000889894,-0.000997127,0.00300025,0.000262498,683.294,0.000714844,1,-5.63248e-06,0.00394211,-0.0002625,935.307
0,5835698,6,phononTS,0.000782913,-0.000997127,0.00300025,0.000262498,683.294,0.000620524,1,-0.00191056,0.0029733,-0.0002625,893.556
0,5841936,7,phononTS,0.00208851,-0.000648746,0.00145192,-0.0002625,728.987,0.001146,1,-0.000995991,0.00100082,0.0002625,1059.85
0,5842417,5,phononTF,0.000494152,-0.00115821,0.00295244,-0.000262498,921.149,0.000382,1,-0.0010011,0.00299746,0.0002625,1017.23
0,5846036,3,phononTS,0.00609508,8.59802e-05,0.00237094,6.90086e-05,106.994,0.000382,1,4.92571e-06,0.00200413,0.0002625,308.998
0,5846036,5,phononTS,0.00203984,4.92571e-06,0.00200413,0.000262498,308.998,0.00116799,1,-4.59714e-05,0.00202093,-0.0002625,398.925
0,5851930,19,phononTS,0.000850511,4.71451e-06,0.00199896,0.000262498,477.921,0.000850511,1,6.49039e-05,0.00204656,-0.0002625,572.795
0,5851930,2,phononTS,0.00357274,-0.000365752,0.00239398,0.000262498,46.3276,0.0030089,1,-0.000458374,0.00209053,-0.0002625,172.84
0,5852143,6,phononTF,0.000528528,-0.000999787,0.00300362,0.0002625,202.286,0.000528528,1,-0.00130542,0.0032457,-0.0002625,544.976
0,5852143,5,phononTF,0.0014436,-0.000388519,0.00251946,0.000262498,202.286,0.00106326,1,-0.00215901,0.00442737,-0.0002625,658.686
0,5852143,4,phononTF,0.00214175,-0.000388519,0.00251946,0.000262498,202.286,0.000412067,1,-0.000925767,0.00197592,-0.0002625,361.165
0,5856950,1,phononTS,0.01,4.68931e-06,0.00199865,0.000262199,0,0.001528,1,4.70834e-06,0.00199877,0.0002625,746.609
0,5856950,6,phononTF,0.000780795,4.70834e-06,0.00199877,0.000262498,746.609,0.000496817,1,-0.000428305,0.00274545,-0.0002625,929.97
0,5860290,13,phononTS,0.000721007,-0.00199844,1.75977e-06,0.0002625,231.652,0.000379776,1,-0.00290651,0.00015443,-0.0002625,1119.86
0,5860290,7,phononTF,0.000820452,-0.000323112,0.00245452,0.000262498,10.6261,0.000608136,1,0.000956506,0.0017623,-0.0002625,288.674
0,5861405,17,phononTS,0.000547577,-0.000807378,0.00134147,-0.0002625,1938.68,0.000382,1,4.19859e-06,0.00199571,0.0002625,2421.94
0,5867843,7,phononL,0.000590871,0.00130963,0.00224231,-0.0002625,756.302,0.000382,1,0.00199841,0.00200275,0.0002625,951.231
0,5869821,16,phononTS,0.000628398,-0.000995379,0.00100472,0.000262498,853.791,0.000628398,1,-0.000903258,0.000981771,-0.0002625,951.467
0,5874256,11,phononTF,0.000642252,2.05447e-06,0.00199966,0.000262498,251.068,0.000642252,1,0.000345853,0.00227707,-0.0002625,371.011
0,5879716,2,phononTF,0.00120935,-0.000996086,0.00300281,0.0002625,4.34427,0.000715478,1,-0.00141895,0.0034167,-0.0002625,376.897
0,5881476,4,phononTS,0.00225511,-0.00033342,0.00201283,-0.0002625,16.989,0.000382,1,5.75836e-08,0.00200241,0.0002625,278.761
0,5881476,15,phononTS,0.000454885,5.75836e-08,0.00200241,0.000262498,278.761,0.000454885,1,0.00140009,0.0030055,-0.0002625,635.373
0,5881728,8,phononTF,0.000760551,-0.000406848,0.00225645,-0.000262498,171.206,0.000382,1,1.56444e-06,0.00199653,0.0002625,299.119
0,5881728,4,phononTS,0.00149355,-0.000436943,0.00228796,0.000262498,81.7018,0.00136246,1,0.00203879,0.00480859,-0.0002625,718.479
0,5881728,3,phononTS,0.000711479,-0.000436943,0.00228796,0.000262498,81.7018,0.000711479,1,0.00193949,0.000465863,-0.0002625,645.541
0,5881728,2,phononTS,0.000573971,-0.000436943,0.00228796,0.000262498,81.7018,0.000573971,1,-0.000464188,0.00219419,-0.0002625,180.001
0,5886154,9,phononTS,0.000816463,-0.00105335,0.00289685,-0.0002625,358.468,0.000382,1,-0.00100339,0.00299787,0.0002625,652.929
0,5886154,5,phononTS,0.00116312,-0.000133093,0.00242135,0.000262498,119.55,0.00116312,1,0.000178575,0.00332584,-0.0002625,343.358
0,5886154,4,phononTF,0.000555213,-0.000133093,0.00242135,0.000262498,119.55,0.000555213,1,0.000227819,0.00279449,-0.0002625,245.912
0,5892517,14,phononTS,0.000484238,-0.00148473,0.00111317,-0.0002625,1338.63,0.000382,1,-0.00199789,-1.82206e-06,0.0002625,1877.79
0,5892839,14,phononTS,0.000979521,1.11762e-06,0.00199531,0.000262498,256.306,0.000979521,1,-2.8641e-05,0.00202594,-0.0002625,345.802
0,5894622,8,phononTS,0.000730532,-0.00300086,-0.00100166,0.0002625,216.578,0.000730532,1,-0.00366277,-0.00240731,-0.0002625,1194.64
0,5896610,11,phononTF,0.00117465,-0.000163098,0.00185206,-0.0002625,210.062,0.000382,1,-2.95486e-06,0.00200461,0.0002625,405.062
0,5896610,12,phononL,0.000559169,-2.95486e-06,0.00200461,0.000262498,405.062,0.000559169,1,-0.000192303,0.0014685,-0.0002625,488.868
0,5896610,10,phononTS,0.000843671,-0.000323241,0.00169951,0.000262498,210.062,0.000843671,1,0.00118013,0.00274331,-0.0002625,585.174
0,5896610,9,phononTF,0.00197368,-0.000323241,0.00169951,0.000262498,210.062,0.000737377,1,-0.00104764,0.000956495,-0.0002625,409.061
0,5897662,8,phononTS,0.00179419,-2.75334e-06,0.00199536,0.000262498,241.145,0.00124999,1,-0.000793488,0.00173483,-0.0002625,444.611
0,5897662,4,phononTF,0.00223232,-0.00036344,0.00237083,0.000262498,40.5588,0.00154785,1,-4.2352e-05,0.00218274,-0.0002625,155.347
0,5902709,2,phononTS,0.000490138,-9.49134e-07,0.00200414,0.0002625,511.46,0.000490138,1,-2.93219e-05,0.00156232,-0.0002625,792.086
0,5902874,3,phononTS,0.00162614,-0.000640301,0.00271558,-0.0002625,5.2247,0.000382,1,-0.00100175,0.00299832,0.0002625,302.938
0,5902874,13,phononTF,0.000397731,-0.00100175,0.00299832,0.000262498,302.938,0.000397731,1,-0.00105016,0.00274924,-0.0002625,407.565
0,5902874,12,phononTS,0.000665622,-0.00100175,0.00299832,0.000262498,302.938,0.000665622,1,-0.00132266,0.0020576,-0.0002625,527.966
0,5919020,7,phononTS,0.000440556,-0.00105958,0.00186715,-0.0002625,748.083,0.000382,1,-0.00200387,0.00200176,0.0002625,1187.14
0,5924443,5,phononTF,0.00316207,-0.000627351,0.00264737,-0.0002625,932.955,0.000382,1,-8.11849e-08,0.00200161,0.0002625,1207.84
0,5929648,2,phononTS,0.000858713,3.93744e-06,0.00199538,0.0002625,384.803,0.000824499,1,0.000926114,0.00168509,-0.0002625,827.302
0,5937735,7,phononTS,0.000884164,-0.00162773,-0.00195111,-0.0002625,2091.02,0.000382,1,-0.000998896,-0.00100043,0.0002625,2605.62
0,5937735,4,phononTS,0.00402477,1.62948e-05,0.00243039,0.000262498,262.871,0.00319163,1,-3.31084e-05,0.00243501,-0.0002625,353.961
0,5937945,4,phononTS,0.000447464,-0.00113013,0.00209791,-0.0002625,45.0235,0.000382,1,-0.00199627,0.0020042,0.0002625,443.657
0,5941611,5,phononTS,0.000546727,-8.21982e-06,0.00197008,-0.000262498,447.949,0.000382,1,3.65442e-06,0.00199597,0.0002625,538.274
0,5944700,11,phononTS,0.000409169,3.02512e-05,0.00203627,-0.0002625,1332.03,0.000382,1,2.01427e-06,0.00200272,0.0002625,1511.09
0,5950816,2,phononTF,0.00103421,0.00162651,0.000445187,-0.0002625,35.5657,0.000382,1,0.00200263,-8.80721e-08,0.0002625,828.478
0,5958459,15,phononTS,0.00049703,-0.00344531,0.005,-9.96086e-05,1475.91,0.00049703,1,-0.00315622,0.00448195,-0.0002625,2064.14
0,5966272,14,phononTF,0.00070012,3.97166e-06,0.00199573,0.000262498,1165.88,0.000637414,1,1.34907e-05,0.00201068,-0.0002625,1255.82
0,5966272,9,phononTF,0.00137307,0.000268095,0.0027245,0.000262498,392.263,0.00135696,1,7.94779e-05,0.00296028,-0.0002625,497.433
0,5967719,1,phononL,0.01,-1.20988e-05,0.00202341,0.000245986,0,0.002292,1,-4.89993e-06,0.00200441,0.0002625,616.891
0,5967719,6,phononTF,0.00152196,-4.89993e-06,0.00200441,0.000262498,616.891,0.00152196,1,7.03929e-05,0.00203658,-0.0002625,708.27
0,5967719,5,phononTS,0.00101073,-4.89993e-06,0.00200441,0.000262498,616.891,0.00101073,1,-0.000157338,0.00225659,-0.0002625,742.151
0,5972441,7,phononTS,0.000481147,2.30017e-06,0.00200376,0.0002625,259.07,0.000481147,1,4.26304e-05,0.00192934,-0.0002625,657.166
0,5975188,19,phononTS,0.000397186,-0.00100344,0.00100451,0.000262498,453.756,0.000397186,1,-0.00127885,0.000959686,-0.0002625,570.231
0,5975746,2,phononL,0.00259888,-0.000642232,0.00272727,-0.0002625,6.56945,0.000382,1,-0.000995154,0.00300204,0.0002625,157.978
0,5981475,10,phononTF,0.000860751,-0.000352221,0.0022541,-0.0002625,726.224,0.000382,1,-4.71146e-06,0.00200074,0.0002625,1205.02
0,6008144,2,phononTF,0.00284965,-0.000631671,0.00264633,-0.0002625,59.9528,0.000764,1,-0.00100119,0.00300123,0.0002625,310.94
0,6009161,29,phononL,0.000872406,-4.04174e-06,0.00200161,0.000262498,427.317,0.000588118,1,0.000732117,0.00101564,-0.0002625,579.867
0,6011830,4,phononTS,0.000419477,-0.000381819,0.00249229,-0.0002625,664.178,0.000382,1,-0.00100127,0.00100301,0.0002625,1101.62
0,6011887,14,phononL,0.00041663,-0.000952175,0.00183853,-0.0002625,1299.77,0.000382,1,-0.000999085,0.000995132,0.0002625,1512.76
0,6011887,11,phononL,0.000862786,-0.000884482,0.00227516,0.000262498,855.416,0.000411384,1,-0.00178781,0.00259227,-0.0002625,975.037
0,6020122,3,phononTS,0.00487236,-0.000825207,0.00280328,0.000176704,379.342,0.000764,1,-0.000996915,0.00299785,0.0002625,433.924
0,6020122,5,phononTS,0.000679135,-0.000996915,0.00299785,0.000262498,433.924,0.000679135,1,-0.000935698,0.00233077,-0.0002625,602.979
0,6020122,4,phononTF,0.002528,-0.000996915,0.00299785,0.000262498,433.924,0.00145995,1,-0.00115905,0.00315163,-0.0002625,531.885
0,6028002,23,phononTS,0.000439936,-0.00099805,0.00299649,0.000262498,339.57,0.000439936,1,-0.000970414,0.00299811,-0.0002625,429.204
0,6035644,5,phononTF,0.00120094,-0.000741465,0.00274502,-0.000262498,173.228,0.000382,1,-0.00100446,0.00299559,0.0002625,283.083
0,6036054,10,phononTS,0.00103511,-1.50589e-05,0.00213288,-0.0002625,465.577,0.000764,1,4.49079e-06,0.00199788,0.0002625,668.772
0,6060442,10,phononTF,0.000493216,-0.000382756,0.00162922,-0.0002625,1205.78,0.000382,1,-3.81494e-06,0.00200128,0.0002625,1461.66
0,6060467,18,phononTF,0.000432486,-0.00111859,0.0028896,-0.0002625,460.714,0.000382,1,-0.00100268,0.00300189,0.0002625,648.756
0,6060467,17,phononTF,0.000537033,-0.00123449,0.00277731,0.000262498,460.714,0.000537033,1,-0.00109983,0.00292341,-0.0002625,557.121
0,6069700,6,phononTS,0.0020332,-7.10551e-07,0.00200185,0.0002625,455.509,0.00150901,1,-0.000344683,0.00184202,-0.0002625,999.949
0,6071605,11,phononTS,0.000404718,-0.002001,0.0020009,0.000262498,1005.29,0.000404718,1,-0.00168841,0.000695267,-0.0002625,1301.8
0,6075831,6,phononTF,0.000961221,0.000608788,0.00140715,-0.0002625,145.864,0.000382,1,0.00100163,0.00100449,0.0002625,540.945
0,6086369,12,phononTS,0.000725158,0.000982709,0.0009489,-0.0002625,878.51,0.000382,1,0.0010019,0.0010032,0.0002625,1245.83
0,6086673,15,phononL,0.000397943,-5.91581e-05,0.00216649,-0.000262498,129.882,0.000382,1,-0.00200373,0.00199629,0.0002625,350.159
0,6086870,9,phononTF,0.00044313,4.03661e-06,0.00199514,0.000262498,340.136,0.00044313,1,-6.69019e-05,0.00194447,-0.0002625,431.463
0,6091538,17,phononTF,0.000519013,-0.000181997,0.00188841,-0.0002625,627.896,0.000382,1,3.42636e-06,0.00200013,0.0002625,825.898
0,6091538,4,phononTF,0.000471564,-0.000307345,0.00243702,0.000262498,5.88098,0.000471564,1,-0.000834911,0.00191653,-0.0002625,161.868
0,6096678,10,phononTF,0.000565263,0.00311186,0.000876203,-0.0002625,866.897,0.000382,1,0.00299916,0.000995205,0.0002625,1055.16
0,6096678,5,phononTS,0.00204232,-0.000122889,0.00258429,0.000262498,135.791,0.00204232,1,-0.000167672,0.00269768,-0.0002625,235.178
0,6097163,5,phononTF,0.00348111,-0.000677755,0.00268784,-0.0002625,41.3028,0.000764,1,-0.000995861,0.00300481,0.0002625,277.847
0,6100228,6,phononTS,0.000656266,-1.1445e-06,0.00199547,0.000262498,1029.57,0.000656266,1,-0.000288391,0.00283154,-0.0002625,1241.54
0,6103233,1,phononL,0.01,-0.00185441,0.00201501,0.000177119,0,0.002292,1,-0.00199851,0.00200225,0.0002625,1556.64
0,6109533,3,phononTS,0.00230444,-0.00200417,0.00199788,0.0002625,36.7912,0.000692624,1,-0.00201735,0.0020098,-0.0002625,543.502
0,6117540,13,phononTS,0.000524198,8.79473e-07,0.00199922,0.000262498,376.492,0.000524198,1,2.53035e-05,0.00202448,-0.0002625,472.412
0,6117540,3,phononTF,0.00101618,-0.00031289,0.00242015,0.000262498,2.2648,0.000186951,1,-1.33464e-05,0.00283053,-0.0002625,131.561
0,6117556,4,phononTF,0.00291412,0.000360923,0.00163854,-0.0002625,31.1796,0.000764,1,0.000999301,0.0010017,0.0002625,389.102
0,6120547,22,phononTS,0.000811197,-0.00141635,0.00265392,-0.000262498,419.901,0.000382,1,-0.00099789,0.00299661,0.0002625,581.104
0,6123896,7,phononTF,0.00276398,-0.00071507,0.00271733,-0.0002625,335.574,0.001146,1,-0.000995534,0.00300211,0.0002625,561.48
0,6123896,9,phononL,0.000581307,-0.000995534,0.00300211,0.000262498,561.48,0.000488294,1,-0.00100471,0.00327488,-0.0002625,628.311
0,6125364,11,phononTF,0.000448566,-0.000949802,0.00295645,-0.0002625,593.505,0.000382,1,-0.00100055,0.00300443,0.0002625,774.91
0,6125364,4,phononTF,0.000757183,-0.000173031,0.00221892,0.000262498,53.594,0.000757183,1,3.60649e-05,0.0020026,-0.0002625,157.158
0,6131339,3,phononTF,0.0031577,-1.8497e-05,0.00214074,-0.0002625,3.23401,0.001146,1,1.56037e-06,0.00200181,0.0002625,211.937
0,6131339,6,phononTS,0.000806443,1.56037e-06,0.00200181,0.000262498,211.937,0.00073044,1,1.20384e-05,0.00232203,-0.0002625,335.819
0,6141635,10,phononTS,0.000967995,-0.000987133,0.00187222,-0.0002625,203.504,0.000382,1,-0.00199537,0.00199549,0.0002625,635.248
0,6141635,9,phononTF,0.000762875,-0.000779829,0.005,0.000238554,203.504,0.000386822,1,-0.00108139,0.00469863,-0.0002625,758.854
0,6141635,8,phononTF,0.000935054,-0.000369618,0.00245781,0.000262498,203.504,0.000730654,1,-0.000466074,0.00255502,-0.0002625,296.39
0,6166248,12,phononTS,0.000485327,-1.87742e-06,0.0019974,0.000262498,1007.32,0.000485327,1,1.68604e-05,0.00204928,-0.0002625,1097.09
0,6169511,14,phononTF,0.000581874,-0.000996011,0.00299681,0.0002625,338.725,0.000581874,1,-0.00127804,0.00319371,-0.0002625,559.334
0,6170774,1,phononTF,0.01,-1.61133e-05,0.00198115,0.000215941,0,0.001528,1,-1.30024e-06,0.0019952,0.0002625,197.538
0,6170774,7,phononTF,0.00046728,-1.30024e-06,0.0019952,0.000262498,197.538,0.00046728,1,0.00031635,0.00166539,-0.0002625,316.749
0,6172057,2,phononTS,0.00451377,-0.000535411,0.00143662,0.00016374,258.667,0.001146,1,-0.00099625,0.000995682,0.0002625,579.739
0,6173004,20,phononL,0.000586122,-0.000996388,0.00299765,0.0002625,2141.67,0.000586122,1,-0.000814023,0.00259781,-0.0002625,2366.52
0,6173004,3,phononTS,0.00188896,-0.000341464,0.00252615,0.000262498,20.109,0.00117455,1,-0.00032818,0.0025131,-0.0002625,114.605
0,6173004,2,phononTF,0.00280858,-0.000341464,0.00252615,0.000262498,20.109,0.0019734,1,9.9689e-05,0.00208041,-0.0002625,160.567
0,6178111,12,phononTF,0.000955821,0.000607079,-0.000588394,-0.0002625,1007.98,0.000764,1,1.69637e-06,-1.66511e-07,0.0002625,1348.14
0,6182124,3,phononL,0.000539471,-0.000404146,0.00198633,-0.0002625,369.073,0.000382,1,1.28253e-06,0.00199789,0.0002625,514.419
0,6182124,2,phononTS,0.00204369,-0.000809573,0.00197478,0.000262498,369.073,0.00114041,1,-0.000793652,0.00200581,-0.0002625,458.611
0,6182237,9,phononTS,0.00067187,-4.44045e-06,0.00200116,0.0002625,399.952,0.00067187,1,0.000188487,0.00202414,-0.0002625,620.113
0,6183082,16,phononTF,0.000990429,0.00300136,0.000999906,0.0002625,1132.26,0.000990429,1,0.00331838,0.00156382,-0.0002625,1436.16
0,6188179,3,phononTF,0.00910441,-8.88091e-05,0.00209675,-0.0002625,144.18,0.000764,1,1.09533e-06,0.00200479,0.0002625,534.051
0,6188179,6,phononL,0.000807936,1.09533e-06,0.00200479,0.000262498,534.051,0.000807936,1,-0.00145276,0.00151525,-0.0002625,714.648
0,6188179,5,phononTS,0.00193528,1.09533e-06,0.00200479,0.000262498,534.051,0.00181673,1,-4.54681e-05,0.00204416,-0.0002625,623.191
0,6188179,4,phononTF,0.0051416,-0.000163537,0.0018446,0.000204816,534.051,0.00104978,1,0.000209471,0.00217083,-0.0002625,698.697
0,6188750,20,phononTF,0.00156672,-0.00142107,0.00256202,-0.0002625,85.9921,0.000382,1,-0.00200143,0.00199816,0.0002625,472.204
0,6188750,22,phononTS,0.000431729,-0.00200143,0.00199816,0.000262498,472.204,0.000431729,1,-0.00198012,0.0019822,-0.0002625,567.359
0,6188790,12,phononTF,0.000559831,-0.00063676,0.00296109,-0.0002625,738.386,0.000382,1,2.84631e-06,0.00199728,0.0002625,1159.6
0,6191004,4,phononL,0.00045215,-2.25001e-05,0.00214297,-0.0002625,116.021,0.000382,1,4.0428e-06,0.00200493,0.0002625,242.922
0,6191366,5,phononTS,0.000581881,-0.000298583,0.00204195,-0.0002625,619.392,0.000382,1,-3.19065e-06,0.00199727,0.0002625,827.948
0,6200062,15,phononTF,0.000637551,-0.00176601,-0.000212331,-0.000262498,2074.67,0.000382,1,4.43209e-06,-0.00199517,0.0002625,2514.09
0,6200507,1,phononTF,0.01,-9.13539e-07,0.00200109,0.000257814,0,0.000764,1,-2.578e-06,0.0019995,0.0002625,1222.92
0,6200507,4,phononTS,0.00302815,-2.578e-06,0.0019995,0.000262498,1222.92,0.00192882,1,-1.79616e-05,0.00203535,-0.0002625,1314.73
0,6205327,12,phononTF,0.000712484,1.77756e-06,0.00200374,0.000262498,280.497,0.000410286,1,0.000289477,0.00170415,-0.0002625,395.037
0,6206283,6,phononL,0.000431277,-7.27165e-05,0.00113422,-0.0002625,94.725,0.000382,1,-4.7063e-06,-1.21902e-07,0.0002625,364.344
0,6207633,2,phononTF,0.00287889,-0.000158,0.00223134,-0.0002625,14.9235,0.000764,1,3.25714e-08,0.00199861,0.0002625,223.288
0,6213225,7,phononTF,0.000636104,-2.04015e-06,0.00200289,0.0002625,309.195,0.000636104,1,0.000154864,0.00154826,-0.0002625,575.153
0,6215482,10,phononTS,0.000437317,3.5086e-05,0.00197126,-0.000262498,802.452,0.000382,1,-4.68455e-06,0.0020024,0.0002625,891.868
0,6218513,6,phononL,0.000588012,-0.000707493,0.00184556,-0.0002625,894.391,0.000382,1,3.43559e-07,0.00200181,0.0002625,1087.08
0,6229279,11,phononTF,0.000421334,4.23405e-05,0.00192692,-0.000262498,180.399,0.000382,1,2.81892e-06,0.0020043,0.0002625,271.894
0,6235084,5,phononL,0.00157903,-0.00242732,-0.000171532,-0.0002625,467.305,0.000382,1,-0.00300276,-0.0010016,0.0002625,979.47
0,6242994,14,phononTS,0.000986025,-0.00099986,0.00300497,0.000262498,1263.99,0.000229099,1,-0.000955356,0.00272739,-0.0002625,1380.73
0,6247196,22,phononTS,0.000553163,0.00100241,0.000998169,0.000262498,680.806,0.000553163,1,0.0010252,0.000709244,-0.0002625,801.52
0,6252113,3,phononTS,0.00488299,-0.000332501,0.00189592,9.97954e-05,428.501,0.000382,1,0.00100138,0.00099746,0.0002625,918.717
0,6261070,3,phononTS,0.0051842,-7.40307e-07,0.00200414,0.0002625,720.428,0.00409221,1,0.000402639,0.0020427,-0.0002625,868.757
0,6266251,12,phononTF,0.00080475,-0.00100343,0.000997928,0.000262498,533.801,0.000387691,1,-0.000667982,0.0006524,-0.0002625,655.77
0,6266442,9,phononTS,0.00114408,-8.63754e-05,0.00273866,-0.000262498,194.778,0.000382,1,-0.000999201,0.00299857,0.0002625,412.427
0,6266442,10,phononTF,0.000563231,-0.000999201,0.00299857,0.000262498,412.427,0.000563231,1,-0.000758135,0.00276731,-0.0002625,518.921
0,6267614,11,phononTF,0.000409745,-0.00225656,0.00132899,-0.000262498,809.998,0.000382,1,-0.00100076,0.00100239,0.0002625,1072.26
0,6267614,4,phononL,0.00223907,-0.000306702,0.00250787,0.000262498,29.3457,0.000298274,1,0.0017236,0.0032241,-0.0002625,278.743
0,6267985,1,phononTF,0.01,7.9764e-05,0.00206651,0.000178505,0,0.001146,1,4.16117e-06,0.00200196,0.0002625,190.32
0,6268821,8,phononTF,0.000678527,-0.00022949,0.00178032,-0.000262498,266.183,0.000382,1,3.34768e-06,0.00200422,0.0002625,371.672
0,6279346,6,phononTS,0.000881671,0.000878621,0.00250606,-0.0002625,121.794,0.000382,1,-3.61698e-06,0.00199838,0.0002625,582.696
0,6318467,10,phononTF,0.000549123,-0.00100224,0.00299541,0.0002625,595.216,0.000549123,1,-0.00131005,0.00342531,-0.0002625,859.663
0,6339301,15,phononTS,0.00110205,4.0525e-06,4.68919e-06,0.000262498,2031.38,0.00110205,1,-2.3521e-05,3.17002e-06,-0.0002625,2122.94
0,6339829,10,phononTS,0.000510997,-0.000995214,0.00300457,0.000262498,313.506,0.000510997,1,-0.000816267,0.00342946,-0.0002625,460.924
0,6339829,7,phononTF,0.000532753,-0.000443053,0.00244737,0.000262498,48.747,0.000532753,1,-0.000741133,0.00215813,-0.0002625,163.364
0,6345496,9,phononTF,0.000765612,0.000250008,0.001698,-0.000262498,1159.8,0.000382,1,-0.000996763,0.00100111,0.0002625,1432.94
0,6345496,3,phononTS,0.00126067,-4.41417e-05,0.0019791,0.000262498,1046.18,0.00112876,1,-5.0717e-05,0.0019952,-0.0002625,1137.99
0,6345496,2,phononTS,0.00205979,-4.41417e-05,0.0019791,0.000262498,1046.18,0.00193666,1,-7.27109e-05,0.00203286,-0.0002625,1135.52
0,6348959,5,phononTS,0.000476868,-4.06536e-05,0.00203872,-0.000262498,142.696,0.000382,1,-2.74579e-06,0.00199626,0.0002625,231.938
0,6359022,3,phononTF,0.00233521,-0.000406956,0.00230244,-0.0002625,4.5749,0.001528,1,0.000995075,0.00100173,0.0002625,439.546
0,6361216,13,phononTF,0.000525182,-0.00159188,0.00241023,-0.000262498,1120.15,0.000382,1,-0.00199859,0.00199597,0.0002625,1254.67
0,6362116,18,phononL,0.000610292,-4.90353e-06,0.00200018,0.000262498,466.014,0.000610292,1,0.000417477,0.00208198,-0.0002625,540.135
0,6374984,8,phononL,0.000448691,-0.00163042,0.000598085,-0.0002625,233.277,0.000382,1,-0.00199712,-2.44954e-06,0.0002625,618.834
0,6374984,7,phononL,0.000727761,-0.000530323,0.00239969,0.000262498,233.277,0.000727761,1,-0.0007012,0.00340675,-0.0002625,357.407
0,6395897,1,phononTS,0.01,-2.03053e-05,0.00198658,0.000239107,0,0.001528,1,2.04026e-06,0.00200274,0.0002625,1473.37
0,6396302,21,phononTS,0.000544356,-5.19891e-05,0.00204602,-0.000262498,103.335,0.000382,1,-1.41403e-06,0.00200357,0.0002625,196.819
0,6399904,9,phononTS,0.00133524,0.00183707,0.00081329,-0.0002625,1938.13,0.000382,1,0.00200334,-2.24686e-06,0.0002625,2340.65
0,6399904,10,phononTS,0.000605535,0.00200334,-2.24686e-06,0.000262498,2340.65,0.000605535,1,0.00277001,0.000155286,-0.0002625,2529.28
0,6405424,5,phononTF,0.00116689,0.000139366,0.00167598,-0.0002625,153.625,0.000764,1,0.00100036,0.000996924,0.0002625,580.046
0,6405424,4,phononTF,0.000631077,-0.000721621,0.00235502,0.000262498,153.625,0.000631077,1,-0.00116659,0.0019005,-0.0002625,294.786
0,6405424,3,phononTF,0.000395979,-0.000721621,0.00235502,0.000262498,153.625,0.000395979,1,-0.000826937,0.00253349,-0.0002625,251.953
0,6406245,6,phononTF,0.00073069,3.38604e-06,0.00199975,0.0002625,14.7587,0.000549041,1,0.00018291,0.00181429,-0.0002625,315.255
0,6408245,7,phononTF,0.00168306,-0.000468496,0.00153143,-0.000262498,699.586,0.000382,1,-0.00100014,0.00100312,0.0002625,856.242
0,6416301,8,phononTS,0.000511572,-1.08725e-06,0.00199594,0.000262498,486.796,0.000511572,1,0.000332225,0.00203294,-0.0002625,610.517
0,6416302,1,phononTS,0.01,0.000267128,0.0024815,-0.000195072,0,0.00426161,1,0.000269095,0.00249998,-0.0002625,328.379
0,6423292,10,phononTS,0.0008541,-3.55807e-06,0.00200259,0.0002625,182.358,0.000448272,1,5.90027e-06,0.00178481,-0.0002625,402.721
0,6424882,6,phononTF,0.000667869,-0.00067459,0.00271269,-0.0002625,10.5635,0.000382,1,-0.00099514,0.00300345,0.0002625,245.889
0,6429730,2,phononTS,0.0049506,0.000972983,0.000371268,-0.000162582,39.0369,0.00253202,1,0.000461315,-0.00017409,-0.0002625,663.936
0,6430774,14,phononTS,0.00052453,4.99102e-06,0.00200391,0.0002625,138.138,0.00052453,1,1.96061e-05,0.0019545,-0.0002625,318.137
0,6432895,19,phononTF,0.000581324,-0.000996887,0.00299789,0.000262498,876.335,0.000168953,1,-0.00132094,0.00358214,-0.0002625,1031.53
0,6434498,9,phononTF,0.000524677,-1.30565e-06,0.00199931,0.000262498,529.366,0.000524677,1,0.00266446,0.00177009,-0.0002625,1024.17
0,6441521,13,phononTS,0.00107008,4.84573e-05,0.00211616,-0.0002625,577.432,0.000382,1,-5.1998e-07,0.00200093,0.0002625,776.314
0,6448753,15,phononTS,0.000423501,-0.00100177,0.000997953,0.000262498,1279.22,0.000423501,1,-0.00234973,0.00142,-0.0002625,1578.89
0,6448754,1,phononTS,0.01,-0.0007123,0.00155605,-0.000103922,0,0.00671779,1,-0.000733881,0.00155567,-0.0002625,1187.54
0,6451405,2,phononTF,0.0056311,-0.000149778,0.00228777,-0.0002625,46.0664,0.002292,1,-2.07331e-06,0.00200356,0.0002625,229.521
0,6451405,9,phononTS,0.00038223,-2.07331e-06,0.00200356,0.000262498,229.521,0.00038223,1,0.00366158,0.00147033,-0.0002625,1021.96
0,6451405,8,phononTF,0.000385605,-2.07331e-06,0.00200356,0.000262498,229.521,0.000385605,1,-0.00144317,0.000948995,-0.0002625,555.473
0,6451405,7,phononTS,0.00115651,-2.07331e-06,0.00200356,0.000262498,229.521,0.000703069,1,-0.000753197,0.00197454,-0.0002625,414.48
0,6458317,7,phononTS,0.000733432,-0.000217353,0.00203269,-0.000262498,402.26,0.000382,1,-5.13517e-07,0.00199783,0.0002625,512.328
0,6458806,15,phononTS,0.000473145,0.00209225,-0.000438604,-0.0002625,3830.61,0.000382,1,0.0019987,2.96286e-06,0.0002625,4118.09
0,6458806,11,phononTS,0.000609994,0.00328304,0.00471049,0.000262499,2357.95,0.000609994,1,0.00331221,0.00471979,-0.0002625,2450.79
0,6458806,10,phononTS,0.000859611,0.00328304,0.00471049,0.000262499,2357.95,0.000859611,1,0.00395111,0.00471909,-0.0002625,2529.61
0,6458806,9,phononTF,0.00101546,0.00328304,0.00471049,0.000262499,2357.95,0.000467474,1,0.00309276,0.00490971,-0.0002625,2459.41
0,6459192,17,phononTS,0.000560097,4.36767e-05,0.00220339,-0.000262498,898.354,0.000382,1,-9.30687e-07,0.00200265,0.0002625,1006.4
0,6459469,14,phononTF,0.000688951,0.000391109,0.00230153,-0.0002625,383.367,0.000382,1,2.29655e-06,0.00200421,0.0002625,786.675
0,6459469,12,phononTF,0.000537562,-2.11915e-05,0.00228035,0.000262498,186.889,0.000537562,1,0.000272902,0.00256466,-0.0002625,300.785
0,6463672,12,phononTF,0.000427411,-0.000996951,0.00300196,0.000262498,257.67,0.000427411,1,-0.0012595,0.00327717,-0.0002625,368.578
0,6469289,8,phononTF,0.000533392,-0.000597972,0.00260618,-0.0002625,627.63,0.000382,1,-0.000995815,0.0030028,0.0002625,891.563
0,6475300,11,phononTF,0.00137471,-9.20174e-07,0.00200037,0.000262498,489.131,0.000894432,1,0.000729535,0.00127198,-0.0002625,687.284
0,6478465,6,phononTF,0.00185448,-0.000144674,0.00203092,-0.0002625,106.891,0.000382,1,-2.96022e-06,0.00199986,0.0002625,296.729
0,6484616,9,phononTF,0.00075799,-0.000896849,0.00310384,-0.0002625,1311.37,0.000382,1,-0.00100143,0.00299596,0.0002625,1498.33
0,6484616,2,phononL,0.00611521,-0.000731422,0.00273162,7.78419e-05,842.716,0.00484516,1,-0.000316959,0.0029218,-0.0002625,1000.94
0,6488049,6,phononTF,0.00136802,-0.000643827,0.00262237,-0.0002625,41.1011,0.000764,1,-0.000997055,0.0029988,0.0002625,295.215
0,6490289,9,phononTF,0.000600062,-0.000382363,0.00177296,-0.0002625,2056.35,0.000382,1,-3.94461e-06,0.00199867,0.0002625,2302.4
0,6490289,2,phononTS,0.00433687,0.000412292,0.00218121,-0.000209766,170.847,0.00298494,1,-0.000281208,0.00283041,-0.0002625,501.443
0,6492958,12,phononL,0.000722994,-0.00116741,0.00245654,-0.000262498,412.546,0.000382,1,-0.00100106,0.00299893,0.0002625,496.122
0,6496466,7,phononTS,0.0005908,-0.000309764,0.00117127,-0.000262498,436.424,0.000382,1,-2.98514e-06,3.06531e-06,0.0002625,700.6
0,6500653,19,phononL,0.00173188,-0.00100315,0.00299821,0.000262498,266.968,0.0012224,1,-0.00101192,0.00384523,-0.0002625,373.617
0,6501941,4,phononTF,0.00108089,0.000342256,0.00171399,-0.0002625,6.24669,0.000764,1,0.000999761,0.000999732,0.0002625,387.689
0,6502007,13,phononTF,0.000560982,0.00100269,-0.000995593,0.000262498,3193.76,0.000560982,1,0.00115477,-0.000837384,-0.0002625,3291.17
0,6504501,5,phononL,0.000394631,-0.00100421,0.00299541,0.0002625,1189.5,0.000394631,1,-0.00119181,0.00316418,-0.0002625,1321.93
0,6511371,11,phononTS,0.000414986,0.0019956,-2.77538e-06,0.0002625,2135.77,0.000414986,1,0.00194938,0.000654777,-0.0002625,2711.96
0,6513790,8,phononTF,0.00133045,-0.000998861,0.000998597,0.000262498,613.633,0.000996243,1,-0.00056928,0.000984475,-0.0002625,742.23
0,6513790,3,phononTS,0.000874006,-0.000120589,0.00221279,0.000262498,179.518,0.000874006,1,-0.000838232,0.0023191,-0.0002625,358.297
0,6516215,3,phononTF,0.00076177,-0.000256759,0.00226994,-0.000262498,452.764,0.000382,1,-1.18388e-06,0.00200431,0.0002625,562.554
0,6519936,9,phononTF,0.00110013,-0.000652521,0.00272116,-0.0002625,5.14898,0.000382,1,-0.000999681,0.00299814,0.0002625,245.833
0,6529777,3,phononTS,0.00492035,-0.00101946,0.00298473,7.34519e-05,258.072,0.000764,1,-0.00100222,0.00299859,0.0002625,518.318
0,6531324,8,phononTS,0.000485928,-3.16547e-06,0.00199711,0.000262498,332.824,0.000485928,1,-2.65651e-05,0.00226646,-0.0002625,448.817
0,6531324,2,phononTF,0.00617324,-0.00044151,0.0024861,0.00015807,37.9681,0.00583981,1,-0.000660328,0.00270116,-0.0002625,128.296
0,6537809,6,phononTF,0.000606632,-0.00111182,0.00310441,-0.0002625,66.2253,0.000382,1,-0.0010021,0.00299963,0.0002625,513.973
0,6537809,5,phononTS,0.00132478,-0.000427649,0.0024452,0.000262498,66.2253,0.000478065,1,-0.000347333,0.00240159,-0.0002625,162.811
0,6537809,4,phononTF,0.00109618,-0.000427649,0.0024452,0.000262498,66.2253,0.000830875,1,-0.000681597,0.00218392,-0.0002625,175.604
0,6538821,11,phononTS,0.00204676,6.18283e-05,0.00236404,-0.0002625,409.764,0.001146,1,-4.21425e-06,0.00199644,0.0002625,675.021
0,6545157,1,phononTF,0.01,-5.37832e-05,0.00205032,0.000173759,0,0.002674,1,7.66978e-07,0.00199715,0.0002625,288.439
0,6546582,13,phononTS,0.000510484,-0.0012179,0.0030384,-0.000262498,961.592,0.000382,1,-0.00100386,0.00300316,0.0002625,1071.2
0,6558545,2,phononTS,0.000789313,-0.00114564,0.00222822,-0.0002625,11.6187,0.000382,1,-0.00200138,0.00199548,0.0002625,425.141
0,6559933,3,phononL,0.000879776,-3.69029e-05,0.00238797,-0.0002625,166.627,0.000764,1,-2.90392e-07,0.00200055,0.0002625,307.924
0,6559933,2,phononTS,0.00383462,-0.00147004,-0.00132308,-9.9626e-05,166.627,0.00217416,1,-0.00141468,-0.00134298,-0.0002625,1178.11
0,6562886,11,phononTS,0.000568828,-0.000997624,0.0010012,0.0002625,476.188,0.000568828,1,-0.000821626,5.65902e-05,-0.0002625,898.315
0,6564474,2,phononTF,0.00488682,-0.000608913,0.00260618,-0.0002625,45.9142,0.000764,1,-0.000998352,0.00299909,0.0002625,269.252
0,6564474,16,phononTF,0.000807389,-0.000998352,0.00299909,0.000262498,269.252,0.000807389,1,-0.000728108,0.00242638,-0.0002625,421.589
0,6566176,12,phononL,0.00128152,-0.00100238,0.00300247,0.0002625,23.0248,0.000442274,1,-0.00133488,0.00328571,-0.0002625,248.187
0,6570354,4,phononTF,0.000717005,0.005,0.00105299,0.00024894,19.5486,0.000382,1,0.00299911,0.000999952,0.0002625,1353.53
0,6571022,8,phononTF,0.00101555,-1.33334e-06,0.00199585,0.000262498,209.294,0.00101555,1,0.000337024,0.00234334,-0.0002625,331.686
0,6572514,14,phononL,0.000458835,4.64051e-06,0.00199993,0.000262498,535.877,0.000458835,1,0.000443744,0.00193353,-0.0002625,610.775
0,6574452,15,phononTF,0.000536972,0.00099991,0.000999536,0.000262498,922.25,0.000536972,1,0.00121245,0.00120793,-0.0002625,1025.64
0,6574452,2,phononTS,0.000747653,-0.000323266,0.00236204,0.000262498,72.1681,0.000747653,1,0.000661598,0.00202724,-0.0002625,309.645
0,6577237,20,phononTS,0.000931197,0.001945,-0.00200048,-0.000262498,4939.16,0.000382,1,0.0019991,-0.00199587,0.0002625,5029.61
0,6577237,21,phononTS,0.000540795,0.0019991,-0.00199587,0.000262498,5029.61,0.000540795,1,0.00204109,-0.00202754,-0.0002625,5118.99
0,6577237,3,phononTF,0.00101669,-0.000319264,0.00238382,0.000262498,56.4367,0.000460888,1,-0.000158594,0.00226618,-0.0002625,153.551
0,6581964,15,phononTS,0.00108214,-0.00199577,0.00200432,0.000262498,582.784,0.00108214,1,-0.0020577,0.00272882,-0.0002625,760.898
0,6582390,11,phononTS,0.000590395,0.00198151,0.00212141,-0.0002625,1303.53,0.000382,1,0.00199843,0.00199619,0.0002625,1509.91
0,6582390,4,phononTS,0.000485201,-0.000734709,0.00276864,0.000262498,472.986,0.000485201,1,-0.000708865,0.00279714,-0.0002625,562.593
0,6603342,15,phononTS,0.00071875,-0.00200205,1.02791e-06,0.0002625,1437.84,0.00071875,1,-0.00201196,-4.99826e-05,-0.0002625,1711.76
0,6605668,9,phononTF,0.000460991,-0.000202463,0.000204244,-0.0002625,874.711,0.000382,1,-1.58569e-06,9.78875e-07,0.0002625,1079.57
0,6605668,6,phononTS,0.000700183,-0.000109862,0.00187651,0.000262498,325.346,0.000700183,1,0.000344524,0.0019655,-0.0002625,470.501
0,6606116,10,phononTF,0.00301541,-0.00120912,0.00118691,-0.0002625,422.565,0.001146,1,-0.000996238,0.000996998,0.0002625,628.637
0,6606116,14,phononTS,0.000493901,-0.000996238,0.000996998,0.000262498,628.637,0.000493901,1,0.00107676,0.00371312,-0.0002625,1275.88
0,6606116,13,phononTF,0.000385976,-0.000996238,0.000996998,0.000262498,628.637,0.000385976,1,-0.00142149,0.000568919,-0.0002625,765.789
0,6606116,3,phononTF,0.000665375,-0.000287753,0.00250509,0.000262498,18.3865,0.000665375,1,-0.00146863,0.00103218,-0.0002625,359.078
0,6606116,2,phononTS,0.00104834,-0.000287753,0.00250509,0.000262498,18.3865,0.000610129,1,-0.000458999,0.00240516,-0.0002625,131.353
0,6607370,14,phononTF,0.000650609,-4.69275e-06,0.0019978,0.0002625,159.743,0.000650609,1,0.000236536,0.00192382,-0.0002625,584.417
0,6612738,14,phononTF,0.0013697,-0.00115957,-0.000841761,-0.0002625,1131.83,0.000764,1,-0.000998585,-0.00100256,0.0002625,1327.74
0,6612860,11,phononTF,0.000440887,-0.000580217,0.00267017,-0.000262498,346.741,0.000382,1,1.76287e-06,0.00199607,0.0002625,526.675
0,6614002,11,phononTS,0.0005902,-0.000169476,0.00197887,-0.0002625,248.189,0.000382,1,3.94173e-06,0.00200165,0.0002625,464.371
0,6614457,3,phononTS,0.00333681,-0.000965713,0.00300799,2.37206e-05,543.44,0.000382,1,-0.00100007,0.00299692,0.0002625,588.673
0,6617345,18,phononTF,0.000553202,0.000998229,0.00100139,0.0002625,827.697,0.000553202,1,0.0012065,0.000783315,-0.0002625,1254.05
0,6618816,3,phononTF,0.00133003,-0.00043878,0.0034281,-0.0002625,51.4563,0.000382,1,-0.000998226,0.00299551,0.0002625,543.592
0,6627233,2,phononTS,0.000854047,0.000903455,0.000375663,-0.0002625,135.946,0.000382,1,0.00199658,-0.00199541,0.0002625,1205.06
0,6636998,16,phononTS,0.000520289,-0.000546735,0.00198841,-0.000262498,743.416,0.000382,1,-2.53547e-06,0.00200169,0.0002625,897.219
0,6639659,3,phononTS,0.00839643,-0.00198629,0.00201667,8.85802e-05,73.269,0.001528,1,-0.00200266,0.00200008,0.0002625,1795.86
0,6646731,6,phononTF,0.00125628,-0.000661089,0.00264763,-0.0002625,85.0021,0.000764,1,-0.00100095,0.00300165,0.0002625,330.892
0,6667012,2,phononTS,0.00631824,-0.00100079,0.00300035,0.000250617,156.525,0.000764,1,-0.00100083,0.00299982,0.0002625,643.506
0,6667604,3,phononTF,0.0063348,-0.00101429,0.00299981,-0.000224678,187.767,0.002292,1,-0.00100267,0.00300473,0.0002625,441.443
0,6667730,13,phononTS,0.000465727,-0.00099595,0.000996702,0.000262498,2296.71,0.000465727,1,-0.00100074,0.00104784,-0.0002625,2392.71
0,6667730,3,phononTS,0.000507923,-0.000529615,0.00165681,0.000262498,2026.71,0.000507923,1,-0.000456552,0.00225414,-0.0002625,2190.79
0,6674804,15,phononTS,0.000531864,-0.00100412,0.000995414,0.000262498,1091.37,0.000531864,1,-0.000912227,0.00177631,-0.0002625,1281.64
0,6676268,14,phononTS,0.000724624,9.58534e-05,0.00197565,-0.000262498,121.502,0.000382,1,-7.99154e-07,0.00199628,0.0002625,220.321
0,6676839,16,phononTS,0.00136886,-0.000998365,0.00287781,-0.0002625,275.213,0.000382,1,-0.00100147,0.0030018,0.0002625,479.274
0,6676839,19,phononTF,0.000389323,-0.00100147,0.0030018,0.000262498,479.274,0.000389323,1,-0.000454858,0.00353885,-0.0002625,638.865
0,6681111,3,phononL,0.00105157,-0.00136227,0.00237917,-0.0002625,15.1028,0.000382,1,-0.00200023,0.00200079,0.0002625,239.96
0,6683915,3,phononTS,0.000884616,1.73026e-05,0.00233362,-0.000262498,508.527,0.000382,1,-1.7619e-06,0.00200217,0.0002625,632.062
0,6685091,4,phononTF,0.000497211,-0.00199646,-0.00200066,0.000262498,2234.54,0.000497211,1,-0.00173592,-0.00226431,-0.0002625,2344.56
0,6703386,18,phononTS,0.000608171,-0.000181868,0.00204805,-0.000262498,145.611,0.000382,1,1.78378e-06,0.00199654,0.0002625,256.425
0,6703386,2,phononTF,0.00139955,-0.000311552,0.00243192,0.000262498,6.897,0.000747214,1,0.000175242,0.0028171,-0.0002625,149.877
0,6705551,5,phononTF,0.00217687,0.000343541,0.00171174,-0.0002625,1.18849,0.000764,1,0.00100215,0.00099661,0.0002625,383.034
0,6712919,1,phononTF,0.01,-4.78353e-05,0.00205434,0.000156675,0,0.001146,1,2.73896e-06,0.00200313,0.0002625,256.817
0,6717412,14,phononTF,0.00040797,4.37505e-06,0.00200424,0.000262498,648.646,0.00040797,1,-0.00391037,0.000531983,-0.0002625,1390.13
0,6722444,17,phononTS,0.000720525,0.00099624,0.000998084,0.000262498,3244.74,0.000446443,1,0.000977578,0.000945042,-0.0002625,3342.18
0,6722444,10,phononTF,0.000514104,-0.00330488,0.00242335,0.000262498,1839.26,0.000514104,1,-0.00200068,0.0037024,-0.0002625,2165.22
0,6723314,19,phononTS,0.000447737,0.000999554,-0.00100261,0.0002625,2304.44,0.000447737,1,0.000773544,-0.00117202,-0.0002625,2552.42
0,6723314,14,phononTS,0.00111569,0.00187593,0.00183718,0.000262498,846.144,0.0010663,1,0.0018251,0.00183017,-0.0002625,937.281
0,6729164,3,phononTF,0.000519724,-0.000996017,0.00299518,0.0002625,444.46,0.000519724,1,-0.00105802,0.00325091,-0.0002625,655.329
0,6731039,4,phononL,0.00136516,-0.00107193,0.00257895,-0.0002625,725.681,0.000382,1,-0.00100022,0.00299998,0.0002625,873.525
0,6731039,14,phononTS,0.000593457,-0.00100022,0.00299998,0.000262498,873.525,0.000593457,1,-0.00104689,0.00303931,-0.0002625,962.658
0,6733636,3,phononTS,0.000615774,-0.000253607,0.00239538,-0.0002625,585.715,0.000382,1,-3.12405e-06,0.00200424,0.0002625,884.24
0,6733636,2,phononTF,0.000410778,-0.00050409,0.00278651,0.000262498,585.715,0.000410778,1,-0.000190656,0.00248614,-0.0002625,702.266
0,6735788,2,phononTS,0.00569372,0.00043333,0.0018871,-8.12979e-05,210.395,0.00324505,1,0.000417861,0.00179315,-0.0002625,1057.12
0,6739261,5,phononL,0.00213811,-0.00062144,0.00165993,-0.0002625,50.9312,0.001146,1,-3.6821e-06,0.00199564,0.0002625,257.395
0,6741628,4,phononL,0.002489,-0.000703031,0.00271595,-0.0002625,68.1474,0.000382,1,-0.0010007,0.00299713,0.0002625,214.928
0,6743260,13,phononTS,0.00071341,-0.00099743,0.00300254,0.000262498,255.952,0.00071341,1,-0.000959243,0.00297572,-0.0002625,345.846
0,6743260,6,phononTS,0.000925104,-0.000335841,0.00235481,0.000262498,16.1357,0.000925104,1,-0.000521973,0.00268921,-0.0002625,153.245
0,6743260,5,phononTF,0.001745,-0.000335841,0.00235481,0.000262498,16.1357,0.001745,1,-0.00380459,0.000762587,-0.0002625,692.64
0,6746173,14,phononTF,0.000492592,-0.00199655,-4.55173e-06,0.000262498,739.75,0.000492592,1,-0.00297608,0.000981906,-0.0002625,994.511
0,6747400,7,phononTS,0.00104095,-1.83055e-06,0.00199821,0.0002625,287.895,0.00104095,1,2.87566e-05,0.00131771,-0.0002625,629.673
0,6748415,14,phononTF,0.000430507,-0.0010475,0.00312397,-0.0002625,337.069,0.000382,1,-0.00100426,0.00300388,0.0002625,524.27
0,6769042,9,phononTS,0.0013172,-0.00200456,-0.00199979,0.000262499,3241.73,0.0013172,1,-0.00202809,-0.00208559,-0.0002625,3339.52
0,6772709,1,phononTS,0.01,-0.00100252,0.00297768,0.000231268,0,0.000764,1,-0.000997646,0.00299542,0.0002625,549.411
0,6772709,6,phononTF,0.000672561,-0.000997646,0.00299542,0.000262498,549.411,0.000672561,1,-0.000574016,0.00258784,-0.0002625,684.238
0,6776497,6,phononTS,0.000568055,-0.000833158,0.005,-9.25642e-05,967.241,0.000382,1,0.00300423,0.000997937,0.0002625,3832.87
0,6776497,2,phononL,0.00609603,-0.000485037,0.0021373,-0.000206588,11.0026,0.00466791,1,-0.000539904,0.00206918,-0.0002625,113.446
0,6782145,13,phononTS,0.000447181,-0.00134759,0.000455182,-0.0002625,1897.85,0.000382,1,-4.20566e-06,1.34881e-06,0.0002625,2500.07
0,6785277,10,phononTS,0.00074139,-0.00100222,0.00299526,0.000262498,1281.47,0.00042472,1,-0.000984214,0.00266095,-0.0002625,1407.43
0,6787659,14,phononTS,0.000388444,-0.000125516,0.00197205,-0.0002625,594.883,0.000382,1,-4.92314e-06,0.00200343,0.0002625,1199.22
0,6788260,5,phononTF,0.00200629,0.000656846,0.00135306,-0.0002625,208.247,0.000382,1,0.00100345,0.000997096,0.0002625,703.079
0,6788260,12,phononTF,0.00149565,-0.00150464,-0.005,-0.000140246,703.079,0.000309903,1,-0.00131807,-0.00480957,-0.0002625,7719.98
0,6790053,12,phononTF,0.00075724,0.000441756,0.00155467,-0.0002625,419.389,0.000382,1,0.00100006,0.000996362,0.0002625,744.652
0,6791768,5,phononTF,0.000699432,2.93876e-05,0.000101761,-0.0002625,1187.36,0.000382,1,-1.57925e-06,-0.00200271,0.0002625,1987.43
0,6792707,9,phononTF,0.000776535,-0.000998496,0.0029958,0.000262498,367.563,0.000776535,1,-0.00124305,0.00354824,-0.0002625,516.399
0,6793644,12,phononTF,0.000433846,-0.000580126,0.00056452,-0.0002625,370,0.000382,1,-3.94122e-06,2.85318e-06,0.0002625,698.88
0,6795546,14,phononTF,0.000452991,0.000204578,0.00179202,-0.000262498,1165.82,0.000382,1,3.35496e-08,0.00199947,0.0002625,1268.61
0,6795861,4,phononL,0.00366812,0.000614937,0.00151881,-0.0002625,802.101,0.000382,1,0.00100044,0.00100346,0.0002625,1053.43
0,6797542,12,phononTS,0.00126588,-3.07798e-06,0.00199638,0.000262498,279.104,0.00126588,1,-5.26125e-06,0.00204668,-0.0002625,369.728
0,6798702,12,phononTS,0.000391657,-0.000998821,0.00300341,0.0002625,449.446,0.000391657,1,-0.00100168,0.00295889,-0.0002625,722.371
0,6799800,12,phononTS,0.000623879,-0.000996424,0.00300491,0.000262498,714.059,0.000623879,1,-0.000997082,0.00301983,-0.0002625,803.87
0,6806812,8,phononL,0.000383409,-0.00168699,-0.000111038,-0.0002625,610.248,0.000382,1,-0.00199654,2.90766e-06,0.0002625,748.476
0,6834053,12,phononTF,0.000513364,-0.005,0.00335383,-4.36901e-05,1861.81,0.000382,1,-0.000999229,-0.000995413,0.0002625,2980.03
0,6837636,15,phononTS,0.000422823,-0.000499447,0.00287103,-0.0002625,239.492,0.000382,1,-0.000995726,0.00300128,0.0002625,546.029
0,6838487,17,phononTF,0.000723696,-0.00067929,0.00375257,-0.000262498,315.37,0.000382,1,-0.00199583,0.00199966,0.0002625,708.138
0,6839380,17,phononTF,0.000552351,-1.37211e-06,0.00200443,0.000262498,306.549,0.000552351,1,0.000242349,0.00223084,-0.0002625,413.617
0,6839380,4,phononTF,0.000656258,-0.005,-0.000736741,8.0221e-05,116.944,0.000656258,1,-0.00326774,0.000952912,-0.0002625,1469.54
0,6839380,3,phononTS,0.0019119,-0.000408021,0.00215921,0.000262498,116.944,0.00187196,1,-0.00131194,0.00246586,-0.0002625,334.676
0,6841355,2,phononTS,0.00538974,-3.92644e-05,0.00147693,-0.000105749,213.846,0.00345949,1,8.36395e-05,0.00148753,-0.0002625,564.862
0,6846527,8,phononTS,0.000749524,-0.000616111,0.00268392,-0.0002625,17.496,0.000382,1,-0.000996337,0.00300196,0.0002625,326.335
0,6847240,12,phononTS,0.000679779,-0.000995044,0.00300489,0.0002625,2881.19,0.000679779,1,-0.00131935,0.00331676,-0.0002625,3176.64
0,6871591,16,phononTS,0.000495782,0.00185887,0.00217531,-0.0002625,1498.54,0.000382,1,0.00199989,0.00200099,0.0002625,1731.64
0,6871591,3,phononTS,0.000880201,-0.000272969,0.00268146,0.000262498,570.583,0.000880201,1,0.000308331,0.00140068,-0.0002625,871.186
0,6875335,5,phononTF,0.000854714,-0.000997849,0.000997368,0.0002625,872.276,0.000854714,1,-0.0012489,0.000758,-0.0002625,1195.24
0,6875335,4,phononTS,0.000510628,-0.000495743,0.0014761,0.000262498,872.276,0.000510628,1,-0.00269919,0.000183234,-0.0002625,1369.74
0,6875335,3,phononL,0.0012866,-0.000495743,0.0014761,0.000262498,872.276,0.000567495,1,-0.000808583,0.00171682,-0.0002625,944.787
0,6877930,19,phononL,0.000509642,0.00018441,0.00148132,-0.0002625,1027.76,0.000382,1,-8.29798e-07,1.2835e-06,0.0002625,1371.67
0,6886369,1,phononTF,0.01,-9.67298e-05,0.00194368,0.000178918,0,0.00191,1,1.74401e-06,0.00199557,0.0002625,1698
0,6887419,26,phononTF,0.000556187,0.00299804,0.00100107,0.000262498,2587.23,0.000556187,1,0.00207513,0.00190787,-0.0002625,2826.22
0,6889091,4,phononTF,0.00046294,-9.84301e-05,0.00209072,-0.000262498,1111.75,0.000382,1,-1.34083e-06,0.00199719,0.0002625,1204.54
0,6889409,21,phononTS,0.000466445,-0.000956215,0.00172705,-0.0002625,377.35,0.000382,1,-0.00199769,0.00200423,0.0002625,858.791
0,6889409,2,phononTS,0.00286909,-0.000445595,0.00251008,0.000262498,22.4419,0.0015287,1,0.000461382,0.00219247,-0.0002625,247.035
0,6893996,7,phononTF,0.000601832,-0.000154299,0.00215566,-0.0002625,29.3379,0.000382,1,-1.44845e-06,0.00199809,0.0002625,224.153
0,6893996,6,phononTF,0.00107838,-0.005,0.00306771,-0.000144573,29.3379,0.000541758,1,-0.00474743,0.00282496,-0.0002625,929.959
0,6893996,8,phononTF,0.000536627,-0.005,-0.000713956,0.000238764,929.959,0.000536627,1,-0.00475688,-0.000459256,-0.0002625,2487.15
0,6894062,24,phononTF,0.00056481,2.64729e-06,0.00200223,0.000262498,805.682,0.00056481,1,0.000243082,0.00221008,-0.0002625,911.839
0,6907252,2,phononTS,0.00230449,-4.1125e-05,0.00205726,-0.000262498,252.047,0.000764,1,-3.28086e-06,0.00200352,0.0002625,345.126
0,6907442,4,phononL,0.000714268,-0.000609928,0.00213041,-0.0002625,303.397,0.000382,1,-0.00100219,0.00100195,0.0002625,591.892
0,6911283,4,phononTF,0.000823201,0.000662078,0.00305332,-0.000262498,1334.38,0.000382,1,-0.000995472,0.00299712,0.0002625,1660.6
0,6912240,14,phononTF,0.000495662,-0.00199528,0.00200123,0.000262498,492.928,0.000495662,1,-0.00258945,0.0010052,-0.0002625,721.773
0,6915164,15,phononTF,0.000390001,-0.000310459,0.0023281,-0.000262498,364.099,0.000382,1,2.22845e-06,0.00200288,0.0002625,482.535
0,6920579,13,phononTF,0.00049855,-0.00100004,0.00299624,0.0002625,225.599,0.00049855,1,-0.00127343,0.00271042,-0.0002625,450.509
0,6920579,6,phononTS,0.00113973,-0.00033631,0.00243786,0.000262498,4.6258,0.00103584,1,0.00172951,0.00398014,-0.0002625,509.861
0,6927629,19,phononTS,0.0007341,-0.00100146,0.00299714,0.000262498,257.388,0.0007341,1,-0.00103721,0.00296772,-0.0002625,346.876
0,6944907,14,phononTF,0.000532259,6.94921e-07,0.00200013,0.000262498,268.356,0.000532259,1,-0.00043586,0.00157938,-0.0002625,405.559
0,6945870,7,phononTF,0.00119198,-0.000121686,0.00188529,-0.0002625,48.8496,0.000382,1,-4.19395e-07,0.00200136,0.0002625,256.746
0,6949245,1,phononTF,0.01,1.3204e-06,0.00199712,0.000258058,0,0.000382,1,2.05141e-06,0.00199789,0.0002625,215.754
0,6949245,4,phononTF,0.000794705,2.05141e-06,0.00199789,0.000262498,215.754,0.000508441,1,-0.000764322,0.00121592,-0.0002625,423.595
0,6949245,3,phononTF,0.00250516,2.05141e-06,0.00199789,0.000262498,215.754,0.00115,1,-0.00404209,0.00270226,-0.0002625,950.327
0,6949814,13,phononTS,0.000486401,0.000443004,0.00265533,-0.000262498,589.802,0.000382,1,0.00199524,0.00199839,0.0002625,937.991
0,6949814,10,phononTF,0.000613442,-4.02187e-05,0.00336082,0.000262498,329.478,0.000613442,1,0.000177067,0.00306416,-0.0002625,441.968
0,6958435,13,phononTF,0.000765,-0.000998411,0.00300371,0.0002625,121.945,0.000765,1,-0.00106732,0.0030693,-0.0002625,304.618
0,6958435,6,phononTF,0.000624456,-0.000265423,0.00240587,0.000262498,10.3421,0.000624456,1,0.000325411,0.00303619,-0.0002625,184.798
0,6960379,7,phononTS,0.00209732,-0.000697727,0.00163303,-0.0002625,337.782,0.000764,1,-0.000998209,0.00100337,0.0002625,705.403
0,6961550,8,phononTS,0.000663581,3.39689e-06,-7.13668e-07,0.000262498,925.251,0.000412665,1,4.99701e-05,-6.01321e-05,-0.0002625,1020.03
0,6963097,4,phononL,0.000527004,-0.00100457,0.00300491,0.0002625,2.98636,0.000527004,1,-0.00134648,0.00328964,-0.0002625,229.706
0,6964271,11,phononTS,0.00104861,-0.00016599,0.00200842,-0.0002625,876.774,0.000382,1,-4.35282e-06,0.0019971,0.0002625,1087.2
0,6964271,10,phononTF,0.00375912,-0.000327627,0.00201974,0.000262498,876.774,0.00199256,1,-0.000594971,0.0022774,-0.0002625,986.837
0,6965011,22,phononTF,0.00104038,-0.000899802,0.00124696,-0.0002625,734.22,0.000382,1,-0.00100118,0.00100414,0.0002625,1047.33
0,6966943,4,phononTF,0.000732923,-0.00110856,0.00310705,-0.0002625,1137.26,0.000382,1,-0.00100051,0.00300334,0.0002625,1324.18
0,6969168,22,phononTF,0.000502724,-7.05069e-07,0.0019988,0.000262498,791.923,0.000502724,1,0.000329846,0.00233265,-0.0002625,912.712
0,6977231,2,phononTS,0.00100368,-0.00142381,-0.000443141,-0.0002625,791.812,0.000382,1,-0.00200095,-0.00199589,0.0002625,1819.57
0,6996739,7,phononL,0.000626938,-0.00199611,0.00200443,0.000262498,557.144,0.000626938,1,-0.00170573,0.0021878,-0.0002625,626.965
0,7016546,8,phononL,0.000444079,-0.000430853,0.0019834,-0.0002625,2.02142,0.000382,1,1.50061e-06,0.00199995,0.0002625,152.085
0,7016546,7,phononTS,0.000973981,-0.000309306,0.00242515,0.000262498,2.02142,0.000973981,1,-0.005,-0.00260063,-0.000232058,1261.22
0,7019337,2,phononTF,0.000746441,-3.88882e-05,0.00199991,-0.000262498,498.382,0.000382,1,1.35166e-06,0.00199511,0.0002625,588.673
0,7023522,18,phononL,0.000443996,-2.14933e-06,0.00199888,0.000262498,1622.77,0.000443996,1,-0.000540811,0.00195139,-0.0002625,1703.93
0,7025221,19,phononTS,0.000541953,0.00100435,0.00100265,0.000262498,956.294,0.000541953,1,0.00104073,0.0014046,-0.0002625,1088.85
0,7034194,8,phononTF,0.000421644,-0.00135012,0.00118832,-0.0002625,335.927,0.000382,1,-0.00100228,0.00099713,0.0002625,1209.15
0,7034194,6,phononTF,0.000592596,-0.000522788,0.00230996,0.000262498,157.212,0.000125668,1,-0.00030635,0.00272797,-0.0002625,285.561
0,7035041,3,phononTS,0.00044002,-0.00100289,0.0030002,0.0002625,501.194,0.00044002,1,-0.00168516,0.00305885,-0.0002625,844.534
0,7039287,11,phononTF,0.000399929,-0.000227175,0.002211,-0.000262498,68.7284,0.000382,1,-1.07894e-06,0.00199589,0.0002625,173.224
0,7041089,5,phononTS,0.000932872,-0.00115603,0.00120148,-0.0002625,7.34272,0.000382,1,-0.00199663,-3.24881e-06,0.0002625,633.578
0,7041230,16,phononTS,0.00192585,4.00874e-06,0.00200006,0.000262498,180.954,0.00147278,1,-1.28909e-05,0.0020226,-0.0002625,276.242
0,7045649,4,phononTS,0.0026608,2.26878e-05,0.0012713,-0.000149156,449.788,0.00234209,1,0.00443601,0.00470693,-0.0002625,1815.38
0,7054058,6,phononTF,0.00257229,0.0014134,0.000603237,-0.0002625,6.30395,0.000382,1,0.00199724,-3.22667e-06,0.0002625,689.345
0,7054058,11,phononTS,0.000557668,0.00199724,-3.22667e-06,0.000262498,689.345,0.000557668,1,0.00215298,-9.54028e-05,-0.0002625,800.278
0,7054058,10,phononTS,0.00135539,0.00199724,-3.22667e-06,0.000262498,689.345,0.00135539,1,0.00201819,-0.000322391,-0.0002625,811.823
0,7060364,4,phononTF,0.00237391,0.00262612,0.005,9.53188e-06,105.496,0.000382,1,7.37203e-07,0.00199825,0.0002625,3202.75
0,7060364,9,phononTF,0.000493576,7.37203e-07,0.00199825,0.000262499,3202.75,0.000493576,1,0.000347235,0.00178082,-0.0002625,3321.37
0,7060364,8,phononTS,0.00106807,7.37203e-07,0.00199825,0.000262499,3202.75,0.000804828,1,-0.000595489,0.000488601,-0.0002625,3539.21
0,7060364,3,phononTF,0.00100015,-7.98078e-05,0.00226582,0.000262498,105.496,0.00100015,1,-0.000472411,0.00374992,-0.0002625,406.184
0,7060364,2,phononL,0.00162375,-7.98078e-05,0.00226582,0.000262498,105.496,0.000754298,1,0.000309913,0.00125984,-0.0002625,238.083
0,7060982,4,phononTF,0.00216487,-0.000675688,0.00265847,-0.0002625,72.2363,0.000764,1,-0.00100248,0.00299829,0.0002625,313.704
0,7067764,3,phononL,0.00044855,-0.00012174,0.00221507,-0.0002625,50.8081,0.000382,1,3.12201e-06,0.00199832,0.0002625,183.064
0,7078887,10,phononTF,0.000695633,9.4472e-07,0.00200081,0.0002625,584,0.000695633,1,-0.000221252,0.00223297,-0.0002625,794.673
0,7081057,13,phononTF,0.00174779,-1.04249e-07,0.00200152,0.000262498,288.242,0.00113086,1,0.000186695,0.00180539,-0.0002625,389.33
0,7084031,14,phononTS,0.000973635,-0.000998309,0.00300255,0.0002625,422.847,0.000973635,1,-0.000981466,0.00319364,-0.0002625,641.967
0,7086788,4,phononTF,0.00639838,0.000274616,0.00202899,0.000211791,1823.06,0.001528,1,4.20798e-06,0.00199768,0.0002625,1887.84
0,7086788,13,phononTS,0.000389041,4.20798e-06,0.00199768,0.000262498,1887.84,0.000389041,1,-0.000275321,0.00197544,-0.0002625,2005.48
0,7086788,12,phononTS,0.000634253,4.20798e-06,0.00199768,0.000262498,1887.84,0.000358214,1,0.000928627,0.00205381,-0.0002625,2100.89
0,7086788,11,phononTS,0.00103141,4.20798e-06,0.00199768,0.000262498,1887.84,0.00103141,1,0.00327611,-0.00116762,-0.0002625,2739.9
0,7087044,1,phononTS,0.01,-2.72684e-06,0.00198485,0.000241909,0,0.001528,1,2.57033e-06,0.00199791,0.0002625,86.2856
0,7087044,6,phononTF,0.00435148,2.61235e-06,0.00113433,3.85705e-05,86.2856,0.00249413,1,1.31794e-05,0.00104631,-0.0002625,397.66
0,7097925,2,phononTF,0.000690177,-0.000124896,0.00224065,-0.0002625,25.3921,0.000382,1,-4.05815e-06,0.00200331,0.0002625,233.465
0,7105414,18,phononL,0.000488603,0.000141497,0.00108821,-0.0002625,770.696,0.000382,1,-3.20259e-06,8.95597e-07,0.0002625,1033.37
0,7106056,15,phononTF,0.000615929,-0.000272839,0.0022739,-0.0002625,366.12,0.000382,1,4.48398e-06,0.00200379,0.0002625,589.416
0,7111889,4,phononTF,0.00167457,-0.000620071,0.00260811,-0.0002625,52.1779,0.000764,1,-0.000998047,0.00300166,0.0002625,311.234
0,7112969,3,phononTS,0.00647291,-0.00200439,0.00200441,0.000167874,109.431,0.00191,1,-0.00199589,0.00199721,0.0002625,1101.9
0,7112969,9,phononTS,0.000768555,-0.00199589,0.00199721,0.000262498,1101.9,0.000427859,1,-0.00197652,0.00174068,-0.0002625,1216.97
0,7113947,7,phononTF,0.000559959,-0.000140951,0.00214305,-0.0002625,40.3929,0.000382,1,1.58363e-06,0.001998,0.0002625,233.157
0,7117685,9,phononTS,0.000941938,-0.00332017,0.005,0.000136814,512.021,0.000941938,1,-0.00369727,0.00419667,-0.0002625,1230.66
0,7118586,8,phononTS,0.000547735,-0.00100346,0.00300106,0.000262498,450.439,0.000547735,1,-0.00117927,0.00302917,-0.0002625,559.067
0,7121411,14,phononTF,0.000662131,-0.00186732,0.00186327,-0.0002625,757.581,0.000382,1,-0.00199617,0.00199842,0.0002625,948.327
0,7121411,5,phononL,0.000598852,-0.000248071,0.00246674,0.000262498,12.0354,0.000598852,1,-0.000706707,0.00254886,-0.0002625,88.291
0,7122601,8,phononTF,0.00100683,-0.000324245,0.00233727,-0.000262498,161.913,0.000382,1,2.10436e-07,0.00200109,0.0002625,282.19
0,7130530,10,phononTS,0.000633173,1.40292e-06,0.00200251,0.0002625,152.376,0.000419618,1,-1.69719e-05,0.00203368,-0.0002625,338.725
0,7131953,7,phononTF,0.000575964,3.38809e-06,0.00200336,0.0002625,4.42198,0.000401091,1,0.000152883,0.00183673,-0.0002625,307.072
0,7143645,9,phononTS,0.000698544,-0.00200121,0.00200062,0.000262498,1834.36,0.000698544,1,-0.00199773,0.00195254,-0.0002625,1924.95
0,7152920,5,phononTS,0.00042364,-0.00099971,0.00300294,0.0002625,122.819,0.00042364,1,-0.000968392,0.00299738,-0.0002625,306.414
0,7153002,16,phononTS,0.000633327,-0.00239584,0.005,0.000128654,540.148,0.000633327,1,-0.00281284,0.00399004,-0.0002625,1505.9
0,7153003,1,phononTS,0.01,-0.00032331,0.00238882,-0.000193256,0,0.00543172,1,-0.000431869,0.0024499,-0.0002625,274.92
0,7153468,2,phononTF,0.00469419,-0.000432867,0.00241899,-2.88017e-05,112.309,0.000764,1,-0.00100471,0.00300041,0.0002625,260.536
0,7158734,8,phononTS,0.000453859,2.33882e-05,0.00273392,-0.000262498,567.154,0.000382,1,6.2825e-07,0.00200032,0.0002625,746.127
0,7158734,5,phononTS,0.00119329,-0.000328243,0.00237598,0.000262498,76.945,0.000601063,1,-0.00121885,0.00223472,-0.0002625,288.394
0,7164160,2,phononTS,0.00511055,0.00110864,0.000999335,0.00016996,335.511,0.000764,1,0.000999409,0.00100432,0.0002625,792.758
0,7164160,9,phononL,0.000577702,0.000999409,0.00100432,0.000262498,792.758,0.000130686,1,0.00144629,0.00125925,-0.0002625,872.959
0,7164637,13,phononTS,0.00126689,-0.000988451,0.00294888,-0.000262498,1028.59,0.000382,1,-0.000997628,0.003004,0.0002625,1118.78
0,7176727,17,phononTS,0.00100111,0.00173395,0.000592917,-0.0002625,1119.6,0.000382,1,4.69747e-06,-2.86593e-06,0.0002625,1897.19
0,7181181,10,phononTF,0.000492852,0.00058172,0.00139877,-0.0002625,1098.3,0.000382,1,0.00100445,0.000999876,0.0002625,1368.55
0,7181936,6,phononTS,0.000592785,3.00145e-06,0.00199501,0.000262498,658.503,0.000592785,1,0.0030644,0.00391523,-0.0002625,1345.55
0,7190524,5,phononTS,0.000947006,-0.000640444,0.0017673,-0.0002625,34.2917,0.000382,1,-0.0010006,0.00100233,0.0002625,448.928
0,7193138,11,phononTS,0.000463557,-0.00194055,0.0019832,-0.0002625,180.764,0.000382,1,-0.00199632,0.00199583,0.0002625,663.395
0,7194790,12,phononTF,0.000666493,-0.000996367,0.00100037,0.000262498,477.449,0.000666493,1,-0.000650919,0.000658077,-0.0002625,599.959
0,7202780,16,phononL,0.000385092,-0.00130634,0.00218134,-0.0002625,456.721,0.000382,1,-0.00199942,0.0020021,0.0002625,648.214
0,7203036,15,phononTF,0.000810657,-0.00061493,0.00134481,-0.0002625,737.301,0.000382,1,-0.00100458,0.000995787,0.0002625,1251.25
0,7209874,10,phononTS,0.00050755,-0.000220048,0.0024114,-0.000262498,288.794,0.000382,1,-0.00100077,0.00100191,0.0002625,625.371
0,7209874,7,phononTF,0.000404404,-0.000312982,0.00243193,0.000262498,14.7608,0.000404404,1,-0.000223187,0.00252704,-0.0002625,107.498
0,7210463,6,phononTF,0.000465438,-0.000131089,0.00212707,-0.0002625,105.567,0.000382,1,-8.94524e-08,0.0019987,0.0002625,295.972
0,7210463,5,phononTF,0.000483303,-0.000262088,0.00225544,0.000262498,105.567,0.000483303,1,0.000407531,0.00172096,-0.0002625,282.015
0,7210463,4,phononTS,0.000797758,-0.000262088,0.00225544,0.000262498,105.567,0.000797758,1,-0.000310059,0.00221663,-0.0002625,194.689
0,7217659,24,phononTF,0.000529931,-0.00199693,-0.00199522,0.000262498,5053.81,0.000529931,1,-0.000760076,-0.00293758,-0.0002625,5341.03
0,7220717,3,phononTS,0.000866409,-0.000445873,0.00293635,-0.000262498,724.557,0.000382,1,-0.00100025,0.00300065,0.0002625,882.084
0,7224203,18,phononTS,0.000490312,-0.00191382,0.00190252,-0.0002625,1025.22,0.000382,1,-0.00200181,0.00199994,0.0002625,1447.53
0,7224203,12,phononTS,0.00130539,-0.0015539,0.00108019,0.000262498,356.912,0.000426396,1,-0.00157529,0.00103079,-0.0002625,446.672
0,7227652,5,phononTF,0.000780858,0.000261559,0.00188873,-0.0002625,24.5238,0.000382,1,4.42245e-06,0.00199572,0.0002625,286.828
0,7228799,13,phononTS,0.000483571,0.00178753,-0.005,-0.000251773,1543.34,0.000382,1,-0.00100177,-0.000999172,0.0002625,3839.66
0,7228799,5,phononTS,0.000411151,-0.000302248,0.00244327,0.000262498,59.5031,0.000411151,1,0.00101342,0.00324,-0.0002625,373.608
0,7228799,4,phononTS,0.000526658,-0.000302248,0.00244327,0.000262498,59.5031,0.000526658,1,-0.000529574,0.00216678,-0.0002625,193.901
0,7228799,3,phononTF,0.000867527,-0.000302248,0.00244327,0.000262498,59.5031,0.000867527,1,-0.000512982,0.00224934,-0.0002625,162.466
0,7230081,17,phononTF,0.000817362,0.00333758,0.00132649,-0.000262498,949.699,0.000382,1,0.00300139,0.00100058,0.0002625,1070.08
0,7235101,6,phononTF,0.000417762,-0.00099877,0.0030013,0.000262498,404.511,0.000417762,1,-0.00122596,0.00323117,-0.0002625,510.173
0,7248793,10,phononTS,0.00124764,0.000970126,0.00117653,-0.0002625,842.153,0.000382,1,0.0010008,0.000996318,0.0002625,1054.78
0,7254803,10,phononTF,0.000425389,3.30111e-06,0.00200233,0.000262498,276.255,0.000425389,1,-0.000158396,0.00183601,-0.0002625,374.505
0,7254803,7,phononTS,0.000541737,-0.000219127,0.00244072,0.000262498,39.1095,0.000541737,1,-0.000187429,0.00244816,-0.0002625,131
0,7261610,13,phononTS,0.00052653,3.53491e-06,0.00199785,0.0002625,376.897,0.00052653,1,-6.18674e-06,0.00202781,-0.0002625,586.214
0,7261610,6,phononTS,0.000567349,-0.000379353,0.00242088,0.000262498,16.1572,0.000567349,1,0.000496255,0.00190502,-0.0002625,252.437
0,7262620,9,phononTS,0.000708997,0.00200008,4.86898e-08,0.000262498,756.504,0.000708997,1,0.00256727,0.000765732,-0.0002625,983.12
0,7265021,15,phononTF,0.000930602,-0.00157489,0.00162054,-0.0002625,768.567,0.000764,1,-0.00200277,0.00199745,0.0002625,1264.47
0,7265787,4,phononL,0.00132223,0.000316138,0.00170565,-0.0002625,20.3757,0.000382,1,0.000997752,0.000996387,0.0002625,272.158
0,7270139,21,phononL,0.00079694,-3.16455e-06,0.00199878,0.000262498,344.03,0.000369768,1,0.000258225,0.00256563,-0.0002625,432.732
0,7275176,14,phononTF,0.000534403,-0.00199968,0.00200172,0.0002625,633.456,0.000534403,1,-0.00233824,0.00233122,-0.0002625,978.356
0,7275309,7,phononTS,0.000477173,-0.00179018,0.00226196,-0.0002625,937.508,0.000382,1,-0.00199638,0.00200192,0.0002625,1198.99
0,7275991,26,phononTS,0.000402295,0.00101572,0.00103753,-0.0002625,482.295,0.000382,1,0.00100244,0.00100327,0.0002625,671.095
0,7281152,10,phononTS,0.00163998,4.64127e-06,0.00199578,0.000262498,343.074,0.00124673,1,-1.9302e-05,0.0020488,-0.0002625,432.623
0,7281152,2,phononTF,0.00305343,-0.00267,0.00499897,7.93847e-05,12.6787,0.00197424,1,-0.0014611,0.00378951,-0.0002625,919.449
0,7281616,4,phononTF,0.000587626,0.000189905,0.00181903,-0.000262498,705.406,0.000382,1,-2.28266e-06,0.00200388,0.0002625,806.202
0,7281616,2,phononTF,0.00766796,7.95415e-05,0.00299164,-0.000104322,543.268,0.00346719,1,-0.000199778,0.00326965,-0.0002625,807.615
0,7284257,10,phononTS,0.000532103,-4.23264e-05,0.00210536,-0.0002625,219.7,0.000382,1,1.97922e-06,0.00199598,0.0002625,633.535
0,7285288,20,phononTS,0.00154401,2.80723e-05,0.000886749,-0.0002625,521.797,0.000382,1,0.00099688,0.000995017,0.0002625,965.774
0,7285288,29,phononTS,0.000439721,0.00099688,0.000995017,0.000262498,965.774,0.000439721,1,0.000949356,0.00102806,-0.0002625,1055.06
0,7291458,9,phononTS,0.000750818,8.01167e-05,0.00168038,-0.000262498,308.826,0.000382,1,0.00200105,4.6539e-06,0.0002625,809.239
0,7292527,4,phononTF,0.000880484,4.89741e-06,0.00199613,0.0002625,29.4534,0.000880484,1,0.00016529,0.00184316,-0.0002625,322.044
0,7301546,2,phononTF,0.00133132,-0.000273861,0.00228402,-0.0002625,41.8964,0.000382,1,2.31643e-06,0.00199649,0.0002625,264.473
0,7302305,14,phononTS,0.000509856,-0.00116502,0.005,-6.82827e-05,1681.48,0.000509856,1,-0.00133557,0.00455312,-0.0002625,3814.91
0,7307791,5,phononTF,0.00145804,-0.000997353,0.00300224,0.0002625,6.28727,0.000507801,1,-0.00117514,0.00315092,-0.0002625,501.409
0,7308585,14,phononTS,0.000866547,-0.00100116,0.00100204,0.000262498,524.266,0.000181203,1,-0.00104527,0.000994857,-0.0002625,615.675
0,7311598,12,phononL,0.000410817,-0.00124215,0.00200147,-0.000262498,297.654,0.000382,1,-0.00100151,0.00100075,0.0002625,423.302
0,7322569,1,phononTS,0.01,4.12621e-05,0.00201542,0.000249125,0,0.00191,1,3.38336e-06,0.00200047,0.0002625,972.761
0,7322569,6,phononL,0.000591461,3.38336e-06,0.00200047,0.000262498,972.761,0.000591461,1,0.000429851,0.00221044,-0.0002625,1050.08
0,7322569,5,phononTS,0.0019788,3.38336e-06,0.00200047,0.000262498,972.761,0.00162982,1,-0.000347869,0.00219622,-0.0002625,1112.62
0,7324497,1,phononTS,0.01,-0.00100297,0.00300311,0.000254426,0,0.002292,1,-0.000997661,0.0030036,0.0002625,276.723
0,7324497,6,phononTS,0.00101663,-0.000997661,0.0030036,0.000262498,276.723,0.000280476,1,-0.000954389,0.00304731,-0.0002625,365.823
0,7331628,18,phononTS,0.001206,1.96548e-06,0.00200227,0.0002625,779.362,0.000578905,1,-0.000151937,0.00200719,-0.0002625,1093.61
0,7346354,11,phononTF,0.000451837,-0.000996208,0.00300101,0.000262498,409.276,0.000451837,1,-0.000934588,0.00294195,-0.0002625,500.331
0,7346354,4,phononTS,0.00356759,-0.000331051,0.00235444,0.000262498,16.1563,0.00187778,1,-0.000500028,0.00150779,-0.0002625,211.503
0,7346448,9,phononTS,0.000518584,0.00196809,2.44623e-05,-0.000262498,1391.56,0.000382,1,0.00200412,3.81557e-06,0.0002625,1481.41
0,7348925,15,phononL,0.00133482,-0.00100059,0.000996158,0.0002625,203.457,0.000590498,1,-0.00124665,7.51811e-05,-0.0002625,440.098
0,7388331,6,phononTS,0.000729812,0.00434564,0.005,-8.29703e-05,781.517,0.000729812,1,0.00432674,0.00471415,-0.0002625,1815.57
0,7388332,1,phononTS,0.01,-3.59846e-05,0.00229431,-0.000214496,0,0.00367746,1,-6.53406e-05,0.00231392,-0.0002625,515.198
0,7395398,8,phononTF,0.00140538,-0.000876514,0.00297422,-0.0002625,6.00646,0.000382,1,-0.000997068,0.00299791,0.0002625,258.979
0,7395398,10,phononTF,0.000465102,-0.000997068,0.00299791,0.000262498,258.979,0.000465102,1,-0.00108329,0.00331303,-0.0002625,371.681
0,7395539,5,phononTS,0.000477239,3.89852e-06,0.00199764,0.000262498,1062.23,0.000477239,1,-0.00148931,0.00147268,-0.0002625,1391.86
0,7399294,4,phononL,0.00105908,-0.0006382,0.00288541,-0.0002625,137.359,0.000764,1,-0.000999702,0.00300239,0.0002625,280.309
0,7399294,3,phononTF,0.00215972,-0.0002767,0.00276844,0.000262498,137.359,0.00159738,1,0.000153215,0.00318259,-0.0002625,273.355
0,7399628,4,phononTS,0.00112219,-0.000148703,0.00222692,-0.0002625,29.4452,0.000764,1,-4.70604e-06,0.00200379,0.0002625,272.564
0,7406310,2,phononTF,0.000977951,-0.000561619,0.00256617,-0.000262498,1511.39,0.000382,1,-0.000999422,0.00300223,0.0002625,1650.2
0,7412502,21,phononTS,0.000453933,-0.00100174,0.000999086,0.000262498,1377.71,0.000453933,1,-0.00169844,0.000999154,-0.0002625,1553.36
0,7415908,10,phononTF,0.00488868,-0.000666464,0.00267417,-0.0002625,1616.74,0.001146,1,-0.00100334,0.0030003,0.0002625,1857.65
0,7415908,14,phononTF,0.000738221,-0.00100334,0.0030003,0.000262498,1857.65,0.000738221,1,-0.000800178,0.00320269,-0.0002625,1960.23
0,7415908,13,phononTS,0.000778906,-0.00100334,0.0030003,0.000262498,1857.65,0.000778906,1,-0.000974618,0.00294619,-0.0002625,1950.1
0,7421551,16,phononTF,0.000402772,-0.000131214,0.00187699,-0.0002625,1517.02,0.000382,1,-3.47049e-06,0.0020008,0.0002625,1896.58
0,7429375,2,phononTS,0.00258569,0.000870965,0.000213355,-0.0002625,27.1247,0.000764,1,0.00199794,-0.00199889,0.0002625,1003.01
0,7429375,10,phononTF,0.0014683,0.00199794,-0.00199889,0.000262498,1003.01,0.00126142,1,0.00177374,-0.00178486,-0.0002625,1107.33
0,7433282,13,phononTF,0.000671866,-0.000206329,0.00220338,-0.0002625,431.207,0.000382,1,4.42675e-06,0.00199836,0.0002625,637.842
0,7433282,4,phononTF,0.00101045,-0.000305427,0.00243531,0.000262498,251.285,0.00101045,1,-0.000275943,0.0021763,-0.0002625,356.934
0,7433282,3,phononTF,0.000567903,-0.000305427,0.00243531,0.000262498,251.285,0.000567903,1,-0.00077722,0.00225869,-0.0002625,387.035
0,7433282,2,phononTS,0.000497403,-0.000305427,0.00243531,0.000262498,251.285,0.000497403,1,-0.000319599,0.00247399,-0.0002625,342.993
0,7436732,14,phononL,0.000572047,0.000325993,0.00191891,-0.0002625,429.014,0.000382,1,1.75464e-06,0.00199998,0.0002625,567.539
0,7437028,2,phononTF,0.00317775,6.14479e-05,0.00206086,-0.0002625,89.4052,0.001146,1,-7.70563e-07,0.00199989,0.0002625,285.419
0,7439266,13,phononTS,0.000779982,-0.00138301,0.000906931,-0.0002625,886.634,0.000382,1,-0.00200055,0.0020023,0.0002625,1808.5
0,7439266,3,phononTF,0.00127446,-0.000345432,0.00242089,0.000262498,14.7739,0.00114717,1,-5.5753e-05,0.0025605,-0.0002625,124.913
0,7442449,11,phononTF,0.00124842,-8.25522e-05,0.00209599,-0.000262498,227.473,0.000382,1,3.41273e-06,0.00200373,0.0002625,320.026
0,7442449,13,phononTF,0.000565846,3.41273e-06,0.00200373,0.000262498,320.026,0.000565846,1,-0.000334594,0.0023304,-0.0002625,441.275
0,7460668,16,phononTF,0.000573412,-0.0010013,0.000995269,0.0002625,815.039,0.000573412,1,-0.00104018,0.000958064,-0.0002625,1174.8
0,7460668,2,phononTF,0.00404346,-8.93045e-05,0.002548,9.58648e-05,438.407,0.00144118,1,-0.000193686,0.00265411,-0.0002625,504.943
0,7468908,8,phononTS,0.000681682,-0.000130566,0.00203135,-0.0002625,252.722,0.000382,1,-2.13266e-06,0.00199747,0.0002625,466.674
0,7478454,16,phononTS,0.000618789,0.000864286,0.00225685,-0.0002625,231.879,0.000382,1,0.00199939,0.00199776,0.0002625,743.753
0,7478454,9,phononTS,0.00180048,-0.000436495,0.00234211,0.000262498,47.496,0.00118638,1,0.00190151,0.0010325,-0.0002625,570.097
0,7486664,10,phononTF,0.000387784,0.000100135,0.00190908,-0.0002625,1012.41,0.000382,1,2.41993e-06,0.00200287,0.0002625,1312.52
0,7487775,6,phononL,0.000504746,-0.000669514,0.00263624,-0.0002625,40.2676,0.000382,1,-0.000999642,0.00300035,0.0002625,197.852
0,7500118,7,phononTF,0.000426791,-0.00146391,0.00161809,-0.0002625,1218.43,0.000382,1,-0.00200281,0.00200357,0.0002625,1519.22
0,7502974,6,phononTS,0.000736998,-0.00486323,0.00157099,-0.0002625,550.147,0.000382,1,-0.00199588,-4.52031e-06,0.0002625,2430.69
0,7510474,3,phononTF,0.00796973,-0.000887995,0.00291071,-0.000211422,146.447,0.000764,1,-0.00100123,0.00300212,0.0002625,547.437
0,7510474,6,phononTS,0.000802811,-0.00100123,0.00300212,0.000262498,547.437,0.000802811,1,-0.000529358,0.00271093,-0.0002625,710.067
0,7510474,5,phononTS,0.00455607,-0.00100123,0.00300212,0.000262498,547.437,0.00348616,1,-0.000484462,0.00233436,-0.0002625,756.43
0,7515496,6,phononTS,0.00324592,-4.65537e-05,0.00213124,-0.0002625,80.6203,0.000764,1,-3.36857e-07,0.00200236,0.0002625,282.158
0,7515496,11,phononL,0.00061008,-3.36857e-07,0.00200236,0.000262498,282.158,0.00061008,1,0.000212917,0.00252058,-0.0002625,365.5
0,7515496,10,phononTS,0.00108485,-3.36857e-07,0.00200236,0.000262498,282.158,0.000676536,1,4.44121e-05,0.00196109,-0.0002625,371.282
0,7527017,19,phononTF,0.000407926,-0.00142838,0.00118073,-0.000262498,1161.56,0.000382,1,-0.0010021,0.00100473,0.0002625,1290.52
0,7528007,5,phononTF,0.000410062,-3.2226e-06,0.00200106,0.0002625,143.236,0.000410062,1,-0.00223606,0.00295647,-0.0002625,854.408
0,7528677,26,phononTS,0.000580337,4.40039e-06,0.00200004,0.000262498,488.665,0.000580337,1,0.000296107,0.00199037,-0.0002625,607.374
0,7528678,1,phononTS,0.01,-1.19288e-05,0.00241828,9.64209e-05,0,0.0067036,1,-1.59776e-05,0.00241152,-0.0002625,304.497
0,7541164,3,phononTS,0.000865168,-0.00017704,0.00248171,-0.000262498,201.071,0.000382,1,-0.000999229,0.00300144,0.0002625,430.444
0,7544069,7,phononL,0.00163267,-0.000772307,0.00332841,-0.000262498,230.258,0.000764,1,-0.000997881,0.00299795,0.0002625,303.043
0,7549320,10,phononTF,0.000566625,0.00300385,0.00100435,0.0002625,3461.24,0.000566625,1,0.00306395,0.00102758,-0.0002625,3848.1
0,7549320,2,phononTS,0.00125697,-0.000329167,0.00239956,0.000262498,12.9808,0.00107164,1,0.000769162,0.00306919,-0.0002625,294.601
0,7549642,14,phononTF,0.000573444,0.00199744,0.00200033,0.000262498,1169.13,0.000573444,1,0.00273292,0.00266028,-0.0002625,1362.99
0,7549642,2,phononTF,0.00298825,-0.000395489,0.00250482,0.000262498,44.5121,0.00149284,1,-0.000829133,0.00208531,-0.0002625,181.372
0,7554783,7,phononL,0.000870129,7.8738e-07,0.00199616,0.000262498,676.687,0.000631367,1,-0.000484046,0.00281569,-0.0002625,797.957
0,7555134,17,phononTS,0.000664106,-2.54657e-05,0.00268675,-0.000262498,138.679,0.000382,1,-1.49819e-06,0.00200404,0.0002625,309.083
0,7555134,3,phononTF,0.000797449,-0.000301269,0.00239808,0.000262498,25.8445,0.000150546,1,-0.00065525,0.0027672,-0.0002625,151.217
0,7559258,8,phononTF,0.000550843,-0.000159806,0.00213471,-0.0002625,100.202,0.000382,1,-2.72137e-06,0.00199851,0.0002625,294.591
0,7563448,12,phononTF,0.000522407,-0.00027058,0.00244762,-0.000262498,263.811,0.000382,1,-0.000997013,0.00300353,0.0002625,449.751
0,7564292,13,phononTF,0.000400841,-9.91434e-07,0.00199941,0.000262498,430.195,0.000400841,1,-0.000232997,0.00174661,-0.0002625,538.352
0,7564326,14,phononTS,0.000393076,0.000998729,0.00100181,0.000262499,3267.37,0.000393076,1,0.0010203,0.000949964,-0.0002625,3357.05
0,7564326,2,phononL,0.00331018,-0.000334727,0.00230293,0.000262498,200.093,0.00133825,1,-0.000987507,0.00231798,-0.0002625,289.773
0,7569796,14,phononTF,0.000595837,0.000995281,0.00100467,0.000262498,565.863,0.000595837,1,0.00108034,0.00108809,-0.0002625,658.026
0,7574232,8,phononTS,0.00182924,-0.000547548,0.00266348,-0.000262498,111.476,0.000764,1,0.00200085,9.40896e-07,0.0002625,777.741
0,7574232,3,phononTF,0.00216434,-0.000315557,0.00243599,0.000262498,5.78607,0.00202615,1,-0.000450461,0.00243232,-0.0002625,100.192
0,7574232,2,phononTS,0.0022068,-0.000315557,0.00243599,0.000262498,5.78607,0.00143307,1,-0.00256869,0.000977232,-0.0002625,529.334
0,7577217,16,phononTS,0.000610384,-0.00077965,0.00221201,-0.000262498,1314.89,0.000382,1,-1.64505e-06,0.00199897,0.0002625,1513.33
0,7577217,14,phononTS,0.000478942,-0.000156655,0.00235058,0.000262498,987.764,0.000478942,1,-0.000173799,0.00230351,-0.0002625,1077.79
0,7577217,13,phononTF,0.000715058,-0.000156655,0.00235058,0.000262498,987.764,0.000715058,1,-0.000501329,0.00222697,-0.0002625,1104.66
0,7577218,3,phononTS,0.00351194,-0.000510324,0.00392822,0.000221071,264.579,0.00113133,1,-0.000545516,0.00390119,-0.0002625,594.914
0,7580907,4,phononTF,0.000722424,-0.000200325,0.00220316,-0.0002625,22.5967,0.000382,1,-1.75071e-06,0.00199826,0.0002625,227.805
0,7585414,6,phononTF,0.000749572,-2.16601e-06,0.00200102,0.0002625,1252.66,0.000749572,1,0.000315076,0.00167127,-0.0002625,1490.97
0,7585935,7,phononTF,0.000606013,-0.000112515,0.00210541,-0.0002625,396.866,0.000382,1,-3.78989e-06,0.00200183,0.0002625,583.806
0,7588992,7,phononTS,0.000964787,-0.000996908,0.00299728,0.000262498,246.159,0.000964787,1,-0.00156697,0.00497311,-0.0002625,684.829
0,7593907,5,phononL,0.000555777,-0.000892036,0.00185566,-0.0002625,647.26,0.000382,1,-0.000996,0.00099982,0.0002625,863.986
0,7593907,4,phononTS,0.00131078,-0.005,0.00358733,-0.000249694,647.26,0.00109734,1,-0.00459577,0.00326359,-0.0002625,1780.39
0,7594022,1,phononTS,0.01,4.06897e-06,0.00200406,0.00018167,0,0.00191,1,3.56861e-06,0.0019955,0.0002625,310.892
0,7597584,11,phononL,0.000492108,0.00199919,-4.39085e-06,0.0002625,1069.09,0.000492108,1,0.00219662,-0.000260864,-0.0002625,1275.92
0,7597584,8,phononTF,0.000444445,-0.000345023,0.00251604,0.000262498,72.9537,0.000444445,1,-0.000526342,0.00234205,-0.0002625,172.569
0,7601966,1,phononTS,0.01,-4.71182e-05,0.0019957,0.000199085,0,0.002292,1,-2.26486e-06,0.0019956,0.0002625,421.394
0,7601966,7,phononTF,0.000604592,-2.26486e-06,0.0019956,0.000262498,421.394,0.000604592,1,-0.000260394,0.00225745,-0.0002625,531.117
0,7606274,18,phononTF,0.000576796,0.005,0.00377819,-8.4328e-05,1025.79,0.000576796,1,0.00469134,0.00406012,-0.0002625,4273.93
0,7609951,5,phononTF,0.000842244,-0.00234452,0.00164531,-0.0002625,448.815,0.000382,1,-0.00199781,0.00199646,0.0002625,702.288
0,7609951,3,phononTS,0.00559776,-0.000243907,0.00235752,0.000262498,54.0788,0.00304495,1,-0.000815408,0.00207606,-0.0002625,228.566
0,7629084,11,phononTF,0.000737228,-0.00099605,0.00299581,0.0002625,245.526,0.000327656,1,-0.00128858,0.00270885,-0.0002625,473.741
0,7636167,8,phononTS,0.000721422,0.000755277,-0.00413617,-0.0002625,4472.6,0.000382,1,0.00200259,-0.00200223,0.0002625,5259.06
0,7636374,17,phononTS,0.000422883,-0.00300458,-0.00099566,0.000262498,2025.48,0.000422883,1,-0.0030507,-0.000905556,-0.0002625,2127.47
0,7637179,14,phononTF,0.000687195,-1.06975e-06,0.00200265,0.000262498,782.419,0.000687195,1,0.000165458,0.00216073,-0.0002625,880.477
0,7659371,7,phononL,0.00039527,-0.000611762,0.000992284,-0.0002625,148.996,0.000382,1,-0.00100248,0.000995179,0.0002625,436.291
0,7659371,6,phononTS,0.00114311,-0.000610732,0.00215918,0.000262498,148.996,0.00114311,1,-0.000415244,0.00215126,-0.0002625,256.765
0,7665460,8,phononTF,0.000564099,-0.000685207,0.00266718,-0.0002625,12.7887,0.000382,1,-0.00100067,0.00299668,0.0002625,250.74
0,7665460,7,phononTF,0.000446213,-0.000369749,0.00233769,0.000262498,12.7887,0.000446213,1,-9.85176e-05,0.00192199,-0.0002625,141.992
0,7665460,6,phononL,0.000764253,-0.000369749,0.00233769,0.000262498,12.7887,0.000764253,1,-0.000498211,0.00246355,-0.0002625,77.0157
0,7665460,5,phononL,0.000596986,-0.000369749,0.00233769,0.000262498,12.7887,0.000209755,1,-0.000807269,0.00259352,-0.0002625,92.4494
0,7667225,3,phononTS,0.00199866,-8.53637e-05,0.0020221,-0.000262498,358.293,0.001146,1,-2.5197e-06,0.00199669,0.0002625,455.168
0,7676934,12,phononTF,0.000479176,-0.00031142,0.001873,-0.0002625,1067.83,0.000382,1,-0.00100368,0.00100066,0.0002625,1499.31
0,7676934,8,phononTS,0.000657084,-0.000194356,0.00228826,0.000262498,369.072,0.000657084,1,-0.000582681,0.00233737,-0.0002625,503.397
0,7676934,7,phononTS,0.000631443,0.00246345,0.005,-0.00018549,369.072,0.000631443,1,0.00245826,0.00497635,-0.0002625,1059.89
0,7676934,6,phononTS,0.000750344,-0.000194356,0.00228826,0.000262498,369.072,0.000750344,1,-0.000154644,0.00226866,-0.0002625,458.939
0,7676934,5,phononTS,0.000631575,-0.000194356,0.00228826,0.000262498,369.072,0.000631575,1,0.005,-0.00182415,0.000140104,1486.6
0,7676934,4,phononTS,0.00162305,-0.000194356,0.00228826,0.000262498,369.072,0.00142751,1,-0.00106407,0.00215435,-0.0002625,568.559
0,7682431,7,phononTS,0.000639152,-0.000388293,0.00105765,-0.0002625,224.536,0.000382,1,2.13777e-06,4.00889e-08,0.0002625,902.854
0,7682801,4,phononTF,0.00164992,-0.000376104,0.00239287,-0.0002625,35.5646,0.000764,1,3.10635e-06,0.00200399,0.0002625,255.118
0,7682801,14,phononL,0.000530978,3.10635e-06,0.00200399,0.000262498,255.118,0.000530978,1,-0.000901161,0.00217881,-0.0002625,369.578
0,7689398,10,phononTF,0.00102341,-0.00179338,0.0022143,-0.0002625,953.197,0.000382,1,-0.00199538,0.00200442,0.0002625,1397.54
0,7690557,3,phononTF,0.00056929,0.000385866,0.00160891,-0.0002625,224.926,0.000382,1,0.00100221,0.00100031,0.0002625,571.692
0,7690557,2,phononTS,0.00119442,-0.000230478,0.0022175,0.000262498,224.926,0.00023402,1,-0.000200603,0.0021917,-0.0002625,317.754
0,7693382,2,phononTF,0.00123352,-0.00013718,0.00215224,-0.0002625,132.02,0.000764,1,4.46844e-06,0.00200292,0.0002625,325.032
0,7693383,1,phononL,0.01,-0.000248037,0.00347515,-0.000250694,0,0.00744016,1,-0.000253336,0.00346282,-0.0002625,1694.01
0,7696771,12,phononTF,0.000403469,-0.000753192,0.00293011,-0.0002625,683.731,0.000382,1,-0.00100416,0.00300398,0.0002625,893.715
0,7696771,10,phononTF,0.00113674,0.00168016,0.005,0.000240923,504.521,0.00113674,1,0.00155965,0.00492733,-0.0002625,1135.15
0,7697256,12,phononTS,0.000422264,9.66035e-05,0.00201751,-0.000262498,408.081,0.000382,1,3.85753e-06,0.00199505,0.0002625,506.494
0,7712786,13,phononTS,0.000431628,-7.63132e-05,-0.00287776,-0.0002625,2920.84,0.000382,1,1.21926e-06,-0.00199725,0.0002625,3324.1
0,7714065,12,phononTS,0.000718789,0.00208046,-0.00109357,-0.000262498,2084.03,0.000382,1,0.00100397,0.000997187,0.0002625,2547.97
0,7733339,9,phononTF,0.000498903,-8.40042e-07,0.0020005,0.000262498,237.919,0.000498903,1,-9.40752e-05,0.00209878,-0.0002625,330.727
0,7734331,12,phononTS,0.000821329,-0.00094827,0.00299002,-0.0002625,251.262,0.000382,1,-0.000997684,0.00299812,0.0002625,432.062
0,7739925,7,phononTS,0.0027207,-0.00104332,0.00329384,-0.0002625,420.691,0.000382,1,-0.00100334,0.00299964,0.0002625,658.367
0,7740953,10,phononTS,0.000413818,4.63047e-06,0.00200441,0.000262498,214.813,0.000413818,1,-0.00077825,0.00202117,-0.0002625,404.189
0,7740953,8,phononL,0.000577177,-0.000293246,0.00239759,0.000262498,13.6136,0.000577177,1,-0.000769466,0.00247241,-0.0002625,90.8706
0,7740953,7,phononTF,0.00111307,-0.000293246,0.00239759,0.000262498,13.6136,0.000502755,1,-0.000155174,0.00254096,-0.0002625,109.72
0,7743064,5,phononTS,0.000471431,0.000289313,0.00196576,-0.000262498,421.525,0.000382,1,-3.67502e-06,0.00199561,0.0002625,543.076
0,7744655,7,phononL,0.00154905,-0.000413454,0.00239356,-0.0002625,1108.1,0.000764,1,-0.000999887,0.00300262,0.0002625,1311.27
0,7744655,2,phononTF,0.00478298,-0.00103339,0.00167961,-9.45885e-06,493.908,0.00195905,1,-0.000693135,0.00134665,-0.0002625,586.188
0,7750737,18,phononTS,0.000511761,0.00202303,0.00236589,-0.0002625,605.782,0.000382,1,0.00199623,0.0019972,0.0002625,862.817
0,7750737,6,phononTF,0.000867805,-0.000308881,0.00221533,0.000262498,79.0196,0.000831388,1,0.00106874,0.000919912,-0.0002625,416.487
0,7763698,4,phononTF,0.000470325,9.5401e-05,0.00209545,-0.0002625,18.5283,0.000382,1,-3.00685e-06,0.00199532,0.0002625,236.668
0,7767590,3,phononTF,0.0011463,-0.000297389,0.00230411,-0.000262498,491.48,0.000382,1,-1.14051e-06,0.00199715,0.0002625,607.238
0,7771240,4,phononTS,0.00372717,-0.00186848,0.00152996,-0.0002625,602.277,0.000382,1,-0.00199942,0.00200326,0.0002625,902.795
0,7771240,6,phononTS,0.000387576,-0.00199942,0.00200326,0.000262498,902.795,0.000387576,1,-0.00147251,0.00205374,-0.0002625,1052.12
0,7779056,4,phononTS,0.000422187,-0.000667592,0.0030197,-0.0002625,1081.95,0.000382,1,-0.00100416,0.00299798,0.0002625,1331.18
0,7780484,2,phononL,0.00322558,-0.000323759,0.0024393,0.000117329,5.22491,0.000382,1,-3.4746e-08,0.00200162,0.0002625,95.5369
0,7787961,3,phononTS,0.0019225,-0.00114581,0.00220124,-0.0002625,6.34574,0.000382,1,-0.00200418,0.00200122,0.0002625,418.442
0,7787961,10,phononTS,0.000804775,-0.00197729,0.00203626,0.000227777,418.442,0.000804775,1,-0.00198534,0.00204447,-0.0002625,517.261
0,7794735,4,phononTF,0.00640658,0.0012079,0.00120329,-0.000186717,19.4926,0.000382,1,0.000998133,0.00100386,0.0002625,672.136
0,7796164,12,phononTF,0.00041052,-0.000822284,0.00118988,-0.000262498,515.017,0.000382,1,-0.00100227,0.00100187,0.0002625,615.3
0,7808361,14,phononTF,0.000448682,-0.000799516,0.00280562,-0.0002625,262.258,0.000382,1,-0.000999043,0.00299807,0.0002625,472.402
0,7813493,2,phononTF,0.000910363,-0.000642727,0.000720257,-0.0002625,111.343,0.000382,1,-0.000997325,-0.000998718,0.0002625,788.608
0,7816579,14,phononTF,0.000916104,-3.29382e-06,0.00199739,0.000262498,463.445,0.000916104,1,0.000306335,0.00173564,-0.0002625,578.768
0,7821434,12,phononTS,0.000861727,-0.00114263,0.00211204,-0.0002625,661.721,0.000382,1,-0.00199623,0.00200437,0.0002625,1056.29
0,7823753,12,phononL,0.000717036,-0.000997151,-0.000996403,0.000262498,1007.11,0.000717036,1,-0.00146479,-0.00026948,-0.0002625,1119.53
0,7827641,7,phononTS,0.00039416,-0.000995497,0.00299511,0.000262498,248.6,0.00039416,1,-0.00103637,0.0030264,-0.0002625,338.213
0,7827641,3,phononTS,0.00289826,-0.00032257,0.00242227,0.000262498,9.8656,0.00101558,1,-0.000256035,0.00242142,-0.0002625,107.207
0,7828214,17,phononTF,0.000557465,0.000695041,0.00129455,-0.000262498,846.349,0.000382,1,0.00100069,0.00100111,0.0002625,961.778
0,7833221,4,phononTS,0.000655933,-3.8223e-05,0.00196727,-0.000262498,1296.84,0.000382,1,1.9638e-06,0.00200029,0.0002625,1386.21
0,7835844,7,phononTF,0.00048109,-0.000219229,0.00220008,-0.0002625,147.904,0.000382,1,-4.60987e-06,0.00199502,0.0002625,354.307
0,7841760,8,phononTF,0.000969671,-0.00100337,0.00300297,0.0002625,414.743,0.000969671,1,-0.00119337,0.00319105,-0.0002625,717.881
0,7845380,10,phononTS,0.000621055,4.10678e-06,0.00199947,0.000262498,560.431,0.000621055,1,-0.000321386,0.00194897,-0.0002625,686.988
0,7870194,24,phononTS,0.000430837,-0.000999113,0.00300264,0.0002625,244.05,0.000430837,1,-0.00173276,0.00278575,-0.0002625,628.461
0,7870194,4,phononTS,0.000960991,-0.00032356,0.00223662,0.000262498,124.255,0.000960991,1,-0.000273996,0.00233899,-0.0002625,222.535
0,7882519,5,phononTS,0.000425191,-3.86836e-05,0.00201241,-0.000262498,573.772,0.000382,1,-6.62662e-07,0.00200138,0.0002625,664.06
0,7883023,9,phononTF,0.000433021,-0.000995705,0.00300158,0.0002625,1461.12,0.000433021,1,-0.00207931,-0.00449544,-0.0002625,4561.68
0,7883346,3,phononL,0.00603267,-0.00108019,0.00296724,0.000161826,220.425,0.002292,1,-0.00100435,0.00299723,0.0002625,401.021
0,7884912,16,phononTF,0.00134683,-0.00100395,0.00299882,0.000262498,1649.11,0.000803723,1,-0.000153979,0.00383736,-0.0002625,1872.44
0,7893487,9,phononTS,0.000759861,-4.00071e-06,0.00200328,0.000262498,578.372,0.000759861,1,-0.000725451,0.00127646,-0.0002625,817.171
0,7893487,5,phononL,0.00445549,0.000139525,0.00229581,0.000262498,387.384,0.00442323,1,0.000214727,0.00148627,-0.0002625,491.075
0,7908558,11,phononTS,0.000588037,-0.00201212,0.00193623,-0.000262498,725.426,0.000382,1,-0.0019986,0.00199766,0.0002625,821.748
0,7909760,4,phononTF,0.00230378,8.54388e-05,0.00208789,-0.000262498,457.212,0.000382,1,-3.58579e-06,0.00200297,0.0002625,549.516
0,7911603,13,phononTF,0.000814061,-0.00100004,0.00299501,0.000262498,1348.26,0.00029534,1,-0.00126015,0.00329024,-0.0002625,1461.89
0,7918828,3,phononTF,0.00148489,-0.000980109,0.00298322,-0.000262498,365.362,0.000382,1,-0.00100348,0.00300055,0.0002625,455.4
0,7919015,4,phononTF,0.000877649,-6.18428e-08,0.00200483,0.0002625,526.482,0.000753025,1,-3.77774e-05,0.00209179,-0.0002625,710.239
0,7919015,2,phononTF,0.00319965,-0.005,-0.00318522,9.51699e-05,142.96,0.00268077,1,-0.0044123,-0.00258339,-0.0002625,1534.33
0,7921393,19,phononTS,0.000444952,-0.00161233,0.000875525,-0.0002625,748.54,0.000382,1,-0.00199862,-2.40033e-06,0.0002625,1199.51
0,7921393,2,phononTF,0.000838509,-0.00032817,0.00244395,0.000262498,5.02484,0.000838509,1,-0.000790547,0.00393024,-0.0002625,307.662
0,7923721,14,phononTS,0.000572608,-0.00300039,-0.00100085,0.000262498,2101.14,0.000572608,1,-0.00223646,0.000662815,-0.0002625,2481.81
0,7925157,4,phononL,0.000660182,-0.000533217,0.00265988,-0.0002625,182.79,0.000382,1,-0.000999618,0.00300327,0.0002625,353.903
0,7935701,8,phononTF,0.000511111,0.00199834,0.00199932,0.000262498,2102.4,0.000511111,1,0.00221396,0.00178226,-0.0002625,2206.64
0,7938186,24,phononTF,0.00105566,-0.00111205,0.00133636,-0.0002625,358.899,0.000382,1,-0.00100324,0.00100167,0.0002625,705.194
0,7938186,25,phononTS,0.000493408,-0.00100324,0.00100167,0.000262498,705.194,0.000493408,1,-0.000804607,0.00105174,-0.0002625,817.439
0,7949424,14,phononTF,0.000662102,-0.005,-0.00190947,0.00016983,457.084,0.000524133,1,-0.00449321,-0.00240676,-0.0002625,4233.76
0,7952320,3,phononTF,0.00228097,-7.85342e-05,0.00211082,-0.0002625,3.30842,0.000764,1,-1.11128e-06,0.00200185,0.0002625,376.328
0,7952320,11,phononTS,0.00108351,-1.11128e-06,0.00200185,0.000262498,376.328,0.000767662,1,-4.48464e-05,0.00198822,-0.0002625,466.632
0,7954763,2,phononTF,0.000800001,-0.000447796,0.0024632,-0.000262498,573.907,0.000382,1,-2.85683e-06,0.0020018,0.0002625,716.547
0,7962855,16,phononTS,0.000426982,0.005,0.000278732,-0.000116964,376.049,0.000426982,1,0.00468541,0.000183496,-0.0002625,1546.88
0,7969067,11,phononTF,0.00119574,-0.000960018,0.0031237,-0.0002625,446.272,0.000764,1,-0.000997147,0.0030003,0.0002625,633.802
0,7969829,12,phononTF,0.00101867,4.37168e-06,0.00200254,0.000262498,295.535,0.00101867,1,0.000948119,0.00104052,-0.0002625,543.062
0,7975471,12,phononTS,0.00134722,-4.33482e-05,0.0019824,-0.0002625,246.952,0.000382,1,2.96547e-06,0.00200425,0.0002625,426.364
0,7975471,13,phononTS,0.000459569,2.96547e-06,0.00200425,0.000262498,426.364,0.000459569,1,-0.000409835,0.00233975,-0.0002625,586.203
0,7976818,4,phononTS,0.000750443,-0.000172151,0.00233123,-0.000262498,1252.58,0.000382,1,3.03004e-06,0.00199501,0.0002625,1389.01
0,7978755,1,phononTS,0.01,-0.00101246,0.00297645,0.000172619,0,0.002674,1,-0.00100473,0.00300343,0.0002625,1054.15
0,7978755,6,phononTS,0.00146483,-0.005,-0.00171257,-0.000140257,1054.15,0.000405043,1,-0.00283417,-0.00352869,-0.0002625,2619.28
0,7979967,16,phononTF,0.000552568,-0.00199761,0.00200465,0.000262498,3414.22,0.000552568,1,-0.00246295,0.00248703,-0.0002625,3559.87
0,7980635,9,phononTF,0.000690506,-0.000997805,0.00100436,0.000262498,1426.67,0.000690506,1,-0.000987389,0.000973226,-0.0002625,1516.8
0,7980635,2,phononTS,0.00520494,-0.000432378,0.0014968,-0.000120433,1206.7,0.00288189,1,-0.000435154,0.00145692,-0.0002625,1299.7
0,7982433,11,phononTS,0.000453576,-0.000998338,0.00299796,0.000262498,884.408,0.000453576,1,-0.00144846,0.00391382,-0.0002625,1120.54
0,7984943,3,phononTF,0.00522314,0.000561769,0.00240129,-0.000234399,1257.18,0.00398229,1,0.000572711,0.00241169,-0.0002625,1730.17
0,7987788,15,phononTF,0.000410215,-0.000304759,0.00180536,-0.000262498,203.764,0.000382,1,-0.00100059,0.00100205,0.0002625,409.761
0,7987788,8,phononTS,0.000395228,-0.000404158,0.00225302,0.000262498,58.8752,0.000395228,1,-0.000511527,0.00227949,-0.0002625,157.869
0,7987788,7,phononL,0.000536259,-0.000404158,0.00225302,0.000262498,58.8752,0.000536259,1,0.0012298,0.00259083,-0.0002625,251.077
0,7987788,6,phononTS,0.00274234,-0.000404158,0.00225302,0.000262498,58.8752,0.00171948,1,-0.000808259,0.00219684,-0.0002625,195.606
0,7988469,9,phononTF,0.00275413,-0.0019966,0.00200216,0.000262498,435.263,0.00228032,1,-0.00205404,0.0032253,-0.0002625,690.988
0,7992763,7,phononTS,0.00053896,1.0403e-06,0.00199699,0.0002625,289.62,0.00053896,1,0.000266463,0.00200155,-0.0002625,523.008
0,7992763,4,phononTF,0.00270941,-0.000237286,0.00198057,0.000262498,199.933,0.00158753,1,-0.00046332,0.002215,-0.0002625,305.663
0,7998885,6,phononTS,0.000438151,-0.00126923,0.000105964,-0.0002625,369.159,0.000382,1,-0.00100249,-0.000995945,0.0002625,870.421
0,8012247,14,phononTF,0.000483073,-0.000338947,0.00165094,-0.0002625,500.756,0.000382,1,-0.00100356,0.000999341,0.0002625,786.588
0,8012247,10,phononTF,0.000855945,-0.000788034,0.00278707,0.000262498,226.283,0.000855945,1,-0.00124142,0.00376121,-0.0002625,445.975
0,8015411,2,phononTF,0.00354038,-0.000431357,0.00261004,1.41318e-05,85.5893,0.000764,1,-1.15789e-06,0.00199743,0.0002625,224.447
0,8015578,4,phononL,0.00113002,-0.000108185,0.00219167,-0.0002625,84.253,0.000382,1,-4.4806e-06,0.0020036,0.0002625,214.415
0,8019477,4,phononTS,0.00184468,-0.00063678,0.00170877,-0.0002625,87.168,0.000764,1,-0.00100125,0.00100208,0.0002625,486.435
0,8022230,2,phononTF,0.00392873,0.00107985,0.00107591,-6.57411e-05,77.7599,0.000382,1,0.000997466,0.00099737,0.0002625,565.707
0,8022230,10,phononTS,0.000904197,0.000997466,0.00099737,0.000262498,565.707,0.000904197,1,0.00155978,0.00102827,-0.0002625,720.184
0,8023955,5,phononTS,0.00277039,-0.00100451,0.00299995,0.000256965,493.763,0.000382,1,-0.00100417,0.00299953,0.0002625,494.706
0,8030866,18,phononTS,0.000530489,4.40014e-06,0.00199732,0.0002625,428.675,0.000530489,1,-9.9098e-06,0.00171062,-0.0002625,1022.64
0,8030866,2,phononTF,0.000610563,-0.000309145,0.00241393,0.000262498,3.11336,0.000610563,1,-0.000173941,0.00226522,-0.0002625,99.7066
0,8039362,8,phononTS,0.000406435,0.00102118,0.000951474,-0.0002625,2005.16,0.000382,1,0.000997314,0.00100181,0.0002625,2220.59
0,8039847,11,phononTF,0.000502122,-0.00100454,0.00300201,0.000262498,1013.54,0.000502122,1,-0.000755866,0.00331583,-0.0002625,1128.93
0,8048601,3,phononTF,0.000417825,-8.35485e-05,0.00209483,-0.0002625,255.675,0.000382,1,4.914e-06,0.00199764,0.0002625,441.297
0,8048601,2,phononTS,0.00600146,-9.29256e-05,0.00218891,0.000167576,255.675,0.00439723,1,4.2635e-05,0.00218807,-0.0002625,367.497
0,8051095,5,phononTF,0.000388726,-4.7488e-06,0.00200139,0.000262498,611.764,0.000388726,1,0.000285358,0.0024423,-0.0002625,744.992
0,8054252,7,phononL,0.000559088,-0.00126186,0.0023498,-0.000262498,691.511,0.000382,1,-0.000995408,0.00300442,0.0002625,787.264
0,8057745,10,phononTF,0.00205842,0.00195761,0.00246604,-0.0002625,920.268,0.000764,1,-0.00100422,0.00300155,0.0002625,2018.32
0,8069280,5,phononTS,0.000918073,-0.000149909,0.00219532,-0.0002625,8.85779,0.000382,1,-3.74274e-07,0.00199877,0.0002625,247.629
0,8072716,14,phononTF,0.000685826,0.00200125,-1.46781e-06,0.000262498,714.276,0.000685826,1,0.00159615,0.0022098,-0.0002625,1135.37
0,8072716,4,phononTS,0.000497628,-0.00032068,0.00244356,0.000262498,10.4463,0.000497628,1,-0.000340118,0.00244586,-0.0002625,100.47
0,8074784,11,phononTS,0.000681594,-0.000938342,0.000383871,-0.0002625,1185.38,0.000382,1,-0.00100177,0.000999245,0.0002625,1502.74
0,8094789,2,phononTS,0.00615361,-0.000740076,0.00105075,0.000107794,73.4742,0.001528,1,-0.000998033,0.000997679,0.0002625,344.799
0,8096247,5,phononTS,0.000614045,-0.0019965,2.46385e-06,0.0002625,264.363,0.000614045,1,-0.00358972,-0.00240059,-0.0002625,1381.29
0,8101441,6,phononTF,0.00145508,-0.00115656,0.00104306,-0.0002625,1285.23,0.000382,1,-0.000995921,0.0010007,0.0002625,1477.9
0,8101441,8,phononTS,0.000914935,-0.005,0.00489078,-3.09797e-05,1477.9,0.000914935,1,0.000757925,-0.00219616,-0.0002625,4037.72
0,8107844,6,phononTS,0.000766672,-0.000368957,0.00220879,-0.0002625,110.206,0.000382,1,-2.93445e-06,0.00200223,0.0002625,395.188
0,8107844,5,phononTF,0.00156369,-0.000734978,0.00241535,0.000262498,110.206,0.00101268,1,-0.000808024,0.0023386,-0.0002625,201.889
0,8109639,6,phononTF,0.00102985,-0.000798492,0.00269914,-0.0002625,170.132,0.000382,1,-0.00100275,0.00300204,0.0002625,395.948
0,8109639,5,phononTS,0.00086596,-0.000594231,0.00239625,0.000262498,170.132,0.000170064,1,-0.000761196,0.00254273,-0.0002625,286.472
0,8110760,10,phononTS,0.000514582,-0.000957837,0.00162636,-0.0002625,558.435,0.000382,1,-1.84709e-06,2.37473e-06,0.0002625,1319.29
0,8112998,5,phononTS,0.000576469,-0.00100414,0.000995651,0.0002625,63.5067,0.000576469,1,-0.00131283,0.00028425,-0.0002625,650.563
0,8114053,1,phononTS,0.01,-0.000995355,0.00299858,0.000238017,0,0.001146,1,-0.000996381,0.00299993,0.0002625,270.173
0,8124839,2,phononL,0.00791363,0.000119107,0.00208726,0.000128639,56.274,0.00636569,1,7.88301e-05,0.00168324,-0.0002625,450.462
0,8125202,7,phononL,0.00111055,7.62878e-07,0.00199626,0.0002625,264.136,0.000856424,1,0.000165966,0.00159622,-0.0002625,487.634
0,8125938,6,phononTF,0.000446694,-0.00082194,0.00116323,-0.0002625,1128.14,0.000382,1,-0.00099561,0.000996975,0.0002625,1325.81
0,8125938,5,phononTS,0.00110004,-0.000648271,0.00132949,0.000262498,1128.14,0.00063585,1,-0.00176878,0.00101942,-0.0002625,1384.96
0,8126531,4,phononTS,0.00241018,-0.000959979,0.00321946,-0.0002625,202.571,0.000382,1,-0.00100267,0.00300299,0.0002625,422.174
0,8134613,9,phononL,0.00117138,-0.000803626,0.00137053,-0.0002625,334.343,0.000382,1,-0.000998138,0.000999012,0.0002625,481.95
0,8134613,10,phononTF,0.00059097,-0.000998138,0.000999012,0.000262498,481.95,0.00059097,1,-0.00327535,0.000701396,-0.0002625,912.43
0,8144283,5,phononTS,0.000873701,-0.000580232,0.00162955,-0.0002625,308.015,0.000382,1,-0.00100265,0.000997049,0.0002625,698.205
0,8145467,8,phononTS,0.000476678,-0.000892633,0.00306767,-0.0002625,2570.53,0.000382,1,-0.00100116,0.00299654,0.0002625,2886.21
0,8153624,7,phononTF,0.000807324,-0.00013756,0.00220034,-0.0002625,87.0671,0.000382,1,3.94474e-06,0.00200419,0.0002625,287.901
0,8154005,5,phononTF,0.000457476,8.06742e-05,0.00192108,-0.000262498,761.908,0.000382,1,-2.67787e-06,0.00200054,0.0002625,853.916
0,8170450,2,phononTF,0.0041378,0.000880592,0.00119824,0.000189602,186.852,0.000764,1,0.000999164,0.00100396,0.0002625,664.488
0,8185369,5,phononTF,0.00201528,-0.000851512,0.00108505,-0.0002625,346.044,0.000764,1,-0.00100205,0.0010015,0.0002625,729.699
0,8194624,14,phononTS,0.000491451,2.93989e-06,0.00199916,0.000262498,1891.9,0.000491451,1,-5.23658e-05,0.00221514,-0.0002625,2006.27
0,8205697,10,phononTS,0.00128324,0.00300022,0.000995774,0.000262498,2047.92,0.00084254,1,0.00293216,0.000770556,-0.0002625,2164.09
0,8207939,13,phononTS,0.00185976,-2.70826e-07,0.00199613,0.000262498,304.06,0.00185976,1,-0.000701052,0.00165558,-0.0002625,500.864
0,8220297,11,phononTF,0.000477356,1.86839e-06,0.00199661,0.0002625,137.285,0.000477356,1,0.000337809,0.00173051,-0.0002625,374.494
0,8221107,12,phononL,0.000969468,-0.00030567,0.00216522,-0.000262498,222.557,0.000382,1,-3.07751e-07,0.00199781,0.0002625,292.579
0,8227329,6,phononTF,0.00606486,-0.000196326,0.00220016,6.02526e-05,108.663,0.00191,1,1.38729e-06,0.00199713,0.0002625,206.568
0,8227329,12,phononTS,0.00160371,1.38729e-06,0.00199713,0.000262498,206.568,0.000765476,1,-5.63549e-05,0.00265894,-0.0002625,374.642
0,8230473,1,phononL,0.01,3.00549e-05,0.00197464,0.000138923,0,0.002292,1,2.76718e-06,0.00199652,0.0002625,554.277
0,8230473,7,phononTS,0.000659284,2.76718e-06,0.00199652,0.000262498,554.277,0.000155814,1,0.000512315,0.00168823,-0.0002625,723.115
0,8236092,8,phononTS,0.000655813,3.07399e-06,0.00205411,-0.000262498,771.202,0.000382,1,3.82019e-06,0.00199822,0.0002625,861.901
0,8236092,2,phononTS,0.00142662,0.000509781,0.00314507,0.000262498,624.366,0.000934216,1,0.000457537,0.00308162,-0.0002625,719.365
0,8240476,10,phononL,0.000393821,-0.000998929,0.00299593,0.000262498,287.455,0.000393821,1,-0.00115785,0.00220635,-0.0002625,390.993
0,8240476,3,phononTS,0.0011534,-0.000334004,0.0023236,0.000262498,45.5589,0.000691658,1,-0.000286162,0.00228445,-0.0002625,134.673
0,8240547,24,phononTS,0.000613722,2.34415e-06,-2.00798e-06,0.000262498,2387,0.000613722,1,-1.5305e-05,-0.000916888,-0.0002625,2602.51
0,8240547,13,phononTF,0.000788235,-0.000703204,0.00212716,0.000262498,1547.24,0.000788235,1,-0.000513772,0.00194484,-0.0002625,1647.74
0,8240547,12,phononTF,0.000394644,-0.000703204,0.00212716,0.000262498,1547.24,0.000394644,1,-0.000497545,0.00232312,-0.0002625,1649.39
0,8240547,11,phononTF,0.00102437,-0.000703204,0.00212716,0.000262498,1547.24,0.00102437,1,-0.00100696,0.00184288,-0.0002625,1662.75
0,8255215,10,phononTF,0.000887799,-0.000998479,0.00300184,0.000262498,528.517,0.000887799,1,-0.000303251,0.00407085,-0.0002625,774
0,8260720,6,phononTF,0.000419319,0.000378121,0.00154547,-0.0002625,1805.46,0.000382,1,-0.00100089,0.00099774,0.0002625,2380.96
0,8260720,5,phononL,0.00290381,0.00175713,0.00209319,0.000262498,1805.46,0.00221965,1,0.000978222,0.00170183,-0.0002625,1917.77
0,8266579,7,phononTF,0.000482543,0.005,0.00351671,-0.000155732,828.765,0.000482543,1,0.00445281,0.00346043,-0.0002625,1844.78
0,8270588,11,phononL,0.000457092,4.63478e-05,0.00275903,-0.000262498,122.749,0.000382,1,-6.26686e-07,0.00199633,0.0002625,221.95
0,8274423,13,phononTS,0.000865045,0.00235161,-3.50558e-05,-0.0002625,816.431,0.000382,1,0.00199604,2.97596e-06,0.0002625,1069.28
0,8274423,12,phononTS,0.00123484,0.005,0.00159493,0.000227501,816.431,0.000937901,1,0.00119072,-0.00267259,-0.0002625,2510.33
0,8274423,4,phononTS,0.00149092,-0.000464692,0.00232,0.000262498,45.4038,0.000926318,1,0.00179463,0.00121455,-0.0002625,539.119
0,8276785,12,phononTS,0.00078023,-0.00100435,0.00299845,0.000262498,337.36,0.00014425,1,-0.00156194,0.00303918,-0.0002625,491.102
0,8278020,4,phononTF,0.00236866,-0.00119225,0.00287101,4.38991e-05,830.988,0.000382,1,-0.00099927,0.00300462,0.0002625,925.422
0,8278020,14,phononTS,0.00143831,-0.00099927,0.00300462,0.000262498,925.422,0.00143831,1,-0.00173557,0.00297534,-0.0002625,1104.74
0,8278020,3,phononTS,0.000685049,-0.00117986,0.00285587,0.000262498,830.988,0.000540827,1,0.00016882,0.00198166,-0.0002625,1155.27
0,8291541,13,phononTF,0.000487541,-0.00210962,0.00209766,-0.0002625,1063.74,0.000382,1,-0.00200193,0.0019955,0.0002625,1250.51
0,8298262,2,phononTS,0.000663393,-0.00066006,0.00205204,-0.000262498,338.075,0.000382,1,-3.98763e-06,0.00199826,0.0002625,505.088
0,8314427,3,phononTF,0.000778013,-0.000336936,0.00232668,-0.000262498,525.007,0.000382,1,-1.0162e-06,0.00199615,0.0002625,645.773
0,8316245,24,phononTF,0.00075339,-0.000997906,0.00299696,0.000262498,579.295,0.00075339,1,-0.00142815,0.00230088,-0.0002625,754.807
0,8316245,3,phononTS,0.000390324,-0.000661547,0.00246968,0.000262498,173.307,0.000390324,1,-0.00133184,0.00242953,-0.0002625,342.591
0,8317062,9,phononL,0.000414054,0.00266219,0.000674607,-0.0002625,1818.01,0.000382,1,0.00299942,0.00100144,0.0002625,1972.51
0,8325442,2,phononTS,0.00608572,-5.37242e-07,0.00196503,0.000228436,129.418,0.001528,1,-8.84423e-07,0.00200046,0.0002625,264.233
0,8325442,10,phononL,0.00342742,-8.84423e-07,0.00200046,0.000262498,264.233,0.00301484,1,-0.00449234,0.00329445,-0.0002625,792.918
0,8329961,15,phononTS,0.00108256,-0.00292491,0.00114161,-0.0002625,629.612,0.000382,1,-0.00200436,-6.94707e-07,0.0002625,1199.22
0,8331928,8,phononTF,0.000414008,0.000999286,0.00100476,0.0002625,636.224,0.000414008,1,0.000840496,0.00116835,-0.0002625,937.653
0,8332836,10,phononTS,0.000806568,-0.000121183,0.000972605,-0.0002625,880.323,0.000382,1,-1.03549e-06,0.00200229,0.0002625,1345.46
0,8333346,6,phononTF,0.00113378,6.23364e-07,0.00200393,0.0002625,243.61,0.00063329,1,-2.92824e-05,0.00203533,-0.0002625,529.526
0,8336744,9,phononTF,0.000449944,0.000150574,0.00187766,-0.0002625,363.706,0.000382,1,4.17437e-06,0.00199587,0.0002625,555.919
0,8336744,7,phononTF,0.000382214,-0.000100435,0.00222904,0.000262498,221.003,0.000382214,1,-0.000244225,0.00196585,-0.0002625,328.156
0,8336744,6,phononTS,0.000631101,-0.000100435,0.00222904,0.000262498,221.003,0.000341547,1,-0.000567578,0.00105226,-0.0002625,493.652
0,8336744,5,phononTS,0.000695847,-0.000100435,0.00222904,0.000262498,221.003,0.000440477,1,-9.68077e-05,0.0022405,-0.0002625,313.202
0,8336744,4,phononTS,0.000924707,-0.000100435,0.00222904,0.000262498,221.003,0.000924707,1,-8.71361e-05,0.00224732,-0.0002625,311.289
0,8344929,1,phononTF,0.01,1.93608e-05,0.00198227,0.000203706,0,0.001528,1,4.2964e-06,0.00200292,0.0002625,1509.79
0,8349137,2,phononTF,0.0015046,-0.000598211,0.00161493,-0.0002625,138.303,0.000382,1,-0.00100486,0.00100278,0.0002625,462.244
0,8353168,2,phononTS,0.000620445,2.03473e-05,0.00201504,-0.000262498,908.473,0.000382,1,-4.55477e-06,0.00200342,0.0002625,1002.34
0,8354206,18,phononTS,0.000494641,-0.0010667,0.00295371,-0.0002625,351.335,0.000382,1,-0.00100357,0.00299677,0.0002625,541.563
0,8354206,4,phononTF,0.000456291,-0.000288691,0.0026679,0.000262498,75.0732,0.000456291,1,-0.00302282,0.00150848,-0.0002625,609.483
0,8364748,10,phononTF,0.000680078,-0.00099642,0.00299962,0.000262498,270.953,0.000211815,1,-0.00090438,0.00297995,-0.0002625,362.991
0,8366553,9,phononTS,0.000387502,-2.7794e-05,0.00197711,-0.000262498,339.386,0.000382,1,-1.98951e-06,0.00200342,0.0002625,431.936
0,8366553,7,phononTS,0.00138057,2.59332e-05,0.0020271,0.000262498,248.592,0.00135568,1,-1.67329e-05,0.00172896,-0.0002625,367.838
0,8380556,1,phononL,0.01,3.05348e-05,0.00196839,0.000201509,0,0.002292,1,1.88069e-06,0.00200142,0.0002625,450.096
0,8382398,10,phononTS,0.000551659,1.39874e-06,0.00199794,0.000262498,280.303,0.000551659,1,0.00201301,0.00103001,-0.0002625,723.823
0,8384088,9,phononTS,0.001245,-0.00100493,0.00300189,0.0002625,233.3,0.000652548,1,-0.0010351,0.00318398,-0.0002625,552.882
0,8395616,5,phononTS,0.000408524,0.000999621,0.00100414,0.000262498,471.154,0.000408524,1,0.000936212,0.000952253,-0.0002625,566.158
0,8397728,3,phononL,0.00074173,-0.000701481,0.00163367,-0.0002625,64.6263,0.000382,1,-0.00100273,0.00100383,0.0002625,255.284
0,8397728,2,phononTF,0.00139758,-0.000400231,0.00226352,0.000262498,64.6263,0.00139758,1,-6.7659e-05,0.00193763,-0.0002625,184.846
0,8397729,1,phononTS,0.01,-0.000254228,0.00218095,-0.00024221,0,0.00606072,1,-0.000195693,0.00215742,-0.0002625,342.837
0,8401872,16,phononTF,0.000422544,-3.5316e-05,0.00203302,-0.000262498,233.915,0.000382,1,-2.33606e-06,0.00199946,0.0002625,324.157
0,8402051,5,phononTF,0.00045582,-0.000641214,0.0027571,-0.0002625,48.2159,0.000382,1,-0.00100079,0.0030003,0.0002625,290.087
0,8402120,5,phononTF,0.000460021,-3.17362e-06,0.00199508,0.000262498,1367.52,0.000460021,1,-0.000407833,0.00179507,-0.0002625,1493.7
0,8404609,11,phononL,0.000449465,-0.000998171,0.00249218,-0.0002625,610.372,0.000382,1,-0.000998306,0.00300026,0.0002625,768.105
0,8409518,9,phononTF,0.000523783,0.000995909,0.000998905,0.0002625,9.71899,0.000523783,1,0.00221927,-0.000216439,-0.0002625,729.168
0,8409518,8,phononTF,0.000465034,-0.000304527,0.00243907,0.000262498,9.71899,0.000465034,1,-0.000796988,0.00195505,-0.0002625,158.306
0,8412774,4,phononL,0.00355697,-7.42179e-05,0.000610635,-0.0002625,4.43979,0.000382,1,2.54031e-06,7.03385e-07,0.0002625,351.515
0,8421152,7,phononTF,0.000691718,0.000848287,0.00115807,-0.000262498,419.364,0.000382,1,0.000998042,0.00100044,0.0002625,516.61
0,8431987,17,phononTS,0.00085663,-0.00106476,0.00301503,-0.000262498,386.905,0.000382,1,-0.000996291,0.00300012,0.0002625,482.653
0,8434055,2,phononTF,0.000907308,0.000320096,0.00230848,-0.000262498,579.614,0.000382,1,8.69055e-07,0.00200088,0.0002625,697.206
0,8441059,15,phononTS,0.000756813,-0.00100281,0.00100417,0.0002625,2006.88,0.000756813,1,-0.000956193,0.000324655,-0.0002625,2545.21
0,8448414,1,phononTS,0.01,1.53232e-05,0.00199357,0.000230317,0,0.002674,1,2.08257e-06,0.00199915,0.0002625,299.431
0,8449716,5,phononTF,0.00142624,-0.000678171,0.00266546,-0.0002625,28.6502,0.000382,1,-0.000995268,0.00300147,0.0002625,269.794
0,8449716,6,phononTF,0.00077696,-0.000995268,0.00300147,0.000262498,269.794,0.000235516,1,-0.000477773,0.00247574,-0.0002625,424.78
0,8450633,7,phononTF,0.00057343,0.00199719,-0.00199771,0.000262498,3054.49,0.00057343,1,0.00159511,-0.00177156,-0.0002625,3180.78
0,8453125,9,phononL,0.000701488,-0.00100448,0.00299848,0.000262498,438.854,0.000511413,1,-0.000923159,0.0030879,-0.0002625,501.998
0,8455286,16,phononTS,0.000661079,-4.68143e-06,0.00200171,0.0002625,250.586,0.000661079,1,-5.34646e-05,0.00142989,-0.0002625,553.677
0,8469373,13,phononTS,0.000651215,-0.000717654,0.00203009,-0.000262498,173.363,0.000382,1,-0.000997001,0.0029977,0.0002625,404.551
0,8472781,12,phononTS,0.000654261,5.15011e-05,0.00197505,-0.000262498,230.234,0.000382,1,9.92155e-07,0.00200424,0.0002625,319.633
0,8478896,1,phononTS,0.01,2.00352e-07,0.00199563,0.000211074,0,0.004202,1,-2.05052e-06,0.00199714,0.0002625,688.444
0,8494487,11,phononTF,0.00040316,-0.00021715,0.00165756,-0.000262498,300.279,0.000382,1,3.74354e-06,0.0019954,0.0002625,417.876
0,8494487,4,phononL,0.000794403,-0.00038643,0.00249021,0.000262498,99.1681,0.000351568,1,-0.000340968,0.00306364,-0.0002625,182.831
0,8506581,8,phononTF,0.000408801,-0.000480837,0.00231803,-0.000262498,193.635,0.000382,1,-0.000995957,0.00299823,0.0002625,370.572
0,8506581,6,phononTS,0.000501847,-0.000181883,0.00253104,0.000262498,58.1604,0.000501847,1,-0.000209567,0.00249775,-0.0002625,147.699
0,8506581,5,phononTF,0.000483341,-0.000181883,0.00253104,0.000262498,58.1604,0.000483341,1,-0.000184796,-0.005,0.000109821,1357.39
0,8517023,4,phononTF,0.00281908,-0.000211432,0.00219942,-0.0002625,49.6569,0.000382,1,-4.56136e-06,0.00200177,0.0002625,254.286
0,8523884,5,phononTS,0.00307705,-0.00146229,0.00205618,4.53055e-05,906.632,0.00191,1,-0.000997938,0.00300076,0.0002625,1328.74
0,8523884,6,phononTS,0.000399304,-0.000997938,0.00300076,0.000262498,1328.74,0.000399304,1,0.000188217,0.00269492,-0.0002625,1595.74
0,8523884,4,phononTF,0.00124682,-0.000564458,0.00150809,0.000262498,906.632,0.00124682,1,-0.000597406,0.00158428,-0.0002625,998.049
0,8534269,10,phononTS,0.000517337,1.12635e-06,0.00199744,0.000262498,619.236,0.000517337,1,-0.000480011,0.00251859,-0.0002625,806.787
0,8538529,2,phononTF,0.00403251,8.36476e-05,0.00212083,0.000198342,28.8196,0.000764,1,4.54494e-06,0.00200218,0.0002625,194.066
0,8538529,16,phononTS,0.00131179,4.54494e-06,0.00200218,0.000262498,194.066,0.00105895,1,-0.00016076,0.00295149,-0.0002625,405.932
0,8544225,3,phononTS,0.00607094,-0.000950619,0.000962212,0.000131853,499.62,0.000764,1,-0.00100444,0.00100233,0.0002625,899.036
0,8561822,12,phononTS,0.00145245,-0.00119496,0.00100372,-0.000262498,528.561,0.000382,1,-0.00100457,0.00100223,0.0002625,637.279
0,8562926,9,phononTS,0.000446159,-0.000989788,0.00236914,-0.0002625,538.038,0.000382,1,0.00200436,-3.4154e-06,0.0002625,1409.39
0,8564999,5,phononTF,0.000774468,-0.000684976,0.00271147,-0.000262498,377.876,0.000382,1,-0.00100104,0.0030002,0.0002625,494.943
0,8565123,17,phononTF,0.000450246,0.00153262,0.00245057,-0.000262498,1433.68,0.000382,1,0.00199991,0.00199706,0.0002625,1576.81
0,8575759,13,phononTF,0.000577155,-0.000720125,0.00270127,-0.000262498,554.36,0.000382,1,-0.00100489,0.00299854,0.0002625,668.503
0,8581557,2,phononL,0.00336706,-0.00013189,0.00176212,-3.36837e-06,250.138,0.000382,1,-1.00894e-07,0.00199897,0.0002625,564.685
0,8581557,12,phononTS,0.000567065,-1.00894e-07,0.00199897,0.000262498,564.685,0.000567065,1,-5.64378e-05,0.0027825,-0.0002625,751.991
0,8596784,9,phononTF,0.000550343,-0.000926867,0.00293551,-0.000262498,182.844,0.000382,1,-0.00100302,0.00300202,0.0002625,274.503
0,8599779,2,phononTF,0.00173222,-0.000227742,0.00221015,-0.000262498,481.059,0.000764,1,3.84515e-06,0.00199515,0.0002625,586.585
0,8602818,13,phononTF,0.000713275,-0.00155477,0.0022369,-0.000262498,819.691,0.000382,1,-0.00200468,-2.05582e-06,0.0002625,1246.26
0,8605908,12,phononTF,0.00040168,0.00191061,0.0021271,-0.0002625,1642.58,0.000382,1,0.00200393,0.00200146,0.0002625,1831.36
0,8605908,11,phononTS,0.000742563,0.00181729,0.00225275,0.000262498,1642.58,0.000742563,1,0.00181933,0.00140644,-0.0002625,1841.22
0,8605908,10,phononTS,0.000564812,0.00181729,0.00225275,0.000262498,1642.58,0.000564812,1,0.00175786,0.00228709,-0.0002625,1741.45
0,8606182,9,phononTS,0.000538357,-0.00082338,0.00140153,-0.000262498,860.968,0.000382,1,-0.00200214,0.00199569,0.0002625,1147.41
0,8610525,3,phononL,0.000414455,-0.000664117,0.00270649,-0.0002625,5.06496,0.000382,1,-0.000995536,0.00300079,0.0002625,156.016
0,8612156,22,phononTS,0.000484001,-0.00298879,-5.13915e-05,-0.000262498,1434.25,0.000382,1,-0.00199927,-2.49408e-06,0.0002625,1664.46
0,8614698,10,phononTF,0.000503948,-0.000174521,0.0021693,-0.000262498,234.837,0.000382,1,1.66675e-06,0.00199955,0.0002625,333.974
0,8618711,16,phononTS,0.000736284,-0.000700551,0.00158761,-0.0002625,664.363,0.000382,1,-0.000996373,0.000995569,0.0002625,1021.15
0,8620136,20,phononTF,0.000817355,-0.00100405,0.00299793,0.000262498,754.345,0.000604054,1,-0.00124689,0.00320893,-0.0002625,860.833
0,8626471,9,phononTF,0.000516222,0.00100409,0.000998523,0.000262498,641.434,0.000516222,1,-0.000164102,-0.000496194,-0.0002625,984.238
0,8626471,5,phononTF,0.000573828,-0.000176982,0.0021588,0.000262498,304.641,0.000573828,1,0.000238831,0.00209245,-0.0002625,431.252
0,8626471,4,phononTS,0.00198299,-0.000176982,0.0021588,0.000262498,304.641,0.00173542,1,-0.00016884,0.00220966,-0.0002625,394.942
0,8626471,3,phononTF,0.00155811,-0.000176982,0.0021588,0.000262498,304.641,0.00155811,1,0.000835109,0.000468681,-0.0002625,665.403
0,8626471,2,phononTS,0.00108777,-0.000176982,0.0021588,0.000262498,304.641,0.00108777,1,-0.000229676,0.0021901,-0.0002625,393.905
0,8636701,9,phononTF,0.000734652,-0.000147093,0.00220194,-0.0002625,15.1715,0.000382,1,-1.764e-06,0.00199625,0.0002625,217.853
0,8649833,5,phononTF,0.00143612,-0.000118399,0.00213036,-0.0002625,91.4762,0.000764,1,4.05116e-06,0.00200229,0.0002625,281.17
0,8653805,5,phononTF,0.000995414,-0.000493768,0.00152233,-0.000262498,398.026,0.000382,1,-6.93615e-07,0.00200001,0.0002625,545.895
0,8653805,12,phononTS,0.000484792,-6.93615e-07,0.00200001,0.000262498,545.895,0.000484792,1,0.000192281,0.00146991,-0.0002625,707.985
0,8656610,7,phononTS,0.00112538,-4.10276e-06,0.002005,0.0002625,387.643,0.00112538,1,2.66489e-05,0.00165259,-0.0002625,765.922
0,8656970,17,phononTS,0.000406883,2.75276e-05,0.00202513,-0.000262498,565.572,0.000382,1,4.32691e-06,0.00199639,0.0002625,655.142
0,8670321,1,phononTS,0.01,-2.6145e-07,0.001997,0.000192524,0,0.002292,1,-2.41025e-06,0.00199623,0.0002625,716.363
0,8672745,2,phononTF,0.00521952,6.68835e-05,0.00207082,7.16305e-05,47.1311,0.000382,1,-2.83163e-06,0.00200111,0.0002625,174.703
0,8672745,9,phononTS,0.00163321,-2.83163e-06,0.00200111,0.000262498,174.703,0.001431,1,-4.75835e-05,0.00230497,-0.0002625,294.596
0,8672745,8,phononTS,0.00301806,-2.83163e-06,0.00200111,0.000262498,174.703,0.00239918,1,2.26691e-05,0.00202678,-0.0002625,267.237
0,8673228,6,phononTS,0.00122321,0.000845748,0.00121172,-0.0002625,0.983024,0.000382,1,0.00200402,-2.95163e-06,0.0002625,700.103
0,8678711,7,phononTS,0.000411172,-0.000997795,0.00100252,0.0002625,816.78,0.000411172,1,-0.00141709,0.000441157,-0.0002625,1188.51
0,8685144,1,phononL,0.01,-0.00087533,0.00301432,0.000171029,0,0.00191,1,-0.000999872,0.00300284,0.0002625,1458.92
0,8685144,6,phononTF,0.00232367,-0.000999872,0.00300284,0.000262498,1458.92,0.000988273,1,-0.000547491,0.00359453,-0.0002625,1619.82
0,8689344,5,phononTS,0.00129137,-0.00100735,0.00229668,-0.0002625,183.11,0.000382,1,-0.00199848,0.0019964,0.0002625,651.291
0,8689344,4,phononTF,0.00173181,-1.62361e-05,0.00259696,0.000262498,183.11,0.00127091,1,8.51671e-05,0.00218287,-0.0002625,309.633
0,8690433,12,phononTF,0.000386582,0.000528595,-0.000156834,-0.000262498,1027.61,0.000382,1,0.00100163,0.00100306,0.0002625,1277.6
0,8690433,7,phononTS,0.000519632,-0.000277491,0.00255696,0.000262498,54.7423,0.000519632,1,-0.000300468,0.00258069,-0.0002625,148.001
0,8693169,14,phononTF,0.00214079,-4.0915e-06,0.00199906,0.0002625,38.0389,0.00156772,1,9.85426e-05,0.00178583,-0.0002625,342.227
0,8694305,13,phononTS,0.000428622,-2.54523e-05,0.00237718,-0.0002625,1395.14,0.000382,1,4.06339e-06,0.00199657,0.0002625,1614.48
0,8698931,14,phononTS,0.000388052,0.000151302,0.00195624,-0.0002625,287.375,0.000382,1,0.000996788,0.000999868,0.0002625,849.39
0,8708352,4,phononTS,0.000624177,-0.00030738,0.00198691,-0.000262498,547.155,0.000382,1,1.252e-06,0.00199792,0.0002625,668.713
0,8715351,9,phononL,0.000524296,2.14601e-06,0.00199508,0.000262498,248.158,0.000524296,1,0.000325715,0.00240981,-0.0002625,329.478
0,8715351,5,phononL,0.00539675,-0.000878371,0.00351319,-0.000229985,10.2826,0.00235782,1,-0.000923669,0.00352707,-0.0002625,521.087
0,8716468,4,phononTF,0.000613194,-4.59858e-06,0.00200406,0.0002625,56.9303,0.000613194,1,-0.000469088,0.00184699,-0.0002625,399.01
0,8721345,21,phononTS,0.000535203,-5.32926e-05,0.000713695,-0.000262498,769.58,0.000382,1,-0.00100446,0.00100412,0.0002625,995.775
0,8723973,33,phononTS,0.000499686,-0.000995551,0.00100079,0.000262498,1164.39,0.000499686,1,-0.00034238,0.000934816,-0.0002625,1331.72
0,8726279,9,phononTF,0.000672352,-0.000296586,0.00231209,-0.000262498,127.424,0.000382,1,-9.71225e-07,0.00200359,0.0002625,243.232
0,8730157,5,phononTF,0.000458104,-0.000234008,0.0022393,-0.0002625,328.625,0.000382,1,-3.52371e-07,0.00199958,0.0002625,541.906
0,8730157,4,phononTS,0.00188407,-0.000467662,0.00247902,0.000262498,328.625,0.000951,1,-0.000525584,0.00146819,-0.0002625,550.608
0,8737572,11,phononTF,0.000652214,-0.00166722,0.00208473,-0.0002625,1451.4,0.000382,1,-0.0019952,0.00200212,0.0002625,1680.07
0,8743451,9,phononTS,0.000697908,-4.52282e-07,-3.42508e-06,0.0002625,314.186,0.000697908,1,0.00117091,-0.000989558,-0.0002625,1097.01
0,8743451,8,phononTF,0.00112725,-0.000325206,0.00199178,0.000262498,314.186,0.000873056,1,-0.000696899,-0.00129946,-0.0002625,915.774
0,8750496,3,phononTS,0.00760075,3.18442e-05,0.00198562,-2.02107e-05,458.336,0.001528,1,2.7052e-06,0.00200434,0.0002625,608.62
0,8761664,15,phononTS,0.000543312,2.77101e-05,0.00202784,-0.0002625,202.52,0.000382,1,-4.9357e-06,0.00200365,0.0002625,386.259
0,8761664,8,phononTS,0.00102219,-0.000313514,0.00242683,0.000262498,1.7986,0.000733299,1,-0.000250717,0.00276717,-0.0002625,130.864
0,8761664,7,phononTS,0.00061452,-0.000313514,0.00242683,0.000262498,1.7986,0.00061452,1,-0.000417513,0.00230725,-0.0002625,110.449
0,8761664,6,phononTS,0.000490584,-0.000313514,0.00242683,0.000262498,1.7986,0.000490584,1,-0.000666881,0.00340139,-0.0002625,239.024
0,8761664,5,phononTF,0.000707163,-0.000313514,0.00242683,0.000262498,1.7986,0.000299955,1,-0.00099597,0.00172515,-0.0002625,192.709
0,8762562,9,phononTF,0.00218899,-0.000128659,0.00187107,-0.0002625,514.514,0.000382,1,3.67652e-06,0.00199762,0.0002625,841.505
0,8763207,6,phononTF,0.000753083,0.000160187,0.00184713,-0.000262498,1156.09,0.000382,1,3.74325e-06,0.00200016,0.0002625,1253.46
0,8763207,4,phononTS,0.00247376,0.000598433,0.00319262,0.000262499,711.991,0.00172387,1,-2.86056e-05,0.00359883,-0.0002625,904.832
0,8770824,2,phononTS,0.00873517,-2.78081e-05,0.00203636,0.000183031,201.055,0.001146,1,-4.81612e-06,0.00199766,0.0002625,244.553
0,8770824,11,phononTS,0.00124905,-4.81612e-06,0.00199766,0.000262498,244.553,0.00124905,1,4.08834e-05,0.00197714,-0.0002625,334.323
0,8770824,10,phononTS,0.000993377,-4.81612e-06,0.00199766,0.000262498,244.553,0.000574088,1,0.000761239,0.0023264,-0.0002625,449.506
0,8770824,12,phononTS,0.000419289,0.00390446,0.005,-7.22935e-05,449.506,0.000419289,1,0.000814234,0.00247,-0.0002625,1834.61
0,8770824,9,phononTF,0.00156761,-4.81612e-06,0.00199766,0.000262498,244.553,0.000638263,1,-8.30413e-05,0.00207723,-0.0002625,336.437
0,8772105,12,phononTS,0.000489527,-0.000261417,0.00192649,-0.000262498,671.032,0.000382,1,-0.00099825,0.00100053,0.0002625,936.159
0,8779926,10,phononTF,0.00423785,4.75117e-06,0.00200378,0.000262498,320.123,0.00248995,1,-0.00018703,0.00244657,-0.0002625,451.692
0,8780391,1,phononTS,0.01,-2.64174e-06,0.00200997,0.000247806,0,0.001528,1,-1.30343e-06,0.00199769,0.0002625,264.964
0,8780391,8,phononL,0.000739036,-1.30343e-06,0.00199769,0.000262498,264.964,0.000739036,1,-0.000928978,0.00128292,-0.0002625,411.022
0,8785420,8,phononL,0.000834529,-0.00229881,-0.00010526,-0.0002625,848.361,0.000382,1,-0.00200229,-2.61851e-06,0.0002625,985.207
0,8791625,11,phononTF,0.000900181,-0.000919166,0.00290775,-0.0002625,907.78,0.000382,1,-0.00100392,0.00299726,0.0002625,1092.4
0,8791625,7,phononL,0.000463819,0.000122169,0.00226365,0.000262498,271.055,0.000463819,1,0.000547165,0.00218826,-0.0002625,345.243
0,8791625,6,phononTF,0.000417964,0.000122169,0.00226365,0.000262498,271.055,0.000417964,1,0.000307332,0.0024576,-0.0002625,371.937
0,8804660,13,phononTF,0.000399747,0.00100326,0.00100294,0.000262498,826.173,0.000399747,1,0.00143559,0.00159306,-0.0002625,985.938
0,8805105,8,phononTF,0.000458018,-0.000731577,0.00285385,-0.0002625,107.923,0.000382,1,-0.00100223,0.00300132,0.0002625,432.068
0,8811006,19,phononTS,0.00050191,-4.02619e-06,0.00200244,0.000262498,477.303,0.00050191,1,3.70401e-05,0.00229145,-0.0002625,595.458
0,8811006,17,phononTF,0.000397106,-0.000685765,0.00283164,0.000262498,214.602,0.000397106,1,-0.000255593,0.00241771,-0.0002625,350.595
0,8811006,16,phononTS,0.000609033,-0.00296795,0.005,-0.000225316,214.602,0.000609033,1,-0.00248814,0.00454555,-0.0002625,994.184
0,8818096,12,phononTF,0.0012534,4.63213e-06,0.00199752,0.0002625,1065.12,0.00056141,1,0.000473787,0.00247749,-0.0002625,1356.8
0,8818278,3,phononTS,0.00730629,-0.00116051,0.00283786,0.000241558,157.678,0.0040487,1,-0.00115806,0.00279079,-0.0002625,537.961
0,8823035,9,phononTS,0.000766395,-0.00175851,0.00306974,-0.000262498,568.57,0.000382,1,-0.00100034,0.00300383,0.0002625,754.354
0,8823035,7,phononTF,0.00038578,-0.00167065,0.0031164,0.000262498,476.603,0.00038578,1,-0.00140051,0.00284506,-0.0002625,587.843
0,8828781,7,phononTS,0.000467996,0.000391477,0.00175243,-0.0002625,22.9752,0.000382,1,0.00100392,0.00100369,0.0002625,481.419
0,8828781,9,phononTS,0.000458752,0.00345775,0.005,0.000149358,123.225,0.000458752,1,0.00395572,0.0040862,-0.0002625,1195.73
0,8828781,5,phononTS,0.000838128,-0.000220959,0.00250117,0.000262498,22.9752,0.000838128,1,-0.000263682,0.0023081,-0.0002625,130.251
0,8836276,9,phononTS,0.000450483,-0.00162796,0.00366296,-0.0002625,526.474,0.000382,1,-5.22277e-07,0.00200433,0.0002625,2172.53
0,8838034,9,phononTS,0.000630557,-4.62362e-06,0.00199915,0.000262498,508.863,0.000630557,1,-0.000797681,0.00331279,-0.0002625,822.42
0,8850924,6,phononTF,0.00133404,-0.000663089,0.00272054,-0.0002625,4.52123,0.000764,1,-0.00100423,0.00299789,0.0002625,243.75
0,8850924,5,phononTF,0.00082772,-0.000321946,0.0024432,0.000262498,4.52123,0.000143329,1,-0.000417229,0.00234657,-0.0002625,97.3528
0,8854575,22,phononTS,0.000407278,-0.000987431,0.00302408,-0.0002625,882.799,0.000382,1,-0.0010023,0.00300313,0.0002625,1062.25
0,8854575,18,phononTS,0.000634964,-0.000673171,0.00331873,0.000262498,689.408,0.000634964,1,0.000246116,0.00480739,-0.0002625,1050.22
0,8854575,16,phononTS,0.000640543,-0.000814437,0.00338294,0.000262498,506.991,0.000574201,1,-0.00146041,0.00340162,-0.0002625,675.756
0,8858807,15,phononTF,0.000572367,0.000620981,0.000608403,-0.0002625,625.714,0.000382,1,-4.16768e-06,1.20779e-06,0.0002625,973.864
0,8862075,5,phononTS,0.000656517,8.11725e-07,0.00200016,0.0002625,19.5989,0.000656517,1,-2.64263e-06,0.00194573,-0.0002625,613.233
0,8866243,15,phononTS,0.000738654,-1.97869e-07,0.00199761,0.000262498,505.248,0.000738654,1,-3.73974e-05,0.00196079,-0.0002625,594.595
0,8866243,4,phononTS,0.000995782,-0.000190201,0.00221388,0.000262498,288.621,0.000281051,1,-0.000172666,0.00256278,-0.0002625,416.374
0,8875671,2,phononTF,0.00450769,-0.00112898,0.00317735,-0.0002625,773.953,0.000382,1,-0.00100165,0.00299615,0.0002625,876.852
0,8879466,4,phononTS,0.00123661,-0.00112104,0.0021903,-0.0002625,29.3774,0.000382,1,-0.00199509,0.00199674,0.0002625,452.769
0,8879466,14,phononTS,0.000703796,-0.00199509,0.00199674,0.000262498,452.769,0.000323895,1,-0.00172509,0.00119492,-0.0002625,658.51
0,8884757,1,phononTS,0.01,-0.000995994,0.00299784,0.000228186,0,0.002292,1,-0.000996238,0.00299508,0.0002625,693.943
0,8894380,10,phononTF,0.000513058,0.00191984,-0.000603011,-0.0002625,1942.41,0.000382,1,0.00100206,-0.00299612,0.0002625,2877.18
0,8901849,10,phononTF,0.00058757,-4.02734e-06,0.00200037,0.000262498,785.192,0.00058757,1,-0.000172921,0.00182249,-0.0002625,884.351
0,8901849,6,phononTS,0.000474541,-9.79191e-05,0.00254784,0.000262498,133.201,0.000474541,1,-0.000153336,0.00255493,-0.0002625,224.27
0,8902565,24,phononTS,0.000543149,0.005,0.00253876,-4.41725e-05,612.577,0.000543149,1,-0.000827765,-0.00273303,-0.0002625,3200.56
0,8910947,3,phononTF,0.000447186,-0.000997523,0.00299501,0.0002625,456.293,0.000447186,1,-0.00104276,0.00293755,-0.0002625,638.011
0,8911531,14,phononTS,0.000576739,0.000162565,0.00197239,-0.000262498,504.819,0.000382,1,-4.76942e-06,0.00199599,0.0002625,612.355
0,8917720,9,phononTS,0.000616283,-0.00100032,0.00300359,0.000262498,443.998,0.000529566,1,-0.00107025,0.00277871,-0.0002625,560.251
0,8917720,5,phononTF,0.000603977,-0.000423451,0.00305223,0.000262498,273.466,0.000603977,1,-0.000275566,0.00319243,-0.0002625,369.843
0,8917720,4,phononTS,0.000497735,0.000459923,0.005,-0.000211255,273.466,0.000497735,1,0.000909653,0.00433456,-0.0002625,2832.97
0,8919709,1,phononTS,0.01,1.97036e-05,0.00199012,0.000120843,0,0.002674,1,6.90815e-07,0.00200057,0.0002625,201.393
0,8919988,5,phononTF,0.000747218,-0.000105872,0.00216087,-0.0002625,203.681,0.000382,1,3.81156e-06,0.00199757,0.0002625,398.057
0,8925394,7,phononTF,0.00180972,-2.94494e-06,0.00200464,0.0002625,146.676,0.000603774,1,0.00020354,0.00179251,-0.0002625,456.177
0,8926909,8,phononL,0.000422091,-0.000995382,0.0010032,0.000262498,497.967,0.000422091,1,-0.000712712,0.00157406,-0.0002625,587.897
0,8929546,8,phononTS,0.000581858,-9.68407e-05,0.00200319,-0.0002625,249.172,0.000382,1,-2.13377e-06,0.00199902,0.0002625,448.021
0,8953906,6,phononTS,0.000491119,-0.000275702,0.00267088,-0.000262498,399.216,0.000382,1,0.00199638,-4.87999e-06,0.0002625,1067.92
0,8959910,10,phononL,0.000397506,0.00017097,0.00111945,-0.0002625,652.736,0.000382,1,0.000996932,0.00100282,0.0002625,840.467
0,8971425,21,phononTF,0.000384446,0.00290963,-0.0010568,-0.0002625,2371.32,0.000382,1,0.00199814,-0.00199896,0.0002625,2725.63
0,8979744,12,phononTF,0.00103961,-0.000113797,0.00221253,-0.0002625,190.768,0.000382,1,-4.42246e-06,0.00200191,0.0002625,393.234
0,8981540,10,phononTS,0.000428453,-0.000359106,0.000203723,-0.0002625,716.651,0.000382,1,-4.1634e-06,-3.8021e-07,0.0002625,1251.49
0,8981623,1,phononTS,0.01,1.54405e-07,0.0020003,0.000220919,0,0.001146,1,2.27916e-06,0.00200217,0.0002625,468.727
0,8988630,4,phononTF,0.000788478,-0.000643738,0.00176475,-0.0002625,27.4226,0.000382,1,-0.00100465,0.00100434,0.0002625,394.091
0,8988630,3,phononTF,0.000698903,-0.000282827,0.00252516,0.000262498,27.4226,0.000698903,1,-0.000703973,0.00296269,-0.0002625,164.745
0,8989444,10,phononTF,0.00112577,-7.64143e-07,0.00199898,0.0002625,302.494,0.000889378,1,0.000345146,0.00233237,-0.0002625,546.05
0,8989444,5,phononTF,0.001534,-0.000394022,0.00211803,0.000262498,163.441,0.001534,1,-0.000595499,0.00190856,-0.0002625,266.158
0,8989444,4,phononTF,0.00073786,-0.000394022,0.00211803,0.000262498,163.441,0.00073786,1,-0.000679682,0.00184851,-0.0002625,276.388
0,8995117,1,phononTS,0.01,-3.05538e-05,0.00199522,9.55255e-05,0,0.001528,1,3.94819e-06,0.00200186,0.0002625,289.95
0,8995117,5,phononTS,0.000740951,3.94819e-06,0.00200186,0.000262498,289.95,0.000124976,1,0.000795344,0.00115454,-0.0002625,551.295
0,9013919,3,phononTF,0.000457802,-0.000140052,0.0021516,-0.0002625,83.4848,0.000382,1,4.06014e-07,0.0020037,0.0002625,276.269
0,9020031,9,phononL,0.000884452,-0.00200077,2.69701e-06,0.000262498,3804.07,0.000884452,1,-0.00242832,0.000239711,-0.0002625,3882.41
0,9020031,6,phononTS,0.00185056,-0.000229551,0.00248368,0.000262498,51.4759,0.001546,1,4.78242e-05,0.00267511,-0.0002625,182.718
0,9020031,5,phononTS,0.000564077,-0.000229551,0.00248368,0.000262498,51.4759,0.000564077,1,-0.000211783,0.00247828,-0.0002625,143.866
0,9020031,4,phononTS,0.000530255,-0.000229551,0.00248368,0.000262498,51.4759,0.000530255,1,-0.000291258,0.00245732,-0.0002625,150.006
0,9020031,3,phononTS,0.000461771,-0.000229551,0.00248368,0.000262498,51.4759,0.000461771,1,-0.00321619,0.00416619,-0.0002625,706.092
0,9020031,2,phononTF,0.00141913,-0.000229551,0.00248368,0.000262498,51.4759,0.00105298,1,0.000177446,0.00220033,-0.0002625,179.822
0,9023865,11,phononTS,0.00121149,-0.00211084,-0.00115773,-0.0002625,483.415,0.000764,1,0.00199624,0.00200061,0.0002625,3324.43
0,9035125,7,phononTS,0.00102202,0.000884971,0.00192563,-0.0002625,307.08,0.000382,1,0.00200133,0.00199888,0.0002625,784.357
0,9036220,14,phononTS,0.000721579,5.04268e-05,0.00200844,-0.0002625,259.048,0.000382,1,3.64924e-06,0.00200361,0.0002625,440.352
0,9036220,2,phononTS,0.000749409,-0.000198687,0.00228988,0.000262498,31.1815,0.000749409,1,0.000346762,0.00223573,-0.0002625,183.067
0,9038965,5,phononTS,0.000984241,4.08588e-06,0.00199867,0.000262498,251.343,0.000468783,1,0.00116812,-0.000512102,-0.0002625,816.715
0,9040327,5,phononTF,0.000840415,0.00199724,0.0019953,0.000262498,2365.3,0.000772592,1,0.00245969,0.0024742,-0.0002625,2510.35
0,9042529,17,phononTF,0.000521425,0.000995884,-0.00299727,0.0002625,938.203,0.000521425,1,0.000947454,-0.00308814,-0.0002625,2010.9
0,9042529,7,phononTF,0.000930417,-0.000454163,0.00224221,0.000262498,126.814,0.000380514,1,-8.11534e-05,0.000817916,-0.0002625,417.337
0,9063088,9,phononTS,0.000601573,-0.00206888,0.00125952,-0.000262498,544.501,0.000382,1,-0.00199701,0.00200498,0.0002625,724.66
0,9063088,3,phononTS,0.00254818,-0.00087596,0.00472218,7.28427e-05,108.196,0.000960024,1,-0.000834945,0.00472642,-0.0002625,2183.56
0,9072273,4,phononTF,0.00149919,-7.85281e-05,0.00211616,-0.0002625,110.225,0.000382,1,7.99717e-07,0.00199627,0.0002625,297.988
0,9081976,5,phononL,0.000491631,-0.000885437,0.00295061,-0.0002625,2.27773,0.000382,1,-0.000995112,0.0030002,0.0002625,274.969
0,9081976,4,phononTS,0.000746791,-0.000308399,0.00243323,0.000262498,2.27773,0.000746791,1,-0.000286124,0.0024233,-0.0002625,92.7186
0,9081976,3,phononTF,0.00238102,-0.000308399,0.00243323,0.000262498,2.27773,0.00160589,1,-0.000547007,0.0025621,-0.0002625,106.559
0,9083440,8,phononTF,0.000600173,-0.000328739,0.00248059,-0.000262498,109.929,0.000382,1,-0.00100426,0.00299825,0.0002625,286.312
0,9083440,5,phononTS,0.000525982,-0.000359422,0.00247754,0.000262498,18.5838,0.000525982,1,0.000491534,0.00168644,-0.0002625,280.338
0,9083835,12,phononTS,0.000777556,8.26356e-06,0.00194846,-0.0002625,845.854,0.000382,1,-8.57852e-07,0.00199582,0.0002625,1040.18
0,9084331,13,phononTS,0.00251246,4.78402e-06,0.00200294,0.000262498,137.104,0.00222491,1,0.00129238,0.00245647,-0.0002625,428.18
0,9084331,2,phononTF,0.00175306,-0.000296619,0.00242491,0.000262498,4.22585,0.000884783,1,-0.000759933,0.0021812,-0.0002625,139.62
0,9086974,13,phononTS,0.00043604,5.12291e-05,0.00202023,-0.000262498,134.316,0.000382,1,-2.54691e-06,0.00200417,0.0002625,225.955
0,9087737,9,phononTS,0.000578662,0.000995724,0.000995028,0.000262498,576.784,0.000578662,1,0.00165288,0.00106106,-0.0002625,744.697
0,9087737,3,phononTF,0.00206092,-0.000437333,0.00235941,0.000262498,42.9003,0.00206092,1,-9.75321e-05,0.00274988,-0.0002625,171.083
0,9087737,2,phononTF,0.00177841,-0.000437333,0.00235941,0.000262498,42.9003,0.000863402,1,-4.75245e-05,0.00198516,-0.0002625,171.78
0,9089232,13,phononTF,0.000496997,-0.00211453,0.00207977,-0.0002625,2085.79,0.000382,1,-0.00199678,0.00200436,0.0002625,2273.22
0,9094068,1,phononTS,0.01,-4.30488e-05,0.00210195,0.000228492,0,0.001146,1,-4.92948e-06,0.00200261,0.0002625,172.895
0,9098213,3,phononTS,0.000888522,3.16085e-05,0.00204361,-0.0002625,233.32,0.000382,1,-1.46052e-06,0.00199883,0.0002625,411.954
0,9099063,6,phononTF,0.000499123,-0.000608475,0.000619248,-0.0002625,831.977,0.000382,1,-0.000997632,0.000998663,0.0002625,1188.69
0,9102016,8,phononL,0.00105995,-0.00112034,0.00288262,-0.0002625,371.486,0.000764,1,-0.000999763,0.00299642,0.0002625,627.197
0,9113378,17,phononTS,0.000697356,0.00200091,0.00200284,0.000262498,1624.89,0.000697356,1,0.00204325,0.00198929,-0.0002625,1716.52
0,9118463,13,phononTS,0.00124504,2.04035e-05,0.00202488,-0.0002625,237.829,0.000382,1,-2.76537e-06,0.00200456,0.0002625,417.246
0,9118463,14,phononTF,0.000750647,-2.76537e-06,0.00200456,0.000262498,417.246,0.000750647,1,-0.000155317,0.00216392,-0.0002625,514.712
0,9119635,1,phononTS,0.01,3.16867e-06,0.0020173,7.4749e-05,0,0.001528,1,1.57475e-06,0.00200189,0.0002625,464.09
0,9119635,4,phononTS,0.00229597,1.57475e-06,0.00200189,0.000262498,464.09,0.00153604,1,-6.72726e-05,0.00202362,-0.0002625,562.874
0,9119725,15,phononTF,0.000405675,0.00126151,0.00106832,-0.000262498,733.822,0.000382,1,0.00200351,0.00200409,0.0002625,962.225
0,9119725,5,phononTF,0.00118514,-3.72667e-05,0.00248128,0.000262498,342.801,0.00113211,1,0.000168519,0.00228573,-0.0002625,444.922
0,9127092,6,phononTS,0.000418807,-0.00114272,0.00225997,-0.0002625,69.4461,0.000382,1,-0.0019976,0.00200452,0.0002625,483.815
0,9129740,15,phononTS,0.000577885,-0.00100049,0.0010012,0.000262498,1109.86,0.000577885,1,-0.00102816,0.000972321,-0.0002625,1199.46
0,9134599,12,phononTF,0.000622701,-3.66772e-06,0.0020023,0.0002625,567.851,0.000622701,1,0.0015906,0.0025736,-0.0002625,1214.81
0,9135031,8,phononTS,0.000398739,-0.0010014,0.0029976,0.0002625,645.045,0.000398739,1,-0.00115018,0.0030019,-0.0002625,1348.79
0,9135418,5,phononL,0.000716534,-0.000102057,0.000661874,-0.0002625,420.156,0.000382,1,-3.61345e-06,-4.34817e-06,0.0002625,694.965
0,9137469,18,phononTF,0.0011765,-1.84229e-06,0.0019997,0.000262498,704.258,0.000446432,1,0.000257323,0.00174092,-0.0002625,814.049
0,9140547,11,phononTF,0.000418479,-0.000997411,0.00299651,0.000262498,1069.71,0.000418479,1,-0.000682219,0.00267262,-0.0002625,1188.82
0,9140904,14,phononTS,0.000699505,1.06725e-06,0.00199702,0.000262498,2395.63,0.000506002,1,-0.00116537,0.00378683,-0.0002625,2817.88
0,9162504,9,phononTS,0.000563307,-0.00100398,0.00300188,0.000262498,409.786,0.000563307,1,-0.000960063,0.00302887,-0.0002625,504.226
0,9181734,3,phononTS,0.00083507,-0.000995632,0.0023793,-0.0002625,12.4402,0.000382,1,-0.00100331,0.00299536,0.0002625,347.406
0,9181734,2,phononTF,0.000647467,-0.000341831,0.00243719,0.000262498,12.4402,0.000647467,1,0.00152488,0.000550981,-0.0002625,475.518
0,9184154,23,phononTS,0.000847476,0.00299871,0.000996496,0.000262498,1196.14,0.000682582,1,0.0035111,1.10779e-05,-0.0002625,1447.53
0,9187821,9,phononTF,0.000407315,-0.00047669,0.00246733,-0.000262498,231.701,0.000382,1,-4.30013e-06,0.0020037,0.0002625,376.305
0,9190141,8,phononTS,0.00115701,0.000324007,0.000695855,-0.0002625,16.5904,0.000382,1,0.0010004,-0.00100355,0.0002625,762.471
0,9190141,16,phononTF,0.000555266,0.0010004,-0.00100355,0.000262498,762.471,0.000555266,1,0.00106776,-0.000937269,-0.0002625,853.793
0,9190141,7,phononTS,0.000443055,-0.000352384,0.00239526,0.000262498,16.5904,0.000443055,1,-0.000561712,0.00258022,-0.0002625,140.324
0,9190729,7,phononTS,0.000516137,0.000997551,0.00100176,0.000262498,387.258,0.000516137,1,0.00092383,0.00105174,-0.0002625,483.114
0,9190729,5,phononTF,0.000909913,-0.000297261,0.00235103,0.000262498,18.1163,0.000909913,1,-0.000280601,0.00273612,-0.0002625,140.097
0,9192630,7,phononTS,0.000490926,-0.00100388,0.00100078,0.0002625,1065.67,0.000490926,1,-0.00266962,0.000272209,-0.0002625,1808.28
0,9194651,13,phononTS,0.00157701,-0.00101891,0.00298113,-0.0002625,997.63,0.000382,1,-0.0010045,0.00300494,0.0002625,1177.26
0,9194651,14,phononTS,0.000632324,-0.0010045,0.00300494,0.000262498,1177.26,0.000424899,1,-0.00194118,0.00318584,-0.0002625,1397.91
0,9200364,5,phononTS,0.000526561,-0.000573849,0.00367466,-0.000262498,779.364,0.000382,1,-0.00100407,0.00299563,0.0002625,981.227
0,9203506,10,phononTS,0.000515642,0.000998196,0.00100406,0.000262498,866.317,0.000515642,1,0.00248863,0.000349915,-0.0002625,1204.67
0,9206633,9,phononTF,0.000508096,-3.82254e-06,1.55771e-06,0.000262498,424.579,0.000508096,1,-0.000297088,0.000285902,-0.0002625,538.423
0,9206633,7,phononTS,0.00101827,-0.000287323,0.00257088,0.000262498,122.481,0.00101827,1,-0.000295513,0.00251759,-0.0002625,212.746
0,9206633,6,phononTF,0.00088358,-0.000287323,0.00257088,0.000262498,122.481,0.00088358,1,-0.000431718,0.00271114,-0.0002625,218.758
0,9207654,2,phononTS,0.00473197,-0.000415138,0.00196508,-0.0002625,146.853,0.00191,1,2.04317e-06,0.00199925,0.0002625,503.08
0,9208427,8,phononTS,0.000838749,2.28802e-05,0.00276655,-0.000262498,124.069,0.000382,1,-3.14196e-06,0.00199594,0.0002625,310.165
0,9208427,4,phononTF,0.00099627,-0.000287054,0.00244557,0.000262498,6.14394,0.000522841,1,-0.000205535,0.00208335,-0.0002625,125.088
0,9219043,10,phononTF,0.000823426,0.000432483,0.00245622,-0.000262498,454.827,0.000382,1,3.31977e-06,0.00200464,0.0002625,595.29
0,9219043,2,phononL,0.00231303,-0.000472226,0.00240055,0.000262498,77.1817,0.00224015,1,-0.00072775,0.00290524,-0.0002625,161.193
0,9221870,5,phononTS,0.000613749,-6.34946e-05,0.00265319,-0.000262498,100.688,0.000382,1,-1.07353e-06,0.00200475,0.0002625,271.668
0,9222587,1,phononL,0.01,-0.000215052,0.0020289,0.000140184,0,0.00191,1,-6.923e-07,0.0020025,0.0002625,340.739
0,9222587,8,phononTS,0.000406935,-6.923e-07,0.0020025,0.000262498,340.739,0.000406935,1,-0.000957855,0.00192493,-0.0002625,559.858
0,9226124,5,phononTF,0.000895041,0.000856472,0.00223897,-0.0002625,14.5704,0.000382,1,0.00200373,0.00199634,0.0002625,502.155
0,9227976,9,phononTS,0.00177041,2.63942e-05,0.00201935,-0.0002625,205.396,0.000764,1,1.85381e-06,0.00200081,0.0002625,384.94
0,9227976,5,phononTF,0.000566007,-0.000300294,0.00239718,0.000262498,6.1356,0.000566007,1,-9.86004e-05,0.00253884,-0.0002625,107.048
0,9229854,2,phononTF,0.00043086,-0.000656938,0.00282988,-0.0002625,306.535,0.000382,1,-0.00100084,0.00300049,0.0002625,541.349
0,9229948,2,phononTS,0.00325217,-0.000562909,0.0018388,-0.0002625,255.877,0.000764,1,-0.000999893,0.000997694,0.0002625,704.768
0,9229948,14,phononTS,0.000625336,-0.000999893,0.000997694,0.000262498,704.768,0.000625336,1,-0.000503993,0.000956235,-0.0002625,849.845
0,9254374,5,phononTS,0.000628205,-0.000995277,0.00300261,0.0002625,35.1787,0.000628205,1,-0.0013164,0.00330245,-0.0002625,473.66
0,9254374,4,phononTS,0.000382167,-0.000353024,0.00240295,0.000262498,35.1787,0.000382167,1,0.00069995,0.001969,-0.0002625,284.555
0,9254374,3,phononTS,0.000539093,-0.000353024,0.00240295,0.000262498,35.1787,0.000539093,1,-0.000309539,0.0024182,-0.0002625,129.015
0,9259837,9,phononL,0.00116386,-4.35973e-06,0.00200169,0.000262498,257.696,0.000577593,1,0.000283773,0.00257291,-0.0002625,347.901
0,9274317,1,phononTF,0.01,-0.000878702,0.00288011,0.000124169,0,0.001528,1,-0.000999976,0.00299871,0.0002625,591.24
0,9278872,19,phononTS,0.000396416,-0.00100442,0.00299751,0.0002625,388.491,0.000396416,1,-0.00102037,0.0030499,-0.0002625,658.183
0,9286420,12,phononTS,0.000389304,-0.000277822,0.00241802,-0.000262498,152.826,0.000382,1,1.65118e-06,0.00200178,0.0002625,307.676
0,9286420,4,phononTS,0.000701669,-0.000273328,0.00232773,0.000262498,60.8914,0.000701669,1,7.6438e-05,0.00299871,-0.0002625,254.424
0,9291843,12,phononTF,0.00236848,0.000184989,0.00218706,-0.0002625,444.3,0.000764,1,-1.44072e-06,0.00199823,0.0002625,673.924
0,9291843,13,phononTS,0.00118157,-1.44072e-06,0.00199823,0.000262498,673.924,0.00118157,1,4.32935e-05,0.00196266,-0.0002625,763.181
0,9291843,11,phononTF,0.000887811,-0.000199241,0.00256542,0.000262498,444.3,0.000887811,1,-3.29423e-05,0.00278075,-0.0002625,546.966
0,9293201,4,phononL,0.00119799,-0.000291402,0.00229514,-0.0002625,229.751,0.000382,1,-3.19499e-06,0.00200445,0.0002625,381.649
0,9302445,2,phononTS,0.000385724,-0.00117019,0.00221547,-0.0002625,24.3254,0.000382,1,-0.00199611,0.00200113,0.0002625,435.625
0,9305719,12,phononTS,0.000429118,1.95345e-05,0.00194434,-0.000262498,2476.9,0.000382,1,4.52195e-06,0.00199899,0.0002625,2566.81
0,9305719,5,phononTF,0.00256642,0.000517163,0.00244545,0.000262498,905.032,0.000867109,1,0.000579187,0.00244021,-0.0002625,995.888
0,9311995,5,phononTF,0.000506925,-4.80858e-06,0.00199711,0.0002625,130.036,0.000506925,1,-6.68783e-05,0.00193493,-0.0002625,312.294
0,9317529,20,phononL,0.000731816,-5.51412e-06,0.0020888,-0.0002625,788.486,0.000382,1,1.24091e-07,0.00200104,0.0002625,913.949
0,9325271,9,phononTF,0.000713905,-3.35553e-06,0.00200473,0.0002625,331.173,0.000249517,1,0.000193118,0.00167171,-0.0002625,680.546
0,9328328,8,phononL,0.0005059,-0.000108084,0.00226182,-0.0002625,720.273,0.000382,1,2.22172e-06,0.00200284,0.0002625,854.645
0,9329555,7,phononTF,0.00105481,0.000102377,0.00193981,-0.0002625,562.658,0.000382,1,2.12105e-06,0.00199684,0.0002625,747.893
0,9329555,3,phononTS,0.00105728,-0.000216981,0.0023452,0.000262498,22.3447,0.000822343,1,-0.000169861,0.00218539,-0.0002625,126.085
0,9335716,11,phononTS,0.00139376,-0.000397843,0.00302035,-0.0002625,1176.27,0.000382,1,-0.00100489,0.00300124,0.0002625,1498.13
0,9336855,5,phononTF,0.0013895,-9.85726e-05,0.00211866,-0.0002625,23.1215,0.000382,1,-4.609e-06,0.00199532,0.0002625,400.175
0,9336855,10,phononTS,0.000960395,-4.609e-06,0.00199532,0.000262498,400.175,0.000960395,1,-3.33147e-05,0.00197341,-0.0002625,489.772
0,9338860,16,phononTS,0.000436601,0.00140363,2.15346e-05,-0.000262498,854.86,0.000382,1,0.00100478,-0.00100266,0.0002625,1098.06
0,9340823,16,phononL,0.000451611,-1.06589e-06,0.00199861,0.000262498,1403.32,0.000451611,1,3.25783e-05,0.00224586,-0.0002625,1469.38
0,9340823,2,phononTS,0.000765008,-0.000225691,0.00267591,0.000262498,147.278,0.000727532,1,-0.000183122,0.0026563,-0.0002625,237.119
0,9351784,16,phononL,0.000750083,-0.00100382,0.00299532,0.000262498,587.705,0.000750083,1,-0.0012488,0.00294929,-0.0002625,653.765
0,9353050,15,phononTF,0.000496398,-3.01087e-06,0.00199989,0.000262498,262.755,0.000496398,1,-0.000298509,0.00168525,-0.0002625,379.944
0,9354235,10,phononTF,0.000936043,-1.66953e-05,-0.00201206,-0.000262498,1612.62,0.000382,1,-2.11102e-06,-0.00199707,0.0002625,1702.57
0,9354235,5,phononTF,0.00194317,0.000539747,0.00185454,-0.000129301,587.033,0.00194317,1,0.00109003,0.00128534,-0.0002625,724.694
0,9361769,7,phononTF,0.00125359,-0.000169254,0.00216844,-0.0002625,57.465,0.000382,1,4.62404e-06,0.00200303,0.0002625,255.034
0,9378051,2,phononTF,0.00454709,-0.000100447,0.00203997,-0.0002625,335.52,0.001146,1,2.54163e-06,0.00199555,0.0002625,520.858
0,9378051,11,phononTF,0.000385957,2.54163e-06,0.00199555,0.000262498,520.858,0.000385957,1,-5.54976e-05,0.00179435,-0.0002625,620.712
0,9380188,2,phononL,0.00502727,-0.0010612,0.00314337,0.000108127,5.74039,0.000382,1,-0.00100235,0.00299837,0.0002625,217.341
0,9381674,6,phononTF,0.000385597,-0.000168881,0.00217888,-0.0002625,272.495,0.000382,1,2.28024e-06,0.00200027,0.0002625,471.15
0,9387559,14,phononTF,0.000979652,0.00236934,0.000377963,-0.0002625,1607.48,0.000382,1,0.00200395,1.46298e-06,0.0002625,1844.59
0,9390243,2,phononTF,0.00403897,-0.000330506,0.0023854,2.97923e-05,11.051,0.001146,1,2.78818e-06,0.00200234,0.0002625,142.603
0,9393445,6,phononTS,0.000410626,2.70397e-05,0.00203494,-0.0002625,368.582,0.000382,1,-1.51101e-06,0.00200485,0.0002625,639.788
0,9393766,13,phononL,0.000678159,-0.000423382,0.00225486,-0.000262498,138.938,0.000382,1,-6.65738e-07,0.00199566,0.0002625,217.844
0,9420725,11,phononTF,0.00058587,0.001465,-0.000479371,-0.0002625,2352.6,0.000382,1,0.00200495,-4.65428e-06,0.0002625,2630.4
0,9425403,7,phononTS,0.000804024,-0.000253402,0.00298743,-0.000262498,439.256,0.000382,1,-0.00099908,0.00299645,0.0002625,620.859
0,9425403,3,phononTS,0.000696165,-0.000194005,0.00293532,0.000262498,344.566,0.000696165,1,-0.000251561,0.00294913,-0.0002625,442.044
0,9431707,6,phononTS,0.00184092,-0.00112535,0.00230178,-0.0002625,163.971,0.001146,1,-0.00200348,0.00199869,0.0002625,602.558
0,9431707,5,phononTS,0.000414866,-0.000247229,0.00260486,0.000262498,163.971,0.000414866,1,-0.000284945,0.002332,-0.0002625,280.249
0,9431707,4,phononTF,0.000640869,-0.000247229,0.00260486,0.000262498,163.971,0.000640869,1,-5.03041e-06,0.00221892,-0.0002625,288.383
0,9442299,3,phononTS,0.000672777,-0.00012527,0.00189008,-0.0002625,724.068,0.000382,1,4.20794e-06,0.00200322,0.0002625,1106.51
0,9447399,13,phononTS,0.00046259,0.00300314,0.000997233,0.000262498,2971.06,0.00046259,1,0.00299294,0.000985003,-0.0002625,3062.88
0,9455291,2,phononTS,0.00136048,5.60394e-05,0.00205066,-0.0002625,596.619,0.000764,1,3.6837e-06,0.00200194,0.0002625,784.384
0,9459832,11,phononTS,0.000399998,-0.000999283,0.00300057,0.0002625,529.556,0.000399998,1,-0.00194164,0.00307802,-0.0002625,885.166
0,9463157,4,phononTS,0.000518142,2.3527e-06,0.00199965,0.0002625,888.582,0.000518142,1,0.000703606,0.00190558,-0.0002625,1162.05
0,9463924,9,phononTS,0.000887648,-0.000323821,0.001947,-0.000262498,282.052,0.000382,1,4.22455e-06,0.00199806,0.0002625,408.951
0,9463924,10,phononTF,0.000394263,4.22455e-06,0.00199806,0.000262498,408.951,0.000394263,1,0.000670677,0.0012376,-0.0002625,606.782
0,9468921,7,phononL,0.000546829,-0.00188255,0.000155013,-0.0002625,616.904,0.000382,1,-0.00200334,1.68038e-06,0.0002625,746.072
0,9468921,3,phononTF,0.00333712,-0.000309378,0.00247388,0.000262498,47.0456,0.00174096,1,-0.000968731,0.00306598,-0.0002625,225.576
0,9469616,11,phononTF,0.000466685,-7.85752e-05,0.001928,-0.000262498,333.677,0.000382,1,-3.68279e-06,0.00200056,0.0002625,425.362
0,9472814,15,phononL,0.000521073,-1.54159e-06,0.00199555,0.000262498,999.942,0.000521073,1,2.7975e-05,0.00184819,-0.0002625,1063.56
0,9481572,10,phononTS,0.000580107,4.83568e-05,0.00204101,-0.000262498,400.88,0.000382,1,4.64011e-07,0.00200092,0.0002625,499.305
0,9485318,8,phononTS,0.000434156,-3.05634e-05,0.00194819,-0.000262498,216.936,0.000382,1,2.92067e-06,0.00199979,0.0002625,309.751
0,9485318,5,phononTF,0.000600791,-0.000345488,0.0022832,0.000262498,140.358,0.000472016,1,-0.00072509,0.00265988,-0.0002625,268.651
0,9486318,8,phononTF,0.000429372,-0.00199739,0.00199926,0.0002625,1176.43,0.000429372,1,1.79385e-05,0.00331202,-0.0002625,2779.13
0,9489974,9,phononTF,0.000484589,0.00139841,-0.00140191,-0.0002625,1182.31,0.000382,1,0.00200083,-0.00199954,0.0002625,2766.97
0,9490528,2,phononTS,0.000433245,-0.00199819,0.00200479,0.0002625,2199.02,0.000433245,1,-0.00219377,0.00130573,-0.0002625,2570.63
0,9495491,9,phononTF,0.000469465,-0.000194422,0.00220457,-0.0002625,17.3546,0.000382,1,-2.65634e-06,0.00200284,0.0002625,220.705
0,9500778,10,phononTS,0.000701365,-5.59902e-07,0.00199875,0.000262498,405.147,0.000701365,1,2.41026e-05,0.00197598,-0.0002625,494.795
0,9501704,10,phononTS,0.000600682,-4.78505e-05,0.00200495,-0.000262498,969.429,0.000382,1,4.31341e-06,0.00200045,0.0002625,1060.4
0,9501704,8,phononTF,0.000935402,-0.00100179,0.0024065,0.000262498,731.689,0.000560278,1,-0.000657729,0.00416547,-0.0002625,1076.76
0,9511188,9,phononTF,0.000702012,0.00087528,0.000994251,-0.0002625,1800.25,0.000382,1,0.0010001,0.00100443,0.0002625,1987.8
0,9518699,1,phononL,0.01,-4.21164e-05,0.00211228,0.000107264,0,0.002292,1,4.32273e-06,0.00200472,0.0002625,275.883
0,9518699,5,phononTF,0.000422474,4.32273e-06,0.00200472,0.000262498,275.883,0.000422474,1,-0.000556564,0.001488,-0.0002625,436.002
0,9518699,4,phononTS,0.00143346,-0.00198235,0.005,-5.18518e-05,275.883,0.000859643,1,-0.00150197,0.00428472,-0.0002625,1149.85
0,9524251,16,phononL,0.000615992,-0.00134873,0.00175124,-0.0002625,799.577,0.000382,1,-0.000998485,0.00100197,0.0002625,1164.69
0,9528034,2,phononTS,0.00263322,-4.7279e-06,0.0019992,0.0002625,368.322,0.00157635,1,-5.27312e-05,0.00156282,-0.0002625,642.074
0,9529784,7,phononTS,0.000840019,-0.000102668,0.00220219,-0.0002625,21.5318,0.000382,1,1.80784e-06,0.00199677,0.0002625,254.857
0,9532791,14,phononTS,0.00174267,-0.0003819,0.00198355,-0.0002625,241.468,0.000764,1,3.01348e-06,0.00199881,0.0002625,503.481
0,9532791,18,phononTS,0.000524111,3.01348e-06,0.00199881,0.000262498,503.481,0.000524111,1,5.11374e-06,0.0019684,-0.0002625,596.419
0,9535191,22,phononTS,0.00070887,4.41372e-05,0.00219994,-0.000262498,1009.75,0.000382,1,8.54845e-07,0.00199547,0.0002625,1118.23
0,9535619,3,phononL,0.0017308,-0.00110985,0.00249719,-0.0002625,35.0361,0.000764,1,-0.00100044,0.00300427,0.0002625,203.961
0,9535619,11,phononTS,0.000551921,-0.00100044,0.00300427,0.000262498,203.961,0.000551921,1,-0.00105454,0.00295328,-0.0002625,298.282
0,9539638,3,phononTF,0.00658844,0.000457021,0.00263766,2.21729e-06,441.754,0.002292,1,4.42254e-06,0.00199652,0.0002625,1414.05
0,9542419,3,phononTS,0.000984047,0.00143263,0.00208446,-0.0002625,25.0805,0.000382,1,0.00199743,0.00199514,0.0002625,666.238
0,9553026,4,phononTF,0.000454869,-0.00105733,0.00295113,-0.000262498,811.894,0.000382,1,-0.00200314,0.0020007,0.0002625,1058.41
0,9593917,9,phononTS,0.00340887,6.26405e-05,0.000875848,-0.0002625,254.273,0.001528,1,0.00099545,0.000999884,0.0002625,660.725
0,9593917,11,phononTS,0.000428879,0.00099545,0.000999884,0.000262498,660.725,0.000428879,1,0.000720586,0.00103401,-0.0002625,777.279
0,9597831,11,phononTS,0.000735002,0.000168728,0.00244368,-0.000262498,513.358,0.000382,1,0.0019987,-2.87997e-06,0.0002625,1089.54
0,9608956,12,phononTF,0.000554308,-0.000233703,0.00222772,-0.0002625,301.574,0.000382,1,3.93979e-06,0.0019989,0.0002625,514.72
0,9610523,11,phononTS,0.000719232,9.2809e-05,0.00200198,-0.000262498,160.082,0.000382,1,2.16531e-06,0.00199875,0.0002625,259.217
0,9610524,1,phononL,0.01,9.58862e-05,0.00203932,-0.000116946,0,0.00709974,1,4.33994e-05,0.0019547,-0.0002625,709.376
0,9614461,6,phononTF,0.000612857,-0.000171307,0.00218513,-0.0002625,27.6651,0.000382,1,-3.87954e-06,0.00199949,0.0002625,227.864
0,9631267,3,phononTS,0.00409396,0.00198517,-0.000422511,9.75904e-06,261.581,0.000382,1,0.00200276,1.40081e-06,0.0002625,2117.38
0,9631267,5,phononTF,0.000665072,0.00200276,1.40081e-06,0.000262498,2117.38,0.000665072,1,0.00168073,-0.000160856,-0.0002625,2231.84
0,9631267,4,phononTF,0.00291135,0.00200276,1.40081e-06,0.000262498,2117.38,0.00116674,1,0.00199565,-0.000247329,-0.0002625,2221.86
0,9636501,17,phononTS,0.000541803,0.000433702,0.0020152,-0.000262498,668.363,0.000382,1,-0.000997754,0.000998841,0.0002625,1030.68
0,9638245,10,phononTF,0.000418263,-0.000605163,0.00073488,-0.0002625,489.802,0.000382,1,-1.74977e-06,2.48257e-06,0.0002625,869.053
0,9638245,8,phononL,0.000472237,-0.000264419,0.00243993,0.000262498,195.184,0.000472237,1,-0.000456544,0.00206529,-0.0002625,269.077
0,9638245,7,phononTS,0.000405651,-0.000264419,0.00243993,0.000262498,195.184,0.000405651,1,-0.000229024,0.00246048,-0.0002625,288.423
0,9643041,8,phononTS,0.00255565,0.000173161,0.00284187,-0.000262498,149.456,0.000764,1,-2.66473e-08,0.00199946,0.0002625,352.459
0,9643041,12,phononTS,0.00125519,-2.66473e-08,0.00199946,0.000262498,352.459,0.000680853,1,-0.000592336,0.00280458,-0.0002625,586.753
0,9646045,20,phononTF,0.000470606,0.000130918,0.00168386,-0.0002625,311.203,0.000382,1,0.00100004,0.000996365,0.0002625,741.109
0,9658857,2,phononTF,0.00269822,-0.000848222,0.00285411,-0.0002625,443.214,0.000382,1,-0.00100326,0.00300248,0.0002625,637.872
0,9660430,3,phononTS,0.00416612,2.53541e-05,0.00199747,0.000209182,112.555,0.001146,1,8.47747e-07,0.00200026,0.0002625,330.886
0,9660430,5,phononL,0.00120765,8.47747e-07,0.00200026,0.000262498,330.886,0.00119456,1,0.000283476,0.00194147,-0.0002625,398.295
0,9660749,15,phononTS,0.000761319,-0.000982948,0.00294165,-0.000262498,190.231,0.000382,1,-0.000995891,0.00299753,0.0002625,280.216
0,9662859,23,phononTS,0.00134593,-0.000996356,0.00299818,0.000262498,637.477,0.000917221,1,-0.000689086,0.00295914,-0.0002625,757.867
0,9664845,5,phononTF,0.000416204,-0.000143338,0.00216834,-0.0002625,23.9757,0.000382,1,-2.54975e-06,0.0019956,0.0002625,220.897
0,9664845,4,phononTF,0.00135834,-0.000284125,0.00234108,0.000262498,23.9757,0.000796544,1,-0.000179742,0.00244153,-0.0002625,117.204
0,9664845,3,phononTF,0.000437133,-0.000284125,0.00234108,0.000262498,23.9757,0.000437133,1,4.115e-05,0.00200972,-0.0002625,143.949
0,9664845,2,phononTS,0.000557072,-0.000284125,0.00234108,0.000262498,23.9757,0.000557072,1,-0.00168769,0.00323465,-0.0002625,359.442
0,9670186,17,phononTS,0.00049375,0.000421455,0.00234867,-0.000262498,683.457,0.000382,1,0.000995596,0.000997133,0.0002625,994.307
0,9674255,13,phononTS,0.000495003,0.000419982,0.00195531,-0.000262498,239.293,0.000382,1,-3.92258e-06,0.00200443,0.0002625,378.239
0,9674753,2,phononL,0.00104492,-0.000557038,0.00309223,-0.0002625,6.88525,0.000764,1,-0.00100473,0.00300369,0.0002625,177.039
0,9679737,7,phononTS,0.000509148,-0.000217758,0.00210351,-0.0002625,172.186,0.000382,1,1.95251e-06,0.00199688,0.0002625,408.745
0,9679737,6,phononTF,0.000755794,-0.000437468,0.00221015,0.000262498,172.186,0.000755794,1,-0.000682261,0.00194374,-0.0002625,282.174
0,9679903,1,phononTF,0.01,-4.27701e-05,0.00196823,0.000218198,0,0.002292,1,1.16471e-06,0.00199643,0.0002625,477.229
0,9679903,5,phononTF,0.000885403,1.16471e-06,0.00199643,0.000262498,477.229,0.000885403,1,-0.000554538,0.00267919,-0.0002625,656.792
0,9684469,2,phononTF,0.00531849,-0.00034714,0.0026528,-0.000188236,210.017,0.00191,1,7.25837e-07,0.00199603,0.0002625,467.677
0,9684469,11,phononTS,0.00044382,7.25837e-07,0.00199603,0.000262498,467.677,0.00044382,1,-0.000737975,0.00117141,-0.0002625,720.237
0,9684469,10,phononL,0.00166862,7.25837e-07,0.00199603,0.000262498,467.677,0.00166862,1,-0.000656399,0.00232004,-0.0002625,566.289
0,9684642,14,phononTS,0.000881839,-0.00136177,0.00269951,-0.0002625,614.163,0.000382,1,-0.0019989,0.00200274,0.0002625,1065.29
0,9685725,15,phononTF,0.00102991,0.000147092,0.00214465,-0.0002625,259.412,0.000382,1,1.02528e-06,0.00199892,0.0002625,452.729
0,9689782,2,phononTF,0.00162682,-0.00105573,0.00246602,-0.000262498,816.426,0.000382,1,0.00200236,0.00200161,0.0002625,1380.21
0,9696988,10,phononTS,0.00040861,-4.64996e-06,0.00199694,0.0002625,472.795,0.00040861,1,0.000672706,0.00148318,-0.0002625,892.554
0,9699969,19,phononTF,0.000935303,-0.00200417,-0.00200212,0.000262498,1367.28,0.000935303,1,-0.001712,-0.00170419,-0.0002625,1482.08
0,9701184,6,phononTS,0.000717861,-0.000646827,0.00173577,-0.0002625,140.109,0.000382,1,-0.00100451,0.000995799,0.0002625,547.373
0,9706953,21,phononTS,0.000795574,-0.0010026,0.00299946,0.0002625,544.694,0.000795574,1,-0.000725268,0.00296671,-0.0002625,844.011
0,9706953,2,phononTF,0.0021738,-0.000638418,0.00250597,0.000262498,156.969,0.00123147,1,-0.000825067,0.00232659,-0.0002625,257.481
0,9715994,3,phononTS,0.00391937,0.00102484,0.0023307,9.05143e-05,81.6111,0.00272848,1,0.00103131,0.00207402,-0.0002625,950.036
0,9720895,9,phononTF,0.000498229,-0.000370107,0.00205783,-0.0002625,301.774,0.000382,1,2.65304e-06,0.00199843,0.0002625,531.191
0,9720895,5,phononTS,0.000568382,-0.00052372,0.00253311,0.000262498,78.5001,0.000568382,1,-0.000783731,0.00344231,-0.0002625,295.512
0,9724230,12,phononTS,0.000777166,-3.14079e-06,0.00200428,0.000262498,469.142,0.000777166,1,-0.00158981,0.000289386,-0.0002625,932.529
0,9730245,7,phononTS,0.000496147,-0.00096267,0.00304038,-0.0002625,1054.09,0.000382,1,-0.000998888,0.00300159,0.0002625,1240.42
0,9730316,11,phononTF,0.00045901,-0.000524856,0.00250798,-0.000262498,372.86,0.000382,1,-2.20112e-06,0.00200386,0.0002625,527.104
0,9730317,1,phononTF,0.01,4.54629e-05,0.00227291,-0.000260854,0,0.00573335,1,4.76177e-05,0.00227489,-0.0002625,214.304
0,9730747,11,phononTS,0.00063063,-0.00104534,0.00296157,-0.000262498,479.179,0.000382,1,-0.000997682,0.0029966,0.0002625,568.406
0,9733369,10,phononTF,0.000445146,-0.000873312,0.0031179,-0.0002625,1458.65,0.000382,1,-0.00100039,0.00300455,0.0002625,1648.23
0,9733369,2,phononTF,0.00132097,-0.000290207,0.0026513,0.000262498,738.744,0.00132097,1,-0.00040994,0.00279803,-0.0002625,834.9
0,9736173,11,phononTS,0.000764798,0.00169338,-0.00038245,-0.0002625,2446.02,0.000382,1,0.00200198,-1.09348e-07,0.0002625,2753.46
0,9736308,2,phononTF,0.00236646,-0.00300224,-0.000996103,0.0002625,43.9824,0.00159058,1,-0.00315056,-0.00102238,-0.0002625,1378.81
0,9736615,17,phononL,0.000445447,-0.000105558,-0.000601768,-0.0002625,1003.31,0.000382,1,1.5553e-06,1.53536e-06,0.0002625,1182.38
0,9738576,2,phononTF,0.00294252,-0.000691049,0.00272884,-0.0002625,28.0518,0.000382,1,-0.00100037,0.00300091,0.0002625,259.36
0,9743419,14,phononTS,0.000726003,0.00100343,-0.00299973,0.0002625,3101.96,0.000519482,1,0.00104829,-0.00298063,-0.0002625,3285.87
0,9748047,6,phononTF,0.00043058,3.47071e-06,0.00199796,0.0002625,235.663,0.00043058,1,0.000574704,0.00142536,-0.0002625,565.821
0,9752843,20,phononTF,0.000606876,-3.92306e-06,0.00200106,0.000262498,1367.67,0.000606876,1,-0.000321824,0.00167436,-0.0002625,1486.67
0,9755923,1,phononTF,0.01,-0.000978266,0.00298528,0.000242219,0,0.000764,1,-0.0010011,0.00299889,0.0002625,1061.77
0,9756563,12,phononTS,0.000687023,0.00096508,0.00186062,-0.0002625,426.325,0.000382,1,0.00200201,0.00199507,0.0002625,895.008
0,9758816,7,phononTF,0.000527273,-0.000164833,0.00216463,-0.0002625,74.7692,0.000382,1,-9.4817e-07,0.00200133,0.0002625,271.208
0,9758816,6,phononTS,0.000821817,-0.000328718,0.00232794,0.000262498,74.7692,0.000284151,1,-0.000302828,0.00150439,-0.0002625,269.112
0,9759183,4,phononTS,0.00142418,0.00100252,0.000999002,0.0002625,47.6789,0.000938481,1,0.00265181,-0.000245611,-0.0002625,968.177
0,9766027,2,phononTF,0.00165831,-0.001576,0.0015745,-0.000262498,1608.21,0.000382,1,-0.00200178,0.00199631,0.0002625,1745.03
0,9766154,18,phononTF,0.000466145,0.000998943,0.00100059,0.000262498,674.083,0.000466145,1,-4.79028e-05,-9.36061e-05,-0.0002625,949.556
0,9768720,9,phononL,0.000465181,-0.000478746,0.0018472,-0.0002625,503.291,0.000382,1,3.44756e-06,0.0020035,0.0002625,661.667
0,9768720,5,phononTS,0.00133101,-0.000290002,0.00244929,0.000262498,7.17478,0.000947238,1,0.000572657,0.00225578,-0.0002625,217.13
0,9768720,4,phononTS,0.000480256,-0.000290002,0.00244929,0.000262498,7.17478,0.000480256,1,-0.000227366,0.00190214,-0.0002625,163.604
0,9772529,4,phononTF,0.000515444,-0.000171255,0.00214922,-0.0002625,134.492,0.000382,1,1.83514e-07,0.00200413,0.0002625,331.391
0,9774699,13,phononTF,0.000708708,-0.00203563,-4.08253e-05,-0.000262498,1906.2,0.000382,1,-0.00199745,-4.39349e-07,0.0002625,1996.58
0,9774699,4,phononTS,0.000448591,-0.000291492,0.00214482,0.000262498,147.757,0.000448591,1,-0.000338969,0.00227787,-0.0002625,248.882
0,9779978,7,phononTF,0.000651714,0.000314389,0.00165994,-0.0002625,284.382,0.000382,1,0.000995467,0.00099582,0.0002625,656.237
0,9782148,10,phononTF,0.000684442,-0.00106172,0.00306128,-0.000262498,260.312,0.000382,1,-0.00100041,0.00300476,0.0002625,351.376
0,9782884,7,phononTS,0.00129523,-4.08384e-05,0.00204475,-0.0002625,424.202,0.000382,1,-2.17636e-06,0.00199747,0.0002625,603.254
0,9782884,13,phononTS,0.000805846,-2.17636e-06,0.00199747,0.000262498,603.254,0.000309962,1,2.58925e-05,0.0019552,-0.0002625,700.515
0,9792207,24,phononTF,0.00114496,0.00079625,0.000891443,-0.0002625,1741.95,0.000382,1,0.000997951,0.00100387,0.0002625,2143.73
0,9792207,25,phononTS,0.000717433,0.000997951,0.00100387,0.000262498,2143.73,0.000717433,1,0.000913014,0.000697836,-0.0002625,2270.04
0,9805465,2,phononTF,0.000807905,-0.000555615,0.00143976,-0.000262498,668.7,0.000382,1,-0.00100475,0.000997773,0.0002625,809.226
0,9817456,9,phononTS,0.000457741,-8.68738e-05,0.00210688,-0.0002625,36.929,0.000382,1,-9.09207e-08,0.00200043,0.0002625,461.8
0,9819170,3,phononTF,0.000572936,-0.000996368,0.00299751,0.0002625,916.853,0.000572936,1,-0.00125226,0.00324149,-0.0002625,1133.43
0,9821225,8,phononTS,0.000660696,-0.00079103,0.000921465,-0.000262498,1701.43,0.000382,1,-0.00100018,0.00100084,0.0002625,1816.68
0,9821225,2,phononTS,0.00645928,-0.000934687,0.00302417,-0.000171867,12.0034,0.00536183,1,-0.000954286,0.00301573,-0.0002625,600.661
0,9822818,11,phononTF,0.0014102,-0.00100236,-0.000999972,0.0002625,204.119,0.00109848,1,-0.00151926,-0.00251877,-0.0002625,1132.46
0,9841629,30,phononTS,0.000642603,-0.000999269,0.00300438,0.000262498,825.429,0.000642603,1,-0.00101843,0.00290042,-0.0002625,924.939
0,9841629,2,phononTS,0.000555177,0.00270263,0.005,-4.27333e-05,73.4841,0.000555177,1,-0.000519862,0.00281681,-0.0002625,1551.59
0,9850270,12,phononTF,0.00130447,-0.000996041,0.000995197,0.000262498,1549.54,0.000744585,1,-0.00142537,0.00142848,-0.0002625,1687.31
0,9855445,7,phononTS,0.000457981,0.0010094,0.000856443,-0.0002625,581.786,0.000382,1,0.0010009,0.00100293,0.0002625,789.526
0,9858910,10,phononTS,0.000432715,-0.000995439,0.0010095,-0.000262498,309.237,0.000382,1,-0.000998248,0.00100338,0.0002625,400.42
0,9859355,4,phononTS,0.000542138,-5.61823e-05,0.00197104,-0.0002625,606.416,0.000382,1,-1.42843e-06,0.00199598,0.0002625,785.352
0,9860670,10,phononTS,0.000804889,0.00100375,0.0010035,0.000262498,436.224,0.000804889,1,0.00246702,0.00178562,-0.0002625,780.872
0,9873133,21,phononTF,0.000400588,-0.000235875,0.00222043,-0.000262498,420.739,0.000382,1,-0.00100138,0.00299797,0.0002625,628.576
0,9882924,2,phononTF,0.00137836,-1.06214e-07,0.00199692,0.0002625,1095.16,0.000813423,1,-0.000272257,0.00173735,-0.0002625,1303.91
0,9884837,16,phononTS,0.000524262,4.91969e-06,0.00199835,0.0002625,179.494,0.000524262,1,-2.44015e-05,0.00203399,-0.0002625,358.475
0,9884837,2,phononTS,0.000640935,-0.000269566,0.00225725,0.000262498,64.0948,0.000640935,1,2.71684e-06,0.00109832,-0.0002625,324.853
0,9884968,16,phononTS,0.000888928,0.000936486,0.00187781,-0.0002625,674.454,0.000382,1,3.55147e-06,0.00200123,0.0002625,1051.17
0,9889660,15,phononTS,0.000517521,-0.0017892,0.000965437,-0.000262498,413.671,0.000382,1,-0.00100127,0.000999571,0.0002625,602.227
0,9889660,2,phononTF,0.00109414,-0.000260524,0.00247772,0.000262498,34.7704,0.000264047,1,-0.00141419,0.00401239,-0.0002625,382.277
0,9896589,6,phononTF,0.00411423,3.88391e-06,0.00199642,0.0002625,8.19986,0.0015667,1,0.0001534,0.001787,-0.0002625,313.497
0,9896589,8,phononTS,0.0023919,0.005,-0.00238342,0.000105149,313.497,0.00147265,1,0.00477335,-0.00218021,-0.0002625,1514.35
0,9896941,4,phononTF,0.000479203,-5.70903e-07,0.00200301,0.0002625,137.843,0.000479203,1,0.000330843,0.00166433,-0.0002625,380.137
0,9899836,10,phononL,0.00076678,-0.00116183,-3.73986e-05,-0.000262498,758.505,0.000382,1,2.92848e-06,-2.40707e-06,0.0002625,896.117
0,9905441,9,phononTF,0.000555375,-0.00021723,0.00230714,-0.000262498,345.697,0.000382,1,-0.00100151,0.00300383,0.0002625,549.058
0,9911216,14,phononTS,0.000843437,-0.00100325,-0.000995403,0.000262498,520.945,0.000843437,1,-0.000710311,-0.00145232,-0.0002625,681.9
0,9911837,15,phononTS,0.000581218,-0.000290529,-8.17085e-05,-0.0002625,692.549,0.000382,1,0.00100151,-0.000997158,0.0002625,1358.03
0,9911837,3,phononTS,0.00141698,-0.000222494,0.0024382,0.000262498,181.411,0.00120363,1,-0.000295503,0.00171469,-0.0002625,359.133
0,9916978,14,phononTS,0.000400258,-0.000998337,0.00100042,0.000262498,1578.97,0.000400258,1,-0.000233547,0.000940836,-0.0002625,1763.31
0,9925799,8,phononTF,0.00059164,1.94796e-06,0.00200112,0.000262498,616.284,0.00059164,1,-9.44474e-05,0.00171404,-0.0002625,725.605
0,9925799,5,phononTF,0.00137289,-0.000513666,0.00261583,0.000262498,223.13,0.00104426,1,0.000571036,0.00428765,-0.0002625,585.994
0,9933060,3,phononL,0.00624027,-0.000385279,0.00241673,-0.0002625,185.773,0.000382,1,8.02229e-07,0.00200047,0.0002625,323.322
0,9934199,3,phononTS,0.00476553,1.33599e-05,0.00200008,0.00015968,334.566,0.000382,1,2.41119e-06,0.00199765,0.0002625,375.971
0,9934199,5,phononTS,0.00258987,2.41119e-06,0.00199765,0.000262498,375.971,0.00241394,1,5.4624e-05,0.00197759,-0.0002625,467.887
0,9940012,3,phononTF,0.00233023,-0.00022297,0.00220668,-0.0002625,9.44575,0.000382,1,-7.57455e-07,0.00199528,0.0002625,622.356
0,9945773,5,phononTS,0.00111529,-0.00127965,0.00210713,-0.0002625,4.27806,0.000382,1,-0.00200444,0.00199623,0.0002625,415.829
0,9946078,7,phononTF,0.00218372,-0.000316335,0.00244303,-0.000262498,169.328,0.000764,1,-3.94837e-06,0.00199762,0.0002625,303.847
0,9947548,6,phononTS,0.000412301,4.79578e-06,0.00200131,0.000262498,753.666,0.000412301,1,-0.000589822,0.00203535,-0.0002625,915.545
0,9949366,11,phononTS,0.000413295,0.000998999,0.000997733,0.0002625,865.896,0.000413295,1,0.00122721,0.001012,-0.0002625,1090.05
0,9954520,6,phononTF,0.000734788,0.005,0.0047943,-9.11955e-05,323.864,0.000734788,1,0.00408473,-0.00168864,-0.0002625,2560.13
0,9954520,2,phononTS,0.00487724,6.21228e-06,0.00248531,3.75478e-05,166.536,0.003855,1,-2.03127e-05,0.00250776,-0.0002625,293.567
0,9956017,1,phononTF,0.01,-3.4465e-05,0.00200126,0.000184857,0,0.000382,1,-4.63562e-06,0.0019962,0.0002625,446.75
0,9958233,12,phononTF,0.000464259,2.10522e-06,0.00199788,0.000262498,634.195,0.000464259,1,0.000269698,0.00173124,-0.0002625,745.169
0,9958233,5,phononTS,0.000450312,-0.000329213,0.00242006,0.000262498,6.83721,0.000450312,1,-0.000486493,0.00271701,-0.0002625,137.358
0,9968469,9,phononTF,0.00112407,-0.0011511,0.00128984,-0.000262498,681.453,0.000764,1,-0.000997696,0.000996433,0.0002625,792.246
0,9968469,5,phononTS,0.000773267,-0.000512445,0.00234551,0.000262498,225.263,0.000773267,1,-0.000444325,0.0030151,-0.0002625,394.99
0,9968469,4,phononTF,0.00119717,-0.000512445,0.00234551,0.000262498,225.263,0.00119717,1,-0.000697261,0.00215428,-0.0002625,326.305
0,9968469,3,phononTS,0.000391637,-0.000512445,0.00234551,0.000262498,225.263,0.000391637,1,-0.000557397,0.00200419,-0.0002625,349.793
0,9968469,2,phononL,0.00082931,-0.000512445,0.00234551,0.000262498,225.263,0.000674765,1,-0.000748362,0.00196792,-0.0002625,300.742
0,9971109,8,phononL,0.000712836,-0.000149601,0.00226005,-0.0002625,33.4138,0.000382,1,3.50622e-06,0.00200237,0.0002625,169.241
0,9972394,9,phononTS,0.000526041,-0.000829858,0.00104598,-0.000262498,331.233,0.000382,1,-0.000997304,0.00100134,0.0002625,435.804
0,9972394,4,phononTS,0.00152821,-0.000320779,0.00247364,0.000262498,13.4811,0.00036021,1,8.76652e-05,0.00228394,-0.0002625,159.693
0,9973321,7,phononTF,0.000706173,-0.000995118,0.00300039,0.000262498,1998.53,0.000564408,1,-0.0013085,0.00332429,-0.0002625,2116.93
0,9975054,15,phononTF,0.00149101,-0.00100134,0.000995982,0.000262498,568.706,0.000281824,1,-0.000777403,0.000778396,-0.0002625,673.259
0,9975859,9,phononTS,0.000857762,4.41669e-06,0.00199754,0.000262498,277.583,0.00075173,1,-0.000551047,0.00302173,-0.0002625,538.277
0,9975859,2,phononTS,0.00193403,-0.000222458,0.00251968,0.000262498,31.2117,0.00182334,1,-0.000410048,0.00331219,-0.0002625,225.225
0,9976986,4,phononTF,0.00106267,0.00016115,0.00128228,-0.0002625,1896.67,0.000382,1,0.000998083,0.000996878,0.0002625,2284.97
0,9978819,6,phononTF,0.000444217,1.7611e-05,0.00203263,-0.0002625,20.5748,0.000382,1,2.22453e-06,0.00199882,0.0002625,236.927
0,9986739,3,phononTF,0.00135273,-0.000551321,0.00296675,-0.000262498,209.464,0.000382,1,1.77269e-06,0.00200003,0.0002625,431.823
0,9992391,19,phononTS,0.000628063,-0.000777998,0.00178311,-0.000262498,314.204,0.000382,1,-2.67311e-06,-1.28651e-06,0.0002625,707.698
